rebalance_date,ticker,score,selected,target_weight,executed_weight
2018-12-07,SYN00,0.71875,True,0.1111111111111111,0.09861111111111111
2018-12-07,SYN01,0.6770833333333334,True,0.1111111111111111,0.09861111111111111
2018-12-07,SYN02,0.9270833333333334,True,0.1111111111111111,0.09861111111111111
2018-12-07,SYN03,0.6041666666666666,True,0.11111111111111094,0.09861111111111101
2018-12-07,SYN04,0.71875,True,0.1111111111111111,0.09861111111111111
2018-12-07,SYN05,0.6875,True,0.1111111111111111,0.09861111111111111
2018-12-07,SYN06,0.53125,False,0.0,0.03749999999999999
2018-12-07,SYN07,0.8041666666666666,True,0.1111111111111111,0.09861111111111111
2018-12-07,SYN08,0.6583333333333334,True,0.1111111111111111,0.09861111111111111
2018-12-07,SYN09,0.5729166666666666,True,0.1111111111111111,0.09861111111111111
2018-12-07,SYN10,0.3416666666666667,False,0.0,0.03749999999999999
2018-12-07,SYN11,0.34375,False,0.0,0.03749999999999999
2018-12-07,SYN12,0.40208333333333335,False,0.0,0.0
2018-12-07,SYN13,0.5125,False,0.0,0.0
2018-12-07,SYN14,0.42916666666666664,False,0.0,0.0
2018-12-07,SYN15,0.5958333333333333,True,0.0,0.0
2018-12-07,SYN16,0.4916666666666667,False,0.0,0.0
2018-12-07,SYN17,0.21458333333333335,False,0.0,0.0
2018-12-07,SYN18,0.16874999999999998,False,0.0,0.0
2018-12-07,SYN19,0.5375,True,0.0,0.0
2018-12-07,SYN20,0.5395833333333333,True,0.0,0.0
2018-12-07,SYN21,0.4479166666666667,False,0.0,0.0
2018-12-07,SYN22,0.42083333333333334,False,0.0,0.0
2018-12-07,SYN23,0.15416666666666667,False,0.0,0.0
2019-01-07,SYN00,0.821875,True,0.11111111111111088,0.10548611111111099
2019-01-07,SYN01,0.6677083333333333,True,0.11111111111111113,0.10548611111111113
2019-01-07,SYN02,0.9177083333333333,True,0.11111111111111113,0.10548611111111113
2019-01-07,SYN03,0.6979166666666666,True,0.11111111111111102,0.10548611111111102
2019-01-07,SYN04,0.6812499999999999,True,0.11111111111111113,0.10548611111111113
2019-01-07,SYN05,0.715625,True,0.11111111111111113,0.10548611111111113
2019-01-07,SYN06,0.5125,False,0.0,0.016874999999999994
2019-01-07,SYN07,0.7416666666666666,True,0.11111111111111113,0.10548611111111113
2019-01-07,SYN08,0.6270833333333334,True,0.11111111111111113,0.10548611111111113
2019-01-07,SYN09,0.5885416666666666,True,0.11111111111111113,0.10548611111111113
2019-01-07,SYN10,0.3729166666666667,False,0.0,0.016874999999999994
2019-01-07,SYN11,0.4125,False,0.0,0.016874999999999994
2019-01-07,SYN12,0.3802083333333333,False,0.0,0.0
2019-01-07,SYN13,0.5406249999999999,True,0.0,0.0
2019-01-07,SYN14,0.37916666666666665,False,0.0,0.0
2019-01-07,SYN15,0.5333333333333333,False,0.0,0.0
2019-01-07,SYN16,0.5447916666666667,True,0.0,0.0
2019-01-07,SYN17,0.21458333333333335,False,0.0,0.0
2019-01-07,SYN18,0.16249999999999998,False,0.0,0.0
2019-01-07,SYN19,0.546875,True,0.0,0.0
2019-01-07,SYN20,0.5406249999999999,False,0.0,0.0
2019-01-07,SYN21,0.36250000000000004,False,0.0,0.0
2019-01-07,SYN22,0.4,False,0.0,0.0
2019-01-07,SYN23,0.1375,False,0.0,0.0
2019-02-05,SYN00,0.8640625,True,0.111111111111111,0.108579861111111
2019-02-05,SYN01,0.6505208333333334,True,0.11111111111111115,0.10857986111111113
2019-02-05,SYN02,0.9067708333333333,True,0.11111111111111102,0.10857986111111106
2019-02-05,SYN03,0.7479166666666667,True,0.11111111111111102,0.10857986111111102
2019-02-05,SYN04,0.640625,True,0.11111111111111115,0.10857986111111113
2019-02-05,SYN05,0.7203124999999999,True,0.11111111111111115,0.10857986111111113
2019-02-05,SYN06,0.5166666666666666,False,0.0,0.007593749999999996
2019-02-05,SYN07,0.6885416666666666,True,0.11111111111111115,0.10857986111111113
2019-02-05,SYN08,0.6260416666666667,True,0.11111111111111115,0.10857986111111113
2019-02-05,SYN09,0.5619791666666667,True,0.11111111111111115,0.10857986111111113
2019-02-05,SYN10,0.36041666666666666,False,0.0,0.007593749999999996
2019-02-05,SYN11,0.43437499999999996,False,0.0,0.007593749999999996
2019-02-05,SYN12,0.5348958333333333,False,0.0,0.0
2019-02-05,SYN13,0.41093749999999996,False,0.0,0.0
2019-02-05,SYN14,0.32916666666666666,False,0.0,0.0
2019-02-05,SYN15,0.5364583333333333,True,0.0,0.0
2019-02-05,SYN16,0.5901041666666667,True,0.0,0.0
2019-02-05,SYN17,0.18958333333333333,False,0.0,0.0
2019-02-05,SYN18,0.309375,False,0.0,0.0
2019-02-05,SYN19,0.5390625,True,0.0,0.0
2019-02-05,SYN20,0.5276041666666667,False,0.0,0.0
2019-02-05,SYN21,0.3427083333333334,False,0.0,0.0
2019-02-05,SYN22,0.28645833333333337,False,0.0,0.0
2019-02-05,SYN23,0.18541666666666667,False,0.0,0.0
2019-03-06,SYN00,0.82265625,True,0.11025434903711213,0.10950082947041162
2019-03-06,SYN01,0.6231770833333334,True,0.11025434903711227,0.10950082947041176
2019-03-06,SYN02,0.8356770833333333,True,0.1102543490371122,0.10950082947041169
2019-03-06,SYN03,0.7572916666666667,True,0.11025434903711216,0.10950082947041165
2019-03-06,SYN04,0.6171875,True,0.11025434903711227,0.10950082947041176
2019-03-06,SYN05,0.73828125,True,0.11025434903711231,0.10950082947041179
2019-03-06,SYN06,0.5375,True,0.007710858665989715,0.007658159766294342
2019-03-06,SYN07,0.6244791666666667,True,0.11025434903711227,0.10950082947041176
2019-03-06,SYN08,0.6598958333333333,True,0.11025434903711227,0.10950082947041176
2019-03-06,SYN09,0.5893229166666667,True,0.11025434903711227,0.10950082947041176
2019-03-06,SYN10,0.36354166666666665,False,0.0,0.0034171874999999984
2019-03-06,SYN11,0.4609375,False,0.0,0.0034171874999999984
2019-03-06,SYN12,0.6153645833333334,True,0.0,0.0
2019-03-06,SYN13,0.36796874999999996,False,0.0,0.0
2019-03-06,SYN14,0.2947916666666667,False,0.0,0.0
2019-03-06,SYN15,0.5098958333333332,False,0.0,0.0
2019-03-06,SYN16,0.6283854166666667,True,0.0,0.0
2019-03-06,SYN17,0.24583333333333332,False,0.0,0.0
2019-03-06,SYN18,0.3921875,False,0.0,0.0
2019-03-06,SYN19,0.52578125,False,0.0,0.0
2019-03-06,SYN20,0.5179687500000001,False,0.0,0.0
2019-03-06,SYN21,0.2078125,False,0.0,0.0
2019-03-06,SYN22,0.2234375,False,0.0,0.0
2019-03-06,SYN23,0.34062499999999996,False,0.0,0.0
2019-04-04,SYN00,0.817578125,True,0.11025434903711215,0.10991526523209691
2019-04-04,SYN01,0.6720052083333334,True,0.11025434903711229,0.10991526523209705
2019-04-04,SYN02,0.798046875,True,0.11025434903711222,0.10991526523209698
2019-04-04,SYN03,0.7588541666666666,True,0.11025434903711218,0.10991526523209694
2019-04-04,SYN04,0.60859375,True,0.11025434903711229,0.10991526523209705
2019-04-04,SYN05,0.778515625,True,0.11025434903711231,0.10991526523209708
2019-04-04,SYN06,0.5385416666666667,True,0.007710858665989717,0.007687144161126798
2019-04-04,SYN07,0.6351562500000001,True,0.11025434903711229,0.10991526523209705
2019-04-04,SYN08,0.7080729166666666,True,0.11025434903711229,0.10991526523209705
2019-04-04,SYN09,0.5436197916666667,True,0.11025434903711226,0.10991526523209703
2019-04-04,SYN10,0.3932291666666667,False,0.0,0.0015377343749999992
2019-04-04,SYN11,0.52109375,False,0.0,0.0015377343749999992
2019-04-04,SYN12,0.6149739583333333,True,0.0,0.0
2019-04-04,SYN13,0.324609375,False,0.0,0.0
2019-04-04,SYN14,0.29322916666666665,False,0.0,0.0
2019-04-04,SYN15,0.4809895833333333,False,0.0,0.0
2019-04-04,SYN16,0.6069010416666667,True,0.0,0.0
2019-04-04,SYN17,0.26458333333333334,False,0.0,0.0
2019-04-04,SYN18,0.37109375,False,0.0,0.0
2019-04-04,SYN19,0.525390625,False,0.0,0.0
2019-04-04,SYN20,0.5141927083333333,False,0.0,0.0
2019-04-04,SYN21,0.14557291666666666,False,0.0,0.0
2019-04-04,SYN22,0.14817708333333335,False,0.0,0.0
2019-04-04,SYN23,0.43697916666666664,False,0.0,0.0
2019-05-03,SYN00,0.8244140625,True,0.11025434903711215,0.11010176132485529
2019-05-03,SYN01,0.7589192708333334,True,0.11025434903711229,0.11010176132485543
2019-05-03,SYN02,0.7792317708333334,True,0.11025434903711222,0.11010176132485536
2019-05-03,SYN03,0.8106770833333333,True,0.11025434903711218,0.11010176132485532
2019-05-03,SYN04,0.6595052083333333,True,0.11025434903711229,0.11010176132485543
2019-05-03,SYN05,0.7798828125,True,0.11025434903711231,0.11010176132485545
2019-05-03,SYN06,0.5765625000000001,True,0.007710858665989717,0.007700187138801403
2019-05-03,SYN07,0.6967447916666667,True,0.11025434903711229,0.11010176132485543
2019-05-03,SYN08,0.7384114583333332,True,0.11025434903711229,0.11010176132485543
2019-05-03,SYN09,0.5738932291666667,True,0.11025434903711227,0.11010176132485541
2019-05-03,SYN10,0.45182291666666663,False,0.0,0.0006919804687499996
2019-05-03,SYN11,0.451171875,False,0.0,0.0006919804687499996
2019-05-03,SYN12,0.6272786458333334,True,0.0,0.0
2019-05-03,SYN13,0.2873046875,False,0.0,0.0
2019-05-03,SYN14,0.2768229166666667,False,0.0,0.0
2019-05-03,SYN15,0.4540364583333333,False,0.0,0.0
2019-05-03,SYN16,0.5086588541666667,False,0.0,0.0
2019-05-03,SYN17,0.25520833333333337,False,0.0,0.0
2019-05-03,SYN18,0.276171875,False,0.0,0.0
2019-05-03,SYN19,0.5658203125,True,0.0,0.0
2019-05-03,SYN20,0.4081380208333333,False,0.0,0.0
2019-05-03,SYN21,0.10924479166666666,False,0.0,0.0
2019-05-03,SYN22,0.144921875,False,0.0,0.0
2019-05-03,SYN23,0.48515624999999996,False,0.0,0.0
2019-06-03,SYN00,0.82783203125,True,0.10814913161319208,0.10902781498344052
2019-06-03,SYN01,0.8523763020833335,True,0.1081491316131922,0.10902781498344065
2019-06-03,SYN02,0.8291992187499999,True,0.10814913161319215,0.1090278149834406
2019-06-03,SYN03,0.813671875,True,0.1081491316131921,0.10902781498344055
2019-06-03,SYN04,0.6641276041666666,True,0.1081491316131922,0.10902781498344065
2019-06-03,SYN05,0.7899414062500001,True,0.10814913161319223,0.10902781498344068
2019-06-03,SYN06,0.5861979166666667,True,0.007563626070098532,0.0076250785510148245
2019-06-03,SYN07,0.7650390625000001,True,0.10814913161319213,0.10902781498344061
2019-06-03,SYN08,0.7650390624999999,True,0.1081491316131922,0.10902781498344065
2019-06-03,SYN09,0.5869466145833333,True,0.10814913161319219,0.10902781498344064
2019-06-03,SYN10,0.46236979166666664,False,0.0,0.0003113912109374998
2019-06-03,SYN11,0.5068359375,False,0.0,0.0003113912109374998
2019-06-03,SYN12,0.6053059895833334,True,0.0,0.0
2019-06-03,SYN13,0.34990234374999996,False,0.0,0.0
2019-06-03,SYN14,0.2779947916666667,False,0.0,0.0
2019-06-03,SYN15,0.4499348958333333,False,0.0,0.0
2019-06-03,SYN16,0.4345377604166667,False,0.0,0.0
2019-06-03,SYN17,0.24739583333333334,False,0.0,0.0
2019-06-03,SYN18,0.2412109375,False,0.0,0.0
2019-06-03,SYN19,0.52978515625,True,0.0,0.0
2019-06-03,SYN20,0.2988606770833333,False,0.0,0.0
2019-06-03,SYN21,0.10358072916666666,False,0.0,0.0
2019-06-03,SYN22,0.10787760416666667,False,0.0,0.0
2019-06-03,SYN23,0.40403645833333335,False,0.0,0.0
2019-07-02,SYN00,0.857666015625,True,0.10816634069835733,0.10855400412664477
2019-07-02,SYN01,0.8678548177083334,True,0.10816634069835745,0.1085540041266449
2019-07-02,SYN02,0.852099609375,True,0.1081663406983574,0.10855400412664484
2019-07-02,SYN03,0.8630859375000001,True,0.10816634069835736,0.1085540041266448
2019-07-02,SYN04,0.6935221354166666,True,0.10816634069835745,0.1085540041266449
2019-07-02,SYN05,0.8001790364583334,True,0.10816634069835748,0.10855400412664493
2019-07-02,SYN06,0.6285156249999999,True,0.007564829621927909,0.007591941640017021
2019-07-02,SYN07,0.7898111979166667,True,0.10816634069835741,0.10855400412664486
2019-07-02,SYN08,0.7731445312499999,True,0.10816634069835745,0.1085540041266449
2019-07-02,SYN09,0.5799316406249999,True,0.10816634069835744,0.10855400412664488
2019-07-02,SYN10,0.5520182291666667,True,0.00030893077897466246,0.00031003797335793927
2019-07-02,SYN11,0.51904296875,False,0.0,0.0001401260449218749
2019-07-02,SYN12,0.5193196614583333,True,0.0,0.0
2019-07-02,SYN13,0.343701171875,False,0.0,0.0
2019-07-02,SYN14,0.25983072916666666,False,0.0,0.0
2019-07-02,SYN15,0.4760091145833333,False,0.0,0.0
2019-07-02,SYN16,0.41310221354166665,False,0.0,0.0
2019-07-02,SYN17,0.25286458333333334,False,0.0,0.0
2019-07-02,SYN18,0.17998046875,False,0.0,0.0
2019-07-02,SYN19,0.464892578125,False,0.0,0.0
2019-07-02,SYN20,0.2879720052083333,False,0.0,0.0
2019-07-02,SYN21,0.15074869791666667,False,0.0,0.0
2019-07-02,SYN22,0.09873046875,False,0.0,0.0
2019-07-02,SYN23,0.2759765625,False,0.0,0.0
2019-07-31,SYN00,0.8288330078125,True,0.10793353695394119,0.1082127471816578
2019-07-31,SYN01,0.8505940755208334,True,0.10793353695394131,0.10821274718165792
2019-07-31,SYN02,0.8812581380208333,True,0.10793353695394126,0.10821274718165787
2019-07-31,SYN03,0.8221679687500001,True,0.10793353695394121,0.10821274718165783
2019-07-31,SYN04,0.7082194010416667,True,0.10793353695394131,0.10821274718165792
2019-07-31,SYN05,0.7813395182291667,True,0.10793353695394134,0.10821274718165795
2019-07-31,SYN06,0.6402994791666666,True,0.007548548025911213,0.007568075152258827
2019-07-31,SYN07,0.802197265625,True,0.10793353695394127,0.10821274718165788
2019-07-31,SYN08,0.7824055989583333,True,0.10793353695394131,0.10821274718165792
2019-07-31,SYN09,0.6462158203124999,True,0.1079335369539413,0.10821274718165791
2019-07-31,SYN10,0.5405924479166666,True,0.00030826587488669613,0.0003090633191987555
2019-07-31,SYN11,0.497021484375,True,0.00013932511996634942,0.00013968553619633588
2019-07-31,SYN12,0.48882649739583334,False,0.0,0.0
2019-07-31,SYN13,0.3812255859375,False,0.0,0.0
2019-07-31,SYN14,0.23512369791666665,False,0.0,0.0
2019-07-31,SYN15,0.42342122395833326,False,0.0,0.0
2019-07-31,SYN16,0.3992594401041667,False,0.0,0.0
2019-07-31,SYN17,0.28684895833333335,False,0.0,0.0
2019-07-31,SYN18,0.146240234375,False,0.0,0.0
2019-07-31,SYN19,0.48869628906249996,False,0.0,0.0
2019-07-31,SYN20,0.40440266927083335,False,0.0,0.0
2019-07-31,SYN21,0.17745768229166667,False,0.0,0.0
2019-07-31,SYN22,0.09415690104166666,False,0.0,0.0
2019-07-31,SYN23,0.19319661458333334,False,0.0,0.0
2019-08-29,SYN00,0.75504150390625,True,0.10950043426110347,0.10892097507535292
2019-08-29,SYN01,0.8325887044270834,True,0.10950043426110359,0.10892097507535305
2019-08-29,SYN02,0.8291707356770833,True,0.10950043426110354,0.10892097507535299
2019-08-29,SYN03,0.7537923177083334,True,0.1095004342611035,0.10892097507535295
2019-08-29,SYN04,0.6509847005208333,True,0.10950043426110359,0.10892097507535305
2019-08-29,SYN05,0.7906697591145834,True,0.10950043426110362,0.10892097507535307
2019-08-29,SYN06,0.70244140625,True,0.007658132126540036,0.007617606488113492
2019-08-29,SYN07,0.7375569661458333,True,0.10950043426110355,0.108920975075353
2019-08-29,SYN08,0.7724527994791667,True,0.10950043426110359,0.10892097507535305
2019-08-29,SYN09,0.7126912434895832,True,0.10950043426110356,0.10892097507535302
2019-08-29,SYN10,0.5255045572916666,True,0.000312741045282123,0.0003110860685446076
2019-08-29,SYN11,0.5641357421875,True,0.00014134773649001765,0.00014059974635786086
2019-08-29,SYN12,0.4704549153645834,False,0.0,0.0
2019-08-29,SYN13,0.42811279296875,False,0.0,0.0
2019-08-29,SYN14,0.22902018229166665,False,0.0,0.0
2019-08-29,SYN15,0.37837727864583326,False,0.0,0.0
2019-08-29,SYN16,0.3392130533854167,False,0.0,0.0
2019-08-29,SYN17,0.3975911458333334,False,0.0,0.0
2019-08-29,SYN18,0.12312011718749999,False,0.0,0.0
2019-08-29,SYN19,0.41934814453124997,False,0.0,0.0
2019-08-29,SYN20,0.48553466796875,False,0.0,0.0
2019-08-29,SYN21,0.2928955078125,False,0.0,0.0
2019-08-29,SYN22,0.1481201171875,False,0.0,0.0
2019-08-29,SYN23,0.161181640625,False,0.0,0.0
2019-09-27,SYN00,0.7493957519531249,True,0.11023865976950319,0.10964570165713557
2019-09-27,SYN01,0.7954610188802084,True,0.11023865976950332,0.1096457016571357
2019-09-27,SYN02,0.8093770345052084,True,0.11023865976950327,0.10964570165713565
2019-09-27,SYN03,0.6852294921875,True,0.11023865976950323,0.10964570165713561
2019-09-27,SYN04,0.6036173502604167,True,0.11023865976950332,0.1096457016571357
2019-09-27,SYN05,0.7828348795572917,True,0.11023865976950335,0.10964570165713573
2019-09-27,SYN06,0.6678873697916666,True,0.007709761405644324,0.00766829169275545
2019-09-27,SYN07,0.63023681640625,True,0.11023865976950328,0.10964570165713566
2019-09-27,SYN08,0.7299763997395834,True,0.11023865976950332,0.1096457016571357
2019-09-27,SYN09,0.699053955078125,True,0.1102386597695033,0.10964570165713568
2019-09-27,SYN10,0.5085856119791666,False,0.0,0.0001399887308450734
2019-09-27,SYN11,0.6226928710937499,True,0.00014230066882618244,0.00014153525371543774
2019-09-27,SYN12,0.5050191243489583,False,0.0,0.0
2019-09-27,SYN13,0.38905639648437496,False,0.0,0.0
2019-09-27,SYN14,0.25409342447916666,False,0.0,0.0
2019-09-27,SYN15,0.3308553059895833,False,0.0,0.0
2019-09-27,SYN16,0.29356486002604165,False,0.0,0.0
2019-09-27,SYN17,0.48421223958333337,False,0.0,0.0
2019-09-27,SYN18,0.12093505859374999,False,0.0,0.0
2019-09-27,SYN19,0.384674072265625,False,0.0,0.0
2019-09-27,SYN20,0.5250590006510416,True,0.0,0.0
2019-09-27,SYN21,0.3360310872395833,False,0.0,0.0
2019-09-27,SYN22,0.30635172526041665,False,0.0,0.0
2019-09-27,SYN23,0.28579915364583336,False,0.0,0.0
2019-10-28,SYN00,0.7434478759765625,True,0.11023865976950319,0.10997182861893776
2019-10-28,SYN01,0.7925221761067709,True,0.11023865976950332,0.1099718286189379
2019-10-28,SYN02,0.7588551839192709,True,0.11023865976950327,0.10997182861893784
2019-10-28,SYN03,0.6384480794270833,True,0.11023865976950323,0.1099718286189378
2019-10-28,SYN04,0.5893086751302083,True,0.11023865976950332,0.1099718286189379
2019-10-28,SYN05,0.7382924397786459,True,0.11023865976950335,0.10997182861893792
2019-10-28,SYN06,0.6849853515625,True,0.0077097614056443236,0.007691100034844331
2019-10-28,SYN07,0.6234517415364582,True,0.11023865976950328,0.10997182861893785
2019-10-28,SYN08,0.6056131998697917,True,0.11023865976950332,0.1099718286189379
2019-10-28,SYN09,0.7255686442057292,True,0.1102386597695033,0.10997182861893787
2019-10-28,SYN10,0.5001261393229166,False,0.0,6.299492888028303e-05
2019-10-28,SYN11,0.6238464355468749,True,0.00014230066882611747,0.0001419562320263116
2019-10-28,SYN12,0.5264678955078125,False,0.0,0.0
2019-10-28,SYN13,0.4539031982421875,False,0.0,0.0
2019-10-28,SYN14,0.28538004557291663,False,0.0,0.0
2019-10-28,SYN15,0.3258443196614583,False,0.0,0.0
2019-10-28,SYN16,0.2613657633463542,False,0.0,0.0
2019-10-28,SYN17,0.5587727864583334,True,0.0,0.0
2019-10-28,SYN18,0.11046752929687499,False,0.0,0.0
2019-10-28,SYN19,0.4704620361328125,False,0.0,0.0
2019-10-28,SYN20,0.5041961669921875,False,0.0,0.0
2019-10-28,SYN21,0.404473876953125,False,0.0,0.0
2019-10-28,SYN22,0.37088419596354166,False,0.0,0.0
2019-10-28,SYN23,0.20331624348958333,False,0.0,0.0
2019-11-26,SYN00,0.8529739379882812,True,0.12389688648525161,0.11763061044541037
2019-11-26,SYN01,0.8473027547200521,True,0.12389688648525164,0.11763061044541046
2019-11-26,SYN02,0.7877609252929687,True,0.12389688648525171,0.11763061044541047
2019-11-26,SYN03,0.7025573730468749,True,0.12389688648525166,0.11763061044541043
2019-11-26,SYN04,0.5759043375651042,True,0.12389688648525177,0.11763061044541052
2019-11-26,SYN05,0.666021219889323,True,0.1238968864852518,0.11763061044541055
2019-11-26,SYN06,0.6685343424479167,True,0.008664976839347815,0.008226732277321246
2019-11-26,SYN07,0.5783925374348957,True,0.12389688648525173,0.11763061044541048
2019-11-26,SYN08,0.5590565999348958,False,0.0,0.04948732287852205
2019-11-26,SYN09,0.705492655436198,True,0.12389688648525174,0.1176306104454105
2019-11-26,SYN10,0.4771464029947916,False,0.0,2.834771799612736e-05
2019-11-26,SYN11,0.6775482177734375,True,0.00015993127863847512,0.00015184250766300155
2019-11-26,SYN12,0.5705256144205729,True,0.0,0.0
2019-11-26,SYN13,0.5332015991210938,False,0.0,0.0
2019-11-26,SYN14,0.32914835611979165,False,0.0,0.0
2019-11-26,SYN15,0.37646382649739585,False,0.0,0.0
2019-11-26,SYN16,0.24214121500651042,False,0.0,0.0
2019-11-26,SYN17,0.5898030598958334,True,0.0,0.0
2019-11-26,SYN18,0.2177337646484375,False,0.0,0.0
2019-11-26,SYN19,0.48523101806640623,False,0.0,0.0
2019-11-26,SYN20,0.31980641682942706,False,0.0,0.0
2019-11-26,SYN21,0.35952860514322915,False,0.0,0.0
2019-11-26,SYN22,0.23440043131510416,False,0.0,0.0
2019-11-26,SYN23,0.14332478841145832,False,0.0,0.0
2019-12-25,SYN00,0.9171119689941406,True,0.12389688648525161,0.12107706226732305
2019-12-25,SYN01,0.8559430440266927,True,0.1238968864852517,0.12107706226732314
2019-12-25,SYN02,0.7740887959798177,True,0.12389688648525171,0.12107706226732315
2019-12-25,SYN03,0.7064870198567708,True,0.12389688648525167,0.12107706226732311
2019-12-25,SYN04,0.6629521687825521,True,0.12389688648525177,0.1210770622673232
2019-12-25,SYN05,0.6298856099446615,True,0.1238968864852517,0.12107706226732318
2019-12-25,SYN06,0.607183837890625,True,0.008664976839347815,0.008467766786435859
2019-12-25,SYN07,0.5339879353841146,True,0.12389688648525173,0.12107706226732316
2019-12-25,SYN08,0.48890329996744786,False,0.0,0.022269295295334918
2019-12-25,SYN09,0.6537879943847656,True,0.12389688648525174,0.12107706226732318
2019-12-25,SYN10,0.40940653483072914,False,0.0,1.2756473098257311e-05
2019-12-25,SYN11,0.6762741088867188,True,0.00015993127863847515,0.00015629133169951204
2019-12-25,SYN12,0.6092211405436199,True,0.0,0.0
2019-12-25,SYN13,0.5759757995605468,True,0.0,0.0
2019-12-25,SYN14,0.39165751139322913,False,0.0,0.0
2019-12-25,SYN15,0.4861485799153646,False,0.0,0.0
2019-12-25,SYN16,0.27002894083658857,False,0.0,0.0
2019-12-25,SYN17,0.5115681966145833,False,0.0,0.0
2019-12-25,SYN18,0.3682418823242188,False,0.0,0.0
2019-12-25,SYN19,0.5082405090332032,False,0.0,0.0
2019-12-25,SYN20,0.2859448750813802,False,0.0,0.0
2019-12-25,SYN21,0.2693476359049479,False,0.0,0.0
2019-12-25,SYN22,0.1942835489908854,False,0.0,0.0
2019-12-25,SYN23,0.11332906087239583,False,0.0,0.0
2020-01-23,SYN00,0.9304309844970703,True,0.12389688648525161,0.12262796558718377
2020-01-23,SYN01,0.8696381886800131,True,0.1238968864852517,0.12262796558718385
2020-01-23,SYN02,0.7412110646565755,True,0.12389688648525171,0.12262796558718386
2020-01-23,SYN03,0.7397018432617186,True,0.12389688648525167,0.12262796558718382
2020-01-23,SYN04,0.697101084391276,True,0.12389688648525177,0.12262796558718392
2020-01-23,SYN05,0.6305678049723307,True,0.12389688648525174,0.12262796558718389
2020-01-23,SYN06,0.6046335856119791,True,0.00866497683934779,0.008576232315537422
2020-01-23,SYN07,0.5534523010253907,True,0.12389688648525173,0.12262796558718388
2020-01-23,SYN08,0.466326649983724,False,0.0,0.010021182882900713
2020-01-23,SYN09,0.6696023305257162,True,0.12389688648525174,0.12262796558718389
2020-01-23,SYN10,0.45991160074869786,False,0.0,5.74041289421579e-06
2020-01-23,SYN11,0.6631370544433595,True,0.00015993127863847515,0.00015829330251594176
2020-01-23,SYN12,0.6869022369384766,True,0.0,0.0
2020-01-23,SYN13,0.6067378997802734,True,0.0,0.0
2020-01-23,SYN14,0.3322870890299479,False,0.0,0.0
2020-01-23,SYN15,0.5316159566243489,False,0.0,0.0
2020-01-23,SYN16,0.29647280375162766,False,0.0,0.0
2020-01-23,SYN17,0.3818257649739583,False,0.0,0.0
2020-01-23,SYN18,0.3872459411621094,False,0.0,0.0
2020-01-23,SYN19,0.5416202545166016,False,0.0,0.0
2020-01-23,SYN20,0.22318077087402344,False,0.0,0.0
2020-01-23,SYN21,0.22321548461914065,False,0.0,0.0
2020-01-23,SYN22,0.11797510782877603,False,0.0,0.0
2020-01-23,SYN23,0.1452061971028646,False,0.0,0.0
2020-02-21,SYN00,0.8370904922485352,True,0.1428308040041989,0.1337395267165421
2020-02-21,SYN01,0.8733607610066731,True,0.142830804004199,0.13373952671654218
2020-02-21,SYN02,0.7570638656616211,True,0.142830804004199,0.13373952671654218
2020-02-21,SYN03,0.6906842549641926,True,0.142830804004199,0.13373952671654218
2020-02-21,SYN04,0.639175542195638,True,0.1428308040041991,0.13373952671654227
2020-02-21,SYN05,0.6121589024861653,True,0.14283080400419904,0.1337395267165422
2020-02-21,SYN06,0.5241917928059896,False,0.0,0.0038593045419918395
2020-02-21,SYN07,0.512142817179362,False,0.0,0.05518258451423273
2020-02-21,SYN08,0.42170499165852865,False,0.0,0.00450953229730532
2020-02-21,SYN09,0.6170928319295248,True,0.14283080400419904,0.1337395267165422
2020-02-21,SYN10,0.43828913370768224,False,0.0,2.583185802397105e-06
2020-02-21,SYN11,0.5971935272216797,True,0.0001843719706069624,0.00017263656996600312
2020-02-21,SYN12,0.6955344518025717,True,0.0,0.0
2020-02-21,SYN13,0.5877439498901367,True,0.0,0.0
2020-02-21,SYN14,0.4119768778483073,False,0.0,0.0
2020-02-21,SYN15,0.6230996449788411,True,0.0,0.0
2020-02-21,SYN16,0.4221947352091472,False,0.0,0.0
2020-02-21,SYN17,0.3825795491536458,False,0.0,0.0
2020-02-21,SYN18,0.4311229705810547,False,0.0,0.0
2020-02-21,SYN19,0.5739351272583008,True,0.0,0.0
2020-02-21,SYN20,0.28242371877034506,False,0.0,0.0
2020-02-21,SYN21,0.234524408976237,False,0.0,0.0
2020-02-21,SYN22,0.07982088724772135,False,0.0,0.0
2020-02-21,SYN23,0.25489476521809895,False,0.0,0.0
2020-03-23,SYN00,0.7654202461242676,True,0.14283080400419892,0.13873972922475336
2020-03-23,SYN01,0.8502220471700033,True,0.142830804004199,0.13873972922475344
2020-03-23,SYN02,0.7733235994974772,True,0.142830804004199,0.13873972922475344
2020-03-23,SYN03,0.6849254608154296,True,0.142830804004199,0.13873972922475344
2020-03-23,SYN04,0.572712771097819,True,0.1428308040041991,0.13873972922475353
2020-03-23,SYN05,0.6498294512430827,True,0.14283080400419904,0.13873972922475347
2020-03-23,SYN06,0.5006375630696615,False,0.0,0.0017366870438963278
2020-03-23,SYN07,0.49565474192301434,False,0.0,0.024832163031404727
2020-03-23,SYN08,0.41397749582926435,False,0.0,0.0020292895337873937
2020-03-23,SYN09,0.547088082631429,True,0.142830804004199,0.13873972922475344
2020-03-23,SYN10,0.5056029001871745,False,0.0,1.1624336110786971e-06
2020-03-23,SYN11,0.5173467636108399,True,0.0001843719706069624,0.00017909104031853072
2020-03-23,SYN12,0.7154755592346191,True,0.0,0.0
2020-03-23,SYN13,0.5938719749450683,True,0.0,0.0
2020-03-23,SYN14,0.464321772257487,False,0.0,0.0
2020-03-23,SYN15,0.6688414891560872,True,0.0,0.0
2020-03-23,SYN16,0.47568070093790693,False,0.0,0.0
2020-03-23,SYN17,0.38608144124348953,False,0.0,0.0
2020-03-23,SYN18,0.45618648529052735,False,0.0,0.0
2020-03-23,SYN19,0.5463425636291503,True,0.0,0.0
2020-03-23,SYN20,0.28287852605183916,False,0.0,0.0
2020-03-23,SYN21,0.20372053782145183,False,0.0,0.0
2020-03-23,SYN22,0.060743776957194004,False,0.0,0.0
2020-03-23,SYN23,0.3691140492757161,False,0.0,0.0
2020-04-21,SYN00,0.7014601230621338,True,0.14285714285714277,0.14100430672256753
2020-04-21,SYN01,0.7699026902516684,True,0.14285714285714285,0.1410043067225676
2020-04-21,SYN02,0.7606201330820719,True,0.14285714285714285,0.1410043067225676
2020-04-21,SYN03,0.7382960637410481,True,0.1428571428571429,0.14100430672256764
2020-04-21,SYN04,0.5394813855489096,True,0.14285714285714293,0.1410043067225677
2020-04-21,SYN05,0.6030397256215414,True,0.14285714285714288,0.14100430672256764
2020-04-21,SYN06,0.5076104482014974,False,0.0,0.0007815091697533474
2020-04-21,SYN07,0.4738690376281738,False,0.0,0.011174473364132126
2020-04-21,SYN08,0.4069887479146322,False,0.0,0.0009131802902043271
2020-04-21,SYN09,0.5381273746490478,True,0.14285714285714285,0.1410043067225676
2020-04-21,SYN10,0.5298847834269205,False,0.0,5.230951249854137e-07
2020-04-21,SYN11,0.5086733818054199,False,0.0,8.059096814333881e-05
2020-04-21,SYN12,0.7525294462839762,True,0.0,0.0
2020-04-21,SYN13,0.5688109874725341,True,0.0,0.0
2020-04-21,SYN14,0.3842442194620768,False,0.0,0.0
2020-04-21,SYN15,0.6604624112447103,True,0.0,0.0
2020-04-21,SYN16,0.5555486838022867,True,0.0,0.0
2020-04-21,SYN17,0.4003323872884114,False,0.0,0.0
2020-04-21,SYN18,0.4749682426452637,False,0.0,0.0
2020-04-21,SYN19,0.5325462818145752,True,0.0,0.0
2020-04-21,SYN20,0.3081059296925862,False,0.0,0.0
2020-04-21,SYN21,0.2945686022440593,False,0.0,0.0
2020-04-21,SYN22,0.07933022181193033,False,0.0,0.0
2020-04-21,SYN23,0.41059869130452475,False,0.0,0.0
2020-05-20,SYN00,0.7663550615310669,True,0.142725096490149,0.14195074109473735
2020-05-20,SYN01,0.7359930117925009,True,0.14272509649014908,0.14195074109473743
2020-05-20,SYN02,0.7823933998743693,True,0.14272509649014908,0.14195074109473743
2020-05-20,SYN03,0.7649813652038573,True,0.1427250964901491,0.14195074109473746
2020-05-20,SYN04,0.5166156927744547,True,0.14272509649014917,0.14195074109473751
2020-05-20,SYN05,0.6233948628107707,True,0.1427250964901492,0.1419507410947375
2020-05-20,SYN06,0.47359689076741535,False,0.0,0.00035167912638900634
2020-05-20,SYN07,0.46297618548075353,False,0.0,0.005028513013859456
2020-05-20,SYN08,0.506619373957316,True,0.0009243245689562696,0.0009193096435178955
2020-05-20,SYN09,0.5523970206578572,True,0.14272509649014908,0.14195074109473743
2020-05-20,SYN10,0.4951507250467936,False,0.0,2.353928062434361e-07
2020-05-20,SYN11,0.4637116909027099,False,0.0,3.626593566450246e-05
2020-05-20,SYN12,0.7554313898086549,True,0.0,0.0
2020-05-20,SYN13,0.550030493736267,True,0.0,0.0
2020-05-20,SYN14,0.47858044306437175,False,0.0,0.0
2020-05-20,SYN15,0.6625228722890217,True,0.0,0.0
2020-05-20,SYN16,0.5986076752344767,True,0.0,0.0
2020-05-20,SYN17,0.3949578603108724,False,0.0,0.0
2020-05-20,SYN18,0.48748412132263186,False,0.0,0.0
2020-05-20,SYN19,0.3943981409072876,False,0.0,0.0
2020-05-20,SYN20,0.23321963151295977,False,0.0,0.0
2020-05-20,SYN21,0.38374263445536294,False,0.0,0.0
2020-05-20,SYN22,0.13133177757263184,False,0.0,0.0
2020-05-20,SYN23,0.2855076789855957,False,0.0,0.0
2020-06-18,SYN00,0.8456775307655335,True,0.1428013900217515,0.14241859800459514
2020-06-18,SYN01,0.681538172562917,True,0.14280139002175174,0.1424185980045953
2020-06-18,SYN02,0.8120300332705179,True,0.14280139002175174,0.1424185980045953
2020-06-18,SYN03,0.8439490159352621,True,0.14280139002175177,0.14241859800459533
2020-06-18,SYN04,0.5520578463872274,True,0.14280139002175182,0.1424185980045954
2020-06-18,SYN05,0.6335724314053854,True,0.1428013900217518,0.14241859800459536
2020-06-18,SYN06,0.5659651120503744,True,0.0003537865861261589,0.0003528382292444403
2020-06-18,SYN07,0.4856547594070434,False,0.0,0.002262830856236755
2020-06-18,SYN08,0.525184686978658,False,0.0,0.00041368933958305294
2020-06-18,SYN09,0.584531843662262,True,0.14280139002175174,0.1424185980045953
2020-06-18,SYN10,0.5090336958567301,False,0.0,1.0592676280954624e-07
2020-06-18,SYN11,0.606855845451355,True,3.648326161167444e-05,3.6385464935447047e-05
2020-06-18,SYN12,0.6162573615709941,True,0.0,0.0
2020-06-18,SYN13,0.5187652468681335,False,0.0,0.0
2020-06-18,SYN14,0.5257485548655192,False,0.0,0.0
2020-06-18,SYN15,0.5416781028111776,True,0.0,0.0
2020-06-18,SYN16,0.5732621709505716,True,0.0,0.0
2020-06-18,SYN17,0.4735205968221029,False,0.0,0.0
2020-06-18,SYN18,0.43124206066131593,False,0.0,0.0
2020-06-18,SYN19,0.2878240704536438,False,0.0,0.0
2020-06-18,SYN20,0.18015148242314655,False,0.0,0.0
2020-06-18,SYN21,0.2720796505610148,False,0.0,0.0
2020-06-18,SYN22,0.2510825554529826,False,0.0,0.0
2020-06-18,SYN23,0.18233717282613118,False,0.0,0.0
2020-07-17,SYN00,0.8384637653827668,True,0.1428013748546073,0.14262912527210184
2020-07-17,SYN01,0.6293107529481252,True,0.14280137485460748,0.142629125272102
2020-07-17,SYN02,0.7987233499685922,True,0.14280137485460748,0.142629125272102
2020-07-17,SYN03,0.7928078413009643,True,0.1428013748546075,0.14262912527210203
2020-07-17,SYN04,0.6260289231936137,True,0.14280137485460756,0.1426291252721021
2020-07-17,SYN05,0.5949112157026927,True,0.14280137485460748,0.14262912527210203
2020-07-17,SYN06,0.5527742226918538,True,0.00035378654854996877,0.00035335980486248095
2020-07-17,SYN07,0.4719940463701884,False,0.0,0.0010182738853065398
2020-07-17,SYN08,0.503217343489329,False,0.0,0.0001861602028123738
2020-07-17,SYN09,0.6380992551644643,True,0.14280137485460748,0.142629125272102
2020-07-17,SYN10,0.5816001812616984,True,1.0621146096813164e-07,1.0608334679676821e-07
2020-07-17,SYN11,0.6534279227256774,True,3.648325773673392e-05,3.643925097615483e-05
2020-07-17,SYN12,0.5372953474521638,False,0.0,0.0
2020-07-17,SYN13,0.5468826234340667,False,0.0,0.0
2020-07-17,SYN14,0.5587076107660929,True,0.0,0.0
2020-07-17,SYN15,0.5937557180722555,True,0.0,0.0
2020-07-17,SYN16,0.48871441880861916,False,0.0,0.0
2020-07-17,SYN17,0.5409269650777182,False,0.0,0.0
2020-07-17,SYN18,0.33749603033065795,False,0.0,0.0
2020-07-17,SYN19,0.3001620352268219,False,0.0,0.0
2020-07-17,SYN20,0.2504924078782399,False,0.0,0.0
2020-07-17,SYN21,0.2037481586138407,False,0.0,0.0
2020-07-17,SYN22,0.3244996110598246,False,0.0,0.0
2020-07-17,SYN23,0.13596025307973225,False,0.0,0.0
2020-08-17,SYN00,0.8254818826913835,True,0.1428013748546073,0.14272386254247985
2020-08-17,SYN01,0.6031970431407293,True,0.14280137485460748,0.14272386254248
2020-08-17,SYN02,0.8014450083176294,True,0.14280137485460748,0.14272386254248
2020-08-17,SYN03,0.7391122539838155,True,0.1428013748546075,0.14272386254248004
2020-08-17,SYN04,0.7098894615968068,True,0.14280137485460756,0.1427238625424801
2020-08-17,SYN05,0.5943306078513464,True,0.14280137485460748,0.14272386254248004
2020-08-17,SYN06,0.5836787780125936,True,0.00035378654854996877,0.0003535945138905992
2020-08-17,SYN07,0.5214136898517608,False,0.0,0.0004582232483879428
2020-08-17,SYN08,0.5047336717446644,False,0.0,8.377209126556819e-05
2020-08-17,SYN09,0.6430079609155654,True,0.14280137485460748,0.14272386254248
2020-08-17,SYN10,0.6678834239641825,True,1.0621146096813164e-07,1.061538095910181e-07
2020-08-17,SYN11,0.6548389613628387,True,3.648325773673392e-05,3.646345469447333e-05
2020-08-17,SYN12,0.42906434039274854,False,0.0,0.0
2020-08-17,SYN13,0.5921913117170333,True,0.0,0.0
2020-08-17,SYN14,0.5783121387163798,False,0.0,0.0
2020-08-17,SYN15,0.6291695257027944,True,0.0,0.0
2020-08-17,SYN16,0.3933155427376429,False,0.0,0.0
2020-08-17,SYN17,0.5433801492055258,False,0.0,0.0
2020-08-17,SYN18,0.29687301516532894,False,0.0,0.0
2020-08-17,SYN19,0.23133101761341096,False,0.0,0.0
2020-08-17,SYN20,0.2825378706057866,False,0.0,0.0
2020-08-17,SYN21,0.17583241264025368,False,0.0,0.0
2020-08-17,SYN22,0.34245813886324566,False,0.0,0.0
2020-08-17,SYN23,0.1565217932065328,False,0.0,0.0
2020-09-15,SYN00,0.7627409413456917,True,0.1428013748546073,0.14276649431414995
2020-09-15,SYN01,0.5963901882370313,True,0.14280137485460748,0.14276649431415012
2020-09-15,SYN02,0.7746808374921481,True,0.14280137485460748,0.14276649431415012
2020-09-15,SYN03,0.6997644603252411,True,0.1428013748546075,0.14276649431415014
2020-09-15,SYN04,0.7236947307984034,True,0.14280137485460756,0.1427664943141502
2020-09-15,SYN05,0.6096653039256732,True,0.1428013748546075,0.14276649431415014
2020-09-15,SYN06,0.5897560556729635,True,0.00035378654854996877,0.0003537001329532525
2020-09-15,SYN07,0.5179985115925472,False,0.0,0.00020620046177457422
2020-09-15,SYN08,0.5211168358723322,False,0.0,3.769744106950568e-05
2020-09-15,SYN09,0.6548373137911161,True,0.14280137485460748,0.14276649431415012
2020-09-15,SYN10,0.6829000453154246,True,1.0621146096813164e-07,1.0618551784843054e-07
2020-09-15,SYN11,0.6774194806814193,True,3.648325773673392e-05,3.647434636771666e-05
2020-09-15,SYN12,0.3905738368630409,False,0.0,0.0
2020-09-15,SYN13,0.5742206558585167,False,0.0,0.0
2020-09-15,SYN14,0.6006144026915232,True,0.0,0.0
2020-09-15,SYN15,0.6625014295180639,True,0.0,0.0
2020-09-15,SYN16,0.3518661047021548,False,0.0,0.0
2020-09-15,SYN17,0.5352317412694296,False,0.0,0.0
2020-09-15,SYN18,0.22968650758266446,False,0.0,0.0
2020-09-15,SYN19,0.21566550880670549,False,0.0,0.0
2020-09-15,SYN20,0.32043560196956,False,0.0,0.0
2020-09-15,SYN21,0.16187453965346016,False,0.0,0.0
2020-09-15,SYN22,0.3795624027649562,False,0.0,0.0
2020-09-15,SYN23,0.26680256326993307,False,0.0,0.0
2020-10-14,SYN00,0.6844954706728459,True,0.14285191394019398,0.14281347510847417
2020-10-14,SYN01,0.6273617607851822,True,0.14285191394019414,0.14281347510847434
2020-10-14,SYN02,0.7737987520794074,True,0.14285191394019414,0.14281347510847434
2020-10-14,SYN03,0.6467572301626205,True,0.14285191394019417,0.14281347510847436
2020-10-14,SYN04,0.723305698732535,True,0.14285191394019423,0.14281347510847442
2020-10-14,SYN05,0.6298326519628366,True,0.14285191394019417,0.14281347510847436
2020-10-14,SYN06,0.5177946945031484,False,0.0,0.0001591650598289636
2020-10-14,SYN07,0.47879092246294025,False,0.0,9.279020779855839e-05
2020-10-14,SYN08,0.4793084179361661,False,0.0,1.6963848481277554e-05
2020-10-14,SYN09,0.6326269902288914,True,0.14285191394019425,0.1428134751084744
2020-10-14,SYN10,0.6560333559910456,True,1.0624905045297812e-07,1.0622046078093171e-07
2020-10-14,SYN11,0.6418347403407096,True,3.6496169590608684e-05,3.648634914030727e-05
2020-10-14,SYN12,0.44007858509818715,False,0.0,0.0
2020-10-14,SYN13,0.5433603279292583,True,0.0,0.0
2020-10-14,SYN14,0.5930155346790948,True,0.0,0.0
2020-10-14,SYN15,0.6885423814256986,True,0.0,0.0
2020-10-14,SYN16,0.34676638568441076,False,0.0,0.0
2020-10-14,SYN17,0.5155325373013815,False,0.0,0.0
2020-10-14,SYN18,0.2054682537913322,False,0.0,0.0
2020-10-14,SYN19,0.31408275440335276,False,0.0,0.0
2020-10-14,SYN20,0.4091761343181134,False,0.0,0.0
2020-10-14,SYN21,0.19135393649339677,False,0.0,0.0
2020-10-14,SYN22,0.38873953471581146,False,0.0,0.0
2020-10-14,SYN23,0.3719429483016332,False,0.0,0.0
2020-11-12,SYN00,0.682872735336423,True,0.1428291895803627,0.14282211806801287
2020-11-12,SYN01,0.7459725470592578,True,0.14282918958036286,0.14282211806801304
2020-11-12,SYN02,0.767107709373037,True,0.14282918958036286,0.14282211806801304
2020-11-12,SYN03,0.7785869484146435,True,0.14282918958036295,0.1428221180680131
2020-11-12,SYN04,0.7866528493662674,True,0.14282918958036295,0.14282211806801312
2020-11-12,SYN05,0.6961663259814183,True,0.1428291895803629,0.14282211806801307
2020-11-12,SYN06,0.5286890139182409,True,0.00015918257354646413,0.0001591746923735889
2020-11-12,SYN07,0.5060621278981368,False,0.0,4.175559350935127e-05
2020-11-12,SYN08,0.414654208968083,False,0.0,7.633731816574899e-06
2020-11-12,SYN09,0.593396828447779,True,0.14282918958036292,0.1428221180680131
2020-11-12,SYN10,0.5082250113288561,False,0.0,4.7799207351419266e-08
2020-11-12,SYN11,0.6552923701703548,True,3.649036391347517e-05,3.648855726554962e-05
2020-11-12,SYN12,0.4148309592157602,False,0.0,0.0
2020-11-12,SYN13,0.5341801639646291,True,0.0,0.0
2020-11-12,SYN14,0.6017161006728807,True,0.0,0.0
2020-11-12,SYN15,0.7078128573795159,True,0.0,0.0
2020-11-12,SYN16,0.2848415261755387,False,0.0,0.0
2020-11-12,SYN17,0.4494329353173574,False,0.0,0.0
2020-11-12,SYN18,0.2433591268956661,False,0.0,0.0
2020-11-12,SYN19,0.3351663772016764,False,0.0,0.0
2020-11-12,SYN20,0.38062973382572335,False,0.0,0.0
2020-11-12,SYN21,0.2883853015800317,False,0.0,0.0
2020-11-12,SYN22,0.3277031006912391,False,0.0,0.0
2020-11-12,SYN23,0.26826314081748326,False,0.0,0.0
2020-12-11,SYN00,0.6445613676682115,True,0.14282918275290293,0.1428260036447024
2020-12-11,SYN01,0.7584029401962955,True,0.1428291827529031,0.14282600364470258
2020-12-11,SYN02,0.7523038546865185,True,0.1428291827529031,0.14282600364470258
2020-12-11,SYN03,0.7705434742073217,True,0.14282923055447494,0.14282602993556712
2020-12-11,SYN04,0.7110347580164671,True,0.14282918275290318,0.14282600364470266
2020-12-11,SYN05,0.7720414963240424,True,0.14282918275290313,0.1428260036447026
2020-12-11,SYN06,0.5247611736257871,True,0.00015918256593728692,0.0001591790228336228
2020-12-11,SYN07,0.5103227306157351,False,0.0,1.8790017079208068e-05
2020-12-11,SYN08,0.4104521044840415,False,0.0,3.435179317458704e-06
2020-12-11,SYN09,0.6612817475572228,True,0.14282918275290316,0.14282600364470263
2020-12-11,SYN10,0.5343208389977614,True,0.0,2.150964330813867e-08
2020-12-11,SYN11,0.6713961850851774,True,3.649036216917842e-05,3.648954996254546e-05
2020-12-11,SYN12,0.38033214627454676,False,0.0,0.0
2020-12-11,SYN13,0.5733400819823146,True,0.0,0.0
2020-12-11,SYN14,0.5091913836697737,False,0.0,0.0
2020-12-11,SYN15,0.7080730953564247,True,0.0,0.0
2020-12-11,SYN16,0.3757540964211027,False,0.0,0.0
2020-12-11,SYN17,0.46325813432534535,False,0.0,0.0
2020-12-11,SYN18,0.27480456344783305,False,0.0,0.0
2020-12-11,SYN19,0.3988331886008382,False,0.0,0.0
2020-12-11,SYN20,0.401773200246195,False,0.0,0.0
2020-12-11,SYN21,0.20773431745668253,False,0.0,0.0
2020-12-11,SYN22,0.26489321701228624,False,0.0,0.0
2020-12-11,SYN23,0.22058990374207496,False,0.0,0.0
2021-01-11,SYN00,0.6441556838341058,True,0.14284923766173546,0.14283878235407058
2021-01-11,SYN01,0.7458681367648143,True,0.14284923766173563,0.14283878235407074
2021-01-11,SYN02,0.6511519273432593,True,0.14284923766173563,0.14283878235407074
2021-01-11,SYN03,0.6915217371036608,True,0.142849263956877,0.14283880864728754
2021-01-11,SYN04,0.6826007123415668,True,0.1428492591748783,0.14283879418629927
2021-01-11,SYN05,0.7912290814953545,True,0.14284923766173566,0.14283878235407077
2021-01-11,SYN06,0.5540472534795602,False,0.0,7.163056027513026e-05
2021-01-11,SYN07,0.6405780319745342,True,1.8793073718515543e-05,1.879169823082718e-05
2021-01-11,SYN08,0.39272605224202073,False,0.0,1.5458306928564166e-06
2021-01-11,SYN09,0.6233492071119447,True,0.14284923766173568,0.1428387823540708
2021-01-11,SYN10,0.575493752832214,True,0.0,9.6793394886624e-09
2021-01-11,SYN11,0.6856980925425886,True,3.64954858481946e-05,3.649281469965248e-05
2021-01-11,SYN12,0.35370773980394005,False,0.0,0.0
2021-01-11,SYN13,0.5866700409911573,True,0.0,0.0
2021-01-11,SYN14,0.49105402516822017,False,0.0,0.0
2021-01-11,SYN15,0.720703214344879,True,0.0,0.0
2021-01-11,SYN16,0.47433538154388466,False,0.0,0.0
2021-01-11,SYN17,0.34204573382933934,False,0.0,0.0
2021-01-11,SYN18,0.3530272817239165,False,0.0,0.0
2021-01-11,SYN19,0.4150415943004191,False,0.0,0.0
2021-01-11,SYN20,0.33317826678976414,False,0.0,0.0
2021-01-11,SYN21,0.1715754920616746,False,0.0,0.0
2021-01-11,SYN22,0.3501549418394765,False,0.0,0.0
2021-01-11,SYN23,0.23008661853770415,False,0.0,0.0
2021-02-09,SYN00,0.6627028419170529,True,0.1666419799242467,0.15593054101766746
2021-02-09,SYN01,0.7114757350490739,True,0.16664199121658826,0.15593054722845537
2021-02-09,SYN02,0.6693259636716297,True,0.1666419799242469,0.15593054101766762
2021-02-09,SYN03,0.6895108685518304,True,0.16664201059906528,0.1559305697207653
2021-02-09,SYN04,0.7027586895041167,True,0.16664199372824295,0.1559305539343683
2021-02-09,SYN05,0.7633228740810105,True,0.16664197992424692,0.15593054101766765
2021-02-09,SYN06,0.5968152934064468,True,8.356734908130245e-05,7.819579411852496e-05
2021-02-09,SYN07,0.6307056826539338,True,2.192321824447956e-05,2.051403423833599e-05
2021-02-09,SYN08,0.35261302612101036,False,0.0,6.956238117853874e-07
2021-02-09,SYN09,0.5043829368893057,False,0.0,0.06427745205933186
2021-02-09,SYN10,0.5867052097494403,True,0.0,4.35570276989808e-09
2021-02-09,SYN11,0.7053490462712944,True,4.2574116037229314e-05,3.983753043531974e-05
2021-02-09,SYN12,0.33414553656863666,False,0.0,0.0
2021-02-09,SYN13,0.6214600204955787,True,0.0,0.0
2021-02-09,SYN14,0.4007353459174434,False,0.0,0.0
2021-02-09,SYN15,0.7020182738391062,True,0.0,0.0
2021-02-09,SYN16,0.5517510241052757,False,0.0,0.0
2021-02-09,SYN17,0.34081453358133634,False,0.0,0.0
2021-02-09,SYN18,0.40776364086195827,False,0.0,0.0
2021-02-09,SYN19,0.43877079715020956,False,0.0,0.0
2021-02-09,SYN20,0.24575580006154873,False,0.0,0.0
2021-02-09,SYN21,0.29099607936417066,False,0.0,0.0
2021-02-09,SYN22,0.40841080425307164,False,0.0,0.0
2021-02-09,SYN23,0.18170997593551874,False,0.0,0.0
2021-03-10,SYN00,0.6282264209585264,True,0.16664563333283572,0.16182384179101
2021-03-10,SYN01,0.6817795341912036,True,0.16664563997041087,0.1618238482365309
2021-03-10,SYN02,0.6409129818358148,True,0.1666456333328359,0.16182384179101017
2021-03-10,SYN03,0.6510054342759153,True,0.1666456640083268,0.16182387157892414
2021-03-10,SYN04,0.7128376780853917,True,0.16664564713713462,0.16182385519588977
2021-03-10,SYN05,0.6983281037071719,True,0.16664563333283594,0.1618238417910102
2021-03-10,SYN06,0.6619493133698902,True,8.357383620088976e-05,8.11537172638256e-05
2021-03-10,SYN07,0.5580611746603001,False,0.0,9.231315407251195e-06
2021-03-10,SYN08,0.33880651306050513,False,0.0,3.130307153034243e-07
2021-03-10,SYN09,0.46364980177798615,False,0.0,0.028924853426699336
2021-03-10,SYN10,0.6016859382080535,True,0.0,1.960066246454136e-09
2021-03-10,SYN11,0.6995495231356472,True,4.2575049419329494e-05,4.13431658765251e-05
2021-03-10,SYN12,0.336864434950985,False,0.0,0.0
2021-03-10,SYN13,0.6326050102477894,True,0.0,0.0
2021-03-10,SYN14,0.39932600629205506,False,0.0,0.0
2021-03-10,SYN15,0.6614258035862198,True,0.0,0.0
2021-03-10,SYN16,0.6092088453859712,True,0.0,0.0
2021-03-10,SYN17,0.3401989334573349,False,0.0,0.0
2021-03-10,SYN18,0.4132568204309791,False,0.0,0.0
2021-03-10,SYN19,0.4006353985751048,False,0.0,0.0
2021-03-10,SYN20,0.258294566697441,False,0.0,0.0
2021-03-10,SYN21,0.35383137301541867,False,0.0,0.0
2021-03-10,SYN22,0.4375387354598692,False,0.0,0.0
2021-03-10,SYN23,0.320021654634426,False,0.0,0.0
2021-04-08,SYN00,0.6484882104792632,True,0.16664563333283572,0.16447582713901415
2021-04-08,SYN01,0.6856814337622685,True,0.1666456419888804,0.16447583480032313
2021-04-08,SYN02,0.6454564909179074,True,0.16664563333283589,0.16447582713901432
2021-04-08,SYN03,0.6275860504712909,True,0.1666456640083268,0.1644758574150956
2021-04-08,SYN04,0.6876688390426958,True,0.1666456471371346,0.1644758407635744
2021-04-08,SYN05,0.6720807185202526,True,0.1666456333328359,0.16447582713901435
2021-04-08,SYN06,0.7351413233516118,True,8.357181773134378e-05,8.248367252096061e-05
2021-04-08,SYN07,0.5279889206634834,False,0.0,4.154091933263038e-06
2021-04-08,SYN08,0.34440325653025256,False,0.0,1.4086382188654092e-07
2021-04-08,SYN09,0.4307832342223264,False,0.0,0.0130161840420147
2021-04-08,SYN10,0.6029263024373601,True,0.0,8.82029810904361e-10
2021-04-08,SYN11,0.7091497615678236,True,4.257504941932949e-05,4.202070182506751e-05
2021-04-08,SYN12,0.4538488841421592,False,0.0,0.0
2021-04-08,SYN13,0.5975525051238947,True,0.0,0.0
2021-04-08,SYN14,0.4454963364793609,False,0.0,0.0
2021-04-08,SYN15,0.6192545684597766,True,0.0,0.0
2021-04-08,SYN16,0.550437756026319,True,0.0,0.0
2021-04-08,SYN17,0.28364113339533414,False,0.0,0.0
2021-04-08,SYN18,0.42225341021548957,False,0.0,0.0
2021-04-08,SYN19,0.4315676992875524,False,0.0,0.0
2021-04-08,SYN20,0.2458139500153872,False,0.0,0.0
2021-04-08,SYN21,0.44774901984104265,False,0.0,0.0
2021-04-08,SYN22,0.458352701063268,False,0.0,0.0
2021-04-08,SYN23,0.22667749398387965,False,0.0,0.0
2021-05-07,SYN00,0.6492441052396316,True,0.16664493194202293,0.165668834780669
2021-05-07,SYN01,0.725132383547801,True,0.16664493970436914,0.16566884249754843
2021-05-07,SYN02,0.6946032454589537,True,0.16664493194202312,0.16566883478066916
2021-05-07,SYN03,0.6346263585689788,True,0.16664496351104702,0.16566886576786888
2021-05-07,SYN04,0.728209419521348,True,0.1666449457462637,0.16566884850405353
2021-05-07,SYN05,0.6349986925934596,True,0.16664493194202315,0.16566883478066918
2021-05-07,SYN06,0.7217373283424726,True,8.357146598792279e-05,8.308195892778981e-05
2021-05-07,SYN07,0.5525361269984084,True,4.2088760369293175e-06,4.184223190279491e-06
2021-05-07,SYN08,0.36907662826512627,False,0.0,6.33887198489434e-08
2021-05-07,SYN09,0.3893499504444965,False,0.0,0.0058572828189066145
2021-05-07,SYN10,0.6504214845520133,True,0.0,3.969134149069624e-10
2021-05-07,SYN11,0.6826998807839118,True,4.2574870226224214e-05,4.23254944457037e-05
2021-05-07,SYN12,0.5810911087377463,True,0.0,0.0
2021-05-07,SYN13,0.5175262525619473,False,0.0,0.0
2021-05-07,SYN14,0.4529565015730138,False,0.0,0.0
2021-05-07,SYN15,0.526293950896555,True,0.0,0.0
2021-05-07,SYN16,0.4741772113464928,False,0.0,0.0
2021-05-07,SYN17,0.2772372333643337,False,0.0,0.0
2021-05-07,SYN18,0.4736267051077448,False,0.0,0.0
2021-05-07,SYN19,0.46578384964377617,False,0.0,0.0
2021-05-07,SYN20,0.18332364167436027,False,0.0,0.0
2021-05-07,SYN21,0.48845784325385466,False,0.0,0.0
2021-05-07,SYN22,0.4239680171983007,False,0.0,0.0
2021-05-07,SYN23,0.20292208032527315,False,0.0,0.0
2021-06-07,SYN00,0.6214970526198158,True,0.16664493194202293,0.16620568821941364
2021-06-07,SYN01,0.7542328584405671,True,0.16664493970436914,0.16620569596129983
2021-06-07,SYN02,0.7181349560628101,True,0.1666449319420231,0.1662056882194138
2021-06-07,SYN03,0.6162715126178226,True,0.166644963111795,0.16620571930702824
2021-06-07,SYN04,0.670354709760674,True,0.1666449457462637,0.16620570198726914
2021-06-07,SYN05,0.5924993462967298,True,0.16664493194202312,0.16620568821941384
2021-06-07,SYN06,0.736910330837903,True,8.357146598792279e-05,8.335118781086294e-05
2021-06-07,SYN07,0.5741847301658709,True,4.2088760369293175e-06,4.197782255936896e-06
2021-06-07,SYN08,0.4689133141325631,False,0.0,2.852492393202453e-08
2021-06-07,SYN09,0.3842583085555816,False,0.0,0.0026357772685079764
2021-06-07,SYN10,0.6991690756093399,True,0.0,1.7861103670813306e-10
2021-06-07,SYN11,0.6444749403919559,True,4.2574870226224214e-05,4.246265112498998e-05
2021-06-07,SYN12,0.5728372210355398,True,0.0,0.0
2021-06-07,SYN13,0.44626312628097364,False,0.0,0.0
2021-06-07,SYN14,0.5191865841198402,False,0.0,0.0
2021-06-07,SYN15,0.43293864211494415,False,0.0,0.0
2021-06-07,SYN16,0.34229693900657976,False,0.0,0.0
2021-06-07,SYN17,0.2959102833488335,False,0.0,0.0
2021-06-07,SYN18,0.5243133525538723,True,0.0,0.0
2021-06-07,SYN19,0.44539192482188805,False,0.0,0.0
2021-06-07,SYN20,0.2927034875038468,False,0.0,0.0
2021-06-07,SYN21,0.5025622549602606,False,0.0,0.0
2021-06-07,SYN22,0.334900675265817,False,0.0,0.0
2021-06-07,SYN23,0.30979437349596994,False,0.0,0.0
2021-07-06,SYN00,0.6794985263099079,True,0.16664495599200793,0.1664472854943405
2021-07-06,SYN01,0.8000330958869502,True,0.16664493497496255,0.16644727741881432
2021-07-06,SYN02,0.7517758113647384,True,0.16664492721261673,0.1664472696656754
2021-07-06,SYN03,0.6102190896422446,True,0.16664495838238774,0.16644730079847597
2021-07-06,SYN04,0.6414273548803371,True,0.16664494101685695,0.16644728345354243
2021-07-06,SYN05,0.602499673148365,True,0.16664492721261676,0.16644726966567544
2021-07-06,SYN06,0.7257468320856182,True,8.357146361615294e-05,8.347233950377244e-05
2021-07-06,SYN07,0.6506340317496022,True,4.2088759174808295e-06,4.20388376978606e-06
2021-07-06,SYN08,0.6250816570662816,True,0.0,1.2836215769411036e-08
2021-07-06,SYN09,0.4067124876111241,False,0.0,0.0011860997708285892
2021-07-06,SYN10,0.7235428711380032,True,0.0,8.037496651865987e-11
2021-07-06,SYN11,0.6628624701959779,True,4.2574869017943464e-05,4.2524370966114396e-05
2021-07-06,SYN12,0.5874602771844366,True,0.0,0.0
2021-07-06,SYN13,0.3481315631404868,False,0.0,0.0
2021-07-06,SYN14,0.46792662539325347,False,0.0,0.0
2021-07-06,SYN15,0.39563598772413877,False,0.0,0.0
2021-07-06,SYN16,0.2763568028366232,False,0.0,0.0
2021-07-06,SYN17,0.3427468083410834,False,0.0,0.0
2021-07-06,SYN18,0.5496566762769362,False,0.0,0.0
2021-07-06,SYN19,0.34457096241094404,False,0.0,0.0
2021-07-06,SYN20,0.20989341041859005,False,0.0,0.0
2021-07-06,SYN21,0.3971144608134637,False,0.0,0.0
2021-07-06,SYN22,0.37161700429957517,False,0.0,0.0
2021-07-06,SYN23,0.32885552008131835,False,0.0,0.0
2021-08-04,SYN00,0.689749263154954,True,0.16664494306007852,0.1665559971554964
2021-08-04,SYN01,0.8510582146101418,True,0.16664493497496255,0.16655598907469585
2021-08-04,SYN02,0.8060962390157025,True,0.16664492721261673,0.16655598131649313
2021-08-04,SYN03,0.6353178781544556,True,0.16664495838238774,0.16655601246962745
2021-08-04,SYN04,0.6988386774401685,True,0.16664494101685695,0.1665559951133654
2021-08-04,SYN05,0.6637498365741825,True,0.16664494014454603,0.16655598842905428
2021-08-04,SYN06,0.6889150827094758,True,8.357146361615294e-05,8.352685776558172e-05
2021-08-04,SYN07,0.6482336825414678,True,4.20887591748083e-06,4.206629451018184e-06
2021-08-04,SYN08,0.7031658285331408,True,0.0,5.776297096234965e-09
2021-08-04,SYN09,0.4366895771388954,False,0.0,0.0005337448968728651
2021-08-04,SYN10,0.7451047689023349,True,0.0,3.616873493339694e-11
2021-08-04,SYN11,0.653306235097989,True,4.2574869017943464e-05,4.2552144894620386e-05
2021-08-04,SYN12,0.532271805258885,True,0.0,0.0
2021-08-04,SYN13,0.3115657815702434,False,0.0,0.0
2021-08-04,SYN14,0.3860466460299601,False,0.0,0.0
2021-08-04,SYN15,0.45198466052873604,False,0.0,0.0
2021-08-04,SYN16,0.24026173475164495,False,0.0,0.0
2021-08-04,SYN17,0.4161650708372084,False,0.0,0.0
2021-08-04,SYN18,0.5092033381384681,False,0.0,0.0
2021-08-04,SYN19,0.278535481205472,False,0.0,0.0
2021-08-04,SYN20,0.1591133718759617,False,0.0,0.0
2021-08-04,SYN21,0.33501556374006514,False,0.0,0.0
2021-08-04,SYN22,0.26810016881645427,False,0.0,0.0
2021-08-04,SYN23,0.3915110933739925,False,0.0,0.0
2021-09-02,SYN00,0.760499631577477,True,0.16655599717212163,0.16655599716464028
2021-09-02,SYN01,0.8953207739717375,True,0.16655598909132108,0.16655598908383973
2021-09-02,SYN02,0.8520064528411846,True,0.16655598133311836,0.166555981325637
2021-09-02,SYN03,0.7134922724105611,True,0.16655601248625268,0.16655601247877133
2021-09-02,SYN04,0.7744193387200842,True,0.16655599512999064,0.1665559951225093
2021-09-02,SYN05,0.7787499182870913,True,0.16655599425814527,0.16655599163505433
2021-09-02,SYN06,0.6892492080214045,True,8.352685777391917e-05,8.352685777016731e-05
2021-09-02,SYN07,0.6282835079374006,True,4.206629451438079e-06,4.206629451249127e-06
2021-09-02,SYN08,0.6922079142665705,True,0.0,2.5993336933057343e-09
2021-09-02,SYN09,0.517303121902781,True,0.0005337448969261422,0.0005337448969021675
2021-09-02,SYN10,0.7090107177845008,True,0.0,1.6275930720028622e-11
2021-09-02,SYN11,0.5735281175489945,True,4.2552144898867836e-05,4.255214489695648e-05
2021-09-02,SYN12,0.45467756929610914,False,0.0,0.0
2021-09-02,SYN13,0.3089078907851217,False,0.0,0.0
2021-09-02,SYN14,0.34198165634831335,False,0.0,0.0
2021-09-02,SYN15,0.4364089969310347,False,0.0,0.0
2021-09-02,SYN16,0.23158920070915578,False,0.0,0.0
2021-09-02,SYN17,0.39349920208527084,False,0.0,0.0
2021-09-02,SYN18,0.445226669069234,False,0.0,0.0
2021-09-02,SYN19,0.236142740602736,False,0.0,0.0
2021-09-02,SYN20,0.17122335260464752,False,0.0,0.0
2021-09-02,SYN21,0.2758411152033659,False,0.0,0.0
2021-09-02,SYN22,0.2163417510748938,False,0.0,0.0
2021-09-02,SYN23,0.4040888800203296,False,0.0,0.0
2021-10-01,SYN00,0.7864998157887385,True,0.16656308478864035,0.16655989535784033
2021-10-01,SYN01,0.8799520536525354,True,0.16656307670749593,0.16655988727685064
2021-10-01,SYN02,0.8687115597539257,True,0.16656306894896308,0.16655987951846635
2021-10-01,SYN03,0.7432044695386139,True,0.16656310271914399,0.1665599121109763
2021-10-01,SYN04,0.7747096693600422,True,0.16656308274642245,0.16655989331566154
2021-10-01,SYN05,0.8518749591435457,True,0.1665630792588191,0.16655988982812495
2021-10-01,SYN06,0.708166270677369,True,8.353041217212138e-05,8.352881269124205e-05
2021-10-01,SYN07,0.6183084206353671,True,4.2068084601612385e-06,4.206727906150788e-06
2021-10-01,SYN08,0.6492289571332852,True,0.0,1.1697001619875803e-09
2021-10-01,SYN09,0.6326098942847238,True,0.0005337676098828202,0.0005337573890415265
2021-10-01,SYN10,0.6440886922255837,True,0.0,7.32416882401288e-12
2021-10-01,SYN11,0.5430140587744972,False,0.0,1.9148465203630416e-05
2021-10-01,SYN12,0.40025545131472123,False,0.0,0.0
2021-10-01,SYN13,0.32632894539256085,False,0.0,0.0
2021-10-01,SYN14,0.32619916150749,False,0.0,0.0
2021-10-01,SYN15,0.559871165132184,True,0.0,0.0
2021-10-01,SYN16,0.2366279336879112,False,0.0,0.0
2021-10-01,SYN17,0.3790412677093021,False,0.0,0.0
2021-10-01,SYN18,0.413238334534617,False,0.0,0.0
2021-10-01,SYN19,0.227446370301368,False,0.0,0.0
2021-10-01,SYN20,0.18352834296899045,False,0.0,0.0
2021-10-01,SYN21,0.24625389093501626,False,0.0,0.0
2021-10-01,SYN22,0.18525420887078026,False,0.0,0.0
2021-10-01,SYN23,0.3155861066768315,False,0.0,0.0
2021-11-01,SYN00,0.7994999078943692,True,0.16656308478864038,0.16656164954478037
2021-11-01,SYN01,0.8691426934929344,True,0.16656307788454275,0.1665616421110813
2021-11-01,SYN02,0.8833141132102962,True,0.16656306894896308,0.16656163370523955
2021-11-01,SYN03,0.7455605681026403,True,0.16656310154209714,0.16656166629809274
2021-11-01,SYN04,0.7342298346800211,True,0.16656308274642248,0.16656164750258007
2021-11-01,SYN05,0.8540624795717728,True,0.1665630792588191,0.16656164401500673
2021-11-01,SYN06,0.6894998020053511,True,8.353041217212138e-05,8.352969240572568e-05
2021-11-01,SYN07,0.6226958769843502,True,4.2068084601612385e-06,4.206772210856536e-06
2021-11-01,SYN08,0.6277394785666426,True,0.0,5.26365072894411e-10
2021-11-01,SYN09,0.6871382804756951,True,0.0005337676098828202,0.000533763010504238
2021-11-01,SYN10,0.6428776794461253,True,0.0,3.2958759708057952e-12
2021-11-01,SYN11,0.46525702938724856,False,0.0,8.616809341633687e-06
2021-11-01,SYN12,0.4042943923240273,False,0.0,0.0
2021-11-01,SYN13,0.3819144726962804,False,0.0,0.0
2021-11-01,SYN14,0.27143291408707837,False,0.0,0.0
2021-11-01,SYN15,0.6434772492327587,True,0.0,0.0
2021-11-01,SYN16,0.23602230017728892,False,0.0,0.0
2021-11-01,SYN17,0.34681230052131773,False,0.0,0.0
2021-11-01,SYN18,0.3941191672673085,False,0.0,0.0
2021-11-01,SYN19,0.24497318515068398,False,0.0,0.0
2021-11-01,SYN20,0.1803058381511619,False,0.0,0.0
2021-11-01,SYN21,0.35958527880084146,False,0.0,0.0
2021-11-01,SYN22,0.14158543776872345,False,0.0,0.0
2021-11-01,SYN23,0.27445972000508245,False,0.0,0.0
2021-11-30,SYN00,0.8528749539471846,True,0.16656308478864038,0.16656243892890338
2021-11-30,SYN01,0.7949880134131339,True,0.16656307735487724,0.16656243149516906
2021-11-30,SYN02,0.8770737232718148,True,0.16656306894896306,0.16656242308928748
2021-11-30,SYN03,0.7154886173846535,True,0.1665631015420971,0.16656245568229514
2021-11-30,SYN04,0.6889899173400105,True,0.1665630832760882,0.16656243717800956
2021-11-30,SYN05,0.8114062397858864,True,0.16656307925881908,0.1665624333991035
2021-11-30,SYN06,0.5770415676693422,True,8.353041217212138e-05,8.353008827724331e-05
2021-11-30,SYN07,0.5821812718255084,True,4.206808460161238e-06,4.2067921479741215e-06
2021-11-30,SYN08,0.5919947392833214,True,0.0,2.3686428280248495e-10
2021-11-30,SYN09,0.6956524735711809,True,0.0005337676098828202,0.0005337655401624582
2021-11-30,SYN10,0.6797721730563959,True,0.0,1.4831441868626077e-12
2021-11-30,SYN11,0.36700351469362424,False,0.0,3.877564203735158e-06
2021-11-30,SYN12,0.3938138628286803,False,0.0,0.0
2021-11-30,SYN13,0.5253322363481402,False,0.0,0.0
2021-11-30,SYN14,0.26592479037687256,False,0.0,0.0
2021-11-30,SYN15,0.6915302912830461,True,0.0,0.0
2021-11-30,SYN16,0.3138444834219778,False,0.0,0.0
2021-11-30,SYN17,0.3025728169273255,False,0.0,0.0
2021-11-30,SYN18,0.3876845836336542,False,0.0,0.0
2021-11-30,SYN19,0.331861592575342,False,0.0,0.0
2021-11-30,SYN20,0.1786945857422476,False,0.0,0.0
2021-11-30,SYN21,0.43500097273375404,False,0.0,0.0
2021-11-30,SYN22,0.19475105221769506,False,0.0,0.0
2021-11-30,SYN23,0.2445215266692079,False,0.0,0.0
2021-12-29,SYN00,0.8795624769735924,True,0.16657699903402806,0.16657044698672197
2021-12-29,SYN01,0.7141606733732336,True,0.16657699159964393,0.16657043955263023
2021-12-29,SYN02,0.8874951949692407,True,0.16657698319302755,0.1665704311463445
2021-12-29,SYN03,0.6817026420256601,True,0.16657701578888434,0.1665704637409192
2021-12-29,SYN04,0.6101199586700052,True,0.1665769972829812,0.16657044523574396
2021-12-29,SYN05,0.7588281198929432,True,0.1665769935037448,0.16657044145665623
2021-12-29,SYN06,0.5208124505013378,False,0.0,3.758853972475949e-05
2021-12-29,SYN07,0.6890073025794209,True,4.2071598859605855e-06,4.206994403866676e-06
2021-12-29,SYN08,0.6678723696416606,True,0.0,1.0658892726111822e-10
2021-12-29,SYN09,0.7155345701189237,True,0.0005338121994358615,0.00053379120276283
2021-12-29,SYN10,0.6669694198615312,True,0.0,6.674148840881734e-13
2021-12-29,SYN11,0.3303767573468121,False,0.0,1.7449038916808212e-06
2021-12-29,SYN12,0.3979485980810068,False,0.0,0.0
2021-12-29,SYN13,0.5407911181740701,True,0.0,0.0
2021-12-29,SYN14,0.3350457285217696,False,0.0,0.0
2021-12-29,SYN15,0.7124318123081897,True,0.0,0.0
2021-12-29,SYN16,0.32775557504432223,False,0.0,0.0
2021-12-29,SYN17,0.2804530751303294,False,0.0,0.0
2021-12-29,SYN18,0.39071729181682713,False,0.0,0.0
2021-12-29,SYN19,0.356555796287671,False,0.0,0.0
2021-12-29,SYN20,0.23413895953779046,False,0.0,0.0
2021-12-29,SYN21,0.4258338197002104,False,0.0,0.0
2021-12-29,SYN22,0.22133385944218087,False,0.0,0.0
2021-12-29,SYN23,0.1545524300012706,False,0.0,0.0
2022-01-27,SYN00,0.8741562384867962,True,0.1665769990558676,0.16657405062475206
2022-01-27,SYN01,0.7018720033532835,True,0.16657699162148346,0.1665740431904995
2022-01-27,SYN02,0.8739559308179536,True,0.16657698321486705,0.1665740347840319
2022-01-27,SYN03,0.6366846543461634,True,0.16657701581072384,0.16657406737931174
2022-01-27,SYN04,0.6363099793350027,True,0.16657699741208137,0.16657404893272953
2022-01-27,SYN05,0.7137890599464716,True,0.16657699352558433,0.1665740450945667
2022-01-27,SYN06,0.4739478919173356,False,0.0,1.6914842876141767e-05
2022-01-27,SYN07,0.7174203179563772,True,4.207159886512176e-06,4.207085419321701e-06
2022-01-27,SYN08,0.7058111848208304,True,0.0,4.7965017267503195e-11
2022-01-27,SYN09,0.6754756183927952,True,0.0005338121995058484,0.0005338027509714902
2022-01-27,SYN10,0.6855680432640989,True,0.0,3.00336697839678e-13
2022-01-27,SYN11,0.3370633786734061,False,0.0,7.852067512563695e-07
2022-01-27,SYN12,0.47189096570717004,False,0.0,0.0
2022-01-27,SYN13,0.5235205590870351,True,0.0,0.0
2022-01-27,SYN14,0.32585619759421813,False,0.0,0.0
2022-01-27,SYN15,0.7353825728207616,True,0.0,0.0
2022-01-27,SYN16,0.29721112085549445,False,0.0,0.0
2022-01-27,SYN17,0.29439320423183135,False,0.0,0.0
2022-01-27,SYN18,0.46723364590841354,False,0.0,0.0
2022-01-27,SYN19,0.4189028981438355,False,0.0,0.0
2022-01-27,SYN20,0.2806111464355619,False,0.0,0.0
2022-01-27,SYN21,0.4025002431834385,False,0.0,0.0
2022-01-27,SYN22,0.13150026305442378,False,0.0,0.0
2022-01-27,SYN23,0.11894288166730196,False,0.0,0.0
2022-02-25,SYN00,0.9183281192433981,True,0.16657699905586762,0.16657567226186562
2022-02-25,SYN01,0.6582276683433084,True,0.16657699162148348,0.1665756648275407
2022-02-25,SYN02,0.8703112987423101,True,0.16657698321486708,0.16657565642099126
2022-02-25,SYN03,0.7110506605064151,True,0.16657701581072384,0.1665756890165884
2022-02-25,SYN04,0.6462799896675013,True,0.16657699741208123,0.16657567059637296
2022-02-25,SYN05,0.6881445299732358,True,0.16657699352558436,0.1665756667316264
2022-02-25,SYN06,0.45051561262533446,False,0.0,7.611679294263794e-06
2022-02-25,SYN07,0.7847518256448553,True,4.207159886512176e-06,4.207126376276462e-06
2022-02-25,SYN08,0.7310305924104152,True,0.0,2.1584257770376436e-11
2022-02-25,SYN09,0.6585711425297309,True,0.0005338121995058485,0.0005338079476653873
2022-02-25,SYN10,0.6261173549653828,True,0.0,1.351515140278551e-13
2022-02-25,SYN11,0.377906689336703,False,0.0,3.5334303806536624e-07
2022-02-25,SYN12,0.5932371495202517,True,0.0,0.0
2022-02-25,SYN13,0.5461352795435175,False,0.0,0.0
2022-02-25,SYN14,0.2962614321304424,False,0.0,0.0
2022-02-25,SYN15,0.5906079530770474,True,0.0,0.0
2022-02-25,SYN16,0.28193889376108056,False,0.0,0.0
2022-02-25,SYN17,0.3607382687825823,False,0.0,0.0
2022-02-25,SYN18,0.43674182295420677,False,0.0,0.0
2022-02-25,SYN19,0.3719514490719178,False,0.0,0.0
2022-02-25,SYN20,0.3694722398844476,False,0.0,0.0
2022-02-25,SYN21,0.3439584549250526,False,0.0,0.0
2022-02-25,SYN22,0.08658346486054522,False,0.0,0.0
2022-02-25,SYN23,0.10113810750031765,False,0.0,0.0
2022-03-28,SYN00,0.9310390596216991,True,0.16657573112472496,0.16657570463643825
2022-03-28,SYN01,0.6645305008383209,True,0.16657572369039741,0.16657569720211188
2022-03-28,SYN02,0.8518223160378218,True,0.16657571528384502,0.16657568879556084
2022-03-28,SYN03,0.8044836635865409,True,0.16657574787945367,0.1665757213911643
2022-03-28,SYN04,0.6825149948337507,True,0.16657572948095095,0.16657570298289084
2022-03-28,SYN05,0.6940722649866179,True,0.1665757255944838,0.166575699106198
2022-03-28,SYN06,0.5137994729793338,True,7.6116819840035476e-06,7.611680773620658e-06
2022-03-28,SYN07,0.803834246155761,True,4.207127862949064e-06,4.207127193946393e-06
2022-03-28,SYN08,0.7686402962052077,True,0.0,9.712915996669396e-12
2022-03-28,SYN09,0.5876189045981988,True,0.0005338081362971467,0.000533808051412855
2022-03-28,SYN10,0.5713920108160246,True,0.0,6.08181813125348e-14
2022-03-28,SYN11,0.3702033446683515,False,0.0,1.590043671294148e-07
2022-03-28,SYN12,0.6476602414267926,True,0.0,0.0
2022-03-28,SYN13,0.44181763977175875,False,0.0,0.0
2022-03-28,SYN14,0.36896404939855454,False,0.0,0.0
2022-03-28,SYN15,0.4775956432051903,False,0.0,0.0
2022-03-28,SYN16,0.29617778021387364,False,0.0,0.0
2022-03-28,SYN17,0.40953580105795784,False,0.0,0.0
2022-03-28,SYN18,0.3589959114771034,False,0.0,0.0
2022-03-28,SYN19,0.40785072453595894,False,0.0,0.0
2022-03-28,SYN20,0.4014027866088905,False,0.0,0.0
2022-03-28,SYN21,0.27718756079585966,False,0.0,0.0
2022-03-28,SYN22,0.06412506576360594,False,0.0,0.0
2022-03-28,SYN23,0.1047357204168255,False,0.0,0.0
2022-04-26,SYN00,0.9373945298108495,True,0.16657573112472498,0.16657571920499595
2022-04-26,SYN01,0.6208069170858271,True,0.16657572370017096,0.16657571177604438
2022-04-26,SYN02,0.7769528246855775,True,0.16657571528384504,0.16657570336411714
2022-04-26,SYN03,0.7949501651266038,True,0.1665757478794537,0.16657573595972347
2022-04-26,SYN04,0.7193824974168753,True,0.1665757294711773,0.1665757175514484
2022-04-26,SYN05,0.7064111324933089,True,0.16657572559448383,0.1665757136747552
2022-04-26,SYN06,0.5860664031563336,True,7.611681984003548e-06,7.611681439331248e-06
2022-04-26,SYN07,0.8008754564112138,True,4.207127862949064e-06,4.207127561897862e-06
2022-04-26,SYN08,0.6561951481026038,True,0.0,4.3708121985012276e-12
2022-04-26,SYN09,0.5833927856324327,True,0.0005338081362971468,0.0005338080980992155
2022-04-26,SYN10,0.5440293387413456,True,0.0,2.736818159064065e-14
2022-04-26,SYN11,0.36947667233417575,False,0.0,7.155196520823665e-08
2022-04-26,SYN12,0.681121787380063,True,0.0,0.0
2022-04-26,SYN13,0.4021588198858794,False,0.0,0.0
2022-04-26,SYN14,0.3553153580326106,False,0.0,0.0
2022-04-26,SYN15,0.3960894882692618,False,0.0,0.0
2022-04-26,SYN16,0.33142222344027017,False,0.0,0.0
2022-04-26,SYN17,0.4526845671956456,False,0.0,0.0
2022-04-26,SYN18,0.3138729557385517,False,0.0,0.0
2022-04-26,SYN19,0.47580036226797945,False,0.0,0.0
2022-04-26,SYN20,0.4704930599711119,False,0.0,0.0
2022-04-26,SYN21,0.3500521137312632,False,0.0,0.0
2022-04-26,SYN22,0.07685419954846964,False,0.0,0.0
2022-04-26,SYN23,0.09820119354174608,False,0.0,0.0
2022-05-25,SYN00,0.9311972649054248,True,0.16657573112472954,0.16657572576084942
2022-05-25,SYN01,0.5958201252095803,True,0.16657572369577744,0.16657571833189758
2022-05-25,SYN02,0.6926430790094553,True,0.1665757152838496,0.16657570991997
2022-05-25,SYN03,0.8089334158966353,True,0.16657574787945825,0.1665757425155776
2022-05-25,SYN04,0.6596912487084376,True,0.16657572947118188,0.16657572410730181
2022-05-25,SYN05,0.6625805662466544,True,0.1665757255944884,0.16657572023060846
2022-05-25,SYN06,0.6274082015781668,True,7.611686354824787e-06,7.611684142852694e-06
2022-05-25,SYN07,0.7150210615389403,True,4.20712786294918e-06,4.207127727476087e-06
2022-05-25,SYN08,0.6416392407179685,True,0.0,1.9668654893255524e-12
2022-05-25,SYN09,0.5812797261495497,True,0.0005338081362971614,0.0005338081191080857
2022-05-25,SYN10,0.5147230027040062,False,0.0,1.2315681715788293e-14
2022-05-25,SYN11,0.3159883361670879,False,0.0,3.219838434370649e-08
2022-05-25,SYN12,0.7041025603566982,True,0.0,0.0
2022-05-25,SYN13,0.3604544099429397,False,0.0,0.0
2022-05-25,SYN14,0.40786601234963865,False,0.0,0.0
2022-05-25,SYN15,0.35846141080129756,False,0.0,0.0
2022-05-25,SYN16,0.38029444505346843,False,0.0,0.0
2022-05-25,SYN17,0.5023839502644895,False,0.0,0.0
2022-05-25,SYN18,0.3381864778692758,False,0.0,0.0
2022-05-25,SYN19,0.5254001811339897,True,0.0,0.0
2022-05-25,SYN20,0.49566319665222264,False,0.0,0.0
2022-05-25,SYN21,0.367734390198965,False,0.0,0.0
2022-05-25,SYN22,0.22384376644090148,False,0.0,0.0
2022-05-25,SYN23,0.08868393010420637,False,0.0,0.0
2022-06-23,SYN00,0.9093486324527124,True,0.166664698096607,0.16662466054551608
2022-06-23,SYN01,0.6583267292714567,True,0.16666469066565515,0.16662465311546423
2022-06-23,SYN02,0.6879882061713943,True,0.16666468224726655,0.16662464469998312
2022-06-23,SYN03,0.797175041281651,True,0.1666647148602843,0.16662467730516628
2022-06-23,SYN04,0.6548456243542189,True,0.16666469644217619,0.16662465889148273
2022-06-23,SYN05,0.6208736164566605,True,0.16666469256341218,0.1666246550136505
2022-06-23,SYN06,0.6199541007890834,True,7.615749737129082e-06,7.6139202197047075e-06
2022-06-23,SYN07,0.6200105307694701,True,4.209374861498972e-06,4.208363651188674e-06
2022-06-23,SYN08,0.6593612870256509,True,0.0,8.850894701964985e-13
2022-06-23,SYN09,0.4927231964081082,False,0.0,0.0002402136535986385
2022-06-23,SYN10,0.45631983468533643,False,0.0,5.542056772104731e-15
2022-06-23,SYN11,0.31736916808354393,False,0.0,1.4489272954667921e-08
2022-06-23,SYN12,0.7218429468450158,True,0.0,0.0
2022-06-23,SYN13,0.31772720497146983,False,0.0,0.0
2022-06-23,SYN14,0.4403913395081527,False,0.0,0.0
2022-06-23,SYN15,0.43964737206731547,False,0.0,0.0
2022-06-23,SYN16,0.41098055586006754,False,0.0,0.0
2022-06-23,SYN17,0.5272336417989114,True,0.0,0.0
2022-06-23,SYN18,0.3034682389346379,False,0.0,0.0
2022-06-23,SYN19,0.5127000905669948,False,0.0,0.0
2022-06-23,SYN20,0.517623264992778,True,0.0,0.0
2022-06-23,SYN21,0.3672005284328158,False,0.0,0.0
2022-06-23,SYN22,0.3442135498871174,False,0.0,0.0
2022-06-23,SYN23,0.10267529838543651,False,0.0,0.0
2022-07-22,SYN00,0.8702993162263561,True,0.1666246629599712,0.1666246618734664
2022-07-22,SYN01,0.736455031302395,True,0.16662465553080424,0.16662465444390123
2022-07-22,SYN02,0.7231607697523639,True,0.166624647114438,0.1666246460279333
2022-07-22,SYN03,0.7631708539741588,True,0.16662467971962164,0.16662467863311672
2022-07-22,SYN04,0.6367978121771094,True,0.1666246613059378,0.16662466021943304
2022-07-22,SYN05,0.6573118082283302,True,0.16662465742810553,0.16662465634160079
2022-07-22,SYN06,0.7256020503945417,True,7.6139203300333256e-06,7.613920280385447e-06
2022-07-22,SYN07,0.6683385987180683,True,4.208363712169474e-06,4.208363684728114e-06
2022-07-22,SYN08,0.6775973101794921,True,0.0,3.982902615884243e-13
2022-07-22,SYN09,0.5390699315373874,True,0.0002402136570794263,0.0002402136555130718
2022-07-22,SYN10,0.4552432506760015,False,0.0,2.493925547447129e-15
2022-07-22,SYN11,0.433684584041772,False,0.0,6.520172829600564e-09
2022-07-22,SYN12,0.6994631400891747,True,0.0,0.0
2022-07-22,SYN13,0.2963636024857349,False,0.0,0.0
2022-07-22,SYN14,0.35352900308740964,False,0.0,0.0
2022-07-22,SYN15,0.4458653527003244,False,0.0,0.0
2022-07-22,SYN16,0.4919486112633671,False,0.0,0.0
2022-07-22,SYN17,0.38965848756612237,False,0.0,0.0
2022-07-22,SYN18,0.273609119467319,False,0.0,0.0
2022-07-22,SYN19,0.40322504528349745,False,0.0,0.0
2022-07-22,SYN20,0.5077699658297223,True,0.0,0.0
2022-07-22,SYN21,0.26589193088307456,False,0.0,0.0
2022-07-22,SYN22,0.380440108276892,False,0.0,0.0
2022-07-22,SYN23,0.10550431585938491,False,0.0,0.0
2022-08-22,SYN00,0.8038996581131781,True,0.16662466187354957,0.16662466187351213
2022-08-22,SYN01,0.7880191823178642,True,0.16662466096455553,0.1666246580302611
2022-08-22,SYN02,0.7407470515428487,True,0.1666246460280165,0.16662464602797905
2022-08-22,SYN03,0.7930437603204128,True,0.1666246786331999,0.16662467863316247
2022-08-22,SYN04,0.6590239060885548,True,0.16662466021951622,0.16662466021947878
2022-08-22,SYN05,0.6505309041141651,True,0.16662465634168397,0.16662465634164653
2022-08-22,SYN06,0.7253010251972709,True,7.613920280389248e-06,7.613920280387538e-06
2022-08-22,SYN07,0.6831276326923674,True,4.208363684730215e-06,4.208363684729269e-06
2022-08-22,SYN08,0.7210903217564127,True,0.0,1.7923061771479092e-13
2022-08-22,SYN09,0.502868299102027,True,0.0002402136555131917,0.00024021365551313775
2022-08-22,SYN10,0.46720495867133405,False,0.0,1.122266496351208e-15
2022-08-22,SYN11,0.544967292020886,True,0.0,2.9340777733202534e-09
2022-08-22,SYN12,0.713273236711254,True,0.0,0.0
2022-08-22,SYN13,0.27943180124286743,False,0.0,0.0
2022-08-22,SYN14,0.3225978348770382,False,0.0,0.0
2022-08-22,SYN15,0.48334934301682886,False,0.0,0.0
2022-08-22,SYN16,0.4699326389650169,False,0.0,0.0
2022-08-22,SYN17,0.34587091044972784,False,0.0,0.0
2022-08-22,SYN18,0.28367955973365944,False,0.0,0.0
2022-08-22,SYN19,0.3141125226417487,False,0.0,0.0
2022-08-22,SYN20,0.4924266495815278,False,0.0,0.0
2022-08-22,SYN21,0.20065429877487062,False,0.0,0.0
2022-08-22,SYN22,0.39542838747177933,False,0.0,0.0
2022-08-22,SYN23,0.11941882459635912,False,0.0,0.0
2022-09-20,SYN00,0.742574829056589,True,0.16662466187354955,0.1666246618735327
2022-09-20,SYN01,0.7825512578255988,True,0.16662466096455567,0.16662465964412312
2022-09-20,SYN02,0.8099568591047577,True,0.16662464602801647,0.16662464602799962
2022-09-20,SYN03,0.8298552134935397,True,0.16662467863319988,0.16662467863318303
2022-09-20,SYN04,0.6482619530442774,True,0.1666246602195162,0.16662466021949934
2022-09-20,SYN05,0.6815154520570825,True,0.16662465634168394,0.1666246563416671
2022-09-20,SYN06,0.7251505125986355,True,7.613920280389248e-06,7.613920280388478e-06
2022-09-20,SYN07,0.7332304830128504,True,4.208363684730215e-06,4.208363684729789e-06
2022-09-20,SYN08,0.752211827544873,True,0.0,8.06537779716559e-14
2022-09-20,SYN09,0.5337258162176801,True,0.00024021365551319169,0.00024021365551316743
2022-09-20,SYN10,0.5013108126690003,False,0.0,5.050199233580435e-16
2022-09-20,SYN11,0.550608646010443,True,0.0,1.320334997994114e-09
2022-09-20,SYN12,0.6493449516889603,True,0.0,0.0
2022-09-20,SYN13,0.30221590062143366,False,0.0,0.0
2022-09-20,SYN14,0.2727572507718524,False,0.0,0.0
2022-09-20,SYN15,0.5020913381750811,False,0.0,0.0
2022-09-20,SYN16,0.3807996528158418,False,0.0,0.0
2022-09-20,SYN17,0.2771021218915306,False,0.0,0.0
2022-09-20,SYN18,0.32308977986682974,False,0.0,0.0
2022-09-20,SYN19,0.22893126132087435,False,0.0,0.0
2022-09-20,SYN20,0.47954665812409725,False,0.0,0.0
2022-09-20,SYN21,0.173243816054102,False,0.0,0.0
2022-09-20,SYN22,0.4362558604025564,False,0.0,0.0
2022-09-20,SYN23,0.1836677456315129,False,0.0,0.0
2022-10-19,SYN00,0.7494124145282945,True,0.16662466187354955,0.16662466187354197
2022-10-19,SYN01,0.789192295579466,True,0.1666246609645557,0.16662466037036103
2022-10-19,SYN02,0.8591450962190454,True,0.16662464602801647,0.1666246460280089
2022-10-19,SYN03,0.8388859400801032,True,0.16662467863319988,0.1666246786331923
2022-10-19,SYN04,0.7085059765221386,True,0.1666246602195162,0.1666246602195086
2022-10-19,SYN05,0.7407577260285413,True,0.16662465634168394,0.16662465634167636
2022-10-19,SYN06,0.7438252562993177,True,7.613920280389248e-06,7.6139202803889016e-06
2022-10-19,SYN07,0.7936985748397585,True,4.2083636847302155e-06,4.208363684730024e-06
2022-10-19,SYN08,0.7677725804391031,True,0.0,3.6294200087245154e-14
2022-10-19,SYN09,0.5814462414421734,True,0.0002402136555131917,0.0002402136555131808
2022-10-19,SYN10,0.5652387396678336,False,0.0,2.2725896551111955e-16
2022-10-19,SYN11,0.5815543230052216,True,0.0,5.941507490973512e-10
2022-10-19,SYN12,0.5913391425111468,True,0.0,0.0
2022-10-19,SYN13,0.34485795031071687,False,0.0,0.0
2022-10-19,SYN14,0.27908695871925954,False,0.0,0.0
2022-10-19,SYN15,0.4458373357542072,False,0.0,0.0
2022-10-19,SYN16,0.30498315974125423,False,0.0,0.0
2022-10-19,SYN17,0.22084272761243195,False,0.0,0.0
2022-10-19,SYN18,0.30216988993341487,False,0.0,0.0
2022-10-19,SYN19,0.21759063066043716,False,0.0,0.0
2022-10-19,SYN20,0.3439399957287153,False,0.0,0.0
2022-10-19,SYN21,0.1543302413603843,False,0.0,0.0
2022-10-19,SYN22,0.34729459686794484,False,0.0,0.0
2022-10-19,SYN23,0.2282922061490898,False,0.0,0.0
2022-11-17,SYN00,0.7622062072641473,True,0.16662466246773677,0.1666246622003491
2022-11-17,SYN01,0.7175128144563997,True,0.16662466037036858,0.1666246603703652
2022-11-17,SYN02,0.8368642147761893,True,0.16662464602801644,0.16662464602801305
2022-11-17,SYN03,0.8434013033733849,True,0.16662467863319985,0.16662467863319647
2022-11-17,SYN04,0.6636279882610694,True,0.16662466021951616,0.16662466021951278
2022-11-17,SYN05,0.7797538630142706,True,0.1666246563416839,0.16662465634168053
2022-11-17,SYN06,0.6729542948163255,True,7.613920280389246e-06,7.613920280389091e-06
2022-11-17,SYN07,0.8239326207532125,True,4.208363684730215e-06,4.208363684730129e-06
2022-11-17,SYN08,0.7807612902195515,True,0.0,1.6332390039260317e-14
2022-11-17,SYN09,0.64280645405442,True,0.00024021365551319166,0.00024021365551318678
2022-11-17,SYN10,0.6253277031672502,True,0.0,1.0226653448000379e-16
2022-11-17,SYN11,0.5220271615026109,True,0.0,2.67367837093808e-10
2022-11-17,SYN12,0.4998362379222401,False,0.0,0.0
2022-11-17,SYN13,0.4099289751553584,False,0.0,0.0
2022-11-17,SYN14,0.2885018126929631,False,0.0,0.0
2022-11-17,SYN15,0.4458353345437702,False,0.0,0.0
2022-11-17,SYN16,0.2670749132039605,False,0.0,0.0
2022-11-17,SYN17,0.21146303047288265,False,0.0,0.0
2022-11-17,SYN18,0.33233494496670746,False,0.0,0.0
2022-11-17,SYN19,0.18692031533021858,False,0.0,0.0
2022-11-17,SYN20,0.33655333119769104,False,0.0,0.0
2022-11-17,SYN21,0.1594567873468588,False,0.0,0.0
2022-11-17,SYN22,0.39135563176730576,False,0.0,0.0
2022-11-17,SYN23,0.29956276974121154,False,0.0,0.0
2022-12-16,SYN00,0.8342281036320737,True,0.16662466224490258,0.1666246622248535
2022-12-16,SYN01,0.6441730738948666,True,0.16662466041491866,0.1666246603948696
2022-12-16,SYN02,0.8725987740547614,True,0.16662464607256652,0.16662464605251745
2022-12-16,SYN03,0.8112839850200257,True,0.16662467867776623,0.16662467865770983
2022-12-16,SYN04,0.6755639941305347,True,0.16662466026406625,0.16662466024401718
2022-12-16,SYN05,0.7992519315071354,True,0.166624656386234,0.16662465636618493
2022-12-16,SYN06,0.5625188140748294,True,7.613920282424964e-06,7.613920281508821e-06
2022-12-16,SYN07,0.8109246437099396,True,4.208363685855396e-06,4.208363685349026e-06
2022-12-16,SYN08,0.7935056451097757,True,0.0,7.349575517667142e-15
2022-12-16,SYN09,0.6578615603605433,True,0.00024021365557741709,0.00024021365554851345
2022-12-16,SYN10,0.6366221849169584,True,0.0,4.60199405160017e-17
2022-12-16,SYN11,0.5328885807513054,False,0.0,1.203155266922136e-10
2022-12-16,SYN12,0.5415847856277867,True,0.0,0.0
2022-12-16,SYN13,0.3643394875776792,False,0.0,0.0
2022-12-16,SYN14,0.3244592396798149,False,0.0,0.0
2022-12-16,SYN15,0.4864593339385518,False,0.0,0.0
2022-12-16,SYN16,0.24812078993531358,False,0.0,0.0
2022-12-16,SYN17,0.209898181903108,False,0.0,0.0
2022-12-16,SYN18,0.2942924724833537,False,0.0,0.0
2022-12-16,SYN19,0.19658515766510928,False,0.0,0.0
2022-12-16,SYN20,0.3255683322655122,False,0.0,0.0
2022-12-16,SYN21,0.17868672700676275,False,0.0,0.0
2022-12-16,SYN22,0.42276114921698627,False,0.0,0.0
2022-12-16,SYN23,0.27582305153727243,False,0.0,0.0
2023-01-16,SYN00,0.8889890518160368,True,0.16662593102173354,0.16662536006313752
2023-01-16,SYN01,0.5856282036141,True,0.1666259290714119,0.16662535816696786
2023-01-16,SYN02,0.8342160536940473,True,0.16662591472895058,0.16662534382455568
2023-01-16,SYN03,0.7452253258433462,True,0.1666259473343912,0.1666253764298846
2023-01-16,SYN04,0.6502819970652673,True,0.16662592892055836,0.16662535801611483
2023-01-16,SYN05,0.7621259657535677,True,0.16662592504269658,0.16662535413826635
2023-01-16,SYN06,0.5229260737040813,False,0.0,3.426264126678969e-06
2023-01-16,SYN07,0.7137956551883031,True,4.20839572773865e-06,4.208381308663319e-06
2023-01-16,SYN08,0.7488361558882212,True,0.0,3.3073089829502135e-15
2023-01-16,SYN09,0.6539307801802716,True,0.00024021548453006527,0.00024021466148836694
2023-01-16,SYN10,0.5453944257918125,True,0.0,2.0708973232200763e-17
2023-01-16,SYN11,0.6039442903756527,True,0.0,5.4141987011496114e-11
2023-01-16,SYN12,0.57495905948056,True,0.0,0.0
2023-01-16,SYN13,0.33216974378883957,False,0.0,0.0
2023-01-16,SYN14,0.3830629531732408,False,0.0,0.0
2023-01-16,SYN15,0.4567713336359426,False,0.0,0.0
2023-01-16,SYN16,0.32614372830099014,False,0.0,0.0
2023-01-16,SYN17,0.35286575761822064,False,0.0,0.0
2023-01-16,SYN18,0.25027123624167685,False,0.0,0.0
2023-01-16,SYN19,0.18266757883255463,False,0.0,0.0
2023-01-16,SYN20,0.4304924994660894,False,0.0,0.0
2023-01-16,SYN21,0.16851003017004804,False,0.0,0.0
2023-01-16,SYN22,0.44783890794182646,False,0.0,0.0
2023-01-16,SYN23,0.33895319243530286,False,0.0,0.0
2023-02-14,SYN00,0.8413695259080184,True,0.16666596671353684,0.16664769372085714
2023-02-14,SYN01,0.5563557684737166,True,0.16666596481690507,0.1666476918244333
2023-02-14,SYN02,0.7712746935136903,True,0.16666595047099764,0.16664767748009876
2023-02-14,SYN03,0.6590709962550064,True,0.166665983138431,0.16664771011958512
2023-02-14,SYN04,0.6282659985326337,True,0.16666596466601527,0.16664769167356008
2023-02-14,SYN05,0.6956463162101172,True,0.16666596078722176,0.16664768779519182
2023-02-14,SYN06,0.5125047035187074,False,0.0,1.541818857005536e-06
2023-02-14,SYN07,0.6975228275941516,True,4.209406892454905e-06,4.208945379748692e-06
2023-02-14,SYN08,0.6390014112774439,True,0.0,1.4882890423275958e-15
2023-02-14,SYN09,0.5363403900901358,False,0.0,0.00010809659766976512
2023-02-14,SYN10,0.5435305462292396,True,0.0,9.319037954490343e-18
2023-02-14,SYN11,0.6207221451878263,True,0.0,2.4363894155173247e-11
2023-02-14,SYN12,0.6291461964069467,True,0.0,0.0
2023-02-14,SYN13,0.4254598718944198,False,0.0,0.0
2023-02-14,SYN14,0.4467398099199537,False,0.0,0.0
2023-02-14,SYN15,0.545052333484638,True,0.0,0.0
2023-02-14,SYN16,0.4495301974838284,False,0.0,0.0
2023-02-14,SYN17,0.443099545475777,False,0.0,0.0
2023-02-14,SYN18,0.21888561812083843,False,0.0,0.0
2023-02-14,SYN19,0.21633378941627732,False,0.0,0.0
2023-02-14,SYN20,0.495454583066378,False,0.0,0.0
2023-02-14,SYN21,0.14467168175169068,False,0.0,0.0
2023-02-14,SYN22,0.4666277873042466,False,0.0,0.0
2023-02-14,SYN23,0.31739326288431813,False,0.0,0.0
2023-03-15,SYN00,0.8081847629540092,True,0.16666570972108846,0.16665760252098435
2023-03-15,SYN01,0.551094550903525,True,0.1666657078244583,0.16665760062444707
2023-03-15,SYN02,0.8189706800901784,True,0.16666569347857302,0.1666575862792596
2023-03-15,SYN03,0.6722438314608365,True,0.16666572612158798,0.1666576189206867
2023-03-15,SYN04,0.7016329992663168,True,0.16666570767356878,0.16665760047356487
2023-03-15,SYN05,0.7228231581050586,True,0.1666657037947812,0.16665759659496598
2023-03-15,SYN06,0.5354190184260204,True,1.5419855404336845e-06,1.5419105328910176e-06
2023-03-15,SYN07,0.6904280804637425,True,4.209400401712912e-06,4.209195641829013e-06
2023-03-15,SYN08,0.5434590389720553,True,0.0,6.69730069047418e-16
2023-03-15,SYN09,0.4994201950450679,False,0.0,4.86434689513943e-05
2023-03-15,SYN10,0.5800986064479531,True,0.0,4.193567079520654e-18
2023-03-15,SYN11,0.5166110725939131,False,0.0,1.096375236982796e-11
2023-03-15,SYN12,0.69373976487014,True,0.0,0.0
2023-03-15,SYN13,0.5096049359472099,False,0.0,0.0
2023-03-15,SYN14,0.5160782382933101,False,0.0,0.0
2023-03-15,SYN15,0.5891928334089858,True,0.0,0.0
2023-03-15,SYN16,0.4362234320752475,False,0.0,0.0
2023-03-15,SYN17,0.4444664394045552,False,0.0,0.0
2023-03-15,SYN18,0.17506780906041922,False,0.0,0.0
2023-03-15,SYN19,0.20504189470813866,False,0.0,0.0
2023-03-15,SYN20,0.41543562486652236,False,0.0,0.0
2023-03-15,SYN21,0.160877507542512,False,0.0,0.0
2023-03-15,SYN22,0.4697722269854566,False,0.0,0.0
2023-03-15,SYN23,0.24411329810882573,False,0.0,0.0
2023-04-13,SYN00,0.7728423814770047,True,0.16665785949432077,0.16665774385631937
2023-04-13,SYN01,0.5859639421184292,True,0.16665785759778054,0.16665774195978048
2023-04-13,SYN02,0.8480270067117559,True,0.16665784325257096,0.16665772761458086
2023-04-13,SYN03,0.7882052490637517,True,0.16665787589404843,0.16665776025603565
2023-04-13,SYN04,0.7383164996331584,True,0.16665785744689812,0.16665774180889817
2023-04-13,SYN05,0.7020365790525294,True,0.16665785356829327,0.16665773793029598
2023-04-13,SYN06,0.5187511758796768,False,0.0,6.938597398009578e-07
2023-04-13,SYN07,0.7004223735652045,True,4.209202132088271e-06,4.209199211471605e-06
2023-04-13,SYN08,0.46131285281936096,False,0.0,3.013785310713381e-16
2023-04-13,SYN09,0.540335097522534,True,4.8643543955920476e-05,4.86435102038837e-05
2023-04-13,SYN10,0.48588263655730984,False,0.0,1.887105185784294e-18
2023-04-13,SYN11,0.39268053629695654,False,0.0,4.9336885664225815e-12
2023-04-13,SYN12,0.5854115491017367,True,0.0,0.0
2023-04-13,SYN13,0.539177467973605,True,0.0,0.0
2023-04-13,SYN14,0.5757474524799884,True,0.0,0.0
2023-04-13,SYN15,0.5487630833711595,True,0.0,0.0
2023-04-13,SYN16,0.5358200493709571,False,0.0,0.0
2023-04-13,SYN17,0.45764988636894427,False,0.0,0.0
2023-04-13,SYN18,0.1844089045302096,False,0.0,0.0
2023-04-13,SYN19,0.34314594735406934,False,0.0,0.0
2023-04-13,SYN20,0.35042614576659453,False,0.0,0.0
2023-04-13,SYN21,0.18148042043792267,False,0.0,0.0
2023-04-13,SYN22,0.3650944468260616,False,0.0,0.0
2023-04-13,SYN23,0.29809831572107953,False,0.0,0.0
2023-05-12,SYN00,0.7739211907385024,True,0.16666585106916867,0.16666220282338648
2023-05-12,SYN01,0.6971486377258813,True,0.16666584917253774,0.16666220092679698
2023-05-12,SYN02,0.8760968366892112,True,0.1666658348266403,0.16666218658121354
2023-05-12,SYN03,0.8649359578652092,True,0.16666586746968295,0.16666221922354166
2023-05-12,SYN04,0.8097832498165791,True,0.1666658490216481,0.16666220077591062
2023-05-12,SYN05,0.7416432895262647,True,0.16666584514285723,0.16666219689720466
2023-05-12,SYN06,0.547917254606505,True,6.938934932195997e-07,6.938783041812108e-07
2023-05-12,SYN07,0.729377853449269,True,4.209403971677425e-06,4.209311829584806e-06
2023-05-12,SYN08,0.4462814264096805,False,0.0,1.3562033898210212e-16
2023-05-12,SYN09,0.5097508820946003,False,0.0,2.1889579591747663e-05
2023-05-12,SYN10,0.5262746516119883,True,0.0,8.491973336029322e-19
2023-05-12,SYN11,0.34321526814847825,False,0.0,2.2201598548901613e-12
2023-05-12,SYN12,0.6374974412175349,True,0.0,0.0
2023-05-12,SYN13,0.5758387339868025,True,0.0,0.0
2023-05-12,SYN14,0.5399570595733275,True,0.0,0.0
2023-05-12,SYN15,0.47542320835224644,False,0.0,0.0
2023-05-12,SYN16,0.5012433580188118,False,0.0,0.0
2023-05-12,SYN17,0.3298666098511388,False,0.0,0.0
2023-05-12,SYN18,0.1797044522651048,False,0.0,0.0
2023-05-12,SYN19,0.3246979736770347,False,0.0,0.0
2023-05-12,SYN20,0.2512547395499639,False,0.0,0.0
2023-05-12,SYN21,0.19594854355229469,False,0.0,0.0
2023-05-12,SYN22,0.3492138900796975,False,0.0,0.0
2023-05-12,SYN23,0.2730074911938731,False,0.0,0.0
2023-06-12,SYN00,0.8025855953692512,True,0.1666622028237567,0.1666622028235901
2023-06-12,SYN01,0.7433659855296073,True,0.16666220092716705,0.16666220092700051
2023-06-12,SYN02,0.8765900850112722,True,0.1666621865815836,0.16666218658141707
2023-06-12,SYN03,0.9033013122659379,True,0.16666221922391172,0.1666622192237452
2023-06-12,SYN04,0.8455166249082895,True,0.1666622007762807,0.16666220077611416
2023-06-12,SYN05,0.7708216447631324,True,0.16666219689757472,0.1666621968974082
2023-06-12,SYN06,0.5750002939699191,True,6.938783041827516e-07,6.938783041820583e-07
2023-06-12,SYN07,0.7261472600579677,True,4.209311829594152e-06,4.209311829589947e-06
2023-06-12,SYN08,0.5137657132048403,False,0.0,6.102915254194595e-17
2023-06-12,SYN09,0.6038337743806335,True,2.188957959179627e-05,2.1889579591774395e-05
2023-06-12,SYN10,0.49959565913932746,False,0.0,3.8213880012131947e-19
2023-06-12,SYN11,0.3341076340742391,False,0.0,9.990719347005724e-13
2023-06-12,SYN12,0.5854153872754342,True,0.0,0.0
2023-06-12,SYN13,0.5722943669934013,True,0.0,0.0
2023-06-12,SYN14,0.578311863119997,True,0.0,0.0
2023-06-12,SYN15,0.3856282708427899,False,0.0,0.0
2023-06-12,SYN16,0.39333001234273923,False,0.0,0.0
2023-06-12,SYN17,0.32222497159223606,False,0.0,0.0
2023-06-12,SYN18,0.2117272261325524,False,0.0,0.0
2023-06-12,SYN19,0.39047398683851736,False,0.0,0.0
2023-06-12,SYN20,0.18604403644164863,False,0.0,0.0
2023-06-12,SYN21,0.23130760510948067,False,0.0,0.0
2023-06-12,SYN22,0.22877361170651542,False,0.0,0.0
2023-06-12,SYN23,0.21983707893026988,False,0.0,0.0
2023-07-11,SYN00,0.7919177976846257,True,0.16666220282375663,0.1666622028236817
2023-07-11,SYN01,0.7633496594314704,True,0.16666220092716705,0.1666622009270921
2023-07-11,SYN02,0.8987117091723027,True,0.1666621865815836,0.16666218658150866
2023-07-11,SYN03,0.9193589894663023,True,0.16666221922391183,0.16666221922383684
2023-07-11,SYN04,0.8196333124541447,True,0.1666622007762807,0.16666220077620575
2023-07-11,SYN05,0.8010358223815662,True,0.16666219689757472,0.16666219689749978
2023-07-11,SYN06,0.5979168136516262,True,6.938783041827516e-07,6.938783041824396e-07
2023-07-11,SYN07,0.7526569633623172,True,4.209311829594153e-06,4.20931182959226e-06
2023-07-11,SYN08,0.5100078566024202,True,0.0,2.7463118643875676e-17
2023-07-11,SYN09,0.62900022052365,True,2.1889579591796266e-05,2.1889579591786423e-05
2023-07-11,SYN10,0.45188116290299707,False,0.0,1.7196246005459374e-19
2023-07-11,SYN11,0.3764288170371195,False,0.0,4.495823706152576e-13
2023-07-11,SYN12,0.5343743603043838,True,0.0,0.0
2023-07-11,SYN13,0.5017721834967006,False,0.0,0.0
2023-07-11,SYN14,0.6131142648933319,True,0.0,0.0
2023-07-11,SYN15,0.3251058020880616,False,0.0,0.0
2023-07-11,SYN16,0.30187333950470296,False,0.0,0.0
2023-07-11,SYN17,0.4152791524627847,False,0.0,0.0
2023-07-11,SYN18,0.2839886130662762,False,0.0,0.0
2023-07-11,SYN19,0.42336199341925873,False,0.0,0.0
2023-07-11,SYN20,0.18156368488749097,False,0.0,0.0
2023-07-11,SYN21,0.19273713588807367,False,0.0,0.0
2023-07-11,SYN22,0.16542847251992437,False,0.0,0.0
2023-07-11,SYN23,0.24950187279846828,False,0.0,0.0
2023-08-09,SYN00,0.8678338988423129,True,0.16666220282375666,0.16666220282372293
2023-08-09,SYN01,0.7639664963824019,True,0.16666220092716705,0.16666220092713332
2023-08-09,SYN02,0.903522521252818,True,0.1666621865815836,0.16666218658154988
2023-08-09,SYN03,0.8148878280664844,True,0.16666221922391178,0.16666221922387806
2023-08-09,SYN04,0.8066916562270723,True,0.1666622007762807,0.16666220077624697
2023-08-09,SYN05,0.7692679111907832,True,0.16666219689757472,0.166662196897541
2023-08-09,SYN06,0.5781250734924798,True,6.938783041827516e-07,6.938783041826112e-07
2023-08-09,SYN07,0.769036815014492,True,4.209311829594152e-06,4.209311829593301e-06
2023-08-09,SYN08,0.5018789283012102,False,0.0,1.2358403389744052e-17
2023-08-09,SYN09,0.6759584435951583,True,2.1889579591796266e-05,2.1889579591791838e-05
2023-08-09,SYN10,0.41864891478483185,False,0.0,7.738310702456718e-20
2023-08-09,SYN11,0.44446440851855973,False,0.0,2.0231206677686592e-13
2023-08-09,SYN12,0.5463538468188586,True,0.0,0.0
2023-08-09,SYN13,0.5196360917483503,True,0.0,0.0
2023-08-09,SYN14,0.6336404657799992,True,0.0,0.0
2023-08-09,SYN15,0.32296956771069746,False,0.0,0.0
2023-08-09,SYN16,0.25614500308568483,False,0.0,0.0
2023-08-09,SYN17,0.511806242898059,False,0.0,0.0
2023-08-09,SYN18,0.27324430653313814,False,0.0,0.0
2023-08-09,SYN19,0.43355599670962935,False,0.0,0.0
2023-08-09,SYN20,0.17932350911041217,False,0.0,0.0
2023-08-09,SYN21,0.17032690127737016,False,0.0,0.0
2023-08-09,SYN22,0.12438090292662884,False,0.0,0.0
2023-08-09,SYN23,0.21433426973256747,False,0.0,0.0
2023-09-07,SYN00,0.8870419494211564,True,0.16666231846708984,0.16666226642757473
2023-09-07,SYN01,0.7330249148578676,True,0.1666623165704989,0.1666622645309844
2023-09-07,SYN02,0.9059279272930756,True,0.16666230222490552,0.1666622501853955
2023-09-07,SYN03,0.7657772473665756,True,0.16666233486745857,0.16666228282784734
2023-09-07,SYN04,0.7814708281135361,True,0.16666231641961246,0.16666226438009799
2023-09-07,SYN05,0.7065089555953916,True,0.1666623125409038,0.16666226050139055
2023-09-07,SYN06,0.5213542034129066,False,0.0,3.12245236882175e-07
2023-09-07,SYN07,0.7491017408405793,True,4.209314750345482e-06,4.2093134360070004e-06
2023-09-07,SYN08,0.46031446415060506,False,0.0,5.561281525384823e-18
2023-09-07,SYN09,0.7233958884642459,True,2.1889594780506744e-05,2.1889587945585037e-05
2023-09-07,SYN10,0.4145327907257492,False,0.0,3.4822398161055224e-20
2023-09-07,SYN11,0.5753572042592798,True,0.0,9.104043004958966e-14
2023-09-07,SYN12,0.6065102567427626,True,0.0,0.0
2023-09-07,SYN13,0.5066930458741752,False,0.0,0.0
2023-09-07,SYN14,0.581403566223333,True,0.0,0.0
2023-09-07,SYN15,0.3594014505220154,False,0.0,0.0
2023-09-07,SYN16,0.23328083487617576,False,0.0,0.0
2023-09-07,SYN17,0.4975697881156962,False,0.0,0.0
2023-09-07,SYN18,0.2991221532665691,False,0.0,0.0
2023-09-07,SYN19,0.5230279983548147,True,0.0,0.0
2023-09-07,SYN20,0.18757842122187277,False,0.0,0.0
2023-09-07,SYN21,0.1528717839720184,False,0.0,0.0
2023-09-07,SYN22,0.12364878479664776,False,0.0,0.0
2023-09-07,SYN23,0.20508380153295042,False,0.0,0.0
2023-10-06,SYN00,0.8497709747105782,True,0.16666231846708982,0.16666229504930802
2023-10-06,SYN01,0.6613041240956005,True,0.1666623165704989,0.16666229315271738
2023-10-06,SYN02,0.8508806303132044,True,0.1666623022249055,0.166662278807126
2023-10-06,SYN03,0.7412219570166212,True,0.16666233486736756,0.16666231144958346
2023-10-06,SYN04,0.703235414056768,True,0.16666231641961243,0.16666229300183094
2023-10-06,SYN05,0.6803378111310292,True,0.16666231254099487,0.16666228912317294
2023-10-06,SYN06,0.52109376837312,False,0.0,1.4051035659697874e-07
2023-10-06,SYN07,0.7339258704202897,True,4.209314750345481e-06,4.2093141588931645e-06
2023-10-06,SYN08,0.4207822320753025,False,0.0,2.5025766864231704e-18
2023-10-06,SYN09,0.7471146108987896,True,2.188959478050674e-05,2.1889591704791975e-05
2023-10-06,SYN10,0.4155997286962079,False,0.0,1.567007917247485e-20
2023-10-06,SYN11,0.6189286021296398,True,0.0,4.096819352231534e-14
2023-10-06,SYN12,0.5959634617047146,True,0.0,0.0
2023-10-06,SYN13,0.5689715229370875,True,0.0,0.0
2023-10-06,SYN14,0.5084101164449999,False,0.0,0.0
2023-10-06,SYN15,0.4619923919276744,False,0.0,0.0
2023-10-06,SYN16,0.22809875077142122,False,0.0,0.0
2023-10-06,SYN17,0.43732656072451476,False,0.0,0.0
2023-10-06,SYN18,0.3933110766332846,False,0.0,0.0
2023-10-06,SYN19,0.5615139991774074,True,0.0,0.0
2023-10-06,SYN20,0.17295587727760303,False,0.0,0.0
2023-10-06,SYN21,0.15664422531934252,False,0.0,0.0
2023-10-06,SYN22,0.28265772573165726,False,0.0,0.0
2023-10-06,SYN23,0.18795856743314188,False,0.0,0.0
2023-11-06,SYN00,0.7936354873552891,True,0.16666231846713075,0.16666230792911052
2023-11-06,SYN01,0.625443728714467,True,0.16666231657049893,0.16666230603249724
2023-11-06,SYN02,0.8327319818232688,True,0.16666230222490552,0.16666229168690475
2023-11-06,SYN03,0.6851943118416439,True,0.1666623348673676,0.16666232432936473
2023-11-06,SYN04,0.639117707028384,True,0.16666231641961246,0.16666230588161077
2023-11-06,SYN05,0.6610022388988479,True,0.16666231254095393,0.16666230200295248
2023-11-06,SYN06,0.5240885508532267,False,0.0,6.322966046864042e-08
2023-11-06,SYN07,0.7138379352101448,True,4.209314750345481e-06,4.209314484191939e-06
2023-11-06,SYN08,0.41039111603765127,False,0.0,1.1261595088904265e-18
2023-11-06,SYN09,0.6745989721160615,True,2.1889594780506744e-05,2.1889593396435098e-05
2023-11-06,SYN10,0.39425819768143733,False,0.0,7.051535627613681e-21
2023-11-06,SYN11,0.5750893010648199,True,0.0,1.8435687085041902e-14
2023-11-06,SYN12,0.6469400641856906,True,0.0,0.0
2023-11-06,SYN13,0.6063607614685438,True,0.0,0.0
2023-11-06,SYN14,0.5156633915558333,False,0.0,0.0
2023-11-06,SYN15,0.5414128626305039,False,0.0,0.0
2023-11-06,SYN16,0.22550770871904394,False,0.0,0.0
2023-11-06,SYN17,0.41657994702892404,False,0.0,0.0
2023-11-06,SYN18,0.4310305383166423,False,0.0,0.0
2023-11-06,SYN19,0.5651319995887036,True,0.0,0.0
2023-11-06,SYN20,0.18543627197213486,False,0.0,0.0
2023-11-06,SYN21,0.14186377932633792,False,0.0,0.0
2023-11-06,SYN22,0.41528719619916193,False,0.0,0.0
2023-11-06,SYN23,0.2793959503832376,False,0.0,0.0
2023-12-05,SYN00,0.7468177436776445,True,0.16666231846713075,0.16666231372502166
2023-12-05,SYN01,0.6043885310239001,True,0.1666623165704989,0.16666231182839816
2023-12-05,SYN02,0.808032657578301,True,0.16666230222490552,0.16666229748280517
2023-12-05,SYN03,0.7603054892541552,True,0.16666233486736756,0.1666623301252663
2023-12-05,SYN04,0.625808853514192,True,0.16666231641961243,0.1666623116775117
2023-12-05,SYN05,0.6700844527827572,True,0.1666623125409539,0.16666230779885327
2023-12-05,SYN06,0.47871094209328,False,0.0,2.8453347210888187e-08
2023-12-05,SYN07,0.5725439676050724,True,4.209314750345481e-06,4.209314630576387e-06
2023-12-05,SYN08,0.3895705580188257,False,0.0,5.067717790006919e-19
2023-12-05,SYN09,0.5820911527246975,True,2.188959478050674e-05,2.18895941576745e-05
2023-12-05,SYN10,0.43983743217405197,False,0.0,3.1731910324261557e-21
2023-12-05,SYN11,0.53754465053241,True,0.0,8.296059188268855e-15
2023-12-05,SYN12,0.6318033654261787,True,0.0,0.0
2023-12-05,SYN13,0.6281803807342718,True,0.0,0.0
2023-12-05,SYN14,0.49116502911125,False,0.0,0.0
2023-12-05,SYN15,0.5936230979819186,True,0.0,0.0
2023-12-05,SYN16,0.24296218769285532,False,0.0,0.0
2023-12-05,SYN17,0.4749566401811287,False,0.0,0.0
2023-12-05,SYN18,0.4405152691583212,False,0.0,0.0
2023-12-05,SYN19,0.5325659997943518,False,0.0,0.0
2023-12-05,SYN20,0.21667646931940077,False,0.0,0.0
2023-12-05,SYN21,0.2250985563298356,False,0.0,0.0
2023-12-05,SYN22,0.4816019314329143,False,0.0,0.0
2023-12-05,SYN23,0.3251146418582855,False,0.0,0.0
2024-01-03,SYN00,0.7515338718388223,True,0.16666231372502166,0.16666231372502166
2024-01-03,SYN01,0.6219859321786168,True,0.16666231182839816,0.16666231182839816
2024-01-03,SYN02,0.8185996621224838,True,0.16666229748280517,0.16666229748280517
2024-01-03,SYN03,0.8259860779604109,True,0.1666623301252663,0.1666623301252663
2024-01-03,SYN04,0.7129044267570961,True,0.16666234013086714,0.16666232732685718
2024-01-03,SYN05,0.6881672263913786,True,0.16666230779885327,0.16666230779885327
2024-01-03,SYN06,0.6247721377133066,True,0.0,1.2804006244899683e-08
2024-01-03,SYN07,0.5498136504692028,True,4.209314630576387e-06,4.209314630576387e-06
2024-01-03,SYN08,0.41041027900941285,False,0.0,2.2804730055031134e-19
2024-01-03,SYN09,0.5743789096956821,True,2.18895941576745e-05,2.18895941576745e-05
2024-01-03,SYN10,0.4813770494203593,False,0.0,1.42793596459177e-21
2024-01-03,SYN11,0.575022325266205,True,0.0,3.7332266347209846e-15
2024-01-03,SYN12,0.526318349379756,False,0.0,0.0
2024-01-03,SYN13,0.639090190367136,True,0.0,0.0
2024-01-03,SYN14,0.5476658478889583,True,0.0,0.0
2024-01-03,SYN15,0.5416032156576259,False,0.0,0.0
2024-01-03,SYN16,0.24231442717976098,False,0.0,0.0
2024-01-03,SYN17,0.472894986757231,False,0.0,0.0
2024-01-03,SYN18,0.35150763457916057,False,0.0,0.0
2024-01-03,SYN19,0.36940799989717593,False,0.0,0.0
2024-01-03,SYN20,0.18125490132636707,False,0.0,0.0
2024-01-03,SYN21,0.1896326114982511,False,0.0,0.0
2024-01-03,SYN22,0.49600929904979046,False,0.0,0.0
2024-01-03,SYN23,0.3073489875958094,False,0.0,0.0
2024-02-01,SYN00,0.7257669359194111,True,0.16666596197528918,0.1666643202626688
2024-02-01,SYN01,0.7089096327559751,True,0.16666596007862416,0.16666431836602247
2024-02-01,SYN02,0.8426331643945753,True,0.16666594573271715,0.16666430402025675
2024-02-01,SYN03,0.8494513723135388,True,0.16666597837589284,0.1666643366631109
2024-02-01,SYN04,0.718952213378548,True,0.1666659883817129,0.16666434090702784
2024-02-01,SYN05,0.7315836131956893,True,0.16666595604899107,0.16666431433642906
2024-02-01,SYN06,0.6978027355233201,True,0.0,5.761802810204857e-09
2024-02-01,SYN07,0.510323491901268,True,4.209406772782288e-06,4.209365308789633e-06
2024-02-01,SYN08,0.5708301395047064,True,0.0,1.026212852476401e-19
2024-02-01,SYN09,0.5101061215145077,False,0.0,9.850317370953525e-06
2024-02-01,SYN10,0.5052718580435129,False,0.0,6.4257118406629645e-22
2024-02-01,SYN11,0.5500111626331026,True,0.0,1.679951985624443e-15
2024-02-01,SYN12,0.4558675080232113,False,0.0,0.0
2024-02-01,SYN13,0.5351700951835681,True,0.0,0.0
2024-02-01,SYN14,0.5884162572778124,True,0.0,0.0
2024-02-01,SYN15,0.4405932744954796,False,0.0,0.0
2024-02-01,SYN16,0.3076155469232138,False,0.0,0.0
2024-02-01,SYN17,0.4624891600452822,False,0.0,0.0
2024-02-01,SYN18,0.32262881728958026,False,0.0,0.0
2024-02-01,SYN19,0.3128289999485879,False,0.0,0.0
2024-02-01,SYN20,0.1447941173298502,False,0.0,0.0
2024-02-01,SYN21,0.18439963908245888,False,0.0,0.0
2024-02-01,SYN22,0.4844629828582286,False,0.0,0.0
2024-02-01,SYN23,0.33909116046457133,False,0.0,0.0
2024-03-01,SYN00,0.6753834679597055,True,0.16666666354307152,0.1666656090668903
2024-03-01,SYN01,0.6929964830446542,True,0.1666666616463985,0.1666656071702293
2024-03-01,SYN02,0.8129832488639543,True,0.1666666473004311,0.16666559282435264
2024-03-01,SYN03,0.8986840194901027,True,0.1666666799437442,0.16666562546745922
2024-03-01,SYN04,0.665726106689274,True,0.1666666841877208,0.16666562971140897
2024-03-01,SYN05,0.6907918065978447,True,0.16666666337863387,0.1666656063096417
2024-03-01,SYN06,0.6311930344283267,True,0.0,2.592811264592185e-09
2024-03-01,SYN07,0.47599507928396734,False,0.0,1.8942143889553347e-06
2024-03-01,SYN08,0.5979150697523532,True,0.0,4.617957836143804e-20
2024-03-01,SYN09,0.4779697274239206,False,0.0,4.432642816929086e-06
2024-03-01,SYN10,0.4765942623550898,False,0.0,2.891570328298334e-22
2024-03-01,SYN11,0.5750055813165513,True,0.0,7.559783935309992e-16
2024-03-01,SYN12,0.551892087344939,True,0.0,0.0
2024-03-01,SYN13,0.45196004759178404,False,0.0,0.0
2024-03-01,SYN14,0.5837914619722395,True,0.0,0.0
2024-03-01,SYN15,0.38071330391440644,False,0.0,0.0
2024-03-01,SYN16,0.42776610679494026,False,0.0,0.0
2024-03-01,SYN17,0.5166612466893077,True,0.0,0.0
2024-03-01,SYN18,0.29256440864479016,False,0.0,0.0
2024-03-01,SYN19,0.334539499974294,False,0.0,0.0
2024-03-01,SYN20,0.13593872533159176,False,0.0,0.0
2024-03-01,SYN21,0.25678315287456277,False,0.0,0.0
2024-03-01,SYN22,0.47868982476244765,False,0.0,0.0
2024-03-01,SYN23,0.4174622468989523,False,0.0,0.0
2024-04-01,SYN00,0.6314417339798527,True,0.16666592476788325,0.16666578270243643
2024-04-01,SYN01,0.6850399081889937,True,0.16666592287121867,0.16666578080577346
2024-04-01,SYN02,0.7950332910986438,True,0.16666590852531485,0.16666576645988185
2024-04-01,SYN03,0.9076753430783846,True,0.16666594116848324,0.16666579910302243
2024-04-01,SYN04,0.648488053344637,True,0.16666594541244104,0.16666580334697662
2024-04-01,SYN05,0.7172709032989224,True,0.16666592460344562,0.16666578137123386
2024-04-01,SYN06,0.62601318388083,True,0.0,1.166765069066483e-09
2024-04-01,SYN07,0.486955872975317,False,0.0,8.523964750299006e-07
2024-04-01,SYN08,0.6645825348761766,True,0.0,2.0780810262647115e-20
2024-04-01,SYN09,0.5129431970452936,True,4.432651213320798e-06,4.432647434944528e-06
2024-04-01,SYN10,0.5122554645108782,True,0.0,1.30120664773425e-22
2024-04-01,SYN11,0.49687779065827564,False,0.0,3.401902770889496e-16
2024-04-01,SYN12,0.5051127103391362,True,0.0,0.0
2024-04-01,SYN13,0.38848002379589197,False,0.0,0.0
2024-04-01,SYN14,0.5689790643194531,True,0.0,0.0
2024-04-01,SYN15,0.35077331862386985,False,0.0,0.0
2024-04-01,SYN16,0.4847163867308034,False,0.0,0.0
2024-04-01,SYN17,0.3874972900113205,False,0.0,0.0
2024-04-01,SYN18,0.20878220432239508,False,0.0,0.0
2024-04-01,SYN19,0.39226974998714703,False,0.0,0.0
2024-04-01,SYN20,0.23463602933246253,False,0.0,0.0
2024-04-01,SYN21,0.3773499097706148,False,0.0,0.0
2024-04-01,SYN22,0.4758032457145572,False,0.0,0.0
2024-04-01,SYN23,0.44102279011614276,False,0.0,0.0
2024-04-30,SYN00,0.6094708669899263,True,0.16666592476788325,0.16666586083843218
2024-04-30,SYN01,0.6873116207611636,True,0.16666592287121867,0.16666585894176833
2024-04-30,SYN02,0.7204333122159886,True,0.16666590852531482,0.16666584459586997
2024-04-30,SYN03,0.9027960048725256,True,0.16666594116848324,0.16666587723902587
2024-04-30,SYN04,0.6711190266723185,True,0.16666594541244104,0.16666588148298206
2024-04-30,SYN05,0.7305104516494612,True,0.16666592460344568,0.16666586014895035
2024-04-30,SYN06,0.5952982586070816,True,0.0,5.250442810799173e-10
2024-04-30,SYN07,0.48306126982099185,False,0.0,3.835784137634552e-07
2024-04-30,SYN08,0.7260412674380883,True,0.0,9.3513646181912e-21
2024-04-30,SYN09,0.5773049318559801,True,4.432651213320798e-06,4.432649513051477e-06
2024-04-30,SYN10,0.44571106558877244,False,0.0,5.855429914804125e-23
2024-04-30,SYN11,0.40156389532913783,False,0.0,1.530856246900273e-16
2024-04-30,SYN12,0.5192230218362348,True,0.0,0.0
2024-04-30,SYN13,0.49736501189794596,True,0.0,0.0
2024-04-30,SYN14,0.4678228654930599,False,0.0,0.0
2024-04-30,SYN15,0.39205332597860154,False,0.0,0.0
2024-04-30,SYN16,0.522566526698735,True,0.0,0.0
2024-04-30,SYN17,0.3166653116723269,False,0.0,0.0
2024-04-30,SYN18,0.20751610216119754,False,0.0,0.0
2024-04-30,SYN19,0.4055098749935735,False,0.0,0.0
2024-04-30,SYN20,0.28710968133289794,False,0.0,0.0
2024-04-30,SYN21,0.43450828821864074,False,0.0,0.0
2024-04-30,SYN22,0.47435995619061194,False,0.0,0.0
2024-04-30,SYN23,0.42467806172473804,False,0.0,0.0
2024-05-29,SYN00,0.5984854334949631,True,0.16630030393705741,0.16646480454267606
2024-05-29,SYN01,0.6821974770472485,True,0.16630030204455362,0.16646480264830024
2024-05-29,SYN02,0.6300083227746609,True,0.16630028773012087,0.16646478831970796
2024-05-29,SYN03,0.8784813357695962,True,0.16630032030167885,0.166464820923485
2024-05-29,SYN04,0.7168095133361592,True,0.16630032453632654,0.16646482516232153
2024-05-29,SYN05,0.7465052258247306,True,0.16630030377298058,0.16646480414216697
2024-05-29,SYN06,0.5705657959702075,True,0.0,2.3626992648596274e-10
2024-05-29,SYN07,0.49048896824382926,False,0.0,1.7261028619355482e-07
2024-05-29,SYN08,0.6880206337190442,True,0.0,4.2081140781860395e-21
2024-05-29,SYN09,0.5219857992613234,True,4.4229271523189315e-06,4.427302214648577e-06
2024-05-29,SYN10,0.4561888661277196,False,0.0,2.634943461661856e-23
2024-05-29,SYN11,0.35390694766456887,False,0.0,6.888853111051227e-17
2024-05-29,SYN12,0.5325281775847841,True,0.0,0.0
2024-05-29,SYN13,0.561182505948973,True,0.0,0.0
2024-05-29,SYN14,0.4297447660798633,False,0.0,0.0
2024-05-29,SYN15,0.4126933296559674,False,0.0,0.0
2024-05-29,SYN16,0.5008665966827008,True,0.0,0.0
2024-05-29,SYN17,0.2906243225028301,False,0.0,0.0
2024-05-29,SYN18,0.28188305108059875,False,0.0,0.0
2024-05-29,SYN19,0.3965049374967867,False,0.0,0.0
2024-05-29,SYN20,0.3977215073331157,False,0.0,0.0
2024-05-29,SYN21,0.4349624774426537,False,0.0,0.0
2024-05-29,SYN22,0.4736383114286393,False,0.0,0.0
2024-05-29,SYN23,0.45400569752903563,False,0.0,0.0
2024-06-27,SYN00,0.6304927167474815,True,0.1666658959648779,0.16657540482488709
2024-06-27,SYN01,0.6515154051902909,True,0.16666589406821367,0.16657540292925263
2024-06-27,SYN02,0.6170874947206637,True,0.16666587972231225,0.16657538859114032
2024-06-27,SYN03,0.8756990012181314,True,0.16666591236547504,0.16657542121657953
2024-06-27,SYN04,0.7865297566680796,True,0.1666659168459875,0.16657542558833782
2024-06-27,SYN05,0.7545026129123653,True,0.166665895563885,0.1665754044241119
2024-06-27,SYN06,0.6019495646517704,True,0.0,1.0632146691868321e-10
2024-06-27,SYN07,0.5587861507885813,True,1.7281880142914885e-07,1.7272496957313153e-07
2024-06-27,SYN08,0.6596353168595221,True,0.0,1.8936513351837177e-21
2024-06-27,SYN09,0.5662012329639949,True,4.432650447275329e-06,4.430243742593291e-06
2024-06-27,SYN10,0.5083027663971931,True,0.0,1.185724557747835e-23
2024-06-27,SYN11,0.3238284738322844,False,0.0,3.099983899973052e-17
2024-06-27,SYN12,0.4860557554590587,False,0.0,0.0
2024-06-27,SYN13,0.6024662529744864,True,0.0,0.0
2024-06-27,SYN14,0.435705716373265,False,0.0,0.0
2024-06-27,SYN15,0.39488833149465036,False,0.0,0.0
2024-06-27,SYN16,0.44001663167468374,False,0.0,0.0
2024-06-27,SYN17,0.38385382791808176,False,0.0,0.0
2024-06-27,SYN18,0.23469152554029937,False,0.0,0.0
2024-06-27,SYN19,0.27950246874839335,False,0.0,0.0
2024-06-27,SYN20,0.46240242033322454,False,0.0,0.0
2024-06-27,SYN21,0.3476895720546602,False,0.0,0.0
2024-06-27,SYN22,0.463902489047653,False,0.0,0.0
2024-06-27,SYN23,0.43429451543118447,False,0.0,0.0
2024-07-26,SYN00,0.6464963583737408,True,0.16632530167367315,0.1664378480917194
2024-07-26,SYN01,0.6299243692618122,True,0.1663252997808849,0.16643784619765037
2024-07-26,SYN02,0.6491687473603318,True,0.16632528546430042,0.16643783187137837
2024-07-26,SYN03,0.886807833942399,True,0.16632531804075446,0.16643786446987574
2024-07-26,SYN04,0.8307648783340398,True,0.1663253224059488,0.16643786883802386
2024-07-26,SYN05,0.7887096397895159,True,0.16632530137966153,0.1664378477496642
2024-07-26,SYN06,0.6457664489925519,True,0.0,4.7844660113407446e-11
2024-07-26,SYN07,0.6023097420609573,True,1.7246563321294688e-07,1.7258233457502997e-07
2024-07-26,SYN08,0.6423176584297611,True,0.0,8.521431008326729e-22
2024-07-26,SYN09,0.6726839498153308,True,4.4235919927636375e-06,4.426585280186982e-06
2024-07-26,SYN10,0.49373471653192985,False,0.0,5.3357605098652575e-24
2024-07-26,SYN11,0.2962892369161422,False,0.0,1.3949927549878733e-17
2024-07-26,SYN12,0.44406954439619606,False,0.0,0.0
2024-07-26,SYN13,0.5918581264872432,True,0.0,0.0
2024-07-26,SYN14,0.46681119151996586,False,0.0,0.0
2024-07-26,SYN15,0.4453608324139918,False,0.0,0.0
2024-07-26,SYN16,0.40959164917067525,False,0.0,0.0
2024-07-26,SYN17,0.46171858062570753,False,0.0,0.0
2024-07-26,SYN18,0.2267207627701497,False,0.0,0.0
2024-07-26,SYN19,0.22100123437419666,False,0.0,0.0
2024-07-26,SYN20,0.507242876833279,True,0.0,0.0
2024-07-26,SYN21,0.24155311936066343,False,0.0,0.0
2024-07-26,SYN22,0.39340957785715985,False,0.0,0.0
2024-07-26,SYN23,0.3056889243822589,False,0.0,0.0
