,AAXJ,ACWI,ACWX,AGG,AGZ,AMLP,AMZA,ANGL,ARKF,ARKK,ARKW,ASHR,AVDV,AVUS,AVUV,BBH,BIL,BITB,BITO,BIV,BKLN,BLV,BND,BOND,BWX,CGDV,CGGR,CIBR,COPX,CORP,CQQQ,CWB,DBC,DBEF,DBEU,DBJP,DGRO,DGRW,DIA,DVY,DXJ,DYNF,EDV,EEM,EFA,EFG,EFV,EIDO,EMB,EMLC,EMXC,EPI,EPP,ESGD,ESGE,ESGU,ETHA,EUFN,EWA,EWC,EWG,EWH,EWI,EWJ,EWL,EWM,EWP,EWQ,EWT,EWU,EWW,EWY,EWZ,EZA,FBND,FBT,FCPI,FDN,FEZ,FIXD,FLDR,FLRN,FTCS,FTEC,FVD,FXB,FXE,FXG,FXH,FXI,FXL,FXY,GBIL,GBTC,GDX,GLD,GSLC,GUNR,GXC,HDV,HEDJ,HEWJ,HYG,HYLB,HYS,IAI,IAU,IBB,IBIT,IBUY,ICLN,IDEV,IDU,IEF,IEI,IEMG,IEUR,IEV,IGIB,IGLB,IGM,IGSB,IGV,IHI,IJH,IJJ,IJK,IJR,IJS,IJT,ILF,IQLT,ISTB,ITB,ITOT,IUSB,IUSG,IUSV,IVE,IVV,IVW,IWB,IWD,IWF,IWM,IWN,IWO,IWP,IWR,IWS,IWV,IWY,IXG,IXN,IXUS,IYE,IYF,IYG,IYH,IYM,IYR,IYW,JAAA,JEPI,JEPQ,JETS,JNK,KBE,KBWB,KIE,KRE,KWEB,LIT,LMBS,LQD,MBB,MCHI,MDY,MDYV,MGC,MGK,MGV,MJ,MSTY,MUB,NLR,OEF,OIH,PALL,PBW,PFF,PKW,PPA,PPLT,PRFZ,PSCH,QCLN,QQQ,QQQM,QTEC,RDVY,REMX,RPG,RPV,RSP,RWO,RWR,RWX,SCHA,SCHD,SCHE,SCHF,SCHH,SCHP,SCHR,SCHZ,SCZ,SDY,SGOL,SGOV,SHY,SHYG,SIZE,SKYY,SLV,SLYG,SLYV,SMH,SOXX,SPAB,SPDW,SPEM,SPGP,SPHB,SPHD,SPHQ,SPIB,SPMD,SPMO,SPSM,SPTI,SPTL,SPTM,SPY,SPYD,SPYG,SPYM,SPYV,SRLN,STIP,SUSA,TAN,TBIL,TFI,TFLO,THD,TIP,TLH,TLT,TOTL,TUR,URA,URTH,USFR,USIG,USMV,UUP,VAW,VB,VBK,VBR,VCIT,VCLT,VCR,VDC,VDE,VEA,VEU,VFH,VFMO,VGIT,VGK,VGLT,VGT,VHT,VIG,VIGI,VIOO,VIS,VMBS,VNQ,VNQI,VO,VOE,VONE,VONG,VONV,VOO,VOOG,VOOV,VOT,VOX,VPL,VPU,VSS,VT,VTEB,VTI,VTV,VTWO,VUG,VV,VWO,VWOB,VXF,VXUS,VYM,VYMI,XAR,XBI,XES,XHB,XLB,XLC,XLE,XLF,XLG,XLI,XLK,XLP,XLRE,XLU,XLV,XLY,XME,XMHQ,XMLV,XMMO,XOP,XRT,XSD,ZROZ
2019-01-02,,,,,,,,,,,,,,,,,,,,,,,,,,,,,,,,,,,,,,,,,,,,,,,,,,,,,,,,,,,,,,,,,,,,,,,,,,,,,,,,,,,,,,,,,,,,,,,,,,,,,,,,,,,,,,,,,,,,,,,,,,,,,,,,,,,,,,,,,,,,,,,,,,,,,,,,,,,,,,,,,,,,,,,,,,,,,,,,,,,,,,,,,,,,,,,,,,,,,,,,,,,,,,,,,,,,,,,,,,,,,,,,,,,,,,,,,,,,,,,,,,,,,,,,,,,,,,,,,,,,,,,,,,,,,,,,,,,,,,,,,,,,,,,,,,,,,,,,,,,,,,,,,,,,,,,,,,,,,,,,,,,,,,,,,,,,,,,,,,,,,,
2019-02-01,-0.01737679751602642,0.008542218580839953,-0.01120170204192806,0.005648739402582597,,-0.02833261605003658,-0.09730077287180641,,,,,-0.07153952641761706,,,,-0.00019026831424701,0.005430642757464245,,,0.004741572986268193,,-0.010939777637744097,,0.0048899178287667685,0.0007017610148642111,,,,,-0.00036831607656815746,,0.021572688706282407,,0.004792290871161543,0.005904140667057712,0.0007066488971741101,0.030764766490597475,,0.02928887901264571,,-0.012477212805074944,,-0.020746315680559676,-0.016468477207534523,-0.01100882948441126,,,-0.013844682974927353,,-0.015862753448460755,,-0.013834197659315043,-0.006783621962979877,,,,,-0.04099148572942813,-0.007753000533922972,-0.011015052112633612,-0.035561689574522486,-0.004090659868522096,-0.03386702365109857,-0.00499077053692328,0.0010367007248462143,-0.002553843533380867,-0.021263484368166743,-0.007001971079177187,-0.001215033218810801,-0.013791375429988855,-0.036646163857934455,-0.0378023839853968,0.031131469686481,-0.04346052604993129,,0.0386824059294042,,0.055291410559078644,-0.020696992389984008,,,0.014210646671227636,,0.040479068023673924,,-0.009520082937450021,-0.006547093376365807,0.0037970273594596926,0.038926877034148724,-0.009533320420916534,,0.006637563048587212,0.00571261926440213,,-0.03272400366260441,-0.004356300875337283,0.02678135599560635,,-0.025344371524733653,0.026226409464288974,0.0028652853450527364,0.0014104830727184475,0.014739121893233608,,0.017691266498658015,,-0.003884959196332735,,,,,,0.0428865012848619,,,-0.01600956438788621,-0.015209577602529317,-0.014915393670639264,0.011286441465694103,,,0.015906962045702088,,0.08032144988949787,0.03055434345542486,0.015056055093365786,0.02149079488857093,0.02532916212556252,0.0159027093986459,,0.014026377025588439,,,,0.024470963856044914,,0.03611772835708488,0.01418609634376791,0.012553696184912196,0.026237791534050654,0.0470943086748428,0.02488660706076167,0.01507896890948131,0.033663112140921006,0.01518686374673682,0.010176081752797548,0.01956716363704709,0.02741680481465532,0.022669463890315166,0.005146052739079946,0.0241247667294494,,,,-0.01237100152641948,-0.009776392603395448,0.019118756188506347,0.019333938556541478,0.0634367440572017,-0.015851720416638546,0.02017874624884521,0.04416494803726078,,,,,0.001109862818289348,-0.007221063612366923,0.0018804288446888746,,-0.004621386750102234,-0.07481425431306063,,,-0.0034487805057646574,,,0.011844988194821854,,,0.029763014420068717,,-0.013896351186090413,,0.007471914153288858,,0.02660829449812386,-0.0929434478297926,,,0.0018066843742935781,,,-0.02880826438513171,,,,0.039499267067261375,,0.027265708455601678,,,0.024958661201840537,0.012529429576941148,0.018091443926948402,0.00996445715879521,0.020248464565338707,-0.0021819874593706394,0.015467887489559441,,-0.012118306974551725,-0.009680398612324004,0.020606988464424512,,,0.013561354630925946,,0.027510800323401568,,,,0.01897189038996636,,,-0.0346975507796285,0.03933003319727913,0.013163948776842573,0.013777453471636357,0.02775486066874925,,,,,,0.014172182073649257,,0.006153201445253024,,,,,,,0.025719678976207017,,0.03948974079561092,,,0.010809414354035046,0.011214524566634696,,,,0.007120163751871344,,0.00965857149076397,0.005270141235986896,-0.0007837605338036089,,0.009325151354193885,-0.12726625903809602,,,,0.007906395797674354,,0.027821437231545124,-0.015263977587063994,0.017945288017069915,0.02770515774684215,0.009490432036607845,0.0022307748507350332,-0.014126928184040244,0.031172592001096146,0.012709108823622545,-0.010632108134034235,-0.012781509750646961,-0.012038816128655691,0.006690947370210243,,0.0077550645634341915,-0.015621496492862317,-0.009781614135166181,0.04866545245547151,0.050270091397171965,0.03234092327333564,,,0.0032730615659434556,0.007486092305080483,0.014782224235385454,-0.005521629458340623,0.013408423409898425,0.005599168616244243,,,,0.025917183509544035,0.037234693863146914,,0.02158931622051025,-0.01915289247188032,-0.009217914118109063,0.03648645806340748,-0.024765844737037423,0.006775292135295788,0.007675716642277039,0.024639937330039347,0.023966568298127863,,0.028166660564222224,0.02611798924835035,-0.015903265645688,0.0011108093417625461,0.01632431097843529,,0.020206208468823754,,0.034387347245939184,-0.00656180378153177,-0.09287335504665609,-0.050375323532001234,-0.005028855421491273,-0.021258787469120802,-0.0004351622382262432,0.007505420529980271,,0.005729944817657676,0.03987104929016077,0.011702110106988359,0.024321791988488686,0.043279398978875123,0.04998500291777365,0.04301244852818429,-0.03178736831169731,,,,-0.02361761705484133,0.016051077940069138,,
2019-03-01,-0.005987438073605112,0.006498609677300874,-0.004576363288650286,0.028550912854882485,,-0.02603492272657519,-0.08909690934337636,,,,,-0.04551388477496583,,,,-0.005159774189883574,0.0054473025205539595,,,0.028538397497283693,,0.02366914441034277,,0.026793101904050813,0.01949538164237278,,,,,0.023961792324996203,,0.02300760013680305,,0.009421075575146811,0.011302653276278518,-0.002709587072082253,0.023241204690252322,,0.02222249512401302,,-0.013949691718510652,,0.026772427498609027,-0.007666380233207002,-0.006151503606003578,,,0.0032310055518937255,,0.0051897439767649624,,0.0063069019431865915,0.007819770167131021,,,,,-0.03779403943662876,0.0064613984651337745,-0.001986085267386723,-0.027254551943686384,0.01157665008995195,-0.024854746479394202,-0.0059084856417042034,0.0029751699402574714,0.0024471140970712887,-0.016520361575565082,-0.005361439083813233,0.006839233024047474,-0.007378165269530339,-0.017247814959508674,-0.012869201320575504,0.021374320009102013,-0.023220340286018208,,0.006552615622875812,,0.038435873921229456,-0.015561343966721276,,,0.027791481136639606,,0.02918993658767278,0.024432019094871516,0.0012167204738473367,0.009600919957544944,,0.017192166182075534,-0.011937553870099147,,0.023922704481351684,0.005945339206810558,,0.018628134259707125,0.01930686357160037,0.017727305751807042,0.01408358259007216,-0.023121714280764875,0.023205651116900042,0.006056692447069535,-0.002542016767463538,0.02787639724612698,,0.028980899424680132,,0.019961342232685877,,,,,,0.05703818738075329,,,-0.0065119189061114465,-0.010750098790518962,-0.010239936104322741,0.03192761993936599,,,0.021816938401704664,,0.05669009627341048,0.023480121151301478,0.01311726599364134,0.013537366562282022,0.01451885975406107,0.010582682872794432,,0.007676970632825136,,,,0.01721238646762916,,0.024596440674297563,0.009538045921363338,0.008486539316982757,0.018364069085958813,0.034940826753390546,0.017220578473288374,0.010351442678593354,0.023122408614820792,0.0074626504708182224,0.005708300973297732,0.009455771094276026,0.019446526083122043,0.01768328572902216,0.004902688484519617,0.01647714783538432,,,,-0.0064516378075027405,-0.015881990182410096,0.01503661592470275,0.008663087118026118,0.049736688936187816,-0.005989691824080487,0.033966299002032616,0.03504005158216053,,,,,0.015394734078988661,-0.01702915512592065,-0.015577769337624923,,-0.015485476952124206,-0.0647901571821011,,,0.023178742797539648,,,0.006991775693490839,,,0.0202142945650007,,-0.0285280428961543,,0.029289086261841436,,0.017927374264516363,-0.11367702109234935,,,0.022480152003484938,,,-0.020691805999373765,,,,0.024907520430349887,,0.0227652002384156,,,0.013207627237236466,,0.011984150665261394,0.023908018513491922,0.034513396663661405,0.009225922397539789,0.009647077299048661,,-0.004809555752319944,0.0016054936029175507,0.03458767378788034,0.031699130281509454,,0.03544547810441036,,0.025567101159568836,,,,0.030507036437454813,,,0.009141719883375376,0.023804562914494818,0.007162927240452067,0.012285608621299581,0.02611887567427174,,,,,,0.020831172518833246,,0.02707864357061237,,,,,,,0.017613904816538507,,0.027830909253386434,,,0.019290692347768423,0.026988838885391105,,,,0.029603357679180972,,0.008233170062848868,0.025547461262278685,0.029867006169950274,,0.029479670618943046,-0.08997730507779483,,,,0.031166269722593974,,0.04302747556436267,-0.008126142598794999,0.011795015398084406,0.01873852995183025,0.005674131972571502,0.026710891598143507,0.018707809253667575,0.0173921546861176,0.010446609200939335,-0.016860032903071753,-0.007372971237776004,-0.00600184217379648,-0.0012004383676479677,,0.030152420721785984,-0.010538137216323884,0.02816830638398523,0.03540704220077283,0.029543721178077208,0.022398454257877485,,0.013864181117632613,-0.0007790037046218164,0.029525521298985568,0.03146532019775045,0.004783866765499212,0.00947431292003014,0.0019505246121947475,,,,0.01763971168811601,0.025201214623876332,,0.016703756396271217,-0.01025853768071021,-0.003837680151376072,0.050476827545575614,-0.014439020536190948,0.005671879202792523,0.029348637223845137,0.016701873909296245,0.01641692233285748,,0.01951507511489672,0.017798890708697886,-0.00804092731268267,0.025367536591350884,0.011175346609543299,,0.015118052137599909,,0.02200956536990041,-0.021219434542189407,-0.11168874801782377,-0.02895365678141223,0.0028247360060664624,-0.009677741414256463,-0.005073213619504715,-0.0010380378365387028,,0.0002679583616943957,0.030997125676276004,0.010027044889715935,0.036435820915117864,0.05826622290200789,0.030773605329622027,0.02788440499730624,-0.015515421353845859,,,,-0.032290386340671974,0.003331817080734983,,
2019-04-01,-0.01171364360887993,0.003104204512955755,-0.010047407020179132,0.018721314237245833,,-0.004938293607137439,-0.0776883175467873,,,,,-0.05083481301127313,,,,0.019318095726768195,0.005652023447851488,,,0.019876746278327903,,0.017949320926024283,,0.017362849051728527,0.003960571289990143,,,,,0.016477312198820513,,0.020439451264197408,,0.008453305643807143,0.011793613572405971,-0.007106326918465489,0.020194667152879046,,0.018930769670337712,,-0.018621889040066956,,0.024633985266479,-0.012839789818878422,-0.011423023189216685,,,0.001450535308082133,,-0.009695522154198244,,-0.013052061240118231,0.004506151511255591,,,,,-0.04680133870251665,0.0007957388361671245,0.010470333670549023,-0.029974850694905627,0.013286355847911113,-0.028884966941491366,-0.015056686339770798,0.003723578411191611,-0.013616711688785883,-0.015319759321835963,-0.012542550224477643,-0.01037261907151428,-0.009355853519554683,-0.016789677315484922,-0.014714214475862407,0.02660759405659874,-0.040868821855209264,,0.025732803679569677,,0.03609930967154194,-0.018175577562364327,,,0.015398471008912418,,0.017178622142605918,0.027735199742179924,-0.010824277824220388,-0.009485398878051667,,0.02064742445875236,-0.008486637944807224,0.03457982315338248,0.0056870664445179955,0.006077584605064893,,0.028498789650296442,0.010252182688348713,0.01391263875938553,0.011828615029502049,-0.025023155466608344,0.023386123932884063,0.007503308365754883,-0.0070000574804402445,0.022051256750643327,,0.020323104556661885,,0.011330701330776408,,,,,,0.05578960190033699,,,-0.012325975384835328,-0.014127502597912662,-0.013604629671335026,0.025066834600019884,,,0.021633316340719463,,0.060562304566665635,0.03268277602957029,0.02461014485813372,0.016502233311976217,0.017485078389875838,0.016646484074939072,,0.006184227687179159,,,,0.015201577385574785,,0.016535445839413587,0.012799364742983925,0.010743366599337646,0.01500290023567182,0.028769693913930087,0.01464892296664307,0.010484481601329717,0.018062474190045842,0.012137854368855169,0.011691737604375895,0.011820228890326486,0.0252928988167912,0.023764754303310407,0.0104113816042223,0.01461367186478038,,,,-0.010362577510644032,-0.002595879454314593,0.015211044755097223,0.007516867250393616,0.05512599029472246,-0.013148325181754532,0.052842245005226725,0.0224164075977411,,,,,0.008512176065358364,-0.014642560035635318,-0.014073975514456891,,-0.014401770356177792,-0.08087963297024105,,0.007900856374571746,0.01806938510026424,,,0.012317287863110173,,,0.012585898878202753,,0.03850046339037417,,0.017675182547386595,,0.011884337842671287,-0.09550162584205316,,,0.014837945995635126,,,-0.041131668603610345,,0.03801120167735153,,0.01540922384197597,,0.014914438408703833,,,0.007385206045937636,,0.01608219457085089,0.04027288799134319,0.05641474143705546,0.01899056892352264,0.01697575578419373,,-0.012380644831883399,-0.00012834973492011228,0.0567309701441114,0.021718966343420482,,0.026309041539514872,,0.028800411650272535,,,,0.023158708132272388,,,0.002000071080298143,0.025541110772234803,0.012548957049948177,-0.00015564367241725904,0.01471769986389463,,,,,,0.029137771795018263,,0.01861995637121847,,,,,,,0.014258739471753313,,0.01922452127207576,,,0.00817503603550514,0.013433233517788272,,,,0.019423294066691358,,-0.002655992843823958,0.01351949598687665,0.021348979127162555,,0.018647259713989787,-0.10235610869314753,,,,0.02424485423383386,,0.03254480141391097,-0.012181082971220943,0.019862159984196864,0.02685900115483411,0.013536612449203648,0.01928178015954583,0.015310457863726395,0.01826591961501306,0.012363338768917372,-0.004118871427349415,-0.010517658723144264,-0.010543085902755175,-0.0048506292695903175,,0.018814393239057623,-0.013361334230630694,0.023410058505512584,0.024949733891266163,0.03156717809669645,0.021631461702594036,,0.016848188431729784,0.0005071697803697309,0.019038846797442464,0.05408505774210929,0.01534350837090804,0.01273052055074117,0.004353086515312601,,,,0.014529079505514129,0.017102719773890655,,0.020728031919420093,-0.016255645225209062,-0.010302497330227372,0.04856912601840494,-0.02323862966421544,0.0021524768393070748,0.018237572425224696,0.01526825998862144,0.015081567002595962,,0.014460987797021513,0.014838756250181157,-0.014452139376292368,0.018774861644322294,0.01657437748668915,,0.012706055737016731,,0.029768574485402727,-0.013356079824627035,-0.08537009438932185,-0.021267235507104545,-0.0015317658587177306,-0.025069336092337254,0.010814056666799675,-0.006611767091182054,,0.00016781052924799827,0.01707396246436091,0.010461077830335464,0.054141390047520575,0.05655693139388993,0.030966341192341516,0.030978268626957014,-0.027813291504356824,,,,-0.015813793031668882,0.008817582266386067,,
2019-05-01,-0.018250312608004388,0.00885030554303468,-0.012178200305540376,0.0015272899008656469,,0.00716942543337743,-0.05609113122498863,,,,,-0.022425557435515574,,,,0.023327923738920862,-0.0017773225200956682,,,0.00423576053267019,,-0.001843265770379739,,0.0008553415445234219,-0.019551934846719493,,,,,0.002173073324797926,,0.022262356927706558,,0.011542383815004964,0.015436629883170452,-0.006472459834984895,0.032406935270694805,,0.033165024878832605,,-0.01738950096549164,,-0.005275625199753133,-0.021839557141112912,-0.010992119622458798,,,-0.007786471626963396,,-0.030284585764336756,,-0.01570704735183205,0.01079399975818737,,,,,-0.03923441656108231,0.00896165693766863,0.01348374379791233,-0.034542622691266706,0.019726942456863343,-0.03086567217992478,-0.02199125025329055,0.009449893995574487,-0.03901764924585316,-0.019220203923125602,-0.007151369077750787,-0.022970253269741576,-0.00485262361397676,-0.04198233277027762,-0.04049898236832952,0.01362499678131534,-0.0553325880608447,,0.04170076621307181,,0.051981912780429164,-0.016375839416023344,,,0.00024714568027481255,,0.04292311366393329,0.027928914791945723,-0.024805658604615567,-0.03060362233856034,,0.026910064132837183,-0.008513141428664132,0.0548609751501633,-0.019698209185608294,-0.0009838813321145787,,0.006167992297090932,-0.009575792872853395,0.023431085281077065,0.01447755135297594,-0.020607080803575144,0.03340369187425696,0.01132149630504828,-0.0058316945101056636,0.012919544414898353,,0.009660686768535796,,-0.00885980619720225,,,,,,0.047182870427649334,,,-0.021785021694309924,-0.012641204306181583,-0.011951121300004948,0.011189986719807372,,,0.007291980746318185,,0.07203883455587655,0.03014581984554429,0.023029882555181243,0.017039092321030687,0.019236933013770774,0.017273674326329896,,-0.007791098958672093,,,,0.0255397223244072,,0.03222503365269607,0.018834659716259784,0.01687853537829524,0.026583937715794294,0.043797151968440313,0.02618829157973409,0.01764657275728768,0.03354839970318857,0.017265831740219766,0.012063918037748648,0.021499920722901456,0.03546229953276609,0.026294710924870717,0.010449001901414505,0.02522601037482068,,,,-0.013121338060749216,-0.0041961558247489384,0.020684907525306225,0.02032154610386031,0.06081234068940648,-0.003430472538542911,0.036420865680085755,0.04633236735513538,,,,,-7.175791645294821e-05,-0.0034150695424506913,-0.0004190455484193573,,-0.006141669890297523,-0.05734423327806904,,-0.007526801115104771,0.0024931393925327282,,,0.013093110385684401,,,0.030099821213288126,,0.06933286647720731,,0.0016028504317396179,,0.026852968011521205,-0.1008735043173347,,,0.0004563157802685075,,,-0.03241496468730416,,0.03277417133464115,,0.03465926368598739,,0.030896286648954486,,,0.018137045136159703,,0.021635654220719183,0.021478035363890445,0.038316463471162604,-0.0016504646022894548,0.020469614211292647,,-0.01802219640219112,-0.0009001040419692531,0.03862412493004689,0.005800544135382885,,0.01053918748099911,,0.03160773583640505,,,,0.011929084988393812,,,-0.020036886444478114,0.02516003216750207,0.013098223062522583,0.01909770990983288,0.03392896123100943,,,,,,0.026052564094079116,,0.004249203913941363,,,,,,,0.026417394939735443,,0.035836529386712605,,,-0.0027598888316288242,-0.0023864734402542177,,,,0.003346011621654655,,-0.019347974171861817,-0.003037771777525265,0.00020260860636419346,,0.0029863314340932232,-0.10889266375737383,,,,0.008582864931615706,,0.0189075683368933,-0.0028399561960409454,0.023086153734112286,0.0338225900353643,0.013623570713211068,0.006076509716863772,-0.0006361170481934225,0.02571905231553872,0.01470307164555777,-0.00517227242651839,-0.01160819466166299,-0.012333514858027741,0.0034063916074212894,,0.0015288216850046304,-0.012447131864452947,-0.0022953378338835067,0.051014931082783606,0.040302938998451464,0.030822370030018306,,0.018388561468527718,0.016688314011945735,0.0021453507389279473,0.03603137820887463,-0.003238771563828384,0.01755337060729308,0.007267693880566451,,,,0.026231188726186034,0.03364159132314771,,0.028318075926148555,-0.007553830302614916,-0.01696836116099237,0.04163817874635232,-0.027371534183725423,0.007033327801640068,0.003129218528660196,0.02630738124948997,0.023206656453160633,,0.029782955447294507,0.026516425288752057,-0.019751805507372606,0.005739821264819096,0.02267040989553171,,0.02213556593090794,,0.03970837075288977,0.01695479083264124,-0.07649782004090476,-0.011533745304263638,0.006065913301368283,-0.027913559028809345,0.008984333311756947,0.0032286443234083653,,0.019016321754330955,0.041485767505989986,0.013658546505029599,0.03790643947939861,0.049240233695513703,0.03919947504513618,0.037053412072368064,-0.008118130042723139,,,,-0.042301550858750876,0.009591683027962494,0.0460501554627793,
2019-06-03,-0.006730860738071332,0.010725347295750911,-0.009004209397065782,0.006980602067704999,,-0.005673702275332632,-0.06464519046248401,,,,,0.004283973842166453,,,,0.022732885203823893,-0.001026285390286613,,,0.009961652285322557,,0.01108827829716909,,0.00540833385709778,-0.01112540186142073,,,,,0.007995895669978471,,0.020498663276430587,,0.008510944833596448,0.010884784366134652,-0.005364574351251619,0.030957296451894618,,0.029847901757413135,,-0.014297776067230043,,0.012261395887657452,-0.010769552288437274,-0.00945697716236733,,,0.0046534717749098,,-0.023406154664992688,,0.004965437408669815,0.011085533024072032,,,,,-0.04084090695239195,0.008046314642439358,0.0037430949894976407,-0.03578164456605228,0.022074743018092,-0.0305286413820335,-0.01656481451097117,0.01624296387624435,-0.03847204289547724,-0.02316103203408603,-0.012193585518391462,0.004061292436340907,-0.008604581393928532,-0.03668485420758234,-0.043771544196466144,0.007384031986767759,-0.04201779479988744,,0.034402341314565515,,0.04401968891029302,-0.018952746647985068,,,0.0011581208565698059,,0.048738832697245084,0.02776029472526947,-0.019487847963643085,-0.02668454721028749,,0.02025714471024818,0.0002960499838910663,0.05632831579388866,-0.013828037183166064,-0.00033326682262468466,,-0.014701893006426532,-0.013531867470423595,0.023876940878918194,,-0.004889577641371145,0.032978226580147346,0.009282666308974811,-0.004259099888009184,0.012831660088042261,,0.008111215983087963,,-0.01336928316474657,,,,,,0.043146942194251116,,,-0.01127406518579048,-0.01204891551105533,-0.011641854756771642,0.015495486898852386,,,0.008200545112497392,,0.05937636938495119,0.029227136812958524,0.015676859146310854,0.019697533803457633,0.007245416290290052,0.004680713287149372,,-0.011984811343681123,,,,0.024713899776246884,,0.033387537451355524,0.01665766430770286,0.016199411227525246,0.026545780415851112,0.04655033161441981,0.026017747397169007,0.015616408829184641,0.035428514763574406,0.008180160824114857,0.000943665352488686,0.014127725624422369,0.037122567915390606,0.025467739972206062,0.008182776577213212,0.02470802447167026,,,,-0.01013729296058842,-0.020459528166016008,0.020014940542899328,0.017197256275652224,0.050828691672305935,-0.009113251457802085,0.03813369885251929,0.05356411928353328,,,,,0.0010462176183127388,-0.016873048289427154,-0.012512498643050547,,-0.027001422287993612,-0.03490363424105681,,-0.005444015264942099,0.010276424976919302,,,0.009985317383887174,,,0.03371394105448449,,0.05871059199179046,,0.006640854923622948,,0.027895337889059405,-0.11640709457687794,,,0.007420620565521994,,,-0.03107083225693023,,0.00823609437036224,,0.038990814622351176,,0.04342649731978252,,,0.020747318770374383,,0.01971629591314284,0.02024857467497617,0.034491595227049796,-4.783501278169163e-05,0.013209358448759841,,-0.005157201241236541,-0.0017099870096147758,0.03480813190130307,0.008354953767154885,,0.015736837399488113,,0.028688817165461702,,,,0.01144758834659758,,,-0.03324818138616824,0.014396732244940655,-4.604307982847536e-05,0.044128118822945754,0.05821933755485205,,-0.00984361188986487,,,,0.02357821166112858,,0.008333162388808147,,,,,,,0.02644931359520657,,0.036933735483528234,,,-0.00473506065125935,0.0001386403816797858,,,,0.00831402815809686,,-0.015006121256894165,0.0013105795944000757,0.0100064325626343,,0.0068076152328702625,-0.1137232003094139,,,,0.01414321704450764,,0.016961017026691585,-0.005421442114643354,0.017011544745659798,0.029128598392176023,0.00658254946011902,0.012183178879060163,0.01129483869875861,0.02482398780853069,0.026073883552232818,-0.022115926184197176,-0.01106703100837697,-0.008661834605376274,-6.094985397290223e-05,,0.006443292966117362,-0.012231109177900556,0.01066610529311317,0.056054071901098027,0.029496410522298937,0.031240279837269853,,0.006594848986536998,0.01813401457743097,0.00550051104014902,0.036338385535823685,0.004967815713473416,0.018477116831949445,0.005467895191027336,,,,0.02632195934939258,0.03494352133898265,,0.032365647071576,-0.008325319618877131,-0.013396054991698282,0.03587081864426862,-0.023719296943631143,0.0080823286485516,0.0072217393665362966,0.025319705426225997,0.019949832155141133,,0.03310217911652524,0.026448283231970984,-0.006230414130353563,0.010306352577778986,0.016892032987817426,,0.01939250694696895,,0.030540193881105807,0.015198392308811435,-0.09972153451184668,-0.0019269995311980968,0.0065946250221983116,-0.014162821741040329,-0.0071257683448442645,0.0014291066257995889,,0.021064037130799018,0.04958056613909568,0.027181724647732188,0.042416297043673244,0.045414028655579426,0.028340956998062175,0.03686700790720059,-0.027788965596426747,,,,-0.05639627622025679,-0.002360507534799612,0.0518501375077448,
2019-07-01,-0.004957191819745373,0.012087954645313788,-0.0028656718102713623,0.00714698936931933,,-0.015544702825459254,-0.08534102870709047,,,,,-0.0012439568316421471,,,,0.006513875435101338,-0.00017192286573030244,,,0.010688554017125842,,0.012105467472552296,,0.00612712103359678,,,,,,0.009925188922178052,,0.014802618827586479,,0.009591610365356325,0.013518142558684366,-0.006657702653646997,0.030523772047646967,,0.026603587233596807,,-0.013455682702313104,,0.0071303251303195285,-0.003245972481569797,-0.00449639431109003,,,0.005294232930302777,,-0.011332679697655902,,0.009831759943398166,0.008048049671400855,,,,,-0.012211564525541311,0.005143020026754329,0.0011577147179566228,-0.021112223215749914,0.013806821218171441,-0.006598570829786412,-0.016288670175945253,0.02322845606993089,-0.01600012042961444,-0.0004553476135307809,-0.00033583691038771877,0.003821486271785839,-0.008689613367999388,0.0012422384222917637,-0.03641773380997493,0.046657322273362875,-0.01909629897442102,,-0.0010692225839526658,,0.033752480332898745,-0.002508488118170317,,,0.0021078155770553673,,0.04240344398810895,0.028163576327207944,-0.012915091836837688,-0.016061223970645126,,-0.0006490840836669094,-0.0038489669067479845,0.05112956320103878,-0.010966380478867294,0.00025492162727909013,,-0.024400489567260243,-0.008779302419687308,0.022300846126870676,,-0.011946152069340733,0.03192412984137802,0.011995430407188345,-0.006728982047339875,0.014828981888816062,,0.008918737774181992,,-0.008539640369192853,,,,,,0.04511000133558265,,,-0.004307096700249805,-0.0036582989936620055,-0.0027949817368559033,0.01670414723800615,,,0.00872270945759712,,0.039925897868350525,0.022588151404678552,0.009563127520356962,0.012007507752886778,-0.004938789611351818,-0.006520441274484084,,0.023000231424049944,,,,0.022088685934723695,,0.02763818204489574,0.019228534487155197,0.01938994977515368,0.025495642186637586,0.04097138559357104,0.023971784517785717,0.016517181208020038,0.03127033656556099,-0.003473347685461418,-0.009604745510979682,0.002272488071147347,0.03247775834249759,0.02256647466462424,0.007037859052047172,0.021835636822200712,,,,-0.004957941534789069,-0.04233767034974607,0.027875171823924398,0.02698026831816085,0.04230395243123308,-0.016015088152179276,0.03217550830711108,0.04663751155899271,,,,,0.003651186957550884,-0.009662755096613365,0.0010026968441828041,,-0.022048829399483078,-0.04431508343558893,,-0.004742193858938728,0.012086643865301188,,,0.003226237932087049,,,0.028703148609875818,,0.04074083479535025,,0.0063396501880356474,,0.027365274508697593,-0.1465451191506069,,,0.006204479970612715,,,-0.023812212400087664,,-0.01755914999422861,,0.03450218980310314,,0.03991547014053223,,,0.01093103070709315,,0.018083530807958926,0.015888804983733584,0.027521811268453246,-0.0014851294998531274,0.0034503944395850093,,0.004062005646372376,0.003285249094405161,0.027907512300208104,0.009038316483076604,,0.015543005556045814,,0.025451622431769166,,,,0.012213276954148424,,0.0477879656828387,-0.03649902133059859,0.0014083819926056943,-0.011456670213673067,0.03091362008917037,0.04864821070249809,,-0.005563102672014165,,,,0.017276330827245213,,0.009218963087555586,,,,,,,0.02495473297910547,,0.031278958490073665,,,-0.001516263764698346,0.0011094080980641246,,,,0.008070063785334217,,-0.0006980167917848888,0.0025148898805683185,0.008315076380474656,,0.007418297271599454,-0.0992627344940637,,,,0.014707210426662096,,0.011276274604025216,-0.011330287374231045,0.00789721971816744,0.018036302343608028,-0.0008267142370541931,0.01378569536745145,0.015346491912370232,0.025778351223692188,0.029939357118296053,-0.044262612559279664,-0.006723366955219966,-0.0032267778485113685,0.01163939457455489,,0.006327026121885875,-0.003385408277190133,0.00721182487981594,0.049328466892123425,0.019269142110839473,0.03022803782986118,,-0.005680019486362941,0.013603711430828455,0.005507536741442293,0.029944008523426952,0.0004920365617966582,0.0164850396201252,0.006747807074903958,,,,0.024930568212903813,0.0292378705423619,,0.02630044186528528,0.010874216695546658,-0.013637703975962402,0.037652196288278345,-0.02351297748818397,0.009694119512739137,0.007225787614997113,0.0227071748027726,0.02119092544469131,,0.028467358196128178,0.025086422097504953,0.0009447955892699372,0.012918697202451701,0.008896475824671679,,0.01706078712808545,,0.03228376321506162,-0.019717524593268112,-0.13470179209599856,0.006642517482949962,0.002587394253469087,-0.003987072450261868,-0.026872345998465934,0.015477373265383827,,0.01571268213547168,0.044636268386421776,0.032626641534296244,0.03894009853683434,0.049121560237214666,0.021563575142897775,0.03860232027992934,-0.0582111176450799,,,,-0.09114969544333978,-0.011129358728338605,0.041108102653803595,
2019-08-01,-7.201390355823788e-05,0.013119652232676096,0.003684125123593269,0.013132424785137464,,-0.01342576000205544,-0.07623360405935123,,,,,0.01618403184419873,,,,0.011389522475845433,0.004405956372171808,,,0.01613412242677517,,0.020665739204349158,,0.011733732751431612,,,,,,0.015852879129484052,,0.014151530242558224,,0.013539514035559629,0.0173826156972368,-0.00486362080746789,0.02888141778515748,,0.026087903200200956,,-0.01176168958661965,,0.018417761581299524,0.004491268878781834,0.0022696019524574215,,,0.0178258592815654,,0.0037013535660433,,0.02031997826376898,0.015761591868405363,,,,,-0.0064488404698713675,0.012753593339438771,0.006009163331170674,-0.009926728829010181,0.022229221556817558,-0.0038093989059159576,-0.008889265984919707,0.032002839134343056,-0.002153221423688673,0.001819645712842582,0.003973310980520628,0.00206206787138047,-0.004992246305187252,-0.004456802757596245,-0.025868712048352317,0.07476288244482258,0.00593136430340036,,0.006138199144659697,,0.024964154366196808,0.0035628547236183057,,,0.00661682202254228,,0.035220174086968016,0.027535027599721096,-0.01046397062030932,-0.009144603108560613,,0.004057195287608558,0.006119383189952293,0.046313399611825984,-0.0009216361494147345,0.005020391828306148,,-0.011702300827482604,0.006369233708868394,0.02019399491694923,,-0.009866505194558079,0.027568507121114038,0.014640275002276713,-0.0042440372160196345,0.015227305806059938,0.01697440724568956,0.01082114315579912,,0.007123611533614174,,,,,,0.03898296222175491,,,0.004116607829557766,0.0012542866287832415,0.002601693939917418,0.021135771016764712,,,0.01301949687405232,,0.044136484233308064,0.014693491478832504,0.0017475931470910227,0.010617758129714527,-0.009212098437890188,-0.013998415156301723,,0.0381362193955473,,,,0.01965150363139377,,0.027645123103212522,0.013671969057246856,0.013760660859706923,0.02221881162384437,0.03762546796372999,0.021096305246142415,0.014595921396191012,0.027350541559565723,-0.005153612797984355,-0.013284069790104013,0.002052140280882146,0.03197978476175588,0.020952367788090905,0.004827935508506807,0.019154828915789006,,,,0.0017258273440397204,-0.046592301060425105,0.028334481605633864,0.027121077481127097,0.039628865798221655,-0.014034369833988881,0.026155361475638243,0.03756633753805632,,,,,0.005364032944157661,-0.007060423923182622,-0.00026798078393501924,,-0.018150932438419164,-0.05216903043631453,,0.00117325578271898,0.01842558420188959,,,0.000890129809677714,,,0.02412196142196068,,0.022813354245721604,,0.011436903932451357,,0.023180928005860104,-0.15239582598067924,,,0.007990086713754004,,,-0.022239123453214216,,-0.014826709355579516,,0.02621347058566968,,0.03067002272936842,,,0.014311193195269425,,0.01493254244411374,0.0159015438336764,0.020449496872304733,0.010306773364998507,0.0017333180358686756,,0.01299060708625445,0.00857051504284487,0.020570213480152498,0.012702316815536636,,0.020596205648565447,,0.02229981979294947,,,,0.013108185387830814,,0.03987209708443448,-0.027052621187309438,-0.0013677967337970046,-0.01727148381200888,0.023153949097747584,0.03550323440794676,,0.00039586553451225246,,,,0.011113231558902842,,0.01463392747798602,,,,,,,0.022057453299625846,,0.031254802543067194,,,0.0013846136627582953,0.00537411060613172,,,,0.013247564019803437,,0.026539650365102894,0.007076409438628869,0.016844571672015286,,0.012048405299060157,-0.060495687875221374,,,,0.019575286142502105,,0.013546955282180922,-0.00940513323502172,0.005500506596351305,0.016144136216114022,-0.0037367284752594415,0.019069907825690225,0.021964675528780273,0.01666425163413176,0.022887370061643472,-0.04921478598877991,0.00014740422155731531,0.0029799904563318036,0.014891147856582139,,0.012606751831403444,0.0016525221281916995,0.01680275676165436,0.04245810960413977,0.021493894263982644,0.03028117852651617,,-0.0098156467661959,0.017414221231628932,0.010608267530041326,0.023858954945277445,0.013936296778881758,0.015459170758486683,0.004000783423961003,,,,0.022164789137738797,0.028780285364651867,,0.026214222568984667,0.0030430694629632305,-0.005058296973230776,0.033787800293057516,-0.012898652549648382,0.011046450598534166,0.012759512551400332,0.01966300952404222,0.019229873378338137,,0.024819834201885257,0.022216861049637784,0.00978362126188701,0.0193528413965517,0.006310910806407391,,0.01703235873661473,,0.04437181664182643,-0.012374629098534727,-0.14941430995085445,0.008640631188693647,0.002712162518342216,-0.0018134300731915568,-0.03385139659227255,0.01839035738398053,,0.01983643483296787,0.036961904673628504,0.026411089436126883,0.03392647140405592,0.042039737386966404,0.02388744284837908,0.02715976862190487,-0.06063917961761867,,,,-0.10445412581515254,-0.030725166223863336,0.03193872384429698,
2019-09-03,-0.004335224447900331,0.009055458929661442,-0.0030208281550289126,0.01089871497037634,,-0.03141471573911634,-0.0939950600652816,,,,,0.020914315733122184,,,,0.0008141232509846047,-0.0011945543854478937,,,0.016040540937116113,,0.02417797408877537,,0.009496448961180383,,,,,,0.013879952998376036,,0.013728555598478449,,0.007552654791274503,0.011819768768045738,-0.011409035160627086,0.02462726284727967,,0.022125146178446967,,-0.02098162490957382,,0.02725659820403868,-0.004779555316998687,-0.004331925392467726,,,0.01548939575826951,,-0.000516992965037107,,-0.005259947720564709,0.011453504614853375,,,,,-0.021082034349623028,0.006856027285057377,0.0008398631297359488,-0.02008680690101402,0.0177742993551825,-0.005528171062361231,-0.013967426827939798,0.021016585947649394,-0.01593345411554373,-0.012754891330025012,0.0012424024316667164,-0.007034218244726835,-0.008735321686085389,-0.04190330326606467,-0.029348171562785737,0.044343081504517504,-0.018598888711641587,,-0.009544005571179286,,0.023194504547288664,-0.002859670708805705,,,0.00039196340521951425,,0.037708093913876556,0.023755363261331687,-0.017990979109825528,-0.016582364690809488,,0.005365738848236397,0.0011753366323570768,0.04908742994867746,-0.006014565201809242,-0.0008759185610865596,,0.022717095690921913,0.019495615326174158,0.017827278052683124,,-0.007713140480869929,0.023411971922296132,0.009344349609118462,-0.010872187644510931,0.01207473533941348,0.014956097180872808,0.005994678258734944,,0.01972207399547192,,,,,,0.042849636008463476,,,-0.004862361202888211,-0.0052249715991739745,-0.004266308597381544,0.021047407636501897,,,0.009495384940238055,,0.04918575406677662,0.019976072138359263,0.002974365457054664,0.011327728090862575,-0.014729637842223982,-0.016933246870046447,,0.008168833804117136,,0.00622104089200094,,0.01715848541262582,,0.024018468795904583,0.011734690344089667,0.011915670137989531,0.019860760231796757,0.03729175248197083,0.01888641558039769,0.011015332742373173,0.02576790222413945,-0.008667140231085111,-0.017937866520526015,-0.0006756494468428205,0.032841853436854945,0.017549243138920825,0.0035865344436640002,0.016730982138170314,,,,-0.005061869547400656,-0.0462903644248077,0.021853363146806314,0.020569135804202696,0.03485488967327634,-0.01020858880878031,0.025373491732031534,0.04006142063445767,,,,,0.0021081881952303215,-0.013842029525718608,-0.01042868935977281,,-0.021742146992238386,-0.045362353424829104,,-0.0036847508064009053,0.019367373921735785,,,0.0013118200605128265,,,0.022638512395889196,,0.029695537396459425,,0.00745981542296706,,0.01906854488305803,-0.14612811942459533,,,0.0029455960438629987,,,-0.015105721664646708,,-0.01643513785993564,,0.025427366729685007,,0.03188125257768394,,,0.013103365591000168,,0.014211177555789175,0.01180559786343559,0.01911962361981295,0.001440783066466804,7.582345922595247e-05,,0.0022547566193485452,0.004988653659370284,0.019456710790855754,0.013212089513574997,,0.019542470371617843,,0.017538460380601945,,,,0.008438518865951206,,0.029772789099960242,-0.020563686450087493,-0.007960107073778661,-0.02234714822961992,0.0263660411789224,0.042387673990510424,,-0.005331160257568232,,,,0.009200303834985735,,0.01253245003492565,,,,,,,0.018956368266184367,,0.02728160463848042,,,-0.007582846583617413,0.0017416374234607694,,,,0.009562998935898105,,0.022700906922865114,0.006285499682378059,0.01984615809143149,,0.010213918164969046,-0.029841510482098467,,,,0.018965148250286314,,0.008917174569931484,-0.005707121796434916,0.0047937472010504125,0.01800704522326842,-0.007128641260430472,0.018356104950459244,0.025908672031983822,0.016683983810422843,0.021119098569828635,-0.04893742836106697,-0.00576104307162607,-0.0038735220351179696,0.005560273476019369,,0.011190737016987393,-0.005093124092035154,0.021969395642744676,0.04381332829772007,0.014277666256385909,0.02729987190217147,,-0.014795661647053905,0.012133015152706893,0.007575969053904213,0.023707137872190833,0.0066863537264443785,0.014768826332452377,0.002815832088414939,,,,0.01924172182019043,0.02512718745078655,,0.02607128047005416,0.00031188955156871527,-0.009969124211073582,0.036163510262511786,-0.019299842653945933,0.007249303692767489,0.008938169209108124,0.017171113787359273,0.014729774868534154,,0.023571426019120795,0.019592244270046865,-0.0003202765329434998,0.018011133058343235,0.005211540626936746,,0.0124113690172393,,0.03827537582844637,-0.01409647160031393,-0.14748825072297003,0.014815657812649364,0.009864829116507318,0.0021805738141230163,-0.030030759631720232,0.007860101967996577,,0.013489649532302793,0.040829559364149275,0.02502251767848495,0.03399173043012063,0.04622267314896048,0.015345044436401294,0.028799217344609634,-0.053711595357834534,,,,-0.1135741212232363,-0.038292473380060414,0.04316784878982955,
2019-10-01,-0.007537822372314219,0.007276670238497446,-0.002032905650580015,0.016541512663047653,,-0.028348847640549284,-0.09636410093657793,,,,,0.02061159625776557,,,,-0.005626104067527615,0.004610797321673095,,,0.021014879970601932,,0.0308079008456312,,0.014562021037853925,,,,,,0.018622902898296708,,0.014851851038615568,,0.009504674755347782,0.014072923262029408,-0.010632755473312201,0.020290331319475736,,0.01828460817322394,,-0.02133917970832668,,0.033653589341495434,-0.005185990108061912,-0.002801463153599631,,,0.015636812263586472,,0.01240577724924318,,-0.0190272040091866,0.01100346261715204,,,,,-0.021127714595071435,0.011941475547723625,0.0006241319628740112,-0.022187221841175327,0.008604577135305692,0.005808475344822967,-0.008505125555800552,0.021445740385219042,-0.018638271798252587,-0.015848012730431637,-0.0017820597809267492,-0.006180191052701248,-0.007589494757169842,-0.04625565483359942,-0.03666994268654438,0.06803968649098396,-0.0173366409528036,,-0.013712225897024895,,0.01513518738107652,-0.0032064122789940237,,,0.006322942340821456,,0.03098064988557283,0.021289500935634035,-0.015997994354930278,-0.013544995146789458,,-0.0056420298056813955,-0.005693917368740776,0.03532858734038519,0.004887790742372949,0.004995196858685294,,0.07592053471770405,0.036155959107877125,0.014428756649289167,,-0.0068890108890817025,0.01831234237340854,0.011039688004102008,-0.010668410345110856,0.014876417702749993,0.018139066384957117,0.00997109379642581,,0.03635168646378132,,,,,,0.04150620212369223,,,-0.00446701003839635,-0.005528478121197947,-0.004357409513431141,0.0253988115787046,,,0.014281441385456874,,0.0428996376963285,0.014138153504098833,-0.001556057196866614,0.006686515112133587,-0.017867290684862765,-0.017791711731831215,,0.01946820816858078,,0.012140709616129865,,0.013400950733547305,,0.018664732906839943,0.010200544088826417,0.01100053733959207,0.01616073148148083,0.030412958422544337,0.01514753823642832,0.008747674434034992,0.021258938679668566,-0.01251878178091773,-0.02040809091708813,-0.005143472963456447,0.025944549066209733,0.013521504066473266,0.0013473012143531027,0.013258528453601086,,,,-0.0034054852052155895,-0.04400822377227777,0.020116388345091343,0.020426472004351267,0.025359995751299214,-0.011349731501815369,0.024135883797695164,0.0349629818339928,,,,,0.006550153717371642,-0.015109880742923814,-0.009995752019183216,,-0.022956385218416243,-0.031607268778770826,,0.002541954740776505,0.024373726621965415,,,-0.0026103362215371866,,,0.020188702210278422,,-0.05342360244282415,,0.014691725032879771,,0.014947214924814408,-0.14257880226573977,,,0.00976686593551047,,,0.0076496051486249364,,-0.021552058419798386,,0.020554535108466533,,0.031520072849527944,,,0.008975870447078324,,0.01018974314683479,0.010039836037683802,0.015366845184075866,0.003912276218280421,-0.004055035579123574,,0.0020447236467889497,0.005126663430810351,0.01541407273269634,0.01782787496135503,,0.024344497045521513,,0.012617606726413107,,,,0.01203245623365405,,0.024127532180348164,0.01704480181736553,-0.014572520442468139,-0.022481662614831234,0.028653643899405803,0.04226410482898903,,-0.0041972790343221735,0.0031170663482422414,,,0.008070337912995171,,0.017586439692157493,,,,,0.029898191691637148,,0.01593896725167811,,0.021481272106466606,,,-0.00042721166967487007,0.007137781894670517,,,,0.01622301376214872,,0.011274370863831006,0.011281558960018595,0.0257168427605918,,0.01430391171762161,0.02988875278229203,,,,0.023675366804237725,,0.01664405623024043,-0.0058575511832070866,-0.0010487364882352588,0.010000123153543034,-0.010622567924891609,0.023262442962817254,0.03216576696683109,0.010191481584926665,0.021805505630325937,-0.04776912040385093,-0.00470610119287744,-0.002693193421215978,0.005464231099982541,,0.016965457438404802,-0.004659047003785359,0.028121474104804943,0.03436533901463406,0.0069794866750050154,0.025989865640371684,,-0.01865309146647482,0.007315514907374434,0.013294131007436065,0.021495595721162258,0.007450917212357545,0.011811254625862858,0.003058804858050022,,,,0.015654997681565946,0.01945470217694649,,0.01997407333472624,0.004304891089700125,-0.006890361232219913,0.03577006368967807,-0.015862223257695443,0.0059214684017407275,0.015566767803115524,0.013468442480170931,0.011323668437851778,,0.020669708847776882,0.01615999843438086,0.0011066746470040128,0.025303823496631593,0.001139160646394273,,0.010617705063999327,,0.0334458596057882,-0.015587545667643601,-0.15032596128253684,0.01021747592622939,0.008429942732048662,0.006331526170014707,-0.028235652266627803,0.00641321100471256,,0.00908844378940048,0.03472785631761699,0.026225038709823262,0.03123382560256847,0.044821557560741125,0.007641223338088084,0.02155779171859668,-0.03686311905539959,,,,-0.12481350652599298,-0.0420689124028786,0.048162683379827355,
2019-11-01,-0.007608521943279281,0.005113647653745534,-0.003586702218080454,0.017701680927691803,,-0.030732724989486274,-0.0908143874914501,,,,,0.017527852690683538,,,,-0.01029165627351799,0.004566636960900309,,,0.02177419198093222,,0.03739530149511638,,0.0156865600735435,,,,,,0.019963439766569196,,0.012248028388606128,,0.006072840026662009,,-0.015524403166446998,0.01820444459421254,,0.014913252236825847,,-0.026511958405505614,,0.051239663184876945,-0.006660538718540881,-0.0041038875053542555,,,0.011897226434262605,,0.003697746479107194,,-0.005066554537903905,0.007094442402612972,,,,,-0.02540168830748496,0.011126033299211234,0.005293070725265393,-0.016496519263337586,0.001150575692473165,0.005356003170024153,-0.011246327103444368,0.01956329509260617,-0.020694404927665187,-0.011205393198550673,-0.0005157802241855423,-0.005254521130761076,-0.01133505064132136,-0.03450145402254238,-0.03937883153452458,0.037765079753184064,-0.020256442689061602,,-0.022890209367838622,,0.00985631752073932,-0.00022962136934319584,,,0.005970399426481624,,0.025314544581739696,0.021344196263705716,-0.013109408684508333,-0.009814421488019351,,-0.011499126539623082,-0.010047673427955229,0.02491306983851286,0.007579301535190542,0.005258281531146679,,0.07439723645728845,0.04122063434430729,0.0129922924970923,,-0.004257791694112989,0.013923280040939666,0.011042572177700659,-0.015323002878236154,0.012995346835213122,0.01603663983471592,0.00859390799994301,,0.04141061555163184,,,,,,0.04539946342870507,,,-0.006307398963014161,-0.004581963469784057,-0.0036853408964341527,0.02497264564767878,,,0.013672052006788058,,0.03227670956777093,0.01011032901195398,-0.002302775169797477,0.005542419623444591,-0.01298253158358081,-0.012714442317025374,,0.0024225953767292667,,0.011455749779687373,,0.011172951904844032,,0.015634194333741365,0.008910769325896007,0.009722961449765909,0.013770062757572383,0.02443177432343351,0.012873407575448411,0.006977087340117678,0.01798606194393576,-0.010952238838998509,-0.016025221931316242,-0.005911130227866591,0.021579680086184223,0.01202018361230809,0.0014477995606030833,0.010986727993378858,,,,-0.004588066606998899,-0.047067231126583425,0.020837114879390495,0.01981042689644391,0.015994652456704117,-0.009693248121673239,0.03252044018827791,0.027129642511107492,,,,,0.007107178451326595,-0.010383562105512292,-0.006528279874901365,,-0.01733629230323815,-0.016985220488435274,,0.003579241328081756,0.0254245552341008,,,-0.0022898716830159786,,,0.017627267078531034,,-0.07996626674884101,,0.015893776334999294,,0.012701230031143314,-0.14374063545846438,,,0.012858376106237468,,,0.013067554615623431,-0.015054715475072025,-0.017446569590650864,,0.01595815907764649,,0.028049914949769487,,,0.009216965287834836,,0.007935650251896714,0.018144064612183347,0.02416266403367643,0.00988352313622619,-0.003462444753649766,,0.0002542986917148086,0.0029312361472710073,0.02480040132554077,0.01945183130827964,,0.02456306936643663,,0.011852394517073534,,,,0.010288396473359197,,0.019463495704318576,0.030856098907331854,-0.010095763430427215,-0.016305417375476167,0.027605681062132778,0.037902689916809736,,-0.004964029487983324,0.0012377081632178064,,,0.006933007631694409,,0.017423375798678448,,,,,0.041218808937378955,,0.01359088380184525,,0.01748306971485138,,0.011923371255044772,-0.0010474207399123758,0.007411052286795874,,,,0.017393629839920283,,0.003149512755799951,0.014392294952893738,0.03202226764673375,,0.015030720484847571,,,,,0.023979545807392498,,0.014461772446055477,-0.004465548859426187,-0.0003507835235758506,0.009464387739394823,-0.009638226174087368,0.02298245645212292,0.0350343079156962,0.010667014927108476,0.02343144380647381,-0.050547183310838226,-0.0054027933151277316,-0.0038310029604745484,0.007104228089401796,,0.017653186856031507,-0.004043969294321644,0.03984906938537733,0.02721834950133365,0.0014384950955701303,0.023125724567802645,,-0.012682564050296009,0.0036209769156641818,0.01293017401809582,0.030716459104781504,0.012114752478080335,0.010223590113016602,0.002892694231082181,,,,0.01344967278911334,0.01605150145709496,,0.017671234473670135,-0.00018163359533553925,-0.01032669421048819,0.0406768828230769,-0.012840444709873883,0.004052982964789333,0.016521575252133467,0.011341328935651812,0.00831402213935149,,0.018317482742926546,0.013592894279157249,0.000612851423696115,0.02016012302715039,0.0001954233757131682,,0.009642121917182552,,0.02848524926002348,-0.018082381474863067,-0.15217334616639866,0.019104211019090114,0.007171773245693999,0.003929498072446353,-0.034342733584909614,0.008321621744999062,0.013392375007072414,0.004707975185154173,0.028817538094510084,0.02712229955624439,0.040704618444745766,0.04813665093378628,0.00223300541029578,0.020306422817282403,-0.04122745696439529,,,,-0.1179842893699715,-0.03608845618639227,0.038793245683570524,
2019-12-02,0.0038846875235922225,0.010067629323256217,0.003735252668851662,0.00718553345604616,,-0.038863189095429934,-0.09052710286711986,,,,,0.024254529480010924,,,,,-0.0048984193707682245,,,0.011274857126639832,,0.033719348941093095,,0.0042032705412868784,,,,,,0.0124765552377624,,0.010995309272772133,,0.012379335775677939,,-0.004036160156311792,0.0201010941455284,,0.013282310869069202,,-0.013627899761161926,,0.05218633944938361,0.00012104338611977533,0.004085297247033615,,,0.003460822823680519,,-0.009161550903268733,,-0.0007153157450006222,0.011389629055694456,,,,,-0.01022330953867616,0.01514926345255916,0.01017231982689314,-0.008712091280883336,0.004721988041817485,0.017027144918101627,-0.00040707512596416256,0.02240392008915408,-0.023661469299738346,-0.006895736869818866,0.009670699079396656,0.017199620358832896,-0.0046012988780357094,-0.01705884462636768,-0.01979027042329788,-0.004619037939198856,-0.014874485469458801,,-0.02208077217584271,,0.011928555143396554,0.009961673443098994,,,-0.007958837962867997,,0.03420195323066602,0.020050266721986953,-0.020102785427763076,-0.024092744496999264,,-0.013079329351381975,-0.00516162546849417,0.035394571734939546,-0.007973913529589177,-0.006532971223037615,,0.05464849519881422,0.024520500346246997,0.015962544744722123,,0.006627118640908707,0.006618760885346023,0.01775470323856763,-0.0037797244291852277,0.0045566918699323335,0.007614297118185395,-0.0020848864724699935,,0.025079625110260205,,,,,,0.03911885243198921,,,0.000963275093748332,0.0037552703448660027,0.0038010796852874004,0.01615451389375325,,,0.0013909853893673788,,0.039842651244906,0.019632004050857337,0.004739456735605277,0.011723512188938535,-0.009109722664872064,-0.006591764964067112,,-0.021092866745373414,,-0.0012440821916906845,,0.014478228170873122,,0.0188999863539913,0.010918055910799506,0.012075811171163653,0.016527406059811556,0.03090363072168866,0.015482965437016646,0.007561092126556289,0.023375246892612285,-0.007327464671715126,-0.012707448105276563,-0.0027740050049071983,0.02832839958946113,0.016943532213875227,0.005507978318072529,0.01383729931339118,,,,0.003820231394687259,-0.04873731250541775,0.025568346320364917,0.02817886623983583,0.017675373219174454,-0.0008088401548410384,0.028285007029861215,0.03746354242113461,,,,,-0.0023598366634097903,-0.0008609313239067042,0.001959506181224589,,-0.00871480597660857,-0.0024408061482010016,,-0.010813812758982157,0.018667104619507203,,,0.002563659163638628,,,0.022865032749440354,,-0.10409072471149523,,0.0033072228335089384,,0.014900352863583904,-0.16080098432113424,,,0.005637273481698094,,,-0.009663073450927496,-0.011252601300460284,-0.020369690353060677,,0.02256501022853351,,0.04063027035887883,,,0.014066731097761515,,0.011495541648159649,,0.019893453678640205,0.011878890088913628,0.0009518274417567141,0.03076410881216833,0.005754884159829894,0.01318316425182303,0.02020929208103514,0.008340348602074008,,0.015386138170519125,,0.011940043752456836,,,,-0.0006256637457319981,,0.01760070249152447,0.017173118497428478,-0.008788239700613048,-0.01143863698978864,0.050294703858208265,0.06152772937967628,0.00850906535328745,0.0041277047523657065,0.006040483310925733,,,0.0034911659573127855,,0.006796902405038341,,,,,0.03699421862972446,,0.01634616697759549,,0.02060705701980162,,0.013727647169084888,-0.015995446792220373,-0.006272637193083891,,,,0.005920011420421627,,0.002476953594327937,0.0025229041953766696,0.02320819906887483,,0.002766788545743575,,,,,0.015776188550047584,,-0.0019333303389151393,0.006760670706423107,0.0034663564108657337,0.013114040796952343,-0.005410283290274218,0.014160354566591246,0.032323327397204456,0.019477332770173574,0.009561412220859131,-0.05233733698218131,0.003541453956399476,0.004183342581604267,0.012056038602692137,,0.005353378823810046,0.004125014376361832,0.03528034833933967,0.03513376630893854,-0.002203924801630097,0.024346338072577668,,-0.009276224129596007,0.014216753238690339,0.0019953655345936886,0.027515393437767197,0.016323029470184828,0.016095562130566125,0.007936322489038208,,,,0.01609574266817935,0.019234697887878457,,0.024116653329335557,-0.00018410001102043674,0.0009273470320595824,0.0327126490774181,-0.003979132556102725,0.009533402676045988,0.0043149286078884895,0.014192490012866089,0.008625656744460232,,0.024170845889998984,0.016330975806997175,0.005180284166527727,0.010468799963858614,0.004396068120737593,,0.008546928094991234,,0.03546689535976746,-0.015252416993265967,-0.17510276800789432,0.04378157785924141,0.01829766362440898,0.00343887527951374,-0.032601699150531044,0.012508792290374765,0.015314595454754438,0.014366771881045445,0.037570437222822356,0.01357985590634706,0.03451806401160466,0.04179741672433007,-0.0011895456895283979,0.030242491480996028,-0.043445713850434095,,,,-0.12939717656137414,-0.036971917121645284,0.05737912902863387,
2020-01-02,-0.0007946229391588785,0.012445658779635525,0.005650067885331127,0.004953459701748121,,-0.051818047832318415,-0.1095727486353298,,,,,0.02956286314041504,,,,,-0.005069097817286357,,,0.009720550170656301,,0.032698746590891545,,0.0014896782994030888,,,,,,0.011905211644320918,,0.010204324020168397,,0.014267431943792788,,-0.0034590185843232416,0.02003165339519098,,0.011574672436327333,,-0.009121525769577811,,0.046915400150442946,-0.0007041856189288038,0.007710627108638662,,,-0.004628383244056988,,-0.0034332868530098284,,-0.008013386896337984,0.008823083158736067,,,,,-0.00609887106925889,0.015918134605022897,0.010579767250030913,0.0019520156206542145,-0.003973316692614512,0.024970565290354484,0.001954912672318816,0.025173221856817224,-0.02761277333479829,-0.008396677958902053,0.01680725060306605,0.026330760593618798,0.00086669104825321,0.013608118022828092,-0.021725724548466222,0.018260869307123492,-0.024826692447434087,,-0.021870498078313344,,0.010786322933549782,0.016105388672919784,,,-0.010215696350976036,,0.04554440875393513,0.017750095703440272,-0.01706463057336951,-0.024695405773019246,,-0.009990326146763663,-0.012311100086342014,0.036651876960643474,-0.009135876511369382,-0.006674711474635531,,0.06217058300427154,0.02859136554281921,0.01770351067237084,,-0.0031181477160704208,0.004747337557164036,0.020353372846836613,-0.0033681868010017593,0.005262979589711524,0.0087360177534072,-0.003262451672214033,,0.029074911909014248,,,,,,0.033960957717053375,,,-0.0003119149334738301,0.01030736362617003,0.008880643339037542,0.016105887225231673,,,-0.0004954018638238508,,0.03741555509489742,0.021459662564763556,0.006493672156906999,0.011310885455019163,-0.0048867209896059985,0.0005490987774362094,,0.002482042535523502,,-0.004051335983955329,,0.01634998463710895,,0.019743629108006953,0.013801118816800883,0.014125122793623853,0.018101444702902238,0.03279788877018813,0.01746568162593316,0.006528963566271274,0.027663967349403896,-0.0030719935416846584,-0.00927574466547925,0.002140115897028256,0.02864535026718824,0.016181150572736336,0.004377514364301564,0.015884406575172292,,,,0.006230753422699362,-0.04299869088866853,0.02303710768485502,0.02824488432324675,0.017917258190997817,-0.0012793079681056513,0.028283283281275003,0.05064086440642638,,,,,-0.0011592245871384287,-0.0031390151801459027,0.002815897433537725,,-0.010024184599743165,0.004650107495740692,,-0.014262826294687924,0.019477685144165358,,,0.003038513495375943,,,0.029621940810615296,,-0.11266621300803933,,0.0008603823361213142,,0.018054535147420937,-0.13999222100893147,,,0.009829169516538411,,,0.0006134804374003747,-0.006489433447603202,-0.01679755198571218,,0.03097561046835332,,0.04502781542562068,,,0.013763368189530382,,0.011129253957041063,,0.019728799607017067,0.012631035729919523,0.004620017580556089,0.035218344831479904,0.004611027408280216,0.017237615006522582,0.020317244767342632,0.007064535742957042,,0.013093967954149858,,0.011581984639666226,,,,-0.0010175370395524236,,0.022906051207962737,0.026892066631943035,-0.006233499661489635,-0.004795442531649505,0.06646579209776608,0.07471165806573327,0.006286885282230905,0.0073565012696202685,0.005107675780834916,,,0.002036719740918864,,0.00595316577418713,,,,,0.03155412058216812,,0.017793925277400223,,0.022515268195709412,,0.016469785473607088,-0.018002113151800503,-0.008068446051753837,,,,0.0036297243810350225,,-0.008009094836750557,0.0010826685806315506,0.01835544939226085,,-7.868155204044465e-05,,,,,0.01595828552701838,,-0.00831782022899152,0.005952501664311693,0.005364454363575026,0.015821030365259593,-0.00419885372779161,0.014583760470528078,0.03407474975739948,0.014281174975091716,0.009875196459861922,-0.0459902957543268,0.006634338531216755,0.006657942492964296,0.00876191481983985,,0.0015611227411001425,0.010418000431605439,0.030930540348169992,0.04599483541247931,-0.002651370220065203,0.02039683048502899,,-0.0052392900817365,0.014879328990642086,-9.892579477841397e-05,0.028925471126289085,0.016317230168540857,0.015175453921496267,0.005096808832840933,,,,0.017916558445618846,0.02058966763761463,,0.024346876912847225,0.004366396890185319,0.0005610250585926964,0.026914724292324766,-3.367238675104003e-05,0.012106619200109338,0.00264281681329109,0.016042868428848795,0.007290162441928586,,0.02921851838587187,0.018022343880730044,0.004057988867614559,0.013165845554080815,0.006925598886654692,,0.007173367728497053,,0.037312880200257165,-0.006947214123423457,-0.1587852806106093,0.04296207531865519,0.016237320376723752,0.01213836102810092,-0.0256408180438712,0.008793258103226752,0.019256068845901007,0.014927826093449593,0.04971618141329321,0.01334177424179874,0.031401874867742936,0.038516276697508525,-0.0025376582411898,0.024124794930718788,-0.03153244434587742,,0.016274892165095714,,-0.1180252449994303,-0.027577304049128178,0.057098225023084426,
2020-02-03,-0.00396423630723401,0.017794264956944965,0.005806044697186094,-0.013894851227253518,,-0.05584290279610629,-0.09204550045569347,,,,,0.019609864352839228,,,,,-0.005097863283803547,,,-0.009423965900993094,,0.011125426623347772,,-0.0161122033066512,,,,,,-0.005369194650839542,,0.01152796121712743,,0.016062702124970147,,0.008628574960833552,0.026715237332872226,,0.021156700888178955,,0.004714862726267792,,0.018225345786594793,-0.0060438323789133285,0.009555458497543416,,,-0.030651979966048945,,-0.026508076348352724,,-0.027090925290190197,0.004469783672730896,,,,,0.0003137757135276101,0.013904501518351167,0.01720386217844939,0.006227354677570438,-0.011392578891138797,0.020001666826314993,0.006649935786883674,0.024419675533929867,-0.04039245227435064,-0.010939956382714545,0.018795293512872322,0.022078469412318023,0.002222126075416723,-0.015443053454566874,-0.028140968243336627,0.003104557592225125,-0.029516458525914013,,0.021125999225450963,,0.01689178962269276,0.016526793980871216,,,-0.022241084580287965,,0.058137621090899476,0.01989988335593512,-0.02637882842872955,-0.03945815209505137,,0.018360614078105613,-0.01316867396428351,0.04613035663682092,-0.03134933656793711,-0.006443826485138938,,0.031648342363359505,-0.0011643375760026712,0.027709978864057985,,0.003972433580318836,0.00649965672521749,0.020847114836392296,0.008413023641257192,-0.0056890946811597055,-0.0024387033649175965,-0.013813744880150925,,-0.0007835154351249604,,,,,,0.020216914707616426,,,-0.0056805352894176145,0.01203245295180567,0.010666523506098587,-0.0013410190925367,,,-0.017035726216948342,,0.04428962573569437,0.03226379844935151,0.01831509716593219,0.023958028206593235,0.0102940692416868,0.014443999991594162,,-0.01631617142697551,,-0.021111944376460242,,0.02678676756155932,,0.029224676635656536,0.02493628657078886,0.02509470168440837,0.02769889043159616,0.03953746334077478,0.027468826966180998,0.016533243795370342,0.0383222180442613,0.015257456546924019,0.004922800951629015,0.02468172713076248,0.04084827773993927,0.02827031977187776,0.016359956507298577,0.026714038751027114,,,,0.0064610224097605435,-0.02670726824777973,0.031575633741319664,0.04375371403116576,0.025572831394217763,0.002780590047705573,0.02217178670838544,0.05941248438225926,,,,,-0.00933998067413415,0.017475372426497427,0.028184269004353567,,0.010501580416268728,0.019269788199340287,,-0.028155936197354473,0.0023326930560048312,,,0.01640590238701615,,0.027921947142715887,0.0392262352482343,,-0.11510627673615885,,-0.017345639006766778,,0.027937463736659014,-0.0894665347497372,,,-0.0011623338242113825,,,-0.010231395738339798,0.008883102494542095,0.021732812669735525,,0.041649487165340025,,0.05412637229178791,,,0.025759914346297205,,0.022531879062527228,,0.01469745913574589,0.005903421944131287,0.019755473689989606,0.036457696150140474,-0.0008352195358170082,0.013171750464790117,0.014964059496062884,-0.010447366755038698,,-0.006156102906923605,,0.014227325519376006,,,,-0.012921619072903233,,0.03129315872045222,-0.012659765964310609,0.009000542983575896,0.0103844445789835,0.07053535343847549,0.07593730462312072,-0.012643902284993033,0.009195355290713258,-0.0009559311768970902,,,0.00448793373784073,,-0.010858122361909228,,,,,0.005850476203150204,,0.0274555874582464,,0.030631956484079795,,0.026535400183832988,-0.02441355554292866,-0.023239500103707206,,,,-0.01572472986199808,,-0.011284399533820669,-0.01526190405794756,-0.005576466068075864,,-0.017327118477756323,,,,,-0.0015958679524444245,,-0.022984790002300096,0.010786796034163172,0.02103720672179644,0.03471057128573387,0.009242676024185228,-0.003167820086883108,0.016462043025920522,0.023447429581567158,0.01564550695165948,-0.030213774778364497,0.009300845923748038,0.006621758332037774,0.0251239733783826,,-0.017816800397512874,0.012551308191717367,0.00549413569108736,0.058549403942094735,0.015615326778774322,0.027451098367000413,,0.010055097770094196,0.02937169732188168,-0.019032612814604687,0.02162706611745403,0.008413228782827784,0.027462138318811537,0.01957199128493111,,,,0.027850245013126725,0.029604771169506737,,0.034039215669419025,0.01234282327808118,0.0025315499225091235,0.015203146322879361,0.0034917756634787354,0.01817150904163028,-0.016550357461702386,0.026877902362806284,0.01747393649765133,,0.03887777251338206,0.027957627050336692,-0.0008749506315814851,-0.006487126663977426,0.022513629468181837,,0.013662930574601682,,0.05500213309858008,0.04008722082725486,-0.10815526622220796,0.047358718495548374,0.017089680933036356,0.019663012768717077,-0.014059646390801024,0.025880330325337753,0.029424485848886198,0.028814983505312152,0.06070323585034995,0.01826401825935642,0.023214975058049196,0.023201525588872837,0.01198292199301324,0.029425326668231003,-0.014992422954093719,,0.017064217168984992,,-0.09499730107906124,-0.008046414798935942,0.0681961390906242,
2020-03-02,-0.00028297610600077044,0.016053418876754256,0.0042747791324724066,-0.0064572716702571645,,-0.06674191853353252,-0.10728885630873995,,,,,0.024569465759796353,,,,,-0.00488369839429815,,,-0.003228388327959812,,0.015698534339877133,,-0.010522965074526743,,,,,,0.0001207954280936411,,0.011175134314884361,,0.013474957625719427,,0.004992660416976336,0.02710334338803405,,0.016301799245594176,,-0.002784228458339566,,0.018454704643698267,-0.004079080916394309,0.006969730333187512,,,-0.030189818721656058,,-0.021985079957084822,,-0.00854967879858073,-0.0018392556009787229,,,,,,0.0054495695981341755,0.0036550467944772313,0.00042920802481133906,-0.01547834698482254,0.012780715240641083,0.0014299265143072155,0.027068424713007133,-0.03299228446245714,-0.015123761385451998,0.017232486337949833,0.032013336958874795,0.00427215770167744,-0.013460228113810766,-0.027762106388075452,-0.001989388882604431,-0.03335867892365555,,-0.006287779957559563,,0.003941128691012206,0.014306200260512832,,,-0.016586397030583566,,0.05809853102385492,0.018186837238866473,-0.02241356747579587,-0.031212409603215713,,0.008924183380428531,-0.008990376432160892,0.03660268783324919,-0.02445108328667706,-0.006176434202663943,,0.03459719949467158,0.008318730307290642,0.02554504397797716,,0.0030916981024946824,0.011124099932090622,0.016160707948542612,0.004881748557425558,-0.003808304585330912,0.0005157632441115007,-0.010458050834155413,,0.008957391954189277,,,,,,0.035020994911622964,,,-0.003851796208520122,0.012120431337643733,0.010446882005160639,0.0035284319558917215,,,-0.009861571839980193,,0.03861500958121599,0.02670830443123743,0.008226637531979785,0.018604115605340806,0.002209215186567537,0.0041627760099310265,,-0.020708281884019485,,-0.013212727278661348,,0.023796442918242816,,0.02918159929660026,0.02070872698238546,0.021689400277269736,0.026517532435632686,0.04593508775116166,0.02502452520347859,0.013910106522250821,0.035716013947108695,0.005454879270222016,-0.0034056827494040277,0.01369070895325253,0.028503355230716024,0.018327115685113467,0.008253748472444155,0.023753293853826362,,,,0.005009326609908122,-0.03322867936621062,0.02578266450380575,0.03778065785210399,,-0.004082037533494683,0.011925922341459883,0.06251003734454945,,,,,-0.00796928827278083,-0.0003789964073278787,0.013869918851389157,,-0.0042812810307812565,0.00934894293388166,,-0.021673244379559795,0.007206596102991783,,,0.007391943030927126,,0.027764496779222717,0.038812352141212994,,-0.1730085302502358,,-0.008314515106541024,,0.029184633041066898,-0.10087984579959972,,,-0.0017553728940649623,,,0.004816400478322363,-0.0007698398014074549,0.011450474291285716,,0.04228809460744373,,0.05026488460910492,,,0.0195403893162575,,0.01602123506452141,,-0.0004422206925397173,-0.0019124342655190412,0.009614201779334251,0.0397514107067331,0.0015305108608220023,0.013795389805938063,2.8597275266312983e-05,-0.001244422115427347,,0.0018450489548795656,,0.012707549726032762,,,,-0.00979997820989046,,0.019328235645652992,-0.0039268464935576,0.0035470635991729335,-0.0007302724897207939,0.07109265893257362,0.07864785802345296,-0.005528620968330117,0.005954779816168118,0.0016105253002879792,,,0.0004878533291255742,,-0.004962432648041321,,,,,0.010142713254869632,0.025697867804328544,0.02607270602448075,,0.030918233068316314,,0.023235291916955367,-0.019164449203889548,-0.01504765363590627,,,,-0.007232784115175726,,-0.025652469175242457,-0.007527159079904781,0.00017002890170960677,,-0.010031499057434091,,,,,0.0043681369867892665,,-0.014721411158430382,0.0029584623612473483,0.008883641604070866,0.020326559219463046,-0.0013979227446092282,0.00236377650103263,0.02019902077507776,0.016615417633145516,0.02026244610279661,-0.03533612400169166,0.006323756276370155,0.005461652725228284,0.01785011217222999,,-0.010366085652760305,0.011796609111158174,0.010055755587218709,0.05885368686052133,0.016228707515806372,0.026360442256192523,,0.0015463186755451136,0.013647074243188347,-0.011134106512153918,0.010739189830016791,0.0035645087012260847,0.018153894812566705,0.01191977554500199,,,,0.026321659544087293,0.029683697704542582,,0.023829459484170718,0.010083369757160737,-0.0011432099646903878,0.027956817533151965,0.004111279010584277,0.015790461036371384,-0.007014062508610609,0.02367084645447875,0.015874166918874034,,0.036559287657513824,0.02598196946284638,0.001410350097855669,0.001092355663351514,0.011445491743887632,,0.014758878077402076,,0.03129025294759856,0.011520885038281872,-0.11804701973533858,0.03134234972400393,0.012840796411547542,0.019643305666720547,-0.011748701059043043,0.019685008944855295,0.03071760836073743,0.012444170608488554,0.06419359288641797,0.023536785813922642,0.014430364312638368,0.03950705307634908,0.015676454721613997,0.02241424060895015,-0.03463914608979204,,0.013111085830393285,,-0.09412196984088184,-0.013311854825989946,0.06982627096970134,
2020-04-01,-0.0053526785407041234,0.012506305747559331,0.0005329678579738299,0.002371169084779629,,-0.06434503754562698,-0.11441562870858733,,,0.03028488287384026,,-0.012854716565133662,,,,,-0.0048043127664099475,,,0.006147905696940184,,0.028510588174531757,,-0.0024226842794597882,,,,,,0.008283361337145453,,0.01204833805327415,,0.009451000071313565,,0.0020420559691567298,0.01949299991732763,,0.011439931923720902,,-0.006582311148166389,,0.0407918844955293,-0.006164932398981002,0.003178792528071915,,,-0.024901749153135408,,-0.01568855302762723,,-0.0037640714909278512,-0.005181811813788776,,,,,,0.003877314823357926,0.0029991033029595263,0.00023836445678509003,-0.02449654890375397,0.01353460443257892,0.0010509276718834804,0.024046431499678438,-0.03384256557731143,-0.013037245142303915,0.008733025122120491,0.023796038030292115,-0.007073394639631369,-0.00017193067967155782,-0.024760347644988124,-0.005651545638065332,-0.02766700736000268,,-0.013222029452572915,,0.0062474373574470145,0.007329350054979858,,,-0.009504928226646227,0.017379416783606043,0.05202187792030005,0.013078183184819526,-0.020501673127398035,-0.022709687194830873,,0.009779148553938485,-0.02072561725074486,0.025668446216033855,-0.0134825598934207,-0.0064622567972284104,,0.03802097995114673,0.021895337003331416,0.021840381091416075,,-0.0053745259042913135,-0.00312172330111666,0.00765092209392753,0.0019297344343450818,-0.0011258652890380953,0.0021979307702852174,-0.006897693226974091,,0.021759215036157877,,,,,,0.034396683234674215,,,-0.005645468587558358,0.005518587438920035,0.004448181390318701,0.011031164629109629,,,-0.002644722082459219,,0.03377720533185577,0.01662430249034655,-0.002054692474539396,0.011475202640998782,-0.006825138778465284,-0.00981197199163313,,-0.025570333139961297,,-0.005400524771886303,,0.019062590985844077,,0.026690175975749398,0.01307519981909629,0.01434164322492711,0.022265480770657677,0.04204369022426595,0.0211159066795567,0.006570744479598083,0.034061986117761754,-0.004334054810059201,-0.0145893115991959,0.005725913950653981,0.023159179636781196,0.012837106067030974,0.0023946949275338073,0.01889979946669203,,,,0.0012727657916965012,-0.05135444080025574,0.022103793517817074,0.028859126202226408,,-0.015294083578903366,0.016680724612925028,0.05859001970831603,,,,,-0.004658776771866392,-0.01703569064466321,-0.0022766598522282913,,-0.021597701106406544,0.0019119702424730285,,-0.013341073918380993,0.014737405485647665,,,-0.00021923823108049119,,0.023894870346584284,0.0384842363725265,,-0.1670479075930409,,0.00018074991701084645,,0.025575186697550358,-0.1256245879529217,0.08320660476277539,,0.003732345691480568,,,-1.4527541513700893e-05,-0.010798415612051615,0.013874963428212149,,0.0408951964055997,,0.0420050955811227,,,0.017144680422988452,,0.00939973776848985,,0.003454462489766751,0.0048183823272469955,0.0001811628614762983,0.0301523917218367,-0.0021104265534716976,0.00967899842623895,0.003958968379633853,0.006610782978046844,,0.009720104262512522,,0.003197797634346525,,,,-0.0054750654545701076,,0.019065309510595218,0.0008748963454663695,-0.00010865977218145835,-0.01464900607036464,0.05932543161802079,0.06543931652924631,0.0036333201704542907,0.002138274555465717,-0.00199767844881513,,,-0.007105004918531555,,0.0023756563084869676,,,,,0.028270200889662964,0.02135841959647417,0.021539436818293456,,0.029121724898702163,,0.016091850345261827,-0.016016025186641324,-0.007698893410435404,,,,0.0009815556103803668,,-0.03702720809035318,0.0013163192243798758,0.01521894289957534,,-0.0018561879549222893,,,,,0.0117031332338307,,-0.00651931802046625,-0.008757819037120836,0.0010761577703577707,0.01308927031308002,-0.009141938126590607,0.009023891181531667,0.0288434942884873,0.015218817876091854,0.013822774745197232,-0.05498669904268434,0.0022194380043884174,0.001981017097626142,0.01082991712085359,,-0.00021790512923938846,0.005762937823567171,0.027668265325402955,0.05282397273797933,0.012690280653137938,0.021529799769306385,,-0.006516375895553046,0.006473382469954727,-0.003604273540376402,0.015190927444041512,0.0034606684578255675,0.013299610646139172,0.0054618092431055415,,,,0.02201965433020605,0.028169030979657533,,0.02020863064158176,0.011263500562229552,-0.003554078254446824,0.028122872407251632,-0.0017532677328062542,0.011460912969749682,0.0006588268789281559,0.019330756685454746,0.008118757621585463,,0.035656125437621575,0.02180483568464013,-0.0016688942266479213,0.006277297980807803,0.005174795915789962,,0.005665252049496181,,0.03039503857306694,-0.0054349978900056235,-0.1501881858841552,0.02936808483699865,0.003686344398106806,0.021619835735870722,-0.032455947630260995,0.013688666781995373,0.027577708799789134,0.0053612605418081015,0.05959810051942525,0.018280045969294566,0.01913885893786238,0.03917693947962183,0.012765510557540305,0.01967254906842128,-0.0622143895762915,,0.008568317371893903,,-0.11629492146894443,-0.020631429785750385,0.052317886203551954,
2020-05-01,-0.006780762836825765,0.0068471289908373706,-0.008510256443783112,0.014674160090931832,,-0.12682260949554028,,,,0.04468654432629297,,0.004250467677956051,,,,,-0.0033030504113218968,,,0.01983169603405797,,0.04604180002303027,,0.007809609847740652,,,,,,0.01882735524232149,,0.01919819998510633,,-0.0006828940661909855,,,0.015409946435990602,,0.007091817200870153,,-0.018815857875096077,,0.06870055917086974,-0.01125971084070156,-0.008924515256323826,,,-0.05539220763203256,,-0.01170864291254745,,-0.05682083653154558,-0.020129392844161365,,,,,,-0.016794116564186164,-0.0015520012220859847,-0.009879693990170073,-0.031811608572453555,-0.005810619528210979,-0.008911963026655905,0.022196486871676323,-0.04107069164618593,-0.021915068337570332,-0.001175628177197839,0.02756774623934411,-0.028948771507869887,-0.016485151552446543,-0.026096378564866123,-0.021556676274579006,-0.04743463979775728,,-0.00832309262000788,,0.004698403070485821,-0.003938638843086426,,,-0.0016290419773443482,0.015486611537140491,0.0559510726539168,0.006155657788192371,-0.013489172342274687,-0.012620362467647056,,0.013129637002269922,-0.015113237796481802,0.02476260915256754,-0.005237761882870095,-0.0023166928159500237,,0.039860270525279906,0.04477726135093586,0.021453864591297053,,0.002397429503419762,-0.015994766345552882,-0.009221298760178792,-0.009055637731009784,0.0031760024915359793,0.008369371679386494,-0.005193283556273179,,0.04502338226447307,,,,,,0.032360801845218626,,,-0.011786235625564882,-0.004716336377644621,-0.007471235749120605,0.021372701388373393,0.04013034380388506,,0.007264054728103891,,0.02555337129662836,0.0072336252866444795,-0.0155401470042665,0.002506386643714693,-0.017330020853222713,-0.023161832675183014,,-0.04525946004301181,,0.005022672062490962,,0.016887369469571298,,0.026948077968988855,0.00790946431106028,0.009990704108334098,0.02018618422571764,0.04402365221932382,0.018725709347526282,-0.0007067642344358911,0.03701542191609087,-0.013362649888770412,-0.026405140865165683,-0.001136988293316997,0.020172395375008357,0.004268159751691735,-0.009385689967766743,0.016486716153775925,,,,-0.00811033859016849,-0.10148058811563504,0.021130282966071397,0.028507150667535716,,-0.024136592331230135,0.008576571457816566,0.06232400707545921,,,,,-0.0004272856185051406,-0.022292135391672314,-0.005109249398672637,,-0.02422680789018165,0.008303929714428119,,-0.003049784053220112,0.02668421919755779,,,-0.011265497581895855,,0.023725588906214005,0.04344138252568434,,-0.25390375682082983,,0.00993151912878491,,0.025155787851992073,-0.2004222139875002,0.16074080308259375,,0.003495917822459743,,,-0.011758339078471595,-0.02219786084064785,0.013256120991781315,,0.046637821615372284,,0.04208668149411551,,,0.013010758827101525,,0.0012632966152338347,,-0.00995907087828159,-0.012046906401731932,-0.008780178128247386,0.023002162862279484,-0.0094155045763694,0.0013033715672181002,-0.009043934788582323,0.01938095512880594,,0.024173709614503294,,-0.004460265222903927,,,,-0.0017104374483815552,,0.01599058765023957,0.006600489837656152,-0.009340363211729352,-0.027340587158560734,0.06525842498381865,0.06904414015134211,0.01658176554402083,-0.007655263675701714,-0.009361395419772203,,,-0.022012367261500507,,0.01251577994687557,,,,,0.05245096297387262,0.018480390525165605,0.019951120030683774,,0.02940899324651541,,0.011211659717739056,-0.01185114732934664,0.001962734587573845,,,,0.011329325113722725,,-0.05895283272113276,0.013032606187708842,0.03606269399884856,,0.007477579893414365,,,,,0.02281720770941027,,0.000874044279073469,-0.017488402216906195,-0.008583226486755314,0.0063813547916885364,-0.022659680317293207,0.02034294673881373,0.04111717072786842,0.009921606343820999,0.012781104163833159,-0.10604349591249597,-0.008552235227402146,-0.007306854638215019,0.009706598209283206,,0.014479567269010148,-0.005405818892886248,0.05179160418780769,0.05595569863172675,0.01533216895109217,0.021548705498660437,,-0.017369623224303125,-0.0022466827821508908,0.006668963182920405,0.007352013693997026,-0.010302057692997463,0.005255638347439612,-0.005740361108868377,,,,0.020074353678282336,0.028429254811982205,,0.015698389288833468,0.010558422085349017,-0.014652700246186154,0.02636598206911724,-0.015505195719727818,0.006554345751701484,0.01124869395121208,0.016469025391939156,0.002093323274132592,,0.03945010891946102,0.020726998363946026,-0.009183528338049748,0.011957200178537606,-0.0005028928714482365,,-0.00043448498345392334,,0.024896304346009902,-0.00043670194208930767,-0.236084836212801,0.02061886546604897,-0.004255551085731137,0.019722925328560716,-0.07639379225513128,0.01304559716743544,0.027353284378569927,-0.003566641671065914,0.06369258355719615,0.01834704849661524,0.0141823600481981,0.03901130427243243,0.015245653242641058,0.013370993344517815,-0.08059760815586497,,-4.634702619635129e-05,,-0.206504960119363,-0.03643599545826229,0.0526847528654714,
2020-06-01,-0.00023696202594871257,0.0055184878779408345,-0.005726149150134937,0.044138302385529044,,-0.14229195220769222,,,,0.032484557759536264,,0.015003094083417216,,,,,0.004974785758459971,,,0.04594383258137624,,0.062436762017176406,,0.034596402359391494,,,,,,,,0.017868121389669915,,0.00407979172953032,,,0.012751768416222983,,0.005841462927145881,,-0.004101783809816181,,0.10006636590986628,-0.008627889119549773,-0.003442325225321134,,,,,0.004659621796658708,,-0.052874009337294414,-0.016399994444724977,,,0.016670562968235453,,,-0.019600119738466943,-0.011218649148685892,-0.01852562579971283,-0.011779313571349134,-0.015603908787714617,0.010990115473366655,0.03130441211456763,-0.015114557003298642,-0.03326372770037204,-0.015439720281156652,0.022084263250867743,-0.023428746799057674,-0.05479864313059031,-0.02030581151109873,-0.06023615287296458,-0.06796608061571893,,0.027865618017947735,,0.01212579972966179,-0.013592109419249716,,,0.027724214137464544,0.016496059917376613,0.039677017248103,0.0030755947128799453,0.0197057221403361,0.023621227006749523,,0.03166791418007331,0.004394919343354038,0.01785016599449192,0.033347009594945326,0.007398580329129324,,0.05985453257076584,0.06510037747956299,0.01682643325090198,,0.01601176731765198,-0.007524306856771335,-0.01320217490939746,0.00923527050378043,0.01659462816814909,0.019665903314244903,0.010470171009251433,,0.06540555543655986,,,,,,0.025882215272631483,,,-0.010423403152528337,-0.0082546665658106,-0.007436923788868515,0.036395034070354736,0.043741333113195516,,0.034253199947023395,,0.038700361857519516,-0.0030382512951196063,-0.02848515777442416,-0.001443143884104917,-0.02780173028112114,-0.03562999634858723,,-0.06863592580301019,,0.03635502640060071,,0.010952968428170975,0.041688882988869524,0.02312869718089147,0.000779080096985749,0.0029815628217680565,0.015326093998494404,0.03762235801389015,0.01307862260606724,-0.00637247239118602,0.030351673737118112,-0.022620250195107078,-0.0391585683572831,-0.00865315454654262,0.013469070817647222,-0.006370183264492894,-0.022791610307127813,0.010627692875890165,0.03485059185609809,,,-0.00625860338173811,-0.09736625814086415,-0.004903901382618256,,,-0.018008775226411,-0.004133510202618122,0.046485298929923105,,,,,0.011699743530337864,-0.05503218183910418,-0.04241850031785112,,-0.058152717457520015,0.018057146866069337,,0.02865312085345383,0.0415045285082527,,,-0.019605021770145815,,0.019012124506144524,0.03346608744457627,,-0.16144023650510894,,0.03229010016924065,,0.02162569172512019,-0.21849980438129812,0.12106938335077766,,0.010581087253865099,,,-0.006851099932769568,-0.03242000195234452,,,0.03948504756929363,,0.028796419892973515,,,0.007250679338281543,,-0.005743485014826977,,-0.020016689706759076,-0.016902356662049187,-0.020787211560203883,0.026251622454596786,-0.007587876627960772,0.002821623059221617,-0.01981534913671636,0.04639586187663536,,0.05050204246915178,,-0.0036448170232747726,,,,0.014989339005253509,-0.00601095598451462,0.022656231305751746,0.013419519795874415,-0.01756362126140399,-0.04058094246922137,0.041684514868738795,0.04261240141791309,0.04598084227996734,-0.004317534488957808,-0.006690982211954534,,,-0.024103913924067872,,0.034412453414233546,,,,,0.08528485750119587,0.013465002058008005,0.015402677473113085,,0.025861145537340965,,0.0043150248654626735,0.0024905682473060956,0.03338090640989489,,,,0.032238630120972354,,-0.04247264517311404,0.041342951351643537,0.07078642040237794,,0.03450901579100848,,,0.007860220958964525,,0.03841861848486338,,0.038614009877304456,-0.013705610079490288,-0.019078919490680413,2.5126083995154856e-05,-0.03657257321628318,0.036102603543939175,0.04589569964580046,0.0012407502673535153,0.023541896683524733,-0.10201396391587535,-0.005180777635650029,-0.004124511391773607,-0.02048797488404856,,0.04881767321548722,-0.007467139159937138,0.08363908138802995,0.04015647779869636,0.03458065253194397,0.021558790847942995,,-0.02749253179076654,-0.012860752974773692,0.04119630040547254,-0.003758686673664371,-0.009348922241101992,-0.003995831919557246,-0.019074062537346365,,,,0.015268957569292032,0.025338430072587594,,0.010215356917710255,0.004088624253491378,0.00014753138642856903,0.020595710266773027,-0.01719816079585283,0.004167324944489803,0.03294609293081075,0.010804851366237683,7.922691472951969e-05,,0.029529710899309457,0.01574181730074234,-0.00801053192178392,0.017230621620944207,-0.012920749355075789,,0.0010675187790357395,,-0.005059380893576567,0.017274702536633352,-0.24955556656944186,-0.022282557384338843,-0.0017902674756103242,0.009864690081007706,-0.07581428505625554,-0.015398854266409252,0.024324961499477642,-0.011093921625375217,0.04658126318323178,0.02785873047550996,0.009682853736933011,0.03010624331722116,0.03646584265452515,0.00936000287147342,-0.06315553149120781,,-0.007105825294828234,,-0.18810193000679684,-0.037001984078936144,0.03306232539800051,0.1080158121571274
2020-07-01,0.0031837023158551897,0.007854257286176888,-0.01218997396835413,0.022945596160700098,,-0.14205402609586082,,,,0.0848433404137959,,0.012477999604165839,,,,,0.004987012399805225,,,0.025831902791783365,,0.04945238297632428,,0.012761969293054478,,,,,,,,0.022869062457382097,,-0.00448932057985459,,,0.01663324902020185,,0.007145312192381146,,-0.003818175149521185,,0.08481475699087668,-0.00999360486117122,-0.01298339480694633,,,,,-0.017690629767509507,,-0.07193622794282546,-0.033366950619919726,,,0.02492266278672913,,,-0.039610763326681904,-0.011805745720182635,-0.02141718847381298,-0.026243855036777095,-0.03214368636173533,0.008464978783571357,0.016725955541778366,-0.03623862693146805,-0.05867565439358464,-0.025609385558646433,0.035885195890421925,-0.035511683822453004,-0.07933367092758502,-0.007631061612518594,-0.09296465438486015,-0.0751785113600601,,0.04700662619480751,,0.027103875110392524,-0.023567538499466287,,,0.0037549820663727927,0.017976443716947874,0.059991095296120164,-0.0020408846150923973,-0.0028680502054369552,-0.006152454408531638,,0.04457953743237788,0.0020277024695217753,0.03808915314290373,0.00609177948044031,0.006796028538831447,,0.11396658524488186,0.06705086188988447,0.02423020612881501,,0.02334796207683415,-0.005018446784809797,-0.017986780391152982,,0.0010148053571332038,0.0031572789126914835,-0.011524107109339158,,0.06751191378434367,,,,,,0.020469250673444198,,,-0.011678552577877562,-0.01642846846219442,-0.017842205571781993,0.021718316264009115,0.03521265218166104,,0.01262385195164102,,0.050094513724022786,0.010739100314723023,-0.020747153599587478,0.010870513281073167,-0.01981005851557324,-0.02762924093047974,,-0.09873533373185221,,0.012876073602902485,,0.01855168686364668,0.021340805806739922,0.032325183887414705,0.005109930507374893,0.007179244506397412,0.02236550930339582,0.049873149058735064,0.020739504495050767,-0.006229995696015387,0.04396252607541429,-0.013683232910630196,-0.036890087356723764,0.00644757740576253,0.026791586483930104,0.001563837042140773,-0.019298289900873036,0.018350368449002046,0.04824598290080632,,,-0.011870562585272288,-0.09128214541298527,-0.006327423103170264,,,0.0010967649738317725,-0.012416368108077799,0.06960697666557232,,,,,-0.004282925182070146,-0.05135703099840491,-0.0358686771625355,,-0.05191943637534017,0.038862828907887836,,0.0024532887965734796,0.02916756258017012,,,-0.010355644646442955,,0.02627408675456254,0.04843255521727961,,-0.2046707439062425,,0.006570394352839753,,0.02895623420911783,-0.20836698153847366,0.1032980513114972,,0.0018055711410629258,,,-0.007164690676766338,-0.024323743409185434,,,0.05852291351660746,,0.05617467382560799,,,0.01969429837695353,,0.0028132793455855573,,-0.034672706250935964,-0.04505210453878757,-0.011058792037231287,0.036025815026699166,-0.01151617399081652,-0.0033670961174071664,-0.03368445047868628,0.0277465567455936,,0.030879570641838654,,-0.004579444379791552,,,,-0.006048917210372287,0.002360643829728544,0.035347160814548646,0.01349473359938427,-0.008534073501741226,-0.03426010870926297,0.0826293558012709,0.08665059467947707,0.023963237128296445,-0.010738855111939167,-0.010512844705040244,,,-0.028810945313846245,,0.01635685859296522,,,,,0.06664749991090214,0.020139932748594606,0.022353297160560393,,0.035144064603254366,,0.007832934046856994,-0.015915527562950445,0.00976662820100392,,,,0.007462381453982802,,-0.05189425372221665,0.021887718270201702,0.04978258512807657,,0.012807948434401455,,,0.009661443488657624,,0.023469016485142314,,0.01152598209618385,0.002244240173956062,-0.011190369529224904,0.015090384958553181,-0.03343063141716084,0.020941946657493087,0.036469282413803074,0.022955963331519787,0.016846796085524834,-0.09585338804646203,-0.012278020837251625,-0.010850262344191931,-0.02236678530217277,,0.025223649667136416,-0.016928478076054982,0.06577156204579857,0.06055327005216723,0.04215863422339503,0.023346488178295016,,-0.020191969899788133,-0.014181582011986538,0.016952825863893174,-0.011956733562416253,-0.03353016704903954,0.004065665619398456,-0.015055494142525657,,,,0.02213051815728927,0.03426093487314403,,0.021968565234442773,0.009198334351128238,-0.004484679901258483,0.01336641798401577,-0.020354971266416628,0.005410351872729041,0.006216791101059381,0.018099568199506106,0.0005448582280463842,,0.0439471705414884,0.022949503331229127,-0.011941339294312472,-0.00266986548764884,-0.0014094338904982347,,0.0007374303325701154,,-0.018685743443190853,0.04397708436154333,-0.2565160010907594,0.0018793601970380214,0.014819567205174255,0.018516783962498326,-0.06337027889558969,-0.01757175778192706,0.033841329456898106,-0.013973373031443071,0.06831613842310452,0.020276254765293135,0.0024399241757397205,0.02564356681647194,0.04105154803667211,0.026815299011206953,-0.04501920200886461,,-0.017696383687384843,,-0.16370423603019324,-0.00794808752494942,0.07795317645164795,0.096095480545337
2020-08-03,-0.0008103595392953827,0.010754531350433952,-0.009114453294565226,0.02396214775764671,,-0.13587355292022615,,,,0.09565803613566658,,0.009475836020631557,,,,,0.004858982060438027,,,0.028297340241609736,,0.04396442009864641,,0.01518878281459458,,,,,,,,0.03743869645993825,,0.00041076037436520136,,,0.01361840139680659,,0.007753340802095344,,0.005370749820210713,,0.07197583479500035,-0.011364379127266542,-0.007737649046986511,,,,,-0.014404847004582734,,-0.06114279433359123,-0.03044894688342241,,,0.029576273264179852,,,-0.024493846151037512,-0.014220468988911727,-0.008030485508211565,-0.04216832711109307,-0.032916620377480915,0.015868410640491982,0.015996714652139817,-0.02560291695337835,-0.05251092611640222,-0.024821300600105404,0.03290873007611336,-0.036788819161450846,-0.06407338394918574,-0.011679878312933316,-0.09124904335786972,-0.07890837911721948,,0.04664277922187996,,0.049388843158282986,-0.01780170697174133,,,0.007660186472855312,0.020816866483450002,0.07063649322178576,-0.006750404631494964,-0.0002361123848972593,-0.002218646298930221,,0.044245945196469474,-0.0034274783050249093,0.06215460904609467,0.004470078035320072,0.007381329408761437,,0.08690798045563358,0.056370475198636576,0.02757033635581373,,0.023035991626499316,-0.011582340186824441,-0.01549950866786062,,0.006221109998060536,0.009007440469240159,-0.00452070156048316,,0.056921012469307114,,,,,,0.01817431362796278,,,-0.011761499635354151,-0.01158261529851212,-0.013420362447824566,0.02475302035068052,0.031563990263946545,,0.01712718661828417,,0.03847741827855011,0.00934805741021589,-0.02221708684323881,0.016710944299711542,-0.024754074430110514,-0.03764934031226654,,-0.0968383682927362,,0.015720301522780523,,0.02137569936091084,0.02307944300910102,0.04136303975446921,-0.001218330586166745,0.0007652096806885814,0.025263397643838822,0.05633323339616205,0.024304252647732578,-0.010376852588749161,0.05417226028695078,-0.012546640485972434,-0.042425673429377225,0.013251086954147484,0.03747171356607148,0.005107893164972813,-0.02199724284887543,0.021590858274056848,0.05801976865311972,,,-0.008039997226572127,-0.09832639811655085,-0.009028991408006328,0.0019817601417139474,,-0.0049120309378360505,-0.008740875062215568,0.08288048734532853,,,,,0.0026080410846466753,-0.06034141554473835,-0.04493960633037821,,-0.06521787751152949,0.05568788399383284,,0.004311618851737465,0.028315841519890726,,,-0.007971540470437109,,0.030011908451632006,0.060227117456729685,,-0.18730346122322916,,0.015410142520892284,,0.032296294081422774,-0.21759542215288655,0.0828265832548384,,0.00555826706952726,,,0.008449751358251876,-0.024964223414797808,,,0.07020773377922251,,0.06089281640193695,,,0.028572342908838762,,0.0013544989639562796,,-0.036952401676777304,-0.038742277474756295,-0.008934756565916968,0.030342043260349578,-0.01181576662859069,-0.00015013871069342318,-0.03607910093186159,0.02770202047667079,0.032773920939734795,0.032757902996150605,,-0.007704966542164314,,,,-0.0005266742899702171,0.004328567476415314,0.06752070092029244,0.04345809908448707,-0.010306348861729762,-0.04203043210185843,0.07822644349475337,0.08279231778254471,0.024724070194165296,-0.0062061675712665266,-0.010207843904216482,,,-0.03627763264953937,,0.02037058981595516,,,,0.02839763804125938,0.05897225093931211,0.021350722493003238,0.02504029642190773,,0.04389751814348438,,0.0009495913484276339,-0.0062171202063841646,0.012797168957718185,,,,0.019116019963842136,,-0.0543161617022446,0.023111518945273003,0.046837349007545825,,0.014345845872835753,,,0.013738628725579634,,0.02455960150915698,,0.014028871273776774,-0.004422724661389129,-0.0066509633471079285,0.025242005342437278,-0.035922314900224454,0.023982479276877067,0.03223137109040582,0.033391803022023214,0.016460067984042693,-0.10223334297870314,-0.006569508963036428,-0.00688371869031502,-0.02614582594187468,,0.025993973664137256,-0.011060324954977758,0.05799595586252693,0.07168646486979711,0.03699534505310751,0.0198200420816584,,-0.024832273344477834,-0.016640047322754457,0.018826510620636668,-0.00955610492679682,-0.03047812035308508,0.007836277277143883,-0.019994226987248405,,,,0.024729416486732318,0.04338573026098606,,0.03348316031375225,0.026609647840014808,0.0024177395273057727,0.011690656645374053,-0.011266349696775068,0.009354644514832814,0.014823577033224953,0.021698678790354305,-0.0059370870462617485,,0.055783193380284125,0.026054105707208217,-0.009835367931548303,0.0058932459987487825,0.007116508105096783,,-0.0054136898845213235,,-0.016690684838695555,0.047979065871566966,-0.260175787828169,0.013846712850162148,0.0070701066751693055,0.03230257558108335,-0.07215759765901063,-0.02149972037291733,0.03841333513887525,-0.0169945750173151,0.07665614749686413,0.018499843995073408,0.005089617420320977,0.024201187582848786,0.03458586994310672,0.03275631970156418,-0.05726839222952826,,-0.028551616160040313,,-0.16585069885031395,0.004665218452101517,0.07412353931130614,0.08010080569591155
2020-09-01,0.015600479018682277,0.013413384722243644,-0.0025056285745385072,0.021197373684355716,,-0.1539216715740084,,,,0.1166877782993113,0.1366240512253613,0.029324392919191897,,,,,0.004217538246144148,,,0.026033323792411807,,0.04423588364822895,,0.013978112910053376,,,,,,,,0.044472027517736074,,-0.0016134682401126733,,,0.009768803840909694,,0.005733964830441666,,-0.003739479588641887,,0.06997059539235416,0.004407311991756924,-0.0033917801152880075,,,,,-0.018835257284069883,,-0.033699998843610156,-0.019582492063052667,,,0.02933583907231456,,,-0.01774075117163377,-0.01187893931183719,0.0050629706887476205,-0.02227317110785698,-0.019744328007570623,0.009033705739858528,0.022315980145846667,-0.014585795422293983,-0.039873943171560594,-0.012379573406475592,0.04387560112117986,-0.03568568778961968,-0.05800910266509895,0.014526860996945608,-0.07339507515271904,-0.05484903381214,,0.054669917747150916,,0.05532831431771629,-0.004080496654180009,,,0.005158145209969894,0.01993503230701396,0.07431149838040557,-0.011014515125026844,0.0038905836430381965,0.0013102672386725081,,0.044076692016722,0.0066163141073247445,0.06219150381673619,0.002380382985900736,0.005637929388800603,,0.0846163998986593,0.05618543482211159,0.026343692596516633,,0.03630746736904641,-0.01661031626906343,-0.012068875353770832,,0.0018333565379308034,0.006128175952068076,-0.0059363375293879864,,0.05651292579512521,,,,,,0.011996343589282862,,,0.0037026070659102795,-0.004287256101837724,-0.005496467516008795,0.024703625429258295,0.03398101243820284,,0.015412206717713896,,0.03897869500484851,0.008408788575918645,-0.028848944996590492,0.015533023873535437,-0.02472958712668528,-0.037960268909127175,,-0.07888851023398713,,0.012893630501070712,,0.022261871335075095,0.02026741289412782,0.04622561212319634,-0.008048310135550971,-0.006735326289728404,0.02509141508491524,0.06383472007661276,0.02449458196237449,-0.01601451016927294,0.05806428057570201,-0.012130921713984687,-0.04343619315307178,0.014227119509662552,0.036335504658057655,0.0018074597454132873,-0.0256133945298569,0.021320994074590295,0.06374500201027813,,,-0.0010212846495427303,-0.10447241405051072,-0.01566575851644352,-0.011343910770130186,,-0.00015191741304051328,-0.009784734486464344,0.08637926629214561,,,,,-0.0011367681046750987,-0.0772455467244181,-0.06444742497165537,,-0.08095707928058178,0.0882489933079546,,0.0005249900182290549,0.029112570948099797,,,-0.012345382401648716,,0.030880617752555888,0.06511226803477195,-0.007892171954114988,-0.17185727306971482,,0.011276504667145646,,0.03442271597250826,-0.21014071050347027,0.07146298394497394,,-0.0006556029626226444,,,-0.011219429852599728,-0.025569731308250007,,,0.07649477563510168,,0.0643383880351262,,,0.030669853225712824,,-0.001149431940405025,,-0.03837018325736946,-0.036148660790898665,-0.009503724029236054,0.026396691949541286,0.003055267441529916,0.00619014392307902,-0.03976586830000861,0.024702253009838575,0.028170878511293643,0.0292883632773559,,-0.011201764349238499,,,,-0.0025342826031828167,0.0019962846308136588,0.07205953872322021,0.028988635190801415,-0.008961287622579977,-0.043862490335996214,0.07733920982215434,0.08295776741789887,0.021352027133383942,-0.0018876890087898186,0.0032406304158600673,,,-0.0406543005600124,,0.0199811452560106,,,,0.024150096416015836,0.05564519847177469,0.021710872986613623,0.024648736011539878,,0.04937962796010485,,-0.005298312284918447,-0.008642800205794289,0.010121117653894248,,,,0.012286447028216331,,-0.0458231099001655,0.02051712106163139,0.042264602669157936,,0.01209958299462448,,,0.014249545273541666,,0.02500565821983801,,0.004012228205855125,-0.0012963280498561683,-0.007991875692622918,0.025264231326398455,-0.03884262362037653,0.023624360071860608,0.03530443520878641,0.038575847036130775,0.00877650994239021,-0.10724658050344596,-0.0018895535812962732,-0.0004824222403701478,-0.037748322906093805,,0.021958423427007562,-0.0038121278267360652,0.05474903779293155,0.07563420292387918,0.040665829486088705,0.015237859807846676,,-0.024505765342743607,-0.016426641877293202,0.013995176856151115,-0.009279125324619235,-0.026563737471407264,0.006490941653140868,-0.02477548043859077,,,,0.024622065832236098,0.04873919264821122,,0.03416193158490524,0.01947424763643156,0.0038461812273042286,0.004590246954119177,-0.005251024028525111,0.012464383211125783,0.011014948887693572,0.02201916693097473,-0.011230494392222285,,0.06022966396802489,0.026304734954322357,0.003537812100062454,0.006064409421839637,0.007699099891178553,,-0.009971834846116644,,-0.02757247727726922,0.06527821322693746,-0.2494620028915375,0.01964559072482801,0.012175767098267096,0.027488652694024403,-0.07719387754329878,-0.03272565214348814,0.04160888730358058,-0.015032588347038455,0.0815482757075078,0.009848947087593915,0.0048607001949059585,0.0188744399265004,0.03722317966646447,0.03437587834927209,-0.0623884381859868,,-0.035686210062019844,,-0.15666316832028263,0.0136303493757914,0.05899051936708764,0.07691399127039306
2020-10-01,0.0278000070178052,0.017444003525826347,-0.000841489061948761,0.006305185868626799,,-0.16303710644344085,,,,0.14906532670913578,0.16799818299643257,0.04568666426690898,,,,,-0.004850503129908169,,,0.010551695168891801,,0.024698589469013047,,0.0008589729947337224,,,,,,,,0.05258301068318182,,-0.012114209996622695,,,0.0109186295271261,,0.003852829934462658,,-0.012622625712741248,,0.04044896921992414,0.01648665109233285,-0.006726825823295303,,,,,-0.016851642639494898,,-0.021567065695085402,-0.01906941282331701,,,0.03524212896739334,,,-0.015983109174136798,-0.010778640669149006,0.008453484406589749,-0.024477036114196216,-0.02697943101995622,-0.0009340702304463367,0.01801066284718437,-0.007392036817126665,-0.046500428320703995,-0.018079411884359024,0.05603308423687256,-0.03982807384645853,-0.06749126340658113,0.025023298008026128,-0.052761687536837555,-0.039709027655563965,,0.04880068054334004,,0.07032150374683611,-0.007087204377052185,0.007703057138296962,,-0.006563600183038076,0.02106107160102719,0.08472708264543913,-0.014811261273839534,0.003435247923357575,-0.0003239439370137415,,0.0484425988496988,0.010745081013954933,0.07221648869878282,-0.011185625891562894,-0.006901503421653189,,0.07626941394360562,0.05014319927256856,0.03011080164241656,,0.05243267358600409,-0.020922252412390614,-0.02135640044266616,,-0.0030010481654244997,0.0022166298119463503,-0.012667359191070869,,0.05047217323155063,,,,,,-0.002457415472369327,,,0.01610559554166633,-0.005876127572390907,-0.007705920209364805,0.011426270551678571,0.019526602081139134,,0.0028942964284071966,,0.04631432224475218,0.015867909241962238,-0.02277710409190218,0.023090304026811212,-0.016300530045818776,-0.03189725507896737,,-0.06640815716130002,,0.0002797406625742404,,0.02682192126945521,0.007001114100131721,0.05195738291165198,-0.006517637764985174,-0.005455528178118554,0.02931385245551091,0.06999669301624604,0.0290131812800682,-0.013288536280366874,0.0643852493556314,-0.006087194569293263,-0.03753037364949574,0.019113977919211943,0.04325497932047322,0.007341732044808359,-0.02068874743970408,0.026648374566266116,0.07089049600379592,,,0.000723850824166618,-0.10779641027311239,-0.017651192310993723,,,0.01423360323367809,-0.028684211966725215,0.09842763077707041,,,,,-0.004870856381695926,-0.07007330110323925,-0.05488214067093354,,-0.07286054532619357,0.09792404161493326,,-0.012901563038454475,0.015028066815960067,,,-0.005365047462730667,,0.03511451933599887,0.07173804694745554,-0.007116551107651391,-0.16453048070188594,,-0.001342765055999686,,0.039068989350976045,-0.1720944947462836,0.08639672384050794,,-0.004301144703778265,,,-0.01848583343059518,-0.015864882984332224,,,0.08683869104904973,,0.07445857874184678,,,0.03492196345090677,,0.004211027397575768,,-0.05789988727999905,-0.05224515709977489,-0.0027560204254948968,0.0320329821484368,0.014836423623542884,0.004762442276945013,-0.058633552763713986,0.01156979636247174,0.012328480060831004,0.014571230693433034,,-0.012021835316913195,,,,-0.008288047799824973,0.0084208570147373,0.07436851513986992,0.05638767190211043,-5.8690812535796834e-05,-0.03713328787456854,0.09717121356185736,0.09996892141547241,0.006607079574120983,-0.0038154350137467904,0.013525243842190077,,,-0.04422062561463285,,0.006788746560842935,,,,0.008337816035146144,0.031177655417362334,0.026370579780439867,0.028780912682834683,,0.0550743281844917,,-0.004145537301761484,-0.015233264554521725,-0.0015743274604578883,,,,-6.495672755948912e-06,,-0.06354090875302351,0.007732411489587059,0.022603809142398863,,-0.0022569700788179726,,,0.01795416744569385,,0.011815240145058043,,-0.017471078103623684,0.009777697214311765,-0.00222686661029718,0.029402462124477592,-0.03182028335316133,0.010336793041470487,0.020428676132387972,0.04976452921268814,0.008068064117927091,-0.11018378518062522,-0.003358562223534475,0.001306224497212752,-0.03202871567463672,,0.006311797080336028,-0.004850044801216311,0.030385466011365013,0.08579464986780364,0.04166539253468381,0.01333256379075793,,-0.016728122132953428,-0.010245626328759137,0.0003573664190624656,-0.029792043986393096,-0.03995761508209651,0.012426443355125836,-0.01876556849665212,,,,0.028693807383472457,0.054586903846728124,,0.040596926218074245,0.02624895126758333,9.160898973632612e-05,-0.010233192835706135,-0.00038323617462753467,0.01614208734017986,-0.0013926532452293106,0.026808018430218197,-0.009222682091304887,,0.06657297495479045,0.03082056739826066,0.014108764785894274,-0.00035754844729843615,0.01708448470844066,,-0.010883502375270466,,-0.04861132489686153,0.060811614162579686,-0.20921770795540148,0.036338855002670874,0.02158491133054428,0.03389717584019451,-0.08094372262465106,-0.026569713392682152,0.04793980503940822,-0.010315267363620118,0.09056777806604413,0.007877768647431423,-0.017545936661345685,0.00501510617873265,0.037647058398768155,0.03931100208698457,-0.03709120325427805,,-0.043622890815566376,,-0.1464745533379637,0.036716705646753,0.0819379140573357,0.04523503622168512
2020-11-02,0.024421827524834693,0.018862709385782488,-0.002382270988664661,0.002794240356225237,-0.0005625726410215374,-0.15768002623512903,,,,0.1673057578738245,0.17461580161203968,0.04562547758178826,,,,,-0.00424092346182427,,,0.007305371025283222,,0.015983042143860204,,-0.0018087896108560325,,,,,,,,0.06145351488524534,,-0.01575860481185832,,,0.008706757877849705,,0.009966911355520625,,-0.015783313927022535,,0.02641423959109133,0.010893890465809125,-0.007340645580586478,,,,,-0.019911665794818595,,-0.01738055672626788,-0.01494118304119182,,,0.03802976665846,,,-0.01678502462968283,-0.006991039823273938,0.010889342208716011,-0.006495010658935377,-0.02663829294193283,-0.0017034704325849595,0.016099417608511878,,-0.050726615095752055,-0.01673473086804054,0.03631299084641453,-0.04157721243132383,-0.06677681204976162,0.013647842909943555,-0.07616597715518261,-0.04113544563177448,,0.04150680627216792,,0.07690505986138019,-0.0077849215736893575,0.00408911988936164,,-0.009924954580844915,0.024461053799959567,0.08813129308212059,-0.01803133524563974,0.002109760336751841,0.0005300315448584587,,0.041729406238139206,0.012748662841317721,0.07373901943396248,-0.009213601927793576,-0.0074828834713361846,,0.09128318040854849,0.051097021912622435,0.03146515548211109,,0.0521637903343864,-0.02445878339970703,-0.024220072717701626,,-0.006248070821023509,-0.0017066964703237302,-0.012876277000825833,,0.05118852079845483,,,,,,-0.015303286269939764,,,0.011905462923220735,-0.005698232742248482,-0.008490475921157556,0.008470353016811587,0.010733898799341918,,-0.00015716832367784831,,0.04488926783887802,0.008273925998199299,-0.026385341376445676,0.018987475680253555,-0.01855011502744017,-0.03483153369999273,,-0.08173415425904863,,-0.00216724276331827,,0.030140971300431176,0.003140478996637356,0.05834502515168164,-0.010521597449194368,-0.009401090653671966,0.031278530590614105,0.07272608747153514,0.032320688755465045,-0.014897783906089186,0.0723595268744432,-0.002913101121574378,-0.03692759250854725,0.026059031570242606,0.04351024963371238,0.006969288734970155,-0.021192850600086653,0.029791163597854192,0.07948335673320311,,,-0.000616760755973686,-0.11454278983633522,-0.0174109316977673,,,0.01076832402210935,-0.026840172466732686,0.09841787070189269,,,,,-0.008090809421865184,-0.0735767707195962,-0.061744321576550514,,-0.07486486514292824,0.09268507518395923,,-0.015190675510383495,0.00886101818925183,,,-0.007177436086529175,,0.039028814082934654,0.07974462908480351,-0.008967465630567372,-0.13601001522399153,,-0.003821563576710857,,0.042551333391642195,-0.16877978489785386,0.06724039788309373,,-0.004920154124008456,,,-0.003791483294405807,-0.016596178042731707,,,0.09057104342779077,,0.06513637092650786,,,0.037824625984670845,,0.0031955451318132645,,-0.05298418159788947,-0.047191305460735425,-3.1812931576205146e-05,0.02425661647274249,0.01064225386592922,0.0025598561457170124,-0.05445834544650417,0.012193291621359615,0.009039221717610919,0.0099971871864986,,-0.015992775121538523,,,,-0.010789066554990429,0.008603316469320613,0.07937784858950216,0.091035630675413,-0.0007668585818567213,-0.03908055384932529,0.07882926094995935,0.08183691244247167,0.0022565829760897954,-0.003699550106655003,0.01073498531684666,,,-0.04931840549276233,,0.0037146815779168624,,,,0.005196364556674387,0.02063204398417341,0.028261248356794607,0.031108749254806937,,0.061387167985301194,,-0.008741557300352544,-0.014473240195086936,-0.0012217902247894114,,,,-0.002118965373733865,,-0.06131270602779688,0.008925114784446648,0.01462230710354076,,-0.004734438734533304,,,0.020221518230865924,,0.006561939199251773,,,0.0078008388176948095,-0.0005149529512692956,0.03302002697148185,-0.030616879281585796,0.0072588751440554366,0.010756178485875189,0.06301065243507016,0.011021010165415346,-0.11609983761658788,-0.003859005685209655,-0.000780966376307799,-0.03363867694926336,,0.003998198389318092,-0.005350262595464276,0.020146766828926146,0.08909342818203486,0.038414755045611315,0.0169652022349944,,-0.018557791484628012,-0.003945184902463997,-0.0030807956397117435,-0.028246886932884647,-0.03214952890081695,0.010735912707913003,-0.02206251081153816,,,,0.030946613094758137,0.06087362833001862,,0.039894313405182034,0.03458802512543296,-0.0011085685959565533,-0.021003817667505333,0.0027143393317980396,0.01718093028546976,-0.004457091527072736,0.03018338232915101,-0.011204768528027837,,0.0736885853108805,0.034666228363182575,0.011231773022694489,-0.0009885191195003835,0.023378315558304347,,-0.014827719311046875,,-0.03669059235311165,0.06507336070038926,-0.19660818202513541,0.03355697401487081,0.018185321578536653,0.04263515932285809,-0.09345659403558702,-0.027863100542361463,0.05215424295016762,-0.0035674296653434964,0.0934226026985419,0.011702015452215659,-0.015318329110090859,-0.009256523320332787,0.033767153673143945,0.04745864335606595,-0.018658148753994647,,-0.041095818503426834,,-0.142641580261825,0.03400254438793029,0.07072353867501767,0.030326464906239012
2020-12-01,0.02090306964845995,0.014532163707734327,-0.004845846642832735,0.010697847366947748,0.007634084399158406,-0.15543077685356396,,,,0.1550321522198732,0.15823364158382838,0.04089040871059546,,,,,-0.002728777910794497,,,0.015155147781962629,,0.025513081379509812,,0.007569482114559866,,,,,,,,0.058456846952853726,,-0.013526730074440912,,,0.006779661939803054,,0.009989965049463503,,-0.016592591757020148,,0.040859675750518486,0.007357939475480332,-0.010371306185544153,,,,,-0.019344749913011838,,-0.013611483385824219,-0.020227861021483152,,,0.0311599517697438,,,-0.021276063997154527,-0.007190585411985742,-0.0014986741883194399,-0.013057608783674792,,0.0015123825773146785,0.014939311891103828,,-0.05593310265565864,-0.024868506487488343,0.032081885975507075,-0.047946350770717336,-0.06253308287897015,0.01753232747834569,-0.09418474335203181,-0.042619815718014896,,0.03691486247462532,,0.07037346020297804,-0.01628138412502108,0.012258746801603769,,-0.0014656709210541217,0.021397593688440505,0.0748585348841054,-0.01641978619433053,-0.004654322197665575,0.002949858394487135,,0.04159524010409268,0.004432894549600383,0.06676436657956694,0.0012438175748326003,-0.001755223546435455,,0.07326591219757032,0.0457724597768989,0.027103571639697215,,0.045084071864059945,-0.02491125445054465,-0.019528589041428485,,-1.6480950520731323e-05,0.00410583432592197,-0.005520343166425731,,0.045671865748333,,,,,,-0.004945115749377194,,,0.008046615902819822,-0.011931458625680815,-0.014619353244023001,0.01510032484580117,0.019054952729284556,,0.006851629393574681,,0.04772737500165583,0.010720872018200439,-0.029019912166403688,0.019084243493807777,-0.023787949701283027,-0.03865040620162954,,-0.09088492317704377,,0.005213165601641366,,0.024953925581380206,0.010725600798570493,0.051369667142001856,-0.011772123124550268,-0.011300690841700918,0.025892863023612316,0.0646082958344342,0.027079508681109796,-0.014362502519694955,0.06194992074859087,-0.006341403356542375,-0.04078035573595565,0.02280835759129169,0.04200436802357855,0.007966449397459828,-0.01852418269074898,0.02446742028794009,0.06730237633217973,,,-0.002910955929660053,-0.12483306512447614,-0.0208088219195777,-0.01507732587651049,,0.013739920925586051,-0.025968123099286502,0.084006143882433,,,,,-0.0018237151791773132,-0.07871058587810062,-0.06668825225105196,,-0.07978154714018557,0.07474737990494684,,-0.006237092272323263,0.015600187393414207,,,-0.008089452391746394,,0.03226199497250169,0.0685924774986986,-0.010058841753101873,-0.14435952807175553,,0.004012461615035722,,0.03435734809830352,-0.18710449624212477,0.0628053615651907,,0.0016605598286733784,,,-0.013593799063321945,-0.020933690545588423,,,0.07582496989235583,,0.05489742822834077,,,0.03620402811712846,,0.0030864288247755304,,-0.052640465322847635,,-0.0032167277350929205,0.026776354998576758,0.006974291488426707,0.0006480054558287021,-0.05412144307135573,0.01967537562212345,0.01696103463820014,0.017268839094169403,,-0.018387064841292055,,,,-0.003486368010755001,0.008203244843163468,0.066290500091966,0.05123852415647244,-0.006780722888029664,-0.04379190657695492,0.06997049984288836,0.07521173343408412,0.010921003466850236,-0.0066240965320605635,0.006365458669248525,,,-0.04559327695011986,,0.01087720079669633,,,,0.013466385695098986,0.03233096679783342,0.022919213243033528,0.025664940745294934,,0.05360460300259243,,-0.010583176131777675,-0.004355965445792021,0.005961877074520398,,0.18080788824722416,,0.005782476570257026,,-0.06650128628530967,0.015956060479814356,0.02507126690159,,0.0034479143043933667,,,0.014859029304959416,,0.013956358284069704,,,0.012313579529563553,-0.0014078724856946266,0.03247473494988835,-0.03212141461235633,0.013977287260871224,0.01890768058338347,0.05957446856331523,0.014672839017255404,-0.1261612904496125,-0.006240541939244894,-0.003347711976907768,-0.03663568865113298,,0.012255526423733324,-0.011182628066836764,0.032289126575700954,0.0757733808130889,0.03366805521864275,0.01996826040395334,,-0.024003417900535673,-0.0023808313581819953,0.004511307544553286,-0.028571283266308225,-0.033748141916987065,0.011875969422608315,-0.018352341259037206,,,,0.02544477547061197,0.05292999608672389,,0.038780802246988516,0.02683901731511404,0.0005259422462705738,-0.010920516057954376,-0.0004725438201754539,0.012875974747854495,0.0037985999774955534,0.025316029035515924,-0.011573482536845085,,0.06398522649336873,0.0291820009301828,0.007520937586335511,0.0025163124120429438,0.020196230381333276,,-0.013992574915329343,,-0.033723291688314935,0.061090677670207136,-0.20292257815469714,0.036953387382777945,0.025792276178770487,0.034123131680850835,-0.10207127838426323,-0.03125016356734123,0.042003407837507334,-0.0011978152502527659,0.07954376000439799,0.015539969409507158,-0.013885959696877974,0.0030371627677895333,0.027146490111269857,0.04859822859828115,-0.028608162240358215,,-0.0429268639133426,,-0.15148726554727454,0.030593218841983027,0.06913433461329194,0.04397525706594221
2021-01-04,0.02955857799573385,0.012868356951963625,-0.0034897178052401474,0.014795833566887568,0.01253410565217671,-0.1289989550515624,,,,0.1504904650663913,0.16506982994177236,0.05237286050045901,,,,,0.0023762793651113524,,,0.019688788584354272,,0.026329147572200704,,0.011936627538848093,,,,,,,,0.06535044244325065,,-0.01742624775088,,,0.003235810637703567,,0.0019558603633872077,,-0.018328237226811817,,0.042244981518283285,0.01700212621658764,-0.012313644994452144,,,,,-0.010755907414234388,,-0.0029760752285345974,-0.015598247773149831,,,0.027990207428996935,,,-0.01763385233547047,-0.012903619947538362,-0.01686070900752292,-0.009407174671406004,,0.003735195772165983,0.010565947599058177,,-0.05143681099955669,-0.028375507868096412,0.03954255521741732,-0.05447354036718236,-0.04691911218376984,0.026110065701450615,-0.07306483459873128,-0.040878751341979935,,0.016544533612017718,,0.07901996469656355,-0.02505784492998616,0.016992144203659805,,0.0032225053574691295,0.01576442776372903,0.06704117054788038,-0.0123284928279861,-0.0014452418556502335,0.008871512529820201,,0.03932267577414844,0.01820406018364289,0.06547552547455089,0.008585669457075845,0.003225423704776965,,0.07044867346807772,0.05250273842100488,0.02331559222588247,,0.05443795023175499,-0.028084561046109832,-0.02653660169929922,,0.004734945187503051,0.009050443036918779,0.0011823897905990587,,0.052883235431227034,,,,,,0.012219906497162225,,,0.01771935989763525,-0.017765342741898466,-0.020513677831520163,0.019587108998604736,0.020943716227247198,,0.012567178489989225,,0.04871146573623434,0.016133576213974203,-0.02188791250077247,0.022250083677493832,-0.016107252492365262,-0.030377079305106258,,-0.06921102681819737,,0.010582247235191673,,0.022163953016173604,0.014938390327632204,0.047545510175406556,-0.015136748855025441,-0.01509015890334101,0.02233437725378924,0.06161892378373228,0.023920689450754692,-0.016239666628571448,0.057610178983120285,-0.001416207815246478,-0.032278534333351996,0.024268876823837934,0.0441039121557588,0.009950025958493128,-0.016606049294731026,0.021790749533157162,0.06091906676391108,,,-0.002183309982450912,-0.13389457486613063,-0.024327004877844866,,,0.006802824031049698,-0.024632121540626325,0.0779128230423173,,,,,0.003795106563107072,-0.06357842389123733,-0.06455639978439713,,-0.0606314602974927,0.08548793072315773,,-0.0005924187694715795,0.01884224186948302,,,-0.0034656585883990638,,0.027342454427824035,0.06371682690098732,-0.013908243584375231,-0.10542865858511895,,0.009130060832349988,,0.028896790789132275,-0.20418729319421303,0.05963108352841131,,0.007735565281775284,,,-0.007666938311438612,-0.014049912319263468,,,0.07187812443095822,,0.05351360562760392,,,0.035081077782912376,,0.00235274885804147,,-0.05173330835743496,,0.002415732632637321,0.028228325159772315,0.01636608655474129,-0.0011880264651228493,-0.053556312830584284,0.0241278969019317,0.02194241914786771,0.022027551006711818,,-0.016391936895545477,,,,0.0023721860147880684,0.00845329809090318,0.06312777242440619,0.06498298535361,-0.0006774790828125232,-0.03580991091604841,0.07259113206613874,0.07739643474561883,0.015053704298609838,-0.007798367418873623,0.014719448185769191,,,-0.04725510683135626,,0.015578875916911754,,,,0.018343373126261386,0.035223723574885304,0.019255533322237395,0.02189334976465868,-0.05696518486570088,0.04998598635424363,,-0.014944564631701305,-0.0006408276760548955,0.010535174022825135,,0.1981056738468712,,0.010708741186063504,,-0.0644088564161438,0.02051397374076106,0.0285023424321225,,0.009484213565186906,,,0.011419308283561452,,0.017791195561476836,,,0.009945802643135332,0.002739407457359334,0.03362967855386209,-0.025463528749925052,0.018432771452053662,0.0213288228242841,0.06463833900473849,0.015063449631099061,-0.13496431823413968,-0.008654686121368955,-0.0021211515242080584,-0.03793699384730677,,0.016953471775454948,-0.0179651058813734,0.03474252036090682,0.06728653565157006,0.028059814573824053,0.019784294182160787,,-0.015574558686497326,-0.006080976468142615,0.009610678624450857,-0.026311564075805906,-0.0353782458762806,0.01382076701959888,-0.017999438743378705,,,,0.021777258637848875,0.04955872264111425,-0.015172152407720185,0.04321322350842496,0.027401100714095964,0.00364556371233061,0.00690944600710375,-0.0032787228089456175,0.011571086527223075,0.008618226633002575,0.022314526276243328,-0.014966177863823897,,0.06041647089064803,0.024941460748325196,0.01639501860930411,0.008905028655609735,0.023595590627795905,,-0.016083539562909217,,-0.0389818562559909,0.04980874159512745,-0.21466135892313043,0.03438355809142167,0.022099731847650614,0.03199428900141342,-0.11107016256085524,-0.03557324141674154,0.03584188539764321,-0.005679507563959879,0.06942913919891783,0.014119818761554171,-0.011273517331030552,0.021554958476498264,0.020838983471056647,0.05217244157278198,-0.028441360650037367,,-0.0383147223365797,,-0.15438504123790872,0.040655525944368935,0.07345558042850701,0.04367524281815323
2021-02-01,0.023296605568354205,0.01683766799892812,0.0005994502530240238,-0.0007012855499444837,-0.004338799396132918,-0.1302898441001766,,,,0.18878126364935205,0.19763363097163508,0.05142252924122592,,,,,-0.004005573097632619,,,0.004937073572612245,,0.017740893302809365,,-0.0036247317681880704,,,,,,,,0.07631542802353754,,-0.011758793520895752,,,0.006700463980285595,,0.004864859666497879,,-0.015807280876798054,,0.03301107401553816,0.010335771598557881,-0.0033235129414442874,,,,,-0.024341959899572822,,0.0056473976283562075,-0.008950262770946169,,,0.03222084364876211,,,-0.0035112237070484905,-0.006610924589917301,-0.0004038892342732124,-0.012090859706808956,,0.010221715547821373,0.006643815326692436,,-0.028223373257905488,-0.007616230697101475,0.0375611153142617,-0.04900905819961457,-0.03223924561334184,0.037547696131063915,-0.07957691095498656,-0.04716701920836063,,0.011965195289664282,,0.08407524401487247,-0.006653983428969481,0.002104408113980744,,-0.015222540991243028,0.013674515121016374,0.0743063008207942,-0.014811293573842319,-0.014554476442386924,-0.0036857029158149776,,0.03625315980293985,0.004046457489024587,0.08162275942988997,-0.009177074010476054,-0.006851837498707316,,0.036680369893118285,0.028200364338199016,0.025036302589637204,,0.03834852074453122,-0.031238836872525655,-0.023211776478763674,,-0.0077949240274053,-0.0025691070990722558,-0.01136414674634032,,0.02835491714810749,,,,,,-0.008363903988561181,,,0.012207967642699963,-0.007388681133212159,-0.010090115013162327,0.006205964166498521,0.014388256921758706,,-0.004646416686496398,,0.03912826961664136,0.02383429238548608,-0.011709800019938809,0.028883572899301456,-0.0027435982934205967,-0.016346471701456332,,-0.059224517629970407,,-0.007110832390775143,,0.027231228535331088,0.00047020958738581595,0.052222063590588876,-0.013610661715693799,-0.014150391765813747,0.02431658537318284,0.06009048595570731,0.02800186237624288,-0.012074979876092134,0.061394282177993136,0.01413063649071436,-0.017297096343851622,0.03972510892628973,0.0537626952231604,0.018143358017899208,-0.009557609800683802,0.026685750611656546,0.06388408861992186,,,0.0016016856930952126,-0.1234504378739454,-0.01847959015170105,,,0.019079694146518153,-0.0266380850329044,0.08415496171428051,,,,,-0.008328314078552447,-0.0514455593851174,-0.05358723330481165,,-0.04974831560557356,0.08154724457338945,,-0.01955159746311119,0.007935818223647131,,,0.005856696174213087,,0.030859048175640343,0.06793701650612838,-0.01180986664666818,-0.07366122652560754,,-0.007008447005070857,,0.030382625315651765,-0.1770892532809413,0.05021988298978158,,-0.0022016558307090643,,,-0.007377664206667321,,,,0.07934520871943089,,0.062261078054143916,,,0.04300381315947901,,0.009468340734408612,,-0.045154330021491426,,0.017490006838046017,0.036400059953640124,0.008052096958913157,0.003985124999150399,-0.05312266598677339,0.008032930343372024,0.004741147011252283,0.006924651404966305,,-0.012660364470616041,,,,-0.010897412305517485,0.017004319505687832,0.0855684991548343,0.055224947809545726,0.013813415398278957,-0.02020144643321502,0.0922385032256464,0.09534821857623454,-0.0002877075384583221,0.000127574003802506,0.008357160181190615,,,-0.04555854718015668,,0.0005484859849794385,,,,0.0015684380588118698,0.022128798626832022,0.02294179493722482,0.02439247310471027,-0.04844963174321614,0.05394218537834104,,-0.013570993307823138,-0.01778592712632867,-0.006748238969635533,,0.23470666893747721,,-0.003378208472678284,,-0.045063992848791215,0.004929506523602846,0.013556358181563415,,-0.008669917580997832,,,0.0167102888799624,,0.005701516680144792,,,0.021847265856041263,0.01587719781916584,0.04512933243156289,-0.011918046513082686,0.005014036412447571,0.01432353096228633,0.07495690961570714,0.007453351708030148,-0.12389531327043968,-0.00014864491637861955,0.002345537609624973,-0.029304924020733602,,0.0003066772584626391,-0.0068962191918951815,0.02153135092937157,0.07534851427794649,0.02273604241793181,0.02009099750807504,,-0.002464992577467701,0.010078818779273793,-0.008922309087663591,-0.02577490914350544,-0.03677975326262838,0.020737456547630196,-0.01288057870540749,,,,0.02425919368262195,0.05360675585998258,-0.014398540132673132,0.05087306634786697,0.039771722200551626,0.010266748277566214,-0.013359890123881644,0.001042371169145145,0.016554914200250338,-0.006886111514794156,0.0277704561029499,-0.012677164832225456,,0.06562688721047082,0.029098709797670715,0.009338761315078664,-0.005749617803105187,0.040541353934664785,,-0.014743559643486157,,-0.006933122499392762,0.06850499115814535,-0.19453200577111693,0.04108709747479805,0.03226779584572197,0.040742327098464225,-0.10489861951362375,-0.027029142982435007,0.03620858330048601,0.008902920477929484,0.07544983652177205,0.007017439114936832,-0.015704043551879158,-0.0013227745948196817,0.013269012424155398,0.05160561616607639,-0.003599013870642049,,-0.04273122169466306,,-0.15411175628053744,0.05545786401755918,0.0953624759002361,0.03412921708331525
2021-03-01,0.030208732594705207,0.0138953649437239,0.0026519692523499444,-0.01119047081222769,-0.013480697999950688,-0.131337912333654,,,,0.20190720690126565,0.19561744476287515,0.06126232466957443,,,,,-0.0041661141601575125,,,-0.005206573102183828,,0.0005638516573968267,,-0.012573698472587956,,,,,,,,0.07455800833396929,,-0.015216972617519925,,,0.0012771180300760864,,-0.0016309783930857657,,-0.011445783079349674,,0.0091698288954318,0.017477043302132164,-0.0030205744080216497,,,,,-0.029201485121969968,,0.01341819110772005,-0.008935740444858873,,0.02014989094222213,0.024145372620747653,,,-0.005729616111581737,-0.013146865951325474,0.0017217289013506587,-0.010853823602743756,,0.011363931194429746,0.00396747750021115,,-0.03044762387884261,-0.009056290401447438,0.052913871503788235,-0.04749454116103554,-0.046376778313955314,0.05711686493396378,-0.06773014413482181,-0.029528264944745978,,0.012851569098242109,,0.07492249270552033,-0.00627350770472292,-0.007584634676232298,,-0.022986430952674535,0.003140370888973406,0.0663416943460522,-0.024471952127602437,-0.020285434253703678,-0.005617070782647745,,0.035172161647570185,0.003445256159320708,0.08244834986546838,-0.01587627164808124,-0.00697861775932094,,0.02333715797627401,0.01678696940078212,0.01755601981057179,,0.039552851100316845,-0.03278269897604649,-0.025233815403942966,,-0.012501520897347296,-0.0064249903851631455,-0.016178530659117504,,0.01685525589873648,,,,,,,,,0.018964346641607198,-0.0057207216237757635,-0.00982808493557033,-0.003861092566211216,-0.000937628769899316,,-0.012054052450344688,,0.03565277108039512,0.02916978440330497,-0.0066730989090241334,0.028738084085205624,0.006121516735079385,-0.004939382587644705,,-0.046379036692808503,,-0.01411342800813018,,0.021959568841985647,-0.009571998140445143,0.042705562804089055,-0.016588820744400105,-0.017934190813821315,0.017440824527684747,0.05055481213377952,0.02206004722423359,-0.016447837765539024,0.053675828121598754,0.02329896368843242,-0.0072693025029887046,0.048129421840334315,0.04917752422265191,0.013490678415731422,-0.014367024142328752,0.02145928294303088,0.05480244098302252,,,0.004148207487990874,-0.10892993174394927,-0.023699896899655244,,,0.020138804425086945,-0.04264122485740894,0.07387883280014823,,,,,-0.012574188948086538,-0.037530447564739625,-0.04005456067035801,,-0.03326939671698177,0.07494249556545819,,-0.027514371076736814,-0.0036448949896607215,,,0.007949635912920243,,0.023452899997680424,0.0566012899101126,-0.01440557513526919,-0.08281025798610339,,-0.0149472501743765,,0.023649976721192945,-0.13765956828626238,-0.0026946655335988415,0.2411004591267973,-0.008832532879108287,,,-0.012340000015541237,,,,0.07111014844268021,,0.05635575308038858,,,0.03456049277922881,,0.0057567064641293264,,-0.05851129422934684,,0.026220040328890557,0.03418261131973967,0.012518081539982845,0.008139852437970541,-0.06880573499228665,0.0012826355833289401,-0.004187908901857217,-0.002214211454744207,,-0.01623552755152525,,,,-0.01649132294762537,0.012829674536588745,0.08234953100945215,0.06856395163592505,0.01902607708186505,-0.008781938380674403,0.08906035669352347,0.09439849015957917,-0.010367980939812872,0.0019630092484984683,0.01238148527723991,,,-0.04955764430091999,,-0.00817788183939559,,,,-0.008502174608774232,0.002854594258148424,0.01642046335162454,0.017317844586218104,-0.05260286103878465,0.04399547613729973,,-0.017346609611224705,-0.022172079433200376,-0.012973948335608403,,0.25428480788942315,,-0.013916272734698826,,-0.029057434519121773,-0.0028798882663910964,-0.0032792538268358166,,-0.01739254579581737,,,0.01294048880046961,,-0.005286069601670698,,,0.021644511463977945,0.019898076449392794,0.05008222507027148,-0.008355622954240319,-0.004871831034148371,-0.0006813970383566293,0.0755023919175625,0.0013334395863887937,-0.10626196268197347,0.00167296084613704,0.004417872891549637,-0.027452303320551593,,-0.009628474757460787,-0.005685007812314697,0.0023148607911567427,0.06682577638322212,0.02120143057835705,0.009291387038819529,,0.006924933455370676,-0.000559771003039326,-0.01593979163199106,-0.04050272628736888,-0.03954786093398385,0.014497222628294067,-0.019931888475232373,,,,0.017143713729445047,0.043666714610620126,-0.017898389112830367,0.04621792394415816,0.032918454222972134,0.014523193242969572,-0.038239361708556144,0.005071785451959936,0.01433336970717858,-0.015010393952252279,0.022104916315802515,-0.01605231932496879,,0.05520044384384445,0.022080977223554454,0.013308381417180307,-0.011956947868982215,0.044547313602199046,,-0.01873053173136185,,-0.019492116105140896,0.08414428403262739,-0.1468840507424005,0.02570814597517032,0.03024334799036512,0.030316785903815813,-0.08615101729487333,-0.025332116525772597,0.02943130484350844,-0.004318091683171812,0.06603412616240288,-0.00198348148254186,-0.03455260789472052,-0.024867191912764087,0.009811391788418819,0.04816474825219578,0.02433163361314425,,-0.04584558393190359,,-0.1100115701662733,0.0774796215592467,0.0992411045443276,0.008011006646119633
2021-04-01,0.034448605226667615,0.012713882256462845,0.0044669311394386,-0.02590644285559513,-0.027038339630911058,-0.08806904921306351,,,0.13325355857156296,0.1833001755364477,0.1746422076182207,0.043523245731407166,,,,,-0.004129701471661406,,,-0.021490492752144683,,-0.02019033420685289,,-0.026199738897292553,,,,,,,,0.06252047449119207,,-0.014805872813447425,,,0.0013138726666559052,,-0.0003313589645164714,,-0.0050629093755232574,,-0.021088848937631254,0.02242951932845652,-0.0020480919797307507,,,,,-0.03987171211290645,,0.012487808039980643,-0.003892757276375214,,0.023483761394292774,0.02222329730621182,,,0.0008285392258329236,-0.015323468784471292,0.0007511971319329343,-0.007781998757778883,,0.012900662808779413,0.001296371773995992,,-0.03907309847099228,-0.013308370998010619,0.05739101364301628,-0.036202541233702694,-0.04775134213356967,0.06679571368666663,-0.06365760812775205,-0.03014034824485964,,0.002879628360235674,,0.062479149479263564,-0.007454429184449134,-0.02142110411908923,,-0.033630429340888425,-0.0029707568362211897,0.05881245055001141,-0.02136341601531733,-0.02687608504336035,-0.018355028754208625,,0.02489809368202249,0.010502241141155059,0.07137576605735622,-0.026565564454564063,-0.006778672621374805,,-0.002612463038386599,-0.008362159084976657,0.013947214053049144,,0.04157012706225611,-0.02535118875987251,-0.022856723572792528,,-0.02200943325489158,-0.017060951710477217,-0.02540404954510772,,-0.008081429148899215,,,0.16953283357335502,0.15631868785388833,,,,,0.02444121684053862,-0.0069170058186967765,-0.009895994125005471,-0.018380212421963728,-0.01847937605639964,,-0.02493598610064309,,0.0328583874823328,0.03513081518592401,0.006789768974547652,0.03224024487948969,0.03231219202017706,0.02415698245417313,,-0.04749924977404134,,-0.02639056540401387,,0.02067355448874835,-0.02393539496134543,0.036798209272145284,-0.01249427933906664,-0.014433864569674219,0.015555636383974576,0.04204640709610756,0.019357230035477003,-0.011741316065938872,0.044243913109300204,0.038455215593860524,0.015546481558076074,0.05591239551464564,0.04052495509116433,0.014971745406832982,-0.0056402789187636766,0.020458226784564788,0.04482375770632752,,,0.006070823025929437,,-0.02263412676340674,,,0.020737301109425947,-0.043637600307171155,0.0659867876097583,,,,,-0.022311112963139312,-0.016781036204948516,-0.022841688349814378,,-0.007408332081671017,0.08397479444209577,0.14554788877579622,-0.038899295350981404,-0.019747313092098272,,,0.01682064374240548,,0.019173899246904175,0.04513545213474275,-0.010726071976058313,0.00124165438694464,,-0.028046299315047266,,0.02134953382220727,-0.08243273732853669,-0.05711524124197379,0.22912026417612258,-0.020398068950082192,,,-0.006593520705257181,,,,0.059483987432380654,,0.05161794236708563,,,0.02885810708448482,,0.009900626741457464,,-0.05254723885851683,,0.03866052373956076,0.03627366368354159,0.018594683619281686,0.008524539179899128,-0.06262444964480006,-0.012573698813060547,-0.019650691325598598,-0.018420895505632463,,-0.008858572858876222,,,,-0.02551323930650906,0.013965425739538323,0.0743960554011871,0.04073634664612267,0.0402963900607565,0.021872280930841134,0.09100009525633777,0.09427429223046536,-0.02527198629324029,0.0029806087475195363,0.015896268567791933,,,-0.029340409190118693,,-0.021647839315373167,,,,-0.02344967514549433,-0.022942081873058955,0.01585570714106877,0.014807563653578236,-0.028988127411707063,0.03666830095568876,,-0.013483386930754918,-0.029969329300191878,-0.024185871534856074,,0.21186412730784648,,-0.027765127310881026,,-0.016761787861990448,-0.016533003253260042,-0.026311133933075707,,-0.02909087497626905,,,0.010906751906855933,,-0.02069568287911762,-0.023292774720709498,,0.023079936754727397,0.027834234513509897,0.04966250465346702,0.007114432930431873,-0.019649099726663552,-0.018451555032991906,0.06931758255793881,-0.006946682023184931,-0.05764624567255286,0.00243720564384274,0.006836051571941648,-0.021577775924739327,,-0.024475500619504743,-0.005986517111432005,-0.02325169398294361,0.05884935834643667,0.01930029838632617,0.002773398869022968,,0.03191278293972629,0.0017241806862423102,-0.027716002878632618,-0.04022224807053916,-0.043871003177578256,0.014277218044927133,-0.009375418221141102,,,,0.014665954893296543,0.03629892713410204,-0.01405503998242727,0.03599157101480116,0.02867378978738923,0.017867193524414154,-0.039897521512543915,0.00499921552181485,0.014009282987715456,-0.027400969688466795,0.02074008426175094,-0.010512627748729677,,0.043503755084014946,0.019487386512940824,0.01761049780895094,-0.028509725807419676,0.04590416846657656,,-0.012600628197061921,,-0.009253170410932142,0.07339871262049368,-0.08497935391186784,0.037133662988028615,0.029715256114715295,0.027249032676265713,-0.04395568886069508,-0.02010358402156393,0.023969627529622915,-0.005229830290874494,0.05757068860781596,-0.012531050499486787,-0.036250743961862786,-0.028342582351857125,0.009842840710397658,0.04271769875256805,0.03300421887812391,,-0.03625184857532558,,-0.03525405621570452,0.1361084885290473,0.11001355862484367,-0.023050610392487632
2021-05-03,0.018625087849701356,0.009311149913258886,0.0043160924655979,-0.05326944138079701,-0.053139219778522956,0.04069006234602288,,,0.11562304706267311,0.13381203143690257,0.13998670371833177,0.016301303535433905,,,,,-0.004061078292328097,,,-0.04832793109706935,,-0.05366935283239544,,-0.04873172169839332,,,,,,,0.05318325853320369,0.04790683195019303,-0.0040573565692559165,-0.011336478493563305,,,0.0009680418916326017,,0.002000047432852407,,-0.009220867242495006,,-0.08259793296031158,0.016887507883446052,-0.00343114509769482,,,,,-0.0451277524483824,,0.047969048996653316,0.006000111838707199,,0.01783196131935015,0.015968652806831848,,,0.019071557477040098,0.015560752195937928,0.006180618537019299,-0.01011888253218764,,-0.008762298438298637,-0.018549570635801954,,,-0.0008715329769042529,0.04060081077810385,-0.017960135945896228,-0.005327646327091307,0.044680734384778584,-0.022357930261732623,0.022937424334956838,,-0.02122566407981181,-0.038390521084369,0.041905940546402766,0.0008538436101016318,-0.04931113075159875,-0.004522874166378874,-0.04912308721939708,-0.007026188971680147,0.035652277048979795,-0.014491740270937721,,-0.04934852594117946,,0.0065249991002857026,-0.013445858141185547,0.056132680521307175,-0.059579501885052746,-0.006887570567423973,,-0.005774846632189023,-0.04455074088945544,0.008199565225032271,,0.012220660530994546,-0.017764542032007374,-0.010346117351594514,,-0.03165104057016729,-0.026486833147402314,-0.03158975048607779,,-0.043254316861654166,,,0.1391739623260709,0.1136286816504995,,,,,0.020093275982961553,0.00032020148041066415,,-0.03551004713516262,-0.03778149831422404,,-0.04448346877587245,,0.016298663741904224,0.04275867298403708,0.03261537866644161,0.032555097795783076,0.04392041939855444,0.04822451683321802,,-0.0060445345119014724,,-0.050226392164538475,,0.018157571024745738,-0.048832657624782345,0.019161804995621732,0.0009648969209428835,-0.0016143834536543262,0.010323030590663154,0.020952283824540452,0.015463270241852707,0.003284339600578589,0.02374373515586006,0.0468810188617565,0.04096246322805239,0.051047022831954746,0.03253690419668049,0.026545896649571993,0.020417570591263895,0.017049126618683956,0.022402704986287617,,,0.007191127804251288,0.019266484090433446,0.005731465467886746,,,0.027621880570095084,-0.02358139172767094,0.0398544697012881,,,,0.0181364205252454,-0.02936371216126913,0.03775901705892264,0.02793205026523923,,0.04713945326130482,0.05085429802435144,0.11413183628393844,-0.05207327104499728,-0.04053538243741969,,,0.031077295738962497,,0.011971034270413756,0.02518960921606705,-0.004401884666099238,0.034924458824845614,,-0.05057524177291663,,0.009569463704419336,0.05486222918775175,-0.03646623871240417,0.18439810173038543,-0.022796633996953086,,,0.018117203950414443,,,,0.032867417512336496,,0.03499097550031715,,,0.0234187480526129,0.028130534485918027,0.020131791263495766,,-0.020622008172174227,,0.049107667659092386,0.029559776778683867,0.015428107883538942,0.006690739628068378,-0.032046186578129104,-0.04035824836278343,-0.05315315290515692,-0.046582257902004216,,-0.0003038150693888879,,,,-0.03292352718797739,0.02303096024033894,0.04727027773158092,0.04249178387377454,0.041743239044899766,0.045969553884295355,0.06748019152880333,0.06975505700099119,-0.05270726242728289,0.0035263457836384347,0.015133393877462693,,0.07707377626965248,-0.011599267030361895,,-0.04004078170244418,,,,-0.056194770701931754,-0.0744715976463453,0.01246152105117845,0.009993646249597856,0.008827514652107297,0.018167906436376568,,-0.001889152780177615,-0.03260631094840766,-0.04581177816318671,,0.18224284917629766,,-0.05013147421758903,,-0.007472453465935933,-0.042956560157032024,-0.07216236553112448,,-0.04900354862608457,,,0.009278485671769227,,-0.0398212659379062,-0.02090803379876894,,0.02713179923697765,0.0403091173124534,0.0465416917997557,0.03424133220475301,-0.03662068893464024,-0.03941336557544125,0.05659543503385083,-0.022981297065545452,0.025816395647289887,0.002968839277803583,0.005123922480702606,0.0157655253807805,,-0.056732474726036326,-0.0003705892485419741,-0.07510630035772865,0.03638466663894207,-0.002563945130965403,-0.004179855465778676,,0.04492597663787035,0.02001014678862932,-0.055462714924506905,-0.01990689445541003,-0.02099019772451309,0.024035186350460466,0.014561049736610448,,,,0.010373935187025245,0.01844842150080855,-0.0011610025870047347,0.031941066190181965,0.02901086445471143,0.004012963288681877,-0.04343749533043167,0.018282716276857017,0.012091748897414606,-0.04933513303599604,0.018221046185478623,-0.0012047109187961163,,0.026666589154702165,0.013679528096075621,0.016012722831202864,-0.03374487158382729,0.053712501136830224,,-0.005820354425584079,,0.01645543246977722,0.04022392381822097,0.05348093879507842,0.06328654315164124,0.029356989524724476,0.025477919267799014,0.031382581868587646,0.013788635093204066,0.010034440057978418,0.013661025705382137,0.033099465127134915,-0.028625994964232394,-0.027117196944608374,-0.03607489655129563,-0.012665952926895034,0.02815159894945379,0.0705588366863209,,-0.020601188166683836,,0.06460089145049257,0.10656085705214187,0.08259506521096312,-0.08688402824362396
2021-06-01,0.013399754425097788,0.0121487474836488,0.006446096623866615,-0.05536091550102026,-0.05304003049067135,-0.020259244595732976,,,0.10806615348936796,0.11413143760580592,0.12598637902638038,0.01239617529659443,,,,,-0.004198175987791008,,,-0.05246431509694196,,-0.060314341394352704,,-0.05182461598390261,,,,,,,,0.045334245570140486,0.025156388893134842,-0.006461827003030121,,,0.006568667423259204,,0.008256955725163112,,0.003370044728928257,,-0.09389149317411592,0.013623535479180118,0.0017803733698945774,,,,,-0.04835507780450304,,0.04598896282345105,0.006401206107618802,0.003008564395986862,0.016673466877365577,0.018606358746531687,,,0.020254820323106028,0.011339503578981154,0.010820452695101738,-0.012946228008155758,,-0.006256912476696886,-0.011913414671177028,,,0.010134739388666669,0.04683189159974259,-0.018501827703731374,0.012211087250191559,0.04327118829763114,-0.015555631319293106,0.025876416874944623,,-0.04117048819277877,-0.021776620901741216,0.03402164917838328,0.013852840721628807,-0.051423830892872745,-0.005173400796748483,-0.05141171552443852,-0.0007042847599574681,0.037940504772155874,-0.00542494673380146,,-0.04485219052660712,,0.0005295843924352802,-0.022948203220785494,0.05639012286579049,-0.06475581929028246,-0.006593924809430413,,-0.049337935244462394,-0.04908041214754309,0.011151843091918119,,0.004870928514554558,-0.02061254046937567,-0.004417574861906254,,-0.0298578257143383,-0.024237066706861193,-0.026936968541669035,,-0.04894170923365812,,,0.12244152534343439,0.10887323923058537,,,,,0.01793758405639751,0.0071042806888319925,,-0.04193522966383817,-0.04340446159829345,,-0.0458682650482816,,0.006675000702533722,0.04928178261597096,0.03824462256353187,0.03194704197384967,0.04480844619486467,0.05102761914749562,,-0.002990212682456856,,-0.04955665675624781,,0.020790703470988436,-0.05143295546258998,0.02113714050048276,0.00574568385934702,0.0030303525418428614,0.014272551975993098,0.02462720331111094,0.017974692943367336,0.008607295120272094,0.025802530974057117,0.04414621446864034,0.04505555638470203,0.040697948036919944,0.026651595173969592,0.02753901612273981,0.023946694214513356,0.019793600587968252,0.024928975179103596,,,0.0085441347674718,-0.011781269978872085,0.014565153916313143,,,,-0.009033056210844034,0.044353205080943384,,,,0.036223843805316146,-0.027773011732538946,0.03479427287422881,0.03144887224271059,,0.041857167719553605,0.032682286151179116,0.10973999203900293,-0.05159700981716656,-0.045481790582944485,,,0.03318795656409952,,0.015326677977066371,0.027352435393550346,0.0011507769975099228,0.04708502177887266,,-0.04198315584960522,,0.013289250474754976,0.0079662552084483,0.025425946220867964,0.17638370616167884,-0.02484374830189716,,,0.0318620879821441,,,0.1550709164751349,0.03395287993360657,,0.03532122643401252,,,0.016552538256373234,0.03133946790538545,0.02321235399880102,,-0.008334637425010406,,0.04652796656129157,0.04182061185391888,0.012328875358760033,0.011916309667259402,-0.020378712168614723,-0.041386232159618556,-0.05350401108665908,-0.048462668962204546,,0.0058939657188976265,,,,-0.030539030856036327,0.024877776312253182,0.042813721623475666,0.04351929998090548,,0.04872840585962211,0.07428467965217939,0.07892437978081873,-0.05423257467818255,0.007138082056123016,0.012464009047687146,,0.07973762516115014,-0.003215063564774297,,-0.04426072221757081,,,,-0.05733009788187726,-0.08341707455138846,0.016259043240230815,0.014525746722225952,0.01340863990257479,0.02043992541022531,,0.002862440323639663,-0.034590694233938075,-0.044228042269271246,,0.16864790668002946,,-0.04212525104941122,,-0.020055989101570967,-0.04537000484908287,-0.08038158535837481,,-0.05242570594462546,,,0.011866714792250183,,-0.04398744432914608,-0.017332071087430158,,0.030061047022045602,0.039112887150303116,0.03700602422623903,0.039141174480401934,-0.04296738827898786,-0.045497944680537965,0.057325695728071106,-0.010998012564187592,-0.004667366491049481,0.006847509954151772,0.0075927018047521454,0.02405211974122057,0.04044855059542503,-0.058407228148569024,0.006705368627706581,-0.08335628119963152,0.03864230613652737,-0.00830318367041647,0.001881226492700423,,0.045476465467479694,0.03107563702026677,-0.05540467725732015,-0.006222851418341083,-0.015844086620487752,0.023894389574350305,0.019615835085305667,,,,0.014528471438129836,0.02081328091583445,0.0030584760054832194,0.027758057566264413,0.03208548676089036,0.00602189037510679,-0.027467063029880532,0.018451950884794878,0.01499682266642161,-0.041963966958512844,0.020891519592013227,0.004447057905494289,,0.028266982360984415,0.016786424028568774,0.014294766849204698,-0.03274916823718845,0.05036097781066862,,-0.00023570761140565398,,0.026254341291933003,0.021007710429322382,0.013482345461007385,0.07627597709122809,0.03210048304312205,0.028100546985871926,0.003588074455773574,0.022760738940542362,0.012791616200342205,0.026909368072689212,0.03698078540626192,-0.0160726590915599,-0.011626944014862767,-0.01745544222941706,-0.015444712259256217,0.027297307218931772,0.07093359165904563,,,,0.0094368630490605,0.11968929996049761,0.07545925518917558,-0.10023532048728692
2021-07-01,0.026530748143424758,0.01554862102401144,0.010859119414044818,-0.060877549555182285,-0.05305191891754952,-0.016955904942002734,,,0.09371901038496326,0.10609838459331658,0.11334992434790787,0.0300176649705845,,,,,-0.003929905164079147,,,-0.05870552742887759,,-0.06620582757367897,,-0.05649954963147327,,,,,,,0.03648556940051713,0.041859934929973586,0.02747049983154714,-0.008298904636748526,,,0.010128210330009995,,0.008324104580598546,,-0.009122837786909746,,-0.09624801704344485,0.024169131570432874,0.004083465468494758,,,,,-0.05570144460996775,,0.05195324068732667,0.01580225822783651,0.005438456816463889,0.02793225920195919,0.021693063227257427,,,0.020083404044522992,0.018351420494692797,0.008273619300098631,0.014323189934505048,,-0.01570584825830926,-0.0057080496410860816,,,0.020054056752432835,0.07057319412044723,-0.009769725628451072,0.017401562995161508,0.059528569850865146,0.002940086177996048,0.028846702006952368,,-0.057071525131233924,-0.015391093554793471,0.026120172603041295,0.01891164391988904,-0.05699695280175218,-0.005441420230956581,-0.057416633792836076,-0.000814797677316598,0.03633117049927341,0.0006719518125136315,,-0.04542598400248202,,-0.002929492822810624,-0.015114093258699767,0.04952593785177557,-0.06620388498884142,-0.0064502579873025314,,-0.042651555268994515,-0.047442882890247805,0.013611960279919033,,0.012133452162339986,-0.021206117293434926,-0.00463959226446424,,-0.037044621231676886,-0.031429779802883986,-0.032644914706078304,,-0.04792691047299412,,,0.1046626529724252,0.10125617066186497,,,,,0.028168422800907617,0.01246702394885915,,-0.04984275660754968,-0.05093811355693012,,-0.05287221033533262,,0.01747738977372152,0.053305953507068904,0.045810549872738734,0.031230861893271827,0.04915125274054491,0.05924911686681832,,0.00938794631931161,,-0.05567913982614233,,0.023201350068303206,-0.057344410009328356,0.023010464353134755,0.012361459787474965,0.00925816566518118,0.018146897433395058,0.02663091479180578,0.0214004864490515,0.014836579988431855,0.02538685378142909,0.04489412050861051,0.05292949232241325,0.03644631003851887,0.023423080019501722,0.030079660531030356,0.03080874636986016,0.02297862209073274,0.026276587974083703,,0.04801030783758307,0.013255783159323818,-0.007749328362527089,0.024712841321103244,,,,-0.004399316352976628,0.04372664978776068,,,,0.038425669117486655,-0.034982456951042976,0.0506180012899585,0.05309674375428061,,0.05965430553480903,0.023727262633199422,0.11990252910675088,-0.051588965188435885,-0.053188298147496274,,,0.03645453787737156,,0.01881241328118717,0.029145519551684474,0.006333279163429035,0.009644051529305626,,-0.05253521322069776,,0.017349737776851466,-0.0007521937297789453,0.049116527902938106,0.15958292817229647,-0.02829064106936757,,,0.015682805525317218,,,0.15014647351317637,0.034548523946632784,,0.037373179698082966,,,0.01611027287864718,0.04257639591072356,0.02916365151349123,,0.0006270260685720876,,0.048629467005529066,0.04748831296006596,0.02176670678744081,0.01571399680751284,-0.012148915433538826,-0.04337342177735805,-0.05938165927190801,-0.05388333098673513,,0.012311450564314512,,,,-0.03613090384027174,0.02876096590560814,0.033430105730115435,0.0307557367062644,,0.05711296905864394,0.08228326885674131,0.08333226685412427,-0.06007027747944143,0.010839632294857224,0.021775769704906262,,0.08167333580002316,0.004620157914426034,,-0.051485100419872434,0.03652040572768117,,,-0.06233282037162434,-0.08689637725616368,0.019786051181910836,0.017508488807974353,0.02433057676333648,0.022464169638273943,,0.009361025278599071,-0.04287987210485329,-0.047988909051258154,,0.15855899070878313,,-0.05372594772911857,,-0.030551659274262705,-0.04799166140990637,-0.08483782456683614,,-0.05783983812392836,,,0.015050237720812112,,-0.050997893871277976,-0.017990009918021348,,0.03629631858082004,0.040885880092767904,0.031863239139412705,0.04609509477256991,-0.050548757175135205,-0.05205335896203049,0.059399416657602115,-0.00986801161356641,-0.00233765587739636,0.010550964977855654,0.012532895631229463,0.0377022990914737,0.038625456245492365,-0.06320963346954418,0.01286155161275359,-0.08669683238365483,0.037606730485121524,-0.007072181349611904,0.006880906983158531,,0.050108409145401475,0.03432221863191186,-0.059853462905004325,-0.001959595559664584,-0.009876454115842707,0.026340556224074756,0.027465123551558168,,,,0.017523457805117017,0.02235672028993305,0.00942290211318059,0.02458149090922166,0.03368478819814944,0.004016334750371431,-0.029119139050185473,0.022996877470613825,0.018804212583401484,-0.05134316878025207,0.023173119888938956,0.01038675680025371,,0.028220451295250856,0.020530378504452714,0.02321153827378542,-0.043697199387562,0.050271277723965065,,0.004212633955336633,,0.024967113319693552,0.0054208884595564905,-0.0001227428019624231,0.07546052559941198,0.04015496199582468,0.028696013683303316,0.007105102435358498,0.03589826243176178,0.01688525467801851,0.031100834760074893,0.03707366680037061,-0.01533089537390005,-0.007433349249911474,-0.018439005375230414,-0.013045980813280926,0.028161914130010998,0.079061736810739,,,,0.012674761942507272,0.12413104404580576,0.07557804233872908,-0.09990437268999525
2021-08-02,0.009357183433463357,0.015469575960293708,0.00836129573457178,-0.06144665394246367,-0.05287703249028463,0.010497297327416381,,-0.020593672347305123,0.06293040640905073,0.07052345041346111,0.07537219315109236,0.024668562397669663,,,,,-0.0040489500315041,,,-0.06019179945049858,,-0.06791318876225423,,-0.060359345204673405,,,,,,,-6.88401690308027e-05,0.03035531624297145,0.0283300719445679,-0.007121585185884338,,,0.018124070041884988,,0.01577302277145195,,-0.0014975839141725172,,-0.10060879655547769,0.011253429925713456,0.003375589976865854,,,,,-0.05280278539926591,,0.05002301552049564,0.008312760975775527,0.0053480731082132206,0.015214848306199279,0.023696086641824463,,,0.015583099874175109,0.03079441474535204,0.004632794747688834,-0.0030590165831895985,,-0.01389575592075523,-0.004609232206322035,,,0.019383706119569688,0.04759858216539697,-0.002508761128918381,0.027973172094016188,0.04410119555018229,0.011329841690023053,0.025162312440242803,,-0.06134266030654312,-0.011365908249275754,0.014394154223819514,0.012821982107256264,-0.05829344576673527,-0.005700564114041318,-0.05855301543384307,0.005200805551074395,0.024500994279437652,0.011739969307799383,,-0.048300335120429215,,0.0022003430101076404,-0.027776606406322756,0.03612085399163989,-0.06892873321845105,-0.006415164738348938,,-0.02772800501625282,-0.040259082595058816,0.016310932239757273,,-0.0076217127825976986,-0.00814854780365985,-0.005950619056738386,,-0.034679486393220646,-0.030047693222867548,-0.034537485529158064,,-0.040180685368646045,,,0.07488597940993046,0.09621114687948629,,,,,0.015880566466894553,0.012957071224233348,,-0.05192911873260531,-0.053594595120331136,,-0.0536229838938172,,0.017211448163542233,0.05491805940996146,0.05619951926674697,0.027795155130935122,0.05984300059648878,0.071187368613368,,0.016107269198187956,,-0.05621496903558693,,0.02530460726652877,-0.05800722960303759,0.019748183108119904,0.023620717438857255,0.020840610267624654,0.02081865480429641,0.02069119551817996,0.023708547618695973,0.02590859264607916,0.02021867003515268,0.04965874498561972,0.06693549390495256,0.030944441747996147,0.01821237632921583,0.03318789988282092,0.039309855428835784,0.024917129858411744,0.020192837912391865,,0.032486940637274773,0.009975845014303559,0.009619567973605676,0.036220419373885,,,,0.0032693118931891568,0.03305468337662897,,,,0.035645423825182765,-0.03368083743427816,0.06824750359152124,0.0724679997559178,,0.07999080647192139,-0.026974708191579627,0.11231068703822132,-0.051547314131902534,-0.05465657865103233,,,0.040953498825605845,,0.021439872756088607,0.02154001897098601,0.0202636000631456,0.0292643402158867,,-0.053048973905345034,,0.018384572723672957,0.03300229706110522,0.04278270258117666,0.13369430926926357,-0.024025477209716893,,,0.01818517326790961,,,0.132762772944636,0.025835376862548765,,0.025549781567510033,,,0.01230876499519264,0.057091529876889945,0.03667718716784069,,0.010643583501770627,,0.051896212657692675,0.05760400872411516,0.009850271063491886,0.01418953067981792,-0.0014692824192901342,-0.04203635405686581,-0.05935785947253608,-0.05511586318736588,,0.02154168157061417,,,,-0.03545838806365112,0.03375678762956152,0.017318613408295488,0.036281383959549364,,0.07197820829089033,0.07010400574343996,0.07132108739292782,-0.060499151188057834,0.010499930615395696,0.009668343558756561,,0.0940982669959059,0.01749447909889854,,-0.053192790069778714,0.04126486066139953,,,-0.06260887043708475,-0.08942066005401447,0.02293643982129722,0.020424117106105515,0.03846886006578884,0.018544089241409017,,0.021327574650902636,-0.042182161199621794,-0.04711185315215623,,0.14033805917262007,,-0.054159185635760686,,-0.0318259599247433,-0.047728799730723345,-0.08663805690337302,,,,,0.016692844213169168,,-0.05320304220191244,-0.010370238825385942,,0.048093128165412315,0.04298332078053359,0.024125127515295126,0.05669663419471691,-0.05252096662737186,-0.0539045075277095,0.05042022110088931,-0.001930980362270332,0.01712275948733211,0.01064544104324139,0.009409825225983898,0.05387611816372597,0.033300326430452776,-0.06309602907524628,0.013189982552255466,-0.08938111207403307,0.02626402815741184,0.0010091678468414952,0.014339920177010529,,0.06024452899616538,0.043762881177739105,-0.06045280964255472,0.005586228943498872,-0.011252279928069821,0.0289935666571778,0.03735859881304449,,,,0.02038478181558324,0.018688021297778426,0.021243878120296582,0.020668030168604332,0.03994173408411016,0.0002284695570217939,-0.019432223133915905,0.020554501534967847,0.01869152563466884,-0.05208561457953331,0.025318430911728022,0.02321529385281618,,0.021851434905428208,0.02282325562976928,0.011645099941106098,-0.04452228899224585,0.04834141196330132,,0.016223876065791593,,0.03710024951315536,-0.020732192757455706,0.03214993693078934,0.070756272039373,0.04843016996515716,0.03598767397692487,0.02325710535220651,0.05327174205671074,0.015219652104955602,0.04200257512476264,0.025884730402234015,-0.007233694725268147,0.0024100263033683413,-0.010664913381838855,-0.0015618621166242261,0.021646456960868855,0.11249517029402463,,,,0.04166666369220134,0.1220368594557715,0.06747692689071559,-0.10354935119574088
2021-09-01,0.0019915126401296433,0.014290729575032749,0.0031133794824873173,-0.05543641120407695,-0.052812733845605274,0.0382932951956262,,-0.019648176819267293,0.06335841361821715,0.078225297762147,0.07609008775437985,0.00016417949288970485,,,,,-0.004054100242298086,,,-0.052994432055631334,,-0.06242943896637118,,-0.054002107765850085,,,,,,,-0.0017479174218321843,0.029067021737779915,0.03493149852851,,,,0.016461602932125594,,0.016834724426215527,,0.008349864252788452,,-0.09178997386097501,0.002166192196030613,0.0002887351131574862,,,,-0.01037651679758022,-0.054315324420387556,,,0.0038946917350327764,0.001252315002029158,0.006297770890446111,0.025651448569942944,,,0.008135769726419379,0.023490925205155805,-0.009071015392522017,0.0012348370883019666,,-0.012132891246907621,-0.005947777674851527,,,0.013724834229133115,0.043048673956963386,-0.003952108199270273,0.026997379805765838,0.04857473010773105,-0.0008008815253903096,-0.0011700026377978814,,-0.05194689098061223,0.012370586814244104,0.026402039799331797,0.0008726619379132215,-0.05254768615487019,-0.006272007821175417,-0.05251634678529832,0.0027481310448322868,0.03976305365701481,0.007505075821942419,,-0.055788144975189496,,0.002052928181661206,-0.032932010144017296,0.043535367079569974,,-0.006306246739746514,,-0.09264951911742617,-0.0680171454470406,0.019205725708725373,,-0.020062848008489852,-0.011098498238274494,-0.00047418427152468815,,-0.033262330260002,-0.02995930240894068,-0.029917060174691576,,-0.06786133447214451,-0.04998095746188613,,0.07569368224139315,0.07306340057839249,,,-0.015830423549214656,,0.008128678054972863,0.005733712530342199,,-0.04655394345250444,-0.05019882343664219,,-0.048663231693522414,,0.011882355678599656,0.054107170856081625,0.050844801713859945,0.0269948954845601,0.05779674432416129,0.07129910465856068,,0.00853622502904227,,-0.04983942321763637,,0.02772078742156579,-0.051774169584748043,0.026213475185669705,0.019616460250478245,0.017143964993531362,0.023247004125879947,0.028855183496585078,0.02544744249486877,0.022149915173781093,0.027674170936257684,0.052064951117046274,0.06598786783482016,0.037308549881765254,0.02586658328632939,0.03337557547772706,0.03587382387406896,0.027197947540927584,0.028509723794157258,,0.04395870018368828,0.005212089029270663,0.03025534770759434,0.03620797184940847,,,0.02252556493465557,0.008615495114970824,0.0480177017601848,,,,0.024929962020930892,-0.03270871093222544,0.06578692941836141,0.07094619737308122,,0.07678554754293988,-0.046678492557713586,0.12340086388275903,-0.05161975885636738,-0.05011443021794943,,,0.0371590000307157,,0.023779861811595315,0.028895516004476332,0.017986243008048387,0.018275083147980337,,-0.0481869886543772,,0.022736460220305954,0.036574483839320264,0.011391540560406135,0.12100483342087134,-0.02135552054881779,0.051775277648020014,,-0.027579561546275676,,,0.11972691674895239,0.0338419176410582,,0.03817720331601216,,,0.023346725772220224,0.05277413446471362,0.035130263415907435,,0.020514231277779012,,0.038673826587721526,0.05821773442574289,0.00017090770125553507,0.012945705735877132,0.006569463099407352,-0.03450842192629325,-0.05308785343754597,-0.04819821953897221,,0.01741575482627914,,,,-0.03408238339656662,0.033990508502776205,0.03367637724571073,-0.026462911831816663,,0.07084731292870627,0.07391428275730078,0.07908143635641865,-0.055014534208663264,0.007111256774705936,0.002876832717172423,,0.09685129387130632,0.014035421127048246,,-0.0481317943794313,0.03679270485413026,,,-0.05618157509084812,-0.08062319834201667,,0.022741240713779233,0.03634231701412087,0.026591949594515274,,0.01751436692463852,-0.039204577039129246,-0.04084255922645184,,0.11979067750958852,,-0.04855811079683426,,-0.030551141527434038,-0.04086525917044648,-0.07802992850539531,-0.040691709170767164,,,,0.017468776492060835,,-0.048840591993339545,-0.009691018496882562,,0.029510626428710614,0.04406230932660994,0.029504737892384728,0.055462693180700566,-0.04704696329977402,-0.05047139209999534,0.046430216663038676,-0.010605190898335459,0.03865273981906534,0.006324744116915279,0.0040533686922045765,0.0520264748843514,0.03428382194975757,-0.0570158231202974,0.0056793143475094374,-0.08067551720685785,0.04141830268076702,0.0014396192257024082,0.01069681377048698,,0.05806715517339581,0.03757433211419909,-0.05393017489445666,0.012504008330435471,-0.006422893037101739,0.028646744901793805,0.03067117419067297,,,,0.022569446152827143,0.026067607994824573,0.017241129827381442,0.02643735198709833,0.043094398274018224,0.002015473208775448,-0.030691372747688392,0.017093461078512073,0.017332247552958608,-0.046149657028447054,0.027918340866352784,0.02018159509921262,,0.02904408120345364,0.02452815589185166,0.003567878858535662,-0.04286778594615621,0.04988422658015644,,0.01375084687726097,,0.04481266965997723,-0.010517713358940016,0.04297091849607944,0.05056384268014319,0.030772707606159914,0.0375613817565831,0.04536585988735037,0.05068340343357853,0.020729223549039392,0.03460069566060072,0.04193047589792545,-0.015685655105500268,0.008794598783754048,-0.021061811820474792,-0.002538768590093858,0.021549093571929134,0.08751355329150365,,,,0.06830353122026671,0.12496739629224587,0.07337546430895316,-0.09402341500024301
2021-10-01,-0.01205990205508253,0.017837120884543936,0.007297989047558997,-0.049387568671882064,-0.04978279608853151,0.04361835830906115,,-0.015576334825633857,0.04040182850759648,0.05414140858786642,0.060937086665231274,-0.01085730486634497,,,,,-0.003621540921513246,,,-0.0474413183312884,,-0.043908970920489884,-0.014112566447593353,-0.05133280645945047,,,,,,,-0.03789389679816721,0.022962783296768936,0.0392930549767564,,,,0.022959325293980353,,0.011743773229630786,,0.012923567227861641,,-0.06448631077690571,-0.004900616431544428,0.011806445655415951,,,,-0.0169238711273373,-0.04760131493100198,,,0.007307152442652544,0.011899706210898765,-6.908518416876626e-05,0.026343958039366563,,,0.015184655790114823,0.024382866573533297,-0.0047708107707207575,-0.005461022350142367,,-0.004828234664432462,0.009986086371190745,,,0.027172561416144637,0.06205272803712726,0.008256302862319057,0.051675730338616936,0.041425029235215086,0.019506931769811543,0.024087694211544674,,-0.031970830691431515,0.027135288392138076,0.016107734207258466,0.012734644751009876,-0.04727757329140149,-0.0069575634142979206,-0.05177729156161803,0.009065958054169971,0.03283346106716897,0.018430997575210148,,-0.0573661625312892,,0.0270750719820026,-0.06689654162110256,0.0497781776677078,,-0.005853472096919822,,-0.08192952107400463,-0.06278189183959187,0.02232288009979392,,-0.05409764507974841,-0.003907965586271669,0.017701951277740754,,-0.031405322236758446,-0.026696618735556354,-0.02979253481241115,,-0.06277316711522309,-0.04629555804220853,,0.043360733204932174,0.05443383175305531,,,-0.021613379494335182,,0.0031476921745745585,0.021020306297626645,,-0.040966725018279124,-0.031358357372755066,,-0.04688146598837066,,0.027463466692373113,0.06312510416801614,0.0583635668372964,0.033014324893398325,0.05694887706639064,0.06547363027580666,,0.027240601354101324,,-0.048752893352392655,,0.028551097494164922,-0.046921425743810835,0.024099280596256288,0.026865274271006927,0.02376543376019918,0.023710600527623214,0.02571083277175113,0.026297680933132714,0.02890934306514894,0.023513355399624517,0.047040504620816215,0.06179729831712374,0.03155598867152135,0.035443492724592095,0.04140630871148198,0.04365518473892483,0.027923336127889685,0.021435040414468542,,0.040609539983282976,0.01074305262890082,0.029336707639811332,0.0439913069688245,,,0.02863966295349158,0.028457247100337854,0.04333846821639344,,,,-0.000815034368169235,-0.030268957758089035,0.06394467710379678,0.07333122080203966,,0.07397515683746213,-0.1323960946372395,0.17229634883766196,-0.05145448705469247,-0.03899702892618781,,-0.07768097399563492,0.04383966840142061,,0.022938042766431497,0.02218776057979738,0.02409978010748785,0.026089020108405046,,-0.043120915816315324,,0.01840930825797383,0.023558702414564286,0.01652759416333881,0.08561765617684068,-0.019359590837994513,0.06056146753817475,,-0.020039713465452275,,,0.10067675407550772,0.027313617052928594,,0.04774924295463549,,,0.03769889106446285,0.053371511292311304,0.043955384980706766,,0.04094023674187706,,-0.14256489280918874,0.0640662854313544,-0.006096200243663688,0.023543145430663378,0.02541962123898582,-0.022456442693621237,-0.04843155342350121,-0.04084614024815627,,0.02473260617153477,,,,-0.033124164504898156,0.04317656255369623,0.03529974283055937,-0.0648150358612847,,0.06540537825993219,0.0885865813333526,0.093047982823021,-0.04851275747022166,0.016025228856810833,-0.0030260039738645404,,0.0955561533958446,0.02263230063929289,,-0.04456170996239075,0.04419720915306829,,,-0.05137491493815719,-0.060789218461543476,,0.02313846239292558,0.04692066249356049,0.02384202918490179,,0.024202285230922164,-0.041239571953202825,-0.03751074844268881,,0.09729555002030864,,-0.0440520748527449,,-0.034837201249999734,-0.03350848972149957,-0.06240692584614615,-0.04338373066812086,,,,0.021370373272059883,,-0.039925979269897334,0.0016361844471111365,,0.03781330571893724,0.04546381530359523,0.03166561909728487,0.056209298475450295,-0.04162496319015413,-0.03145187279134387,0.034471962363887276,-0.010015035816371132,0.03650898375809479,0.01615578650878971,0.009579962811999423,0.059362461136118254,0.03696068580349599,-0.0522451212726729,0.020683288447084475,-0.061162868719276155,0.03357351346575076,0.017788972344856414,0.014795451635460371,,0.057428414249825276,0.03435488671651631,-0.05169954720272776,0.033163400045572174,-0.002227538663954006,0.039596867533246496,0.040021573767590066,,,,0.0233410433701092,0.023248262120507138,0.024126634484526833,0.03817754609045835,0.038441008416273674,0.007406509740168463,-0.004187427930025669,0.025709775900681908,0.020192259900295956,-0.04209735812684283,0.02893240809370101,0.02627300908325765,,0.02512414035740409,0.025151494176807437,-0.0019894877685664174,-0.03977016060169859,0.04976802669446399,,0.0208437486818045,,0.042950939150255114,-0.011140360794194075,0.021900911671604645,0.055871364845148916,0.04098979276790318,0.03242936307247178,0.048153742044498286,0.05721856460117911,0.015334522459998045,0.0315898837596756,0.033598696903279296,-0.013436657816676004,0.03247080608716231,0.007564760073723162,0.01411916610791933,0.013932169506325752,0.10728871703961941,,,,0.044239560874353046,0.12176720587181247,0.08846269271917884,-0.06473666680582393
2021-11-01,-0.01503534611551475,0.01565616169512209,0.0022059605153285384,-0.052680376283060354,-0.052206691494194435,0.05400089035014981,,-0.01268759504788306,0.035656938661373885,0.031852213059782204,0.046004491865523425,-0.023214569033756634,,,,,-0.00405590591019228,,,-0.050629180821451174,,-0.05114290416512169,-0.01919344066419609,-0.05358820011381862,,,,,,,-0.03890293429445019,0.01759443481320254,0.034577779364709925,,,,0.021356251946539284,,0.010564138470518044,,-0.003687948568013838,,-0.07290179567338947,-0.006725186018698646,0.004883691362731422,,,,-0.02390589993398318,-0.04639912347592026,,,0.0007505110643800889,0.006504886547381424,-0.001242281927165456,0.02728840541014655,,,0.01087898049795978,0.02378284828668853,-0.006736963594249605,-0.014882751344671532,,-0.018435893969425906,0.0031751666696389217,,,0.024306270927332264,0.048565653967104126,0.005725068749159998,0.04644689129061187,0.014852746254017477,0.011356751019793263,0.024656854559638657,,-0.03452724322746472,0.016311926615955753,0.0188784312914664,0.01342868317166623,-0.050391108358222816,-0.007062490353341157,,0.006834085772436164,0.03349362032016696,0.016134659446959236,,-0.05639984633875445,,0.01817551769708934,-0.05815517488355364,0.0393425285152915,,-0.006091618960371697,,-0.08040695493894959,-0.05519057124915102,0.022344416012936436,,-0.053367344654369375,-0.0036587021222388417,0.008184367903069522,,-0.03068857738948251,-0.027325928313276057,-0.030291670715010304,,-0.05409404772558509,-0.041954541587571885,,0.02196358457943901,0.03254739094048118,,,-0.02775079941986859,,-0.00030219769829024174,0.01691915731725329,,-0.045023243114179504,-0.039763310584810994,,-0.048726835734136914,,0.026187094982529593,0.05273092405264988,0.05683548728191215,0.02639058619072381,0.053966466248588967,0.063652130052436,,0.02104166826074777,,-0.04999390389969266,,0.02799246912761657,-0.04964132573301769,0.028955516532686305,0.024176708802919042,0.02124448508772488,0.025437704176509975,0.03043792996640339,0.02623622530957618,0.0263031865259161,0.026750397194090735,0.04128516003028065,0.060028223412316124,0.022588086962597655,0.028555495476780282,0.034412584629969614,0.03718927832995902,0.02734116668299625,0.026594237665152384,,0.04091106752483075,0.0054131871735359225,0.04622091886062929,0.045666063638344655,,,0.021852201305418487,0.023675082927551265,0.046755463865962736,,,,-0.002732652353721251,-0.02988544968276433,0.07742690975353135,0.08119792498751469,,0.08632623472106263,-0.12233770446704695,0.1495043474564508,-0.05154689388934388,-0.043448946886138734,-0.007856319223020589,-0.08285200130706337,0.04044853674329977,,0.024954429936720198,0.027169659374231395,0.021101236287751925,0.02279192186299839,,-0.04626933456531517,,0.023705729440509974,0.056909565579283394,-0.025367443168106994,0.04501176307895458,-0.024729015501183657,0.05811758701270384,,-0.02190991299666823,,,0.07568140562898244,0.03258204842445804,0.005608098709208142,0.04013873950194779,,,0.03757625593853598,0.05137042483614251,0.03832075421233505,,0.03478776731445234,,-0.12570904456246754,0.051437585955546386,-0.005102387637937871,0.014510931878099122,0.02239093161823979,-0.02867420311787269,-0.05143805771364959,-0.04521483860628797,,0.022483036974666557,,,-0.002696349720644322,-0.03332678924322325,0.036504142690863405,0.034677399886543996,-0.04190919469583437,,0.06257374421728706,0.06641102276509725,0.06735583304707045,-0.052288929714480965,0.00826879216361896,-0.0020303136827035,,0.08830426218950992,0.019194031664772487,,-0.047690844041930046,0.040045495018248764,,,-0.05417922754667331,-0.06778259784221284,,0.024530462722168342,0.04306660018830954,0.028526282770569983,,0.021941791979619218,-0.042624675597449604,-0.03969492957854641,,0.05421783438509935,,-0.04822624511892463,,-0.007320463660626035,-0.03820151285396409,-0.06710892341709207,-0.049347799250651185,,,,0.019899825943279527,,-0.04425851318607566,-0.001032153847195428,,0.029759089471048026,0.03915829811120509,0.021997022984185488,0.05256073942949284,-0.04557245144517924,-0.039755374021907736,0.028780248779989408,-0.010721940948133028,0.053992272710655834,0.0087799450272236,0.004435065023850234,0.06469895403321901,0.03461882271756334,-0.05518516636965514,0.016385880485037238,-0.06749073859502729,0.0345290512423054,0.01448150101649895,0.010040029098093808,,0.054225103513142074,0.02216131001446589,-0.05365006945386226,0.028875257513074983,-0.0075946431889059515,0.03314146768868647,0.035575460206086436,,,,0.02482144801451648,0.028282670231714793,0.021779349400822667,0.029969303497330377,0.044015229036679426,-0.007518551605846607,-0.007616005948939453,0.01918973872150232,0.017927974978899853,-0.04532514129929943,0.0280424649732803,0.023591741838514414,,0.028619354149738412,0.026144078382891327,-0.002346293129103138,-0.03865770189153155,0.04210987640851894,,0.019238665737556306,,0.019244396991736305,-0.014624776985184362,,0.04570905232199011,0.02889271980134678,0.039383277731071524,0.05876758853449587,0.060914566928228775,0.023047042637853902,0.01892759100411553,0.03563388289349579,-0.014606052952174074,0.028296739850801732,-0.0002379074418983566,0.014768963998969603,0.00869416958321545,0.09112308843376882,,,,0.07141274202259926,0.10393016983448185,0.07551609190550469,-0.07275262484836374
2021-12-01,-0.022345553193026706,0.02008220467448765,0.008618425124580114,-0.041590188586081246,-0.04011300853013439,0.05931619524502026,,-0.005752567990244236,0.012792989058694923,0.010238051358914377,0.021184543660192838,-0.01589865116704764,,,,,-0.004107048130668572,,,-0.04029719625373163,,-0.04061877812403188,-0.02165388323525889,-0.04179459279673974,,,,,,,-0.0617766769825021,0.018562354149890267,0.054854170663731924,,,,0.0272138799952356,,0.01992552012946583,,0.029002835110268573,,-0.05917031639983712,-0.014281134264593003,0.016904156044744482,,,,-0.028853677560960137,-0.044065549719577525,,,0.005558781456058102,0.01919458092901377,-0.010102307497160132,0.03044168063222676,,,0.014247352276143486,0.033672494808811626,0.010790583247348315,-0.01420261275063238,,0.006601251593747108,0.005037759049172728,,,0.03628851489885515,0.040699162578813626,0.021934232709474987,0.03200356077039535,0.0055174907313566965,-0.019362211042963463,0.010097070021225877,,-0.02826305065655419,0.02574814910857321,0.0081210783615175,0.02902274700016294,-0.0388959236909579,-0.007264221808664922,,0.011456666832927979,0.0345893809571651,0.016578721459400685,,-0.04840268877703678,,0.009115532340405106,-0.07039671204634139,0.03551781948955848,,-0.005766601218986715,,-0.08963266727399202,-0.054001540741839785,0.024876602923196073,,-0.06620938439736637,0.010226096632631118,0.021447927961838652,,-0.02079540528931854,-0.018101882457680196,-0.020769912774323787,,-0.05429834764853595,-0.04383105203701836,,0.01184964016879994,0.006894088928537017,,,-0.03085146760114111,-0.014273502138372572,-0.0073346973252018345,0.02554360595428653,,-0.03569368732806375,-0.030452555835879698,,-0.03701188998824388,,0.020174560866761213,0.055432752939127826,0.05564293787615733,0.02721802008109979,0.05789096462492029,0.06856477306641491,,-0.005855953921622013,,-0.03816528253992796,,0.030841090533734423,-0.03850898621463179,0.029358286170339618,0.032160105071792955,0.03015241099943762,0.0298702564298822,0.031254967272753786,0.029690868540171025,0.033014109569792366,0.026715476752281822,0.04277570551703959,0.06254966655311932,0.02163585026741066,0.02227891158190504,0.034795367804318675,0.040850035912905557,0.030332292496132153,0.02738201209325263,,0.043346781023349414,0.011622342499318955,0.09371710415210316,0.0586873302189725,,,0.02638911320095296,0.033677985856934656,0.04370238938092136,,,,0.023895726326834527,-0.020202418134619073,0.07752638409604948,0.09181892060210971,,0.08600334084112903,-0.13938338315097348,0.11760400741545021,-0.046999818164327925,-0.03468745895137439,-0.009735602532523938,-0.08126927360258959,0.039455541026476554,,0.02823846811491992,0.02784631242518023,0.029278725254956353,-0.013978052262957619,,-0.034478637960197185,,0.027177138213842274,0.09463286644648462,-0.07236316167762592,0.027043823243672743,-0.0154931367503618,0.06428061949123998,,-0.019602254036947528,,,0.048466213118512215,0.031172545407808793,0.017693233426035883,0.03789524713915291,,,0.03781508615809013,0.06083671377676326,0.04363507055352791,,0.04709747177479415,,-0.11861323543221487,0.0602648664292364,-0.013169253027106451,0.02656517022155051,0.03393413932601253,-0.017644652145012173,,-0.03463879778202805,,0.024269364751808273,,,-0.0033709726333590886,-0.023181796538274853,0.037670174683540225,0.03506099490204273,-0.055701389111569605,,0.06776560452283924,0.06366501819460658,0.0686098731545022,-0.04015250448766322,0.0191725045098123,-0.008051648233841057,,0.09828511672186065,0.027504541012341985,,-0.03680972412235217,0.0398013309222672,,,-0.043620581515037976,-0.05492859834791454,,0.02930676131215836,0.05302123696267584,0.028700245659896127,,0.030428828579661626,-0.029805740418301797,-0.027707745896310018,,0.020915402619533296,,-0.03546850013156285,,-0.0004194746423082619,-0.02690169303559744,-0.055655521157338066,-0.04252933862260847,,,,0.026069672323265052,,-0.0338493017628211,0.0038485182120411364,,0.028496133059745025,0.04006974813200111,0.020393611081753967,0.05559785376051124,-0.03557958870900109,-0.030279944245355402,0.03581633664059228,-0.006412661391241939,0.1034875990891661,0.01973190742264579,0.011096986905183397,0.07285059468016246,0.03146984272159707,-0.043936913265743185,0.026029721667107552,-0.054867561036976834,0.035064716858127766,0.013053572211368842,0.013977626086357437,,0.057956495626196994,0.03085212223792274,-0.040949963493025716,0.038338184562109724,0.001397738464451716,0.03282314329731691,0.03907011210667295,,,,0.02949100249854508,0.028880154070526538,0.03018882328840338,0.026668889548482032,0.03610634864132644,0.00857690128164508,-0.026795813550260845,0.023372560495426336,0.022918545601588135,-0.033151922870629555,0.031176157838276507,0.031436801625614255,,0.028012941318760008,0.02997021938794298,-0.008551877577117896,-0.03305849385983664,0.03931858138820842,-0.04879645957636592,0.02893453766316181,,0.03585588861462883,-0.019579339564299934,,0.051971863456871874,0.030864426740187526,0.032030666056693434,0.1108571627588661,0.07290994463211938,0.02695753876501547,0.027355222475454872,0.03923044493265137,-0.009775922017247293,0.03613658413596073,-0.0189392997972612,0.014717878212297508,0.020653313879263367,0.0812212295405793,,,,0.13016426505802506,0.10501108642441143,0.07074334036582478,-0.05900333166336806
2022-01-03,-0.02610407502862585,0.025770767929193743,0.002923891729226382,-0.04052166208434383,-0.03980294182090754,0.03655081427627981,,-0.007495718118814848,0.026398166417969878,0.025004552855047248,0.04114477108032892,-0.01621372320345442,,,,,-0.004100813686806285,,,-0.04142091289955055,,-0.04011683178224844,-0.027252815121525917,-0.04316033370260813,,,,,,,-0.053991294738505835,0.01582501209013264,0.08103279126595066,,,,0.028595776710251118,,0.022934253162573554,-0.03157091805433618,0.01538254009523551,,-0.05341552967273014,-0.018244749813533863,0.008352477818033928,,,,-0.04164340958749835,-0.058317891394210265,,,,0.010423929812332021,-0.014138156688760955,0.04274584734076401,,,0.010352733037045682,0.047041910912347704,0.0026555496328727404,-0.029640150984712513,,-0.016197294796087853,0.01905200323386966,,,0.021634536411523683,0.05183936325373288,0.013890165552037835,0.011292804707107027,-0.01594786147758371,-0.07391170528607538,-0.0002969771501291319,,-0.02361096018332391,0.05143935345439755,0.0236879379121699,0.017379497298996353,-0.03819097499684432,-0.007836825732468211,,0.025778909029651655,0.06031860084567935,0.01727170100049785,,-0.04899518516899482,,0.022386206342143302,-0.07118076585753658,0.049607677650399744,,-0.006266767147072689,,-0.03347017748090572,-0.03400535566748568,0.04039569648382303,,-0.06527769387261559,0.0033003274269261446,0.0203599420624083,,-0.023615618251364746,-0.020423196170981376,-0.023142395362242725,,-0.03319700149373598,-0.04273484045420824,,0.000221541769908118,0.016458139289552736,,,-0.040570372880945664,-0.020002356647881712,-0.011412844439005481,0.0213147016332036,,-0.03667703958626436,-0.03284963127123226,,-0.036730442411718606,0.04954941098360769,0.043170405501077015,0.05560619644594665,0.04339483992276846,0.03341850064726452,0.04335218049261894,0.047417280795514986,,-0.0549091543993858,,-0.037914703097964284,,0.041406503435843595,-0.0389082810656198,0.05349292506738131,0.02840897619733897,0.026680079247994155,0.0432651199710604,0.056673745558501215,0.04210397318514857,0.029693170436569594,0.05301083690789506,0.032058028221256904,0.045912686764215664,0.017558795100300253,0.03744259582364958,0.03802154431936729,0.03687687114406356,0.04154311265361767,0.056521136851585815,,0.06545512261805086,0.0073601324854660945,0.07841750316310475,0.062433218206968184,,,0.027732653120023168,0.044090783991365574,0.07407616187495497,,,,-0.06138579822616361,-0.0225253986415181,0.0591593119267334,0.08073905361470635,,0.06899890372147531,-0.14669999666341146,0.1388214289130541,-0.04636494575530589,-0.036240886043477936,-0.013843051961681122,-0.07406971903075864,0.03779637668170446,,0.04285204798119326,0.05479444377939883,0.028183854130153136,-0.06886037689553347,,-0.035411602983743136,,0.04483880208300807,0.04289874789694447,-0.07643763011266733,-0.012899644436592203,-0.011778586954768711,0.057361606132486725,,-0.026322139752498107,,,0.04886475006180013,0.056241821684712374,0.038429629024153686,0.05614197103274329,,,0.06093477547290954,0.04318305019296643,0.041937621419221596,,0.050217605849623335,,-0.16296172415548207,0.05582603584503193,-0.014546164305101642,0.01892797601062156,0.041698250982061535,-0.006251303886296254,-0.039988164903024204,-0.03306353102542436,-0.034768278204506245,0.01648141323781486,,,-0.005614408499053821,-0.023699897341796623,0.03865358411085741,0.04965154176539299,-0.022344715964131717,,0.04780569794376866,0.07349871513139063,0.0786813898386845,-0.039921082160109776,0.012711333515325824,-0.009287622756423555,,0.07767280659607063,0.010863664537497543,,-0.03675471089666751,0.03818722795416484,,,-0.043062718574376865,-0.05004825569160698,,0.04292727650719177,0.03352630121493815,0.05532004234105493,,0.027243079752794153,-0.029750904180605966,-0.020600325425011022,,0.04682043450977243,,-0.037819543127619655,,-0.03559119199055904,-0.01798946455183239,-0.05420256621336289,-0.03347770315339334,,,,0.03266364562280915,,-0.03553293119615394,0.014832886723536385,,0.030748097937821156,0.035056051950905005,0.025510125548033315,0.04269827681718654,-0.037696353155286216,-0.03275265869862486,0.05091373693505655,-0.0036096649159162958,0.08430191418307183,0.012567687272955706,0.004949926788730385,0.07042223786240483,0.04737009034888788,-0.04398554434355567,0.0221253405943098,-0.05047715479416443,0.06080055208329107,0.02708712186492241,0.023549784745065264,,0.04294897785570035,0.019648718352024374,-0.039768762502684796,0.04702558948770551,-0.011271394092170407,0.04078012440137307,0.03342233976915877,,,,0.042975582402780224,0.05489133054494286,0.02739941550849625,0.045361221527105075,0.031361583737260126,-0.010250376170911199,-0.013350427593002305,0.023749160316158254,0.026757959046342122,-0.034814706023853594,0.041739276311995914,0.029399764292155225,-0.03459749021384348,0.05319507305538121,0.04289850510820657,-0.00982672476940067,-0.03676985669062408,0.03719618214580232,-0.039824136102044695,0.025529854263194936,,-0.010427336003979817,-0.026610995398804148,,0.06176633541086823,0.0338726225086795,0.03217775961742807,0.09217109761938093,0.06949726599754873,0.05000338116490853,0.016841295125798652,0.06641360310573224,-0.007414325599074067,0.053191925904877264,-0.0018458942345683602,0.029869787316967596,0.04812738816950932,0.07551473184229852,,,,0.12097826445531913,0.09958712936335537,0.09220367057442959,-0.04913952435273711
2022-02-01,-0.028991581796067638,0.024034223962228676,-0.004070646925939873,-0.02458647394120454,,0.03398032081589888,,-0.0046767203883062965,-0.021342388225342013,-0.05023757040608521,-0.011877584165240582,-0.01176785432521799,,,,,-0.003992419908459258,,,-0.026038508138105074,,-0.02163190927875239,-0.02428248935650265,-0.02880363047340108,,,,,,,-0.056202479381936434,0.000906366184570872,0.06095909867195513,,,,0.03437702268973531,,0.02252473556046658,-0.022125532488257587,0.013023342644917437,,-0.025121789034993246,-0.025743350920928082,0.0004219611460571332,,,,-0.03169944403249155,-0.05638256582696342,,,,0.000836383842784435,-0.021529412350346323,0.044353990860006666,,,-0.01047003658391118,0.0397682790687787,-0.017469426652652265,-0.03152491829041379,,-0.015549146158361726,0.020330625441832003,,,,0.05096581794088313,0.0055989574057417005,-6.103849710764052e-06,-0.041395374114298375,-0.09260463057920341,-0.01743258816698093,,-0.04308370223641076,0.04338911170910465,0.007620792965473504,0.0026170169124858046,-0.02308083477271796,-0.0081935683023975,,0.032482334978906215,0.0603634409785189,0.0252426505436764,,-0.046442042903114,,0.013638806167489888,-0.06865214934568319,0.03701512736052268,,-0.005482025121946555,,-0.04285931886373502,-0.030244413380292337,0.042174550405799885,,-0.06004704104592965,0.00893946048813733,,,-0.016453693423334963,-0.013112382551409991,-0.015731844403229236,,-0.030786342219824153,-0.036858492416130956,,-0.044934295088971274,-0.04333274525832003,,,-0.024014663656652776,-0.021733140777265465,-0.017697028854855763,0.009522832432758602,,-0.023512991180986105,-0.019221334905130123,,-0.02301896403805713,0.030605005792498412,0.02833622206812915,0.044559202130310005,0.039287918763959095,0.02233577382953913,0.0339182410495998,0.04288308507153615,,-0.08246484231994027,,-0.023701944563878623,0.07317965868379224,0.0408834326391402,-0.0230879134085304,0.05801099654655797,0.029827697691456448,0.02872875707289589,0.04623558950127517,0.0616183457839229,0.042772324094294496,0.02967689180253335,0.05331202749020874,0.012098026225890785,0.0365666709394051,-0.011479989379936068,0.020305070098380514,0.031728319802661234,0.03611529189639473,0.04041593413960799,0.06016168744870362,,0.06058746830385818,-0.0018946856805885522,0.08135097271379517,0.05382913437785679,,,0.03289148099685435,0.04871716454096811,0.07452486325080432,,,,-0.06445845367959374,-0.015597887428814945,0.050605341324139394,0.06593959428749892,,0.06267468831262704,-0.1560114458063027,0.11746648939520705,-0.03100950844760106,-0.02261829711927424,-0.014391055610544356,-0.07741054223099461,0.030256875658787156,,0.045852991970850465,0.056646809474147554,0.031223598767095975,-0.0968410620271923,,-0.01931378280462195,,0.04911981080210294,-0.0028083067292037295,-0.0959434089379206,-0.04273178919389381,-0.006432926663322154,0.05176822696320978,,-0.04812693210418579,,,0.037036923951304396,0.05858933487006454,0.04215615628479413,0.056525748166807055,,,0.06295132796044202,0.045028250194789274,0.04227797220564586,,0.05985156924344026,,-0.17673666182007747,0.057937522097314356,-0.018242908797662914,0.006671033540005803,0.05030257591572402,0.006752313655106411,,-0.01760457247400565,-0.03464976436010214,0.023996177050808434,,,-0.006566202999403524,-0.01530784240075131,0.036848965911571586,0.02461047399110512,-0.05317884597842657,,0.04260671284079509,0.09616097702764609,0.10145062312991687,-0.02435915093313575,0.0023164894211460804,-0.013654794608582885,,0.07486709934002396,0.017631463305100212,,-0.023932895013199455,0.03062279003065604,,,-0.026513286908365408,-0.02571387307873923,,0.045932286604315246,0.03805980099412515,0.05994607878978436,0.04049428161304613,0.02909283502785313,-0.021107186861327277,-0.007424226340145571,,-0.022951752580975354,,-0.020752333444585172,,-0.03581300202313329,-0.0043408889383566495,-0.030707064063522832,-0.010677605994660182,,,,0.03132519786789769,,-0.022281631237380407,0.021003641141807475,,0.03803906897633564,0.019868037512078718,-0.0018301088120733862,0.036300212934967185,-0.024233018565056542,-0.018682868517117188,0.051742616682752644,0.005544550131268465,0.08282275343462682,0.0025237484790409256,-0.0033369278964005627,0.059767397129371944,0.02657429222804983,-0.027689091896569575,0.009907227706795646,-0.02609138538907791,0.061360846876992975,0.02078704310703024,0.029972742860904966,,0.03418763555361667,0.024737878965115898,-0.024579371300487766,0.05192150099311898,-0.012298083347901815,0.038410294460918724,0.03876247624598675,,,,0.04649570830668138,0.05982380904690304,0.028708257695254296,0.03614063089951196,0.015143194450482666,-0.01799743481644096,0.004018353625708563,0.009613483287616503,0.02326575645579583,-0.01810549851875611,0.04141173555439643,0.032365104443262994,-0.02909322895957309,0.054489978610673326,0.044599960669815295,-0.012593356231392036,-0.031366120403948886,0.01677908542033815,-0.035668946447013516,0.031127850029267143,,-0.02122750234625603,-0.07326852997944956,,0.08203396356524266,0.04379118160743732,0.01862704781827349,0.09006954353611842,0.05823005396828144,0.05469084961274641,0.024173428892198506,0.07068584416094736,0.003390243548966342,0.06370537352109769,0.013885697005754226,0.030142377031366897,0.057804863238357936,0.05003659409461616,,,,0.10525314764932779,0.09114404230557113,0.09646757193297661,-0.020026962054211783
2022-03-01,-0.0379126268256942,0.027239087391066095,-0.0002902809763991793,-0.019783576570651405,,0.023361291160816193,,0.0012664266642057485,-0.049205404022785906,-0.0738292643452642,-0.04915907096305546,-0.023822394676687463,,,,,-0.003718029571320415,,,-0.023281473685371392,,-0.017299155425328346,-0.02154640305160144,-0.023226906939509975,,,,,,,-0.10575437651250595,-0.004762508431285554,0.05621230896320772,,,,0.04461217628897364,,0.03307174904292896,-0.004455782179232157,0.017591060790017283,,-0.021347391280904834,-0.03145993760262379,0.010166981810262238,,,,-0.022672692499656623,-0.03931722973138556,,,,0.011403169624916491,-0.029140757803439245,0.046015191096876795,,,0.004302197872790783,0.0405250531072868,-0.0005617302922347856,-0.03349619798014431,,-0.012340132864308033,0.028448433268280886,,,,0.04114618327660254,0.018061228710060738,0.02834059395616139,-0.034871437048599595,-0.05598677390038569,,,-0.033195270818873496,0.04078425263153135,0.004826331614446288,0.019860730614077046,-0.019247789491441097,-0.008789565264231972,,0.04514221183071339,0.06036014194475628,0.03638854278237131,,-0.03688899027705192,,,-0.08793681019149108,0.03993539954153749,,-0.005335450516688455,,-0.023310968476284468,-0.01777336269723771,0.04537018472591815,,-0.08580332226392706,0.022981152838245603,,,-0.007157873125774763,-0.00554760045607761,-0.01053268697221306,,-0.01657828396836869,-0.036513323209478074,,-0.08076203500079629,-0.06894839046341264,,,-0.02140221393144903,-0.02343596042742868,-0.0241945705533394,0.022577982982862937,,-0.017989640411379224,-0.01385633738257275,,-0.01863541592687062,0.017553222616161386,0.03430802388518173,0.04860491160455557,0.0424710870874461,0.02460686642361672,0.02269151670774079,0.028675873211210616,,-0.04458010556897894,,-0.019764519054858744,0.0665537143418268,0.0431134693512804,-0.018800153619828452,0.05475907255885321,0.040154870782367416,0.0400876225093183,0.049267915148739835,0.05857158041426947,0.044881971249969,0.0389178322309042,0.05087694997509229,0.007026455338113791,0.028017044139165358,-0.0151853109432941,0.02245782299574023,0.03577563291228508,0.04267387610625591,0.04291107231462663,0.05727122924132236,,0.059194048179389384,0.0019691534989359806,0.06291474916730962,0.0568522628529698,,,0.0434654871206935,0.056464983743000983,0.0667472536785476,,,,-0.027937629333114986,-0.00686256068958962,0.04867852415605319,0.062213172808750564,,0.05461591256957097,-0.1997255306153376,0.053152270891354485,-0.026044293864874307,-0.01633964709436645,-0.01974649997952777,-0.07540192781751116,0.03255654642271381,,0.0480187060647101,0.05422170148816133,0.04073263776891465,-0.15775632323057454,,-0.015991889185902292,,0.05004700222147182,0.0013828448948659477,-0.03699110123401478,-0.10543984597887714,0.002597765535516232,0.05084930144426053,,-0.03645082724576655,,,-0.023829876286543733,0.05126039455165631,0.03189359075546851,0.05301775247345869,,,0.05195038195504055,0.04260770438261262,0.047302253694402906,,0.06402525886563178,,-0.13923792493450213,0.06576790865112565,-0.0251020081800054,0.018856171351196573,,0.006428353596206303,,,-0.022843140835921455,0.03481027559458858,,,-0.007656064939460766,-0.009090052280636345,0.04161586606038057,0.009793403652272058,-0.033420801917018204,,0.028874215261048032,0.07898056973636451,0.08727451308577286,-0.019979007827285608,0.01004010538322159,-0.01926912914813219,,0.07239100741844677,0.02178400853627412,,-0.018733867474271134,0.03302264297451245,,,-0.022182434603496167,-0.021581495026380744,,0.048829178241695186,0.03901338447357119,0.05640819474239499,0.04081122365819081,0.04012324934197899,-0.017019232892475932,-0.006537585511336893,0.052323440279535574,-0.06307661481913826,,-0.01715657388708039,,,-0.004263353246083344,-0.025219513754267592,-0.015643239317151614,,,,0.03511612403104732,,-0.01691995718011951,0.03318014949709447,,0.049199341038721305,0.020091892901237373,-0.0013488597738276673,0.03620643180424458,-0.01972164503611509,-0.013556702399101037,0.03753168572807356,0.02790894737465134,0.0649645582898411,0.01037337481543329,0.0013532573458129849,0.06101168462031352,0.012413410892404457,-0.024609637253350428,0.02203850538562595,-0.022007613068245405,0.06097672484601679,0.02728388965187916,0.043279584705323344,,,0.03476659676448463,-0.020841686970923604,0.05840835403287493,-0.003059846845919639,0.04136646861496824,0.04297549635881668,,,,0.049402634167451547,0.05651814308598592,0.040170905569326405,0.038411507192115064,0.019948201759478708,-0.012490668725652144,0.022872045946919432,0.013696593629380327,0.026863675675392246,-0.015798866635634998,0.04287560865775999,0.041303085368303384,-0.02296035769580606,0.05194312414219029,0.047086176682869324,-0.02057315879902676,-0.017310107717136973,0.013656819248748918,-0.023367957094006537,0.03886764334000934,,-0.004824114891611944,-0.07398686156170466,,0.07102680192471546,0.05608741832066389,0.024843021544852538,0.07800011553951607,0.06098782105490217,0.05434000734832427,0.03849503545719096,0.07113841431469242,0.030442765814824246,0.06645371371179827,0.033036978722730106,0.03748266087448783,0.0451996081654282,0.060300463246718596,,,,0.0626454271197436,-0.00250162002127912,0.07533765008628929,-0.01713683319422426
2022-04-01,-0.034197265358915645,0.019748558525969125,0.00025510621200250264,0.0019206207176832475,,0.04068171974030247,,0.011326012945405504,-0.13002204631567504,-0.13878430715118475,-0.12351344775217465,-0.019141668452017452,,,,,0.00316479365133073,,,-0.002079446067799614,,0.009835955896294123,-0.002820061433446485,-0.002383690612089029,,,,,,,,-0.020369118312130195,0.06805522960682545,,,,0.043814944858111375,,0.02880667860013093,0.018884753015533738,0.021740366442295468,,0.020322487138810068,-0.02553200106687193,0.009216212869693414,-0.0004086563764457642,0.015227289278275989,,-0.008463186328788187,-0.020408255353654654,,,,0.010576972156675647,-0.02191034219028792,0.0334669634858624,,,-0.008705972911506684,0.03714660089379966,0.002897714152014529,-0.022484911740159638,,-0.014121162751642128,0.03463110352568291,,,,0.03353729583270444,0.028517751166950947,0.033993488085413026,-0.04450812558333634,-0.011097475764217385,,,-0.04065607701459041,0.04825570154693574,-0.03817068260830063,0.016222028563314107,0.002573878217769983,0.0024425098002788088,,0.038646382780225946,0.0370016946448159,0.04153113238875272,,-0.018526243041010373,,,-0.06858860556845256,-0.0017820549749801749,,0.003571366708199015,,-0.008550897938379699,0.011652628582234634,0.03508353456597702,,-0.07179113687200168,0.03627249638024034,,,0.006373536251634269,0.008597723527593146,0.005708282469790903,,0.011475975522052435,-0.05886559970631694,,-0.12245749038145683,-0.061958671683146636,,,-0.0028119868310504986,-0.003586941842064732,-0.019690166455062493,0.019751286564385465,,0.001144426374534137,0.007796955901867854,,0.001967951584364264,-0.008297141354915738,0.016623660682374312,0.02563738615064624,0.02540928894090998,-0.003591122327676433,0.0024581345466017156,0.012948300792800866,,-0.01277427623114135,,0.0011364873624431949,0.03446675238759715,0.028371881840807037,0.002308498919334276,0.03700723535941485,0.035085110269752966,0.03574325533561318,0.038695700346834956,0.04135112279344413,0.03196509735816678,0.031598642925727324,0.03240874673306379,-0.022484016201948384,0.0059278029093537184,-0.05327902954708199,-0.014299772978914303,0.013359919749762037,0.02657356622368924,0.02896279041823996,0.0424346436635671,,0.03847159641492022,0.001968570771252894,0.06724271975683446,0.04551306582795912,,,0.030029373356753628,0.042262644310628775,0.04329974185264428,,,,-0.06260692750698132,0.006529470749338006,0.026160998233372607,0.041119883444442624,,0.028118227047175103,-0.2010422456532494,0.05376107543436673,-0.0030727840373040117,0.0034492426814764763,-0.0016293729835183729,-0.058535319175927816,0.010453311876077507,,0.03777511053030635,0.03385827154565223,0.04180063968169946,-0.23333544227091796,,0.005150194681384829,,0.0426952788373269,0.01630707027609194,0.010792442782850308,-0.14140851403564572,0.013243129421796512,0.034902223684493576,,-0.03977609382195937,,,-0.05200647272570517,0.03180710736961929,0.018599830196517182,0.009297894976087856,0.03862873098038726,,0.016815237875266936,0.03876597601255139,0.03571019575668438,,0.04926342286630998,,-0.16929232243370337,0.06074790452405777,-0.01632995710167096,0.017888323854107747,,0.02939229888113891,,,-0.019544523962014507,0.03493477334743362,,,6.079593994385101e-05,0.007957624247517453,0.024527053630772854,-0.024425420153341933,-0.028053026999442697,,0.01193999082308508,0.033004670213649126,0.03935521910397709,0.0019635126172390448,0.006683096552159123,-0.012922596145629267,,0.027863116963375137,0.035396245932823776,,0.0013800112406475804,0.010529327521686043,,,-0.0007199550918609702,0.013770198625086912,,0.038764468639855616,0.03803137850131713,0.03933079318711426,0.033864817940829704,0.03557584430322666,0.0029257892925914795,0.015121279314529662,0.037041028559799655,-0.08311114708843886,,0.003778562659930795,,,0.017837456848960185,0.006823093354548727,0.002607948856944828,,,,0.026519205292935406,,0.0037690991383452087,0.03219370519387855,,0.03280053401651937,-0.00495910981225997,-0.03853497650910141,0.0182288393050364,-0.00016050392705855806,0.008750452976741879,0.01743834969382035,0.04381194291618167,0.07149749654954977,0.008857889775773798,0.0030859406816179055,0.04427805316428415,-0.009038664705112878,-0.002015361692868764,0.01971503692138403,0.013276561683617223,0.037164460481416216,0.021181648805051467,0.03848025038875276,,,0.019152574166705325,-0.0005886706458995584,0.042466482931139596,7.944439966373256e-05,0.01737522479008356,0.03222368404529157,,,,0.03887023467851003,0.03976598180952414,0.035187860470493756,0.0004327706089471135,-0.0033541138353318663,-0.015459142156848911,0.0388432224759986,0.0027385037255334885,0.018480619354968815,0.005090535990205236,0.028026453346096276,0.040397777007344815,-0.030280140836352994,0.028631110711808627,0.03467717969018844,-0.013569754101867615,-0.0018595786549016975,-0.021269507015293565,-0.011628423040822062,0.04077876227264206,,-0.020332260710171867,-0.12091583810489688,,0.04024808575374485,0.04042580889186655,0.0071224703611844145,0.08738151635582798,0.04627882892463791,0.04551205168909104,0.02688529861170486,0.05099358853899752,0.04780955886115671,0.05370811736020393,0.0503850658833239,0.03867525298846714,0.02842933367268912,0.026241268821544653,,,,0.04673448893961664,0.007784348061502857,0.01879795559229726,0.027352656616998774
2022-05-02,-0.03881047577311728,0.016102774878945354,-0.007982347985019705,-0.009116293203304402,,0.06715153434649272,,0.0023750132792654645,-0.12323002565323314,-0.11810692436421687,-0.10293783770870818,-0.01223167243591114,,,,,-0.0036652271599321097,,,-0.010435709319082555,,-0.004111966894442797,-0.016828432014162308,-0.014620650334273384,,,,,,,,-0.0035424496812259043,0.11436099094952706,,,,0.03204616841487825,,0.0147299957418064,0.020461886290158736,0.008467393731646993,,0.005259770140837011,-0.03186091406950564,-0.0029319003543171593,-0.008943698607172465,0.0013594993268521204,,-0.03536352366925454,-0.02930980323624938,,,,-0.0028612165768919593,-0.029656503141089852,0.03254356407373963,,,0.013229100377722628,0.044454813525473695,-0.03310685737475555,-0.04595221336588628,,-0.023630663931230728,0.02689511787259256,,,,0.03744385306535731,0.027800160363254892,0.04094079956830912,-0.04762654855111576,0.03116528696398536,,,-0.022722297786532446,0.055852520180973204,-0.03335028609376875,-0.011880255475099029,-0.009372738160361658,-0.004735202299013562,,0.0250502011778396,0.04786663537862622,0.025631467214646684,,-0.022043761627661043,,,-0.08320657031785698,0.022069417134306536,,-0.004379708673310275,,0.03486570495186815,0.03180427074962709,0.0346081306123538,,-0.07792631467548514,0.031209630686505264,,,-0.0025915616741850377,-0.0013656150445294712,-0.004158094767671495,,0.03179325344581942,-0.07217929108903404,,-0.14080972147487586,-0.008321652526754679,,,-0.015132704134815005,-0.014876561429451115,-0.023822761099090376,0.002393440751623677,,-0.008293411504134577,-0.0077204496915265295,,-0.008784612044381437,0.01354762823643373,0.02713677242612827,0.03471365910966954,0.029932795293225126,0.010419407622034686,0.015251550007213266,0.021052543773074774,,0.020463109559463614,,-0.009729477411934794,0.019001043498809128,0.030003414716005847,-0.009077127830871497,0.040856716095001466,0.028568384449968925,0.02882257190588953,0.03737225907475458,0.045210238912932854,0.03325745258438762,0.026781457151517744,0.037894092679864086,-0.005022784407886586,0.016785558798343887,-0.027380007927513772,0.0043137229458304685,0.019476283679416978,0.028053801488094228,0.03032521218446656,0.045718177564616394,0.02364458727086477,0.04313440379754492,-0.005475572724924544,0.10522648065966791,0.04023347161846216,,,0.03743648898375981,0.035807218387978984,0.053581892130765564,,0.02972358563581823,,-0.06377194563531305,-0.0028702489870354696,0.03391517399974471,0.039153006101708326,,0.04216139206200834,-0.2018187568076673,0.08655612766995731,-0.013656474616262492,-0.009174813421768537,-0.01478569074128446,-0.08694205131404784,0.018907552573706313,,0.03546708485071185,0.035884254417430386,0.034513991862393005,-0.2511406712090262,,-0.006675274375322203,,0.03954446907278363,0.06756305721348856,0.02369457843165691,-0.08143204438581383,-0.003236296036776034,0.03130658084752646,,-0.0237179731435721,,,0.010117990954620053,0.037388943098175344,0.02646011799970734,0.028900927704572133,0.03427694280016794,,0.03481692747540701,0.04132718576059025,0.03446841581957084,,0.04933753432155446,,-0.18096433370777115,0.04562028690658514,-0.01890827319776583,0.009846394199548728,,0.028151907193181013,,,-0.03362092079874471,0.02503926112016168,,,-0.009862329378745559,-0.0015115460891158615,,-0.01145282818280813,0.01197578791903376,,0.020256760701035728,0.053521240454299186,0.05975653388964223,-0.008320212493085302,-0.002046490419555436,-0.017135366921174296,,0.04184821404333279,0.023567851579168908,,-0.008788638643738637,0.01939674770158386,,,-0.009049710741432397,0.0020222570318018337,,0.036822042391193,0.038646334033464964,0.04289361127223499,0.03181667484906914,0.029116319602357797,-0.006659111657695707,0.010413534847663792,0.03115678199538054,-0.02056821895473204,,-0.008944091530920831,,,0.014114224112629642,-0.0009624928350120825,-0.019972709551044004,,,,0.023367594970165134,,-0.008306791439478411,0.022875021495761275,,0.02771460920128171,0.009841903819450146,-0.016130607404825532,0.027716450670289574,-0.009951568740201972,-0.00756730854469503,0.020831887921197594,0.028847012171828668,0.11127780223263413,-0.0005747747984349226,-0.005205939037625891,0.03913545065700744,0.016153384417765974,-0.011257079320565253,0.0036130599939696332,0.002650455713921153,0.04796978394663881,0.025200712154065184,0.028129220402815482,,,0.012583915192681181,-0.012355540723055381,0.03991778705777856,-0.010706096236057226,0.024472236401886966,0.030204024697895918,,,,0.03679274203756133,0.043072829652789225,0.028779717834429095,0.01762196399547183,-0.012820028387999179,-0.020297706962674907,0.024600013361024832,-0.001510700183161435,0.015860990441155826,-0.006082546289922314,0.03034683616262825,0.0337768099719495,-0.027331914958104848,0.033314661225563126,0.03430290875305018,-0.01676945199335059,-0.01963766491893629,-0.0033208967528667783,-0.02460645713472058,0.03315702798662292,,0.006418587107303328,-0.09987045982963952,,0.019494142690508337,0.030823608876521635,-0.010352816984143823,0.12419521338339853,0.041577007055293165,0.043909126463968044,0.015029270732816645,0.058100056703058844,0.03051897026318258,0.04593740681659631,0.03360281251598643,0.03590324666497614,0.03208387450044968,0.10995227798121432,,,,0.10656600857004467,-0.013778400248185704,0.05996393122208986,0.011421229129591731
2022-06-01,-0.044965084786783925,0.013675303924250771,-0.007982751399734443,-0.008791860851033992,,0.05365448500492798,,0.0020117250449088655,-0.13755077424877893,-0.13867533515310654,-0.114258297101914,-0.033341743452236144,,,,,0.003180975754942845,,,-0.012123582682792781,,-0.009498059715142716,-0.014212338775685694,-0.01510837545963281,,,,,,,,-0.01046771487326978,0.10100908887832392,,,,0.033188766196232955,,0.01930051794501619,0.032681372352917064,0.03247496850489251,,-0.005899713436643637,-0.03604933008365246,-0.0017423811272533948,-0.01199318463690146,0.005907206773212651,,-0.02548923152630001,-0.02393764422543016,,,,-0.0019369954604807325,-0.03315088500624311,0.02865576558062285,,,0.022408533052267893,0.045709794069388694,-0.037460179993865673,-0.0394605285695248,,-0.013480077640588485,0.02683542180425564,,,,0.008494911194651199,0.022196648330297344,0.05100315364498742,-0.05009355004921937,0.03595476061999394,,,-0.021137771709419537,0.049531793101220155,-0.045718232172401854,-0.017651687997965862,-0.011470440449631978,0.0007141971337809853,,0.027030460559290745,0.03469087720900852,0.03119416674068292,,-0.02145508359379193,,,-0.09009960794658008,0.0027883265443387727,,0.0028367933122805822,,0.039568851077498704,0.02872331822403563,0.029685084049515614,0.07030241753829537,-0.09286060608040718,0.042373148140057944,,,-0.00131128731744566,5.946756309941885e-05,0.0005907604715059586,,0.029987807213641825,-0.055472342526340035,,-0.14373819229109075,-0.009480289563539286,,,-0.015929181037277886,-0.013529770878988163,-0.029667104538303075,-0.0005998535794589303,,-0.010271319826690594,-0.011769115614920597,,-0.005642154461385046,-0.008958826792289865,0.0186373308680111,0.025369913467183047,0.022210120440291494,-0.004326345189569015,0.006957797292378815,0.016679688579425634,,,,-0.006048463557660534,-0.02940442728492384,0.024991568717261676,-0.00834445612086455,0.032285991377224446,0.03074030297272197,0.031633456656580766,0.034187580990977975,0.03646806905402894,0.028507040818168603,0.027478085678437177,0.02796851185860337,-0.012613322105264618,0.012034038725409792,-0.03837070851042544,-0.011109512108742083,0.012291058515504057,0.02480785991315289,0.025523265400468,0.03709905570212177,,0.03225161164513749,-0.007533730429397928,0.12419168406958288,0.02886861986921977,,,0.04812387851867661,0.03463548492944053,0.037603998502233525,,0.035590273060710324,,-0.03626457695586492,-0.0010786063404783928,0.010394109804926433,0.013354668868743296,,0.01967983667557057,-0.22060995626155683,0.07131064626204879,-0.00832763693568925,-0.010302675053195001,-0.012351224165685076,-0.09480169515705163,0.008555485745658014,,0.03166094730974841,0.026779423764906284,0.03846757223778952,-0.19414083979522104,,-0.008911874359642354,,0.03692756931754482,0.1054047643611426,-0.046608883972151335,-0.05548301385498052,-0.0008628437649683193,,,-0.047286349615390154,,,0.012560401055133447,0.030435572333567695,0.0191386780121678,0.011988252234196443,0.023402051238913143,,0.018806648466484027,0.04380200935227444,0.030981160457482938,,0.04681016754130582,,-0.17259621481422993,0.053767711341002354,-0.025238054220461086,0.008922577373151958,,0.02654009098127382,-0.005833169719890749,,-0.02536643673446404,0.0284614542950402,,,-0.005297064568295435,0.003350340527644088,,-0.020479694097652865,0.0010667060025525538,,0.014796903918188267,0.03783479695407581,0.045559865944019666,-0.008483423761724007,-0.001972585702223333,-0.021714097154715683,,0.033567453674635137,0.03316399369802409,0.032033721751583026,-0.007936600823953855,0.008747827629108439,,,-0.009504554755570545,-0.005397205821641473,,0.033546330161553596,0.04243790101943478,0.034344066217636825,0.029636898633884096,0.031987189300346885,-0.0013866484991838489,0.013356554345363309,0.02645014284345214,-0.015240159382207364,,-0.012916668322314287,,,0.013502217387664408,-0.008399237403854308,-0.02113788157915498,,,,0.020997296645704343,,-0.008803867548236506,0.030463583205856282,,0.03297727739418713,0.0001931206799462475,-0.028385715048555568,0.019966440766693242,-0.011614555506458693,-0.010985772214845488,0.010858351058003219,0.03614226413654309,0.1294884850313838,-0.00019405799892245712,-0.0061197152995199015,0.027828929659702715,0.007057067260027539,-0.011148395520974536,-0.0014342563710150545,-0.00486131649900911,0.034802650575161145,0.027699423741418688,0.029871566461292555,,,0.011664044344382273,-0.010498684827161552,0.037747571177678005,-0.007256429518803029,0.01842082983746903,0.03106971639740257,,,,0.033549962974578414,0.03454315613325074,0.03184676163498811,0.00435584570638089,-0.018908457167936613,-0.013831488185810602,0.04281805710586164,-0.006487707141218809,0.012775400825060094,-0.008672318108160174,0.02542144781421316,0.03721582071639849,-0.019690172188070877,0.022988122040891176,0.030513209516981894,-0.02284071919196155,-0.01544984943504899,-0.015509054770944908,-0.01646100364693082,0.03779204260847882,,0.005205097232020446,-0.102108855500305,,-0.022980592682220195,0.038551180260570604,-0.013924830877087166,0.14293623057852067,0.032808194081099674,0.04153922327220238,0.016765802695240337,0.046061712926244364,0.039504956210481106,0.04617920486929067,0.05310175612114048,0.04201546136305096,0.023935421933178987,0.11176875397048178,,,,0.13367361426785387,-0.029759067913869838,0.04266811904954516,-0.000872665217450607
2022-07-01,-0.03738001952411491,0.009684283011507791,-0.010428626238110266,-0.002069493419040835,,0.04683684222027884,,0.005161273981053403,-0.17721204289655762,-0.17274032262897757,-0.1429727678444139,-0.048420134907334815,,,,,0.0038547207867564983,,,-0.006423132203684296,0.020075596237628404,-0.020620969255821877,-0.006961616442806665,-0.008443646263046594,,,,0.04022534988285253,,,,-0.005671074515888616,0.12553530270190255,,,,0.03409491045031463,,0.02095396634390594,0.042408816566394114,0.045220493986095955,,-0.026782205552793193,-0.03250523327179958,-0.005136376701559818,-0.018712782301721142,0.004957059510023772,,-0.02479131342304602,-0.026293170451666202,,,,-0.005547831574205228,-0.03216492201455887,0.023003864393788914,,,0.01792641290189334,0.028837286946867775,-0.04455068883057278,-0.036665123681908704,,-0.015390780280341042,0.018848373953946528,,,,0.019842208086289084,0.023565184524250507,0.03548797401161323,-0.04305606398737384,-0.0016421961357495924,,,-0.01390256278704172,0.054000210212028096,-0.06750695332000872,-0.02448197374791383,-0.0054838496416636075,0.012849869863722425,,0.02780516604277044,0.031018626855136677,0.03329132013508232,,-0.018090693810177052,,,-0.07583664729129692,0.002962389822719808,,0.005765369936064885,,0.008933859160132219,0.028285283793711365,0.026979803950420805,0.07069708116233883,-0.08014802475609092,0.047234682138271686,,,0.005899098378498723,0.007123327517214782,0.012008328311735634,,0.028435455971186224,-0.060773506093863824,,-0.15834326069950777,-0.008300800244405127,,,-0.009273986047386983,-0.001199452765230074,-0.025370593600091237,-0.006100420850827569,,-0.006440404854342388,-0.02189287797997328,,0.006527501071447759,-0.015561779660768944,0.021491970178529458,0.027919310230072582,0.020667255130849636,0.0034681066825080833,0.0035222012946243483,0.010018543664347688,,,,0.00802066157552801,-0.018997311333856702,0.020997095104085543,-0.002281281440572006,0.023032981504626432,0.031054079767483034,0.03126418776170111,0.028036901101760197,0.024268238319392475,0.023446665631574888,0.026524840404467714,0.019180509285582275,-0.01562239463944457,0.006940860786268207,-0.03899128202673753,-0.01312964115737753,0.011940445446668087,0.0243054297836843,0.020762727360953703,0.027028947031218283,,0.028410123236688237,-0.008992896103034415,0.11870906514479788,0.012739176555040836,,,0.03972842996293501,0.03591833705680011,0.0272820916996513,,0.03858841673694226,,-0.04087982843188073,0.005802550788834744,-0.0026031769576974157,-0.01022128983364786,,0.004328314471005232,-0.1812169215496802,0.05315635138016461,0.008450417355295534,-0.011222869778465858,-0.003725056823369642,-0.08810854018853569,0.011750965167767307,,0.02564266800026272,0.015349770249931333,0.03735664321401985,-0.2376376996093216,,0.0029688308312880722,,0.028723520891984527,0.07127238706996343,-0.01373368851606382,-0.06907950576042352,0.000922104177248664,,,-0.03419018762824901,,,0.004407094872551078,0.018233930602058912,0.006727284582712496,0.0006833945442387347,0.01923038337682912,,0.01157569945452379,0.038111347758650035,0.028328408357621057,,0.045232601379136914,,-0.1753354713982381,0.055823345163375136,-0.021016672454739198,0.004829147897132457,,0.0341806357023796,0.002844018233528686,,-0.02411915388700387,0.03257294290423082,,,0.011261025778011791,0.014293058209462542,,-0.03473406726732371,-0.012670426472126255,,0.010509082562608347,0.028447314042178946,0.032915946954919804,-0.002064929123643016,-0.006341649491725108,-0.019819396186048256,,0.00837276402636005,0.040708201121465636,0.03172675531792737,0.001040196709525806,0.01132371731848214,,,0.0004697999008515638,-0.015251499112398178,,0.028225067263794413,0.043539230754909765,0.023270313536690748,0.02322484518531986,0.03151219964275423,0.011382630686597187,0.027928296489474636,0.0228971271272965,-0.007433759729066114,,-0.004057579616960376,,,0.02073936620685535,-0.013346903987785982,-0.027659799267811386,,,,0.01626954729139217,,-0.006604174440082244,0.04531349336857529,,0.03079139835147857,0.0010368256568248422,-0.025371757470171338,0.01874406216151641,-0.00802305377960301,-0.022451796278222295,0.0031128885121704977,0.04984678023408174,0.123791802617963,-0.004539592006600998,-0.008418135046336326,0.010042354537642321,0.006005516689188652,-0.0012264003097379546,-0.005555743407561315,-0.014305759808884067,0.030966587357646604,0.03374428332966401,0.03070348984719118,,,0.005681681179345385,-0.0016146321757447971,0.039325300513820875,,0.01621813852422551,0.03168793925700093,,,,0.02855573415213348,0.02305156476135668,0.03152947072428507,-0.0007646398275450453,-0.04215064655034605,-0.012481017462494566,0.050243336038085076,-0.009191117426997292,0.009089840586464525,0.001874925934343817,0.020714191312435456,0.035803573027382116,-0.02695562973010013,0.013018384760433642,0.02413854977944092,-0.019110544452494067,-0.020283165945753134,-0.018609954683907175,-0.014364110013481101,0.037806186931178695,,-0.00459539569556625,-0.1055980117600829,,-0.013416048515810443,0.0366901605151635,-0.03826601140094386,0.13879917673959516,0.012776592851751294,0.03234214680846442,0.009992359529472805,0.04313191514367641,0.053073747840636946,0.04871246268681643,0.06173285573958042,0.04711912055046841,0.015404965695069864,0.08829004508658886,,,,0.12190667067356316,-0.030739366401332256,0.03438512378959502,-0.023128549797024844
2022-08-01,-0.03287561451505946,0.005675969904984398,-0.007605914551670244,0.0007295420438401972,,0.04992586640795044,,0.0034379067491392447,-0.1989842478454973,-0.19467929745972354,-0.17173601098123123,-0.02649015424194336,,,,,0.0035346739344052263,,,-0.0028772710025843336,0.01510611468117304,-0.02086623140157526,-0.002709194998929129,-0.006178315295799851,,,,0.00707814576393855,,,,-0.01638731638135701,0.11083802150826956,,,,0.032954385024136626,,0.01942241837092867,0.0472607726680033,0.03885902004836834,,-0.03573965815035045,-0.03150046025680494,-0.002210537737803395,-0.017873879163894147,0.012797770209804325,,-0.019495531489794413,-0.019813412098134767,,,,-0.003469426687048486,-0.031780568367213526,0.014230061775296642,,,0.014353585946134813,0.02901708428034335,-0.03221761976088241,-0.01790083341985911,,-0.012335222096698125,0.008336382351437457,,,,0.012113559279804008,0.02486512292230635,0.03579800279170377,-0.03995110183729808,-0.011331452027675652,,,-0.028815834477333435,0.04548759103995426,-0.09635152841452287,-0.013882631777331964,-0.003119024235390578,0.014000316643102723,,0.022452529470650018,0.013034104333926768,0.0329427400014874,,-0.006181832581577414,,,-0.061694803827537274,-0.0071204025989864556,,0.005595282872660022,,0.014125309687257838,0.031115093461369266,0.017275286832174417,0.07175274130200072,-0.06724907536987189,0.0515954486945182,,,0.005470052166860356,0.006821677706194096,0.010611908403868059,,0.03246178309377265,-0.05325910405075297,,-0.17864073619846207,0.004270988611762338,0.00041726732469575637,,-0.005138978274461286,0.002351366423137251,-0.026101388862517585,-0.0022958871495273193,,-0.0028935063723527143,-0.020632531149360752,,0.009550120115769441,-0.03753847422960763,0.004918535672987028,0.02518322100158696,0.025237988356866324,-0.0017712337429768698,0.0046114355746063335,0.013962584590335756,,,,0.009588799346236763,0.0047996637354467,0.012093442108988777,0.0005271558754958765,0.008193262541237159,0.03126023312718552,0.03132380744652638,0.021400499814356544,0.009740549889970088,0.015514091916706937,0.026904400961313035,0.00288890132054335,-0.019354191096926276,0.006014052644985269,-0.048051403857287345,-0.03275283816530388,0.005364620027505682,0.02415013859227967,0.013115864230131852,0.00999957838818777,,0.013798854915859022,-0.0077983862079515475,0.12201065257179414,0.018117913717747534,,,0.04496307803732314,0.01625424858714535,0.009059073225667619,,0.03277394087121921,,-0.031681717445478465,0.003885497164000599,0.013334677461101896,0.010206226649431896,,0.020435929751942913,-0.14834754159988062,0.05320493148074531,0.009522008028871006,-0.00855409092074916,0.0011828399315347363,-0.06949105685238957,0.01161859690888882,,0.017216569150648245,-0.0018128153911007212,0.03793121541774312,-0.23473214893441158,,0.006535852404764969,,0.019943038676268794,0.07215962620260515,-0.03549935196217895,-0.07332254502865529,0.002980893464188155,,,-0.005928999390847504,,,0.0020620386296265193,0.0024120881199386672,-0.008463314261665437,-0.015309209086797506,0.02588695199542762,,0.001494240435637565,0.045703564837042916,0.0252159402910235,,0.01806542206651934,,-0.15974947907099885,0.056044147134055644,-0.021994866004988813,0.005126187953191005,,0.030804344519770148,0.006107647434589701,,-0.021854709340665725,0.03577333010143792,,,0.012687218675959868,0.013251819351483538,,-0.059083042117172954,-0.013137839050077371,,0.012820744149422053,0.024561808850814656,0.028442283275922374,0.0005643796175311483,-0.0034216403165596,-0.020976979092069213,,0.008751940654010328,0.04336579584879476,0.02257555219198955,0.004130831147574541,0.011900067874936495,,,0.003917634573570695,-0.019256284366090077,,0.02083154871610574,0.04908992379698577,0.008803813906271279,0.01796131533681207,0.03133954572395934,0.004210172016713462,0.02777084341191818,0.014321599316508239,0.0008169210145022369,,0.00043681896769146597,,,0.0178342715274523,-0.016057210713971436,-0.027592217274537596,,,,0.01084916724535923,,-0.004457637326999397,0.037559469850572215,,0.03728253626627581,-0.004614380554156365,-0.039359834461724245,0.018696207150024718,-0.005295685350889471,-0.020390046795297226,-0.012979679112920892,0.0397708223882505,0.1254223288966855,-0.002258443797478598,-0.006579998141305289,0.017004567891490845,0.008835819985858374,0.0018798214524387436,-0.001616978942469519,-0.01900074458753735,0.01260841638231458,0.024962777665581994,0.02781955496735917,,,0.006433232783215354,0.0023264854351405058,0.01771338970076131,,0.008439526483925488,0.032823271307229666,,,,0.021444541743309054,0.008034627018646523,0.031345336902785355,-0.019012882185881427,-0.04599505991186878,-0.01010510156478629,0.052981086655213255,-0.009018124984075731,0.00520209017690923,0.0061143720833871495,0.012470601020795469,0.03794716526318055,-0.02374104787484087,-0.004259855593548836,0.01544016397850232,-0.020428740869548986,-0.01662210747110946,-0.029287919401688053,-0.00989870789037153,0.0414729055616604,,-0.023329533567624423,-0.12030724506462925,,-0.001505855747716713,0.042738643480142946,-0.039278217017504904,0.1397762362136808,0.01831863350911733,0.020500700246139834,0.011992552073068607,0.025845952392520327,0.043180921976868646,0.02395418177186605,0.06264353372445973,0.040191867263983244,-0.0038185728344822287,0.07532113791274975,,,,0.11932253711257983,-0.0429242746064325,0.025091222030382523,-0.03426809983207506
2022-09-01,-0.007076820649554448,0.003712611905954119,-0.004256649928506486,0.006696595850461179,,0.04835405818186419,,0.0012841800716894038,-0.2236220218369992,-0.19822032835334696,-0.1893310953758633,0.022091783155904068,,,0.03955433793170286,,0.0034732778249392036,,,0.0020221883561605406,0.024208275481288535,-0.025994437907654815,0.003889885339071434,-0.002688699034797859,,,,0.004046875319939089,,,,-0.0129652375034703,0.12715589277695122,,,,0.031600359057533944,,0.018685848810788,0.04612094004162853,0.06065430637101293,,-0.04606127392833527,-0.010770622466158461,-0.004698396304004662,-0.018963307151442187,0.02242642479691986,,-0.02299460875114836,-0.013469552505681073,,,,-0.006271663945147823,-0.011985810909878065,0.008503171645767613,,,0.011171981794053846,0.027050683023258366,-0.046758752575954576,0.00573826721717282,,-0.011602686099990217,0.003321033636003472,,,,0.008856856170465865,0.02760892647692314,0.03740925991957821,-0.051597988708712704,-0.016500586583243663,,,-0.0071337216085933085,0.04631150804100996,-0.10886976316169265,-0.019880134388878857,0.0005812021559338236,0.013852246187513757,,0.02145100997798439,0.0032723762981183104,0.03628853878867498,,0.002096594011356633,,,-0.0017500706827745492,-0.014423224936373578,,0.005395581399892194,,0.0003704970482083573,0.0412431555233663,0.011721707042022075,0.0711021520635919,-0.0065920184070247835,0.054202337593750115,,,0.005638986687662087,0.006562762866736223,0.014917486009073716,,0.04146751130069246,-0.04416122915164346,,-0.19682322467065935,0.017240880352146912,-0.004297898123649052,,0.0027430977841788086,0.012001085917502093,-0.007507282382556719,-0.009740990427703869,,-0.0003858673800970194,-0.026759476775889725,,0.0195716883965935,-0.0371288986385153,-0.003936400681250816,0.027899002594046176,0.028475380608057547,-0.004542716348980804,0.012447603608626293,0.02293361788324956,,,,0.019348232810519693,-0.002609361206463392,0.00864576295770539,0.005691749079887728,0.00012619851225719673,0.030216842228242453,0.030708514265933698,0.016109335660511766,0.001492275312665493,0.00997757937585509,0.026157308806659067,-0.0057081157260083495,-0.011685270691364684,0.014247240671943207,-0.03944415164419891,-0.036575897429664696,0.0009404727203789912,0.02035401760685894,0.009015196236318166,0.00122902999664749,,0.0026145855193004564,-0.005252772842407602,0.13289580216906638,0.010606660898020166,,,0.029322432709997272,0.012603682085858107,-0.0013084764519943528,,0.036500691629452076,,-0.05169404563458477,0.0030512396519705156,0.023063217715764705,0.00826727415894836,,0.0331414123864346,-0.04064025624946824,0.05049540172035062,0.020808332306597867,-0.009573002808841281,0.009161960959433472,-0.019656447848284565,0.011949075967081304,,0.011267758341478909,-0.01203353577828605,0.038432986556264113,-0.2431729567738304,,0.01452717550885408,,0.014726225264742673,0.07693488384052903,-0.017204947407591268,-0.06653058227276477,0.005799220221472117,,,0.00533615772210848,,,0.01955361886223035,-0.006702275479024939,-0.018377859711170046,-0.023032836633205035,0.015712349129103215,,-0.010973444035022583,0.0487536086644772,0.021921541439629526,,0.014009891493927644,,-0.021921950503743095,0.06076715908076433,0.003467051281814226,0.004980829097359075,,0.03544247786952061,0.01508664856222127,,-0.03264310767901512,0.04221428343428666,,0.0019822473582098606,0.022113925200164978,0.018792894691096355,,-0.05813419650736878,-0.0013709451148466328,,0.022355546222122363,0.008697018838782131,0.011804887655759355,0.006306573402712262,-0.006686659891232778,0.003462396592684604,,0.007873961667687092,0.049660200365924785,0.011798292049535546,0.010267821890693855,0.011899768727338387,,,0.011400883622286738,-0.023880724927631547,,0.016090298403345145,0.05297510443514031,-0.0002298127429528386,0.01378486100231798,0.03023260482165855,0.012854083875910527,0.03708774129347467,0.007595254987294587,0.027964679105939482,,0.007359716184406483,,,0.02052032399830886,-0.018818492483110762,-0.02691432638171994,,,,0.005894243646980347,0.011458478754701561,-0.0026982909918206056,0.047845545542680584,,0.02627222709500035,-0.0025980300972006016,-0.037627641803845514,0.021703316869150644,-0.0023872717569983033,-0.027062438280513232,-0.02406378266820229,0.04765510551840881,0.13781482723112157,-0.005772561550144847,-0.002263102970156402,0.014497045089648086,0.017895804902414984,0.00994252908282114,-0.009511113938559435,-0.023468720962628586,0.003340411993874095,0.031140871321672012,0.024498420099002972,,,0.0036620588180196994,0.010483693088355003,0.012518307394824115,,0.004077269347739213,0.029719403305059934,,,,0.015829181161821186,-0.00064265217502442,0.03057004870786612,-0.023789163197157126,-0.05418501565104704,-0.009964631514263083,0.056031311777631786,-0.017063037412925187,0.0037537259486648458,0.013064746862510147,0.008308419791754715,0.03737973342134197,-0.023518824442783408,-0.014194005648988236,0.010014320415446256,0.0027870727839803583,-0.019311115771728237,-0.031357908984498056,-0.01043400036939821,0.04227963765300423,,-0.017743543020420104,-0.08213287227558844,,-0.016427217040212178,0.03288460335339862,-0.0507183039370942,0.15387029977523084,0.014883089245332149,0.014535532732112985,0.008667357832441528,0.017167789781057846,0.049848969947997486,0.019547494709327394,0.06582536209547171,0.043958552790314645,-0.014631401371926814,0.062027298865886434,,,,0.1364195939018847,-0.047887964019152525,0.01808057647582046,-0.04532960676570691
2022-10-03,-0.023642202788098914,0.0044017667466548956,-0.011762142968528825,0.005987300663955175,,0.0799181760281981,,0.004837487256447977,-0.21752570630095402,-0.18888505875868242,-0.18474167895133747,-0.012136124297045138,,,0.04114742452054178,,0.0034648200255987414,,,0.00036501406244042857,0.022581096428664252,-0.025432346368223332,0.003819994486290375,-0.0027512041577427843,,,,-0.0021697080083006126,,,,-0.013139609493539196,0.10988090737774829,,,,0.03277548073612675,0.03832458475255089,0.02078179064723411,0.043555052956217775,0.0611712238612745,,-0.0462973216985332,-0.025092635253855716,-0.009087114922195988,-0.03538860807809642,0.01239026400658038,,-0.024649689408446415,-0.022619418947614166,,,,-0.010045759429158599,-0.030279316523052442,0.014370647058891,,,0.014563471395256962,0.02277861822345446,-0.056939760052370274,-0.014849838017674383,,-0.010227173631691235,-0.0026751238343030847,,,,-0.008322570017293921,0.02380565192529267,0.015397462699872348,-0.044540417016092175,-0.008495186559883445,,,-0.015093163591418456,0.03140609978049663,-0.09503259164159618,-0.027294403808402586,3.072629025381577e-05,0.014380275365805554,,0.02185660205081559,0.012997146765249237,0.036679270785379366,,,,,-0.039969224370798744,-0.007693090065186601,,0.005452111729209351,,-0.023555628335685416,0.025394001061509387,0.016276447357988427,0.05937030608788489,-0.04311741104927008,0.05517589607692824,,,0.011707396303065734,0.013126757448884516,0.01847494012593127,,0.022775134193246383,-0.05366518019451951,,-0.18487166523447193,0.042450070349777304,-0.015155407756811214,,0.004317656406345241,0.009997975226311667,-0.02079043647114824,-0.01600557964085288,,0.00015740947283934416,-0.025077526404185712,,0.017170990808099,-0.05844894594863307,-0.003755327367768704,0.035007092902181784,0.031136229808227608,0.005931185216181327,0.018444697057851952,0.01732896666546496,,,,0.016813617384947473,-0.028659389308013893,0.014050690522489999,0.005004025021280924,0.010086836907632787,0.031321278889591984,0.03167934674846933,0.021459957006711942,-0.002412084859692751,0.01539329386317419,0.027348593085304317,0.00386827467216218,-0.004287371740956305,0.008719272577938095,-0.030194895641217266,-0.043824131508062934,0.005886613250058072,0.023572239029910468,0.014529407818646117,-0.0009744569149036781,,0.010716525752419222,-0.01134335463915067,0.1320800356559104,0.001581027268595174,,,0.024298081774303707,0.019404700623704876,0.0019869867460955855,,0.03748259257628755,,-0.0460562832844613,0.009509682990336412,0.02106627299006927,-0.0048391646786006695,,0.02084811698979664,-0.08484964817259945,0.03344422016712755,0.01830789138568677,-0.00818084272225633,0.009621218481197681,-0.05675501781856611,0.0172802593856464,,0.01700968565803298,0.00036804984497502616,0.03191186538463633,-0.23604760330452965,,0.015738068744766562,,0.020077882988069472,0.07998338901356264,0.0016039272180351746,-0.029772466518806422,0.013249875081777657,,,0.0016575984693383205,,,0.04411103287542638,0.00331128940053019,-0.006801630238389409,-0.020697886186408714,0.00936179713435309,,-0.005735677643888899,0.042308753153031654,0.026209122008277075,,0.011649150254413742,,-0.016267229123138587,0.05806281795283384,-0.014327152204904471,0.0014929698356322232,,0.038847456328293326,0.015023916566053612,,-0.03666752851869853,0.049148675340836716,,0.0026071662894744723,0.021295034386417302,0.022254521107873657,,-0.06799998000772337,-0.01508651896226708,,0.027610998979738392,0.018763307845431315,0.020369390295464446,0.005752504471136072,-0.010412911441389885,-0.013160855010516094,,0.004965056110502761,0.04787218229537269,0.014049499342327703,0.009713933363304597,0.01749080054920528,,,0.010480011340703756,-0.02414124299199036,,0.021370394474547777,0.049672634354348044,0.00958879042733346,0.018751245281816233,0.03133177551780755,0.012022806556227781,0.03504057008119964,0.011567358063928206,0.055872772876218224,,0.010421517998451552,,,0.02102673230126325,-0.018279760206256237,-0.02592203469788751,,,,0.008970809272214025,0.011264477312584321,-0.0029219290939959965,0.04043518401042785,,0.020875480294184692,-0.0077925992586848425,-0.028911861945565828,0.02625709905951624,-0.0015421785322306022,-0.02472357415274918,0.005012408221966636,0.05152222990856592,0.15227390472159388,-0.007998955515256465,-0.00832789225151297,0.0062796246667655015,-0.002226310574257745,0.008846663866530524,-0.01639377079562223,-0.023777903920961522,0.012918021996919497,0.026534070726896553,0.02742301347989545,,,0.01594829051952905,0.010739088871488488,0.01819223625746437,,0.00808872178886188,0.03062766425476694,,,,0.020908438196105782,0.008791083383530915,0.03164147441734859,-0.015406287514226884,-0.05989846861389091,-0.008760839758942726,0.061701959446182855,-0.020208261871439245,0.004358065886585151,0.015204189551731086,0.013875082016638018,0.036180722728331394,-0.01668661665520797,-0.016087421699060946,0.015529832459070475,-0.013992858075288115,-0.020690980599617808,-0.02475089586966308,-0.016937499031688865,0.040235676905088745,,0.006064157069943258,-0.08227190233665818,,-0.009452437027361217,0.025722053535561357,-0.057399056917520244,0.16807869082451665,0.004666721409439146,0.020436492169490405,0.00566273790604051,0.027421383057233666,0.05373088069862608,0.017675061619616628,0.07118881093535599,0.03804647371930655,0.01485025144358832,0.06201757878887421,,,,0.15676120220426054,-0.03868809566884164,0.023263536063651693,-0.04561239260780579
2022-11-01,-0.02752354305858947,-0.0050295828949542196,-0.023024485703656103,-0.0014295069260512696,,0.08330714798566694,,-0.0061379049693342765,-0.2357387401126344,-0.2118818457556814,-0.21002389006841105,-0.02741874168927373,,,0.027388668679602036,,0.0038166510280606444,,,-0.006047387216095661,0.02216125449345218,-0.035759636865785344,-0.0038598773981098496,-0.01076840788152534,,,,0.006370154500578175,,,,-0.016624003709040096,0.1015683366171109,,,,0.026299290835669776,0.03422018852376296,0.01436517024013775,0.04027121078714067,0.04527814032896182,,-0.05855962006469451,-0.029871896709590087,-0.02348522949163075,-0.034065559566178724,0.010307547460036173,,-0.030382107559984488,-0.02151343112128884,,,,-0.02457494984659358,-0.036825136622855914,0.0060064556686724195,,,0.012949198432555827,0.015436829993146252,-0.07251783714666538,-0.004289322696934072,,-0.03849811843457304,-0.0008787571295816242,,,,-0.012485646820824732,0.009418032716967164,0.011154687598957373,-0.05377096489152364,0.03290889051426204,,,-0.01701885221708546,0.032233262286405315,-0.1046227484528218,-0.04288232909241366,-0.008118833936789778,0.014114351541285538,,0.01972618788438296,0.004307367852624631,0.03184977238165085,,,,,-0.040386260194336804,,,0.006438675960274354,,-0.017541246261331953,0.028543178458857375,0.00973412940012272,0.07334703224826324,,0.049273385251467246,,,-0.0027842683538650864,-0.000976948425506534,0.008400713268632612,,0.028869847390678664,-0.05232464702120243,,,0.049617308499941934,-0.021473842938330438,,-0.004884893958355933,0.00388683112167421,-0.025575908267270953,-0.02804466903163635,,-0.00894082891283365,-0.03845374441942751,,0.013142942971044373,-0.055831846420525466,-0.009402931633073255,0.0345509413167873,0.031243006140091685,0.008578422257415591,0.01449822069708106,0.022189564618680543,,,,0.012405812171519988,-0.020416647665388647,0.006522140785792948,-0.0024151020029399657,0.0004662456224652268,0.024615445129504507,0.02359270410683931,0.013886384398396914,0.00012050068060192297,0.008847674852466571,0.02017173358407899,-0.004030517519116773,-0.012084749165990541,0.005921380973480307,-0.034928335276996,-0.036247274855952936,-0.0018194393185665216,0.014554777066274822,0.007097315171780869,0.0034694749847134746,,-0.0013685314459171522,-0.022183591099701336,0.14303851398404652,0.0012774473765059659,,,0.023004009822107364,0.007967169370957155,-0.009250725364208318,,0.0356047828984365,,-0.07773033934359848,-0.005004183514952264,0.00820437977042525,-0.020964833851902804,,0.015393538458900366,-0.0884965756346309,0.030909605388007643,0.015147023161118102,-0.018773537194361516,0.0002941961361686786,-0.05781880604006049,0.009938054833114758,,0.008736951311943792,-0.010868302997262843,0.03334737735024377,-0.2374182369049001,,0.00825385745038973,,0.01139934436342742,0.0700517141717338,0.055528448736889745,-0.02595677674290591,0.0016737957588181464,,,-0.008455420377534868,,,0.05740374194320411,-0.007067977351434166,-0.00174762685517432,-0.03690260803362258,0.017500769757956287,,-0.014945257115116647,0.03441194731176982,0.01648338866965473,,0.00492403859522094,,-0.025975913475034564,0.048536146133121454,-0.016492731739709082,-0.010747893122254257,,0.03359125148807489,0.007983785677867455,,-0.04901824225008318,0.05367821335845127,,0.0031383012851574368,0.017433124163866442,0.012254052483735628,,-0.05749721554188771,-0.024559774833605913,,0.021011176736691325,0.016712407872025197,-0.0017141961474241472,-0.0006177688972963662,-0.0242340722185715,-0.0158453671629631,,0.0017276141976532375,0.04043151254854562,0.007569883891131642,0.002515376686756715,0.010302170156394895,,,0.004430251300281094,-0.03327084024956309,,0.015180826858568005,0.03815578299579721,0.0009719528394234388,0.01029373466474527,0.024555091683803525,0.010259871660433514,0.030814924357909702,0.003592376513858939,0.0647228143820673,,0.00025599140529698,,,0.015510127931243503,-0.028181320476388043,-0.037919856284933336,,,,-0.0008366033038203948,0.011748215943768861,-0.011377561088311852,0.047408832052837975,,0.01984710242416309,-0.005540485393182168,-0.03757815865265778,0.015574584880603894,-0.011037130121363743,-0.039446493246617455,0.0012593419476179524,0.04573148184400335,0.13866077728885096,-0.010971211369412483,-0.011132066238190822,0.008350320110856188,-0.0003911011571547338,0.0028615750133120575,-0.02883755242987908,-0.03233758934004515,0.004435071227503372,0.021295552043655283,0.02355369527962156,,,0.011082781135687995,0.0016788058870565567,0.0043159192116594206,,-0.0003609626274250941,0.032300664043806826,-0.0022128579266510193,,,0.012900801363747006,-0.00027619312085380417,0.023827205889840577,-0.0238946218831404,-0.07077539467896163,-0.026452230302828426,0.06941387354615063,-0.029409016933065413,-0.00423537588474232,0.007196693738894785,0.00600611066303729,0.03181033666588672,-0.0247953429612027,-0.01274964320378371,0.008021428730171296,-0.016299188130516482,-0.02511788338874702,-0.03213842538130278,-0.026735060268913566,0.03565217354502114,,0.0021091710491793416,-0.05891103018342349,,-0.017252596962656748,0.024229653598825705,-0.06707512572565011,0.15941863287430688,0.00015584496259141655,0.010346235528207928,0.014990773413732344,0.017109148463141124,0.047847078977174266,0.013391996335804507,0.07913732508535896,0.03290551417201753,-0.0036470588568524127,0.07595947716850268,,,,0.13423573565557,-0.058730639635013286,0.00510138342827137,-0.05670383407381984
2022-12-01,-0.038823149191515874,-0.0078859673036432,-0.025780698839445112,0.01330356967155511,,0.07370594504113034,,0.009894823206402325,-0.2388441810199197,-0.2120028960552342,-0.22060481932192422,-0.028031079709707373,,,0.027912838808153494,,0.0040941346916809245,,,0.009617220071586014,0.03933625909356734,-0.03337982548107346,0.010896999977998208,0.0038216149209529,,,,-0.007880935676306154,,,,-0.008520673452967545,0.09357969332141164,,,,0.026745371410499392,0.03524220953137582,0.016596377068304774,0.040931580882468455,0.06502586580907299,,-0.061938746050613,-0.037475723405949436,-0.02323131841926707,-0.013948708137456946,0.03016532045327958,,-0.021029239934818877,-0.00516928941122021,,,,-0.024629833949788228,-0.043662568763861695,0.0017451202254546376,,,0.0006449402297671238,0.007627938416875042,-0.06973870922344422,-0.0188606300985326,,-0.021413435670425758,-0.006398816087701698,,,,-0.023555340095851505,-1.949286601421848e-05,0.03762056810076355,-0.06678546183362438,0.05611652830973879,,,0.007482965753858238,0.04677761222482936,-0.09663237580311891,-0.040648590620246706,0.004150489514484715,0.014131468246712532,,0.023011410943098855,-0.006898600489969447,0.030147064519246782,,,,,-0.06684038021908012,,,0.006443131899873455,,-0.021463642127508127,0.0357028013420988,0.007702996136822009,0.06413134513379981,,0.053063740354436645,,,0.01545352558800972,0.01732660104760105,0.029439746512537696,,0.03604129933201136,-0.023660934516666454,,,0.013759879757633452,-0.02281370051894183,,0.00903281061009032,0.022832362258133933,-0.0321678866046498,-0.03314595553187715,,0.005305935556648268,-0.03529575208489926,,0.0334397343109203,-0.044142314358333504,-0.01357140430883005,0.02883930820678804,0.022540522831290398,-0.00420099646892115,0.00502725087646663,0.012076577571208108,,,,0.032898451798279535,-0.006430390158439849,0.0037567304890653193,0.017722901271834342,-0.007290482511932121,0.027094136771201902,0.026011275789360713,0.010579019526734752,-0.008263777811479413,0.005556149113480166,0.020641365413437557,-0.010991555025076597,-0.01051026925291603,0.005969026562539565,-0.02820934194987441,-0.03518547024809768,-0.003350436618822519,0.012298465913173929,0.004281148300278385,-0.007150851592853373,,-0.011638015499474871,-0.024899918483875367,0.12463593899357552,-0.0009613854506251996,,,0.014450336169525239,-0.017579543913734307,-0.022778287194643875,,0.04051633229988294,,-0.05601564064775576,0.01319685390196509,0.012927741026225561,-0.023746038352672007,,0.02236673320361785,-0.11342877932771246,0.00853268468737194,0.036314803184952664,-0.008081663291673225,0.013820626093794064,-0.07827011878738685,0.009827438849050067,,0.0054245484817721625,-0.019581249556968005,0.036000184933503,-0.23057587786471948,,0.02608079206983414,,0.0065211794321455956,0.057313816325945,0.07677587914835449,-0.052989364064371554,0.010260915568287607,,,0.013656456063873813,,,0.021222585540847216,-0.016023650323349993,-0.025175927721843,-0.047153341224811435,0.007543820312563538,,-0.019684480321500206,0.034641603735318015,0.016290685767978517,,-0.01862271462782176,,-0.02365174084490925,0.0700559109077596,-0.023864674601708304,-0.011889019740729777,,0.03747676760756423,0.026085573883248322,,-0.05080688839199998,0.04304906784728455,,0.0032958398618990973,0.025325797255455477,0.03275123993372846,,-0.08666510582207355,-0.004768872949766446,,0.010905400952623228,-0.01728242734319113,-0.00977439627959116,0.01332501898411538,-0.025513562181382086,-0.021323176664697702,,-0.0008403437199592914,0.03907659079998719,0.00727072290422763,0.01980003273928391,0.010166810750574056,,,0.02232787337693427,-0.02965529825046347,,0.009132210835712438,0.03394336677557812,-0.007671122646528459,0.0073304907037112085,0.02691121144378264,0.026697119084935366,0.045588999134460635,-0.001527466401325319,0.017012017007524326,,0.016999221345449872,,,0.020189664114972493,-0.02174585224416488,-0.03577584309905012,,,,-0.0035157205846626746,0.0116341542309157,0.001618428714578399,0.06065076688220556,,0.011544577660426901,-0.004264630724838708,-0.03373405060884186,0.015630382044958015,0.0034181488832692487,-0.036318989643528546,-0.01695639170759963,0.0487384153535423,0.12827044397571816,-0.02383287073038438,-0.02240841551524321,-0.002194807010078025,0.01793457289305762,0.02072687961387345,-0.03404924810806207,-0.028614128552890732,-0.007035920337078959,0.04332410287036734,0.0358210250337755,,,0.00874145879519246,0.014631039002362997,-0.018413183340247347,,-0.0049565234644157,0.02096332351504049,-0.005112940347822308,,,0.009553678226495723,-0.008910156620824889,0.02626889598898583,-0.03102601888081844,-0.0676990283905429,-0.02016883236192886,0.05563447886608889,-0.035852309220816475,-0.0072485376068721925,0.024650557741813718,0.0032092374999490958,0.033732331935523975,-0.020823348779626348,-0.021082411285695938,0.004652415220564515,-0.022048085006878927,-0.015838317839433597,-0.0324805491822121,-0.02881479922615901,0.038705685298422846,,-0.009456321482008185,-0.04876146600693194,,-0.004095564412355292,0.018378792149866544,-0.06316686069014744,0.14397871354232009,0.00029830008813828035,0.003834439646836947,0.011915976462221856,0.005438524428573943,0.05140957818128055,-0.011414068682426165,0.06665416322552274,0.04805743840170244,-0.012424972227565405,0.06582484437342573,,,,0.10577285165349411,-0.043273232453173285,-0.002879265631568471,-0.06317678372558018
2023-01-03,-0.040947705148148654,0.0027292503163866798,-0.011183410697822551,-0.0005756242138345135,,0.09522694557014212,,0.008055873840787762,-0.19059964990494865,-0.17838865721001423,-0.18350913975237595,-0.04747192379294973,,,0.045129788249236275,,0.004019883290136262,,,-0.0022298836053332547,0.03383962394188412,-0.04535730498739041,-0.0025094051875756912,-0.010092794679337595,,,,0.0020731623494810265,,,,-0.0059156225817991685,0.10095064850305525,,,,0.03526851937914205,0.04332541204799387,0.0362466765631503,0.047691129735741286,0.06531571020196739,,-0.09097110709646782,-0.030553045301358505,-0.005420474052872459,-0.01500190654165666,0.031431519831776715,,-0.02030457749066932,-0.0035556458398448344,,,,-0.006905355097127709,-0.037511765075209626,0.009415350263683737,,,0.023257962915424257,0.018258588888643623,-0.033570974356527256,-0.03428952422123177,,-0.017571654163487042,-0.002025639484211311,,,,-0.03420567793730383,0.02071049191240945,0.07375695332423973,-0.033966190503215934,0.07412739118429247,,,0.02154942184599542,0.03241126731739476,-0.08569753455667543,-0.006258279292084551,-0.009557042614387152,0.014371408910467485,,0.033376870389608404,-0.004619603724733484,0.0371859725438957,,,,,-0.08813609488076081,,,0.005576540445644939,,-0.01896187442699352,0.024773126550136974,0.01210654065548067,0.08120600146803729,,0.06528894694726532,,,0.017697524313562578,0.019243858449779282,0.027404230263825723,,0.024519983081653037,-0.007174154591582735,,,0.012694003720320632,-0.004422439553964553,,-0.005729773548541945,0.009956141265935635,-0.025775402398249235,-0.007145142151505088,,-0.0035904514321853276,-0.04201034880124593,,0.020533921898145846,-0.042785029132978575,-0.0031672824467335985,0.03801893710718634,0.03443517969023168,0.005556301207685822,0.0176014035483133,0.02829452231621754,,,,0.020457796070905494,-0.03032835279876658,0.010165356574571766,0.0003610560976200561,-0.010649539486332573,0.03927436276529289,0.039692758109692354,0.015747716805702267,-0.009242615742306021,0.011467377439681025,0.0324446210744595,-0.009693949785343058,0.004905772223992553,0.021096612178657666,-0.01607162722758802,-0.02173455619372986,0.008128603185714069,0.023294031156085172,0.01103144779126598,-0.006295171426904302,,-0.006343410104408913,-0.010769606714122245,0.1559119349243098,0.020535827696405516,,,0.027952852364683225,-0.007779030802447615,-0.024977045538707315,,0.04110856501991748,,-0.012121281026121521,0.013481162017593444,0.020828496016970073,-0.007318192808065344,,0.02552299264949678,-0.13929596131964955,0.0020117056385157836,0.021272976745640083,-0.016254530670617908,0.001870609191815871,-0.09847044102866181,0.019404944040558526,,0.012083911927943877,-0.02045501208202677,0.049598541503133954,-0.18605939490489695,,0.012764484657328714,,0.009868642918591531,0.14429483458991946,0.05630933609673852,-0.07943039203116167,0.00012878098003459498,,,0.03924991330525818,,,0.00039169761009278845,-0.018443751100454646,-0.033146971186117945,-0.05212133180446592,0.024282930632769623,,-0.017963941874594998,0.05086536489474414,0.026881771153130105,,-0.010718588992097303,,-0.009409711582234357,0.06713538191884966,-0.02210843655027183,0.003618769639622112,,0.025625675332917805,0.01228383828984465,,-0.03208359154996054,0.05165347770793866,,0.002996904928434859,0.02551191765899647,0.030654083609564113,,-0.0695458664431823,0.006856551837668857,,0.028210901817321162,-0.03508917178702062,-0.027753058581629818,1.977893760601522e-05,-0.006827706514927107,-0.018211122517755637,,0.00983614958328257,0.051499408714259405,0.017538347891494024,0.010083259745878063,0.020411762704871043,,,0.008472647786891876,-0.05203511099705583,,0.017085601703628068,0.04747031040005123,-0.010217615139696976,0.01228205240244705,0.04071826215812166,0.019611881177149185,0.0333609317533708,0.006432478707321266,0.016158705091995795,,0.004249558744431996,,,0.010273008172767816,-0.03883593947733252,-0.06038486937549408,,,,0.006089342899198575,0.011313063158380755,-0.0081092096354474,0.04836389408872997,,0.02085472378872356,0.008769899333868311,-0.02171780895831432,0.028965512719046467,-0.005104935107767998,-0.04321643931693075,-0.025237529798975974,0.05360096720108643,0.16107402005692836,-0.006036112408826702,-0.00839346744747695,0.01885463542934239,0.008683037282646145,0.006330179080475251,-0.008491735229119184,-0.052704955199475996,-0.005899474473157099,0.041898196393219685,0.030410350547821537,,,0.023553405829343226,0.0018110998464672676,-0.010041257701370467,,0.005557301164785183,0.03164282918749314,-0.0012810082357336855,-0.02770902369346195,,0.01546197950292496,-0.010102406683260285,0.040836393313586676,-0.023320858947788747,-0.057811139007102816,-0.011046535842228474,0.051518528049305366,-0.02013070883316038,0.0034097674507117333,0.00989010884784111,0.009167789775969281,0.04657549635238776,-0.009610197832434634,-0.02180534255476851,0.010518491860563587,-0.02065550200455686,-0.014292628668354882,-0.01878086853524946,-0.017744553850474413,0.04960292814317741,,0.023290991928509287,-0.03444094149262706,,-0.024549355901584195,0.026744774523725028,-0.05593987686314187,0.17552789914421463,0.021383558682197948,0.0033024885968355746,0.02882769884431246,0.006047424754220809,0.05476145654897143,-0.006867692991782582,0.06101200129247449,0.05409373027670636,-0.023310297697073743,0.08429272200093428,,,,0.14542901715424822,-0.03457715441913087,-0.02177748519834711,-0.09754505428277556
2023-02-01,-0.018702638199893228,-0.0016237352469611074,-0.006376786797351814,-0.0019424625213416884,,0.09995147344695567,,-0.00039455359204526233,-0.20196022942411504,-0.19866371354935386,-0.2071371529945512,-0.04093664519093096,,,0.04727242638329462,,0.004166464747078147,,,-0.002773937706301689,0.02761254640921942,-0.04265728086144493,-0.004216689897407922,-0.02251387158178444,,,,-0.021789382973041786,,,,-0.009570595794389285,0.09313143035706521,,,,0.030042593249458797,0.036436886006321355,0.031162944033319425,0.046196351063193586,0.06582092914746536,,-0.08841770592659827,-0.017399464878766677,-0.0007572144070796726,-0.037096691290306606,0.01308123165921688,,-0.019960757405111492,-0.00279308678623142,,,,-0.0026002137246056906,-0.022216141859487885,-0.0005204659048459421,,,0.03372251366903154,0.018957971030750604,-0.025645662358059974,0.0008731404178762188,,-0.011030508134752521,-0.01114987702141799,,,,-0.025956254150140187,0.022511771862079016,0.055762095675715426,-0.029456065143203078,0.06771712004442408,,,0.025444817387700228,0.01469227086775042,-0.10024070461905836,0.002752640188281495,-0.011616784528018063,0.01437571370274795,,0.02464446730356367,-0.022514600165968304,0.03349471517022211,,,,,-0.0304895193212439,,,0.005730883224560426,,-0.022567342157964524,0.032390192047470075,0.002288499305277259,0.0861687951243379,,0.061394405059511895,,,0.007327807724185229,0.007356094111043353,0.020498479055020474,,0.032174641175266736,-0.001831846060599398,,,0.05245382542300889,-0.00034544323017721823,,-0.009229137224727235,0.006830395625340664,-0.014479495084837403,-0.005174303179498155,,-0.0056799621741079834,-0.03822471563793413,,0.01789551910557873,-0.04996025062496818,-0.011909251860411835,0.03512740381716651,0.03475114157043615,0.002628852957816257,0.011004847812965011,0.024415406221219363,,,,0.016987754805619044,-0.060238450054366385,0.0008080958797721568,-0.001027303750601581,-0.025886266453686923,0.03373031012281441,0.03385037663194277,0.0052712064660701986,-0.02578541032786678,0.0016376116003019134,0.028083106167956517,-0.024816482789338384,-0.002944703042046652,0.014663110121906811,-0.024864994319675926,-0.023486522632260948,0.005102247359024005,0.018568950579505496,0.001500608450396085,-0.02417599037931046,,,-0.004561635188177148,0.16955603173296324,0.02060473311926235,,,0.03315108396752791,-0.022218282171192538,-0.04136403546936902,,0.038798866165096875,,-0.02132851630103589,0.0033495214198118934,0.01133284068374858,-0.01126870231231972,,0.014055142882988255,-0.02903038490625523,0.011722925916045634,0.01786168687020714,-0.015455616314142946,-3.2143066277441994e-07,-0.04453847091415213,0.018193251032682066,,-5.083038532381734e-05,-0.038094909165303066,0.04408491636099459,-0.1617435982683334,,0.013626845268735376,,-0.0022022786376035826,0.14912502723413676,0.019533365850446606,-0.05109763506200045,-0.00884743673804078,,,0.05100183551193837,,,0.022619994129965924,-0.03275677373403949,-0.04524018924449626,-0.0682094019624102,0.02005907285728321,,-0.02094706391187558,0.04770985651428205,0.022299368609464677,,-0.024593411109525322,,-0.01732371379295084,0.06239928457563318,-0.007896518733176329,0.003120741490506159,,0.02183491364558714,0.009183322556657285,,-0.029648169658491597,0.04944630724358964,,0.0038086407338580666,0.02123804005929902,0.02394457857389983,,-0.08925312595314318,0.028661156279885937,,0.025932684865101405,-0.03061051795884448,-0.030003365198377933,-0.002242463227856509,-0.002750480177268612,-0.007498759817310731,,0.007329501697620305,0.047159834292265335,0.011447407012822097,0.007445674792232457,0.019252283726743022,,,0.004670648251039194,-0.05165037152841662,,0.006883472404371757,0.04481276851451371,-0.02558555798077742,0.003807005026496716,0.03461898927984847,0.013265472304456691,0.028742784171075925,-0.0020784380440044725,0.08275820866792508,,0.00611333419312827,,,0.0060440320340153,-0.03910152407942447,-0.05968142819807775,,,,0.00044734247508088965,0.011000809415925083,-0.008279125170229757,0.03081146599480767,0.06064665419266249,0.024486084304472085,0.004713611357611906,-0.030565776031211862,0.02840536018400787,-0.0054076453193608294,-0.0385232720148042,-0.03771354604739397,0.04649239209547409,0.1705141812168959,-0.002297572201019006,-0.002308843814855307,0.017412952780314742,-0.00010077887327101183,0.004489662313892959,-0.006445804787475368,-0.05220055304686998,-0.024045921333040815,0.03290423763956048,0.025025998607131242,,,0.026349157699264446,0.0006266494776519042,-0.02439707492352857,,0.0023007677417031846,0.02995669087442735,-0.00912346610119448,-0.04080830106001743,,0.004861732762250191,-0.02612070301191016,0.034884942426853145,-0.02896722090693674,-0.07274358717240477,-0.002494976379823473,0.047235649935992344,-0.019036369421138333,4.7558624425104547e-05,0.01183603177432058,0.00018733320903726192,0.04262664178906347,-0.015787416383870635,-0.03787242642435412,0.0007635995725287061,-0.008103789980564114,-0.01504796071610711,-0.022643869098736943,-0.01033929616716451,0.04712339229636003,,0.01751968723384266,-0.04307279231492893,,-0.03444677859882489,0.02879966966857909,-0.06968547434654537,0.18264854063713773,0.02047468714534293,-0.011329453052072686,0.03196484283878839,-0.012496197724505892,0.046957412861521525,-0.021777845244833227,0.05466871434645367,0.043444464674628744,-0.04055838028597595,0.09408855729636095,,,,0.15651421037266341,-0.021547389784001728,-0.0169763879601871,-0.09652530477764754
2023-03-01,-0.01737735368567245,0.0027150732496866573,-0.001367184634876068,-0.0075338439863437655,,0.06072575338636521,,-0.0010796382300637937,-0.1887811757823648,-0.2018126325142678,-0.2094642725712347,-0.03852014071402061,,,0.04619672265118889,,0.004326152857312913,,,-0.007598394138809269,0.02494241941475083,-0.052782300587186345,-0.008473444336507988,-0.031219441759741985,,,,-0.003803873846589721,,,,0.000991519216957825,0.07305495566870829,,,,0.03144556674773962,0.03808411279516912,0.03377038395411516,0.041313388248424225,0.06814478977200009,,-0.11096959115464904,-0.022075400608562265,0.005675740823254177,-0.018030915444716175,0.002961595276871673,,-0.024270881202669015,-0.006825734602390124,,,,0.0035483650880684314,-0.03146091737135523,0.0028773920863101534,,,0.05080756214482996,0.008122015029467697,-0.02851339468861946,0.007952185332375778,,-0.004012361206734919,0.0013200158456256504,,,,-0.03802050025882014,0.012589352165929785,0.06583848663379128,-0.019219897130934555,0.03203137151012178,,,0.06060227136943942,0.022891467016969085,-0.08934822757420789,0.005710754219040314,-0.01708729347651859,0.014387989258192636,,0.036138599940082436,-0.017003506427245775,0.03526808256647167,,,,,-0.03169389503273182,,,0.005816321366358409,,0.023808245994771847,0.03691929654891457,0.008248418590876586,0.07351158594838982,,0.054406803503875126,,,0.0033306591892162526,0.0027958541437261347,0.01770911305583961,,0.03679590435053577,0.041305041710361784,,,0.08394006168505563,0.005284118895145287,,-0.015134303731562994,0.0030044885877806835,-0.017626743000867248,0.0005562672112952945,,-0.008629770438165279,-0.04393076043119772,,0.015778065083446504,-0.016590164635823367,0.017848784026882808,0.05577167731161172,0.040051223454647095,0.022234446998013854,0.01898032089611059,0.025616654336446883,,,,0.01402375583867983,-0.031024006147121704,0.005557228162870616,-0.006923763077722717,-0.0202524790906941,0.03337291103228028,0.03310106599248867,0.007521038368120008,-0.02148215552439434,0.005364838612995428,0.02687156754620283,-0.017827633195025845,0.012593948774389878,0.017954196831639367,0.004241945236060575,0.005100972674429985,0.01643464545428808,0.020775988244236127,0.005975027971824823,-0.02157930828813962,,,-0.0012554888190740624,0.14345050358266448,0.009448116141968218,,,0.04200300897111334,-0.014036552240419387,-0.04034613922308868,,0.048202507820453724,,-0.041006852803178014,-0.0015842358602037119,-0.01348011068438257,-0.042487674655283886,,-0.013400367712610663,-0.00272503521526121,-0.010051506788437846,0.014682977087353083,-0.01930854921665686,-0.003872021984917853,-0.03844302624739113,0.03075147280811399,,0.0019737639512752664,-0.036053664922244946,0.04245525108479277,-0.23768718282702178,,0.01248036521708352,,-0.0038487196841975506,0.1257639832622701,-0.059221571031265394,-0.03820619975134938,-0.012019396110702001,,,0.04134681160927379,,,0.025079904934402868,-0.03280000695470144,-0.04330339803692617,-0.05685521670316909,0.017236051809181245,,0.0017791774340889974,0.03440716293818109,0.026168535198945783,,-0.025544392961010652,,-0.0012531552426956161,0.07258432929508551,-0.016214784204629473,0.014240005477692375,,0.022615131434282856,0.006494381226762253,,-0.017180394893296938,0.05114932682500446,,0.004008896540036936,0.01853719239509359,0.020683868191444358,,-0.08675992396633961,0.04780022168950892,,0.02676817325668884,-0.019225328689506438,-0.016632435712715343,-0.007181644540491205,0.0027723693747020266,-0.014541040802883723,,0.006763604602181382,0.04018520769110278,0.0128019858356907,0.004728361480929471,0.03148904699122559,,,0.00016334351102541777,-0.06715728949149347,,0.009459732414433876,0.0335508628558382,-0.02086680017587588,0.007174950216508517,0.034169260830488095,0.0026929821156421846,0.02552315276484301,0.004268870189028289,0.11402076288450382,,0.0034736217199583244,,,-0.0002568329606950323,-0.05103592308279651,-0.0745153892868835,,,,0.004706796404307972,0.010923322414581325,-0.011954805359156134,0.05246299145010563,0.05441785969459536,0.032820135697598424,0.017195246644121677,-0.00613385250044394,0.031736535708043655,-0.009162943947101413,-0.04445951711688272,-0.04177427844103978,0.04480669660964331,0.14329094094512076,0.003668059797979144,-0.0004287973899658159,0.005769909320445191,0.02822839998184602,-0.0006133044705389815,-0.0005336121373527582,-0.06766856029956604,-0.018544455619642578,0.05654394314972996,0.03316451902087657,,,0.037076309414617425,-0.004145585687592877,-0.017668394686396676,,0.014924826956062398,0.02926133699172984,-0.005019528148380086,-0.03148602394681112,,0.007627554918394016,-0.02133552779807137,0.03389605298010163,-0.003865156607015219,-0.08174209364076589,0.007920602176901999,0.05948863055418325,-0.011311862235700063,0.003913508915449175,0.010048796895754672,0.005187677824383124,0.041116635131378025,0.0006509162029097259,-0.0318160369832189,0.004347481818932038,-0.014184340428160231,-0.01949990789644939,-0.006959827462648403,-0.007728792698768826,0.043558988294082744,,0.03630068028231156,0.017545529463320823,,-0.005660348441775172,0.0384997003802609,-0.08064496373665593,0.1579915624750447,0.00849172966737095,-0.014593985505029926,0.039296883163695645,-0.009461802356159532,0.0446637475299393,-0.012824473251104638,0.07108115368204106,0.06350640670798838,-0.04569809351918322,0.11550658815484666,,,,0.1319311060728645,-0.02507412201318122,0.01446904166767529,-0.1219404631871626
2023-04-03,-0.004811276966370602,0.00618413101098722,0.009951933992782321,-0.015267276087397905,,0.0938932411125474,,-0.00410267358718722,-0.1440382318324064,-0.165916026808372,-0.16863860936976868,-0.026199724982190312,,,0.057082355309815105,,0.004458733221196136,,,-0.017063607549122804,0.020954934922230373,-0.05315152475895397,-0.016195709613729653,-0.05180622662362763,,,,-0.038698120798296605,,,,-0.0056522063791126,0.042935509362761,,,,0.030749607305962053,0.04001809079395924,0.03642784989787059,0.041622560328963616,0.07953865384367217,,-0.1099189416395129,-0.012191020158021582,0.022367486739810594,-0.036061869946024325,-0.007446040850497549,,-0.01682663327489689,-0.008798021415403584,,,,0.021874516207630514,-0.018247131053744793,0.0056015081884351866,,,0.055590640577310065,0.013780052650776779,0.011040988180689569,0.009005194806442289,,0.0009082403786714024,0.00876040358734032,,,,-0.03675524051207933,0.02592712507866004,0.10094315722023973,-0.0081377855155146,0.019076940930388225,,,0.06055066208980225,-6.139042810236818e-05,-0.07929966593627216,0.044514362677270145,-0.02560663974388008,0.007303784261681591,,0.03140961062234395,-0.01590435619584307,0.0335382091654691,,,,,-0.006352169350845798,,,0.007553850555839043,,0.006611989068263189,0.02123308447328298,0.011682324775095414,0.07046438300655049,,0.05232353224749178,,,-0.0012866044184977434,-0.002607013603458243,0.012221287957827896,,0.021892610398541033,0.04250771270998673,,,0.06184992746373593,0.019321575998163042,,-0.02587418958175416,-0.010660065993063296,-0.01001325313487313,0.0242098901891862,,-0.0125962663217421,-0.03776330185439356,,0.004948716067990051,-0.05230988542726247,-0.003609470263659867,0.06361406538854152,0.053722116292297374,0.014011153366338614,0.01982817625987718,0.03240500508205286,,,,0.0019003365039308268,-0.04073286319459555,0.00764128886810642,-0.014036324117502273,-0.02516355783718356,0.04488448500102715,0.044022828599625495,0.009922936350720403,-0.029457852910673887,0.006866764242467301,0.03043938076394649,-0.017785316151002886,0.010826113401789435,0.019607095358885298,-0.0005728088392138032,0.0003683039154926664,0.01907733227440004,0.027218128766919286,0.007909100391429292,-0.02111369180367409,,,0.01004518063324576,0.15640420245292244,0.014839574223138835,,,0.04833577023820735,-0.010346850131605674,-0.032555180657263955,,0.03765852369101465,,-0.01622064478728455,-0.005808260555165724,-0.013899796226025125,-0.026091125750726085,,-0.02324888539128241,0.020218993033183915,0.029610552447192302,0.004473831275493161,-0.019427562595333955,-0.011256185683064114,-0.00977180311601779,0.03294563615341619,,0.004370037591887524,-0.02850311167702627,0.0405931783797816,-0.29330310745472243,,0.0030346519985708824,,-9.912317833968387e-05,0.14516562872984384,-0.15255796777821273,-0.031100271423321026,0.007783244141081293,,,-0.004218642227522207,,,0.0399054248427273,-0.024370347161544542,-0.032910389720463215,-0.057887907650947916,0.027357246411086562,,-0.01351327628022635,0.057521205753806044,0.031268680690905104,,-0.021180595807954807,,0.0017438160406783758,0.07508836648685698,-0.007163083720960387,0.031321133883738736,,0.01271995751106291,-0.004634649328236061,,-0.010087923304861962,0.05043928968591419,,0.004325470511652991,0.004615044024478029,0.014123361578183669,,-0.08474910866818083,0.007392927777687218,,0.03312713713983283,-0.002518574661640756,-0.005304039564777326,-0.016141751857783753,0.016780763151975138,-0.007186700662485565,,0.024161002188600567,0.042270818414382405,0.009913485888781609,-0.003981322747677779,0.0346053671191912,,,-0.012572261916303158,-0.07244502347547221,,0.010162316633369325,0.039564803708040164,-0.027666742529400157,0.009981975229016598,0.045693798183208394,-0.0054891418402475516,0.007012559496077776,0.007164340883998509,0.11517274938128293,,-0.0038648799496929526,,,-0.01477329808719319,-0.056335055350831297,-0.07720564323312704,,,,0.011421560495533884,0.010871601142816704,-0.015471247541667281,0.04489007551965446,0.03872346492487639,0.043810294724777474,0.020147601184408833,-0.0035400772431833714,0.03567862131248523,-0.013570126070346942,-0.0387628243474885,-0.02051656563207962,0.028640703834564483,0.16111597014269824,0.018552415160587067,0.012261248163741571,0.01238838521571953,6.276866955624864e-05,-0.0126440192666064,0.0238866592784234,-0.07209269189693147,-0.015001295299063364,0.03975415848526667,0.030431480097784968,0.0070871457400479175,,0.044377750072425955,-0.010400811854193977,-0.015389046693351225,,0.014200295770970175,0.03612478865920683,-0.005423936272675828,-0.03296714909447045,0.021923338895799824,0.009851714327710988,-0.02812280542073089,0.04427371944211463,-0.008376586586189286,-0.05979619491698982,0.010862688199698758,0.04616787840463846,-0.002462147468116649,0.009160391760874695,0.00159295843836487,0.0077077123645462155,0.04094704256780497,-0.003273713566088238,-0.02723597643513945,0.006401007974684885,-0.007787422569237766,-0.013971267676627487,-0.006898817842465237,0.00262810753745361,0.04451405855400262,,0.029070531086685704,0.013929499312071087,,0.028451286782944684,0.05319775096783592,-0.05278665674966337,0.17995812455858423,0.01437231587426424,-0.011207737999051786,0.04621323509870714,-0.004695974653869677,0.026892266741355975,-0.009866180136126735,0.05920284936413954,0.045743394676762944,-0.026372213603922147,0.09949375214962371,,,,0.13942660162927958,0.0035553565474612608,0.025642227417277872,-0.12247134727071306
2023-05-01,-0.005353342645691734,0.006278108195894735,0.015593650507820992,0.006245685229140222,,0.08405442673024234,,0.019025753005563646,-0.14149038365598215,-0.1545243489721152,-0.1603967095909282,0.015504659000064052,,,0.05432713778159499,,0.004431283329774456,,,0.00650810140644974,0.03987541455889327,-0.03362176498138756,0.005471724015891363,-0.011126370374712213,,,,-0.030847141143438048,,,,0.005494098654339455,0.03125489302555712,,,,0.027293373869617978,0.03727453632933016,0.03150852761504839,0.022565559776434055,0.07825217011804357,,-0.08176164658459872,-0.0033951363206684627,0.02783598472440987,-0.016726733180451394,0.013675818693306181,,-0.0026873565187439797,0.017697758856030577,,,,0.02822389518911256,-0.009286367511738279,0.002350065013838576,,,0.0168971358961688,0.0024227922244307773,0.028015280374800403,0.018398676105918565,,0.005160852840229591,0.00784946833396658,,,,-0.004938804484191443,0.04143207747891137,0.08732366073612166,-0.014561761424597634,-0.025211746308342227,,,0.04696112505385735,-2.513635811160714e-05,-0.06938035808587949,0.05908958016099153,-0.0019322592471384056,0.014332971406154313,,0.024840455561770232,-0.007703749770414836,0.0294573138496033,,,,,0.0006840742966311281,,,0.007443885529827691,,-0.04929743851698493,0.02264903564963196,0.010953616508300807,0.038670279157069117,,0.03593826721281935,,,0.0185036044482984,0.018105116191762284,0.03187310843719925,,0.02148364650124281,0.01642549866354726,,,0.02221956910016174,0.023854633984666793,,-0.001492984850356391,0.013805246775550869,0.0004193094560515717,0.0366227834650736,,0.010394037620624698,-0.019209721114076237,,0.027824920963687664,-0.03566847777156633,-0.0034701928048541273,0.056116783484841365,0.04949018349755147,0.021264133018948854,0.02781597856451483,0.042285591317581944,-0.0045283039960259015,,,0.0250832746844074,0.001663406470335296,0.005251798422907919,0.008258275477871902,-0.024386313429118116,0.04020423236202803,0.0393542409536625,0.006347515990755161,-0.02758488110836884,0.006167017560609273,0.025857633052348075,-0.01577229814240823,0.013939382451204458,0.020457063208949723,0.006729961019933653,0.0062992044367943326,0.01802511095558846,0.023504052762951803,0.005016609637013786,-0.021972737340883477,,,0.01669487512411136,0.10301273437293001,0.019605409609577195,,,0.03156112918957471,-0.023784252162200186,-0.02220374059808613,,0.036593709923435316,,0.013008038799900304,0.016340433312848738,0.00643304891078858,-0.008916816102837842,,-0.007059205077292941,0.022137760681406042,0.011584866029028246,0.025256012764874887,-0.0008151019352544901,0.006698911767919974,0.0019333054384782515,0.034959032185433996,,-0.0007182130639568458,-0.028128184563077432,0.034179060743149296,-0.2986070587355308,,0.027171964291855796,,-0.004103556115127004,0.10425337704619524,-0.09981238070145008,-0.08855032213625,0.01828985759001465,,,0.03126628206536346,,,-0.014276790397720469,-0.024456735124041812,-0.03303508133670227,-0.03562157177470955,0.029307588069752245,,-0.015062184399471665,0.03979627358599176,0.02695382387988787,,-0.027506626873855456,,0.003634616804227091,0.059159713045865404,0.004746642417632963,0.033283227370202784,,0.027752872793815102,0.017876456413874618,,-0.005423230020547503,0.04442864839193222,,0.004507244485860614,0.026857634219469694,0.03286772389248552,,-0.08221894952695469,-0.009445240323799182,,0.04197785363839183,0.006708071038518622,0.002862552658389843,0.005253515254571702,0.019780428618571846,0.0066998418616514045,,0.027403525925766867,0.029227687533783527,0.015320312350556088,0.019483211594309626,0.03564704829398752,,,0.010295305031403544,-0.04744333291452923,,0.0053315540182788555,0.02719556630231182,-0.029206719324951495,0.00590599270970364,0.03897145312343611,0.01869808062989851,0.028529643853568758,0.006750138974817292,0.05230736288453786,,0.022729501785715225,,,0.005623063177801533,-0.034311116801668616,-0.047095792304037064,,,,0.009659347612254031,0.010383591673004483,0.006538407998425906,0.04122657673335687,0.05886027963128218,0.03650163743865018,0.02154673162588067,-0.001748453464612484,0.03708216337156175,0.009944276795627852,-0.021404002064762565,-0.02894171129890748,0.03716710299318851,0.10577326741166926,0.02238521161912659,0.018835708794242654,0.02077843967100185,0.001391289300406121,0.01032736681839934,0.03596911981933273,-0.04674310291149783,-0.007208406217426722,0.02208918992175116,0.02687353665349072,,,0.04761772569347078,0.006467006974459005,-0.02621362955113326,,0.011957307564474308,0.02740781345969912,-0.009626209046980744,-0.032316509910304846,0.01167382599250319,0.0043670935469895325,-0.02906733525420921,0.039264856504106736,-0.004101337858714038,-0.04954664921592718,0.008559139028251155,0.012233715652599883,0.007333639785027868,0.009170320432915779,0.02671635523927669,0.0047862841982385055,0.033092838523433775,-0.004867658428489323,-0.025314498030999406,0.0027151037548294307,0.004546371166204469,0.004729825290238815,-0.0004322763618026678,0.0050587601920350726,0.03601668230012762,,,-0.009682360551124262,,0.05074158569159157,0.04108423032545056,-0.040436030055073006,0.11909252223529632,0.019935761017419684,-0.013434393348116242,0.048790195488800855,0.0032307072973481407,0.03580039127869597,-0.02503204205988819,0.018863451561848744,0.025517357064603487,-0.039668907636767,0.04937565183240648,,,,0.07785496054446533,-0.004021165238149977,0.02448151510135904,-0.09190870667860948
2023-06-01,0.014985493102963788,0.016955815983565714,0.026389705661453294,-0.0028543978650223747,,0.05496799526061866,,0.011087065023206737,-0.06271140180084939,-0.08816501877903528,-0.08380284576860757,0.025774213317451725,,,0.02469173340286427,,0.005181859846396129,,,-0.0005871761461815961,0.017019915646220646,-0.025422407214154494,-0.0025978135767747794,-0.031923808655479245,,,,-0.029784266924154323,,,,-0.0020637497194928908,-0.02015572096120492,,,,0.017528952500903083,0.02773538949683921,0.022220762637531345,-0.004250038842119819,0.07920584496702186,,-0.06900180531351938,0.006069498694983245,0.04095769331687081,-0.00846493680293169,0.010245234624993837,,-0.00770211535130444,0.019317739196161022,,,,0.0410811475563134,0.0021822865527970996,0.012666332210125123,,,0.014931072394759094,-0.0021554438443323596,0.05768174578887322,0.01139917776857676,,0.028503582396494174,0.015020219255666406,,,,0.007794924096198825,0.03483066983921712,0.09522987340038115,-0.006009574949629345,0.0016044438983711157,,,0.04247404929175418,-0.0066991593954860065,-0.020901914283707666,0.0886400765891902,-0.009503067385446427,0.005513590578822243,,0.011409015833207175,0.03819119718763942,0.013949573045453415,,,,,0.024200279473703547,,,0.007514817414050682,,-0.004566130069656959,0.02462670575330563,0.015527836815054962,0.023994953980197412,,0.01748545948598715,,,0.006848339525798327,0.007077113325128304,0.015070194997652017,,0.025322466911089525,0.024842464419458685,,,0.04110275903728469,0.03313878624981105,,-0.006443842526200847,0.0010581976710939862,0.00809645879917138,0.04619540501482121,,0.0049607758461181805,-0.013982864745483761,,0.009550540930824032,-0.012922478558536364,0.001769483295111426,0.04801146035077404,0.022664057134112035,0.01639234034639547,0.007690741566177716,0.00982446185309864,-0.012661262166902016,,,0.007379066012171005,-0.002819505899840553,0.012565416234122882,-0.0017377797119207375,0.001565047935161682,0.02731790639209527,0.027471056113313293,0.015378572373557099,-0.0013177215522132202,0.013059023391429581,0.009400275563410764,0.014706654826948818,0.001147130687811095,-0.009252135473125473,0.01108999083279109,0.016603576005016153,0.005478219024611205,-0.0013356670549985324,0.012775602508175285,0.01380510208017007,,,0.02621700720481946,0.07951498770984428,-0.007365669386330344,,,0.006021426655080627,-0.06141558158290226,0.033140677029244565,,0.02429926495567748,,-0.04108636143139574,0.004143839603117404,-0.06215832223010202,-0.08613759954504689,,-0.09905440750427286,0.08020737812720669,0.047455730806134445,0.0034053911436795737,-0.0015438664979342208,-0.0018162752476442803,0.027815626961298093,0.019742758660602773,,0.015659871482799327,0.014501757051974313,0.017640261760316828,-0.30410983887160464,,0.017515929511062383,,0.015423396119908088,0.04504165556394617,-0.13512906565638835,-0.05795197165217301,-0.003214340808921326,,,0.03879621752325633,,,0.024811137845336922,0.020071788652040685,0.01139544642130948,0.012652323487487188,0.01986859387866179,0.00675785626912522,-0.002942858765751013,0.00041163641094613563,0.01321909520400167,,-0.06937409905195249,,-0.008112491200756885,0.04344355128069064,0.01086925936472126,0.045274131530109625,,0.014388847408911236,0.008158885412831574,,-0.0011912303019175807,0.01870539680610429,,0.004416553440830492,0.007960194538806998,0.015916136339325378,,-0.045062938855263995,0.024939124137986775,,0.009472861655431299,0.0742641596352608,0.07266720990683813,-0.0031740300023162427,0.031172910256010357,0.014101644027804141,,0.03731030869176727,-0.012630323109552285,0.028722227894259215,0.006207299690854676,0.02021429665975733,,,-0.00027481457537234717,-0.04131157715428035,,0.015312943772631081,-0.011783997512477986,0.0010227208539428565,0.01561380947283682,0.027781643134502012,-0.0070023939888041835,0.007834702713704504,0.015140986169046279,0.09932617634882221,,0.017594534450256768,,,-0.008557572277265203,-0.029357741345994982,-0.04206364259771045,,,,0.019711503118431055,0.00998123175343943,0.0004239979076598561,0.014421035222713804,0.016487789200796306,0.013151137339378198,0.00565828458278064,-0.0002077998972641323,0.00832934653884943,0.00435195707596108,-0.014143407609423472,-0.016229805957674967,0.01163499445068626,0.08062421099679767,0.03176158309535015,0.027558327154225765,-0.007999096445508141,0.0016442006018727072,-8.63945773202743e-05,0.04604057557180777,-0.04042235066024669,0.039180036170840586,0.012001336572440598,0.020286451539586182,,,0.040545489934354174,-0.0025034995337672892,-0.06468558449374807,,0.001995831599354305,-0.0008178439865338816,0.00010096351869458341,0.0019709395877214914,-0.0018116568810882154,0.016295421504111254,0.0002408140488511144,0.02743854916364846,0.006231918995272073,-0.015307236961313178,0.021727521507542674,-6.437346314920986e-05,0.009755871210363955,0.018862828780694885,0.017711557268147635,0.012916495741288158,0.014972123987318963,-0.016319849826775312,0.011338825519827699,0.013665530406294195,0.011858811127699626,0.0005021855289143697,-0.006145127350105541,0.015058109134269587,0.017068138111628564,,,-0.002658861810635508,,0.05876910269965615,0.020075299817485237,-0.0008332799504789138,0.10201718139379914,-0.007124204283040018,0.013501182388848976,0.04055161128774555,0.05073870548725634,0.008966968021447278,-0.0665266564468618,0.010605618357748066,0.013069079076714582,-0.022286624733669595,0.017116893249203877,,,,0.034435290749267516,-0.015110044683799699,0.09094596522952289,-0.07989303933761566
2023-07-03,-0.005274782268698646,0.02443595575981488,0.021202341699800998,-0.00944692655812449,,0.028395288122370414,,0.004033447573978355,-0.020232205421394086,-0.06678990326951847,-0.055775832197947135,-0.0020016969798255227,,,0.004586118806321739,,0.005268651520031393,,,-0.007000314374806775,0.023171681667133195,-0.02661822262228966,-0.008500814266446477,-0.036509791217445506,,,,-0.00906063916668086,,,,0.00758273229367098,-0.044947151236891816,,,,0.021804276372582553,0.03535895326573439,0.032291572456502146,-0.017782253031293518,0.07781728709148505,,-0.06471892485371229,-0.007373603403697756,0.03675957459227605,-0.012833207733442391,-0.01121412890091165,,-0.011469398511594729,0.008144216400639144,,,,0.037700976954999986,-0.011165605089527656,0.023167406660235028,,,0.011414641028859888,0.003002736361695421,0.046161263262351634,0.0014906681109901768,,0.01505422643983093,0.03667021476074825,,,,-0.00508151483816108,0.028856244464481887,0.08706582413805618,-0.01953845818265318,-0.026666421830896465,,,,-0.013285666221658414,0.015154525849822626,0.07716707938911824,-0.014375905312209074,0.0008026262843812473,,0.018217493676696717,0.05041324485175322,0.019947231671341114,,,,,-0.02186179577456938,,,0.00788916133777287,,0.015084124714908744,0.025244592130393734,0.02928298320765241,-0.005335849535184038,,0.00564738781722801,,,0.0017090111400128105,0.0017734469910301893,0.009349654027038669,,0.02471282623908484,0.037021328631480756,,,-0.0016129028739179819,0.030067137585596232,,-0.012761606962905849,-0.004372290050329752,-0.002734200321685025,0.04533277935423828,,-0.0013401863876553173,-0.01815404835985769,,0.004404720184458873,0.0018307043840128003,0.031007686989226013,0.04690844996380867,0.016322158017688264,0.020784351130489594,-0.0030446971296822656,-0.003221970074419975,-0.018692346086249558,,,0.00209239361971125,-0.021596333237169064,0.024090612575510907,-0.007456459671320586,0.019625525174285372,0.029833131370790345,0.030841077987455005,0.027525761966130578,0.019984102291189385,0.02493462128158277,0.011174511732718048,0.038545480766024834,0.002208193981318806,-0.02001198315998818,0.02189874203572291,0.03203661294391275,0.009436538916619427,-0.0029788228821878305,0.024049648941764264,0.0404957232193069,,,0.022144326211299574,0.02584128780528406,-0.0028373096237157723,,,-0.002280974569727994,-0.028912274388062976,0.04809693651145366,,0.035106949287982775,,-0.032510066206838203,0.0006852593594431017,-0.08789618357483732,-0.10882458803311723,,-0.13046284143136255,-0.0070020615228059,-0.03855019140143585,0.00038062717960813,-0.009291684245914424,-0.011644458315873778,-0.02206510212996825,0.018075315198595433,,0.03077710248386902,0.04129835672894642,0.01993695558245961,-0.3073242091335597,,0.005737075609640377,,0.03385622083312547,-0.0018829667687697027,-0.10431928495471018,-0.11372883472166133,-0.009406432223596935,,,,,,-0.04245340527434276,0.04191211300412422,0.03437472578752958,0.006918768866925918,0.012867328452419814,-0.052534286283100834,-0.0031303302581150738,-0.01211215556600217,0.015522225815080578,,-0.02529655173752288,,-0.006798511350474568,0.032453429654477076,-0.0029367935033802997,0.0408074371239367,,0.010626063876805857,0.0032358473029265346,,-0.001055767975237832,0.018066840377129613,,0.004823272757020782,0.0019688497515452613,0.012680394469398388,,-0.0246898905639635,0.04520442930584297,,-0.001057840088148931,0.04583939657276175,0.040159573945882474,-0.008808861262042476,0.027885796415654925,0.003282596290379413,,0.023588736085112093,-0.01773955129454142,0.032792392025885415,0.0008479025198750259,0.018850045050181858,,,-0.006489127731499005,-0.040602778736516736,,0.02968218749684222,-0.02413827095365119,0.022233704164312137,0.02853327553277352,0.03194100845606615,0.002715237472686313,0.0019348825252021903,0.0247384039059248,0.030611256812736246,,0.0047398156485948,,,-0.011728702335476843,-0.03026145748602988,-0.04255429888916416,,,,0.027164825437820072,0.009714914582580152,-0.005075411396496024,0.011479360791225466,0.0176616573194802,-0.00035496081593760554,0.006683034740159668,0.013829939497220419,0.0019664990948945207,-0.0029462010354507425,-0.019474849063292627,0.01771031094614871,0.03881727834570249,0.02572387513685808,0.028332905115300542,0.02164323631208157,-0.006850071149451058,-0.003817178619150965,-0.0066713042365843895,0.04421707710117989,-0.04090988157410484,0.0505119737229463,0.02310364217763223,0.03199385615565476,,,0.045301506825809856,-0.010564014834253874,-0.03447865283646282,,0.007753909721631582,-0.0016682212612713202,0.013879891162718762,0.02539244624294214,0.0022379069939162458,0.027985570477374874,0.02200341920682318,0.031114509996305675,0.017544771358223295,0.00348306512289235,0.011269092831814013,-0.004544883589871423,0.008438728016802904,0.02391712926880081,0.006626390689668531,0.024052147620726924,0.016373268590362842,-0.013970155210922224,0.03652504417409556,0.02731829396861085,0.0003452602126359519,-0.004763076445970492,0.00011647782673325514,0.010439615200479011,0.011313378461346557,,,0.05940421310726986,,0.0637924151542613,0.00943009394620309,0.017083655658581935,0.04638633875524858,-0.0005503878579325944,0.034734796256998324,0.043015031106306355,0.05883493564940756,0.03535695537632998,-0.030886333845055937,0.007834161379327539,0.02286447023044504,0.013995159958636288,-0.008185627064932711,,,,-0.020449474585547144,-0.005113278981674704,0.03131854790476317,-0.0768077616266204
2023-08-01,-0.028651122336359292,0.019643015147389815,0.009798314744413608,-0.01240843150456317,,0.04534880987877688,,0.007176458916671707,0.020196671144304505,-0.036187908698463084,-0.017067548491046275,-0.07553055359903929,,,0.011028674526389916,,8.898011719730021e-05,,,-0.010185944803840096,0.012362956008975896,-0.024530175061781526,-0.012006086489767379,-0.03411861137964657,,,,0.01989003212403844,,,,0.00785783984377768,-0.05931549445401504,,,,0.012437651744475258,0.029488706506660783,0.02180197334491716,-0.0269061216224934,0.06517232836045482,,-0.05137259971316402,-0.022669439316628005,0.028613173314222955,-0.016382988145980545,-0.010879056746576687,,-0.0011449678499064987,,,,,0.028547370763163445,-0.02387589078935531,0.025232200378885433,,,0.005769587376492215,-0.006398356735765332,0.039501324995868954,-0.05030124009596464,,0.025017237470322574,0.027555470109063576,,,,0.013045244680785181,0.016504436302483546,0.08248107802419267,0.011226893234116617,0.028746561661785207,,,,-0.013913967338327789,0.03681791247829497,0.0636379184920441,-0.01706078290432471,-0.010509419033429819,,0.0038340976832600773,0.06799168018783108,0.012010085314645064,,,,,-0.06888389697679775,,,-0.0007529784778330484,,0.0061743577281922705,0.012770582083173053,0.027798750575440376,-0.008973224497474437,,-0.0023096006519134917,,,0.007199355786509069,0.007261453488171814,0.010851679839213079,,0.014161433742967392,0.0008138505915816452,,,-0.012886154391361863,0.023348646701957635,,-0.01496540435291246,-0.01102629517375828,-0.016166434281931607,0.03364831030358665,,-0.003957516852336761,-0.014600777023961507,,-0.003674817846850407,-0.016531047648312716,0.011663117679409408,0.036611460721449864,0.013089020080118589,0.016292451233647063,-0.0009703842311519097,-0.0011137415844969002,-0.01506022097614447,,,-0.006123961112226478,-0.016534497137539707,0.025971371685015315,-0.009796844047439315,0.02320062989134872,0.03009809019866396,0.031789121649151195,0.028634044082942258,0.024051901082008206,0.02601998922992942,0.00846895441027361,0.04406275091615972,0.0008739619544837368,-0.0101183001009684,0.013407304328798187,0.02664071886461552,0.00927586999744835,-0.0012411307667482682,0.025278821948407935,0.04824389284547239,,,0.012099827698421915,0.022333817737840076,9.020540618669755e-05,,,0.002931637770269988,-0.03486643234927765,0.06891962770388932,,0.020995122930504734,,0.015382032537659478,0.007469964572983763,-0.07695746577184931,-0.08638817622120218,,-0.11863298428885936,-0.1144464376103312,-0.053614903673619256,-0.01062413340916905,-0.009121709494442931,-0.011913110525363377,-0.0945640257764319,0.014376153768804118,,0.03327853207538152,0.03964593216170099,0.012414145731908095,-0.26099989250702926,,-0.0017234715479246632,,0.03634581252985856,0.017367387959227463,-0.11580784249476572,-0.07590448933743021,-0.01425717476751342,,,,,,-0.02827975774600747,0.057417963883704494,0.051154634980942686,0.04492992178194226,0.02306538461529732,-0.017894278346985325,-0.01751103027491583,-0.01040099227848378,0.011635495667668671,,-0.02416111528211441,,-0.009235634303667641,0.018835088042436277,-0.02428439317979258,0.0315822437811978,,0.0024212099463850915,-0.0037693253620050544,,-0.0022628605812867767,-0.001099395672585284,,0.0007365106563074695,-0.008336903730881586,0.011818168870494354,,0.006007813985183436,0.02753096837719452,,-0.002971087827799997,0.09748018653276444,0.08969128763817633,-0.01244119244964662,0.021658182377453695,-0.017661467953474903,,0.04478574092330406,-0.02560813046931235,0.03721162069628825,-0.005017335087330034,0.015734340078436757,,,-0.012371982664850819,-0.035500885988203626,,0.02894209169731645,-0.029830234923197498,0.02419246630543907,0.02934348688899584,0.032019745663181526,-0.0036852916958669555,-0.00698760408550318,0.022929614608785395,-0.003477118796580639,,-0.004561909570653692,,,-0.014706170053108883,-0.0268158382432891,-0.03462257649410718,,,,0.026042135069662267,0.0015438912538873243,-0.00754347900797286,-0.0023525981579954323,0.003068074265995634,0.0059574620297486,0.007897390845808209,0.009894453967244634,0.004782367543415726,-0.005332930475693473,-0.01566205921761695,0.024057290639447625,0.011057445654718919,0.02366695305717623,0.022652581760962333,0.011770181146065277,-0.001956182762738267,-0.009786896676298186,-0.012097519194480051,0.0345495186864407,-0.034704992802751654,0.06940718246004218,0.0023544925431163094,0.02217069300915985,,,0.037345443630480264,-0.011579552528888875,-0.03725403233387867,,0.005065653171731427,-0.002439398662352802,0.017353832831327996,0.03461643160337572,-0.001303390693743673,0.0287439218067928,0.02403152705094809,0.030876182247721,0.01418704725592821,0.011928032854272897,0.01423541812130897,-0.015307852319391965,0.013856132958721108,0.020533333851863105,-0.0018169021864267469,0.025360519639410207,0.010491285125122355,-0.012638524704507074,0.045882952697145235,0.02862157801411566,-0.02036223291386143,0.0019629709663345394,0.005616459145726623,0.003806014488129716,0.0027238921242292292,,,0.018841941700935057,,0.06930200838986467,0.009942639371179767,0.030731712894639444,0.03693770776384421,0.004382296479115145,0.04119719701859493,0.03424914198725504,0.07692816554883773,0.0071052614038508415,-0.03587633985603146,-0.006753393172114234,0.0030464173078479247,0.022776894448688672,0.004586319189797731,,,,-0.011550520061086993,-0.016368622250752734,0.0797725983769748,-0.05988802247468433
2023-09-01,-0.017074127810642898,0.024620168782556257,0.018070814483473117,-0.024534335768011683,,0.034119171176022096,,-0.00110044330547217,0.020254720549031,-0.04025319770390439,-0.004133740985518422,-0.06176584691329464,,,0.027146313775030434,,-0.0007353733384288019,,,-0.024172280902047608,0.012027074596281969,-0.03784731417848325,-0.023224083387931662,-0.04317088303562075,,,,0.023477495189666703,,,,0.010680988837587023,-0.031156655422293462,,,,0.013137198438342707,0.03418652026348391,0.020486938538163607,-0.015844339733384994,0.08664902197872261,,-0.06957913265677487,-0.008412152377190202,0.031194207910371155,-0.01183889803456335,-0.005981885352374316,,-0.005653560241525904,,,,,0.03144570285120579,-0.00943652661541219,0.024390799303409236,,,0.007063482704864796,0.006635269086932841,0.05557821366585095,-0.03370365213647231,,0.027449125955893897,0.019430866262613877,,,,0.01783079014951061,0.018603128912882207,0.1039419045009435,0.009029566293344327,0.06432312066154278,,,,-0.006779513715449387,0.0298228047348134,0.07524134847579297,-0.029506491551688527,-0.011859141169731835,,0.008419094907747404,0.05942795422550048,0.0026224681032931945,,,,,-0.054724580142106134,,,-0.0014539279853370516,,0.03450468115937296,0.014310972540630401,0.026227315036772676,0.014009532358946865,,0.004089201544721796,,,-0.0051591781324334595,-0.004835403986829835,0.0026224258188486693,,0.016273320070954264,-0.018438468445054926,,,-0.03716831862142425,0.026433484640263714,,-0.03145254494689067,-0.022124926286108154,-0.00257844529511588,0.03664314205520235,,-0.01647791308078136,-0.028645735135296287,,-0.010599432673355464,-0.012251822390174465,0.00557337844936754,0.04706788012372143,0.02537644351679626,0.01878879308317608,0.0056385617596655625,0.008379629712574726,-0.013121687137586832,,,-0.01242635359261911,-0.00795456329082809,0.026044711937255084,-0.021331761194950706,0.016365034388849477,0.03686892078567823,0.03670710437108188,0.02861454494923654,0.016914467513768863,0.02757009968648609,0.014317477544179516,0.03933696903640162,0.007291128961387419,-0.003979939655789797,0.016052408417675374,0.02497176845913664,0.01502493148436305,0.008949828129648695,0.026106028995941343,0.04374329691390822,,,0.018256398117771334,0.040536845258327146,0.00787327551304715,,,0.0337931746727008,-0.030201337402943815,0.06392656078950185,,0.01711274106390695,,0.04734022454415329,-0.005000870687522823,-0.07209689339875623,-0.08129633412699548,,-0.11437680640595384,-0.0623978806715894,-0.030022986966281466,-0.014643540195638405,-0.021862931088600827,-0.025822729707935796,-0.06287785694080952,0.02227863581892626,,0.03173489830871376,0.043315674440298345,0.018650438961125847,-0.23771068093263986,,-0.009335577166418611,,0.033852803669510885,0.07590039784293982,-0.16983290609151738,-0.06848185576813491,-0.024089484244540778,,,,,,-0.03420916836279133,0.04826059423520294,0.044621775313971546,0.04080191276867541,0.029106949902215053,-0.014254872438766004,-0.0188564561097516,0.010067370262184395,0.016285423667422222,,-0.021912537304909892,,-0.0018426098245224694,0.03077460805558747,-0.008389641437197132,0.03756565722683942,,-0.010615748953928944,-0.016576803444413125,,-0.005320282003342387,0.0020127924130812942,,4.4648914141741033e-05,-0.012686127316224679,0.003447904540064868,,0.015451314169710592,0.037069551859651814,,0.00860635504360376,0.08639158077645301,0.08535820839688002,-0.024433105249449253,0.025825672026163902,-0.0022480593564319696,,0.04751217068515988,-0.012623791928775652,0.038032538312326045,-0.01437372824906659,0.022914085588004954,,,-0.024669177309494836,-0.052318955126218265,,0.03029224379205148,-0.012521204316602287,0.0168731738123414,0.029690207345639413,0.038254157189960974,-0.0022132975189072023,-0.01268379190991974,0.024800140477001385,-0.028517000258587166,,-0.012092462876900535,0.0006445123569700186,,-0.026234207696032043,-0.04380094724441098,-0.05098913660209285,,,,0.02752728095947191,0.0006040559859305672,-0.018395226397484647,-0.003878779231107107,-0.004090617148397593,0.028505010865928576,0.0148326928881402,0.011160123874779758,0.016527039973187316,-0.017401415528839777,-0.02978435965005523,0.02597902440506627,0.008640099171715217,0.04599217057139673,0.02563236785212418,0.018672314641038662,0.004738126259603898,-0.0037029059975833257,-0.025269070229253152,0.036072282536757455,-0.05255595304311768,0.058310658974001846,-0.003255681271577683,0.02368110399493502,,,0.05195781625543324,-0.0255663487400196,-0.03332329624786066,,0.012864318596841362,0.008558525793609419,0.0177883169041617,0.028389070583042433,0.005296098654418576,0.028891541360412432,0.017425302776619248,0.03743877427263185,0.015736071909439802,0.015001704015613081,0.015612419127114537,-0.024896594629041133,0.00835137319171698,0.02347679541937209,-0.009673541262234558,0.026355125543857338,0.017128140376112308,-0.008414501053564841,0.03886489924253418,0.028680325204908572,-0.005051319768401375,-0.00378226225385468,0.012553652468615804,0.00914824470816779,0.009593629899366992,,,-0.0208737874790056,,0.07767314137972763,0.03564523960527737,0.02996017062212146,0.06292207945149664,0.008692417510626932,0.0358307801018507,0.047443081729703615,0.06648607682649907,0.0020498824703003575,-0.03171349756178767,-0.013603405437225215,0.00012938565077432677,0.026105901444083156,0.04248360374251239,,,,0.018970709692694872,0.013473620135571997,0.07111166274473388,-0.07932853339615752
2023-10-02,-0.013038211125940124,0.0202535991696528,0.01829227366539271,-0.024232612387366573,,0.02312168435214737,,-0.00460380233286551,0.024944867120746058,-0.013607209392506774,0.012533099455845737,-0.03784185842018831,,,0.027623777830219045,,-0.004361108385832684,,,-0.023030585740178754,0.004799428539247336,-0.041545903524619426,-0.02343293319606078,-0.04125455351585312,,,,0.005836201498222095,,,,-0.0028780136306601244,-0.02511841096391795,,,,0.014103662856040177,0.02973371281523829,0.019178330565429846,-0.01855744553208843,0.07314033202228198,,-0.0796770639642891,-0.009298784308739354,0.03004070486387229,-0.018432068359748782,-0.011670664255743536,,-0.009506297305985978,,,,,0.030897253974103235,-0.00720625738387144,0.019915166580338952,,,-0.001807384512689155,-0.0045325598163340015,0.05819580451033857,-0.029622917657951116,,0.021696607710897584,0.02567757125303418,,,,0.010615439286132131,0.021427050423519806,0.08633065941915376,0.01792621024528198,0.01904153806337892,,,,-0.011976065393639976,0.02260915389859482,0.06975866072864316,-0.03011973904599336,-0.014132564007177708,,0.006621354240213188,0.05075912363255035,0.0008766810028718068,,,,,-0.03606062622391223,,,-0.005085670141663512,,0.026220542490425304,0.011509325182309153,0.023079974991464816,-0.006444676118147724,,0.0035712967335716985,,,-0.004600459066731859,-0.004765770370485191,-0.001398229076057623,,0.012721052407744342,-0.01641957587922196,,,-0.07930449580868874,0.024523893647201433,,-0.03063168254352131,-0.020505390027174098,-0.0038496520953857534,0.03992554615815767,,-0.01712913750644316,-0.030203457264105654,,-0.011402211166726945,-0.021889705193659674,0.0075269691474264,0.040063076901338486,0.020500187108916587,0.01217689156943162,0.006318293864614396,0.009637095058163205,-0.010617774978524043,,,-0.0135624350784179,-0.018074293576154705,0.013069565156846303,-0.021987265634030913,0.014037786038223405,0.033644108366181216,0.03456786633953851,0.025064717024254692,0.013618733623116953,0.023487518857803202,0.013149616120700635,0.031665524479518245,-0.0043818888091087214,0.0005822239840328987,0.003991771777405012,0.015353794728574323,0.009669452572305622,0.0064553494683270846,0.021059858390239605,0.034308507431069946,,,0.016646536228468248,0.020729796670330855,0.008171818804354499,,,0.018199245474444063,-0.031372171505006936,0.06129540918380287,,0.014314974223094754,,0.027194059015391715,-0.00466699985206745,-0.04408088528031815,-0.060244759259430264,,-0.07809183510859208,-0.04452051918602876,-0.05050244728726416,-0.01673383329893771,-0.021760938558415054,-0.025430388383338793,-0.03941083670635887,0.01603786334990165,,0.02722357222557055,0.03571438126658766,0.017643366727291287,-0.22420152711634228,,-0.00977355748968356,,0.03005706629204606,0.08893098200902062,-0.17292491038244376,-0.10459330118916506,-0.022962756732114627,,,,,,-0.07409066446324479,0.043346519252594536,0.0426713230332147,0.04402755190161301,0.027750045398634605,-0.05538391504442589,-0.02154343897369031,0.004457666996724837,0.013147998364861625,,-0.019343120537964494,,,0.029789314851113868,,0.035800369167045994,,-0.014398208464909355,-0.015101432641310737,,0.003153063795340268,-0.0008225061567576673,,-0.003886057662383233,-0.014059520191936554,0.0015845255933259193,,0.007880637150466309,0.04010438937973313,,0.010489516464005316,0.09036132432905744,0.08569309207235624,-0.024711377641711416,0.02468089612554417,-0.006011445405469874,,0.04185451028204473,-0.013397057610505362,0.03418901446815854,-0.014730492980625934,0.01685558280354587,,,-0.02391198035586357,-0.05679074888473351,,0.024140789325238242,-0.010934423929562101,0.012412917026076921,0.024253108867138072,0.03380335981707186,-0.012972676733225564,-0.01459340043018746,0.020023894900528732,-0.08692068496026203,,-0.011897505558470935,-0.0028339496017737447,,-0.029138805741426733,-0.047529592996594594,-0.05591920295584047,,,,0.023152104801241247,-0.0027407018091227925,-0.019030233390352726,-0.010150343561580266,-0.014234959819528025,0.018153952993876406,0.009437696720161468,0.0027061449083172614,0.014676967039283511,-0.01760256593470151,-0.03077011799612337,0.008455518707118274,0.006612679035914401,0.02735009422266813,0.02493121979122314,0.017244922100520164,0.006861973853084837,-0.012687564295102146,-0.024111434904896593,0.04052191266149836,-0.056991650012630436,0.050543326586042756,0.005534161561102349,0.020361260709580706,,,0.038757614796523586,-0.02507286364603281,-0.03060120812917189,,0.008006300170011936,0.006809714945263467,0.015563496867589462,0.026042621765669127,0.005059763663979528,0.024914543850562135,0.012298648359704649,0.02965329608528505,-0.0036752408071047274,0.023917744465884103,0.012009893917391474,-0.03807271884653068,0.009646701089546123,0.020262292575032172,-0.009580254203663303,0.022192267686361816,0.01567635505056331,-0.009888944718405339,0.030437504133961398,0.02371939184152334,-0.008123011370324111,-0.008660068315123672,0.007296245207357337,0.010981436277579453,0.009639368582701358,,,-0.033706229107505065,,0.08065462613165321,0.026423133214687707,0.04204502955070498,0.04169678912507645,0.008312722114809603,0.034070682705448795,0.03504706621785188,0.060639565138199486,0.0015910230582695097,-0.0340157100831487,-0.027755661782274454,0.00997891984011637,0.006926442203254609,0.00914991837510319,,,,0.00393103930950515,0.0005893038688329602,0.052496996400439463,-0.08893003285332249
2023-11-01,-0.014584525707860653,0.01978992876513078,0.019970211569381658,-0.03083264273525505,,0.045472776849778566,,-0.010119174152162087,0.009865006939189309,-0.030506431714373523,-0.003698286138118563,-0.04597228457470482,,,0.03564665054708242,,-0.005996850431709681,,,-0.02874399298626998,-0.005599136053427438,-0.038644539608666956,-0.029418504469611317,-0.04414402689921637,,,,0.012149187019959934,,,,-0.009029418969841892,-0.0031509534437297896,,,,0.009413585436050007,0.023283882705128375,0.017371176370236042,-0.018949171816734976,0.06424995521315646,,-0.0709855249290187,-0.008604442083621934,0.03205181650152391,-0.036595010877505205,-0.029641569498466937,,-0.01091171826868061,,,,,0.03288334674548898,-0.006261766534245432,0.02108356526564052,,,0.00751354134354355,0.006125486969166875,0.05217469653156693,-0.04040292491762131,,0.018056569719482097,0.02516503620048032,,,,0.016257853805571713,0.03364701242999627,0.0719913743587683,0.019451938684738226,0.0207583643184356,,,,-0.029013284984555313,0.02162953445033122,0.0656620494716269,-0.033978634804162994,-0.01378989384398371,,0.003368377834561741,0.048183496861766276,-0.005535336997660269,,,,,-0.03346817999989712,,,-0.008077975870234039,,0.031387564512723384,0.007358676207436334,0.024179458111549413,0.01221366672796723,,0.007384319655242126,,,-0.009864000416797396,-0.009102635975871366,-0.010277934253926852,,0.008736681485724327,-0.01790641849841075,,,-0.07920925412480455,0.027221229019132924,,-0.03357392692787584,-0.0299852100596144,-0.003049860324680308,0.04343955763601762,,-0.021058128360290793,-0.024863564025521177,,-0.023660314043495737,-0.037693503857489555,-0.007626855758752539,0.03217568889090501,0.01923309030009835,0.015393353439349864,0.00924467124777296,0.012271866978547678,-0.007743470796884351,,,-0.025711408524535427,-0.03660484259708793,0.022146777532526894,-0.02808371101353113,0.016893646568433496,0.02882963649371696,0.029563303776921235,0.024081935260084092,0.015659217822185992,0.02211103063033222,0.011530953340663437,0.030987211312461453,0.0032819208943841126,0.002716705944465794,0.00286671356847463,0.014049833281239283,0.010651958479630012,0.007980600120088029,0.021069683475856534,0.034925918853544125,,,0.01904212060045958,0.05538736694500271,0.005590527001201371,,,0.027424288628760618,-0.016420358659565062,0.058522524612632014,,0.010550974789157678,,0.014762710487145928,-0.008736784011039854,-0.05260180017687901,-0.06222098493241621,,-0.08771061698431518,-0.03548954087296436,-0.055468309498079967,-0.030149182622218603,-0.023395015680832944,-0.029585196834967718,-0.03811307782481349,0.017472112544397518,,0.026184807708980077,0.03743349797446262,0.014318699498056515,-0.15628178304300935,,-0.02459939260653524,,0.02934999344614997,0.12417471346137628,-0.16770456551277596,-0.11107459103742552,-0.02989778599513864,,,,,,-0.08261999040098968,0.04196170334607608,0.03795586264625612,0.044382303412056956,0.024675743015768727,,-0.014298896891234555,0.003989712020941241,0.012112745902131725,,-0.0039230547520749835,,,0.02392611664878013,,0.03894353223199594,,-0.018083880486690337,-0.024483385073901257,,0.007583693812096892,-0.003528147074329385,,-0.004691910221406568,-0.028602161527159435,-0.00860973713594189,,0.022249825232726353,0.03494227214166124,,0.012018918182642585,0.08702508803380567,0.0760239131992459,-0.031058605281676647,0.027564038687989345,-0.005521455792705043,,0.037544800640547174,-0.007356395872541788,0.03604453123507272,-0.023162620429292697,0.018328429007462968,,,-0.03207313403877961,-0.053299268999459415,,0.02328767845335465,-0.00622544539337355,0.015424236156626574,0.024152510113281362,0.029003907168532423,-0.019839977200405298,-0.02457634632608281,0.022129948106308542,-0.09555494829681008,,-0.026496204170118432,-0.0076123528958634435,,-0.030336624149992886,-0.0452526598241979,-0.051043300930716344,,,,0.024799840553584685,-0.011138420894159052,-0.023314181922917596,-0.02709605598119464,-0.04032071366022318,0.02689315618025484,0.01134579862602258,0.0030537376174090644,0.017035288587473177,-0.021454460964322273,-0.024453152616338066,0.009094993989322002,-0.0035487123328570144,0.0641059182915168,0.027707822288582793,0.01857820412151142,0.0038990401837709116,-0.029185060459772417,-0.031600379087836375,0.044968649084177116,-0.05277339972724971,0.04831179109047672,-0.0037228361182671124,0.01552154694850009,,,0.03851824260138924,-0.029594457395619663,-0.015930781919722175,,0.009394813020337262,0.006322940643985895,0.015366770032323245,0.025676522391657287,0.00412290237734994,0.02463216616050104,0.015824754219903342,0.029599841902048094,0.01025429390643989,0.027935135337544745,0.01138811473977454,-0.04490449586947695,0.01590140627116172,0.020952070153268474,-0.024222787548087973,0.021057647771732222,0.012523027788252582,-0.009367124467435584,0.032449206957626486,0.023308701046869853,-0.007908866195615651,-0.010945597485816949,0.008763243684867484,0.012926279855158403,0.006469083337677016,,,-0.04316235793925088,,0.0720429749219861,0.029313395294457298,0.04473220553217988,0.07390364191726231,0.006891433882928443,0.03306034353593643,0.037454123230372366,0.056241811080440525,-0.011121389968631795,-0.01745062771851703,-0.03669056789249238,-0.0003760226516736732,0.005050915371160711,0.04160357598337444,,,,0.06091457122093174,-0.0008442917428462271,0.04209745584660434,-0.07658410696821139
2023-12-01,0.010563654830226116,0.022558321563940737,0.023444320170769067,-0.020101364869043296,,0.042492125616578356,,-0.0016370257492645717,0.0005045539664183984,-0.03020697485273925,-0.005647314311867138,-0.018958075586119828,,,0.017974644342420673,,-0.005672894853915619,,,-0.01943887106588283,0.011027203856083159,-0.03007755982847278,-0.01870779413761148,-0.025974119292519738,,,,0.0177179210258804,,,,-9.63629782300578e-05,-0.0011490327005287168,,,,0.005880561088310348,0.01780629470033466,0.007420747957597815,-0.014260210112463638,0.095377716700653,,-0.06845199598616032,0.008402604323759546,0.033027865803359396,-0.017526973271107128,-0.009554380643411837,,-0.0031787138997889626,,,,,0.03367647823959963,0.010075848035947311,0.022732797136175383,,,0.007708293489760113,0.00043565118281997916,0.03791222549342791,-0.009213216510013863,,0.035802267447507474,0.02209525589443094,,,,0.04576030065044974,0.03400694660728645,0.04870912384676404,0.017639043757491955,0.009331917956041881,,,,-0.009752303506477676,0.02835971360211978,0.052669846789642316,-0.023637287178066332,-0.013920029610319691,,-0.0036921158197101844,0.060104159229061274,-0.009210362150637912,,,,,0.01996981816865078,,,-0.005886187428951442,,0.004322153063125996,0.00865485634976269,0.024317134357764638,-0.00010057910544812523,,-0.002697301324140755,,,-0.004551992270901098,-0.004990838471021925,-0.0030121976566831877,,0.008391997990625602,-0.032423335415858685,,,-0.0911002676693849,0.02735918330140069,,-0.027940595121031843,-0.01900562069384782,0.01409630952198255,0.03461276962956226,,-0.010023428616780235,-0.01595624664565759,,-0.00831876981071489,-0.01997822511113127,-0.02402185237555793,0.029210312644123087,0.007174345364559014,0.00833743750152738,-0.007394585283813524,-0.009303154589412834,-0.01852065644936286,,,,-0.01517774679539824,0.022552326649186803,-0.017663325576515346,0.026471402845483577,0.020730358744389173,0.021143346146418936,0.026058812743662407,0.027166095751193556,0.024712495445521832,0.005726135484088031,0.04147455528917031,-0.011074158358735684,-0.0125821427364668,-0.01122591422549698,0.009307492965093785,0.003391916988663409,-0.0007939742740721223,0.022131997923402123,0.048019164630030725,,,0.024000157389324647,0.027523475030239986,-0.00037029403160581255,,,0.014510934704912593,-0.022462510997094474,0.08180658681342795,,0.012051165855923958,,-0.021043314221319817,-0.0028665052232991605,-0.06345279875502598,-0.07494533078451336,,-0.10484167875032586,0.03569230224305189,-0.060781262538704396,-0.013783638306425738,-0.013713406342633856,-0.021923108844976273,0.007525851043010275,0.00751604689383152,,0.030783947041052993,0.05360241960207139,0.0057790721067821306,-0.1420620860599171,,-0.011622776142495704,,0.03629608112850473,0.06864569424473252,-0.15348940196962246,-0.12284150220906868,-0.007831717742841745,,,,,,-0.091617119835249,0.06071778038520678,0.060350976898378386,0.071593331440587,0.01948594054924112,,-0.012953301211818318,-0.009625232072111705,0.005905705584827776,,-0.013863013176919993,,,0.019146738222731705,,0.038961869743648035,,-0.008437479927069573,-0.012986527128617958,,0.005412010563533648,-0.013406869769405774,,-0.005262361532480358,-0.012629784648963985,-0.00042031559298784225,,0.025903060046996305,0.011558472296133332,,-0.010534813611001902,0.114489736145437,0.10429540423916357,-0.019221479387188684,0.027779406816814758,0.01300189171050334,,0.036747414447029156,-0.016183192474922718,0.037337144859985794,-0.010030195044946571,0.008272929358077902,,,-0.021795297719544783,-0.04763494350603501,,0.026007212826907232,-0.017094656079119572,0.027819263279511938,0.025851569909643365,0.022289831470075364,-0.0010021145852373054,-0.011377292802030387,0.0201571491373908,-0.1103663221392375,,-0.014273154672180911,-0.004828486730722158,,-0.02190886857908472,-0.04101566687937335,-0.04674528424926994,,,,0.026318554383522194,-0.005513481096488091,-0.011435964811122691,-0.010543335729692951,-0.009451329015189084,0.01293204367939674,0.000144204715401688,-0.005554182996181087,0.003864997993729673,-0.012033681728931992,-0.016417345127960593,0.01909103701429928,-0.007762063248680292,0.037399414765298566,0.028548418568566037,0.02502685487812163,-0.003749276131100653,-0.010986662344683547,-0.021775937794572407,0.03529041744764267,-0.04794058892738958,0.0589722498526881,-0.015223872135469196,0.011246232574640008,,,0.025584220892521513,-0.022359084796931772,-0.023293826006691935,,0.001751504640419074,-0.0034338050202498715,0.01632698490826355,0.03496300220613195,-0.004267821279211385,0.025609196807202722,0.02781319239833093,0.022349439531049578,0.008406479471856437,0.045688331887822155,0.0258997392696233,-0.036867093888066624,0.017685064961950787,0.02385943079136407,-0.010619781683892476,0.022383891561299357,0.004700050070591489,-0.024127035936402617,0.04651427459935093,0.02560715083961897,0.011443804399284146,-0.0034200651477310834,0.0033851787341435905,0.017885226830977156,-0.0017253945351828554,,,-0.058438736976846796,,0.06735096721797607,0.02001662067408502,0.06804801482002995,0.048763185095799966,-0.002006926632270525,0.04381523816698732,0.020057154013343393,0.07109848023556667,-0.015089408588558523,-0.02068870621790395,-0.025240794797419752,-0.010356398758049319,0.02007755380015874,0.031612694467631805,,,,0.028908163847307874,-0.012085837669665365,0.055751715964717674,-0.07684504462503902
2024-01-02,-0.004987106763694593,0.012580063058360577,0.007360906523854209,-0.014093024791577717,,0.04320766861358858,,0.010807349293849508,0.006894167692878402,-0.030631670551310913,0.016302807959983533,-0.01721882690894953,,,0.0062420103532785974,,0.005691739758861649,,0.1571819014759256,-0.010345890239113613,0.022666822858132606,-0.03624032767079636,-0.009171797805815693,-0.005546097810551317,,,,0.02250931381527766,,,,0.0002785626017254304,0.01647518151862277,,,,-0.0019601194125815325,0.014236575985111154,0.005148321997099076,-0.027730678701888566,0.07412794008696609,,-0.0828368713506349,-0.0038515964191894823,0.010992065323900891,-0.0025365270533695464,0.0034252342442819914,,-0.004337287154828402,,,,,0.011392913526497515,-0.001300489931592368,0.017608483291433843,,,-0.008798695297036127,-0.007216607895230485,0.007727228061733944,-0.025329658363990634,,0.014145573148342793,0.006060008836109644,,,,0.019519089857079907,0.013283218058275549,0.02475745010633488,-0.0032561743729483655,0.028044203904558224,,,,0.007351701493487901,0.03155486056104236,0.021883647750425516,-0.015005826367305627,0.001491056096305795,,-0.004386755709114838,0.05351019109344942,-0.014389896290959896,,,,,-0.009302659064912587,,,0.00832545194507969,,0.01471741694474001,0.03517256504143723,0.02303442208812276,-0.005246250280639381,,-0.007681655399756154,,,0.007376908635129844,0.00848758489632758,0.01078379615175106,,0.034340176865789065,-0.04477388870349971,,,-0.11303376303145553,0.00827326227462215,,-0.0162537863747703,-0.0031066667932641906,0.0013853474576422094,0.012229379473945905,,-0.004647864770543037,-0.026685939747789024,,0.006506579759971386,-0.003658508185839615,-0.034906614097000264,0.013424166196145103,-0.008876694729689029,-0.0035263348648315205,-0.01625023322477788,-0.019393254318332102,-0.022893364953697422,,,,0.0004544031748372832,0.01821928137667642,-0.008019493056347363,0.024038938352810183,0.01414227185698651,0.015741754651067624,0.020971945605679564,0.0236758373571617,0.017955546845555188,-0.004411433808440224,0.03839979648525243,-0.017571569182980563,-0.018219031514646166,-0.01968275552108225,0.00020604303731091179,-0.00670999639369094,-0.01147935490031203,0.017122909058838152,0.049737423732454364,,,0.005754460475658372,0.018949906472321077,-0.007223976068823839,,,0.0010103987468616435,-0.020887962164601075,0.07079414980160922,,0.009185887843800844,,-0.0478006473306396,0.008129635173862865,-0.0583528462969954,-0.07548108877080574,,-0.09211115749524668,-0.017899781008849962,-0.06253604599759331,0.00213435653312966,-0.014267796707082734,-0.012780762617765494,-0.014689332916648642,-0.005368288551380786,,0.027932272614556747,0.05214329984751596,0.00028760617034162414,-0.20130464321831734,,-0.004410263191964453,,0.03271193575549693,0.05344898539161018,-0.13280400850683416,-0.15229137326029554,-0.012539631537901772,0.004467391243462819,,,,,,0.05289512621506063,0.05160588685416595,0.05414213508426957,0.005035189171040241,,-0.01684325181095868,-0.020898136465190502,-0.005376138564251699,,-0.015793040765657792,,,0.009006374911906659,,0.01937646177112961,,0.007023320442290045,0.001240947963932872,,-0.01329673042885373,-0.019938489646616694,,0.005399171804484969,0.0062155748854009485,0.012278560386836205,,0.0318540935864609,0.026511951500926754,,-0.019230187984546964,0.06617802017501137,0.057371182150028864,-0.010329833941824951,0.008274779208376496,0.003521642968955983,,0.006867395746954289,-0.019810514826436483,0.026121162508759926,0.00037316518845398306,-0.004811477148459562,,,-0.006430498233087336,-0.04962297532276553,,0.02263127585016092,-0.0237205131784516,0.02471260361144078,0.02130760488722088,0.015714975343221627,0.011467964264175536,0.009017940348008074,0.011671324866269225,-0.16116469619285348,,-0.008268844564645045,0.00781385589835735,,-0.004941288122605094,-0.03974476690558612,-0.05029283618557074,,,,0.016752619200832125,0.010513231935479981,-0.006755120881779811,0.00711282861921192,0.017606724263913808,-0.0011653528752590008,-0.008329339414535385,-0.012361615179656381,-0.006602846507503192,-0.005688081048013535,-0.027245975242259156,0.018618541854679226,-0.01036663601245324,0.02677284751702529,0.007776843918320784,0.006678674204997239,-0.012021308736225743,0.0037342023314947716,-0.0062911566049586075,0.013284879038858822,-0.04876974135231242,0.05246459118385493,-0.015597716363084406,0.006769124450200197,,,0.010331007245158882,-0.013501199496591872,-0.022371872915323013,,-0.005194730693618965,-0.009789253011438522,0.014118109960845466,0.036176912935224986,-0.007887786134847613,0.022863134489446064,0.024568036797186416,0.015526515661523552,-0.003361676913484172,0.04144614369378868,0.005125381732404426,-0.032149714302245974,0.0010686366649144716,0.014537101362167307,-0.003858229193076178,0.017259927949127337,-0.001960467089616438,-0.02719336434828455,0.04359019157351551,0.021716713232286383,0.0004820613880611373,-0.0045978873159006235,-0.005076215278647398,0.0028101895925922195,-0.00861566954113382,,,-0.060607122266118016,,0.04891826637711791,0.004346839183640489,0.061043197874034734,0.0357758918851928,-0.009840135139982662,0.042626324384479795,0.007948340199210115,0.06273068289572004,-0.015675411066857596,-0.02041913476059292,-0.02014862512695469,-0.010488482724200816,0.02196214383402641,0.020806653774516733,,,,0.028034654325227726,-0.01657658398551698,-0.004115134357617034,-0.09157261279953888
2024-02-01,-0.02545947143852822,0.015426056780001831,0.0009120344084217058,-0.017746592791304274,,0.04956492504750055,,0.0008816360616351925,0.06694604220959788,0.04558712950067821,0.07854424191792067,-0.053361608495180755,,,0.011216471034608762,,-0.00576081336215461,,0.13376178619329432,-0.01537928256079838,0.003492601852535712,-0.02614980943084659,-0.01464983610528623,-0.02289280041300382,,,,,,,,-0.006432105846631713,-0.006406296373135474,,,,-0.0026884305331094805,0.014021364628384842,0.005095861688208512,-0.026638913611618575,0.06351047226972187,,-0.053960854812942535,-0.016517745897018397,0.006726083002729402,-0.02154596845254785,-0.01533833873586459,,-0.008848220973117523,,0.0044432566225138664,,,0.006955216951348836,-0.015762116639061487,0.023401831206934585,,,-0.011338628601497392,0.0005370394286332357,0.013781306499200768,-0.06723526337388497,,0.009477763077418551,0.003163255923510431,,,,0.021532883354185624,0.0025367520751958684,0.031908404710947,-0.0071155508207257,0.027224854847348084,,,,-0.011521718597103462,0.043851879549383625,0.024987431390173457,-0.021684982808567777,-0.013790691352706871,,-0.004779172427891242,0.06773594659422127,-0.015866820571826853,,,,,-0.06202093258179265,,,-0.005851231366343016,,-0.010025707884995402,0.008766838840116453,0.022007329201047112,-0.02212256759174144,,-0.015289637200551242,,,-0.0021036414564867376,-0.00044592991609301906,-0.0010205823156445681,,0.007787759856030748,-0.03928502737150862,,,-0.09741957431510527,0.00430108842056655,,-0.019562919886355796,-0.013561599453131415,-0.010278178602971163,0.00988882230381401,,-0.009628503505013966,-0.017493165308566604,,-0.007765122712052672,-0.02243940249178139,-0.02636119861133185,0.012064708008788609,-0.00202519000335847,-0.0024000821704347796,-0.009002221219099929,-0.010186383911392344,-0.016062114588761712,,,,-0.017566945972583282,0.023774312952657188,-0.014877448635133399,0.029953748544268438,0.019056007670633805,0.020148519329921368,0.026706407310325593,0.03095286097676143,0.02486206371578437,-0.0016378736353881986,0.04969314562900236,-0.008098181827953849,-0.009674143409260696,-0.009676285697235646,0.011903738841183011,-0.00024272252737107534,-0.006095048829905781,0.02258285940864009,0.05650734438324648,,,3.403208469528293e-05,0.0031834307360969582,0.003404479895925548,,,-0.003039150036165494,-0.012640910365102996,0.08421227057630573,,0.002945512090717687,,-0.02863831737313234,-0.000642013132255649,-0.03289131607392479,-0.04805175556446066,,-0.0648364569556382,-0.07082163602560466,-0.0640540840815216,-0.012897551355752946,-0.012405425422234412,-0.01730472335298689,-0.05807682165714128,-0.001592096996261039,,0.03285652280169406,0.06393040242638193,-0.0028969366273512752,-0.11282397172792873,,-0.010113805882210688,,0.03861982241762738,0.011289328274763666,-0.15471690202634855,-0.10878980389020143,-0.008846810177404291,0.00540989240346805,,,,,,0.06521268858234106,0.06442207753705101,0.07355147854242791,0.008312320707834778,,-0.016494237482244906,-0.011124977998007171,-0.001347234169906892,,-0.01069154525408396,,,0.000980466016147388,,0.010025944732925493,,-0.005657796329223558,-0.00891423872209249,,-0.010965032440618548,-0.019197247282601457,,-0.005314490179741875,-0.01048461042544066,0.0005991473229010126,,0.05232010890883778,-0.014572129900126945,,-0.009810870954082245,0.08747183528741412,0.07743966517154316,-0.016522810972554744,0.004011897578385583,-0.009738416693858007,,0.024563333622798673,-0.02047339566316772,0.024275373407237046,-0.009460391488641397,-0.0012628097100277496,,,-0.01599391435456418,-0.03736002735199664,,0.024768996831460426,-0.02051483339151546,0.031069033616066406,0.026182151890305556,0.019745080685050126,-0.005070409996715909,-0.007497717927705169,0.01927433541969164,-0.12490789419356607,,-0.012342536524401712,-0.005139097154667457,,-0.014878751730885542,-0.032979606669342874,-0.03496872834703139,,,,0.019619833726964284,-0.006039263620491242,-0.01163910022516459,-0.011718980407891733,-0.003195676669274591,-0.001958212263803389,-0.002821410391139505,-0.002887166088946285,-0.001281844128425102,-0.010733497295180852,-0.016657474061293746,0.036461601230094794,-0.018757636273389094,0.010162499731098965,0.004346781513655497,0.0005907738584034622,0.000797257112000175,-0.01636632287914778,-0.015943515774006163,0.010973403922451106,-0.03709629910252494,0.06547443018155845,-0.019963334776586524,0.00554027545430614,,,0.011712394547614819,-0.017683472482313195,-0.01280004028227247,,0.0009765008591966839,-0.007702681196438672,0.021043091690678122,0.047229725952530645,-0.005889665979439992,0.027538531993912915,0.03047777083127494,0.02088359769584537,0.008267619081585074,0.045612033676141694,-0.0016403210043829397,-0.03757829649882082,-0.0012518375147982015,0.013848641337090873,-0.009731259912408117,0.023817096098489983,-0.003477295758950748,-0.015123578253686756,0.05488429349920875,0.026817569044244597,-0.012320381351537343,-0.011005502621164636,0.006832246101031244,-0.0007579120527532442,-0.009999977139254988,0.007799563492171152,,-0.04289620348190481,,0.05573932168606564,0.0025663901313088037,0.06134604398826329,0.015779524474829602,7.255774476492968e-05,0.04882383314957174,0.005754515812556528,0.07617710956154458,-0.0240059321672775,-0.01093148943565743,-0.0278826008338403,-0.01619393548438047,0.03972315813540548,0.008895544415192426,,,,0.014050885386120966,0.003186257274901511,0.027380200834360675,-0.057820155915288524
2024-03-01,-0.04192801670980213,0.01723859568962894,-0.0028269368200289306,-0.014293033367281573,,0.03783988233892349,,0.0042758264343088475,0.05209470922066815,0.013471842377093262,0.05436433153953732,-0.09375272096144951,,,0.02828823389401855,,-0.004070765241529024,,0.10726294405201167,-0.013495217128636303,0.0071524864605587825,-0.023947924623435923,-0.013681630580512001,-0.022440339396200118,,,,,,,,-0.0017693101015443446,-0.01565448354303548,,,,0.01037531263596466,0.027499561631559567,0.020878238798461513,-0.016873876094665178,0.06656122380545285,,-0.05176603115267185,-0.02888690658824983,0.007383340476929213,-0.020363742742746247,-0.014841765498580036,,-0.006769928389423508,,0.005859660377829152,,,0.007649301510481871,-0.0286247494096909,0.03042068070009415,,,-0.008395273138796521,0.00423235760936822,0.004431981432237671,-0.07587848989527748,,0.01060705226994353,0.009392999997229584,,,,0.017497863491034323,0.004601278168830693,0.04212887122531651,-0.01920285701750299,0.04060530045606617,,,,-0.01125857129358312,0.0418367578918767,0.02081965604909176,,-0.01355227761106018,,0.008883784773052362,0.06863397026538619,-0.003997446897799824,,,,,-0.1032852972770834,,,-0.004154884154168067,,-0.022829836387636544,-0.0003001607700668416,0.03151601391887915,-0.02316677366313505,,-0.0034972055680223143,,,0.0022277288919324385,0.003000511329798076,0.0018719244115905302,,-0.00047593515749089216,-0.023962082160179924,,,-0.09528554882410901,0.005300559013211299,,-0.020051254191939736,-0.013201433646401186,-0.020091402921499538,0.009243588810615811,,-0.007184323656401452,-0.013956809411627876,,-0.005501902891722441,-0.022282108008589385,-0.01664546242357862,0.028687275452318313,0.00636485551813376,0.01227128224176365,0.006491539060330474,0.0014660921997675046,0.0059335734979384805,,,,-0.017689335075339815,0.029912484997301387,-0.012957965358591955,0.03582472852408395,0.024944693604158866,0.025919724079586603,0.0326986190284521,0.03735013252704779,0.03188985014118457,0.006652185857780901,0.05391657552562585,0.0021319766852725673,0.003412486713417506,-0.00011957975489668223,0.02014388424727197,0.009020994247820106,0.0026674621476958623,0.02984905805151357,0.06103221940459171,,,-0.0013713575781364427,0.0019631241918196874,0.012488489679742323,,,-0.00037633459259622484,-0.009326547523128838,0.08397434550120236,,0.011068128120837607,,-0.029850532689701198,0.0029232594944400485,-0.010048549587117891,-0.039484649776149155,,-0.03776718346694964,-0.11081626035566096,-0.0975234641722619,-0.011500098569717383,-0.010102545138285906,-0.016452113326521165,-0.10119353346714739,0.008380762355417935,,0.03881159719276335,0.06306799207999497,0.010735432635227775,-0.13265092412068055,,-0.009865595832230173,,0.04395030842064961,0.0017760911278653139,-0.12937410081082565,-0.14822267945060805,-0.01638072846025017,,,,,,,0.06672000409703886,0.06705559824562535,0.07737074681149737,0.02009409877249794,,-0.003958404743238413,-0.008861295103820482,0.006969428326876531,,-0.0033571873635702466,,,0.022509975774744912,,0.014543044689079286,,-0.0035136647477623136,-0.006581235791190393,,-0.009608277345425026,-0.006667636033795333,,-0.003181919363885658,-0.0089699026734701,0.0038336277114509043,,0.05259874947765319,-0.021809823208313563,,0.0010062421680721455,0.08563345121778768,0.08163029362098755,-0.014258557009185201,0.0056718193064050565,-0.018662303166739187,,0.027606237760064888,-0.011738116807864412,0.03319580175936599,-0.007128065327709044,0.009575253641183995,,,-0.015190305366457955,-0.035328921683333236,,0.032917126751988504,-0.00922407688682964,0.03738385807454696,0.03245769917810169,0.026616700363366445,-0.005424608956455625,-0.005764209473052611,0.026372324408020415,-0.13386330482911676,,-0.012042958639075308,-0.003171939595241697,,-0.014898602205886404,-0.030839892840875165,-0.03532743911099155,,,,0.024910785824686265,-0.004320407474367858,-0.008784454765674344,-0.01134604212999911,0.0001742465529010289,0.005678557855877441,0.008137240641630133,0.0022168491722214696,0.011386357043409392,-0.0085387149824394,-0.013974128440269679,0.03413327128812254,-0.00037442741748383064,0.006984109462153929,0.005786016810719946,-0.0003992713404294575,0.010489834005008422,-0.01677254889865481,-0.015302860950272053,0.010659568859663064,-0.03597083646984352,0.06706723208247534,-0.005306469918705428,0.017342192869816843,,,0.029860586916024535,-0.016994623058544607,-0.009414845341671415,,0.006244866678195168,0.00027367567229057713,0.026177639502922095,0.05043228251562592,0.0008132996860741913,0.03193308565019287,0.0373410032518647,0.026680601759425018,0.014144194953070626,0.036291682950823266,-0.0030374667744023512,-0.025047079919155075,-0.000871056648084655,0.018156264701910105,-0.008866325224952114,0.030823150354470266,0.00929923416078685,-0.0017070945144862866,0.05486570481497272,0.0336461309130358,-0.022519221531482513,-0.005423793410008837,0.014991500982132434,-0.0025765337557386277,0.0045797245926828215,0.00863305469432591,,-0.031465304050959125,,0.08003032747390766,0.010056402745060481,0.051226539568722355,0.016188427977169594,0.007135891645579002,0.05140384413378189,0.024362222048827042,0.07840047675630016,-0.00604910172060819,-0.006581468168840859,-0.014491600394174806,-5.59978206162351e-05,0.03610755924951899,0.02040917293117078,,,,0.011932477400172434,-0.0032959727181362903,0.02199673270357248,-0.0562565131691932
2024-04-01,-0.03353831645628824,0.04480645957666635,-0.003464738219821881,-0.01601600763551216,,0.04119095264913427,,,,-0.007837314735679574,0.03623839033682848,-0.09304311032182495,,,0.014228857284487887,,-0.005987423609067884,,0.09611645229228141,-0.014493620646506094,0.0008228320365764628,-0.021323416488157027,-0.015797327117359893,,,,,,,,,-0.007676976071019754,-0.011857468758875384,,,,0.01286780458767273,0.0280555482279609,0.023955315733241802,-0.01927911224106611,0.06934102682816319,,-0.050614080286356875,-0.023771951874646945,0.0029516871139515202,-0.02609524350494326,-0.02202906744317522,,-0.010171516365479446,,0.007642918391342528,,,0.0030412290734166303,-0.024888504952237697,0.03410307156764352,,,-0.0043083297960735175,0.003985143156245164,-0.003133090190263805,-0.08039534424226,,0.017695591574928882,0.004249488243871034,,,,0.010875901605855184,-0.008537379987807443,0.029651024737533095,-0.02261064478402506,0.03537422133838647,,,,-0.016694160200693114,0.05347351734050697,0.012628342611985525,,-0.013399245098096505,,0.012694473863357283,0.06666309626576114,-0.006430362943173829,,,,,-0.09040754760794759,,,-0.008326185031907851,,-0.018526293480397967,0.004150962733232152,0.03516823190445206,-0.02915781296460058,,0.0024074637774901867,,,-0.0010208966819784209,-6.756305758036543e-05,-0.00259570374251068,,0.003989633669240084,-0.012058979456317837,,,-0.10554286967801702,0.0004913506932868566,,-0.020009837609390468,-0.015072993718220459,-0.017622562860259337,0.00024989477452807163,,-0.008594190553944031,-0.011010371781530925,,-0.00936705435705386,-0.028351664542817113,-0.005054518597708143,0.020037623866275747,-0.003587466895859927,0.0058953813302736685,-0.007388935783861514,-0.014608405838337364,-0.006231805817896399,,,,-0.02392528016648505,0.03182712088779629,-0.014378301363563651,0.04232855567560125,0.023511400062884578,0.025376875183315616,0.0359302929089483,0.04345293053546472,0.03409597156185263,0.007400516316923247,0.05732359465423021,-0.007554664136334458,-0.009060088034235875,-0.009621384929950644,0.015991641626191995,0.0049799840898715865,-0.0015701926873839859,0.031778958558856596,0.06729155928547612,,,-0.003366626892018172,0.0029238306855765986,0.0156950321671483,,,-0.00893533041752278,-0.01010091679067664,0.08550703846385663,,0.012303381293297541,0.04482516953959413,-0.036024954983066765,0.00024336331436894515,-0.020588415147910512,-0.03998728871961489,0.016621271055553215,-0.05036893995747287,-0.10211097577098052,-0.11513756028719653,-0.015241017596943192,-0.009733566188646675,-0.01688161756617435,-0.09375689920585771,0.0013099579096388975,,0.04369322732938453,0.06785736933583343,0.014629885386754447,-0.09060277469258211,,-0.011291733623966644,,0.04808104871170456,-0.013481238295873457,,-0.17390893046256672,-0.010809891368382807,,,,,,,0.06724546425772773,0.06722088816737083,0.07459722206675029,0.016917891855706208,,0.004173554478043427,-0.007281814317421213,0.005701079285906973,,-0.007543844742909307,,,0.021116235895590602,,0.010726905701743589,,-0.005387120272624949,-0.008611426889769193,,-0.01658193547859628,-0.011733860108358996,,-0.00528415281631801,-0.012960826038201428,-0.0005507707345211979,,0.060291691884193754,-0.0038381117657548596,,-0.015175301372272163,0.09246348572723231,0.07998816950366429,-0.01542555745784599,0.0001275983778524341,-0.015838751951973516,0.01534557462932503,0.0191747039062957,-0.010907810057712098,0.03899883823761236,-0.010030819876641093,0.0019020636284694547,,,-0.01678195178603853,-0.033853072799885905,,0.03634487255537116,-0.010341855618704423,0.04422747602327307,0.03584086088297832,0.02620944570251754,-0.010694737900254114,-0.010517172962359456,0.027419990641232298,-0.16095693209587622,,-0.012706019889545448,-0.007643326949448914,,-0.0159442308486164,-0.028752077980456932,-0.036260671931061694,,,,0.02546774645151013,-0.01017756493773289,-0.009913665467541853,-0.016046727132069036,-0.005573971036518644,-0.005913929769026202,0.0002487601731336137,-0.0030861709038190618,0.001409953256761529,-0.009339439617548642,-0.011198995938958269,0.024300887721609654,-0.0019783792859940016,0.008063131807788898,0.0009958455201553385,-0.0030241951618857474,0.011313017143032233,-0.023898932749389985,-0.01633898908422575,0.0008135506119749581,-0.03398465403555056,0.06638729349186726,0.004408690166948712,0.01981449038551031,,,0.02079118170858538,-0.018118074628316067,-0.011651482071412126,,0.0030850563866664086,-0.00351897049188523,0.02895408567788051,0.05322423138068751,0.003419883865760701,0.036175110715735787,0.04391618444547271,0.025144402423810587,0.009953931691870123,0.05013860202141037,-0.00024820612458066013,-0.027982038714862857,-0.010205851616714157,0.017976663225425734,-0.011419696819916622,0.032600882475070224,0.010742570820627554,-0.013414448973991525,0.059324195527571434,0.037031305762763374,-0.01930969979207007,-0.009810524656804183,0.007690795338497787,-0.005242913345149308,0.005955338507461702,0.004091075842929965,,-0.019663957402772225,,0.0706217063921959,0.00032528423731369036,0.06335259611143612,0.01896526143549372,0.011149617260876779,0.05708242852014679,0.018193337172539598,0.07775553772223562,-0.006793125919589418,-0.007945115463580031,-0.016028771423709502,0.011203223572783506,0.025529508100947274,0.007921024561263588,,,,0.004358334244319412,-0.004095554025372535,0.0037427514751979408,-0.05617762547760239
2024-05-01,-0.037360212187573856,0.0171010814829281,-0.005297669849869934,-0.02844356886540536,,0.03953328288932609,,,,0.01043158103173051,0.05047233700020908,-0.08016502696010375,,,0.022803706438968476,,-0.006518333523097529,,0.1292109072382869,-0.02882468046951768,-0.0035160724170423263,-0.03768419454860439,-0.02823549233463793,,,,,0.047280859854176176,,,,-0.009953136889045915,,,,,0.011801178377484699,0.02577522539852539,0.020446784071173278,-0.01465921052305105,0.07770696520752822,,-0.06614177994754027,-0.02643231308988744,0.0030134503437072436,-0.03381070397924457,-0.03053199359966486,,-0.01407435609915836,,0.0019475413575337846,,,0.0015811356245634882,-0.029449468355955088,0.030906666908806942,,,-0.004190504222715987,0.00033935351398904645,-0.001164447423598149,-0.0783668218644139,,0.014020261044784316,-0.00602296375971933,,,,0.001999701414265405,-0.005814967421763487,0.01417261050955906,-0.016045839813197477,0.033224707276258605,,,,,0.04176137373803201,0.015974422043454756,,,,0.013239723288799457,0.05189724771645842,-0.009858950130178764,,,,,-0.0918513696505855,,,-0.015896208233194927,0.06217685280608639,-0.06675213010562565,-0.016814374412763355,0.03206622803361563,-0.029870381005592868,,-0.0037105579839143664,,,-0.006599006266604745,-0.006525404762184883,-0.007437820340236045,,-0.017803158407352634,-0.01806353213181023,0.0521304305805127,,-0.10470334917129218,0.0011621728532074085,,-0.0361529082552702,-0.02913354833578948,-0.020176054189258025,0.002322272549922974,,-0.02193608416218621,-0.026788336534748616,,-0.019582401568706304,-0.03497210654149962,-0.010452949511187568,0.027046475211106143,0.0031308168754532397,0.020365708572866157,-0.0006086675018557288,-0.007268585613821715,0.0028128162978445447,,,,-0.03460897167137458,0.0312732961359383,-0.025930190161737643,0.039052742747633096,0.024190403771766938,0.02535245579672553,0.03351093763045031,0.040001355084791634,0.032990560572767225,0.010901689510729349,0.05148303066335519,0.005103076631185899,0.0031467065071971033,0.004942405904030182,0.022599772146205677,0.013964163037213713,0.009972277107060761,0.030903823853279506,0.05768868158834577,,,-0.004748714640493185,0.005122253015654008,0.03606905646233474,,,-0.0031093546499786294,-0.0020090255876258826,0.06566693960367743,,0.006721879320539058,0.032036167869772425,-0.006991993124808259,-0.0054273074011212535,0.01231381544218436,0.009286041072728452,0.037690835298107184,-0.012325497323088354,-0.1035457637923352,-0.0909323357035344,-0.02386128748752679,-0.024280511380495293,-0.030228977069357958,-0.09386503743305817,0.0125359493886077,,0.037638513148657245,0.05591494366446008,0.014462158352049248,,,-0.022702291362011236,,0.041451472134126706,0.0016106317188930423,,,-0.005449728587258105,,,,,,,0.05259226008560508,0.05221988293063336,0.06456972185343736,0.019891872092679758,,0.014849575923168832,0.007969905725828074,0.010643548711796949,,0.0032017260296103097,,,0.01751020827608688,,0.01174266715988696,,-0.019055994964266586,-0.022881292038726592,,-0.01387863314321822,-0.011200731448471828,,-0.005985683831839611,-0.024007378376915658,-0.006052658540131399,,0.05077071482407379,-0.036135442579727735,,,0.09111362002543602,0.07675644558030213,-0.028454288922741183,0.0010169123280411284,-0.019179846533412058,0.022702479854821864,0.028602206985894395,-0.007130539602813135,0.03221833562561418,-0.02097082959422661,0.012900907452992705,,,-0.03038914529542913,-0.04973198631696499,,0.03425113951451735,-0.0033417414122874555,0.03971100807393923,0.032642731460707994,0.02455703515911303,-0.013303834353500814,-0.02130142331792696,0.02648628425585745,-0.15685639023077128,,-0.02416946047131135,-0.008426109442081635,,-0.0296665615749585,-0.04539256013098742,-0.05147401068180577,,,,0.023882302476252268,-0.0104689014233217,-0.022546971417146067,-0.024904268655510032,-0.008802243064505092,0.004109557304796472,0.012954275674417797,0.009311355362564869,0.014007214102178776,-0.02221506776501272,-0.026776918759316926,0.030203574129615572,-0.008317342517818307,0.010006583783950373,0.0007415238542785331,-0.004603703421257377,0.03181686946231074,-0.03180523184193892,-0.030982401534946226,0.0025940654933308454,-0.049665456209891753,0.05169085119832563,0.005019935235299709,0.018711671820974357,,,0.028685244743742982,-0.029769933063047854,-0.0031597382852751967,,0.01141571001671615,0.007550267467600939,0.03018449143556597,0.04890056631551262,0.009261168288836892,0.033263001922442546,0.03990250647528459,0.02577488855231911,0.01506918981868462,0.037485424988789505,-0.00175519198208743,-0.03466719258177516,-0.010506257488613844,0.017725883898467798,-0.022876448759349705,0.03213699591332878,0.013441455563655598,0.0012353595379444972,0.05202395611603641,0.03370780759031379,-0.022695621874894253,-0.014616275784441253,0.018631443633145388,-0.00597362834969103,0.007206929438511597,0.004500094162723068,,0.01623305573698487,,0.07425341791498537,0.010532881934204128,0.046532605911641385,0.016897508647658148,0.03242756502280183,0.048117277689320906,0.02490825887094421,0.06070889252716323,-0.014436264750071566,0.001797049919278337,-0.025236662214320506,0.00907735008042098,0.03215364444569365,0.0032577924829438874,,,,0.015951081896325447,0.016504038563123023,-0.0008902894587551216,-0.07215166700692063
2024-06-03,-0.029462342365025943,0.01213317193606832,-0.008768104740611387,-0.0315605204203493,,0.03641051569166159,,,,0.006412613893979048,0.05864468120850166,-0.07447055693321619,,,0.03154198123572889,,-0.006982456466807743,,0.1327452343164871,-0.03198896336745233,-0.007333170467538537,-0.04340268458110558,-0.031205887420157258,,,,,0.043515158783738676,,,,-0.010005428880971397,,,,,0.008436843703261492,0.020525802175013128,0.011856777181779833,-0.009152415147951256,0.07251827685088658,,-0.07442984943394196,-0.02171891319257239,-0.005461042899629542,-0.03593966992193426,-0.03214815021777132,,-0.01497118705474094,,0.0013392136425972529,,,-0.00636506205470955,-0.025083651308637166,0.02555316724048832,,,-0.008914725813869803,-0.0046929988576561036,-0.00963560363735333,-0.09190922707570398,,0.008896978163993987,-0.024278865344316693,,,,0.014851821168880772,-0.012809443467306881,0.017376974523349863,-0.01295849370285469,0.012217093352327868,,,,,0.03711328056822742,0.006076137354306063,,,,0.00840827915087477,0.0441435491225471,-0.014235769592435886,,,,,-0.07453162205685843,,,-0.016002189485016857,0.07966805868609558,-0.03671371621720491,-3.3172682410128677e-05,0.026735403511041114,-0.021264535103940177,,-0.0005482151342642371,,,-0.012338628783314359,-0.012238750534963786,-0.012742358622223664,,-0.0006987672937386883,-0.025898907267024623,0.07014563382721206,,-0.10621852183553158,-0.006511875676220345,,-0.03958099427003785,-0.032008107277956714,-0.01693411407381526,-0.008289344716702283,,-0.024981789394411293,-0.031873021935603145,,-0.021782790221830738,-0.037542922292074746,-0.024904997464996602,0.03027732556798966,0.006452003957977524,0.023652663833021483,0.0037267423682582224,-0.0040562333086096875,0.008641515604860147,,,,-0.037657311151172816,0.026365238287379505,-0.029046999236167305,0.03241270963781243,0.021008544802126352,0.021657589154700774,0.02791561907224315,0.03259983471301767,0.02761166979716361,0.009654464150763584,0.04282700263879593,0.006893304893489167,0.00839587809272124,0.0034971852258475133,0.019058821637078012,0.013242948870300806,0.010158002852885565,0.02577797344519731,0.047472772016274076,,,-0.00942472770685933,0.01959027876556701,0.03397183886728271,,,0.005863746614388721,-0.017357166943392423,0.05674253606621581,,0.0006155683664259509,0.02760750861590281,-0.0013358457463550882,-0.011270116710939585,0.022087441371382577,0.021891319839443674,0.033056527089899035,7.317440398939643e-05,-0.06901668218307958,-0.09374954077619962,-0.025362282002868036,-0.027934921052558674,-0.032741973246090156,-0.07784459199127033,0.015560912270245815,,0.030879368634990752,0.04275322144812825,0.014083037392497857,,,-0.024900819030785278,,0.03361355808763608,0.03215625179173801,,,-0.01219259349354733,,,,,,,0.04378809304771032,0.04289411277325434,0.0637177233303846,0.022092169670409115,,0.011709803926096822,0.012431018740136569,0.009526092578005114,,-0.011412205961943025,,,0.024095959157102727,,0.0040487075997835955,,-0.02224809055903343,-0.025145102276345404,,-0.019393390399818498,-0.010451175897701377,,-0.006499301641235978,-0.025451649699532564,-0.010912782002696658,,0.04683448478198642,-0.03030891095516412,,,0.10816752499978459,0.09165072933913086,-0.03135144466452547,-0.006061390730040072,-0.016701581914701953,0.02483643124823612,0.03331700648314732,-0.006450435654561056,0.029059640037423493,-0.02339313677535313,0.01617419597936817,,,-0.03319355999520471,-0.05544047014376269,,0.028554543039278034,-0.003283738731026965,0.03226950782666124,0.027247738801209304,0.020919754218693406,-0.016178016061637813,-0.022771291890366033,0.02231749839414133,-0.14883316295932197,,-0.027125776489098252,-0.008771473851407,,-0.03298829167661713,-0.04974715030067358,-0.05732258993735908,,,,0.017515307228807443,-0.011556587603104233,-0.025955472641586087,-0.027104761343180402,-0.004967452883233117,0.009648891749325596,0.014019469922805018,0.005974275282270658,0.018270028513355643,-0.025069942110914775,-0.03204451316227831,0.01825419407572575,-0.014370439342584751,0.024716585302192652,-0.006466051813245383,-0.009003365201147678,0.02983551673533691,,-0.034421609721910267,-0.0071777729099745564,-0.054942742343882967,0.04397763781687537,-0.0038941083823058045,0.011011215505669058,-0.01293666411354254,,0.031815973930603585,-0.03259949000431315,-0.0172069138253922,,0.011106172933597046,0.007295905762205624,0.02595613494150429,0.041422162648212614,0.008991940943181917,0.027742059266780292,0.03273207647653807,0.022025453746065838,0.014836283474141267,0.029914098792235756,-0.005411504856386224,-0.03178970368115649,-0.014669613917496287,0.012685367528037237,-0.024672698073890383,0.027605389127119555,0.01302959059608218,0.0037191991703536755,0.04144348783960413,0.02763871164324605,-0.019486628214983724,-0.016070729866241945,0.018419712101871988,-0.009661883887186888,0.008839348962184742,-0.0020890835253100305,,-0.008463440266317433,,0.07071008321826507,0.01536733126892954,0.0388720929799122,0.031899717472701095,0.028760127105926132,0.03850145802560395,0.02768401056491643,0.051705639296130035,-0.020697360268692754,-0.0149913841270046,-0.022481675096452058,0.0005884830406937718,0.01898454486099468,0.02509980974031303,,,,0.03954992415302597,0.016382245610910614,0.029704776270764597,-0.08088343987690252
2024-07-01,-0.019348767129666492,0.012640887972243268,-0.0035468294694676046,-0.032886924655475096,,0.042153409085046833,,,,-0.029354631266156554,0.042689124182216744,-0.05809597100859677,,,0.035002585576051966,,-0.006968326372451432,,0.15046196385600383,-0.03395693961086306,-0.0009733703305732758,-0.04634429801774791,-0.032120866064926666,,,,,0.03149089156209505,,,,-0.017858791733454272,,,,,0.013611097665109335,0.019580738956898536,0.013846814030490736,0.008815737912683669,0.08583154873220324,,-0.0861386493768321,-0.012508190059528463,7.664006685553025e-05,-0.038922823497413876,-0.03463689617970106,,-0.012858171338699249,,-0.0006522617512159042,,,-0.001584127857512418,-0.017857674660018245,0.02396377975545762,,,-0.0058885327361918195,0.002142431570458555,-0.008095967406701047,,,0.006975758757646416,-0.032220893052216384,,,,0.0033468374452332726,0.004996570927458828,0.00822074819897488,-0.03416028047160527,-0.0015056234585759316,,,,,0.026965457640843384,0.012509406041690619,,,,0.011989510879583313,0.021481929758788536,-0.008017508019272304,,,,,-0.03717403422897812,,,-0.016068269262906013,0.060551446944772894,-0.0014334157618908002,0.015433325286735064,0.027623342259778638,-0.002393430876708239,,0.00930260550268638,,,-0.007586998109054594,-0.0068832304025326155,-0.007555961100196188,,0.01626474992121367,-0.030148066571604945,0.04825349563245779,,-0.12709736962105586,-0.0007908525731237281,,-0.04362254034476787,-0.03294607752121719,-0.007306778059880636,5.214000355860982e-05,,-0.02364333487192435,-0.03145443486883764,,-0.01983773317460237,-0.038735305535287944,-0.018923531369183476,0.036712300354017235,0.00638524758515756,0.02991648896538525,0.0032996483922158623,-0.0052581132711785605,0.008261149383411768,,,,-0.03913171549695721,0.024525684114006227,-0.030084504937999797,0.02801871780697841,0.022889944537581773,0.023115664996613907,0.026269804735070602,0.026343022543187652,0.02690552463189499,0.01489731672113016,0.03554361988438702,0.0008370583365559775,0.006500701125800271,-0.006040124932080299,0.017414687995573372,0.01589943572123591,0.015627915998422465,0.02406493960413942,0.03758463646344074,,,-0.0020421675187159826,0.033332991087088405,0.04512062641388835,,,0.015023494468207391,-0.020247988910474652,0.03249763100237127,,0.0017904393256212724,0.025640754096436163,-0.01333686856009948,-0.005930613229677098,0.042460403948955075,0.040558206146305564,0.043857477055784605,0.017952414639396452,-0.01890065152293083,-0.1262993194157289,-0.02565070039783911,-0.02795839133312634,-0.03428332983042457,-0.04078808436757906,0.01864976243017867,,0.028679544015887824,0.03137137989541342,0.019923967732523123,,,-0.02501984891428247,,0.029061797906660372,0.03556316136890587,,,-0.008760178576481108,,,,,,,0.02961006182815231,0.027556112770015156,0.034385224292677326,0.025492025539712266,,,0.014240180356623413,0.011498209686456226,,-0.017392034171627112,,,0.029623472517486614,,0.00979701674402999,,-0.02046533845629455,-0.026361841319578003,,-0.013404671906481806,-0.0009591062078303202,,-0.006391490206363724,-0.024314482233032474,-0.006914963935440855,,0.029014171891786164,0.002576346159871713,,,0.07643033935650413,0.0520124786373152,-0.032527494243570085,-0.0029517313153153853,-0.00279938961228482,0.017766817946403498,0.013761351911689357,0.010986549939187242,0.0294307590685662,-0.021818030230354637,0.018730595333426275,,0.00302991632135987,-0.035114543604912514,-0.06265170838783085,,0.025271827397250243,0.01245257315897073,0.026866176100148128,0.02615376790611142,0.023873256288531656,-0.01210380534129699,-0.020935927425690552,0.019755661732936344,-0.1935430474835493,,-0.027951284050960538,-0.008715511971913234,,-0.033443263376707784,-0.05522644538240593,-0.06746833495938934,,,,0.018083541256898917,-0.011808943755535359,-0.02434348672181644,-0.02956859361172104,-0.00534914703786641,0.018154161096925175,0.011164343860154314,-0.0005788854783878093,0.020488788369022286,-0.024325078584948538,-0.03219559935282081,0.013450339349183363,-0.0039044718830430138,0.04068091437128898,-0.0016459804518907477,-0.002099343760365916,0.03877083204163397,,-0.036411017836583084,0.0008226709311688332,-0.06241917604570593,0.019730803363857723,5.2361596819460174e-05,0.012109362512918357,-0.010304481525568936,,0.03709158101366978,-0.03419697316817493,-0.020039994850112625,,0.014035038704954962,0.0158711519693109,0.023854303455269683,0.03126540201218961,0.014699638062155001,0.025727091214854194,0.026352171821576616,0.0233651935466047,0.010629019840993435,0.0295315295108168,-0.0065569882177625325,-0.005049117814240179,-0.0070781473100174665,0.013353711057270368,-0.02502268510511326,0.02546238573645447,0.019139114094688325,-0.0028063095104124297,0.032337029717172214,0.025954385050003494,-0.005336805888324674,-0.013569683572221486,0.01664352944598687,-0.002772550171115518,0.016680894165091505,0.010451289618934264,,-0.028350163831510195,,0.0802598548912494,0.026734049637778753,0.03368062226331056,0.051727345040317486,0.03736616109119898,0.03170180476608057,0.035374376089150034,0.02713270258705522,-0.00915395764438472,-0.018054755427657325,0.006719413775484981,0.00601922600726497,0.00964075449704133,0.05516786191154104,,,,0.0479693022068353,0.022319324315821412,-0.01518547381781727,-0.09662677209736198
2024-08-01,-0.014129123423733129,0.015165197895622004,-0.0016355620937612055,-0.030062310673098867,,0.041664106066455105,,,,-0.05417100396473196,0.02485610795735436,-0.055950424743215585,,,0.024913910569376644,,-0.006978072120784942,,0.1645124041245945,-0.029666700385395584,-0.0019828393594997426,-0.04559748763374421,-0.029016753505738794,,,,,0.029346239892924654,,,,-0.019883876417618036,,,,,0.009461798695024004,0.018554080884041358,0.011886760283295737,0.002047002348983272,0.06769990666867477,,-0.08863823364429052,-0.012448264091988941,0.004037854950506558,-0.03693696880841291,-0.031963462379470224,,-0.014041681545282634,,-0.0013863812115428179,,,0.0026219197557371975,-0.01843431092998857,0.02717721758938127,,,-0.0013539642755525576,-0.00430602613186458,-0.0007435863966867433,,,0.0021953740357666153,-0.017986181152280612,,,,0.023921299985516706,0.008380758646575441,-0.011401984137363588,-0.03551768370516168,-0.04630777846326029,,,,,0.02272081017149893,0.015197053177149583,,,,0.005121428401013394,0.04336536221153145,-0.014854059231486123,,,,,-0.038153733053089625,,,-0.015170451945118821,0.09905922314728971,0.020525848245636216,0.02704774076114104,0.029392263394940953,-0.004966387823063494,,0.004000839300279648,,,-0.007245174753197311,-0.006713794337567975,-0.007718655778256367,,0.027797951209628052,-0.020688411372481553,0.08835189086424382,,-0.09041468388262566,0.002732973646814874,,-0.03861569094061118,-0.02793797544175663,-0.008407135168100556,0.00760221842836041,,-0.02005135230381361,-0.03204247051662987,,-0.01639251822935384,-0.0387641137440347,-0.028965018097498407,0.024778347317114226,-0.0035488768045579097,0.022716952457769835,-0.0027509446771804527,-0.014196578961033143,0.005545365213047694,,,,-0.0361963016476834,0.025941127194458666,-0.027466049552674714,0.03937376384006107,0.014319660206327954,0.014766485752291971,0.02933233446896899,0.038616732202269376,0.028491550150092654,0.007824065994108616,0.04374428398934359,-0.00337033574972233,-0.000627317086036338,-0.006552103249960591,0.008949869528588696,0.006494989282980361,0.005641592236598532,0.02523237568276916,0.04838498522592412,,,0.00033142633497432633,0.025828092254713834,0.04187465163874316,,,0.0013346069021473502,-0.026865832388466005,0.05392987474713117,,0.00030501226719027095,0.02992572455721886,-0.05399332527004075,-0.005897987476075242,0.03481922378240983,0.04035597647751026,0.037743636096036766,0.009015839611004094,-0.03105390285936593,-0.13908070416568946,-0.023511645543518055,-0.02643989313544821,-0.03184399688690978,-0.03938983785742129,0.010350733502668932,,0.0339986905785987,0.04345729581646584,0.014928526437961453,,,-0.027272158876644404,,0.036807153314849,0.01891490816301042,,,-0.011436244171038416,,,,,,,0.04458128607830386,0.038025455242245425,0.04416661379758951,0.019450922750215413,,,-0.00039194367877772604,0.00281439840472495,,-0.02203401853578905,,,0.01638241931320601,,0.009095465825821512,,-0.016754550185936436,-0.022049059507924972,,-0.007525213948820765,-0.008738330758472348,,-0.006403848339964214,-0.020820474984758613,-0.006611552838456416,,0.03126549462479928,0.054900896212162535,,,0.1129804106347728,0.07914133267599502,-0.029741925491396738,-0.00035392568050676693,-0.0037790774269993296,0.014300082302189489,0.0034243352055533167,0.0017648558873774804,0.03651925231822751,-0.018218113471620844,0.010590909998879378,,-0.002734552567907178,-0.03019210797148888,-0.06156091481391268,,0.028356642597567573,0.0025055568619332808,0.03899363250067834,0.029228653061059345,0.015071073921084303,-0.013512425066703465,-0.017212975364866216,0.022299223561619824,-0.14416781120161576,,-0.031193911424104107,-0.00873813644177371,,-0.02868299003993366,-0.053420256817405386,-0.06611560057632228,,,,0.020661957489423007,-0.01280574135775702,-0.022314376235442576,-0.027906557622710434,-0.0028444398300737934,0.00262988973889137,0.003455604688211539,-0.004540119566963649,0.009591262950239902,-0.020865929939887153,-0.033473765924656465,-0.006782058256290572,-0.006912455714027661,0.030642351327048723,0.0009142852739166232,-0.0003723291175515139,0.03468896492127562,,-0.03130036986275117,0.008451159379022223,-0.0616134496278839,0.04160725076786706,-0.007015974896757841,0.008476361168526588,-0.007885024056975005,,0.01869218683378062,-0.03195908720311922,-0.02649222146105726,,0.0035552730377236114,0.003692761953872722,0.026002317615072053,0.04122683935024869,0.007449165268836474,0.028686565445328178,0.038757719252756624,0.014781298806748904,0.002825155387707469,0.031210974550375824,-0.009174052174299572,-0.0004855026217681382,-0.003929737231314411,0.015280538579165144,-0.02642796517791812,0.026788132199529482,0.012794420777433238,-0.006575166982731295,0.042141298768933036,0.028277853526903124,-0.006154368929672191,-0.014968090606166655,0.008889400075544096,-0.0011530097097091178,0.011815307185884975,0.010621422172934289,,-0.026115449529550052,,0.046458628154079785,0.008121340865818267,0.037163019333638775,0.03893622061860028,0.03302735021143547,0.04220884438100858,0.0166656717971242,0.04477955737315611,-0.011371980541832917,-0.02405280894405334,0.008750133631452625,-0.0007483851015416697,-0.013465924242219124,0.0436505074916151,,,,0.035006988644654846,0.013379944979316308,0.005848250824740172,-0.1007705398830005
2024-09-03,-0.01539246994710154,0.017767801068084538,-0.0023015143035501435,-0.019026576569863146,,0.04502741248428485,,,,-0.07395079802348106,0.0077543376656998945,-0.07010355598550136,,,0.009088671860118918,,-0.006950061801988575,,0.16263205851110862,-0.017827152249371904,0.0019882769458959147,-0.03281978277156964,-0.018753600202573436,,,,,0.032683331060733185,,,,-0.018268972671182306,,,,,0.010388715833275688,0.023904468297773422,0.01293252953330359,0.0003313793197300696,0.07381544876873909,,-0.06705428265488196,-0.013354116040481272,0.0015298760348034632,-0.029448174700081153,-0.02381529303440547,,-0.010662968441229282,,0.00706138580292431,,,0.0016150671614673553,-0.01836266281653764,0.029127924660815055,,,0.004053505779640345,-0.004668308118652099,-0.006170048976865005,,,0.002439569657897103,-0.01381533683289168,,,,0.03768711203668479,0.0060318743250259745,-0.04066216244310774,-0.02492133752708151,-0.05422039238991589,,,,,0.0161910264680601,0.006416146062734734,,,,0.008090337287364064,0.052431830290349465,-0.013082774605607075,,,,,-0.05780430105239787,,,-0.0074160162700803375,0.08552322855216551,0.009679121418737772,0.028476729404139218,0.0316693155912718,-0.017295893465219907,,0.0059471593369478,,,-0.0016201187222788388,-0.001053955164136496,-0.0012085503694402768,,0.029063138925991615,-0.013609507541132786,0.0785576448490957,,-0.10637664417583965,-0.0006751128777049677,,-0.025484880371397064,-0.01727046308299447,-0.008984075002038367,0.0025886093231578026,,-0.011272959810055166,-0.024473839958250962,,-0.008334397623152516,-0.032061800726076804,-0.030358987034682892,0.017375177063882478,-0.007868665555995621,0.013887861324173247,-0.011024447567268173,-0.022002629371641113,-0.002727370913154023,,,,-0.029186393246653224,0.02776664256588604,-0.01758751909804893,0.04547522442751477,0.010777727251427087,0.01159764627217791,0.03225670994154935,0.0469149173508836,0.029621962060503385,0.004834648107314318,0.04969886200067201,-0.009888661559283514,-0.010195248055553777,-0.012539684043789882,0.004360845966210263,0.00019253529255049262,-0.0013643697520310508,0.02753134135041664,0.05799623728044562,,,-0.003405671611715266,0.01864213116652594,0.03433428944085538,,,,-0.01547745169538728,0.05943144621736666,-0.0018258051126169867,0.003532097507988968,0.03303017821622536,-0.05022262087100788,-0.001407316350051957,0.015205414304296424,0.0264309251531045,0.033008947343002686,-0.01057774356300414,-0.07503846844330667,-0.16318139937460935,,-0.018337488024831646,-0.019506184694905414,-0.06501188821107566,0.003136533857382534,,0.03940949172750047,0.050515471054657556,0.017056166194751365,,,-0.016609208403405823,,0.04297616684488376,-0.023404434153842812,,,-0.004456961443278139,,,,,,,0.05180206257498128,0.042458898617794005,0.04003475433919519,0.016087345972378302,,,-0.0011389597083266967,0.0006811823942430319,,-0.01189645413072356,,,0.024259281209833887,,0.009009590436150593,,-0.006099011102665395,-0.009841036256147262,,-0.01601006409923973,-0.011103553450432527,,-0.006422179876306909,-0.011827976737801192,-2.872267911798275e-05,,0.022687961336776107,0.02344346195666333,,,0.11462121083753847,0.07766819187417864,-0.018758458711477178,-0.0021667971835114762,-0.005127329967167322,0.004004775616861404,-0.003045568759893619,0.00390260709127828,0.03789735363364533,-0.0105155354472284,0.0035732755106433214,,-0.010391567307701306,-0.01867339852858809,-0.045311088020872095,,0.03299619119035999,0.0048546900798758464,0.04772911137543524,0.032802331439752835,0.012551370010021708,-0.006222100646897942,-0.008566949290397474,0.02218365185738034,-0.1742630753906698,,-0.019522527737759005,-0.006518511323767266,,-0.019205405431197704,-0.03715061697919947,-0.048457509801694464,,,,0.021855490625355172,-0.010505060136938223,-0.014613780499401728,-0.020548404064629787,0.008439602124571496,-0.01017318630045242,-0.004656657158340955,-0.011401228090459934,-1.702966375513149e-05,-0.012463125749066724,-0.025455782992787102,-0.000599203638093254,-0.0067278621449450605,0.02231084867488265,-0.0016636805987364255,-0.0024416536540941406,0.028436952087709418,,-0.019844253400935617,0.0018765395817779507,-0.04551754648703688,0.04956944768373259,-0.0007395859182561715,0.012179561303965,-0.001117322564200799,,0.012952159095544364,-0.02072271078041849,-0.016748823266143634,,-0.0003545904324278315,3.090865977359056e-05,0.029231639650368197,0.04994700974426487,0.004974718016140421,0.032386999908420845,0.04658480877554145,0.011973376522437773,-0.0013014838991659968,0.029071932710433332,-0.008422289398044113,-0.006135920120269013,-0.010694174902583262,0.016032729080162317,-0.01589671644955911,0.028797212663207918,0.013373064136611788,-0.013712856599057771,0.047060838761932546,0.03249379807738596,-0.00905407489843086,-0.010755326448809287,-0.0009130246448981211,-0.0031516472580261144,0.011712488115093199,0.00650423824624562,,-0.006866116253759216,,0.031145992322810997,-0.00035208383186006965,0.03537438092721868,0.034151819626973404,0.027264871259015052,0.049537902925902155,0.012216760786476108,0.05250034178367798,-0.009953985082785718,-0.01194305604364605,0.004737496517682633,0.0049082391958575715,-0.001785322293258795,0.026199565144434167,,,,0.011481349782290607,0.0009595509599349829,0.005059859453434178,-0.07592509697719456
2024-10-01,-0.01524284644181943,0.01692131476779033,-0.003791743196362343,-0.0213519282641447,,0.03680792974553123,,,,-0.06261675139118966,0.018045718606950086,-0.07574231308154188,,,0.027771760277075345,,-0.007053885714270279,,0.1834977934568,-0.020210798426359748,-0.011102295286290656,-0.026810922898879326,-0.021510107372375773,,,,,0.013905975175935387,,,,-0.020301931209466308,,,,,0.01771522796289889,0.024201903424129145,0.016494354835415944,0.01909314463042936,0.04837582240485004,,-0.047980148343603014,-0.01618154445440928,0.0002472651872385891,-0.04498242157583842,-0.03914222075981225,,-0.01036045083212698,,0.006276885690683195,,,-0.0003373578243238758,-0.02025905315604784,0.027310380720033584,,,0.006543915561479613,0.0030936705636635028,-0.00531913551308265,,,0.0006802760202312681,-0.0060585491035928165,,,,0.03176032219129163,0.01163307463553697,-0.06600171599284627,-0.02886003202698951,-0.059455271495237695,,,,,0.006014411509093484,0.0006668322042086945,,,,0.010626258612832232,0.0402601186092235,0.001963078630839847,,,,,-0.06985523061828607,,,-0.01650439347899037,0.05119260763874712,0.03454815699194736,0.034320751066791805,0.029229305735086024,-0.02733594827897671,,0.012420779285113308,,,-0.007877626744189068,-0.007321031499433427,-0.009966999383766974,,0.034728721388184516,-0.003595683483327722,0.0733126881027197,,-0.09084754687950256,-0.0014149758929309795,,-0.026401585559551827,-0.022739024703818656,-0.012031671968953966,0.0006064659220225842,,-0.013442849651137088,-0.01976184812386292,,-0.016365138741218876,-0.04873203029940442,-0.021911341923427828,0.02778053689685278,0.006731409342002756,0.01916475021398935,0.00969436241899523,0.001853224970544294,0.014923737199865488,,,,-0.04520147959412452,0.02726861049241969,-0.019894135700084414,0.03319849558179819,0.023465420348727287,0.024139165916212464,0.03033254816144599,0.0340980672550429,0.02749932108899135,0.014064662832902522,0.03703797410278334,0.0085168263259941,0.013849051489013043,0.004578521923829571,0.0024513970470319926,0.010512848934763156,0.013078506543684544,0.026863725125387226,0.04198427407158233,,,-0.004060852988741508,0.001086234564574864,0.05086768839975479,,,,0.002458641958345082,0.04643952111865952,-0.014288427442599876,-0.0013743713467751011,0.015144544549767968,-0.058426651303777284,-0.008259152452750503,0.059365837232239156,0.05913113055966921,0.047661127484426,0.03871102650549176,-0.08355768545580342,-0.18054127584731788,,-0.017610063383376777,-0.020606947746927493,-0.07213255389500951,0.012073291812979118,,0.034457692676188444,0.03833938719416661,0.02338124978753604,,,-0.02292986970096807,,0.03722238348267821,-0.027854603155371176,,,-0.006628887401249112,,,,,,,0.04159682618459682,0.030375905278737528,0.025330468596768248,0.026872585547066122,,,0.012899299895400014,0.009149764291288614,,0.0027225632642603878,,,0.0346180928796695,,0.01024435014175593,,-0.010172100439919961,-0.012627729350773506,,-0.012441094380595066,0.004487958865053707,,-0.006528936826024081,-0.02235730425550945,-0.008808918563626308,,0.005807422703212954,0.002713956163294366,,,0.09789185364055067,0.059029464496837575,-0.02176464548435316,-0.0010397890633904014,-0.008121930323446675,-0.004194401853265015,0.0026190479380860414,0.02233704794317435,0.0330488301259689,-0.015426744168307147,0.013799994297165762,,0.00987010709977749,-0.02280120860459147,-0.03552955323377112,,0.02910601308179317,0.02691226176606379,0.03392668476532841,0.02981248250298225,0.024346507539243577,-0.01919705040016206,-0.0194942019372701,0.023896839999180575,-0.15432917233957608,,-0.02489622670827862,-0.008732444573626472,,-0.02361166573647378,-0.03003520069963107,-0.038778950549412286,,,,0.020670079868396293,-0.014718732499605754,-0.016749724010586112,-0.03615587794420565,-0.013031110620793868,0.004004486425552504,0.009678628699950554,-0.0032449421859733403,0.01884642000905411,-0.014430097075511066,-0.019729442416080614,-0.00322736471808921,-0.0005728772890770342,0.0039594676890384916,-0.0011164357270792144,-0.0025171861770137416,0.042961152929690764,,-0.024061367571115957,0.0015094662617624525,-0.03510129534578037,0.037698613934236694,0.003835266996817183,0.016984965940369568,,,0.023337567116450936,-0.022881664295019536,0.0035864175169920695,,0.00816638976498456,0.015642653426981425,0.02781202371139614,0.037919949030785265,0.014436886388763163,0.030389136061287014,0.03372621377773751,0.024387904726020013,-0.002581593909204441,0.029815543673366966,-0.007440958358894134,0.02270089480246364,-0.0125679039377266,0.01510273206828623,-0.022096205525190326,0.02857710540445238,0.020539442027419863,0.008618992537306762,0.03697562373612558,0.029725254397365435,-0.011742743110069481,-0.011386716386370904,0.011226916884699595,-0.0037055875413164034,0.017857948285004376,0.005899774667002412,,0.01729019693464538,,0.0746432047960587,0.011864277867532585,0.037345370782720794,0.016494249570804267,0.04075831953869548,0.040452141234657644,0.01998716598510354,0.034621986654961585,-0.0025950211133965806,0.006820682760631218,0.03309664971725762,0.0066637264205288305,-0.0064340641693255455,0.021091878933343532,,,,-0.019258800922871723,0.01742358536613041,-0.0050869871759544735,-0.0595048716967339
2024-11-01,-0.015455752532368366,0.01806622977234124,0.0027192148263499075,-0.02543664364634958,,0.002563590957735805,,,,-0.042147495172150794,0.034611525663001026,-0.0807455648023336,,,0.014832873265939208,,-0.007255009298634265,,0.14681349334812124,-0.023909745588621245,-0.02479158301172589,-0.016866294520744344,-0.025966321675121962,,,,,0.02271146183054803,,,,-0.025804931346046438,,,,,0.017502105660175724,0.028276228290606685,0.013911510370386067,0.017535452571946924,0.016270126908402738,,-0.0190997914152713,-0.012333588968959825,0.00939059331924853,-0.058165236443618845,-0.05260805070302939,,-0.010864805362348792,,0.0069057838102989,,,0.00895418384823343,,0.027728538192510876,,,0.015673363191211202,0.008241442205832316,0.015361425541853666,,,-0.002340618056827912,0.009363975665737318,,,,0.03376105780566216,0.011987008205816479,-0.06165177331485305,-0.024142332309637856,-0.028410009632208313,,,,,0.006387279056542087,0.02260661228188505,,,,0.009117866063711481,0.04553570147946504,0.0033982661916514677,,,,,-0.05531952491331367,,,-0.0162758628664917,0.012184473630873738,0.05374791149203675,0.03506360959533353,0.02949285120592418,-0.03530970422262228,,0.007877427258415524,,,-0.014378396336362773,-0.013833040775093203,-0.019403777803660732,,0.036010144697799736,-0.009928975770213982,0.03357986346449254,,,0.008649739374757381,,-0.027457859151188927,-0.030015973346083663,-0.010204689469180761,0.01457710001791042,,-0.016743432400990618,-0.0143093548269553,,-0.027156734354336364,-0.061547742892656486,-0.002771424559538811,0.02106746069009993,0.010306793571305532,0.013659011176020116,0.009177505653094456,0.004646983514571683,0.012122055377503566,,,,-0.05676486397679344,0.025806363118617958,-0.02461242284347658,0.03205949014332148,0.02297715188174578,0.02298864569835566,0.029703920798665608,0.03436067050884606,0.026971331537268255,0.0123915562018513,0.037168109570653494,0.007096438961134656,0.010094573286179971,0.004843433635327139,0.0063142798429075934,0.012257746003002746,0.01442434234645169,0.026150547934248446,0.04391138091141035,,,0.0021406966253920395,-0.028496272300113156,0.045346197761869426,,,,0.01938614228419961,0.046775084764611695,-0.030830113830016298,-0.0038367503934659234,0.012783998665922648,-0.03332745427691257,-0.01482662547064143,0.0589848779226525,0.058308215000800294,0.03413627008636764,0.04278865316781302,-0.08436098687509706,-0.16222231686767885,,-0.018604325840092445,-0.022782579437926602,-0.06525844170684438,0.010997955241289735,,0.03351767948660507,0.04058220939999345,0.018440346363648462,,,-0.030987391146414335,,0.036480567178489444,-0.07633396778048251,,,-0.015108584036851233,,,,,,,0.039874225068187615,0.030834140956008328,0.021715027336251823,0.02345524870047245,,,0.009773026389895276,0.012627898144017853,,0.020159515505001852,,,0.026196994433690026,,0.01622435239975349,,-0.017289131087528088,-0.020439107142868337,,-0.0037098219704596713,0.009110528559505428,,-0.006842209094572755,-0.03507734001713968,-0.017901087128281975,,0.013159745370713318,0.021980884742387484,,,0.10044316318858153,0.06070332973282136,-0.025234346823492196,0.0052331894808085,-0.0076556455322219835,-0.010063729836428316,0.009893404058825819,0.025633147037763076,0.032158993020858014,-0.023083302243342155,0.012229376648613332,,0.008837711118645451,-0.029439991538856392,-0.022477506036861012,,0.029048397867641403,0.03093042566326979,0.034302126637461905,0.029553936695938098,0.02384129852553767,-0.032597033298348704,-0.03143790302689798,0.02596801591686864,-0.13917786525808956,,-0.02963483799328862,-0.008860249226932805,,-0.029125454366290594,-0.02089270996230081,-0.02280305769222405,,,,0.02299051751410971,-0.014902022304163194,-0.020629005427869534,-0.04922537307946084,-0.0452204625233787,0.002976611131572968,0.009751872165493596,-0.0010556939915529432,0.015824040862579013,-0.017478672902767348,-0.014706074601000405,-0.0029522751524654945,0.005349172978733875,-0.02970255837375256,0.006808835050930563,0.003368674224569195,0.040498373533562386,,-0.030678361546042206,0.014121949252095655,-0.023312646420380723,0.04272918775225894,0.003922296614370721,0.017610541674756734,,,0.025274681265789082,-0.024382437905666687,0.019778356967540885,,0.010243597112417204,0.01739536122441524,0.0276465301394392,0.039039778233158455,0.013246914440586928,0.030523845234982014,0.03464011146356776,0.02397201204864553,0.0016094257196939946,0.024404192069642908,-0.006393922826585518,0.020436053460643235,-0.006262374952282519,0.016897611546160037,-0.03041430813907821,0.02771451701005057,0.017983701207396986,0.006876586420800299,0.03937898556966807,0.029099605625930527,-0.010846743880040845,-0.012020480585775803,0.009553642941014106,0.002040570776238541,0.014356989875068065,0.006361386283411153,,0.01698547456517151,,0.07205202295441487,0.010022921205873243,0.026696128009779656,-0.018103881614757553,0.038874270343131415,0.039060655083679056,0.025206378109750984,0.037969263461801725,0.006510414322276739,0.023190134734447143,0.028995012929087943,0.006599996031480491,-0.007910135556462026,0.0009813735018382,,,,-0.04996453424420938,0.010897339336416541,0.005159105129766579,-0.02487607770168104
2024-12-02,0.0014879092050351745,0.01700991050426324,0.0036169769258373747,-0.03600416934392124,,-0.0097207621265866,,,,-0.016466192094712947,0.04938761808272965,-0.023247337749131295,,0.02219135686050105,0.013193490118970912,,-0.007068543272299835,,0.08151581793990126,-0.035030050271090726,-0.03975567482759476,-0.02026373908618119,-0.036575330793578116,,,,,0.015236431347884575,,,,-0.019620772142682024,,,,,0.01665478554779612,0.022091254923398414,0.009787998026991495,0.018275089363708506,0.016876306637521172,,-0.01680525530124393,-0.0023460408945584973,0.0014415120866643882,-0.07661505012096875,-0.07073772249577177,,-0.018188544609343653,,-0.000271469397356781,,,0.0036472277614345394,,0.025869835258582875,,,0.0153863466876647,0.014128153284808176,0.015881773600663476,,,-0.004505688778908202,-0.005771192668555864,,,,0.02341295498314562,0.0023064052987230303,-0.061597263236729594,-0.03211091766904824,-0.043043234600471714,,-0.033484102248812285,,,0.01642959880225601,0.010290053626639883,,,,0.0018289052234733592,0.03752760457026666,0.0019583925818521843,,,,,0.00020046197322351133,,,-0.016216785022315394,0.012572180846050742,0.033429855312737296,0.020514273704940654,0.027563290409183438,-0.03593874513893257,,0.009138457050651878,,,-0.023632843480124014,-0.02283229030157218,-0.02900715685493722,,0.020590937377522968,-0.00536537623239535,0.03523362722058462,,,0.003846039578480997,,-0.03907490674540905,-0.04509119526054329,-0.00084994383821545,0.004549115103127196,,-0.025391812564153498,-0.01434903554568005,,-0.04141423687766651,-0.08149517381874379,0.004462057274164871,0.025602267828293078,0.014552506659030115,0.017061852587599815,0.011000346121049737,0.006554203377788973,0.013772523188454648,,,,-0.07639792932100262,0.025930426348475394,-0.03523761012245266,0.032073606253777975,0.01848935464966987,0.018264070735413248,0.027077138919362552,0.03330373762295447,0.026136544957883964,0.014264566021854863,0.03445536869564379,0.01449236723401471,0.010700309907587862,0.01655786884558557,0.015760954945583005,0.018078245705004374,0.019019999211248893,0.024784373515633003,0.037694416475948504,,,0.0018570807421527055,-0.028541300607487243,0.04108135183101277,,,,0.02238182374605668,0.03917130992390678,-0.03761792621799725,-0.008015132481047998,0.007795923618227945,0.015226166292363546,-0.023631242328998135,0.04615578482715202,0.05605134037244297,0.02600522678619831,0.028322078055090145,0.004960723583212033,-0.10458613624333411,,-0.025039169820542734,-0.03206732581293067,-0.008844256544586156,0.0149631100550083,,0.029341274349860523,0.03360251074823655,0.01784617024145817,,,-0.040855663297809736,,0.03246811802516647,-0.08635022879232232,,,-0.008228826244526335,,,,,,,0.0374136536903507,0.02711047483314298,0.01726938587513509,0.022508024599272213,,,0.011319143036754116,0.016563084371718502,,0.024189962593806787,,,0.03505873526949211,,0.011699039696658711,,-0.031145642140653903,-0.0331481838494825,,-0.00040817285170094143,0.010389478918925844,,-0.006440162598897082,-0.04665102312235286,-0.02835356362221526,,0.01745789375383524,0.014919607990402688,,,0.10011935458503979,0.06384208506957853,-0.036395378504735086,0.0010451036947976319,0.006617669486919861,-0.009898398519125738,0.024628259748806957,0.027914019563115157,0.030136893743580032,-0.03547645865160997,0.015718151826805818,,0.011639085757984061,-0.0432100057611253,-0.02711448321150061,0.026518007850685265,0.02643134366480872,0.03478582934996927,0.03419267601382194,0.027416057367877382,0.01932657305032628,-0.04749515449537479,-0.04789990158769438,0.02682493514977021,-0.08175544821274754,,-0.03945872566923571,-0.008945586045984628,,-0.0433386385779745,-0.025642412098521385,-0.02767200946103524,,,,0.01974099287781027,-0.014639020253391487,-0.028959213040050762,-0.06800412892124931,-0.05955274353983541,0.004878591013359983,0.015126089563941136,0.010930667691331419,0.018471614623463493,-0.026640583318188856,-0.01453579601815029,0.0118421675824269,-0.0009680790560375794,-0.03139498129799929,0.0006500213368680805,0.0028456190194734543,0.036567909786683894,,-0.04448600310490512,0.0029999057144921583,-0.02741183372114748,0.03554498120154585,-0.001765567121263577,0.013541632251928854,,,0.03424050306185501,-0.03300642937467723,0.022557679314716417,,0.01751550718538991,0.02175503067570561,0.026051014861630504,0.034873488706522,0.014394260389429548,0.02715926886191842,0.0334239966215259,0.018660199142992436,0.011198863089667752,0.029319142165260853,-0.007595209016000883,0.03231431107116817,-0.00130649183959591,0.016963747481092258,-0.03910318782459295,0.02662919561366401,0.01843032605504369,0.013488463902093156,0.03368197740957181,0.02751037312021125,0.0035832784183817148,-0.0178671440266219,0.016682949271803985,0.002019310502926351,0.01491326275229775,0.0036088877631339834,,0.03088586445431851,,0.09887986141368711,0.012058880620053865,0.030466320574932787,-0.015310867831303815,0.03356189719528188,0.034586162719655394,0.033203181843357986,0.02780575781077854,-0.00046874439969308245,0.024872556912685764,0.043523195095060106,-0.002476706486938141,0.010982647396150761,0.013883128072498191,,,,-0.06827524884938885,0.0042394220054415115,0.024254904094144446,-0.01901006555601713
2025-01-02,-0.0005416361516743576,0.01428972538260179,-0.007226037652917727,-0.03412943463175973,,-0.0013774312724237118,,,,-0.06065159522139993,0.020295287573902993,-0.02143197828877294,,0.025632153494662895,0.01714240374529311,,-0.006967819746049316,,0.11348639451757293,-0.033205550813597405,-0.02008530507953037,-0.0349112881803861,-0.03372518374654418,,,,,0.018557870157066326,,,,-0.00674466951855229,,,,,0.020939697592473695,0.025077248218778825,0.013107479638334137,0.02197833596121082,0.0264197065398257,,-0.05124530212603155,-0.006796079104472347,-0.009062251615731896,-0.05622351490304892,-0.049668930731955115,,-0.018925193051386843,,-0.009405211631445854,,,-0.00836692972516718,,0.028007362140033278,,,,0.011312828635489706,0.0011467244841828392,,,-0.017386923401185,-0.009398514020793574,,,,0.02022089447854061,-0.0007465387641514659,-0.08390083418417926,-0.05638473355795595,-0.07439084566217026,,-0.03110330484220104,,,0.02208020616223728,-0.0044737596755313695,,,,0.005187795906311707,0.0356740569842218,0.00570430302132477,,,,,0.01778569349096821,,,-0.0161899829822832,0.08041199534550554,0.04238673806962306,0.04309247999402771,0.03083838300938434,-0.03485042973206545,,0.017320697470513083,,,-0.01675576589350151,-0.016116565105288756,-0.01821072373691023,,0.04403840667384547,0.0019500758950510998,0.10447006493257505,,,-0.007071197881924724,,-0.038918924880822055,-0.03683403680157464,-0.0064256705075019654,-0.00938491438896703,,-0.025915041482449094,-0.029707425752694895,,-0.029000372178199618,-0.06071451486893603,0.0013205033175323659,0.029555066146289284,0.01824244019305379,0.022019005081778256,0.011965295577116836,0.008108663694469914,0.014394175871555788,,,,-0.05806187707316979,0.029090870619583632,-0.0320377798953211,0.03876350313960436,0.01708261484676285,0.016311476524317445,0.029438400036817948,0.03882616959703092,0.02799737195411622,0.01868576699426096,0.03457867394847581,0.019025732694251875,0.013811039935913311,0.02226371519502657,0.022074940960476134,0.020330849402418957,0.01976831933293329,0.0274488324699626,0.03816098257343654,,,-0.007275335368081297,-0.009207465090233274,0.05271941635702547,,,,0.009160067801433991,0.03844462857135788,-0.027252164172318235,-8.440433005898446e-05,0.013993778495120396,0.04092899384940822,-0.016547233706269048,0.05693201945311865,0.07110494100371217,0.03666093053911134,0.04144393550864525,-0.009569789012823874,-0.09034206502491614,,-0.03050914318474104,-0.03326352323122196,-0.005537845130905203,0.020097905823958914,,0.032100207998969024,0.03320018683983884,0.02434022871918815,,,-0.038584574220357874,,0.0352684189694713,-0.0673422941357695,,,-0.00851695900165405,,,,,,,0.036853345486934815,0.02590099068404123,0.00782127469307204,0.028995161297020244,,,0.012328031147198578,0.01666622381187519,,0.015860027960021367,,,0.03875884041777057,,0.001212234403105464,,-0.023567341586290785,-0.027005661735147138,,-0.01978298661409373,0.009573936868171186,,-0.006310125910115565,-0.035056068719948236,-0.017738122015304263,,0.026962695228464718,0.04141931487119632,,,0.09072205202288394,0.04837852457877976,-0.03348077184411721,-0.00969252438619201,0.002435338361873824,-0.0036766773616800042,0.02102403874498132,0.030425488408802815,0.03217088069915963,-0.028226376284099425,0.02076102389785402,,0.012430569751164567,-0.03737333071339259,-0.04305963027947412,0.0292483858155937,0.028619132536578686,0.033384491380907516,0.03993218343737033,0.02952283293525069,0.01696687100103185,-0.025348711130634874,-0.03222542807094622,0.024039986206600836,-0.11465294585494075,,-0.04057657163839232,-0.008488656418095902,,-0.0355436866204418,-0.038696029519285836,-0.04570796156805323,,,,0.018351279040020266,-0.01411221048702542,-0.0279960558701869,-0.04798486713642684,-0.023859247752088922,0.006472904326793998,0.020995024063425474,0.01755489094194261,0.022742496827974003,-0.026688063802939258,-0.030689642368439074,0.0024541312527818927,0.0036660215203973964,-0.010079589381901875,-0.009798889413490958,-0.005977828705941828,0.046227752395071715,,-0.037984724303364505,-0.008511571930299368,-0.042442658373766665,0.03597673292997989,0.0004362967735604084,0.015456278267058112,,,0.035546474997799934,-0.033424702778821855,0.010023069878413783,,0.018021972041338135,0.023170206726720367,0.02871390648442199,0.03502142772419318,0.018880398767809104,0.029607777729685855,0.03927218934273321,0.016126364752776155,0.011981657377947092,0.031481650778802196,-0.019832801749283906,0.031163158856364528,-0.016290397715817004,0.014780495045938383,-0.037190020562529874,0.029137464857339562,0.02362922248073786,0.018671988998104787,0.033532821480731584,0.029221837160181577,9.935204891369473e-06,-0.018840010013123427,0.02177194520666446,-0.0069264247632028,0.023146318771682994,-0.0006501857081028087,0.027777313237488627,0.02795576138326413,,0.05902834099630062,0.010632097363223746,0.03337516788134927,0.0030098264498902077,0.0442366531178153,0.037514591512312505,0.035533500021998114,0.02517809546840012,0.0024247002643208054,0.011272472362075951,0.041535950880883195,-0.001158857082492641,0.002301994052796289,0.02286079316292836,,,0.07229091277058423,-0.04285390299671888,-0.0011843538793909908,0.017630900962358222,-0.060686290441630576
2025-02-03,-0.010360300329280998,0.013293463713986427,-0.01488920298447911,-0.029664269700823052,,0.03992622031075203,,,,-0.03781609575752933,0.0324225035457628,-0.01305763735515724,,0.023616598959645782,0.008620579691906471,,-0.007061680864939808,,0.147288933904917,-0.029140930864340605,-0.012209761292380465,-0.04009097202533803,-0.029882900736866065,,,,,0.0072618252755177895,,,,-0.003341580708275262,,,,,0.0168617590134495,0.019924648188251237,0.013677414823887206,0.02128412611845991,0.03563818333002768,,-0.06388427845644952,-0.01821580380043872,-0.017767607418846258,-0.042444692859843376,-0.03656925758572714,,-0.018280934351148866,,-0.0234575117958928,,,-0.017000567350768853,,0.02711049317861288,,,,0.007404897681013211,-0.008539690442039475,,,-0.012198642279860925,-0.031095421734072683,,,,0.002342171194461388,-0.006969860482561098,-0.09752105332261259,-0.07171610444038917,-0.0978041461622214,,-0.02661686241136942,,,0.023351831482288993,-0.020432704061413526,,,,0.006098766857781713,0.033355424118635256,0.002863494367402307,,,,,0.014543702560092442,,,-0.01616038558804859,0.13639682174895792,0.008333630250168743,0.030807795729545152,0.02825318048876034,-0.035042277286562534,,0.01685992890320201,,,-0.014176765990698257,-0.013436383604415852,-0.013651484450338716,,0.03088980663162484,-0.030685730090234686,0.15719302115960995,,,-0.016014785656350398,,-0.03463945831258127,-0.029462502805345882,-0.0169497033987965,-0.02315066662731724,,-0.024051766946007688,-0.03478184178586673,,-0.021364131410026535,-0.04449845830919739,-0.009326726080169805,0.01682909480956917,0.007637583875441269,0.01641816192230252,-0.0006841765893169481,-0.005783356808560088,0.0026132798068782236,,,,-0.04560315534686623,0.02699035977886979,-0.027959188501461882,0.038387257287271326,0.014017180522697636,0.014115070851382422,0.028672512547097802,0.039306582512024124,0.027611750727750715,0.015520689597639609,0.03716534220439417,0.005465766110289745,-0.0014021333470024238,0.011337300116780602,0.026779376492312598,0.015378387421917921,0.011605207497765144,0.02559202215703533,0.03864631806568144,,,-0.015388278798276546,0.01873559427314948,0.05150781008689636,,,,-0.011209747691382705,0.034223284127394234,-0.015135515767970386,0.006899189050197038,0.021374286015418555,0.0235205041673908,-0.014511334192512174,0.03632381006509552,0.05367524441580209,0.04923476110733791,0.022654779270338564,-0.004923485370511423,-0.08485447669684977,,-0.029510028038364763,-0.029016069741166738,-0.003539392084817744,0.012483850958144966,,0.03163199216490844,0.036037590263999865,0.020958603298831067,,,-0.029195243802753113,,0.03548810767843978,-0.02492911721424986,,,-0.008986223921606995,,,,,,,0.03312558616710569,0.023675388251229952,-0.006013365881521984,0.021922425851894897,,,0.01009840250502358,0.010276063307090706,,-0.007653201847645742,,,0.02709438279102758,,-0.012543714282129942,,-0.01996052458493247,-0.02344394624531667,,-0.02744484315483583,0.0028788972123806817,,-0.006581991245851467,-0.02008409005602488,-0.013071983063889217,,0.03826539439151171,0.025649381960124153,,,0.05304949862395433,0.0026289280344302993,-0.029796290742344574,-0.018481720730098287,-0.006979360335503157,0.001788936950196689,-0.0017287107374338339,0.02118179284611327,0.03111268062078688,-0.022528065692163292,0.01320517011329604,0.06782981554769621,-0.0004559248750153197,-0.030351900798724418,-0.04833092223395122,0.02734575937021689,0.027505986116033138,0.017495692963995897,0.039532435082564904,0.028454838233995892,0.014594327003555212,-0.014661091431691167,-0.02115207218390042,0.021842211304498215,-0.14362404078227303,,-0.03274133917648973,-0.008544345487430112,,-0.028653394281270922,-0.04223660976825606,-0.04641048157596734,,,,0.015977170809745755,-0.014361690174621671,-0.020016425156490186,-0.03480565297732476,-0.0059515972106343904,-0.008233317591673343,0.011488368965284858,0.011990074372724922,0.011108550132272714,-0.02429405302202261,-0.035706543207356896,0.014773884798269856,0.008495681669978149,0.01922976131270379,-0.019062597922226678,-0.015686574957394516,0.04496104101820065,,-0.03094793687495231,-0.022668633070914882,-0.04820035370832801,0.032510075506008956,-0.013922685445943288,0.014707613945951818,,,0.02713215447140491,-0.029780708073409826,-0.011020140877040528,,0.015999610573591096,0.015900594090046998,0.027910729504340787,0.03739837855055503,0.016108930340114482,0.029039155817631262,0.03982915752878065,0.014348897514864047,0.014633314418606776,0.03383979494127244,-0.02064096989012447,0.03270167180751694,-0.024652582015423297,0.010687016574438178,-0.029053136238386002,0.02664666209413007,0.01996084531275921,0.004697038973426464,0.03561654572710833,0.028754588316346502,-0.00898436669339461,-0.018573800558256533,0.015841436604318863,-0.015921334125421193,0.019000909146813193,-0.008052009068067406,0.03234956698656463,-0.02264022820151293,,0.02964657000883367,-0.004441607766627817,0.041730747069165054,0.02767241730069,0.04504696334852909,0.03912275648195769,0.02689228047085373,0.02298797181942045,0.005434715571165124,-0.009358124382177596,0.04172602910264012,-0.013172033090443805,0.019602077822920765,0.0009130427066978644,0.016627850988584325,,0.06659697556374616,-0.003501118780106795,-0.010437859526562539,-0.012947201733996883,-0.07369641673791016
2025-03-03,0.003485927832368085,0.01244222426653624,-0.011393379641375753,-0.025508351632951065,,0.01771037100270004,,,,0.004015739088407777,0.06992133986465492,0.002091510535875348,,0.021114204751675036,0.0031289471779214818,,-0.007198686429122228,,0.15966850160448406,-0.024151588324256037,-0.004414142035878773,-0.0392786379586577,-0.025220545805785137,,,,,0.006569269743736708,,,,-0.00031821286919169215,,,,,0.011238650771968796,0.014428204385771557,0.00917844400855074,0.014703077172201753,0.03353747403869484,,-0.06697915623629112,-0.006062781158666371,-0.015817572444704227,,,,-0.013565071006765208,,-0.018215343212736483,,,-0.015723272586197667,,0.026782610485537345,,,,0.0027825675347237285,0.0017230953914248199,,,-0.015020005556433803,-0.032705535145222474,,,,0.041051270727074235,-0.005143867241897546,-0.10593491435705206,-0.061999504129549673,-0.10218379359748907,,-0.02262364418701378,,,0.029424361718178037,-0.014097145617654478,,,,-0.0003245865089179039,0.037094021894039104,-0.0008471593935430121,,,,,0.046652645887110135,,,-0.01414033606837629,0.13899997169287104,0.0251795255479665,0.044850548977893964,0.026847130253104156,-0.03630675234776536,,0.004772677326695468,,,-0.007709123461405314,-0.006624265526220805,-0.00811138225873112,,0.04487189466544894,-0.03582205871102106,0.17605616895029969,,,-0.013968962498192553,,-0.031392810051386034,-0.024049476429822796,-0.006120824969566023,-0.02021136041694488,,-0.018677335852880624,-0.034700953156120186,,-0.014821879903326365,-0.0363700488704091,-0.013757023661220313,0.014843500630432141,0.007911300713133429,0.011420448525018109,-0.0010430344639832184,-0.0018100138521285028,-0.002303757363914977,,,,-0.03671436926713154,0.026866258100261397,-0.023086881071764015,0.043593954867110006,0.006770985337061772,0.006167928576253971,0.029008895086327965,0.04357563270582742,0.02782029326583734,0.00910652564339782,0.043159233873315966,0.0062426586182956195,-0.0027099320616699187,0.012582405414756527,0.024950327982816784,0.013164195239150685,0.008677487751605813,0.025332044542919943,0.045237784482189826,,,-0.011344204909888387,-0.0032054006113555276,0.042122912755554236,,,,-0.0066369739406618175,0.0351515919573991,-0.0081283683993605,0.002022005478558209,0.023589253021602755,0.047400580489127736,-0.008187500155528854,0.02263675772506368,0.044876986620146934,0.030070003364392108,0.008793577897348505,0.02270161853716674,-0.05697062345887798,,-0.026484366727297756,-0.024568610908525676,0.02608284025458708,0.010826836847095761,0.008083376616478045,0.03213016592919693,0.04101735550110537,0.013414912188501922,,,-0.024996490141970838,,0.03805728428103389,-0.039402287117179434,,,-0.015987902904753666,,,,,,,0.039096130773503567,0.028709031115990862,-0.014651277439483933,0.014417035914172373,,,0.004983205649975478,0.005897220372398305,,-0.002447428396209567,,,0.019493326821858083,,-0.010879419807850794,,-0.016030282720492228,-0.01806622125681213,,-0.01878573892236929,-0.0032205348490910047,,-0.006729229983704749,-0.01314672118886809,-0.006687510628627506,,0.038448629499113554,0.03210948364544968,,,0.04954095894356169,0.006589793847811281,-0.025036749107620382,-0.015249151370429146,0.00493142087929146,0.00010203518440488465,-0.00044310799098889385,0.01865537926519765,0.02760315364968838,-0.017609345865997945,0.011105699598614717,0.06460426029135262,-0.00012656038340574607,-0.025207897793201834,-0.04794425552161445,0.026826382807369167,0.02865164930968889,0.012321631966047004,0.04514311803422987,0.028678899229776046,0.006276045734559003,-0.007634000965428475,-0.015899611817451677,0.024023459393348705,-0.11138195624705739,,-0.02791680463228303,-0.008432824217128364,,-0.025561267789232112,-0.041326904184334184,-0.04672822771145931,,,-0.04642631762546256,0.01681788119034831,-0.014248927835053458,-0.014930963202762776,,-0.009172375577199417,-0.014083942839616748,0.012308986731849044,0.01611863115664289,0.009432856150986326,-0.019907024625762305,-0.0355336664398592,0.03815590167018332,0.003983542659693829,-0.001497179142239399,-0.016252564113538443,-0.010201831490093486,0.03887584282155493,,-0.02630803693004456,-0.01852278383306763,-0.047934777482915095,0.03651957138423303,-0.025168974224476698,0.01272376245798674,,,0.021710163866743966,-0.024945971289693284,-0.006237999015669533,,0.013735215459023314,0.011532461322903836,0.028175030137206417,0.0420718850274639,0.009365376784574216,0.029259768012634944,0.04445311420406298,0.006318566445016301,0.013523859113033825,0.03208378093153921,-0.020997384076808307,0.03517014997343692,-0.016367891206514565,0.012458772027002483,-0.024170238848495295,0.026868617908038364,0.01203138073155626,0.006127428658433973,0.04124409468351448,0.02877329682449868,0.002445538465726252,-0.01362457768644305,0.015854814842110994,-0.011656760881821101,0.01509755057057793,-0.005845292082030246,0.046437176715379606,-0.030323346781533846,,0.008643330262808729,-0.009472420593968255,0.03601186604223842,0.005475065113483893,0.03758960874967841,0.0423421073129664,0.022385677086604536,0.02217126046732909,-0.0010304127234258506,-0.00605635086617689,0.04514366585702057,-0.025574354477023994,0.047227478225053805,-0.02210933433938999,-0.0005051158776857204,,0.05309433927207524,-0.020117465185434665,0.0055259804051364676,0.013073388589285959,-0.07983349405399827
2025-04-01,-0.006368086700860386,0.014492752299906222,-0.010063576670329314,-0.023111225558985385,,0.034396514753690696,,,,0.004905350997927422,0.08183497415800049,-0.013707045598786397,,0.025128316206053266,0.011224827489599212,,-0.0071844346845622645,,0.12366262965720409,-0.022480124328723695,-0.007805180315622234,-0.03459107871747807,-0.023551429096658753,,,,,0.017646353807675944,,,,0.006006169413881059,,,,,0.01383164047766845,0.015500782092509005,0.018209783083658334,0.02526861660978594,0.013870796030082424,,-0.06418984147492779,-0.01317645565878494,-0.012074622378707506,,,,-0.009215534514207518,,-0.024747884179150942,,,-0.011350741759670295,,0.027211265269722642,,,,0.012754137496006826,0.018102259675040245,,,-0.026645247383866776,,,,,0.03837476015869377,0.0052267581917991215,-0.0951482495136518,-0.06375822404399943,-0.09922434295028829,,-0.0214983102801852,,,0.04331498336482295,-0.00784212151946509,,,,-0.002400231373127462,0.03260256159787475,3.515712779045522e-05,,,,,0.043796079975921706,,,-0.01618891191789754,0.10478264453816725,0.07576442769156747,0.0585147210464037,0.02665118161943702,-0.02656856269214129,,0.007664867678267389,,,-0.0053287073444569484,-0.004378665604401104,-0.006132998627942592,,0.059311472114401576,-0.03759391856991483,0.1456288199763499,,,-0.009611151130199237,,-0.029171576327488482,-0.02342841139747181,-0.013348443266585975,-0.010686025487212036,,-0.017439775781565726,-0.029408882699730556,,-0.015047368151420965,-0.040135940306193184,-0.0017031514856910134,0.014371595031243372,0.018012636959537046,0.001250778275053298,0.0026240127281838385,0.0036910702730326385,-0.0002251579374888026,,,,-0.03924194439370127,0.026942122190643188,-0.021529653548452786,0.03860713715686736,0.009108614558792635,0.008282466543429134,0.028252298786617114,0.04075882052899094,0.028493198787458488,0.013905948341317505,0.039465197148106465,0.003009387868818534,0.000514225339264547,0.0038298881588784113,0.026696772650635716,0.013510524889750493,0.008832584360560586,0.02625244331071128,0.0410454707052357,,,-0.010614243925520978,,0.05642770778085035,,,,-0.004101104792567317,0.03235208355892616,-0.011058415815430768,0.0030793396030071732,0.020199037281744145,,-0.006648220306317821,0.056555446466577466,0.07821235415342548,0.029468951044556026,0.05111675617549355,0.0199227682982053,-0.07066831203432297,,-0.02267675882760857,-0.02176655611246375,0.01835182539921586,0.009901191073047374,,0.03170934135080196,0.03765286502527348,0.019081671971628522,,,-0.02752138845813634,,0.03889959333057401,-0.03881198512498485,,,-0.012814047329452133,,,,,,,0.03866048920151027,0.028042012967562903,-0.0162420876940603,0.028473457339060353,,,0.01464095742125579,0.008644994210395242,,-0.0022154076768306254,,,0.02597639630999923,,-0.006408509866206648,,-0.012174915919717224,-0.01720254082303977,,-0.01784778248720618,-0.002356460639643418,,-0.006446983687393134,-0.013872906607152067,-0.005669973855513463,,0.058897079513078286,0.05478956393519625,,,0.021919712889129934,-0.017448795744917058,-0.02315844454267982,-0.011871984906081833,-0.0037375379157123093,0.0016081747018420924,-0.0018554110664450328,0.022572826872420005,0.03035140435199281,-0.01616557319981234,0.010946410674695865,0.05573091742433146,0.0031771958235575627,-0.02398329554506956,-0.044763894742616814,0.02707470171412685,0.027636746027716923,0.020884642662092452,0.04237209617901972,0.0284609448151559,0.009057395772235216,-0.009578215211267362,-0.01615971673218304,0.02358470255793701,-0.11467171092510811,-0.007378426609040238,-0.031419278851362475,-0.008800881470346376,,-0.023212762213285845,-0.03784333844707809,-0.0425480480836624,,,-0.007065271015525446,0.017594625423146954,-0.014420646483197202,-0.012029533138248885,,-0.015230346146190541,-0.015787704282636518,0.01206113345046487,0.011362494014974092,0.012464345947976187,-0.017419052701756532,-0.030014081946249667,0.034903886117607266,0.0007020993826682692,0.006872376967223858,-0.012439793652208266,-0.01028423642595056,0.05252092178586832,,-0.024202147804078238,-0.008200065673997305,-0.04505040210055518,0.03205092857309364,-0.02522437471478914,0.014359473627936846,,,0.017981590421215058,-0.022036888507055902,-0.004397995082609077,,0.015170883013009255,0.009956536254975511,0.029318629254054703,0.040500936206630714,0.014166723315337769,0.02838086957232882,0.042851686402112406,0.008620131783717478,0.020469162514131264,0.04918500824019297,-0.026640208554472564,0.041927127082969404,-0.019443061535486708,0.013148415850710941,-0.026916852792884104,0.02688449968488761,0.016530100118180496,0.003270666730276292,0.03822727648708028,0.02901879283284843,-0.0069131840050193115,-0.009185159171340393,0.01863474255975932,-0.010024973856614456,0.021301855900179766,-0.0005421620735140937,0.04413719911590694,-0.06362364698174432,,-0.004180048172667566,-0.010892215072945546,0.049650254444911834,0.01607077584556866,0.04949215736261931,0.039767523611632286,0.02010577118567335,0.016298399821046704,-0.0053107251962010394,-0.0038786355671718547,0.05417810082147795,-0.025433029545752675,0.04252437044600137,-0.00909992977311375,-0.019915619954619122,,0.038638409470523556,-0.018969213415096234,-0.014482189753646872,0.001842316524082031,-0.07619193742876594
2025-05-01,0.0018030113112989775,0.011081854579776713,-0.006220668600786358,-0.01200068233367614,,0.042970409603779784,,,,-0.006039185678422941,0.05127623018882155,-0.0015933690928595094,,0.013889177399793059,-0.01929284428751531,,-0.006941412902350527,,0.03074441753257245,-0.010480942699570875,-3.6569886391618797e-06,-0.020528360662505362,-0.011686192489945806,,,,,0.032662073539391816,,,,0.004321917852840361,,,,,0.016161042095740843,0.013432097368979311,0.01405551139047425,0.02418632247052441,-0.0023233310486796203,,-0.04080236353150543,-0.005144002450014218,-0.008035475749862917,,,,-0.002858479106475432,,-0.03614693694325819,,,-0.009292253732141102,,0.020014035800098685,,,,0.0070328654374674,0.02684017264540262,,,-0.03220198880421267,,,,,0.03300129170524121,0.018567589678621203,-0.11274868427371193,-0.08560594941443943,-0.10001369938028826,,-0.009473312939671016,,,0.033289695730266175,-0.004664794821640844,,,,0.002064976256693593,0.022348877162148652,0.005419982269747037,,,,,0.09800508944260741,,,-0.00920750050153991,0.0044592281525936,0.05829523672761669,0.06822921053802791,0.018882826411234583,,,0.018768892118982475,,,0.0026372526081481747,0.0031252017571654187,-1.902028382750634e-05,,0.06877802109626535,-0.028819957916091266,0.05087972952096695,,,-0.006702479110372271,,-0.01581745223388615,-0.012096513286417776,-0.006693505211285933,-0.0016343840710225665,,-0.006014075729598535,,,-0.005848434569301591,-0.03354304448552408,0.0008096311292308683,-0.011286010200626832,0.0010086320403085468,-0.029491018619021096,-0.01690258942020356,-0.017242447830884196,-0.018905680104681744,,,,,0.01989591125056325,-0.010534824270118764,0.032004985294679156,0.002589775744319161,0.0019506588909404612,0.023342106978184316,0.03634610074866075,0.02235356849949632,0.008716362927346646,0.032255240098371225,-0.018573649152050814,-0.01813791339793159,-0.018232669821935665,0.010909980311783397,-0.0013550725337949064,-0.005654056443247267,0.018313317067296164,0.032547083924721845,,,-0.0070512146660795865,,0.054695638699641815,,,,0.0062562917596037625,0.02347822603153242,-0.002614681274198115,0.008749696271964381,0.017024938130243913,,0.001207865966365128,0.042344839104492146,0.062376493666338545,0.034085600295034726,0.040489017163194876,0.05951605281787122,,,-0.012458165663528914,-0.01101012015698997,0.0702967972670415,-0.014693408056383188,,0.027545182270294555,0.032194560217449646,0.019091386059222122,,,-0.016963738818225018,,0.03375233419670519,-0.09352849761828544,,,-0.010888559500106547,,,,,,,0.035161565264204386,0.024282609081785474,-0.026865065353365615,0.01221951589021803,,,-0.0016408611340868497,1.5816442620331383e-06,,0.011438956044071361,,,0.023700043406665885,,-0.006511465270664255,,0.0009898706185333939,-0.005739446806065513,,-0.02110957097007795,0.0003515977450758032,,-0.006634367260118121,-0.003942074587576449,0.002576786984538779,,0.04179053849710465,0.05304526198345686,,,-0.0026701973655433135,-0.04667034986736252,-0.01228529970893664,-0.009995594819703229,0.005586893545671516,-0.02297907279875392,-0.028012426502857957,,0.032802319578053414,-0.006006254412735806,-0.014398956779403026,0.057181812777229314,-0.017384854964059945,-0.011654484327941382,-0.02664423477816819,0.0198865167404774,0.021370542729991983,0.022941163420458602,0.03660471273286298,0.023189807617106317,0.002606262094946096,-0.002710011836645018,-0.00587333821982646,0.016078008706227342,-0.16267868190693024,-0.007593570969033115,-0.020087603455225613,-0.008565419328146797,,-0.010785267088934503,-0.021395395503018444,-0.022852762224437235,,,-0.059456355699395225,0.01491989999776639,-0.014217113572176664,2.637376273552774e-05,,-0.00973348003209588,-0.03596194582047046,-0.009621724402410261,-0.010185755311246856,-0.008283516301758342,-0.007103358002221828,-0.017703547260254957,0.015351350700887447,0.016894834902427817,-0.02224608568126973,-0.011030327041771402,-0.0056606832131525335,0.05322309360420456,,-0.013116968193286997,-0.001617337340817769,-0.02726658929712814,0.022256449634540116,-0.02077494869102984,0.01761986730688379,,,0.0016173389802502174,-0.012031778465691494,0.00606488057357439,,0.0036056458740301367,0.001772150156161185,0.02173979674716022,0.030289439625455737,0.008220465516518942,0.02198532324411222,0.0358130713470595,0.0023294358444638633,0.007497600646507373,0.042599178155600485,-0.033585441131895925,0.04495767736339456,-0.023375111687912405,0.010436524410652527,-0.015744491007481605,0.019583644212242214,0.013496231693890744,-0.01718602647949892,0.03251237921581895,0.02320815831653495,0.004564880953155436,-0.002006368229325565,-0.00053296956639191,-0.006890361244652493,0.01995194852939684,0.005819624096390137,0.03669962174316254,-0.050613634035276585,,-0.04304602277823603,-0.03101166605037718,0.05296095723228337,-0.009476768046605237,0.05393336052036132,0.03350257467662845,0.008289863964368918,0.009271396542089092,0.012933548083939365,0.007624634185972859,0.05580012393482744,-0.017816525187991004,0.029840322509924928,-0.034273256352978544,-0.06332615975914861,,0.0017290572586728683,-0.07160149473348243,-0.043404416906631126,-0.03653386466728505,-0.054869762560524525
2025-06-02,0.00781421096699676,0.01261886804354669,0.005610579127499732,-0.003160595342796467,,0.04456201023976937,,,,0.015349926640403693,0.07013665443099332,-0.0026796497652570696,,0.007248108209297941,-0.0326150413694545,,-0.007314233309435951,,0.07177395168510768,-0.0001486481636510354,-0.006100821989752804,-0.0025720060914247926,-0.0030313823339329178,,,,,0.03313781911239509,,,,0.009931184899584718,,,,,0.015966364943632474,0.01213199974357915,0.015262171232161828,0.028107712239931918,0.0002520599421099725,0.029835931652373793,-0.01500379549820256,0.001954532430809379,0.003374621979209857,,,,0.0025929237848569303,,-0.029866670220054552,,,0.0035637838718569435,,0.015060816063309558,,,,0.01443886892824574,0.0590947672486177,,,-0.014252237408465195,,,,,0.03214189015827067,0.0179213133086638,-0.11052817762942342,-0.07274591923996072,-0.07582761032303235,,-0.0015617998788197136,,,0.015978181463617454,0.009130882230327262,,,,0.011403267593245683,0.011154649782914923,,,,,,0.10070342644660576,,,-0.012095823771411064,0.03915151987958401,0.08122533570302767,0.08869323345894407,0.016706894966579813,,,0.025715696445701333,,,0.0037880015382949312,0.005066257440820049,-0.001249383741088385,,0.0900446172344338,-0.03861472139783807,0.09463945771084357,,,0.004375386459508677,,-0.003076937070857582,-0.003709583882262873,-0.0017082202160982503,0.007455781947538731,,0.003086282080980305,,0.015238197587289988,-0.0026284049704668926,,-0.0033025850166947548,-0.015612478972602574,0.0032501485631704764,-0.04143804596857396,-0.028023515731375022,-0.02539473551427023,-0.03269769768176306,,,,,0.013495737298590143,-0.0024480938137936632,0.021798222228342552,0.003437580042857641,0.0026878008306997683,0.018590429169555035,0.024526771368137443,0.016839400228739428,0.01136052768701228,0.01948300928885191,-0.025184620095282335,-0.02668785011270139,-0.02395071984945658,0.007912307645038382,-0.0018659904837576762,-0.005698120358275281,0.013156228895199218,0.02174335944980025,,,0.002361569789545271,,0.06203866191067892,,,,0.028546924831772715,0.008850372802266105,-0.006968956603020589,0.004486716125497782,0.002354639225426474,,0.0015630017493489415,0.03721752377744453,0.042698405249310956,0.07079938093643866,0.03485539649858302,0.05865681653230933,,,-0.00216625326162281,0.0002205215040528767,0.07416662353463091,-0.019924654660390086,,0.020625118144251272,0.02278011801583993,0.02112752076845611,,,-0.022097191144786935,,0.024807359026789343,-0.10333257158988812,,,-0.011345045143034922,,,,,,,0.025863372785554582,0.013641079429990153,-0.04728022547841233,0.011145496129696628,,,0.011699641367197805,0.0021266280754454726,,0.024119593001397103,,,0.03436425613884183,,0.007627966707073634,,0.008147363212141365,,,-0.00476810411407394,0.0029935226773535753,,-0.006369703234743598,-0.0014709634979857662,0.0011231669838620655,,0.011779733215491124,0.04954545302116209,,,-0.026620236366174027,-0.07572626327098071,-0.0029355363568087833,0.0009660047681858692,0.011418146837887815,-0.030793915127958253,-0.04873947858417522,,0.022945412988720576,-0.00100272744767735,-0.01874470047334341,0.05644928955184105,-0.026685872643400704,-0.0031169286885458195,-0.006765519201946186,0.01506907718633601,0.016892847446662813,0.028176744088278544,0.025143770344701544,0.017665990942826622,0.0035391825507956895,-0.009029440326347473,-0.0035706358611164294,0.01226181767893121,-0.16647583058686455,-0.0075694885172503,-0.023912737672102474,-0.008789985725568024,,-0.004453890842321326,-0.0017712171616247364,-0.0010331059992059015,,,,0.013197883754928346,-0.01405377945998475,0.009105347989237131,,-0.03411925863482744,-0.040476350041657665,-0.014615344700253415,-0.018153325071870837,-0.011751698047781487,0.0021946900975558722,-0.005532945283739039,0.005156896302791154,0.014084311551572831,-0.02269836069202684,7.455923084126798e-05,0.004189346481619586,0.055574854830059,,-0.003520984595953349,0.00884852931331833,-0.007525472655530895,0.009232067650247415,-0.01922298611743602,0.015472591596374976,,,0.0011201143282965611,-0.0012423518575326537,0.025656219719482252,,0.007635234920557183,0.004707105731255651,0.018044782645305603,0.02012895016942444,0.011868527106977757,0.01841989265364994,0.02451344985232922,0.0037051392252123866,0.00642957456796873,0.03625907949310922,-0.01638849395902181,0.05146612386814369,-0.014662163348383897,0.009790229010027596,-0.019537074062461357,0.014449098978039056,0.01560940717903238,-0.024717011193818215,0.02106923008884348,0.018311909079398128,0.00928277491996354,0.004879183098926671,-0.010419080153727302,0.0029175825526916027,0.018919668486297447,0.022825618284146122,0.04729243954158661,-0.0608035765162357,,-0.04486029646990499,-0.03161803450392854,0.05466776960931858,-0.004915338466190198,0.05799014081176573,0.023505209091571423,0.009346305513053873,-0.0009489943120267549,0.009475289250639214,0.030714102841671816,0.064686169191199,-0.015334406271780293,0.02669455969309541,-0.06204701691368962,-0.06828675881749516,,-0.004395882309527821,-0.08799434782109461,-0.04709825781822636,-0.07327119851701182,-0.024449684413830663
2025-07-01,0.00029619753022176563,0.013056677358645529,0.014213734720678299,0.00598415072843558,,0.03083788064507262,,,,0.02706169760418391,,-0.002178423893424409,,0.003636392041103579,-0.037902573778575095,,0.00264804491367816,,0.0811036982821243,0.010535036547478437,0.00870781900572756,-0.005914335645629184,0.006597151886097692,,,,,0.05952049979690593,,,,0.018671901838060515,,,,,0.01553412423245734,0.006251288007011407,0.011889258619508744,0.015752070507272876,0.008812849627831878,0.020647350583425407,-0.025610098914100446,1.5719714985872895e-05,0.016953716363039394,,,,0.009112726394804357,,-0.015543901717412089,,,0.01472596174357008,,0.011391853875661887,,,,0.03163533698918977,0.07078351416101852,,,0.011734777327615938,,,,,0.0019238375176739726,0.0209028314357501,-0.035238692088092605,-0.04731060856125023,-0.028417993993888706,,0.006854516917473641,,,0.043720986200774345,0.02237449274112538,,,,0.016267472366811708,-0.00039429629400901953,,,,,,0.05600870502647774,,,0.0026808482275174333,0.05088291371720352,0.09365201164554264,0.1033272191260915,0.013096805108307357,,,0.02019146631088509,,,0.013469592928556722,0.01416431849636899,0.008424571799100755,,0.1043878132552905,-0.029613551992055155,0.09813211966048316,,,0.019188071049075037,,0.0076020276750846365,0.009851454639716376,-0.0012767212383812399,0.017788753174778713,,0.011290540379732518,-0.005263207529563945,0.011554936627136348,0.009737685519878551,,0.010921908025353535,-0.014685777759368595,-0.007330893964943002,-0.03030350527033784,-0.032249982242001915,-0.032890750976025514,-0.03314745233397266,,,,,0.010721002884115862,0.006935533634857286,0.017477493649928556,0.0017657818806010594,0.0016936508562773807,0.014391597872721162,0.019604417010364222,0.014176587930420233,0.009314444629787436,0.017714427251695232,-0.02612596737017583,-0.028726507458828106,-0.021271451826808715,0.027255822876377893,0.004003373025680678,-0.005635498891595547,0.010965579583205189,0.01685021578233657,,,0.012517452565605068,,0.05259285398761921,,,,0.023629030571220067,-0.00033651662281883955,0.005941449866345553,0.007461999299395469,0.00359928457205398,,0.010954043702946633,0.028093589215328257,0.035434039969641555,0.042125079212722204,0.02731606666212223,0.0202942387083291,,,0.0037039522538260114,0.008407605230856817,0.034740619762625574,-0.01844352094931514,,0.015427203678249372,0.019072526514758124,0.015971061301931832,,,-0.008503267863806572,,0.01635088506653084,-0.1497669336199387,,,-0.005633670887438922,,,,,,,0.01596231513647185,0.01058001742887778,-0.03043935863595055,0.011096366656577188,,,0.012933455918443217,0.004055031509670425,,0.018830440832845928,,,0.017698412795390885,,0.02149729356866335,,0.015482804708942678,,,0.01129284455385648,0.0033531437048243537,,0.0030178617625208127,0.01252089144081303,0.011946561604702359,,0.02410199044653356,-0.0070037626586752855,,,-0.05319993859876624,-0.09107460238642491,0.006075431807904673,0.01563453912864777,0.008275842385995259,-0.02822719414595301,-0.025814263235716485,,0.020923783187239565,0.010080062706363442,-0.017620464229557847,0.04523288702686495,-0.03092632848807667,0.010299180796555982,-0.006729242595314461,0.011411135472729412,0.01243779292923087,0.01574756890604135,0.02113427725333611,0.013524326214490248,0.002947057626332526,0.0035676437906220506,0.009598408368050766,0.01161322615237904,-0.2057849101379729,0.0024835736839156517,-0.009695881558858144,0.0025715047437210505,,0.0060089972026742535,-0.0008129526177781439,-0.0039404946480441,,,-0.08361713130463684,0.015960785119396394,-0.0023585379116561746,0.014531479109027669,,,-0.033726955113022115,-0.01255661525064386,-0.014755488490588414,-0.013129603901463952,0.01061758600618594,-0.0058377993811403375,0.018167661454635095,0.024168325116148644,-0.04841833526476953,0.01461475969704603,0.013669763233784143,0.04986694244797486,,0.009714056306113817,0.017001809638919733,-0.007550300092069146,-0.0010722381483072097,-0.014422466938602233,0.01732737149405227,,,0.013167600330492758,0.006873264824570985,0.02155484086654152,,0.011500684784237977,0.0026982416842361865,0.015019842112239452,0.018167820193097445,0.009315484996224411,0.014019058585837147,0.020254400201849945,0.0025723670318083093,0.018292355419033828,0.03168050425907982,0.0061041123053180565,0.03049635524894181,0.0010400502934103301,0.012564736255188657,-0.007714200576754473,0.01209539893073192,0.012253931879242903,-0.024129461391594588,0.01935845762603616,0.015099237083031744,0.00656078571274096,0.011050502954492015,-0.004687195048105351,0.01171403505532684,0.015123413515626134,0.028297250070943764,0.05783787741801825,-0.03405505055540705,,-0.029189551170786084,-0.0271283327629419,0.0485250092457825,-0.03266766665467516,0.05374217806452437,0.013291060889553065,0.02285917996385957,-0.005639200842056609,0.019173399574913323,0.029239917387446614,0.04089764754647469,-0.013027683970542917,0.03761542229463402,-0.051663821679895895,-0.046565418808086574,,-0.0010993994898401312,-0.10887790169114488,-0.03430419883956376,-0.0915577321835181,-0.03620228890830249
2025-08-01,0.007446068609681265,0.014726082877061428,0.019944873718431518,-0.013109726117581008,,0.011621560426755835,,,,0.016679011856714845,,0.0023507221953161833,,0.009121053029015414,-0.011617012433656478,,-0.006800543871507356,0.10788653702280901,0.14069490623236192,-0.009186848277906993,-0.000443681359138099,-0.027497678201288813,-0.012824065641443186,,,0.026510298203811,,0.06204715529640298,,,,0.015224663615259919,,,,,0.008974588008594178,-0.0009221348285891329,0.010314873078461522,0.009461162236817604,0.009249381918244533,0.02133798777185149,-0.0630973816811076,0.005713489905236516,0.02262067633216781,,,,-0.001550533584840435,,-0.005909906336786264,,,0.021040328962639902,,0.012620892849973567,,,,0.03886372172807738,0.07528170104221223,,,0.014872826959932623,,,,,0.02384491754949964,0.02303253473858644,0.0139413075767844,-0.020078967253650614,-0.005003657037712895,,-0.013644551082153442,,,0.048562374754919334,0.03725119980569303,,,,0.0048065518426173475,0.011809851259702714,,,,,,0.0550811762617779,,,-0.009867852030264393,0.09086856721160631,0.0943048974653891,0.08742358131202342,0.01138904800997254,,,0.00553177543678026,,,0.003604459498667923,0.0023553752705641295,,,0.08844597571857002,-0.05074264953940078,0.13475441015580558,,,0.02526427547466853,,-0.014938135727761754,-0.009676944779663839,0.005893678610219253,0.026598298631791327,,-0.0049503791054530556,,0.022476455942126848,-0.004688824672758486,,0.006955721141076905,-0.0006837324749011634,0.0033862770323974363,-0.012222628305206588,-0.0143665127949563,-0.01665619834466294,-0.013890504290003106,,,,,0.011772060400934762,-0.011422481295952417,0.019579886383003727,0.0004628014780722397,-0.00023089894010688575,0.01245978433091781,0.02086185003896786,0.013622559247562116,0.008789211379819136,0.01734948936023547,-0.008415841198145996,-0.01351996878603345,-0.003106750899916488,0.039215292469073786,0.012621196154341537,0.0027529312075526596,0.011860533394098205,0.015100542496513198,,,0.019204024346869426,,0.05049442469479118,,,,0.004338668789212,0.009582284880071417,-0.005479671700312337,-0.0015619668310688588,0.0008006282873229011,,0.001697069051781974,0.03316865623470726,0.04850811789786669,0.035092934785281665,0.031965760322129444,0.028694671680894755,,,-0.012096913660181174,-0.012485523183470031,0.034757015798504536,-0.004574901895030066,,0.013259720911966375,0.01867526247001698,0.008037182783371594,,0.1968816787888076,-0.02283270462356918,,0.01558639011325615,-0.10897042292501416,,,-0.016155980133557304,,,,,,,0.015831695911884804,0.015559023461858008,-0.010949756195856749,0.017562366942313508,,,0.009317374422470404,0.006272747820487926,,0.001420581142311397,,,0.002363655209837978,,0.024237886293543655,,-0.005993598957463195,,,0.023940382633766962,1.6128399605743534e-05,,-0.006395773709792597,-0.004222645613936189,0.0019296313596141805,,0.0445407587560681,0.02483590215774976,,,-0.013557768206874187,-0.0434977125780898,-0.01236224913376427,0.022233226356043363,0.011194997140193315,-0.015318888830622502,0.004640070407315857,,0.01783118589806571,-0.005305104170902847,-0.004038544652323635,0.04795003396169597,-0.014227440529911733,-0.010139245579167714,-0.035832241102109405,0.011031550532922697,0.011825342320846437,0.003062235688043792,0.021658589842235787,0.013140623274782525,0.0008917579321091475,-0.0027165047000080387,-0.00629761060589808,,-0.11822644055621064,-0.007601873668483005,-0.02380216067825922,-0.008677405817648467,,-0.012629774507722824,-0.028688897147505808,-0.035142947486634026,,,0.026728707645911603,0.016855919163625405,-0.012457658608936906,-0.002053842750442418,,,-0.020312831893581247,0.0010423733811143398,0.0012656314248074554,-0.0006321989225617137,-0.005644514115137146,-0.021687071848716436,0.022640664090946613,0.007376336474648792,-0.035914562168463546,0.022227028506636725,0.019275568759850096,0.04869758429029256,,-0.010641509279255727,0.025916229006830493,-0.036889246975396396,0.009736809364704403,-0.04448209395726609,0.009856411318124678,,,0.03083400185303159,-0.014044931799065586,0.0037016395411574236,,0.018199905397757923,0.005413152350288989,0.014231238768858824,0.01770874631950578,0.009154771791242794,0.012625978201230955,0.02072063928262225,0.0003935741092736176,0.029984660411438477,0.03000389667505499,0.01089547390605985,0.02948224083366384,0.014005828007151324,0.01511066000225636,-0.022265883206963755,0.012700716921390536,0.0069729252018274,-0.008270174181065773,0.020360811647816997,0.014272583908856608,0.01054023085521125,-7.638228058708691e-06,0.012661239491339913,0.01955362830115034,0.012116575012541864,0.03398895132017004,0.07804719817690133,-0.060067356264270885,,-0.02279863241301367,-0.018466689290282435,0.03913895066117265,-0.026076776699936407,0.04866912381491734,0.011558744645216158,0.03638489873417559,0.003909577913562454,0.00027441021997434397,0.008401344498529317,0.038510350865330355,-0.0455166798292098,0.03253752891572018,-0.006102263932335896,-0.008369711623403813,,0.017105919854965797,-0.06347070482573218,-0.013014259751307218,-0.032027627202975965,-0.07503521822046927
2025-09-02,0.02287022770802468,0.020224841142485645,0.021530564921250307,-0.018231470231079277,,0.004412812104563042,,,,-0.004045582719156007,,0.012142957220379834,,0.011272759927990969,-0.031994975945214034,,-0.006762333661769929,0.07847212947541492,0.11141677859574481,-0.014826797212912522,-0.005013531307765111,-0.027879648465139326,-0.01770996949832794,,,0.027350900016288687,,0.06501704797748568,,,,0.014513952032454234,,,,,0.005675620577378789,0.002927098955601062,0.008891561184496216,-0.0037121375722747123,0.011939629773508861,0.02997105800805165,-0.05731604336273304,0.018237210087821615,0.019351632904180224,,,,-0.0029232160472962496,,0.0040962852769241675,,,0.01777333174652696,,0.01841202061148452,-0.04854198468766224,,,0.03205465221033669,0.06958174917981165,,,0.00852800707987099,,,,,0.049696711893722684,0.01645545775857295,0.015147115517893791,0.01603055126958965,-0.006007375217272965,,-0.018915855661643798,,,0.06990118130037731,0.0373295840862873,,,,-0.003643819327797546,0.03399320965273581,,,,,,0.07588889510503515,,,-0.016316264647816988,0.06425102913186377,0.07883592862037,0.07381099628347673,0.01932744497028902,,,-0.004087295044889012,,,-0.002936296038868448,-0.004895712041387797,,,0.07408143417791824,-0.06523631230271693,0.10665117050831385,,,0.022100961586803986,,-0.020133912497052132,-0.016535459968010563,0.01868246730143915,0.024002400327781455,,-0.009631479333844159,,0.048922603415208835,-0.011320196162746848,,0.009253251420101458,-0.010100003463046557,-0.009089115925166815,-0.018035881127759456,-0.035480294578012224,-0.03777584640467249,-0.03545247167745768,,,,,0.018330092186992508,-0.01599532064764333,0.03499586291998226,-0.0032725714005551296,-0.003464646855031468,0.02005022216122773,0.03612044795881542,0.020105667347713813,0.0029887463064754176,0.03353401601567515,-0.025628374670080997,-0.03573895395755237,-0.017245217084992617,0.04322493839273794,0.00670595923475038,-0.005361619544266597,0.017323839693679986,0.03235018257906569,,,0.020932003911615853,,0.03874674450470646,,,,-0.020758365235840185,0.03815061342514716,-0.010607400081358477,-0.0011159535518368072,0.029317324092241488,,-0.0034934091520365178,-0.0028984846818025474,0.03958712496618165,0.01844549947336009,-0.011988528896001471,0.04943355161064806,,,-0.015350991903790143,-0.018457069332638878,0.05723270204772665,-0.01350669659570452,,0.023818836393764725,0.03656829180044987,0.004844669007477428,,0.17240817910016076,-0.02812895463037673,,0.026590475650450612,-0.10994619506991946,,,-0.018672508738380927,,,,,,,0.034003227981847274,0.03314345076264183,0.019475027422022277,0.00906840126019237,,,0.003981766326482691,0.002270621392374714,,-0.025130738591780114,,,-0.010067316626356567,,0.0221699724757479,,-0.012534530937431608,,,0.02192225849435353,-0.011153889077728973,0.07415630384554961,-0.006562515992294757,-0.010524911735059676,-0.003420368804470491,,,0.05000630694263825,,,0.03660398831929437,0.004825353795809095,,0.021514303769551817,0.02001748476620069,-0.004024727213141229,0.019054136037851457,,0.01816610067136428,-0.010840750167143582,-0.012703316424817413,0.06668714802462106,-0.03479025466410343,-0.0167272462426628,-0.03639890568939965,0.01728130648185416,0.019385453948798065,-0.014117891796269278,0.037382731105177626,0.02063916395697391,-0.0026887649546463417,-0.006093135531570799,-0.012107715759982545,,-0.10295145354437205,-0.007622544439378463,-0.029665423385864413,-0.00825442157571756,,-0.018048491050417774,-0.030994380047664676,-0.03461899627849748,,,0.08014493665123057,0.021399410940438787,-0.013791638225030467,-0.006121898667009963,,,-0.024527974057400936,-0.009895995914148028,-0.004779196226901747,-0.014857669738131553,-0.010484282158977369,-0.021247384813160967,0.017346862704265633,-0.0027040959942383255,-0.032654078342191306,0.020952130131511332,0.020372655885669583,0.03786065714879812,,-0.016858999918120014,0.02400912871480591,-0.03672035124066696,0.03256155382201402,-0.04903599964681628,0.008574382688251093,,,0.02470976668475131,-0.01945397209987754,-0.022027398118811672,,0.01483403474029042,-0.004628554079139101,0.020305948339315687,0.03447932001984842,0.00371271138481855,0.020670955366822567,0.03650012041890834,-0.0029383899446529358,0.0371009393505021,0.05252591668771388,0.012680515471257602,0.016552782047957692,0.017759214392481397,0.019520496923649003,-0.029061526891352815,0.018493403916036478,0.003239315015627983,-0.02563802791432273,0.03702653609005397,0.021289174498379165,0.01921676300701453,-0.0019335214958636202,0.004944686517646839,0.020251969964822272,0.008785582939223333,0.029720997923769588,0.07799269851716017,-0.07726036789492505,,-0.04967820606379821,-0.01865218690733687,0.05879952217270688,-0.021556444372992367,0.03828110607883256,0.02543739850367151,0.03099269828042152,0.03374965290762745,-0.008662429765493071,-0.017867720147499398,0.028483609449115946,-0.04872449767075742,0.02740252074762141,0.0033199851040359545,-0.022121091707032407,,0.010259284742271026,-0.05459306412273587,-0.012536511739979368,0.0001967148597357528,-0.07059247016380156
2025-10-01,0.020624016436414976,0.019730586880126605,0.012446047984688095,-0.016133130918413313,,0.024637643606681647,,,,0.013804957137173796,,0.024150821930051376,,0.017990341518314714,-0.012438724596397454,,-0.00725515445543099,0.1015595801535921,0.1437546575104323,-0.013724360911621396,-0.0005864028473461386,-0.029354578397172572,-0.01637795974032746,,,0.03136378792733545,,0.04144315770620261,,,,0.02148500079312015,,,,,0.006066594245470719,0.004428389200439977,0.008628911859006059,-0.000696441041127017,0.03430515603947744,0.031235107923195244,-0.062226283508290715,0.01650048179405309,0.010365614939275868,,,,-0.0021204986236968053,,0.00022475151476758154,,,0.009032350674295676,,0.021547334589901605,0.06864031253703941,,,0.024298938997391394,0.05411033840465165,,,0.0010330351259066073,,,,,0.041767344411259656,0.011877272760330855,0.03107447505637632,0.025782413493726487,-0.03532221580049636,,-0.01767256540984047,,,0.06548464076440323,0.02527430875042707,,,,-0.007691299362433698,0.04079307703547712,,,,,,0.06538978264002461,,,-0.011291569452942367,0.11724960115773822,0.06539145676610221,0.0548101333075334,0.020890854935969337,,,-0.003724431119558473,,,0.0003140595254689032,-0.002304008838355547,,0.07262208888242062,0.05505440177495499,-0.03975196852393203,0.1327395265778303,,,0.013064235058683253,,-0.0193917659692473,-0.014034508379797233,0.016497096349551987,0.01275239946731519,,-0.00846560400267814,,0.051823853417050786,-0.008120219660079014,,-0.010350528442267812,-6.868510064176669e-05,-0.0027837024256620354,-0.004506039800146074,-0.02030094697064986,-0.023294891784743213,-0.018769797824055207,,,,,0.021741926517644547,-0.015040493591741835,0.03856914239378064,-0.0009230417137671705,-0.0012486047832103776,0.022962625528138138,0.04065811174302814,0.02325839576958696,0.0043749742195993485,0.03927832084550747,-0.008669011430445009,-0.01766133599582669,-0.00012028559918806217,0.0429324648667612,0.011182824341996684,0.00033151767498770064,0.02037469229090027,0.036955622442801914,,,0.014645410592773418,,0.03653606692154774,,,,-0.022234812574960027,0.045969615665522316,-0.006917808780628614,-0.003078342093681804,0.03149231501726847,,-0.0006369686889408834,0.006155900514671699,0.046142022369006754,0.00013855312582113912,-0.0016748837559516388,0.0631688498772565,,,-0.014670198174712231,-0.017346113706646446,0.05872033584895256,-0.0029427728387802204,,0.025977484310628917,0.04008262700261099,0.003257933156567809,,0.19690784315716733,-0.0222795421799976,,0.03020856952270682,-0.05985083304064324,,,-0.010153640945372107,,0.060711620739442654,,,,,0.03679434642360475,0.03540763777739206,0.023872163038019915,0.015255318658040749,,,0.0031996610955480538,0.0031164799662126365,,-0.027471598602171753,,,-0.008100398913048023,,0.0142614589571527,,-0.010611135278094217,,,0.016187707689732444,-0.012496925928142283,0.05513166053700057,-0.006255832112778013,-0.008130902149558762,-0.00018854029470997458,,0.04805968935959138,0.04263922604563378,,,0.045337508558880586,0.013842508922623644,,0.013974890265054815,0.01714188522198968,0.0041640091749685785,0.0367008206743869,,0.012971526430078257,-0.008754395705259163,-0.0022053464037656415,0.0599056615570945,-0.01959001655662274,-0.014772848975014147,-0.03826628327412119,0.020385767154095315,0.021871651649049244,-0.014845003923188516,0.040037897824773704,0.022810124143402204,-0.000452680961300023,-0.0026819480485966705,-0.007786152619324368,,-0.06400943346799945,-0.00769026635818386,-0.023891513590883054,-0.008064742377200717,,-0.014714923150791098,-0.03164603277298786,-0.03818120303846964,,,0.09225501062360432,0.019761307723784254,-0.010007539104671387,-0.006343154786356537,,,-0.02032394685015282,0.0011499874154171001,0.008526965595171732,-0.004343939298457517,-0.009065358881423825,-0.021973567034825132,0.025351631970652516,-0.0124536443493199,-0.013129538206553937,0.012606455321551633,0.013112611088916353,0.03266419385462078,,-0.015345053135528997,0.01410206120280794,-0.03803138599304263,0.03927001863637353,-0.05097111887804179,0.007029002868668168,,,0.03220632292751683,-0.01602662948720832,-0.022849555886150077,,0.01623396764140178,-0.0018970549001956747,0.02361992876731128,0.03897908738808841,0.004758419028211348,0.023076275101140128,0.03994317048456164,-0.0004919534767935178,0.03932361210225097,0.050410133704012386,0.0067573577618902985,0.01861989560523916,0.014441219165594658,0.019449999879895107,-0.02381084053493101,0.021692496663206075,0.0027805498696934273,-0.008078351583190955,0.040302966807786784,0.024188710506573306,0.016286120582723135,-0.0020100652499826107,0.01659591326154648,0.013974525140161315,0.010089163278336461,0.0240656747061452,0.07839464729000317,-0.054177287771296184,,-0.028608853743634255,-0.01744570469106149,0.04706715551967174,-0.0043538912877899814,0.031099689169937935,0.030233700839112473,0.03368687212038738,0.03929474598030494,-0.018465611217866523,-0.021329681623698714,0.026913632779639932,-0.052294713216171365,0.03444063762089364,0.04080419688424598,-0.004126561859507756,,0.017590915310223755,-0.030850938686991687,-0.0033102988413622604,0.022568580214529208,-0.0796065888027604
2025-11-03,0.010722237759145783,0.022605786465881066,0.016309425697869803,-0.01820001892527823,,0.017810359241288782,,,,0.005087875405641482,,0.026575489303603667,,0.0226496238500814,0.005725167780423054,,-0.007209519089127442,0.08509354685679855,0.1333806230864135,-0.014740474481280108,-0.0027981306786449478,-0.03500318810810182,-0.018553807345752266,,,0.03323178944806394,,0.048040562249817696,,,,0.022126470029160707,,,,,0.010860861215095347,0.006869655595922984,0.011979388464959738,0.005488673641156891,0.03963729696105006,0.036844738796975196,-0.07240611771695203,0.009670832382486004,0.018044204959134242,,,,-0.0021858738646996006,,-0.004224837941834594,,,0.015020716216024231,,0.023386908847008052,0.1085911100446669,,,0.034028038980896645,0.05605625053867816,,,0.012300003840072385,,,,,0.04159220522513126,0.02370329492687948,0.03175188939765241,0.0280427365175083,-0.005926462756711256,,-0.01987947242722787,,,0.06395583732136212,0.029185320644365638,,,,-0.005637592196044748,0.04405831498699424,,,,,,0.04035923082031489,,,-0.015141576104721563,0.10230340505481338,0.1118166771380748,0.06078377055552433,0.02331339259740252,,,0.006584044944685333,,,-0.002269326987674813,-0.005175732563063213,,0.07716462494029296,0.06100670070090003,-0.030091139412748307,0.11991943079870832,,,0.020999913776475896,,-0.020214128511988852,-0.015314402099356769,0.011177831020352491,0.019812195192018933,,-0.009669028876686215,,0.054467511325681194,-0.01031161822277106,,-0.003543374609905884,0.004380858108708853,0.0044625722319498445,-0.0020456177416540117,-0.005641950674367582,-0.005364208894389851,-0.007738925146429873,,0.001779922875000941,,,0.025184929347734596,-0.01661537775685272,0.040630285225909966,0.0032836748228457016,0.003064008054006387,0.0258918568152224,0.04155738364377984,0.026540473203538133,0.007638144550404874,0.04133611373215987,0.005824350719769514,0.0021351691190374194,0.011474484079260387,0.04337160378189244,0.013576497900782471,0.002555647297608818,0.024289613502342492,0.03751727708732036,,,0.018774459563183413,,0.04645174881058962,,,,-0.02550983048201809,0.046825699216814655,-0.009314658287830043,-0.005510968399596156,0.03418472179234226,,-0.0025061920543747685,0.029785963372534037,0.06725926851996196,0.002547776249751506,0.02342541111662354,0.031281723297689544,,,-0.017659419053431175,-0.0173814736664329,0.04132542218590893,0.0010740279887026427,,0.029460051901492312,0.04277766990271872,0.007232194572861515,,0.1536339310303564,-0.026028136408032122,,0.033679371113825275,-0.03098671430004603,,,-0.019038602957995827,,0.06404385461011862,,,,,0.03840585327133111,0.03733929239978882,0.022625722434777062,0.023768254872256003,,,0.016856781883352757,0.004196897655395262,,-0.023959356767817967,,,-0.005109180742650887,,0.021509602118557538,,-0.011414861782501824,,,0.022785282992210172,-0.012396268242550693,0.06151371943377029,-0.006320429221538658,-0.010166995055027266,-0.0030350635021641993,,0.05294190644063682,0.05101328951399807,,,0.04748641781585353,0.01338470782217634,,0.022393551791197234,0.009476952407395243,0.011023349276580573,0.03509227118057055,,0.012665184199736943,-0.010567889601998169,0.0018186601441378344,0.06301231700744993,-0.005692834911519859,-0.01625325963030378,-0.04306841824604135,0.023400146437375938,0.023543764392901356,-0.00973840117672159,0.04237522080252071,0.02590519699728589,0.0030344544620322343,-0.003970743030071697,-0.008804326379104752,,-0.04594765198254003,-0.007522213124227764,,-0.008055804768321163,,-0.014937104363116469,-0.03483912162693289,-0.04317797231432727,,,0.09352159461014088,0.023936821694189748,-0.013457019592114077,-0.00789589088577843,,,-0.01780764754818837,0.007533065319366053,0.013316168435224575,0.0033629736153395874,-0.01054080460123581,-0.02625235575799869,0.025239863645019355,-0.013288525304641986,0.005798442028666609,0.021701811421868337,0.01757212931965251,0.043985542510712176,,-0.016283648857557845,0.021786324859605785,-0.042699586071936205,0.042567231553574475,-0.042240122091798685,0.009033266537343992,,,0.025916615416925467,-0.016027522813448557,-0.023131690279585254,,0.015214309742000309,-0.0005370655200945598,0.026479879469243486,0.04131085687293029,0.008078693026283609,0.025650010416025038,0.04161587270444513,0.0029729178133038347,0.036941850583239046,0.056919759802933456,0.01384782076081165,0.0029573478820979987,0.02219952092237988,0.022877105484217473,-0.027263379103724707,0.025099636986803578,0.006245408812567957,0.008060604326872828,0.04273372266038115,0.027141048363301366,0.009174245178138304,-0.0022113481281969766,0.02477715389749673,0.01803124271100808,0.015868760241631134,0.032015955978181077,0.08532111597071203,-0.042218503191811856,,-0.018501607019001807,-0.020857224494308286,0.05796560234047535,0.013647381056094973,0.04096767664150684,0.03453004353093256,0.02636954465863626,0.03866320916873741,-0.02124831102732773,-0.023968449666473803,0.00876565504634934,-0.0449273848817598,0.0314003315055883,0.06163859709805034,-0.0014730803672565172,,0.017846968081799183,-0.006906341602238182,0.014626255935706869,0.03862208415715958,-0.09259934162619284
2025-12-01,0.02532044067244943,0.02126603986777775,0.027674305739520247,-0.01734142010531393,,-0.007892743567273755,,,,-0.017486298310558594,,0.01621361429021579,0.06482322445034967,0.01200552183483935,-0.010736911067640426,,-0.0068124554821194045,0.06354419296440342,0.12208147113375878,-0.0144266154051656,-0.01403657983961954,-0.021369985695088817,-0.018061849761091726,,,0.0249167426487995,0.03947479427010149,0.03368939509048149,0.06166032691805672,,,0.021552389780517697,,,,,0.003028722369858496,-0.0026077763853309607,0.00401629228983825,-0.00343083595705577,0.037714097668805624,0.026978580230020994,-0.045102062252026835,0.026536304599863905,0.026617877077925213,,,,-0.0031807634336173843,,0.016754805702885688,,,0.02434268475975849,,0.01703125242783043,0.08978033716036023,,,0.03240386898096704,0.04900289005279971,,,0.026480153894004328,,,,,0.056868291049591804,0.02902069508804011,0.05388691269860909,0.06665094757783205,0.004920478685381999,,-0.01974381855346386,,,0.04199491567042553,0.04024749500434996,,,,-0.01595666113743613,0.04238625384292561,,,,,,0.04433608212620743,,,-0.017253962407922704,0.08319264700236961,0.14782412411857093,0.07103237307482277,0.015173037827913282,,,-0.007890006312467427,,,-0.0095170319871603,-0.015134645667170887,,0.0434165091226959,0.07177740586066161,-0.016965050618452614,0.101332016489485,,,0.029434644647891826,,-0.01827063111437604,-0.018345397490701156,0.02684808637258222,0.028638611665376016,,-0.009764509618484915,,0.05402856329337629,-0.01559329417223798,,-0.026594595455706502,-0.010173442020742997,-0.013155286021203185,-0.01319446386768625,-0.01604009966644838,-0.01575858496595185,-0.017633863439343943,,0.01221011340928643,,,0.017696346370342262,-0.016585826607171103,0.03508292663580575,-0.005958125619134077,-0.005705889349104345,0.019062923761544656,0.03678892131830993,0.018067889010022303,-0.002812327534140955,0.03599947857551179,-0.0013294733853255391,-0.008625898490127421,0.0037776833376058803,0.017202397773771402,-0.0006708215303433567,-0.008242774547109021,0.017110322044575445,0.036483815154764586,,,0.02919283978483656,,0.017956961034600826,,,,-0.02953403611590054,0.046951143395518515,-0.01805145434286277,-0.016709489863804793,0.026983640335926085,,-0.008396812087210189,-0.007287839704688163,0.02953270454521148,-0.012233471047441354,-0.017235342404856652,0.04524617351527794,,,-0.013881066132643432,-0.015816815965707574,0.049846876885268995,-0.01336951747578601,,0.02373832721250441,0.037787118353284015,0.00010025716355865417,,0.053249255849805215,-0.02614341722187038,0.09197456018805876,0.028325457057192024,-0.03300934079498523,,,-0.021105707485659153,,0.05977645277926705,0.07490395202367298,,,,0.03560267681248519,0.03511625310144898,0.028550606659613273,0.010504563714335877,,,,-0.006429073412412237,,-0.029524719289897226,,,-0.02186253771212237,,0.03067646680540492,,-0.01447802780392498,,,0.032318115950533896,-0.023155153040844673,0.07133848810433155,-0.006622209499487385,-0.016489139882130993,-0.010979824069374186,,,0.06439507727719572,,,0.06880314472737598,0.0371934273984716,,0.030953408343648313,0.02053607936733915,-0.0030572685513359306,0.03328990770013811,,0.007783566341938355,-0.013485398803497594,-0.012543059013134052,0.0523491273664104,-0.016216614424302517,-0.017804971890687363,-0.028029625376196583,0.016035467881559816,0.018412366779522054,-0.02356187106122793,0.037300720856611014,0.01872835027371885,-0.005073494649521147,-0.013609139618900423,-0.016637016453621728,,-0.013916128729761914,-0.007814163260363702,,-0.007875873782323833,,-0.018246776742169582,-0.02327972114884687,-0.024820264998015765,,,0.102188701248055,0.02156435536349527,-0.014066454216653356,-0.006950749271848139,,,-0.031306487945720746,-0.006393213412374897,-0.00022442710891876848,-0.010943427694639732,-0.010771646025666015,-0.015409473676801377,0.02148136508306652,-0.02494274465237966,-0.019461008507573294,0.031089341732091626,0.026984639070284623,0.014391891911704284,,-0.018198555535790643,0.029334239944039685,-0.02817145512193579,0.04189644173289841,-0.03306874644046892,0.004475123655734146,,,0.014401439827692802,-0.015418042157400048,-0.0293063448147939,,0.0025379902380397385,-0.010359199268501255,0.01832037696943521,0.03614861606016343,-0.0021993678172510587,0.018806130439799222,0.037217714325667124,-0.004934524482159202,0.020445896657444357,0.043485109226230445,0.028621769324460998,0.008867952835993691,0.027520476163760105,0.021515395005955066,-0.02633769202076462,0.01770286229446808,-0.0014780029284892613,-0.0009885803734412898,0.036495918694134336,0.020140189061327907,0.021322509687051634,,0.01022527441712203,0.028568198479322408,0.003911399652938035,0.03477838648873897,0.08885689004951017,-0.01818904415979249,,-0.020321328408048102,-0.03423680335035331,0.04930464663834855,-0.010572265163721763,0.013010021422610181,0.0294503150976978,0.014858846233451038,0.041532897840637864,-0.03228361249978211,-0.03042638671982225,0.017265679584285137,-0.03561450697559058,0.029554810668764094,0.07777633627849381,-0.010957721878745549,,0.00624916782466546,-0.025219860030392945,0.00936550320376618,0.04522559129503052,-0.060378404374861555
