,overlay_fraction,backward_vol_timer,forward_cvar_timer,conviction_timer,portfolio_kelly,portfolio_risk_reward,portfolio_garch_vol,portfolio_realized_vol,portfolio_vol_regime,forward_model_cvar,historical_cvar_target,composite_quality,selected_count,forward_model_cvar_raw,portfolio_scenario_mean,historical_cvar_target_raw,forward_cdar_timer,forward_risk_timer,forward_model_cdar,forward_model_cdar_raw,historical_cdar_target,historical_cdar_target_raw,asset_mean_efficiency_ratio,asset_median_efficiency_ratio,asset_dispersion_efficiency_ratio,asset_mean_atr_vol_regime,asset_median_atr_vol_regime,asset_dispersion_atr_vol_regime,asset_mean_liquidity_score,asset_median_liquidity_score,asset_dispersion_liquidity_score,asset_mean_breakout_strength,asset_median_breakout_strength,asset_dispersion_breakout_strength,asset_mean_normalized_spike,asset_median_normalized_spike,asset_dispersion_normalized_spike,asset_mean_pullback_ratio,asset_median_pullback_ratio,asset_dispersion_pullback_ratio,asset_mean_net_move,asset_median_net_move,asset_dispersion_net_move,asset_mean_garch_vol_forecast,asset_median_garch_vol_forecast,asset_dispersion_garch_vol_forecast,asset_mean_risk_reward_ratio,asset_median_risk_reward_ratio,asset_dispersion_risk_reward_ratio,asset_mean_kelly_fraction,asset_median_kelly_fraction,asset_dispersion_kelly_fraction,asset_mean_signal_quality,asset_median_signal_quality,asset_dispersion_signal_quality,cvar_model,cvar_model_centered,cvar_model_raw,cdar_model,cdar_model_centered,cdar_model_raw,forecast_portfolio_scenario_mean,vol_model,forecast_backward_vol_timer,forecast_forward_cvar_timer,forecast_forward_cdar_timer,forecast_forward_risk_timer,forecast_conviction_timer,forecast_overlay_fraction,robust_selection_score,selected_alpha
overlay_fraction,1.0,0.8826686071619324,0.2194082002700228,0.26540304341586285,0.007619365531180557,0.06534720891644825,-0.7909673477443396,-0.8601585101264614,-0.4852252028592379,-0.22442774464970236,-0.031047316453516136,0.2504483527250302,-0.020824049536908047,-0.20727779841823632,-0.08190577769165686,-0.01330599276579263,0.3493534707078336,0.3493534707078336,-0.22797600938724705,-0.21733121517461296,0.024542164434684183,0.03932660084112044,0.20786917587449374,0.17475203832407654,0.34211185844493497,-0.4314098543398099,-0.436732251446127,-0.2049122885932065,-0.0907764395355186,-0.1794597347984924,0.007983595659475578,0.31313436308831993,0.32318777984469654,0.005026708378188327,0.002661198553158526,0.0014784436406436255,0.1493228077050062,-0.31136023071954755,-0.3190481376508944,0.00975772802824793,0.15464520481132324,0.15641933718009557,-0.2800172255379027,-0.6307040570985707,-0.6117799784983322,-0.5887162577042917,-0.0671213412852206,0.17711754814910635,-0.0706696060227653,0.16055897937389774,-0.038176802263591894,-0.1741606608678191,0.25872763711263447,0.18776234236174044,0.11147465050452936,-0.2645508112070201,-0.2645508112070201,-0.1360633610904376,-0.27061153998610415,-0.27061153998610415,-0.1445483813811553,-0.11788117475318537,-0.2736419043756462,0.3595850103588392,0.17816084135099944,0.34104059695262817,0.34104059695262817,-0.009149728795437632,0.417810308020738,-0.07007822856650785,-0.11591100680933498
backward_vol_timer,0.8826686071619324,1.0,0.09357353237562352,0.2474849881624128,0.034317790340991694,0.02870744209312578,-0.8467215652415759,-0.959775615546463,-0.5336032793186163,-0.20272781271949647,-0.10387950695553762,0.22522024157596618,0.053817619351565364,-0.17313251159256268,-0.10624713104569233,-0.08908185639207072,0.1919810654352749,0.1919810654352749,-0.20391162476457386,-0.17668394772779475,-0.06185417935529163,-0.04824034083690209,0.22048499339565675,0.18260300795318152,0.3814834315261766,-0.4572474024111271,-0.4578393084336658,-0.2269959596435822,-0.12222859365423658,-0.21316548988010922,0.05711893117498223,0.3092708967764582,0.3240685473399251,0.005031201191578746,0.013317885507120207,0.017461227664890937,0.12933146592470068,-0.30749517870884213,-0.32110901722723173,0.01035835539442683,0.15182389478117037,0.15774295500655713,-0.2719808173565216,-0.6425139874657327,-0.6312677730374978,-0.5732609828287076,-0.09085757445968676,0.11394190933869511,-0.08079517207652925,0.12104478160915923,-0.042619877042186845,-0.1364343381951648,0.25303982463528396,0.2009520946518805,0.07310039378352648,-0.2296087525269067,-0.2296087525269067,-0.08401799795238198,-0.23688829025563293,-0.23688829025563293,-0.09372404825735028,-0.16651942554461266,-0.24113468726405657,0.32630614115490375,0.06731204903457559,0.21470262403223597,0.21470262403223597,-0.03957612473081286,0.3559220051599376,-0.07132467571591045,-0.05868974222150601
forward_cvar_timer,0.2194082002700228,0.09357353237562352,1.0,0.15460307331712858,0.08392795981688336,0.35793116978526685,-0.10696793579789585,-0.08228302753684295,-0.03977012997614076,-0.19542219040000203,0.3970156078652673,0.13508130353965053,-0.46200073087028265,-0.38398746183860044,0.2139358715957917,0.36615947253895115,0.7589911530352765,0.7589911530352765,-0.17005159024280878,-0.34353163996631936,0.4134722133726359,0.3606739373698283,-0.02674198394947396,-0.02674198394947396,-0.08845425460210618,-0.046627048937544345,-0.06445503823719365,-0.04456997324912327,0.012342454130526443,-0.01589748751231993,-0.3490171751354422,0.10079670873263262,0.065140730133334,0.0061712270652632215,-0.046627048937544345,-0.07199764909473759,0.16250897938526485,-0.09736824925193083,-0.06102657875649186,0.0061712270652632215,0.06239796254877258,0.052112584106667206,-0.10696793579789585,-0.13370991974736982,-0.14262391439719446,-0.11725331424000121,0.1563377523200016,0.36547378064281083,0.065140730133334,0.2139358715957917,0.11236586206015482,-0.1926794228154406,0.13165284405894873,-0.06651211392561472,0.2153072553880724,-0.24070574003529382,-0.24070574003529382,-0.47371449419736605,-0.2519013558508889,-0.2519013558508889,-0.4359292908197327,0.3078794349288642,-0.2505019038739395,0.14907328136976689,0.8130081300813007,0.7902620646694325,0.7902620646694325,0.15958560422171672,0.2827335091004991,0.13576699543579088,-0.19500712237705006
conviction_timer,0.26540304341586285,0.2474849881624128,0.15460307331712858,1.0,0.1670632902656677,0.23972445246091018,-0.19861076008634776,-0.24035697080513424,-0.1960806867094516,0.015812958605600936,0.24288704418203036,0.9045012322403735,-0.05152647635533828,-0.1739425446616103,0.28273569986814473,0.23592934239556596,0.13227551190677386,0.13227551190677386,0.04490880243990666,-0.14231662745040843,0.21442371869194868,0.2112611269708285,0.017710513638273046,-0.013282885228704787,0.0777997563395566,-0.11701589368144692,-0.1284012238774796,-0.05123398588214703,0.1486418108926488,0.15283855747314795,0.08349242143757293,-0.02909584383430572,0.01960806867094516,0.04490880243990666,-0.1790026914154026,-0.1606596594329055,0.10942567355075848,0.027830807145857644,-0.0202405870151692,0.05186650422637107,0.028463325490081685,0.006957701786464411,-0.03478850893232206,-0.169514916252042,-0.1555995126791132,-0.11764841202567096,-0.08159486640490082,0.08855256819136524,-0.1132207836161027,0.0018975550326721122,0.1036521933796448,0.01454792191715286,0.10942567355075848,-0.036686063964994166,0.2131586820035006,-0.01363753100745815,-0.01363753100745815,-0.1474152161282381,-0.020131593391962035,-0.020131593391962035,-0.1318294664054288,0.1467658098897877,0.005195249907603105,0.1445673316613164,0.17694006709216348,0.19670083179191641,0.19670083179191641,0.313375350140056,0.18168747179511865,0.036686063964994166,-0.14974198114836113
portfolio_kelly,0.007619365531180557,0.034317790340991694,0.08392795981688336,0.1670632902656677,1.0,0.15523010514126653,-0.06436370213174467,-0.003786100125396745,0.09843860326031538,0.03028880100317396,0.06057760200634792,0.056791501880951174,0.007959351912277656,-0.15523010514126653,0.15523010514126653,0.06057760200634792,-0.0706035931587185,-0.0706035931587185,0.06436370213174467,-0.13629960451428283,0.03407490112857071,0.0416471013793642,-0.09086640300952188,-0.07572200250793491,-0.10222470338571212,0.07950810263333165,0.08708030288412515,0.09086640300952188,0.07193590238253816,0.07022335226965223,0.037861001253967456,-0.0832942027587284,-0.07572200250793491,0.06057760200634792,-0.018930500626983728,-0.011358300376190235,0.026502700877777216,0.07950810263333165,0.07193590238253816,0.06057760200634792,-0.10979690363650561,-0.11358300376190235,-0.03028880100317396,-0.04921930163015769,-0.06436370213174467,0.037861001253967456,-0.037861001253967456,-0.09465250313491863,-0.04543320150476094,-0.15144400501586983,-0.03290194522050385,0.15144400501586983,-0.09843860326031538,-0.13251350438888607,-0.07193590238253816,0.005784213403281706,0.005784213403281706,-0.13689305054433373,-0.021208782478699593,-0.021208782478699593,-0.13689305054433373,0.1523176196197516,0.01735264020984512,0.15343045720754137,0.09632929738182501,0.0843413461418433,0.0843413461418433,0.1600918097764284,0.15134963743325427,0.018930500626983728,-0.06693290334458457
portfolio_risk_reward,0.06534720891644825,0.02870744209312578,0.35793116978526685,0.23972445246091018,0.15523010514126653,1.0,-0.045548045841904194,-0.024977960622979724,0.022039377020276224,-0.08492506611813105,0.1337055539230091,0.23773141345871288,-0.22733771029265312,-0.5703790772847488,0.6749926535409932,0.06905671466353216,0.16909410635042016,0.16909410635042016,-0.07199529826623567,-0.4751689685571554,0.08492506611813105,0.05142521304731119,0.0020570085218924476,-0.006171025565677344,-0.0437848956802821,0.05906553041434028,0.0431971789597414,-0.1525124889803115,0.024390243902439022,0.06873546352375562,-0.2330296796943873,-0.021451660299735525,-0.002644725242433147,0.11431090214516601,-0.07081986482515427,-0.08316191595650896,0.22186306200411401,0.019688510138113426,0.0032324419629738465,0.11548633558624742,-0.006758742286218043,-0.004995592124595945,-0.17073170731707316,-0.1431090214516603,-0.1442844548927417,-0.11607405230678812,-0.01616220981486923,0.31824860417278866,-0.08081104907434615,0.17249485747869525,0.14008792912267903,-0.17425800764031735,0.18953864237437554,0.06494269761974727,0.19835439318248602,-0.10809996988858778,-0.10809996988858778,-0.5164107196627522,-0.11171333935561578,-0.11171333935561578,-0.4435411020776875,0.5067750677506776,-0.09906654622101778,0.15742000338370485,0.4282323049465111,0.2738159709838917,0.2738159709838917,0.31171499445618633,0.20697388780572135,0.311783720246841,-0.06234000974154058
portfolio_garch_vol,-0.7909673477443396,-0.8467215652415759,-0.10696793579789585,-0.19861076008634776,-0.06436370213174467,-0.045548045841904194,1.0,0.8160446664707611,0.49515133705553915,0.23538054657655008,0.1401704378489568,-0.18131060828680573,-0.012973075859091618,0.19306494269761973,0.09844255069056713,0.13546870408463121,-0.19023086964422264,-0.19023086964422264,0.2424331472230385,0.20364384366735233,0.09374081692624155,0.07669703203056126,-0.2112841610343814,-0.17131942403761388,-0.3864237437555098,0.42873934763444016,0.4210990302674111,0.2300910960916838,0.1425213047311196,0.22558555209338294,-0.025565677343520422,-0.3593887746106376,-0.3805465765501028,-0.012048192771084336,-0.029091977666764614,-0.034381428151630915,-0.07493388186893916,0.3576256244490155,0.37643255950631793,-0.01792535997649133,-0.17660887452248014,-0.19012635909491624,0.2870996179841316,0.6873347046723479,0.6802821040258594,0.5921245959447545,0.09138995004407874,-0.1454598883338231,0.08198648251542755,-0.1454598883338231,0.007296246308472866,0.15897737290625918,-0.27534528357331767,-0.20599471054951513,-0.08903908316191594,0.25082806383619394,0.25082806383619394,0.09063535079795242,0.26889491117133396,0.26889491117133396,0.10930442637759712,0.15146040349292383,0.2634748569707919,-0.36064043164397896,-0.06997259884746913,-0.21713686328751763,-0.21713686328751763,0.07273349870644347,-0.3821289495212513,0.05142521304731119,0.07227827216410501
portfolio_realized_vol,-0.8601585101264614,-0.959775615546463,-0.08228302753684295,-0.24035697080513424,-0.003786100125396745,-0.024977960622979724,0.8160446664707611,1.0,0.5345283573317661,0.21951219512195122,0.1266529532765207,-0.22303849544519538,-0.05683442757316328,0.18072289156626503,0.11313546870408461,0.11137231854246253,-0.19101371272917833,-0.19101371272917833,0.2206876285630326,0.19012635909491624,0.08022333235380547,0.06435498089920658,-0.22950337937114307,-0.18718777549221274,-0.3940640611225389,0.45048486629444606,0.4557743167793123,0.2306788128122245,0.1442844548927417,0.23224713886661036,-0.0437848956802821,-0.30825741992359684,-0.32471348809873635,-0.014986776373787833,-0.015574493094328531,-0.019688510138113426,-0.13546870408463121,0.30649426976197475,0.32177490449603285,-0.019688510138113426,-0.15603878930355566,-0.15897737290625918,0.2759330002938583,0.6385542168674698,0.6209227152512489,0.5809579782544813,0.08962679988245666,-0.1237143696738172,0.08257419923596826,-0.1366441375257126,0.03356273301897519,0.15368792242139287,-0.24889803114898618,-0.21010872759330002,-0.07434616514839847,0.23998795543510992,0.23998795543510992,0.08461306835290576,0.24480578139114725,0.24480578139114725,0.10328214393255043,0.1743450767841012,0.25022583559168926,-0.31211018011913744,-0.05947670902034877,-0.19717943100006197,-0.19717943100006197,0.04805606164532872,-0.3415220667013879,0.07669703203056126,0.04607739850461695
portfolio_vol_regime,-0.4852252028592379,-0.5336032793186163,-0.03977012997614076,-0.1960806867094516,0.09843860326031538,0.022039377020276224,0.49515133705553915,0.5345283573317661,1.0,-0.019100793417572728,0.00910960916838084,-0.18072289156626503,0.04447911723117126,-0.023802527181898323,0.0414340287981193,-0.009697325888921539,-0.09550685636458917,-0.09550685636458917,-0.002644725242433147,-0.024977960622979724,-0.05024977960622979,-0.057890096973258885,-0.11196003526300322,-0.07081986482515427,-0.28004701733764326,0.7102556567734352,0.7249485747869526,0.28945048486629443,-0.0014692918013517484,0.030582739277089502,-0.019100793417572728,-0.3270643549808992,-0.3329415221863061,0.12606523655598,-0.02850426094622392,-0.031442844548927415,-0.07199529826623567,0.3229503379371143,0.33000293858360263,0.12488980311489861,-0.18777549221275341,-0.18836320893329414,0.2500734645900676,0.358801057890097,0.36350279165442256,0.26711724948574783,-0.10549515133705553,-0.11196003526300322,-0.11372318542462533,-0.15310020570085217,-0.11382144241217672,0.1431090214516603,-0.28181016749926535,-0.21951219512195122,-0.09550396708786363,-0.029208069858476363,-0.029208069858476363,-0.12074676302318578,-0.024390243902439025,-0.024390243902439025,-0.10809996988858778,0.15206263173742848,-0.006925624811803674,-0.09736381712171341,-0.0048980819193228395,-0.07903143185832442,-0.07903143185832442,0.08182518604474891,-0.10515364431710879,-0.030267411107846014,-0.03975304969025776
forward_model_cvar,-0.22442774464970236,-0.20272781271949647,-0.19542219040000203,0.015812958605600936,0.03028880100317396,-0.08492506611813105,0.23538054657655008,0.21951219512195122,-0.019100793417572728,1.0,0.419335880105789,0.02967969438730532,0.009266482756494014,0.5121951219512195,0.23773141345871288,0.39465177784307964,-0.20980194676811387,-0.20980194676811387,0.8977372906259183,0.5897737290625918,0.36350279165442256,0.372318542462533,-0.17190714075815455,-0.1307669703203056,-0.2424331472230385,-0.0443726124008228,-0.05201292976785189,0.16955627387599176,0.5968263297090802,0.6295199500699907,0.25947693211871875,-0.10138113429327063,-0.07552159858947986,-0.03614457831325301,-0.09667940052894505,-0.08433734939759036,-0.014399059653247132,0.10196885101381134,0.07493388186893916,-0.03496914487217161,0.004995592124595945,0.006758742286218043,0.1466353217749045,0.28474875110196884,0.23655598001763148,0.36350279165442256,0.032030561269468114,-0.18601234205113135,0.032030561269468114,-0.11196003526300322,-0.06712546603795037,0.09961798413164853,0.09785483397002645,0.055539230091096084,-0.08022333235380547,0.708521529659741,0.708521529659741,0.3435712134899127,0.7518819632640772,0.7518819632640772,0.47666365552544415,0.1502559470039145,0.7476663655525445,-0.26782632560271946,-0.12665040391391913,-0.18680156621058505,-0.18680156621058505,0.026625655776465917,-0.28273299754427234,0.15074933881868938,-0.22315916530667423
historical_cvar_target,-0.031047316453516136,-0.10387950695553762,0.3970156078652673,0.24288704418203036,0.06057760200634792,0.1337055539230091,0.1401704378489568,0.1266529532765207,0.00910960916838084,0.419335880105789,1.0,0.23890684689979427,-0.3496552826783741,0.10902145166029972,0.34704672347928295,0.8413164854540112,0.3350568403610177,0.3350568403610177,0.42873934763444016,0.18542462533059062,0.8489568028210401,0.7719659124302086,-0.17543344108139874,-0.1401704378489568,-0.19541580957978252,-0.006758742286218043,-0.012048192771084336,0.19188950925653833,0.5098442550690566,0.4932602206176118,0.13605642080517188,-0.03908316191595651,-0.02732882750514252,-0.011460476050543638,-0.08962679988245666,-0.09021451660299734,0.09138995004407874,0.0396708786364972,0.024390243902439022,-0.007934175727299441,0.04613576256244489,0.031442844548927415,0.03732001175433441,0.10608286805759623,0.07199529826623567,0.19894210990302674,-0.0408463120775786,-0.03790772847487511,-0.07023214810461356,-0.13781957096679398,-0.05836997046778293,0.15133705553923008,0.1448721716132824,0.015574493094328531,0.09021451660299734,0.31225534477567,0.31225534477567,-0.03944595001505571,0.3134598012646793,0.3134598012646793,0.05389942788316772,0.2971996386630533,0.3164709424872027,-0.10706986742668172,0.3960449094766753,0.383980997210647,0.383980997210647,0.19612068401201724,-0.023939878677382117,0.16838084043491036,-0.3333835303569344
composite_quality,0.2504483527250302,0.22522024157596618,0.13508130353965053,0.9045012322403735,0.056791501880951174,0.23773141345871288,-0.18131060828680573,-0.22303849544519538,-0.18072289156626503,0.02967969438730532,0.23890684689979427,1.0,-0.0685719723980557,-0.16661769027328827,0.2794593006171025,0.2236262121657361,0.131517638272549,0.131517638272549,0.055539230091096084,-0.14193358801057887,0.2112841610343814,0.20129297678518954,0.0402585953570379,0.004995592124595945,0.08845136644137526,-0.09432853364678224,-0.10784601821921833,-0.0437848956802821,0.131942403761387,0.14382971442195555,0.07669703203056126,-0.01851307669703203,0.03673229503379371,0.06082868057596238,-0.1548633558624743,-0.13899500440787538,0.09315310020570085,0.01674992653540993,-0.03614457831325301,0.06670584778136937,0.06905671466353216,0.05201292976785189,-0.019688510138113426,-0.15662650602409636,-0.14369673817220097,-0.1225389362327358,-0.10490743461651482,0.10960916838084042,-0.1272406699970614,0.0437848956802821,0.10068819905692557,-0.031442844548927415,0.1454598883338231,0.00910960916838084,0.25536291507493386,0.01234567901234568,0.01234567901234568,-0.12014453477868113,0.003914483589280337,0.003914483589280337,-0.10388437217705511,0.13459801264679314,0.03462812405901837,0.11738254587571056,0.1469424575796852,0.17482710683811165,0.17482710683811165,0.28833636987197236,0.15182125591605622,0.03614457831325301,-0.20418611886359667
selected_count,-0.020824049536908047,0.053817619351565364,-0.46200073087028265,-0.05152647635533828,0.007959351912277656,-0.22733771029265312,-0.012973075859091618,-0.05683442757316328,0.04447911723117126,0.009266482756494014,-0.3496552826783741,-0.0685719723980557,1.0,0.12973075859091618,-0.26440364131862915,-0.32494466199439004,-0.4246000467268027,-0.4246000467268027,0.02779944826948204,0.10502013790693214,-0.40154758611474056,-0.37313037232815893,0.10440237238983255,0.11428662066342615,0.04200805516277286,0.038919227577274854,0.05806995860736248,0.05992325515866129,-0.00741318620519521,0.007957023368102141,0.28108331028031835,-0.08278057929134651,-0.08092728274004772,-0.11119779307792815,0.10934449652662935,0.11861097928312336,-0.12911299307381657,0.0772206896374501,0.07845622067164931,-0.11058002756082856,-0.06424761377835848,-0.05992325515866129,0.13529064824481257,0.10810896549243015,0.13529064824481257,0.019768496547187226,0.07969175170584851,-0.10440237238983255,0.12725969652251776,-0.013590841376191218,-0.08742989447742845,-0.00741318620519521,-0.2860254344171152,-0.0698075034322549,-0.1606190344458962,0.03803040881725755,0.03803040881725755,0.2402254156956768,0.06148249425456636,0.06148249425456636,0.20029348643755637,-0.2947356683337459,0.04690417087461763,-0.03415819872038532,-0.4297219009462019,-0.4243015882643921,-0.4243015882643921,-0.04203491713675038,-0.0979155917458951,-0.3101182895839997,0.18993429409939658
forward_model_cvar_raw,-0.20727779841823632,-0.17313251159256268,-0.38398746183860044,-0.1739425446616103,-0.15523010514126653,-0.5703790772847488,0.19306494269761973,0.18072289156626503,-0.023802527181898323,0.5121951219512195,0.10902145166029972,-0.16661769027328827,0.12973075859091618,1.0,-0.2500734645900676,0.14898618865706728,-0.25598968878049716,-0.25598968878049716,0.4898618865706729,0.8448427857772554,0.11666176902732882,0.14781075521598588,-0.13429327064354982,-0.09667940052894505,-0.11313546870408461,-0.06435498089920658,-0.04966206288568909,0.16015280634734055,0.28768733470467234,0.26737186912544586,0.2970908022333235,-0.02967969438730532,-0.02967969438730532,-0.08316191595650896,-0.015574493094328531,-0.006758742286218043,-0.14134587129003817,0.030267411107846014,0.02791654422568322,-0.08316191595650896,0.019100793417572728,0.01616220981486923,0.18424919188950925,0.25418748163385246,0.23538054657655008,0.28474875110196884,0.006171025565677344,-0.31295915368792243,0.07434616514839847,-0.131942403761387,-0.12111768872064957,0.11960035263003232,-0.08668821627975315,-0.020863943579194827,-0.16367910667058477,0.43450767841011745,0.43450767841011745,0.5862691960252936,0.4549834387232762,0.4549834387232762,0.6302318578741343,-0.2273411623005119,0.4447455585666968,-0.2981577328057454,-0.38275011569565615,-0.3049495653523226,-0.3049495653523226,-0.2662565577646591,-0.3463706497246552,-0.07728474875110196,-0.036139136082052506
portfolio_scenario_mean,-0.08190577769165686,-0.10624713104569233,0.2139358715957917,0.28273569986814473,0.15523010514126653,0.6749926535409932,0.09844255069056713,0.11313546870408461,0.0414340287981193,0.23773141345871288,0.34704672347928295,0.2794593006171025,-0.26440364131862915,-0.2500734645900676,1.0,0.25771378195709665,0.029748037228314657,0.029748037228314657,0.24948574786952687,-0.15603878930355566,0.26652953276520713,0.21304731119600348,-0.10314428445489274,-0.08433734939759036,-0.1548633558624743,0.08433734939759036,0.06846899794299147,-0.0426094622392007,0.305906553041434,0.35578929357010064,-0.03379371143109021,-0.10902145166029972,-0.06082868057596238,0.11137231854246253,-0.11842491918895091,-0.11783720246841022,0.2106964443138407,0.10373200117543342,0.057890096973258885,0.11372318542462533,-0.032030561269468114,-0.0408463120775786,-0.058477813693799584,0.022039377020276224,-0.008521892447840141,0.09844255069056713,-0.04613576256244489,0.1213635027916544,-0.09197766676461945,-0.0032324419629738465,0.0875549557016744,0.002644725242433147,0.2018806935057302,0.054951513370555385,0.13781957096679398,0.1948208370972599,0.1948208370972599,-0.26166817223727795,0.1996386630532972,0.1996386630532972,-0.15627822944896114,0.5543510990665462,0.2122854561878952,0.008796108088877536,0.2938849151593704,0.13970202601218967,0.13970202601218967,0.32600193170209485,0.05060708530535207,0.3676168086982074,-0.15359132834872316
historical_cvar_target_raw,-0.01330599276579263,-0.08908185639207072,0.36615947253895115,0.23592934239556596,0.06057760200634792,0.06905671466353216,0.13546870408463121,0.11137231854246253,-0.009697325888921539,0.39465177784307964,0.8413164854540112,0.2236262121657361,-0.32494466199439004,0.14898618865706728,0.25771378195709665,1.0,0.3687190930141106,0.3687190930141106,0.4005289450484866,0.20070526006464884,0.7984131648545401,0.8565971201880692,-0.15310020570085217,-0.1213635027916544,-0.19188950925653833,-0.0431971789597414,-0.044960329121363496,0.19894210990302674,0.4898618865706729,0.4714586639052312,0.13605642080517188,-0.044960329121363496,-0.03790772847487511,-0.007934175727299441,-0.06964443138407288,-0.06788128122245077,0.07963561563326475,0.045548045841904194,0.03496914487217161,-0.0020570085218924476,0.05318836320893329,0.0396708786364972,0.030267411107846014,0.10960916838084042,0.09785483397002645,0.16602997355274757,-0.07493388186893916,-0.07317073170731707,-0.10079341757272994,-0.15192477225977077,-0.08025870939320154,0.16426682339112547,0.12606523655598,0.032030561269468114,0.08433734939759036,0.28455284552845533,0.28455284552845533,-0.004516711833785005,0.286961758506474,0.286961758506474,0.07557964468533575,0.20204757603131587,0.28997289972899726,-0.0997903296979555,0.3477638162719216,0.3696116459636789,0.3696116459636789,0.15910452842034511,-0.018485222776206445,0.06259183073758448,-0.320734832728216
forward_cdar_timer,0.3493534707078336,0.1919810654352749,0.7589911530352765,0.13227551190677386,-0.0706035931587185,0.16909410635042016,-0.19023086964422264,-0.19101371272917833,-0.09550685636458917,-0.20980194676811387,0.3350568403610177,0.131517638272549,-0.4246000467268027,-0.25598968878049716,0.029748037228314657,0.3687190930141106,1.0,0.9999999999999999,-0.21841322070262603,-0.2599039042052754,0.4297808536406512,0.42351810896100606,0.046187742012383286,0.043056369672560685,-0.008611273934512137,-0.1346490106123716,-0.14639165688670633,-0.0015656861699112979,-0.02896519414335901,-0.07582624170811096,-0.2685151781397876,0.18161959570971054,0.16283136167077497,-0.030530880313270305,-0.03522793882300419,-0.05871323137167366,0.1268205797628151,-0.176139694115021,-0.15813430316104107,-0.030530880313270305,0.11429509040352474,0.09707254253450046,-0.13856322603714985,-0.2082362605982026,-0.19805930049377915,-0.2465955717610294,0.07045587764600839,0.2849548829238562,0.005479901594689542,0.16126567550086365,-0.04373394691850577,-0.14952302922652894,0.14169459837697243,0.02661666488849206,0.17457400794510972,-0.30175637618632967,-0.30175637618632967,-0.32730188951427286,-0.3041512680608243,-0.3041512680608243,-0.3209155111822871,0.07663653998382976,-0.3041512680608243,0.22234185597345787,0.6297980538856157,0.7978835978835979,0.7978835978835979,0.08177933925703307,0.36353561865975087,-0.011742646274334733,-0.2707740035547038
forward_risk_timer,0.3493534707078336,0.1919810654352749,0.7589911530352765,0.13227551190677386,-0.0706035931587185,0.16909410635042016,-0.19023086964422264,-0.19101371272917833,-0.09550685636458917,-0.20980194676811387,0.3350568403610177,0.131517638272549,-0.4246000467268027,-0.25598968878049716,0.029748037228314657,0.3687190930141106,0.9999999999999999,1.0,-0.21841322070262603,-0.2599039042052754,0.4297808536406512,0.42351810896100606,0.046187742012383286,0.043056369672560685,-0.008611273934512137,-0.1346490106123716,-0.14639165688670633,-0.0015656861699112979,-0.02896519414335901,-0.07582624170811096,-0.2685151781397876,0.18161959570971054,0.16283136167077497,-0.030530880313270305,-0.03522793882300419,-0.05871323137167366,0.1268205797628151,-0.176139694115021,-0.15813430316104107,-0.030530880313270305,0.11429509040352474,0.09707254253450046,-0.13856322603714985,-0.2082362605982026,-0.19805930049377915,-0.2465955717610294,0.07045587764600839,0.2849548829238562,0.005479901594689542,0.16126567550086365,-0.04373394691850577,-0.14952302922652894,0.14169459837697243,0.02661666488849206,0.17457400794510972,-0.30175637618632967,-0.30175637618632967,-0.32730188951427286,-0.3041512680608243,-0.3041512680608243,-0.3209155111822871,0.07663653998382976,-0.3041512680608243,0.22234185597345787,0.6297980538856157,0.7978835978835979,0.7978835978835979,0.08177933925703307,0.36353561865975087,-0.011742646274334733,-0.2707740035547038
forward_model_cdar,-0.22797600938724705,-0.20391162476457386,-0.17005159024280878,0.04490880243990666,0.06436370213174467,-0.07199529826623567,0.2424331472230385,0.2206876285630326,-0.002644725242433147,0.8977372906259183,0.42873934763444016,0.055539230091096084,0.02779944826948204,0.4898618865706729,0.24948574786952687,0.4005289450484866,-0.21841322070262603,-0.21841322070262603,1.0,0.593300029385836,0.3705553923009109,0.372318542462533,-0.16132823978842198,-0.11783720246841022,-0.23773141345871288,-0.03261827799000881,-0.0426094622392007,0.16955627387599176,0.6038789303555685,0.6404207284261811,0.25712606523655596,-0.11078460182192182,-0.08257419923596826,-0.020863943579194827,-0.09315310020570085,-0.07963561563326475,-0.021451660299735525,0.11019688510138113,0.08081104907434615,-0.01733764325595063,-0.000881575080811049,-0.002644725242433147,0.16544225683220687,0.27534528357331767,0.2236262121657361,0.36820452541874815,0.02732882750514252,-0.18131060828680573,0.02027622685865413,-0.11196003526300322,-0.05836997046778293,0.09609168380840434,0.08962679988245666,0.03320599471054951,-0.08139876579488686,0.7211683227943391,0.7211683227943391,0.335742246311352,0.7560975609756099,0.7560975609756099,0.4628124059018368,0.1737428485395965,0.7566997892201145,-0.2623666723061748,-0.12595067792544445,-0.1923896472510726,-0.1923896472510726,0.026625655776465917,-0.2730358314977378,0.15310020570085217,-0.21593133809026374
forward_model_cdar_raw,-0.21733121517461296,-0.17668394772779475,-0.34353163996631936,-0.14231662745040843,-0.13629960451428283,-0.4751689685571554,0.20364384366735233,0.19012635909491624,-0.024977960622979724,0.5897737290625918,0.18542462533059062,-0.14193358801057887,0.10502013790693214,0.8448427857772554,-0.15603878930355566,0.20070526006464884,-0.2599039042052754,-0.2599039042052754,0.593300029385836,1.0,0.18836320893329414,0.20893329415221862,-0.1307669703203056,-0.09315310020570085,-0.1272406699970614,-0.07140758154569496,-0.05906553041434028,0.14957390537760798,0.3828974434322656,0.3697180659141216,0.3147223038495445,-0.0414340287981193,-0.032030561269468114,-0.07728474875110196,-0.02615339406406112,-0.01733764325595063,-0.12488980311489861,0.042021745518659996,0.031442844548927415,-0.07610931531002056,0.02850426094622392,0.025565677343520422,0.20070526006464884,0.26006464883925945,0.23538054657655008,0.3094328533646782,0.01792535997649133,-0.30002938583602706,0.07199529826623567,-0.13781957096679398,-0.119658439458955,0.11489861886570672,-0.04907434616514839,-0.01616220981486923,-0.15427563914193357,0.5188196326407709,0.5188196326407709,0.5790424570912377,0.5441132189099669,0.5441132189099669,0.6591388136103583,-0.15146040349292383,0.5362842517314063,-0.299977617237927,-0.3631577880183648,-0.31692402472479597,-0.31692402472479597,-0.21170643373482653,-0.347582795480472,-0.045548045841904194,-0.0776991425764129
historical_cdar_target,0.024542164434684183,-0.06185417935529163,0.4134722133726359,0.21442371869194868,0.03407490112857071,0.08492506611813105,0.09374081692624155,0.08022333235380547,-0.05024977960622979,0.36350279165442256,0.8489568028210401,0.2112841610343814,-0.40154758611474056,0.11666176902732882,0.26652953276520713,0.7984131648545401,0.4297808536406512,0.4297808536406512,0.3705553923009109,0.18836320893329414,1.0,0.8759917719659124,-0.15368792242139287,-0.11842491918895091,-0.17131942403761388,-0.07904789891272407,-0.08198648251542755,0.15603878930355566,0.46341463414634143,0.43088354446830057,0.11783720246841022,0.01674992653540993,0.02732882750514252,-0.02850426094622392,-0.06317954745812518,-0.06729356450191007,0.06964443138407288,-0.014986776373787833,-0.02674111078460182,-0.024977960622979724,0.06200411401704378,0.05318836320893329,0.0073464590067587425,0.04907434616514839,0.01733764325595063,0.15133705553923008,-0.013223626212165735,0.02615339406406112,-0.0473111960035263,-0.07610931531002056,-0.04085897932744805,0.09080223332353805,0.18424919188950925,0.06553041434028797,0.07434616514839847,0.27431496537187594,0.27431496537187594,-0.03523035230352304,0.2682926829268293,0.2682926829268293,0.04847937368262571,0.23155676001204456,0.27612165010538997,-0.06339264105432431,0.3715544998800612,0.3895690782511346,0.3895690782511346,0.12273777906712337,0.013030566875030774,0.1431090214516603,-0.34332179277949887
historical_cdar_target_raw,0.03932660084112044,-0.04824034083690209,0.3606739373698283,0.2112611269708285,0.0416471013793642,0.05142521304731119,0.07669703203056126,0.06435498089920658,-0.057890096973258885,0.372318542462533,0.7719659124302086,0.20129297678518954,-0.37313037232815893,0.14781075521598588,0.21304731119600348,0.8565971201880692,0.42351810896100606,0.42351810896100606,0.372318542462533,0.20893329415221862,0.8759917719659124,1.0,-0.1366441375257126,-0.10138113429327063,-0.19306494269761973,-0.09609168380840434,-0.09432853364678224,0.18718777549221274,0.45694975022039375,0.4193771673145441,0.11607405230678812,-0.015574493094328531,0.000881575080811049,-0.005583308845136644,-0.06376726417866588,-0.06553041434028797,0.05260064648839259,0.01851307669703203,0.000881575080811049,0.00029385836027034966,0.0414340287981193,0.03732001175433441,0.022039377020276224,0.061416397296503084,0.0426094622392007,0.131942403761387,-0.020863943579194827,0.0032324419629738465,-0.06082868057596238,-0.08727593300029386,-0.0598292197294775,0.10079341757272994,0.16367910667058477,0.06611813106082867,0.06905671466353216,0.27612165010538997,0.27612165010538997,0.011141222523336344,0.2749171936163806,0.2749171936163806,0.08882866606443843,0.15507377295995184,0.2827461607949413,-0.060966128478082235,0.3253725846407315,0.3688133486721807,0.3688133486721807,0.11429549796726832,0.014848785508755997,0.05436379665001469,-0.32796265994462653
asset_mean_efficiency_ratio,0.20786917587449374,0.22048499339565675,-0.02674198394947396,0.017710513638273046,-0.09086640300952188,0.0020570085218924476,-0.2112841610343814,-0.22950337937114307,-0.11196003526300322,-0.17190714075815455,-0.17543344108139874,0.0402585953570379,0.10440237238983255,-0.13429327064354982,-0.10314428445489274,-0.15310020570085217,0.046187742012383286,0.046187742012383286,-0.16132823978842198,-0.1307669703203056,-0.15368792242139287,-0.1366441375257126,1.0,0.8765794886864531,0.3358801057890097,-0.06082868057596238,-0.06611813106082867,-0.17014399059653246,-0.17660887452248014,-0.1868272290491507,-0.05906553041434028,0.15603878930355566,0.15133705553923008,-0.07963561563326475,0.12195121951219512,0.11313546870408461,0.07963561563326475,-0.15662650602409636,-0.14957390537760798,-0.07375844842785777,0.23773141345871288,0.2406699970614164,0.1572142227446371,-0.17249485747869525,-0.13605642080517188,-0.24419629738466056,-0.005583308845136644,0.03732001175433441,-0.03379371143109021,0.06553041434028797,0.023347988187113172,-0.09080223332353805,0.1448721716132824,0.17895974140464294,0.024390243902439022,-0.11653116531165313,-0.11653116531165313,-0.05751279735019573,-0.11653116531165313,-0.11653116531165313,-0.08822643781993376,-0.07618187292984041,-0.11833785004516713,0.03791425900378249,-0.05177972314712716,-0.012772756663971626,-0.012772756663971626,0.004545843669152717,0.05060708530535207,-0.08903908316191594,0.08583044819487472
asset_median_efficiency_ratio,0.17475203832407654,0.18260300795318152,-0.02674198394947396,-0.013282885228704787,-0.07572200250793491,-0.006171025565677344,-0.17131942403761388,-0.18718777549221274,-0.07081986482515427,-0.1307669703203056,-0.1401704378489568,0.004995592124595945,0.11428662066342615,-0.09667940052894505,-0.08433734939759036,-0.1213635027916544,0.043056369672560685,0.043056369672560685,-0.11783720246841022,-0.09315310020570085,-0.11842491918895091,-0.10138113429327063,0.8765794886864531,1.0,0.23714369673817218,-0.029091977666764614,-0.02850426094622392,-0.12195121951219512,-0.13899500440787538,-0.14685770840978624,-0.05083749632677049,0.1325301204819277,0.12430208639435791,-0.09961798413164853,0.12195121951219512,0.11548633558624742,0.0443726124008228,-0.13429327064354982,-0.1225389362327358,-0.09374081692624155,0.2212753452835733,0.2289156626506024,0.17014399059653246,-0.1325301204819277,-0.09374081692624155,-0.19482809285924182,0.009697325888921539,0.01851307669703203,-0.01616220981486923,0.05024977960622979,0.0,-0.06964443138407288,0.1284161034381428,0.19306494269761973,0.0032324419629738465,-0.08280638361939174,-0.08280638361939174,-0.04185486299307438,-0.07678410117434509,-0.07678410117434509,-0.05691056910569106,-0.060523938572719066,-0.07979524239686843,0.014862389529482734,-0.05177972314712716,-0.015167648538466305,-0.015167648538466305,0.00714346862295427,0.026364170189015747,-0.10079341757272994,0.07679566417436158
asset_dispersion_efficiency_ratio,0.34211185844493497,0.3814834315261766,-0.08845425460210618,0.0777997563395566,-0.10222470338571212,-0.0437848956802821,-0.3864237437555098,-0.3940640611225389,-0.28004701733764326,-0.2424331472230385,-0.19541580957978252,0.08845136644137526,0.04200805516277286,-0.11313546870408461,-0.1548633558624743,-0.19188950925653833,-0.008611273934512137,-0.008611273934512137,-0.23773141345871288,-0.1272406699970614,-0.17131942403761388,-0.19306494269761973,0.3358801057890097,0.23714369673817218,1.0,-0.2747575668527769,-0.26476638260358504,-0.2747575668527769,-0.2001175433441081,-0.24011992323497003,0.03849544519541581,0.3053188363208933,0.3123714369673817,0.05201292976785189,0.11842491918895091,0.11431090214516601,0.15016162209814868,-0.3070819864825154,-0.317660887452248,0.05201292976785189,0.20599471054951513,0.19717895974140462,-0.03790772847487511,-0.39935351160740523,-0.3887746106376726,-0.36173964149280047,-0.18895092565383484,-0.03908316191595651,-0.18542462533059062,-0.02850426094622392,-0.10068819905692557,0.010285042609462239,0.19306494269761973,0.17778430796356157,0.1266529532765207,-0.21168322794339056,-0.21168322794339056,-0.02137910267991569,-0.20927431496537188,-0.20927431496537188,-0.06413730803974707,-0.16772056609454983,-0.21108099969888588,0.2411346872640566,-0.0972619123979821,-0.010377864789476946,-0.010377864789476946,0.003247031192251941,0.2178831996080727,0.0038201586835145455,0.06053305293743795
asset_mean_atr_vol_regime,-0.4314098543398099,-0.4572474024111271,-0.046627048937544345,-0.11701589368144692,0.07950810263333165,0.05906553041434028,0.42873934763444016,0.45048486629444606,0.7102556567734352,-0.0443726124008228,-0.006758742286218043,-0.09432853364678224,0.038919227577274854,-0.06435498089920658,0.08433734939759036,-0.0431971789597414,-0.1346490106123716,-0.1346490106123716,-0.03261827799000881,-0.07140758154569496,-0.07904789891272407,-0.09609168380840434,-0.06082868057596238,-0.029091977666764614,-0.2747575668527769,1.0,0.9347634440199822,0.34880987364090504,-0.020863943579194827,0.010597978957407253,-0.04672347928298559,-0.3640905083749632,-0.3629150749338818,0.16661769027328827,-0.03379371143109021,-0.03790772847487511,-0.10431971789597413,0.35997649133117837,0.358801057890097,0.16661769027328827,-0.19894210990302674,-0.19130179253599763,0.335292389068469,0.395827211284161,0.3923009109609168,0.3088451366441375,-0.07434616514839847,-0.030267411107846014,-0.08962679988245666,-0.07728474875110196,-0.04523672711253177,0.07199529826623567,-0.23420511313546868,-0.22245077872465469,-0.06905671466353216,-0.020776874435411024,-0.020776874435411024,-0.16290274013851253,-0.006323396567299007,-0.006323396567299007,-0.13821138211382114,0.20024089129780187,0.006323396567299007,-0.1028234704182581,-0.0027989039538987657,-0.11415651268424641,-0.11415651268424641,0.153909278512742,-0.11545688324155173,0.013811342932706435,-0.021683481649231506
asset_median_atr_vol_regime,-0.436732251446127,-0.4578393084336658,-0.06445503823719365,-0.1284012238774796,0.08708030288412515,0.0431971789597414,0.4210990302674111,0.4557743167793123,0.7249485747869526,-0.05201292976785189,-0.012048192771084336,-0.10784601821921833,0.05806995860736248,-0.04966206288568909,0.06846899794299147,-0.044960329121363496,-0.14639165688670633,-0.14639165688670633,-0.0426094622392007,-0.05906553041434028,-0.08198648251542755,-0.09432853364678224,-0.06611813106082867,-0.02850426094622392,-0.26476638260358504,0.9347634440199822,1.0,0.335292389068469,-0.030855127828386713,-0.002725194589047579,-0.02850426094622392,-0.36702909197766675,-0.3705553923009109,0.17190714075815455,-0.03555686159271231,-0.0408463120775786,-0.10373200117543342,0.3629150749338818,0.36526594181604466,0.17190714075815455,-0.20540699382897443,-0.19541580957978252,0.3288275051425213,0.3893623273582133,0.3975903614457831,0.2929767851895386,-0.09021451660299734,-0.04966206288568909,-0.10079341757272994,-0.09667940052894505,-0.049614474897615495,0.09021451660299734,-0.2700558330884513,-0.24537173082574198,-0.08257419923596826,-0.0304125263474857,-0.0304125263474857,-0.14724480578139115,-0.013550135501355014,-0.013550135501355014,-0.13098464317976513,0.1761517615176152,-0.000903342366757001,-0.09554393268953185,-0.021691505642715433,-0.12772756663971627,-0.12772756663971627,0.14027174750528384,-0.11182044597410128,-0.00910960916838084,-0.012648697628718378
asset_dispersion_atr_vol_regime,-0.2049122885932065,-0.2269959596435822,-0.04456997324912327,-0.05123398588214703,0.09086640300952188,-0.1525124889803115,0.2300910960916838,0.2306788128122245,0.28945048486629443,0.16955627387599176,0.19188950925653833,-0.0437848956802821,0.05992325515866129,0.16015280634734055,-0.0426094622392007,0.19894210990302674,-0.0015656861699112979,-0.0015656861699112979,0.16955627387599176,0.14957390537760798,0.15603878930355566,0.18718777549221274,-0.17014399059653246,-0.12195121951219512,-0.2747575668527769,0.34880987364090504,0.335292389068469,1.0,0.1401704378489568,0.11657776853147978,0.1272406699970614,-0.26300323244196294,-0.25242433147223037,0.1466353217749045,-0.03614457831325301,-0.0426094622392007,-0.17367029091977668,0.26241551572142224,0.25183661475168967,0.1431090214516603,-0.18483690861004995,-0.17484572436085805,0.23420511313546868,0.28768733470467234,0.2406699970614164,0.3135468704084631,-0.02615339406406112,-0.09256538348516015,-0.012048192771084336,-0.08316191595650896,-0.11236219315048215,0.07787246547164267,-0.1331178372024684,-0.11783720246841022,-0.03732001175433441,0.15266485998193316,0.15266485998193316,0.15266485998193316,0.16230051189400782,0.16230051189400782,0.18458295694068053,-0.04908160192713038,0.17253839205058719,-0.04580042487656924,0.006297533896272222,-0.008781270206480493,-0.008781270206480493,0.06299240512968765,-0.053031376816985706,-0.17190714075815455,-0.13281132510154298
asset_mean_liquidity_score,-0.0907764395355186,-0.12222859365423658,0.012342454130526443,0.1486418108926488,0.07193590238253816,0.024390243902439022,0.1425213047311196,0.1442844548927417,-0.0014692918013517484,0.5968263297090802,0.5098442550690566,0.131942403761387,-0.00741318620519521,0.28768733470467234,0.305906553041434,0.4898618865706729,-0.02896519414335901,-0.02896519414335901,0.6038789303555685,0.3828974434322656,0.46341463414634143,0.45694975022039375,-0.17660887452248014,-0.13899500440787538,-0.2001175433441081,-0.020863943579194827,-0.030855127828386713,0.1401704378489568,1.0,0.8360291400400407,0.41463414634146334,-0.09667940052894505,-0.07081986482515427,0.034381428151630915,-0.08962679988245666,-0.07728474875110196,0.08081104907434615,0.09609168380840434,0.06905671466353216,0.03908316191595651,-0.02674111078460182,-0.03320599471054951,0.10784601821921833,0.16250367322950335,0.1272406699970614,0.25653834851601526,-0.07493388186893916,-0.1366441375257126,-0.07963561563326475,-0.16015280634734055,-0.06274771825286665,0.15133705553923008,0.17895974140464294,0.02850426094622392,-0.0038201586835145455,0.5158084914182476,0.5158084914182476,0.1556760012044565,0.5302619692863595,0.5302619692863595,0.27431496537187594,0.24540800963565193,0.5368864799759109,-0.16045314410400743,0.05038027117017778,0.015167648538466305,0.015167648538466305,0.12923184145162725,-0.1281844136776283,0.17190714075815455,-0.3071826566974463
asset_median_liquidity_score,-0.1794597347984924,-0.21316548988010922,-0.01589748751231993,0.15283855747314795,0.07022335226965223,0.06873546352375562,0.22558555209338294,0.23224713886661036,0.030582739277089502,0.6295199500699907,0.4932602206176118,0.14382971442195555,0.007957023368102141,0.26737186912544586,0.35578929357010064,0.4714586639052312,-0.07582624170811096,-0.07582624170811096,0.6404207284261811,0.3697180659141216,0.43088354446830057,0.4193771673145441,-0.1868272290491507,-0.14685770840978624,-0.24011992323497003,0.010597978957407253,-0.002725194589047579,0.11657776853147978,0.8360291400400407,1.0,0.2819062402670329,-0.08993142143857012,-0.06873546352375562,-0.003936392184179837,-0.08205863707021044,-0.06873546352375562,0.06086267915539594,0.08932582264100399,0.06570746953592496,-0.0003027993987830643,-0.0009083981963491931,-0.008175583767142737,0.10991618175825237,0.24375351602036682,0.20499519297613455,0.33095974286988933,-0.03603312845518466,-0.15594169037327815,-0.04693390681137498,-0.1698704627172991,-0.05939413140744009,0.14140731923169106,0.17229285790756363,0.015442769337936283,0.02149875731359757,0.5351117364178009,0.5351117364178009,0.14554543756734167,0.5493566090307747,0.5493566090307747,0.2551690224584884,0.2941875865722864,0.5617434547811868,-0.22396833300068356,0.033821703348887136,-0.0353022775524601,-0.0353022775524601,0.12756144708277495,-0.1894820378720117,0.22497995329581683,-0.3169945889487341
asset_dispersion_liquidity_score,0.007983595659475578,0.05711893117498223,-0.3490171751354422,0.08349242143757293,0.037861001253967456,-0.2330296796943873,-0.025565677343520422,-0.0437848956802821,-0.019100793417572728,0.25947693211871875,0.13605642080517188,0.07669703203056126,0.28108331028031835,0.2970908022333235,-0.03379371143109021,0.13605642080517188,-0.2685151781397876,-0.2685151781397876,0.25712606523655596,0.3147223038495445,0.11783720246841022,0.11607405230678812,-0.05906553041434028,-0.05083749632677049,0.03849544519541581,-0.04672347928298559,-0.02850426094622392,0.1272406699970614,0.41463414634146334,0.2819062402670329,1.0,-0.08139876579488686,-0.061416397296503084,0.023802527181898323,0.010285042609462239,0.023802527181898323,0.014986776373787833,0.07846018219218336,0.05612694681163678,0.032030561269468114,-0.042021745518659996,-0.04966206288568909,0.047898912724066996,-0.000881575080811049,0.006171025565677344,0.02615339406406112,-0.19482809285924182,-0.3223626212165736,-0.11724948574786952,-0.282397884219806,-0.14446567690776274,0.2724066999706141,-0.0443726124008228,0.05318836320893329,-0.12488980311489861,0.2700993676603433,0.2700993676603433,0.3833182776272207,0.26166817223727795,0.26166817223727795,0.3791026799156881,-0.1737428485395965,0.2634748569707919,0.01910878653790637,-0.3463643642949722,-0.24906875494744668,-0.24906875494744668,0.09221568585995511,-0.02030344140993167,-0.12430208639435791,-0.09396175381333652
asset_mean_breakout_strength,0.31313436308831993,0.3092708967764582,0.10079670873263262,-0.02909584383430572,-0.0832942027587284,-0.021451660299735525,-0.3593887746106376,-0.30825741992359684,-0.3270643549808992,-0.10138113429327063,-0.03908316191595651,-0.01851307669703203,-0.08278057929134651,-0.02967969438730532,-0.10902145166029972,-0.044960329121363496,0.18161959570971054,0.18161959570971054,-0.11078460182192182,-0.0414340287981193,0.01674992653540993,-0.015574493094328531,0.15603878930355566,0.1325301204819277,0.3053188363208933,-0.3640905083749632,-0.36702909197766675,-0.26300323244196294,-0.09667940052894505,-0.08993142143857012,-0.08139876579488686,1.0,0.8871583896561857,-0.31824860417278866,0.215985894798707,0.21539817807816633,-0.05671466353217749,-0.9947105495151336,-0.8853952394945636,-0.3241257713781957,0.5833088451366442,0.5780193946517778,-0.23185424625330586,-0.3570379077284749,-0.3923009109609168,-0.2242139288862768,0.034381428151630915,0.06905671466353216,0.02967969438730532,0.08551278283867175,-0.05691072120608836,-0.1237143696738172,0.38348516015280637,0.3928886276814575,0.1431090214516603,-0.15266485998193316,-0.15266485998193316,0.029208069858476363,-0.16711833785004518,-0.16711833785004518,-0.013550135501355014,-0.20144534778681122,-0.1701294790725685,0.11192289257916588,0.07067232483594382,0.19797772829156018,0.19797772829156018,-0.1928736528197653,0.14273016274743008,0.09315310020570085,-0.0849269697928234
asset_median_breakout_strength,0.32318777984469654,0.3240685473399251,0.065140730133334,0.01960806867094516,-0.07572200250793491,-0.002644725242433147,-0.3805465765501028,-0.32471348809873635,-0.3329415221863061,-0.07552159858947986,-0.02732882750514252,0.03673229503379371,-0.08092728274004772,-0.02967969438730532,-0.06082868057596238,-0.03790772847487511,0.16283136167077497,0.16283136167077497,-0.08257419923596826,-0.032030561269468114,0.02732882750514252,0.000881575080811049,0.15133705553923008,0.12430208639435791,0.3123714369673817,-0.3629150749338818,-0.3705553923009109,-0.25242433147223037,-0.07081986482515427,-0.06873546352375562,-0.061416397296503084,0.8871583896561857,1.0,-0.23714369673817218,0.22538936232735818,0.22480164560681748,-0.07317073170731707,-0.886570672935645,-0.9923596826329709,-0.2430208639435792,0.5645019100793417,0.5627387599177196,-0.2306788128122245,-0.3770202762268586,-0.4205113135468704,-0.23479282985600938,-0.007934175727299441,0.05730238025271819,-0.014986776373787833,0.07258301498677636,-0.07150321382303408,-0.10608286805759623,0.41639729650308543,0.43637966500146924,0.17484572436085805,-0.13038241493526048,-0.13038241493526048,0.03462812405901837,-0.1460403492923818,-0.1460403492923818,-0.004516711833785005,-0.20204757603131587,-0.13941583860283047,0.12648196803661838,0.04898081919322839,0.17562540412960986,0.17562540412960986,-0.17144324695090246,0.14879089152651417,0.09667940052894505,-0.09305827541128521
asset_dispersion_breakout_strength,0.005026708378188327,0.005031201191578746,0.0061712270652632215,0.04490880243990666,0.06057760200634792,0.11431090214516601,-0.012048192771084336,-0.014986776373787833,0.12606523655598,-0.03614457831325301,-0.011460476050543638,0.06082868057596238,-0.11119779307792815,-0.08316191595650896,0.11137231854246253,-0.007934175727299441,-0.030530880313270305,-0.030530880313270305,-0.020863943579194827,-0.07728474875110196,-0.02850426094622392,-0.005583308845136644,-0.07963561563326475,-0.09961798413164853,0.05201292976785189,0.16661769027328827,0.17190714075815455,0.1466353217749045,0.034381428151630915,-0.003936392184179837,0.023802527181898323,-0.31824860417278866,-0.23714369673817218,1.0,-0.012635909491625037,-0.03673229503379371,0.08374963267704966,0.3164854540111666,0.23420511313546868,0.9847193652659417,-0.2165736115192477,-0.19365265941816043,0.09785483397002645,-0.0402585953570379,-0.044960329121363496,-0.08492506611813105,-0.25418748163385246,0.09197766676461945,-0.28592418454305024,0.09080223332353805,0.07150321382303408,-0.08198648251542755,-0.014399059653247132,-0.07669703203056126,0.18013517484572436,-0.011743450767841012,-0.011743450767841012,-0.1020776874435411,-0.0021077988557663355,-0.0021077988557663355,-0.08581752484191509,0.17073170731707318,0.01656127672387835,0.1374012746297077,0.0006997259884746914,-0.0478978374898936,-0.0478978374898936,0.14741521612823813,0.11848724763109378,0.06553041434028797,-0.028911308865642006
asset_mean_normalized_spike,0.002661198553158526,0.013317885507120207,-0.046627048937544345,-0.1790026914154026,-0.018930500626983728,-0.07081986482515427,-0.029091977666764614,-0.015574493094328531,-0.02850426094622392,-0.09667940052894505,-0.08962679988245666,-0.1548633558624743,0.10934449652662935,-0.015574493094328531,-0.11842491918895091,-0.06964443138407288,-0.03522793882300419,-0.03522793882300419,-0.09315310020570085,-0.02615339406406112,-0.06317954745812518,-0.06376726417866588,0.12195121951219512,0.12195121951219512,0.11842491918895091,-0.03379371143109021,-0.03555686159271231,-0.03614457831325301,-0.08962679988245666,-0.08205863707021044,0.010285042609462239,0.215985894798707,0.22538936232735818,-0.012635909491625037,1.0,0.9124302086394357,-0.2212753452835733,-0.2189244784014105,-0.2306788128122245,-0.022039377020276224,0.2306788128122245,0.2383191301792536,-0.00029385836027034966,-0.010285042609462239,0.002644725242433147,-0.05024977960622979,0.004995592124595945,-0.0014692918013517484,0.008521892447840141,0.031442844548927415,-0.011673994093556586,-0.034381428151630915,0.010872759330002937,0.21304731119600348,0.09961798413164853,-0.012947907256850348,-0.012947907256850348,0.08099969888587774,-0.008130081300813009,-0.008130081300813009,0.059921710328214396,-0.12315567600120446,-0.0027100271002710027,-0.03670100271566144,-0.11195615815595061,-0.08861099935630316,-0.08861099935630316,-0.09806034200600862,-0.05000101242744366,0.0014692918013517484,0.15720524195692842
asset_median_normalized_spike,0.0014784436406436255,0.017461227664890937,-0.07199764909473759,-0.1606596594329055,-0.011358300376190235,-0.08316191595650896,-0.034381428151630915,-0.019688510138113426,-0.031442844548927415,-0.08433734939759036,-0.09021451660299734,-0.13899500440787538,0.11861097928312336,-0.006758742286218043,-0.11783720246841022,-0.06788128122245077,-0.05871323137167366,-0.05871323137167366,-0.07963561563326475,-0.01733764325595063,-0.06729356450191007,-0.06553041434028797,0.11313546870408461,0.11548633558624742,0.11431090214516601,-0.03790772847487511,-0.0408463120775786,-0.0426094622392007,-0.07728474875110196,-0.06873546352375562,0.023802527181898323,0.21539817807816633,0.22480164560681748,-0.03673229503379371,0.9124302086394357,1.0,-0.24654716426682338,-0.2183367616808698,-0.2300910960916838,-0.04613576256244489,0.227740229209521,0.2330296796943873,-0.022039377020276224,-0.014399059653247132,-0.0014692918013517484,-0.05318836320893329,-0.008521892447840141,-0.011460476050543638,0.0020570085218924476,0.02027622685865413,-0.014592492616945733,-0.02674111078460182,0.01733764325595063,0.2124595944754628,0.08492506611813105,0.00331225534477567,0.00331225534477567,0.09003312255344777,0.008130081300813009,0.008130081300813009,0.06654622101776574,-0.13218909966877448,0.01234567901234568,-0.05975287218996119,-0.12665040391391913,-0.11016502622675528,-0.11016502622675528,-0.11949074787487142,-0.06939534452051271,-0.0073464590067587425,0.15178437154462054
asset_dispersion_normalized_spike,0.1493228077050062,0.12933146592470068,0.16250897938526485,0.10942567355075848,0.026502700877777216,0.22186306200411401,-0.07493388186893916,-0.13546870408463121,-0.07199529826623567,-0.014399059653247132,0.09138995004407874,0.09315310020570085,-0.12911299307381657,-0.14134587129003817,0.2106964443138407,0.07963561563326475,0.1268205797628151,0.1268205797628151,-0.021451660299735525,-0.12488980311489861,0.06964443138407288,0.05260064648839259,0.07963561563326475,0.0443726124008228,0.15016162209814868,-0.10431971789597413,-0.10373200117543342,-0.17367029091977668,0.08081104907434615,0.06086267915539594,0.014986776373787833,-0.05671466353217749,-0.07317073170731707,0.08374963267704966,-0.2212753452835733,-0.24654716426682338,1.0,0.05612694681163678,0.07258301498677636,0.09197766676461945,-0.08081104907434615,-0.08727593300029386,0.005583308845136644,-0.12077578607111372,-0.10784601821921833,-0.13723185424625328,-0.07493388186893916,0.023214810461357625,-0.12430208639435791,0.020863943579194827,0.03502198228066976,-0.023802527181898323,0.07081986482515427,-0.025565677343520422,-0.0473111960035263,-0.047877145438121056,-0.047877145438121056,-0.1996386630532972,-0.04185486299307438,-0.04185486299307438,-0.19180969587473654,0.19000301114122253,-0.047274917193616386,0.12344882731631576,0.17982957903799568,0.137307134137695,0.137307134137695,0.14611640365133735,0.1657609321079496,0.1307669703203056,-0.08763740499897733
asset_mean_pullback_ratio,-0.31136023071954755,-0.30749517870884213,-0.09736824925193083,0.027830807145857644,0.07950810263333165,0.019688510138113426,0.3576256244490155,0.30649426976197475,0.3229503379371143,0.10196885101381134,0.0396708786364972,0.01674992653540993,0.0772206896374501,0.030267411107846014,0.10373200117543342,0.045548045841904194,-0.176139694115021,-0.176139694115021,0.11019688510138113,0.042021745518659996,-0.014986776373787833,0.01851307669703203,-0.15662650602409636,-0.13429327064354982,-0.3070819864825154,0.35997649133117837,0.3629150749338818,0.26241551572142224,0.09609168380840434,0.08932582264100399,0.07846018219218336,-0.9947105495151336,-0.886570672935645,0.3164854540111666,-0.2189244784014105,-0.2183367616808698,0.05612694681163678,1.0,0.8871583896561857,0.3223626212165736,-0.5838965618571849,-0.5774316779312371,0.2312665295327652,0.3564501910079341,0.3905377607992947,0.2236262121657361,-0.029091977666764614,-0.06376726417866588,-0.024390243902439022,-0.08022333235380547,0.06274771825286665,0.11842491918895091,-0.3805465765501028,-0.3923009109609168,-0.14604760505436376,0.15447154471544716,0.15447154471544716,-0.02740138512496236,0.16892502258355915,0.16892502258355915,0.015356820234869017,0.20084311954230655,0.1719361638060825,-0.11495603329946848,-0.06997259884746913,-0.1947845391255673,-0.1947845391255673,0.18767840291216217,-0.1445483813811553,-0.09021451660299734,0.08312001298872078
asset_median_pullback_ratio,-0.3190481376508944,-0.32110901722723173,-0.06102657875649186,-0.0202405870151692,0.07193590238253816,0.0032324419629738465,0.37643255950631793,0.32177490449603285,0.33000293858360263,0.07493388186893916,0.024390243902439022,-0.03614457831325301,0.07845622067164931,0.02791654422568322,0.057890096973258885,0.03496914487217161,-0.15813430316104107,-0.15813430316104107,0.08081104907434615,0.031442844548927415,-0.02674111078460182,0.000881575080811049,-0.14957390537760798,-0.1225389362327358,-0.317660887452248,0.358801057890097,0.36526594181604466,0.25183661475168967,0.06905671466353216,0.06570746953592496,0.05612694681163678,-0.8853952394945636,-0.9923596826329709,0.23420511313546868,-0.2306788128122245,-0.2300910960916838,0.07258301498677636,0.8871583896561857,1.0,0.24125771378195707,-0.5627387599177196,-0.5598001763150161,0.2300910960916838,0.37760799294739933,0.4199235968263297,0.23420511313546868,0.015574493094328531,-0.05083749632677049,0.021451660299735525,-0.06611813106082867,0.0817179586548961,0.09961798413164853,-0.4111078460182192,-0.43461651483984715,-0.17425800764031735,0.13098464317976513,0.13098464317976513,-0.03523035230352304,0.14664257753688648,0.14664257753688648,0.005118940078289672,0.20264980427582055,0.14001806684733514,-0.1283018524687999,-0.04828109320475371,-0.17163391767211872,-0.17163391767211872,0.1681962157586505,-0.14939696440442257,-0.09491625036732294,0.09486523221538784
asset_dispersion_pullback_ratio,0.00975772802824793,0.01035835539442683,0.0061712270652632215,0.05186650422637107,0.06057760200634792,0.11548633558624742,-0.01792535997649133,-0.019688510138113426,0.12488980311489861,-0.03496914487217161,-0.007934175727299441,0.06670584778136937,-0.11058002756082856,-0.08316191595650896,0.11372318542462533,-0.0020570085218924476,-0.030530880313270305,-0.030530880313270305,-0.01733764325595063,-0.07610931531002056,-0.024977960622979724,0.00029385836027034966,-0.07375844842785777,-0.09374081692624155,0.05201292976785189,0.16661769027328827,0.17190714075815455,0.1431090214516603,0.03908316191595651,-0.0003027993987830643,0.032030561269468114,-0.3241257713781957,-0.2430208639435792,0.9847193652659417,-0.022039377020276224,-0.04613576256244489,0.09197766676461945,0.3223626212165736,0.24125771378195707,1.0,-0.2212753452835733,-0.19835439318248602,0.09550396708786363,-0.0426094622392007,-0.0437848956802821,-0.08962679988245666,-0.25888921539817805,0.08845136644137526,-0.28827505142521304,0.08845136644137526,0.08317720791659067,-0.07846018219218336,-0.013223626212165735,-0.08257419923596826,0.17778430796356157,-0.008732309545317675,-0.008732309545317675,-0.10147545919903643,0.000903342366757001,0.000903342366757001,-0.08280638361939174,0.17133393556157783,0.019572417946401688,0.13558139019752616,-0.0013994519769493828,-0.04630124290689714,-0.04630124290689714,0.15845512218189473,0.11545688324155173,0.06082868057596238,-0.030718265669744636
asset_mean_net_move,0.15464520481132324,0.15182389478117037,0.06239796254877258,0.028463325490081685,-0.10979690363650561,-0.006758742286218043,-0.17660887452248014,-0.15603878930355566,-0.18777549221275341,0.004995592124595945,0.04613576256244489,0.06905671466353216,-0.06424761377835848,0.019100793417572728,-0.032030561269468114,0.05318836320893329,0.11429509040352474,0.11429509040352474,-0.000881575080811049,0.02850426094622392,0.06200411401704378,0.0414340287981193,0.23773141345871288,0.2212753452835733,0.20599471054951513,-0.19894210990302674,-0.20540699382897443,-0.18483690861004995,-0.02674111078460182,-0.0009083981963491931,-0.042021745518659996,0.5833088451366442,0.5645019100793417,-0.2165736115192477,0.2306788128122245,0.227740229209521,-0.08081104907434615,-0.5838965618571849,-0.5627387599177196,-0.2212753452835733,1.0,0.9183073758448427,-0.09256538348516015,-0.17073170731707316,-0.17895974140464294,-0.13546870408463121,0.08551278283867175,0.0426094622392007,0.09609168380840434,0.08610049955921245,0.014592492616945733,-0.11842491918895091,0.2959153687922421,0.419335880105789,0.29532765207170136,-0.05751279735019573,-0.05751279735019573,0.06413730803974707,-0.05871725383920506,-0.05871725383920506,0.02499247214694369,-0.14724480578139115,-0.047274917193616386,-0.05126007817311391,0.024490409596614197,0.11575310726724285,0.11575310726724285,-0.11494490420571869,-0.017879149898298037,0.06553041434028797,-0.0849269697928234
asset_median_net_move,0.15641933718009557,0.15774295500655713,0.052112584106667206,0.006957701786464411,-0.11358300376190235,-0.004995592124595945,-0.19012635909491624,-0.15897737290625918,-0.18836320893329414,0.006758742286218043,0.031442844548927415,0.05201292976785189,-0.05992325515866129,0.01616220981486923,-0.0408463120775786,0.0396708786364972,0.09707254253450046,0.09707254253450046,-0.002644725242433147,0.025565677343520422,0.05318836320893329,0.03732001175433441,0.2406699970614164,0.2289156626506024,0.19717895974140462,-0.19130179253599763,-0.19541580957978252,-0.17484572436085805,-0.03320599471054951,-0.008175583767142737,-0.04966206288568909,0.5780193946517778,0.5627387599177196,-0.19365265941816043,0.2383191301792536,0.2330296796943873,-0.08727593300029386,-0.5774316779312371,-0.5598001763150161,-0.19835439318248602,0.9183073758448427,1.0,-0.10138113429327063,-0.16896855715545106,-0.18072289156626503,-0.1384072876873347,0.08022333235380547,0.05730238025271819,0.08962679988245666,0.10196885101381134,0.023347988187113172,-0.13781957096679398,0.3270643549808992,0.4422568322068763,0.2923890684689979,-0.05028605841613972,-0.05028605841613972,0.060523938572719066,-0.051490514905149054,-0.051490514905149054,0.028605841613971696,-0.1556760012044565,-0.043661547726588375,-0.05671973146965859,0.023090957619664815,0.1053752424777659,0.1053752424777659,-0.13507649759768073,-0.0227277329215653,0.03320599471054951,-0.09847914582359309
asset_dispersion_net_move,-0.2800172255379027,-0.2719808173565216,-0.10696793579789585,-0.03478850893232206,-0.03028880100317396,-0.17073170731707316,0.2870996179841316,0.2759330002938583,0.2500734645900676,0.1466353217749045,0.03732001175433441,-0.019688510138113426,0.13529064824481257,0.18424919188950925,-0.058477813693799584,0.030267411107846014,-0.13856322603714985,-0.13856322603714985,0.16544225683220687,0.20070526006464884,0.0073464590067587425,0.022039377020276224,0.1572142227446371,0.17014399059653246,-0.03790772847487511,0.335292389068469,0.3288275051425213,0.23420511313546868,0.10784601821921833,0.10991618175825237,0.047898912724066996,-0.23185424625330586,-0.2306788128122245,0.09785483397002645,-0.00029385836027034966,-0.022039377020276224,0.005583308845136644,0.2312665295327652,0.2300910960916838,0.09550396708786363,-0.09256538348516015,-0.10138113429327063,1.0,0.4140464296209227,0.3975903614457831,0.3505730238025272,0.15897737290625918,-0.11078460182192182,0.12018806935057301,-0.09667940052894505,-0.08609570643997981,0.10314428445489274,-0.2206876285630326,-0.2183367616808698,-0.04966206288568909,0.20445648900933455,0.20445648900933455,0.09364649202047576,0.21529659741041857,0.21529659741041857,0.11713339355615779,0.06775067750677508,0.22312556458897925,-0.1343681339094051,-0.09656218640950742,-0.17482710683811165,-0.17482710683811165,0.09286509209840552,-0.16212449484049915,-0.012635909491625037,0.04698087690666826
asset_mean_garch_vol_forecast,-0.6307040570985707,-0.6425139874657327,-0.13370991974736982,-0.169514916252042,-0.04921930163015769,-0.1431090214516603,0.6873347046723479,0.6385542168674698,0.358801057890097,0.28474875110196884,0.10608286805759623,-0.15662650602409636,0.10810896549243015,0.25418748163385246,0.022039377020276224,0.10960916838084042,-0.2082362605982026,-0.2082362605982026,0.27534528357331767,0.26006464883925945,0.04907434616514839,0.061416397296503084,-0.17249485747869525,-0.1325301204819277,-0.39935351160740523,0.395827211284161,0.3893623273582133,0.28768733470467234,0.16250367322950335,0.24375351602036682,-0.000881575080811049,-0.3570379077284749,-0.3770202762268586,-0.0402585953570379,-0.010285042609462239,-0.014399059653247132,-0.12077578607111372,0.3564501910079341,0.37760799294739933,-0.0426094622392007,-0.17073170731707316,-0.16896855715545106,0.4140464296209227,1.0,0.8836320893329415,0.6849838377901851,0.2430208639435792,-0.12195121951219512,0.22186306200411401,-0.10549515133705553,0.032103483757280615,0.12606523655598,-0.3035556861592712,-0.25066118131060827,-0.09021451660299734,0.32249322493224936,0.32249322493224936,0.14302920806985847,0.34176452875639873,0.34176452875639873,0.1701294790725685,0.0725685034628124,0.33875338753387535,-0.37944590410985507,-0.09096437850170988,-0.24667386307295203,-0.24667386307295203,0.053251311552931835,-0.4178872493178473,-0.03908316191595651,0.08944436180307995
asset_median_garch_vol_forecast,-0.6117799784983322,-0.6312677730374978,-0.14262391439719446,-0.1555995126791132,-0.06436370213174467,-0.1442844548927417,0.6802821040258594,0.6209227152512489,0.36350279165442256,0.23655598001763148,0.07199529826623567,-0.14369673817220097,0.13529064824481257,0.23538054657655008,-0.008521892447840141,0.09785483397002645,-0.19805930049377915,-0.19805930049377915,0.2236262121657361,0.23538054657655008,0.01733764325595063,0.0426094622392007,-0.13605642080517188,-0.09374081692624155,-0.3887746106376726,0.3923009109609168,0.3975903614457831,0.2406699970614164,0.1272406699970614,0.20499519297613455,0.006171025565677344,-0.3923009109609168,-0.4205113135468704,-0.044960329121363496,0.002644725242433147,-0.0014692918013517484,-0.10784601821921833,0.3905377607992947,0.4199235968263297,-0.0437848956802821,-0.17895974140464294,-0.18072289156626503,0.3975903614457831,0.8836320893329415,1.0,0.5780193946517778,0.227740229209521,-0.12195121951219512,0.2136350279165442,-0.10079341757272994,0.05399222268269921,0.12606523655598,-0.3576256244490155,-0.2776961504554804,-0.09256538348516015,0.29418849744053,0.29418849744053,0.1339957844022885,0.31225534477567,0.31225534477567,0.15146040349292383,0.0671484492622704,0.306835290575128,-0.38126578854203663,-0.10705807623662777,-0.25545513327943253,-0.25545513327943253,0.06753824879884036,-0.41182652053876323,-0.07669703203056126,0.1409426307200048
asset_dispersion_garch_vol_forecast,-0.5887162577042917,-0.5732609828287076,-0.11725331424000121,-0.11764841202567096,0.037861001253967456,-0.11607405230678812,0.5921245959447545,0.5809579782544813,0.26711724948574783,0.36350279165442256,0.19894210990302674,-0.1225389362327358,0.019768496547187226,0.28474875110196884,0.09844255069056713,0.16602997355274757,-0.2465955717610294,-0.2465955717610294,0.36820452541874815,0.3094328533646782,0.15133705553923008,0.131942403761387,-0.24419629738466056,-0.19482809285924182,-0.36173964149280047,0.3088451366441375,0.2929767851895386,0.3135468704084631,0.25653834851601526,0.33095974286988933,0.02615339406406112,-0.2242139288862768,-0.23479282985600938,-0.08492506611813105,-0.05024977960622979,-0.05318836320893329,-0.13723185424625328,0.2236262121657361,0.23420511313546868,-0.08962679988245666,-0.13546870408463121,-0.1384072876873347,0.3505730238025272,0.6849838377901851,0.5780193946517778,1.0,0.15133705553923008,-0.1525124889803115,0.1337055539230091,-0.1431090214516603,0.016051741878640308,0.15545107258301497,-0.15192477225977077,-0.15427563914193357,-0.09844255069056713,0.3562180066245107,0.3562180066245107,0.18157181571815717,0.3791026799156881,0.3791026799156881,0.22673893405600726,0.10267991568804577,0.3833182776272207,-0.36488682865240263,-0.06227561297424753,-0.22511983620249992,-0.22511983620249992,0.014936343484358927,-0.40334150024804555,0.07493388186893916,-0.012648697628718378
asset_mean_risk_reward_ratio,-0.0671213412852206,-0.09085757445968676,0.1563377523200016,-0.08159486640490082,-0.037861001253967456,-0.01616220981486923,0.09138995004407874,0.08962679988245666,-0.10549515133705553,0.032030561269468114,-0.0408463120775786,-0.10490743461651482,0.07969175170584851,0.006171025565677344,-0.04613576256244489,-0.07493388186893916,0.07045587764600839,0.07045587764600839,0.02732882750514252,0.01792535997649133,-0.013223626212165735,-0.020863943579194827,-0.005583308845136644,0.009697325888921539,-0.18895092565383484,-0.07434616514839847,-0.09021451660299734,-0.02615339406406112,-0.07493388186893916,-0.03603312845518466,-0.19482809285924182,0.034381428151630915,-0.007934175727299441,-0.25418748163385246,0.004995592124595945,-0.008521892447840141,-0.07493388186893916,-0.029091977666764614,0.015574493094328531,-0.25888921539817805,0.08551278283867175,0.08022333235380547,0.15897737290625918,0.2430208639435792,0.227740229209521,0.15133705553923008,1.0,0.2165736115192477,0.8483690861004995,0.2106964443138407,0.18824315475859996,-0.17249485747869525,-0.15662650602409636,-0.09785483397002645,-0.03379371143109021,0.09123757904245709,0.09123757904245709,-0.00030111412225233364,0.08882866606443843,0.08882866606443843,0.01234567901234568,0.020776874435411024,0.09786208973200844,-0.13497476205346565,0.11825369205222283,0.043906351032402466,0.043906351032402466,-0.08182518604474891,-0.1281844136776283,0.08316191595650896,0.22406264370872556
asset_median_risk_reward_ratio,0.17711754814910635,0.11394190933869511,0.36547378064281083,0.08855256819136524,-0.09465250313491863,0.31824860417278866,-0.1454598883338231,-0.1237143696738172,-0.11196003526300322,-0.18601234205113135,-0.03790772847487511,0.10960916838084042,-0.10440237238983255,-0.31295915368792243,0.1213635027916544,-0.07317073170731707,0.2849548829238562,0.2849548829238562,-0.18131060828680573,-0.30002938583602706,0.02615339406406112,0.0032324419629738465,0.03732001175433441,0.01851307669703203,-0.03908316191595651,-0.030267411107846014,-0.04966206288568909,-0.09256538348516015,-0.1366441375257126,-0.15594169037327815,-0.3223626212165736,0.06905671466353216,0.05730238025271819,0.09197766676461945,-0.0014692918013517484,-0.011460476050543638,0.023214810461357625,-0.06376726417866588,-0.05083749632677049,0.08845136644137526,0.0426094622392007,0.05730238025271819,-0.11078460182192182,-0.12195121951219512,-0.12195121951219512,-0.1525124889803115,0.2165736115192477,1.0,0.11666176902732882,0.7096679400528945,0.40275279622770227,-0.6291507493388186,0.14369673817220097,0.03320599471054951,0.18424919188950925,-0.11833785004516713,-0.11833785004516713,-0.3351400180668474,-0.11472448057813912,-0.11472448057813912,-0.3020174646190906,0.22673893405600726,-0.12134899126769046,0.029421464986935205,0.32257368068683273,0.24827045765594846,0.24827045765594846,-0.03961378054547368,0.08151680207868088,0.19071407581545693,-0.056919139329232704
asset_dispersion_risk_reward_ratio,-0.0706696060227653,-0.08079517207652925,0.065140730133334,-0.1132207836161027,-0.04543320150476094,-0.08081104907434615,0.08198648251542755,0.08257419923596826,-0.11372318542462533,0.032030561269468114,-0.07023214810461356,-0.1272406699970614,0.12725969652251776,0.07434616514839847,-0.09197766676461945,-0.10079341757272994,0.005479901594689542,0.005479901594689542,0.02027622685865413,0.07199529826623567,-0.0473111960035263,-0.06082868057596238,-0.03379371143109021,-0.01616220981486923,-0.18542462533059062,-0.08962679988245666,-0.10079341757272994,-0.012048192771084336,-0.07963561563326475,-0.04693390681137498,-0.11724948574786952,0.02967969438730532,-0.014986776373787833,-0.28592418454305024,0.008521892447840141,0.0020570085218924476,-0.12430208639435791,-0.024390243902439022,0.021451660299735525,-0.28827505142521304,0.09609168380840434,0.08962679988245666,0.12018806935057301,0.22186306200411401,0.2136350279165442,0.1337055539230091,0.8483690861004995,0.11666176902732882,1.0,0.13546870408463121,0.12841393502912246,-0.10431971789597413,-0.19776667646194532,-0.09903026741110785,-0.07610931531002056,0.07196627521830774,0.07196627521830774,0.07196627521830774,0.07317073170731707,0.07317073170731707,0.07738632941884975,-0.047877145438121056,0.07979524239686843,-0.10161021413013706,0.02938849151593704,-0.0007982972914982266,-0.0007982972914982266,-0.09481331081375667,-0.10697186295083401,0.02791654422568322,0.24032525494564919
asset_mean_kelly_fraction,0.16055897937389774,0.12104478160915923,0.2139358715957917,0.0018975550326721122,-0.15144400501586983,0.17249485747869525,-0.1454598883338231,-0.1366441375257126,-0.15310020570085217,-0.11196003526300322,-0.13781957096679398,0.0437848956802821,-0.013590841376191218,-0.131942403761387,-0.0032324419629738465,-0.15192477225977077,0.16126567550086365,0.16126567550086365,-0.11196003526300322,-0.13781957096679398,-0.07610931531002056,-0.08727593300029386,0.06553041434028797,0.05024977960622979,-0.02850426094622392,-0.07728474875110196,-0.09667940052894505,-0.08316191595650896,-0.16015280634734055,-0.1698704627172991,-0.282397884219806,0.08551278283867175,0.07258301498677636,0.09080223332353805,0.031442844548927415,0.02027622685865413,0.020863943579194827,-0.08022333235380547,-0.06611813106082867,0.08845136644137526,0.08610049955921245,0.10196885101381134,-0.09667940052894505,-0.10549515133705553,-0.10079341757272994,-0.1431090214516603,0.2106964443138407,0.7096679400528945,0.13546870408463121,1.0,0.4012935469660076,-0.8924478401410519,0.09667940052894505,0.032030561269468114,0.16426682339112547,-0.06233062330623307,-0.06233062330623307,-0.15989159891598917,-0.051490514905149054,-0.051490514905149054,-0.1412225233363445,0.10328214393255043,-0.06413730803974707,-0.030634721275056245,0.16303615531460308,0.09978716143727834,0.09978716143727834,-0.15520809098964278,-0.00030303643895420406,0.1225389362327358,-0.005420870412307877
asset_median_kelly_fraction,-0.038176802263591894,-0.042619877042186845,0.11236586206015482,0.1036521933796448,-0.03290194522050385,0.14008792912267903,0.007296246308472866,0.03356273301897519,-0.11382144241217672,-0.06712546603795037,-0.05836997046778293,0.10068819905692557,-0.08742989447742845,-0.12111768872064957,0.0875549557016744,-0.08025870939320154,-0.04373394691850577,-0.04373394691850577,-0.05836997046778293,-0.119658439458955,-0.04085897932744805,-0.0598292197294775,0.023347988187113172,0.0,-0.10068819905692557,-0.04523672711253177,-0.049614474897615495,-0.11236219315048215,-0.06274771825286665,-0.05939413140744009,-0.14446567690776274,-0.05691072120608836,-0.07150321382303408,0.07150321382303408,-0.011673994093556586,-0.014592492616945733,0.03502198228066976,0.06274771825286665,0.0817179586548961,0.08317720791659067,0.014592492616945733,0.023347988187113172,-0.08609570643997981,0.032103483757280615,0.05399222268269921,0.016051741878640308,0.18824315475859996,0.40275279622770227,0.12841393502912246,0.4012935469660076,1.0,-0.2991460986473875,0.06420696751456122,-0.08755495570167439,0.10506594684200928,0.04682824269780196,0.04682824269780196,-0.08696673643877507,0.04385502093921136,0.04385502093921136,-0.09737301259384216,0.13602489545552,0.04534163181850666,-0.12878260126679972,0.031091143560127894,-0.06207423788637531,-0.06207423788637531,-0.026450664513891293,-0.1219322660246031,0.15176192321623563,0.12225755692570843
asset_dispersion_kelly_fraction,-0.1741606608678191,-0.1364343381951648,-0.1926794228154406,0.01454792191715286,0.15144400501586983,-0.17425800764031735,0.15897737290625918,0.15368792242139287,0.1431090214516603,0.09961798413164853,0.15133705553923008,-0.031442844548927415,-0.00741318620519521,0.11960035263003232,0.002644725242433147,0.16426682339112547,-0.14952302922652894,-0.14952302922652894,0.09609168380840434,0.11489861886570672,0.09080223332353805,0.10079341757272994,-0.09080223332353805,-0.06964443138407288,0.010285042609462239,0.07199529826623567,0.09021451660299734,0.07787246547164267,0.15133705553923008,0.14140731923169106,0.2724066999706141,-0.1237143696738172,-0.10608286805759623,-0.08198648251542755,-0.034381428151630915,-0.02674111078460182,-0.023802527181898323,0.11842491918895091,0.09961798413164853,-0.07846018219218336,-0.11842491918895091,-0.13781957096679398,0.10314428445489274,0.12606523655598,0.12606523655598,0.15545107258301497,-0.17249485747869525,-0.6291507493388186,-0.10431971789597413,-0.8924478401410519,-0.2991460986473875,1.0,-0.1266529532765207,-0.054951513370555385,-0.17778430796356157,0.06835290575127974,0.06835290575127974,0.14664257753688648,0.05751279735019573,0.05751279735019573,0.12917795844625113,-0.09003312255344777,0.06413730803974707,0.02214192725820897,-0.15673862141833086,-0.0902075939392996,-0.0902075939392996,0.18702899667371178,-0.012424493997122366,-0.11019688510138113,0.0424634848964117
asset_mean_signal_quality,0.25872763711263447,0.25303982463528396,0.13165284405894873,0.10942567355075848,-0.09843860326031538,0.18953864237437554,-0.27534528357331767,-0.24889803114898618,-0.28181016749926535,0.09785483397002645,0.1448721716132824,0.1454598883338231,-0.2860254344171152,-0.08668821627975315,0.2018806935057302,0.12606523655598,0.14169459837697243,0.14169459837697243,0.08962679988245666,-0.04907434616514839,0.18424919188950925,0.16367910667058477,0.1448721716132824,0.1284161034381428,0.19306494269761973,-0.23420511313546868,-0.2700558330884513,-0.1331178372024684,0.17895974140464294,0.17229285790756363,-0.0443726124008228,0.38348516015280637,0.41639729650308543,-0.014399059653247132,0.010872759330002937,0.01733764325595063,0.07081986482515427,-0.3805465765501028,-0.4111078460182192,-0.013223626212165735,0.2959153687922421,0.3270643549808992,-0.2206876285630326,-0.3035556861592712,-0.3576256244490155,-0.15192477225977077,-0.15662650602409636,0.14369673817220097,-0.19776667646194532,0.09667940052894505,0.06420696751456122,-0.1266529532765207,1.0,0.5039670878636496,0.14369673817220097,0.03282143932550437,0.03282143932550437,-0.11773562180066247,0.03884372177055104,0.03884372177055104,-0.07979524239686843,0.13459801264679314,0.04667268894911172,0.0694589224949295,0.17283231915324876,0.1556679718421542,0.1556679718421542,-0.0006494062384503882,0.10091113417174993,0.2324419629738466,-0.2285800357189821
asset_median_signal_quality,0.18776234236174044,0.2009520946518805,-0.06651211392561472,-0.036686063964994166,-0.13251350438888607,0.06494269761974727,-0.20599471054951513,-0.21010872759330002,-0.21951219512195122,0.055539230091096084,0.015574493094328531,0.00910960916838084,-0.0698075034322549,-0.020863943579194827,0.054951513370555385,0.032030561269468114,0.02661666488849206,0.02661666488849206,0.03320599471054951,-0.01616220981486923,0.06553041434028797,0.06611813106082867,0.17895974140464294,0.19306494269761973,0.17778430796356157,-0.22245077872465469,-0.24537173082574198,-0.11783720246841022,0.02850426094622392,0.015442769337936283,0.05318836320893329,0.3928886276814575,0.43637966500146924,-0.07669703203056126,0.21304731119600348,0.2124595944754628,-0.025565677343520422,-0.3923009109609168,-0.43461651483984715,-0.08257419923596826,0.419335880105789,0.4422568322068763,-0.2183367616808698,-0.25066118131060827,-0.2776961504554804,-0.15427563914193357,-0.09785483397002645,0.03320599471054951,-0.09903026741110785,0.032030561269468114,-0.08755495570167439,-0.054951513370555385,0.5039670878636496,1.0,0.12018806935057301,-0.014754591990364349,-0.014754591990364349,0.05510388437217706,-0.006323396567299007,-0.006323396567299007,0.03884372177055104,-0.12857573020174645,-0.00331225534477567,0.06703240991868742,-0.0650745169281463,-0.020755729578953892,-0.020755729578953892,0.040263186783924064,0.07121356315423795,0.07023214810461356,-0.03884957128820645
asset_dispersion_signal_quality,0.11147465050452936,0.07310039378352648,0.2153072553880724,0.2131586820035006,-0.07193590238253816,0.19835439318248602,-0.08903908316191594,-0.07434616514839847,-0.09550396708786363,-0.08022333235380547,0.09021451660299734,0.25536291507493386,-0.1606190344458962,-0.16367910667058477,0.13781957096679398,0.08433734939759036,0.17457400794510972,0.17457400794510972,-0.08139876579488686,-0.15427563914193357,0.07434616514839847,0.06905671466353216,0.024390243902439022,0.0032324419629738465,0.1266529532765207,-0.06905671466353216,-0.08257419923596826,-0.03732001175433441,-0.0038201586835145455,0.02149875731359757,-0.12488980311489861,0.1431090214516603,0.17484572436085805,0.18013517484572436,0.09961798413164853,0.08492506611813105,-0.0473111960035263,-0.14604760505436376,-0.17425800764031735,0.17778430796356157,0.29532765207170136,0.2923890684689979,-0.04966206288568909,-0.09021451660299734,-0.09256538348516015,-0.09844255069056713,-0.03379371143109021,0.18424919188950925,-0.07610931531002056,0.16426682339112547,0.10506594684200928,-0.17778430796356157,0.14369673817220097,0.12018806935057301,1.0,-0.06955736224028908,-0.06955736224028908,-0.1225534477566998,-0.07076181872929842,-0.07076181872929842,-0.11231556760012044,0.10328214393255043,-0.050888286660644384,0.006976223656695976,0.20362026264613517,0.20835559308103715,0.20835559308103715,0.110399060536566,0.05969817847397819,0.06964443138407288,-0.10751392984410621
cvar_model,-0.2645508112070201,-0.2296087525269067,-0.24070574003529382,-0.01363753100745815,0.005784213403281706,-0.10809996988858778,0.25082806383619394,0.23998795543510992,-0.029208069858476363,0.708521529659741,0.31225534477567,0.01234567901234568,0.03803040881725755,0.43450767841011745,0.1948208370972599,0.28455284552845533,-0.30175637618632967,-0.30175637618632967,0.7211683227943391,0.5188196326407709,0.27431496537187594,0.27612165010538997,-0.11653116531165313,-0.08280638361939174,-0.21168322794339056,-0.020776874435411024,-0.0304125263474857,0.15266485998193316,0.5158084914182476,0.5351117364178009,0.2700993676603433,-0.15266485998193316,-0.13038241493526048,-0.011743450767841012,-0.012947907256850348,0.00331225534477567,-0.047877145438121056,0.15447154471544716,0.13098464317976513,-0.008732309545317675,-0.05751279735019573,-0.05028605841613972,0.20445648900933455,0.32249322493224936,0.29418849744053,0.3562180066245107,0.09123757904245709,-0.11833785004516713,0.07196627521830774,-0.06233062330623307,0.04682824269780196,0.06835290575127974,0.03282143932550437,-0.014754591990364349,-0.06955736224028908,1.0,0.9999999999999999,0.43814281516309134,0.9077284748751102,0.9077284748751102,0.5492212753452835,0.11196003526300322,0.9030267411107845,-0.30039230643837805,-0.25370600157193246,-0.2982632153681022,-0.2982632153681022,-0.0018975550326721122,-0.3344239515135881,0.1496537187594098,-0.1193934223384075
cvar_model_centered,-0.2645508112070201,-0.2296087525269067,-0.24070574003529382,-0.01363753100745815,0.005784213403281706,-0.10809996988858778,0.25082806383619394,0.23998795543510992,-0.029208069858476363,0.708521529659741,0.31225534477567,0.01234567901234568,0.03803040881725755,0.43450767841011745,0.1948208370972599,0.28455284552845533,-0.30175637618632967,-0.30175637618632967,0.7211683227943391,0.5188196326407709,0.27431496537187594,0.27612165010538997,-0.11653116531165313,-0.08280638361939174,-0.21168322794339056,-0.020776874435411024,-0.0304125263474857,0.15266485998193316,0.5158084914182476,0.5351117364178009,0.2700993676603433,-0.15266485998193316,-0.13038241493526048,-0.011743450767841012,-0.012947907256850348,0.00331225534477567,-0.047877145438121056,0.15447154471544716,0.13098464317976513,-0.008732309545317675,-0.05751279735019573,-0.05028605841613972,0.20445648900933455,0.32249322493224936,0.29418849744053,0.3562180066245107,0.09123757904245709,-0.11833785004516713,0.07196627521830774,-0.06233062330623307,0.04682824269780196,0.06835290575127974,0.03282143932550437,-0.014754591990364349,-0.06955736224028908,0.9999999999999999,1.0,0.43814281516309134,0.9077284748751102,0.9077284748751102,0.5492212753452835,0.11196003526300322,0.9030267411107845,-0.30039230643837805,-0.25370600157193246,-0.2982632153681022,-0.2982632153681022,-0.0018975550326721122,-0.3344239515135881,0.1496537187594098,-0.1193934223384075
cvar_model_raw,-0.1360633610904376,-0.08401799795238198,-0.47371449419736605,-0.1474152161282381,-0.13689305054433373,-0.5164107196627522,0.09063535079795242,0.08461306835290576,-0.12074676302318578,0.3435712134899127,-0.03944595001505571,-0.12014453477868113,0.2402254156956768,0.5862691960252936,-0.26166817223727795,-0.004516711833785005,-0.32730188951427286,-0.32730188951427286,0.335742246311352,0.5790424570912377,-0.03523035230352304,0.011141222523336344,-0.05751279735019573,-0.04185486299307438,-0.02137910267991569,-0.16290274013851253,-0.14724480578139115,0.15266485998193316,0.1556760012044565,0.14554543756734167,0.3833182776272207,0.029208069858476363,0.03462812405901837,-0.1020776874435411,0.08099969888587774,0.09003312255344777,-0.1996386630532972,-0.02740138512496236,-0.03523035230352304,-0.10147545919903643,0.06413730803974707,0.060523938572719066,0.09364649202047576,0.14302920806985847,0.1339957844022885,0.18157181571815717,-0.00030111412225233364,-0.3351400180668474,0.07196627521830774,-0.15989159891598917,-0.08696673643877507,0.14664257753688648,-0.11773562180066247,0.05510388437217706,-0.1225534477566998,0.43814281516309134,0.43814281516309134,1.0,0.4128709961798413,0.4128709961798413,0.8430796356156331,-0.44989714957390536,0.41169556273875985,-0.18378681999825888,-0.5423822898470232,-0.3922043855627801,-0.3922043855627801,-0.1758400996942824,-0.24867422035625783,-0.17675398976211984,0.01705620319120107
cdar_model,-0.27061153998610415,-0.23688829025563293,-0.2519013558508889,-0.020131593391962035,-0.021208782478699593,-0.11171333935561578,0.26889491117133396,0.24480578139114725,-0.024390243902439025,0.7518819632640772,0.3134598012646793,0.003914483589280337,0.06148249425456636,0.4549834387232762,0.1996386630532972,0.286961758506474,-0.3041512680608243,-0.3041512680608243,0.7560975609756099,0.5441132189099669,0.2682926829268293,0.2749171936163806,-0.11653116531165313,-0.07678410117434509,-0.20927431496537188,-0.006323396567299007,-0.013550135501355014,0.16230051189400782,0.5302619692863595,0.5493566090307747,0.26166817223727795,-0.16711833785004518,-0.1460403492923818,-0.0021077988557663355,-0.008130081300813009,0.008130081300813009,-0.04185486299307438,0.16892502258355915,0.14664257753688648,0.000903342366757001,-0.05871725383920506,-0.051490514905149054,0.21529659741041857,0.34176452875639873,0.31225534477567,0.3791026799156881,0.08882866606443843,-0.11472448057813912,0.07317073170731707,-0.051490514905149054,0.04385502093921136,0.05751279735019573,0.03884372177055104,-0.006323396567299007,-0.07076181872929842,0.9077284748751102,0.9077284748751102,0.4128709961798413,1.0,0.9999999999999999,0.5439318248604172,0.1325301204819277,0.9200705260064649,-0.31518995700184493,-0.23930647175298492,-0.30844017547252567,-0.30844017547252567,0.010120293507584598,-0.347434255551252,0.16169828364950317,-0.1120177669043746
cdar_model_centered,-0.27061153998610415,-0.23688829025563293,-0.2519013558508889,-0.020131593391962035,-0.021208782478699593,-0.11171333935561578,0.26889491117133396,0.24480578139114725,-0.024390243902439025,0.7518819632640772,0.3134598012646793,0.003914483589280337,0.06148249425456636,0.4549834387232762,0.1996386630532972,0.286961758506474,-0.3041512680608243,-0.3041512680608243,0.7560975609756099,0.5441132189099669,0.2682926829268293,0.2749171936163806,-0.11653116531165313,-0.07678410117434509,-0.20927431496537188,-0.006323396567299007,-0.013550135501355014,0.16230051189400782,0.5302619692863595,0.5493566090307747,0.26166817223727795,-0.16711833785004518,-0.1460403492923818,-0.0021077988557663355,-0.008130081300813009,0.008130081300813009,-0.04185486299307438,0.16892502258355915,0.14664257753688648,0.000903342366757001,-0.05871725383920506,-0.051490514905149054,0.21529659741041857,0.34176452875639873,0.31225534477567,0.3791026799156881,0.08882866606443843,-0.11472448057813912,0.07317073170731707,-0.051490514905149054,0.04385502093921136,0.05751279735019573,0.03884372177055104,-0.006323396567299007,-0.07076181872929842,0.9077284748751102,0.9077284748751102,0.4128709961798413,0.9999999999999999,1.0,0.5439318248604172,0.1325301204819277,0.9200705260064649,-0.31518995700184493,-0.23930647175298492,-0.30844017547252567,-0.30844017547252567,0.010120293507584598,-0.347434255551252,0.16169828364950317,-0.1120177669043746
cdar_model_raw,-0.1445483813811553,-0.09372404825735028,-0.4359292908197327,-0.1318294664054288,-0.13689305054433373,-0.4435411020776875,0.10930442637759712,0.10328214393255043,-0.10809996988858778,0.47666365552544415,0.05389942788316772,-0.10388437217705511,0.20029348643755637,0.6302318578741343,-0.15627822944896114,0.07557964468533575,-0.3209155111822871,-0.3209155111822871,0.4628124059018368,0.6591388136103583,0.04847937368262571,0.08882866606443843,-0.08822643781993376,-0.05691056910569106,-0.06413730803974707,-0.13821138211382114,-0.13098464317976513,0.18458295694068053,0.27431496537187594,0.2551690224584884,0.3791026799156881,-0.013550135501355014,-0.004516711833785005,-0.08581752484191509,0.059921710328214396,0.06654622101776574,-0.19180969587473654,0.015356820234869017,0.005118940078289672,-0.08280638361939174,0.02499247214694369,0.028605841613971696,0.11713339355615779,0.1701294790725685,0.15146040349292383,0.22673893405600726,0.01234567901234568,-0.3020174646190906,0.07738632941884975,-0.1412225233363445,-0.09737301259384216,0.12917795844625113,-0.07979524239686843,0.03884372177055104,-0.11231556760012044,0.5492212753452835,0.5492212753452835,0.8430796356156331,0.5439318248604172,0.5439318248604172,1.0,-0.3211871877754922,0.5333529238906847,-0.19917637658426443,-0.4813557110905313,-0.38202742545835666,-0.38202742545835666,-0.13788899904084018,-0.2634586567626941,-0.09183980728696176,-0.007836633898659953
forecast_portfolio_scenario_mean,-0.11788117475318537,-0.16651942554461266,0.3078794349288642,0.1467658098897877,0.1523176196197516,0.5067750677506776,0.15146040349292383,0.1743450767841012,0.15206263173742848,0.1502559470039145,0.2971996386630533,0.13459801264679314,-0.2947356683337459,-0.2273411623005119,0.5543510990665462,0.20204757603131587,0.07663653998382976,0.07663653998382976,0.1737428485395965,-0.15146040349292383,0.23155676001204456,0.15507377295995184,-0.07618187292984041,-0.060523938572719066,-0.16772056609454983,0.20024089129780187,0.1761517615176152,-0.04908160192713038,0.24540800963565193,0.2941875865722864,-0.1737428485395965,-0.20144534778681122,-0.20204757603131587,0.17073170731707318,-0.12315567600120446,-0.13218909966877448,0.19000301114122253,0.20084311954230655,0.20264980427582055,0.17133393556157783,-0.14724480578139115,-0.1556760012044565,0.06775067750677508,0.0725685034628124,0.0671484492622704,0.10267991568804577,0.020776874435411024,0.22673893405600726,-0.047877145438121056,0.10328214393255043,0.13602489545552,-0.09003312255344777,0.13459801264679314,-0.12857573020174645,0.10328214393255043,0.11196003526300322,0.11196003526300322,-0.44989714957390536,0.1325301204819277,0.1325301204819277,-0.3211871877754922,1.0,0.1313546870408463,-0.07842754798637457,0.3867302294231619,0.18083675262475488,0.18083675262475488,0.24288704418203036,-0.028090429172228887,0.46582354712436014,-0.12400320698467805
vol_model,-0.2736419043756462,-0.24113468726405657,-0.2505019038739395,0.005195249907603105,0.01735264020984512,-0.09906654622101778,0.2634748569707919,0.25022583559168926,-0.006925624811803674,0.7476663655525445,0.3164709424872027,0.03462812405901837,0.04690417087461763,0.4447455585666968,0.2122854561878952,0.28997289972899726,-0.3041512680608243,-0.3041512680608243,0.7566997892201145,0.5362842517314063,0.27612165010538997,0.2827461607949413,-0.11833785004516713,-0.07979524239686843,-0.21108099969888588,0.006323396567299007,-0.000903342366757001,0.17253839205058719,0.5368864799759109,0.5617434547811868,0.2634748569707919,-0.1701294790725685,-0.13941583860283047,0.01656127672387835,-0.0027100271002710027,0.01234567901234568,-0.047274917193616386,0.1719361638060825,0.14001806684733514,0.019572417946401688,-0.047274917193616386,-0.043661547726588375,0.22312556458897925,0.33875338753387535,0.306835290575128,0.3833182776272207,0.09786208973200844,-0.12134899126769046,0.07979524239686843,-0.06413730803974707,0.04534163181850666,0.06413730803974707,0.04667268894911172,-0.00331225534477567,-0.050888286660644384,0.9030267411107845,0.9030267411107845,0.41169556273875985,0.9200705260064649,0.9200705260064649,0.5333529238906847,0.1313546870408463,1.0,-0.31223042688915154,-0.24684908261052885,-0.3123543908973039,-0.3123543908973039,0.014547921917152862,-0.34092910353242006,0.15989159891598917,-0.13045690548945685
forecast_backward_vol_timer,0.3595850103588392,0.32630614115490375,0.14907328136976689,0.1445673316613164,0.15343045720754137,0.15742000338370485,-0.36064043164397896,-0.31211018011913744,-0.09736381712171341,-0.26782632560271946,-0.10706986742668172,0.11738254587571056,-0.03415819872038532,-0.2981577328057454,0.008796108088877536,-0.0997903296979555,0.22234185597345787,0.22234185597345787,-0.2623666723061748,-0.299977617237927,-0.06339264105432431,-0.060966128478082235,0.03791425900378249,0.014862389529482734,0.2411346872640566,-0.1028234704182581,-0.09554393268953185,-0.04580042487656924,-0.16045314410400743,-0.22396833300068356,0.01910878653790637,0.11192289257916588,0.12648196803661838,0.1374012746297077,-0.03670100271566144,-0.05975287218996119,0.12344882731631576,-0.11495603329946848,-0.1283018524687999,0.13558139019752616,-0.05126007817311391,-0.05671973146965859,-0.1343681339094051,-0.37944590410985507,-0.38126578854203663,-0.36488682865240263,-0.13497476205346565,0.029421464986935205,-0.10161021413013706,-0.030634721275056245,-0.12878260126679972,0.02214192725820897,0.0694589224949295,0.06703240991868742,0.006976223656695976,-0.30039230643837805,-0.30039230643837805,-0.18378681999825888,-0.31518995700184493,-0.31518995700184493,-0.19917637658426443,-0.07842754798637457,-0.31223042688915154,1.0,0.09357353237562352,0.1919810654352749,0.1919810654352749,0.2474849881624128,0.8826686071619324,-0.05126007817311391,-0.020431241098394073
forecast_forward_cvar_timer,0.17816084135099944,0.06731204903457559,0.8130081300813007,0.17694006709216348,0.09632929738182501,0.4282323049465111,-0.06997259884746913,-0.05947670902034877,-0.0048980819193228395,-0.12665040391391913,0.3960449094766753,0.1469424575796852,-0.4297219009462019,-0.38275011569565615,0.2938849151593704,0.3477638162719216,0.6297980538856157,0.6297980538856157,-0.12595067792544445,-0.3631577880183648,0.3715544998800612,0.3253725846407315,-0.05177972314712716,-0.05177972314712716,-0.0972619123979821,-0.0027989039538987657,-0.021691505642715433,0.006297533896272222,0.05038027117017778,0.033821703348887136,-0.3463643642949722,0.07067232483594382,0.04898081919322839,0.0006997259884746914,-0.11195615815595061,-0.12665040391391913,0.17982957903799568,-0.06997259884746913,-0.04828109320475371,-0.0013994519769493828,0.024490409596614197,0.023090957619664815,-0.09656218640950742,-0.09096437850170988,-0.10705807623662777,-0.06227561297424753,0.11825369205222283,0.32257368068683273,0.02938849151593704,0.16303615531460308,0.031091143560127894,-0.15673862141833086,0.17283231915324876,-0.0650745169281463,0.20362026264613517,-0.25370600157193246,-0.25370600157193246,-0.5423822898470232,-0.23930647175298492,-0.23930647175298492,-0.4813557110905313,0.3867302294231619,-0.24684908261052885,0.09357353237562352,1.0,0.7589911530352765,0.7589911530352765,0.15460307331712858,0.2194082002700228,0.18122903101494506,-0.1499704009827116
forecast_forward_cdar_timer,0.34104059695262817,0.21470262403223597,0.7902620646694325,0.19670083179191641,0.0843413461418433,0.2738159709838917,-0.21713686328751763,-0.19717943100006197,-0.07903143185832442,-0.18680156621058505,0.383980997210647,0.17482710683811165,-0.4243015882643921,-0.3049495653523226,0.13970202601218967,0.3696116459636789,0.7978835978835979,0.7978835978835979,-0.1923896472510726,-0.31692402472479597,0.3895690782511346,0.3688133486721807,-0.012772756663971626,-0.015167648538466305,-0.010377864789476946,-0.11415651268424641,-0.12772756663971627,-0.008781270206480493,0.015167648538466305,-0.0353022775524601,-0.24906875494744668,0.19797772829156018,0.17562540412960986,-0.0478978374898936,-0.08861099935630316,-0.11016502622675528,0.137307134137695,-0.1947845391255673,-0.17163391767211872,-0.04630124290689714,0.11575310726724285,0.1053752424777659,-0.17482710683811165,-0.24667386307295203,-0.25545513327943253,-0.22511983620249992,0.043906351032402466,0.24827045765594846,-0.0007982972914982266,0.09978716143727834,-0.06207423788637531,-0.0902075939392996,0.1556679718421542,-0.020755729578953892,0.20835559308103715,-0.2982632153681022,-0.2982632153681022,-0.3922043855627801,-0.30844017547252567,-0.30844017547252567,-0.38202742545835666,0.18083675262475488,-0.3123543908973039,0.1919810654352749,0.7589911530352765,1.0,0.9999999999999999,0.13227551190677386,0.34935347070783357,0.051889323947384734,-0.2761993216445163
forecast_forward_risk_timer,0.34104059695262817,0.21470262403223597,0.7902620646694325,0.19670083179191641,0.0843413461418433,0.2738159709838917,-0.21713686328751763,-0.19717943100006197,-0.07903143185832442,-0.18680156621058505,0.383980997210647,0.17482710683811165,-0.4243015882643921,-0.3049495653523226,0.13970202601218967,0.3696116459636789,0.7978835978835979,0.7978835978835979,-0.1923896472510726,-0.31692402472479597,0.3895690782511346,0.3688133486721807,-0.012772756663971626,-0.015167648538466305,-0.010377864789476946,-0.11415651268424641,-0.12772756663971627,-0.008781270206480493,0.015167648538466305,-0.0353022775524601,-0.24906875494744668,0.19797772829156018,0.17562540412960986,-0.0478978374898936,-0.08861099935630316,-0.11016502622675528,0.137307134137695,-0.1947845391255673,-0.17163391767211872,-0.04630124290689714,0.11575310726724285,0.1053752424777659,-0.17482710683811165,-0.24667386307295203,-0.25545513327943253,-0.22511983620249992,0.043906351032402466,0.24827045765594846,-0.0007982972914982266,0.09978716143727834,-0.06207423788637531,-0.0902075939392996,0.1556679718421542,-0.020755729578953892,0.20835559308103715,-0.2982632153681022,-0.2982632153681022,-0.3922043855627801,-0.30844017547252567,-0.30844017547252567,-0.38202742545835666,0.18083675262475488,-0.3123543908973039,0.1919810654352749,0.7589911530352765,0.9999999999999999,1.0,0.13227551190677386,0.34935347070783357,0.051889323947384734,-0.2761993216445163
forecast_conviction_timer,-0.009149728795437632,-0.03957612473081286,0.15958560422171672,0.313375350140056,0.1600918097764284,0.31171499445618633,0.07273349870644347,0.04805606164532872,0.08182518604474891,0.026625655776465917,0.19612068401201724,0.28833636987197236,-0.04203491713675038,-0.2662565577646591,0.32600193170209485,0.15910452842034511,0.08177933925703307,0.08177933925703307,0.026625655776465917,-0.21170643373482653,0.12273777906712337,0.11429549796726832,0.004545843669152717,0.00714346862295427,0.003247031192251941,0.153909278512742,0.14027174750528384,0.06299240512968765,0.12923184145162725,0.12756144708277495,0.09221568585995511,-0.1928736528197653,-0.17144324695090246,0.14741521612823813,-0.09806034200600862,-0.11949074787487142,0.14611640365133735,0.18767840291216217,0.1681962157586505,0.15845512218189473,-0.11494490420571869,-0.13507649759768073,0.09286509209840552,0.053251311552931835,0.06753824879884036,0.014936343484358927,-0.08182518604474891,-0.03961378054547368,-0.09481331081375667,-0.15520809098964278,-0.026450664513891293,0.18702899667371178,-0.0006494062384503882,0.040263186783924064,0.110399060536566,-0.0018975550326721122,-0.0018975550326721122,-0.1758400996942824,0.010120293507584598,0.010120293507584598,-0.13788899904084018,0.24288704418203036,0.014547921917152862,0.2474849881624128,0.15460307331712858,0.13227551190677386,0.13227551190677386,1.0,0.26540304341586285,0.07987696732939775,0.001491273251222137
forecast_overlay_fraction,0.417810308020738,0.3559220051599376,0.2827335091004991,0.18168747179511865,0.15134963743325427,0.20697388780572135,-0.3821289495212513,-0.3415220667013879,-0.10515364431710879,-0.28273299754427234,-0.023939878677382117,0.15182125591605622,-0.0979155917458951,-0.3463706497246552,0.05060708530535207,-0.018485222776206445,0.36353561865975087,0.36353561865975087,-0.2730358314977378,-0.347582795480472,0.013030566875030774,0.014848785508755997,0.05060708530535207,0.026364170189015747,0.2178831996080727,-0.11545688324155173,-0.11182044597410128,-0.053031376816985706,-0.1281844136776283,-0.1894820378720117,-0.02030344140993167,0.14273016274743008,0.14879089152651417,0.11848724763109378,-0.05000101242744366,-0.06939534452051271,0.1657609321079496,-0.1445483813811553,-0.14939696440442257,0.11545688324155173,-0.017879149898298037,-0.0227277329215653,-0.16212449484049915,-0.4178872493178473,-0.41182652053876323,-0.40334150024804555,-0.1281844136776283,0.08151680207868088,-0.10697186295083401,-0.00030303643895420406,-0.1219322660246031,-0.012424493997122366,0.10091113417174993,0.07121356315423795,0.05969817847397819,-0.3344239515135881,-0.3344239515135881,-0.24867422035625783,-0.347434255551252,-0.347434255551252,-0.2634586567626941,-0.028090429172228887,-0.34092910353242006,0.8826686071619324,0.2194082002700228,0.34935347070783357,0.34935347070783357,0.26540304341586285,1.0,-0.03303097184600824,-0.07422741719863758
robust_selection_score,-0.07007822856650785,-0.07132467571591045,0.13576699543579088,0.036686063964994166,0.018930500626983728,0.311783720246841,0.05142521304731119,0.07669703203056126,-0.030267411107846014,0.15074933881868938,0.16838084043491036,0.03614457831325301,-0.3101182895839997,-0.07728474875110196,0.3676168086982074,0.06259183073758448,-0.011742646274334733,-0.011742646274334733,0.15310020570085217,-0.045548045841904194,0.1431090214516603,0.05436379665001469,-0.08903908316191594,-0.10079341757272994,0.0038201586835145455,0.013811342932706435,-0.00910960916838084,-0.17190714075815455,0.17190714075815455,0.22497995329581683,-0.12430208639435791,0.09315310020570085,0.09667940052894505,0.06553041434028797,0.0014692918013517484,-0.0073464590067587425,0.1307669703203056,-0.09021451660299734,-0.09491625036732294,0.06082868057596238,0.06553041434028797,0.03320599471054951,-0.012635909491625037,-0.03908316191595651,-0.07669703203056126,0.07493388186893916,0.08316191595650896,0.19071407581545693,0.02791654422568322,0.1225389362327358,0.15176192321623563,-0.11019688510138113,0.2324419629738466,0.07023214810461356,0.06964443138407288,0.1496537187594098,0.1496537187594098,-0.17675398976211984,0.16169828364950317,0.16169828364950317,-0.09183980728696176,0.46582354712436014,0.15989159891598917,-0.05126007817311391,0.18122903101494506,0.051889323947384734,0.051889323947384734,0.07987696732939775,-0.03303097184600824,1.0,-0.022586960051282818
selected_alpha,-0.11591100680933498,-0.05868974222150601,-0.19500712237705006,-0.14974198114836113,-0.06693290334458457,-0.06234000974154058,0.07227827216410501,0.04607739850461695,-0.03975304969025776,-0.22315916530667423,-0.3333835303569344,-0.20418611886359667,0.18993429409939658,-0.036139136082052506,-0.15359132834872316,-0.320734832728216,-0.2707740035547038,-0.2707740035547038,-0.21593133809026374,-0.0776991425764129,-0.34332179277949887,-0.32796265994462653,0.08583044819487472,0.07679566417436158,0.06053305293743795,-0.021683481649231506,-0.012648697628718378,-0.13281132510154298,-0.3071826566974463,-0.3169945889487341,-0.09396175381333652,-0.0849269697928234,-0.09305827541128521,-0.028911308865642006,0.15720524195692842,0.15178437154462054,-0.08763740499897733,0.08312001298872078,0.09486523221538784,-0.030718265669744636,-0.0849269697928234,-0.09847914582359309,0.04698087690666826,0.08944436180307995,0.1409426307200048,-0.012648697628718378,0.22406264370872556,-0.056919139329232704,0.24032525494564919,-0.005420870412307877,0.12225755692570843,0.0424634848964117,-0.2285800357189821,-0.03884957128820645,-0.10751392984410621,-0.1193934223384075,-0.1193934223384075,0.01705620319120107,-0.1120177669043746,-0.1120177669043746,-0.007836633898659953,-0.12400320698467805,-0.13045690548945685,-0.020431241098394073,-0.1499704009827116,-0.2761993216445163,-0.2761993216445163,0.001491273251222137,-0.07422741719863758,-0.022586960051282818,1.0
