2026-07-30 18:53:56.496 | INFO     | __main__:main:650 - Successful file reading
2026-07-30 18:54:00.645 | INFO     | __main__:model_computation:314 - Run start: portfolio=filteredmodel=bayessian, optimizer=bayessian, execution=base_exec
Portfolio optimization with month weight rebalancing: 0it [00:00, ?it/s]Portfolio optimization with 0 month weight rebalancing 2019-01-02 00:00:00: : 0it [00:00, ?it/s]2026-07-30 18:54:00.924 | WARNING  | __main__:model_computation:474 - Nested engine fallback on 2019-01-02: "['BOND'] not in index"
self.is_all_methods=False, self.min_weight=0.0, self.max_weight=0.06
single_methods
[RC-LP] method_type='return_cvar_constraint' sum=1.0000 active=193
IN-SAMPLE alpha grid-search best alphas[index]=np.float64(1.0),results[index]=array([ 9.10848855e+02, -8.91511451e-02,  1.70616114e-04, -8.91511451e-02])
best_index=np.int64(0) np.sum(w_target)=np.float64(0.9999999999999998) case[index%2]='max_alpha'
0.5 2019-02-01 00:00:00 1081.7297278733724 0.08172972787337249 8.530805687203778e-05 0.0817297278733724
PROGRESS	2019-02-01	211	193	0.0817297278733724	1081.7297278733724
Portfolio optimization with 0 month weight rebalancing 2019-01-02 00:00:00: : 1it [00:00,  2.67it/s]Portfolio optimization with 1 month weight rebalancing 2019-02-01 00:00:00: : 1it [00:00,  2.67it/s]2026-07-30 18:54:01.261 | WARNING  | __main__:model_computation:474 - Nested engine fallback on 2019-02-01: "['BOND'] not in index"
self.is_all_methods=False, self.min_weight=0.0, self.max_weight=0.06
single_methods
[RC-LP] method_type='return_cvar_constraint' sum=1.0000 active=179
IN-SAMPLE alpha grid-search best alphas[index]=np.float64(1.0),results[index]=array([1.10476744e+03, 2.12971040e-02, 2.51184834e-04, 2.12971040e-02])
best_index=np.int64(0) np.sum(w_target)=np.float64(0.9999999999999999) case[index%2]='max_alpha'
0.4821773251759019 2019-03-01 00:00:00 1104.9617080331 0.021476695667225824 0.00012111563144228826 0.021476695667225876
PROGRESS	2019-03-01	213	179	0.021476695667225876	1104.9617080331
Portfolio optimization with 1 month weight rebalancing 2019-02-01 00:00:00: : 2it [00:00,  2.85it/s]Portfolio optimization with 2 month weight rebalancing 2019-03-01 00:00:00: : 2it [00:00,  2.85it/s]self.is_all_methods=False, self.min_weight=0.0, self.max_weight=0.08
single_methods
[RC-LP] method_type='return_cvar_constraint' sum=1.0000 active=23
self.is_all_methods=False, self.min_weight=0.0, self.max_weight=0.08
single_methods
[RC-LP] method_type='return_cvar_constraint' sum=1.0000 active=23
self.is_all_methods=False, self.min_weight=0.0, self.max_weight=0.08
single_methods
[RC-LP] method_type='return_cvar_constraint' sum=1.0000 active=22
self.is_all_methods=False, self.min_weight=0.0, self.max_weight=0.08
single_methods
[RC-LP] method_type='return_cvar_constraint' sum=1.0000 active=26
self.is_all_methods=False, self.min_weight=0.0, self.max_weight=0.08
single_methods
[RC-LP] method_type='return_cvar_constraint' sum=1.0000 active=25
self.is_all_methods=False, self.min_weight=0.0, self.max_weight=0.08
single_methods
[RC-LP] method_type='return_cvar_constraint' sum=1.0000 active=27
self.is_all_methods=False, self.min_weight=0.0, self.max_weight=0.08
single_methods
[RC-LP] method_type='return_cvar_constraint' sum=1.0000 active=46
self.is_all_methods=False, self.min_weight=0.0, self.max_weight=0.08
single_methods
[RC-LP] method_type='return_cvar_constraint' sum=1.0000 active=46
self.is_all_methods=False, self.min_weight=0.0, self.max_weight=0.08
single_methods
[RC-LP] method_type='return_cvar_constraint' sum=1.0000 active=49
self.is_all_methods=False, self.min_weight=0.0, self.max_weight=0.08
single_methods
[RC-LP] method_type='return_cvar_constraint' sum=1.0000 active=47
self.is_all_methods=False, self.min_weight=0.0, self.max_weight=0.08
single_methods
[RC-LP] method_type='return_cvar_constraint' sum=1.0000 active=50
self.is_all_methods=False, self.min_weight=0.0, self.max_weight=0.08
single_methods
[RC-LP] method_type='return_cvar_constraint' sum=1.0000 active=55
self.is_all_methods=False, self.min_weight=0.0, self.max_weight=0.12
single_methods
[RC-LP] method_type='return_cvar_constraint' sum=1.0000 active=17
self.is_all_methods=False, self.min_weight=0.0, self.max_weight=0.12
single_methods
[RC-LP] method_type='return_cvar_constraint' sum=1.0000 active=17
self.is_all_methods=False, self.min_weight=0.0, self.max_weight=0.12
single_methods
[RC-LP] method_type='return_cvar_constraint' sum=1.0000 active=16
self.is_all_methods=False, self.min_weight=0.0, self.max_weight=0.12
single_methods
[RC-LP] method_type='return_cvar_constraint' sum=1.0000 active=17
self.is_all_methods=False, self.min_weight=0.0, self.max_weight=0.12
single_methods
[RC-LP] method_type='return_cvar_constraint' sum=1.0000 active=19
self.is_all_methods=False, self.min_weight=0.0, self.max_weight=0.12
single_methods
[RC-LP] method_type='return_cvar_constraint' sum=1.0000 active=22
self.is_all_methods=False, self.min_weight=0.0, self.max_weight=0.12
single_methods
[RC-LP] method_type='return_cvar_constraint' sum=1.0000 active=38
self.is_all_methods=False, self.min_weight=0.0, self.max_weight=0.12
single_methods
[RC-LP] method_type='return_cvar_constraint' sum=1.0000 active=37
self.is_all_methods=False, self.min_weight=0.0, self.max_weight=0.12
single_methods
[RC-LP] method_type='return_cvar_constraint' sum=1.0000 active=35
self.is_all_methods=False, self.min_weight=0.0, self.max_weight=0.12
single_methods
[RC-LP] method_type='return_cvar_constraint' sum=1.0000 active=40
self.is_all_methods=False, self.min_weight=0.0, self.max_weight=0.12
single_methods
[RC-LP] method_type='return_cvar_constraint' sum=1.0000 active=42
self.is_all_methods=False, self.min_weight=0.0, self.max_weight=0.12
single_methods
[RC-LP] method_type='return_cvar_constraint' sum=1.0000 active=41
self.is_all_methods=False, self.min_weight=0.0, self.max_weight=0.08
single_methods
method_type='mean_cvar_sharpe' np.sum(weights)=1.000000 active=216 weights.shape=(216,)
self.is_all_methods=False, self.min_weight=0.0, self.max_weight=0.08
single_methods
method_type='mean_cvar_sharpe' np.sum(weights)=1.000000 active=216 weights.shape=(216,)
self.is_all_methods=False, self.min_weight=0.0, self.max_weight=0.08
single_methods
method_type='mean_cvar_sharpe' np.sum(weights)=1.000000 active=216 weights.shape=(216,)
self.is_all_methods=False, self.min_weight=0.0, self.max_weight=0.08
single_methods
method_type='mean_cvar_sharpe' np.sum(weights)=1.000000 active=216 weights.shape=(216,)
self.is_all_methods=False, self.min_weight=0.0, self.max_weight=0.08
single_methods
method_type='mean_cvar_sharpe' np.sum(weights)=1.000000 active=216 weights.shape=(216,)
self.is_all_methods=False, self.min_weight=0.0, self.max_weight=0.08
single_methods
method_type='mean_cvar_sharpe' np.sum(weights)=1.000000 active=216 weights.shape=(216,)
self.is_all_methods=False, self.min_weight=0.0, self.max_weight=0.08
single_methods
method_type='mean_cvar_sharpe' np.sum(weights)=1.000000 active=121 weights.shape=(216,)
self.is_all_methods=False, self.min_weight=0.0, self.max_weight=0.08
single_methods
method_type='mean_cvar_sharpe' np.sum(weights)=1.000000 active=121 weights.shape=(216,)
self.is_all_methods=False, self.min_weight=0.0, self.max_weight=0.08
single_methods
method_type='mean_cvar_sharpe' np.sum(weights)=1.000000 active=121 weights.shape=(216,)
self.is_all_methods=False, self.min_weight=0.0, self.max_weight=0.08
single_methods
method_type='mean_cvar_sharpe' np.sum(weights)=1.000000 active=216 weights.shape=(216,)
self.is_all_methods=False, self.min_weight=0.0, self.max_weight=0.08
single_methods
method_type='mean_cvar_sharpe' np.sum(weights)=1.000000 active=216 weights.shape=(216,)
self.is_all_methods=False, self.min_weight=0.0, self.max_weight=0.08
single_methods
method_type='mean_cvar_sharpe' np.sum(weights)=1.000000 active=216 weights.shape=(216,)
self.is_all_methods=False, self.min_weight=0.0, self.max_weight=0.12
single_methods
method_type='mean_cvar_sharpe' np.sum(weights)=1.000000 active=124 weights.shape=(216,)
self.is_all_methods=False, self.min_weight=0.0, self.max_weight=0.12
single_methods
method_type='mean_cvar_sharpe' np.sum(weights)=1.000000 active=124 weights.shape=(216,)
self.is_all_methods=False, self.min_weight=0.0, self.max_weight=0.12
single_methods
method_type='mean_cvar_sharpe' np.sum(weights)=1.000000 active=124 weights.shape=(216,)
self.is_all_methods=False, self.min_weight=0.0, self.max_weight=0.12
single_methods
method_type='mean_cvar_sharpe' np.sum(weights)=1.000000 active=124 weights.shape=(216,)
self.is_all_methods=False, self.min_weight=0.0, self.max_weight=0.12
single_methods
method_type='mean_cvar_sharpe' np.sum(weights)=1.000000 active=124 weights.shape=(216,)
self.is_all_methods=False, self.min_weight=0.0, self.max_weight=0.12
single_methods
method_type='mean_cvar_sharpe' np.sum(weights)=1.000000 active=124 weights.shape=(216,)
self.is_all_methods=False, self.min_weight=0.0, self.max_weight=0.12
single_methods
method_type='mean_cvar_sharpe' np.sum(weights)=1.000000 active=216 weights.shape=(216,)
self.is_all_methods=False, self.min_weight=0.0, self.max_weight=0.12
single_methods
method_type='mean_cvar_sharpe' np.sum(weights)=1.000000 active=216 weights.shape=(216,)
self.is_all_methods=False, self.min_weight=0.0, self.max_weight=0.12
single_methods
method_type='mean_cvar_sharpe' np.sum(weights)=1.000000 active=216 weights.shape=(216,)
self.is_all_methods=False, self.min_weight=0.0, self.max_weight=0.12
single_methods
method_type='mean_cvar_sharpe' np.sum(weights)=1.000000 active=216 weights.shape=(216,)
self.is_all_methods=False, self.min_weight=0.0, self.max_weight=0.12
single_methods
method_type='mean_cvar_sharpe' np.sum(weights)=1.000000 active=216 weights.shape=(216,)
self.is_all_methods=False, self.min_weight=0.0, self.max_weight=0.12
single_methods
method_type='mean_cvar_sharpe' np.sum(weights)=1.000000 active=216 weights.shape=(216,)
self.is_all_methods=False, self.min_weight=0.0, self.max_weight=0.12
single_methods
[RC-LP] method_type='return_cvar_constraint' sum=1.0000 active=69
1.0 2019-04-01 00:00:00 1111.813138997892 0.006200604885202794 0.00115579578620451 0.006200604885202798
PROGRESS	2019-04-01	216	69	0.006200604885202798	1111.813138997892
Portfolio optimization with 2 month weight rebalancing 2019-03-01 00:00:00: : 3it [00:13,  6.09s/it]Portfolio optimization with 3 month weight rebalancing 2019-04-01 00:00:00: : 3it [00:13,  6.09s/it]self.is_all_methods=False, self.min_weight=0.0, self.max_weight=0.08
single_methods
[RC-LP] method_type='return_cvar_constraint' sum=1.0000 active=21
self.is_all_methods=False, self.min_weight=0.0, self.max_weight=0.08
single_methods
[RC-LP] method_type='return_cvar_constraint' sum=1.0000 active=19
self.is_all_methods=False, self.min_weight=0.0, self.max_weight=0.08
single_methods
[RC-LP] method_type='return_cvar_constraint' sum=1.0000 active=15
self.is_all_methods=False, self.min_weight=0.0, self.max_weight=0.08
single_methods
[RC-LP] method_type='return_cvar_constraint' sum=1.0000 active=20
self.is_all_methods=False, self.min_weight=0.0, self.max_weight=0.08
single_methods
[RC-LP] method_type='return_cvar_constraint' sum=1.0000 active=15
self.is_all_methods=False, self.min_weight=0.0, self.max_weight=0.08
single_methods
[RC-LP] method_type='return_cvar_constraint' sum=1.0000 active=14
self.is_all_methods=False, self.min_weight=0.0, self.max_weight=0.08
single_methods
[RC-LP] method_type='return_cvar_constraint' sum=1.0000 active=30
self.is_all_methods=False, self.min_weight=0.0, self.max_weight=0.08
single_methods
[RC-LP] method_type='return_cvar_constraint' sum=1.0000 active=26
self.is_all_methods=False, self.min_weight=0.0, self.max_weight=0.08
single_methods
[RC-LP] method_type='return_cvar_constraint' sum=1.0000 active=20
self.is_all_methods=False, self.min_weight=0.0, self.max_weight=0.08
single_methods
[RC-LP] method_type='return_cvar_constraint' sum=1.0000 active=33
self.is_all_methods=False, self.min_weight=0.0, self.max_weight=0.08
single_methods
[RC-LP] method_type='return_cvar_constraint' sum=1.0000 active=26
self.is_all_methods=False, self.min_weight=0.0, self.max_weight=0.08
single_methods
[RC-LP] method_type='return_cvar_constraint' sum=1.0000 active=21
self.is_all_methods=False, self.min_weight=0.0, self.max_weight=0.12
single_methods
[RC-LP] method_type='return_cvar_constraint' sum=1.0000 active=16
self.is_all_methods=False, self.min_weight=0.0, self.max_weight=0.12
single_methods
[RC-LP] method_type='return_cvar_constraint' sum=1.0000 active=12
self.is_all_methods=False, self.min_weight=0.0, self.max_weight=0.12
single_methods
[RC-LP] method_type='return_cvar_constraint' sum=1.0000 active=13
self.is_all_methods=False, self.min_weight=0.0, self.max_weight=0.12
single_methods
[RC-LP] method_type='return_cvar_constraint' sum=1.0000 active=19
self.is_all_methods=False, self.min_weight=0.0, self.max_weight=0.12
single_methods
[RC-LP] method_type='return_cvar_constraint' sum=1.0000 active=15
self.is_all_methods=False, self.min_weight=0.0, self.max_weight=0.12
single_methods
[RC-LP] method_type='return_cvar_constraint' sum=1.0000 active=13
self.is_all_methods=False, self.min_weight=0.0, self.max_weight=0.12
single_methods
[RC-LP] method_type='return_cvar_constraint' sum=1.0000 active=26
self.is_all_methods=False, self.min_weight=0.0, self.max_weight=0.12
single_methods
[RC-LP] method_type='return_cvar_constraint' sum=1.0000 active=20
self.is_all_methods=False, self.min_weight=0.0, self.max_weight=0.12
single_methods
[RC-LP] method_type='return_cvar_constraint' sum=1.0000 active=17
self.is_all_methods=False, self.min_weight=0.0, self.max_weight=0.12
single_methods
[RC-LP] method_type='return_cvar_constraint' sum=1.0000 active=27
self.is_all_methods=False, self.min_weight=0.0, self.max_weight=0.12
single_methods
[RC-LP] method_type='return_cvar_constraint' sum=1.0000 active=25
self.is_all_methods=False, self.min_weight=0.0, self.max_weight=0.12
single_methods
[RC-LP] method_type='return_cvar_constraint' sum=1.0000 active=18
self.is_all_methods=False, self.min_weight=0.0, self.max_weight=0.08
single_methods
method_type='mean_cvar_sharpe' np.sum(weights)=1.000000 active=95 weights.shape=(217,)
self.is_all_methods=False, self.min_weight=0.0, self.max_weight=0.08
single_methods
method_type='mean_cvar_sharpe' np.sum(weights)=1.000000 active=95 weights.shape=(217,)
self.is_all_methods=False, self.min_weight=0.0, self.max_weight=0.08
single_methods
method_type='mean_cvar_sharpe' np.sum(weights)=1.000000 active=95 weights.shape=(217,)
self.is_all_methods=False, self.min_weight=0.0, self.max_weight=0.08
single_methods
method_type='mean_cvar_sharpe' np.sum(weights)=1.000000 active=143 weights.shape=(217,)
self.is_all_methods=False, self.min_weight=0.0, self.max_weight=0.08
single_methods
method_type='mean_cvar_sharpe' np.sum(weights)=1.000000 active=143 weights.shape=(217,)
self.is_all_methods=False, self.min_weight=0.0, self.max_weight=0.08
single_methods
method_type='mean_cvar_sharpe' np.sum(weights)=1.000000 active=143 weights.shape=(217,)
self.is_all_methods=False, self.min_weight=0.0, self.max_weight=0.08
single_methods
method_type='mean_cvar_sharpe' np.sum(weights)=1.000000 active=144 weights.shape=(217,)
self.is_all_methods=False, self.min_weight=0.0, self.max_weight=0.08
single_methods
method_type='mean_cvar_sharpe' np.sum(weights)=1.000000 active=144 weights.shape=(217,)
self.is_all_methods=False, self.min_weight=0.0, self.max_weight=0.08
single_methods
method_type='mean_cvar_sharpe' np.sum(weights)=1.000000 active=144 weights.shape=(217,)
self.is_all_methods=False, self.min_weight=0.0, self.max_weight=0.08
single_methods
method_type='mean_cvar_sharpe' np.sum(weights)=1.000000 active=217 weights.shape=(217,)
self.is_all_methods=False, self.min_weight=0.0, self.max_weight=0.08
single_methods
method_type='mean_cvar_sharpe' np.sum(weights)=1.000000 active=217 weights.shape=(217,)
self.is_all_methods=False, self.min_weight=0.0, self.max_weight=0.08
single_methods
method_type='mean_cvar_sharpe' np.sum(weights)=1.000000 active=217 weights.shape=(217,)
self.is_all_methods=False, self.min_weight=0.0, self.max_weight=0.12
single_methods
method_type='mean_cvar_sharpe' np.sum(weights)=1.000000 active=217 weights.shape=(217,)
self.is_all_methods=False, self.min_weight=0.0, self.max_weight=0.12
single_methods
method_type='mean_cvar_sharpe' np.sum(weights)=1.000000 active=217 weights.shape=(217,)
self.is_all_methods=False, self.min_weight=0.0, self.max_weight=0.12
single_methods
method_type='mean_cvar_sharpe' np.sum(weights)=1.000000 active=217 weights.shape=(217,)
self.is_all_methods=False, self.min_weight=0.0, self.max_weight=0.12
single_methods
method_type='mean_cvar_sharpe' np.sum(weights)=1.000000 active=217 weights.shape=(217,)
self.is_all_methods=False, self.min_weight=0.0, self.max_weight=0.12
single_methods
method_type='mean_cvar_sharpe' np.sum(weights)=1.000000 active=217 weights.shape=(217,)
self.is_all_methods=False, self.min_weight=0.0, self.max_weight=0.12
single_methods
method_type='mean_cvar_sharpe' np.sum(weights)=1.000000 active=217 weights.shape=(217,)
self.is_all_methods=False, self.min_weight=0.0, self.max_weight=0.12
single_methods
method_type='mean_cvar_sharpe' np.sum(weights)=1.000000 active=217 weights.shape=(217,)
self.is_all_methods=False, self.min_weight=0.0, self.max_weight=0.12
single_methods
method_type='mean_cvar_sharpe' np.sum(weights)=1.000000 active=217 weights.shape=(217,)
self.is_all_methods=False, self.min_weight=0.0, self.max_weight=0.12
single_methods
method_type='mean_cvar_sharpe' np.sum(weights)=1.000000 active=217 weights.shape=(217,)
self.is_all_methods=False, self.min_weight=0.0, self.max_weight=0.12
single_methods
method_type='mean_cvar_sharpe' np.sum(weights)=1.000000 active=217 weights.shape=(217,)
self.is_all_methods=False, self.min_weight=0.0, self.max_weight=0.12
single_methods
method_type='mean_cvar_sharpe' np.sum(weights)=1.000000 active=217 weights.shape=(217,)
self.is_all_methods=False, self.min_weight=0.0, self.max_weight=0.12
single_methods
method_type='mean_cvar_sharpe' np.sum(weights)=1.000000 active=217 weights.shape=(217,)
1.0 2019-05-01 00:00:00 1147.5232264777806 0.03211878527724096 7.350530970687613e-05 0.03211878527724088
PROGRESS	2019-05-01	217	69	0.03211878527724088	1147.5232264777806
Portfolio optimization with 3 month weight rebalancing 2019-04-01 00:00:00: : 4it [00:28,  9.43s/it]Portfolio optimization with 4 month weight rebalancing 2019-05-01 00:00:00: : 4it [00:28,  9.43s/it]self.is_all_methods=False, self.min_weight=0.0, self.max_weight=0.08
single_methods
[RC-LP] method_type='return_cvar_constraint' sum=1.0000 active=21
self.is_all_methods=False, self.min_weight=0.0, self.max_weight=0.08
single_methods
[RC-LP] method_type='return_cvar_constraint' sum=1.0000 active=19
self.is_all_methods=False, self.min_weight=0.0, self.max_weight=0.08
single_methods
[RC-LP] method_type='return_cvar_constraint' sum=1.0000 active=15
self.is_all_methods=False, self.min_weight=0.0, self.max_weight=0.08
single_methods
[RC-LP] method_type='return_cvar_constraint' sum=1.0000 active=22
self.is_all_methods=False, self.min_weight=0.0, self.max_weight=0.08
single_methods
[RC-LP] method_type='return_cvar_constraint' sum=1.0000 active=21
self.is_all_methods=False, self.min_weight=0.0, self.max_weight=0.08
single_methods
[RC-LP] method_type='return_cvar_constraint' sum=1.0000 active=14
self.is_all_methods=False, self.min_weight=0.0, self.max_weight=0.08
single_methods
[RC-LP] method_type='return_cvar_constraint' sum=1.0000 active=34
self.is_all_methods=False, self.min_weight=0.0, self.max_weight=0.08
single_methods
[RC-LP] method_type='return_cvar_constraint' sum=1.0000 active=27
self.is_all_methods=False, self.min_weight=0.0, self.max_weight=0.08
single_methods
[RC-LP] method_type='return_cvar_constraint' sum=1.0000 active=25
self.is_all_methods=False, self.min_weight=0.0, self.max_weight=0.08
single_methods
[RC-LP] method_type='return_cvar_constraint' sum=1.0000 active=36
self.is_all_methods=False, self.min_weight=0.0, self.max_weight=0.08
single_methods
[RC-LP] method_type='return_cvar_constraint' sum=1.0000 active=33
self.is_all_methods=False, self.min_weight=0.0, self.max_weight=0.08
single_methods
[RC-LP] method_type='return_cvar_constraint' sum=1.0000 active=25
self.is_all_methods=False, self.min_weight=0.0, self.max_weight=0.12
single_methods
[RC-LP] method_type='return_cvar_constraint' sum=1.0000 active=18
self.is_all_methods=False, self.min_weight=0.0, self.max_weight=0.12
single_methods
[RC-LP] method_type='return_cvar_constraint' sum=1.0000 active=16
self.is_all_methods=False, self.min_weight=0.0, self.max_weight=0.12
single_methods
[RC-LP] method_type='return_cvar_constraint' sum=1.0000 active=14
self.is_all_methods=False, self.min_weight=0.0, self.max_weight=0.12
single_methods
[RC-LP] method_type='return_cvar_constraint' sum=1.0000 active=18
self.is_all_methods=False, self.min_weight=0.0, self.max_weight=0.12
single_methods
[RC-LP] method_type='return_cvar_constraint' sum=1.0000 active=17
self.is_all_methods=False, self.min_weight=0.0, self.max_weight=0.12
single_methods
[RC-LP] method_type='return_cvar_constraint' sum=1.0000 active=11
self.is_all_methods=False, self.min_weight=0.0, self.max_weight=0.12
single_methods
[RC-LP] method_type='return_cvar_constraint' sum=1.0000 active=32
self.is_all_methods=False, self.min_weight=0.0, self.max_weight=0.12
single_methods
[RC-LP] method_type='return_cvar_constraint' sum=1.0000 active=27
self.is_all_methods=False, self.min_weight=0.0, self.max_weight=0.12
single_methods
[RC-LP] method_type='return_cvar_constraint' sum=1.0000 active=24
self.is_all_methods=False, self.min_weight=0.0, self.max_weight=0.12
single_methods
[RC-LP] method_type='return_cvar_constraint' sum=1.0000 active=32
self.is_all_methods=False, self.min_weight=0.0, self.max_weight=0.12
single_methods
[RC-LP] method_type='return_cvar_constraint' sum=1.0000 active=24
self.is_all_methods=False, self.min_weight=0.0, self.max_weight=0.12
single_methods
[RC-LP] method_type='return_cvar_constraint' sum=1.0000 active=20
self.is_all_methods=False, self.min_weight=0.0, self.max_weight=0.08
single_methods
method_type='mean_cvar_sharpe' np.sum(weights)=1.000000 active=217 weights.shape=(217,)
self.is_all_methods=False, self.min_weight=0.0, self.max_weight=0.08
single_methods
method_type='mean_cvar_sharpe' np.sum(weights)=1.000000 active=217 weights.shape=(217,)
self.is_all_methods=False, self.min_weight=0.0, self.max_weight=0.08
single_methods
method_type='mean_cvar_sharpe' np.sum(weights)=1.000000 active=217 weights.shape=(217,)
self.is_all_methods=False, self.min_weight=0.0, self.max_weight=0.08
single_methods
method_type='mean_cvar_sharpe' np.sum(weights)=1.000000 active=217 weights.shape=(217,)
self.is_all_methods=False, self.min_weight=0.0, self.max_weight=0.08
single_methods
method_type='mean_cvar_sharpe' np.sum(weights)=1.000000 active=217 weights.shape=(217,)
self.is_all_methods=False, self.min_weight=0.0, self.max_weight=0.08
single_methods
method_type='mean_cvar_sharpe' np.sum(weights)=1.000000 active=217 weights.shape=(217,)
self.is_all_methods=False, self.min_weight=0.0, self.max_weight=0.08
single_methods
method_type='mean_cvar_sharpe' np.sum(weights)=1.000000 active=217 weights.shape=(217,)
self.is_all_methods=False, self.min_weight=0.0, self.max_weight=0.08
single_methods
method_type='mean_cvar_sharpe' np.sum(weights)=1.000000 active=217 weights.shape=(217,)
self.is_all_methods=False, self.min_weight=0.0, self.max_weight=0.08
single_methods
method_type='mean_cvar_sharpe' np.sum(weights)=1.000000 active=217 weights.shape=(217,)
self.is_all_methods=False, self.min_weight=0.0, self.max_weight=0.08
single_methods
method_type='mean_cvar_sharpe' np.sum(weights)=1.000000 active=217 weights.shape=(217,)
self.is_all_methods=False, self.min_weight=0.0, self.max_weight=0.08
single_methods
method_type='mean_cvar_sharpe' np.sum(weights)=1.000000 active=217 weights.shape=(217,)
self.is_all_methods=False, self.min_weight=0.0, self.max_weight=0.08
single_methods
method_type='mean_cvar_sharpe' np.sum(weights)=1.000000 active=217 weights.shape=(217,)
self.is_all_methods=False, self.min_weight=0.0, self.max_weight=0.12
single_methods
method_type='mean_cvar_sharpe' np.sum(weights)=1.000000 active=217 weights.shape=(217,)
self.is_all_methods=False, self.min_weight=0.0, self.max_weight=0.12
single_methods
method_type='mean_cvar_sharpe' np.sum(weights)=1.000000 active=217 weights.shape=(217,)
self.is_all_methods=False, self.min_weight=0.0, self.max_weight=0.12
single_methods
method_type='mean_cvar_sharpe' np.sum(weights)=1.000000 active=217 weights.shape=(217,)
self.is_all_methods=False, self.min_weight=0.0, self.max_weight=0.12
single_methods
method_type='mean_cvar_sharpe' np.sum(weights)=1.000000 active=217 weights.shape=(217,)
self.is_all_methods=False, self.min_weight=0.0, self.max_weight=0.12
single_methods
method_type='mean_cvar_sharpe' np.sum(weights)=1.000000 active=217 weights.shape=(217,)
self.is_all_methods=False, self.min_weight=0.0, self.max_weight=0.12
single_methods
method_type='mean_cvar_sharpe' np.sum(weights)=1.000000 active=217 weights.shape=(217,)
self.is_all_methods=False, self.min_weight=0.0, self.max_weight=0.12
single_methods
method_type='mean_cvar_sharpe' np.sum(weights)=1.000000 active=217 weights.shape=(217,)
self.is_all_methods=False, self.min_weight=0.0, self.max_weight=0.12
single_methods
method_type='mean_cvar_sharpe' np.sum(weights)=1.000000 active=217 weights.shape=(217,)
self.is_all_methods=False, self.min_weight=0.0, self.max_weight=0.12
single_methods
method_type='mean_cvar_sharpe' np.sum(weights)=1.000000 active=217 weights.shape=(217,)
self.is_all_methods=False, self.min_weight=0.0, self.max_weight=0.12
single_methods
method_type='mean_cvar_sharpe' np.sum(weights)=1.000000 active=217 weights.shape=(217,)
self.is_all_methods=False, self.min_weight=0.0, self.max_weight=0.12
single_methods
method_type='mean_cvar_sharpe' np.sum(weights)=1.000000 active=217 weights.shape=(217,)
self.is_all_methods=False, self.min_weight=0.0, self.max_weight=0.12
single_methods
method_type='mean_cvar_sharpe' np.sum(weights)=1.000000 active=217 weights.shape=(217,)
1.0 2019-06-03 00:00:00 1085.6137019555406 -0.053950563346997105 0.00013653082877795847 -0.053950563346997105
PROGRESS	2019-06-03	217	69	-0.053950563346997105	1085.6137019555406
Portfolio optimization with 4 month weight rebalancing 2019-05-01 00:00:00: : 5it [00:42, 11.30s/it]Portfolio optimization with 5 month weight rebalancing 2019-06-03 00:00:00: : 5it [00:42, 11.30s/it]self.is_all_methods=False, self.min_weight=0.0, self.max_weight=0.08
single_methods
[RC-LP] method_type='return_cvar_constraint' sum=1.0000 active=23
self.is_all_methods=False, self.min_weight=0.0, self.max_weight=0.08
single_methods
[RC-LP] method_type='return_cvar_constraint' sum=1.0000 active=22
self.is_all_methods=False, self.min_weight=0.0, self.max_weight=0.08
single_methods
[RC-LP] method_type='return_cvar_constraint' sum=1.0000 active=21
self.is_all_methods=False, self.min_weight=0.0, self.max_weight=0.08
single_methods
[RC-LP] method_type='return_cvar_constraint' sum=1.0000 active=19
self.is_all_methods=False, self.min_weight=0.0, self.max_weight=0.08
single_methods
[RC-LP] method_type='return_cvar_constraint' sum=1.0000 active=19
self.is_all_methods=False, self.min_weight=0.0, self.max_weight=0.08
single_methods
[RC-LP] method_type='return_cvar_constraint' sum=1.0000 active=20
self.is_all_methods=False, self.min_weight=0.0, self.max_weight=0.08
single_methods
[RC-LP] method_type='return_cvar_constraint' sum=1.0000 active=39
self.is_all_methods=False, self.min_weight=0.0, self.max_weight=0.08
single_methods
[RC-LP] method_type='return_cvar_constraint' sum=1.0000 active=38
self.is_all_methods=False, self.min_weight=0.0, self.max_weight=0.08
single_methods
[RC-LP] method_type='return_cvar_constraint' sum=1.0000 active=37
self.is_all_methods=False, self.min_weight=0.0, self.max_weight=0.08
single_methods
[RC-LP] method_type='return_cvar_constraint' sum=1.0000 active=41
self.is_all_methods=False, self.min_weight=0.0, self.max_weight=0.08
single_methods
[RC-LP] method_type='return_cvar_constraint' sum=1.0000 active=40
self.is_all_methods=False, self.min_weight=0.0, self.max_weight=0.08
single_methods
[RC-LP] method_type='return_cvar_constraint' sum=1.0000 active=36
self.is_all_methods=False, self.min_weight=0.0, self.max_weight=0.12
single_methods
[RC-LP] method_type='return_cvar_constraint' sum=1.0000 active=20
self.is_all_methods=False, self.min_weight=0.0, self.max_weight=0.12
single_methods
[RC-LP] method_type='return_cvar_constraint' sum=1.0000 active=19
self.is_all_methods=False, self.min_weight=0.0, self.max_weight=0.12
single_methods
[RC-LP] method_type='return_cvar_constraint' sum=1.0000 active=19
self.is_all_methods=False, self.min_weight=0.0, self.max_weight=0.12
single_methods
[RC-LP] method_type='return_cvar_constraint' sum=1.0000 active=18
self.is_all_methods=False, self.min_weight=0.0, self.max_weight=0.12
single_methods
[RC-LP] method_type='return_cvar_constraint' sum=1.0000 active=17
self.is_all_methods=False, self.min_weight=0.0, self.max_weight=0.12
single_methods
[RC-LP] method_type='return_cvar_constraint' sum=1.0000 active=16
self.is_all_methods=False, self.min_weight=0.0, self.max_weight=0.12
single_methods
[RC-LP] method_type='return_cvar_constraint' sum=1.0000 active=37
self.is_all_methods=False, self.min_weight=0.0, self.max_weight=0.12
single_methods
[RC-LP] method_type='return_cvar_constraint' sum=1.0000 active=36
self.is_all_methods=False, self.min_weight=0.0, self.max_weight=0.12
single_methods
[RC-LP] method_type='return_cvar_constraint' sum=1.0000 active=31
self.is_all_methods=False, self.min_weight=0.0, self.max_weight=0.12
single_methods
[RC-LP] method_type='return_cvar_constraint' sum=1.0000 active=33
self.is_all_methods=False, self.min_weight=0.0, self.max_weight=0.12
single_methods
[RC-LP] method_type='return_cvar_constraint' sum=1.0000 active=31
self.is_all_methods=False, self.min_weight=0.0, self.max_weight=0.12
single_methods
[RC-LP] method_type='return_cvar_constraint' sum=1.0000 active=30
self.is_all_methods=False, self.min_weight=0.0, self.max_weight=0.08
single_methods
method_type='mean_cvar_sharpe' np.sum(weights)=1.000000 active=217 weights.shape=(217,)
self.is_all_methods=False, self.min_weight=0.0, self.max_weight=0.08
single_methods
method_type='mean_cvar_sharpe' np.sum(weights)=1.000000 active=217 weights.shape=(217,)
self.is_all_methods=False, self.min_weight=0.0, self.max_weight=0.08
single_methods
method_type='mean_cvar_sharpe' np.sum(weights)=1.000000 active=217 weights.shape=(217,)
self.is_all_methods=False, self.min_weight=0.0, self.max_weight=0.08
single_methods
method_type='mean_cvar_sharpe' np.sum(weights)=1.000000 active=149 weights.shape=(217,)
self.is_all_methods=False, self.min_weight=0.0, self.max_weight=0.08
single_methods
method_type='mean_cvar_sharpe' np.sum(weights)=1.000000 active=149 weights.shape=(217,)
self.is_all_methods=False, self.min_weight=0.0, self.max_weight=0.08
single_methods
method_type='mean_cvar_sharpe' np.sum(weights)=1.000000 active=149 weights.shape=(217,)
self.is_all_methods=False, self.min_weight=0.0, self.max_weight=0.08
single_methods
method_type='mean_cvar_sharpe' np.sum(weights)=1.000000 active=216 weights.shape=(217,)
self.is_all_methods=False, self.min_weight=0.0, self.max_weight=0.08
single_methods
method_type='mean_cvar_sharpe' np.sum(weights)=1.000000 active=216 weights.shape=(217,)
self.is_all_methods=False, self.min_weight=0.0, self.max_weight=0.08
single_methods
method_type='mean_cvar_sharpe' np.sum(weights)=1.000000 active=216 weights.shape=(217,)
self.is_all_methods=False, self.min_weight=0.0, self.max_weight=0.08
single_methods
method_type='mean_cvar_sharpe' np.sum(weights)=1.000000 active=92 weights.shape=(217,)
self.is_all_methods=False, self.min_weight=0.0, self.max_weight=0.08
single_methods
method_type='mean_cvar_sharpe' np.sum(weights)=1.000000 active=92 weights.shape=(217,)
self.is_all_methods=False, self.min_weight=0.0, self.max_weight=0.08
single_methods
method_type='mean_cvar_sharpe' np.sum(weights)=1.000000 active=92 weights.shape=(217,)
self.is_all_methods=False, self.min_weight=0.0, self.max_weight=0.12
single_methods
method_type='mean_cvar_sharpe' np.sum(weights)=1.000000 active=217 weights.shape=(217,)
self.is_all_methods=False, self.min_weight=0.0, self.max_weight=0.12
single_methods
method_type='mean_cvar_sharpe' np.sum(weights)=1.000000 active=217 weights.shape=(217,)
self.is_all_methods=False, self.min_weight=0.0, self.max_weight=0.12
single_methods
method_type='mean_cvar_sharpe' np.sum(weights)=1.000000 active=217 weights.shape=(217,)
self.is_all_methods=False, self.min_weight=0.0, self.max_weight=0.12
single_methods
method_type='mean_cvar_sharpe' np.sum(weights)=1.000000 active=217 weights.shape=(217,)
self.is_all_methods=False, self.min_weight=0.0, self.max_weight=0.12
single_methods
method_type='mean_cvar_sharpe' np.sum(weights)=1.000000 active=217 weights.shape=(217,)
self.is_all_methods=False, self.min_weight=0.0, self.max_weight=0.12
single_methods
method_type='mean_cvar_sharpe' np.sum(weights)=1.000000 active=217 weights.shape=(217,)
self.is_all_methods=False, self.min_weight=0.0, self.max_weight=0.12
single_methods
method_type='mean_cvar_sharpe' np.sum(weights)=1.000000 active=217 weights.shape=(217,)
self.is_all_methods=False, self.min_weight=0.0, self.max_weight=0.12
single_methods
method_type='mean_cvar_sharpe' np.sum(weights)=1.000000 active=217 weights.shape=(217,)
self.is_all_methods=False, self.min_weight=0.0, self.max_weight=0.12
single_methods
method_type='mean_cvar_sharpe' np.sum(weights)=1.000000 active=217 weights.shape=(217,)
self.is_all_methods=False, self.min_weight=0.0, self.max_weight=0.12
single_methods
method_type='mean_cvar_sharpe' np.sum(weights)=1.000000 active=217 weights.shape=(217,)
self.is_all_methods=False, self.min_weight=0.0, self.max_weight=0.12
single_methods
method_type='mean_cvar_sharpe' np.sum(weights)=1.000000 active=217 weights.shape=(217,)
self.is_all_methods=False, self.min_weight=0.0, self.max_weight=0.12
single_methods
method_type='mean_cvar_sharpe' np.sum(weights)=1.000000 active=217 weights.shape=(217,)
1.0 2019-07-01 00:00:00 1166.2395368513892 0.07426751776494302 6.943463452311749e-05 0.074267517764943
PROGRESS	2019-07-01	217	69	0.074267517764943	1166.2395368513892
Portfolio optimization with 5 month weight rebalancing 2019-06-03 00:00:00: : 6it [00:56, 11.97s/it]Portfolio optimization with 6 month weight rebalancing 2019-07-01 00:00:00: : 6it [00:56, 11.97s/it]self.is_all_methods=False, self.min_weight=0.0, self.max_weight=0.08
single_methods
[RC-LP] method_type='return_cvar_constraint' sum=1.0000 active=22
self.is_all_methods=False, self.min_weight=0.0, self.max_weight=0.08
single_methods
[RC-LP] method_type='return_cvar_constraint' sum=1.0000 active=19
self.is_all_methods=False, self.min_weight=0.0, self.max_weight=0.08
single_methods
[RC-LP] method_type='return_cvar_constraint' sum=1.0000 active=15
self.is_all_methods=False, self.min_weight=0.0, self.max_weight=0.08
single_methods
[RC-LP] method_type='return_cvar_constraint' sum=1.0000 active=26
self.is_all_methods=False, self.min_weight=0.0, self.max_weight=0.08
single_methods
[RC-LP] method_type='return_cvar_constraint' sum=1.0000 active=25
self.is_all_methods=False, self.min_weight=0.0, self.max_weight=0.08
single_methods
[RC-LP] method_type='return_cvar_constraint' sum=1.0000 active=15
self.is_all_methods=False, self.min_weight=0.0, self.max_weight=0.08
single_methods
[RC-LP] method_type='return_cvar_constraint' sum=1.0000 active=35
self.is_all_methods=False, self.min_weight=0.0, self.max_weight=0.08
single_methods
[RC-LP] method_type='return_cvar_constraint' sum=1.0000 active=26
self.is_all_methods=False, self.min_weight=0.0, self.max_weight=0.08
single_methods
[RC-LP] method_type='return_cvar_constraint' sum=1.0000 active=21
self.is_all_methods=False, self.min_weight=0.0, self.max_weight=0.08
single_methods
[RC-LP] method_type='return_cvar_constraint' sum=1.0000 active=34
self.is_all_methods=False, self.min_weight=0.0, self.max_weight=0.08
single_methods
[RC-LP] method_type='return_cvar_constraint' sum=1.0000 active=33
self.is_all_methods=False, self.min_weight=0.0, self.max_weight=0.08
single_methods
[RC-LP] method_type='return_cvar_constraint' sum=1.0000 active=21
self.is_all_methods=False, self.min_weight=0.0, self.max_weight=0.12
single_methods
[RC-LP] method_type='return_cvar_constraint' sum=1.0000 active=20
self.is_all_methods=False, self.min_weight=0.0, self.max_weight=0.12
single_methods
[RC-LP] method_type='return_cvar_constraint' sum=1.0000 active=16
self.is_all_methods=False, self.min_weight=0.0, self.max_weight=0.12
single_methods
[RC-LP] method_type='return_cvar_constraint' sum=1.0000 active=13
self.is_all_methods=False, self.min_weight=0.0, self.max_weight=0.12
single_methods
[RC-LP] method_type='return_cvar_constraint' sum=1.0000 active=19
self.is_all_methods=False, self.min_weight=0.0, self.max_weight=0.12
single_methods
[RC-LP] method_type='return_cvar_constraint' sum=1.0000 active=20
self.is_all_methods=False, self.min_weight=0.0, self.max_weight=0.12
single_methods
[RC-LP] method_type='return_cvar_constraint' sum=1.0000 active=15
self.is_all_methods=False, self.min_weight=0.0, self.max_weight=0.12
single_methods
[RC-LP] method_type='return_cvar_constraint' sum=1.0000 active=32
self.is_all_methods=False, self.min_weight=0.0, self.max_weight=0.12
single_methods
[RC-LP] method_type='return_cvar_constraint' sum=1.0000 active=23
self.is_all_methods=False, self.min_weight=0.0, self.max_weight=0.12
single_methods
[RC-LP] method_type='return_cvar_constraint' sum=1.0000 active=18
self.is_all_methods=False, self.min_weight=0.0, self.max_weight=0.12
single_methods
[RC-LP] method_type='return_cvar_constraint' sum=1.0000 active=29
self.is_all_methods=False, self.min_weight=0.0, self.max_weight=0.12
single_methods
[RC-LP] method_type='return_cvar_constraint' sum=1.0000 active=30
self.is_all_methods=False, self.min_weight=0.0, self.max_weight=0.12
single_methods
[RC-LP] method_type='return_cvar_constraint' sum=1.0000 active=21
self.is_all_methods=False, self.min_weight=0.0, self.max_weight=0.08
single_methods
method_type='mean_cvar_sharpe' np.sum(weights)=1.000000 active=218 weights.shape=(218,)
self.is_all_methods=False, self.min_weight=0.0, self.max_weight=0.08
single_methods
method_type='mean_cvar_sharpe' np.sum(weights)=1.000000 active=218 weights.shape=(218,)
self.is_all_methods=False, self.min_weight=0.0, self.max_weight=0.08
single_methods
method_type='mean_cvar_sharpe' np.sum(weights)=1.000000 active=218 weights.shape=(218,)
self.is_all_methods=False, self.min_weight=0.0, self.max_weight=0.08
single_methods
method_type='mean_cvar_sharpe' np.sum(weights)=1.000000 active=85 weights.shape=(218,)
self.is_all_methods=False, self.min_weight=0.0, self.max_weight=0.08
single_methods
method_type='mean_cvar_sharpe' np.sum(weights)=1.000000 active=85 weights.shape=(218,)
self.is_all_methods=False, self.min_weight=0.0, self.max_weight=0.08
single_methods
method_type='mean_cvar_sharpe' np.sum(weights)=1.000000 active=85 weights.shape=(218,)
self.is_all_methods=False, self.min_weight=0.0, self.max_weight=0.08
single_methods
method_type='mean_cvar_sharpe' np.sum(weights)=1.000000 active=86 weights.shape=(218,)
self.is_all_methods=False, self.min_weight=0.0, self.max_weight=0.08
single_methods
method_type='mean_cvar_sharpe' np.sum(weights)=1.000000 active=86 weights.shape=(218,)
self.is_all_methods=False, self.min_weight=0.0, self.max_weight=0.08
single_methods
method_type='mean_cvar_sharpe' np.sum(weights)=1.000000 active=86 weights.shape=(218,)
self.is_all_methods=False, self.min_weight=0.0, self.max_weight=0.08
single_methods
method_type='mean_cvar_sharpe' np.sum(weights)=1.000000 active=218 weights.shape=(218,)
self.is_all_methods=False, self.min_weight=0.0, self.max_weight=0.08
single_methods
method_type='mean_cvar_sharpe' np.sum(weights)=1.000000 active=218 weights.shape=(218,)
self.is_all_methods=False, self.min_weight=0.0, self.max_weight=0.08
single_methods
method_type='mean_cvar_sharpe' np.sum(weights)=1.000000 active=218 weights.shape=(218,)
self.is_all_methods=False, self.min_weight=0.0, self.max_weight=0.12
single_methods
method_type='mean_cvar_sharpe' np.sum(weights)=1.000000 active=136 weights.shape=(218,)
self.is_all_methods=False, self.min_weight=0.0, self.max_weight=0.12
single_methods
method_type='mean_cvar_sharpe' np.sum(weights)=1.000000 active=136 weights.shape=(218,)
self.is_all_methods=False, self.min_weight=0.0, self.max_weight=0.12
single_methods
method_type='mean_cvar_sharpe' np.sum(weights)=1.000000 active=136 weights.shape=(218,)
self.is_all_methods=False, self.min_weight=0.0, self.max_weight=0.12
single_methods
method_type='mean_cvar_sharpe' np.sum(weights)=1.000000 active=98 weights.shape=(218,)
self.is_all_methods=False, self.min_weight=0.0, self.max_weight=0.12
single_methods
method_type='mean_cvar_sharpe' np.sum(weights)=1.000000 active=98 weights.shape=(218,)
self.is_all_methods=False, self.min_weight=0.0, self.max_weight=0.12
single_methods
method_type='mean_cvar_sharpe' np.sum(weights)=1.000000 active=98 weights.shape=(218,)
self.is_all_methods=False, self.min_weight=0.0, self.max_weight=0.12
single_methods
method_type='mean_cvar_sharpe' np.sum(weights)=1.000000 active=137 weights.shape=(218,)
self.is_all_methods=False, self.min_weight=0.0, self.max_weight=0.12
single_methods
method_type='mean_cvar_sharpe' np.sum(weights)=1.000000 active=137 weights.shape=(218,)
self.is_all_methods=False, self.min_weight=0.0, self.max_weight=0.12
single_methods
method_type='mean_cvar_sharpe' np.sum(weights)=1.000000 active=137 weights.shape=(218,)
self.is_all_methods=False, self.min_weight=0.0, self.max_weight=0.12
single_methods
method_type='mean_cvar_sharpe' np.sum(weights)=1.000000 active=97 weights.shape=(218,)
self.is_all_methods=False, self.min_weight=0.0, self.max_weight=0.12
single_methods
method_type='mean_cvar_sharpe' np.sum(weights)=1.000000 active=97 weights.shape=(218,)
self.is_all_methods=False, self.min_weight=0.0, self.max_weight=0.12
single_methods
method_type='mean_cvar_sharpe' np.sum(weights)=1.000000 active=97 weights.shape=(218,)
0.25 2019-08-01 00:00:00 1190.7337297369704 0.021002711802851903 1.770318147570461e-05 0.02100271180285196
PROGRESS	2019-08-01	218	69	0.02100271180285196	1190.7337297369704
Portfolio optimization with 6 month weight rebalancing 2019-07-01 00:00:00: : 7it [01:06, 11.39s/it]Portfolio optimization with 7 month weight rebalancing 2019-08-01 00:00:00: : 7it [01:06, 11.39s/it]self.is_all_methods=False, self.min_weight=0.0, self.max_weight=0.08
single_methods
[RC-LP] method_type='return_cvar_constraint' sum=1.0000 active=21
self.is_all_methods=False, self.min_weight=0.0, self.max_weight=0.08
single_methods
[RC-LP] method_type='return_cvar_constraint' sum=1.0000 active=20
self.is_all_methods=False, self.min_weight=0.0, self.max_weight=0.08
single_methods
[RC-LP] method_type='return_cvar_constraint' sum=1.0000 active=18
self.is_all_methods=False, self.min_weight=0.0, self.max_weight=0.08
single_methods
[RC-LP] method_type='return_cvar_constraint' sum=1.0000 active=24
self.is_all_methods=False, self.min_weight=0.0, self.max_weight=0.08
single_methods
[RC-LP] method_type='return_cvar_constraint' sum=1.0000 active=24
self.is_all_methods=False, self.min_weight=0.0, self.max_weight=0.08
single_methods
[RC-LP] method_type='return_cvar_constraint' sum=1.0000 active=23
self.is_all_methods=False, self.min_weight=0.0, self.max_weight=0.08
single_methods
[RC-LP] method_type='return_cvar_constraint' sum=1.0000 active=31
self.is_all_methods=False, self.min_weight=0.0, self.max_weight=0.08
single_methods
[RC-LP] method_type='return_cvar_constraint' sum=1.0000 active=30
self.is_all_methods=False, self.min_weight=0.0, self.max_weight=0.08
single_methods
[RC-LP] method_type='return_cvar_constraint' sum=1.0000 active=28
self.is_all_methods=False, self.min_weight=0.0, self.max_weight=0.08
single_methods
[RC-LP] method_type='return_cvar_constraint' sum=1.0000 active=36
self.is_all_methods=False, self.min_weight=0.0, self.max_weight=0.08
single_methods
[RC-LP] method_type='return_cvar_constraint' sum=1.0000 active=35
self.is_all_methods=False, self.min_weight=0.0, self.max_weight=0.08
single_methods
[RC-LP] method_type='return_cvar_constraint' sum=1.0000 active=32
self.is_all_methods=False, self.min_weight=0.0, self.max_weight=0.12
single_methods
[RC-LP] method_type='return_cvar_constraint' sum=1.0000 active=20
self.is_all_methods=False, self.min_weight=0.0, self.max_weight=0.12
single_methods
[RC-LP] method_type='return_cvar_constraint' sum=1.0000 active=20
self.is_all_methods=False, self.min_weight=0.0, self.max_weight=0.12
single_methods
[RC-LP] method_type='return_cvar_constraint' sum=1.0000 active=17
self.is_all_methods=False, self.min_weight=0.0, self.max_weight=0.12
single_methods
[RC-LP] method_type='return_cvar_constraint' sum=1.0000 active=22
self.is_all_methods=False, self.min_weight=0.0, self.max_weight=0.12
single_methods
[RC-LP] method_type='return_cvar_constraint' sum=1.0000 active=21
self.is_all_methods=False, self.min_weight=0.0, self.max_weight=0.12
single_methods
[RC-LP] method_type='return_cvar_constraint' sum=1.0000 active=20
self.is_all_methods=False, self.min_weight=0.0, self.max_weight=0.12
single_methods
[RC-LP] method_type='return_cvar_constraint' sum=1.0000 active=28
self.is_all_methods=False, self.min_weight=0.0, self.max_weight=0.12
single_methods
[RC-LP] method_type='return_cvar_constraint' sum=1.0000 active=29
self.is_all_methods=False, self.min_weight=0.0, self.max_weight=0.12
single_methods
[RC-LP] method_type='return_cvar_constraint' sum=1.0000 active=22
self.is_all_methods=False, self.min_weight=0.0, self.max_weight=0.12
single_methods
[RC-LP] method_type='return_cvar_constraint' sum=1.0000 active=31
self.is_all_methods=False, self.min_weight=0.0, self.max_weight=0.12
single_methods
[RC-LP] method_type='return_cvar_constraint' sum=1.0000 active=30
self.is_all_methods=False, self.min_weight=0.0, self.max_weight=0.12
single_methods
[RC-LP] method_type='return_cvar_constraint' sum=1.0000 active=30
self.is_all_methods=False, self.min_weight=0.0, self.max_weight=0.08
single_methods
method_type='mean_cvar_sharpe' np.sum(weights)=1.000000 active=219 weights.shape=(219,)
self.is_all_methods=False, self.min_weight=0.0, self.max_weight=0.08
single_methods
method_type='mean_cvar_sharpe' np.sum(weights)=1.000000 active=219 weights.shape=(219,)
self.is_all_methods=False, self.min_weight=0.0, self.max_weight=0.08
single_methods
method_type='mean_cvar_sharpe' np.sum(weights)=1.000000 active=219 weights.shape=(219,)
self.is_all_methods=False, self.min_weight=0.0, self.max_weight=0.08
single_methods
method_type='mean_cvar_sharpe' np.sum(weights)=1.000000 active=88 weights.shape=(219,)
self.is_all_methods=False, self.min_weight=0.0, self.max_weight=0.08
single_methods
method_type='mean_cvar_sharpe' np.sum(weights)=1.000000 active=88 weights.shape=(219,)
self.is_all_methods=False, self.min_weight=0.0, self.max_weight=0.08
single_methods
method_type='mean_cvar_sharpe' np.sum(weights)=1.000000 active=88 weights.shape=(219,)
self.is_all_methods=False, self.min_weight=0.0, self.max_weight=0.08
single_methods
method_type='mean_cvar_sharpe' np.sum(weights)=1.000000 active=219 weights.shape=(219,)
self.is_all_methods=False, self.min_weight=0.0, self.max_weight=0.08
single_methods
method_type='mean_cvar_sharpe' np.sum(weights)=1.000000 active=219 weights.shape=(219,)
self.is_all_methods=False, self.min_weight=0.0, self.max_weight=0.08
single_methods
method_type='mean_cvar_sharpe' np.sum(weights)=1.000000 active=219 weights.shape=(219,)
self.is_all_methods=False, self.min_weight=0.0, self.max_weight=0.08
single_methods
method_type='mean_cvar_sharpe' np.sum(weights)=1.000000 active=90 weights.shape=(219,)
self.is_all_methods=False, self.min_weight=0.0, self.max_weight=0.08
single_methods
method_type='mean_cvar_sharpe' np.sum(weights)=1.000000 active=90 weights.shape=(219,)
self.is_all_methods=False, self.min_weight=0.0, self.max_weight=0.08
single_methods
method_type='mean_cvar_sharpe' np.sum(weights)=1.000000 active=90 weights.shape=(219,)
self.is_all_methods=False, self.min_weight=0.0, self.max_weight=0.12
single_methods
method_type='mean_cvar_sharpe' np.sum(weights)=1.000000 active=139 weights.shape=(219,)
self.is_all_methods=False, self.min_weight=0.0, self.max_weight=0.12
single_methods
method_type='mean_cvar_sharpe' np.sum(weights)=1.000000 active=139 weights.shape=(219,)
self.is_all_methods=False, self.min_weight=0.0, self.max_weight=0.12
single_methods
method_type='mean_cvar_sharpe' np.sum(weights)=1.000000 active=139 weights.shape=(219,)
self.is_all_methods=False, self.min_weight=0.0, self.max_weight=0.12
single_methods
method_type='mean_cvar_sharpe' np.sum(weights)=1.000000 active=91 weights.shape=(219,)
self.is_all_methods=False, self.min_weight=0.0, self.max_weight=0.12
single_methods
method_type='mean_cvar_sharpe' np.sum(weights)=1.000000 active=91 weights.shape=(219,)
self.is_all_methods=False, self.min_weight=0.0, self.max_weight=0.12
single_methods
method_type='mean_cvar_sharpe' np.sum(weights)=1.000000 active=91 weights.shape=(219,)
self.is_all_methods=False, self.min_weight=0.0, self.max_weight=0.12
single_methods
method_type='mean_cvar_sharpe' np.sum(weights)=1.000000 active=216 weights.shape=(219,)
self.is_all_methods=False, self.min_weight=0.0, self.max_weight=0.12
single_methods
method_type='mean_cvar_sharpe' np.sum(weights)=1.000000 active=216 weights.shape=(219,)
self.is_all_methods=False, self.min_weight=0.0, self.max_weight=0.12
single_methods
method_type='mean_cvar_sharpe' np.sum(weights)=1.000000 active=216 weights.shape=(219,)
self.is_all_methods=False, self.min_weight=0.0, self.max_weight=0.12
single_methods
method_type='mean_cvar_sharpe' np.sum(weights)=1.000000 active=99 weights.shape=(219,)
self.is_all_methods=False, self.min_weight=0.0, self.max_weight=0.12
single_methods
method_type='mean_cvar_sharpe' np.sum(weights)=1.000000 active=99 weights.shape=(219,)
self.is_all_methods=False, self.min_weight=0.0, self.max_weight=0.12
single_methods
method_type='mean_cvar_sharpe' np.sum(weights)=1.000000 active=99 weights.shape=(219,)
1.0 2019-09-03 00:00:00 1184.2141684563574 -0.0054752469992205 5.560775448762359e-05 -0.005475246999220529
PROGRESS	2019-09-03	219	68	-0.005475246999220529	1184.2141684563574
Portfolio optimization with 7 month weight rebalancing 2019-08-01 00:00:00: : 8it [01:16, 11.06s/it]Portfolio optimization with 8 month weight rebalancing 2019-09-03 00:00:00: : 8it [01:16, 11.06s/it]self.is_all_methods=False, self.min_weight=0.0, self.max_weight=0.08
single_methods
[RC-LP] method_type='return_cvar_constraint' sum=1.0000 active=20
self.is_all_methods=False, self.min_weight=0.0, self.max_weight=0.08
single_methods
[RC-LP] method_type='return_cvar_constraint' sum=1.0000 active=18
self.is_all_methods=False, self.min_weight=0.0, self.max_weight=0.08
single_methods
[RC-LP] method_type='return_cvar_constraint' sum=1.0000 active=16
self.is_all_methods=False, self.min_weight=0.0, self.max_weight=0.08
single_methods
[RC-LP] method_type='return_cvar_constraint' sum=1.0000 active=23
self.is_all_methods=False, self.min_weight=0.0, self.max_weight=0.08
single_methods
[RC-LP] method_type='return_cvar_constraint' sum=1.0000 active=19
self.is_all_methods=False, self.min_weight=0.0, self.max_weight=0.08
single_methods
[RC-LP] method_type='return_cvar_constraint' sum=1.0000 active=17
self.is_all_methods=False, self.min_weight=0.0, self.max_weight=0.08
single_methods
[RC-LP] method_type='return_cvar_constraint' sum=1.0000 active=31
self.is_all_methods=False, self.min_weight=0.0, self.max_weight=0.08
single_methods
[RC-LP] method_type='return_cvar_constraint' sum=1.0000 active=28
self.is_all_methods=False, self.min_weight=0.0, self.max_weight=0.08
single_methods
[RC-LP] method_type='return_cvar_constraint' sum=1.0000 active=23
self.is_all_methods=False, self.min_weight=0.0, self.max_weight=0.08
single_methods
[RC-LP] method_type='return_cvar_constraint' sum=1.0000 active=37
self.is_all_methods=False, self.min_weight=0.0, self.max_weight=0.08
single_methods
[RC-LP] method_type='return_cvar_constraint' sum=1.0000 active=32
self.is_all_methods=False, self.min_weight=0.0, self.max_weight=0.08
single_methods
[RC-LP] method_type='return_cvar_constraint' sum=1.0000 active=24
self.is_all_methods=False, self.min_weight=0.0, self.max_weight=0.12
single_methods
[RC-LP] method_type='return_cvar_constraint' sum=1.0000 active=18
self.is_all_methods=False, self.min_weight=0.0, self.max_weight=0.12
single_methods
[RC-LP] method_type='return_cvar_constraint' sum=1.0000 active=14
self.is_all_methods=False, self.min_weight=0.0, self.max_weight=0.12
single_methods
[RC-LP] method_type='return_cvar_constraint' sum=1.0000 active=14
self.is_all_methods=False, self.min_weight=0.0, self.max_weight=0.12
single_methods
[RC-LP] method_type='return_cvar_constraint' sum=1.0000 active=22
self.is_all_methods=False, self.min_weight=0.0, self.max_weight=0.12
single_methods
[RC-LP] method_type='return_cvar_constraint' sum=1.0000 active=15
self.is_all_methods=False, self.min_weight=0.0, self.max_weight=0.12
single_methods
[RC-LP] method_type='return_cvar_constraint' sum=1.0000 active=15
self.is_all_methods=False, self.min_weight=0.0, self.max_weight=0.12
single_methods
[RC-LP] method_type='return_cvar_constraint' sum=1.0000 active=33
self.is_all_methods=False, self.min_weight=0.0, self.max_weight=0.12
single_methods
[RC-LP] method_type='return_cvar_constraint' sum=1.0000 active=24
self.is_all_methods=False, self.min_weight=0.0, self.max_weight=0.12
single_methods
[RC-LP] method_type='return_cvar_constraint' sum=1.0000 active=21
self.is_all_methods=False, self.min_weight=0.0, self.max_weight=0.12
single_methods
[RC-LP] method_type='return_cvar_constraint' sum=1.0000 active=35
self.is_all_methods=False, self.min_weight=0.0, self.max_weight=0.12
single_methods
[RC-LP] method_type='return_cvar_constraint' sum=1.0000 active=27
self.is_all_methods=False, self.min_weight=0.0, self.max_weight=0.12
single_methods
[RC-LP] method_type='return_cvar_constraint' sum=1.0000 active=20
self.is_all_methods=False, self.min_weight=0.0, self.max_weight=0.08
single_methods
method_type='mean_cvar_sharpe' np.sum(weights)=1.000000 active=100 weights.shape=(221,)
self.is_all_methods=False, self.min_weight=0.0, self.max_weight=0.08
single_methods
method_type='mean_cvar_sharpe' np.sum(weights)=1.000000 active=100 weights.shape=(221,)
self.is_all_methods=False, self.min_weight=0.0, self.max_weight=0.08
single_methods
method_type='mean_cvar_sharpe' np.sum(weights)=1.000000 active=100 weights.shape=(221,)
self.is_all_methods=False, self.min_weight=0.0, self.max_weight=0.08
single_methods
method_type='mean_cvar_sharpe' np.sum(weights)=1.000000 active=103 weights.shape=(221,)
self.is_all_methods=False, self.min_weight=0.0, self.max_weight=0.08
single_methods
method_type='mean_cvar_sharpe' np.sum(weights)=1.000000 active=103 weights.shape=(221,)
self.is_all_methods=False, self.min_weight=0.0, self.max_weight=0.08
single_methods
method_type='mean_cvar_sharpe' np.sum(weights)=1.000000 active=103 weights.shape=(221,)
self.is_all_methods=False, self.min_weight=0.0, self.max_weight=0.08
single_methods
method_type='mean_cvar_sharpe' np.sum(weights)=1.000000 active=221 weights.shape=(221,)
self.is_all_methods=False, self.min_weight=0.0, self.max_weight=0.08
single_methods
method_type='mean_cvar_sharpe' np.sum(weights)=1.000000 active=221 weights.shape=(221,)
self.is_all_methods=False, self.min_weight=0.0, self.max_weight=0.08
single_methods
method_type='mean_cvar_sharpe' np.sum(weights)=1.000000 active=221 weights.shape=(221,)
self.is_all_methods=False, self.min_weight=0.0, self.max_weight=0.08
single_methods
method_type='mean_cvar_sharpe' np.sum(weights)=1.000000 active=139 weights.shape=(221,)
self.is_all_methods=False, self.min_weight=0.0, self.max_weight=0.08
single_methods
method_type='mean_cvar_sharpe' np.sum(weights)=1.000000 active=139 weights.shape=(221,)
self.is_all_methods=False, self.min_weight=0.0, self.max_weight=0.08
single_methods
method_type='mean_cvar_sharpe' np.sum(weights)=1.000000 active=139 weights.shape=(221,)
self.is_all_methods=False, self.min_weight=0.0, self.max_weight=0.12
single_methods
method_type='mean_cvar_sharpe' np.sum(weights)=1.000000 active=221 weights.shape=(221,)
self.is_all_methods=False, self.min_weight=0.0, self.max_weight=0.12
single_methods
method_type='mean_cvar_sharpe' np.sum(weights)=1.000000 active=221 weights.shape=(221,)
self.is_all_methods=False, self.min_weight=0.0, self.max_weight=0.12
single_methods
method_type='mean_cvar_sharpe' np.sum(weights)=1.000000 active=221 weights.shape=(221,)
self.is_all_methods=False, self.min_weight=0.0, self.max_weight=0.12
single_methods
method_type='mean_cvar_sharpe' np.sum(weights)=1.000000 active=122 weights.shape=(221,)
self.is_all_methods=False, self.min_weight=0.0, self.max_weight=0.12
single_methods
method_type='mean_cvar_sharpe' np.sum(weights)=1.000000 active=122 weights.shape=(221,)
self.is_all_methods=False, self.min_weight=0.0, self.max_weight=0.12
single_methods
method_type='mean_cvar_sharpe' np.sum(weights)=1.000000 active=122 weights.shape=(221,)
self.is_all_methods=False, self.min_weight=0.0, self.max_weight=0.12
single_methods
method_type='mean_cvar_sharpe' np.sum(weights)=1.000000 active=221 weights.shape=(221,)
self.is_all_methods=False, self.min_weight=0.0, self.max_weight=0.12
single_methods
method_type='mean_cvar_sharpe' np.sum(weights)=1.000000 active=221 weights.shape=(221,)
self.is_all_methods=False, self.min_weight=0.0, self.max_weight=0.12
single_methods
method_type='mean_cvar_sharpe' np.sum(weights)=1.000000 active=221 weights.shape=(221,)
self.is_all_methods=False, self.min_weight=0.0, self.max_weight=0.12
single_methods
method_type='mean_cvar_sharpe' np.sum(weights)=1.000000 active=115 weights.shape=(221,)
self.is_all_methods=False, self.min_weight=0.0, self.max_weight=0.12
single_methods
method_type='mean_cvar_sharpe' np.sum(weights)=1.000000 active=115 weights.shape=(221,)
self.is_all_methods=False, self.min_weight=0.0, self.max_weight=0.12
single_methods
method_type='mean_cvar_sharpe' np.sum(weights)=1.000000 active=115 weights.shape=(221,)
0.25 2019-10-01 00:00:00 1199.8262332860504 0.013183480864819928 4.0236156126894364e-05 0.013183480864819908
PROGRESS	2019-10-01	221	68	0.013183480864819908	1199.8262332860504
Portfolio optimization with 8 month weight rebalancing 2019-09-03 00:00:00: : 9it [01:28, 11.29s/it]Portfolio optimization with 9 month weight rebalancing 2019-10-01 00:00:00: : 9it [01:28, 11.29s/it]self.is_all_methods=False, self.min_weight=0.0, self.max_weight=0.08
single_methods
[RC-LP] method_type='return_cvar_constraint' sum=1.0000 active=25
self.is_all_methods=False, self.min_weight=0.0, self.max_weight=0.08
single_methods
[RC-LP] method_type='return_cvar_constraint' sum=1.0000 active=25
self.is_all_methods=False, self.min_weight=0.0, self.max_weight=0.08
single_methods
[RC-LP] method_type='return_cvar_constraint' sum=1.0000 active=22
self.is_all_methods=False, self.min_weight=0.0, self.max_weight=0.08
single_methods
[RC-LP] method_type='return_cvar_constraint' sum=1.0000 active=27
self.is_all_methods=False, self.min_weight=0.0, self.max_weight=0.08
single_methods
[RC-LP] method_type='return_cvar_constraint' sum=1.0000 active=24
self.is_all_methods=False, self.min_weight=0.0, self.max_weight=0.08
single_methods
[RC-LP] method_type='return_cvar_constraint' sum=1.0000 active=21
self.is_all_methods=False, self.min_weight=0.0, self.max_weight=0.08
single_methods
[RC-LP] method_type='return_cvar_constraint' sum=1.0000 active=40
self.is_all_methods=False, self.min_weight=0.0, self.max_weight=0.08
single_methods
[RC-LP] method_type='return_cvar_constraint' sum=1.0000 active=35
self.is_all_methods=False, self.min_weight=0.0, self.max_weight=0.08
single_methods
[RC-LP] method_type='return_cvar_constraint' sum=1.0000 active=32
self.is_all_methods=False, self.min_weight=0.0, self.max_weight=0.08
single_methods
[RC-LP] method_type='return_cvar_constraint' sum=1.0000 active=40
self.is_all_methods=False, self.min_weight=0.0, self.max_weight=0.08
single_methods
[RC-LP] method_type='return_cvar_constraint' sum=1.0000 active=36
self.is_all_methods=False, self.min_weight=0.0, self.max_weight=0.08
single_methods
[RC-LP] method_type='return_cvar_constraint' sum=1.0000 active=36
self.is_all_methods=False, self.min_weight=0.0, self.max_weight=0.12
single_methods
[RC-LP] method_type='return_cvar_constraint' sum=1.0000 active=21
self.is_all_methods=False, self.min_weight=0.0, self.max_weight=0.12
single_methods
[RC-LP] method_type='return_cvar_constraint' sum=1.0000 active=19
self.is_all_methods=False, self.min_weight=0.0, self.max_weight=0.12
single_methods
[RC-LP] method_type='return_cvar_constraint' sum=1.0000 active=13
self.is_all_methods=False, self.min_weight=0.0, self.max_weight=0.12
single_methods
[RC-LP] method_type='return_cvar_constraint' sum=1.0000 active=21
self.is_all_methods=False, self.min_weight=0.0, self.max_weight=0.12
single_methods
[RC-LP] method_type='return_cvar_constraint' sum=1.0000 active=18
self.is_all_methods=False, self.min_weight=0.0, self.max_weight=0.12
single_methods
[RC-LP] method_type='return_cvar_constraint' sum=1.0000 active=18
self.is_all_methods=False, self.min_weight=0.0, self.max_weight=0.12
single_methods
[RC-LP] method_type='return_cvar_constraint' sum=1.0000 active=31
self.is_all_methods=False, self.min_weight=0.0, self.max_weight=0.12
single_methods
[RC-LP] method_type='return_cvar_constraint' sum=1.0000 active=24
self.is_all_methods=False, self.min_weight=0.0, self.max_weight=0.12
single_methods
[RC-LP] method_type='return_cvar_constraint' sum=1.0000 active=26
self.is_all_methods=False, self.min_weight=0.0, self.max_weight=0.12
single_methods
[RC-LP] method_type='return_cvar_constraint' sum=1.0000 active=29
self.is_all_methods=False, self.min_weight=0.0, self.max_weight=0.12
single_methods
[RC-LP] method_type='return_cvar_constraint' sum=1.0000 active=28
self.is_all_methods=False, self.min_weight=0.0, self.max_weight=0.12
single_methods
[RC-LP] method_type='return_cvar_constraint' sum=1.0000 active=25
self.is_all_methods=False, self.min_weight=0.0, self.max_weight=0.08
single_methods
method_type='mean_cvar_sharpe' np.sum(weights)=1.000000 active=219 weights.shape=(222,)
self.is_all_methods=False, self.min_weight=0.0, self.max_weight=0.08
single_methods
method_type='mean_cvar_sharpe' np.sum(weights)=1.000000 active=219 weights.shape=(222,)
self.is_all_methods=False, self.min_weight=0.0, self.max_weight=0.08
single_methods
method_type='mean_cvar_sharpe' np.sum(weights)=1.000000 active=219 weights.shape=(222,)
self.is_all_methods=False, self.min_weight=0.0, self.max_weight=0.08
single_methods
method_type='mean_cvar_sharpe' np.sum(weights)=1.000000 active=222 weights.shape=(222,)
self.is_all_methods=False, self.min_weight=0.0, self.max_weight=0.08
single_methods
method_type='mean_cvar_sharpe' np.sum(weights)=1.000000 active=222 weights.shape=(222,)
self.is_all_methods=False, self.min_weight=0.0, self.max_weight=0.08
single_methods
method_type='mean_cvar_sharpe' np.sum(weights)=1.000000 active=222 weights.shape=(222,)
self.is_all_methods=False, self.min_weight=0.0, self.max_weight=0.08
single_methods
method_type='mean_cvar_sharpe' np.sum(weights)=1.000000 active=221 weights.shape=(222,)
self.is_all_methods=False, self.min_weight=0.0, self.max_weight=0.08
single_methods
method_type='mean_cvar_sharpe' np.sum(weights)=1.000000 active=221 weights.shape=(222,)
self.is_all_methods=False, self.min_weight=0.0, self.max_weight=0.08
single_methods
method_type='mean_cvar_sharpe' np.sum(weights)=1.000000 active=221 weights.shape=(222,)
self.is_all_methods=False, self.min_weight=0.0, self.max_weight=0.08
single_methods
method_type='mean_cvar_sharpe' np.sum(weights)=1.000000 active=222 weights.shape=(222,)
self.is_all_methods=False, self.min_weight=0.0, self.max_weight=0.08
single_methods
method_type='mean_cvar_sharpe' np.sum(weights)=1.000000 active=222 weights.shape=(222,)
self.is_all_methods=False, self.min_weight=0.0, self.max_weight=0.08
single_methods
method_type='mean_cvar_sharpe' np.sum(weights)=1.000000 active=222 weights.shape=(222,)
self.is_all_methods=False, self.min_weight=0.0, self.max_weight=0.12
single_methods
method_type='mean_cvar_sharpe' np.sum(weights)=1.000000 active=221 weights.shape=(222,)
self.is_all_methods=False, self.min_weight=0.0, self.max_weight=0.12
single_methods
method_type='mean_cvar_sharpe' np.sum(weights)=1.000000 active=221 weights.shape=(222,)
self.is_all_methods=False, self.min_weight=0.0, self.max_weight=0.12
single_methods
method_type='mean_cvar_sharpe' np.sum(weights)=1.000000 active=221 weights.shape=(222,)
self.is_all_methods=False, self.min_weight=0.0, self.max_weight=0.12
single_methods
method_type='mean_cvar_sharpe' np.sum(weights)=1.000000 active=116 weights.shape=(222,)
self.is_all_methods=False, self.min_weight=0.0, self.max_weight=0.12
single_methods
method_type='mean_cvar_sharpe' np.sum(weights)=1.000000 active=116 weights.shape=(222,)
self.is_all_methods=False, self.min_weight=0.0, self.max_weight=0.12
single_methods
method_type='mean_cvar_sharpe' np.sum(weights)=1.000000 active=116 weights.shape=(222,)
self.is_all_methods=False, self.min_weight=0.0, self.max_weight=0.12
single_methods
method_type='mean_cvar_sharpe' np.sum(weights)=1.000000 active=220 weights.shape=(222,)
self.is_all_methods=False, self.min_weight=0.0, self.max_weight=0.12
single_methods
method_type='mean_cvar_sharpe' np.sum(weights)=1.000000 active=220 weights.shape=(222,)
self.is_all_methods=False, self.min_weight=0.0, self.max_weight=0.12
single_methods
method_type='mean_cvar_sharpe' np.sum(weights)=1.000000 active=220 weights.shape=(222,)
self.is_all_methods=False, self.min_weight=0.0, self.max_weight=0.12
single_methods
method_type='mean_cvar_sharpe' np.sum(weights)=1.000000 active=222 weights.shape=(222,)
self.is_all_methods=False, self.min_weight=0.0, self.max_weight=0.12
single_methods
method_type='mean_cvar_sharpe' np.sum(weights)=1.000000 active=222 weights.shape=(222,)
self.is_all_methods=False, self.min_weight=0.0, self.max_weight=0.12
single_methods
method_type='mean_cvar_sharpe' np.sum(weights)=1.000000 active=222 weights.shape=(222,)
0.5 2019-11-01 00:00:00 1219.6174999614766 0.01649511081385714 4.5499938569046395e-05 0.016495110813857128
PROGRESS	2019-11-01	222	68	0.016495110813857128	1219.6174999614766
Portfolio optimization with 9 month weight rebalancing 2019-10-01 00:00:00: : 10it [01:41, 11.76s/it]Portfolio optimization with 10 month weight rebalancing 2019-11-01 00:00:00: : 10it [01:41, 11.76s/it]self.is_all_methods=False, self.min_weight=0.0, self.max_weight=0.08
single_methods
[RC-LP] method_type='return_cvar_constraint' sum=1.0000 active=20
self.is_all_methods=False, self.min_weight=0.0, self.max_weight=0.08
single_methods
[RC-LP] method_type='return_cvar_constraint' sum=1.0000 active=22
self.is_all_methods=False, self.min_weight=0.0, self.max_weight=0.08
single_methods
[RC-LP] method_type='return_cvar_constraint' sum=1.0000 active=21
self.is_all_methods=False, self.min_weight=0.0, self.max_weight=0.08
single_methods
[RC-LP] method_type='return_cvar_constraint' sum=1.0000 active=23
self.is_all_methods=False, self.min_weight=0.0, self.max_weight=0.08
single_methods
[RC-LP] method_type='return_cvar_constraint' sum=1.0000 active=22
self.is_all_methods=False, self.min_weight=0.0, self.max_weight=0.08
single_methods
[RC-LP] method_type='return_cvar_constraint' sum=1.0000 active=25
self.is_all_methods=False, self.min_weight=0.0, self.max_weight=0.08
single_methods
[RC-LP] method_type='return_cvar_constraint' sum=1.0000 active=35
self.is_all_methods=False, self.min_weight=0.0, self.max_weight=0.08
single_methods
[RC-LP] method_type='return_cvar_constraint' sum=1.0000 active=33
self.is_all_methods=False, self.min_weight=0.0, self.max_weight=0.08
single_methods
[RC-LP] method_type='return_cvar_constraint' sum=1.0000 active=34
self.is_all_methods=False, self.min_weight=0.0, self.max_weight=0.08
single_methods
[RC-LP] method_type='return_cvar_constraint' sum=1.0000 active=34
self.is_all_methods=False, self.min_weight=0.0, self.max_weight=0.08
single_methods
[RC-LP] method_type='return_cvar_constraint' sum=1.0000 active=33
self.is_all_methods=False, self.min_weight=0.0, self.max_weight=0.08
single_methods
[RC-LP] method_type='return_cvar_constraint' sum=1.0000 active=35
self.is_all_methods=False, self.min_weight=0.0, self.max_weight=0.12
single_methods
[RC-LP] method_type='return_cvar_constraint' sum=1.0000 active=16
self.is_all_methods=False, self.min_weight=0.0, self.max_weight=0.12
single_methods
[RC-LP] method_type='return_cvar_constraint' sum=1.0000 active=17
self.is_all_methods=False, self.min_weight=0.0, self.max_weight=0.12
single_methods
[RC-LP] method_type='return_cvar_constraint' sum=1.0000 active=18
self.is_all_methods=False, self.min_weight=0.0, self.max_weight=0.12
single_methods
[RC-LP] method_type='return_cvar_constraint' sum=1.0000 active=17
self.is_all_methods=False, self.min_weight=0.0, self.max_weight=0.12
single_methods
[RC-LP] method_type='return_cvar_constraint' sum=1.0000 active=16
self.is_all_methods=False, self.min_weight=0.0, self.max_weight=0.12
single_methods
[RC-LP] method_type='return_cvar_constraint' sum=1.0000 active=19
self.is_all_methods=False, self.min_weight=0.0, self.max_weight=0.12
single_methods
[RC-LP] method_type='return_cvar_constraint' sum=1.0000 active=27
self.is_all_methods=False, self.min_weight=0.0, self.max_weight=0.12
single_methods
[RC-LP] method_type='return_cvar_constraint' sum=1.0000 active=28
self.is_all_methods=False, self.min_weight=0.0, self.max_weight=0.12
single_methods
[RC-LP] method_type='return_cvar_constraint' sum=1.0000 active=26
self.is_all_methods=False, self.min_weight=0.0, self.max_weight=0.12
single_methods
[RC-LP] method_type='return_cvar_constraint' sum=1.0000 active=28
self.is_all_methods=False, self.min_weight=0.0, self.max_weight=0.12
single_methods
[RC-LP] method_type='return_cvar_constraint' sum=1.0000 active=28
self.is_all_methods=False, self.min_weight=0.0, self.max_weight=0.12
single_methods
[RC-LP] method_type='return_cvar_constraint' sum=1.0000 active=27
self.is_all_methods=False, self.min_weight=0.0, self.max_weight=0.08
single_methods
method_type='mean_cvar_sharpe' np.sum(weights)=1.000000 active=222 weights.shape=(222,)
self.is_all_methods=False, self.min_weight=0.0, self.max_weight=0.08
single_methods
method_type='mean_cvar_sharpe' np.sum(weights)=1.000000 active=222 weights.shape=(222,)
self.is_all_methods=False, self.min_weight=0.0, self.max_weight=0.08
single_methods
method_type='mean_cvar_sharpe' np.sum(weights)=1.000000 active=222 weights.shape=(222,)
self.is_all_methods=False, self.min_weight=0.0, self.max_weight=0.08
single_methods
method_type='mean_cvar_sharpe' np.sum(weights)=1.000000 active=104 weights.shape=(222,)
self.is_all_methods=False, self.min_weight=0.0, self.max_weight=0.08
single_methods
method_type='mean_cvar_sharpe' np.sum(weights)=1.000000 active=104 weights.shape=(222,)
self.is_all_methods=False, self.min_weight=0.0, self.max_weight=0.08
single_methods
method_type='mean_cvar_sharpe' np.sum(weights)=1.000000 active=104 weights.shape=(222,)
self.is_all_methods=False, self.min_weight=0.0, self.max_weight=0.08
single_methods
method_type='mean_cvar_sharpe' np.sum(weights)=1.000000 active=222 weights.shape=(222,)
self.is_all_methods=False, self.min_weight=0.0, self.max_weight=0.08
single_methods
method_type='mean_cvar_sharpe' np.sum(weights)=1.000000 active=222 weights.shape=(222,)
self.is_all_methods=False, self.min_weight=0.0, self.max_weight=0.08
single_methods
method_type='mean_cvar_sharpe' np.sum(weights)=1.000000 active=222 weights.shape=(222,)
self.is_all_methods=False, self.min_weight=0.0, self.max_weight=0.08
single_methods
method_type='mean_cvar_sharpe' np.sum(weights)=1.000000 active=222 weights.shape=(222,)
self.is_all_methods=False, self.min_weight=0.0, self.max_weight=0.08
single_methods
method_type='mean_cvar_sharpe' np.sum(weights)=1.000000 active=222 weights.shape=(222,)
self.is_all_methods=False, self.min_weight=0.0, self.max_weight=0.08
single_methods
method_type='mean_cvar_sharpe' np.sum(weights)=1.000000 active=222 weights.shape=(222,)
self.is_all_methods=False, self.min_weight=0.0, self.max_weight=0.12
single_methods
method_type='mean_cvar_sharpe' np.sum(weights)=1.000000 active=132 weights.shape=(222,)
self.is_all_methods=False, self.min_weight=0.0, self.max_weight=0.12
single_methods
method_type='mean_cvar_sharpe' np.sum(weights)=1.000000 active=132 weights.shape=(222,)
self.is_all_methods=False, self.min_weight=0.0, self.max_weight=0.12
single_methods
method_type='mean_cvar_sharpe' np.sum(weights)=1.000000 active=132 weights.shape=(222,)
self.is_all_methods=False, self.min_weight=0.0, self.max_weight=0.12
single_methods
method_type='mean_cvar_sharpe' np.sum(weights)=1.000000 active=222 weights.shape=(222,)
self.is_all_methods=False, self.min_weight=0.0, self.max_weight=0.12
single_methods
method_type='mean_cvar_sharpe' np.sum(weights)=1.000000 active=222 weights.shape=(222,)
self.is_all_methods=False, self.min_weight=0.0, self.max_weight=0.12
single_methods
method_type='mean_cvar_sharpe' np.sum(weights)=1.000000 active=222 weights.shape=(222,)
self.is_all_methods=False, self.min_weight=0.0, self.max_weight=0.12
single_methods
method_type='mean_cvar_sharpe' np.sum(weights)=1.000000 active=222 weights.shape=(222,)
self.is_all_methods=False, self.min_weight=0.0, self.max_weight=0.12
single_methods
method_type='mean_cvar_sharpe' np.sum(weights)=1.000000 active=222 weights.shape=(222,)
self.is_all_methods=False, self.min_weight=0.0, self.max_weight=0.12
single_methods
method_type='mean_cvar_sharpe' np.sum(weights)=1.000000 active=222 weights.shape=(222,)
self.is_all_methods=False, self.min_weight=0.0, self.max_weight=0.12
single_methods
method_type='mean_cvar_sharpe' np.sum(weights)=1.000000 active=110 weights.shape=(222,)
self.is_all_methods=False, self.min_weight=0.0, self.max_weight=0.12
single_methods
method_type='mean_cvar_sharpe' np.sum(weights)=1.000000 active=110 weights.shape=(222,)
self.is_all_methods=False, self.min_weight=0.0, self.max_weight=0.12
single_methods
method_type='mean_cvar_sharpe' np.sum(weights)=1.000000 active=110 weights.shape=(222,)
1.0 2019-12-02 00:00:00 1255.2928162780543 0.029251233536501872 7.310640715548046e-05 0.02925123353650183
PROGRESS	2019-12-02	222	68	0.02925123353650183	1255.2928162780543
Portfolio optimization with 10 month weight rebalancing 2019-11-01 00:00:00: : 11it [01:55, 12.55s/it]Portfolio optimization with 11 month weight rebalancing 2019-12-02 00:00:00: : 11it [01:55, 12.55s/it]self.is_all_methods=False, self.min_weight=0.0, self.max_weight=0.08
single_methods
[RC-LP] method_type='return_cvar_constraint' sum=1.0000 active=21
self.is_all_methods=False, self.min_weight=0.0, self.max_weight=0.08
single_methods
[RC-LP] method_type='return_cvar_constraint' sum=1.0000 active=19
self.is_all_methods=False, self.min_weight=0.0, self.max_weight=0.08
single_methods
[RC-LP] method_type='return_cvar_constraint' sum=1.0000 active=19
self.is_all_methods=False, self.min_weight=0.0, self.max_weight=0.08
single_methods
[RC-LP] method_type='return_cvar_constraint' sum=1.0000 active=22
self.is_all_methods=False, self.min_weight=0.0, self.max_weight=0.08
single_methods
[RC-LP] method_type='return_cvar_constraint' sum=1.0000 active=20
self.is_all_methods=False, self.min_weight=0.0, self.max_weight=0.08
single_methods
[RC-LP] method_type='return_cvar_constraint' sum=1.0000 active=18
self.is_all_methods=False, self.min_weight=0.0, self.max_weight=0.08
single_methods
[RC-LP] method_type='return_cvar_constraint' sum=1.0000 active=31
self.is_all_methods=False, self.min_weight=0.0, self.max_weight=0.08
single_methods
[RC-LP] method_type='return_cvar_constraint' sum=1.0000 active=27
self.is_all_methods=False, self.min_weight=0.0, self.max_weight=0.08
single_methods
[RC-LP] method_type='return_cvar_constraint' sum=1.0000 active=29
self.is_all_methods=False, self.min_weight=0.0, self.max_weight=0.08
single_methods
[RC-LP] method_type='return_cvar_constraint' sum=1.0000 active=33
self.is_all_methods=False, self.min_weight=0.0, self.max_weight=0.08
single_methods
[RC-LP] method_type='return_cvar_constraint' sum=1.0000 active=27
self.is_all_methods=False, self.min_weight=0.0, self.max_weight=0.08
single_methods
[RC-LP] method_type='return_cvar_constraint' sum=1.0000 active=28
self.is_all_methods=False, self.min_weight=0.0, self.max_weight=0.12
single_methods
[RC-LP] method_type='return_cvar_constraint' sum=1.0000 active=18
self.is_all_methods=False, self.min_weight=0.0, self.max_weight=0.12
single_methods
[RC-LP] method_type='return_cvar_constraint' sum=1.0000 active=13
self.is_all_methods=False, self.min_weight=0.0, self.max_weight=0.12
single_methods
[RC-LP] method_type='return_cvar_constraint' sum=1.0000 active=12
self.is_all_methods=False, self.min_weight=0.0, self.max_weight=0.12
single_methods
[RC-LP] method_type='return_cvar_constraint' sum=1.0000 active=18
self.is_all_methods=False, self.min_weight=0.0, self.max_weight=0.12
single_methods
[RC-LP] method_type='return_cvar_constraint' sum=1.0000 active=16
self.is_all_methods=False, self.min_weight=0.0, self.max_weight=0.12
single_methods
[RC-LP] method_type='return_cvar_constraint' sum=1.0000 active=13
self.is_all_methods=False, self.min_weight=0.0, self.max_weight=0.12
single_methods
[RC-LP] method_type='return_cvar_constraint' sum=1.0000 active=19
self.is_all_methods=False, self.min_weight=0.0, self.max_weight=0.12
single_methods
[RC-LP] method_type='return_cvar_constraint' sum=1.0000 active=22
self.is_all_methods=False, self.min_weight=0.0, self.max_weight=0.12
single_methods
[RC-LP] method_type='return_cvar_constraint' sum=1.0000 active=21
self.is_all_methods=False, self.min_weight=0.0, self.max_weight=0.12
single_methods
[RC-LP] method_type='return_cvar_constraint' sum=1.0000 active=22
self.is_all_methods=False, self.min_weight=0.0, self.max_weight=0.12
single_methods
[RC-LP] method_type='return_cvar_constraint' sum=1.0000 active=20
self.is_all_methods=False, self.min_weight=0.0, self.max_weight=0.12
single_methods
[RC-LP] method_type='return_cvar_constraint' sum=1.0000 active=22
self.is_all_methods=False, self.min_weight=0.0, self.max_weight=0.08
single_methods
method_type='mean_cvar_sharpe' np.sum(weights)=1.000000 active=223 weights.shape=(223,)
self.is_all_methods=False, self.min_weight=0.0, self.max_weight=0.08
single_methods
method_type='mean_cvar_sharpe' np.sum(weights)=1.000000 active=223 weights.shape=(223,)
self.is_all_methods=False, self.min_weight=0.0, self.max_weight=0.08
single_methods
method_type='mean_cvar_sharpe' np.sum(weights)=1.000000 active=223 weights.shape=(223,)
self.is_all_methods=False, self.min_weight=0.0, self.max_weight=0.08
single_methods
method_type='mean_cvar_sharpe' np.sum(weights)=1.000000 active=111 weights.shape=(223,)
self.is_all_methods=False, self.min_weight=0.0, self.max_weight=0.08
single_methods
method_type='mean_cvar_sharpe' np.sum(weights)=1.000000 active=111 weights.shape=(223,)
self.is_all_methods=False, self.min_weight=0.0, self.max_weight=0.08
single_methods
method_type='mean_cvar_sharpe' np.sum(weights)=1.000000 active=111 weights.shape=(223,)
self.is_all_methods=False, self.min_weight=0.0, self.max_weight=0.08
single_methods
method_type='mean_cvar_sharpe' np.sum(weights)=1.000000 active=223 weights.shape=(223,)
self.is_all_methods=False, self.min_weight=0.0, self.max_weight=0.08
single_methods
method_type='mean_cvar_sharpe' np.sum(weights)=1.000000 active=223 weights.shape=(223,)
self.is_all_methods=False, self.min_weight=0.0, self.max_weight=0.08
single_methods
method_type='mean_cvar_sharpe' np.sum(weights)=1.000000 active=223 weights.shape=(223,)
self.is_all_methods=False, self.min_weight=0.0, self.max_weight=0.08
single_methods
method_type='mean_cvar_sharpe' np.sum(weights)=1.000000 active=139 weights.shape=(223,)
self.is_all_methods=False, self.min_weight=0.0, self.max_weight=0.08
single_methods
method_type='mean_cvar_sharpe' np.sum(weights)=1.000000 active=139 weights.shape=(223,)
self.is_all_methods=False, self.min_weight=0.0, self.max_weight=0.08
single_methods
method_type='mean_cvar_sharpe' np.sum(weights)=1.000000 active=139 weights.shape=(223,)
self.is_all_methods=False, self.min_weight=0.0, self.max_weight=0.12
single_methods
method_type='mean_cvar_sharpe' np.sum(weights)=1.000000 active=128 weights.shape=(223,)
self.is_all_methods=False, self.min_weight=0.0, self.max_weight=0.12
single_methods
method_type='mean_cvar_sharpe' np.sum(weights)=1.000000 active=128 weights.shape=(223,)
self.is_all_methods=False, self.min_weight=0.0, self.max_weight=0.12
single_methods
method_type='mean_cvar_sharpe' np.sum(weights)=1.000000 active=128 weights.shape=(223,)
self.is_all_methods=False, self.min_weight=0.0, self.max_weight=0.12
single_methods
method_type='mean_cvar_sharpe' np.sum(weights)=1.000000 active=222 weights.shape=(223,)
self.is_all_methods=False, self.min_weight=0.0, self.max_weight=0.12
single_methods
method_type='mean_cvar_sharpe' np.sum(weights)=1.000000 active=222 weights.shape=(223,)
self.is_all_methods=False, self.min_weight=0.0, self.max_weight=0.12
single_methods
method_type='mean_cvar_sharpe' np.sum(weights)=1.000000 active=222 weights.shape=(223,)
self.is_all_methods=False, self.min_weight=0.0, self.max_weight=0.12
single_methods
method_type='mean_cvar_sharpe' np.sum(weights)=1.000000 active=223 weights.shape=(223,)
self.is_all_methods=False, self.min_weight=0.0, self.max_weight=0.12
single_methods
method_type='mean_cvar_sharpe' np.sum(weights)=1.000000 active=223 weights.shape=(223,)
self.is_all_methods=False, self.min_weight=0.0, self.max_weight=0.12
single_methods
method_type='mean_cvar_sharpe' np.sum(weights)=1.000000 active=223 weights.shape=(223,)
self.is_all_methods=False, self.min_weight=0.0, self.max_weight=0.12
single_methods
method_type='mean_cvar_sharpe' np.sum(weights)=1.000000 active=222 weights.shape=(223,)
self.is_all_methods=False, self.min_weight=0.0, self.max_weight=0.12
single_methods
method_type='mean_cvar_sharpe' np.sum(weights)=1.000000 active=222 weights.shape=(223,)
self.is_all_methods=False, self.min_weight=0.0, self.max_weight=0.12
single_methods
method_type='mean_cvar_sharpe' np.sum(weights)=1.000000 active=222 weights.shape=(223,)
1.0 2020-01-02 00:00:00 1293.32295980117 0.030295834589315496 8.031980518475753e-05 0.030295834589315396
PROGRESS	2020-01-02	223	68	0.030295834589315396	1293.32295980117
Portfolio optimization with 11 month weight rebalancing 2019-12-02 00:00:00: : 12it [02:08, 12.55s/it]Portfolio optimization with 12 month weight rebalancing 2020-01-02 00:00:00: : 12it [02:08, 12.55s/it]self.is_all_methods=False, self.min_weight=0.0, self.max_weight=0.08
single_methods
[RC-LP] method_type='return_cvar_constraint' sum=1.0000 active=15
self.is_all_methods=False, self.min_weight=0.0, self.max_weight=0.08
single_methods
[RC-LP] method_type='return_cvar_constraint' sum=1.0000 active=15
self.is_all_methods=False, self.min_weight=0.0, self.max_weight=0.08
single_methods
[RC-LP] method_type='return_cvar_constraint' sum=1.0000 active=15
self.is_all_methods=False, self.min_weight=0.0, self.max_weight=0.08
single_methods
[RC-LP] method_type='return_cvar_constraint' sum=1.0000 active=17
self.is_all_methods=False, self.min_weight=0.0, self.max_weight=0.08
single_methods
[RC-LP] method_type='return_cvar_constraint' sum=1.0000 active=15
self.is_all_methods=False, self.min_weight=0.0, self.max_weight=0.08
single_methods
[RC-LP] method_type='return_cvar_constraint' sum=1.0000 active=16
self.is_all_methods=False, self.min_weight=0.0, self.max_weight=0.08
single_methods
[RC-LP] method_type='return_cvar_constraint' sum=1.0000 active=30
self.is_all_methods=False, self.min_weight=0.0, self.max_weight=0.08
single_methods
[RC-LP] method_type='return_cvar_constraint' sum=1.0000 active=29
self.is_all_methods=False, self.min_weight=0.0, self.max_weight=0.08
single_methods
[RC-LP] method_type='return_cvar_constraint' sum=1.0000 active=22
self.is_all_methods=False, self.min_weight=0.0, self.max_weight=0.08
single_methods
[RC-LP] method_type='return_cvar_constraint' sum=1.0000 active=31
self.is_all_methods=False, self.min_weight=0.0, self.max_weight=0.08
single_methods
[RC-LP] method_type='return_cvar_constraint' sum=1.0000 active=30
self.is_all_methods=False, self.min_weight=0.0, self.max_weight=0.08
single_methods
[RC-LP] method_type='return_cvar_constraint' sum=1.0000 active=24
self.is_all_methods=False, self.min_weight=0.0, self.max_weight=0.12
single_methods
[RC-LP] method_type='return_cvar_constraint' sum=1.0000 active=14
self.is_all_methods=False, self.min_weight=0.0, self.max_weight=0.12
single_methods
[RC-LP] method_type='return_cvar_constraint' sum=1.0000 active=13
self.is_all_methods=False, self.min_weight=0.0, self.max_weight=0.12
single_methods
[RC-LP] method_type='return_cvar_constraint' sum=1.0000 active=12
self.is_all_methods=False, self.min_weight=0.0, self.max_weight=0.12
single_methods
[RC-LP] method_type='return_cvar_constraint' sum=1.0000 active=15
self.is_all_methods=False, self.min_weight=0.0, self.max_weight=0.12
single_methods
[RC-LP] method_type='return_cvar_constraint' sum=1.0000 active=13
self.is_all_methods=False, self.min_weight=0.0, self.max_weight=0.12
single_methods
[RC-LP] method_type='return_cvar_constraint' sum=1.0000 active=12
self.is_all_methods=False, self.min_weight=0.0, self.max_weight=0.12
single_methods
[RC-LP] method_type='return_cvar_constraint' sum=1.0000 active=25
self.is_all_methods=False, self.min_weight=0.0, self.max_weight=0.12
single_methods
[RC-LP] method_type='return_cvar_constraint' sum=1.0000 active=23
self.is_all_methods=False, self.min_weight=0.0, self.max_weight=0.12
single_methods
[RC-LP] method_type='return_cvar_constraint' sum=1.0000 active=20
self.is_all_methods=False, self.min_weight=0.0, self.max_weight=0.12
single_methods
[RC-LP] method_type='return_cvar_constraint' sum=1.0000 active=21
self.is_all_methods=False, self.min_weight=0.0, self.max_weight=0.12
single_methods
[RC-LP] method_type='return_cvar_constraint' sum=1.0000 active=18
self.is_all_methods=False, self.min_weight=0.0, self.max_weight=0.12
single_methods
[RC-LP] method_type='return_cvar_constraint' sum=1.0000 active=17
self.is_all_methods=False, self.min_weight=0.0, self.max_weight=0.08
single_methods
method_type='mean_cvar_sharpe' np.sum(weights)=1.000000 active=134 weights.shape=(224,)
self.is_all_methods=False, self.min_weight=0.0, self.max_weight=0.08
single_methods
method_type='mean_cvar_sharpe' np.sum(weights)=1.000000 active=134 weights.shape=(224,)
self.is_all_methods=False, self.min_weight=0.0, self.max_weight=0.08
single_methods
method_type='mean_cvar_sharpe' np.sum(weights)=1.000000 active=134 weights.shape=(224,)
self.is_all_methods=False, self.min_weight=0.0, self.max_weight=0.08
single_methods
method_type='mean_cvar_sharpe' np.sum(weights)=1.000000 active=224 weights.shape=(224,)
self.is_all_methods=False, self.min_weight=0.0, self.max_weight=0.08
single_methods
method_type='mean_cvar_sharpe' np.sum(weights)=1.000000 active=224 weights.shape=(224,)
self.is_all_methods=False, self.min_weight=0.0, self.max_weight=0.08
single_methods
method_type='mean_cvar_sharpe' np.sum(weights)=1.000000 active=224 weights.shape=(224,)
self.is_all_methods=False, self.min_weight=0.0, self.max_weight=0.08
single_methods
method_type='mean_cvar_sharpe' np.sum(weights)=1.000000 active=224 weights.shape=(224,)
self.is_all_methods=False, self.min_weight=0.0, self.max_weight=0.08
single_methods
method_type='mean_cvar_sharpe' np.sum(weights)=1.000000 active=224 weights.shape=(224,)
self.is_all_methods=False, self.min_weight=0.0, self.max_weight=0.08
single_methods
method_type='mean_cvar_sharpe' np.sum(weights)=1.000000 active=224 weights.shape=(224,)
self.is_all_methods=False, self.min_weight=0.0, self.max_weight=0.08
single_methods
method_type='mean_cvar_sharpe' np.sum(weights)=1.000000 active=117 weights.shape=(224,)
self.is_all_methods=False, self.min_weight=0.0, self.max_weight=0.08
single_methods
method_type='mean_cvar_sharpe' np.sum(weights)=1.000000 active=117 weights.shape=(224,)
self.is_all_methods=False, self.min_weight=0.0, self.max_weight=0.08
single_methods
method_type='mean_cvar_sharpe' np.sum(weights)=1.000000 active=117 weights.shape=(224,)
self.is_all_methods=False, self.min_weight=0.0, self.max_weight=0.12
single_methods
method_type='mean_cvar_sharpe' np.sum(weights)=1.000000 active=224 weights.shape=(224,)
self.is_all_methods=False, self.min_weight=0.0, self.max_weight=0.12
single_methods
method_type='mean_cvar_sharpe' np.sum(weights)=1.000000 active=224 weights.shape=(224,)
self.is_all_methods=False, self.min_weight=0.0, self.max_weight=0.12
single_methods
method_type='mean_cvar_sharpe' np.sum(weights)=1.000000 active=224 weights.shape=(224,)
self.is_all_methods=False, self.min_weight=0.0, self.max_weight=0.12
single_methods
method_type='mean_cvar_sharpe' np.sum(weights)=1.000000 active=224 weights.shape=(224,)
self.is_all_methods=False, self.min_weight=0.0, self.max_weight=0.12
single_methods
method_type='mean_cvar_sharpe' np.sum(weights)=1.000000 active=224 weights.shape=(224,)
self.is_all_methods=False, self.min_weight=0.0, self.max_weight=0.12
single_methods
method_type='mean_cvar_sharpe' np.sum(weights)=1.000000 active=224 weights.shape=(224,)
self.is_all_methods=False, self.min_weight=0.0, self.max_weight=0.12
single_methods
method_type='mean_cvar_sharpe' np.sum(weights)=1.000000 active=224 weights.shape=(224,)
self.is_all_methods=False, self.min_weight=0.0, self.max_weight=0.12
single_methods
method_type='mean_cvar_sharpe' np.sum(weights)=1.000000 active=224 weights.shape=(224,)
self.is_all_methods=False, self.min_weight=0.0, self.max_weight=0.12
single_methods
method_type='mean_cvar_sharpe' np.sum(weights)=1.000000 active=224 weights.shape=(224,)
self.is_all_methods=False, self.min_weight=0.0, self.max_weight=0.12
single_methods
method_type='mean_cvar_sharpe' np.sum(weights)=1.000000 active=224 weights.shape=(224,)
self.is_all_methods=False, self.min_weight=0.0, self.max_weight=0.12
single_methods
method_type='mean_cvar_sharpe' np.sum(weights)=1.000000 active=224 weights.shape=(224,)
self.is_all_methods=False, self.min_weight=0.0, self.max_weight=0.12
single_methods
method_type='mean_cvar_sharpe' np.sum(weights)=1.000000 active=224 weights.shape=(224,)
1.0 2020-02-03 00:00:00 1306.494138704011 0.010183982896944582 4.7417155574629734e-05 0.010183982896944554
PROGRESS	2020-02-03	224	67	0.010183982896944554	1306.494138704011
Portfolio optimization with 12 month weight rebalancing 2020-01-02 00:00:00: : 13it [02:21, 12.94s/it]Portfolio optimization with 13 month weight rebalancing 2020-02-03 00:00:00: : 13it [02:21, 12.94s/it]self.is_all_methods=False, self.min_weight=0.0, self.max_weight=0.08
single_methods
[RC-LP] method_type='return_cvar_constraint' sum=1.0000 active=20
self.is_all_methods=False, self.min_weight=0.0, self.max_weight=0.08
single_methods
[RC-LP] method_type='return_cvar_constraint' sum=1.0000 active=20
self.is_all_methods=False, self.min_weight=0.0, self.max_weight=0.08
single_methods
[RC-LP] method_type='return_cvar_constraint' sum=1.0000 active=20
self.is_all_methods=False, self.min_weight=0.0, self.max_weight=0.08
single_methods
[RC-LP] method_type='return_cvar_constraint' sum=1.0000 active=21
self.is_all_methods=False, self.min_weight=0.0, self.max_weight=0.08
single_methods
[RC-LP] method_type='return_cvar_constraint' sum=1.0000 active=17
self.is_all_methods=False, self.min_weight=0.0, self.max_weight=0.08
single_methods
[RC-LP] method_type='return_cvar_constraint' sum=1.0000 active=20
self.is_all_methods=False, self.min_weight=0.0, self.max_weight=0.08
single_methods
[RC-LP] method_type='return_cvar_constraint' sum=1.0000 active=26
self.is_all_methods=False, self.min_weight=0.0, self.max_weight=0.08
single_methods
[RC-LP] method_type='return_cvar_constraint' sum=1.0000 active=26
self.is_all_methods=False, self.min_weight=0.0, self.max_weight=0.08
single_methods
[RC-LP] method_type='return_cvar_constraint' sum=1.0000 active=28
self.is_all_methods=False, self.min_weight=0.0, self.max_weight=0.08
single_methods
[RC-LP] method_type='return_cvar_constraint' sum=1.0000 active=26
self.is_all_methods=False, self.min_weight=0.0, self.max_weight=0.08
single_methods
[RC-LP] method_type='return_cvar_constraint' sum=1.0000 active=26
self.is_all_methods=False, self.min_weight=0.0, self.max_weight=0.08
single_methods
[RC-LP] method_type='return_cvar_constraint' sum=1.0000 active=26
self.is_all_methods=False, self.min_weight=0.0, self.max_weight=0.12
single_methods
[RC-LP] method_type='return_cvar_constraint' sum=1.0000 active=14
self.is_all_methods=False, self.min_weight=0.0, self.max_weight=0.12
single_methods
[RC-LP] method_type='return_cvar_constraint' sum=1.0000 active=14
self.is_all_methods=False, self.min_weight=0.0, self.max_weight=0.12
single_methods
[RC-LP] method_type='return_cvar_constraint' sum=1.0000 active=15
self.is_all_methods=False, self.min_weight=0.0, self.max_weight=0.12
single_methods
[RC-LP] method_type='return_cvar_constraint' sum=1.0000 active=15
self.is_all_methods=False, self.min_weight=0.0, self.max_weight=0.12
single_methods
[RC-LP] method_type='return_cvar_constraint' sum=1.0000 active=13
self.is_all_methods=False, self.min_weight=0.0, self.max_weight=0.12
single_methods
[RC-LP] method_type='return_cvar_constraint' sum=1.0000 active=13
self.is_all_methods=False, self.min_weight=0.0, self.max_weight=0.12
single_methods
[RC-LP] method_type='return_cvar_constraint' sum=1.0000 active=18
self.is_all_methods=False, self.min_weight=0.0, self.max_weight=0.12
single_methods
[RC-LP] method_type='return_cvar_constraint' sum=1.0000 active=18
self.is_all_methods=False, self.min_weight=0.0, self.max_weight=0.12
single_methods
[RC-LP] method_type='return_cvar_constraint' sum=1.0000 active=19
self.is_all_methods=False, self.min_weight=0.0, self.max_weight=0.12
single_methods
[RC-LP] method_type='return_cvar_constraint' sum=1.0000 active=24
self.is_all_methods=False, self.min_weight=0.0, self.max_weight=0.12
single_methods
[RC-LP] method_type='return_cvar_constraint' sum=1.0000 active=19
self.is_all_methods=False, self.min_weight=0.0, self.max_weight=0.12
single_methods
[RC-LP] method_type='return_cvar_constraint' sum=1.0000 active=17
self.is_all_methods=False, self.min_weight=0.0, self.max_weight=0.08
single_methods
method_type='mean_cvar_sharpe' np.sum(weights)=1.000000 active=223 weights.shape=(223,)
self.is_all_methods=False, self.min_weight=0.0, self.max_weight=0.08
single_methods
method_type='mean_cvar_sharpe' np.sum(weights)=1.000000 active=223 weights.shape=(223,)
self.is_all_methods=False, self.min_weight=0.0, self.max_weight=0.08
single_methods
method_type='mean_cvar_sharpe' np.sum(weights)=1.000000 active=223 weights.shape=(223,)
self.is_all_methods=False, self.min_weight=0.0, self.max_weight=0.08
single_methods
method_type='mean_cvar_sharpe' np.sum(weights)=1.000000 active=222 weights.shape=(223,)
self.is_all_methods=False, self.min_weight=0.0, self.max_weight=0.08
single_methods
method_type='mean_cvar_sharpe' np.sum(weights)=1.000000 active=222 weights.shape=(223,)
self.is_all_methods=False, self.min_weight=0.0, self.max_weight=0.08
single_methods
method_type='mean_cvar_sharpe' np.sum(weights)=1.000000 active=222 weights.shape=(223,)
self.is_all_methods=False, self.min_weight=0.0, self.max_weight=0.08
single_methods
method_type='mean_cvar_sharpe' np.sum(weights)=1.000000 active=223 weights.shape=(223,)
self.is_all_methods=False, self.min_weight=0.0, self.max_weight=0.08
single_methods
method_type='mean_cvar_sharpe' np.sum(weights)=1.000000 active=223 weights.shape=(223,)
self.is_all_methods=False, self.min_weight=0.0, self.max_weight=0.08
single_methods
method_type='mean_cvar_sharpe' np.sum(weights)=1.000000 active=223 weights.shape=(223,)
self.is_all_methods=False, self.min_weight=0.0, self.max_weight=0.08
single_methods
method_type='mean_cvar_sharpe' np.sum(weights)=1.000000 active=223 weights.shape=(223,)
self.is_all_methods=False, self.min_weight=0.0, self.max_weight=0.08
single_methods
method_type='mean_cvar_sharpe' np.sum(weights)=1.000000 active=223 weights.shape=(223,)
self.is_all_methods=False, self.min_weight=0.0, self.max_weight=0.08
single_methods
method_type='mean_cvar_sharpe' np.sum(weights)=1.000000 active=223 weights.shape=(223,)
self.is_all_methods=False, self.min_weight=0.0, self.max_weight=0.12
single_methods
method_type='mean_cvar_sharpe' np.sum(weights)=1.000000 active=223 weights.shape=(223,)
self.is_all_methods=False, self.min_weight=0.0, self.max_weight=0.12
single_methods
method_type='mean_cvar_sharpe' np.sum(weights)=1.000000 active=223 weights.shape=(223,)
self.is_all_methods=False, self.min_weight=0.0, self.max_weight=0.12
single_methods
method_type='mean_cvar_sharpe' np.sum(weights)=1.000000 active=223 weights.shape=(223,)
self.is_all_methods=False, self.min_weight=0.0, self.max_weight=0.12
single_methods
method_type='mean_cvar_sharpe' np.sum(weights)=1.000000 active=223 weights.shape=(223,)
self.is_all_methods=False, self.min_weight=0.0, self.max_weight=0.12
single_methods
method_type='mean_cvar_sharpe' np.sum(weights)=1.000000 active=223 weights.shape=(223,)
self.is_all_methods=False, self.min_weight=0.0, self.max_weight=0.12
single_methods
method_type='mean_cvar_sharpe' np.sum(weights)=1.000000 active=223 weights.shape=(223,)
self.is_all_methods=False, self.min_weight=0.0, self.max_weight=0.12
single_methods
method_type='mean_cvar_sharpe' np.sum(weights)=1.000000 active=223 weights.shape=(223,)
self.is_all_methods=False, self.min_weight=0.0, self.max_weight=0.12
single_methods
method_type='mean_cvar_sharpe' np.sum(weights)=1.000000 active=223 weights.shape=(223,)
self.is_all_methods=False, self.min_weight=0.0, self.max_weight=0.12
single_methods
method_type='mean_cvar_sharpe' np.sum(weights)=1.000000 active=223 weights.shape=(223,)
self.is_all_methods=False, self.min_weight=0.0, self.max_weight=0.12
single_methods
method_type='mean_cvar_sharpe' np.sum(weights)=1.000000 active=223 weights.shape=(223,)
self.is_all_methods=False, self.min_weight=0.0, self.max_weight=0.12
single_methods
method_type='mean_cvar_sharpe' np.sum(weights)=1.000000 active=223 weights.shape=(223,)
self.is_all_methods=False, self.min_weight=0.0, self.max_weight=0.12
single_methods
method_type='mean_cvar_sharpe' np.sum(weights)=1.000000 active=223 weights.shape=(223,)
0.5 2020-03-02 00:00:00 1218.3807902828923 -0.06744258991358618 5.732333755090673e-05 -0.0674425899135862
PROGRESS	2020-03-02	223	66	-0.0674425899135862	1218.3807902828923
Portfolio optimization with 13 month weight rebalancing 2020-02-03 00:00:00: : 14it [02:35, 13.24s/it]Portfolio optimization with 14 month weight rebalancing 2020-03-02 00:00:00: : 14it [02:35, 13.24s/it]self.is_all_methods=False, self.min_weight=0.0, self.max_weight=0.08
single_methods
[RC-LP] method_type='return_cvar_constraint' sum=1.0000 active=20
self.is_all_methods=False, self.min_weight=0.0, self.max_weight=0.08
single_methods
[RC-LP] method_type='return_cvar_constraint' sum=1.0000 active=17
self.is_all_methods=False, self.min_weight=0.0, self.max_weight=0.08
single_methods
[RC-LP] method_type='return_cvar_constraint' sum=1.0000 active=17
self.is_all_methods=False, self.min_weight=0.0, self.max_weight=0.08
single_methods
[RC-LP] method_type='return_cvar_constraint' sum=1.0000 active=19
self.is_all_methods=False, self.min_weight=0.0, self.max_weight=0.08
single_methods
[RC-LP] method_type='return_cvar_constraint' sum=1.0000 active=20
self.is_all_methods=False, self.min_weight=0.0, self.max_weight=0.08
single_methods
[RC-LP] method_type='return_cvar_constraint' sum=1.0000 active=20
self.is_all_methods=False, self.min_weight=0.0, self.max_weight=0.08
single_methods
[RC-LP] method_type='return_cvar_constraint' sum=1.0000 active=25
self.is_all_methods=False, self.min_weight=0.0, self.max_weight=0.08
single_methods
[RC-LP] method_type='return_cvar_constraint' sum=1.0000 active=22
self.is_all_methods=False, self.min_weight=0.0, self.max_weight=0.08
single_methods
[RC-LP] method_type='return_cvar_constraint' sum=1.0000 active=27
self.is_all_methods=False, self.min_weight=0.0, self.max_weight=0.08
single_methods
[RC-LP] method_type='return_cvar_constraint' sum=1.0000 active=25
self.is_all_methods=False, self.min_weight=0.0, self.max_weight=0.08
single_methods
[RC-LP] method_type='return_cvar_constraint' sum=1.0000 active=25
self.is_all_methods=False, self.min_weight=0.0, self.max_weight=0.08
single_methods
[RC-LP] method_type='return_cvar_constraint' sum=1.0000 active=25
self.is_all_methods=False, self.min_weight=0.0, self.max_weight=0.12
single_methods
[RC-LP] method_type='return_cvar_constraint' sum=1.0000 active=11
self.is_all_methods=False, self.min_weight=0.0, self.max_weight=0.12
single_methods
[RC-LP] method_type='return_cvar_constraint' sum=1.0000 active=10
self.is_all_methods=False, self.min_weight=0.0, self.max_weight=0.12
single_methods
[RC-LP] method_type='return_cvar_constraint' sum=1.0000 active=11
self.is_all_methods=False, self.min_weight=0.0, self.max_weight=0.12
single_methods
[RC-LP] method_type='return_cvar_constraint' sum=1.0000 active=13
self.is_all_methods=False, self.min_weight=0.0, self.max_weight=0.12
single_methods
[RC-LP] method_type='return_cvar_constraint' sum=1.0000 active=10
self.is_all_methods=False, self.min_weight=0.0, self.max_weight=0.12
single_methods
[RC-LP] method_type='return_cvar_constraint' sum=1.0000 active=12
self.is_all_methods=False, self.min_weight=0.0, self.max_weight=0.12
single_methods
[RC-LP] method_type='return_cvar_constraint' sum=1.0000 active=16
self.is_all_methods=False, self.min_weight=0.0, self.max_weight=0.12
single_methods
[RC-LP] method_type='return_cvar_constraint' sum=1.0000 active=18
self.is_all_methods=False, self.min_weight=0.0, self.max_weight=0.12
single_methods
[RC-LP] method_type='return_cvar_constraint' sum=1.0000 active=19
self.is_all_methods=False, self.min_weight=0.0, self.max_weight=0.12
single_methods
[RC-LP] method_type='return_cvar_constraint' sum=1.0000 active=19
self.is_all_methods=False, self.min_weight=0.0, self.max_weight=0.12
single_methods
[RC-LP] method_type='return_cvar_constraint' sum=1.0000 active=18
self.is_all_methods=False, self.min_weight=0.0, self.max_weight=0.12
single_methods
[RC-LP] method_type='return_cvar_constraint' sum=1.0000 active=16
self.is_all_methods=False, self.min_weight=0.0, self.max_weight=0.08
single_methods
method_type='mean_cvar_sharpe' np.sum(weights)=1.000000 active=105 weights.shape=(226,)
self.is_all_methods=False, self.min_weight=0.0, self.max_weight=0.08
single_methods
method_type='mean_cvar_sharpe' np.sum(weights)=1.000000 active=105 weights.shape=(226,)
self.is_all_methods=False, self.min_weight=0.0, self.max_weight=0.08
single_methods
method_type='mean_cvar_sharpe' np.sum(weights)=1.000000 active=105 weights.shape=(226,)
self.is_all_methods=False, self.min_weight=0.0, self.max_weight=0.08
single_methods
method_type='mean_cvar_sharpe' np.sum(weights)=1.000000 active=141 weights.shape=(226,)
self.is_all_methods=False, self.min_weight=0.0, self.max_weight=0.08
single_methods
method_type='mean_cvar_sharpe' np.sum(weights)=1.000000 active=141 weights.shape=(226,)
self.is_all_methods=False, self.min_weight=0.0, self.max_weight=0.08
single_methods
method_type='mean_cvar_sharpe' np.sum(weights)=1.000000 active=141 weights.shape=(226,)
self.is_all_methods=False, self.min_weight=0.0, self.max_weight=0.08
single_methods
method_type='mean_cvar_sharpe' np.sum(weights)=1.000000 active=140 weights.shape=(226,)
self.is_all_methods=False, self.min_weight=0.0, self.max_weight=0.08
single_methods
method_type='mean_cvar_sharpe' np.sum(weights)=1.000000 active=140 weights.shape=(226,)
self.is_all_methods=False, self.min_weight=0.0, self.max_weight=0.08
single_methods
method_type='mean_cvar_sharpe' np.sum(weights)=1.000000 active=140 weights.shape=(226,)
self.is_all_methods=False, self.min_weight=0.0, self.max_weight=0.08
single_methods
method_type='mean_cvar_sharpe' np.sum(weights)=1.000000 active=106 weights.shape=(226,)
self.is_all_methods=False, self.min_weight=0.0, self.max_weight=0.08
single_methods
method_type='mean_cvar_sharpe' np.sum(weights)=1.000000 active=106 weights.shape=(226,)
self.is_all_methods=False, self.min_weight=0.0, self.max_weight=0.08
single_methods
method_type='mean_cvar_sharpe' np.sum(weights)=1.000000 active=106 weights.shape=(226,)
self.is_all_methods=False, self.min_weight=0.0, self.max_weight=0.12
single_methods
method_type='mean_cvar_sharpe' np.sum(weights)=1.000000 active=115 weights.shape=(226,)
self.is_all_methods=False, self.min_weight=0.0, self.max_weight=0.12
single_methods
method_type='mean_cvar_sharpe' np.sum(weights)=1.000000 active=115 weights.shape=(226,)
self.is_all_methods=False, self.min_weight=0.0, self.max_weight=0.12
single_methods
method_type='mean_cvar_sharpe' np.sum(weights)=1.000000 active=115 weights.shape=(226,)
self.is_all_methods=False, self.min_weight=0.0, self.max_weight=0.12
single_methods
method_type='mean_cvar_sharpe' np.sum(weights)=1.000000 active=111 weights.shape=(226,)
self.is_all_methods=False, self.min_weight=0.0, self.max_weight=0.12
single_methods
method_type='mean_cvar_sharpe' np.sum(weights)=1.000000 active=111 weights.shape=(226,)
self.is_all_methods=False, self.min_weight=0.0, self.max_weight=0.12
single_methods
method_type='mean_cvar_sharpe' np.sum(weights)=1.000000 active=111 weights.shape=(226,)
self.is_all_methods=False, self.min_weight=0.0, self.max_weight=0.12
single_methods
method_type='mean_cvar_sharpe' np.sum(weights)=1.000000 active=130 weights.shape=(226,)
self.is_all_methods=False, self.min_weight=0.0, self.max_weight=0.12
single_methods
method_type='mean_cvar_sharpe' np.sum(weights)=1.000000 active=130 weights.shape=(226,)
self.is_all_methods=False, self.min_weight=0.0, self.max_weight=0.12
single_methods
method_type='mean_cvar_sharpe' np.sum(weights)=1.000000 active=130 weights.shape=(226,)
self.is_all_methods=False, self.min_weight=0.0, self.max_weight=0.12
single_methods
method_type='mean_cvar_sharpe' np.sum(weights)=1.000000 active=116 weights.shape=(226,)
self.is_all_methods=False, self.min_weight=0.0, self.max_weight=0.12
single_methods
method_type='mean_cvar_sharpe' np.sum(weights)=1.000000 active=116 weights.shape=(226,)
self.is_all_methods=False, self.min_weight=0.0, self.max_weight=0.12
single_methods
method_type='mean_cvar_sharpe' np.sum(weights)=1.000000 active=116 weights.shape=(226,)
self.is_all_methods=False, self.min_weight=0.0, self.max_weight=0.08
single_methods
method_type='mean_cvar_sharpe' np.sum(weights)=1.000000 active=44 weights.shape=(226,)
0.25 2020-04-01 00:00:00 1106.6026901541584 -0.09174315700002178 0.0004416878736857006 -0.09174315700002178
PROGRESS	2020-04-01	226	22	-0.09174315700002178	1106.6026901541584
Portfolio optimization with 14 month weight rebalancing 2020-03-02 00:00:00: : 15it [02:50, 13.51s/it]Portfolio optimization with 15 month weight rebalancing 2020-04-01 00:00:00: : 15it [02:50, 13.51s/it]self.is_all_methods=False, self.min_weight=0.0, self.max_weight=0.08
single_methods
[RC-LP] method_type='return_cvar_constraint' sum=1.0000 active=20
self.is_all_methods=False, self.min_weight=0.0, self.max_weight=0.08
single_methods
[RC-LP] method_type='return_cvar_constraint' sum=1.0000 active=21
self.is_all_methods=False, self.min_weight=0.0, self.max_weight=0.08
single_methods
[RC-LP] method_type='return_cvar_constraint' sum=1.0000 active=21
self.is_all_methods=False, self.min_weight=0.0, self.max_weight=0.08
single_methods
[RC-LP] method_type='return_cvar_constraint' sum=1.0000 active=18
self.is_all_methods=False, self.min_weight=0.0, self.max_weight=0.08
single_methods
[RC-LP] method_type='return_cvar_constraint' sum=1.0000 active=19
self.is_all_methods=False, self.min_weight=0.0, self.max_weight=0.08
single_methods
[RC-LP] method_type='return_cvar_constraint' sum=1.0000 active=19
self.is_all_methods=False, self.min_weight=0.0, self.max_weight=0.08
single_methods
[RC-LP] method_type='return_cvar_constraint' sum=1.0000 active=37
self.is_all_methods=False, self.min_weight=0.0, self.max_weight=0.08
single_methods
[RC-LP] method_type='return_cvar_constraint' sum=1.0000 active=33
self.is_all_methods=False, self.min_weight=0.0, self.max_weight=0.08
single_methods
[RC-LP] method_type='return_cvar_constraint' sum=1.0000 active=33
self.is_all_methods=False, self.min_weight=0.0, self.max_weight=0.08
single_methods
[RC-LP] method_type='return_cvar_constraint' sum=1.0000 active=33
self.is_all_methods=False, self.min_weight=0.0, self.max_weight=0.08
single_methods
[RC-LP] method_type='return_cvar_constraint' sum=1.0000 active=36
self.is_all_methods=False, self.min_weight=0.0, self.max_weight=0.08
single_methods
[RC-LP] method_type='return_cvar_constraint' sum=1.0000 active=36
self.is_all_methods=False, self.min_weight=0.0, self.max_weight=0.12
single_methods
[RC-LP] method_type='return_cvar_constraint' sum=1.0000 active=15
self.is_all_methods=False, self.min_weight=0.0, self.max_weight=0.12
single_methods
[RC-LP] method_type='return_cvar_constraint' sum=1.0000 active=15
self.is_all_methods=False, self.min_weight=0.0, self.max_weight=0.12
single_methods
[RC-LP] method_type='return_cvar_constraint' sum=1.0000 active=17
self.is_all_methods=False, self.min_weight=0.0, self.max_weight=0.12
single_methods
[RC-LP] method_type='return_cvar_constraint' sum=1.0000 active=13
self.is_all_methods=False, self.min_weight=0.0, self.max_weight=0.12
single_methods
[RC-LP] method_type='return_cvar_constraint' sum=1.0000 active=12
self.is_all_methods=False, self.min_weight=0.0, self.max_weight=0.12
single_methods
[RC-LP] method_type='return_cvar_constraint' sum=1.0000 active=12
self.is_all_methods=False, self.min_weight=0.0, self.max_weight=0.12
single_methods
[RC-LP] method_type='return_cvar_constraint' sum=1.0000 active=24
self.is_all_methods=False, self.min_weight=0.0, self.max_weight=0.12
single_methods
[RC-LP] method_type='return_cvar_constraint' sum=1.0000 active=25
self.is_all_methods=False, self.min_weight=0.0, self.max_weight=0.12
single_methods
[RC-LP] method_type='return_cvar_constraint' sum=1.0000 active=27
self.is_all_methods=False, self.min_weight=0.0, self.max_weight=0.12
single_methods
[RC-LP] method_type='return_cvar_constraint' sum=1.0000 active=26
self.is_all_methods=False, self.min_weight=0.0, self.max_weight=0.12
single_methods
[RC-LP] method_type='return_cvar_constraint' sum=1.0000 active=23
self.is_all_methods=False, self.min_weight=0.0, self.max_weight=0.12
single_methods
[RC-LP] method_type='return_cvar_constraint' sum=1.0000 active=24
self.is_all_methods=False, self.min_weight=0.0, self.max_weight=0.08
single_methods
method_type='mean_cvar_sharpe' np.sum(weights)=1.000000 active=109 weights.shape=(225,)
self.is_all_methods=False, self.min_weight=0.0, self.max_weight=0.08
single_methods
method_type='mean_cvar_sharpe' np.sum(weights)=1.000000 active=109 weights.shape=(225,)
self.is_all_methods=False, self.min_weight=0.0, self.max_weight=0.08
single_methods
method_type='mean_cvar_sharpe' np.sum(weights)=1.000000 active=109 weights.shape=(225,)
self.is_all_methods=False, self.min_weight=0.0, self.max_weight=0.08
single_methods
method_type='mean_cvar_sharpe' np.sum(weights)=1.000000 active=107 weights.shape=(225,)
self.is_all_methods=False, self.min_weight=0.0, self.max_weight=0.08
single_methods
method_type='mean_cvar_sharpe' np.sum(weights)=1.000000 active=107 weights.shape=(225,)
self.is_all_methods=False, self.min_weight=0.0, self.max_weight=0.08
single_methods
method_type='mean_cvar_sharpe' np.sum(weights)=1.000000 active=107 weights.shape=(225,)
self.is_all_methods=False, self.min_weight=0.0, self.max_weight=0.08
single_methods
method_type='mean_cvar_sharpe' np.sum(weights)=1.000000 active=137 weights.shape=(225,)
self.is_all_methods=False, self.min_weight=0.0, self.max_weight=0.08
single_methods
method_type='mean_cvar_sharpe' np.sum(weights)=1.000000 active=137 weights.shape=(225,)
self.is_all_methods=False, self.min_weight=0.0, self.max_weight=0.08
single_methods
method_type='mean_cvar_sharpe' np.sum(weights)=1.000000 active=137 weights.shape=(225,)
self.is_all_methods=False, self.min_weight=0.0, self.max_weight=0.08
single_methods
method_type='mean_cvar_sharpe' np.sum(weights)=1.000000 active=143 weights.shape=(225,)
self.is_all_methods=False, self.min_weight=0.0, self.max_weight=0.08
single_methods
method_type='mean_cvar_sharpe' np.sum(weights)=1.000000 active=143 weights.shape=(225,)
self.is_all_methods=False, self.min_weight=0.0, self.max_weight=0.08
single_methods
method_type='mean_cvar_sharpe' np.sum(weights)=1.000000 active=143 weights.shape=(225,)
self.is_all_methods=False, self.min_weight=0.0, self.max_weight=0.12
single_methods
method_type='mean_cvar_sharpe' np.sum(weights)=1.000000 active=225 weights.shape=(225,)
self.is_all_methods=False, self.min_weight=0.0, self.max_weight=0.12
single_methods
method_type='mean_cvar_sharpe' np.sum(weights)=1.000000 active=225 weights.shape=(225,)
self.is_all_methods=False, self.min_weight=0.0, self.max_weight=0.12
single_methods
method_type='mean_cvar_sharpe' np.sum(weights)=1.000000 active=225 weights.shape=(225,)
self.is_all_methods=False, self.min_weight=0.0, self.max_weight=0.12
single_methods
method_type='mean_cvar_sharpe' np.sum(weights)=1.000000 active=225 weights.shape=(225,)
self.is_all_methods=False, self.min_weight=0.0, self.max_weight=0.12
single_methods
method_type='mean_cvar_sharpe' np.sum(weights)=1.000000 active=225 weights.shape=(225,)
self.is_all_methods=False, self.min_weight=0.0, self.max_weight=0.12
single_methods
method_type='mean_cvar_sharpe' np.sum(weights)=1.000000 active=225 weights.shape=(225,)
self.is_all_methods=False, self.min_weight=0.0, self.max_weight=0.12
single_methods
method_type='mean_cvar_sharpe' np.sum(weights)=1.000000 active=224 weights.shape=(225,)
self.is_all_methods=False, self.min_weight=0.0, self.max_weight=0.12
single_methods
method_type='mean_cvar_sharpe' np.sum(weights)=1.000000 active=224 weights.shape=(225,)
self.is_all_methods=False, self.min_weight=0.0, self.max_weight=0.12
single_methods
method_type='mean_cvar_sharpe' np.sum(weights)=1.000000 active=224 weights.shape=(225,)
self.is_all_methods=False, self.min_weight=0.0, self.max_weight=0.12
single_methods
method_type='mean_cvar_sharpe' np.sum(weights)=1.000000 active=225 weights.shape=(225,)
self.is_all_methods=False, self.min_weight=0.0, self.max_weight=0.12
single_methods
method_type='mean_cvar_sharpe' np.sum(weights)=1.000000 active=225 weights.shape=(225,)
self.is_all_methods=False, self.min_weight=0.0, self.max_weight=0.12
single_methods
method_type='mean_cvar_sharpe' np.sum(weights)=1.000000 active=225 weights.shape=(225,)
self.is_all_methods=False, self.min_weight=0.0, self.max_weight=0.12
single_methods
[RC-LP] method_type='return_cvar_constraint' sum=1.0000 active=30
0.25 2020-05-01 00:00:00 1197.5365905110775 0.08217393755318939 0.0002484345239428272 0.08217393755318936
PROGRESS	2020-05-01	225	30	0.08217393755318936	1197.5365905110775
Portfolio optimization with 15 month weight rebalancing 2020-04-01 00:00:00: : 16it [03:07, 14.81s/it]Portfolio optimization with 16 month weight rebalancing 2020-05-01 00:00:00: : 16it [03:07, 14.81s/it]self.is_all_methods=False, self.min_weight=0.0, self.max_weight=0.08
single_methods
[RC-LP] method_type='return_cvar_constraint' sum=1.0000 active=17
self.is_all_methods=False, self.min_weight=0.0, self.max_weight=0.08
single_methods
[RC-LP] method_type='return_cvar_constraint' sum=1.0000 active=16
self.is_all_methods=False, self.min_weight=0.0, self.max_weight=0.08
single_methods
[RC-LP] method_type='return_cvar_constraint' sum=1.0000 active=16
self.is_all_methods=False, self.min_weight=0.0, self.max_weight=0.08
single_methods
[RC-LP] method_type='return_cvar_constraint' sum=1.0000 active=18
self.is_all_methods=False, self.min_weight=0.0, self.max_weight=0.08
single_methods
[RC-LP] method_type='return_cvar_constraint' sum=1.0000 active=18
self.is_all_methods=False, self.min_weight=0.0, self.max_weight=0.08
single_methods
[RC-LP] method_type='return_cvar_constraint' sum=1.0000 active=18
self.is_all_methods=False, self.min_weight=0.0, self.max_weight=0.08
single_methods
[RC-LP] method_type='return_cvar_constraint' sum=1.0000 active=26
self.is_all_methods=False, self.min_weight=0.0, self.max_weight=0.08
single_methods
[RC-LP] method_type='return_cvar_constraint' sum=1.0000 active=22
self.is_all_methods=False, self.min_weight=0.0, self.max_weight=0.08
single_methods
[RC-LP] method_type='return_cvar_constraint' sum=1.0000 active=22
self.is_all_methods=False, self.min_weight=0.0, self.max_weight=0.08
single_methods
[RC-LP] method_type='return_cvar_constraint' sum=1.0000 active=24
self.is_all_methods=False, self.min_weight=0.0, self.max_weight=0.08
single_methods
[RC-LP] method_type='return_cvar_constraint' sum=1.0000 active=25
self.is_all_methods=False, self.min_weight=0.0, self.max_weight=0.08
single_methods
[RC-LP] method_type='return_cvar_constraint' sum=1.0000 active=25
self.is_all_methods=False, self.min_weight=0.0, self.max_weight=0.12
single_methods
[RC-LP] method_type='return_cvar_constraint' sum=1.0000 active=12
self.is_all_methods=False, self.min_weight=0.0, self.max_weight=0.12
single_methods
[RC-LP] method_type='return_cvar_constraint' sum=1.0000 active=11
self.is_all_methods=False, self.min_weight=0.0, self.max_weight=0.12
single_methods
[RC-LP] method_type='return_cvar_constraint' sum=1.0000 active=11
self.is_all_methods=False, self.min_weight=0.0, self.max_weight=0.12
single_methods
[RC-LP] method_type='return_cvar_constraint' sum=1.0000 active=14
self.is_all_methods=False, self.min_weight=0.0, self.max_weight=0.12
single_methods
[RC-LP] method_type='return_cvar_constraint' sum=1.0000 active=13
self.is_all_methods=False, self.min_weight=0.0, self.max_weight=0.12
single_methods
[RC-LP] method_type='return_cvar_constraint' sum=1.0000 active=12
self.is_all_methods=False, self.min_weight=0.0, self.max_weight=0.12
single_methods
[RC-LP] method_type='return_cvar_constraint' sum=1.0000 active=17
self.is_all_methods=False, self.min_weight=0.0, self.max_weight=0.12
single_methods
[RC-LP] method_type='return_cvar_constraint' sum=1.0000 active=17
self.is_all_methods=False, self.min_weight=0.0, self.max_weight=0.12
single_methods
[RC-LP] method_type='return_cvar_constraint' sum=1.0000 active=19
self.is_all_methods=False, self.min_weight=0.0, self.max_weight=0.12
single_methods
[RC-LP] method_type='return_cvar_constraint' sum=1.0000 active=20
self.is_all_methods=False, self.min_weight=0.0, self.max_weight=0.12
single_methods
[RC-LP] method_type='return_cvar_constraint' sum=1.0000 active=18
self.is_all_methods=False, self.min_weight=0.0, self.max_weight=0.12
single_methods
[RC-LP] method_type='return_cvar_constraint' sum=1.0000 active=18
self.is_all_methods=False, self.min_weight=0.0, self.max_weight=0.08
single_methods
method_type='mean_cvar_sharpe' np.sum(weights)=1.000000 active=227 weights.shape=(227,)
self.is_all_methods=False, self.min_weight=0.0, self.max_weight=0.08
single_methods
method_type='mean_cvar_sharpe' np.sum(weights)=1.000000 active=227 weights.shape=(227,)
self.is_all_methods=False, self.min_weight=0.0, self.max_weight=0.08
single_methods
method_type='mean_cvar_sharpe' np.sum(weights)=1.000000 active=227 weights.shape=(227,)
self.is_all_methods=False, self.min_weight=0.0, self.max_weight=0.08
single_methods
method_type='mean_cvar_sharpe' np.sum(weights)=1.000000 active=227 weights.shape=(227,)
self.is_all_methods=False, self.min_weight=0.0, self.max_weight=0.08
single_methods
method_type='mean_cvar_sharpe' np.sum(weights)=1.000000 active=227 weights.shape=(227,)
self.is_all_methods=False, self.min_weight=0.0, self.max_weight=0.08
single_methods
method_type='mean_cvar_sharpe' np.sum(weights)=1.000000 active=227 weights.shape=(227,)
self.is_all_methods=False, self.min_weight=0.0, self.max_weight=0.08
single_methods
method_type='mean_cvar_sharpe' np.sum(weights)=1.000000 active=227 weights.shape=(227,)
self.is_all_methods=False, self.min_weight=0.0, self.max_weight=0.08
single_methods
method_type='mean_cvar_sharpe' np.sum(weights)=1.000000 active=227 weights.shape=(227,)
self.is_all_methods=False, self.min_weight=0.0, self.max_weight=0.08
single_methods
method_type='mean_cvar_sharpe' np.sum(weights)=1.000000 active=227 weights.shape=(227,)
self.is_all_methods=False, self.min_weight=0.0, self.max_weight=0.08
single_methods
method_type='mean_cvar_sharpe' np.sum(weights)=1.000000 active=227 weights.shape=(227,)
self.is_all_methods=False, self.min_weight=0.0, self.max_weight=0.08
single_methods
method_type='mean_cvar_sharpe' np.sum(weights)=1.000000 active=227 weights.shape=(227,)
self.is_all_methods=False, self.min_weight=0.0, self.max_weight=0.08
single_methods
method_type='mean_cvar_sharpe' np.sum(weights)=1.000000 active=227 weights.shape=(227,)
self.is_all_methods=False, self.min_weight=0.0, self.max_weight=0.12
single_methods
method_type='mean_cvar_sharpe' np.sum(weights)=1.000000 active=227 weights.shape=(227,)
self.is_all_methods=False, self.min_weight=0.0, self.max_weight=0.12
single_methods
method_type='mean_cvar_sharpe' np.sum(weights)=1.000000 active=227 weights.shape=(227,)
self.is_all_methods=False, self.min_weight=0.0, self.max_weight=0.12
single_methods
method_type='mean_cvar_sharpe' np.sum(weights)=1.000000 active=227 weights.shape=(227,)
self.is_all_methods=False, self.min_weight=0.0, self.max_weight=0.12
single_methods
method_type='mean_cvar_sharpe' np.sum(weights)=1.000000 active=143 weights.shape=(227,)
self.is_all_methods=False, self.min_weight=0.0, self.max_weight=0.12
single_methods
method_type='mean_cvar_sharpe' np.sum(weights)=1.000000 active=143 weights.shape=(227,)
self.is_all_methods=False, self.min_weight=0.0, self.max_weight=0.12
single_methods
method_type='mean_cvar_sharpe' np.sum(weights)=1.000000 active=143 weights.shape=(227,)
self.is_all_methods=False, self.min_weight=0.0, self.max_weight=0.12
single_methods
method_type='mean_cvar_sharpe' np.sum(weights)=1.000000 active=139 weights.shape=(227,)
self.is_all_methods=False, self.min_weight=0.0, self.max_weight=0.12
single_methods
method_type='mean_cvar_sharpe' np.sum(weights)=1.000000 active=139 weights.shape=(227,)
self.is_all_methods=False, self.min_weight=0.0, self.max_weight=0.12
single_methods
method_type='mean_cvar_sharpe' np.sum(weights)=1.000000 active=139 weights.shape=(227,)
self.is_all_methods=False, self.min_weight=0.0, self.max_weight=0.12
single_methods
method_type='mean_cvar_sharpe' np.sum(weights)=1.000000 active=141 weights.shape=(227,)
self.is_all_methods=False, self.min_weight=0.0, self.max_weight=0.12
single_methods
method_type='mean_cvar_sharpe' np.sum(weights)=1.000000 active=141 weights.shape=(227,)
self.is_all_methods=False, self.min_weight=0.0, self.max_weight=0.12
single_methods
method_type='mean_cvar_sharpe' np.sum(weights)=1.000000 active=141 weights.shape=(227,)
1.0 2020-06-01 00:00:00 1244.8210342043233 0.039484759019401725 0.00017545698800759945 0.03948475901940163
PROGRESS	2020-06-01	227	80	0.03948475901940163	1244.8210342043233
Portfolio optimization with 16 month weight rebalancing 2020-05-01 00:00:00: : 17it [03:22, 14.67s/it]Portfolio optimization with 17 month weight rebalancing 2020-06-01 00:00:00: : 17it [03:22, 14.67s/it]self.is_all_methods=False, self.min_weight=0.0, self.max_weight=0.08
single_methods
[RC-LP] method_type='return_cvar_constraint' sum=1.0000 active=20
self.is_all_methods=False, self.min_weight=0.0, self.max_weight=0.08
single_methods
[RC-LP] method_type='return_cvar_constraint' sum=1.0000 active=17
self.is_all_methods=False, self.min_weight=0.0, self.max_weight=0.08
single_methods
[RC-LP] method_type='return_cvar_constraint' sum=1.0000 active=18
self.is_all_methods=False, self.min_weight=0.0, self.max_weight=0.08
single_methods
[RC-LP] method_type='return_cvar_constraint' sum=1.0000 active=20
self.is_all_methods=False, self.min_weight=0.0, self.max_weight=0.08
single_methods
[RC-LP] method_type='return_cvar_constraint' sum=1.0000 active=20
self.is_all_methods=False, self.min_weight=0.0, self.max_weight=0.08
single_methods
[RC-LP] method_type='return_cvar_constraint' sum=1.0000 active=21
self.is_all_methods=False, self.min_weight=0.0, self.max_weight=0.08
single_methods
[RC-LP] method_type='return_cvar_constraint' sum=1.0000 active=33
self.is_all_methods=False, self.min_weight=0.0, self.max_weight=0.08
single_methods
[RC-LP] method_type='return_cvar_constraint' sum=1.0000 active=32
self.is_all_methods=False, self.min_weight=0.0, self.max_weight=0.08
single_methods
[RC-LP] method_type='return_cvar_constraint' sum=1.0000 active=27
self.is_all_methods=False, self.min_weight=0.0, self.max_weight=0.08
single_methods
[RC-LP] method_type='return_cvar_constraint' sum=1.0000 active=34
self.is_all_methods=False, self.min_weight=0.0, self.max_weight=0.08
single_methods
[RC-LP] method_type='return_cvar_constraint' sum=1.0000 active=33
self.is_all_methods=False, self.min_weight=0.0, self.max_weight=0.08
single_methods
[RC-LP] method_type='return_cvar_constraint' sum=1.0000 active=29
self.is_all_methods=False, self.min_weight=0.0, self.max_weight=0.12
single_methods
[RC-LP] method_type='return_cvar_constraint' sum=1.0000 active=12
self.is_all_methods=False, self.min_weight=0.0, self.max_weight=0.12
single_methods
[RC-LP] method_type='return_cvar_constraint' sum=1.0000 active=13
self.is_all_methods=False, self.min_weight=0.0, self.max_weight=0.12
single_methods
[RC-LP] method_type='return_cvar_constraint' sum=1.0000 active=13
self.is_all_methods=False, self.min_weight=0.0, self.max_weight=0.12
single_methods
[RC-LP] method_type='return_cvar_constraint' sum=1.0000 active=16
self.is_all_methods=False, self.min_weight=0.0, self.max_weight=0.12
single_methods
[RC-LP] method_type='return_cvar_constraint' sum=1.0000 active=16
self.is_all_methods=False, self.min_weight=0.0, self.max_weight=0.12
single_methods
[RC-LP] method_type='return_cvar_constraint' sum=1.0000 active=17
self.is_all_methods=False, self.min_weight=0.0, self.max_weight=0.12
single_methods
[RC-LP] method_type='return_cvar_constraint' sum=1.0000 active=22
self.is_all_methods=False, self.min_weight=0.0, self.max_weight=0.12
single_methods
[RC-LP] method_type='return_cvar_constraint' sum=1.0000 active=24
self.is_all_methods=False, self.min_weight=0.0, self.max_weight=0.12
single_methods
[RC-LP] method_type='return_cvar_constraint' sum=1.0000 active=24
self.is_all_methods=False, self.min_weight=0.0, self.max_weight=0.12
single_methods
[RC-LP] method_type='return_cvar_constraint' sum=1.0000 active=25
self.is_all_methods=False, self.min_weight=0.0, self.max_weight=0.12
single_methods
[RC-LP] method_type='return_cvar_constraint' sum=1.0000 active=23
self.is_all_methods=False, self.min_weight=0.0, self.max_weight=0.12
single_methods
[RC-LP] method_type='return_cvar_constraint' sum=1.0000 active=22
self.is_all_methods=False, self.min_weight=0.0, self.max_weight=0.08
single_methods
method_type='mean_cvar_sharpe' np.sum(weights)=1.000000 active=226 weights.shape=(226,)
self.is_all_methods=False, self.min_weight=0.0, self.max_weight=0.08
single_methods
method_type='mean_cvar_sharpe' np.sum(weights)=1.000000 active=226 weights.shape=(226,)
self.is_all_methods=False, self.min_weight=0.0, self.max_weight=0.08
single_methods
method_type='mean_cvar_sharpe' np.sum(weights)=1.000000 active=226 weights.shape=(226,)
self.is_all_methods=False, self.min_weight=0.0, self.max_weight=0.08
single_methods
method_type='mean_cvar_sharpe' np.sum(weights)=1.000000 active=167 weights.shape=(226,)
self.is_all_methods=False, self.min_weight=0.0, self.max_weight=0.08
single_methods
method_type='mean_cvar_sharpe' np.sum(weights)=1.000000 active=167 weights.shape=(226,)
self.is_all_methods=False, self.min_weight=0.0, self.max_weight=0.08
single_methods
method_type='mean_cvar_sharpe' np.sum(weights)=1.000000 active=167 weights.shape=(226,)
self.is_all_methods=False, self.min_weight=0.0, self.max_weight=0.08
single_methods
method_type='mean_cvar_sharpe' np.sum(weights)=1.000000 active=165 weights.shape=(226,)
self.is_all_methods=False, self.min_weight=0.0, self.max_weight=0.08
single_methods
method_type='mean_cvar_sharpe' np.sum(weights)=1.000000 active=165 weights.shape=(226,)
self.is_all_methods=False, self.min_weight=0.0, self.max_weight=0.08
single_methods
method_type='mean_cvar_sharpe' np.sum(weights)=1.000000 active=165 weights.shape=(226,)
self.is_all_methods=False, self.min_weight=0.0, self.max_weight=0.08
single_methods
method_type='mean_cvar_sharpe' np.sum(weights)=1.000000 active=78 weights.shape=(226,)
self.is_all_methods=False, self.min_weight=0.0, self.max_weight=0.08
single_methods
method_type='mean_cvar_sharpe' np.sum(weights)=1.000000 active=78 weights.shape=(226,)
self.is_all_methods=False, self.min_weight=0.0, self.max_weight=0.08
single_methods
method_type='mean_cvar_sharpe' np.sum(weights)=1.000000 active=78 weights.shape=(226,)
self.is_all_methods=False, self.min_weight=0.0, self.max_weight=0.12
single_methods
method_type='mean_cvar_sharpe' np.sum(weights)=1.000000 active=142 weights.shape=(226,)
self.is_all_methods=False, self.min_weight=0.0, self.max_weight=0.12
single_methods
method_type='mean_cvar_sharpe' np.sum(weights)=1.000000 active=142 weights.shape=(226,)
self.is_all_methods=False, self.min_weight=0.0, self.max_weight=0.12
single_methods
method_type='mean_cvar_sharpe' np.sum(weights)=1.000000 active=142 weights.shape=(226,)
self.is_all_methods=False, self.min_weight=0.0, self.max_weight=0.12
single_methods
method_type='mean_cvar_sharpe' np.sum(weights)=1.000000 active=95 weights.shape=(226,)
self.is_all_methods=False, self.min_weight=0.0, self.max_weight=0.12
single_methods
method_type='mean_cvar_sharpe' np.sum(weights)=1.000000 active=95 weights.shape=(226,)
self.is_all_methods=False, self.min_weight=0.0, self.max_weight=0.12
single_methods
method_type='mean_cvar_sharpe' np.sum(weights)=1.000000 active=95 weights.shape=(226,)
self.is_all_methods=False, self.min_weight=0.0, self.max_weight=0.12
single_methods
method_type='mean_cvar_sharpe' np.sum(weights)=1.000000 active=96 weights.shape=(226,)
self.is_all_methods=False, self.min_weight=0.0, self.max_weight=0.12
single_methods
method_type='mean_cvar_sharpe' np.sum(weights)=1.000000 active=96 weights.shape=(226,)
self.is_all_methods=False, self.min_weight=0.0, self.max_weight=0.12
single_methods
method_type='mean_cvar_sharpe' np.sum(weights)=1.000000 active=96 weights.shape=(226,)
self.is_all_methods=False, self.min_weight=0.0, self.max_weight=0.12
single_methods
method_type='mean_cvar_sharpe' np.sum(weights)=1.000000 active=95 weights.shape=(226,)
self.is_all_methods=False, self.min_weight=0.0, self.max_weight=0.12
single_methods
method_type='mean_cvar_sharpe' np.sum(weights)=1.000000 active=95 weights.shape=(226,)
self.is_all_methods=False, self.min_weight=0.0, self.max_weight=0.12
single_methods
method_type='mean_cvar_sharpe' np.sum(weights)=1.000000 active=95 weights.shape=(226,)
1.0 2020-07-01 00:00:00 1274.8965535978766 0.024160516706546023 0.0001273140008150472 0.024160516706545954
PROGRESS	2020-07-01	226	79	0.024160516706545954	1274.8965535978766
Portfolio optimization with 17 month weight rebalancing 2020-06-01 00:00:00: : 18it [03:33, 13.54s/it]Portfolio optimization with 18 month weight rebalancing 2020-07-01 00:00:00: : 18it [03:33, 13.54s/it]self.is_all_methods=False, self.min_weight=0.0, self.max_weight=0.08
single_methods
[RC-LP] method_type='return_cvar_constraint' sum=1.0000 active=18
self.is_all_methods=False, self.min_weight=0.0, self.max_weight=0.08
single_methods
[RC-LP] method_type='return_cvar_constraint' sum=1.0000 active=19
self.is_all_methods=False, self.min_weight=0.0, self.max_weight=0.08
single_methods
[RC-LP] method_type='return_cvar_constraint' sum=1.0000 active=18
self.is_all_methods=False, self.min_weight=0.0, self.max_weight=0.08
single_methods
[RC-LP] method_type='return_cvar_constraint' sum=1.0000 active=16
self.is_all_methods=False, self.min_weight=0.0, self.max_weight=0.08
single_methods
[RC-LP] method_type='return_cvar_constraint' sum=1.0000 active=17
self.is_all_methods=False, self.min_weight=0.0, self.max_weight=0.08
single_methods
[RC-LP] method_type='return_cvar_constraint' sum=1.0000 active=17
self.is_all_methods=False, self.min_weight=0.0, self.max_weight=0.08
single_methods
[RC-LP] method_type='return_cvar_constraint' sum=1.0000 active=30
self.is_all_methods=False, self.min_weight=0.0, self.max_weight=0.08
single_methods
[RC-LP] method_type='return_cvar_constraint' sum=1.0000 active=29
self.is_all_methods=False, self.min_weight=0.0, self.max_weight=0.08
single_methods
[RC-LP] method_type='return_cvar_constraint' sum=1.0000 active=29
self.is_all_methods=False, self.min_weight=0.0, self.max_weight=0.08
single_methods
[RC-LP] method_type='return_cvar_constraint' sum=1.0000 active=23
self.is_all_methods=False, self.min_weight=0.0, self.max_weight=0.08
single_methods
[RC-LP] method_type='return_cvar_constraint' sum=1.0000 active=25
self.is_all_methods=False, self.min_weight=0.0, self.max_weight=0.08
single_methods
[RC-LP] method_type='return_cvar_constraint' sum=1.0000 active=26
self.is_all_methods=False, self.min_weight=0.0, self.max_weight=0.12
single_methods
[RC-LP] method_type='return_cvar_constraint' sum=1.0000 active=14
self.is_all_methods=False, self.min_weight=0.0, self.max_weight=0.12
single_methods
[RC-LP] method_type='return_cvar_constraint' sum=1.0000 active=14
self.is_all_methods=False, self.min_weight=0.0, self.max_weight=0.12
single_methods
[RC-LP] method_type='return_cvar_constraint' sum=1.0000 active=16
self.is_all_methods=False, self.min_weight=0.0, self.max_weight=0.12
single_methods
[RC-LP] method_type='return_cvar_constraint' sum=1.0000 active=14
self.is_all_methods=False, self.min_weight=0.0, self.max_weight=0.12
single_methods
[RC-LP] method_type='return_cvar_constraint' sum=1.0000 active=15
self.is_all_methods=False, self.min_weight=0.0, self.max_weight=0.12
single_methods
[RC-LP] method_type='return_cvar_constraint' sum=1.0000 active=15
self.is_all_methods=False, self.min_weight=0.0, self.max_weight=0.12
single_methods
[RC-LP] method_type='return_cvar_constraint' sum=1.0000 active=21
self.is_all_methods=False, self.min_weight=0.0, self.max_weight=0.12
single_methods
[RC-LP] method_type='return_cvar_constraint' sum=1.0000 active=24
self.is_all_methods=False, self.min_weight=0.0, self.max_weight=0.12
single_methods
[RC-LP] method_type='return_cvar_constraint' sum=1.0000 active=22
self.is_all_methods=False, self.min_weight=0.0, self.max_weight=0.12
single_methods
[RC-LP] method_type='return_cvar_constraint' sum=1.0000 active=20
self.is_all_methods=False, self.min_weight=0.0, self.max_weight=0.12
single_methods
[RC-LP] method_type='return_cvar_constraint' sum=1.0000 active=22
self.is_all_methods=False, self.min_weight=0.0, self.max_weight=0.12
single_methods
[RC-LP] method_type='return_cvar_constraint' sum=1.0000 active=21
self.is_all_methods=False, self.min_weight=0.0, self.max_weight=0.08
single_methods
method_type='mean_cvar_sharpe' np.sum(weights)=1.000000 active=228 weights.shape=(229,)
self.is_all_methods=False, self.min_weight=0.0, self.max_weight=0.08
single_methods
method_type='mean_cvar_sharpe' np.sum(weights)=1.000000 active=228 weights.shape=(229,)
self.is_all_methods=False, self.min_weight=0.0, self.max_weight=0.08
single_methods
method_type='mean_cvar_sharpe' np.sum(weights)=1.000000 active=228 weights.shape=(229,)
self.is_all_methods=False, self.min_weight=0.0, self.max_weight=0.08
single_methods
method_type='mean_cvar_sharpe' np.sum(weights)=1.000000 active=95 weights.shape=(229,)
self.is_all_methods=False, self.min_weight=0.0, self.max_weight=0.08
single_methods
method_type='mean_cvar_sharpe' np.sum(weights)=1.000000 active=95 weights.shape=(229,)
self.is_all_methods=False, self.min_weight=0.0, self.max_weight=0.08
single_methods
method_type='mean_cvar_sharpe' np.sum(weights)=1.000000 active=95 weights.shape=(229,)
self.is_all_methods=False, self.min_weight=0.0, self.max_weight=0.08
single_methods
method_type='mean_cvar_sharpe' np.sum(weights)=1.000000 active=150 weights.shape=(229,)
self.is_all_methods=False, self.min_weight=0.0, self.max_weight=0.08
single_methods
method_type='mean_cvar_sharpe' np.sum(weights)=1.000000 active=150 weights.shape=(229,)
self.is_all_methods=False, self.min_weight=0.0, self.max_weight=0.08
single_methods
method_type='mean_cvar_sharpe' np.sum(weights)=1.000000 active=150 weights.shape=(229,)
self.is_all_methods=False, self.min_weight=0.0, self.max_weight=0.08
single_methods
method_type='mean_cvar_sharpe' np.sum(weights)=1.000000 active=152 weights.shape=(229,)
self.is_all_methods=False, self.min_weight=0.0, self.max_weight=0.08
single_methods
method_type='mean_cvar_sharpe' np.sum(weights)=1.000000 active=152 weights.shape=(229,)
self.is_all_methods=False, self.min_weight=0.0, self.max_weight=0.08
single_methods
method_type='mean_cvar_sharpe' np.sum(weights)=1.000000 active=152 weights.shape=(229,)
self.is_all_methods=False, self.min_weight=0.0, self.max_weight=0.12
single_methods
method_type='mean_cvar_sharpe' np.sum(weights)=1.000000 active=112 weights.shape=(229,)
self.is_all_methods=False, self.min_weight=0.0, self.max_weight=0.12
single_methods
method_type='mean_cvar_sharpe' np.sum(weights)=1.000000 active=112 weights.shape=(229,)
self.is_all_methods=False, self.min_weight=0.0, self.max_weight=0.12
single_methods
method_type='mean_cvar_sharpe' np.sum(weights)=1.000000 active=112 weights.shape=(229,)
self.is_all_methods=False, self.min_weight=0.0, self.max_weight=0.12
single_methods
method_type='mean_cvar_sharpe' np.sum(weights)=1.000000 active=133 weights.shape=(229,)
self.is_all_methods=False, self.min_weight=0.0, self.max_weight=0.12
single_methods
method_type='mean_cvar_sharpe' np.sum(weights)=1.000000 active=133 weights.shape=(229,)
self.is_all_methods=False, self.min_weight=0.0, self.max_weight=0.12
single_methods
method_type='mean_cvar_sharpe' np.sum(weights)=1.000000 active=133 weights.shape=(229,)
self.is_all_methods=False, self.min_weight=0.0, self.max_weight=0.12
single_methods
method_type='mean_cvar_sharpe' np.sum(weights)=1.000000 active=138 weights.shape=(229,)
self.is_all_methods=False, self.min_weight=0.0, self.max_weight=0.12
single_methods
method_type='mean_cvar_sharpe' np.sum(weights)=1.000000 active=138 weights.shape=(229,)
self.is_all_methods=False, self.min_weight=0.0, self.max_weight=0.12
single_methods
method_type='mean_cvar_sharpe' np.sum(weights)=1.000000 active=138 weights.shape=(229,)
self.is_all_methods=False, self.min_weight=0.0, self.max_weight=0.12
single_methods
method_type='mean_cvar_sharpe' np.sum(weights)=1.000000 active=112 weights.shape=(229,)
self.is_all_methods=False, self.min_weight=0.0, self.max_weight=0.12
single_methods
method_type='mean_cvar_sharpe' np.sum(weights)=1.000000 active=112 weights.shape=(229,)
self.is_all_methods=False, self.min_weight=0.0, self.max_weight=0.12
single_methods
method_type='mean_cvar_sharpe' np.sum(weights)=1.000000 active=112 weights.shape=(229,)
1.0 2020-08-03 00:00:00 1331.3286612924182 0.04426406796322804 0.00012714131765287478 0.044264067963228015
PROGRESS	2020-08-03	229	78	0.044264067963228015	1331.3286612924182
Portfolio optimization with 18 month weight rebalancing 2020-07-01 00:00:00: : 19it [03:44, 13.03s/it]Portfolio optimization with 19 month weight rebalancing 2020-08-03 00:00:00: : 19it [03:44, 13.03s/it]self.is_all_methods=False, self.min_weight=0.0, self.max_weight=0.08
single_methods
[RC-LP] method_type='return_cvar_constraint' sum=1.0000 active=18
self.is_all_methods=False, self.min_weight=0.0, self.max_weight=0.08
single_methods
[RC-LP] method_type='return_cvar_constraint' sum=1.0000 active=17
self.is_all_methods=False, self.min_weight=0.0, self.max_weight=0.08
single_methods
[RC-LP] method_type='return_cvar_constraint' sum=1.0000 active=19
self.is_all_methods=False, self.min_weight=0.0, self.max_weight=0.08
single_methods
[RC-LP] method_type='return_cvar_constraint' sum=1.0000 active=19
self.is_all_methods=False, self.min_weight=0.0, self.max_weight=0.08
single_methods
[RC-LP] method_type='return_cvar_constraint' sum=1.0000 active=19
self.is_all_methods=False, self.min_weight=0.0, self.max_weight=0.08
single_methods
[RC-LP] method_type='return_cvar_constraint' sum=1.0000 active=17
self.is_all_methods=False, self.min_weight=0.0, self.max_weight=0.08
single_methods
[RC-LP] method_type='return_cvar_constraint' sum=1.0000 active=31
self.is_all_methods=False, self.min_weight=0.0, self.max_weight=0.08
single_methods
[RC-LP] method_type='return_cvar_constraint' sum=1.0000 active=29
self.is_all_methods=False, self.min_weight=0.0, self.max_weight=0.08
single_methods
[RC-LP] method_type='return_cvar_constraint' sum=1.0000 active=32
self.is_all_methods=False, self.min_weight=0.0, self.max_weight=0.08
single_methods
[RC-LP] method_type='return_cvar_constraint' sum=1.0000 active=28
self.is_all_methods=False, self.min_weight=0.0, self.max_weight=0.08
single_methods
[RC-LP] method_type='return_cvar_constraint' sum=1.0000 active=28
self.is_all_methods=False, self.min_weight=0.0, self.max_weight=0.08
single_methods
[RC-LP] method_type='return_cvar_constraint' sum=1.0000 active=30
self.is_all_methods=False, self.min_weight=0.0, self.max_weight=0.12
single_methods
[RC-LP] method_type='return_cvar_constraint' sum=1.0000 active=15
self.is_all_methods=False, self.min_weight=0.0, self.max_weight=0.12
single_methods
[RC-LP] method_type='return_cvar_constraint' sum=1.0000 active=14
self.is_all_methods=False, self.min_weight=0.0, self.max_weight=0.12
single_methods
[RC-LP] method_type='return_cvar_constraint' sum=1.0000 active=11
self.is_all_methods=False, self.min_weight=0.0, self.max_weight=0.12
single_methods
[RC-LP] method_type='return_cvar_constraint' sum=1.0000 active=15
self.is_all_methods=False, self.min_weight=0.0, self.max_weight=0.12
single_methods
[RC-LP] method_type='return_cvar_constraint' sum=1.0000 active=15
self.is_all_methods=False, self.min_weight=0.0, self.max_weight=0.12
single_methods
[RC-LP] method_type='return_cvar_constraint' sum=1.0000 active=12
self.is_all_methods=False, self.min_weight=0.0, self.max_weight=0.12
single_methods
[RC-LP] method_type='return_cvar_constraint' sum=1.0000 active=28
self.is_all_methods=False, self.min_weight=0.0, self.max_weight=0.12
single_methods
[RC-LP] method_type='return_cvar_constraint' sum=1.0000 active=28
self.is_all_methods=False, self.min_weight=0.0, self.max_weight=0.12
single_methods
[RC-LP] method_type='return_cvar_constraint' sum=1.0000 active=23
self.is_all_methods=False, self.min_weight=0.0, self.max_weight=0.12
single_methods
[RC-LP] method_type='return_cvar_constraint' sum=1.0000 active=26
self.is_all_methods=False, self.min_weight=0.0, self.max_weight=0.12
single_methods
[RC-LP] method_type='return_cvar_constraint' sum=1.0000 active=24
self.is_all_methods=False, self.min_weight=0.0, self.max_weight=0.12
single_methods
[RC-LP] method_type='return_cvar_constraint' sum=1.0000 active=25
self.is_all_methods=False, self.min_weight=0.0, self.max_weight=0.08
single_methods
method_type='mean_cvar_sharpe' np.sum(weights)=1.000000 active=69 weights.shape=(231,)
self.is_all_methods=False, self.min_weight=0.0, self.max_weight=0.08
single_methods
method_type='mean_cvar_sharpe' np.sum(weights)=1.000000 active=69 weights.shape=(231,)
self.is_all_methods=False, self.min_weight=0.0, self.max_weight=0.08
single_methods
method_type='mean_cvar_sharpe' np.sum(weights)=1.000000 active=69 weights.shape=(231,)
self.is_all_methods=False, self.min_weight=0.0, self.max_weight=0.08
single_methods
method_type='mean_cvar_sharpe' np.sum(weights)=1.000000 active=182 weights.shape=(231,)
self.is_all_methods=False, self.min_weight=0.0, self.max_weight=0.08
single_methods
method_type='mean_cvar_sharpe' np.sum(weights)=1.000000 active=182 weights.shape=(231,)
self.is_all_methods=False, self.min_weight=0.0, self.max_weight=0.08
single_methods
method_type='mean_cvar_sharpe' np.sum(weights)=1.000000 active=182 weights.shape=(231,)
self.is_all_methods=False, self.min_weight=0.0, self.max_weight=0.08
single_methods
method_type='mean_cvar_sharpe' np.sum(weights)=1.000000 active=231 weights.shape=(231,)
self.is_all_methods=False, self.min_weight=0.0, self.max_weight=0.08
single_methods
method_type='mean_cvar_sharpe' np.sum(weights)=1.000000 active=231 weights.shape=(231,)
self.is_all_methods=False, self.min_weight=0.0, self.max_weight=0.08
single_methods
method_type='mean_cvar_sharpe' np.sum(weights)=1.000000 active=231 weights.shape=(231,)
self.is_all_methods=False, self.min_weight=0.0, self.max_weight=0.08
single_methods
method_type='mean_cvar_sharpe' np.sum(weights)=1.000000 active=231 weights.shape=(231,)
self.is_all_methods=False, self.min_weight=0.0, self.max_weight=0.08
single_methods
method_type='mean_cvar_sharpe' np.sum(weights)=1.000000 active=231 weights.shape=(231,)
self.is_all_methods=False, self.min_weight=0.0, self.max_weight=0.08
single_methods
method_type='mean_cvar_sharpe' np.sum(weights)=1.000000 active=231 weights.shape=(231,)
self.is_all_methods=False, self.min_weight=0.0, self.max_weight=0.12
single_methods
method_type='mean_cvar_sharpe' np.sum(weights)=1.000000 active=80 weights.shape=(231,)
self.is_all_methods=False, self.min_weight=0.0, self.max_weight=0.12
single_methods
method_type='mean_cvar_sharpe' np.sum(weights)=1.000000 active=80 weights.shape=(231,)
self.is_all_methods=False, self.min_weight=0.0, self.max_weight=0.12
single_methods
method_type='mean_cvar_sharpe' np.sum(weights)=1.000000 active=80 weights.shape=(231,)
self.is_all_methods=False, self.min_weight=0.0, self.max_weight=0.12
single_methods
method_type='mean_cvar_sharpe' np.sum(weights)=1.000000 active=78 weights.shape=(231,)
self.is_all_methods=False, self.min_weight=0.0, self.max_weight=0.12
single_methods
method_type='mean_cvar_sharpe' np.sum(weights)=1.000000 active=78 weights.shape=(231,)
self.is_all_methods=False, self.min_weight=0.0, self.max_weight=0.12
single_methods
method_type='mean_cvar_sharpe' np.sum(weights)=1.000000 active=78 weights.shape=(231,)
self.is_all_methods=False, self.min_weight=0.0, self.max_weight=0.12
single_methods
method_type='mean_cvar_sharpe' np.sum(weights)=1.000000 active=80 weights.shape=(231,)
self.is_all_methods=False, self.min_weight=0.0, self.max_weight=0.12
single_methods
method_type='mean_cvar_sharpe' np.sum(weights)=1.000000 active=80 weights.shape=(231,)
self.is_all_methods=False, self.min_weight=0.0, self.max_weight=0.12
single_methods
method_type='mean_cvar_sharpe' np.sum(weights)=1.000000 active=80 weights.shape=(231,)
self.is_all_methods=False, self.min_weight=0.0, self.max_weight=0.12
single_methods
method_type='mean_cvar_sharpe' np.sum(weights)=1.000000 active=79 weights.shape=(231,)
self.is_all_methods=False, self.min_weight=0.0, self.max_weight=0.12
single_methods
method_type='mean_cvar_sharpe' np.sum(weights)=1.000000 active=79 weights.shape=(231,)
self.is_all_methods=False, self.min_weight=0.0, self.max_weight=0.12
single_methods
method_type='mean_cvar_sharpe' np.sum(weights)=1.000000 active=79 weights.shape=(231,)
1.0 2020-09-01 00:00:00 1375.1168686938931 0.03289060671086765 0.0001393858637983366 0.03289060671086763
PROGRESS	2020-09-01	231	76	0.03289060671086763	1375.1168686938931
Portfolio optimization with 19 month weight rebalancing 2020-08-03 00:00:00: : 20it [03:56, 12.57s/it]Portfolio optimization with 20 month weight rebalancing 2020-09-01 00:00:00: : 20it [03:56, 12.57s/it]self.is_all_methods=False, self.min_weight=0.0, self.max_weight=0.08
single_methods
[RC-LP] method_type='return_cvar_constraint' sum=1.0000 active=21
self.is_all_methods=False, self.min_weight=0.0, self.max_weight=0.08
single_methods
[RC-LP] method_type='return_cvar_constraint' sum=1.0000 active=20
self.is_all_methods=False, self.min_weight=0.0, self.max_weight=0.08
single_methods
[RC-LP] method_type='return_cvar_constraint' sum=1.0000 active=19
self.is_all_methods=False, self.min_weight=0.0, self.max_weight=0.08
single_methods
[RC-LP] method_type='return_cvar_constraint' sum=1.0000 active=21
self.is_all_methods=False, self.min_weight=0.0, self.max_weight=0.08
single_methods
[RC-LP] method_type='return_cvar_constraint' sum=1.0000 active=21
self.is_all_methods=False, self.min_weight=0.0, self.max_weight=0.08
single_methods
[RC-LP] method_type='return_cvar_constraint' sum=1.0000 active=22
self.is_all_methods=False, self.min_weight=0.0, self.max_weight=0.08
single_methods
[RC-LP] method_type='return_cvar_constraint' sum=1.0000 active=27
self.is_all_methods=False, self.min_weight=0.0, self.max_weight=0.08
single_methods
[RC-LP] method_type='return_cvar_constraint' sum=1.0000 active=28
self.is_all_methods=False, self.min_weight=0.0, self.max_weight=0.08
single_methods
[RC-LP] method_type='return_cvar_constraint' sum=1.0000 active=27
self.is_all_methods=False, self.min_weight=0.0, self.max_weight=0.08
single_methods
[RC-LP] method_type='return_cvar_constraint' sum=1.0000 active=29
self.is_all_methods=False, self.min_weight=0.0, self.max_weight=0.08
single_methods
[RC-LP] method_type='return_cvar_constraint' sum=1.0000 active=29
self.is_all_methods=False, self.min_weight=0.0, self.max_weight=0.08
single_methods
[RC-LP] method_type='return_cvar_constraint' sum=1.0000 active=30
self.is_all_methods=False, self.min_weight=0.0, self.max_weight=0.12
single_methods
[RC-LP] method_type='return_cvar_constraint' sum=1.0000 active=11
self.is_all_methods=False, self.min_weight=0.0, self.max_weight=0.12
single_methods
[RC-LP] method_type='return_cvar_constraint' sum=1.0000 active=12
self.is_all_methods=False, self.min_weight=0.0, self.max_weight=0.12
single_methods
[RC-LP] method_type='return_cvar_constraint' sum=1.0000 active=13
self.is_all_methods=False, self.min_weight=0.0, self.max_weight=0.12
single_methods
[RC-LP] method_type='return_cvar_constraint' sum=1.0000 active=15
self.is_all_methods=False, self.min_weight=0.0, self.max_weight=0.12
single_methods
[RC-LP] method_type='return_cvar_constraint' sum=1.0000 active=17
self.is_all_methods=False, self.min_weight=0.0, self.max_weight=0.12
single_methods
[RC-LP] method_type='return_cvar_constraint' sum=1.0000 active=14
self.is_all_methods=False, self.min_weight=0.0, self.max_weight=0.12
single_methods
[RC-LP] method_type='return_cvar_constraint' sum=1.0000 active=25
self.is_all_methods=False, self.min_weight=0.0, self.max_weight=0.12
single_methods
[RC-LP] method_type='return_cvar_constraint' sum=1.0000 active=25
self.is_all_methods=False, self.min_weight=0.0, self.max_weight=0.12
single_methods
[RC-LP] method_type='return_cvar_constraint' sum=1.0000 active=26
self.is_all_methods=False, self.min_weight=0.0, self.max_weight=0.12
single_methods
[RC-LP] method_type='return_cvar_constraint' sum=1.0000 active=27
self.is_all_methods=False, self.min_weight=0.0, self.max_weight=0.12
single_methods
[RC-LP] method_type='return_cvar_constraint' sum=1.0000 active=26
self.is_all_methods=False, self.min_weight=0.0, self.max_weight=0.12
single_methods
[RC-LP] method_type='return_cvar_constraint' sum=1.0000 active=27
self.is_all_methods=False, self.min_weight=0.0, self.max_weight=0.08
single_methods
method_type='mean_cvar_sharpe' np.sum(weights)=1.000000 active=77 weights.shape=(231,)
self.is_all_methods=False, self.min_weight=0.0, self.max_weight=0.08
single_methods
method_type='mean_cvar_sharpe' np.sum(weights)=1.000000 active=77 weights.shape=(231,)
self.is_all_methods=False, self.min_weight=0.0, self.max_weight=0.08
single_methods
method_type='mean_cvar_sharpe' np.sum(weights)=1.000000 active=77 weights.shape=(231,)
self.is_all_methods=False, self.min_weight=0.0, self.max_weight=0.08
single_methods
method_type='mean_cvar_sharpe' np.sum(weights)=1.000000 active=170 weights.shape=(231,)
self.is_all_methods=False, self.min_weight=0.0, self.max_weight=0.08
single_methods
method_type='mean_cvar_sharpe' np.sum(weights)=1.000000 active=170 weights.shape=(231,)
self.is_all_methods=False, self.min_weight=0.0, self.max_weight=0.08
single_methods
method_type='mean_cvar_sharpe' np.sum(weights)=1.000000 active=170 weights.shape=(231,)
self.is_all_methods=False, self.min_weight=0.0, self.max_weight=0.08
single_methods
method_type='mean_cvar_sharpe' np.sum(weights)=1.000000 active=171 weights.shape=(231,)
self.is_all_methods=False, self.min_weight=0.0, self.max_weight=0.08
single_methods
method_type='mean_cvar_sharpe' np.sum(weights)=1.000000 active=171 weights.shape=(231,)
self.is_all_methods=False, self.min_weight=0.0, self.max_weight=0.08
single_methods
method_type='mean_cvar_sharpe' np.sum(weights)=1.000000 active=171 weights.shape=(231,)
self.is_all_methods=False, self.min_weight=0.0, self.max_weight=0.08
single_methods
method_type='mean_cvar_sharpe' np.sum(weights)=1.000000 active=170 weights.shape=(231,)
self.is_all_methods=False, self.min_weight=0.0, self.max_weight=0.08
single_methods
method_type='mean_cvar_sharpe' np.sum(weights)=1.000000 active=170 weights.shape=(231,)
self.is_all_methods=False, self.min_weight=0.0, self.max_weight=0.08
single_methods
method_type='mean_cvar_sharpe' np.sum(weights)=1.000000 active=170 weights.shape=(231,)
self.is_all_methods=False, self.min_weight=0.0, self.max_weight=0.12
single_methods
method_type='mean_cvar_sharpe' np.sum(weights)=1.000000 active=231 weights.shape=(231,)
self.is_all_methods=False, self.min_weight=0.0, self.max_weight=0.12
single_methods
method_type='mean_cvar_sharpe' np.sum(weights)=1.000000 active=231 weights.shape=(231,)
self.is_all_methods=False, self.min_weight=0.0, self.max_weight=0.12
single_methods
method_type='mean_cvar_sharpe' np.sum(weights)=1.000000 active=231 weights.shape=(231,)
self.is_all_methods=False, self.min_weight=0.0, self.max_weight=0.12
single_methods
method_type='mean_cvar_sharpe' np.sum(weights)=1.000000 active=231 weights.shape=(231,)
self.is_all_methods=False, self.min_weight=0.0, self.max_weight=0.12
single_methods
method_type='mean_cvar_sharpe' np.sum(weights)=1.000000 active=231 weights.shape=(231,)
self.is_all_methods=False, self.min_weight=0.0, self.max_weight=0.12
single_methods
method_type='mean_cvar_sharpe' np.sum(weights)=1.000000 active=231 weights.shape=(231,)
self.is_all_methods=False, self.min_weight=0.0, self.max_weight=0.12
single_methods
method_type='mean_cvar_sharpe' np.sum(weights)=1.000000 active=231 weights.shape=(231,)
self.is_all_methods=False, self.min_weight=0.0, self.max_weight=0.12
single_methods
method_type='mean_cvar_sharpe' np.sum(weights)=1.000000 active=231 weights.shape=(231,)
self.is_all_methods=False, self.min_weight=0.0, self.max_weight=0.12
single_methods
method_type='mean_cvar_sharpe' np.sum(weights)=1.000000 active=231 weights.shape=(231,)
self.is_all_methods=False, self.min_weight=0.0, self.max_weight=0.12
single_methods
method_type='mean_cvar_sharpe' np.sum(weights)=1.000000 active=154 weights.shape=(231,)
self.is_all_methods=False, self.min_weight=0.0, self.max_weight=0.12
single_methods
method_type='mean_cvar_sharpe' np.sum(weights)=1.000000 active=154 weights.shape=(231,)
self.is_all_methods=False, self.min_weight=0.0, self.max_weight=0.12
single_methods
method_type='mean_cvar_sharpe' np.sum(weights)=1.000000 active=154 weights.shape=(231,)
1.0 2020-10-01 00:00:00 1358.8031944971124 -0.011863481983371898 8.459480298878466e-05 -0.011863481983371837
PROGRESS	2020-10-01	231	75	-0.011863481983371837	1358.8031944971124
Portfolio optimization with 20 month weight rebalancing 2020-09-01 00:00:00: : 21it [04:07, 12.26s/it]Portfolio optimization with 21 month weight rebalancing 2020-10-01 00:00:00: : 21it [04:07, 12.26s/it]self.is_all_methods=False, self.min_weight=0.0, self.max_weight=0.08
single_methods
[RC-LP] method_type='return_cvar_constraint' sum=1.0000 active=24
self.is_all_methods=False, self.min_weight=0.0, self.max_weight=0.08
single_methods
[RC-LP] method_type='return_cvar_constraint' sum=1.0000 active=26
self.is_all_methods=False, self.min_weight=0.0, self.max_weight=0.08
single_methods
[RC-LP] method_type='return_cvar_constraint' sum=1.0000 active=23
self.is_all_methods=False, self.min_weight=0.0, self.max_weight=0.08
single_methods
[RC-LP] method_type='return_cvar_constraint' sum=1.0000 active=25
self.is_all_methods=False, self.min_weight=0.0, self.max_weight=0.08
single_methods
[RC-LP] method_type='return_cvar_constraint' sum=1.0000 active=21
self.is_all_methods=False, self.min_weight=0.0, self.max_weight=0.08
single_methods
[RC-LP] method_type='return_cvar_constraint' sum=1.0000 active=20
self.is_all_methods=False, self.min_weight=0.0, self.max_weight=0.08
single_methods
[RC-LP] method_type='return_cvar_constraint' sum=1.0000 active=32
self.is_all_methods=False, self.min_weight=0.0, self.max_weight=0.08
single_methods
[RC-LP] method_type='return_cvar_constraint' sum=1.0000 active=30
self.is_all_methods=False, self.min_weight=0.0, self.max_weight=0.08
single_methods
[RC-LP] method_type='return_cvar_constraint' sum=1.0000 active=29
self.is_all_methods=False, self.min_weight=0.0, self.max_weight=0.08
single_methods
[RC-LP] method_type='return_cvar_constraint' sum=1.0000 active=32
self.is_all_methods=False, self.min_weight=0.0, self.max_weight=0.08
single_methods
[RC-LP] method_type='return_cvar_constraint' sum=1.0000 active=30
self.is_all_methods=False, self.min_weight=0.0, self.max_weight=0.08
single_methods
[RC-LP] method_type='return_cvar_constraint' sum=1.0000 active=32
self.is_all_methods=False, self.min_weight=0.0, self.max_weight=0.12
single_methods
[RC-LP] method_type='return_cvar_constraint' sum=1.0000 active=16
self.is_all_methods=False, self.min_weight=0.0, self.max_weight=0.12
single_methods
[RC-LP] method_type='return_cvar_constraint' sum=1.0000 active=15
self.is_all_methods=False, self.min_weight=0.0, self.max_weight=0.12
single_methods
[RC-LP] method_type='return_cvar_constraint' sum=1.0000 active=16
self.is_all_methods=False, self.min_weight=0.0, self.max_weight=0.12
single_methods
[RC-LP] method_type='return_cvar_constraint' sum=1.0000 active=18
self.is_all_methods=False, self.min_weight=0.0, self.max_weight=0.12
single_methods
[RC-LP] method_type='return_cvar_constraint' sum=1.0000 active=16
self.is_all_methods=False, self.min_weight=0.0, self.max_weight=0.12
single_methods
[RC-LP] method_type='return_cvar_constraint' sum=1.0000 active=15
self.is_all_methods=False, self.min_weight=0.0, self.max_weight=0.12
single_methods
[RC-LP] method_type='return_cvar_constraint' sum=1.0000 active=26
self.is_all_methods=False, self.min_weight=0.0, self.max_weight=0.12
single_methods
[RC-LP] method_type='return_cvar_constraint' sum=1.0000 active=25
self.is_all_methods=False, self.min_weight=0.0, self.max_weight=0.12
single_methods
[RC-LP] method_type='return_cvar_constraint' sum=1.0000 active=23
self.is_all_methods=False, self.min_weight=0.0, self.max_weight=0.12
single_methods
[RC-LP] method_type='return_cvar_constraint' sum=1.0000 active=26
self.is_all_methods=False, self.min_weight=0.0, self.max_weight=0.12
single_methods
[RC-LP] method_type='return_cvar_constraint' sum=1.0000 active=23
self.is_all_methods=False, self.min_weight=0.0, self.max_weight=0.12
single_methods
[RC-LP] method_type='return_cvar_constraint' sum=1.0000 active=24
self.is_all_methods=False, self.min_weight=0.0, self.max_weight=0.08
single_methods
method_type='mean_cvar_sharpe' np.sum(weights)=1.000000 active=92 weights.shape=(230,)
self.is_all_methods=False, self.min_weight=0.0, self.max_weight=0.08
single_methods
method_type='mean_cvar_sharpe' np.sum(weights)=1.000000 active=92 weights.shape=(230,)
self.is_all_methods=False, self.min_weight=0.0, self.max_weight=0.08
single_methods
method_type='mean_cvar_sharpe' np.sum(weights)=1.000000 active=92 weights.shape=(230,)
self.is_all_methods=False, self.min_weight=0.0, self.max_weight=0.08
single_methods
method_type='mean_cvar_sharpe' np.sum(weights)=1.000000 active=90 weights.shape=(230,)
self.is_all_methods=False, self.min_weight=0.0, self.max_weight=0.08
single_methods
method_type='mean_cvar_sharpe' np.sum(weights)=1.000000 active=90 weights.shape=(230,)
self.is_all_methods=False, self.min_weight=0.0, self.max_weight=0.08
single_methods
method_type='mean_cvar_sharpe' np.sum(weights)=1.000000 active=90 weights.shape=(230,)
self.is_all_methods=False, self.min_weight=0.0, self.max_weight=0.08
single_methods
method_type='mean_cvar_sharpe' np.sum(weights)=1.000000 active=90 weights.shape=(230,)
self.is_all_methods=False, self.min_weight=0.0, self.max_weight=0.08
single_methods
method_type='mean_cvar_sharpe' np.sum(weights)=1.000000 active=90 weights.shape=(230,)
self.is_all_methods=False, self.min_weight=0.0, self.max_weight=0.08
single_methods
method_type='mean_cvar_sharpe' np.sum(weights)=1.000000 active=90 weights.shape=(230,)
self.is_all_methods=False, self.min_weight=0.0, self.max_weight=0.08
single_methods
method_type='mean_cvar_sharpe' np.sum(weights)=1.000000 active=161 weights.shape=(230,)
self.is_all_methods=False, self.min_weight=0.0, self.max_weight=0.08
single_methods
method_type='mean_cvar_sharpe' np.sum(weights)=1.000000 active=161 weights.shape=(230,)
self.is_all_methods=False, self.min_weight=0.0, self.max_weight=0.08
single_methods
method_type='mean_cvar_sharpe' np.sum(weights)=1.000000 active=161 weights.shape=(230,)
self.is_all_methods=False, self.min_weight=0.0, self.max_weight=0.12
single_methods
method_type='mean_cvar_sharpe' np.sum(weights)=1.000000 active=91 weights.shape=(230,)
self.is_all_methods=False, self.min_weight=0.0, self.max_weight=0.12
single_methods
method_type='mean_cvar_sharpe' np.sum(weights)=1.000000 active=91 weights.shape=(230,)
self.is_all_methods=False, self.min_weight=0.0, self.max_weight=0.12
single_methods
method_type='mean_cvar_sharpe' np.sum(weights)=1.000000 active=91 weights.shape=(230,)
self.is_all_methods=False, self.min_weight=0.0, self.max_weight=0.12
single_methods
method_type='mean_cvar_sharpe' np.sum(weights)=1.000000 active=87 weights.shape=(230,)
self.is_all_methods=False, self.min_weight=0.0, self.max_weight=0.12
single_methods
method_type='mean_cvar_sharpe' np.sum(weights)=1.000000 active=87 weights.shape=(230,)
self.is_all_methods=False, self.min_weight=0.0, self.max_weight=0.12
single_methods
method_type='mean_cvar_sharpe' np.sum(weights)=1.000000 active=87 weights.shape=(230,)
self.is_all_methods=False, self.min_weight=0.0, self.max_weight=0.12
single_methods
method_type='mean_cvar_sharpe' np.sum(weights)=1.000000 active=153 weights.shape=(230,)
self.is_all_methods=False, self.min_weight=0.0, self.max_weight=0.12
single_methods
method_type='mean_cvar_sharpe' np.sum(weights)=1.000000 active=153 weights.shape=(230,)
self.is_all_methods=False, self.min_weight=0.0, self.max_weight=0.12
single_methods
method_type='mean_cvar_sharpe' np.sum(weights)=1.000000 active=153 weights.shape=(230,)
self.is_all_methods=False, self.min_weight=0.0, self.max_weight=0.12
single_methods
method_type='mean_cvar_sharpe' np.sum(weights)=1.000000 active=87 weights.shape=(230,)
self.is_all_methods=False, self.min_weight=0.0, self.max_weight=0.12
single_methods
method_type='mean_cvar_sharpe' np.sum(weights)=1.000000 active=87 weights.shape=(230,)
self.is_all_methods=False, self.min_weight=0.0, self.max_weight=0.12
single_methods
method_type='mean_cvar_sharpe' np.sum(weights)=1.000000 active=87 weights.shape=(230,)
0.5 2020-11-02 00:00:00 1349.723321542054 -0.006682257586551187 6.339686992064928e-05 -0.006682257586551166
PROGRESS	2020-11-02	230	73	-0.006682257586551166	1349.723321542054
Portfolio optimization with 21 month weight rebalancing 2020-10-01 00:00:00: : 22it [04:19, 12.01s/it]Portfolio optimization with 22 month weight rebalancing 2020-11-02 00:00:00: : 22it [04:19, 12.01s/it]self.is_all_methods=False, self.min_weight=0.0, self.max_weight=0.08
single_methods
[RC-LP] method_type='return_cvar_constraint' sum=1.0000 active=19
self.is_all_methods=False, self.min_weight=0.0, self.max_weight=0.08
single_methods
[RC-LP] method_type='return_cvar_constraint' sum=1.0000 active=21
self.is_all_methods=False, self.min_weight=0.0, self.max_weight=0.08
single_methods
[RC-LP] method_type='return_cvar_constraint' sum=1.0000 active=21
self.is_all_methods=False, self.min_weight=0.0, self.max_weight=0.08
single_methods
[RC-LP] method_type='return_cvar_constraint' sum=1.0000 active=19
self.is_all_methods=False, self.min_weight=0.0, self.max_weight=0.08
single_methods
[RC-LP] method_type='return_cvar_constraint' sum=1.0000 active=18
self.is_all_methods=False, self.min_weight=0.0, self.max_weight=0.08
single_methods
[RC-LP] method_type='return_cvar_constraint' sum=1.0000 active=19
self.is_all_methods=False, self.min_weight=0.0, self.max_weight=0.08
single_methods
[RC-LP] method_type='return_cvar_constraint' sum=1.0000 active=28
self.is_all_methods=False, self.min_weight=0.0, self.max_weight=0.08
single_methods
[RC-LP] method_type='return_cvar_constraint' sum=1.0000 active=27
self.is_all_methods=False, self.min_weight=0.0, self.max_weight=0.08
single_methods
[RC-LP] method_type='return_cvar_constraint' sum=1.0000 active=36
self.is_all_methods=False, self.min_weight=0.0, self.max_weight=0.08
single_methods
[RC-LP] method_type='return_cvar_constraint' sum=1.0000 active=28
self.is_all_methods=False, self.min_weight=0.0, self.max_weight=0.08
single_methods
[RC-LP] method_type='return_cvar_constraint' sum=1.0000 active=29
self.is_all_methods=False, self.min_weight=0.0, self.max_weight=0.08
single_methods
[RC-LP] method_type='return_cvar_constraint' sum=1.0000 active=32
self.is_all_methods=False, self.min_weight=0.0, self.max_weight=0.12
single_methods
[RC-LP] method_type='return_cvar_constraint' sum=1.0000 active=13
self.is_all_methods=False, self.min_weight=0.0, self.max_weight=0.12
single_methods
[RC-LP] method_type='return_cvar_constraint' sum=1.0000 active=10
self.is_all_methods=False, self.min_weight=0.0, self.max_weight=0.12
single_methods
[RC-LP] method_type='return_cvar_constraint' sum=1.0000 active=10
self.is_all_methods=False, self.min_weight=0.0, self.max_weight=0.12
single_methods
[RC-LP] method_type='return_cvar_constraint' sum=1.0000 active=13
self.is_all_methods=False, self.min_weight=0.0, self.max_weight=0.12
single_methods
[RC-LP] method_type='return_cvar_constraint' sum=1.0000 active=11
self.is_all_methods=False, self.min_weight=0.0, self.max_weight=0.12
single_methods
[RC-LP] method_type='return_cvar_constraint' sum=1.0000 active=10
self.is_all_methods=False, self.min_weight=0.0, self.max_weight=0.12
single_methods
[RC-LP] method_type='return_cvar_constraint' sum=1.0000 active=21
self.is_all_methods=False, self.min_weight=0.0, self.max_weight=0.12
single_methods
[RC-LP] method_type='return_cvar_constraint' sum=1.0000 active=19
self.is_all_methods=False, self.min_weight=0.0, self.max_weight=0.12
single_methods
[RC-LP] method_type='return_cvar_constraint' sum=1.0000 active=19
self.is_all_methods=False, self.min_weight=0.0, self.max_weight=0.12
single_methods
[RC-LP] method_type='return_cvar_constraint' sum=1.0000 active=20
self.is_all_methods=False, self.min_weight=0.0, self.max_weight=0.12
single_methods
[RC-LP] method_type='return_cvar_constraint' sum=1.0000 active=19
self.is_all_methods=False, self.min_weight=0.0, self.max_weight=0.12
single_methods
[RC-LP] method_type='return_cvar_constraint' sum=1.0000 active=17
self.is_all_methods=False, self.min_weight=0.0, self.max_weight=0.08
single_methods
method_type='mean_cvar_sharpe' np.sum(weights)=1.000000 active=172 weights.shape=(230,)
self.is_all_methods=False, self.min_weight=0.0, self.max_weight=0.08
single_methods
method_type='mean_cvar_sharpe' np.sum(weights)=1.000000 active=172 weights.shape=(230,)
self.is_all_methods=False, self.min_weight=0.0, self.max_weight=0.08
single_methods
method_type='mean_cvar_sharpe' np.sum(weights)=1.000000 active=172 weights.shape=(230,)
self.is_all_methods=False, self.min_weight=0.0, self.max_weight=0.08
single_methods
method_type='mean_cvar_sharpe' np.sum(weights)=1.000000 active=70 weights.shape=(230,)
self.is_all_methods=False, self.min_weight=0.0, self.max_weight=0.08
single_methods
method_type='mean_cvar_sharpe' np.sum(weights)=1.000000 active=70 weights.shape=(230,)
self.is_all_methods=False, self.min_weight=0.0, self.max_weight=0.08
single_methods
method_type='mean_cvar_sharpe' np.sum(weights)=1.000000 active=70 weights.shape=(230,)
self.is_all_methods=False, self.min_weight=0.0, self.max_weight=0.08
single_methods
method_type='mean_cvar_sharpe' np.sum(weights)=1.000000 active=172 weights.shape=(230,)
self.is_all_methods=False, self.min_weight=0.0, self.max_weight=0.08
single_methods
method_type='mean_cvar_sharpe' np.sum(weights)=1.000000 active=172 weights.shape=(230,)
self.is_all_methods=False, self.min_weight=0.0, self.max_weight=0.08
single_methods
method_type='mean_cvar_sharpe' np.sum(weights)=1.000000 active=172 weights.shape=(230,)
self.is_all_methods=False, self.min_weight=0.0, self.max_weight=0.08
single_methods
method_type='mean_cvar_sharpe' np.sum(weights)=1.000000 active=175 weights.shape=(230,)
self.is_all_methods=False, self.min_weight=0.0, self.max_weight=0.08
single_methods
method_type='mean_cvar_sharpe' np.sum(weights)=1.000000 active=175 weights.shape=(230,)
self.is_all_methods=False, self.min_weight=0.0, self.max_weight=0.08
single_methods
method_type='mean_cvar_sharpe' np.sum(weights)=1.000000 active=175 weights.shape=(230,)
self.is_all_methods=False, self.min_weight=0.0, self.max_weight=0.12
single_methods
method_type='mean_cvar_sharpe' np.sum(weights)=1.000000 active=168 weights.shape=(230,)
self.is_all_methods=False, self.min_weight=0.0, self.max_weight=0.12
single_methods
method_type='mean_cvar_sharpe' np.sum(weights)=1.000000 active=168 weights.shape=(230,)
self.is_all_methods=False, self.min_weight=0.0, self.max_weight=0.12
single_methods
method_type='mean_cvar_sharpe' np.sum(weights)=1.000000 active=168 weights.shape=(230,)
self.is_all_methods=False, self.min_weight=0.0, self.max_weight=0.12
single_methods
method_type='mean_cvar_sharpe' np.sum(weights)=1.000000 active=71 weights.shape=(230,)
self.is_all_methods=False, self.min_weight=0.0, self.max_weight=0.12
single_methods
method_type='mean_cvar_sharpe' np.sum(weights)=1.000000 active=71 weights.shape=(230,)
self.is_all_methods=False, self.min_weight=0.0, self.max_weight=0.12
single_methods
method_type='mean_cvar_sharpe' np.sum(weights)=1.000000 active=71 weights.shape=(230,)
self.is_all_methods=False, self.min_weight=0.0, self.max_weight=0.12
single_methods
method_type='mean_cvar_sharpe' np.sum(weights)=1.000000 active=75 weights.shape=(230,)
self.is_all_methods=False, self.min_weight=0.0, self.max_weight=0.12
single_methods
method_type='mean_cvar_sharpe' np.sum(weights)=1.000000 active=75 weights.shape=(230,)
self.is_all_methods=False, self.min_weight=0.0, self.max_weight=0.12
single_methods
method_type='mean_cvar_sharpe' np.sum(weights)=1.000000 active=75 weights.shape=(230,)
self.is_all_methods=False, self.min_weight=0.0, self.max_weight=0.12
single_methods
method_type='mean_cvar_sharpe' np.sum(weights)=1.000000 active=173 weights.shape=(230,)
self.is_all_methods=False, self.min_weight=0.0, self.max_weight=0.12
single_methods
method_type='mean_cvar_sharpe' np.sum(weights)=1.000000 active=173 weights.shape=(230,)
self.is_all_methods=False, self.min_weight=0.0, self.max_weight=0.12
single_methods
method_type='mean_cvar_sharpe' np.sum(weights)=1.000000 active=173 weights.shape=(230,)
1.0 2020-12-01 00:00:00 1440.8807262252526 0.06753784514818315 8.43733230067332e-05 0.06753784514818317
PROGRESS	2020-12-01	230	73	0.06753784514818317	1440.8807262252526
Portfolio optimization with 22 month weight rebalancing 2020-11-02 00:00:00: : 23it [04:29, 11.51s/it]Portfolio optimization with 23 month weight rebalancing 2020-12-01 00:00:00: : 23it [04:29, 11.51s/it]self.is_all_methods=False, self.min_weight=0.0, self.max_weight=0.08
single_methods
[RC-LP] method_type='return_cvar_constraint' sum=1.0000 active=17
self.is_all_methods=False, self.min_weight=0.0, self.max_weight=0.08
single_methods
[RC-LP] method_type='return_cvar_constraint' sum=1.0000 active=16
self.is_all_methods=False, self.min_weight=0.0, self.max_weight=0.08
single_methods
[RC-LP] method_type='return_cvar_constraint' sum=1.0000 active=17
self.is_all_methods=False, self.min_weight=0.0, self.max_weight=0.08
single_methods
[RC-LP] method_type='return_cvar_constraint' sum=1.0000 active=19
self.is_all_methods=False, self.min_weight=0.0, self.max_weight=0.08
single_methods
[RC-LP] method_type='return_cvar_constraint' sum=1.0000 active=17
self.is_all_methods=False, self.min_weight=0.0, self.max_weight=0.08
single_methods
[RC-LP] method_type='return_cvar_constraint' sum=1.0000 active=16
self.is_all_methods=False, self.min_weight=0.0, self.max_weight=0.08
single_methods
[RC-LP] method_type='return_cvar_constraint' sum=1.0000 active=28
self.is_all_methods=False, self.min_weight=0.0, self.max_weight=0.08
single_methods
[RC-LP] method_type='return_cvar_constraint' sum=1.0000 active=25
self.is_all_methods=False, self.min_weight=0.0, self.max_weight=0.08
single_methods
[RC-LP] method_type='return_cvar_constraint' sum=1.0000 active=29
self.is_all_methods=False, self.min_weight=0.0, self.max_weight=0.08
single_methods
[RC-LP] method_type='return_cvar_constraint' sum=1.0000 active=30
self.is_all_methods=False, self.min_weight=0.0, self.max_weight=0.08
single_methods
[RC-LP] method_type='return_cvar_constraint' sum=1.0000 active=27
self.is_all_methods=False, self.min_weight=0.0, self.max_weight=0.08
single_methods
[RC-LP] method_type='return_cvar_constraint' sum=1.0000 active=26
self.is_all_methods=False, self.min_weight=0.0, self.max_weight=0.12
single_methods
[RC-LP] method_type='return_cvar_constraint' sum=1.0000 active=13
self.is_all_methods=False, self.min_weight=0.0, self.max_weight=0.12
single_methods
[RC-LP] method_type='return_cvar_constraint' sum=1.0000 active=13
self.is_all_methods=False, self.min_weight=0.0, self.max_weight=0.12
single_methods
[RC-LP] method_type='return_cvar_constraint' sum=1.0000 active=13
self.is_all_methods=False, self.min_weight=0.0, self.max_weight=0.12
single_methods
[RC-LP] method_type='return_cvar_constraint' sum=1.0000 active=12
self.is_all_methods=False, self.min_weight=0.0, self.max_weight=0.12
single_methods
[RC-LP] method_type='return_cvar_constraint' sum=1.0000 active=14
self.is_all_methods=False, self.min_weight=0.0, self.max_weight=0.12
single_methods
[RC-LP] method_type='return_cvar_constraint' sum=1.0000 active=15
self.is_all_methods=False, self.min_weight=0.0, self.max_weight=0.12
single_methods
[RC-LP] method_type='return_cvar_constraint' sum=1.0000 active=21
self.is_all_methods=False, self.min_weight=0.0, self.max_weight=0.12
single_methods
[RC-LP] method_type='return_cvar_constraint' sum=1.0000 active=20
self.is_all_methods=False, self.min_weight=0.0, self.max_weight=0.12
single_methods
[RC-LP] method_type='return_cvar_constraint' sum=1.0000 active=19
self.is_all_methods=False, self.min_weight=0.0, self.max_weight=0.12
single_methods
[RC-LP] method_type='return_cvar_constraint' sum=1.0000 active=21
self.is_all_methods=False, self.min_weight=0.0, self.max_weight=0.12
single_methods
[RC-LP] method_type='return_cvar_constraint' sum=1.0000 active=21
self.is_all_methods=False, self.min_weight=0.0, self.max_weight=0.12
single_methods
[RC-LP] method_type='return_cvar_constraint' sum=1.0000 active=21
self.is_all_methods=False, self.min_weight=0.0, self.max_weight=0.08
single_methods
method_type='mean_cvar_sharpe' np.sum(weights)=1.000000 active=71 weights.shape=(231,)
self.is_all_methods=False, self.min_weight=0.0, self.max_weight=0.08
single_methods
method_type='mean_cvar_sharpe' np.sum(weights)=1.000000 active=71 weights.shape=(231,)
self.is_all_methods=False, self.min_weight=0.0, self.max_weight=0.08
single_methods
method_type='mean_cvar_sharpe' np.sum(weights)=1.000000 active=71 weights.shape=(231,)
self.is_all_methods=False, self.min_weight=0.0, self.max_weight=0.08
single_methods
method_type='mean_cvar_sharpe' np.sum(weights)=1.000000 active=74 weights.shape=(231,)
self.is_all_methods=False, self.min_weight=0.0, self.max_weight=0.08
single_methods
method_type='mean_cvar_sharpe' np.sum(weights)=1.000000 active=74 weights.shape=(231,)
self.is_all_methods=False, self.min_weight=0.0, self.max_weight=0.08
single_methods
method_type='mean_cvar_sharpe' np.sum(weights)=1.000000 active=74 weights.shape=(231,)
self.is_all_methods=False, self.min_weight=0.0, self.max_weight=0.08
single_methods
method_type='mean_cvar_sharpe' np.sum(weights)=1.000000 active=177 weights.shape=(231,)
self.is_all_methods=False, self.min_weight=0.0, self.max_weight=0.08
single_methods
method_type='mean_cvar_sharpe' np.sum(weights)=1.000000 active=177 weights.shape=(231,)
self.is_all_methods=False, self.min_weight=0.0, self.max_weight=0.08
single_methods
method_type='mean_cvar_sharpe' np.sum(weights)=1.000000 active=177 weights.shape=(231,)
self.is_all_methods=False, self.min_weight=0.0, self.max_weight=0.08
single_methods
method_type='mean_cvar_sharpe' np.sum(weights)=1.000000 active=175 weights.shape=(231,)
self.is_all_methods=False, self.min_weight=0.0, self.max_weight=0.08
single_methods
method_type='mean_cvar_sharpe' np.sum(weights)=1.000000 active=175 weights.shape=(231,)
self.is_all_methods=False, self.min_weight=0.0, self.max_weight=0.08
single_methods
method_type='mean_cvar_sharpe' np.sum(weights)=1.000000 active=175 weights.shape=(231,)
self.is_all_methods=False, self.min_weight=0.0, self.max_weight=0.12
single_methods
method_type='mean_cvar_sharpe' np.sum(weights)=1.000000 active=171 weights.shape=(231,)
self.is_all_methods=False, self.min_weight=0.0, self.max_weight=0.12
single_methods
method_type='mean_cvar_sharpe' np.sum(weights)=1.000000 active=171 weights.shape=(231,)
self.is_all_methods=False, self.min_weight=0.0, self.max_weight=0.12
single_methods
method_type='mean_cvar_sharpe' np.sum(weights)=1.000000 active=171 weights.shape=(231,)
self.is_all_methods=False, self.min_weight=0.0, self.max_weight=0.12
single_methods
method_type='mean_cvar_sharpe' np.sum(weights)=1.000000 active=169 weights.shape=(231,)
self.is_all_methods=False, self.min_weight=0.0, self.max_weight=0.12
single_methods
method_type='mean_cvar_sharpe' np.sum(weights)=1.000000 active=169 weights.shape=(231,)
self.is_all_methods=False, self.min_weight=0.0, self.max_weight=0.12
single_methods
method_type='mean_cvar_sharpe' np.sum(weights)=1.000000 active=169 weights.shape=(231,)
self.is_all_methods=False, self.min_weight=0.0, self.max_weight=0.12
single_methods
method_type='mean_cvar_sharpe' np.sum(weights)=1.000000 active=170 weights.shape=(231,)
self.is_all_methods=False, self.min_weight=0.0, self.max_weight=0.12
single_methods
method_type='mean_cvar_sharpe' np.sum(weights)=1.000000 active=170 weights.shape=(231,)
self.is_all_methods=False, self.min_weight=0.0, self.max_weight=0.12
single_methods
method_type='mean_cvar_sharpe' np.sum(weights)=1.000000 active=170 weights.shape=(231,)
self.is_all_methods=False, self.min_weight=0.0, self.max_weight=0.12
single_methods
method_type='mean_cvar_sharpe' np.sum(weights)=1.000000 active=231 weights.shape=(231,)
self.is_all_methods=False, self.min_weight=0.0, self.max_weight=0.12
single_methods
method_type='mean_cvar_sharpe' np.sum(weights)=1.000000 active=231 weights.shape=(231,)
self.is_all_methods=False, self.min_weight=0.0, self.max_weight=0.12
single_methods
method_type='mean_cvar_sharpe' np.sum(weights)=1.000000 active=231 weights.shape=(231,)
1.0 2021-01-04 00:00:00 1483.2905276519273 0.02943324916128045 5.791361727478771e-05 0.02943324916128054
PROGRESS	2021-01-04	231	72	0.02943324916128054	1483.2905276519273
Portfolio optimization with 23 month weight rebalancing 2020-12-01 00:00:00: : 24it [04:40, 11.37s/it]Portfolio optimization with 24 month weight rebalancing 2021-01-04 00:00:00: : 24it [04:40, 11.37s/it]self.is_all_methods=False, self.min_weight=0.0, self.max_weight=0.08
single_methods
[RC-LP] method_type='return_cvar_constraint' sum=1.0000 active=22
self.is_all_methods=False, self.min_weight=0.0, self.max_weight=0.08
single_methods
[RC-LP] method_type='return_cvar_constraint' sum=1.0000 active=21
self.is_all_methods=False, self.min_weight=0.0, self.max_weight=0.08
single_methods
[RC-LP] method_type='return_cvar_constraint' sum=1.0000 active=20
self.is_all_methods=False, self.min_weight=0.0, self.max_weight=0.08
single_methods
[RC-LP] method_type='return_cvar_constraint' sum=1.0000 active=22
self.is_all_methods=False, self.min_weight=0.0, self.max_weight=0.08
single_methods
[RC-LP] method_type='return_cvar_constraint' sum=1.0000 active=21
self.is_all_methods=False, self.min_weight=0.0, self.max_weight=0.08
single_methods
[RC-LP] method_type='return_cvar_constraint' sum=1.0000 active=18
self.is_all_methods=False, self.min_weight=0.0, self.max_weight=0.08
single_methods
[RC-LP] method_type='return_cvar_constraint' sum=1.0000 active=33
self.is_all_methods=False, self.min_weight=0.0, self.max_weight=0.08
single_methods
[RC-LP] method_type='return_cvar_constraint' sum=1.0000 active=33
self.is_all_methods=False, self.min_weight=0.0, self.max_weight=0.08
single_methods
[RC-LP] method_type='return_cvar_constraint' sum=1.0000 active=32
self.is_all_methods=False, self.min_weight=0.0, self.max_weight=0.08
single_methods
[RC-LP] method_type='return_cvar_constraint' sum=1.0000 active=35
self.is_all_methods=False, self.min_weight=0.0, self.max_weight=0.08
single_methods
[RC-LP] method_type='return_cvar_constraint' sum=1.0000 active=35
self.is_all_methods=False, self.min_weight=0.0, self.max_weight=0.08
single_methods
[RC-LP] method_type='return_cvar_constraint' sum=1.0000 active=34
self.is_all_methods=False, self.min_weight=0.0, self.max_weight=0.12
single_methods
[RC-LP] method_type='return_cvar_constraint' sum=1.0000 active=17
self.is_all_methods=False, self.min_weight=0.0, self.max_weight=0.12
single_methods
[RC-LP] method_type='return_cvar_constraint' sum=1.0000 active=19
self.is_all_methods=False, self.min_weight=0.0, self.max_weight=0.12
single_methods
[RC-LP] method_type='return_cvar_constraint' sum=1.0000 active=14
self.is_all_methods=False, self.min_weight=0.0, self.max_weight=0.12
single_methods
[RC-LP] method_type='return_cvar_constraint' sum=1.0000 active=15
self.is_all_methods=False, self.min_weight=0.0, self.max_weight=0.12
single_methods
[RC-LP] method_type='return_cvar_constraint' sum=1.0000 active=13
self.is_all_methods=False, self.min_weight=0.0, self.max_weight=0.12
single_methods
[RC-LP] method_type='return_cvar_constraint' sum=1.0000 active=13
self.is_all_methods=False, self.min_weight=0.0, self.max_weight=0.12
single_methods
[RC-LP] method_type='return_cvar_constraint' sum=1.0000 active=26
self.is_all_methods=False, self.min_weight=0.0, self.max_weight=0.12
single_methods
[RC-LP] method_type='return_cvar_constraint' sum=1.0000 active=26
self.is_all_methods=False, self.min_weight=0.0, self.max_weight=0.12
single_methods
[RC-LP] method_type='return_cvar_constraint' sum=1.0000 active=28
self.is_all_methods=False, self.min_weight=0.0, self.max_weight=0.12
single_methods
[RC-LP] method_type='return_cvar_constraint' sum=1.0000 active=28
self.is_all_methods=False, self.min_weight=0.0, self.max_weight=0.12
single_methods
[RC-LP] method_type='return_cvar_constraint' sum=1.0000 active=27
self.is_all_methods=False, self.min_weight=0.0, self.max_weight=0.12
single_methods
[RC-LP] method_type='return_cvar_constraint' sum=1.0000 active=26
self.is_all_methods=False, self.min_weight=0.0, self.max_weight=0.08
single_methods
method_type='mean_cvar_sharpe' np.sum(weights)=1.000000 active=76 weights.shape=(230,)
self.is_all_methods=False, self.min_weight=0.0, self.max_weight=0.08
single_methods
method_type='mean_cvar_sharpe' np.sum(weights)=1.000000 active=76 weights.shape=(230,)
self.is_all_methods=False, self.min_weight=0.0, self.max_weight=0.08
single_methods
method_type='mean_cvar_sharpe' np.sum(weights)=1.000000 active=76 weights.shape=(230,)
self.is_all_methods=False, self.min_weight=0.0, self.max_weight=0.08
single_methods
method_type='mean_cvar_sharpe' np.sum(weights)=1.000000 active=78 weights.shape=(230,)
self.is_all_methods=False, self.min_weight=0.0, self.max_weight=0.08
single_methods
method_type='mean_cvar_sharpe' np.sum(weights)=1.000000 active=78 weights.shape=(230,)
self.is_all_methods=False, self.min_weight=0.0, self.max_weight=0.08
single_methods
method_type='mean_cvar_sharpe' np.sum(weights)=1.000000 active=78 weights.shape=(230,)
self.is_all_methods=False, self.min_weight=0.0, self.max_weight=0.08
single_methods
method_type='mean_cvar_sharpe' np.sum(weights)=1.000000 active=230 weights.shape=(230,)
self.is_all_methods=False, self.min_weight=0.0, self.max_weight=0.08
single_methods
method_type='mean_cvar_sharpe' np.sum(weights)=1.000000 active=230 weights.shape=(230,)
self.is_all_methods=False, self.min_weight=0.0, self.max_weight=0.08
single_methods
method_type='mean_cvar_sharpe' np.sum(weights)=1.000000 active=230 weights.shape=(230,)
self.is_all_methods=False, self.min_weight=0.0, self.max_weight=0.08
single_methods
method_type='mean_cvar_sharpe' np.sum(weights)=1.000000 active=77 weights.shape=(230,)
self.is_all_methods=False, self.min_weight=0.0, self.max_weight=0.08
single_methods
method_type='mean_cvar_sharpe' np.sum(weights)=1.000000 active=77 weights.shape=(230,)
self.is_all_methods=False, self.min_weight=0.0, self.max_weight=0.08
single_methods
method_type='mean_cvar_sharpe' np.sum(weights)=1.000000 active=77 weights.shape=(230,)
self.is_all_methods=False, self.min_weight=0.0, self.max_weight=0.12
single_methods
method_type='mean_cvar_sharpe' np.sum(weights)=1.000000 active=230 weights.shape=(230,)
self.is_all_methods=False, self.min_weight=0.0, self.max_weight=0.12
single_methods
method_type='mean_cvar_sharpe' np.sum(weights)=1.000000 active=230 weights.shape=(230,)
self.is_all_methods=False, self.min_weight=0.0, self.max_weight=0.12
single_methods
method_type='mean_cvar_sharpe' np.sum(weights)=1.000000 active=230 weights.shape=(230,)
self.is_all_methods=False, self.min_weight=0.0, self.max_weight=0.12
single_methods
method_type='mean_cvar_sharpe' np.sum(weights)=1.000000 active=85 weights.shape=(230,)
self.is_all_methods=False, self.min_weight=0.0, self.max_weight=0.12
single_methods
method_type='mean_cvar_sharpe' np.sum(weights)=1.000000 active=85 weights.shape=(230,)
self.is_all_methods=False, self.min_weight=0.0, self.max_weight=0.12
single_methods
method_type='mean_cvar_sharpe' np.sum(weights)=1.000000 active=85 weights.shape=(230,)
self.is_all_methods=False, self.min_weight=0.0, self.max_weight=0.12
single_methods
method_type='mean_cvar_sharpe' np.sum(weights)=1.000000 active=80 weights.shape=(230,)
self.is_all_methods=False, self.min_weight=0.0, self.max_weight=0.12
single_methods
method_type='mean_cvar_sharpe' np.sum(weights)=1.000000 active=80 weights.shape=(230,)
self.is_all_methods=False, self.min_weight=0.0, self.max_weight=0.12
single_methods
method_type='mean_cvar_sharpe' np.sum(weights)=1.000000 active=80 weights.shape=(230,)
self.is_all_methods=False, self.min_weight=0.0, self.max_weight=0.12
single_methods
method_type='mean_cvar_sharpe' np.sum(weights)=1.000000 active=163 weights.shape=(230,)
self.is_all_methods=False, self.min_weight=0.0, self.max_weight=0.12
single_methods
method_type='mean_cvar_sharpe' np.sum(weights)=1.000000 active=163 weights.shape=(230,)
self.is_all_methods=False, self.min_weight=0.0, self.max_weight=0.12
single_methods
method_type='mean_cvar_sharpe' np.sum(weights)=1.000000 active=163 weights.shape=(230,)
1.0 2021-02-01 00:00:00 1489.6524401137297 0.004289053522018545 6.182453409557068e-05 0.004289053522018582
PROGRESS	2021-02-01	230	71	0.004289053522018582	1489.6524401137297
Portfolio optimization with 24 month weight rebalancing 2021-01-04 00:00:00: : 25it [04:52, 11.46s/it]Portfolio optimization with 25 month weight rebalancing 2021-02-01 00:00:00: : 25it [04:52, 11.46s/it]self.is_all_methods=False, self.min_weight=0.0, self.max_weight=0.08
single_methods
[RC-LP] method_type='return_cvar_constraint' sum=1.0000 active=21
self.is_all_methods=False, self.min_weight=0.0, self.max_weight=0.08
single_methods
[RC-LP] method_type='return_cvar_constraint' sum=1.0000 active=21
self.is_all_methods=False, self.min_weight=0.0, self.max_weight=0.08
single_methods
[RC-LP] method_type='return_cvar_constraint' sum=1.0000 active=20
self.is_all_methods=False, self.min_weight=0.0, self.max_weight=0.08
single_methods
[RC-LP] method_type='return_cvar_constraint' sum=1.0000 active=20
self.is_all_methods=False, self.min_weight=0.0, self.max_weight=0.08
single_methods
[RC-LP] method_type='return_cvar_constraint' sum=1.0000 active=20
self.is_all_methods=False, self.min_weight=0.0, self.max_weight=0.08
single_methods
[RC-LP] method_type='return_cvar_constraint' sum=1.0000 active=21
self.is_all_methods=False, self.min_weight=0.0, self.max_weight=0.08
single_methods
[RC-LP] method_type='return_cvar_constraint' sum=1.0000 active=30
self.is_all_methods=False, self.min_weight=0.0, self.max_weight=0.08
single_methods
[RC-LP] method_type='return_cvar_constraint' sum=1.0000 active=28
self.is_all_methods=False, self.min_weight=0.0, self.max_weight=0.08
single_methods
[RC-LP] method_type='return_cvar_constraint' sum=1.0000 active=29
self.is_all_methods=False, self.min_weight=0.0, self.max_weight=0.08
single_methods
[RC-LP] method_type='return_cvar_constraint' sum=1.0000 active=31
self.is_all_methods=False, self.min_weight=0.0, self.max_weight=0.08
single_methods
[RC-LP] method_type='return_cvar_constraint' sum=1.0000 active=31
self.is_all_methods=False, self.min_weight=0.0, self.max_weight=0.08
single_methods
[RC-LP] method_type='return_cvar_constraint' sum=1.0000 active=30
self.is_all_methods=False, self.min_weight=0.0, self.max_weight=0.12
single_methods
[RC-LP] method_type='return_cvar_constraint' sum=1.0000 active=17
self.is_all_methods=False, self.min_weight=0.0, self.max_weight=0.12
single_methods
[RC-LP] method_type='return_cvar_constraint' sum=1.0000 active=17
self.is_all_methods=False, self.min_weight=0.0, self.max_weight=0.12
single_methods
[RC-LP] method_type='return_cvar_constraint' sum=1.0000 active=13
self.is_all_methods=False, self.min_weight=0.0, self.max_weight=0.12
single_methods
[RC-LP] method_type='return_cvar_constraint' sum=1.0000 active=18
self.is_all_methods=False, self.min_weight=0.0, self.max_weight=0.12
single_methods
[RC-LP] method_type='return_cvar_constraint' sum=1.0000 active=17
self.is_all_methods=False, self.min_weight=0.0, self.max_weight=0.12
single_methods
[RC-LP] method_type='return_cvar_constraint' sum=1.0000 active=13
self.is_all_methods=False, self.min_weight=0.0, self.max_weight=0.12
single_methods
[RC-LP] method_type='return_cvar_constraint' sum=1.0000 active=23
self.is_all_methods=False, self.min_weight=0.0, self.max_weight=0.12
single_methods
[RC-LP] method_type='return_cvar_constraint' sum=1.0000 active=24
self.is_all_methods=False, self.min_weight=0.0, self.max_weight=0.12
single_methods
[RC-LP] method_type='return_cvar_constraint' sum=1.0000 active=23
self.is_all_methods=False, self.min_weight=0.0, self.max_weight=0.12
single_methods
[RC-LP] method_type='return_cvar_constraint' sum=1.0000 active=24
self.is_all_methods=False, self.min_weight=0.0, self.max_weight=0.12
single_methods
[RC-LP] method_type='return_cvar_constraint' sum=1.0000 active=23
self.is_all_methods=False, self.min_weight=0.0, self.max_weight=0.12
single_methods
[RC-LP] method_type='return_cvar_constraint' sum=1.0000 active=24
self.is_all_methods=False, self.min_weight=0.0, self.max_weight=0.08
single_methods
method_type='mean_cvar_sharpe' np.sum(weights)=1.000000 active=79 weights.shape=(231,)
self.is_all_methods=False, self.min_weight=0.0, self.max_weight=0.08
single_methods
method_type='mean_cvar_sharpe' np.sum(weights)=1.000000 active=79 weights.shape=(231,)
self.is_all_methods=False, self.min_weight=0.0, self.max_weight=0.08
single_methods
method_type='mean_cvar_sharpe' np.sum(weights)=1.000000 active=79 weights.shape=(231,)
self.is_all_methods=False, self.min_weight=0.0, self.max_weight=0.08
single_methods
method_type='mean_cvar_sharpe' np.sum(weights)=1.000000 active=231 weights.shape=(231,)
self.is_all_methods=False, self.min_weight=0.0, self.max_weight=0.08
single_methods
method_type='mean_cvar_sharpe' np.sum(weights)=1.000000 active=231 weights.shape=(231,)
self.is_all_methods=False, self.min_weight=0.0, self.max_weight=0.08
single_methods
method_type='mean_cvar_sharpe' np.sum(weights)=1.000000 active=231 weights.shape=(231,)
self.is_all_methods=False, self.min_weight=0.0, self.max_weight=0.08
single_methods
method_type='mean_cvar_sharpe' np.sum(weights)=1.000000 active=167 weights.shape=(231,)
self.is_all_methods=False, self.min_weight=0.0, self.max_weight=0.08
single_methods
method_type='mean_cvar_sharpe' np.sum(weights)=1.000000 active=167 weights.shape=(231,)
self.is_all_methods=False, self.min_weight=0.0, self.max_weight=0.08
single_methods
method_type='mean_cvar_sharpe' np.sum(weights)=1.000000 active=167 weights.shape=(231,)
self.is_all_methods=False, self.min_weight=0.0, self.max_weight=0.08
single_methods
method_type='mean_cvar_sharpe' np.sum(weights)=1.000000 active=169 weights.shape=(231,)
self.is_all_methods=False, self.min_weight=0.0, self.max_weight=0.08
single_methods
method_type='mean_cvar_sharpe' np.sum(weights)=1.000000 active=169 weights.shape=(231,)
self.is_all_methods=False, self.min_weight=0.0, self.max_weight=0.08
single_methods
method_type='mean_cvar_sharpe' np.sum(weights)=1.000000 active=169 weights.shape=(231,)
self.is_all_methods=False, self.min_weight=0.0, self.max_weight=0.12
single_methods
method_type='mean_cvar_sharpe' np.sum(weights)=1.000000 active=161 weights.shape=(231,)
self.is_all_methods=False, self.min_weight=0.0, self.max_weight=0.12
single_methods
method_type='mean_cvar_sharpe' np.sum(weights)=1.000000 active=161 weights.shape=(231,)
self.is_all_methods=False, self.min_weight=0.0, self.max_weight=0.12
single_methods
method_type='mean_cvar_sharpe' np.sum(weights)=1.000000 active=161 weights.shape=(231,)
self.is_all_methods=False, self.min_weight=0.0, self.max_weight=0.12
single_methods
method_type='mean_cvar_sharpe' np.sum(weights)=1.000000 active=125 weights.shape=(231,)
self.is_all_methods=False, self.min_weight=0.0, self.max_weight=0.12
single_methods
method_type='mean_cvar_sharpe' np.sum(weights)=1.000000 active=125 weights.shape=(231,)
self.is_all_methods=False, self.min_weight=0.0, self.max_weight=0.12
single_methods
method_type='mean_cvar_sharpe' np.sum(weights)=1.000000 active=125 weights.shape=(231,)
self.is_all_methods=False, self.min_weight=0.0, self.max_weight=0.12
single_methods
method_type='mean_cvar_sharpe' np.sum(weights)=1.000000 active=82 weights.shape=(231,)
self.is_all_methods=False, self.min_weight=0.0, self.max_weight=0.12
single_methods
method_type='mean_cvar_sharpe' np.sum(weights)=1.000000 active=82 weights.shape=(231,)
self.is_all_methods=False, self.min_weight=0.0, self.max_weight=0.12
single_methods
method_type='mean_cvar_sharpe' np.sum(weights)=1.000000 active=82 weights.shape=(231,)
self.is_all_methods=False, self.min_weight=0.0, self.max_weight=0.12
single_methods
method_type='mean_cvar_sharpe' np.sum(weights)=1.000000 active=217 weights.shape=(231,)
self.is_all_methods=False, self.min_weight=0.0, self.max_weight=0.12
single_methods
method_type='mean_cvar_sharpe' np.sum(weights)=1.000000 active=217 weights.shape=(231,)
self.is_all_methods=False, self.min_weight=0.0, self.max_weight=0.12
single_methods
method_type='mean_cvar_sharpe' np.sum(weights)=1.000000 active=217 weights.shape=(231,)
self.is_all_methods=False, self.min_weight=0.0, self.max_weight=0.12
single_methods
[RC-LP] method_type='return_cvar_constraint' sum=1.0000 active=14
1.0 2021-03-01 00:00:00 1450.6002330760575 -0.026215650030882772 0.0012842943978079685 -0.026215650030882776
PROGRESS	2021-03-01	231	13	-0.026215650030882776	1450.6002330760575
Portfolio optimization with 25 month weight rebalancing 2021-02-01 00:00:00: : 26it [05:03, 11.19s/it]Portfolio optimization with 26 month weight rebalancing 2021-03-01 00:00:00: : 26it [05:03, 11.19s/it]self.is_all_methods=False, self.min_weight=0.0, self.max_weight=0.08
single_methods
[RC-LP] method_type='return_cvar_constraint' sum=1.0000 active=13
self.is_all_methods=False, self.min_weight=0.0, self.max_weight=0.08
single_methods
[RC-LP] method_type='return_cvar_constraint' sum=1.0000 active=13
self.is_all_methods=False, self.min_weight=0.0, self.max_weight=0.08
single_methods
[RC-LP] method_type='return_cvar_constraint' sum=1.0000 active=13
self.is_all_methods=False, self.min_weight=0.0, self.max_weight=0.08
single_methods
[RC-LP] method_type='return_cvar_constraint' sum=1.0000 active=13
self.is_all_methods=False, self.min_weight=0.0, self.max_weight=0.08
single_methods
[RC-LP] method_type='return_cvar_constraint' sum=1.0000 active=13
self.is_all_methods=False, self.min_weight=0.0, self.max_weight=0.08
single_methods
[RC-LP] method_type='return_cvar_constraint' sum=1.0000 active=13
self.is_all_methods=False, self.min_weight=0.0, self.max_weight=0.08
single_methods
[RC-LP] method_type='return_cvar_constraint' sum=1.0000 active=13
self.is_all_methods=False, self.min_weight=0.0, self.max_weight=0.08
single_methods
[RC-LP] method_type='return_cvar_constraint' sum=1.0000 active=13
self.is_all_methods=False, self.min_weight=0.0, self.max_weight=0.08
single_methods
[RC-LP] method_type='return_cvar_constraint' sum=1.0000 active=13
self.is_all_methods=False, self.min_weight=0.0, self.max_weight=0.08
single_methods
[RC-LP] method_type='return_cvar_constraint' sum=1.0000 active=14
self.is_all_methods=False, self.min_weight=0.0, self.max_weight=0.08
single_methods
[RC-LP] method_type='return_cvar_constraint' sum=1.0000 active=13
self.is_all_methods=False, self.min_weight=0.0, self.max_weight=0.08
single_methods
[RC-LP] method_type='return_cvar_constraint' sum=1.0000 active=13
self.is_all_methods=False, self.min_weight=0.0, self.max_weight=0.12
single_methods
[RC-LP] method_type='return_cvar_constraint' sum=1.0000 active=9
self.is_all_methods=False, self.min_weight=0.0, self.max_weight=0.12
single_methods
[RC-LP] method_type='return_cvar_constraint' sum=1.0000 active=9
self.is_all_methods=False, self.min_weight=0.0, self.max_weight=0.12
single_methods
[RC-LP] method_type='return_cvar_constraint' sum=1.0000 active=9
self.is_all_methods=False, self.min_weight=0.0, self.max_weight=0.12
single_methods
[RC-LP] method_type='return_cvar_constraint' sum=1.0000 active=9
self.is_all_methods=False, self.min_weight=0.0, self.max_weight=0.12
single_methods
[RC-LP] method_type='return_cvar_constraint' sum=1.0000 active=9
self.is_all_methods=False, self.min_weight=0.0, self.max_weight=0.12
single_methods
[RC-LP] method_type='return_cvar_constraint' sum=1.0000 active=9
self.is_all_methods=False, self.min_weight=0.0, self.max_weight=0.12
single_methods
[RC-LP] method_type='return_cvar_constraint' sum=1.0000 active=9
self.is_all_methods=False, self.min_weight=0.0, self.max_weight=0.12
single_methods
[RC-LP] method_type='return_cvar_constraint' sum=1.0000 active=9
self.is_all_methods=False, self.min_weight=0.0, self.max_weight=0.12
single_methods
[RC-LP] method_type='return_cvar_constraint' sum=1.0000 active=9
self.is_all_methods=False, self.min_weight=0.0, self.max_weight=0.12
single_methods
[RC-LP] method_type='return_cvar_constraint' sum=1.0000 active=10
self.is_all_methods=False, self.min_weight=0.0, self.max_weight=0.12
single_methods
[RC-LP] method_type='return_cvar_constraint' sum=1.0000 active=9
self.is_all_methods=False, self.min_weight=0.0, self.max_weight=0.12
single_methods
[RC-LP] method_type='return_cvar_constraint' sum=1.0000 active=9
self.is_all_methods=False, self.min_weight=0.0, self.max_weight=0.08
single_methods
method_type='mean_cvar_sharpe' np.sum(weights)=1.000000 active=223 weights.shape=(235,)
self.is_all_methods=False, self.min_weight=0.0, self.max_weight=0.08
single_methods
method_type='mean_cvar_sharpe' np.sum(weights)=1.000000 active=223 weights.shape=(235,)
self.is_all_methods=False, self.min_weight=0.0, self.max_weight=0.08
single_methods
method_type='mean_cvar_sharpe' np.sum(weights)=1.000000 active=223 weights.shape=(235,)
self.is_all_methods=False, self.min_weight=0.0, self.max_weight=0.08
single_methods
method_type='mean_cvar_sharpe' np.sum(weights)=1.000000 active=235 weights.shape=(235,)
self.is_all_methods=False, self.min_weight=0.0, self.max_weight=0.08
single_methods
method_type='mean_cvar_sharpe' np.sum(weights)=1.000000 active=235 weights.shape=(235,)
self.is_all_methods=False, self.min_weight=0.0, self.max_weight=0.08
single_methods
method_type='mean_cvar_sharpe' np.sum(weights)=1.000000 active=235 weights.shape=(235,)
self.is_all_methods=False, self.min_weight=0.0, self.max_weight=0.08
single_methods
method_type='mean_cvar_sharpe' np.sum(weights)=1.000000 active=223 weights.shape=(235,)
self.is_all_methods=False, self.min_weight=0.0, self.max_weight=0.08
single_methods
method_type='mean_cvar_sharpe' np.sum(weights)=1.000000 active=223 weights.shape=(235,)
self.is_all_methods=False, self.min_weight=0.0, self.max_weight=0.08
single_methods
method_type='mean_cvar_sharpe' np.sum(weights)=1.000000 active=223 weights.shape=(235,)
self.is_all_methods=False, self.min_weight=0.0, self.max_weight=0.08
single_methods
method_type='mean_cvar_sharpe' np.sum(weights)=1.000000 active=235 weights.shape=(235,)
self.is_all_methods=False, self.min_weight=0.0, self.max_weight=0.08
single_methods
method_type='mean_cvar_sharpe' np.sum(weights)=1.000000 active=235 weights.shape=(235,)
self.is_all_methods=False, self.min_weight=0.0, self.max_weight=0.08
single_methods
method_type='mean_cvar_sharpe' np.sum(weights)=1.000000 active=235 weights.shape=(235,)
self.is_all_methods=False, self.min_weight=0.0, self.max_weight=0.12
single_methods
method_type='mean_cvar_sharpe' np.sum(weights)=1.000000 active=22 weights.shape=(235,)
self.is_all_methods=False, self.min_weight=0.0, self.max_weight=0.12
single_methods
method_type='mean_cvar_sharpe' np.sum(weights)=1.000000 active=22 weights.shape=(235,)
self.is_all_methods=False, self.min_weight=0.0, self.max_weight=0.12
single_methods
method_type='mean_cvar_sharpe' np.sum(weights)=1.000000 active=22 weights.shape=(235,)
self.is_all_methods=False, self.min_weight=0.0, self.max_weight=0.12
single_methods
method_type='mean_cvar_sharpe' np.sum(weights)=1.000000 active=226 weights.shape=(235,)
self.is_all_methods=False, self.min_weight=0.0, self.max_weight=0.12
single_methods
method_type='mean_cvar_sharpe' np.sum(weights)=1.000000 active=226 weights.shape=(235,)
self.is_all_methods=False, self.min_weight=0.0, self.max_weight=0.12
single_methods
method_type='mean_cvar_sharpe' np.sum(weights)=1.000000 active=226 weights.shape=(235,)
self.is_all_methods=False, self.min_weight=0.0, self.max_weight=0.12
single_methods
method_type='mean_cvar_sharpe' np.sum(weights)=1.000000 active=27 weights.shape=(235,)
self.is_all_methods=False, self.min_weight=0.0, self.max_weight=0.12
single_methods
method_type='mean_cvar_sharpe' np.sum(weights)=1.000000 active=27 weights.shape=(235,)
self.is_all_methods=False, self.min_weight=0.0, self.max_weight=0.12
single_methods
method_type='mean_cvar_sharpe' np.sum(weights)=1.000000 active=27 weights.shape=(235,)
self.is_all_methods=False, self.min_weight=0.0, self.max_weight=0.12
single_methods
method_type='mean_cvar_sharpe' np.sum(weights)=1.000000 active=25 weights.shape=(235,)
self.is_all_methods=False, self.min_weight=0.0, self.max_weight=0.12
single_methods
method_type='mean_cvar_sharpe' np.sum(weights)=1.000000 active=25 weights.shape=(235,)
self.is_all_methods=False, self.min_weight=0.0, self.max_weight=0.12
single_methods
method_type='mean_cvar_sharpe' np.sum(weights)=1.000000 active=25 weights.shape=(235,)
1.0 2021-04-01 00:00:00 1407.5325567646423 -0.029689555626286123 7.067445216486536e-05 -0.029689555626286057
PROGRESS	2021-04-01	235	13	-0.029689555626286057	1407.5325567646423
Portfolio optimization with 26 month weight rebalancing 2021-03-01 00:00:00: : 27it [05:14, 11.36s/it]Portfolio optimization with 27 month weight rebalancing 2021-04-01 00:00:00: : 27it [05:14, 11.36s/it]self.is_all_methods=False, self.min_weight=0.0, self.max_weight=0.08
single_methods
[RC-LP] method_type='return_cvar_constraint' sum=1.0000 active=14
self.is_all_methods=False, self.min_weight=0.0, self.max_weight=0.08
single_methods
[RC-LP] method_type='return_cvar_constraint' sum=1.0000 active=14
self.is_all_methods=False, self.min_weight=0.0, self.max_weight=0.08
single_methods
[RC-LP] method_type='return_cvar_constraint' sum=1.0000 active=14
self.is_all_methods=False, self.min_weight=0.0, self.max_weight=0.08
single_methods
[RC-LP] method_type='return_cvar_constraint' sum=1.0000 active=14
self.is_all_methods=False, self.min_weight=0.0, self.max_weight=0.08
single_methods
[RC-LP] method_type='return_cvar_constraint' sum=1.0000 active=14
self.is_all_methods=False, self.min_weight=0.0, self.max_weight=0.08
single_methods
[RC-LP] method_type='return_cvar_constraint' sum=1.0000 active=14
self.is_all_methods=False, self.min_weight=0.0, self.max_weight=0.08
single_methods
[RC-LP] method_type='return_cvar_constraint' sum=1.0000 active=14
self.is_all_methods=False, self.min_weight=0.0, self.max_weight=0.08
single_methods
[RC-LP] method_type='return_cvar_constraint' sum=1.0000 active=14
self.is_all_methods=False, self.min_weight=0.0, self.max_weight=0.08
single_methods
[RC-LP] method_type='return_cvar_constraint' sum=1.0000 active=14
self.is_all_methods=False, self.min_weight=0.0, self.max_weight=0.08
single_methods
[RC-LP] method_type='return_cvar_constraint' sum=1.0000 active=14
self.is_all_methods=False, self.min_weight=0.0, self.max_weight=0.08
single_methods
[RC-LP] method_type='return_cvar_constraint' sum=1.0000 active=14
self.is_all_methods=False, self.min_weight=0.0, self.max_weight=0.08
single_methods
[RC-LP] method_type='return_cvar_constraint' sum=1.0000 active=14
self.is_all_methods=False, self.min_weight=0.0, self.max_weight=0.12
single_methods
[RC-LP] method_type='return_cvar_constraint' sum=1.0000 active=10
self.is_all_methods=False, self.min_weight=0.0, self.max_weight=0.12
single_methods
[RC-LP] method_type='return_cvar_constraint' sum=1.0000 active=10
self.is_all_methods=False, self.min_weight=0.0, self.max_weight=0.12
single_methods
[RC-LP] method_type='return_cvar_constraint' sum=1.0000 active=10
self.is_all_methods=False, self.min_weight=0.0, self.max_weight=0.12
single_methods
[RC-LP] method_type='return_cvar_constraint' sum=1.0000 active=10
self.is_all_methods=False, self.min_weight=0.0, self.max_weight=0.12
single_methods
[RC-LP] method_type='return_cvar_constraint' sum=1.0000 active=10
self.is_all_methods=False, self.min_weight=0.0, self.max_weight=0.12
single_methods
[RC-LP] method_type='return_cvar_constraint' sum=1.0000 active=10
self.is_all_methods=False, self.min_weight=0.0, self.max_weight=0.12
single_methods
[RC-LP] method_type='return_cvar_constraint' sum=1.0000 active=10
self.is_all_methods=False, self.min_weight=0.0, self.max_weight=0.12
single_methods
[RC-LP] method_type='return_cvar_constraint' sum=1.0000 active=10
self.is_all_methods=False, self.min_weight=0.0, self.max_weight=0.12
single_methods
[RC-LP] method_type='return_cvar_constraint' sum=1.0000 active=10
self.is_all_methods=False, self.min_weight=0.0, self.max_weight=0.12
single_methods
[RC-LP] method_type='return_cvar_constraint' sum=1.0000 active=10
self.is_all_methods=False, self.min_weight=0.0, self.max_weight=0.12
single_methods
[RC-LP] method_type='return_cvar_constraint' sum=1.0000 active=10
self.is_all_methods=False, self.min_weight=0.0, self.max_weight=0.12
single_methods
[RC-LP] method_type='return_cvar_constraint' sum=1.0000 active=10
self.is_all_methods=False, self.min_weight=0.0, self.max_weight=0.08
single_methods
method_type='mean_cvar_sharpe' np.sum(weights)=1.000000 active=196 weights.shape=(240,)
self.is_all_methods=False, self.min_weight=0.0, self.max_weight=0.08
single_methods
method_type='mean_cvar_sharpe' np.sum(weights)=1.000000 active=196 weights.shape=(240,)
self.is_all_methods=False, self.min_weight=0.0, self.max_weight=0.08
single_methods
method_type='mean_cvar_sharpe' np.sum(weights)=1.000000 active=196 weights.shape=(240,)
self.is_all_methods=False, self.min_weight=0.0, self.max_weight=0.08
single_methods
method_type='mean_cvar_sharpe' np.sum(weights)=1.000000 active=57 weights.shape=(240,)
self.is_all_methods=False, self.min_weight=0.0, self.max_weight=0.08
single_methods
method_type='mean_cvar_sharpe' np.sum(weights)=1.000000 active=57 weights.shape=(240,)
self.is_all_methods=False, self.min_weight=0.0, self.max_weight=0.08
single_methods
method_type='mean_cvar_sharpe' np.sum(weights)=1.000000 active=57 weights.shape=(240,)
self.is_all_methods=False, self.min_weight=0.0, self.max_weight=0.08
single_methods
method_type='mean_cvar_sharpe' np.sum(weights)=1.000000 active=195 weights.shape=(240,)
self.is_all_methods=False, self.min_weight=0.0, self.max_weight=0.08
single_methods
method_type='mean_cvar_sharpe' np.sum(weights)=1.000000 active=195 weights.shape=(240,)
self.is_all_methods=False, self.min_weight=0.0, self.max_weight=0.08
single_methods
method_type='mean_cvar_sharpe' np.sum(weights)=1.000000 active=195 weights.shape=(240,)
self.is_all_methods=False, self.min_weight=0.0, self.max_weight=0.08
single_methods
method_type='mean_cvar_sharpe' np.sum(weights)=1.000000 active=197 weights.shape=(240,)
self.is_all_methods=False, self.min_weight=0.0, self.max_weight=0.08
single_methods
method_type='mean_cvar_sharpe' np.sum(weights)=1.000000 active=197 weights.shape=(240,)
self.is_all_methods=False, self.min_weight=0.0, self.max_weight=0.08
single_methods
method_type='mean_cvar_sharpe' np.sum(weights)=1.000000 active=197 weights.shape=(240,)
self.is_all_methods=False, self.min_weight=0.0, self.max_weight=0.12
single_methods
method_type='mean_cvar_sharpe' np.sum(weights)=1.000000 active=186 weights.shape=(240,)
self.is_all_methods=False, self.min_weight=0.0, self.max_weight=0.12
single_methods
method_type='mean_cvar_sharpe' np.sum(weights)=1.000000 active=186 weights.shape=(240,)
self.is_all_methods=False, self.min_weight=0.0, self.max_weight=0.12
single_methods
method_type='mean_cvar_sharpe' np.sum(weights)=1.000000 active=186 weights.shape=(240,)
self.is_all_methods=False, self.min_weight=0.0, self.max_weight=0.12
single_methods
method_type='mean_cvar_sharpe' np.sum(weights)=1.000000 active=186 weights.shape=(240,)
self.is_all_methods=False, self.min_weight=0.0, self.max_weight=0.12
single_methods
method_type='mean_cvar_sharpe' np.sum(weights)=1.000000 active=186 weights.shape=(240,)
self.is_all_methods=False, self.min_weight=0.0, self.max_weight=0.12
single_methods
method_type='mean_cvar_sharpe' np.sum(weights)=1.000000 active=186 weights.shape=(240,)
self.is_all_methods=False, self.min_weight=0.0, self.max_weight=0.12
single_methods
method_type='mean_cvar_sharpe' np.sum(weights)=1.000000 active=67 weights.shape=(240,)
self.is_all_methods=False, self.min_weight=0.0, self.max_weight=0.12
single_methods
method_type='mean_cvar_sharpe' np.sum(weights)=1.000000 active=67 weights.shape=(240,)
self.is_all_methods=False, self.min_weight=0.0, self.max_weight=0.12
single_methods
method_type='mean_cvar_sharpe' np.sum(weights)=1.000000 active=67 weights.shape=(240,)
self.is_all_methods=False, self.min_weight=0.0, self.max_weight=0.12
single_methods
method_type='mean_cvar_sharpe' np.sum(weights)=1.000000 active=186 weights.shape=(240,)
self.is_all_methods=False, self.min_weight=0.0, self.max_weight=0.12
single_methods
method_type='mean_cvar_sharpe' np.sum(weights)=1.000000 active=186 weights.shape=(240,)
self.is_all_methods=False, self.min_weight=0.0, self.max_weight=0.12
single_methods
method_type='mean_cvar_sharpe' np.sum(weights)=1.000000 active=186 weights.shape=(240,)
1.0 2021-05-03 00:00:00 1408.6509788833562 0.0007945976903616447 3.223816201588301e-05 0.0007945976903616092
PROGRESS	2021-05-03	240	13	0.0007945976903616092	1408.6509788833562
Portfolio optimization with 27 month weight rebalancing 2021-04-01 00:00:00: : 28it [05:25, 11.30s/it]Portfolio optimization with 28 month weight rebalancing 2021-05-03 00:00:00: : 28it [05:25, 11.30s/it]self.is_all_methods=False, self.min_weight=0.0, self.max_weight=0.08
single_methods
[RC-LP] method_type='return_cvar_constraint' sum=1.0000 active=13
self.is_all_methods=False, self.min_weight=0.0, self.max_weight=0.08
single_methods
[RC-LP] method_type='return_cvar_constraint' sum=1.0000 active=13
self.is_all_methods=False, self.min_weight=0.0, self.max_weight=0.08
single_methods
[RC-LP] method_type='return_cvar_constraint' sum=1.0000 active=13
self.is_all_methods=False, self.min_weight=0.0, self.max_weight=0.08
single_methods
[RC-LP] method_type='return_cvar_constraint' sum=1.0000 active=13
self.is_all_methods=False, self.min_weight=0.0, self.max_weight=0.08
single_methods
[RC-LP] method_type='return_cvar_constraint' sum=1.0000 active=13
self.is_all_methods=False, self.min_weight=0.0, self.max_weight=0.08
single_methods
[RC-LP] method_type='return_cvar_constraint' sum=1.0000 active=13
self.is_all_methods=False, self.min_weight=0.0, self.max_weight=0.08
single_methods
[RC-LP] method_type='return_cvar_constraint' sum=1.0000 active=14
self.is_all_methods=False, self.min_weight=0.0, self.max_weight=0.08
single_methods
[RC-LP] method_type='return_cvar_constraint' sum=1.0000 active=14
self.is_all_methods=False, self.min_weight=0.0, self.max_weight=0.08
single_methods
[RC-LP] method_type='return_cvar_constraint' sum=1.0000 active=14
self.is_all_methods=False, self.min_weight=0.0, self.max_weight=0.08
single_methods
[RC-LP] method_type='return_cvar_constraint' sum=1.0000 active=15
self.is_all_methods=False, self.min_weight=0.0, self.max_weight=0.08
single_methods
[RC-LP] method_type='return_cvar_constraint' sum=1.0000 active=14
self.is_all_methods=False, self.min_weight=0.0, self.max_weight=0.08
single_methods
[RC-LP] method_type='return_cvar_constraint' sum=1.0000 active=14
self.is_all_methods=False, self.min_weight=0.0, self.max_weight=0.12
single_methods
[RC-LP] method_type='return_cvar_constraint' sum=1.0000 active=9
self.is_all_methods=False, self.min_weight=0.0, self.max_weight=0.12
single_methods
[RC-LP] method_type='return_cvar_constraint' sum=1.0000 active=9
self.is_all_methods=False, self.min_weight=0.0, self.max_weight=0.12
single_methods
[RC-LP] method_type='return_cvar_constraint' sum=1.0000 active=9
self.is_all_methods=False, self.min_weight=0.0, self.max_weight=0.12
single_methods
[RC-LP] method_type='return_cvar_constraint' sum=1.0000 active=9
self.is_all_methods=False, self.min_weight=0.0, self.max_weight=0.12
single_methods
[RC-LP] method_type='return_cvar_constraint' sum=1.0000 active=9
self.is_all_methods=False, self.min_weight=0.0, self.max_weight=0.12
single_methods
[RC-LP] method_type='return_cvar_constraint' sum=1.0000 active=9
self.is_all_methods=False, self.min_weight=0.0, self.max_weight=0.12
single_methods
[RC-LP] method_type='return_cvar_constraint' sum=1.0000 active=11
self.is_all_methods=False, self.min_weight=0.0, self.max_weight=0.12
single_methods
[RC-LP] method_type='return_cvar_constraint' sum=1.0000 active=9
self.is_all_methods=False, self.min_weight=0.0, self.max_weight=0.12
single_methods
[RC-LP] method_type='return_cvar_constraint' sum=1.0000 active=9
self.is_all_methods=False, self.min_weight=0.0, self.max_weight=0.12
single_methods
[RC-LP] method_type='return_cvar_constraint' sum=1.0000 active=11
self.is_all_methods=False, self.min_weight=0.0, self.max_weight=0.12
single_methods
[RC-LP] method_type='return_cvar_constraint' sum=1.0000 active=11
self.is_all_methods=False, self.min_weight=0.0, self.max_weight=0.12
single_methods
[RC-LP] method_type='return_cvar_constraint' sum=1.0000 active=9
self.is_all_methods=False, self.min_weight=0.0, self.max_weight=0.08
single_methods
method_type='mean_cvar_sharpe' np.sum(weights)=1.000000 active=239 weights.shape=(239,)
self.is_all_methods=False, self.min_weight=0.0, self.max_weight=0.08
single_methods
method_type='mean_cvar_sharpe' np.sum(weights)=1.000000 active=239 weights.shape=(239,)
self.is_all_methods=False, self.min_weight=0.0, self.max_weight=0.08
single_methods
method_type='mean_cvar_sharpe' np.sum(weights)=1.000000 active=239 weights.shape=(239,)
self.is_all_methods=False, self.min_weight=0.0, self.max_weight=0.08
single_methods
method_type='mean_cvar_sharpe' np.sum(weights)=1.000000 active=57 weights.shape=(239,)
self.is_all_methods=False, self.min_weight=0.0, self.max_weight=0.08
single_methods
method_type='mean_cvar_sharpe' np.sum(weights)=1.000000 active=57 weights.shape=(239,)
self.is_all_methods=False, self.min_weight=0.0, self.max_weight=0.08
single_methods
method_type='mean_cvar_sharpe' np.sum(weights)=1.000000 active=57 weights.shape=(239,)
self.is_all_methods=False, self.min_weight=0.0, self.max_weight=0.08
single_methods
method_type='mean_cvar_sharpe' np.sum(weights)=1.000000 active=55 weights.shape=(239,)
self.is_all_methods=False, self.min_weight=0.0, self.max_weight=0.08
single_methods
method_type='mean_cvar_sharpe' np.sum(weights)=1.000000 active=55 weights.shape=(239,)
self.is_all_methods=False, self.min_weight=0.0, self.max_weight=0.08
single_methods
method_type='mean_cvar_sharpe' np.sum(weights)=1.000000 active=55 weights.shape=(239,)
self.is_all_methods=False, self.min_weight=0.0, self.max_weight=0.08
single_methods
method_type='mean_cvar_sharpe' np.sum(weights)=1.000000 active=57 weights.shape=(239,)
self.is_all_methods=False, self.min_weight=0.0, self.max_weight=0.08
single_methods
method_type='mean_cvar_sharpe' np.sum(weights)=1.000000 active=57 weights.shape=(239,)
self.is_all_methods=False, self.min_weight=0.0, self.max_weight=0.08
single_methods
method_type='mean_cvar_sharpe' np.sum(weights)=1.000000 active=57 weights.shape=(239,)
self.is_all_methods=False, self.min_weight=0.0, self.max_weight=0.12
single_methods
method_type='mean_cvar_sharpe' np.sum(weights)=1.000000 active=202 weights.shape=(239,)
self.is_all_methods=False, self.min_weight=0.0, self.max_weight=0.12
single_methods
method_type='mean_cvar_sharpe' np.sum(weights)=1.000000 active=202 weights.shape=(239,)
self.is_all_methods=False, self.min_weight=0.0, self.max_weight=0.12
single_methods
method_type='mean_cvar_sharpe' np.sum(weights)=1.000000 active=202 weights.shape=(239,)
self.is_all_methods=False, self.min_weight=0.0, self.max_weight=0.12
single_methods
method_type='mean_cvar_sharpe' np.sum(weights)=1.000000 active=239 weights.shape=(239,)
self.is_all_methods=False, self.min_weight=0.0, self.max_weight=0.12
single_methods
method_type='mean_cvar_sharpe' np.sum(weights)=1.000000 active=239 weights.shape=(239,)
self.is_all_methods=False, self.min_weight=0.0, self.max_weight=0.12
single_methods
method_type='mean_cvar_sharpe' np.sum(weights)=1.000000 active=239 weights.shape=(239,)
self.is_all_methods=False, self.min_weight=0.0, self.max_weight=0.12
single_methods
method_type='mean_cvar_sharpe' np.sum(weights)=1.000000 active=239 weights.shape=(239,)
self.is_all_methods=False, self.min_weight=0.0, self.max_weight=0.12
single_methods
method_type='mean_cvar_sharpe' np.sum(weights)=1.000000 active=239 weights.shape=(239,)
self.is_all_methods=False, self.min_weight=0.0, self.max_weight=0.12
single_methods
method_type='mean_cvar_sharpe' np.sum(weights)=1.000000 active=239 weights.shape=(239,)
self.is_all_methods=False, self.min_weight=0.0, self.max_weight=0.12
single_methods
method_type='mean_cvar_sharpe' np.sum(weights)=1.000000 active=199 weights.shape=(239,)
self.is_all_methods=False, self.min_weight=0.0, self.max_weight=0.12
single_methods
method_type='mean_cvar_sharpe' np.sum(weights)=1.000000 active=199 weights.shape=(239,)
self.is_all_methods=False, self.min_weight=0.0, self.max_weight=0.12
single_methods
method_type='mean_cvar_sharpe' np.sum(weights)=1.000000 active=199 weights.shape=(239,)
self.is_all_methods=False, self.min_weight=0.0, self.max_weight=0.12
single_methods
[RC-LP] method_type='return_cvar_constraint' sum=1.0000 active=14
0.25 2021-06-01 00:00:00 1375.7741873442244 -0.02333920327460631 0.00011687019762568249 -0.023339203274606257
PROGRESS	2021-06-01	239	13	-0.023339203274606257	1375.7741873442244
Portfolio optimization with 28 month weight rebalancing 2021-05-03 00:00:00: : 29it [05:43, 13.13s/it]Portfolio optimization with 29 month weight rebalancing 2021-06-01 00:00:00: : 29it [05:43, 13.13s/it]self.is_all_methods=False, self.min_weight=0.0, self.max_weight=0.08
single_methods
[RC-LP] method_type='return_cvar_constraint' sum=1.0000 active=14
self.is_all_methods=False, self.min_weight=0.0, self.max_weight=0.08
single_methods
[RC-LP] method_type='return_cvar_constraint' sum=1.0000 active=14
self.is_all_methods=False, self.min_weight=0.0, self.max_weight=0.08
single_methods
[RC-LP] method_type='return_cvar_constraint' sum=1.0000 active=13
self.is_all_methods=False, self.min_weight=0.0, self.max_weight=0.08
single_methods
[RC-LP] method_type='return_cvar_constraint' sum=1.0000 active=14
self.is_all_methods=False, self.min_weight=0.0, self.max_weight=0.08
single_methods
[RC-LP] method_type='return_cvar_constraint' sum=1.0000 active=14
self.is_all_methods=False, self.min_weight=0.0, self.max_weight=0.08
single_methods
[RC-LP] method_type='return_cvar_constraint' sum=1.0000 active=13
self.is_all_methods=False, self.min_weight=0.0, self.max_weight=0.08
single_methods
[RC-LP] method_type='return_cvar_constraint' sum=1.0000 active=16
self.is_all_methods=False, self.min_weight=0.0, self.max_weight=0.08
single_methods
[RC-LP] method_type='return_cvar_constraint' sum=1.0000 active=15
self.is_all_methods=False, self.min_weight=0.0, self.max_weight=0.08
single_methods
[RC-LP] method_type='return_cvar_constraint' sum=1.0000 active=15
self.is_all_methods=False, self.min_weight=0.0, self.max_weight=0.08
single_methods
[RC-LP] method_type='return_cvar_constraint' sum=1.0000 active=16
self.is_all_methods=False, self.min_weight=0.0, self.max_weight=0.08
single_methods
[RC-LP] method_type='return_cvar_constraint' sum=1.0000 active=14
self.is_all_methods=False, self.min_weight=0.0, self.max_weight=0.08
single_methods
[RC-LP] method_type='return_cvar_constraint' sum=1.0000 active=14
self.is_all_methods=False, self.min_weight=0.0, self.max_weight=0.12
single_methods
[RC-LP] method_type='return_cvar_constraint' sum=1.0000 active=10
self.is_all_methods=False, self.min_weight=0.0, self.max_weight=0.12
single_methods
[RC-LP] method_type='return_cvar_constraint' sum=1.0000 active=9
self.is_all_methods=False, self.min_weight=0.0, self.max_weight=0.12
single_methods
[RC-LP] method_type='return_cvar_constraint' sum=1.0000 active=9
self.is_all_methods=False, self.min_weight=0.0, self.max_weight=0.12
single_methods
[RC-LP] method_type='return_cvar_constraint' sum=1.0000 active=11
self.is_all_methods=False, self.min_weight=0.0, self.max_weight=0.12
single_methods
[RC-LP] method_type='return_cvar_constraint' sum=1.0000 active=9
self.is_all_methods=False, self.min_weight=0.0, self.max_weight=0.12
single_methods
[RC-LP] method_type='return_cvar_constraint' sum=1.0000 active=10
self.is_all_methods=False, self.min_weight=0.0, self.max_weight=0.12
single_methods
[RC-LP] method_type='return_cvar_constraint' sum=1.0000 active=11
self.is_all_methods=False, self.min_weight=0.0, self.max_weight=0.12
single_methods
[RC-LP] method_type='return_cvar_constraint' sum=1.0000 active=11
self.is_all_methods=False, self.min_weight=0.0, self.max_weight=0.12
single_methods
[RC-LP] method_type='return_cvar_constraint' sum=1.0000 active=10
self.is_all_methods=False, self.min_weight=0.0, self.max_weight=0.12
single_methods
[RC-LP] method_type='return_cvar_constraint' sum=1.0000 active=11
self.is_all_methods=False, self.min_weight=0.0, self.max_weight=0.12
single_methods
[RC-LP] method_type='return_cvar_constraint' sum=1.0000 active=11
self.is_all_methods=False, self.min_weight=0.0, self.max_weight=0.12
single_methods
[RC-LP] method_type='return_cvar_constraint' sum=1.0000 active=10
self.is_all_methods=False, self.min_weight=0.0, self.max_weight=0.08
single_methods
method_type='mean_cvar_sharpe' np.sum(weights)=1.000000 active=59 weights.shape=(242,)
self.is_all_methods=False, self.min_weight=0.0, self.max_weight=0.08
single_methods
method_type='mean_cvar_sharpe' np.sum(weights)=1.000000 active=59 weights.shape=(242,)
self.is_all_methods=False, self.min_weight=0.0, self.max_weight=0.08
single_methods
method_type='mean_cvar_sharpe' np.sum(weights)=1.000000 active=59 weights.shape=(242,)
self.is_all_methods=False, self.min_weight=0.0, self.max_weight=0.08
single_methods
method_type='mean_cvar_sharpe' np.sum(weights)=1.000000 active=242 weights.shape=(242,)
self.is_all_methods=False, self.min_weight=0.0, self.max_weight=0.08
single_methods
method_type='mean_cvar_sharpe' np.sum(weights)=1.000000 active=242 weights.shape=(242,)
self.is_all_methods=False, self.min_weight=0.0, self.max_weight=0.08
single_methods
method_type='mean_cvar_sharpe' np.sum(weights)=1.000000 active=242 weights.shape=(242,)
self.is_all_methods=False, self.min_weight=0.0, self.max_weight=0.08
single_methods
method_type='mean_cvar_sharpe' np.sum(weights)=1.000000 active=203 weights.shape=(242,)
self.is_all_methods=False, self.min_weight=0.0, self.max_weight=0.08
single_methods
method_type='mean_cvar_sharpe' np.sum(weights)=1.000000 active=203 weights.shape=(242,)
self.is_all_methods=False, self.min_weight=0.0, self.max_weight=0.08
single_methods
method_type='mean_cvar_sharpe' np.sum(weights)=1.000000 active=203 weights.shape=(242,)
self.is_all_methods=False, self.min_weight=0.0, self.max_weight=0.08
single_methods
method_type='mean_cvar_sharpe' np.sum(weights)=1.000000 active=242 weights.shape=(242,)
self.is_all_methods=False, self.min_weight=0.0, self.max_weight=0.08
single_methods
method_type='mean_cvar_sharpe' np.sum(weights)=1.000000 active=242 weights.shape=(242,)
self.is_all_methods=False, self.min_weight=0.0, self.max_weight=0.08
single_methods
method_type='mean_cvar_sharpe' np.sum(weights)=1.000000 active=242 weights.shape=(242,)
self.is_all_methods=False, self.min_weight=0.0, self.max_weight=0.12
single_methods
method_type='mean_cvar_sharpe' np.sum(weights)=1.000000 active=242 weights.shape=(242,)
self.is_all_methods=False, self.min_weight=0.0, self.max_weight=0.12
single_methods
method_type='mean_cvar_sharpe' np.sum(weights)=1.000000 active=242 weights.shape=(242,)
self.is_all_methods=False, self.min_weight=0.0, self.max_weight=0.12
single_methods
method_type='mean_cvar_sharpe' np.sum(weights)=1.000000 active=242 weights.shape=(242,)
self.is_all_methods=False, self.min_weight=0.0, self.max_weight=0.12
single_methods
method_type='mean_cvar_sharpe' np.sum(weights)=1.000000 active=242 weights.shape=(242,)
self.is_all_methods=False, self.min_weight=0.0, self.max_weight=0.12
single_methods
method_type='mean_cvar_sharpe' np.sum(weights)=1.000000 active=242 weights.shape=(242,)
self.is_all_methods=False, self.min_weight=0.0, self.max_weight=0.12
single_methods
method_type='mean_cvar_sharpe' np.sum(weights)=1.000000 active=242 weights.shape=(242,)
self.is_all_methods=False, self.min_weight=0.0, self.max_weight=0.12
single_methods
method_type='mean_cvar_sharpe' np.sum(weights)=1.000000 active=204 weights.shape=(242,)
self.is_all_methods=False, self.min_weight=0.0, self.max_weight=0.12
single_methods
method_type='mean_cvar_sharpe' np.sum(weights)=1.000000 active=204 weights.shape=(242,)
self.is_all_methods=False, self.min_weight=0.0, self.max_weight=0.12
single_methods
method_type='mean_cvar_sharpe' np.sum(weights)=1.000000 active=204 weights.shape=(242,)
self.is_all_methods=False, self.min_weight=0.0, self.max_weight=0.12
single_methods
method_type='mean_cvar_sharpe' np.sum(weights)=1.000000 active=242 weights.shape=(242,)
self.is_all_methods=False, self.min_weight=0.0, self.max_weight=0.12
single_methods
method_type='mean_cvar_sharpe' np.sum(weights)=1.000000 active=242 weights.shape=(242,)
self.is_all_methods=False, self.min_weight=0.0, self.max_weight=0.12
single_methods
method_type='mean_cvar_sharpe' np.sum(weights)=1.000000 active=242 weights.shape=(242,)
self.is_all_methods=False, self.min_weight=0.0, self.max_weight=0.12
single_methods
[RC-LP] method_type='return_cvar_constraint' sum=1.0000 active=16
0.25 2021-07-01 00:00:00 1464.0422944210857 0.06415886261629374 0.00010388503122352908 0.06415886261629367
PROGRESS	2021-07-01	242	15	0.06415886261629367	1464.0422944210857
Portfolio optimization with 29 month weight rebalancing 2021-06-01 00:00:00: : 30it [05:59, 14.00s/it]Portfolio optimization with 30 month weight rebalancing 2021-07-01 00:00:00: : 30it [05:59, 14.00s/it]self.is_all_methods=False, self.min_weight=0.0, self.max_weight=0.08
single_methods
[RC-LP] method_type='return_cvar_constraint' sum=1.0000 active=14
self.is_all_methods=False, self.min_weight=0.0, self.max_weight=0.08
single_methods
[RC-LP] method_type='return_cvar_constraint' sum=1.0000 active=13
self.is_all_methods=False, self.min_weight=0.0, self.max_weight=0.08
single_methods
[RC-LP] method_type='return_cvar_constraint' sum=1.0000 active=13
self.is_all_methods=False, self.min_weight=0.0, self.max_weight=0.08
single_methods
[RC-LP] method_type='return_cvar_constraint' sum=1.0000 active=14
self.is_all_methods=False, self.min_weight=0.0, self.max_weight=0.08
single_methods
[RC-LP] method_type='return_cvar_constraint' sum=1.0000 active=13
self.is_all_methods=False, self.min_weight=0.0, self.max_weight=0.08
single_methods
[RC-LP] method_type='return_cvar_constraint' sum=1.0000 active=13
self.is_all_methods=False, self.min_weight=0.0, self.max_weight=0.08
single_methods
[RC-LP] method_type='return_cvar_constraint' sum=1.0000 active=18
self.is_all_methods=False, self.min_weight=0.0, self.max_weight=0.08
single_methods
[RC-LP] method_type='return_cvar_constraint' sum=1.0000 active=15
self.is_all_methods=False, self.min_weight=0.0, self.max_weight=0.08
single_methods
[RC-LP] method_type='return_cvar_constraint' sum=1.0000 active=16
self.is_all_methods=False, self.min_weight=0.0, self.max_weight=0.08
single_methods
[RC-LP] method_type='return_cvar_constraint' sum=1.0000 active=17
self.is_all_methods=False, self.min_weight=0.0, self.max_weight=0.08
single_methods
[RC-LP] method_type='return_cvar_constraint' sum=1.0000 active=16
self.is_all_methods=False, self.min_weight=0.0, self.max_weight=0.08
single_methods
[RC-LP] method_type='return_cvar_constraint' sum=1.0000 active=16
self.is_all_methods=False, self.min_weight=0.0, self.max_weight=0.12
single_methods
[RC-LP] method_type='return_cvar_constraint' sum=1.0000 active=11
self.is_all_methods=False, self.min_weight=0.0, self.max_weight=0.12
single_methods
[RC-LP] method_type='return_cvar_constraint' sum=1.0000 active=10
self.is_all_methods=False, self.min_weight=0.0, self.max_weight=0.12
single_methods
[RC-LP] method_type='return_cvar_constraint' sum=1.0000 active=10
self.is_all_methods=False, self.min_weight=0.0, self.max_weight=0.12
single_methods
[RC-LP] method_type='return_cvar_constraint' sum=1.0000 active=10
self.is_all_methods=False, self.min_weight=0.0, self.max_weight=0.12
single_methods
[RC-LP] method_type='return_cvar_constraint' sum=1.0000 active=10
self.is_all_methods=False, self.min_weight=0.0, self.max_weight=0.12
single_methods
[RC-LP] method_type='return_cvar_constraint' sum=1.0000 active=10
self.is_all_methods=False, self.min_weight=0.0, self.max_weight=0.12
single_methods
[RC-LP] method_type='return_cvar_constraint' sum=1.0000 active=14
self.is_all_methods=False, self.min_weight=0.0, self.max_weight=0.12
single_methods
[RC-LP] method_type='return_cvar_constraint' sum=1.0000 active=13
self.is_all_methods=False, self.min_weight=0.0, self.max_weight=0.12
single_methods
[RC-LP] method_type='return_cvar_constraint' sum=1.0000 active=13
self.is_all_methods=False, self.min_weight=0.0, self.max_weight=0.12
single_methods
[RC-LP] method_type='return_cvar_constraint' sum=1.0000 active=14
self.is_all_methods=False, self.min_weight=0.0, self.max_weight=0.12
single_methods
[RC-LP] method_type='return_cvar_constraint' sum=1.0000 active=14
self.is_all_methods=False, self.min_weight=0.0, self.max_weight=0.12
single_methods
[RC-LP] method_type='return_cvar_constraint' sum=1.0000 active=13
self.is_all_methods=False, self.min_weight=0.0, self.max_weight=0.08
single_methods
method_type='mean_cvar_sharpe' np.sum(weights)=1.000000 active=242 weights.shape=(242,)
self.is_all_methods=False, self.min_weight=0.0, self.max_weight=0.08
single_methods
method_type='mean_cvar_sharpe' np.sum(weights)=1.000000 active=242 weights.shape=(242,)
self.is_all_methods=False, self.min_weight=0.0, self.max_weight=0.08
single_methods
method_type='mean_cvar_sharpe' np.sum(weights)=1.000000 active=242 weights.shape=(242,)
self.is_all_methods=False, self.min_weight=0.0, self.max_weight=0.08
single_methods
method_type='mean_cvar_sharpe' np.sum(weights)=1.000000 active=242 weights.shape=(242,)
self.is_all_methods=False, self.min_weight=0.0, self.max_weight=0.08
single_methods
method_type='mean_cvar_sharpe' np.sum(weights)=1.000000 active=242 weights.shape=(242,)
self.is_all_methods=False, self.min_weight=0.0, self.max_weight=0.08
single_methods
method_type='mean_cvar_sharpe' np.sum(weights)=1.000000 active=242 weights.shape=(242,)
self.is_all_methods=False, self.min_weight=0.0, self.max_weight=0.08
single_methods
method_type='mean_cvar_sharpe' np.sum(weights)=1.000000 active=242 weights.shape=(242,)
self.is_all_methods=False, self.min_weight=0.0, self.max_weight=0.08
single_methods
method_type='mean_cvar_sharpe' np.sum(weights)=1.000000 active=242 weights.shape=(242,)
self.is_all_methods=False, self.min_weight=0.0, self.max_weight=0.08
single_methods
method_type='mean_cvar_sharpe' np.sum(weights)=1.000000 active=242 weights.shape=(242,)
self.is_all_methods=False, self.min_weight=0.0, self.max_weight=0.08
single_methods
method_type='mean_cvar_sharpe' np.sum(weights)=1.000000 active=242 weights.shape=(242,)
self.is_all_methods=False, self.min_weight=0.0, self.max_weight=0.08
single_methods
method_type='mean_cvar_sharpe' np.sum(weights)=1.000000 active=242 weights.shape=(242,)
self.is_all_methods=False, self.min_weight=0.0, self.max_weight=0.08
single_methods
method_type='mean_cvar_sharpe' np.sum(weights)=1.000000 active=242 weights.shape=(242,)
self.is_all_methods=False, self.min_weight=0.0, self.max_weight=0.12
single_methods
method_type='mean_cvar_sharpe' np.sum(weights)=1.000000 active=242 weights.shape=(242,)
self.is_all_methods=False, self.min_weight=0.0, self.max_weight=0.12
single_methods
method_type='mean_cvar_sharpe' np.sum(weights)=1.000000 active=242 weights.shape=(242,)
self.is_all_methods=False, self.min_weight=0.0, self.max_weight=0.12
single_methods
method_type='mean_cvar_sharpe' np.sum(weights)=1.000000 active=242 weights.shape=(242,)
self.is_all_methods=False, self.min_weight=0.0, self.max_weight=0.12
single_methods
method_type='mean_cvar_sharpe' np.sum(weights)=1.000000 active=242 weights.shape=(242,)
self.is_all_methods=False, self.min_weight=0.0, self.max_weight=0.12
single_methods
method_type='mean_cvar_sharpe' np.sum(weights)=1.000000 active=242 weights.shape=(242,)
self.is_all_methods=False, self.min_weight=0.0, self.max_weight=0.12
single_methods
method_type='mean_cvar_sharpe' np.sum(weights)=1.000000 active=242 weights.shape=(242,)
self.is_all_methods=False, self.min_weight=0.0, self.max_weight=0.12
single_methods
method_type='mean_cvar_sharpe' np.sum(weights)=1.000000 active=242 weights.shape=(242,)
self.is_all_methods=False, self.min_weight=0.0, self.max_weight=0.12
single_methods
method_type='mean_cvar_sharpe' np.sum(weights)=1.000000 active=242 weights.shape=(242,)
self.is_all_methods=False, self.min_weight=0.0, self.max_weight=0.12
single_methods
method_type='mean_cvar_sharpe' np.sum(weights)=1.000000 active=242 weights.shape=(242,)
self.is_all_methods=False, self.min_weight=0.0, self.max_weight=0.12
single_methods
method_type='mean_cvar_sharpe' np.sum(weights)=1.000000 active=242 weights.shape=(242,)
self.is_all_methods=False, self.min_weight=0.0, self.max_weight=0.12
single_methods
method_type='mean_cvar_sharpe' np.sum(weights)=1.000000 active=242 weights.shape=(242,)
self.is_all_methods=False, self.min_weight=0.0, self.max_weight=0.12
single_methods
method_type='mean_cvar_sharpe' np.sum(weights)=1.000000 active=242 weights.shape=(242,)
self.is_all_methods=False, self.min_weight=0.0, self.max_weight=0.08
single_methods
[RC-LP] method_type='return_cvar_constraint' sum=1.0000 active=21
0.25 2021-08-02 00:00:00 1445.6052043419825 -0.01259327694927946 9.754395300807931e-05 -0.012593276949279364
PROGRESS	2021-08-02	242	20	-0.012593276949279364	1445.6052043419825
Portfolio optimization with 30 month weight rebalancing 2021-07-01 00:00:00: : 31it [06:16, 14.83s/it]Portfolio optimization with 31 month weight rebalancing 2021-08-02 00:00:00: : 31it [06:16, 14.83s/it]2026-07-30 19:00:17.037 | WARNING  | __main__:model_computation:474 - Nested engine fallback on 2021-08-02: "['EMB', 'IBB', 'IEF', 'TLT'] not in index"
self.is_all_methods=False, self.min_weight=0.0, self.max_weight=0.06
single_methods
[RC-LP] method_type='return_cvar_constraint' sum=1.0000 active=26
IN-SAMPLE alpha grid-search best alphas[index]=np.float64(1.0),results[index]=array([1.55987865e+03, 7.90488644e-02, 3.90277075e-04, 7.90488644e-02])
best_index=np.int64(0) np.sum(w_target)=np.float64(1.0) case[index%2]='max_alpha'
0.500693374553222 2021-09-01 00:00:00 1459.325874104767 0.009491297984798188 0.00019540914594252414 0.009491297984798086
PROGRESS	2021-09-01	244	25	0.009491297984798086	1459.325874104767
Portfolio optimization with 31 month weight rebalancing 2021-08-02 00:00:00: : 32it [06:16, 10.49s/it]Portfolio optimization with 32 month weight rebalancing 2021-09-01 00:00:00: : 32it [06:16, 10.49s/it]2026-07-30 19:00:17.461 | WARNING  | __main__:model_computation:474 - Nested engine fallback on 2021-09-01: "['BND', 'EMB', 'IBB', 'IEF', 'MCHI', 'TLT'] not in index"
self.is_all_methods=False, self.min_weight=0.0, self.max_weight=0.06
single_methods
[RC-LP] method_type='return_cvar_constraint' sum=1.0000 active=28
IN-SAMPLE alpha grid-search best alphas[index]=np.float64(1.0),results[index]=array([1.58599522e+03, 8.67999007e-02, 2.16588825e-04, 8.67999007e-02])
best_index=np.int64(0) np.sum(w_target)=np.float64(1.0000000000000002) case[index%2]='max_alpha'
0.5159430413646606 2021-10-01 00:00:00 1368.8223838796755 -0.06201732719952735 0.0001117474972880375 -0.06201732719952735
PROGRESS	2021-10-01	246	27	-0.06201732719952735	1368.8223838796755
Portfolio optimization with 32 month weight rebalancing 2021-09-01 00:00:00: : 33it [06:16,  7.46s/it]Portfolio optimization with 33 month weight rebalancing 2021-10-01 00:00:00: : 33it [06:16,  7.46s/it]2026-07-30 19:00:17.816 | WARNING  | __main__:model_computation:474 - Nested engine fallback on 2021-10-01: "['BND', 'EMB', 'IBB', 'IEF', 'MBB', 'MCHI', 'SHY', 'TLT'] not in index"
self.is_all_methods=False, self.min_weight=0.0, self.max_weight=0.06
single_methods
[RC-LP] method_type='return_cvar_constraint' sum=1.0000 active=29
IN-SAMPLE alpha grid-search best alphas[index]=np.float64(1.0),results[index]=array([ 1.30151469e+03, -4.91719674e-02,  9.43271773e-05, -4.91719674e-02])
best_index=np.int64(0) np.sum(w_target)=np.float64(1.0) case[index%2]='max_alpha'
0.5205381069887485 2021-11-01 00:00:00 1496.305806786443 0.09313364860781956 4.9100890318097296e-05 0.09313364860781959
PROGRESS	2021-11-01	247	28	0.09313364860781959	1496.305806786443
Portfolio optimization with 33 month weight rebalancing 2021-10-01 00:00:00: : 34it [06:17,  5.33s/it]Portfolio optimization with 34 month weight rebalancing 2021-11-01 00:00:00: : 34it [06:17,  5.33s/it]2026-07-30 19:00:18.161 | WARNING  | __main__:model_computation:474 - Nested engine fallback on 2021-11-01: "['BND', 'EMB', 'IBB', 'IEF', 'IEI', 'MBB', 'MCHI', 'SHY', 'TLT', 'VXUS'] not in index"
self.is_all_methods=False, self.min_weight=0.0, self.max_weight=0.06
single_methods
[RC-LP] method_type='return_cvar_constraint' sum=1.0000 active=28
IN-SAMPLE alpha grid-search best alphas[index]=np.float64(1.0),results[index]=array([1.53594981e+03, 2.64945845e-02, 5.85301974e-05, 2.64945845e-02])
best_index=np.int64(0) np.sum(w_target)=np.float64(1.0) case[index%2]='max_alpha'
0.4942757905681042 2021-12-01 00:00:00 1460.6896643597252 -0.023802716172845274 2.8930059580747846e-05 -0.02380271617284524
PROGRESS	2021-12-01	248	27	-0.02380271617284524	1460.6896643597252
Portfolio optimization with 34 month weight rebalancing 2021-11-01 00:00:00: : 35it [06:17,  3.83s/it]Portfolio optimization with 35 month weight rebalancing 2021-12-01 00:00:00: : 35it [06:17,  3.83s/it]2026-07-30 19:00:18.505 | WARNING  | __main__:model_computation:474 - Nested engine fallback on 2021-12-01: "['BND', 'DVY', 'EMB', 'IBB', 'IEF', 'IEI', 'MBB', 'MCHI', 'SCZ', 'SHY', 'TLT', 'VTWO', 'VXUS'] not in index"
self.is_all_methods=False, self.min_weight=0.0, self.max_weight=0.06
single_methods
[RC-LP] method_type='return_cvar_constraint' sum=1.0000 active=30
IN-SAMPLE alpha grid-search best alphas[index]=np.float64(1.0),results[index]=array([1.47070242e+03, 6.85481613e-03, 7.12324396e-05, 6.85481613e-03])
best_index=np.int64(0) np.sum(w_target)=np.float64(1.0) case[index%2]='max_alpha'
0.5041539294259099 2022-01-03 00:00:00 1420.5318227490009 -0.027492384310343673 3.591211434977437e-05 -0.02749238431034351
PROGRESS	2022-01-03	252	29	-0.02749238431034351	1420.5318227490009
Portfolio optimization with 35 month weight rebalancing 2021-12-01 00:00:00: : 36it [06:17,  2.79s/it]Portfolio optimization with 36 month weight rebalancing 2022-01-03 00:00:00: : 36it [06:17,  2.79s/it]2026-07-30 19:00:18.906 | WARNING  | __main__:model_computation:474 - Nested engine fallback on 2022-01-03: "['BND', 'DVY', 'EMB', 'IBB', 'IEF', 'IEI', 'MBB', 'MCHI', 'SCZ', 'SHY', 'TLT', 'VTWO', 'VXUS'] not in index"
self.is_all_methods=False, self.min_weight=0.0, self.max_weight=0.06
single_methods
[RC-LP] method_type='return_cvar_constraint' sum=1.0000 active=29
IN-SAMPLE alpha grid-search best alphas[index]=np.float64(1.0),results[index]=array([1.47270209e+03, 3.67258719e-02, 8.22996424e-05, 3.67258719e-02])
best_index=np.int64(0) np.sum(w_target)=np.float64(1.0) case[index%2]='max_alpha'
0.5022017539933223 2022-02-01 00:00:00 1273.9744804718039 -0.10317075614228796 4.1331024791064385e-05 -0.10317075614228799
PROGRESS	2022-02-01	250	28	-0.10317075614228799	1273.9744804718039
Portfolio optimization with 36 month weight rebalancing 2022-01-03 00:00:00: : 37it [06:18,  2.07s/it]Portfolio optimization with 37 month weight rebalancing 2022-02-01 00:00:00: : 37it [06:18,  2.07s/it]2026-07-30 19:00:19.251 | WARNING  | __main__:model_computation:474 - Nested engine fallback on 2022-02-01: "['BND', 'DVY', 'EMB', 'IBB', 'IEF', 'IEI', 'MBB', 'MCHI', 'SCZ', 'SHY', 'TLT', 'VTWO', 'VXUS'] not in index"
self.is_all_methods=False, self.min_weight=0.0, self.max_weight=0.06
single_methods
[RC-LP] method_type='return_cvar_constraint' sum=1.0000 active=29
IN-SAMPLE alpha grid-search best alphas[index]=np.float64(1.0),results[index]=array([ 1.09338884e+03, -1.41749812e-01,  7.99426840e-05, -1.41749812e-01])
best_index=np.int64(0) np.sum(w_target)=np.float64(1.0) case[index%2]='max_alpha'
0.5077848988694759 2022-03-01 00:00:00 1270.594885122771 -0.002652796740309254 4.0593687726669317e-05 -0.002652796740309271
PROGRESS	2022-03-01	245	28	-0.002652796740309271	1270.594885122771
Portfolio optimization with 37 month weight rebalancing 2022-02-01 00:00:00: : 38it [06:18,  1.55s/it]Portfolio optimization with 38 month weight rebalancing 2022-03-01 00:00:00: : 38it [06:18,  1.55s/it]2026-07-30 19:00:19.613 | WARNING  | __main__:model_computation:474 - Nested engine fallback on 2022-03-01: "['BND', 'DVY', 'EMB', 'IBB', 'IEF', 'IEI', 'MBB', 'MCHI', 'SCZ', 'SHY', 'TLT', 'VTWO', 'VXUS'] not in index"
self.is_all_methods=False, self.min_weight=0.0, self.max_weight=0.06
single_methods
[RC-LP] method_type='return_cvar_constraint' sum=1.0000 active=29
IN-SAMPLE alpha grid-search best alphas[index]=np.float64(1.0),results[index]=array([ 1.12530125e+03, -1.14350874e-01,  6.05110940e-05, -1.14350874e-01])
best_index=np.int64(0) np.sum(w_target)=np.float64(1.0) case[index%2]='max_alpha'
0.47323275838681506 2022-04-01 00:00:00 1283.8470212029285 0.010429867328544291 2.8635831905536265e-05 0.01042986732854434
PROGRESS	2022-04-01	247	28	0.01042986732854434	1283.8470212029285
Portfolio optimization with 38 month weight rebalancing 2022-03-01 00:00:00: : 39it [06:19,  1.20s/it]Portfolio optimization with 39 month weight rebalancing 2022-04-01 00:00:00: : 39it [06:19,  1.20s/it]2026-07-30 19:00:19.960 | WARNING  | __main__:model_computation:474 - Nested engine fallback on 2022-04-01: "['BND', 'DVY', 'EMB', 'IBB', 'IEF', 'IEI', 'MBB', 'MCHI', 'SCZ', 'SHY', 'TLT', 'VTWO', 'VXUS'] not in index"
self.is_all_methods=False, self.min_weight=0.0, self.max_weight=0.06
single_methods
[RC-LP] method_type='return_cvar_constraint' sum=1.0000 active=29
IN-SAMPLE alpha grid-search best alphas[index]=np.float64(1.0),results[index]=array([ 1.22461130e+03, -4.61392398e-02,  1.26006027e-04, -4.61392398e-02])
best_index=np.int64(0) np.sum(w_target)=np.float64(1.0) case[index%2]='max_alpha'
0.47180120815894 2022-05-02 00:00:00 1116.0464572585893 -0.1307013695347557 5.944979600641639e-05 -0.13070136953475564
PROGRESS	2022-05-02	248	28	-0.13070136953475564	1116.0464572585893
Portfolio optimization with 39 month weight rebalancing 2022-04-01 00:00:00: : 40it [06:19,  1.06it/s]Portfolio optimization with 40 month weight rebalancing 2022-05-02 00:00:00: : 40it [06:19,  1.06it/s]2026-07-30 19:00:20.358 | WARNING  | __main__:model_computation:474 - Nested engine fallback on 2022-05-02: "['BND', 'DVY', 'EMB', 'IBB', 'IEF', 'IEI', 'MBB', 'MCHI', 'SCZ', 'SHY', 'TLT', 'VTWO', 'VXUS'] not in index"
self.is_all_methods=False, self.min_weight=0.0, self.max_weight=0.06
single_methods
[RC-LP] method_type='return_cvar_constraint' sum=1.0000 active=31
IN-SAMPLE alpha grid-search best alphas[index]=np.float64(1.0),results[index]=array([ 1.05787557e+03, -5.21222845e-02,  1.71256073e-04, -5.21222845e-02])
best_index=np.int64(0) np.sum(w_target)=np.float64(1.0) case[index%2]='max_alpha'
0.4851307884451125 2022-06-01 00:00:00 1127.9876383054002 0.01069953761256742 8.30815935810051e-05 0.010699537612567367
PROGRESS	2022-06-01	248	30	0.010699537612567367	1127.9876383054002
Portfolio optimization with 40 month weight rebalancing 2022-05-02 00:00:00: : 41it [06:19,  1.29it/s]Portfolio optimization with 41 month weight rebalancing 2022-06-01 00:00:00: : 41it [06:19,  1.29it/s]2026-07-30 19:00:20.703 | WARNING  | __main__:model_computation:474 - Nested engine fallback on 2022-06-01: "['BND', 'DVY', 'EMB', 'IBB', 'IEF', 'IEI', 'MBB', 'MCHI', 'SCZ', 'SHY', 'TLT', 'VTWO', 'VXUS'] not in index"
self.is_all_methods=False, self.min_weight=0.0, self.max_weight=0.06
single_methods
[RC-LP] method_type='return_cvar_constraint' sum=1.0000 active=31
IN-SAMPLE alpha grid-search best alphas[index]=np.float64(1.0),results[index]=array([ 1.07733812e+03, -4.49025472e-02,  1.30458982e-04, -4.49025472e-02])
best_index=np.int64(0) np.sum(w_target)=np.float64(1.0) case[index%2]='max_alpha'
0.48660403028730936 2022-07-01 00:00:00 1046.378095011935 -0.07234967877491001 6.348186626243448e-05 -0.07234967877491005
PROGRESS	2022-07-01	249	30	-0.07234967877491005	1046.378095011935
Portfolio optimization with 41 month weight rebalancing 2022-06-01 00:00:00: : 42it [06:20,  1.54it/s]Portfolio optimization with 42 month weight rebalancing 2022-07-01 00:00:00: : 42it [06:20,  1.54it/s]2026-07-30 19:00:21.041 | WARNING  | __main__:model_computation:474 - Nested engine fallback on 2022-07-01: "['BND', 'DVY', 'EMB', 'IBB', 'IEF', 'IEI', 'MBB', 'MCHI', 'SCZ', 'SHY', 'TLT', 'VTWO', 'VXUS'] not in index"
self.is_all_methods=False, self.min_weight=0.0, self.max_weight=0.06
single_methods
[RC-LP] method_type='return_cvar_constraint' sum=1.0000 active=31
IN-SAMPLE alpha grid-search best alphas[index]=np.float64(1.0),results[index]=array([ 8.92165637e+02, -1.47377376e-01,  6.56569060e-05, -1.47377376e-01])
best_index=np.int64(0) np.sum(w_target)=np.float64(1.0) case[index%2]='max_alpha'
0.48834176866903223 2022-08-01 00:00:00 1150.1949956704814 0.0992154758910182 3.206300957803232e-05 0.0992154758910182
PROGRESS	2022-08-01	250	30	0.0992154758910182	1150.1949956704814
Portfolio optimization with 42 month weight rebalancing 2022-07-01 00:00:00: : 43it [06:20,  1.81it/s]Portfolio optimization with 43 month weight rebalancing 2022-08-01 00:00:00: : 43it [06:20,  1.81it/s]2026-07-30 19:00:21.450 | WARNING  | __main__:model_computation:474 - Nested engine fallback on 2022-08-01: "['BND', 'DVY', 'EMB', 'IBB', 'IEF', 'IEI', 'MBB', 'MCHI', 'SCZ', 'SHY', 'TLT', 'VTWO', 'VXUS'] not in index"
self.is_all_methods=False, self.min_weight=0.0, self.max_weight=0.06
single_methods
[RC-LP] method_type='return_cvar_constraint' sum=1.0000 active=31
IN-SAMPLE alpha grid-search best alphas[index]=np.float64(0.1),results[index]=array([1.17557709e+03, 2.20676422e-02, 6.85512479e-06, 2.20676422e-02])
best_index=np.int64(0) np.sum(w_target)=np.float64(1.0) case[index%2]='max_alpha'
0.46823529355191956 2022-09-01 00:00:00 1123.3884297805546 -0.02330610547848919 3.209811367297121e-05 -0.023306105478489325
PROGRESS	2022-09-01	253	30	-0.023306105478489325	1123.3884297805546
Portfolio optimization with 43 month weight rebalancing 2022-08-01 00:00:00: : 44it [06:20,  1.95it/s]Portfolio optimization with 44 month weight rebalancing 2022-09-01 00:00:00: : 44it [06:20,  1.95it/s]2026-07-30 19:00:21.806 | WARNING  | __main__:model_computation:474 - Nested engine fallback on 2022-09-01: "['BND', 'DVY', 'EMB', 'IBB', 'IEF', 'IEI', 'MBB', 'MCHI', 'SCZ', 'SHY', 'TLT', 'VTWO', 'VXUS'] not in index"
self.is_all_methods=False, self.min_weight=0.0, self.max_weight=0.06
single_methods
[RC-LP] method_type='return_cvar_constraint' sum=1.0000 active=31
IN-SAMPLE alpha grid-search best alphas[index]=np.float64(0.1),results[index]=array([ 1.10602751e+03, -1.54540689e-02,  3.42216730e-06, -1.54540689e-02])
best_index=np.int64(0) np.sum(w_target)=np.float64(0.9999999999999999) case[index%2]='max_alpha'
0.4980520294486984 2022-10-03 00:00:00 1026.3493216179247 -0.08638072601618815 1.7044173672182106e-05 -0.08638072601618807
PROGRESS	2022-10-03	253	30	-0.08638072601618807	1026.3493216179247
Portfolio optimization with 44 month weight rebalancing 2022-09-01 00:00:00: : 45it [06:21,  2.15it/s]Portfolio optimization with 45 month weight rebalancing 2022-10-03 00:00:00: : 45it [06:21,  2.15it/s]2026-07-30 19:00:22.150 | WARNING  | __main__:model_computation:474 - Nested engine fallback on 2022-10-03: "['BND', 'DVY', 'EMB', 'IBB', 'IEF', 'IEI', 'MBB', 'MCHI', 'SCZ', 'SHY', 'TLT', 'VONE', 'VTWO', 'VXUS'] not in index"
self.is_all_methods=False, self.min_weight=0.0, self.max_weight=0.06
single_methods
[RC-LP] method_type='return_cvar_constraint' sum=1.0000 active=31
IN-SAMPLE alpha grid-search best alphas[index]=np.float64(1.0),results[index]=array([ 9.88397645e+02, -3.69773485e-02,  9.28247017e-05, -3.69773485e-02])
best_index=np.int64(0) np.sum(w_target)=np.float64(0.9999999999999999) case[index%2]='max_alpha'
0.49651964635069 2022-11-01 00:00:00 1040.4086536842597 0.013698388813832021 4.6089288063142606e-05 0.013698388813832008
PROGRESS	2022-11-01	251	30	0.013698388813832008	1040.4086536842597
Portfolio optimization with 45 month weight rebalancing 2022-10-03 00:00:00: : 46it [06:21,  2.33it/s]Portfolio optimization with 46 month weight rebalancing 2022-11-01 00:00:00: : 46it [06:21,  2.33it/s]2026-07-30 19:00:22.495 | WARNING  | __main__:model_computation:474 - Nested engine fallback on 2022-11-01: "['BND', 'DVY', 'EMB', 'IBB', 'IEF', 'IEI', 'MBB', 'MCHI', 'SCZ', 'SHY', 'TLT', 'VONE', 'VTWO', 'VXUS'] not in index"
self.is_all_methods=False, self.min_weight=0.0, self.max_weight=0.06
single_methods
[RC-LP] method_type='return_cvar_constraint' sum=1.0000 active=31
IN-SAMPLE alpha grid-search best alphas[index]=np.float64(1.0),results[index]=array([ 9.50777767e+02, -8.61496937e-02,  6.66258579e-05, -8.61496937e-02])
best_index=np.int64(0) np.sum(w_target)=np.float64(1.0) case[index%2]='max_alpha'
0.4919091546255147 2022-12-01 00:00:00 1120.3597976494323 0.07684590442616195 3.277386942974333e-05 0.07684590442616201
PROGRESS	2022-12-01	251	30	0.07684590442616201	1120.3597976494323
Portfolio optimization with 46 month weight rebalancing 2022-11-01 00:00:00: : 47it [06:21,  2.48it/s]Portfolio optimization with 47 month weight rebalancing 2022-12-01 00:00:00: : 47it [06:21,  2.48it/s]2026-07-30 19:00:22.899 | WARNING  | __main__:model_computation:474 - Nested engine fallback on 2022-12-01: "['BND', 'DVY', 'EMB', 'IBB', 'IEF', 'IEI', 'MBB', 'MCHI', 'SCZ', 'SHY', 'TLT', 'VONE', 'VONG', 'VTWO', 'VXUS'] not in index"
self.is_all_methods=False, self.min_weight=0.0, self.max_weight=0.06
single_methods
[RC-LP] method_type='return_cvar_constraint' sum=1.0000 active=31
IN-SAMPLE alpha grid-search best alphas[index]=np.float64(1.0),results[index]=array([1.14807195e+03, 2.47350443e-02, 3.42408243e-05, 2.47350443e-02])
best_index=np.int64(0) np.sum(w_target)=np.float64(1.0) case[index%2]='max_alpha'
0.481160673795738 2023-01-03 00:00:00 1043.2976383731861 -0.06878340282998924 1.6475338115271194e-05 -0.06878340282998918
PROGRESS	2023-01-03	252	30	-0.06878340282998918	1043.2976383731861
Portfolio optimization with 47 month weight rebalancing 2022-12-01 00:00:00: : 48it [06:22,  2.48it/s]Portfolio optimization with 48 month weight rebalancing 2023-01-03 00:00:00: : 48it [06:22,  2.48it/s]2026-07-30 19:00:23.242 | WARNING  | __main__:model_computation:474 - Nested engine fallback on 2023-01-03: "['BND', 'DVY', 'EMB', 'IBB', 'IEF', 'IEI', 'MBB', 'MCHI', 'SCZ', 'SHY', 'TLT', 'VONE', 'VONG', 'VTWO', 'VXUS'] not in index"
self.is_all_methods=False, self.min_weight=0.0, self.max_weight=0.06
single_methods
[RC-LP] method_type='return_cvar_constraint' sum=1.0000 active=31
IN-SAMPLE alpha grid-search best alphas[index]=np.float64(1.0),results[index]=array([1.04795324e+03, 4.46239136e-03, 7.78820470e-05, 4.46239136e-03])
best_index=np.int64(0) np.sum(w_target)=np.float64(0.9999999999999999) case[index%2]='max_alpha'
0.5011773568600632 2023-02-01 00:00:00 1130.4868674929478 0.0835708103928193 3.903271845487701e-05 0.08357081039281922
PROGRESS	2023-02-01	252	30	0.08357081039281922	1130.4868674929478
Portfolio optimization with 48 month weight rebalancing 2023-01-03 00:00:00: : 49it [06:22,  2.56it/s]Portfolio optimization with 49 month weight rebalancing 2023-02-01 00:00:00: : 49it [06:22,  2.56it/s]2026-07-30 19:00:23.639 | WARNING  | __main__:model_computation:474 - Nested engine fallback on 2023-02-01: "['BND', 'DVY', 'EMB', 'IBB', 'IEF', 'IEI', 'MBB', 'MCHI', 'SCZ', 'SHY', 'TLT', 'VONE', 'VONG', 'VTWO', 'VXUS'] not in index"
self.is_all_methods=False, self.min_weight=0.0, self.max_weight=0.06
single_methods
[RC-LP] method_type='return_cvar_constraint' sum=1.0000 active=30
IN-SAMPLE alpha grid-search best alphas[index]=np.float64(1.0),results[index]=array([1.23169852e+03, 8.95292593e-02, 1.51352557e-04, 8.95292593e-02])
best_index=np.int64(0) np.sum(w_target)=np.float64(1.0) case[index%2]='max_alpha'
0.5011279481657676 2023-03-01 00:00:00 1085.5270125794027 -0.03977034692428702 7.584699624005508e-05 -0.03977034692428705
PROGRESS	2023-03-01	252	29	-0.03977034692428705	1085.5270125794027
Portfolio optimization with 49 month weight rebalancing 2023-02-01 00:00:00: : 50it [06:23,  2.57it/s]Portfolio optimization with 50 month weight rebalancing 2023-03-01 00:00:00: : 50it [06:23,  2.57it/s]2026-07-30 19:00:24.081 | WARNING  | __main__:model_computation:474 - Nested engine fallback on 2023-03-01: "['BND', 'DVY', 'EMB', 'IBB', 'IEF', 'IEI', 'MBB', 'MCHI', 'SCZ', 'SHY', 'TLT', 'VONE', 'VONG', 'VONV', 'VTWO', 'VXUS'] not in index"
self.is_all_methods=False, self.min_weight=0.0, self.max_weight=0.06
single_methods
[RC-LP] method_type='return_cvar_constraint' sum=1.0000 active=30
IN-SAMPLE alpha grid-search best alphas[index]=np.float64(1.0),results[index]=array([ 1.06515893e+03, -1.87633163e-02,  2.32430095e-04, -1.87633163e-02])
best_index=np.int64(0) np.sum(w_target)=np.float64(1.0) case[index%2]='max_alpha'
0.5181234984666069 2023-04-03 00:00:00 1118.6925915018828 0.03055251369901237 0.00012042749377003989 0.03055251369901235
PROGRESS	2023-04-03	254	29	0.03055251369901235	1118.6925915018828
Portfolio optimization with 50 month weight rebalancing 2023-03-01 00:00:00: : 51it [06:23,  2.46it/s]Portfolio optimization with 51 month weight rebalancing 2023-04-03 00:00:00: : 51it [06:23,  2.46it/s]2026-07-30 19:00:24.441 | WARNING  | __main__:model_computation:474 - Nested engine fallback on 2023-04-03: "['BND', 'DVY', 'EMB', 'IBB', 'IEF', 'IEI', 'IJT', 'MBB', 'MCHI', 'SCZ', 'SHY', 'TLT', 'VONE', 'VONG', 'VONV', 'VTWO', 'VXUS'] not in index"
self.is_all_methods=False, self.min_weight=0.0, self.max_weight=0.06
single_methods
[RC-LP] method_type='return_cvar_constraint' sum=1.0000 active=29
IN-SAMPLE alpha grid-search best alphas[index]=np.float64(1.0),results[index]=array([1.20961424e+03, 8.12749138e-02, 2.19561500e-04, 8.12749138e-02])
best_index=np.int64(0) np.sum(w_target)=np.float64(0.9999999999999999) case[index%2]='max_alpha'
0.49987362511288985 2023-05-01 00:00:00 1093.3880127469606 -0.022619778612236983 0.00010975300302786669 -0.022619778612236963
PROGRESS	2023-05-01	253	29	-0.022619778612236963	1093.3880127469606
Portfolio optimization with 51 month weight rebalancing 2023-04-03 00:00:00: : 52it [06:23,  2.55it/s]Portfolio optimization with 52 month weight rebalancing 2023-05-01 00:00:00: : 52it [06:23,  2.55it/s]2026-07-30 19:00:24.806 | WARNING  | __main__:model_computation:474 - Nested engine fallback on 2023-05-01: "['BND', 'DVY', 'EMB', 'IBB', 'IEF', 'IEI', 'IJT', 'MBB', 'MCHI', 'SCZ', 'SHY', 'TLT', 'VONE', 'VONG', 'VONV', 'VTWO', 'VXUS'] not in index"
self.is_all_methods=False, self.min_weight=0.0, self.max_weight=0.06
single_methods
[RC-LP] method_type='return_cvar_constraint' sum=1.0000 active=29
IN-SAMPLE alpha grid-search best alphas[index]=np.float64(1.0),results[index]=array([ 1.05670313e+03, -3.35515718e-02,  1.34623047e-04, -3.35515718e-02])
best_index=np.int64(0) np.sum(w_target)=np.float64(1.0) case[index%2]='max_alpha'
0.5162240102348388 2023-06-01 00:00:00 1087.4770973637915 -0.005406054679819325 6.949564938925913e-05 -0.005406054679819361
PROGRESS	2023-06-01	254	29	-0.005406054679819361	1087.4770973637915
Portfolio optimization with 52 month weight rebalancing 2023-05-01 00:00:00: : 53it [06:24,  2.61it/s]Portfolio optimization with 53 month weight rebalancing 2023-06-01 00:00:00: : 53it [06:24,  2.61it/s]2026-07-30 19:00:25.158 | WARNING  | __main__:model_computation:474 - Nested engine fallback on 2023-06-01: "['BND', 'DVY', 'EMB', 'IBB', 'IEF', 'IEI', 'IJT', 'MBB', 'MCHI', 'SCZ', 'SHY', 'TLT', 'VONE', 'VONG', 'VONV', 'VTWO', 'VXUS'] not in index"
self.is_all_methods=False, self.min_weight=0.0, self.max_weight=0.06
single_methods
[RC-LP] method_type='return_cvar_constraint' sum=1.0000 active=32
IN-SAMPLE alpha grid-search best alphas[index]=np.float64(1.0),results[index]=array([ 1.08575785e+03, -1.58095227e-03,  7.48490457e-05, -1.58095227e-03])
best_index=np.int64(0) np.sum(w_target)=np.float64(1.0) case[index%2]='max_alpha'
0.4965356826348773 2023-07-03 00:00:00 1150.247171121625 0.05772082364768648 3.716522200371428e-05 0.05772082364768649
PROGRESS	2023-07-03	252	31	0.05772082364768649	1150.247171121625
Portfolio optimization with 53 month weight rebalancing 2023-06-01 00:00:00: : 54it [06:24,  2.67it/s]Portfolio optimization with 54 month weight rebalancing 2023-07-03 00:00:00: : 54it [06:24,  2.67it/s]2026-07-30 19:00:25.599 | WARNING  | __main__:model_computation:474 - Nested engine fallback on 2023-07-03: "['BND', 'DVY', 'EMB', 'IBB', 'IEF', 'IEI', 'IJT', 'MBB', 'MCHI', 'SCZ', 'SHY', 'TLT', 'VONE', 'VONG', 'VONV', 'VTWO', 'VXUS'] not in index"
self.is_all_methods=False, self.min_weight=0.0, self.max_weight=0.06
single_methods
[RC-LP] method_type='return_cvar_constraint' sum=1.0000 active=29
IN-SAMPLE alpha grid-search best alphas[index]=np.float64(0.1),results[index]=array([1.20243865e+03, 4.53741462e-02, 1.00941071e-05, 4.53741462e-02])
best_index=np.int64(0) np.sum(w_target)=np.float64(1.0) case[index%2]='max_alpha'
0.4989909363561751 2023-08-01 00:00:00 1193.3946350618555 0.03751147146761229 5.036867958458967e-05 0.037511471467612356
PROGRESS	2023-08-01	251	29	0.037511471467612356	1193.3946350618555
Portfolio optimization with 54 month weight rebalancing 2023-07-03 00:00:00: : 55it [06:25,  2.55it/s]Portfolio optimization with 55 month weight rebalancing 2023-08-01 00:00:00: : 55it [06:25,  2.55it/s]2026-07-30 19:00:25.963 | WARNING  | __main__:model_computation:474 - Nested engine fallback on 2023-08-01: "['BND', 'DVY', 'EMB', 'IBB', 'IEF', 'IEI', 'IJT', 'MBB', 'MCHI', 'SCZ', 'SHY', 'TLT', 'VONE', 'VONG', 'VONV', 'VTWO', 'VXUS'] not in index"
self.is_all_methods=False, self.min_weight=0.0, self.max_weight=0.06
single_methods
[RC-LP] method_type='return_cvar_constraint' sum=1.0000 active=29
IN-SAMPLE alpha grid-search best alphas[index]=np.float64(1.0),results[index]=array([1.34856289e+03, 1.30022585e-01, 1.88825895e-04, 1.30022585e-01])
best_index=np.int64(0) np.sum(w_target)=np.float64(1.0) case[index%2]='max_alpha'
0.5088720849277031 2023-09-01 00:00:00 1153.222779782766 -0.03366183666227667 9.608822696054895e-05 -0.03366183666227662
PROGRESS	2023-09-01	252	29	-0.03366183666227662	1153.222779782766
Portfolio optimization with 55 month weight rebalancing 2023-08-01 00:00:00: : 56it [06:25,  2.60it/s]Portfolio optimization with 56 month weight rebalancing 2023-09-01 00:00:00: : 56it [06:25,  2.60it/s]2026-07-30 19:00:26.324 | WARNING  | __main__:model_computation:474 - Nested engine fallback on 2023-09-01: "['BND', 'DVY', 'EMB', 'IBB', 'IEF', 'IEI', 'IJT', 'MBB', 'MCHI', 'SCZ', 'SHY', 'TLT', 'VONE', 'VONG', 'VONV', 'VTWO', 'VXUS'] not in index"
self.is_all_methods=False, self.min_weight=0.0, self.max_weight=0.06
single_methods
[RC-LP] method_type='return_cvar_constraint' sum=1.0000 active=26
IN-SAMPLE alpha grid-search best alphas[index]=np.float64(1.0),results[index]=array([1.24261113e+03, 7.75117829e-02, 3.48770718e-04, 7.75117829e-02])
best_index=np.int64(0) np.sum(w_target)=np.float64(1.0) case[index%2]='max_alpha'
0.5277505733858223 2023-10-02 00:00:00 1125.6503326788684 -0.023909037860916645 0.00018406394631493352 -0.023909037860916693
PROGRESS	2023-10-02	250	26	-0.023909037860916693	1125.6503326788684
Portfolio optimization with 56 month weight rebalancing 2023-09-01 00:00:00: : 57it [06:25,  2.66it/s]Portfolio optimization with 57 month weight rebalancing 2023-10-02 00:00:00: : 57it [06:25,  2.66it/s]2026-07-30 19:00:26.679 | WARNING  | __main__:model_computation:474 - Nested engine fallback on 2023-10-02: "['BND', 'DVY', 'EMB', 'IBB', 'IEF', 'IEI', 'IJT', 'MBB', 'MCHI', 'SCZ', 'SHY', 'TLT', 'VONE', 'VONG', 'VONV', 'VTWO', 'VXUS'] not in index"
self.is_all_methods=False, self.min_weight=0.0, self.max_weight=0.06
single_methods
[RC-LP] method_type='return_cvar_constraint' sum=1.0000 active=28
IN-SAMPLE alpha grid-search best alphas[index]=np.float64(1.0),results[index]=array([1.17867369e+03, 4.71046436e-02, 1.88455878e-04, 4.71046436e-02])
best_index=np.int64(0) np.sum(w_target)=np.float64(0.9999999999999999) case[index%2]='max_alpha'
0.521045738540153 2023-11-01 00:00:00 1074.5077485256065 -0.04543381072126603 9.819413217257073e-05 -0.045433810721266066
PROGRESS	2023-11-01	249	28	-0.045433810721266066	1074.5077485256065
Portfolio optimization with 57 month weight rebalancing 2023-10-02 00:00:00: : 58it [06:26,  2.70it/s]Portfolio optimization with 58 month weight rebalancing 2023-11-01 00:00:00: : 58it [06:26,  2.70it/s]2026-07-30 19:00:27.104 | WARNING  | __main__:model_computation:474 - Nested engine fallback on 2023-11-01: "['BND', 'DVY', 'EMB', 'IBB', 'IEF', 'IEI', 'IJT', 'MBB', 'MCHI', 'SCZ', 'SHY', 'TLT', 'VONE', 'VONG', 'VONV', 'VTWO', 'VXUS'] not in index"
self.is_all_methods=False, self.min_weight=0.0, self.max_weight=0.06
single_methods
[RC-LP] method_type='return_cvar_constraint' sum=1.0000 active=25
IN-SAMPLE alpha grid-search best alphas[index]=np.float64(1.0),results[index]=array([ 1.02146677e+03, -4.93630472e-02,  1.15712761e-04, -4.93630472e-02])
best_index=np.int64(0) np.sum(w_target)=np.float64(0.9999999999999999) case[index%2]='max_alpha'
0.5136291877560167 2023-12-01 00:00:00 1126.9804938289365 0.04883421769208359 5.9433451289257136e-05 0.048834217692083515
PROGRESS	2023-12-01	248	25	0.048834217692083515	1126.9804938289365
Portfolio optimization with 58 month weight rebalancing 2023-11-01 00:00:00: : 59it [06:26,  2.59it/s]Portfolio optimization with 59 month weight rebalancing 2023-12-01 00:00:00: : 59it [06:26,  2.59it/s]2026-07-30 19:00:27.459 | WARNING  | __main__:model_computation:474 - Nested engine fallback on 2023-12-01: "['BITO', 'BND', 'DVY', 'EMB', 'IBB', 'IEF', 'IEI', 'IJT', 'MBB', 'MCHI', 'SCZ', 'SHY', 'TLT', 'VONE', 'VONG', 'VONV', 'VTWO', 'VXUS'] not in index"
self.is_all_methods=False, self.min_weight=0.0, self.max_weight=0.06
single_methods
[RC-LP] method_type='return_cvar_constraint' sum=1.0000 active=27
IN-SAMPLE alpha grid-search best alphas[index]=np.float64(1.0),results[index]=array([ 1.10295933e+03, -2.13146195e-02,  5.20609141e-05, -2.13146195e-02])
best_index=np.int64(0) np.sum(w_target)=np.float64(1.0000000000000002) case[index%2]='max_alpha'
0.4928543900631798 2024-01-02 00:00:00 1167.7362254239026 0.036163653069537956 2.5658450077288926e-05 0.03616365306953795
PROGRESS	2024-01-02	249	27	0.03616365306953795	1167.7362254239026
Portfolio optimization with 59 month weight rebalancing 2023-12-01 00:00:00: : 60it [06:26,  2.65it/s]Portfolio optimization with 60 month weight rebalancing 2024-01-02 00:00:00: : 60it [06:26,  2.65it/s]2026-07-30 19:00:27.818 | WARNING  | __main__:model_computation:474 - Nested engine fallback on 2024-01-02: "['BITO', 'BND', 'DVY', 'EMB', 'IBB', 'IEF', 'IEI', 'IJT', 'MBB', 'MCHI', 'SCZ', 'SHY', 'TLT', 'VONE', 'VONG', 'VONV', 'VTWO', 'VXUS'] not in index"
self.is_all_methods=False, self.min_weight=0.0, self.max_weight=0.06
single_methods
[RC-LP] method_type='return_cvar_constraint' sum=1.0000 active=31
IN-SAMPLE alpha grid-search best alphas[index]=np.float64(1.0),results[index]=array([1.24055568e+03, 6.23595036e-02, 1.33256132e-04, 6.23595036e-02])
best_index=np.int64(0) np.sum(w_target)=np.float64(0.9999999999999999) case[index%2]='max_alpha'
0.4943081026948385 2024-02-01 00:00:00 1161.7437245177223 -0.005131724764301969 6.586958561611717e-05 -0.005131724764302015
PROGRESS	2024-02-01	250	30	-0.005131724764302015	1161.7437245177223
Portfolio optimization with 60 month weight rebalancing 2024-01-02 00:00:00: : 61it [06:27,  2.70it/s]Portfolio optimization with 61 month weight rebalancing 2024-02-01 00:00:00: : 61it [06:27,  2.70it/s]2026-07-30 19:00:28.168 | WARNING  | __main__:model_computation:474 - Nested engine fallback on 2024-02-01: "['BITO', 'BND', 'DVY', 'EMB', 'IBB', 'IEF', 'IEI', 'IJT', 'MBB', 'MCHI', 'SCZ', 'SHY', 'TLT', 'VONE', 'VONG', 'VONV', 'VTWO', 'VXUS'] not in index"
self.is_all_methods=False, self.min_weight=0.0, self.max_weight=0.06
single_methods
[RC-LP] method_type='return_cvar_constraint' sum=1.0000 active=28
IN-SAMPLE alpha grid-search best alphas[index]=np.float64(1.0),results[index]=array([1.25934878e+03, 8.40159925e-02, 7.21347712e-05, 8.40159925e-02])
best_index=np.int64(0) np.sum(w_target)=np.float64(0.9999999999999999) case[index%2]='max_alpha'
0.511331531466069 2024-03-01 00:00:00 1200.1862794139386 0.033090391697338385 3.688478304655128e-05 0.033090391697338406
PROGRESS	2024-03-01	248	27	0.033090391697338406	1200.1862794139386
Portfolio optimization with 61 month weight rebalancing 2024-02-01 00:00:00: : 62it [06:27,  2.74it/s]Portfolio optimization with 62 month weight rebalancing 2024-03-01 00:00:00: : 62it [06:27,  2.74it/s]2026-07-30 19:00:28.600 | WARNING  | __main__:model_computation:474 - Nested engine fallback on 2024-03-01: "['BITO', 'BND', 'DVY', 'EMB', 'IBB', 'IEF', 'IEI', 'IJT', 'JEPQ', 'MBB', 'MCHI', 'SCZ', 'SHY', 'TLT', 'VONE', 'VONG', 'VONV', 'VTWO', 'VXUS'] not in index"
self.is_all_methods=False, self.min_weight=0.0, self.max_weight=0.06
single_methods
[RC-LP] method_type='return_cvar_constraint' sum=1.0000 active=29
IN-SAMPLE alpha grid-search best alphas[index]=np.float64(1.0),results[index]=array([1.27355654e+03, 6.11323931e-02, 4.91302523e-05, 6.11323931e-02])
best_index=np.int64(0) np.sum(w_target)=np.float64(0.9999999999999998) case[index%2]='max_alpha'
0.5190606516696082 2024-04-01 00:00:00 1240.7680561608283 0.03381289841665773 2.550158078391552e-05 0.03381289841665769
PROGRESS	2024-04-01	247	27	0.03381289841665769	1240.7680561608283
Portfolio optimization with 62 month weight rebalancing 2024-03-01 00:00:00: : 63it [06:28,  2.61it/s]Portfolio optimization with 63 month weight rebalancing 2024-04-01 00:00:00: : 63it [06:28,  2.61it/s]2026-07-30 19:00:28.938 | WARNING  | __main__:model_computation:474 - Nested engine fallback on 2024-04-01: "['BITO', 'BND', 'DVY', 'EMB', 'GBTC', 'IBB', 'IBIT', 'IEF', 'IEI', 'IJT', 'JEPQ', 'MBB', 'MCHI', 'QQQM', 'SCZ', 'SHY', 'TLT', 'VONE', 'VONG', 'VONV', 'VTWO', 'VXUS'] not in index"
self.is_all_methods=False, self.min_weight=0.0, self.max_weight=0.06
single_methods
[RC-LP] method_type='return_cvar_constraint' sum=1.0000 active=31
IN-SAMPLE alpha grid-search best alphas[index]=np.float64(1.0),results[index]=array([1.34418242e+03, 8.33470551e-02, 1.21793887e-04, 8.33470551e-02])
best_index=np.int64(0) np.sum(w_target)=np.float64(1.0) case[index%2]='max_alpha'
0.5160349566088467 2024-05-01 00:00:00 1236.72734155658 -0.003256623656762299 6.284990302121893e-05 -0.0032566236567622697
PROGRESS	2024-05-01	244	30	-0.0032566236567622697	1236.72734155658
Portfolio optimization with 63 month weight rebalancing 2024-04-01 00:00:00: : 64it [06:28,  2.69it/s]Portfolio optimization with 64 month weight rebalancing 2024-05-01 00:00:00: : 64it [06:28,  2.69it/s]2026-07-30 19:00:29.274 | WARNING  | __main__:model_computation:474 - Nested engine fallback on 2024-05-01: "['BITO', 'BND', 'DVY', 'EMB', 'GBTC', 'IBB', 'IBIT', 'IEF', 'IEI', 'IJT', 'JEPQ', 'MBB', 'MCHI', 'QQQM', 'SCZ', 'SHY', 'TLT', 'VONE', 'VONG', 'VONV', 'VTWO', 'VXUS'] not in index"
self.is_all_methods=False, self.min_weight=0.0, self.max_weight=0.06
single_methods
[RC-LP] method_type='return_cvar_constraint' sum=1.0000 active=30
IN-SAMPLE alpha grid-search best alphas[index]=np.float64(1.0),results[index]=array([1.31992754e+03, 6.72744863e-02, 7.34055270e-05, 6.72744863e-02])
best_index=np.int64(0) np.sum(w_target)=np.float64(1.0) case[index%2]='max_alpha'
0.5198670372123892 2024-06-03 00:00:00 1278.745850287266 0.03397556382783618 3.816111383125197e-05 0.033975563827836286
PROGRESS	2024-06-03	244	29	0.033975563827836286	1278.745850287266
Portfolio optimization with 64 month weight rebalancing 2024-05-01 00:00:00: : 65it [06:28,  2.79it/s]Portfolio optimization with 65 month weight rebalancing 2024-06-03 00:00:00: : 65it [06:28,  2.79it/s]2026-07-30 19:00:29.629 | WARNING  | __main__:model_computation:474 - Nested engine fallback on 2024-06-03: "['BITO', 'BND', 'DVY', 'EMB', 'GBTC', 'IBB', 'IBIT', 'IEF', 'IEI', 'IJT', 'JEPQ', 'MBB', 'MCHI', 'QQQM', 'SCZ', 'SHY', 'TLT', 'VONE', 'VONG', 'VONV', 'VTWO', 'VXUS'] not in index"
self.is_all_methods=False, self.min_weight=0.0, self.max_weight=0.06
single_methods
[RC-LP] method_type='return_cvar_constraint' sum=1.0000 active=30
IN-SAMPLE alpha grid-search best alphas[index]=np.float64(1.0),results[index]=array([1.32657924e+03, 3.74064905e-02, 4.35247558e-05, 3.74064905e-02])
best_index=np.int64(0) np.sum(w_target)=np.float64(1.0) case[index%2]='max_alpha'
0.5174233402653166 2024-07-01 00:00:00 1281.5211535648043 0.0021703321867396824 2.2520724523238908e-05 0.0021703321867396763
PROGRESS	2024-07-01	243	29	0.0021703321867396763	1281.5211535648043
Portfolio optimization with 65 month weight rebalancing 2024-06-03 00:00:00: : 66it [06:29,  2.79it/s]Portfolio optimization with 66 month weight rebalancing 2024-07-01 00:00:00: : 66it [06:29,  2.79it/s]2026-07-30 19:00:30.040 | WARNING  | __main__:model_computation:474 - Nested engine fallback on 2024-07-01: "['BITO', 'BND', 'DVY', 'EMB', 'GBTC', 'IBB', 'IBIT', 'IEF', 'IEI', 'IJT', 'JEPQ', 'MBB', 'MCHI', 'QQQM', 'SCZ', 'SHY', 'TLT', 'VONE', 'VONG', 'VONV', 'VTWO', 'VXUS'] not in index"
self.is_all_methods=False, self.min_weight=0.0, self.max_weight=0.06
single_methods
[RC-LP] method_type='return_cvar_constraint' sum=1.0000 active=32
IN-SAMPLE alpha grid-search best alphas[index]=np.float64(0.1),results[index]=array([ 1.27749343e+03, -3.14292060e-03,  2.46627389e-06, -3.14292060e-03])
best_index=np.int64(0) np.sum(w_target)=np.float64(0.9999999999999998) case[index%2]='max_alpha'
0.5109656190725304 2024-08-01 00:00:00 1300.9619166419102 0.015170068026600607 1.2601811665830637e-05 0.015170068026600703
PROGRESS	2024-08-01	243	30	0.015170068026600703	1300.9619166419102
Portfolio optimization with 66 month weight rebalancing 2024-07-01 00:00:00: : 67it [06:29,  2.68it/s]Portfolio optimization with 67 month weight rebalancing 2024-08-01 00:00:00: : 67it [06:29,  2.68it/s]2026-07-30 19:00:30.373 | WARNING  | __main__:model_computation:474 - Nested engine fallback on 2024-08-01: "['BITO', 'BND', 'DVY', 'EMB', 'GBTC', 'IBB', 'IBIT', 'IEF', 'IEI', 'IJT', 'JAAA', 'JEPQ', 'MBB', 'MCHI', 'QQQM', 'SCZ', 'SGOV', 'SHY', 'TLT', 'VONE', 'VONG', 'VONV', 'VTWO', 'VXUS'] not in index"
self.is_all_methods=False, self.min_weight=0.0, self.max_weight=0.06
single_methods
[RC-LP] method_type='return_cvar_constraint' sum=1.0000 active=30
IN-SAMPLE alpha grid-search best alphas[index]=np.float64(1.0),results[index]=array([1.35815103e+03, 4.39590970e-02, 8.81551042e-06, 4.39590970e-02])
best_index=np.int64(0) np.sum(w_target)=np.float64(1.0) case[index%2]='max_alpha'
0.501564886301498 2024-09-03 00:00:00 1272.0860920008777 -0.02219574936948797 4.421550483953999e-06 -0.022195749369487983
PROGRESS	2024-09-03	242	29	-0.022195749369487983	1272.0860920008777
Portfolio optimization with 67 month weight rebalancing 2024-08-01 00:00:00: : 68it [06:29,  2.76it/s]Portfolio optimization with 68 month weight rebalancing 2024-09-03 00:00:00: : 68it [06:29,  2.76it/s]2026-07-30 19:00:30.708 | WARNING  | __main__:model_computation:474 - Nested engine fallback on 2024-09-03: "['BITO', 'BND', 'DVY', 'EMB', 'GBTC', 'IBB', 'IBIT', 'IEF', 'IEI', 'IGV', 'IJT', 'JAAA', 'JEPI', 'JEPQ', 'MBB', 'MCHI', 'QQQM', 'SCZ', 'SGOV', 'SHY', 'TLT', 'VONE', 'VONG', 'VONV', 'VTWO', 'VXUS'] not in index"
self.is_all_methods=False, self.min_weight=0.0, self.max_weight=0.06
single_methods
[RC-LP] method_type='return_cvar_constraint' sum=1.0000 active=31
IN-SAMPLE alpha grid-search best alphas[index]=np.float64(1.0),results[index]=array([1.27812807e+03, 4.74966415e-03, 4.61002718e-06, 4.74966415e-03])
best_index=np.int64(0) np.sum(w_target)=np.float64(0.9999999999999998) case[index%2]='max_alpha'
0.5091037914589791 2024-10-01 00:00:00 1275.5572510976137 0.002728713975070946 2.346982317785071e-06 0.0027287139750709066
PROGRESS	2024-10-01	241	29	0.0027287139750709066	1275.5572510976137
Portfolio optimization with 68 month weight rebalancing 2024-09-03 00:00:00: : 69it [06:30,  2.83it/s]Portfolio optimization with 69 month weight rebalancing 2024-10-01 00:00:00: : 69it [06:30,  2.83it/s]2026-07-30 19:00:31.038 | WARNING  | __main__:model_computation:474 - Nested engine fallback on 2024-10-01: "['BITO', 'BND', 'DVY', 'EMB', 'GBTC', 'IBB', 'IBIT', 'IEF', 'IEI', 'IGV', 'IJT', 'JAAA', 'JEPI', 'JEPQ', 'MBB', 'MCHI', 'QQQM', 'SCZ', 'SGOV', 'SHY', 'TLT', 'VONE', 'VONG', 'VONV', 'VTWO', 'VXUS'] not in index"
self.is_all_methods=False, self.min_weight=0.0, self.max_weight=0.06
single_methods
[RC-LP] method_type='return_cvar_constraint' sum=1.0000 active=31
IN-SAMPLE alpha grid-search best alphas[index]=np.float64(1.0),results[index]=array([ 1.26284160e+03, -9.96870531e-03,  1.66576050e-05, -9.96870531e-03])
best_index=np.int64(0) np.sum(w_target)=np.float64(1.0) case[index%2]='max_alpha'
0.5027708640001183 2024-11-01 00:00:00 1267.4567975749073 -0.006350521323708519 8.374958453421982e-06 -0.006350521323708502
PROGRESS	2024-11-01	239	29	-0.006350521323708502	1267.4567975749073
Portfolio optimization with 69 month weight rebalancing 2024-10-01 00:00:00: : 70it [06:30,  2.89it/s]Portfolio optimization with 70 month weight rebalancing 2024-11-01 00:00:00: : 70it [06:30,  2.89it/s]2026-07-30 19:00:31.443 | WARNING  | __main__:model_computation:474 - Nested engine fallback on 2024-11-01: "['BITO', 'BND', 'DVY', 'EMB', 'GBTC', 'IBB', 'IBIT', 'IEF', 'IEI', 'IGV', 'IJT', 'JAAA', 'JEPI', 'JEPQ', 'MBB', 'MCHI', 'QQQM', 'SCZ', 'SGOV', 'SHY', 'TLT', 'VONE', 'VONG', 'VONV', 'VTWO', 'VXUS'] not in index"
self.is_all_methods=False, self.min_weight=0.0, self.max_weight=0.06
single_methods
[RC-LP] method_type='return_cvar_constraint' sum=1.0000 active=29
IN-SAMPLE alpha grid-search best alphas[index]=np.float64(1.0),results[index]=array([1.34573874e+03, 6.17630078e-02, 7.17430609e-06, 6.17630078e-02])
best_index=np.int64(0) np.sum(w_target)=np.float64(1.0000000000000002) case[index%2]='max_alpha'
0.4985604413894195 2024-12-02 00:00:00 1347.7849595391704 0.06337743591573246 3.5768252108647054e-06 0.06337743591573242
PROGRESS	2024-12-02	242	28	0.06337743591573242	1347.7849595391704
Portfolio optimization with 70 month weight rebalancing 2024-11-01 00:00:00: : 71it [06:30,  2.74it/s]Portfolio optimization with 71 month weight rebalancing 2024-12-02 00:00:00: : 71it [06:30,  2.74it/s]2026-07-30 19:00:31.790 | WARNING  | __main__:model_computation:474 - Nested engine fallback on 2024-12-02: "['BITO', 'BND', 'DVY', 'EMB', 'GBTC', 'IBB', 'IBIT', 'IEF', 'IEI', 'IGV', 'IJT', 'JAAA', 'JEPI', 'JEPQ', 'MBB', 'MCHI', 'QQQM', 'SCZ', 'SGOV', 'SHY', 'TLT', 'VONE', 'VONG', 'VONV', 'VTWO', 'VXUS'] not in index"
self.is_all_methods=False, self.min_weight=0.0, self.max_weight=0.06
single_methods
[RC-LP] method_type='return_cvar_constraint' sum=1.0000 active=29
IN-SAMPLE alpha grid-search best alphas[index]=np.float64(1.0),results[index]=array([1.49820822e+03, 1.11607761e-01, 6.56028686e-05, 1.11607761e-01])
best_index=np.int64(0) np.sum(w_target)=np.float64(1.0) case[index%2]='max_alpha'
0.5120623481223087 2025-01-02 00:00:00 1278.796047491918 -0.05118688375246517 3.35927589583177e-05 -0.05118688375246505
PROGRESS	2025-01-02	243	28	-0.05118688375246505	1278.796047491918
Portfolio optimization with 71 month weight rebalancing 2024-12-02 00:00:00: : 72it [06:31,  2.79it/s]Portfolio optimization with 72 month weight rebalancing 2025-01-02 00:00:00: : 72it [06:31,  2.79it/s]2026-07-30 19:00:32.128 | WARNING  | __main__:model_computation:474 - Nested engine fallback on 2025-01-02: "['BITO', 'BND', 'DVY', 'EMB', 'GBTC', 'IBB', 'IBIT', 'IEF', 'IEI', 'IGV', 'IJT', 'JAAA', 'JEPI', 'JEPQ', 'MBB', 'MCHI', 'QQQM', 'SCZ', 'SGOV', 'SHY', 'SPYM', 'TLT', 'VONE', 'VONG', 'VONV', 'VTWO', 'VXUS'] not in index"
self.is_all_methods=False, self.min_weight=0.0, self.max_weight=0.06
single_methods
[RC-LP] method_type='return_cvar_constraint' sum=1.0000 active=30
IN-SAMPLE alpha grid-search best alphas[index]=np.float64(1.0),results[index]=array([1.28522933e+03, 5.03073193e-03, 4.30731757e-07, 5.03073193e-03])
best_index=np.int64(0) np.sum(w_target)=np.float64(1.0) case[index%2]='max_alpha'
0.5247143330981056 2025-02-03 00:00:00 1310.64167394667 0.024902818957886274 2.2601112680347603e-07 0.024902818957886375
PROGRESS	2025-02-03	245	29	0.024902818957886375	1310.64167394667
Portfolio optimization with 72 month weight rebalancing 2025-01-02 00:00:00: : 73it [06:31,  2.82it/s]Portfolio optimization with 73 month weight rebalancing 2025-02-03 00:00:00: : 73it [06:31,  2.82it/s]2026-07-30 19:00:32.473 | WARNING  | __main__:model_computation:474 - Nested engine fallback on 2025-02-03: "['BITO', 'BND', 'DVY', 'EMB', 'GBTC', 'IBB', 'IBIT', 'IEF', 'IEI', 'IGV', 'IJT', 'JAAA', 'JEPI', 'JEPQ', 'MBB', 'MCHI', 'MDYV', 'QQQM', 'SCZ', 'SGOV', 'SHY', 'SPYM', 'TLT', 'VONE', 'VONG', 'VONV', 'VTWO', 'VXUS'] not in index"
self.is_all_methods=False, self.min_weight=0.0, self.max_weight=0.06
single_methods
[RC-LP] method_type='return_cvar_constraint' sum=1.0000 active=29
IN-SAMPLE alpha grid-search best alphas[index]=np.float64(1.0),results[index]=array([1.36790567e+03, 4.36915713e-02, 1.28043756e-05, 4.36915713e-02])
best_index=np.int64(0) np.sum(w_target)=np.float64(1.0) case[index%2]='max_alpha'
0.5059527631005629 2025-03-03 00:00:00 1297.201903228336 -0.010254344101438006 6.478409217424945e-06 -0.010254344101437995
PROGRESS	2025-03-03	244	28	-0.010254344101437995	1297.201903228336
Portfolio optimization with 73 month weight rebalancing 2025-02-03 00:00:00: : 74it [06:31,  2.85it/s]Portfolio optimization with 74 month weight rebalancing 2025-03-03 00:00:00: : 74it [06:31,  2.85it/s]2026-07-30 19:00:32.879 | WARNING  | __main__:model_computation:474 - Nested engine fallback on 2025-03-03: "['BITO', 'BND', 'DVY', 'EMB', 'GBTC', 'IBB', 'IBIT', 'IEF', 'IEI', 'IGV', 'IJT', 'JAAA', 'JEPI', 'JEPQ', 'MBB', 'MCHI', 'QQQM', 'SCZ', 'SGOV', 'SHY', 'SPYM', 'TBIL', 'TLT', 'VONE', 'VONG', 'VONV', 'VTWO', 'VXUS'] not in index"
self.is_all_methods=False, self.min_weight=0.0, self.max_weight=0.06
single_methods
[RC-LP] method_type='return_cvar_constraint' sum=1.0000 active=29
IN-SAMPLE alpha grid-search best alphas[index]=np.float64(0.1),results[index]=array([ 1.25176695e+03, -3.50253482e-02,  1.26309606e-05, -3.50253482e-02])
best_index=np.int64(0) np.sum(w_target)=np.float64(1.0) case[index%2]='max_alpha'
0.5099276182421021 2025-04-01 00:00:00 1267.030586596863 -0.023258766855325956 6.440875649210015e-05 -0.02325876685532602
PROGRESS	2025-04-01	241	28	-0.02325876685532602	1267.030586596863
Portfolio optimization with 74 month weight rebalancing 2025-03-03 00:00:00: : 75it [06:32,  2.71it/s]Portfolio optimization with 75 month weight rebalancing 2025-04-01 00:00:00: : 75it [06:32,  2.71it/s]2026-07-30 19:00:33.216 | WARNING  | __main__:model_computation:474 - Nested engine fallback on 2025-04-01: "['AVUS', 'AVUV', 'BITO', 'BND', 'DVY', 'EMB', 'GBTC', 'IBB', 'IBIT', 'IEF', 'IEI', 'IGV', 'IJT', 'JAAA', 'JEPI', 'JEPQ', 'MBB', 'MCHI', 'QQQM', 'SCZ', 'SGOV', 'SHY', 'SPYM', 'TBIL', 'TLT', 'VONE', 'VONG', 'VONV', 'VTWO', 'VXUS'] not in index"
self.is_all_methods=False, self.min_weight=0.0, self.max_weight=0.06
single_methods
[RC-LP] method_type='return_cvar_constraint' sum=1.0000 active=30
IN-SAMPLE alpha grid-search best alphas[index]=np.float64(0.1),results[index]=array([ 1.24105438e+03, -2.05016435e-02,  6.18991483e-06, -2.05016435e-02])
best_index=np.int64(0) np.sum(w_target)=np.float64(1.0) case[index%2]='max_alpha'
0.4949808835782264 2025-05-01 00:00:00 1223.0444185906404 -0.034715948037502255 3.0638895103609696e-05 -0.03471594803750222
PROGRESS	2025-05-01	236	28	-0.03471594803750222	1223.0444185906404
Portfolio optimization with 75 month weight rebalancing 2025-04-01 00:00:00: : 76it [06:32,  2.81it/s]Portfolio optimization with 76 month weight rebalancing 2025-05-01 00:00:00: : 76it [06:32,  2.81it/s]2026-07-30 19:00:33.549 | WARNING  | __main__:model_computation:474 - Nested engine fallback on 2025-05-01: "['AVUS', 'AVUV', 'BITO', 'BND', 'DVY', 'EMB', 'GBTC', 'IBB', 'IBIT', 'IEF', 'IEI', 'IJT', 'JAAA', 'JEPI', 'JEPQ', 'MBB', 'MCHI', 'QQQM', 'SCZ', 'SGOV', 'SHY', 'SPYM', 'TBIL', 'TLT', 'VONE', 'VONG', 'VONV', 'VTWO', 'VXUS'] not in index"
self.is_all_methods=False, self.min_weight=0.0, self.max_weight=0.06
single_methods
[RC-LP] method_type='return_cvar_constraint' sum=1.0000 active=28
IN-SAMPLE alpha grid-search best alphas[index]=np.float64(1.0),results[index]=array([ 1.13541972e+03, -7.16447387e-02,  6.14711807e-05, -7.16447387e-02])
best_index=np.int64(0) np.sum(w_target)=np.float64(1.0000000000000002) case[index%2]='max_alpha'
0.4948959915987503 2025-06-02 00:00:00 1294.5259780441618 0.05844559557034906 3.042184092422471e-05 0.05844559557034912
PROGRESS	2025-06-02	234	28	0.05844559557034912	1294.5259780441618
Portfolio optimization with 76 month weight rebalancing 2025-05-01 00:00:00: : 77it [06:32,  2.85it/s]Portfolio optimization with 77 month weight rebalancing 2025-06-02 00:00:00: : 77it [06:32,  2.85it/s]2026-07-30 19:00:33.954 | WARNING  | __main__:model_computation:474 - Nested engine fallback on 2025-06-02: "['AVUS', 'AVUV', 'BITO', 'BND', 'DVY', 'EMB', 'GBTC', 'IBB', 'IBIT', 'IEF', 'IEI', 'IJT', 'JAAA', 'JEPI', 'JEPQ', 'MBB', 'MCHI', 'QQQM', 'SCZ', 'SGOV', 'SHY', 'SPYM', 'TBIL', 'TLT', 'VONE', 'VONG', 'VONV', 'VTWO', 'VXUS'] not in index"
self.is_all_methods=False, self.min_weight=0.0, self.max_weight=0.06
single_methods
[RC-LP] method_type='return_cvar_constraint' sum=1.0000 active=28
IN-SAMPLE alpha grid-search best alphas[index]=np.float64(1.0),results[index]=array([1.35954644e+03, 5.02272325e-02, 2.27791581e-04, 5.02272325e-02])
best_index=np.int64(0) np.sum(w_target)=np.float64(0.9999999999999999) case[index%2]='max_alpha'
0.48465503551091266 2025-07-01 00:00:00 1376.346644162082 0.06320511716693314 0.0001104003368964334 0.06320511716693322
PROGRESS	2025-07-01	234	28	0.06320511716693322	1376.346644162082
Portfolio optimization with 77 month weight rebalancing 2025-06-02 00:00:00: : 78it [06:33,  2.72it/s]Portfolio optimization with 78 month weight rebalancing 2025-07-01 00:00:00: : 78it [06:33,  2.72it/s]2026-07-30 19:00:34.288 | WARNING  | __main__:model_computation:474 - Nested engine fallback on 2025-07-01: "['AVUS', 'AVUV', 'BITB', 'BITO', 'BND', 'CGDV', 'DVY', 'EMB', 'GBTC', 'IBB', 'IBIT', 'IEF', 'IEI', 'IJT', 'JAAA', 'JEPI', 'JEPQ', 'MBB', 'MCHI', 'MSTY', 'QQQM', 'SCZ', 'SGOV', 'SHY', 'SPYM', 'TBIL', 'TLT', 'VONE', 'VONG', 'VONV', 'VTWO', 'VXUS'] not in index"
self.is_all_methods=False, self.min_weight=0.0, self.max_weight=0.06
single_methods
[RC-LP] method_type='return_cvar_constraint' sum=1.0000 active=28
IN-SAMPLE alpha grid-search best alphas[index]=np.float64(1.0),results[index]=array([1.63162493e+03, 1.85475285e-01, 1.89821651e-04, 1.85475285e-01])
best_index=np.int64(0) np.sum(w_target)=np.float64(1.0) case[index%2]='max_alpha'
0.5069750370233331 2025-08-01 00:00:00 1418.0055484890925 0.03026774141798605 9.62348386041022e-05 0.03026774141798594
PROGRESS	2025-08-01	234	28	0.03026774141798594	1418.0055484890925
Portfolio optimization with 78 month weight rebalancing 2025-07-01 00:00:00: : 79it [06:33,  2.80it/s]Portfolio optimization with 79 month weight rebalancing 2025-08-01 00:00:00: : 79it [06:33,  2.80it/s]2026-07-30 19:00:34.618 | WARNING  | __main__:model_computation:474 - Nested engine fallback on 2025-08-01: "['AVUS', 'AVUV', 'BITB', 'BITO', 'BND', 'CGDV', 'DVY', 'EMB', 'ETHA', 'GBTC', 'IBB', 'IBIT', 'IEF', 'IEI', 'IJT', 'JAAA', 'JEPI', 'JEPQ', 'MBB', 'MCHI', 'MSTY', 'QQQM', 'SCZ', 'SGOV', 'SHY', 'SPYM', 'TBIL', 'TLT', 'VONE', 'VONG', 'VONV', 'VTWO', 'VXUS'] not in index"
self.is_all_methods=False, self.min_weight=0.0, self.max_weight=0.06
single_methods
[RC-LP] method_type='return_cvar_constraint' sum=1.0000 active=28
IN-SAMPLE alpha grid-search best alphas[index]=np.float64(1.0),results[index]=array([1.63109625e+03, 1.50274942e-01, 1.50814712e-04, 1.50274942e-01])
best_index=np.int64(0) np.sum(w_target)=np.float64(0.9999999999999999) case[index%2]='max_alpha'
0.538414304145123 2025-09-02 00:00:00 1435.0530104912307 0.012022140548252739 8.1200797978961e-05 0.012022140548252791
PROGRESS	2025-09-02	234	28	0.012022140548252791	1435.0530104912307
Portfolio optimization with 79 month weight rebalancing 2025-08-01 00:00:00: : 80it [06:34,  2.87it/s]Portfolio optimization with 80 month weight rebalancing 2025-09-02 00:00:00: : 80it [06:34,  2.87it/s]2026-07-30 19:00:34.951 | WARNING  | __main__:model_computation:474 - Nested engine fallback on 2025-09-02: "['AVUS', 'AVUV', 'BITB', 'BITO', 'BND', 'CGDV', 'DVY', 'EMB', 'ETHA', 'GBTC', 'IBB', 'IBIT', 'IEF', 'IEI', 'IJT', 'JAAA', 'JEPI', 'JEPQ', 'MBB', 'MCHI', 'MSTY', 'QQQM', 'SCZ', 'SGOV', 'SHY', 'SPYM', 'TBIL', 'TLT', 'VONE', 'VONG', 'VONV', 'VTWO', 'VXUS'] not in index"
self.is_all_methods=False, self.min_weight=0.0, self.max_weight=0.06
single_methods
[RC-LP] method_type='return_cvar_constraint' sum=1.0000 active=29
IN-SAMPLE alpha grid-search best alphas[index]=np.float64(0.1),results[index]=array([1.56465689e+03, 9.03129582e-02, 9.55977954e-06, 9.03129582e-02])
best_index=np.int64(0) np.sum(w_target)=np.float64(1.0) case[index%2]='max_alpha'
0.5376814372563674 2025-10-01 00:00:00 1501.4950950533014 0.04629939387348974 5.140116002361826e-05 0.04629939387348969
PROGRESS	2025-10-01	237	29	0.04629939387348969	1501.4950950533014
Portfolio optimization with 80 month weight rebalancing 2025-09-02 00:00:00: : 81it [06:34,  2.91it/s]Portfolio optimization with 81 month weight rebalancing 2025-10-01 00:00:00: : 81it [06:34,  2.91it/s]2026-07-30 19:00:35.367 | WARNING  | __main__:model_computation:474 - Nested engine fallback on 2025-10-01: "['AVUS', 'AVUV', 'BITB', 'BITO', 'BND', 'CGDV', 'DVY', 'EMB', 'ETHA', 'GBTC', 'IBB', 'IBIT', 'IEF', 'IEI', 'IJT', 'JAAA', 'JEPI', 'JEPQ', 'MBB', 'MCHI', 'MSTY', 'QQQM', 'SCZ', 'SGOV', 'SHY', 'SPYM', 'TBIL', 'TLT', 'VONE', 'VONG', 'VONV', 'VTWO', 'VXUS'] not in index"
self.is_all_methods=False, self.min_weight=0.0, self.max_weight=0.06
single_methods
[RC-LP] method_type='return_cvar_constraint' sum=1.0000 active=27
IN-SAMPLE alpha grid-search best alphas[index]=np.float64(0.1),results[index]=array([1.62478434e+03, 8.21109882e-02, 4.62463402e-06, 8.21109882e-02])
best_index=np.int64(0) np.sum(w_target)=np.float64(1.0) case[index%2]='max_alpha'
0.5255908147708223 2025-11-03 00:00:00 1518.962127106751 0.01163309298245136 2.4306651633604597e-05 0.011633092982451299
PROGRESS	2025-11-03	237	27	0.011633092982451299	1518.962127106751
Portfolio optimization with 81 month weight rebalancing 2025-10-01 00:00:00: : 82it [06:34,  2.70it/s]Portfolio optimization with 82 month weight rebalancing 2025-11-03 00:00:00: : 82it [06:34,  2.70it/s]2026-07-30 19:00:35.723 | WARNING  | __main__:model_computation:474 - Nested engine fallback on 2025-11-03: "['AVDV', 'AVUS', 'AVUV', 'BITB', 'BITO', 'BND', 'CGDV', 'CGGR', 'DVY', 'DYNF', 'EMB', 'ETHA', 'GBTC', 'IBB', 'IBIT', 'IEF', 'IEI', 'IJT', 'JAAA', 'JEPI', 'JEPQ', 'MBB', 'MCHI', 'MSTY', 'QQQM', 'SCZ', 'SGOV', 'SHY', 'SPYM', 'TBIL', 'TLT', 'VONE', 'VONG', 'VONV', 'VTWO', 'VXUS'] not in index"
self.is_all_methods=False, self.min_weight=0.0, self.max_weight=0.06
single_methods
[RC-LP] method_type='return_cvar_constraint' sum=1.0000 active=28
IN-SAMPLE alpha grid-search best alphas[index]=np.float64(1.0),results[index]=array([1.65483483e+03, 8.94510138e-02, 2.12786495e-04, 8.94510138e-02])
best_index=np.int64(0) np.sum(w_target)=np.float64(0.9999999999999999) case[index%2]='max_alpha'
0.5215315123993809 2025-12-01 00:00:00 1465.6394341822686 -0.035104688900999194 0.0001109748623690317 -0.03510468890099916
PROGRESS	2025-12-01	239	28	-0.03510468890099916	1465.6394341822686
Portfolio optimization with 82 month weight rebalancing 2025-11-03 00:00:00: : 83it [06:35,  2.76it/s]Portfolio optimization with 82 month weight rebalancing 2025-11-03 00:00:00: : 83it [06:35,  4.76s/it]
2026-07-30 19:00:35.928 | INFO     | scripts.results.results:save_results:114 - preds_df info successfully saved to /Users/mac/Downloads/portfolio_optimization_pipeline_v2/results/calibration_runs/advanced_smart_bayesian_risk_return/trial_00058/preds.csv
2026-07-30 19:00:35.936 | INFO     | scripts.results.results:save_results:119 - real_df info successfully saved to /Users/mac/Downloads/portfolio_optimization_pipeline_v2/results/calibration_runs/advanced_smart_bayesian_risk_return/trial_00058/real.csv
2026-07-30 19:00:35.937 | INFO     | scripts.results.results:save_results:124 - model_df info successfully saved to /Users/mac/Downloads/portfolio_optimization_pipeline_v2/results/calibration_runs/advanced_smart_bayesian_risk_return/trial_00058/model.csv
2026-07-30 19:00:35.937 | INFO     | scripts.results.results:save_results:129 - pnl_df info successfully saved to /Users/mac/Downloads/portfolio_optimization_pipeline_v2/results/calibration_runs/advanced_smart_bayesian_risk_return/trial_00058/pnl.csv
Saving to excel df with multiple keys:   0%|          | 0/119 [00:00<?, ?it/s]Saving to excel df of key 2016-02-01:   0%|          | 0/119 [00:00<?, ?it/s] Saving to excel df of key 2016-03-01:   0%|          | 0/119 [00:00<?, ?it/s]Saving to excel df of key 2016-04-01:   0%|          | 0/119 [00:00<?, ?it/s]Saving to excel df of key 2016-05-02:   0%|          | 0/119 [00:00<?, ?it/s]Saving to excel df of key 2016-06-01:   0%|          | 0/119 [00:00<?, ?it/s]Saving to excel df of key 2016-07-01:   0%|          | 0/119 [00:00<?, ?it/s]Saving to excel df of key 2016-08-01:   0%|          | 0/119 [00:00<?, ?it/s]Saving to excel df of key 2016-09-01:   0%|          | 0/119 [00:00<?, ?it/s]Saving to excel df of key 2016-10-03:   0%|          | 0/119 [00:00<?, ?it/s]Saving to excel df of key 2016-10-03:   8%|▊         | 9/119 [00:00<00:01, 80.71it/s]Saving to excel df of key 2016-11-01:   8%|▊         | 9/119 [00:00<00:01, 80.71it/s]Saving to excel df of key 2016-12-01:   8%|▊         | 9/119 [00:00<00:01, 80.71it/s]Saving to excel df of key 2017-01-03:   8%|▊         | 9/119 [00:00<00:01, 80.71it/s]Saving to excel df of key 2017-02-01:   8%|▊         | 9/119 [00:00<00:01, 80.71it/s]Saving to excel df of key 2017-03-01:   8%|▊         | 9/119 [00:00<00:01, 80.71it/s]Saving to excel df of key 2017-04-03:   8%|▊         | 9/119 [00:00<00:01, 80.71it/s]Saving to excel df of key 2017-05-01:   8%|▊         | 9/119 [00:00<00:01, 80.71it/s]Saving to excel df of key 2017-06-01:   8%|▊         | 9/119 [00:00<00:01, 80.71it/s]Saving to excel df of key 2017-07-03:   8%|▊         | 9/119 [00:00<00:01, 80.71it/s]Saving to excel df of key 2017-07-03:  15%|█▌        | 18/119 [00:00<00:01, 57.76it/s]Saving to excel df of key 2017-08-01:  15%|█▌        | 18/119 [00:00<00:01, 57.76it/s]Saving to excel df of key 2017-09-01:  15%|█▌        | 18/119 [00:00<00:01, 57.76it/s]Saving to excel df of key 2017-10-02:  15%|█▌        | 18/119 [00:00<00:01, 57.76it/s]Saving to excel df of key 2017-11-01:  15%|█▌        | 18/119 [00:00<00:01, 57.76it/s]Saving to excel df of key 2017-12-01:  15%|█▌        | 18/119 [00:00<00:01, 57.76it/s]Saving to excel df of key 2018-01-02:  15%|█▌        | 18/119 [00:00<00:01, 57.76it/s]Saving to excel df of key 2018-02-01:  15%|█▌        | 18/119 [00:00<00:01, 57.76it/s]Saving to excel df of key 2018-03-01:  15%|█▌        | 18/119 [00:00<00:01, 57.76it/s]Saving to excel df of key 2018-04-02:  15%|█▌        | 18/119 [00:00<00:01, 57.76it/s]Saving to excel df of key 2018-04-02:  23%|██▎       | 27/119 [00:00<00:01, 66.93it/s]Saving to excel df of key 2018-05-01:  23%|██▎       | 27/119 [00:00<00:01, 66.93it/s]Saving to excel df of key 2018-06-01:  23%|██▎       | 27/119 [00:00<00:01, 66.93it/s]Saving to excel df of key 2018-07-02:  23%|██▎       | 27/119 [00:00<00:01, 66.93it/s]Saving to excel df of key 2018-08-01:  23%|██▎       | 27/119 [00:00<00:01, 66.93it/s]Saving to excel df of key 2018-09-04:  23%|██▎       | 27/119 [00:00<00:01, 66.93it/s]Saving to excel df of key 2018-10-01:  23%|██▎       | 27/119 [00:00<00:01, 66.93it/s]Saving to excel df of key 2018-11-01:  23%|██▎       | 27/119 [00:00<00:01, 66.93it/s]Saving to excel df of key 2018-12-03:  23%|██▎       | 27/119 [00:00<00:01, 66.93it/s]Saving to excel df of key 2018-12-03:  29%|██▉       | 35/119 [00:00<00:01, 56.19it/s]Saving to excel df of key 2019-01-02:  29%|██▉       | 35/119 [00:00<00:01, 56.19it/s]Saving to excel df of key 2019-02-01:  29%|██▉       | 35/119 [00:00<00:01, 56.19it/s]Saving to excel df of key 2019-03-01:  29%|██▉       | 35/119 [00:00<00:01, 56.19it/s]Saving to excel df of key 2019-04-01:  29%|██▉       | 35/119 [00:00<00:01, 56.19it/s]Saving to excel df of key 2019-05-01:  29%|██▉       | 35/119 [00:00<00:01, 56.19it/s]Saving to excel df of key 2019-06-03:  29%|██▉       | 35/119 [00:00<00:01, 56.19it/s]Saving to excel df of key 2019-07-01:  29%|██▉       | 35/119 [00:00<00:01, 56.19it/s]Saving to excel df of key 2019-07-01:  35%|███▌      | 42/119 [00:00<00:01, 40.34it/s]Saving to excel df of key 2019-08-01:  35%|███▌      | 42/119 [00:00<00:01, 40.34it/s]Saving to excel df of key 2019-09-03:  35%|███▌      | 42/119 [00:00<00:01, 40.34it/s]Saving to excel df of key 2019-10-01:  35%|███▌      | 42/119 [00:00<00:01, 40.34it/s]Saving to excel df of key 2019-11-01:  35%|███▌      | 42/119 [00:00<00:01, 40.34it/s]Saving to excel df of key 2019-12-02:  35%|███▌      | 42/119 [00:00<00:01, 40.34it/s]Saving to excel df of key 2019-12-02:  39%|███▉      | 47/119 [00:01<00:01, 39.66it/s]Saving to excel df of key 2020-01-02:  39%|███▉      | 47/119 [00:01<00:01, 39.66it/s]Saving to excel df of key 2020-02-03:  39%|███▉      | 47/119 [00:01<00:01, 39.66it/s]Saving to excel df of key 2020-03-02:  39%|███▉      | 47/119 [00:01<00:01, 39.66it/s]Saving to excel df of key 2020-04-01:  39%|███▉      | 47/119 [00:01<00:01, 39.66it/s]Saving to excel df of key 2020-05-01:  39%|███▉      | 47/119 [00:01<00:01, 39.66it/s]Saving to excel df of key 2020-05-01:  44%|████▎     | 52/119 [00:01<00:02, 32.11it/s]Saving to excel df of key 2020-06-01:  44%|████▎     | 52/119 [00:01<00:02, 32.11it/s]Saving to excel df of key 2020-07-01:  44%|████▎     | 52/119 [00:01<00:02, 32.11it/s]Saving to excel df of key 2020-08-03:  44%|████▎     | 52/119 [00:01<00:02, 32.11it/s]Saving to excel df of key 2020-09-01:  44%|████▎     | 52/119 [00:01<00:02, 32.11it/s]Saving to excel df of key 2020-09-01:  47%|████▋     | 56/119 [00:01<00:01, 33.27it/s]Saving to excel df of key 2020-10-01:  47%|████▋     | 56/119 [00:01<00:01, 33.27it/s]Saving to excel df of key 2020-11-02:  47%|████▋     | 56/119 [00:01<00:01, 33.27it/s]Saving to excel df of key 2020-12-01:  47%|████▋     | 56/119 [00:01<00:01, 33.27it/s]Saving to excel df of key 2021-01-04:  47%|████▋     | 56/119 [00:01<00:01, 33.27it/s]Saving to excel df of key 2021-01-04:  50%|█████     | 60/119 [00:01<00:01, 34.23it/s]Saving to excel df of key 2021-02-01:  50%|█████     | 60/119 [00:01<00:01, 34.23it/s]Saving to excel df of key 2021-03-01:  50%|█████     | 60/119 [00:01<00:01, 34.23it/s]Saving to excel df of key 2021-04-01:  50%|█████     | 60/119 [00:01<00:01, 34.23it/s]Saving to excel df of key 2021-05-03:  50%|█████     | 60/119 [00:01<00:01, 34.23it/s]Saving to excel df of key 2021-05-03:  54%|█████▍    | 64/119 [00:01<00:02, 27.46it/s]Saving to excel df of key 2021-06-01:  54%|█████▍    | 64/119 [00:01<00:02, 27.46it/s]Saving to excel df of key 2021-07-01:  54%|█████▍    | 64/119 [00:01<00:02, 27.46it/s]Saving to excel df of key 2021-08-02:  54%|█████▍    | 64/119 [00:01<00:02, 27.46it/s]Saving to excel df of key 2021-09-01:  54%|█████▍    | 64/119 [00:01<00:02, 27.46it/s]Saving to excel df of key 2021-09-01:  57%|█████▋    | 68/119 [00:01<00:01, 29.61it/s]Saving to excel df of key 2021-10-01:  57%|█████▋    | 68/119 [00:01<00:01, 29.61it/s]Saving to excel df of key 2021-11-01:  57%|█████▋    | 68/119 [00:01<00:01, 29.61it/s]Saving to excel df of key 2021-12-01:  57%|█████▋    | 68/119 [00:01<00:01, 29.61it/s]Saving to excel df of key 2022-01-03:  57%|█████▋    | 68/119 [00:01<00:01, 29.61it/s]Saving to excel df of key 2022-01-03:  61%|██████    | 72/119 [00:01<00:01, 31.49it/s]Saving to excel df of key 2022-02-01:  61%|██████    | 72/119 [00:01<00:01, 31.49it/s]Saving to excel df of key 2022-03-01:  61%|██████    | 72/119 [00:01<00:01, 31.49it/s]Saving to excel df of key 2022-04-01:  61%|██████    | 72/119 [00:01<00:01, 31.49it/s]Saving to excel df of key 2022-05-02:  61%|██████    | 72/119 [00:01<00:01, 31.49it/s]Saving to excel df of key 2022-05-02:  64%|██████▍   | 76/119 [00:02<00:01, 32.96it/s]Saving to excel df of key 2022-06-01:  64%|██████▍   | 76/119 [00:02<00:01, 32.96it/s]Saving to excel df of key 2022-07-01:  64%|██████▍   | 76/119 [00:02<00:01, 32.96it/s]Saving to excel df of key 2022-08-01:  64%|██████▍   | 76/119 [00:02<00:01, 32.96it/s]Saving to excel df of key 2022-09-01:  64%|██████▍   | 76/119 [00:02<00:01, 32.96it/s]Saving to excel df of key 2022-09-01:  67%|██████▋   | 80/119 [00:02<00:01, 25.61it/s]Saving to excel df of key 2022-10-03:  67%|██████▋   | 80/119 [00:02<00:01, 25.61it/s]Saving to excel df of key 2022-11-01:  67%|██████▋   | 80/119 [00:02<00:01, 25.61it/s]Saving to excel df of key 2022-12-01:  67%|██████▋   | 80/119 [00:02<00:01, 25.61it/s]Saving to excel df of key 2023-01-03:  67%|██████▋   | 80/119 [00:02<00:01, 25.61it/s]Saving to excel df of key 2023-01-03:  71%|███████   | 84/119 [00:02<00:01, 28.16it/s]Saving to excel df of key 2023-02-01:  71%|███████   | 84/119 [00:02<00:01, 28.16it/s]Saving to excel df of key 2023-03-01:  71%|███████   | 84/119 [00:02<00:01, 28.16it/s]Saving to excel df of key 2023-04-03:  71%|███████   | 84/119 [00:02<00:01, 28.16it/s]Saving to excel df of key 2023-05-01:  71%|███████   | 84/119 [00:02<00:01, 28.16it/s]Saving to excel df of key 2023-05-01:  74%|███████▍  | 88/119 [00:02<00:01, 30.26it/s]Saving to excel df of key 2023-06-01:  74%|███████▍  | 88/119 [00:02<00:01, 30.26it/s]Saving to excel df of key 2023-07-03:  74%|███████▍  | 88/119 [00:02<00:01, 30.26it/s]Saving to excel df of key 2023-08-01:  74%|███████▍  | 88/119 [00:02<00:01, 30.26it/s]Saving to excel df of key 2023-09-01:  74%|███████▍  | 88/119 [00:02<00:01, 30.26it/s]Saving to excel df of key 2023-09-01:  77%|███████▋  | 92/119 [00:02<00:00, 32.00it/s]Saving to excel df of key 2023-10-02:  77%|███████▋  | 92/119 [00:02<00:00, 32.00it/s]Saving to excel df of key 2023-11-01:  77%|███████▋  | 92/119 [00:02<00:00, 32.00it/s]Saving to excel df of key 2023-12-01:  77%|███████▋  | 92/119 [00:02<00:00, 32.00it/s]Saving to excel df of key 2024-01-02:  77%|███████▋  | 92/119 [00:02<00:00, 32.00it/s]Saving to excel df of key 2024-01-02:  81%|████████  | 96/119 [00:02<00:00, 33.36it/s]Saving to excel df of key 2024-02-01:  81%|████████  | 96/119 [00:02<00:00, 33.36it/s]Saving to excel df of key 2024-03-01:  81%|████████  | 96/119 [00:02<00:00, 33.36it/s]Saving to excel df of key 2024-04-01:  81%|████████  | 96/119 [00:02<00:00, 33.36it/s]Saving to excel df of key 2024-05-01:  81%|████████  | 96/119 [00:02<00:00, 33.36it/s]Saving to excel df of key 2024-05-01:  84%|████████▍ | 100/119 [00:02<00:00, 34.29it/s]Saving to excel df of key 2024-06-03:  84%|████████▍ | 100/119 [00:02<00:00, 34.29it/s]Saving to excel df of key 2024-07-01:  84%|████████▍ | 100/119 [00:02<00:00, 34.29it/s]Saving to excel df of key 2024-08-01:  84%|████████▍ | 100/119 [00:02<00:00, 34.29it/s]Saving to excel df of key 2024-09-03:  84%|████████▍ | 100/119 [00:03<00:00, 34.29it/s]Saving to excel df of key 2024-09-03:  87%|████████▋ | 104/119 [00:03<00:00, 24.84it/s]Saving to excel df of key 2024-10-01:  87%|████████▋ | 104/119 [00:03<00:00, 24.84it/s]Saving to excel df of key 2024-11-01:  87%|████████▋ | 104/119 [00:03<00:00, 24.84it/s]Saving to excel df of key 2024-12-02:  87%|████████▋ | 104/119 [00:03<00:00, 24.84it/s]Saving to excel df of key 2025-01-02:  87%|████████▋ | 104/119 [00:03<00:00, 24.84it/s]Saving to excel df of key 2025-01-02:  91%|█████████ | 108/119 [00:03<00:00, 27.44it/s]Saving to excel df of key 2025-02-03:  91%|█████████ | 108/119 [00:03<00:00, 27.44it/s]Saving to excel df of key 2025-03-03:  91%|█████████ | 108/119 [00:03<00:00, 27.44it/s]Saving to excel df of key 2025-04-01:  91%|█████████ | 108/119 [00:03<00:00, 27.44it/s]Saving to excel df of key 2025-05-01:  91%|█████████ | 108/119 [00:03<00:00, 27.44it/s]Saving to excel df of key 2025-05-01:  94%|█████████▍| 112/119 [00:03<00:00, 29.67it/s]Saving to excel df of key 2025-06-02:  94%|█████████▍| 112/119 [00:03<00:00, 29.67it/s]Saving to excel df of key 2025-07-01:  94%|█████████▍| 112/119 [00:03<00:00, 29.67it/s]Saving to excel df of key 2025-08-01:  94%|█████████▍| 112/119 [00:03<00:00, 29.67it/s]Saving to excel df of key 2025-09-02:  94%|█████████▍| 112/119 [00:03<00:00, 29.67it/s]Saving to excel df of key 2025-09-02:  97%|█████████▋| 116/119 [00:03<00:00, 31.48it/s]Saving to excel df of key 2025-10-01:  97%|█████████▋| 116/119 [00:03<00:00, 31.48it/s]Saving to excel df of key 2025-11-03:  97%|█████████▋| 116/119 [00:03<00:00, 31.48it/s]Saving to excel df of key 2025-12-01:  97%|█████████▋| 116/119 [00:03<00:00, 31.48it/s]Saving to excel df of key 2025-12-01: 100%|██████████| 119/119 [00:03<00:00, 34.51it/s]
2026-07-30 19:00:44.774 | INFO     | scripts.dataloader.filter:save_df_dict_to_excel:90 - df successfully saved to /Users/mac/Downloads/portfolio_optimization_pipeline_v2/results/calibration_runs/advanced_smart_bayesian_risk_return/trial_00058 / weights.xlsx
2026-07-30 19:01:04.145 | INFO     | __main__:main:693 - SUCCESS
Interactive Plotly report saved to /Users/mac/Downloads/portfolio_optimization_pipeline_v2/results/calibration_runs/advanced_smart_bayesian_risk_return/trial_00058/interactive_report.html
