2026-07-30 14:44:58.942 | INFO     | __main__:main:650 - Successful file reading
2026-07-30 14:45:03.087 | INFO     | __main__:model_computation:314 - Run start: portfolio=filteredmodel=bayessian, optimizer=bayessian, execution=base_exec
Portfolio optimization with month weight rebalancing: 0it [00:00, ?it/s]Portfolio optimization with 0 month weight rebalancing 2019-01-02 00:00:00: : 0it [00:00, ?it/s]2026-07-30 14:45:03.361 | WARNING  | __main__:model_computation:474 - Nested engine fallback on 2019-01-02: "['BOND'] not in index"
self.is_all_methods=False, self.min_weight=0.0, self.max_weight=0.1
single_methods
[RC-LP] method_type='return_cvar_constraint' sum=1.0000 active=194
IN-SAMPLE alpha grid-search best alphas[index]=np.float64(1.0),results[index]=array([ 9.12280184e+02, -8.77198161e-02,  1.61137441e-04, -8.77198161e-02])
best_index=np.int64(0) np.sum(w_target)=np.float64(1.0) case[index%2]='max_alpha'
0.5 2019-02-01 00:00:00 1077.0571123179852 0.07705711231798523 8.056872037914686e-05 0.07705711231798529
PROGRESS	2019-02-01	211	194	0.07705711231798529	1077.0571123179852
Portfolio optimization with 0 month weight rebalancing 2019-01-02 00:00:00: : 1it [00:00,  2.82it/s]Portfolio optimization with 1 month weight rebalancing 2019-02-01 00:00:00: : 1it [00:00,  2.82it/s]2026-07-30 14:45:03.685 | WARNING  | __main__:model_computation:474 - Nested engine fallback on 2019-02-01: "['BOND'] not in index"
self.is_all_methods=False, self.min_weight=0.0, self.max_weight=0.1
single_methods
[RC-LP] method_type='return_cvar_constraint' sum=1.0000 active=199
IN-SAMPLE alpha grid-search best alphas[index]=np.float64(1.0),results[index]=array([1.10320771e+03, 2.42796718e-02, 6.63507109e-05, 2.42796718e-02])
best_index=np.int64(0) np.sum(w_target)=np.float64(1.0) case[index%2]='max_alpha'
0.48246323305326455 2019-03-01 00:00:00 1100.9363061222841 0.02217077769711518 3.201177849642515e-05 0.022170777697115174
PROGRESS	2019-03-01	213	199	0.022170777697115174	1100.9363061222841
Portfolio optimization with 1 month weight rebalancing 2019-02-01 00:00:00: : 2it [00:00,  2.96it/s]Portfolio optimization with 2 month weight rebalancing 2019-03-01 00:00:00: : 2it [00:00,  2.96it/s]self.is_all_methods=False, self.min_weight=0.0, self.max_weight=0.08
single_methods
[RC-LP] method_type='return_cvar_constraint' sum=1.0000 active=26
self.is_all_methods=False, self.min_weight=0.0, self.max_weight=0.08
single_methods
[RC-LP] method_type='return_cvar_constraint' sum=1.0000 active=27
self.is_all_methods=False, self.min_weight=0.0, self.max_weight=0.08
single_methods
[RC-LP] method_type='return_cvar_constraint' sum=1.0000 active=25
self.is_all_methods=False, self.min_weight=0.0, self.max_weight=0.08
single_methods
[RC-LP] method_type='return_cvar_constraint' sum=1.0000 active=27
self.is_all_methods=False, self.min_weight=0.0, self.max_weight=0.08
single_methods
[RC-LP] method_type='return_cvar_constraint' sum=1.0000 active=27
self.is_all_methods=False, self.min_weight=0.0, self.max_weight=0.08
single_methods
[RC-LP] method_type='return_cvar_constraint' sum=1.0000 active=26
self.is_all_methods=False, self.min_weight=0.0, self.max_weight=0.08
single_methods
[RC-LP] method_type='return_cvar_constraint' sum=1.0000 active=54
self.is_all_methods=False, self.min_weight=0.0, self.max_weight=0.08
single_methods
[RC-LP] method_type='return_cvar_constraint' sum=1.0000 active=46
self.is_all_methods=False, self.min_weight=0.0, self.max_weight=0.08
single_methods
[RC-LP] method_type='return_cvar_constraint' sum=1.0000 active=50
self.is_all_methods=False, self.min_weight=0.0, self.max_weight=0.08
single_methods
[RC-LP] method_type='return_cvar_constraint' sum=1.0000 active=61
self.is_all_methods=False, self.min_weight=0.0, self.max_weight=0.08
single_methods
[RC-LP] method_type='return_cvar_constraint' sum=1.0000 active=54
self.is_all_methods=False, self.min_weight=0.0, self.max_weight=0.08
single_methods
[RC-LP] method_type='return_cvar_constraint' sum=1.0000 active=55
self.is_all_methods=False, self.min_weight=0.0, self.max_weight=0.12
single_methods
[RC-LP] method_type='return_cvar_constraint' sum=1.0000 active=22
self.is_all_methods=False, self.min_weight=0.0, self.max_weight=0.12
single_methods
[RC-LP] method_type='return_cvar_constraint' sum=1.0000 active=22
self.is_all_methods=False, self.min_weight=0.0, self.max_weight=0.12
single_methods
[RC-LP] method_type='return_cvar_constraint' sum=1.0000 active=20
self.is_all_methods=False, self.min_weight=0.0, self.max_weight=0.12
single_methods
[RC-LP] method_type='return_cvar_constraint' sum=1.0000 active=21
self.is_all_methods=False, self.min_weight=0.0, self.max_weight=0.12
single_methods
[RC-LP] method_type='return_cvar_constraint' sum=1.0000 active=21
self.is_all_methods=False, self.min_weight=0.0, self.max_weight=0.12
single_methods
[RC-LP] method_type='return_cvar_constraint' sum=1.0000 active=21
self.is_all_methods=False, self.min_weight=0.0, self.max_weight=0.12
single_methods
[RC-LP] method_type='return_cvar_constraint' sum=1.0000 active=40
self.is_all_methods=False, self.min_weight=0.0, self.max_weight=0.12
single_methods
[RC-LP] method_type='return_cvar_constraint' sum=1.0000 active=40
self.is_all_methods=False, self.min_weight=0.0, self.max_weight=0.12
single_methods
[RC-LP] method_type='return_cvar_constraint' sum=1.0000 active=39
self.is_all_methods=False, self.min_weight=0.0, self.max_weight=0.12
single_methods
[RC-LP] method_type='return_cvar_constraint' sum=1.0000 active=50
self.is_all_methods=False, self.min_weight=0.0, self.max_weight=0.12
single_methods
[RC-LP] method_type='return_cvar_constraint' sum=1.0000 active=48
self.is_all_methods=False, self.min_weight=0.0, self.max_weight=0.12
single_methods
[RC-LP] method_type='return_cvar_constraint' sum=1.0000 active=44
self.is_all_methods=False, self.min_weight=0.0, self.max_weight=0.08
single_methods
method_type='mean_cvar_sharpe' np.sum(weights)=1.000000 active=116 weights.shape=(216,)
self.is_all_methods=False, self.min_weight=0.0, self.max_weight=0.08
single_methods
method_type='mean_cvar_sharpe' np.sum(weights)=1.000000 active=116 weights.shape=(216,)
self.is_all_methods=False, self.min_weight=0.0, self.max_weight=0.08
single_methods
method_type='mean_cvar_sharpe' np.sum(weights)=1.000000 active=116 weights.shape=(216,)
self.is_all_methods=False, self.min_weight=0.0, self.max_weight=0.08
single_methods
method_type='mean_cvar_sharpe' np.sum(weights)=1.000000 active=216 weights.shape=(216,)
self.is_all_methods=False, self.min_weight=0.0, self.max_weight=0.08
single_methods
method_type='mean_cvar_sharpe' np.sum(weights)=1.000000 active=216 weights.shape=(216,)
self.is_all_methods=False, self.min_weight=0.0, self.max_weight=0.08
single_methods
method_type='mean_cvar_sharpe' np.sum(weights)=1.000000 active=216 weights.shape=(216,)
self.is_all_methods=False, self.min_weight=0.0, self.max_weight=0.08
single_methods
method_type='mean_cvar_sharpe' np.sum(weights)=1.000000 active=120 weights.shape=(216,)
self.is_all_methods=False, self.min_weight=0.0, self.max_weight=0.08
single_methods
method_type='mean_cvar_sharpe' np.sum(weights)=1.000000 active=120 weights.shape=(216,)
self.is_all_methods=False, self.min_weight=0.0, self.max_weight=0.08
single_methods
method_type='mean_cvar_sharpe' np.sum(weights)=1.000000 active=120 weights.shape=(216,)
self.is_all_methods=False, self.min_weight=0.0, self.max_weight=0.08
single_methods
method_type='mean_cvar_sharpe' np.sum(weights)=1.000000 active=111 weights.shape=(216,)
self.is_all_methods=False, self.min_weight=0.0, self.max_weight=0.08
single_methods
method_type='mean_cvar_sharpe' np.sum(weights)=1.000000 active=111 weights.shape=(216,)
self.is_all_methods=False, self.min_weight=0.0, self.max_weight=0.08
single_methods
method_type='mean_cvar_sharpe' np.sum(weights)=1.000000 active=111 weights.shape=(216,)
self.is_all_methods=False, self.min_weight=0.0, self.max_weight=0.12
single_methods
method_type='mean_cvar_sharpe' np.sum(weights)=1.000000 active=122 weights.shape=(216,)
self.is_all_methods=False, self.min_weight=0.0, self.max_weight=0.12
single_methods
method_type='mean_cvar_sharpe' np.sum(weights)=1.000000 active=122 weights.shape=(216,)
self.is_all_methods=False, self.min_weight=0.0, self.max_weight=0.12
single_methods
method_type='mean_cvar_sharpe' np.sum(weights)=1.000000 active=122 weights.shape=(216,)
self.is_all_methods=False, self.min_weight=0.0, self.max_weight=0.12
single_methods
method_type='mean_cvar_sharpe' np.sum(weights)=1.000000 active=216 weights.shape=(216,)
self.is_all_methods=False, self.min_weight=0.0, self.max_weight=0.12
single_methods
method_type='mean_cvar_sharpe' np.sum(weights)=1.000000 active=216 weights.shape=(216,)
self.is_all_methods=False, self.min_weight=0.0, self.max_weight=0.12
single_methods
method_type='mean_cvar_sharpe' np.sum(weights)=1.000000 active=216 weights.shape=(216,)
self.is_all_methods=False, self.min_weight=0.0, self.max_weight=0.12
single_methods
method_type='mean_cvar_sharpe' np.sum(weights)=1.000000 active=110 weights.shape=(216,)
self.is_all_methods=False, self.min_weight=0.0, self.max_weight=0.12
single_methods
method_type='mean_cvar_sharpe' np.sum(weights)=1.000000 active=110 weights.shape=(216,)
self.is_all_methods=False, self.min_weight=0.0, self.max_weight=0.12
single_methods
method_type='mean_cvar_sharpe' np.sum(weights)=1.000000 active=110 weights.shape=(216,)
self.is_all_methods=False, self.min_weight=0.0, self.max_weight=0.12
single_methods
method_type='mean_cvar_sharpe' np.sum(weights)=1.000000 active=129 weights.shape=(216,)
self.is_all_methods=False, self.min_weight=0.0, self.max_weight=0.12
single_methods
method_type='mean_cvar_sharpe' np.sum(weights)=1.000000 active=129 weights.shape=(216,)
self.is_all_methods=False, self.min_weight=0.0, self.max_weight=0.12
single_methods
method_type='mean_cvar_sharpe' np.sum(weights)=1.000000 active=129 weights.shape=(216,)
self.is_all_methods=False, self.min_weight=0.0, self.max_weight=0.12
single_methods
[RC-LP] method_type='return_cvar_constraint' sum=1.0000 active=77
1.0 2019-04-01 00:00:00 1111.4681808516636 0.009566288867768268 0.0011153099209573875 0.009566288867768336
PROGRESS	2019-04-01	216	77	0.009566288867768336	1111.4681808516636
Portfolio optimization with 2 month weight rebalancing 2019-03-01 00:00:00: : 3it [00:15,  6.94s/it]Portfolio optimization with 3 month weight rebalancing 2019-04-01 00:00:00: : 3it [00:15,  6.94s/it]self.is_all_methods=False, self.min_weight=0.0, self.max_weight=0.08
single_methods
[RC-LP] method_type='return_cvar_constraint' sum=1.0000 active=21
self.is_all_methods=False, self.min_weight=0.0, self.max_weight=0.08
single_methods
[RC-LP] method_type='return_cvar_constraint' sum=1.0000 active=21
self.is_all_methods=False, self.min_weight=0.0, self.max_weight=0.08
single_methods
[RC-LP] method_type='return_cvar_constraint' sum=1.0000 active=17
self.is_all_methods=False, self.min_weight=0.0, self.max_weight=0.08
single_methods
[RC-LP] method_type='return_cvar_constraint' sum=1.0000 active=21
self.is_all_methods=False, self.min_weight=0.0, self.max_weight=0.08
single_methods
[RC-LP] method_type='return_cvar_constraint' sum=1.0000 active=17
self.is_all_methods=False, self.min_weight=0.0, self.max_weight=0.08
single_methods
[RC-LP] method_type='return_cvar_constraint' sum=1.0000 active=15
self.is_all_methods=False, self.min_weight=0.0, self.max_weight=0.08
single_methods
[RC-LP] method_type='return_cvar_constraint' sum=1.0000 active=34
self.is_all_methods=False, self.min_weight=0.0, self.max_weight=0.08
single_methods
[RC-LP] method_type='return_cvar_constraint' sum=1.0000 active=27
self.is_all_methods=False, self.min_weight=0.0, self.max_weight=0.08
single_methods
[RC-LP] method_type='return_cvar_constraint' sum=1.0000 active=23
self.is_all_methods=False, self.min_weight=0.0, self.max_weight=0.08
single_methods
[RC-LP] method_type='return_cvar_constraint' sum=1.0000 active=31
self.is_all_methods=False, self.min_weight=0.0, self.max_weight=0.08
single_methods
[RC-LP] method_type='return_cvar_constraint' sum=1.0000 active=26
self.is_all_methods=False, self.min_weight=0.0, self.max_weight=0.08
single_methods
[RC-LP] method_type='return_cvar_constraint' sum=1.0000 active=22
self.is_all_methods=False, self.min_weight=0.0, self.max_weight=0.12
single_methods
[RC-LP] method_type='return_cvar_constraint' sum=1.0000 active=17
self.is_all_methods=False, self.min_weight=0.0, self.max_weight=0.12
single_methods
[RC-LP] method_type='return_cvar_constraint' sum=1.0000 active=17
self.is_all_methods=False, self.min_weight=0.0, self.max_weight=0.12
single_methods
[RC-LP] method_type='return_cvar_constraint' sum=1.0000 active=13
self.is_all_methods=False, self.min_weight=0.0, self.max_weight=0.12
single_methods
[RC-LP] method_type='return_cvar_constraint' sum=1.0000 active=18
self.is_all_methods=False, self.min_weight=0.0, self.max_weight=0.12
single_methods
[RC-LP] method_type='return_cvar_constraint' sum=1.0000 active=18
self.is_all_methods=False, self.min_weight=0.0, self.max_weight=0.12
single_methods
[RC-LP] method_type='return_cvar_constraint' sum=1.0000 active=14
self.is_all_methods=False, self.min_weight=0.0, self.max_weight=0.12
single_methods
[RC-LP] method_type='return_cvar_constraint' sum=1.0000 active=33
self.is_all_methods=False, self.min_weight=0.0, self.max_weight=0.12
single_methods
[RC-LP] method_type='return_cvar_constraint' sum=1.0000 active=29
self.is_all_methods=False, self.min_weight=0.0, self.max_weight=0.12
single_methods
[RC-LP] method_type='return_cvar_constraint' sum=1.0000 active=21
self.is_all_methods=False, self.min_weight=0.0, self.max_weight=0.12
single_methods
[RC-LP] method_type='return_cvar_constraint' sum=1.0000 active=34
self.is_all_methods=False, self.min_weight=0.0, self.max_weight=0.12
single_methods
[RC-LP] method_type='return_cvar_constraint' sum=1.0000 active=27
self.is_all_methods=False, self.min_weight=0.0, self.max_weight=0.12
single_methods
[RC-LP] method_type='return_cvar_constraint' sum=1.0000 active=22
self.is_all_methods=False, self.min_weight=0.0, self.max_weight=0.08
single_methods
method_type='mean_cvar_sharpe' np.sum(weights)=1.000000 active=106 weights.shape=(217,)
self.is_all_methods=False, self.min_weight=0.0, self.max_weight=0.08
single_methods
method_type='mean_cvar_sharpe' np.sum(weights)=1.000000 active=106 weights.shape=(217,)
self.is_all_methods=False, self.min_weight=0.0, self.max_weight=0.08
single_methods
method_type='mean_cvar_sharpe' np.sum(weights)=1.000000 active=106 weights.shape=(217,)
self.is_all_methods=False, self.min_weight=0.0, self.max_weight=0.08
single_methods
method_type='mean_cvar_sharpe' np.sum(weights)=1.000000 active=217 weights.shape=(217,)
self.is_all_methods=False, self.min_weight=0.0, self.max_weight=0.08
single_methods
method_type='mean_cvar_sharpe' np.sum(weights)=1.000000 active=217 weights.shape=(217,)
self.is_all_methods=False, self.min_weight=0.0, self.max_weight=0.08
single_methods
method_type='mean_cvar_sharpe' np.sum(weights)=1.000000 active=217 weights.shape=(217,)
self.is_all_methods=False, self.min_weight=0.0, self.max_weight=0.08
single_methods
method_type='mean_cvar_sharpe' np.sum(weights)=1.000000 active=217 weights.shape=(217,)
self.is_all_methods=False, self.min_weight=0.0, self.max_weight=0.08
single_methods
method_type='mean_cvar_sharpe' np.sum(weights)=1.000000 active=217 weights.shape=(217,)
self.is_all_methods=False, self.min_weight=0.0, self.max_weight=0.08
single_methods
method_type='mean_cvar_sharpe' np.sum(weights)=1.000000 active=217 weights.shape=(217,)
self.is_all_methods=False, self.min_weight=0.0, self.max_weight=0.08
single_methods
method_type='mean_cvar_sharpe' np.sum(weights)=1.000000 active=106 weights.shape=(217,)
self.is_all_methods=False, self.min_weight=0.0, self.max_weight=0.08
single_methods
method_type='mean_cvar_sharpe' np.sum(weights)=1.000000 active=106 weights.shape=(217,)
self.is_all_methods=False, self.min_weight=0.0, self.max_weight=0.08
single_methods
method_type='mean_cvar_sharpe' np.sum(weights)=1.000000 active=106 weights.shape=(217,)
self.is_all_methods=False, self.min_weight=0.0, self.max_weight=0.12
single_methods
method_type='mean_cvar_sharpe' np.sum(weights)=1.000000 active=217 weights.shape=(217,)
self.is_all_methods=False, self.min_weight=0.0, self.max_weight=0.12
single_methods
method_type='mean_cvar_sharpe' np.sum(weights)=1.000000 active=217 weights.shape=(217,)
self.is_all_methods=False, self.min_weight=0.0, self.max_weight=0.12
single_methods
method_type='mean_cvar_sharpe' np.sum(weights)=1.000000 active=217 weights.shape=(217,)
self.is_all_methods=False, self.min_weight=0.0, self.max_weight=0.12
single_methods
method_type='mean_cvar_sharpe' np.sum(weights)=1.000000 active=217 weights.shape=(217,)
self.is_all_methods=False, self.min_weight=0.0, self.max_weight=0.12
single_methods
method_type='mean_cvar_sharpe' np.sum(weights)=1.000000 active=217 weights.shape=(217,)
self.is_all_methods=False, self.min_weight=0.0, self.max_weight=0.12
single_methods
method_type='mean_cvar_sharpe' np.sum(weights)=1.000000 active=217 weights.shape=(217,)
self.is_all_methods=False, self.min_weight=0.0, self.max_weight=0.12
single_methods
method_type='mean_cvar_sharpe' np.sum(weights)=1.000000 active=217 weights.shape=(217,)
self.is_all_methods=False, self.min_weight=0.0, self.max_weight=0.12
single_methods
method_type='mean_cvar_sharpe' np.sum(weights)=1.000000 active=217 weights.shape=(217,)
self.is_all_methods=False, self.min_weight=0.0, self.max_weight=0.12
single_methods
method_type='mean_cvar_sharpe' np.sum(weights)=1.000000 active=217 weights.shape=(217,)
self.is_all_methods=False, self.min_weight=0.0, self.max_weight=0.12
single_methods
method_type='mean_cvar_sharpe' np.sum(weights)=1.000000 active=217 weights.shape=(217,)
self.is_all_methods=False, self.min_weight=0.0, self.max_weight=0.12
single_methods
method_type='mean_cvar_sharpe' np.sum(weights)=1.000000 active=217 weights.shape=(217,)
self.is_all_methods=False, self.min_weight=0.0, self.max_weight=0.12
single_methods
method_type='mean_cvar_sharpe' np.sum(weights)=1.000000 active=217 weights.shape=(217,)
1.0 2019-05-01 00:00:00 1144.9001086686721 0.030079068742562977 6.757545253096588e-05 0.030079068742562942
PROGRESS	2019-05-01	217	77	0.030079068742562942	1144.9001086686721
Portfolio optimization with 3 month weight rebalancing 2019-04-01 00:00:00: : 4it [00:29,  9.82s/it]Portfolio optimization with 4 month weight rebalancing 2019-05-01 00:00:00: : 4it [00:29,  9.82s/it]self.is_all_methods=False, self.min_weight=0.0, self.max_weight=0.08
single_methods
[RC-LP] method_type='return_cvar_constraint' sum=1.0000 active=25
self.is_all_methods=False, self.min_weight=0.0, self.max_weight=0.08
single_methods
[RC-LP] method_type='return_cvar_constraint' sum=1.0000 active=21
self.is_all_methods=False, self.min_weight=0.0, self.max_weight=0.08
single_methods
[RC-LP] method_type='return_cvar_constraint' sum=1.0000 active=18
self.is_all_methods=False, self.min_weight=0.0, self.max_weight=0.08
single_methods
[RC-LP] method_type='return_cvar_constraint' sum=1.0000 active=23
self.is_all_methods=False, self.min_weight=0.0, self.max_weight=0.08
single_methods
[RC-LP] method_type='return_cvar_constraint' sum=1.0000 active=23
self.is_all_methods=False, self.min_weight=0.0, self.max_weight=0.08
single_methods
[RC-LP] method_type='return_cvar_constraint' sum=1.0000 active=17
self.is_all_methods=False, self.min_weight=0.0, self.max_weight=0.08
single_methods
[RC-LP] method_type='return_cvar_constraint' sum=1.0000 active=36
self.is_all_methods=False, self.min_weight=0.0, self.max_weight=0.08
single_methods
[RC-LP] method_type='return_cvar_constraint' sum=1.0000 active=36
self.is_all_methods=False, self.min_weight=0.0, self.max_weight=0.08
single_methods
[RC-LP] method_type='return_cvar_constraint' sum=1.0000 active=36
self.is_all_methods=False, self.min_weight=0.0, self.max_weight=0.08
single_methods
[RC-LP] method_type='return_cvar_constraint' sum=1.0000 active=35
self.is_all_methods=False, self.min_weight=0.0, self.max_weight=0.08
single_methods
[RC-LP] method_type='return_cvar_constraint' sum=1.0000 active=31
self.is_all_methods=False, self.min_weight=0.0, self.max_weight=0.08
single_methods
[RC-LP] method_type='return_cvar_constraint' sum=1.0000 active=32
self.is_all_methods=False, self.min_weight=0.0, self.max_weight=0.12
single_methods
[RC-LP] method_type='return_cvar_constraint' sum=1.0000 active=24
self.is_all_methods=False, self.min_weight=0.0, self.max_weight=0.12
single_methods
[RC-LP] method_type='return_cvar_constraint' sum=1.0000 active=21
self.is_all_methods=False, self.min_weight=0.0, self.max_weight=0.12
single_methods
[RC-LP] method_type='return_cvar_constraint' sum=1.0000 active=20
self.is_all_methods=False, self.min_weight=0.0, self.max_weight=0.12
single_methods
[RC-LP] method_type='return_cvar_constraint' sum=1.0000 active=19
self.is_all_methods=False, self.min_weight=0.0, self.max_weight=0.12
single_methods
[RC-LP] method_type='return_cvar_constraint' sum=1.0000 active=19
self.is_all_methods=False, self.min_weight=0.0, self.max_weight=0.12
single_methods
[RC-LP] method_type='return_cvar_constraint' sum=1.0000 active=11
self.is_all_methods=False, self.min_weight=0.0, self.max_weight=0.12
single_methods
[RC-LP] method_type='return_cvar_constraint' sum=1.0000 active=34
self.is_all_methods=False, self.min_weight=0.0, self.max_weight=0.12
single_methods
[RC-LP] method_type='return_cvar_constraint' sum=1.0000 active=33
self.is_all_methods=False, self.min_weight=0.0, self.max_weight=0.12
single_methods
[RC-LP] method_type='return_cvar_constraint' sum=1.0000 active=29
self.is_all_methods=False, self.min_weight=0.0, self.max_weight=0.12
single_methods
[RC-LP] method_type='return_cvar_constraint' sum=1.0000 active=30
self.is_all_methods=False, self.min_weight=0.0, self.max_weight=0.12
single_methods
[RC-LP] method_type='return_cvar_constraint' sum=1.0000 active=24
self.is_all_methods=False, self.min_weight=0.0, self.max_weight=0.12
single_methods
[RC-LP] method_type='return_cvar_constraint' sum=1.0000 active=24
self.is_all_methods=False, self.min_weight=0.0, self.max_weight=0.08
single_methods
method_type='mean_cvar_sharpe' np.sum(weights)=1.000000 active=217 weights.shape=(217,)
self.is_all_methods=False, self.min_weight=0.0, self.max_weight=0.08
single_methods
method_type='mean_cvar_sharpe' np.sum(weights)=1.000000 active=217 weights.shape=(217,)
self.is_all_methods=False, self.min_weight=0.0, self.max_weight=0.08
single_methods
method_type='mean_cvar_sharpe' np.sum(weights)=1.000000 active=217 weights.shape=(217,)
self.is_all_methods=False, self.min_weight=0.0, self.max_weight=0.08
single_methods
method_type='mean_cvar_sharpe' np.sum(weights)=1.000000 active=217 weights.shape=(217,)
self.is_all_methods=False, self.min_weight=0.0, self.max_weight=0.08
single_methods
method_type='mean_cvar_sharpe' np.sum(weights)=1.000000 active=217 weights.shape=(217,)
self.is_all_methods=False, self.min_weight=0.0, self.max_weight=0.08
single_methods
method_type='mean_cvar_sharpe' np.sum(weights)=1.000000 active=217 weights.shape=(217,)
self.is_all_methods=False, self.min_weight=0.0, self.max_weight=0.08
single_methods
method_type='mean_cvar_sharpe' np.sum(weights)=1.000000 active=96 weights.shape=(217,)
self.is_all_methods=False, self.min_weight=0.0, self.max_weight=0.08
single_methods
method_type='mean_cvar_sharpe' np.sum(weights)=1.000000 active=96 weights.shape=(217,)
self.is_all_methods=False, self.min_weight=0.0, self.max_weight=0.08
single_methods
method_type='mean_cvar_sharpe' np.sum(weights)=1.000000 active=96 weights.shape=(217,)
self.is_all_methods=False, self.min_weight=0.0, self.max_weight=0.08
single_methods
method_type='mean_cvar_sharpe' np.sum(weights)=1.000000 active=217 weights.shape=(217,)
self.is_all_methods=False, self.min_weight=0.0, self.max_weight=0.08
single_methods
method_type='mean_cvar_sharpe' np.sum(weights)=1.000000 active=217 weights.shape=(217,)
self.is_all_methods=False, self.min_weight=0.0, self.max_weight=0.08
single_methods
method_type='mean_cvar_sharpe' np.sum(weights)=1.000000 active=217 weights.shape=(217,)
self.is_all_methods=False, self.min_weight=0.0, self.max_weight=0.12
single_methods
method_type='mean_cvar_sharpe' np.sum(weights)=1.000000 active=217 weights.shape=(217,)
self.is_all_methods=False, self.min_weight=0.0, self.max_weight=0.12
single_methods
method_type='mean_cvar_sharpe' np.sum(weights)=1.000000 active=217 weights.shape=(217,)
self.is_all_methods=False, self.min_weight=0.0, self.max_weight=0.12
single_methods
method_type='mean_cvar_sharpe' np.sum(weights)=1.000000 active=217 weights.shape=(217,)
self.is_all_methods=False, self.min_weight=0.0, self.max_weight=0.12
single_methods
method_type='mean_cvar_sharpe' np.sum(weights)=1.000000 active=217 weights.shape=(217,)
self.is_all_methods=False, self.min_weight=0.0, self.max_weight=0.12
single_methods
method_type='mean_cvar_sharpe' np.sum(weights)=1.000000 active=217 weights.shape=(217,)
self.is_all_methods=False, self.min_weight=0.0, self.max_weight=0.12
single_methods
method_type='mean_cvar_sharpe' np.sum(weights)=1.000000 active=217 weights.shape=(217,)
self.is_all_methods=False, self.min_weight=0.0, self.max_weight=0.12
single_methods
method_type='mean_cvar_sharpe' np.sum(weights)=1.000000 active=217 weights.shape=(217,)
self.is_all_methods=False, self.min_weight=0.0, self.max_weight=0.12
single_methods
method_type='mean_cvar_sharpe' np.sum(weights)=1.000000 active=217 weights.shape=(217,)
self.is_all_methods=False, self.min_weight=0.0, self.max_weight=0.12
single_methods
method_type='mean_cvar_sharpe' np.sum(weights)=1.000000 active=217 weights.shape=(217,)
self.is_all_methods=False, self.min_weight=0.0, self.max_weight=0.12
single_methods
method_type='mean_cvar_sharpe' np.sum(weights)=1.000000 active=217 weights.shape=(217,)
self.is_all_methods=False, self.min_weight=0.0, self.max_weight=0.12
single_methods
method_type='mean_cvar_sharpe' np.sum(weights)=1.000000 active=217 weights.shape=(217,)
self.is_all_methods=False, self.min_weight=0.0, self.max_weight=0.12
single_methods
method_type='mean_cvar_sharpe' np.sum(weights)=1.000000 active=217 weights.shape=(217,)
1.0 2019-06-03 00:00:00 1090.1091313708491 -0.047856556989531486 0.00012644167619444463 -0.047856556989531396
PROGRESS	2019-06-03	217	77	-0.047856556989531396	1090.1091313708491
Portfolio optimization with 4 month weight rebalancing 2019-05-01 00:00:00: : 5it [00:43, 11.31s/it]Portfolio optimization with 5 month weight rebalancing 2019-06-03 00:00:00: : 5it [00:43, 11.31s/it]self.is_all_methods=False, self.min_weight=0.0, self.max_weight=0.08
single_methods
[RC-LP] method_type='return_cvar_constraint' sum=1.0000 active=24
self.is_all_methods=False, self.min_weight=0.0, self.max_weight=0.08
single_methods
[RC-LP] method_type='return_cvar_constraint' sum=1.0000 active=24
self.is_all_methods=False, self.min_weight=0.0, self.max_weight=0.08
single_methods
[RC-LP] method_type='return_cvar_constraint' sum=1.0000 active=22
self.is_all_methods=False, self.min_weight=0.0, self.max_weight=0.08
single_methods
[RC-LP] method_type='return_cvar_constraint' sum=1.0000 active=20
self.is_all_methods=False, self.min_weight=0.0, self.max_weight=0.08
single_methods
[RC-LP] method_type='return_cvar_constraint' sum=1.0000 active=19
self.is_all_methods=False, self.min_weight=0.0, self.max_weight=0.08
single_methods
[RC-LP] method_type='return_cvar_constraint' sum=1.0000 active=20
self.is_all_methods=False, self.min_weight=0.0, self.max_weight=0.08
single_methods
[RC-LP] method_type='return_cvar_constraint' sum=1.0000 active=41
self.is_all_methods=False, self.min_weight=0.0, self.max_weight=0.08
single_methods
[RC-LP] method_type='return_cvar_constraint' sum=1.0000 active=38
self.is_all_methods=False, self.min_weight=0.0, self.max_weight=0.08
single_methods
[RC-LP] method_type='return_cvar_constraint' sum=1.0000 active=37
self.is_all_methods=False, self.min_weight=0.0, self.max_weight=0.08
single_methods
[RC-LP] method_type='return_cvar_constraint' sum=1.0000 active=40
self.is_all_methods=False, self.min_weight=0.0, self.max_weight=0.08
single_methods
[RC-LP] method_type='return_cvar_constraint' sum=1.0000 active=41
self.is_all_methods=False, self.min_weight=0.0, self.max_weight=0.08
single_methods
[RC-LP] method_type='return_cvar_constraint' sum=1.0000 active=36
self.is_all_methods=False, self.min_weight=0.0, self.max_weight=0.12
single_methods
[RC-LP] method_type='return_cvar_constraint' sum=1.0000 active=19
self.is_all_methods=False, self.min_weight=0.0, self.max_weight=0.12
single_methods
[RC-LP] method_type='return_cvar_constraint' sum=1.0000 active=19
self.is_all_methods=False, self.min_weight=0.0, self.max_weight=0.12
single_methods
[RC-LP] method_type='return_cvar_constraint' sum=1.0000 active=20
self.is_all_methods=False, self.min_weight=0.0, self.max_weight=0.12
single_methods
[RC-LP] method_type='return_cvar_constraint' sum=1.0000 active=19
self.is_all_methods=False, self.min_weight=0.0, self.max_weight=0.12
single_methods
[RC-LP] method_type='return_cvar_constraint' sum=1.0000 active=17
self.is_all_methods=False, self.min_weight=0.0, self.max_weight=0.12
single_methods
[RC-LP] method_type='return_cvar_constraint' sum=1.0000 active=19
self.is_all_methods=False, self.min_weight=0.0, self.max_weight=0.12
single_methods
[RC-LP] method_type='return_cvar_constraint' sum=1.0000 active=37
self.is_all_methods=False, self.min_weight=0.0, self.max_weight=0.12
single_methods
[RC-LP] method_type='return_cvar_constraint' sum=1.0000 active=36
self.is_all_methods=False, self.min_weight=0.0, self.max_weight=0.12
single_methods
[RC-LP] method_type='return_cvar_constraint' sum=1.0000 active=31
self.is_all_methods=False, self.min_weight=0.0, self.max_weight=0.12
single_methods
[RC-LP] method_type='return_cvar_constraint' sum=1.0000 active=38
self.is_all_methods=False, self.min_weight=0.0, self.max_weight=0.12
single_methods
[RC-LP] method_type='return_cvar_constraint' sum=1.0000 active=33
self.is_all_methods=False, self.min_weight=0.0, self.max_weight=0.12
single_methods
[RC-LP] method_type='return_cvar_constraint' sum=1.0000 active=32
self.is_all_methods=False, self.min_weight=0.0, self.max_weight=0.08
single_methods
method_type='mean_cvar_sharpe' np.sum(weights)=1.000000 active=217 weights.shape=(217,)
self.is_all_methods=False, self.min_weight=0.0, self.max_weight=0.08
single_methods
method_type='mean_cvar_sharpe' np.sum(weights)=1.000000 active=217 weights.shape=(217,)
self.is_all_methods=False, self.min_weight=0.0, self.max_weight=0.08
single_methods
method_type='mean_cvar_sharpe' np.sum(weights)=1.000000 active=217 weights.shape=(217,)
self.is_all_methods=False, self.min_weight=0.0, self.max_weight=0.08
single_methods
method_type='mean_cvar_sharpe' np.sum(weights)=1.000000 active=217 weights.shape=(217,)
self.is_all_methods=False, self.min_weight=0.0, self.max_weight=0.08
single_methods
method_type='mean_cvar_sharpe' np.sum(weights)=1.000000 active=217 weights.shape=(217,)
self.is_all_methods=False, self.min_weight=0.0, self.max_weight=0.08
single_methods
method_type='mean_cvar_sharpe' np.sum(weights)=1.000000 active=217 weights.shape=(217,)
self.is_all_methods=False, self.min_weight=0.0, self.max_weight=0.08
single_methods
method_type='mean_cvar_sharpe' np.sum(weights)=1.000000 active=140 weights.shape=(217,)
self.is_all_methods=False, self.min_weight=0.0, self.max_weight=0.08
single_methods
method_type='mean_cvar_sharpe' np.sum(weights)=1.000000 active=140 weights.shape=(217,)
self.is_all_methods=False, self.min_weight=0.0, self.max_weight=0.08
single_methods
method_type='mean_cvar_sharpe' np.sum(weights)=1.000000 active=140 weights.shape=(217,)
self.is_all_methods=False, self.min_weight=0.0, self.max_weight=0.08
single_methods
method_type='mean_cvar_sharpe' np.sum(weights)=1.000000 active=216 weights.shape=(217,)
self.is_all_methods=False, self.min_weight=0.0, self.max_weight=0.08
single_methods
method_type='mean_cvar_sharpe' np.sum(weights)=1.000000 active=216 weights.shape=(217,)
self.is_all_methods=False, self.min_weight=0.0, self.max_weight=0.08
single_methods
method_type='mean_cvar_sharpe' np.sum(weights)=1.000000 active=216 weights.shape=(217,)
self.is_all_methods=False, self.min_weight=0.0, self.max_weight=0.12
single_methods
method_type='mean_cvar_sharpe' np.sum(weights)=1.000000 active=106 weights.shape=(217,)
self.is_all_methods=False, self.min_weight=0.0, self.max_weight=0.12
single_methods
method_type='mean_cvar_sharpe' np.sum(weights)=1.000000 active=106 weights.shape=(217,)
self.is_all_methods=False, self.min_weight=0.0, self.max_weight=0.12
single_methods
method_type='mean_cvar_sharpe' np.sum(weights)=1.000000 active=106 weights.shape=(217,)
self.is_all_methods=False, self.min_weight=0.0, self.max_weight=0.12
single_methods
method_type='mean_cvar_sharpe' np.sum(weights)=1.000000 active=106 weights.shape=(217,)
self.is_all_methods=False, self.min_weight=0.0, self.max_weight=0.12
single_methods
method_type='mean_cvar_sharpe' np.sum(weights)=1.000000 active=106 weights.shape=(217,)
self.is_all_methods=False, self.min_weight=0.0, self.max_weight=0.12
single_methods
method_type='mean_cvar_sharpe' np.sum(weights)=1.000000 active=106 weights.shape=(217,)
self.is_all_methods=False, self.min_weight=0.0, self.max_weight=0.12
single_methods
method_type='mean_cvar_sharpe' np.sum(weights)=1.000000 active=217 weights.shape=(217,)
self.is_all_methods=False, self.min_weight=0.0, self.max_weight=0.12
single_methods
method_type='mean_cvar_sharpe' np.sum(weights)=1.000000 active=217 weights.shape=(217,)
self.is_all_methods=False, self.min_weight=0.0, self.max_weight=0.12
single_methods
method_type='mean_cvar_sharpe' np.sum(weights)=1.000000 active=217 weights.shape=(217,)
self.is_all_methods=False, self.min_weight=0.0, self.max_weight=0.12
single_methods
method_type='mean_cvar_sharpe' np.sum(weights)=1.000000 active=217 weights.shape=(217,)
self.is_all_methods=False, self.min_weight=0.0, self.max_weight=0.12
single_methods
method_type='mean_cvar_sharpe' np.sum(weights)=1.000000 active=217 weights.shape=(217,)
self.is_all_methods=False, self.min_weight=0.0, self.max_weight=0.12
single_methods
method_type='mean_cvar_sharpe' np.sum(weights)=1.000000 active=217 weights.shape=(217,)
1.0 2019-07-01 00:00:00 1169.501126280771 0.072829400860154 5.5329117026862076e-05 0.07282940086015399
PROGRESS	2019-07-01	217	77	0.07282940086015399	1169.501126280771
Portfolio optimization with 5 month weight rebalancing 2019-06-03 00:00:00: : 6it [00:56, 11.84s/it]Portfolio optimization with 6 month weight rebalancing 2019-07-01 00:00:00: : 6it [00:56, 11.84s/it]self.is_all_methods=False, self.min_weight=0.0, self.max_weight=0.08
single_methods
[RC-LP] method_type='return_cvar_constraint' sum=1.0000 active=22
self.is_all_methods=False, self.min_weight=0.0, self.max_weight=0.08
single_methods
[RC-LP] method_type='return_cvar_constraint' sum=1.0000 active=20
self.is_all_methods=False, self.min_weight=0.0, self.max_weight=0.08
single_methods
[RC-LP] method_type='return_cvar_constraint' sum=1.0000 active=15
self.is_all_methods=False, self.min_weight=0.0, self.max_weight=0.08
single_methods
[RC-LP] method_type='return_cvar_constraint' sum=1.0000 active=28
self.is_all_methods=False, self.min_weight=0.0, self.max_weight=0.08
single_methods
[RC-LP] method_type='return_cvar_constraint' sum=1.0000 active=26
self.is_all_methods=False, self.min_weight=0.0, self.max_weight=0.08
single_methods
[RC-LP] method_type='return_cvar_constraint' sum=1.0000 active=16
self.is_all_methods=False, self.min_weight=0.0, self.max_weight=0.08
single_methods
[RC-LP] method_type='return_cvar_constraint' sum=1.0000 active=37
self.is_all_methods=False, self.min_weight=0.0, self.max_weight=0.08
single_methods
[RC-LP] method_type='return_cvar_constraint' sum=1.0000 active=26
self.is_all_methods=False, self.min_weight=0.0, self.max_weight=0.08
single_methods
[RC-LP] method_type='return_cvar_constraint' sum=1.0000 active=21
self.is_all_methods=False, self.min_weight=0.0, self.max_weight=0.08
single_methods
[RC-LP] method_type='return_cvar_constraint' sum=1.0000 active=37
self.is_all_methods=False, self.min_weight=0.0, self.max_weight=0.08
single_methods
[RC-LP] method_type='return_cvar_constraint' sum=1.0000 active=33
self.is_all_methods=False, self.min_weight=0.0, self.max_weight=0.08
single_methods
[RC-LP] method_type='return_cvar_constraint' sum=1.0000 active=21
self.is_all_methods=False, self.min_weight=0.0, self.max_weight=0.12
single_methods
[RC-LP] method_type='return_cvar_constraint' sum=1.0000 active=22
self.is_all_methods=False, self.min_weight=0.0, self.max_weight=0.12
single_methods
[RC-LP] method_type='return_cvar_constraint' sum=1.0000 active=18
self.is_all_methods=False, self.min_weight=0.0, self.max_weight=0.12
single_methods
[RC-LP] method_type='return_cvar_constraint' sum=1.0000 active=13
self.is_all_methods=False, self.min_weight=0.0, self.max_weight=0.12
single_methods
[RC-LP] method_type='return_cvar_constraint' sum=1.0000 active=18
self.is_all_methods=False, self.min_weight=0.0, self.max_weight=0.12
single_methods
[RC-LP] method_type='return_cvar_constraint' sum=1.0000 active=20
self.is_all_methods=False, self.min_weight=0.0, self.max_weight=0.12
single_methods
[RC-LP] method_type='return_cvar_constraint' sum=1.0000 active=15
self.is_all_methods=False, self.min_weight=0.0, self.max_weight=0.12
single_methods
[RC-LP] method_type='return_cvar_constraint' sum=1.0000 active=31
self.is_all_methods=False, self.min_weight=0.0, self.max_weight=0.12
single_methods
[RC-LP] method_type='return_cvar_constraint' sum=1.0000 active=25
self.is_all_methods=False, self.min_weight=0.0, self.max_weight=0.12
single_methods
[RC-LP] method_type='return_cvar_constraint' sum=1.0000 active=19
self.is_all_methods=False, self.min_weight=0.0, self.max_weight=0.12
single_methods
[RC-LP] method_type='return_cvar_constraint' sum=1.0000 active=33
self.is_all_methods=False, self.min_weight=0.0, self.max_weight=0.12
single_methods
[RC-LP] method_type='return_cvar_constraint' sum=1.0000 active=33
self.is_all_methods=False, self.min_weight=0.0, self.max_weight=0.12
single_methods
[RC-LP] method_type='return_cvar_constraint' sum=1.0000 active=24
self.is_all_methods=False, self.min_weight=0.0, self.max_weight=0.08
single_methods
method_type='mean_cvar_sharpe' np.sum(weights)=1.000000 active=149 weights.shape=(218,)
self.is_all_methods=False, self.min_weight=0.0, self.max_weight=0.08
single_methods
method_type='mean_cvar_sharpe' np.sum(weights)=1.000000 active=149 weights.shape=(218,)
self.is_all_methods=False, self.min_weight=0.0, self.max_weight=0.08
single_methods
method_type='mean_cvar_sharpe' np.sum(weights)=1.000000 active=149 weights.shape=(218,)
self.is_all_methods=False, self.min_weight=0.0, self.max_weight=0.08
single_methods
method_type='mean_cvar_sharpe' np.sum(weights)=1.000000 active=85 weights.shape=(218,)
self.is_all_methods=False, self.min_weight=0.0, self.max_weight=0.08
single_methods
method_type='mean_cvar_sharpe' np.sum(weights)=1.000000 active=85 weights.shape=(218,)
self.is_all_methods=False, self.min_weight=0.0, self.max_weight=0.08
single_methods
method_type='mean_cvar_sharpe' np.sum(weights)=1.000000 active=85 weights.shape=(218,)
self.is_all_methods=False, self.min_weight=0.0, self.max_weight=0.08
single_methods
method_type='mean_cvar_sharpe' np.sum(weights)=1.000000 active=86 weights.shape=(218,)
self.is_all_methods=False, self.min_weight=0.0, self.max_weight=0.08
single_methods
method_type='mean_cvar_sharpe' np.sum(weights)=1.000000 active=86 weights.shape=(218,)
self.is_all_methods=False, self.min_weight=0.0, self.max_weight=0.08
single_methods
method_type='mean_cvar_sharpe' np.sum(weights)=1.000000 active=86 weights.shape=(218,)
self.is_all_methods=False, self.min_weight=0.0, self.max_weight=0.08
single_methods
method_type='mean_cvar_sharpe' np.sum(weights)=1.000000 active=88 weights.shape=(218,)
self.is_all_methods=False, self.min_weight=0.0, self.max_weight=0.08
single_methods
method_type='mean_cvar_sharpe' np.sum(weights)=1.000000 active=88 weights.shape=(218,)
self.is_all_methods=False, self.min_weight=0.0, self.max_weight=0.08
single_methods
method_type='mean_cvar_sharpe' np.sum(weights)=1.000000 active=88 weights.shape=(218,)
self.is_all_methods=False, self.min_weight=0.0, self.max_weight=0.12
single_methods
method_type='mean_cvar_sharpe' np.sum(weights)=1.000000 active=130 weights.shape=(218,)
self.is_all_methods=False, self.min_weight=0.0, self.max_weight=0.12
single_methods
method_type='mean_cvar_sharpe' np.sum(weights)=1.000000 active=130 weights.shape=(218,)
self.is_all_methods=False, self.min_weight=0.0, self.max_weight=0.12
single_methods
method_type='mean_cvar_sharpe' np.sum(weights)=1.000000 active=130 weights.shape=(218,)
self.is_all_methods=False, self.min_weight=0.0, self.max_weight=0.12
single_methods
method_type='mean_cvar_sharpe' np.sum(weights)=1.000000 active=142 weights.shape=(218,)
self.is_all_methods=False, self.min_weight=0.0, self.max_weight=0.12
single_methods
method_type='mean_cvar_sharpe' np.sum(weights)=1.000000 active=142 weights.shape=(218,)
self.is_all_methods=False, self.min_weight=0.0, self.max_weight=0.12
single_methods
method_type='mean_cvar_sharpe' np.sum(weights)=1.000000 active=142 weights.shape=(218,)
self.is_all_methods=False, self.min_weight=0.0, self.max_weight=0.12
single_methods
method_type='mean_cvar_sharpe' np.sum(weights)=1.000000 active=210 weights.shape=(218,)
self.is_all_methods=False, self.min_weight=0.0, self.max_weight=0.12
single_methods
method_type='mean_cvar_sharpe' np.sum(weights)=1.000000 active=210 weights.shape=(218,)
self.is_all_methods=False, self.min_weight=0.0, self.max_weight=0.12
single_methods
method_type='mean_cvar_sharpe' np.sum(weights)=1.000000 active=210 weights.shape=(218,)
self.is_all_methods=False, self.min_weight=0.0, self.max_weight=0.12
single_methods
method_type='mean_cvar_sharpe' np.sum(weights)=1.000000 active=215 weights.shape=(218,)
self.is_all_methods=False, self.min_weight=0.0, self.max_weight=0.12
single_methods
method_type='mean_cvar_sharpe' np.sum(weights)=1.000000 active=215 weights.shape=(218,)
self.is_all_methods=False, self.min_weight=0.0, self.max_weight=0.12
single_methods
method_type='mean_cvar_sharpe' np.sum(weights)=1.000000 active=215 weights.shape=(218,)
1.0 2019-08-01 00:00:00 1193.5742710591749 0.020584114232502743 5.4104151361516666e-05 0.020584114232502726
PROGRESS	2019-08-01	218	77	0.020584114232502726	1193.5742710591749
Portfolio optimization with 6 month weight rebalancing 2019-07-01 00:00:00: : 7it [01:06, 11.31s/it]Portfolio optimization with 7 month weight rebalancing 2019-08-01 00:00:00: : 7it [01:06, 11.31s/it]self.is_all_methods=False, self.min_weight=0.0, self.max_weight=0.08
single_methods
[RC-LP] method_type='return_cvar_constraint' sum=1.0000 active=21
self.is_all_methods=False, self.min_weight=0.0, self.max_weight=0.08
single_methods
[RC-LP] method_type='return_cvar_constraint' sum=1.0000 active=20
self.is_all_methods=False, self.min_weight=0.0, self.max_weight=0.08
single_methods
[RC-LP] method_type='return_cvar_constraint' sum=1.0000 active=18
self.is_all_methods=False, self.min_weight=0.0, self.max_weight=0.08
single_methods
[RC-LP] method_type='return_cvar_constraint' sum=1.0000 active=24
self.is_all_methods=False, self.min_weight=0.0, self.max_weight=0.08
single_methods
[RC-LP] method_type='return_cvar_constraint' sum=1.0000 active=24
self.is_all_methods=False, self.min_weight=0.0, self.max_weight=0.08
single_methods
[RC-LP] method_type='return_cvar_constraint' sum=1.0000 active=23
self.is_all_methods=False, self.min_weight=0.0, self.max_weight=0.08
single_methods
[RC-LP] method_type='return_cvar_constraint' sum=1.0000 active=34
self.is_all_methods=False, self.min_weight=0.0, self.max_weight=0.08
single_methods
[RC-LP] method_type='return_cvar_constraint' sum=1.0000 active=30
self.is_all_methods=False, self.min_weight=0.0, self.max_weight=0.08
single_methods
[RC-LP] method_type='return_cvar_constraint' sum=1.0000 active=27
self.is_all_methods=False, self.min_weight=0.0, self.max_weight=0.08
single_methods
[RC-LP] method_type='return_cvar_constraint' sum=1.0000 active=39
self.is_all_methods=False, self.min_weight=0.0, self.max_weight=0.08
single_methods
[RC-LP] method_type='return_cvar_constraint' sum=1.0000 active=37
self.is_all_methods=False, self.min_weight=0.0, self.max_weight=0.08
single_methods
[RC-LP] method_type='return_cvar_constraint' sum=1.0000 active=36
self.is_all_methods=False, self.min_weight=0.0, self.max_weight=0.12
single_methods
[RC-LP] method_type='return_cvar_constraint' sum=1.0000 active=19
self.is_all_methods=False, self.min_weight=0.0, self.max_weight=0.12
single_methods
[RC-LP] method_type='return_cvar_constraint' sum=1.0000 active=20
self.is_all_methods=False, self.min_weight=0.0, self.max_weight=0.12
single_methods
[RC-LP] method_type='return_cvar_constraint' sum=1.0000 active=17
self.is_all_methods=False, self.min_weight=0.0, self.max_weight=0.12
single_methods
[RC-LP] method_type='return_cvar_constraint' sum=1.0000 active=22
self.is_all_methods=False, self.min_weight=0.0, self.max_weight=0.12
single_methods
[RC-LP] method_type='return_cvar_constraint' sum=1.0000 active=21
self.is_all_methods=False, self.min_weight=0.0, self.max_weight=0.12
single_methods
[RC-LP] method_type='return_cvar_constraint' sum=1.0000 active=21
self.is_all_methods=False, self.min_weight=0.0, self.max_weight=0.12
single_methods
[RC-LP] method_type='return_cvar_constraint' sum=1.0000 active=30
self.is_all_methods=False, self.min_weight=0.0, self.max_weight=0.12
single_methods
[RC-LP] method_type='return_cvar_constraint' sum=1.0000 active=30
self.is_all_methods=False, self.min_weight=0.0, self.max_weight=0.12
single_methods
[RC-LP] method_type='return_cvar_constraint' sum=1.0000 active=23
self.is_all_methods=False, self.min_weight=0.0, self.max_weight=0.12
single_methods
[RC-LP] method_type='return_cvar_constraint' sum=1.0000 active=34
self.is_all_methods=False, self.min_weight=0.0, self.max_weight=0.12
single_methods
[RC-LP] method_type='return_cvar_constraint' sum=1.0000 active=33
self.is_all_methods=False, self.min_weight=0.0, self.max_weight=0.12
single_methods
[RC-LP] method_type='return_cvar_constraint' sum=1.0000 active=30
self.is_all_methods=False, self.min_weight=0.0, self.max_weight=0.08
single_methods
method_type='mean_cvar_sharpe' np.sum(weights)=1.000000 active=141 weights.shape=(219,)
self.is_all_methods=False, self.min_weight=0.0, self.max_weight=0.08
single_methods
method_type='mean_cvar_sharpe' np.sum(weights)=1.000000 active=141 weights.shape=(219,)
self.is_all_methods=False, self.min_weight=0.0, self.max_weight=0.08
single_methods
method_type='mean_cvar_sharpe' np.sum(weights)=1.000000 active=141 weights.shape=(219,)
self.is_all_methods=False, self.min_weight=0.0, self.max_weight=0.08
single_methods
method_type='mean_cvar_sharpe' np.sum(weights)=1.000000 active=219 weights.shape=(219,)
self.is_all_methods=False, self.min_weight=0.0, self.max_weight=0.08
single_methods
method_type='mean_cvar_sharpe' np.sum(weights)=1.000000 active=219 weights.shape=(219,)
self.is_all_methods=False, self.min_weight=0.0, self.max_weight=0.08
single_methods
method_type='mean_cvar_sharpe' np.sum(weights)=1.000000 active=219 weights.shape=(219,)
self.is_all_methods=False, self.min_weight=0.0, self.max_weight=0.08
single_methods
method_type='mean_cvar_sharpe' np.sum(weights)=1.000000 active=219 weights.shape=(219,)
self.is_all_methods=False, self.min_weight=0.0, self.max_weight=0.08
single_methods
method_type='mean_cvar_sharpe' np.sum(weights)=1.000000 active=219 weights.shape=(219,)
self.is_all_methods=False, self.min_weight=0.0, self.max_weight=0.08
single_methods
method_type='mean_cvar_sharpe' np.sum(weights)=1.000000 active=219 weights.shape=(219,)
self.is_all_methods=False, self.min_weight=0.0, self.max_weight=0.08
single_methods
method_type='mean_cvar_sharpe' np.sum(weights)=1.000000 active=145 weights.shape=(219,)
self.is_all_methods=False, self.min_weight=0.0, self.max_weight=0.08
single_methods
method_type='mean_cvar_sharpe' np.sum(weights)=1.000000 active=145 weights.shape=(219,)
self.is_all_methods=False, self.min_weight=0.0, self.max_weight=0.08
single_methods
method_type='mean_cvar_sharpe' np.sum(weights)=1.000000 active=145 weights.shape=(219,)
self.is_all_methods=False, self.min_weight=0.0, self.max_weight=0.12
single_methods
method_type='mean_cvar_sharpe' np.sum(weights)=1.000000 active=138 weights.shape=(219,)
self.is_all_methods=False, self.min_weight=0.0, self.max_weight=0.12
single_methods
method_type='mean_cvar_sharpe' np.sum(weights)=1.000000 active=138 weights.shape=(219,)
self.is_all_methods=False, self.min_weight=0.0, self.max_weight=0.12
single_methods
method_type='mean_cvar_sharpe' np.sum(weights)=1.000000 active=138 weights.shape=(219,)
self.is_all_methods=False, self.min_weight=0.0, self.max_weight=0.12
single_methods
method_type='mean_cvar_sharpe' np.sum(weights)=1.000000 active=93 weights.shape=(219,)
self.is_all_methods=False, self.min_weight=0.0, self.max_weight=0.12
single_methods
method_type='mean_cvar_sharpe' np.sum(weights)=1.000000 active=93 weights.shape=(219,)
self.is_all_methods=False, self.min_weight=0.0, self.max_weight=0.12
single_methods
method_type='mean_cvar_sharpe' np.sum(weights)=1.000000 active=93 weights.shape=(219,)
self.is_all_methods=False, self.min_weight=0.0, self.max_weight=0.12
single_methods
method_type='mean_cvar_sharpe' np.sum(weights)=1.000000 active=218 weights.shape=(219,)
self.is_all_methods=False, self.min_weight=0.0, self.max_weight=0.12
single_methods
method_type='mean_cvar_sharpe' np.sum(weights)=1.000000 active=218 weights.shape=(219,)
self.is_all_methods=False, self.min_weight=0.0, self.max_weight=0.12
single_methods
method_type='mean_cvar_sharpe' np.sum(weights)=1.000000 active=218 weights.shape=(219,)
self.is_all_methods=False, self.min_weight=0.0, self.max_weight=0.12
single_methods
method_type='mean_cvar_sharpe' np.sum(weights)=1.000000 active=138 weights.shape=(219,)
self.is_all_methods=False, self.min_weight=0.0, self.max_weight=0.12
single_methods
method_type='mean_cvar_sharpe' np.sum(weights)=1.000000 active=138 weights.shape=(219,)
self.is_all_methods=False, self.min_weight=0.0, self.max_weight=0.12
single_methods
method_type='mean_cvar_sharpe' np.sum(weights)=1.000000 active=138 weights.shape=(219,)
1.0 2019-09-03 00:00:00 1189.8405837394887 -0.0031281566721212653 4.8342533996073426e-05 -0.003128156672121407
PROGRESS	2019-09-03	219	76	-0.003128156672121407	1189.8405837394887
Portfolio optimization with 7 month weight rebalancing 2019-08-01 00:00:00: : 8it [01:17, 11.12s/it]Portfolio optimization with 8 month weight rebalancing 2019-09-03 00:00:00: : 8it [01:17, 11.12s/it]self.is_all_methods=False, self.min_weight=0.0, self.max_weight=0.08
single_methods
[RC-LP] method_type='return_cvar_constraint' sum=1.0000 active=22
self.is_all_methods=False, self.min_weight=0.0, self.max_weight=0.08
single_methods
[RC-LP] method_type='return_cvar_constraint' sum=1.0000 active=17
self.is_all_methods=False, self.min_weight=0.0, self.max_weight=0.08
single_methods
[RC-LP] method_type='return_cvar_constraint' sum=1.0000 active=20
self.is_all_methods=False, self.min_weight=0.0, self.max_weight=0.08
single_methods
[RC-LP] method_type='return_cvar_constraint' sum=1.0000 active=25
self.is_all_methods=False, self.min_weight=0.0, self.max_weight=0.08
single_methods
[RC-LP] method_type='return_cvar_constraint' sum=1.0000 active=19
self.is_all_methods=False, self.min_weight=0.0, self.max_weight=0.08
single_methods
[RC-LP] method_type='return_cvar_constraint' sum=1.0000 active=16
self.is_all_methods=False, self.min_weight=0.0, self.max_weight=0.08
single_methods
[RC-LP] method_type='return_cvar_constraint' sum=1.0000 active=34
self.is_all_methods=False, self.min_weight=0.0, self.max_weight=0.08
single_methods
[RC-LP] method_type='return_cvar_constraint' sum=1.0000 active=29
self.is_all_methods=False, self.min_weight=0.0, self.max_weight=0.08
single_methods
[RC-LP] method_type='return_cvar_constraint' sum=1.0000 active=24
self.is_all_methods=False, self.min_weight=0.0, self.max_weight=0.08
single_methods
[RC-LP] method_type='return_cvar_constraint' sum=1.0000 active=39
self.is_all_methods=False, self.min_weight=0.0, self.max_weight=0.08
single_methods
[RC-LP] method_type='return_cvar_constraint' sum=1.0000 active=31
self.is_all_methods=False, self.min_weight=0.0, self.max_weight=0.08
single_methods
[RC-LP] method_type='return_cvar_constraint' sum=1.0000 active=25
self.is_all_methods=False, self.min_weight=0.0, self.max_weight=0.12
single_methods
[RC-LP] method_type='return_cvar_constraint' sum=1.0000 active=18
self.is_all_methods=False, self.min_weight=0.0, self.max_weight=0.12
single_methods
[RC-LP] method_type='return_cvar_constraint' sum=1.0000 active=16
self.is_all_methods=False, self.min_weight=0.0, self.max_weight=0.12
single_methods
[RC-LP] method_type='return_cvar_constraint' sum=1.0000 active=14
self.is_all_methods=False, self.min_weight=0.0, self.max_weight=0.12
single_methods
[RC-LP] method_type='return_cvar_constraint' sum=1.0000 active=24
self.is_all_methods=False, self.min_weight=0.0, self.max_weight=0.12
single_methods
[RC-LP] method_type='return_cvar_constraint' sum=1.0000 active=15
self.is_all_methods=False, self.min_weight=0.0, self.max_weight=0.12
single_methods
[RC-LP] method_type='return_cvar_constraint' sum=1.0000 active=14
self.is_all_methods=False, self.min_weight=0.0, self.max_weight=0.12
single_methods
[RC-LP] method_type='return_cvar_constraint' sum=1.0000 active=31
self.is_all_methods=False, self.min_weight=0.0, self.max_weight=0.12
single_methods
[RC-LP] method_type='return_cvar_constraint' sum=1.0000 active=23
self.is_all_methods=False, self.min_weight=0.0, self.max_weight=0.12
single_methods
[RC-LP] method_type='return_cvar_constraint' sum=1.0000 active=21
self.is_all_methods=False, self.min_weight=0.0, self.max_weight=0.12
single_methods
[RC-LP] method_type='return_cvar_constraint' sum=1.0000 active=37
self.is_all_methods=False, self.min_weight=0.0, self.max_weight=0.12
single_methods
[RC-LP] method_type='return_cvar_constraint' sum=1.0000 active=27
self.is_all_methods=False, self.min_weight=0.0, self.max_weight=0.12
single_methods
[RC-LP] method_type='return_cvar_constraint' sum=1.0000 active=21
self.is_all_methods=False, self.min_weight=0.0, self.max_weight=0.08
single_methods
method_type='mean_cvar_sharpe' np.sum(weights)=1.000000 active=221 weights.shape=(221,)
self.is_all_methods=False, self.min_weight=0.0, self.max_weight=0.08
single_methods
method_type='mean_cvar_sharpe' np.sum(weights)=1.000000 active=221 weights.shape=(221,)
self.is_all_methods=False, self.min_weight=0.0, self.max_weight=0.08
single_methods
method_type='mean_cvar_sharpe' np.sum(weights)=1.000000 active=221 weights.shape=(221,)
self.is_all_methods=False, self.min_weight=0.0, self.max_weight=0.08
single_methods
method_type='mean_cvar_sharpe' np.sum(weights)=1.000000 active=140 weights.shape=(221,)
self.is_all_methods=False, self.min_weight=0.0, self.max_weight=0.08
single_methods
method_type='mean_cvar_sharpe' np.sum(weights)=1.000000 active=140 weights.shape=(221,)
self.is_all_methods=False, self.min_weight=0.0, self.max_weight=0.08
single_methods
method_type='mean_cvar_sharpe' np.sum(weights)=1.000000 active=140 weights.shape=(221,)
self.is_all_methods=False, self.min_weight=0.0, self.max_weight=0.08
single_methods
method_type='mean_cvar_sharpe' np.sum(weights)=1.000000 active=101 weights.shape=(221,)
self.is_all_methods=False, self.min_weight=0.0, self.max_weight=0.08
single_methods
method_type='mean_cvar_sharpe' np.sum(weights)=1.000000 active=101 weights.shape=(221,)
self.is_all_methods=False, self.min_weight=0.0, self.max_weight=0.08
single_methods
method_type='mean_cvar_sharpe' np.sum(weights)=1.000000 active=101 weights.shape=(221,)
self.is_all_methods=False, self.min_weight=0.0, self.max_weight=0.08
single_methods
method_type='mean_cvar_sharpe' np.sum(weights)=1.000000 active=220 weights.shape=(221,)
self.is_all_methods=False, self.min_weight=0.0, self.max_weight=0.08
single_methods
method_type='mean_cvar_sharpe' np.sum(weights)=1.000000 active=220 weights.shape=(221,)
self.is_all_methods=False, self.min_weight=0.0, self.max_weight=0.08
single_methods
method_type='mean_cvar_sharpe' np.sum(weights)=1.000000 active=220 weights.shape=(221,)
self.is_all_methods=False, self.min_weight=0.0, self.max_weight=0.12
single_methods
method_type='mean_cvar_sharpe' np.sum(weights)=1.000000 active=123 weights.shape=(221,)
self.is_all_methods=False, self.min_weight=0.0, self.max_weight=0.12
single_methods
method_type='mean_cvar_sharpe' np.sum(weights)=1.000000 active=123 weights.shape=(221,)
self.is_all_methods=False, self.min_weight=0.0, self.max_weight=0.12
single_methods
method_type='mean_cvar_sharpe' np.sum(weights)=1.000000 active=123 weights.shape=(221,)
self.is_all_methods=False, self.min_weight=0.0, self.max_weight=0.12
single_methods
method_type='mean_cvar_sharpe' np.sum(weights)=1.000000 active=116 weights.shape=(221,)
self.is_all_methods=False, self.min_weight=0.0, self.max_weight=0.12
single_methods
method_type='mean_cvar_sharpe' np.sum(weights)=1.000000 active=116 weights.shape=(221,)
self.is_all_methods=False, self.min_weight=0.0, self.max_weight=0.12
single_methods
method_type='mean_cvar_sharpe' np.sum(weights)=1.000000 active=116 weights.shape=(221,)
self.is_all_methods=False, self.min_weight=0.0, self.max_weight=0.12
single_methods
method_type='mean_cvar_sharpe' np.sum(weights)=1.000000 active=221 weights.shape=(221,)
self.is_all_methods=False, self.min_weight=0.0, self.max_weight=0.12
single_methods
method_type='mean_cvar_sharpe' np.sum(weights)=1.000000 active=221 weights.shape=(221,)
self.is_all_methods=False, self.min_weight=0.0, self.max_weight=0.12
single_methods
method_type='mean_cvar_sharpe' np.sum(weights)=1.000000 active=221 weights.shape=(221,)
self.is_all_methods=False, self.min_weight=0.0, self.max_weight=0.12
single_methods
method_type='mean_cvar_sharpe' np.sum(weights)=1.000000 active=124 weights.shape=(221,)
self.is_all_methods=False, self.min_weight=0.0, self.max_weight=0.12
single_methods
method_type='mean_cvar_sharpe' np.sum(weights)=1.000000 active=124 weights.shape=(221,)
self.is_all_methods=False, self.min_weight=0.0, self.max_weight=0.12
single_methods
method_type='mean_cvar_sharpe' np.sum(weights)=1.000000 active=124 weights.shape=(221,)
1.0 2019-10-01 00:00:00 1207.7039709049548 0.015013260944020118 0.0001224916498054846 0.015013260944020113
PROGRESS	2019-10-01	221	76	0.015013260944020113	1207.7039709049548
Portfolio optimization with 8 month weight rebalancing 2019-09-03 00:00:00: : 9it [01:29, 11.26s/it]Portfolio optimization with 9 month weight rebalancing 2019-10-01 00:00:00: : 9it [01:29, 11.26s/it]self.is_all_methods=False, self.min_weight=0.0, self.max_weight=0.08
single_methods
[RC-LP] method_type='return_cvar_constraint' sum=1.0000 active=23
self.is_all_methods=False, self.min_weight=0.0, self.max_weight=0.08
single_methods
[RC-LP] method_type='return_cvar_constraint' sum=1.0000 active=24
self.is_all_methods=False, self.min_weight=0.0, self.max_weight=0.08
single_methods
[RC-LP] method_type='return_cvar_constraint' sum=1.0000 active=22
self.is_all_methods=False, self.min_weight=0.0, self.max_weight=0.08
single_methods
[RC-LP] method_type='return_cvar_constraint' sum=1.0000 active=29
self.is_all_methods=False, self.min_weight=0.0, self.max_weight=0.08
single_methods
[RC-LP] method_type='return_cvar_constraint' sum=1.0000 active=23
self.is_all_methods=False, self.min_weight=0.0, self.max_weight=0.08
single_methods
[RC-LP] method_type='return_cvar_constraint' sum=1.0000 active=22
self.is_all_methods=False, self.min_weight=0.0, self.max_weight=0.08
single_methods
[RC-LP] method_type='return_cvar_constraint' sum=1.0000 active=35
self.is_all_methods=False, self.min_weight=0.0, self.max_weight=0.08
single_methods
[RC-LP] method_type='return_cvar_constraint' sum=1.0000 active=32
self.is_all_methods=False, self.min_weight=0.0, self.max_weight=0.08
single_methods
[RC-LP] method_type='return_cvar_constraint' sum=1.0000 active=32
self.is_all_methods=False, self.min_weight=0.0, self.max_weight=0.08
single_methods
[RC-LP] method_type='return_cvar_constraint' sum=1.0000 active=38
self.is_all_methods=False, self.min_weight=0.0, self.max_weight=0.08
single_methods
[RC-LP] method_type='return_cvar_constraint' sum=1.0000 active=34
self.is_all_methods=False, self.min_weight=0.0, self.max_weight=0.08
single_methods
[RC-LP] method_type='return_cvar_constraint' sum=1.0000 active=33
self.is_all_methods=False, self.min_weight=0.0, self.max_weight=0.12
single_methods
[RC-LP] method_type='return_cvar_constraint' sum=1.0000 active=19
self.is_all_methods=False, self.min_weight=0.0, self.max_weight=0.12
single_methods
[RC-LP] method_type='return_cvar_constraint' sum=1.0000 active=17
self.is_all_methods=False, self.min_weight=0.0, self.max_weight=0.12
single_methods
[RC-LP] method_type='return_cvar_constraint' sum=1.0000 active=17
self.is_all_methods=False, self.min_weight=0.0, self.max_weight=0.12
single_methods
[RC-LP] method_type='return_cvar_constraint' sum=1.0000 active=25
self.is_all_methods=False, self.min_weight=0.0, self.max_weight=0.12
single_methods
[RC-LP] method_type='return_cvar_constraint' sum=1.0000 active=18
self.is_all_methods=False, self.min_weight=0.0, self.max_weight=0.12
single_methods
[RC-LP] method_type='return_cvar_constraint' sum=1.0000 active=17
self.is_all_methods=False, self.min_weight=0.0, self.max_weight=0.12
single_methods
[RC-LP] method_type='return_cvar_constraint' sum=1.0000 active=26
self.is_all_methods=False, self.min_weight=0.0, self.max_weight=0.12
single_methods
[RC-LP] method_type='return_cvar_constraint' sum=1.0000 active=23
self.is_all_methods=False, self.min_weight=0.0, self.max_weight=0.12
single_methods
[RC-LP] method_type='return_cvar_constraint' sum=1.0000 active=23
self.is_all_methods=False, self.min_weight=0.0, self.max_weight=0.12
single_methods
[RC-LP] method_type='return_cvar_constraint' sum=1.0000 active=30
self.is_all_methods=False, self.min_weight=0.0, self.max_weight=0.12
single_methods
[RC-LP] method_type='return_cvar_constraint' sum=1.0000 active=28
self.is_all_methods=False, self.min_weight=0.0, self.max_weight=0.12
single_methods
[RC-LP] method_type='return_cvar_constraint' sum=1.0000 active=23
self.is_all_methods=False, self.min_weight=0.0, self.max_weight=0.08
single_methods
method_type='mean_cvar_sharpe' np.sum(weights)=1.000000 active=125 weights.shape=(222,)
self.is_all_methods=False, self.min_weight=0.0, self.max_weight=0.08
single_methods
method_type='mean_cvar_sharpe' np.sum(weights)=1.000000 active=125 weights.shape=(222,)
self.is_all_methods=False, self.min_weight=0.0, self.max_weight=0.08
single_methods
method_type='mean_cvar_sharpe' np.sum(weights)=1.000000 active=125 weights.shape=(222,)
self.is_all_methods=False, self.min_weight=0.0, self.max_weight=0.08
single_methods
method_type='mean_cvar_sharpe' np.sum(weights)=1.000000 active=117 weights.shape=(222,)
self.is_all_methods=False, self.min_weight=0.0, self.max_weight=0.08
single_methods
method_type='mean_cvar_sharpe' np.sum(weights)=1.000000 active=117 weights.shape=(222,)
self.is_all_methods=False, self.min_weight=0.0, self.max_weight=0.08
single_methods
method_type='mean_cvar_sharpe' np.sum(weights)=1.000000 active=117 weights.shape=(222,)
self.is_all_methods=False, self.min_weight=0.0, self.max_weight=0.08
single_methods
method_type='mean_cvar_sharpe' np.sum(weights)=1.000000 active=120 weights.shape=(222,)
self.is_all_methods=False, self.min_weight=0.0, self.max_weight=0.08
single_methods
method_type='mean_cvar_sharpe' np.sum(weights)=1.000000 active=120 weights.shape=(222,)
self.is_all_methods=False, self.min_weight=0.0, self.max_weight=0.08
single_methods
method_type='mean_cvar_sharpe' np.sum(weights)=1.000000 active=120 weights.shape=(222,)
self.is_all_methods=False, self.min_weight=0.0, self.max_weight=0.08
single_methods
method_type='mean_cvar_sharpe' np.sum(weights)=1.000000 active=120 weights.shape=(222,)
self.is_all_methods=False, self.min_weight=0.0, self.max_weight=0.08
single_methods
method_type='mean_cvar_sharpe' np.sum(weights)=1.000000 active=120 weights.shape=(222,)
self.is_all_methods=False, self.min_weight=0.0, self.max_weight=0.08
single_methods
method_type='mean_cvar_sharpe' np.sum(weights)=1.000000 active=120 weights.shape=(222,)
self.is_all_methods=False, self.min_weight=0.0, self.max_weight=0.12
single_methods
method_type='mean_cvar_sharpe' np.sum(weights)=1.000000 active=130 weights.shape=(222,)
self.is_all_methods=False, self.min_weight=0.0, self.max_weight=0.12
single_methods
method_type='mean_cvar_sharpe' np.sum(weights)=1.000000 active=130 weights.shape=(222,)
self.is_all_methods=False, self.min_weight=0.0, self.max_weight=0.12
single_methods
method_type='mean_cvar_sharpe' np.sum(weights)=1.000000 active=130 weights.shape=(222,)
self.is_all_methods=False, self.min_weight=0.0, self.max_weight=0.12
single_methods
method_type='mean_cvar_sharpe' np.sum(weights)=1.000000 active=148 weights.shape=(222,)
self.is_all_methods=False, self.min_weight=0.0, self.max_weight=0.12
single_methods
method_type='mean_cvar_sharpe' np.sum(weights)=1.000000 active=148 weights.shape=(222,)
self.is_all_methods=False, self.min_weight=0.0, self.max_weight=0.12
single_methods
method_type='mean_cvar_sharpe' np.sum(weights)=1.000000 active=148 weights.shape=(222,)
self.is_all_methods=False, self.min_weight=0.0, self.max_weight=0.12
single_methods
method_type='mean_cvar_sharpe' np.sum(weights)=1.000000 active=217 weights.shape=(222,)
self.is_all_methods=False, self.min_weight=0.0, self.max_weight=0.12
single_methods
method_type='mean_cvar_sharpe' np.sum(weights)=1.000000 active=217 weights.shape=(222,)
self.is_all_methods=False, self.min_weight=0.0, self.max_weight=0.12
single_methods
method_type='mean_cvar_sharpe' np.sum(weights)=1.000000 active=217 weights.shape=(222,)
self.is_all_methods=False, self.min_weight=0.0, self.max_weight=0.12
single_methods
method_type='mean_cvar_sharpe' np.sum(weights)=1.000000 active=222 weights.shape=(222,)
self.is_all_methods=False, self.min_weight=0.0, self.max_weight=0.12
single_methods
method_type='mean_cvar_sharpe' np.sum(weights)=1.000000 active=222 weights.shape=(222,)
self.is_all_methods=False, self.min_weight=0.0, self.max_weight=0.12
single_methods
method_type='mean_cvar_sharpe' np.sum(weights)=1.000000 active=222 weights.shape=(222,)
1.0 2019-11-01 00:00:00 1227.5148171277378 0.016403726989436374 0.00012176386800178012 0.016403726989436374
PROGRESS	2019-11-01	222	76	0.016403726989436374	1227.5148171277378
Portfolio optimization with 9 month weight rebalancing 2019-10-01 00:00:00: : 10it [01:41, 11.68s/it]Portfolio optimization with 10 month weight rebalancing 2019-11-01 00:00:00: : 10it [01:41, 11.68s/it]self.is_all_methods=False, self.min_weight=0.0, self.max_weight=0.08
single_methods
[RC-LP] method_type='return_cvar_constraint' sum=1.0000 active=21
self.is_all_methods=False, self.min_weight=0.0, self.max_weight=0.08
single_methods
[RC-LP] method_type='return_cvar_constraint' sum=1.0000 active=19
self.is_all_methods=False, self.min_weight=0.0, self.max_weight=0.08
single_methods
[RC-LP] method_type='return_cvar_constraint' sum=1.0000 active=22
self.is_all_methods=False, self.min_weight=0.0, self.max_weight=0.08
single_methods
[RC-LP] method_type='return_cvar_constraint' sum=1.0000 active=26
self.is_all_methods=False, self.min_weight=0.0, self.max_weight=0.08
single_methods
[RC-LP] method_type='return_cvar_constraint' sum=1.0000 active=19
self.is_all_methods=False, self.min_weight=0.0, self.max_weight=0.08
single_methods
[RC-LP] method_type='return_cvar_constraint' sum=1.0000 active=21
self.is_all_methods=False, self.min_weight=0.0, self.max_weight=0.08
single_methods
[RC-LP] method_type='return_cvar_constraint' sum=1.0000 active=31
self.is_all_methods=False, self.min_weight=0.0, self.max_weight=0.08
single_methods
[RC-LP] method_type='return_cvar_constraint' sum=1.0000 active=29
self.is_all_methods=False, self.min_weight=0.0, self.max_weight=0.08
single_methods
[RC-LP] method_type='return_cvar_constraint' sum=1.0000 active=29
self.is_all_methods=False, self.min_weight=0.0, self.max_weight=0.08
single_methods
[RC-LP] method_type='return_cvar_constraint' sum=1.0000 active=31
self.is_all_methods=False, self.min_weight=0.0, self.max_weight=0.08
single_methods
[RC-LP] method_type='return_cvar_constraint' sum=1.0000 active=32
self.is_all_methods=False, self.min_weight=0.0, self.max_weight=0.08
single_methods
[RC-LP] method_type='return_cvar_constraint' sum=1.0000 active=32
self.is_all_methods=False, self.min_weight=0.0, self.max_weight=0.12
single_methods
[RC-LP] method_type='return_cvar_constraint' sum=1.0000 active=19
self.is_all_methods=False, self.min_weight=0.0, self.max_weight=0.12
single_methods
[RC-LP] method_type='return_cvar_constraint' sum=1.0000 active=16
self.is_all_methods=False, self.min_weight=0.0, self.max_weight=0.12
single_methods
[RC-LP] method_type='return_cvar_constraint' sum=1.0000 active=17
self.is_all_methods=False, self.min_weight=0.0, self.max_weight=0.12
single_methods
[RC-LP] method_type='return_cvar_constraint' sum=1.0000 active=16
self.is_all_methods=False, self.min_weight=0.0, self.max_weight=0.12
single_methods
[RC-LP] method_type='return_cvar_constraint' sum=1.0000 active=17
self.is_all_methods=False, self.min_weight=0.0, self.max_weight=0.12
single_methods
[RC-LP] method_type='return_cvar_constraint' sum=1.0000 active=18
self.is_all_methods=False, self.min_weight=0.0, self.max_weight=0.12
single_methods
[RC-LP] method_type='return_cvar_constraint' sum=1.0000 active=23
self.is_all_methods=False, self.min_weight=0.0, self.max_weight=0.12
single_methods
[RC-LP] method_type='return_cvar_constraint' sum=1.0000 active=25
self.is_all_methods=False, self.min_weight=0.0, self.max_weight=0.12
single_methods
[RC-LP] method_type='return_cvar_constraint' sum=1.0000 active=23
self.is_all_methods=False, self.min_weight=0.0, self.max_weight=0.12
single_methods
[RC-LP] method_type='return_cvar_constraint' sum=1.0000 active=27
self.is_all_methods=False, self.min_weight=0.0, self.max_weight=0.12
single_methods
[RC-LP] method_type='return_cvar_constraint' sum=1.0000 active=26
self.is_all_methods=False, self.min_weight=0.0, self.max_weight=0.12
single_methods
[RC-LP] method_type='return_cvar_constraint' sum=1.0000 active=24
self.is_all_methods=False, self.min_weight=0.0, self.max_weight=0.08
single_methods
method_type='mean_cvar_sharpe' np.sum(weights)=1.000000 active=220 weights.shape=(222,)
self.is_all_methods=False, self.min_weight=0.0, self.max_weight=0.08
single_methods
method_type='mean_cvar_sharpe' np.sum(weights)=1.000000 active=220 weights.shape=(222,)
self.is_all_methods=False, self.min_weight=0.0, self.max_weight=0.08
single_methods
method_type='mean_cvar_sharpe' np.sum(weights)=1.000000 active=220 weights.shape=(222,)
self.is_all_methods=False, self.min_weight=0.0, self.max_weight=0.08
single_methods
method_type='mean_cvar_sharpe' np.sum(weights)=1.000000 active=135 weights.shape=(222,)
self.is_all_methods=False, self.min_weight=0.0, self.max_weight=0.08
single_methods
method_type='mean_cvar_sharpe' np.sum(weights)=1.000000 active=135 weights.shape=(222,)
self.is_all_methods=False, self.min_weight=0.0, self.max_weight=0.08
single_methods
method_type='mean_cvar_sharpe' np.sum(weights)=1.000000 active=135 weights.shape=(222,)
self.is_all_methods=False, self.min_weight=0.0, self.max_weight=0.08
single_methods
method_type='mean_cvar_sharpe' np.sum(weights)=1.000000 active=222 weights.shape=(222,)
self.is_all_methods=False, self.min_weight=0.0, self.max_weight=0.08
single_methods
method_type='mean_cvar_sharpe' np.sum(weights)=1.000000 active=222 weights.shape=(222,)
self.is_all_methods=False, self.min_weight=0.0, self.max_weight=0.08
single_methods
method_type='mean_cvar_sharpe' np.sum(weights)=1.000000 active=222 weights.shape=(222,)
self.is_all_methods=False, self.min_weight=0.0, self.max_weight=0.08
single_methods
method_type='mean_cvar_sharpe' np.sum(weights)=1.000000 active=222 weights.shape=(222,)
self.is_all_methods=False, self.min_weight=0.0, self.max_weight=0.08
single_methods
method_type='mean_cvar_sharpe' np.sum(weights)=1.000000 active=222 weights.shape=(222,)
self.is_all_methods=False, self.min_weight=0.0, self.max_weight=0.08
single_methods
method_type='mean_cvar_sharpe' np.sum(weights)=1.000000 active=222 weights.shape=(222,)
self.is_all_methods=False, self.min_weight=0.0, self.max_weight=0.12
single_methods
method_type='mean_cvar_sharpe' np.sum(weights)=1.000000 active=95 weights.shape=(222,)
self.is_all_methods=False, self.min_weight=0.0, self.max_weight=0.12
single_methods
method_type='mean_cvar_sharpe' np.sum(weights)=1.000000 active=95 weights.shape=(222,)
self.is_all_methods=False, self.min_weight=0.0, self.max_weight=0.12
single_methods
method_type='mean_cvar_sharpe' np.sum(weights)=1.000000 active=95 weights.shape=(222,)
self.is_all_methods=False, self.min_weight=0.0, self.max_weight=0.12
single_methods
method_type='mean_cvar_sharpe' np.sum(weights)=1.000000 active=106 weights.shape=(222,)
self.is_all_methods=False, self.min_weight=0.0, self.max_weight=0.12
single_methods
method_type='mean_cvar_sharpe' np.sum(weights)=1.000000 active=106 weights.shape=(222,)
self.is_all_methods=False, self.min_weight=0.0, self.max_weight=0.12
single_methods
method_type='mean_cvar_sharpe' np.sum(weights)=1.000000 active=106 weights.shape=(222,)
self.is_all_methods=False, self.min_weight=0.0, self.max_weight=0.12
single_methods
method_type='mean_cvar_sharpe' np.sum(weights)=1.000000 active=221 weights.shape=(222,)
self.is_all_methods=False, self.min_weight=0.0, self.max_weight=0.12
single_methods
method_type='mean_cvar_sharpe' np.sum(weights)=1.000000 active=221 weights.shape=(222,)
self.is_all_methods=False, self.min_weight=0.0, self.max_weight=0.12
single_methods
method_type='mean_cvar_sharpe' np.sum(weights)=1.000000 active=221 weights.shape=(222,)
self.is_all_methods=False, self.min_weight=0.0, self.max_weight=0.12
single_methods
method_type='mean_cvar_sharpe' np.sum(weights)=1.000000 active=222 weights.shape=(222,)
self.is_all_methods=False, self.min_weight=0.0, self.max_weight=0.12
single_methods
method_type='mean_cvar_sharpe' np.sum(weights)=1.000000 active=222 weights.shape=(222,)
self.is_all_methods=False, self.min_weight=0.0, self.max_weight=0.12
single_methods
method_type='mean_cvar_sharpe' np.sum(weights)=1.000000 active=222 weights.shape=(222,)
1.0 2019-12-02 00:00:00 1260.2484985465612 0.026666628347034555 5.869005285001303e-05 0.026666628347034482
PROGRESS	2019-12-02	222	75	0.026666628347034482	1260.2484985465612
Portfolio optimization with 10 month weight rebalancing 2019-11-01 00:00:00: : 11it [01:56, 12.60s/it]Portfolio optimization with 11 month weight rebalancing 2019-12-02 00:00:00: : 11it [01:56, 12.60s/it]self.is_all_methods=False, self.min_weight=0.0, self.max_weight=0.08
single_methods
[RC-LP] method_type='return_cvar_constraint' sum=1.0000 active=20
self.is_all_methods=False, self.min_weight=0.0, self.max_weight=0.08
single_methods
[RC-LP] method_type='return_cvar_constraint' sum=1.0000 active=19
self.is_all_methods=False, self.min_weight=0.0, self.max_weight=0.08
single_methods
[RC-LP] method_type='return_cvar_constraint' sum=1.0000 active=19
self.is_all_methods=False, self.min_weight=0.0, self.max_weight=0.08
single_methods
[RC-LP] method_type='return_cvar_constraint' sum=1.0000 active=19
self.is_all_methods=False, self.min_weight=0.0, self.max_weight=0.08
single_methods
[RC-LP] method_type='return_cvar_constraint' sum=1.0000 active=21
self.is_all_methods=False, self.min_weight=0.0, self.max_weight=0.08
single_methods
[RC-LP] method_type='return_cvar_constraint' sum=1.0000 active=19
self.is_all_methods=False, self.min_weight=0.0, self.max_weight=0.08
single_methods
[RC-LP] method_type='return_cvar_constraint' sum=1.0000 active=33
self.is_all_methods=False, self.min_weight=0.0, self.max_weight=0.08
single_methods
[RC-LP] method_type='return_cvar_constraint' sum=1.0000 active=25
self.is_all_methods=False, self.min_weight=0.0, self.max_weight=0.08
single_methods
[RC-LP] method_type='return_cvar_constraint' sum=1.0000 active=25
self.is_all_methods=False, self.min_weight=0.0, self.max_weight=0.08
single_methods
[RC-LP] method_type='return_cvar_constraint' sum=1.0000 active=34
self.is_all_methods=False, self.min_weight=0.0, self.max_weight=0.08
single_methods
[RC-LP] method_type='return_cvar_constraint' sum=1.0000 active=29
self.is_all_methods=False, self.min_weight=0.0, self.max_weight=0.08
single_methods
[RC-LP] method_type='return_cvar_constraint' sum=1.0000 active=25
self.is_all_methods=False, self.min_weight=0.0, self.max_weight=0.12
single_methods
[RC-LP] method_type='return_cvar_constraint' sum=1.0000 active=16
self.is_all_methods=False, self.min_weight=0.0, self.max_weight=0.12
single_methods
[RC-LP] method_type='return_cvar_constraint' sum=1.0000 active=15
self.is_all_methods=False, self.min_weight=0.0, self.max_weight=0.12
single_methods
[RC-LP] method_type='return_cvar_constraint' sum=1.0000 active=14
self.is_all_methods=False, self.min_weight=0.0, self.max_weight=0.12
single_methods
[RC-LP] method_type='return_cvar_constraint' sum=1.0000 active=18
self.is_all_methods=False, self.min_weight=0.0, self.max_weight=0.12
single_methods
[RC-LP] method_type='return_cvar_constraint' sum=1.0000 active=15
self.is_all_methods=False, self.min_weight=0.0, self.max_weight=0.12
single_methods
[RC-LP] method_type='return_cvar_constraint' sum=1.0000 active=14
self.is_all_methods=False, self.min_weight=0.0, self.max_weight=0.12
single_methods
[RC-LP] method_type='return_cvar_constraint' sum=1.0000 active=21
self.is_all_methods=False, self.min_weight=0.0, self.max_weight=0.12
single_methods
[RC-LP] method_type='return_cvar_constraint' sum=1.0000 active=22
self.is_all_methods=False, self.min_weight=0.0, self.max_weight=0.12
single_methods
[RC-LP] method_type='return_cvar_constraint' sum=1.0000 active=20
self.is_all_methods=False, self.min_weight=0.0, self.max_weight=0.12
single_methods
[RC-LP] method_type='return_cvar_constraint' sum=1.0000 active=18
self.is_all_methods=False, self.min_weight=0.0, self.max_weight=0.12
single_methods
[RC-LP] method_type='return_cvar_constraint' sum=1.0000 active=19
self.is_all_methods=False, self.min_weight=0.0, self.max_weight=0.12
single_methods
[RC-LP] method_type='return_cvar_constraint' sum=1.0000 active=19
self.is_all_methods=False, self.min_weight=0.0, self.max_weight=0.08
single_methods
method_type='mean_cvar_sharpe' np.sum(weights)=1.000000 active=114 weights.shape=(223,)
self.is_all_methods=False, self.min_weight=0.0, self.max_weight=0.08
single_methods
method_type='mean_cvar_sharpe' np.sum(weights)=1.000000 active=114 weights.shape=(223,)
self.is_all_methods=False, self.min_weight=0.0, self.max_weight=0.08
single_methods
method_type='mean_cvar_sharpe' np.sum(weights)=1.000000 active=114 weights.shape=(223,)
self.is_all_methods=False, self.min_weight=0.0, self.max_weight=0.08
single_methods
method_type='mean_cvar_sharpe' np.sum(weights)=1.000000 active=110 weights.shape=(223,)
self.is_all_methods=False, self.min_weight=0.0, self.max_weight=0.08
single_methods
method_type='mean_cvar_sharpe' np.sum(weights)=1.000000 active=110 weights.shape=(223,)
self.is_all_methods=False, self.min_weight=0.0, self.max_weight=0.08
single_methods
method_type='mean_cvar_sharpe' np.sum(weights)=1.000000 active=110 weights.shape=(223,)
self.is_all_methods=False, self.min_weight=0.0, self.max_weight=0.08
single_methods
method_type='mean_cvar_sharpe' np.sum(weights)=1.000000 active=223 weights.shape=(223,)
self.is_all_methods=False, self.min_weight=0.0, self.max_weight=0.08
single_methods
method_type='mean_cvar_sharpe' np.sum(weights)=1.000000 active=223 weights.shape=(223,)
self.is_all_methods=False, self.min_weight=0.0, self.max_weight=0.08
single_methods
method_type='mean_cvar_sharpe' np.sum(weights)=1.000000 active=223 weights.shape=(223,)
self.is_all_methods=False, self.min_weight=0.0, self.max_weight=0.08
single_methods
method_type='mean_cvar_sharpe' np.sum(weights)=1.000000 active=136 weights.shape=(223,)
self.is_all_methods=False, self.min_weight=0.0, self.max_weight=0.08
single_methods
method_type='mean_cvar_sharpe' np.sum(weights)=1.000000 active=136 weights.shape=(223,)
self.is_all_methods=False, self.min_weight=0.0, self.max_weight=0.08
single_methods
method_type='mean_cvar_sharpe' np.sum(weights)=1.000000 active=136 weights.shape=(223,)
self.is_all_methods=False, self.min_weight=0.0, self.max_weight=0.12
single_methods
method_type='mean_cvar_sharpe' np.sum(weights)=1.000000 active=223 weights.shape=(223,)
self.is_all_methods=False, self.min_weight=0.0, self.max_weight=0.12
single_methods
method_type='mean_cvar_sharpe' np.sum(weights)=1.000000 active=223 weights.shape=(223,)
self.is_all_methods=False, self.min_weight=0.0, self.max_weight=0.12
single_methods
method_type='mean_cvar_sharpe' np.sum(weights)=1.000000 active=223 weights.shape=(223,)
self.is_all_methods=False, self.min_weight=0.0, self.max_weight=0.12
single_methods
method_type='mean_cvar_sharpe' np.sum(weights)=1.000000 active=126 weights.shape=(223,)
self.is_all_methods=False, self.min_weight=0.0, self.max_weight=0.12
single_methods
method_type='mean_cvar_sharpe' np.sum(weights)=1.000000 active=126 weights.shape=(223,)
self.is_all_methods=False, self.min_weight=0.0, self.max_weight=0.12
single_methods
method_type='mean_cvar_sharpe' np.sum(weights)=1.000000 active=126 weights.shape=(223,)
self.is_all_methods=False, self.min_weight=0.0, self.max_weight=0.12
single_methods
method_type='mean_cvar_sharpe' np.sum(weights)=1.000000 active=223 weights.shape=(223,)
self.is_all_methods=False, self.min_weight=0.0, self.max_weight=0.12
single_methods
method_type='mean_cvar_sharpe' np.sum(weights)=1.000000 active=223 weights.shape=(223,)
self.is_all_methods=False, self.min_weight=0.0, self.max_weight=0.12
single_methods
method_type='mean_cvar_sharpe' np.sum(weights)=1.000000 active=223 weights.shape=(223,)
self.is_all_methods=False, self.min_weight=0.0, self.max_weight=0.12
single_methods
method_type='mean_cvar_sharpe' np.sum(weights)=1.000000 active=223 weights.shape=(223,)
self.is_all_methods=False, self.min_weight=0.0, self.max_weight=0.12
single_methods
method_type='mean_cvar_sharpe' np.sum(weights)=1.000000 active=223 weights.shape=(223,)
self.is_all_methods=False, self.min_weight=0.0, self.max_weight=0.12
single_methods
method_type='mean_cvar_sharpe' np.sum(weights)=1.000000 active=223 weights.shape=(223,)
1.0 2020-01-02 00:00:00 1297.9900060814796 0.029947671096966652 8.766885206919178e-05 0.02994767109696661
PROGRESS	2020-01-02	223	74	0.02994767109696661	1297.9900060814796
Portfolio optimization with 11 month weight rebalancing 2019-12-02 00:00:00: : 12it [02:08, 12.60s/it]Portfolio optimization with 12 month weight rebalancing 2020-01-02 00:00:00: : 12it [02:08, 12.60s/it]self.is_all_methods=False, self.min_weight=0.0, self.max_weight=0.08
single_methods
[RC-LP] method_type='return_cvar_constraint' sum=1.0000 active=16
self.is_all_methods=False, self.min_weight=0.0, self.max_weight=0.08
single_methods
[RC-LP] method_type='return_cvar_constraint' sum=1.0000 active=17
self.is_all_methods=False, self.min_weight=0.0, self.max_weight=0.08
single_methods
[RC-LP] method_type='return_cvar_constraint' sum=1.0000 active=16
self.is_all_methods=False, self.min_weight=0.0, self.max_weight=0.08
single_methods
[RC-LP] method_type='return_cvar_constraint' sum=1.0000 active=20
self.is_all_methods=False, self.min_weight=0.0, self.max_weight=0.08
single_methods
[RC-LP] method_type='return_cvar_constraint' sum=1.0000 active=16
self.is_all_methods=False, self.min_weight=0.0, self.max_weight=0.08
single_methods
[RC-LP] method_type='return_cvar_constraint' sum=1.0000 active=17
self.is_all_methods=False, self.min_weight=0.0, self.max_weight=0.08
single_methods
[RC-LP] method_type='return_cvar_constraint' sum=1.0000 active=30
self.is_all_methods=False, self.min_weight=0.0, self.max_weight=0.08
single_methods
[RC-LP] method_type='return_cvar_constraint' sum=1.0000 active=31
self.is_all_methods=False, self.min_weight=0.0, self.max_weight=0.08
single_methods
[RC-LP] method_type='return_cvar_constraint' sum=1.0000 active=28
self.is_all_methods=False, self.min_weight=0.0, self.max_weight=0.08
single_methods
[RC-LP] method_type='return_cvar_constraint' sum=1.0000 active=28
self.is_all_methods=False, self.min_weight=0.0, self.max_weight=0.08
single_methods
[RC-LP] method_type='return_cvar_constraint' sum=1.0000 active=28
self.is_all_methods=False, self.min_weight=0.0, self.max_weight=0.08
single_methods
[RC-LP] method_type='return_cvar_constraint' sum=1.0000 active=28
self.is_all_methods=False, self.min_weight=0.0, self.max_weight=0.12
single_methods
[RC-LP] method_type='return_cvar_constraint' sum=1.0000 active=13
self.is_all_methods=False, self.min_weight=0.0, self.max_weight=0.12
single_methods
[RC-LP] method_type='return_cvar_constraint' sum=1.0000 active=12
self.is_all_methods=False, self.min_weight=0.0, self.max_weight=0.12
single_methods
[RC-LP] method_type='return_cvar_constraint' sum=1.0000 active=14
self.is_all_methods=False, self.min_weight=0.0, self.max_weight=0.12
single_methods
[RC-LP] method_type='return_cvar_constraint' sum=1.0000 active=14
self.is_all_methods=False, self.min_weight=0.0, self.max_weight=0.12
single_methods
[RC-LP] method_type='return_cvar_constraint' sum=1.0000 active=13
self.is_all_methods=False, self.min_weight=0.0, self.max_weight=0.12
single_methods
[RC-LP] method_type='return_cvar_constraint' sum=1.0000 active=14
self.is_all_methods=False, self.min_weight=0.0, self.max_weight=0.12
single_methods
[RC-LP] method_type='return_cvar_constraint' sum=1.0000 active=22
self.is_all_methods=False, self.min_weight=0.0, self.max_weight=0.12
single_methods
[RC-LP] method_type='return_cvar_constraint' sum=1.0000 active=21
self.is_all_methods=False, self.min_weight=0.0, self.max_weight=0.12
single_methods
[RC-LP] method_type='return_cvar_constraint' sum=1.0000 active=16
self.is_all_methods=False, self.min_weight=0.0, self.max_weight=0.12
single_methods
[RC-LP] method_type='return_cvar_constraint' sum=1.0000 active=24
self.is_all_methods=False, self.min_weight=0.0, self.max_weight=0.12
single_methods
[RC-LP] method_type='return_cvar_constraint' sum=1.0000 active=22
self.is_all_methods=False, self.min_weight=0.0, self.max_weight=0.12
single_methods
[RC-LP] method_type='return_cvar_constraint' sum=1.0000 active=20
self.is_all_methods=False, self.min_weight=0.0, self.max_weight=0.08
single_methods
method_type='mean_cvar_sharpe' np.sum(weights)=1.000000 active=224 weights.shape=(224,)
self.is_all_methods=False, self.min_weight=0.0, self.max_weight=0.08
single_methods
method_type='mean_cvar_sharpe' np.sum(weights)=1.000000 active=224 weights.shape=(224,)
self.is_all_methods=False, self.min_weight=0.0, self.max_weight=0.08
single_methods
method_type='mean_cvar_sharpe' np.sum(weights)=1.000000 active=224 weights.shape=(224,)
self.is_all_methods=False, self.min_weight=0.0, self.max_weight=0.08
single_methods
method_type='mean_cvar_sharpe' np.sum(weights)=1.000000 active=215 weights.shape=(224,)
self.is_all_methods=False, self.min_weight=0.0, self.max_weight=0.08
single_methods
method_type='mean_cvar_sharpe' np.sum(weights)=1.000000 active=215 weights.shape=(224,)
self.is_all_methods=False, self.min_weight=0.0, self.max_weight=0.08
single_methods
method_type='mean_cvar_sharpe' np.sum(weights)=1.000000 active=215 weights.shape=(224,)
self.is_all_methods=False, self.min_weight=0.0, self.max_weight=0.08
single_methods
method_type='mean_cvar_sharpe' np.sum(weights)=1.000000 active=224 weights.shape=(224,)
self.is_all_methods=False, self.min_weight=0.0, self.max_weight=0.08
single_methods
method_type='mean_cvar_sharpe' np.sum(weights)=1.000000 active=224 weights.shape=(224,)
self.is_all_methods=False, self.min_weight=0.0, self.max_weight=0.08
single_methods
method_type='mean_cvar_sharpe' np.sum(weights)=1.000000 active=224 weights.shape=(224,)
self.is_all_methods=False, self.min_weight=0.0, self.max_weight=0.08
single_methods
method_type='mean_cvar_sharpe' np.sum(weights)=1.000000 active=224 weights.shape=(224,)
self.is_all_methods=False, self.min_weight=0.0, self.max_weight=0.08
single_methods
method_type='mean_cvar_sharpe' np.sum(weights)=1.000000 active=224 weights.shape=(224,)
self.is_all_methods=False, self.min_weight=0.0, self.max_weight=0.08
single_methods
method_type='mean_cvar_sharpe' np.sum(weights)=1.000000 active=224 weights.shape=(224,)
self.is_all_methods=False, self.min_weight=0.0, self.max_weight=0.12
single_methods
method_type='mean_cvar_sharpe' np.sum(weights)=1.000000 active=224 weights.shape=(224,)
self.is_all_methods=False, self.min_weight=0.0, self.max_weight=0.12
single_methods
method_type='mean_cvar_sharpe' np.sum(weights)=1.000000 active=224 weights.shape=(224,)
self.is_all_methods=False, self.min_weight=0.0, self.max_weight=0.12
single_methods
method_type='mean_cvar_sharpe' np.sum(weights)=1.000000 active=224 weights.shape=(224,)
self.is_all_methods=False, self.min_weight=0.0, self.max_weight=0.12
single_methods
method_type='mean_cvar_sharpe' np.sum(weights)=1.000000 active=224 weights.shape=(224,)
self.is_all_methods=False, self.min_weight=0.0, self.max_weight=0.12
single_methods
method_type='mean_cvar_sharpe' np.sum(weights)=1.000000 active=224 weights.shape=(224,)
self.is_all_methods=False, self.min_weight=0.0, self.max_weight=0.12
single_methods
method_type='mean_cvar_sharpe' np.sum(weights)=1.000000 active=224 weights.shape=(224,)
self.is_all_methods=False, self.min_weight=0.0, self.max_weight=0.12
single_methods
method_type='mean_cvar_sharpe' np.sum(weights)=1.000000 active=224 weights.shape=(224,)
self.is_all_methods=False, self.min_weight=0.0, self.max_weight=0.12
single_methods
method_type='mean_cvar_sharpe' np.sum(weights)=1.000000 active=224 weights.shape=(224,)
self.is_all_methods=False, self.min_weight=0.0, self.max_weight=0.12
single_methods
method_type='mean_cvar_sharpe' np.sum(weights)=1.000000 active=224 weights.shape=(224,)
self.is_all_methods=False, self.min_weight=0.0, self.max_weight=0.12
single_methods
method_type='mean_cvar_sharpe' np.sum(weights)=1.000000 active=222 weights.shape=(224,)
self.is_all_methods=False, self.min_weight=0.0, self.max_weight=0.12
single_methods
method_type='mean_cvar_sharpe' np.sum(weights)=1.000000 active=222 weights.shape=(224,)
self.is_all_methods=False, self.min_weight=0.0, self.max_weight=0.12
single_methods
method_type='mean_cvar_sharpe' np.sum(weights)=1.000000 active=222 weights.shape=(224,)
1.0 2020-02-03 00:00:00 1314.3674449857608 0.012617538523060861 4.8628875016604254e-05 0.012617538523060912
PROGRESS	2020-02-03	224	74	0.012617538523060912	1314.3674449857608
Portfolio optimization with 12 month weight rebalancing 2020-01-02 00:00:00: : 13it [02:24, 13.39s/it]Portfolio optimization with 13 month weight rebalancing 2020-02-03 00:00:00: : 13it [02:24, 13.39s/it]self.is_all_methods=False, self.min_weight=0.0, self.max_weight=0.08
single_methods
[RC-LP] method_type='return_cvar_constraint' sum=1.0000 active=19
self.is_all_methods=False, self.min_weight=0.0, self.max_weight=0.08
single_methods
[RC-LP] method_type='return_cvar_constraint' sum=1.0000 active=20
self.is_all_methods=False, self.min_weight=0.0, self.max_weight=0.08
single_methods
[RC-LP] method_type='return_cvar_constraint' sum=1.0000 active=20
self.is_all_methods=False, self.min_weight=0.0, self.max_weight=0.08
single_methods
[RC-LP] method_type='return_cvar_constraint' sum=1.0000 active=21
self.is_all_methods=False, self.min_weight=0.0, self.max_weight=0.08
single_methods
[RC-LP] method_type='return_cvar_constraint' sum=1.0000 active=18
self.is_all_methods=False, self.min_weight=0.0, self.max_weight=0.08
single_methods
[RC-LP] method_type='return_cvar_constraint' sum=1.0000 active=21
self.is_all_methods=False, self.min_weight=0.0, self.max_weight=0.08
single_methods
[RC-LP] method_type='return_cvar_constraint' sum=1.0000 active=28
self.is_all_methods=False, self.min_weight=0.0, self.max_weight=0.08
single_methods
[RC-LP] method_type='return_cvar_constraint' sum=1.0000 active=31
self.is_all_methods=False, self.min_weight=0.0, self.max_weight=0.08
single_methods
[RC-LP] method_type='return_cvar_constraint' sum=1.0000 active=31
self.is_all_methods=False, self.min_weight=0.0, self.max_weight=0.08
single_methods
[RC-LP] method_type='return_cvar_constraint' sum=1.0000 active=27
self.is_all_methods=False, self.min_weight=0.0, self.max_weight=0.08
single_methods
[RC-LP] method_type='return_cvar_constraint' sum=1.0000 active=27
self.is_all_methods=False, self.min_weight=0.0, self.max_weight=0.08
single_methods
[RC-LP] method_type='return_cvar_constraint' sum=1.0000 active=33
self.is_all_methods=False, self.min_weight=0.0, self.max_weight=0.12
single_methods
[RC-LP] method_type='return_cvar_constraint' sum=1.0000 active=13
self.is_all_methods=False, self.min_weight=0.0, self.max_weight=0.12
single_methods
[RC-LP] method_type='return_cvar_constraint' sum=1.0000 active=12
self.is_all_methods=False, self.min_weight=0.0, self.max_weight=0.12
single_methods
[RC-LP] method_type='return_cvar_constraint' sum=1.0000 active=11
self.is_all_methods=False, self.min_weight=0.0, self.max_weight=0.12
single_methods
[RC-LP] method_type='return_cvar_constraint' sum=1.0000 active=13
self.is_all_methods=False, self.min_weight=0.0, self.max_weight=0.12
single_methods
[RC-LP] method_type='return_cvar_constraint' sum=1.0000 active=12
self.is_all_methods=False, self.min_weight=0.0, self.max_weight=0.12
single_methods
[RC-LP] method_type='return_cvar_constraint' sum=1.0000 active=11
self.is_all_methods=False, self.min_weight=0.0, self.max_weight=0.12
single_methods
[RC-LP] method_type='return_cvar_constraint' sum=1.0000 active=18
self.is_all_methods=False, self.min_weight=0.0, self.max_weight=0.12
single_methods
[RC-LP] method_type='return_cvar_constraint' sum=1.0000 active=18
self.is_all_methods=False, self.min_weight=0.0, self.max_weight=0.12
single_methods
[RC-LP] method_type='return_cvar_constraint' sum=1.0000 active=18
self.is_all_methods=False, self.min_weight=0.0, self.max_weight=0.12
single_methods
[RC-LP] method_type='return_cvar_constraint' sum=1.0000 active=20
self.is_all_methods=False, self.min_weight=0.0, self.max_weight=0.12
single_methods
[RC-LP] method_type='return_cvar_constraint' sum=1.0000 active=17
self.is_all_methods=False, self.min_weight=0.0, self.max_weight=0.12
single_methods
[RC-LP] method_type='return_cvar_constraint' sum=1.0000 active=16
self.is_all_methods=False, self.min_weight=0.0, self.max_weight=0.08
single_methods
method_type='mean_cvar_sharpe' np.sum(weights)=1.000000 active=223 weights.shape=(223,)
self.is_all_methods=False, self.min_weight=0.0, self.max_weight=0.08
single_methods
method_type='mean_cvar_sharpe' np.sum(weights)=1.000000 active=223 weights.shape=(223,)
self.is_all_methods=False, self.min_weight=0.0, self.max_weight=0.08
single_methods
method_type='mean_cvar_sharpe' np.sum(weights)=1.000000 active=223 weights.shape=(223,)
self.is_all_methods=False, self.min_weight=0.0, self.max_weight=0.08
single_methods
method_type='mean_cvar_sharpe' np.sum(weights)=1.000000 active=127 weights.shape=(223,)
self.is_all_methods=False, self.min_weight=0.0, self.max_weight=0.08
single_methods
method_type='mean_cvar_sharpe' np.sum(weights)=1.000000 active=127 weights.shape=(223,)
self.is_all_methods=False, self.min_weight=0.0, self.max_weight=0.08
single_methods
method_type='mean_cvar_sharpe' np.sum(weights)=1.000000 active=127 weights.shape=(223,)
self.is_all_methods=False, self.min_weight=0.0, self.max_weight=0.08
single_methods
method_type='mean_cvar_sharpe' np.sum(weights)=1.000000 active=223 weights.shape=(223,)
self.is_all_methods=False, self.min_weight=0.0, self.max_weight=0.08
single_methods
method_type='mean_cvar_sharpe' np.sum(weights)=1.000000 active=223 weights.shape=(223,)
self.is_all_methods=False, self.min_weight=0.0, self.max_weight=0.08
single_methods
method_type='mean_cvar_sharpe' np.sum(weights)=1.000000 active=223 weights.shape=(223,)
self.is_all_methods=False, self.min_weight=0.0, self.max_weight=0.08
single_methods
method_type='mean_cvar_sharpe' np.sum(weights)=1.000000 active=223 weights.shape=(223,)
self.is_all_methods=False, self.min_weight=0.0, self.max_weight=0.08
single_methods
method_type='mean_cvar_sharpe' np.sum(weights)=1.000000 active=223 weights.shape=(223,)
self.is_all_methods=False, self.min_weight=0.0, self.max_weight=0.08
single_methods
method_type='mean_cvar_sharpe' np.sum(weights)=1.000000 active=223 weights.shape=(223,)
self.is_all_methods=False, self.min_weight=0.0, self.max_weight=0.12
single_methods
method_type='mean_cvar_sharpe' np.sum(weights)=1.000000 active=223 weights.shape=(223,)
self.is_all_methods=False, self.min_weight=0.0, self.max_weight=0.12
single_methods
method_type='mean_cvar_sharpe' np.sum(weights)=1.000000 active=223 weights.shape=(223,)
self.is_all_methods=False, self.min_weight=0.0, self.max_weight=0.12
single_methods
method_type='mean_cvar_sharpe' np.sum(weights)=1.000000 active=223 weights.shape=(223,)
self.is_all_methods=False, self.min_weight=0.0, self.max_weight=0.12
single_methods
method_type='mean_cvar_sharpe' np.sum(weights)=1.000000 active=223 weights.shape=(223,)
self.is_all_methods=False, self.min_weight=0.0, self.max_weight=0.12
single_methods
method_type='mean_cvar_sharpe' np.sum(weights)=1.000000 active=223 weights.shape=(223,)
self.is_all_methods=False, self.min_weight=0.0, self.max_weight=0.12
single_methods
method_type='mean_cvar_sharpe' np.sum(weights)=1.000000 active=223 weights.shape=(223,)
self.is_all_methods=False, self.min_weight=0.0, self.max_weight=0.12
single_methods
method_type='mean_cvar_sharpe' np.sum(weights)=1.000000 active=223 weights.shape=(223,)
self.is_all_methods=False, self.min_weight=0.0, self.max_weight=0.12
single_methods
method_type='mean_cvar_sharpe' np.sum(weights)=1.000000 active=223 weights.shape=(223,)
self.is_all_methods=False, self.min_weight=0.0, self.max_weight=0.12
single_methods
method_type='mean_cvar_sharpe' np.sum(weights)=1.000000 active=223 weights.shape=(223,)
self.is_all_methods=False, self.min_weight=0.0, self.max_weight=0.12
single_methods
method_type='mean_cvar_sharpe' np.sum(weights)=1.000000 active=223 weights.shape=(223,)
self.is_all_methods=False, self.min_weight=0.0, self.max_weight=0.12
single_methods
method_type='mean_cvar_sharpe' np.sum(weights)=1.000000 active=223 weights.shape=(223,)
self.is_all_methods=False, self.min_weight=0.0, self.max_weight=0.12
single_methods
method_type='mean_cvar_sharpe' np.sum(weights)=1.000000 active=223 weights.shape=(223,)
1.0 2020-03-02 00:00:00 1234.4632944610564 -0.060792855779815864 0.00011662822245073892 -0.06079285577981586
PROGRESS	2020-03-02	223	73	-0.06079285577981586	1234.4632944610564
Portfolio optimization with 13 month weight rebalancing 2020-02-03 00:00:00: : 14it [02:38, 13.60s/it]Portfolio optimization with 14 month weight rebalancing 2020-03-02 00:00:00: : 14it [02:38, 13.60s/it]self.is_all_methods=False, self.min_weight=0.0, self.max_weight=0.08
single_methods
[RC-LP] method_type='return_cvar_constraint' sum=1.0000 active=21
self.is_all_methods=False, self.min_weight=0.0, self.max_weight=0.08
single_methods
[RC-LP] method_type='return_cvar_constraint' sum=1.0000 active=17
self.is_all_methods=False, self.min_weight=0.0, self.max_weight=0.08
single_methods
[RC-LP] method_type='return_cvar_constraint' sum=1.0000 active=18
self.is_all_methods=False, self.min_weight=0.0, self.max_weight=0.08
single_methods
[RC-LP] method_type='return_cvar_constraint' sum=1.0000 active=19
self.is_all_methods=False, self.min_weight=0.0, self.max_weight=0.08
single_methods
[RC-LP] method_type='return_cvar_constraint' sum=1.0000 active=19
self.is_all_methods=False, self.min_weight=0.0, self.max_weight=0.08
single_methods
[RC-LP] method_type='return_cvar_constraint' sum=1.0000 active=19
self.is_all_methods=False, self.min_weight=0.0, self.max_weight=0.08
single_methods
[RC-LP] method_type='return_cvar_constraint' sum=1.0000 active=23
self.is_all_methods=False, self.min_weight=0.0, self.max_weight=0.08
single_methods
[RC-LP] method_type='return_cvar_constraint' sum=1.0000 active=23
self.is_all_methods=False, self.min_weight=0.0, self.max_weight=0.08
single_methods
[RC-LP] method_type='return_cvar_constraint' sum=1.0000 active=22
self.is_all_methods=False, self.min_weight=0.0, self.max_weight=0.08
single_methods
[RC-LP] method_type='return_cvar_constraint' sum=1.0000 active=24
self.is_all_methods=False, self.min_weight=0.0, self.max_weight=0.08
single_methods
[RC-LP] method_type='return_cvar_constraint' sum=1.0000 active=23
self.is_all_methods=False, self.min_weight=0.0, self.max_weight=0.08
single_methods
[RC-LP] method_type='return_cvar_constraint' sum=1.0000 active=26
self.is_all_methods=False, self.min_weight=0.0, self.max_weight=0.12
single_methods
[RC-LP] method_type='return_cvar_constraint' sum=1.0000 active=10
self.is_all_methods=False, self.min_weight=0.0, self.max_weight=0.12
single_methods
[RC-LP] method_type='return_cvar_constraint' sum=1.0000 active=10
self.is_all_methods=False, self.min_weight=0.0, self.max_weight=0.12
single_methods
[RC-LP] method_type='return_cvar_constraint' sum=1.0000 active=11
self.is_all_methods=False, self.min_weight=0.0, self.max_weight=0.12
single_methods
[RC-LP] method_type='return_cvar_constraint' sum=1.0000 active=13
self.is_all_methods=False, self.min_weight=0.0, self.max_weight=0.12
single_methods
[RC-LP] method_type='return_cvar_constraint' sum=1.0000 active=10
self.is_all_methods=False, self.min_weight=0.0, self.max_weight=0.12
single_methods
[RC-LP] method_type='return_cvar_constraint' sum=1.0000 active=10
self.is_all_methods=False, self.min_weight=0.0, self.max_weight=0.12
single_methods
[RC-LP] method_type='return_cvar_constraint' sum=1.0000 active=14
self.is_all_methods=False, self.min_weight=0.0, self.max_weight=0.12
single_methods
[RC-LP] method_type='return_cvar_constraint' sum=1.0000 active=15
self.is_all_methods=False, self.min_weight=0.0, self.max_weight=0.12
single_methods
[RC-LP] method_type='return_cvar_constraint' sum=1.0000 active=14
self.is_all_methods=False, self.min_weight=0.0, self.max_weight=0.12
single_methods
[RC-LP] method_type='return_cvar_constraint' sum=1.0000 active=16
self.is_all_methods=False, self.min_weight=0.0, self.max_weight=0.12
single_methods
[RC-LP] method_type='return_cvar_constraint' sum=1.0000 active=15
self.is_all_methods=False, self.min_weight=0.0, self.max_weight=0.12
single_methods
[RC-LP] method_type='return_cvar_constraint' sum=1.0000 active=15
self.is_all_methods=False, self.min_weight=0.0, self.max_weight=0.08
single_methods
method_type='mean_cvar_sharpe' np.sum(weights)=1.000000 active=112 weights.shape=(226,)
self.is_all_methods=False, self.min_weight=0.0, self.max_weight=0.08
single_methods
method_type='mean_cvar_sharpe' np.sum(weights)=1.000000 active=112 weights.shape=(226,)
self.is_all_methods=False, self.min_weight=0.0, self.max_weight=0.08
single_methods
method_type='mean_cvar_sharpe' np.sum(weights)=1.000000 active=112 weights.shape=(226,)
self.is_all_methods=False, self.min_weight=0.0, self.max_weight=0.08
single_methods
method_type='mean_cvar_sharpe' np.sum(weights)=1.000000 active=226 weights.shape=(226,)
self.is_all_methods=False, self.min_weight=0.0, self.max_weight=0.08
single_methods
method_type='mean_cvar_sharpe' np.sum(weights)=1.000000 active=226 weights.shape=(226,)
self.is_all_methods=False, self.min_weight=0.0, self.max_weight=0.08
single_methods
method_type='mean_cvar_sharpe' np.sum(weights)=1.000000 active=226 weights.shape=(226,)
self.is_all_methods=False, self.min_weight=0.0, self.max_weight=0.08
single_methods
method_type='mean_cvar_sharpe' np.sum(weights)=1.000000 active=114 weights.shape=(226,)
self.is_all_methods=False, self.min_weight=0.0, self.max_weight=0.08
single_methods
method_type='mean_cvar_sharpe' np.sum(weights)=1.000000 active=114 weights.shape=(226,)
self.is_all_methods=False, self.min_weight=0.0, self.max_weight=0.08
single_methods
method_type='mean_cvar_sharpe' np.sum(weights)=1.000000 active=114 weights.shape=(226,)
self.is_all_methods=False, self.min_weight=0.0, self.max_weight=0.08
single_methods
method_type='mean_cvar_sharpe' np.sum(weights)=1.000000 active=226 weights.shape=(226,)
self.is_all_methods=False, self.min_weight=0.0, self.max_weight=0.08
single_methods
method_type='mean_cvar_sharpe' np.sum(weights)=1.000000 active=226 weights.shape=(226,)
self.is_all_methods=False, self.min_weight=0.0, self.max_weight=0.08
single_methods
method_type='mean_cvar_sharpe' np.sum(weights)=1.000000 active=226 weights.shape=(226,)
self.is_all_methods=False, self.min_weight=0.0, self.max_weight=0.12
single_methods
method_type='mean_cvar_sharpe' np.sum(weights)=1.000000 active=127 weights.shape=(226,)
self.is_all_methods=False, self.min_weight=0.0, self.max_weight=0.12
single_methods
method_type='mean_cvar_sharpe' np.sum(weights)=1.000000 active=127 weights.shape=(226,)
self.is_all_methods=False, self.min_weight=0.0, self.max_weight=0.12
single_methods
method_type='mean_cvar_sharpe' np.sum(weights)=1.000000 active=127 weights.shape=(226,)
self.is_all_methods=False, self.min_weight=0.0, self.max_weight=0.12
single_methods
method_type='mean_cvar_sharpe' np.sum(weights)=1.000000 active=112 weights.shape=(226,)
self.is_all_methods=False, self.min_weight=0.0, self.max_weight=0.12
single_methods
method_type='mean_cvar_sharpe' np.sum(weights)=1.000000 active=112 weights.shape=(226,)
self.is_all_methods=False, self.min_weight=0.0, self.max_weight=0.12
single_methods
method_type='mean_cvar_sharpe' np.sum(weights)=1.000000 active=112 weights.shape=(226,)
self.is_all_methods=False, self.min_weight=0.0, self.max_weight=0.12
single_methods
method_type='mean_cvar_sharpe' np.sum(weights)=1.000000 active=226 weights.shape=(226,)
self.is_all_methods=False, self.min_weight=0.0, self.max_weight=0.12
single_methods
method_type='mean_cvar_sharpe' np.sum(weights)=1.000000 active=226 weights.shape=(226,)
self.is_all_methods=False, self.min_weight=0.0, self.max_weight=0.12
single_methods
method_type='mean_cvar_sharpe' np.sum(weights)=1.000000 active=226 weights.shape=(226,)
self.is_all_methods=False, self.min_weight=0.0, self.max_weight=0.12
single_methods
method_type='mean_cvar_sharpe' np.sum(weights)=1.000000 active=121 weights.shape=(226,)
self.is_all_methods=False, self.min_weight=0.0, self.max_weight=0.12
single_methods
method_type='mean_cvar_sharpe' np.sum(weights)=1.000000 active=121 weights.shape=(226,)
self.is_all_methods=False, self.min_weight=0.0, self.max_weight=0.12
single_methods
method_type='mean_cvar_sharpe' np.sum(weights)=1.000000 active=121 weights.shape=(226,)
1.0 2020-04-01 00:00:00 1138.2809096589754 -0.07791433348698504 0.00019499417091226571 -0.07791433348698507
PROGRESS	2020-04-01	226	73	-0.07791433348698507	1138.2809096589754
Portfolio optimization with 14 month weight rebalancing 2020-03-02 00:00:00: : 15it [02:51, 13.51s/it]Portfolio optimization with 15 month weight rebalancing 2020-04-01 00:00:00: : 15it [02:51, 13.51s/it]self.is_all_methods=False, self.min_weight=0.0, self.max_weight=0.08
single_methods
[RC-LP] method_type='return_cvar_constraint' sum=1.0000 active=18
self.is_all_methods=False, self.min_weight=0.0, self.max_weight=0.08
single_methods
[RC-LP] method_type='return_cvar_constraint' sum=1.0000 active=20
self.is_all_methods=False, self.min_weight=0.0, self.max_weight=0.08
single_methods
[RC-LP] method_type='return_cvar_constraint' sum=1.0000 active=21
self.is_all_methods=False, self.min_weight=0.0, self.max_weight=0.08
single_methods
[RC-LP] method_type='return_cvar_constraint' sum=1.0000 active=18
self.is_all_methods=False, self.min_weight=0.0, self.max_weight=0.08
single_methods
[RC-LP] method_type='return_cvar_constraint' sum=1.0000 active=17
self.is_all_methods=False, self.min_weight=0.0, self.max_weight=0.08
single_methods
[RC-LP] method_type='return_cvar_constraint' sum=1.0000 active=18
self.is_all_methods=False, self.min_weight=0.0, self.max_weight=0.08
single_methods
[RC-LP] method_type='return_cvar_constraint' sum=1.0000 active=29
self.is_all_methods=False, self.min_weight=0.0, self.max_weight=0.08
single_methods
[RC-LP] method_type='return_cvar_constraint' sum=1.0000 active=30
self.is_all_methods=False, self.min_weight=0.0, self.max_weight=0.08
single_methods
[RC-LP] method_type='return_cvar_constraint' sum=1.0000 active=28
self.is_all_methods=False, self.min_weight=0.0, self.max_weight=0.08
single_methods
[RC-LP] method_type='return_cvar_constraint' sum=1.0000 active=27
self.is_all_methods=False, self.min_weight=0.0, self.max_weight=0.08
single_methods
[RC-LP] method_type='return_cvar_constraint' sum=1.0000 active=30
self.is_all_methods=False, self.min_weight=0.0, self.max_weight=0.08
single_methods
[RC-LP] method_type='return_cvar_constraint' sum=1.0000 active=33
self.is_all_methods=False, self.min_weight=0.0, self.max_weight=0.12
single_methods
[RC-LP] method_type='return_cvar_constraint' sum=1.0000 active=14
self.is_all_methods=False, self.min_weight=0.0, self.max_weight=0.12
single_methods
[RC-LP] method_type='return_cvar_constraint' sum=1.0000 active=14
self.is_all_methods=False, self.min_weight=0.0, self.max_weight=0.12
single_methods
[RC-LP] method_type='return_cvar_constraint' sum=1.0000 active=16
self.is_all_methods=False, self.min_weight=0.0, self.max_weight=0.12
single_methods
[RC-LP] method_type='return_cvar_constraint' sum=1.0000 active=13
self.is_all_methods=False, self.min_weight=0.0, self.max_weight=0.12
single_methods
[RC-LP] method_type='return_cvar_constraint' sum=1.0000 active=14
self.is_all_methods=False, self.min_weight=0.0, self.max_weight=0.12
single_methods
[RC-LP] method_type='return_cvar_constraint' sum=1.0000 active=13
self.is_all_methods=False, self.min_weight=0.0, self.max_weight=0.12
single_methods
[RC-LP] method_type='return_cvar_constraint' sum=1.0000 active=20
self.is_all_methods=False, self.min_weight=0.0, self.max_weight=0.12
single_methods
[RC-LP] method_type='return_cvar_constraint' sum=1.0000 active=19
self.is_all_methods=False, self.min_weight=0.0, self.max_weight=0.12
single_methods
[RC-LP] method_type='return_cvar_constraint' sum=1.0000 active=19
self.is_all_methods=False, self.min_weight=0.0, self.max_weight=0.12
single_methods
[RC-LP] method_type='return_cvar_constraint' sum=1.0000 active=21
self.is_all_methods=False, self.min_weight=0.0, self.max_weight=0.12
single_methods
[RC-LP] method_type='return_cvar_constraint' sum=1.0000 active=21
self.is_all_methods=False, self.min_weight=0.0, self.max_weight=0.12
single_methods
[RC-LP] method_type='return_cvar_constraint' sum=1.0000 active=20
self.is_all_methods=False, self.min_weight=0.0, self.max_weight=0.08
single_methods
method_type='mean_cvar_sharpe' np.sum(weights)=1.000000 active=225 weights.shape=(225,)
self.is_all_methods=False, self.min_weight=0.0, self.max_weight=0.08
single_methods
method_type='mean_cvar_sharpe' np.sum(weights)=1.000000 active=225 weights.shape=(225,)
self.is_all_methods=False, self.min_weight=0.0, self.max_weight=0.08
single_methods
method_type='mean_cvar_sharpe' np.sum(weights)=1.000000 active=225 weights.shape=(225,)
self.is_all_methods=False, self.min_weight=0.0, self.max_weight=0.08
single_methods
method_type='mean_cvar_sharpe' np.sum(weights)=1.000000 active=225 weights.shape=(225,)
self.is_all_methods=False, self.min_weight=0.0, self.max_weight=0.08
single_methods
method_type='mean_cvar_sharpe' np.sum(weights)=1.000000 active=225 weights.shape=(225,)
self.is_all_methods=False, self.min_weight=0.0, self.max_weight=0.08
single_methods
method_type='mean_cvar_sharpe' np.sum(weights)=1.000000 active=225 weights.shape=(225,)
self.is_all_methods=False, self.min_weight=0.0, self.max_weight=0.08
single_methods
method_type='mean_cvar_sharpe' np.sum(weights)=1.000000 active=225 weights.shape=(225,)
self.is_all_methods=False, self.min_weight=0.0, self.max_weight=0.08
single_methods
method_type='mean_cvar_sharpe' np.sum(weights)=1.000000 active=225 weights.shape=(225,)
self.is_all_methods=False, self.min_weight=0.0, self.max_weight=0.08
single_methods
method_type='mean_cvar_sharpe' np.sum(weights)=1.000000 active=225 weights.shape=(225,)
self.is_all_methods=False, self.min_weight=0.0, self.max_weight=0.08
single_methods
method_type='mean_cvar_sharpe' np.sum(weights)=1.000000 active=224 weights.shape=(225,)
self.is_all_methods=False, self.min_weight=0.0, self.max_weight=0.08
single_methods
method_type='mean_cvar_sharpe' np.sum(weights)=1.000000 active=224 weights.shape=(225,)
self.is_all_methods=False, self.min_weight=0.0, self.max_weight=0.08
single_methods
method_type='mean_cvar_sharpe' np.sum(weights)=1.000000 active=224 weights.shape=(225,)
self.is_all_methods=False, self.min_weight=0.0, self.max_weight=0.12
single_methods
method_type='mean_cvar_sharpe' np.sum(weights)=1.000000 active=119 weights.shape=(225,)
self.is_all_methods=False, self.min_weight=0.0, self.max_weight=0.12
single_methods
method_type='mean_cvar_sharpe' np.sum(weights)=1.000000 active=119 weights.shape=(225,)
self.is_all_methods=False, self.min_weight=0.0, self.max_weight=0.12
single_methods
method_type='mean_cvar_sharpe' np.sum(weights)=1.000000 active=119 weights.shape=(225,)
self.is_all_methods=False, self.min_weight=0.0, self.max_weight=0.12
single_methods
method_type='mean_cvar_sharpe' np.sum(weights)=1.000000 active=225 weights.shape=(225,)
self.is_all_methods=False, self.min_weight=0.0, self.max_weight=0.12
single_methods
method_type='mean_cvar_sharpe' np.sum(weights)=1.000000 active=225 weights.shape=(225,)
self.is_all_methods=False, self.min_weight=0.0, self.max_weight=0.12
single_methods
method_type='mean_cvar_sharpe' np.sum(weights)=1.000000 active=225 weights.shape=(225,)
self.is_all_methods=False, self.min_weight=0.0, self.max_weight=0.12
single_methods
method_type='mean_cvar_sharpe' np.sum(weights)=1.000000 active=225 weights.shape=(225,)
self.is_all_methods=False, self.min_weight=0.0, self.max_weight=0.12
single_methods
method_type='mean_cvar_sharpe' np.sum(weights)=1.000000 active=225 weights.shape=(225,)
self.is_all_methods=False, self.min_weight=0.0, self.max_weight=0.12
single_methods
method_type='mean_cvar_sharpe' np.sum(weights)=1.000000 active=225 weights.shape=(225,)
self.is_all_methods=False, self.min_weight=0.0, self.max_weight=0.12
single_methods
method_type='mean_cvar_sharpe' np.sum(weights)=1.000000 active=225 weights.shape=(225,)
self.is_all_methods=False, self.min_weight=0.0, self.max_weight=0.12
single_methods
method_type='mean_cvar_sharpe' np.sum(weights)=1.000000 active=225 weights.shape=(225,)
self.is_all_methods=False, self.min_weight=0.0, self.max_weight=0.12
single_methods
method_type='mean_cvar_sharpe' np.sum(weights)=1.000000 active=225 weights.shape=(225,)
1.0 2020-05-01 00:00:00 1203.4248294408537 0.05723009077029613 0.0002446639817052365 0.05723009077029606
PROGRESS	2020-05-01	225	71	0.05723009077029606	1203.4248294408537
Portfolio optimization with 15 month weight rebalancing 2020-04-01 00:00:00: : 16it [03:08, 14.61s/it]Portfolio optimization with 16 month weight rebalancing 2020-05-01 00:00:00: : 16it [03:08, 14.61s/it]self.is_all_methods=False, self.min_weight=0.0, self.max_weight=0.08
single_methods
[RC-LP] method_type='return_cvar_constraint' sum=1.0000 active=19
self.is_all_methods=False, self.min_weight=0.0, self.max_weight=0.08
single_methods
[RC-LP] method_type='return_cvar_constraint' sum=1.0000 active=18
self.is_all_methods=False, self.min_weight=0.0, self.max_weight=0.08
single_methods
[RC-LP] method_type='return_cvar_constraint' sum=1.0000 active=18
self.is_all_methods=False, self.min_weight=0.0, self.max_weight=0.08
single_methods
[RC-LP] method_type='return_cvar_constraint' sum=1.0000 active=18
self.is_all_methods=False, self.min_weight=0.0, self.max_weight=0.08
single_methods
[RC-LP] method_type='return_cvar_constraint' sum=1.0000 active=17
self.is_all_methods=False, self.min_weight=0.0, self.max_weight=0.08
single_methods
[RC-LP] method_type='return_cvar_constraint' sum=1.0000 active=18
self.is_all_methods=False, self.min_weight=0.0, self.max_weight=0.08
single_methods
[RC-LP] method_type='return_cvar_constraint' sum=1.0000 active=24
self.is_all_methods=False, self.min_weight=0.0, self.max_weight=0.08
single_methods
[RC-LP] method_type='return_cvar_constraint' sum=1.0000 active=22
self.is_all_methods=False, self.min_weight=0.0, self.max_weight=0.08
single_methods
[RC-LP] method_type='return_cvar_constraint' sum=1.0000 active=20
self.is_all_methods=False, self.min_weight=0.0, self.max_weight=0.08
single_methods
[RC-LP] method_type='return_cvar_constraint' sum=1.0000 active=24
self.is_all_methods=False, self.min_weight=0.0, self.max_weight=0.08
single_methods
[RC-LP] method_type='return_cvar_constraint' sum=1.0000 active=22
self.is_all_methods=False, self.min_weight=0.0, self.max_weight=0.08
single_methods
[RC-LP] method_type='return_cvar_constraint' sum=1.0000 active=23
self.is_all_methods=False, self.min_weight=0.0, self.max_weight=0.12
single_methods
[RC-LP] method_type='return_cvar_constraint' sum=1.0000 active=13
self.is_all_methods=False, self.min_weight=0.0, self.max_weight=0.12
single_methods
[RC-LP] method_type='return_cvar_constraint' sum=1.0000 active=11
self.is_all_methods=False, self.min_weight=0.0, self.max_weight=0.12
single_methods
[RC-LP] method_type='return_cvar_constraint' sum=1.0000 active=11
self.is_all_methods=False, self.min_weight=0.0, self.max_weight=0.12
single_methods
[RC-LP] method_type='return_cvar_constraint' sum=1.0000 active=13
self.is_all_methods=False, self.min_weight=0.0, self.max_weight=0.12
single_methods
[RC-LP] method_type='return_cvar_constraint' sum=1.0000 active=13
self.is_all_methods=False, self.min_weight=0.0, self.max_weight=0.12
single_methods
[RC-LP] method_type='return_cvar_constraint' sum=1.0000 active=12
self.is_all_methods=False, self.min_weight=0.0, self.max_weight=0.12
single_methods
[RC-LP] method_type='return_cvar_constraint' sum=1.0000 active=17
self.is_all_methods=False, self.min_weight=0.0, self.max_weight=0.12
single_methods
[RC-LP] method_type='return_cvar_constraint' sum=1.0000 active=17
self.is_all_methods=False, self.min_weight=0.0, self.max_weight=0.12
single_methods
[RC-LP] method_type='return_cvar_constraint' sum=1.0000 active=19
self.is_all_methods=False, self.min_weight=0.0, self.max_weight=0.12
single_methods
[RC-LP] method_type='return_cvar_constraint' sum=1.0000 active=20
self.is_all_methods=False, self.min_weight=0.0, self.max_weight=0.12
single_methods
[RC-LP] method_type='return_cvar_constraint' sum=1.0000 active=17
self.is_all_methods=False, self.min_weight=0.0, self.max_weight=0.12
single_methods
[RC-LP] method_type='return_cvar_constraint' sum=1.0000 active=18
self.is_all_methods=False, self.min_weight=0.0, self.max_weight=0.08
single_methods
method_type='mean_cvar_sharpe' np.sum(weights)=1.000000 active=166 weights.shape=(227,)
self.is_all_methods=False, self.min_weight=0.0, self.max_weight=0.08
single_methods
method_type='mean_cvar_sharpe' np.sum(weights)=1.000000 active=166 weights.shape=(227,)
self.is_all_methods=False, self.min_weight=0.0, self.max_weight=0.08
single_methods
method_type='mean_cvar_sharpe' np.sum(weights)=1.000000 active=166 weights.shape=(227,)
self.is_all_methods=False, self.min_weight=0.0, self.max_weight=0.08
single_methods
method_type='mean_cvar_sharpe' np.sum(weights)=1.000000 active=86 weights.shape=(227,)
self.is_all_methods=False, self.min_weight=0.0, self.max_weight=0.08
single_methods
method_type='mean_cvar_sharpe' np.sum(weights)=1.000000 active=86 weights.shape=(227,)
self.is_all_methods=False, self.min_weight=0.0, self.max_weight=0.08
single_methods
method_type='mean_cvar_sharpe' np.sum(weights)=1.000000 active=86 weights.shape=(227,)
self.is_all_methods=False, self.min_weight=0.0, self.max_weight=0.08
single_methods
method_type='mean_cvar_sharpe' np.sum(weights)=1.000000 active=227 weights.shape=(227,)
self.is_all_methods=False, self.min_weight=0.0, self.max_weight=0.08
single_methods
method_type='mean_cvar_sharpe' np.sum(weights)=1.000000 active=227 weights.shape=(227,)
self.is_all_methods=False, self.min_weight=0.0, self.max_weight=0.08
single_methods
method_type='mean_cvar_sharpe' np.sum(weights)=1.000000 active=227 weights.shape=(227,)
self.is_all_methods=False, self.min_weight=0.0, self.max_weight=0.08
single_methods
method_type='mean_cvar_sharpe' np.sum(weights)=1.000000 active=161 weights.shape=(227,)
self.is_all_methods=False, self.min_weight=0.0, self.max_weight=0.08
single_methods
method_type='mean_cvar_sharpe' np.sum(weights)=1.000000 active=161 weights.shape=(227,)
self.is_all_methods=False, self.min_weight=0.0, self.max_weight=0.08
single_methods
method_type='mean_cvar_sharpe' np.sum(weights)=1.000000 active=161 weights.shape=(227,)
self.is_all_methods=False, self.min_weight=0.0, self.max_weight=0.12
single_methods
method_type='mean_cvar_sharpe' np.sum(weights)=1.000000 active=146 weights.shape=(227,)
self.is_all_methods=False, self.min_weight=0.0, self.max_weight=0.12
single_methods
method_type='mean_cvar_sharpe' np.sum(weights)=1.000000 active=146 weights.shape=(227,)
self.is_all_methods=False, self.min_weight=0.0, self.max_weight=0.12
single_methods
method_type='mean_cvar_sharpe' np.sum(weights)=1.000000 active=146 weights.shape=(227,)
self.is_all_methods=False, self.min_weight=0.0, self.max_weight=0.12
single_methods
method_type='mean_cvar_sharpe' np.sum(weights)=1.000000 active=227 weights.shape=(227,)
self.is_all_methods=False, self.min_weight=0.0, self.max_weight=0.12
single_methods
method_type='mean_cvar_sharpe' np.sum(weights)=1.000000 active=227 weights.shape=(227,)
self.is_all_methods=False, self.min_weight=0.0, self.max_weight=0.12
single_methods
method_type='mean_cvar_sharpe' np.sum(weights)=1.000000 active=227 weights.shape=(227,)
self.is_all_methods=False, self.min_weight=0.0, self.max_weight=0.12
single_methods
method_type='mean_cvar_sharpe' np.sum(weights)=1.000000 active=227 weights.shape=(227,)
self.is_all_methods=False, self.min_weight=0.0, self.max_weight=0.12
single_methods
method_type='mean_cvar_sharpe' np.sum(weights)=1.000000 active=227 weights.shape=(227,)
self.is_all_methods=False, self.min_weight=0.0, self.max_weight=0.12
single_methods
method_type='mean_cvar_sharpe' np.sum(weights)=1.000000 active=227 weights.shape=(227,)
self.is_all_methods=False, self.min_weight=0.0, self.max_weight=0.12
single_methods
method_type='mean_cvar_sharpe' np.sum(weights)=1.000000 active=99 weights.shape=(227,)
self.is_all_methods=False, self.min_weight=0.0, self.max_weight=0.12
single_methods
method_type='mean_cvar_sharpe' np.sum(weights)=1.000000 active=99 weights.shape=(227,)
self.is_all_methods=False, self.min_weight=0.0, self.max_weight=0.12
single_methods
method_type='mean_cvar_sharpe' np.sum(weights)=1.000000 active=99 weights.shape=(227,)
1.0 2020-06-01 00:00:00 1240.8781466023495 0.031122273901310244 0.00010972323601669533 0.03112227390131017
PROGRESS	2020-06-01	227	69	0.03112227390131017	1240.8781466023495
Portfolio optimization with 16 month weight rebalancing 2020-05-01 00:00:00: : 17it [03:22, 14.50s/it]Portfolio optimization with 17 month weight rebalancing 2020-06-01 00:00:00: : 17it [03:22, 14.50s/it]self.is_all_methods=False, self.min_weight=0.0, self.max_weight=0.08
single_methods
[RC-LP] method_type='return_cvar_constraint' sum=1.0000 active=20
self.is_all_methods=False, self.min_weight=0.0, self.max_weight=0.08
single_methods
[RC-LP] method_type='return_cvar_constraint' sum=1.0000 active=19
self.is_all_methods=False, self.min_weight=0.0, self.max_weight=0.08
single_methods
[RC-LP] method_type='return_cvar_constraint' sum=1.0000 active=18
self.is_all_methods=False, self.min_weight=0.0, self.max_weight=0.08
single_methods
[RC-LP] method_type='return_cvar_constraint' sum=1.0000 active=22
self.is_all_methods=False, self.min_weight=0.0, self.max_weight=0.08
single_methods
[RC-LP] method_type='return_cvar_constraint' sum=1.0000 active=19
self.is_all_methods=False, self.min_weight=0.0, self.max_weight=0.08
single_methods
[RC-LP] method_type='return_cvar_constraint' sum=1.0000 active=21
self.is_all_methods=False, self.min_weight=0.0, self.max_weight=0.08
single_methods
[RC-LP] method_type='return_cvar_constraint' sum=1.0000 active=38
self.is_all_methods=False, self.min_weight=0.0, self.max_weight=0.08
single_methods
[RC-LP] method_type='return_cvar_constraint' sum=1.0000 active=33
self.is_all_methods=False, self.min_weight=0.0, self.max_weight=0.08
single_methods
[RC-LP] method_type='return_cvar_constraint' sum=1.0000 active=28
self.is_all_methods=False, self.min_weight=0.0, self.max_weight=0.08
single_methods
[RC-LP] method_type='return_cvar_constraint' sum=1.0000 active=31
self.is_all_methods=False, self.min_weight=0.0, self.max_weight=0.08
single_methods
[RC-LP] method_type='return_cvar_constraint' sum=1.0000 active=31
self.is_all_methods=False, self.min_weight=0.0, self.max_weight=0.08
single_methods
[RC-LP] method_type='return_cvar_constraint' sum=1.0000 active=28
self.is_all_methods=False, self.min_weight=0.0, self.max_weight=0.12
single_methods
[RC-LP] method_type='return_cvar_constraint' sum=1.0000 active=12
self.is_all_methods=False, self.min_weight=0.0, self.max_weight=0.12
single_methods
[RC-LP] method_type='return_cvar_constraint' sum=1.0000 active=13
self.is_all_methods=False, self.min_weight=0.0, self.max_weight=0.12
single_methods
[RC-LP] method_type='return_cvar_constraint' sum=1.0000 active=12
self.is_all_methods=False, self.min_weight=0.0, self.max_weight=0.12
single_methods
[RC-LP] method_type='return_cvar_constraint' sum=1.0000 active=16
self.is_all_methods=False, self.min_weight=0.0, self.max_weight=0.12
single_methods
[RC-LP] method_type='return_cvar_constraint' sum=1.0000 active=13
self.is_all_methods=False, self.min_weight=0.0, self.max_weight=0.12
single_methods
[RC-LP] method_type='return_cvar_constraint' sum=1.0000 active=13
self.is_all_methods=False, self.min_weight=0.0, self.max_weight=0.12
single_methods
[RC-LP] method_type='return_cvar_constraint' sum=1.0000 active=24
self.is_all_methods=False, self.min_weight=0.0, self.max_weight=0.12
single_methods
[RC-LP] method_type='return_cvar_constraint' sum=1.0000 active=23
self.is_all_methods=False, self.min_weight=0.0, self.max_weight=0.12
single_methods
[RC-LP] method_type='return_cvar_constraint' sum=1.0000 active=22
self.is_all_methods=False, self.min_weight=0.0, self.max_weight=0.12
single_methods
[RC-LP] method_type='return_cvar_constraint' sum=1.0000 active=21
self.is_all_methods=False, self.min_weight=0.0, self.max_weight=0.12
single_methods
[RC-LP] method_type='return_cvar_constraint' sum=1.0000 active=22
self.is_all_methods=False, self.min_weight=0.0, self.max_weight=0.12
single_methods
[RC-LP] method_type='return_cvar_constraint' sum=1.0000 active=22
self.is_all_methods=False, self.min_weight=0.0, self.max_weight=0.08
single_methods
method_type='mean_cvar_sharpe' np.sum(weights)=1.000000 active=169 weights.shape=(226,)
self.is_all_methods=False, self.min_weight=0.0, self.max_weight=0.08
single_methods
method_type='mean_cvar_sharpe' np.sum(weights)=1.000000 active=169 weights.shape=(226,)
self.is_all_methods=False, self.min_weight=0.0, self.max_weight=0.08
single_methods
method_type='mean_cvar_sharpe' np.sum(weights)=1.000000 active=169 weights.shape=(226,)
self.is_all_methods=False, self.min_weight=0.0, self.max_weight=0.08
single_methods
method_type='mean_cvar_sharpe' np.sum(weights)=1.000000 active=168 weights.shape=(226,)
self.is_all_methods=False, self.min_weight=0.0, self.max_weight=0.08
single_methods
method_type='mean_cvar_sharpe' np.sum(weights)=1.000000 active=168 weights.shape=(226,)
self.is_all_methods=False, self.min_weight=0.0, self.max_weight=0.08
single_methods
method_type='mean_cvar_sharpe' np.sum(weights)=1.000000 active=168 weights.shape=(226,)
self.is_all_methods=False, self.min_weight=0.0, self.max_weight=0.08
single_methods
method_type='mean_cvar_sharpe' np.sum(weights)=1.000000 active=167 weights.shape=(226,)
self.is_all_methods=False, self.min_weight=0.0, self.max_weight=0.08
single_methods
method_type='mean_cvar_sharpe' np.sum(weights)=1.000000 active=167 weights.shape=(226,)
self.is_all_methods=False, self.min_weight=0.0, self.max_weight=0.08
single_methods
method_type='mean_cvar_sharpe' np.sum(weights)=1.000000 active=167 weights.shape=(226,)
self.is_all_methods=False, self.min_weight=0.0, self.max_weight=0.08
single_methods
method_type='mean_cvar_sharpe' np.sum(weights)=1.000000 active=74 weights.shape=(226,)
self.is_all_methods=False, self.min_weight=0.0, self.max_weight=0.08
single_methods
method_type='mean_cvar_sharpe' np.sum(weights)=1.000000 active=74 weights.shape=(226,)
self.is_all_methods=False, self.min_weight=0.0, self.max_weight=0.08
single_methods
method_type='mean_cvar_sharpe' np.sum(weights)=1.000000 active=74 weights.shape=(226,)
self.is_all_methods=False, self.min_weight=0.0, self.max_weight=0.12
single_methods
method_type='mean_cvar_sharpe' np.sum(weights)=1.000000 active=92 weights.shape=(226,)
self.is_all_methods=False, self.min_weight=0.0, self.max_weight=0.12
single_methods
method_type='mean_cvar_sharpe' np.sum(weights)=1.000000 active=92 weights.shape=(226,)
self.is_all_methods=False, self.min_weight=0.0, self.max_weight=0.12
single_methods
method_type='mean_cvar_sharpe' np.sum(weights)=1.000000 active=92 weights.shape=(226,)
self.is_all_methods=False, self.min_weight=0.0, self.max_weight=0.12
single_methods
method_type='mean_cvar_sharpe' np.sum(weights)=1.000000 active=94 weights.shape=(226,)
self.is_all_methods=False, self.min_weight=0.0, self.max_weight=0.12
single_methods
method_type='mean_cvar_sharpe' np.sum(weights)=1.000000 active=94 weights.shape=(226,)
self.is_all_methods=False, self.min_weight=0.0, self.max_weight=0.12
single_methods
method_type='mean_cvar_sharpe' np.sum(weights)=1.000000 active=94 weights.shape=(226,)
self.is_all_methods=False, self.min_weight=0.0, self.max_weight=0.12
single_methods
method_type='mean_cvar_sharpe' np.sum(weights)=1.000000 active=226 weights.shape=(226,)
self.is_all_methods=False, self.min_weight=0.0, self.max_weight=0.12
single_methods
method_type='mean_cvar_sharpe' np.sum(weights)=1.000000 active=226 weights.shape=(226,)
self.is_all_methods=False, self.min_weight=0.0, self.max_weight=0.12
single_methods
method_type='mean_cvar_sharpe' np.sum(weights)=1.000000 active=226 weights.shape=(226,)
self.is_all_methods=False, self.min_weight=0.0, self.max_weight=0.12
single_methods
method_type='mean_cvar_sharpe' np.sum(weights)=1.000000 active=226 weights.shape=(226,)
self.is_all_methods=False, self.min_weight=0.0, self.max_weight=0.12
single_methods
method_type='mean_cvar_sharpe' np.sum(weights)=1.000000 active=226 weights.shape=(226,)
self.is_all_methods=False, self.min_weight=0.0, self.max_weight=0.12
single_methods
method_type='mean_cvar_sharpe' np.sum(weights)=1.000000 active=226 weights.shape=(226,)
1.0 2020-07-01 00:00:00 1268.0371160545878 0.02188689479833479 0.0002709416913373854 0.021886894798334833
PROGRESS	2020-07-01	226	70	0.021886894798334833	1268.0371160545878
Portfolio optimization with 17 month weight rebalancing 2020-06-01 00:00:00: : 18it [03:34, 13.52s/it]Portfolio optimization with 18 month weight rebalancing 2020-07-01 00:00:00: : 18it [03:34, 13.52s/it]self.is_all_methods=False, self.min_weight=0.0, self.max_weight=0.08
single_methods
[RC-LP] method_type='return_cvar_constraint' sum=1.0000 active=18
self.is_all_methods=False, self.min_weight=0.0, self.max_weight=0.08
single_methods
[RC-LP] method_type='return_cvar_constraint' sum=1.0000 active=18
self.is_all_methods=False, self.min_weight=0.0, self.max_weight=0.08
single_methods
[RC-LP] method_type='return_cvar_constraint' sum=1.0000 active=18
self.is_all_methods=False, self.min_weight=0.0, self.max_weight=0.08
single_methods
[RC-LP] method_type='return_cvar_constraint' sum=1.0000 active=17
self.is_all_methods=False, self.min_weight=0.0, self.max_weight=0.08
single_methods
[RC-LP] method_type='return_cvar_constraint' sum=1.0000 active=17
self.is_all_methods=False, self.min_weight=0.0, self.max_weight=0.08
single_methods
[RC-LP] method_type='return_cvar_constraint' sum=1.0000 active=20
self.is_all_methods=False, self.min_weight=0.0, self.max_weight=0.08
single_methods
[RC-LP] method_type='return_cvar_constraint' sum=1.0000 active=29
self.is_all_methods=False, self.min_weight=0.0, self.max_weight=0.08
single_methods
[RC-LP] method_type='return_cvar_constraint' sum=1.0000 active=30
self.is_all_methods=False, self.min_weight=0.0, self.max_weight=0.08
single_methods
[RC-LP] method_type='return_cvar_constraint' sum=1.0000 active=29
self.is_all_methods=False, self.min_weight=0.0, self.max_weight=0.08
single_methods
[RC-LP] method_type='return_cvar_constraint' sum=1.0000 active=24
self.is_all_methods=False, self.min_weight=0.0, self.max_weight=0.08
single_methods
[RC-LP] method_type='return_cvar_constraint' sum=1.0000 active=25
self.is_all_methods=False, self.min_weight=0.0, self.max_weight=0.08
single_methods
[RC-LP] method_type='return_cvar_constraint' sum=1.0000 active=25
self.is_all_methods=False, self.min_weight=0.0, self.max_weight=0.12
single_methods
[RC-LP] method_type='return_cvar_constraint' sum=1.0000 active=17
self.is_all_methods=False, self.min_weight=0.0, self.max_weight=0.12
single_methods
[RC-LP] method_type='return_cvar_constraint' sum=1.0000 active=17
self.is_all_methods=False, self.min_weight=0.0, self.max_weight=0.12
single_methods
[RC-LP] method_type='return_cvar_constraint' sum=1.0000 active=16
self.is_all_methods=False, self.min_weight=0.0, self.max_weight=0.12
single_methods
[RC-LP] method_type='return_cvar_constraint' sum=1.0000 active=13
self.is_all_methods=False, self.min_weight=0.0, self.max_weight=0.12
single_methods
[RC-LP] method_type='return_cvar_constraint' sum=1.0000 active=13
self.is_all_methods=False, self.min_weight=0.0, self.max_weight=0.12
single_methods
[RC-LP] method_type='return_cvar_constraint' sum=1.0000 active=14
self.is_all_methods=False, self.min_weight=0.0, self.max_weight=0.12
single_methods
[RC-LP] method_type='return_cvar_constraint' sum=1.0000 active=26
self.is_all_methods=False, self.min_weight=0.0, self.max_weight=0.12
single_methods
[RC-LP] method_type='return_cvar_constraint' sum=1.0000 active=23
self.is_all_methods=False, self.min_weight=0.0, self.max_weight=0.12
single_methods
[RC-LP] method_type='return_cvar_constraint' sum=1.0000 active=22
self.is_all_methods=False, self.min_weight=0.0, self.max_weight=0.12
single_methods
[RC-LP] method_type='return_cvar_constraint' sum=1.0000 active=20
self.is_all_methods=False, self.min_weight=0.0, self.max_weight=0.12
single_methods
[RC-LP] method_type='return_cvar_constraint' sum=1.0000 active=19
self.is_all_methods=False, self.min_weight=0.0, self.max_weight=0.12
single_methods
[RC-LP] method_type='return_cvar_constraint' sum=1.0000 active=20
self.is_all_methods=False, self.min_weight=0.0, self.max_weight=0.08
single_methods
method_type='mean_cvar_sharpe' np.sum(weights)=1.000000 active=144 weights.shape=(229,)
self.is_all_methods=False, self.min_weight=0.0, self.max_weight=0.08
single_methods
method_type='mean_cvar_sharpe' np.sum(weights)=1.000000 active=144 weights.shape=(229,)
self.is_all_methods=False, self.min_weight=0.0, self.max_weight=0.08
single_methods
method_type='mean_cvar_sharpe' np.sum(weights)=1.000000 active=144 weights.shape=(229,)
self.is_all_methods=False, self.min_weight=0.0, self.max_weight=0.08
single_methods
method_type='mean_cvar_sharpe' np.sum(weights)=1.000000 active=229 weights.shape=(229,)
self.is_all_methods=False, self.min_weight=0.0, self.max_weight=0.08
single_methods
method_type='mean_cvar_sharpe' np.sum(weights)=1.000000 active=229 weights.shape=(229,)
self.is_all_methods=False, self.min_weight=0.0, self.max_weight=0.08
single_methods
method_type='mean_cvar_sharpe' np.sum(weights)=1.000000 active=229 weights.shape=(229,)
self.is_all_methods=False, self.min_weight=0.0, self.max_weight=0.08
single_methods
method_type='mean_cvar_sharpe' np.sum(weights)=1.000000 active=100 weights.shape=(229,)
self.is_all_methods=False, self.min_weight=0.0, self.max_weight=0.08
single_methods
method_type='mean_cvar_sharpe' np.sum(weights)=1.000000 active=100 weights.shape=(229,)
self.is_all_methods=False, self.min_weight=0.0, self.max_weight=0.08
single_methods
method_type='mean_cvar_sharpe' np.sum(weights)=1.000000 active=100 weights.shape=(229,)
self.is_all_methods=False, self.min_weight=0.0, self.max_weight=0.08
single_methods
method_type='mean_cvar_sharpe' np.sum(weights)=1.000000 active=228 weights.shape=(229,)
self.is_all_methods=False, self.min_weight=0.0, self.max_weight=0.08
single_methods
method_type='mean_cvar_sharpe' np.sum(weights)=1.000000 active=228 weights.shape=(229,)
self.is_all_methods=False, self.min_weight=0.0, self.max_weight=0.08
single_methods
method_type='mean_cvar_sharpe' np.sum(weights)=1.000000 active=228 weights.shape=(229,)
self.is_all_methods=False, self.min_weight=0.0, self.max_weight=0.12
single_methods
method_type='mean_cvar_sharpe' np.sum(weights)=1.000000 active=129 weights.shape=(229,)
self.is_all_methods=False, self.min_weight=0.0, self.max_weight=0.12
single_methods
method_type='mean_cvar_sharpe' np.sum(weights)=1.000000 active=129 weights.shape=(229,)
self.is_all_methods=False, self.min_weight=0.0, self.max_weight=0.12
single_methods
method_type='mean_cvar_sharpe' np.sum(weights)=1.000000 active=129 weights.shape=(229,)
self.is_all_methods=False, self.min_weight=0.0, self.max_weight=0.12
single_methods
method_type='mean_cvar_sharpe' np.sum(weights)=1.000000 active=125 weights.shape=(229,)
self.is_all_methods=False, self.min_weight=0.0, self.max_weight=0.12
single_methods
method_type='mean_cvar_sharpe' np.sum(weights)=1.000000 active=125 weights.shape=(229,)
self.is_all_methods=False, self.min_weight=0.0, self.max_weight=0.12
single_methods
method_type='mean_cvar_sharpe' np.sum(weights)=1.000000 active=125 weights.shape=(229,)
self.is_all_methods=False, self.min_weight=0.0, self.max_weight=0.12
single_methods
method_type='mean_cvar_sharpe' np.sum(weights)=1.000000 active=131 weights.shape=(229,)
self.is_all_methods=False, self.min_weight=0.0, self.max_weight=0.12
single_methods
method_type='mean_cvar_sharpe' np.sum(weights)=1.000000 active=131 weights.shape=(229,)
self.is_all_methods=False, self.min_weight=0.0, self.max_weight=0.12
single_methods
method_type='mean_cvar_sharpe' np.sum(weights)=1.000000 active=131 weights.shape=(229,)
self.is_all_methods=False, self.min_weight=0.0, self.max_weight=0.12
single_methods
method_type='mean_cvar_sharpe' np.sum(weights)=1.000000 active=119 weights.shape=(229,)
self.is_all_methods=False, self.min_weight=0.0, self.max_weight=0.12
single_methods
method_type='mean_cvar_sharpe' np.sum(weights)=1.000000 active=119 weights.shape=(229,)
self.is_all_methods=False, self.min_weight=0.0, self.max_weight=0.12
single_methods
method_type='mean_cvar_sharpe' np.sum(weights)=1.000000 active=119 weights.shape=(229,)
1.0 2020-08-03 00:00:00 1321.8508512788999 0.042438612042957964 0.00010576118827075984 0.04243861204295807
PROGRESS	2020-08-03	229	68	0.04243861204295807	1321.8508512788999
Portfolio optimization with 18 month weight rebalancing 2020-07-01 00:00:00: : 19it [03:46, 13.08s/it]Portfolio optimization with 19 month weight rebalancing 2020-08-03 00:00:00: : 19it [03:46, 13.08s/it]self.is_all_methods=False, self.min_weight=0.0, self.max_weight=0.08
single_methods
[RC-LP] method_type='return_cvar_constraint' sum=1.0000 active=18
self.is_all_methods=False, self.min_weight=0.0, self.max_weight=0.08
single_methods
[RC-LP] method_type='return_cvar_constraint' sum=1.0000 active=18
self.is_all_methods=False, self.min_weight=0.0, self.max_weight=0.08
single_methods
[RC-LP] method_type='return_cvar_constraint' sum=1.0000 active=23
self.is_all_methods=False, self.min_weight=0.0, self.max_weight=0.08
single_methods
[RC-LP] method_type='return_cvar_constraint' sum=1.0000 active=15
self.is_all_methods=False, self.min_weight=0.0, self.max_weight=0.08
single_methods
[RC-LP] method_type='return_cvar_constraint' sum=1.0000 active=18
self.is_all_methods=False, self.min_weight=0.0, self.max_weight=0.08
single_methods
[RC-LP] method_type='return_cvar_constraint' sum=1.0000 active=16
self.is_all_methods=False, self.min_weight=0.0, self.max_weight=0.08
single_methods
[RC-LP] method_type='return_cvar_constraint' sum=1.0000 active=24
self.is_all_methods=False, self.min_weight=0.0, self.max_weight=0.08
single_methods
[RC-LP] method_type='return_cvar_constraint' sum=1.0000 active=26
self.is_all_methods=False, self.min_weight=0.0, self.max_weight=0.08
single_methods
[RC-LP] method_type='return_cvar_constraint' sum=1.0000 active=29
self.is_all_methods=False, self.min_weight=0.0, self.max_weight=0.08
single_methods
[RC-LP] method_type='return_cvar_constraint' sum=1.0000 active=27
self.is_all_methods=False, self.min_weight=0.0, self.max_weight=0.08
single_methods
[RC-LP] method_type='return_cvar_constraint' sum=1.0000 active=23
self.is_all_methods=False, self.min_weight=0.0, self.max_weight=0.08
single_methods
[RC-LP] method_type='return_cvar_constraint' sum=1.0000 active=25
self.is_all_methods=False, self.min_weight=0.0, self.max_weight=0.12
single_methods
[RC-LP] method_type='return_cvar_constraint' sum=1.0000 active=13
self.is_all_methods=False, self.min_weight=0.0, self.max_weight=0.12
single_methods
[RC-LP] method_type='return_cvar_constraint' sum=1.0000 active=13
self.is_all_methods=False, self.min_weight=0.0, self.max_weight=0.12
single_methods
[RC-LP] method_type='return_cvar_constraint' sum=1.0000 active=10
self.is_all_methods=False, self.min_weight=0.0, self.max_weight=0.12
single_methods
[RC-LP] method_type='return_cvar_constraint' sum=1.0000 active=14
self.is_all_methods=False, self.min_weight=0.0, self.max_weight=0.12
single_methods
[RC-LP] method_type='return_cvar_constraint' sum=1.0000 active=13
self.is_all_methods=False, self.min_weight=0.0, self.max_weight=0.12
single_methods
[RC-LP] method_type='return_cvar_constraint' sum=1.0000 active=13
self.is_all_methods=False, self.min_weight=0.0, self.max_weight=0.12
single_methods
[RC-LP] method_type='return_cvar_constraint' sum=1.0000 active=22
self.is_all_methods=False, self.min_weight=0.0, self.max_weight=0.12
single_methods
[RC-LP] method_type='return_cvar_constraint' sum=1.0000 active=21
self.is_all_methods=False, self.min_weight=0.0, self.max_weight=0.12
single_methods
[RC-LP] method_type='return_cvar_constraint' sum=1.0000 active=22
self.is_all_methods=False, self.min_weight=0.0, self.max_weight=0.12
single_methods
[RC-LP] method_type='return_cvar_constraint' sum=1.0000 active=18
self.is_all_methods=False, self.min_weight=0.0, self.max_weight=0.12
single_methods
[RC-LP] method_type='return_cvar_constraint' sum=1.0000 active=20
self.is_all_methods=False, self.min_weight=0.0, self.max_weight=0.12
single_methods
[RC-LP] method_type='return_cvar_constraint' sum=1.0000 active=19
self.is_all_methods=False, self.min_weight=0.0, self.max_weight=0.08
single_methods
method_type='mean_cvar_sharpe' np.sum(weights)=1.000000 active=181 weights.shape=(231,)
self.is_all_methods=False, self.min_weight=0.0, self.max_weight=0.08
single_methods
method_type='mean_cvar_sharpe' np.sum(weights)=1.000000 active=181 weights.shape=(231,)
self.is_all_methods=False, self.min_weight=0.0, self.max_weight=0.08
single_methods
method_type='mean_cvar_sharpe' np.sum(weights)=1.000000 active=181 weights.shape=(231,)
self.is_all_methods=False, self.min_weight=0.0, self.max_weight=0.08
single_methods
method_type='mean_cvar_sharpe' np.sum(weights)=1.000000 active=70 weights.shape=(231,)
self.is_all_methods=False, self.min_weight=0.0, self.max_weight=0.08
single_methods
method_type='mean_cvar_sharpe' np.sum(weights)=1.000000 active=70 weights.shape=(231,)
self.is_all_methods=False, self.min_weight=0.0, self.max_weight=0.08
single_methods
method_type='mean_cvar_sharpe' np.sum(weights)=1.000000 active=70 weights.shape=(231,)
self.is_all_methods=False, self.min_weight=0.0, self.max_weight=0.08
single_methods
method_type='mean_cvar_sharpe' np.sum(weights)=1.000000 active=231 weights.shape=(231,)
self.is_all_methods=False, self.min_weight=0.0, self.max_weight=0.08
single_methods
method_type='mean_cvar_sharpe' np.sum(weights)=1.000000 active=231 weights.shape=(231,)
self.is_all_methods=False, self.min_weight=0.0, self.max_weight=0.08
single_methods
method_type='mean_cvar_sharpe' np.sum(weights)=1.000000 active=231 weights.shape=(231,)
self.is_all_methods=False, self.min_weight=0.0, self.max_weight=0.08
single_methods
method_type='mean_cvar_sharpe' np.sum(weights)=1.000000 active=181 weights.shape=(231,)
self.is_all_methods=False, self.min_weight=0.0, self.max_weight=0.08
single_methods
method_type='mean_cvar_sharpe' np.sum(weights)=1.000000 active=181 weights.shape=(231,)
self.is_all_methods=False, self.min_weight=0.0, self.max_weight=0.08
single_methods
method_type='mean_cvar_sharpe' np.sum(weights)=1.000000 active=181 weights.shape=(231,)
self.is_all_methods=False, self.min_weight=0.0, self.max_weight=0.12
single_methods
method_type='mean_cvar_sharpe' np.sum(weights)=1.000000 active=172 weights.shape=(231,)
self.is_all_methods=False, self.min_weight=0.0, self.max_weight=0.12
single_methods
method_type='mean_cvar_sharpe' np.sum(weights)=1.000000 active=172 weights.shape=(231,)
self.is_all_methods=False, self.min_weight=0.0, self.max_weight=0.12
single_methods
method_type='mean_cvar_sharpe' np.sum(weights)=1.000000 active=172 weights.shape=(231,)
self.is_all_methods=False, self.min_weight=0.0, self.max_weight=0.12
single_methods
method_type='mean_cvar_sharpe' np.sum(weights)=1.000000 active=74 weights.shape=(231,)
self.is_all_methods=False, self.min_weight=0.0, self.max_weight=0.12
single_methods
method_type='mean_cvar_sharpe' np.sum(weights)=1.000000 active=74 weights.shape=(231,)
self.is_all_methods=False, self.min_weight=0.0, self.max_weight=0.12
single_methods
method_type='mean_cvar_sharpe' np.sum(weights)=1.000000 active=74 weights.shape=(231,)
self.is_all_methods=False, self.min_weight=0.0, self.max_weight=0.12
single_methods
method_type='mean_cvar_sharpe' np.sum(weights)=1.000000 active=167 weights.shape=(231,)
self.is_all_methods=False, self.min_weight=0.0, self.max_weight=0.12
single_methods
method_type='mean_cvar_sharpe' np.sum(weights)=1.000000 active=167 weights.shape=(231,)
self.is_all_methods=False, self.min_weight=0.0, self.max_weight=0.12
single_methods
method_type='mean_cvar_sharpe' np.sum(weights)=1.000000 active=167 weights.shape=(231,)
self.is_all_methods=False, self.min_weight=0.0, self.max_weight=0.12
single_methods
method_type='mean_cvar_sharpe' np.sum(weights)=1.000000 active=170 weights.shape=(231,)
self.is_all_methods=False, self.min_weight=0.0, self.max_weight=0.12
single_methods
method_type='mean_cvar_sharpe' np.sum(weights)=1.000000 active=170 weights.shape=(231,)
self.is_all_methods=False, self.min_weight=0.0, self.max_weight=0.12
single_methods
method_type='mean_cvar_sharpe' np.sum(weights)=1.000000 active=170 weights.shape=(231,)
1.0 2020-09-01 00:00:00 1366.0172262080207 0.03341252523791896 0.00010618268655113211 0.03341252523791893
PROGRESS	2020-09-01	231	68	0.03341252523791893	1366.0172262080207
Portfolio optimization with 19 month weight rebalancing 2020-08-03 00:00:00: : 20it [03:57, 12.58s/it]Portfolio optimization with 20 month weight rebalancing 2020-09-01 00:00:00: : 20it [03:57, 12.58s/it]self.is_all_methods=False, self.min_weight=0.0, self.max_weight=0.08
single_methods
[RC-LP] method_type='return_cvar_constraint' sum=1.0000 active=19
self.is_all_methods=False, self.min_weight=0.0, self.max_weight=0.08
single_methods
[RC-LP] method_type='return_cvar_constraint' sum=1.0000 active=20
self.is_all_methods=False, self.min_weight=0.0, self.max_weight=0.08
single_methods
[RC-LP] method_type='return_cvar_constraint' sum=1.0000 active=19
self.is_all_methods=False, self.min_weight=0.0, self.max_weight=0.08
single_methods
[RC-LP] method_type='return_cvar_constraint' sum=1.0000 active=20
self.is_all_methods=False, self.min_weight=0.0, self.max_weight=0.08
single_methods
[RC-LP] method_type='return_cvar_constraint' sum=1.0000 active=20
self.is_all_methods=False, self.min_weight=0.0, self.max_weight=0.08
single_methods
[RC-LP] method_type='return_cvar_constraint' sum=1.0000 active=20
self.is_all_methods=False, self.min_weight=0.0, self.max_weight=0.08
single_methods
[RC-LP] method_type='return_cvar_constraint' sum=1.0000 active=23
self.is_all_methods=False, self.min_weight=0.0, self.max_weight=0.08
single_methods
[RC-LP] method_type='return_cvar_constraint' sum=1.0000 active=23
self.is_all_methods=False, self.min_weight=0.0, self.max_weight=0.08
single_methods
[RC-LP] method_type='return_cvar_constraint' sum=1.0000 active=24
self.is_all_methods=False, self.min_weight=0.0, self.max_weight=0.08
single_methods
[RC-LP] method_type='return_cvar_constraint' sum=1.0000 active=26
self.is_all_methods=False, self.min_weight=0.0, self.max_weight=0.08
single_methods
[RC-LP] method_type='return_cvar_constraint' sum=1.0000 active=26
self.is_all_methods=False, self.min_weight=0.0, self.max_weight=0.08
single_methods
[RC-LP] method_type='return_cvar_constraint' sum=1.0000 active=26
self.is_all_methods=False, self.min_weight=0.0, self.max_weight=0.12
single_methods
[RC-LP] method_type='return_cvar_constraint' sum=1.0000 active=13
self.is_all_methods=False, self.min_weight=0.0, self.max_weight=0.12
single_methods
[RC-LP] method_type='return_cvar_constraint' sum=1.0000 active=12
self.is_all_methods=False, self.min_weight=0.0, self.max_weight=0.12
single_methods
[RC-LP] method_type='return_cvar_constraint' sum=1.0000 active=12
self.is_all_methods=False, self.min_weight=0.0, self.max_weight=0.12
single_methods
[RC-LP] method_type='return_cvar_constraint' sum=1.0000 active=13
self.is_all_methods=False, self.min_weight=0.0, self.max_weight=0.12
single_methods
[RC-LP] method_type='return_cvar_constraint' sum=1.0000 active=14
self.is_all_methods=False, self.min_weight=0.0, self.max_weight=0.12
single_methods
[RC-LP] method_type='return_cvar_constraint' sum=1.0000 active=14
self.is_all_methods=False, self.min_weight=0.0, self.max_weight=0.12
single_methods
[RC-LP] method_type='return_cvar_constraint' sum=1.0000 active=21
self.is_all_methods=False, self.min_weight=0.0, self.max_weight=0.12
single_methods
[RC-LP] method_type='return_cvar_constraint' sum=1.0000 active=19
self.is_all_methods=False, self.min_weight=0.0, self.max_weight=0.12
single_methods
[RC-LP] method_type='return_cvar_constraint' sum=1.0000 active=20
self.is_all_methods=False, self.min_weight=0.0, self.max_weight=0.12
single_methods
[RC-LP] method_type='return_cvar_constraint' sum=1.0000 active=25
self.is_all_methods=False, self.min_weight=0.0, self.max_weight=0.12
single_methods
[RC-LP] method_type='return_cvar_constraint' sum=1.0000 active=22
self.is_all_methods=False, self.min_weight=0.0, self.max_weight=0.12
single_methods
[RC-LP] method_type='return_cvar_constraint' sum=1.0000 active=21
self.is_all_methods=False, self.min_weight=0.0, self.max_weight=0.08
single_methods
method_type='mean_cvar_sharpe' np.sum(weights)=1.000000 active=169 weights.shape=(231,)
self.is_all_methods=False, self.min_weight=0.0, self.max_weight=0.08
single_methods
method_type='mean_cvar_sharpe' np.sum(weights)=1.000000 active=169 weights.shape=(231,)
self.is_all_methods=False, self.min_weight=0.0, self.max_weight=0.08
single_methods
method_type='mean_cvar_sharpe' np.sum(weights)=1.000000 active=169 weights.shape=(231,)
self.is_all_methods=False, self.min_weight=0.0, self.max_weight=0.08
single_methods
method_type='mean_cvar_sharpe' np.sum(weights)=1.000000 active=164 weights.shape=(231,)
self.is_all_methods=False, self.min_weight=0.0, self.max_weight=0.08
single_methods
method_type='mean_cvar_sharpe' np.sum(weights)=1.000000 active=164 weights.shape=(231,)
self.is_all_methods=False, self.min_weight=0.0, self.max_weight=0.08
single_methods
method_type='mean_cvar_sharpe' np.sum(weights)=1.000000 active=164 weights.shape=(231,)
self.is_all_methods=False, self.min_weight=0.0, self.max_weight=0.08
single_methods
method_type='mean_cvar_sharpe' np.sum(weights)=1.000000 active=81 weights.shape=(231,)
self.is_all_methods=False, self.min_weight=0.0, self.max_weight=0.08
single_methods
method_type='mean_cvar_sharpe' np.sum(weights)=1.000000 active=81 weights.shape=(231,)
self.is_all_methods=False, self.min_weight=0.0, self.max_weight=0.08
single_methods
method_type='mean_cvar_sharpe' np.sum(weights)=1.000000 active=81 weights.shape=(231,)
self.is_all_methods=False, self.min_weight=0.0, self.max_weight=0.08
single_methods
method_type='mean_cvar_sharpe' np.sum(weights)=1.000000 active=168 weights.shape=(231,)
self.is_all_methods=False, self.min_weight=0.0, self.max_weight=0.08
single_methods
method_type='mean_cvar_sharpe' np.sum(weights)=1.000000 active=168 weights.shape=(231,)
self.is_all_methods=False, self.min_weight=0.0, self.max_weight=0.08
single_methods
method_type='mean_cvar_sharpe' np.sum(weights)=1.000000 active=168 weights.shape=(231,)
self.is_all_methods=False, self.min_weight=0.0, self.max_weight=0.12
single_methods
method_type='mean_cvar_sharpe' np.sum(weights)=1.000000 active=231 weights.shape=(231,)
self.is_all_methods=False, self.min_weight=0.0, self.max_weight=0.12
single_methods
method_type='mean_cvar_sharpe' np.sum(weights)=1.000000 active=231 weights.shape=(231,)
self.is_all_methods=False, self.min_weight=0.0, self.max_weight=0.12
single_methods
method_type='mean_cvar_sharpe' np.sum(weights)=1.000000 active=231 weights.shape=(231,)
self.is_all_methods=False, self.min_weight=0.0, self.max_weight=0.12
single_methods
method_type='mean_cvar_sharpe' np.sum(weights)=1.000000 active=231 weights.shape=(231,)
self.is_all_methods=False, self.min_weight=0.0, self.max_weight=0.12
single_methods
method_type='mean_cvar_sharpe' np.sum(weights)=1.000000 active=231 weights.shape=(231,)
self.is_all_methods=False, self.min_weight=0.0, self.max_weight=0.12
single_methods
method_type='mean_cvar_sharpe' np.sum(weights)=1.000000 active=231 weights.shape=(231,)
self.is_all_methods=False, self.min_weight=0.0, self.max_weight=0.12
single_methods
method_type='mean_cvar_sharpe' np.sum(weights)=1.000000 active=231 weights.shape=(231,)
self.is_all_methods=False, self.min_weight=0.0, self.max_weight=0.12
single_methods
method_type='mean_cvar_sharpe' np.sum(weights)=1.000000 active=231 weights.shape=(231,)
self.is_all_methods=False, self.min_weight=0.0, self.max_weight=0.12
single_methods
method_type='mean_cvar_sharpe' np.sum(weights)=1.000000 active=231 weights.shape=(231,)
self.is_all_methods=False, self.min_weight=0.0, self.max_weight=0.12
single_methods
method_type='mean_cvar_sharpe' np.sum(weights)=1.000000 active=231 weights.shape=(231,)
self.is_all_methods=False, self.min_weight=0.0, self.max_weight=0.12
single_methods
method_type='mean_cvar_sharpe' np.sum(weights)=1.000000 active=231 weights.shape=(231,)
self.is_all_methods=False, self.min_weight=0.0, self.max_weight=0.12
single_methods
method_type='mean_cvar_sharpe' np.sum(weights)=1.000000 active=231 weights.shape=(231,)
1.0 2020-10-01 00:00:00 1345.6483737830135 -0.014911124130952443 5.8481285028307364e-05 -0.014911124130952413
PROGRESS	2020-10-01	231	65	-0.014911124130952413	1345.6483737830135
Portfolio optimization with 20 month weight rebalancing 2020-09-01 00:00:00: : 21it [04:09, 12.47s/it]Portfolio optimization with 21 month weight rebalancing 2020-10-01 00:00:00: : 21it [04:09, 12.47s/it]self.is_all_methods=False, self.min_weight=0.0, self.max_weight=0.08
single_methods
[RC-LP] method_type='return_cvar_constraint' sum=1.0000 active=24
self.is_all_methods=False, self.min_weight=0.0, self.max_weight=0.08
single_methods
[RC-LP] method_type='return_cvar_constraint' sum=1.0000 active=23
self.is_all_methods=False, self.min_weight=0.0, self.max_weight=0.08
single_methods
[RC-LP] method_type='return_cvar_constraint' sum=1.0000 active=21
self.is_all_methods=False, self.min_weight=0.0, self.max_weight=0.08
single_methods
[RC-LP] method_type='return_cvar_constraint' sum=1.0000 active=20
self.is_all_methods=False, self.min_weight=0.0, self.max_weight=0.08
single_methods
[RC-LP] method_type='return_cvar_constraint' sum=1.0000 active=19
self.is_all_methods=False, self.min_weight=0.0, self.max_weight=0.08
single_methods
[RC-LP] method_type='return_cvar_constraint' sum=1.0000 active=19
self.is_all_methods=False, self.min_weight=0.0, self.max_weight=0.08
single_methods
[RC-LP] method_type='return_cvar_constraint' sum=1.0000 active=27
self.is_all_methods=False, self.min_weight=0.0, self.max_weight=0.08
single_methods
[RC-LP] method_type='return_cvar_constraint' sum=1.0000 active=28
self.is_all_methods=False, self.min_weight=0.0, self.max_weight=0.08
single_methods
[RC-LP] method_type='return_cvar_constraint' sum=1.0000 active=25
self.is_all_methods=False, self.min_weight=0.0, self.max_weight=0.08
single_methods
[RC-LP] method_type='return_cvar_constraint' sum=1.0000 active=27
self.is_all_methods=False, self.min_weight=0.0, self.max_weight=0.08
single_methods
[RC-LP] method_type='return_cvar_constraint' sum=1.0000 active=28
self.is_all_methods=False, self.min_weight=0.0, self.max_weight=0.08
single_methods
[RC-LP] method_type='return_cvar_constraint' sum=1.0000 active=26
self.is_all_methods=False, self.min_weight=0.0, self.max_weight=0.12
single_methods
[RC-LP] method_type='return_cvar_constraint' sum=1.0000 active=12
self.is_all_methods=False, self.min_weight=0.0, self.max_weight=0.12
single_methods
[RC-LP] method_type='return_cvar_constraint' sum=1.0000 active=13
self.is_all_methods=False, self.min_weight=0.0, self.max_weight=0.12
single_methods
[RC-LP] method_type='return_cvar_constraint' sum=1.0000 active=13
self.is_all_methods=False, self.min_weight=0.0, self.max_weight=0.12
single_methods
[RC-LP] method_type='return_cvar_constraint' sum=1.0000 active=12
self.is_all_methods=False, self.min_weight=0.0, self.max_weight=0.12
single_methods
[RC-LP] method_type='return_cvar_constraint' sum=1.0000 active=14
self.is_all_methods=False, self.min_weight=0.0, self.max_weight=0.12
single_methods
[RC-LP] method_type='return_cvar_constraint' sum=1.0000 active=13
self.is_all_methods=False, self.min_weight=0.0, self.max_weight=0.12
single_methods
[RC-LP] method_type='return_cvar_constraint' sum=1.0000 active=21
self.is_all_methods=False, self.min_weight=0.0, self.max_weight=0.12
single_methods
[RC-LP] method_type='return_cvar_constraint' sum=1.0000 active=18
self.is_all_methods=False, self.min_weight=0.0, self.max_weight=0.12
single_methods
[RC-LP] method_type='return_cvar_constraint' sum=1.0000 active=21
self.is_all_methods=False, self.min_weight=0.0, self.max_weight=0.12
single_methods
[RC-LP] method_type='return_cvar_constraint' sum=1.0000 active=18
self.is_all_methods=False, self.min_weight=0.0, self.max_weight=0.12
single_methods
[RC-LP] method_type='return_cvar_constraint' sum=1.0000 active=18
self.is_all_methods=False, self.min_weight=0.0, self.max_weight=0.12
single_methods
[RC-LP] method_type='return_cvar_constraint' sum=1.0000 active=16
self.is_all_methods=False, self.min_weight=0.0, self.max_weight=0.08
single_methods
method_type='mean_cvar_sharpe' np.sum(weights)=1.000000 active=151 weights.shape=(230,)
self.is_all_methods=False, self.min_weight=0.0, self.max_weight=0.08
single_methods
method_type='mean_cvar_sharpe' np.sum(weights)=1.000000 active=151 weights.shape=(230,)
self.is_all_methods=False, self.min_weight=0.0, self.max_weight=0.08
single_methods
method_type='mean_cvar_sharpe' np.sum(weights)=1.000000 active=151 weights.shape=(230,)
self.is_all_methods=False, self.min_weight=0.0, self.max_weight=0.08
single_methods
method_type='mean_cvar_sharpe' np.sum(weights)=1.000000 active=151 weights.shape=(230,)
self.is_all_methods=False, self.min_weight=0.0, self.max_weight=0.08
single_methods
method_type='mean_cvar_sharpe' np.sum(weights)=1.000000 active=151 weights.shape=(230,)
self.is_all_methods=False, self.min_weight=0.0, self.max_weight=0.08
single_methods
method_type='mean_cvar_sharpe' np.sum(weights)=1.000000 active=151 weights.shape=(230,)
self.is_all_methods=False, self.min_weight=0.0, self.max_weight=0.08
single_methods
method_type='mean_cvar_sharpe' np.sum(weights)=1.000000 active=151 weights.shape=(230,)
self.is_all_methods=False, self.min_weight=0.0, self.max_weight=0.08
single_methods
method_type='mean_cvar_sharpe' np.sum(weights)=1.000000 active=151 weights.shape=(230,)
self.is_all_methods=False, self.min_weight=0.0, self.max_weight=0.08
single_methods
method_type='mean_cvar_sharpe' np.sum(weights)=1.000000 active=151 weights.shape=(230,)
self.is_all_methods=False, self.min_weight=0.0, self.max_weight=0.08
single_methods
method_type='mean_cvar_sharpe' np.sum(weights)=1.000000 active=92 weights.shape=(230,)
self.is_all_methods=False, self.min_weight=0.0, self.max_weight=0.08
single_methods
method_type='mean_cvar_sharpe' np.sum(weights)=1.000000 active=92 weights.shape=(230,)
self.is_all_methods=False, self.min_weight=0.0, self.max_weight=0.08
single_methods
method_type='mean_cvar_sharpe' np.sum(weights)=1.000000 active=92 weights.shape=(230,)
self.is_all_methods=False, self.min_weight=0.0, self.max_weight=0.12
single_methods
method_type='mean_cvar_sharpe' np.sum(weights)=1.000000 active=153 weights.shape=(230,)
self.is_all_methods=False, self.min_weight=0.0, self.max_weight=0.12
single_methods
method_type='mean_cvar_sharpe' np.sum(weights)=1.000000 active=153 weights.shape=(230,)
self.is_all_methods=False, self.min_weight=0.0, self.max_weight=0.12
single_methods
method_type='mean_cvar_sharpe' np.sum(weights)=1.000000 active=153 weights.shape=(230,)
self.is_all_methods=False, self.min_weight=0.0, self.max_weight=0.12
single_methods
method_type='mean_cvar_sharpe' np.sum(weights)=1.000000 active=94 weights.shape=(230,)
self.is_all_methods=False, self.min_weight=0.0, self.max_weight=0.12
single_methods
method_type='mean_cvar_sharpe' np.sum(weights)=1.000000 active=94 weights.shape=(230,)
self.is_all_methods=False, self.min_weight=0.0, self.max_weight=0.12
single_methods
method_type='mean_cvar_sharpe' np.sum(weights)=1.000000 active=94 weights.shape=(230,)
self.is_all_methods=False, self.min_weight=0.0, self.max_weight=0.12
single_methods
method_type='mean_cvar_sharpe' np.sum(weights)=1.000000 active=154 weights.shape=(230,)
self.is_all_methods=False, self.min_weight=0.0, self.max_weight=0.12
single_methods
method_type='mean_cvar_sharpe' np.sum(weights)=1.000000 active=154 weights.shape=(230,)
self.is_all_methods=False, self.min_weight=0.0, self.max_weight=0.12
single_methods
method_type='mean_cvar_sharpe' np.sum(weights)=1.000000 active=154 weights.shape=(230,)
self.is_all_methods=False, self.min_weight=0.0, self.max_weight=0.12
single_methods
method_type='mean_cvar_sharpe' np.sum(weights)=1.000000 active=93 weights.shape=(230,)
self.is_all_methods=False, self.min_weight=0.0, self.max_weight=0.12
single_methods
method_type='mean_cvar_sharpe' np.sum(weights)=1.000000 active=93 weights.shape=(230,)
self.is_all_methods=False, self.min_weight=0.0, self.max_weight=0.12
single_methods
method_type='mean_cvar_sharpe' np.sum(weights)=1.000000 active=93 weights.shape=(230,)
0.5 2020-11-02 00:00:00 1336.7636202848287 -0.006602581826935319 3.1506643673376385e-05 -0.006602581826935405
PROGRESS	2020-11-02	230	64	-0.006602581826935405	1336.7636202848287
Portfolio optimization with 21 month weight rebalancing 2020-10-01 00:00:00: : 22it [04:21, 12.12s/it]Portfolio optimization with 22 month weight rebalancing 2020-11-02 00:00:00: : 22it [04:21, 12.12s/it]self.is_all_methods=False, self.min_weight=0.0, self.max_weight=0.08
single_methods
[RC-LP] method_type='return_cvar_constraint' sum=1.0000 active=17
self.is_all_methods=False, self.min_weight=0.0, self.max_weight=0.08
single_methods
[RC-LP] method_type='return_cvar_constraint' sum=1.0000 active=18
self.is_all_methods=False, self.min_weight=0.0, self.max_weight=0.08
single_methods
[RC-LP] method_type='return_cvar_constraint' sum=1.0000 active=17
self.is_all_methods=False, self.min_weight=0.0, self.max_weight=0.08
single_methods
[RC-LP] method_type='return_cvar_constraint' sum=1.0000 active=17
self.is_all_methods=False, self.min_weight=0.0, self.max_weight=0.08
single_methods
[RC-LP] method_type='return_cvar_constraint' sum=1.0000 active=17
self.is_all_methods=False, self.min_weight=0.0, self.max_weight=0.08
single_methods
[RC-LP] method_type='return_cvar_constraint' sum=1.0000 active=19
self.is_all_methods=False, self.min_weight=0.0, self.max_weight=0.08
single_methods
[RC-LP] method_type='return_cvar_constraint' sum=1.0000 active=18
self.is_all_methods=False, self.min_weight=0.0, self.max_weight=0.08
single_methods
[RC-LP] method_type='return_cvar_constraint' sum=1.0000 active=21
self.is_all_methods=False, self.min_weight=0.0, self.max_weight=0.08
single_methods
[RC-LP] method_type='return_cvar_constraint' sum=1.0000 active=27
self.is_all_methods=False, self.min_weight=0.0, self.max_weight=0.08
single_methods
[RC-LP] method_type='return_cvar_constraint' sum=1.0000 active=19
self.is_all_methods=False, self.min_weight=0.0, self.max_weight=0.08
single_methods
[RC-LP] method_type='return_cvar_constraint' sum=1.0000 active=22
self.is_all_methods=False, self.min_weight=0.0, self.max_weight=0.08
single_methods
[RC-LP] method_type='return_cvar_constraint' sum=1.0000 active=27
self.is_all_methods=False, self.min_weight=0.0, self.max_weight=0.12
single_methods
[RC-LP] method_type='return_cvar_constraint' sum=1.0000 active=10
self.is_all_methods=False, self.min_weight=0.0, self.max_weight=0.12
single_methods
[RC-LP] method_type='return_cvar_constraint' sum=1.0000 active=11
self.is_all_methods=False, self.min_weight=0.0, self.max_weight=0.12
single_methods
[RC-LP] method_type='return_cvar_constraint' sum=1.0000 active=9
self.is_all_methods=False, self.min_weight=0.0, self.max_weight=0.12
single_methods
[RC-LP] method_type='return_cvar_constraint' sum=1.0000 active=9
self.is_all_methods=False, self.min_weight=0.0, self.max_weight=0.12
single_methods
[RC-LP] method_type='return_cvar_constraint' sum=1.0000 active=10
self.is_all_methods=False, self.min_weight=0.0, self.max_weight=0.12
single_methods
[RC-LP] method_type='return_cvar_constraint' sum=1.0000 active=9
self.is_all_methods=False, self.min_weight=0.0, self.max_weight=0.12
single_methods
[RC-LP] method_type='return_cvar_constraint' sum=1.0000 active=15
self.is_all_methods=False, self.min_weight=0.0, self.max_weight=0.12
single_methods
[RC-LP] method_type='return_cvar_constraint' sum=1.0000 active=15
self.is_all_methods=False, self.min_weight=0.0, self.max_weight=0.12
single_methods
[RC-LP] method_type='return_cvar_constraint' sum=1.0000 active=15
self.is_all_methods=False, self.min_weight=0.0, self.max_weight=0.12
single_methods
[RC-LP] method_type='return_cvar_constraint' sum=1.0000 active=14
self.is_all_methods=False, self.min_weight=0.0, self.max_weight=0.12
single_methods
[RC-LP] method_type='return_cvar_constraint' sum=1.0000 active=13
self.is_all_methods=False, self.min_weight=0.0, self.max_weight=0.12
single_methods
[RC-LP] method_type='return_cvar_constraint' sum=1.0000 active=14
self.is_all_methods=False, self.min_weight=0.0, self.max_weight=0.08
single_methods
method_type='mean_cvar_sharpe' np.sum(weights)=1.000000 active=169 weights.shape=(230,)
self.is_all_methods=False, self.min_weight=0.0, self.max_weight=0.08
single_methods
method_type='mean_cvar_sharpe' np.sum(weights)=1.000000 active=169 weights.shape=(230,)
self.is_all_methods=False, self.min_weight=0.0, self.max_weight=0.08
single_methods
method_type='mean_cvar_sharpe' np.sum(weights)=1.000000 active=169 weights.shape=(230,)
self.is_all_methods=False, self.min_weight=0.0, self.max_weight=0.08
single_methods
method_type='mean_cvar_sharpe' np.sum(weights)=1.000000 active=75 weights.shape=(230,)
self.is_all_methods=False, self.min_weight=0.0, self.max_weight=0.08
single_methods
method_type='mean_cvar_sharpe' np.sum(weights)=1.000000 active=75 weights.shape=(230,)
self.is_all_methods=False, self.min_weight=0.0, self.max_weight=0.08
single_methods
method_type='mean_cvar_sharpe' np.sum(weights)=1.000000 active=75 weights.shape=(230,)
self.is_all_methods=False, self.min_weight=0.0, self.max_weight=0.08
single_methods
method_type='mean_cvar_sharpe' np.sum(weights)=1.000000 active=75 weights.shape=(230,)
self.is_all_methods=False, self.min_weight=0.0, self.max_weight=0.08
single_methods
method_type='mean_cvar_sharpe' np.sum(weights)=1.000000 active=75 weights.shape=(230,)
self.is_all_methods=False, self.min_weight=0.0, self.max_weight=0.08
single_methods
method_type='mean_cvar_sharpe' np.sum(weights)=1.000000 active=75 weights.shape=(230,)
self.is_all_methods=False, self.min_weight=0.0, self.max_weight=0.08
single_methods
method_type='mean_cvar_sharpe' np.sum(weights)=1.000000 active=77 weights.shape=(230,)
self.is_all_methods=False, self.min_weight=0.0, self.max_weight=0.08
single_methods
method_type='mean_cvar_sharpe' np.sum(weights)=1.000000 active=77 weights.shape=(230,)
self.is_all_methods=False, self.min_weight=0.0, self.max_weight=0.08
single_methods
method_type='mean_cvar_sharpe' np.sum(weights)=1.000000 active=77 weights.shape=(230,)
self.is_all_methods=False, self.min_weight=0.0, self.max_weight=0.12
single_methods
method_type='mean_cvar_sharpe' np.sum(weights)=1.000000 active=78 weights.shape=(230,)
self.is_all_methods=False, self.min_weight=0.0, self.max_weight=0.12
single_methods
method_type='mean_cvar_sharpe' np.sum(weights)=1.000000 active=78 weights.shape=(230,)
self.is_all_methods=False, self.min_weight=0.0, self.max_weight=0.12
single_methods
method_type='mean_cvar_sharpe' np.sum(weights)=1.000000 active=78 weights.shape=(230,)
self.is_all_methods=False, self.min_weight=0.0, self.max_weight=0.12
single_methods
method_type='mean_cvar_sharpe' np.sum(weights)=1.000000 active=230 weights.shape=(230,)
self.is_all_methods=False, self.min_weight=0.0, self.max_weight=0.12
single_methods
method_type='mean_cvar_sharpe' np.sum(weights)=1.000000 active=230 weights.shape=(230,)
self.is_all_methods=False, self.min_weight=0.0, self.max_weight=0.12
single_methods
method_type='mean_cvar_sharpe' np.sum(weights)=1.000000 active=230 weights.shape=(230,)
self.is_all_methods=False, self.min_weight=0.0, self.max_weight=0.12
single_methods
method_type='mean_cvar_sharpe' np.sum(weights)=1.000000 active=165 weights.shape=(230,)
self.is_all_methods=False, self.min_weight=0.0, self.max_weight=0.12
single_methods
method_type='mean_cvar_sharpe' np.sum(weights)=1.000000 active=165 weights.shape=(230,)
self.is_all_methods=False, self.min_weight=0.0, self.max_weight=0.12
single_methods
method_type='mean_cvar_sharpe' np.sum(weights)=1.000000 active=165 weights.shape=(230,)
self.is_all_methods=False, self.min_weight=0.0, self.max_weight=0.12
single_methods
method_type='mean_cvar_sharpe' np.sum(weights)=1.000000 active=78 weights.shape=(230,)
self.is_all_methods=False, self.min_weight=0.0, self.max_weight=0.12
single_methods
method_type='mean_cvar_sharpe' np.sum(weights)=1.000000 active=78 weights.shape=(230,)
self.is_all_methods=False, self.min_weight=0.0, self.max_weight=0.12
single_methods
method_type='mean_cvar_sharpe' np.sum(weights)=1.000000 active=78 weights.shape=(230,)
1.0 2020-12-01 00:00:00 1423.1539050768188 0.0646264481476409 5.142195292056526e-05 0.06462644814764085
PROGRESS	2020-12-01	230	64	0.06462644814764085	1423.1539050768188
Portfolio optimization with 22 month weight rebalancing 2020-11-02 00:00:00: : 23it [04:32, 12.00s/it]Portfolio optimization with 23 month weight rebalancing 2020-12-01 00:00:00: : 23it [04:32, 12.00s/it]self.is_all_methods=False, self.min_weight=0.0, self.max_weight=0.08
single_methods
[RC-LP] method_type='return_cvar_constraint' sum=1.0000 active=17
self.is_all_methods=False, self.min_weight=0.0, self.max_weight=0.08
single_methods
[RC-LP] method_type='return_cvar_constraint' sum=1.0000 active=17
self.is_all_methods=False, self.min_weight=0.0, self.max_weight=0.08
single_methods
[RC-LP] method_type='return_cvar_constraint' sum=1.0000 active=18
self.is_all_methods=False, self.min_weight=0.0, self.max_weight=0.08
single_methods
[RC-LP] method_type='return_cvar_constraint' sum=1.0000 active=18
self.is_all_methods=False, self.min_weight=0.0, self.max_weight=0.08
single_methods
[RC-LP] method_type='return_cvar_constraint' sum=1.0000 active=18
self.is_all_methods=False, self.min_weight=0.0, self.max_weight=0.08
single_methods
[RC-LP] method_type='return_cvar_constraint' sum=1.0000 active=18
self.is_all_methods=False, self.min_weight=0.0, self.max_weight=0.08
single_methods
[RC-LP] method_type='return_cvar_constraint' sum=1.0000 active=19
self.is_all_methods=False, self.min_weight=0.0, self.max_weight=0.08
single_methods
[RC-LP] method_type='return_cvar_constraint' sum=1.0000 active=20
self.is_all_methods=False, self.min_weight=0.0, self.max_weight=0.08
single_methods
[RC-LP] method_type='return_cvar_constraint' sum=1.0000 active=19
self.is_all_methods=False, self.min_weight=0.0, self.max_weight=0.08
single_methods
[RC-LP] method_type='return_cvar_constraint' sum=1.0000 active=19
self.is_all_methods=False, self.min_weight=0.0, self.max_weight=0.08
single_methods
[RC-LP] method_type='return_cvar_constraint' sum=1.0000 active=20
self.is_all_methods=False, self.min_weight=0.0, self.max_weight=0.08
single_methods
[RC-LP] method_type='return_cvar_constraint' sum=1.0000 active=23
self.is_all_methods=False, self.min_weight=0.0, self.max_weight=0.12
single_methods
[RC-LP] method_type='return_cvar_constraint' sum=1.0000 active=13
self.is_all_methods=False, self.min_weight=0.0, self.max_weight=0.12
single_methods
[RC-LP] method_type='return_cvar_constraint' sum=1.0000 active=13
self.is_all_methods=False, self.min_weight=0.0, self.max_weight=0.12
single_methods
[RC-LP] method_type='return_cvar_constraint' sum=1.0000 active=13
self.is_all_methods=False, self.min_weight=0.0, self.max_weight=0.12
single_methods
[RC-LP] method_type='return_cvar_constraint' sum=1.0000 active=12
self.is_all_methods=False, self.min_weight=0.0, self.max_weight=0.12
single_methods
[RC-LP] method_type='return_cvar_constraint' sum=1.0000 active=14
self.is_all_methods=False, self.min_weight=0.0, self.max_weight=0.12
single_methods
[RC-LP] method_type='return_cvar_constraint' sum=1.0000 active=13
self.is_all_methods=False, self.min_weight=0.0, self.max_weight=0.12
single_methods
[RC-LP] method_type='return_cvar_constraint' sum=1.0000 active=15
self.is_all_methods=False, self.min_weight=0.0, self.max_weight=0.12
single_methods
[RC-LP] method_type='return_cvar_constraint' sum=1.0000 active=15
self.is_all_methods=False, self.min_weight=0.0, self.max_weight=0.12
single_methods
[RC-LP] method_type='return_cvar_constraint' sum=1.0000 active=14
self.is_all_methods=False, self.min_weight=0.0, self.max_weight=0.12
single_methods
[RC-LP] method_type='return_cvar_constraint' sum=1.0000 active=16
self.is_all_methods=False, self.min_weight=0.0, self.max_weight=0.12
single_methods
[RC-LP] method_type='return_cvar_constraint' sum=1.0000 active=17
self.is_all_methods=False, self.min_weight=0.0, self.max_weight=0.12
single_methods
[RC-LP] method_type='return_cvar_constraint' sum=1.0000 active=14
self.is_all_methods=False, self.min_weight=0.0, self.max_weight=0.08
single_methods
method_type='mean_cvar_sharpe' np.sum(weights)=1.000000 active=231 weights.shape=(231,)
self.is_all_methods=False, self.min_weight=0.0, self.max_weight=0.08
single_methods
method_type='mean_cvar_sharpe' np.sum(weights)=1.000000 active=231 weights.shape=(231,)
self.is_all_methods=False, self.min_weight=0.0, self.max_weight=0.08
single_methods
method_type='mean_cvar_sharpe' np.sum(weights)=1.000000 active=231 weights.shape=(231,)
self.is_all_methods=False, self.min_weight=0.0, self.max_weight=0.08
single_methods
method_type='mean_cvar_sharpe' np.sum(weights)=1.000000 active=69 weights.shape=(231,)
self.is_all_methods=False, self.min_weight=0.0, self.max_weight=0.08
single_methods
method_type='mean_cvar_sharpe' np.sum(weights)=1.000000 active=69 weights.shape=(231,)
self.is_all_methods=False, self.min_weight=0.0, self.max_weight=0.08
single_methods
method_type='mean_cvar_sharpe' np.sum(weights)=1.000000 active=69 weights.shape=(231,)
self.is_all_methods=False, self.min_weight=0.0, self.max_weight=0.08
single_methods
method_type='mean_cvar_sharpe' np.sum(weights)=1.000000 active=183 weights.shape=(231,)
self.is_all_methods=False, self.min_weight=0.0, self.max_weight=0.08
single_methods
method_type='mean_cvar_sharpe' np.sum(weights)=1.000000 active=183 weights.shape=(231,)
self.is_all_methods=False, self.min_weight=0.0, self.max_weight=0.08
single_methods
method_type='mean_cvar_sharpe' np.sum(weights)=1.000000 active=183 weights.shape=(231,)
self.is_all_methods=False, self.min_weight=0.0, self.max_weight=0.08
single_methods
method_type='mean_cvar_sharpe' np.sum(weights)=1.000000 active=231 weights.shape=(231,)
self.is_all_methods=False, self.min_weight=0.0, self.max_weight=0.08
single_methods
method_type='mean_cvar_sharpe' np.sum(weights)=1.000000 active=231 weights.shape=(231,)
self.is_all_methods=False, self.min_weight=0.0, self.max_weight=0.08
single_methods
method_type='mean_cvar_sharpe' np.sum(weights)=1.000000 active=231 weights.shape=(231,)
self.is_all_methods=False, self.min_weight=0.0, self.max_weight=0.12
single_methods
method_type='mean_cvar_sharpe' np.sum(weights)=1.000000 active=171 weights.shape=(231,)
self.is_all_methods=False, self.min_weight=0.0, self.max_weight=0.12
single_methods
method_type='mean_cvar_sharpe' np.sum(weights)=1.000000 active=171 weights.shape=(231,)
self.is_all_methods=False, self.min_weight=0.0, self.max_weight=0.12
single_methods
method_type='mean_cvar_sharpe' np.sum(weights)=1.000000 active=171 weights.shape=(231,)
self.is_all_methods=False, self.min_weight=0.0, self.max_weight=0.12
single_methods
method_type='mean_cvar_sharpe' np.sum(weights)=1.000000 active=173 weights.shape=(231,)
self.is_all_methods=False, self.min_weight=0.0, self.max_weight=0.12
single_methods
method_type='mean_cvar_sharpe' np.sum(weights)=1.000000 active=173 weights.shape=(231,)
self.is_all_methods=False, self.min_weight=0.0, self.max_weight=0.12
single_methods
method_type='mean_cvar_sharpe' np.sum(weights)=1.000000 active=173 weights.shape=(231,)
self.is_all_methods=False, self.min_weight=0.0, self.max_weight=0.12
single_methods
method_type='mean_cvar_sharpe' np.sum(weights)=1.000000 active=231 weights.shape=(231,)
self.is_all_methods=False, self.min_weight=0.0, self.max_weight=0.12
single_methods
method_type='mean_cvar_sharpe' np.sum(weights)=1.000000 active=231 weights.shape=(231,)
self.is_all_methods=False, self.min_weight=0.0, self.max_weight=0.12
single_methods
method_type='mean_cvar_sharpe' np.sum(weights)=1.000000 active=231 weights.shape=(231,)
self.is_all_methods=False, self.min_weight=0.0, self.max_weight=0.12
single_methods
method_type='mean_cvar_sharpe' np.sum(weights)=1.000000 active=77 weights.shape=(231,)
self.is_all_methods=False, self.min_weight=0.0, self.max_weight=0.12
single_methods
method_type='mean_cvar_sharpe' np.sum(weights)=1.000000 active=77 weights.shape=(231,)
self.is_all_methods=False, self.min_weight=0.0, self.max_weight=0.12
single_methods
method_type='mean_cvar_sharpe' np.sum(weights)=1.000000 active=77 weights.shape=(231,)
1.0 2021-01-04 00:00:00 1462.1749619672462 0.02741871891102393 4.436815524006015e-05 0.027418718911023987
PROGRESS	2021-01-04	231	64	0.027418718911023987	1462.1749619672462
Portfolio optimization with 23 month weight rebalancing 2020-12-01 00:00:00: : 24it [04:45, 12.27s/it]Portfolio optimization with 24 month weight rebalancing 2021-01-04 00:00:00: : 24it [04:45, 12.27s/it]self.is_all_methods=False, self.min_weight=0.0, self.max_weight=0.08
single_methods
[RC-LP] method_type='return_cvar_constraint' sum=1.0000 active=19
self.is_all_methods=False, self.min_weight=0.0, self.max_weight=0.08
single_methods
[RC-LP] method_type='return_cvar_constraint' sum=1.0000 active=18
self.is_all_methods=False, self.min_weight=0.0, self.max_weight=0.08
single_methods
[RC-LP] method_type='return_cvar_constraint' sum=1.0000 active=18
self.is_all_methods=False, self.min_weight=0.0, self.max_weight=0.08
single_methods
[RC-LP] method_type='return_cvar_constraint' sum=1.0000 active=20
self.is_all_methods=False, self.min_weight=0.0, self.max_weight=0.08
single_methods
[RC-LP] method_type='return_cvar_constraint' sum=1.0000 active=18
self.is_all_methods=False, self.min_weight=0.0, self.max_weight=0.08
single_methods
[RC-LP] method_type='return_cvar_constraint' sum=1.0000 active=17
self.is_all_methods=False, self.min_weight=0.0, self.max_weight=0.08
single_methods
[RC-LP] method_type='return_cvar_constraint' sum=1.0000 active=27
self.is_all_methods=False, self.min_weight=0.0, self.max_weight=0.08
single_methods
[RC-LP] method_type='return_cvar_constraint' sum=1.0000 active=28
self.is_all_methods=False, self.min_weight=0.0, self.max_weight=0.08
single_methods
[RC-LP] method_type='return_cvar_constraint' sum=1.0000 active=27
self.is_all_methods=False, self.min_weight=0.0, self.max_weight=0.08
single_methods
[RC-LP] method_type='return_cvar_constraint' sum=1.0000 active=27
self.is_all_methods=False, self.min_weight=0.0, self.max_weight=0.08
single_methods
[RC-LP] method_type='return_cvar_constraint' sum=1.0000 active=27
self.is_all_methods=False, self.min_weight=0.0, self.max_weight=0.08
single_methods
[RC-LP] method_type='return_cvar_constraint' sum=1.0000 active=28
self.is_all_methods=False, self.min_weight=0.0, self.max_weight=0.12
single_methods
[RC-LP] method_type='return_cvar_constraint' sum=1.0000 active=14
self.is_all_methods=False, self.min_weight=0.0, self.max_weight=0.12
single_methods
[RC-LP] method_type='return_cvar_constraint' sum=1.0000 active=15
self.is_all_methods=False, self.min_weight=0.0, self.max_weight=0.12
single_methods
[RC-LP] method_type='return_cvar_constraint' sum=1.0000 active=14
self.is_all_methods=False, self.min_weight=0.0, self.max_weight=0.12
single_methods
[RC-LP] method_type='return_cvar_constraint' sum=1.0000 active=12
self.is_all_methods=False, self.min_weight=0.0, self.max_weight=0.12
single_methods
[RC-LP] method_type='return_cvar_constraint' sum=1.0000 active=14
self.is_all_methods=False, self.min_weight=0.0, self.max_weight=0.12
single_methods
[RC-LP] method_type='return_cvar_constraint' sum=1.0000 active=16
self.is_all_methods=False, self.min_weight=0.0, self.max_weight=0.12
single_methods
[RC-LP] method_type='return_cvar_constraint' sum=1.0000 active=19
self.is_all_methods=False, self.min_weight=0.0, self.max_weight=0.12
single_methods
[RC-LP] method_type='return_cvar_constraint' sum=1.0000 active=22
self.is_all_methods=False, self.min_weight=0.0, self.max_weight=0.12
single_methods
[RC-LP] method_type='return_cvar_constraint' sum=1.0000 active=22
self.is_all_methods=False, self.min_weight=0.0, self.max_weight=0.12
single_methods
[RC-LP] method_type='return_cvar_constraint' sum=1.0000 active=22
self.is_all_methods=False, self.min_weight=0.0, self.max_weight=0.12
single_methods
[RC-LP] method_type='return_cvar_constraint' sum=1.0000 active=22
self.is_all_methods=False, self.min_weight=0.0, self.max_weight=0.12
single_methods
[RC-LP] method_type='return_cvar_constraint' sum=1.0000 active=24
self.is_all_methods=False, self.min_weight=0.0, self.max_weight=0.08
single_methods
method_type='mean_cvar_sharpe' np.sum(weights)=1.000000 active=177 weights.shape=(230,)
self.is_all_methods=False, self.min_weight=0.0, self.max_weight=0.08
single_methods
method_type='mean_cvar_sharpe' np.sum(weights)=1.000000 active=177 weights.shape=(230,)
self.is_all_methods=False, self.min_weight=0.0, self.max_weight=0.08
single_methods
method_type='mean_cvar_sharpe' np.sum(weights)=1.000000 active=177 weights.shape=(230,)
self.is_all_methods=False, self.min_weight=0.0, self.max_weight=0.08
single_methods
method_type='mean_cvar_sharpe' np.sum(weights)=1.000000 active=172 weights.shape=(230,)
self.is_all_methods=False, self.min_weight=0.0, self.max_weight=0.08
single_methods
method_type='mean_cvar_sharpe' np.sum(weights)=1.000000 active=172 weights.shape=(230,)
self.is_all_methods=False, self.min_weight=0.0, self.max_weight=0.08
single_methods
method_type='mean_cvar_sharpe' np.sum(weights)=1.000000 active=172 weights.shape=(230,)
self.is_all_methods=False, self.min_weight=0.0, self.max_weight=0.08
single_methods
method_type='mean_cvar_sharpe' np.sum(weights)=1.000000 active=72 weights.shape=(230,)
self.is_all_methods=False, self.min_weight=0.0, self.max_weight=0.08
single_methods
method_type='mean_cvar_sharpe' np.sum(weights)=1.000000 active=72 weights.shape=(230,)
self.is_all_methods=False, self.min_weight=0.0, self.max_weight=0.08
single_methods
method_type='mean_cvar_sharpe' np.sum(weights)=1.000000 active=72 weights.shape=(230,)
self.is_all_methods=False, self.min_weight=0.0, self.max_weight=0.08
single_methods
method_type='mean_cvar_sharpe' np.sum(weights)=1.000000 active=78 weights.shape=(230,)
self.is_all_methods=False, self.min_weight=0.0, self.max_weight=0.08
single_methods
method_type='mean_cvar_sharpe' np.sum(weights)=1.000000 active=78 weights.shape=(230,)
self.is_all_methods=False, self.min_weight=0.0, self.max_weight=0.08
single_methods
method_type='mean_cvar_sharpe' np.sum(weights)=1.000000 active=78 weights.shape=(230,)
self.is_all_methods=False, self.min_weight=0.0, self.max_weight=0.12
single_methods
method_type='mean_cvar_sharpe' np.sum(weights)=1.000000 active=80 weights.shape=(230,)
self.is_all_methods=False, self.min_weight=0.0, self.max_weight=0.12
single_methods
method_type='mean_cvar_sharpe' np.sum(weights)=1.000000 active=80 weights.shape=(230,)
self.is_all_methods=False, self.min_weight=0.0, self.max_weight=0.12
single_methods
method_type='mean_cvar_sharpe' np.sum(weights)=1.000000 active=80 weights.shape=(230,)
self.is_all_methods=False, self.min_weight=0.0, self.max_weight=0.12
single_methods
method_type='mean_cvar_sharpe' np.sum(weights)=1.000000 active=163 weights.shape=(230,)
self.is_all_methods=False, self.min_weight=0.0, self.max_weight=0.12
single_methods
method_type='mean_cvar_sharpe' np.sum(weights)=1.000000 active=163 weights.shape=(230,)
self.is_all_methods=False, self.min_weight=0.0, self.max_weight=0.12
single_methods
method_type='mean_cvar_sharpe' np.sum(weights)=1.000000 active=163 weights.shape=(230,)
self.is_all_methods=False, self.min_weight=0.0, self.max_weight=0.12
single_methods
method_type='mean_cvar_sharpe' np.sum(weights)=1.000000 active=84 weights.shape=(230,)
self.is_all_methods=False, self.min_weight=0.0, self.max_weight=0.12
single_methods
method_type='mean_cvar_sharpe' np.sum(weights)=1.000000 active=84 weights.shape=(230,)
self.is_all_methods=False, self.min_weight=0.0, self.max_weight=0.12
single_methods
method_type='mean_cvar_sharpe' np.sum(weights)=1.000000 active=84 weights.shape=(230,)
self.is_all_methods=False, self.min_weight=0.0, self.max_weight=0.12
single_methods
method_type='mean_cvar_sharpe' np.sum(weights)=1.000000 active=84 weights.shape=(230,)
self.is_all_methods=False, self.min_weight=0.0, self.max_weight=0.12
single_methods
method_type='mean_cvar_sharpe' np.sum(weights)=1.000000 active=84 weights.shape=(230,)
self.is_all_methods=False, self.min_weight=0.0, self.max_weight=0.12
single_methods
method_type='mean_cvar_sharpe' np.sum(weights)=1.000000 active=84 weights.shape=(230,)
1.0 2021-02-01 00:00:00 1464.3277505637673 0.0014723194231317208 4.793710103437616e-05 0.0014723194231316405
PROGRESS	2021-02-01	230	63	0.0014723194231316405	1464.3277505637673
Portfolio optimization with 24 month weight rebalancing 2021-01-04 00:00:00: : 25it [04:57, 12.06s/it]Portfolio optimization with 25 month weight rebalancing 2021-02-01 00:00:00: : 25it [04:57, 12.06s/it]self.is_all_methods=False, self.min_weight=0.0, self.max_weight=0.08
single_methods
[RC-LP] method_type='return_cvar_constraint' sum=1.0000 active=20
self.is_all_methods=False, self.min_weight=0.0, self.max_weight=0.08
single_methods
[RC-LP] method_type='return_cvar_constraint' sum=1.0000 active=19
self.is_all_methods=False, self.min_weight=0.0, self.max_weight=0.08
single_methods
[RC-LP] method_type='return_cvar_constraint' sum=1.0000 active=17
self.is_all_methods=False, self.min_weight=0.0, self.max_weight=0.08
single_methods
[RC-LP] method_type='return_cvar_constraint' sum=1.0000 active=19
self.is_all_methods=False, self.min_weight=0.0, self.max_weight=0.08
single_methods
[RC-LP] method_type='return_cvar_constraint' sum=1.0000 active=19
self.is_all_methods=False, self.min_weight=0.0, self.max_weight=0.08
single_methods
[RC-LP] method_type='return_cvar_constraint' sum=1.0000 active=19
self.is_all_methods=False, self.min_weight=0.0, self.max_weight=0.08
single_methods
[RC-LP] method_type='return_cvar_constraint' sum=1.0000 active=31
self.is_all_methods=False, self.min_weight=0.0, self.max_weight=0.08
single_methods
[RC-LP] method_type='return_cvar_constraint' sum=1.0000 active=30
self.is_all_methods=False, self.min_weight=0.0, self.max_weight=0.08
single_methods
[RC-LP] method_type='return_cvar_constraint' sum=1.0000 active=31
self.is_all_methods=False, self.min_weight=0.0, self.max_weight=0.08
single_methods
[RC-LP] method_type='return_cvar_constraint' sum=1.0000 active=32
self.is_all_methods=False, self.min_weight=0.0, self.max_weight=0.08
single_methods
[RC-LP] method_type='return_cvar_constraint' sum=1.0000 active=30
self.is_all_methods=False, self.min_weight=0.0, self.max_weight=0.08
single_methods
[RC-LP] method_type='return_cvar_constraint' sum=1.0000 active=30
self.is_all_methods=False, self.min_weight=0.0, self.max_weight=0.12
single_methods
[RC-LP] method_type='return_cvar_constraint' sum=1.0000 active=14
self.is_all_methods=False, self.min_weight=0.0, self.max_weight=0.12
single_methods
[RC-LP] method_type='return_cvar_constraint' sum=1.0000 active=14
self.is_all_methods=False, self.min_weight=0.0, self.max_weight=0.12
single_methods
[RC-LP] method_type='return_cvar_constraint' sum=1.0000 active=14
self.is_all_methods=False, self.min_weight=0.0, self.max_weight=0.12
single_methods
[RC-LP] method_type='return_cvar_constraint' sum=1.0000 active=14
self.is_all_methods=False, self.min_weight=0.0, self.max_weight=0.12
single_methods
[RC-LP] method_type='return_cvar_constraint' sum=1.0000 active=14
self.is_all_methods=False, self.min_weight=0.0, self.max_weight=0.12
single_methods
[RC-LP] method_type='return_cvar_constraint' sum=1.0000 active=14
self.is_all_methods=False, self.min_weight=0.0, self.max_weight=0.12
single_methods
[RC-LP] method_type='return_cvar_constraint' sum=1.0000 active=26
self.is_all_methods=False, self.min_weight=0.0, self.max_weight=0.12
single_methods
[RC-LP] method_type='return_cvar_constraint' sum=1.0000 active=26
self.is_all_methods=False, self.min_weight=0.0, self.max_weight=0.12
single_methods
[RC-LP] method_type='return_cvar_constraint' sum=1.0000 active=25
self.is_all_methods=False, self.min_weight=0.0, self.max_weight=0.12
single_methods
[RC-LP] method_type='return_cvar_constraint' sum=1.0000 active=26
self.is_all_methods=False, self.min_weight=0.0, self.max_weight=0.12
single_methods
[RC-LP] method_type='return_cvar_constraint' sum=1.0000 active=26
self.is_all_methods=False, self.min_weight=0.0, self.max_weight=0.12
single_methods
[RC-LP] method_type='return_cvar_constraint' sum=1.0000 active=25
self.is_all_methods=False, self.min_weight=0.0, self.max_weight=0.08
single_methods
method_type='mean_cvar_sharpe' np.sum(weights)=1.000000 active=79 weights.shape=(231,)
self.is_all_methods=False, self.min_weight=0.0, self.max_weight=0.08
single_methods
method_type='mean_cvar_sharpe' np.sum(weights)=1.000000 active=79 weights.shape=(231,)
self.is_all_methods=False, self.min_weight=0.0, self.max_weight=0.08
single_methods
method_type='mean_cvar_sharpe' np.sum(weights)=1.000000 active=79 weights.shape=(231,)
self.is_all_methods=False, self.min_weight=0.0, self.max_weight=0.08
single_methods
method_type='mean_cvar_sharpe' np.sum(weights)=1.000000 active=231 weights.shape=(231,)
self.is_all_methods=False, self.min_weight=0.0, self.max_weight=0.08
single_methods
method_type='mean_cvar_sharpe' np.sum(weights)=1.000000 active=231 weights.shape=(231,)
self.is_all_methods=False, self.min_weight=0.0, self.max_weight=0.08
single_methods
method_type='mean_cvar_sharpe' np.sum(weights)=1.000000 active=231 weights.shape=(231,)
self.is_all_methods=False, self.min_weight=0.0, self.max_weight=0.08
single_methods
method_type='mean_cvar_sharpe' np.sum(weights)=1.000000 active=79 weights.shape=(231,)
self.is_all_methods=False, self.min_weight=0.0, self.max_weight=0.08
single_methods
method_type='mean_cvar_sharpe' np.sum(weights)=1.000000 active=79 weights.shape=(231,)
self.is_all_methods=False, self.min_weight=0.0, self.max_weight=0.08
single_methods
method_type='mean_cvar_sharpe' np.sum(weights)=1.000000 active=79 weights.shape=(231,)
self.is_all_methods=False, self.min_weight=0.0, self.max_weight=0.08
single_methods
method_type='mean_cvar_sharpe' np.sum(weights)=1.000000 active=79 weights.shape=(231,)
self.is_all_methods=False, self.min_weight=0.0, self.max_weight=0.08
single_methods
method_type='mean_cvar_sharpe' np.sum(weights)=1.000000 active=79 weights.shape=(231,)
self.is_all_methods=False, self.min_weight=0.0, self.max_weight=0.08
single_methods
method_type='mean_cvar_sharpe' np.sum(weights)=1.000000 active=79 weights.shape=(231,)
self.is_all_methods=False, self.min_weight=0.0, self.max_weight=0.12
single_methods
method_type='mean_cvar_sharpe' np.sum(weights)=1.000000 active=157 weights.shape=(231,)
self.is_all_methods=False, self.min_weight=0.0, self.max_weight=0.12
single_methods
method_type='mean_cvar_sharpe' np.sum(weights)=1.000000 active=157 weights.shape=(231,)
self.is_all_methods=False, self.min_weight=0.0, self.max_weight=0.12
single_methods
method_type='mean_cvar_sharpe' np.sum(weights)=1.000000 active=157 weights.shape=(231,)
self.is_all_methods=False, self.min_weight=0.0, self.max_weight=0.12
single_methods
method_type='mean_cvar_sharpe' np.sum(weights)=1.000000 active=84 weights.shape=(231,)
self.is_all_methods=False, self.min_weight=0.0, self.max_weight=0.12
single_methods
method_type='mean_cvar_sharpe' np.sum(weights)=1.000000 active=84 weights.shape=(231,)
self.is_all_methods=False, self.min_weight=0.0, self.max_weight=0.12
single_methods
method_type='mean_cvar_sharpe' np.sum(weights)=1.000000 active=84 weights.shape=(231,)
self.is_all_methods=False, self.min_weight=0.0, self.max_weight=0.12
single_methods
method_type='mean_cvar_sharpe' np.sum(weights)=1.000000 active=83 weights.shape=(231,)
self.is_all_methods=False, self.min_weight=0.0, self.max_weight=0.12
single_methods
method_type='mean_cvar_sharpe' np.sum(weights)=1.000000 active=83 weights.shape=(231,)
self.is_all_methods=False, self.min_weight=0.0, self.max_weight=0.12
single_methods
method_type='mean_cvar_sharpe' np.sum(weights)=1.000000 active=83 weights.shape=(231,)
self.is_all_methods=False, self.min_weight=0.0, self.max_weight=0.12
single_methods
method_type='mean_cvar_sharpe' np.sum(weights)=1.000000 active=86 weights.shape=(231,)
self.is_all_methods=False, self.min_weight=0.0, self.max_weight=0.12
single_methods
method_type='mean_cvar_sharpe' np.sum(weights)=1.000000 active=86 weights.shape=(231,)
self.is_all_methods=False, self.min_weight=0.0, self.max_weight=0.12
single_methods
method_type='mean_cvar_sharpe' np.sum(weights)=1.000000 active=86 weights.shape=(231,)
self.is_all_methods=False, self.min_weight=0.0, self.max_weight=0.08
single_methods
[RC-LP] method_type='return_cvar_constraint' sum=1.0000 active=25
1.0 2021-03-01 00:00:00 1444.6047064064269 -0.013469009345583281 0.0010054750914955315 -0.013469009345583371
PROGRESS	2021-03-01	231	23	-0.013469009345583371	1444.6047064064269
Portfolio optimization with 25 month weight rebalancing 2021-02-01 00:00:00: : 26it [05:06, 11.08s/it]Portfolio optimization with 26 month weight rebalancing 2021-03-01 00:00:00: : 26it [05:06, 11.08s/it]self.is_all_methods=False, self.min_weight=0.0, self.max_weight=0.08
single_methods
[RC-LP] method_type='return_cvar_constraint' sum=1.0000 active=13
self.is_all_methods=False, self.min_weight=0.0, self.max_weight=0.08
single_methods
[RC-LP] method_type='return_cvar_constraint' sum=1.0000 active=13
self.is_all_methods=False, self.min_weight=0.0, self.max_weight=0.08
single_methods
[RC-LP] method_type='return_cvar_constraint' sum=1.0000 active=13
self.is_all_methods=False, self.min_weight=0.0, self.max_weight=0.08
single_methods
[RC-LP] method_type='return_cvar_constraint' sum=1.0000 active=13
self.is_all_methods=False, self.min_weight=0.0, self.max_weight=0.08
single_methods
[RC-LP] method_type='return_cvar_constraint' sum=1.0000 active=13
self.is_all_methods=False, self.min_weight=0.0, self.max_weight=0.08
single_methods
[RC-LP] method_type='return_cvar_constraint' sum=1.0000 active=13
self.is_all_methods=False, self.min_weight=0.0, self.max_weight=0.08
single_methods
[RC-LP] method_type='return_cvar_constraint' sum=1.0000 active=14
self.is_all_methods=False, self.min_weight=0.0, self.max_weight=0.08
single_methods
[RC-LP] method_type='return_cvar_constraint' sum=1.0000 active=14
self.is_all_methods=False, self.min_weight=0.0, self.max_weight=0.08
single_methods
[RC-LP] method_type='return_cvar_constraint' sum=1.0000 active=14
self.is_all_methods=False, self.min_weight=0.0, self.max_weight=0.08
single_methods
[RC-LP] method_type='return_cvar_constraint' sum=1.0000 active=15
self.is_all_methods=False, self.min_weight=0.0, self.max_weight=0.08
single_methods
[RC-LP] method_type='return_cvar_constraint' sum=1.0000 active=14
self.is_all_methods=False, self.min_weight=0.0, self.max_weight=0.08
single_methods
[RC-LP] method_type='return_cvar_constraint' sum=1.0000 active=14
self.is_all_methods=False, self.min_weight=0.0, self.max_weight=0.12
single_methods
[RC-LP] method_type='return_cvar_constraint' sum=1.0000 active=9
self.is_all_methods=False, self.min_weight=0.0, self.max_weight=0.12
single_methods
[RC-LP] method_type='return_cvar_constraint' sum=1.0000 active=9
self.is_all_methods=False, self.min_weight=0.0, self.max_weight=0.12
single_methods
[RC-LP] method_type='return_cvar_constraint' sum=1.0000 active=9
self.is_all_methods=False, self.min_weight=0.0, self.max_weight=0.12
single_methods
[RC-LP] method_type='return_cvar_constraint' sum=1.0000 active=9
self.is_all_methods=False, self.min_weight=0.0, self.max_weight=0.12
single_methods
[RC-LP] method_type='return_cvar_constraint' sum=1.0000 active=9
self.is_all_methods=False, self.min_weight=0.0, self.max_weight=0.12
single_methods
[RC-LP] method_type='return_cvar_constraint' sum=1.0000 active=9
self.is_all_methods=False, self.min_weight=0.0, self.max_weight=0.12
single_methods
[RC-LP] method_type='return_cvar_constraint' sum=1.0000 active=10
self.is_all_methods=False, self.min_weight=0.0, self.max_weight=0.12
single_methods
[RC-LP] method_type='return_cvar_constraint' sum=1.0000 active=10
self.is_all_methods=False, self.min_weight=0.0, self.max_weight=0.12
single_methods
[RC-LP] method_type='return_cvar_constraint' sum=1.0000 active=10
self.is_all_methods=False, self.min_weight=0.0, self.max_weight=0.12
single_methods
[RC-LP] method_type='return_cvar_constraint' sum=1.0000 active=10
self.is_all_methods=False, self.min_weight=0.0, self.max_weight=0.12
single_methods
[RC-LP] method_type='return_cvar_constraint' sum=1.0000 active=10
self.is_all_methods=False, self.min_weight=0.0, self.max_weight=0.12
single_methods
[RC-LP] method_type='return_cvar_constraint' sum=1.0000 active=10
self.is_all_methods=False, self.min_weight=0.0, self.max_weight=0.08
single_methods
method_type='mean_cvar_sharpe' np.sum(weights)=1.000000 active=19 weights.shape=(235,)
self.is_all_methods=False, self.min_weight=0.0, self.max_weight=0.08
single_methods
method_type='mean_cvar_sharpe' np.sum(weights)=1.000000 active=19 weights.shape=(235,)
self.is_all_methods=False, self.min_weight=0.0, self.max_weight=0.08
single_methods
method_type='mean_cvar_sharpe' np.sum(weights)=1.000000 active=19 weights.shape=(235,)
self.is_all_methods=False, self.min_weight=0.0, self.max_weight=0.08
single_methods
method_type='mean_cvar_sharpe' np.sum(weights)=1.000000 active=110 weights.shape=(235,)
self.is_all_methods=False, self.min_weight=0.0, self.max_weight=0.08
single_methods
method_type='mean_cvar_sharpe' np.sum(weights)=1.000000 active=110 weights.shape=(235,)
self.is_all_methods=False, self.min_weight=0.0, self.max_weight=0.08
single_methods
method_type='mean_cvar_sharpe' np.sum(weights)=1.000000 active=110 weights.shape=(235,)
self.is_all_methods=False, self.min_weight=0.0, self.max_weight=0.08
single_methods
method_type='mean_cvar_sharpe' np.sum(weights)=1.000000 active=232 weights.shape=(235,)
self.is_all_methods=False, self.min_weight=0.0, self.max_weight=0.08
single_methods
method_type='mean_cvar_sharpe' np.sum(weights)=1.000000 active=232 weights.shape=(235,)
self.is_all_methods=False, self.min_weight=0.0, self.max_weight=0.08
single_methods
method_type='mean_cvar_sharpe' np.sum(weights)=1.000000 active=232 weights.shape=(235,)
self.is_all_methods=False, self.min_weight=0.0, self.max_weight=0.08
single_methods
method_type='mean_cvar_sharpe' np.sum(weights)=1.000000 active=232 weights.shape=(235,)
self.is_all_methods=False, self.min_weight=0.0, self.max_weight=0.08
single_methods
method_type='mean_cvar_sharpe' np.sum(weights)=1.000000 active=232 weights.shape=(235,)
self.is_all_methods=False, self.min_weight=0.0, self.max_weight=0.08
single_methods
method_type='mean_cvar_sharpe' np.sum(weights)=1.000000 active=232 weights.shape=(235,)
self.is_all_methods=False, self.min_weight=0.0, self.max_weight=0.12
single_methods
method_type='mean_cvar_sharpe' np.sum(weights)=1.000000 active=16 weights.shape=(235,)
self.is_all_methods=False, self.min_weight=0.0, self.max_weight=0.12
single_methods
method_type='mean_cvar_sharpe' np.sum(weights)=1.000000 active=16 weights.shape=(235,)
self.is_all_methods=False, self.min_weight=0.0, self.max_weight=0.12
single_methods
method_type='mean_cvar_sharpe' np.sum(weights)=1.000000 active=16 weights.shape=(235,)
self.is_all_methods=False, self.min_weight=0.0, self.max_weight=0.12
single_methods
method_type='mean_cvar_sharpe' np.sum(weights)=1.000000 active=232 weights.shape=(235,)
self.is_all_methods=False, self.min_weight=0.0, self.max_weight=0.12
single_methods
method_type='mean_cvar_sharpe' np.sum(weights)=1.000000 active=232 weights.shape=(235,)
self.is_all_methods=False, self.min_weight=0.0, self.max_weight=0.12
single_methods
method_type='mean_cvar_sharpe' np.sum(weights)=1.000000 active=232 weights.shape=(235,)
self.is_all_methods=False, self.min_weight=0.0, self.max_weight=0.12
single_methods
method_type='mean_cvar_sharpe' np.sum(weights)=1.000000 active=15 weights.shape=(235,)
self.is_all_methods=False, self.min_weight=0.0, self.max_weight=0.12
single_methods
method_type='mean_cvar_sharpe' np.sum(weights)=1.000000 active=15 weights.shape=(235,)
self.is_all_methods=False, self.min_weight=0.0, self.max_weight=0.12
single_methods
method_type='mean_cvar_sharpe' np.sum(weights)=1.000000 active=15 weights.shape=(235,)
self.is_all_methods=False, self.min_weight=0.0, self.max_weight=0.12
single_methods
method_type='mean_cvar_sharpe' np.sum(weights)=1.000000 active=13 weights.shape=(235,)
self.is_all_methods=False, self.min_weight=0.0, self.max_weight=0.12
single_methods
method_type='mean_cvar_sharpe' np.sum(weights)=1.000000 active=13 weights.shape=(235,)
self.is_all_methods=False, self.min_weight=0.0, self.max_weight=0.12
single_methods
method_type='mean_cvar_sharpe' np.sum(weights)=1.000000 active=13 weights.shape=(235,)
1.0 2021-04-01 00:00:00 1417.7552990791075 -0.018585989100166598 7.456068266762083e-05 -0.018585989100166733
PROGRESS	2021-04-01	235	23	-0.018585989100166733	1417.7552990791075
Portfolio optimization with 26 month weight rebalancing 2021-03-01 00:00:00: : 27it [05:18, 11.34s/it]Portfolio optimization with 27 month weight rebalancing 2021-04-01 00:00:00: : 27it [05:18, 11.34s/it]self.is_all_methods=False, self.min_weight=0.0, self.max_weight=0.08
single_methods
[RC-LP] method_type='return_cvar_constraint' sum=1.0000 active=14
self.is_all_methods=False, self.min_weight=0.0, self.max_weight=0.08
single_methods
[RC-LP] method_type='return_cvar_constraint' sum=1.0000 active=14
self.is_all_methods=False, self.min_weight=0.0, self.max_weight=0.08
single_methods
[RC-LP] method_type='return_cvar_constraint' sum=1.0000 active=14
self.is_all_methods=False, self.min_weight=0.0, self.max_weight=0.08
single_methods
[RC-LP] method_type='return_cvar_constraint' sum=1.0000 active=14
self.is_all_methods=False, self.min_weight=0.0, self.max_weight=0.08
single_methods
[RC-LP] method_type='return_cvar_constraint' sum=1.0000 active=14
self.is_all_methods=False, self.min_weight=0.0, self.max_weight=0.08
single_methods
[RC-LP] method_type='return_cvar_constraint' sum=1.0000 active=14
self.is_all_methods=False, self.min_weight=0.0, self.max_weight=0.08
single_methods
[RC-LP] method_type='return_cvar_constraint' sum=1.0000 active=18
self.is_all_methods=False, self.min_weight=0.0, self.max_weight=0.08
single_methods
[RC-LP] method_type='return_cvar_constraint' sum=1.0000 active=18
self.is_all_methods=False, self.min_weight=0.0, self.max_weight=0.08
single_methods
[RC-LP] method_type='return_cvar_constraint' sum=1.0000 active=18
self.is_all_methods=False, self.min_weight=0.0, self.max_weight=0.08
single_methods
[RC-LP] method_type='return_cvar_constraint' sum=1.0000 active=18
self.is_all_methods=False, self.min_weight=0.0, self.max_weight=0.08
single_methods
[RC-LP] method_type='return_cvar_constraint' sum=1.0000 active=18
self.is_all_methods=False, self.min_weight=0.0, self.max_weight=0.08
single_methods
[RC-LP] method_type='return_cvar_constraint' sum=1.0000 active=18
self.is_all_methods=False, self.min_weight=0.0, self.max_weight=0.12
single_methods
[RC-LP] method_type='return_cvar_constraint' sum=1.0000 active=9
self.is_all_methods=False, self.min_weight=0.0, self.max_weight=0.12
single_methods
[RC-LP] method_type='return_cvar_constraint' sum=1.0000 active=9
self.is_all_methods=False, self.min_weight=0.0, self.max_weight=0.12
single_methods
[RC-LP] method_type='return_cvar_constraint' sum=1.0000 active=9
self.is_all_methods=False, self.min_weight=0.0, self.max_weight=0.12
single_methods
[RC-LP] method_type='return_cvar_constraint' sum=1.0000 active=9
self.is_all_methods=False, self.min_weight=0.0, self.max_weight=0.12
single_methods
[RC-LP] method_type='return_cvar_constraint' sum=1.0000 active=9
self.is_all_methods=False, self.min_weight=0.0, self.max_weight=0.12
single_methods
[RC-LP] method_type='return_cvar_constraint' sum=1.0000 active=9
self.is_all_methods=False, self.min_weight=0.0, self.max_weight=0.12
single_methods
[RC-LP] method_type='return_cvar_constraint' sum=1.0000 active=14
self.is_all_methods=False, self.min_weight=0.0, self.max_weight=0.12
single_methods
[RC-LP] method_type='return_cvar_constraint' sum=1.0000 active=14
self.is_all_methods=False, self.min_weight=0.0, self.max_weight=0.12
single_methods
[RC-LP] method_type='return_cvar_constraint' sum=1.0000 active=14
self.is_all_methods=False, self.min_weight=0.0, self.max_weight=0.12
single_methods
[RC-LP] method_type='return_cvar_constraint' sum=1.0000 active=14
self.is_all_methods=False, self.min_weight=0.0, self.max_weight=0.12
single_methods
[RC-LP] method_type='return_cvar_constraint' sum=1.0000 active=14
self.is_all_methods=False, self.min_weight=0.0, self.max_weight=0.12
single_methods
[RC-LP] method_type='return_cvar_constraint' sum=1.0000 active=14
self.is_all_methods=False, self.min_weight=0.0, self.max_weight=0.08
single_methods
method_type='mean_cvar_sharpe' np.sum(weights)=1.000000 active=204 weights.shape=(240,)
self.is_all_methods=False, self.min_weight=0.0, self.max_weight=0.08
single_methods
method_type='mean_cvar_sharpe' np.sum(weights)=1.000000 active=204 weights.shape=(240,)
self.is_all_methods=False, self.min_weight=0.0, self.max_weight=0.08
single_methods
method_type='mean_cvar_sharpe' np.sum(weights)=1.000000 active=204 weights.shape=(240,)
self.is_all_methods=False, self.min_weight=0.0, self.max_weight=0.08
single_methods
method_type='mean_cvar_sharpe' np.sum(weights)=1.000000 active=50 weights.shape=(240,)
self.is_all_methods=False, self.min_weight=0.0, self.max_weight=0.08
single_methods
method_type='mean_cvar_sharpe' np.sum(weights)=1.000000 active=50 weights.shape=(240,)
self.is_all_methods=False, self.min_weight=0.0, self.max_weight=0.08
single_methods
method_type='mean_cvar_sharpe' np.sum(weights)=1.000000 active=50 weights.shape=(240,)
self.is_all_methods=False, self.min_weight=0.0, self.max_weight=0.08
single_methods
method_type='mean_cvar_sharpe' np.sum(weights)=1.000000 active=51 weights.shape=(240,)
self.is_all_methods=False, self.min_weight=0.0, self.max_weight=0.08
single_methods
method_type='mean_cvar_sharpe' np.sum(weights)=1.000000 active=51 weights.shape=(240,)
self.is_all_methods=False, self.min_weight=0.0, self.max_weight=0.08
single_methods
method_type='mean_cvar_sharpe' np.sum(weights)=1.000000 active=51 weights.shape=(240,)
self.is_all_methods=False, self.min_weight=0.0, self.max_weight=0.08
single_methods
method_type='mean_cvar_sharpe' np.sum(weights)=1.000000 active=204 weights.shape=(240,)
self.is_all_methods=False, self.min_weight=0.0, self.max_weight=0.08
single_methods
method_type='mean_cvar_sharpe' np.sum(weights)=1.000000 active=204 weights.shape=(240,)
self.is_all_methods=False, self.min_weight=0.0, self.max_weight=0.08
single_methods
method_type='mean_cvar_sharpe' np.sum(weights)=1.000000 active=204 weights.shape=(240,)
self.is_all_methods=False, self.min_weight=0.0, self.max_weight=0.12
single_methods
method_type='mean_cvar_sharpe' np.sum(weights)=1.000000 active=58 weights.shape=(240,)
self.is_all_methods=False, self.min_weight=0.0, self.max_weight=0.12
single_methods
method_type='mean_cvar_sharpe' np.sum(weights)=1.000000 active=58 weights.shape=(240,)
self.is_all_methods=False, self.min_weight=0.0, self.max_weight=0.12
single_methods
method_type='mean_cvar_sharpe' np.sum(weights)=1.000000 active=58 weights.shape=(240,)
self.is_all_methods=False, self.min_weight=0.0, self.max_weight=0.12
single_methods
method_type='mean_cvar_sharpe' np.sum(weights)=1.000000 active=198 weights.shape=(240,)
self.is_all_methods=False, self.min_weight=0.0, self.max_weight=0.12
single_methods
method_type='mean_cvar_sharpe' np.sum(weights)=1.000000 active=198 weights.shape=(240,)
self.is_all_methods=False, self.min_weight=0.0, self.max_weight=0.12
single_methods
method_type='mean_cvar_sharpe' np.sum(weights)=1.000000 active=198 weights.shape=(240,)
self.is_all_methods=False, self.min_weight=0.0, self.max_weight=0.12
single_methods
method_type='mean_cvar_sharpe' np.sum(weights)=1.000000 active=197 weights.shape=(240,)
self.is_all_methods=False, self.min_weight=0.0, self.max_weight=0.12
single_methods
method_type='mean_cvar_sharpe' np.sum(weights)=1.000000 active=197 weights.shape=(240,)
self.is_all_methods=False, self.min_weight=0.0, self.max_weight=0.12
single_methods
method_type='mean_cvar_sharpe' np.sum(weights)=1.000000 active=197 weights.shape=(240,)
self.is_all_methods=False, self.min_weight=0.0, self.max_weight=0.12
single_methods
method_type='mean_cvar_sharpe' np.sum(weights)=1.000000 active=56 weights.shape=(240,)
self.is_all_methods=False, self.min_weight=0.0, self.max_weight=0.12
single_methods
method_type='mean_cvar_sharpe' np.sum(weights)=1.000000 active=56 weights.shape=(240,)
self.is_all_methods=False, self.min_weight=0.0, self.max_weight=0.12
single_methods
method_type='mean_cvar_sharpe' np.sum(weights)=1.000000 active=56 weights.shape=(240,)
1.0 2021-05-03 00:00:00 1426.9198493288452 0.006464126958785148 0.00010293818045151297 0.006464126958785066
PROGRESS	2021-05-03	240	23	0.006464126958785066	1426.9198493288452
Portfolio optimization with 27 month weight rebalancing 2021-04-01 00:00:00: : 28it [05:29, 11.44s/it]Portfolio optimization with 28 month weight rebalancing 2021-05-03 00:00:00: : 28it [05:29, 11.44s/it]self.is_all_methods=False, self.min_weight=0.0, self.max_weight=0.08
single_methods
[RC-LP] method_type='return_cvar_constraint' sum=1.0000 active=13
self.is_all_methods=False, self.min_weight=0.0, self.max_weight=0.08
single_methods
[RC-LP] method_type='return_cvar_constraint' sum=1.0000 active=13
self.is_all_methods=False, self.min_weight=0.0, self.max_weight=0.08
single_methods
[RC-LP] method_type='return_cvar_constraint' sum=1.0000 active=13
self.is_all_methods=False, self.min_weight=0.0, self.max_weight=0.08
single_methods
[RC-LP] method_type='return_cvar_constraint' sum=1.0000 active=13
self.is_all_methods=False, self.min_weight=0.0, self.max_weight=0.08
single_methods
[RC-LP] method_type='return_cvar_constraint' sum=1.0000 active=13
self.is_all_methods=False, self.min_weight=0.0, self.max_weight=0.08
single_methods
[RC-LP] method_type='return_cvar_constraint' sum=1.0000 active=13
self.is_all_methods=False, self.min_weight=0.0, self.max_weight=0.08
single_methods
[RC-LP] method_type='return_cvar_constraint' sum=1.0000 active=14
self.is_all_methods=False, self.min_weight=0.0, self.max_weight=0.08
single_methods
[RC-LP] method_type='return_cvar_constraint' sum=1.0000 active=14
self.is_all_methods=False, self.min_weight=0.0, self.max_weight=0.08
single_methods
[RC-LP] method_type='return_cvar_constraint' sum=1.0000 active=14
self.is_all_methods=False, self.min_weight=0.0, self.max_weight=0.08
single_methods
[RC-LP] method_type='return_cvar_constraint' sum=1.0000 active=14
self.is_all_methods=False, self.min_weight=0.0, self.max_weight=0.08
single_methods
[RC-LP] method_type='return_cvar_constraint' sum=1.0000 active=14
self.is_all_methods=False, self.min_weight=0.0, self.max_weight=0.08
single_methods
[RC-LP] method_type='return_cvar_constraint' sum=1.0000 active=14
self.is_all_methods=False, self.min_weight=0.0, self.max_weight=0.12
single_methods
[RC-LP] method_type='return_cvar_constraint' sum=1.0000 active=9
self.is_all_methods=False, self.min_weight=0.0, self.max_weight=0.12
single_methods
[RC-LP] method_type='return_cvar_constraint' sum=1.0000 active=9
self.is_all_methods=False, self.min_weight=0.0, self.max_weight=0.12
single_methods
[RC-LP] method_type='return_cvar_constraint' sum=1.0000 active=9
self.is_all_methods=False, self.min_weight=0.0, self.max_weight=0.12
single_methods
[RC-LP] method_type='return_cvar_constraint' sum=1.0000 active=9
self.is_all_methods=False, self.min_weight=0.0, self.max_weight=0.12
single_methods
[RC-LP] method_type='return_cvar_constraint' sum=1.0000 active=9
self.is_all_methods=False, self.min_weight=0.0, self.max_weight=0.12
single_methods
[RC-LP] method_type='return_cvar_constraint' sum=1.0000 active=9
self.is_all_methods=False, self.min_weight=0.0, self.max_weight=0.12
single_methods
[RC-LP] method_type='return_cvar_constraint' sum=1.0000 active=10
self.is_all_methods=False, self.min_weight=0.0, self.max_weight=0.12
single_methods
[RC-LP] method_type='return_cvar_constraint' sum=1.0000 active=10
self.is_all_methods=False, self.min_weight=0.0, self.max_weight=0.12
single_methods
[RC-LP] method_type='return_cvar_constraint' sum=1.0000 active=10
self.is_all_methods=False, self.min_weight=0.0, self.max_weight=0.12
single_methods
[RC-LP] method_type='return_cvar_constraint' sum=1.0000 active=10
self.is_all_methods=False, self.min_weight=0.0, self.max_weight=0.12
single_methods
[RC-LP] method_type='return_cvar_constraint' sum=1.0000 active=10
self.is_all_methods=False, self.min_weight=0.0, self.max_weight=0.12
single_methods
[RC-LP] method_type='return_cvar_constraint' sum=1.0000 active=10
self.is_all_methods=False, self.min_weight=0.0, self.max_weight=0.08
single_methods
method_type='mean_cvar_sharpe' np.sum(weights)=1.000000 active=203 weights.shape=(239,)
self.is_all_methods=False, self.min_weight=0.0, self.max_weight=0.08
single_methods
method_type='mean_cvar_sharpe' np.sum(weights)=1.000000 active=203 weights.shape=(239,)
self.is_all_methods=False, self.min_weight=0.0, self.max_weight=0.08
single_methods
method_type='mean_cvar_sharpe' np.sum(weights)=1.000000 active=203 weights.shape=(239,)
self.is_all_methods=False, self.min_weight=0.0, self.max_weight=0.08
single_methods
method_type='mean_cvar_sharpe' np.sum(weights)=1.000000 active=53 weights.shape=(239,)
self.is_all_methods=False, self.min_weight=0.0, self.max_weight=0.08
single_methods
method_type='mean_cvar_sharpe' np.sum(weights)=1.000000 active=53 weights.shape=(239,)
self.is_all_methods=False, self.min_weight=0.0, self.max_weight=0.08
single_methods
method_type='mean_cvar_sharpe' np.sum(weights)=1.000000 active=53 weights.shape=(239,)
self.is_all_methods=False, self.min_weight=0.0, self.max_weight=0.08
single_methods
method_type='mean_cvar_sharpe' np.sum(weights)=1.000000 active=203 weights.shape=(239,)
self.is_all_methods=False, self.min_weight=0.0, self.max_weight=0.08
single_methods
method_type='mean_cvar_sharpe' np.sum(weights)=1.000000 active=203 weights.shape=(239,)
self.is_all_methods=False, self.min_weight=0.0, self.max_weight=0.08
single_methods
method_type='mean_cvar_sharpe' np.sum(weights)=1.000000 active=203 weights.shape=(239,)
self.is_all_methods=False, self.min_weight=0.0, self.max_weight=0.08
single_methods
method_type='mean_cvar_sharpe' np.sum(weights)=1.000000 active=205 weights.shape=(239,)
self.is_all_methods=False, self.min_weight=0.0, self.max_weight=0.08
single_methods
method_type='mean_cvar_sharpe' np.sum(weights)=1.000000 active=205 weights.shape=(239,)
self.is_all_methods=False, self.min_weight=0.0, self.max_weight=0.08
single_methods
method_type='mean_cvar_sharpe' np.sum(weights)=1.000000 active=205 weights.shape=(239,)
self.is_all_methods=False, self.min_weight=0.0, self.max_weight=0.12
single_methods
method_type='mean_cvar_sharpe' np.sum(weights)=1.000000 active=58 weights.shape=(239,)
self.is_all_methods=False, self.min_weight=0.0, self.max_weight=0.12
single_methods
method_type='mean_cvar_sharpe' np.sum(weights)=1.000000 active=58 weights.shape=(239,)
self.is_all_methods=False, self.min_weight=0.0, self.max_weight=0.12
single_methods
method_type='mean_cvar_sharpe' np.sum(weights)=1.000000 active=58 weights.shape=(239,)
self.is_all_methods=False, self.min_weight=0.0, self.max_weight=0.12
single_methods
method_type='mean_cvar_sharpe' np.sum(weights)=1.000000 active=199 weights.shape=(239,)
self.is_all_methods=False, self.min_weight=0.0, self.max_weight=0.12
single_methods
method_type='mean_cvar_sharpe' np.sum(weights)=1.000000 active=199 weights.shape=(239,)
self.is_all_methods=False, self.min_weight=0.0, self.max_weight=0.12
single_methods
method_type='mean_cvar_sharpe' np.sum(weights)=1.000000 active=199 weights.shape=(239,)
self.is_all_methods=False, self.min_weight=0.0, self.max_weight=0.12
single_methods
method_type='mean_cvar_sharpe' np.sum(weights)=1.000000 active=197 weights.shape=(239,)
self.is_all_methods=False, self.min_weight=0.0, self.max_weight=0.12
single_methods
method_type='mean_cvar_sharpe' np.sum(weights)=1.000000 active=197 weights.shape=(239,)
self.is_all_methods=False, self.min_weight=0.0, self.max_weight=0.12
single_methods
method_type='mean_cvar_sharpe' np.sum(weights)=1.000000 active=197 weights.shape=(239,)
self.is_all_methods=False, self.min_weight=0.0, self.max_weight=0.12
single_methods
method_type='mean_cvar_sharpe' np.sum(weights)=1.000000 active=239 weights.shape=(239,)
self.is_all_methods=False, self.min_weight=0.0, self.max_weight=0.12
single_methods
method_type='mean_cvar_sharpe' np.sum(weights)=1.000000 active=239 weights.shape=(239,)
self.is_all_methods=False, self.min_weight=0.0, self.max_weight=0.12
single_methods
method_type='mean_cvar_sharpe' np.sum(weights)=1.000000 active=239 weights.shape=(239,)
1.0 2021-06-01 00:00:00 1399.0417557734131 -0.019537252613413884 0.00018433826160735702 -0.01953725261341388
PROGRESS	2021-06-01	239	23	-0.01953725261341388	1399.0417557734131
Portfolio optimization with 28 month weight rebalancing 2021-05-03 00:00:00: : 29it [05:45, 12.80s/it]Portfolio optimization with 29 month weight rebalancing 2021-06-01 00:00:00: : 29it [05:45, 12.80s/it]self.is_all_methods=False, self.min_weight=0.0, self.max_weight=0.08
single_methods
[RC-LP] method_type='return_cvar_constraint' sum=1.0000 active=13
self.is_all_methods=False, self.min_weight=0.0, self.max_weight=0.08
single_methods
[RC-LP] method_type='return_cvar_constraint' sum=1.0000 active=14
self.is_all_methods=False, self.min_weight=0.0, self.max_weight=0.08
single_methods
[RC-LP] method_type='return_cvar_constraint' sum=1.0000 active=13
self.is_all_methods=False, self.min_weight=0.0, self.max_weight=0.08
single_methods
[RC-LP] method_type='return_cvar_constraint' sum=1.0000 active=13
self.is_all_methods=False, self.min_weight=0.0, self.max_weight=0.08
single_methods
[RC-LP] method_type='return_cvar_constraint' sum=1.0000 active=14
self.is_all_methods=False, self.min_weight=0.0, self.max_weight=0.08
single_methods
[RC-LP] method_type='return_cvar_constraint' sum=1.0000 active=13
self.is_all_methods=False, self.min_weight=0.0, self.max_weight=0.08
single_methods
[RC-LP] method_type='return_cvar_constraint' sum=1.0000 active=15
self.is_all_methods=False, self.min_weight=0.0, self.max_weight=0.08
single_methods
[RC-LP] method_type='return_cvar_constraint' sum=1.0000 active=16
self.is_all_methods=False, self.min_weight=0.0, self.max_weight=0.08
single_methods
[RC-LP] method_type='return_cvar_constraint' sum=1.0000 active=15
self.is_all_methods=False, self.min_weight=0.0, self.max_weight=0.08
single_methods
[RC-LP] method_type='return_cvar_constraint' sum=1.0000 active=15
self.is_all_methods=False, self.min_weight=0.0, self.max_weight=0.08
single_methods
[RC-LP] method_type='return_cvar_constraint' sum=1.0000 active=16
self.is_all_methods=False, self.min_weight=0.0, self.max_weight=0.08
single_methods
[RC-LP] method_type='return_cvar_constraint' sum=1.0000 active=15
self.is_all_methods=False, self.min_weight=0.0, self.max_weight=0.12
single_methods
[RC-LP] method_type='return_cvar_constraint' sum=1.0000 active=10
self.is_all_methods=False, self.min_weight=0.0, self.max_weight=0.12
single_methods
[RC-LP] method_type='return_cvar_constraint' sum=1.0000 active=10
self.is_all_methods=False, self.min_weight=0.0, self.max_weight=0.12
single_methods
[RC-LP] method_type='return_cvar_constraint' sum=1.0000 active=10
self.is_all_methods=False, self.min_weight=0.0, self.max_weight=0.12
single_methods
[RC-LP] method_type='return_cvar_constraint' sum=1.0000 active=10
self.is_all_methods=False, self.min_weight=0.0, self.max_weight=0.12
single_methods
[RC-LP] method_type='return_cvar_constraint' sum=1.0000 active=9
self.is_all_methods=False, self.min_weight=0.0, self.max_weight=0.12
single_methods
[RC-LP] method_type='return_cvar_constraint' sum=1.0000 active=10
self.is_all_methods=False, self.min_weight=0.0, self.max_weight=0.12
single_methods
[RC-LP] method_type='return_cvar_constraint' sum=1.0000 active=11
self.is_all_methods=False, self.min_weight=0.0, self.max_weight=0.12
single_methods
[RC-LP] method_type='return_cvar_constraint' sum=1.0000 active=11
self.is_all_methods=False, self.min_weight=0.0, self.max_weight=0.12
single_methods
[RC-LP] method_type='return_cvar_constraint' sum=1.0000 active=12
self.is_all_methods=False, self.min_weight=0.0, self.max_weight=0.12
single_methods
[RC-LP] method_type='return_cvar_constraint' sum=1.0000 active=11
self.is_all_methods=False, self.min_weight=0.0, self.max_weight=0.12
single_methods
[RC-LP] method_type='return_cvar_constraint' sum=1.0000 active=11
self.is_all_methods=False, self.min_weight=0.0, self.max_weight=0.12
single_methods
[RC-LP] method_type='return_cvar_constraint' sum=1.0000 active=12
self.is_all_methods=False, self.min_weight=0.0, self.max_weight=0.08
single_methods
method_type='mean_cvar_sharpe' np.sum(weights)=1.000000 active=63 weights.shape=(242,)
self.is_all_methods=False, self.min_weight=0.0, self.max_weight=0.08
single_methods
method_type='mean_cvar_sharpe' np.sum(weights)=1.000000 active=63 weights.shape=(242,)
self.is_all_methods=False, self.min_weight=0.0, self.max_weight=0.08
single_methods
method_type='mean_cvar_sharpe' np.sum(weights)=1.000000 active=63 weights.shape=(242,)
self.is_all_methods=False, self.min_weight=0.0, self.max_weight=0.08
single_methods
method_type='mean_cvar_sharpe' np.sum(weights)=1.000000 active=242 weights.shape=(242,)
self.is_all_methods=False, self.min_weight=0.0, self.max_weight=0.08
single_methods
method_type='mean_cvar_sharpe' np.sum(weights)=1.000000 active=242 weights.shape=(242,)
self.is_all_methods=False, self.min_weight=0.0, self.max_weight=0.08
single_methods
method_type='mean_cvar_sharpe' np.sum(weights)=1.000000 active=242 weights.shape=(242,)
self.is_all_methods=False, self.min_weight=0.0, self.max_weight=0.08
single_methods
method_type='mean_cvar_sharpe' np.sum(weights)=1.000000 active=63 weights.shape=(242,)
self.is_all_methods=False, self.min_weight=0.0, self.max_weight=0.08
single_methods
method_type='mean_cvar_sharpe' np.sum(weights)=1.000000 active=63 weights.shape=(242,)
self.is_all_methods=False, self.min_weight=0.0, self.max_weight=0.08
single_methods
method_type='mean_cvar_sharpe' np.sum(weights)=1.000000 active=63 weights.shape=(242,)
self.is_all_methods=False, self.min_weight=0.0, self.max_weight=0.08
single_methods
method_type='mean_cvar_sharpe' np.sum(weights)=1.000000 active=242 weights.shape=(242,)
self.is_all_methods=False, self.min_weight=0.0, self.max_weight=0.08
single_methods
method_type='mean_cvar_sharpe' np.sum(weights)=1.000000 active=242 weights.shape=(242,)
self.is_all_methods=False, self.min_weight=0.0, self.max_weight=0.08
single_methods
method_type='mean_cvar_sharpe' np.sum(weights)=1.000000 active=242 weights.shape=(242,)
self.is_all_methods=False, self.min_weight=0.0, self.max_weight=0.12
single_methods
method_type='mean_cvar_sharpe' np.sum(weights)=1.000000 active=242 weights.shape=(242,)
self.is_all_methods=False, self.min_weight=0.0, self.max_weight=0.12
single_methods
method_type='mean_cvar_sharpe' np.sum(weights)=1.000000 active=242 weights.shape=(242,)
self.is_all_methods=False, self.min_weight=0.0, self.max_weight=0.12
single_methods
method_type='mean_cvar_sharpe' np.sum(weights)=1.000000 active=242 weights.shape=(242,)
self.is_all_methods=False, self.min_weight=0.0, self.max_weight=0.12
single_methods
method_type='mean_cvar_sharpe' np.sum(weights)=1.000000 active=63 weights.shape=(242,)
self.is_all_methods=False, self.min_weight=0.0, self.max_weight=0.12
single_methods
method_type='mean_cvar_sharpe' np.sum(weights)=1.000000 active=63 weights.shape=(242,)
self.is_all_methods=False, self.min_weight=0.0, self.max_weight=0.12
single_methods
method_type='mean_cvar_sharpe' np.sum(weights)=1.000000 active=63 weights.shape=(242,)
self.is_all_methods=False, self.min_weight=0.0, self.max_weight=0.12
single_methods
method_type='mean_cvar_sharpe' np.sum(weights)=1.000000 active=242 weights.shape=(242,)
self.is_all_methods=False, self.min_weight=0.0, self.max_weight=0.12
single_methods
method_type='mean_cvar_sharpe' np.sum(weights)=1.000000 active=242 weights.shape=(242,)
self.is_all_methods=False, self.min_weight=0.0, self.max_weight=0.12
single_methods
method_type='mean_cvar_sharpe' np.sum(weights)=1.000000 active=242 weights.shape=(242,)
self.is_all_methods=False, self.min_weight=0.0, self.max_weight=0.12
single_methods
method_type='mean_cvar_sharpe' np.sum(weights)=1.000000 active=63 weights.shape=(242,)
self.is_all_methods=False, self.min_weight=0.0, self.max_weight=0.12
single_methods
method_type='mean_cvar_sharpe' np.sum(weights)=1.000000 active=63 weights.shape=(242,)
self.is_all_methods=False, self.min_weight=0.0, self.max_weight=0.12
single_methods
method_type='mean_cvar_sharpe' np.sum(weights)=1.000000 active=63 weights.shape=(242,)
1.0 2021-07-01 00:00:00 1481.275567180916 0.058778668376515096 5.03542646576367e-05 0.05877866837651502
PROGRESS	2021-07-01	242	23	0.05877866837651502	1481.275567180916
Portfolio optimization with 29 month weight rebalancing 2021-06-01 00:00:00: : 30it [06:01, 13.57s/it]Portfolio optimization with 30 month weight rebalancing 2021-07-01 00:00:00: : 30it [06:01, 13.57s/it]self.is_all_methods=False, self.min_weight=0.0, self.max_weight=0.08
single_methods
[RC-LP] method_type='return_cvar_constraint' sum=1.0000 active=14
self.is_all_methods=False, self.min_weight=0.0, self.max_weight=0.08
single_methods
[RC-LP] method_type='return_cvar_constraint' sum=1.0000 active=13
self.is_all_methods=False, self.min_weight=0.0, self.max_weight=0.08
single_methods
[RC-LP] method_type='return_cvar_constraint' sum=1.0000 active=13
self.is_all_methods=False, self.min_weight=0.0, self.max_weight=0.08
single_methods
[RC-LP] method_type='return_cvar_constraint' sum=1.0000 active=13
self.is_all_methods=False, self.min_weight=0.0, self.max_weight=0.08
single_methods
[RC-LP] method_type='return_cvar_constraint' sum=1.0000 active=13
self.is_all_methods=False, self.min_weight=0.0, self.max_weight=0.08
single_methods
[RC-LP] method_type='return_cvar_constraint' sum=1.0000 active=13
self.is_all_methods=False, self.min_weight=0.0, self.max_weight=0.08
single_methods
[RC-LP] method_type='return_cvar_constraint' sum=1.0000 active=18
self.is_all_methods=False, self.min_weight=0.0, self.max_weight=0.08
single_methods
[RC-LP] method_type='return_cvar_constraint' sum=1.0000 active=17
self.is_all_methods=False, self.min_weight=0.0, self.max_weight=0.08
single_methods
[RC-LP] method_type='return_cvar_constraint' sum=1.0000 active=18
self.is_all_methods=False, self.min_weight=0.0, self.max_weight=0.08
single_methods
[RC-LP] method_type='return_cvar_constraint' sum=1.0000 active=18
self.is_all_methods=False, self.min_weight=0.0, self.max_weight=0.08
single_methods
[RC-LP] method_type='return_cvar_constraint' sum=1.0000 active=17
self.is_all_methods=False, self.min_weight=0.0, self.max_weight=0.08
single_methods
[RC-LP] method_type='return_cvar_constraint' sum=1.0000 active=18
self.is_all_methods=False, self.min_weight=0.0, self.max_weight=0.12
single_methods
[RC-LP] method_type='return_cvar_constraint' sum=1.0000 active=10
self.is_all_methods=False, self.min_weight=0.0, self.max_weight=0.12
single_methods
[RC-LP] method_type='return_cvar_constraint' sum=1.0000 active=10
self.is_all_methods=False, self.min_weight=0.0, self.max_weight=0.12
single_methods
[RC-LP] method_type='return_cvar_constraint' sum=1.0000 active=10
self.is_all_methods=False, self.min_weight=0.0, self.max_weight=0.12
single_methods
[RC-LP] method_type='return_cvar_constraint' sum=1.0000 active=10
self.is_all_methods=False, self.min_weight=0.0, self.max_weight=0.12
single_methods
[RC-LP] method_type='return_cvar_constraint' sum=1.0000 active=10
self.is_all_methods=False, self.min_weight=0.0, self.max_weight=0.12
single_methods
[RC-LP] method_type='return_cvar_constraint' sum=1.0000 active=10
self.is_all_methods=False, self.min_weight=0.0, self.max_weight=0.12
single_methods
[RC-LP] method_type='return_cvar_constraint' sum=1.0000 active=11
self.is_all_methods=False, self.min_weight=0.0, self.max_weight=0.12
single_methods
[RC-LP] method_type='return_cvar_constraint' sum=1.0000 active=13
self.is_all_methods=False, self.min_weight=0.0, self.max_weight=0.12
single_methods
[RC-LP] method_type='return_cvar_constraint' sum=1.0000 active=13
self.is_all_methods=False, self.min_weight=0.0, self.max_weight=0.12
single_methods
[RC-LP] method_type='return_cvar_constraint' sum=1.0000 active=12
self.is_all_methods=False, self.min_weight=0.0, self.max_weight=0.12
single_methods
[RC-LP] method_type='return_cvar_constraint' sum=1.0000 active=12
self.is_all_methods=False, self.min_weight=0.0, self.max_weight=0.12
single_methods
[RC-LP] method_type='return_cvar_constraint' sum=1.0000 active=13
self.is_all_methods=False, self.min_weight=0.0, self.max_weight=0.08
single_methods
method_type='mean_cvar_sharpe' np.sum(weights)=1.000000 active=242 weights.shape=(242,)
self.is_all_methods=False, self.min_weight=0.0, self.max_weight=0.08
single_methods
method_type='mean_cvar_sharpe' np.sum(weights)=1.000000 active=242 weights.shape=(242,)
self.is_all_methods=False, self.min_weight=0.0, self.max_weight=0.08
single_methods
method_type='mean_cvar_sharpe' np.sum(weights)=1.000000 active=242 weights.shape=(242,)
self.is_all_methods=False, self.min_weight=0.0, self.max_weight=0.08
single_methods
method_type='mean_cvar_sharpe' np.sum(weights)=1.000000 active=29 weights.shape=(242,)
self.is_all_methods=False, self.min_weight=0.0, self.max_weight=0.08
single_methods
method_type='mean_cvar_sharpe' np.sum(weights)=1.000000 active=29 weights.shape=(242,)
self.is_all_methods=False, self.min_weight=0.0, self.max_weight=0.08
single_methods
method_type='mean_cvar_sharpe' np.sum(weights)=1.000000 active=29 weights.shape=(242,)
self.is_all_methods=False, self.min_weight=0.0, self.max_weight=0.08
single_methods
method_type='mean_cvar_sharpe' np.sum(weights)=1.000000 active=242 weights.shape=(242,)
self.is_all_methods=False, self.min_weight=0.0, self.max_weight=0.08
single_methods
method_type='mean_cvar_sharpe' np.sum(weights)=1.000000 active=242 weights.shape=(242,)
self.is_all_methods=False, self.min_weight=0.0, self.max_weight=0.08
single_methods
method_type='mean_cvar_sharpe' np.sum(weights)=1.000000 active=242 weights.shape=(242,)
self.is_all_methods=False, self.min_weight=0.0, self.max_weight=0.08
single_methods
method_type='mean_cvar_sharpe' np.sum(weights)=1.000000 active=236 weights.shape=(242,)
self.is_all_methods=False, self.min_weight=0.0, self.max_weight=0.08
single_methods
method_type='mean_cvar_sharpe' np.sum(weights)=1.000000 active=236 weights.shape=(242,)
self.is_all_methods=False, self.min_weight=0.0, self.max_weight=0.08
single_methods
method_type='mean_cvar_sharpe' np.sum(weights)=1.000000 active=236 weights.shape=(242,)
self.is_all_methods=False, self.min_weight=0.0, self.max_weight=0.12
single_methods
method_type='mean_cvar_sharpe' np.sum(weights)=1.000000 active=242 weights.shape=(242,)
self.is_all_methods=False, self.min_weight=0.0, self.max_weight=0.12
single_methods
method_type='mean_cvar_sharpe' np.sum(weights)=1.000000 active=242 weights.shape=(242,)
self.is_all_methods=False, self.min_weight=0.0, self.max_weight=0.12
single_methods
method_type='mean_cvar_sharpe' np.sum(weights)=1.000000 active=242 weights.shape=(242,)
self.is_all_methods=False, self.min_weight=0.0, self.max_weight=0.12
single_methods
method_type='mean_cvar_sharpe' np.sum(weights)=1.000000 active=242 weights.shape=(242,)
self.is_all_methods=False, self.min_weight=0.0, self.max_weight=0.12
single_methods
method_type='mean_cvar_sharpe' np.sum(weights)=1.000000 active=242 weights.shape=(242,)
self.is_all_methods=False, self.min_weight=0.0, self.max_weight=0.12
single_methods
method_type='mean_cvar_sharpe' np.sum(weights)=1.000000 active=242 weights.shape=(242,)
self.is_all_methods=False, self.min_weight=0.0, self.max_weight=0.12
single_methods
method_type='mean_cvar_sharpe' np.sum(weights)=1.000000 active=37 weights.shape=(242,)
self.is_all_methods=False, self.min_weight=0.0, self.max_weight=0.12
single_methods
method_type='mean_cvar_sharpe' np.sum(weights)=1.000000 active=37 weights.shape=(242,)
self.is_all_methods=False, self.min_weight=0.0, self.max_weight=0.12
single_methods
method_type='mean_cvar_sharpe' np.sum(weights)=1.000000 active=37 weights.shape=(242,)
self.is_all_methods=False, self.min_weight=0.0, self.max_weight=0.12
single_methods
method_type='mean_cvar_sharpe' np.sum(weights)=1.000000 active=242 weights.shape=(242,)
self.is_all_methods=False, self.min_weight=0.0, self.max_weight=0.12
single_methods
method_type='mean_cvar_sharpe' np.sum(weights)=1.000000 active=242 weights.shape=(242,)
self.is_all_methods=False, self.min_weight=0.0, self.max_weight=0.12
single_methods
method_type='mean_cvar_sharpe' np.sum(weights)=1.000000 active=242 weights.shape=(242,)
1.0 2021-08-02 00:00:00 1471.0965534877587 -0.006871789367679464 0.00014235067353313594 -0.006871789367679515
PROGRESS	2021-08-02	242	23	-0.006871789367679515	1471.0965534877587
Portfolio optimization with 30 month weight rebalancing 2021-07-01 00:00:00: : 31it [06:18, 14.85s/it]Portfolio optimization with 31 month weight rebalancing 2021-08-02 00:00:00: : 31it [06:18, 14.85s/it]2026-07-30 14:51:22.340 | WARNING  | __main__:model_computation:474 - Nested engine fallback on 2021-08-02: "['EMB', 'IBB', 'IEF', 'TLT'] not in index"
self.is_all_methods=False, self.min_weight=0.0, self.max_weight=0.1
single_methods
[RC-LP] method_type='return_cvar_constraint' sum=1.0000 active=22
IN-SAMPLE alpha grid-search best alphas[index]=np.float64(0.1),results[index]=array([1.56959037e+03, 6.69526549e-02, 3.31772433e-05, 6.69526549e-02])
best_index=np.int64(0) np.sum(w_target)=np.float64(1.0) case[index%2]='max_alpha'
0.5013471384458694 2021-09-01 00:00:00 1486.1414774403586 0.010227013255472917 0.000166333159695508 0.010227013255472928
PROGRESS	2021-09-01	244	21	0.010227013255472928	1486.1414774403586
Portfolio optimization with 31 month weight rebalancing 2021-08-02 00:00:00: : 32it [06:19, 10.51s/it]Portfolio optimization with 32 month weight rebalancing 2021-09-01 00:00:00: : 32it [06:19, 10.51s/it]2026-07-30 14:51:22.680 | WARNING  | __main__:model_computation:474 - Nested engine fallback on 2021-09-01: "['BND', 'EMB', 'IBB', 'IEF', 'MCHI', 'TLT'] not in index"
self.is_all_methods=False, self.min_weight=0.0, self.max_weight=0.1
single_methods
[RC-LP] method_type='return_cvar_constraint' sum=1.0000 active=22
IN-SAMPLE alpha grid-search best alphas[index]=np.float64(0.1),results[index]=array([1.59457720e+03, 7.29646006e-02, 1.57036747e-05, 7.29646006e-02])
best_index=np.int64(0) np.sum(w_target)=np.float64(1.0) case[index%2]='max_alpha'
0.5136565618416933 2021-10-01 00:00:00 1403.243102160093 -0.05578094450539452 8.066295559384854e-05 -0.05578094450539439
PROGRESS	2021-10-01	246	21	-0.05578094450539439	1403.243102160093
Portfolio optimization with 32 month weight rebalancing 2021-09-01 00:00:00: : 33it [06:19,  7.46s/it]Portfolio optimization with 33 month weight rebalancing 2021-10-01 00:00:00: : 33it [06:19,  7.46s/it]2026-07-30 14:51:23.018 | WARNING  | __main__:model_computation:474 - Nested engine fallback on 2021-10-01: "['BND', 'EMB', 'IBB', 'IEF', 'MBB', 'MCHI', 'SHY', 'TLT'] not in index"
self.is_all_methods=False, self.min_weight=0.0, self.max_weight=0.1
single_methods
[RC-LP] method_type='return_cvar_constraint' sum=1.0000 active=22
IN-SAMPLE alpha grid-search best alphas[index]=np.float64(1.0),results[index]=array([ 1.33895152e+03, -4.58164258e-02,  1.12300131e-04, -4.58164258e-02])
best_index=np.int64(0) np.sum(w_target)=np.float64(1.0) case[index%2]='max_alpha'
0.5173179818188891 2021-11-01 00:00:00 1503.1958264207146 0.07122979910377512 5.809487703879949e-05 0.07122979910377514
PROGRESS	2021-11-01	247	21	0.07122979910377514	1503.1958264207146
Portfolio optimization with 33 month weight rebalancing 2021-10-01 00:00:00: : 34it [06:20,  5.32s/it]Portfolio optimization with 34 month weight rebalancing 2021-11-01 00:00:00: : 34it [06:20,  5.32s/it]2026-07-30 14:51:23.361 | WARNING  | __main__:model_computation:474 - Nested engine fallback on 2021-11-01: "['BND', 'EMB', 'IBB', 'IEF', 'IEI', 'MBB', 'MCHI', 'SHY', 'TLT', 'VXUS'] not in index"
self.is_all_methods=False, self.min_weight=0.0, self.max_weight=0.1
single_methods
[RC-LP] method_type='return_cvar_constraint' sum=1.0000 active=22
IN-SAMPLE alpha grid-search best alphas[index]=np.float64(0.1),results[index]=array([1.52275572e+03, 1.30122030e-02, 4.79985580e-06, 1.30122030e-02])
best_index=np.int64(0) np.sum(w_target)=np.float64(1.0) case[index%2]='max_alpha'
0.49430194393492594 2021-12-01 00:00:00 1486.2902378156284 -0.011246431308514548 2.3725780540107226e-05 -0.011246431308514437
PROGRESS	2021-12-01	248	21	-0.011246431308514437	1486.2902378156284
Portfolio optimization with 34 month weight rebalancing 2021-11-01 00:00:00: : 35it [06:20,  3.83s/it]Portfolio optimization with 35 month weight rebalancing 2021-12-01 00:00:00: : 35it [06:20,  3.83s/it]2026-07-30 14:51:23.778 | WARNING  | __main__:model_computation:474 - Nested engine fallback on 2021-12-01: "['BND', 'DVY', 'EMB', 'IBB', 'IEF', 'IEI', 'MBB', 'MCHI', 'SCZ', 'SHY', 'TLT', 'VTWO', 'VXUS'] not in index"
self.is_all_methods=False, self.min_weight=0.0, self.max_weight=0.1
single_methods
[RC-LP] method_type='return_cvar_constraint' sum=1.0000 active=24
IN-SAMPLE alpha grid-search best alphas[index]=np.float64(1.0),results[index]=array([1.51331137e+03, 1.81802532e-02, 1.34117083e-04, 1.81802532e-02])
best_index=np.int64(0) np.sum(w_target)=np.float64(1.0) case[index%2]='max_alpha'
0.5014627758674639 2022-01-03 00:00:00 1462.2518731320756 -0.016173398756141693 6.725472466421549e-05 -0.016173398756141655
PROGRESS	2022-01-03	252	23	-0.016173398756141655	1462.2518731320756
Portfolio optimization with 35 month weight rebalancing 2021-12-01 00:00:00: : 36it [06:20,  2.81s/it]Portfolio optimization with 36 month weight rebalancing 2022-01-03 00:00:00: : 36it [06:20,  2.81s/it]2026-07-30 14:51:24.136 | WARNING  | __main__:model_computation:474 - Nested engine fallback on 2022-01-03: "['BND', 'DVY', 'EMB', 'IBB', 'IEF', 'IEI', 'MBB', 'MCHI', 'SCZ', 'SHY', 'TLT', 'VTWO', 'VXUS'] not in index"
self.is_all_methods=False, self.min_weight=0.0, self.max_weight=0.1
single_methods
[RC-LP] method_type='return_cvar_constraint' sum=1.0000 active=25
IN-SAMPLE alpha grid-search best alphas[index]=np.float64(1.0),results[index]=array([1.51997169e+03, 3.94732408e-02, 4.94240376e-05, 3.94732408e-02])
best_index=np.int64(0) np.sum(w_target)=np.float64(1.0) case[index%2]='max_alpha'
0.5039285258005166 2022-02-01 00:00:00 1337.9513752502517 -0.08500621552672591 2.4906182420433897e-05 -0.08500621552672594
PROGRESS	2022-02-01	250	24	-0.08500621552672594	1337.9513752502517
Portfolio optimization with 36 month weight rebalancing 2022-01-03 00:00:00: : 37it [06:21,  2.07s/it]Portfolio optimization with 37 month weight rebalancing 2022-02-01 00:00:00: : 37it [06:21,  2.07s/it]2026-07-30 14:51:24.481 | WARNING  | __main__:model_computation:474 - Nested engine fallback on 2022-02-01: "['BND', 'DVY', 'EMB', 'IBB', 'IEF', 'IEI', 'MBB', 'MCHI', 'SCZ', 'SHY', 'TLT', 'VTWO', 'VXUS'] not in index"
self.is_all_methods=False, self.min_weight=0.0, self.max_weight=0.1
single_methods
[RC-LP] method_type='return_cvar_constraint' sum=1.0000 active=26
IN-SAMPLE alpha grid-search best alphas[index]=np.float64(1.0),results[index]=array([ 1.20411878e+03, -1.00027999e-01,  2.37412191e-04, -1.00027999e-01])
best_index=np.int64(0) np.sum(w_target)=np.float64(1.0) case[index%2]='max_alpha'
0.5086794975290899 2022-03-01 00:00:00 1326.4284892370686 -0.008612335415424152 0.00012076671377124429 -0.008612335415424055
PROGRESS	2022-03-01	245	25	-0.008612335415424055	1326.4284892370686
Portfolio optimization with 37 month weight rebalancing 2022-02-01 00:00:00: : 38it [06:21,  1.55s/it]Portfolio optimization with 38 month weight rebalancing 2022-03-01 00:00:00: : 38it [06:21,  1.55s/it]2026-07-30 14:51:24.814 | WARNING  | __main__:model_computation:474 - Nested engine fallback on 2022-03-01: "['BND', 'DVY', 'EMB', 'IBB', 'IEF', 'IEI', 'MBB', 'MCHI', 'SCZ', 'SHY', 'TLT', 'VTWO', 'VXUS'] not in index"
self.is_all_methods=False, self.min_weight=0.0, self.max_weight=0.1
single_methods
[RC-LP] method_type='return_cvar_constraint' sum=1.0000 active=26
IN-SAMPLE alpha grid-search best alphas[index]=np.float64(1.0),results[index]=array([ 1.21916865e+03, -8.08636459e-02,  1.99172150e-04, -8.08636459e-02])
best_index=np.int64(0) np.sum(w_target)=np.float64(1.0) case[index%2]='max_alpha'
0.48173860029078663 2022-04-01 00:00:00 1336.1932068819897 0.007361661577804056 9.594891280738825e-05 0.007361661577804046
PROGRESS	2022-04-01	247	25	0.007361661577804046	1336.1932068819897
Portfolio optimization with 38 month weight rebalancing 2022-03-01 00:00:00: : 39it [06:21,  1.19s/it]Portfolio optimization with 39 month weight rebalancing 2022-04-01 00:00:00: : 39it [06:21,  1.19s/it]2026-07-30 14:51:25.209 | WARNING  | __main__:model_computation:474 - Nested engine fallback on 2022-04-01: "['BND', 'DVY', 'EMB', 'IBB', 'IEF', 'IEI', 'MBB', 'MCHI', 'SCZ', 'SHY', 'TLT', 'VTWO', 'VXUS'] not in index"
self.is_all_methods=False, self.min_weight=0.0, self.max_weight=0.1
single_methods
[RC-LP] method_type='return_cvar_constraint' sum=1.0000 active=27
IN-SAMPLE alpha grid-search best alphas[index]=np.float64(1.0),results[index]=array([ 1.25921531e+03, -5.76098586e-02,  1.26127982e-04, -5.76098586e-02])
best_index=np.int64(0) np.sum(w_target)=np.float64(1.0) case[index%2]='max_alpha'
0.48018375078176145 2022-05-02 00:00:00 1190.2648956102003 -0.10921198410543739 6.056460746003998e-05 -0.10921198410543753
PROGRESS	2022-05-02	248	26	-0.10921198410543753	1190.2648956102003
Portfolio optimization with 39 month weight rebalancing 2022-04-01 00:00:00: : 40it [06:22,  1.05it/s]Portfolio optimization with 40 month weight rebalancing 2022-05-02 00:00:00: : 40it [06:22,  1.05it/s]2026-07-30 14:51:25.558 | WARNING  | __main__:model_computation:474 - Nested engine fallback on 2022-05-02: "['BND', 'DVY', 'EMB', 'IBB', 'IEF', 'IEI', 'MBB', 'MCHI', 'SCZ', 'SHY', 'TLT', 'VTWO', 'VXUS'] not in index"
self.is_all_methods=False, self.min_weight=0.0, self.max_weight=0.1
single_methods
[RC-LP] method_type='return_cvar_constraint' sum=1.0000 active=28
IN-SAMPLE alpha grid-search best alphas[index]=np.float64(1.0),results[index]=array([ 1.09931978e+03, -7.64074599e-02,  1.10854021e-04, -7.64074599e-02])
best_index=np.int64(0) np.sum(w_target)=np.float64(1.0) case[index%2]='max_alpha'
0.48451765248490036 2022-06-01 00:00:00 1194.1502975868573 0.0032643170364735825 5.371072984181857e-05 0.003264317036473674
PROGRESS	2022-06-01	248	27	0.003264317036473674	1194.1502975868573
Portfolio optimization with 40 month weight rebalancing 2022-05-02 00:00:00: : 41it [06:22,  1.30it/s]Portfolio optimization with 41 month weight rebalancing 2022-06-01 00:00:00: : 41it [06:22,  1.30it/s]2026-07-30 14:51:25.915 | WARNING  | __main__:model_computation:474 - Nested engine fallback on 2022-06-01: "['BND', 'DVY', 'EMB', 'IBB', 'IEF', 'IEI', 'MBB', 'MCHI', 'SCZ', 'SHY', 'TLT', 'VTWO', 'VXUS'] not in index"
self.is_all_methods=False, self.min_weight=0.0, self.max_weight=0.1
single_methods
[RC-LP] method_type='return_cvar_constraint' sum=1.0000 active=27
IN-SAMPLE alpha grid-search best alphas[index]=np.float64(1.0),results[index]=array([ 1.12527162e+03, -5.76800756e-02,  1.83120877e-04, -5.76800756e-02])
best_index=np.int64(0) np.sum(w_target)=np.float64(1.0) case[index%2]='max_alpha'
0.48162932137295017 2022-07-01 00:00:00 1126.4396056813137 -0.05670198470190358 8.81963835175441e-05 -0.056701984701903574
PROGRESS	2022-07-01	249	26	-0.056701984701903574	1126.4396056813137
Portfolio optimization with 41 month weight rebalancing 2022-06-01 00:00:00: : 42it [06:22,  1.54it/s]Portfolio optimization with 42 month weight rebalancing 2022-07-01 00:00:00: : 42it [06:22,  1.54it/s]2026-07-30 14:51:26.260 | WARNING  | __main__:model_computation:474 - Nested engine fallback on 2022-07-01: "['BND', 'DVY', 'EMB', 'IBB', 'IEF', 'IEI', 'MBB', 'MCHI', 'SCZ', 'SHY', 'TLT', 'VTWO', 'VXUS'] not in index"
self.is_all_methods=False, self.min_weight=0.0, self.max_weight=0.1
single_methods
[RC-LP] method_type='return_cvar_constraint' sum=1.0000 active=25
IN-SAMPLE alpha grid-search best alphas[index]=np.float64(1.0),results[index]=array([ 9.88149992e+02, -1.22767002e-01,  1.11092427e-04, -1.22767002e-01])
best_index=np.int64(0) np.sum(w_target)=np.float64(1.0) case[index%2]='max_alpha'
0.48479288613358584 2022-08-01 00:00:00 1206.9359580059029 0.07146086831339891 5.385681815907763e-05 0.07146086831339882
PROGRESS	2022-08-01	250	24	0.07146086831339882	1206.9359580059029
Portfolio optimization with 42 month weight rebalancing 2022-07-01 00:00:00: : 43it [06:23,  1.80it/s]Portfolio optimization with 43 month weight rebalancing 2022-08-01 00:00:00: : 43it [06:23,  1.80it/s]2026-07-30 14:51:26.665 | WARNING  | __main__:model_computation:474 - Nested engine fallback on 2022-08-01: "['BND', 'DVY', 'EMB', 'IBB', 'IEF', 'IEI', 'MBB', 'MCHI', 'SCZ', 'SHY', 'TLT', 'VTWO', 'VXUS'] not in index"
self.is_all_methods=False, self.min_weight=0.0, self.max_weight=0.1
single_methods
[RC-LP] method_type='return_cvar_constraint' sum=1.0000 active=26
IN-SAMPLE alpha grid-search best alphas[index]=np.float64(0.1),results[index]=array([1.22124145e+03, 1.18527353e-02, 5.91976160e-06, 1.18527353e-02])
best_index=np.int64(0) np.sum(w_target)=np.float64(1.0) case[index%2]='max_alpha'
0.472432224168438 2022-09-01 00:00:00 1166.5688476398102 -0.03344594226257622 2.7966861380265136e-05 -0.033445942262576356
PROGRESS	2022-09-01	253	25	-0.033445942262576356	1166.5688476398102
Portfolio optimization with 43 month weight rebalancing 2022-08-01 00:00:00: : 44it [06:23,  1.96it/s]Portfolio optimization with 44 month weight rebalancing 2022-09-01 00:00:00: : 44it [06:23,  1.96it/s]2026-07-30 14:51:27.003 | WARNING  | __main__:model_computation:474 - Nested engine fallback on 2022-09-01: "['BND', 'DVY', 'EMB', 'IBB', 'IEF', 'IEI', 'MBB', 'MCHI', 'SCZ', 'SHY', 'TLT', 'VTWO', 'VXUS'] not in index"
self.is_all_methods=False, self.min_weight=0.0, self.max_weight=0.1
single_methods
[RC-LP] method_type='return_cvar_constraint' sum=1.0000 active=27
IN-SAMPLE alpha grid-search best alphas[index]=np.float64(0.1),results[index]=array([ 1.13698045e+03, -2.53636099e-02,  7.65552773e-06, -2.53636099e-02])
best_index=np.int64(0) np.sum(w_target)=np.float64(1.0) case[index%2]='max_alpha'
0.49685143636007406 2022-10-03 00:00:00 1075.5200502159314 -0.07804837031958105 3.803659949590798e-05 -0.078048370319581
PROGRESS	2022-10-03	253	25	-0.078048370319581	1075.5200502159314
Portfolio optimization with 44 month weight rebalancing 2022-09-01 00:00:00: : 45it [06:23,  2.17it/s]Portfolio optimization with 45 month weight rebalancing 2022-10-03 00:00:00: : 45it [06:23,  2.17it/s]2026-07-30 14:51:27.348 | WARNING  | __main__:model_computation:474 - Nested engine fallback on 2022-10-03: "['BND', 'DVY', 'EMB', 'IBB', 'IEF', 'IEI', 'MBB', 'MCHI', 'SCZ', 'SHY', 'TLT', 'VONE', 'VTWO', 'VXUS'] not in index"
self.is_all_methods=False, self.min_weight=0.0, self.max_weight=0.1
single_methods
[RC-LP] method_type='return_cvar_constraint' sum=1.0000 active=29
IN-SAMPLE alpha grid-search best alphas[index]=np.float64(1.0),results[index]=array([ 1.00835027e+03, -6.24533049e-02,  3.90955981e-05, -6.24533049e-02])
best_index=np.int64(0) np.sum(w_target)=np.float64(0.9999999999999999) case[index%2]='max_alpha'
0.4942978041960329 2022-11-01 00:00:00 1084.237262635109 0.0081051138167321 1.93248682984448e-05 0.008105113816732068
PROGRESS	2022-11-01	251	27	0.008105113816732068	1084.237262635109
Portfolio optimization with 45 month weight rebalancing 2022-10-03 00:00:00: : 46it [06:24,  2.36it/s]Portfolio optimization with 46 month weight rebalancing 2022-11-01 00:00:00: : 46it [06:24,  2.36it/s]2026-07-30 14:51:27.720 | WARNING  | __main__:model_computation:474 - Nested engine fallback on 2022-11-01: "['BND', 'DVY', 'EMB', 'IBB', 'IEF', 'IEI', 'MBB', 'MCHI', 'SCZ', 'SHY', 'TLT', 'VONE', 'VTWO', 'VXUS'] not in index"
self.is_all_methods=False, self.min_weight=0.0, self.max_weight=0.1
single_methods
[RC-LP] method_type='return_cvar_constraint' sum=1.0000 active=28
IN-SAMPLE alpha grid-search best alphas[index]=np.float64(1.0),results[index]=array([ 9.82879948e+02, -9.34825967e-02,  1.14883680e-04, -9.34825967e-02])
best_index=np.int64(0) np.sum(w_target)=np.float64(1.0) case[index%2]='max_alpha'
0.48637222644875305 2022-12-01 00:00:00 1159.2491924840544 0.06918405448143154 5.587623131693038e-05 0.0691840544814315
PROGRESS	2022-12-01	251	27	0.0691840544814315	1159.2491924840544
Portfolio optimization with 46 month weight rebalancing 2022-11-01 00:00:00: : 47it [06:24,  2.45it/s]Portfolio optimization with 47 month weight rebalancing 2022-12-01 00:00:00: : 47it [06:24,  2.45it/s]2026-07-30 14:51:28.132 | WARNING  | __main__:model_computation:474 - Nested engine fallback on 2022-12-01: "['BND', 'DVY', 'EMB', 'IBB', 'IEF', 'IEI', 'MBB', 'MCHI', 'SCZ', 'SHY', 'TLT', 'VONE', 'VONG', 'VTWO', 'VXUS'] not in index"
self.is_all_methods=False, self.min_weight=0.0, self.max_weight=0.1
single_methods
[RC-LP] method_type='return_cvar_constraint' sum=1.0000 active=27
IN-SAMPLE alpha grid-search best alphas[index]=np.float64(1.0),results[index]=array([1.17041903e+03, 9.63540312e-03, 2.30901937e-05, 9.63540312e-03])
best_index=np.int64(0) np.sum(w_target)=np.float64(0.9999999999999999) case[index%2]='max_alpha'
0.4785903499629136 2023-01-03 00:00:00 1106.4667148387275 -0.04553160613571257 1.1050743896806867e-05 -0.04553160613571272
PROGRESS	2023-01-03	252	26	-0.04553160613571272	1106.4667148387275
Portfolio optimization with 47 month weight rebalancing 2022-12-01 00:00:00: : 48it [06:25,  2.44it/s]Portfolio optimization with 48 month weight rebalancing 2023-01-03 00:00:00: : 48it [06:25,  2.44it/s]2026-07-30 14:51:28.474 | WARNING  | __main__:model_computation:474 - Nested engine fallback on 2023-01-03: "['BND', 'DVY', 'EMB', 'IBB', 'IEF', 'IEI', 'MBB', 'MCHI', 'SCZ', 'SHY', 'TLT', 'VONE', 'VONG', 'VTWO', 'VXUS'] not in index"
self.is_all_methods=False, self.min_weight=0.0, self.max_weight=0.1
single_methods
[RC-LP] method_type='return_cvar_constraint' sum=1.0000 active=27
IN-SAMPLE alpha grid-search best alphas[index]=np.float64(1.0),results[index]=array([1.12980393e+03, 2.10916558e-02, 4.99739658e-05, 2.10916558e-02])
best_index=np.int64(0) np.sum(w_target)=np.float64(1.0) case[index%2]='max_alpha'
0.49764254824163767 2023-02-01 00:00:00 1177.634027295307 0.06431943365503999 2.48691717023144e-05 0.06431943365503989
PROGRESS	2023-02-01	252	26	0.06431943365503989	1177.634027295307
Portfolio optimization with 48 month weight rebalancing 2023-01-03 00:00:00: : 49it [06:25,  2.57it/s]Portfolio optimization with 49 month weight rebalancing 2023-02-01 00:00:00: : 49it [06:25,  2.57it/s]2026-07-30 14:51:28.826 | WARNING  | __main__:model_computation:474 - Nested engine fallback on 2023-02-01: "['BND', 'DVY', 'EMB', 'IBB', 'IEF', 'IEI', 'MBB', 'MCHI', 'SCZ', 'SHY', 'TLT', 'VONE', 'VONG', 'VTWO', 'VXUS'] not in index"
self.is_all_methods=False, self.min_weight=0.0, self.max_weight=0.1
single_methods
[RC-LP] method_type='return_cvar_constraint' sum=1.0000 active=26
IN-SAMPLE alpha grid-search best alphas[index]=np.float64(1.0),results[index]=array([1.27204182e+03, 8.01673421e-02, 8.36136757e-05, 8.01673421e-02])
best_index=np.int64(0) np.sum(w_target)=np.float64(1.0) case[index%2]='max_alpha'
0.5037467671794484 2023-03-01 00:00:00 1138.9126887921493 -0.032880621318398764 4.212011883021921e-05 -0.03288062131839864
PROGRESS	2023-03-01	252	25	-0.03288062131839864	1138.9126887921493
Portfolio optimization with 49 month weight rebalancing 2023-02-01 00:00:00: : 50it [06:25,  2.64it/s]Portfolio optimization with 50 month weight rebalancing 2023-03-01 00:00:00: : 50it [06:25,  2.64it/s]2026-07-30 14:51:29.234 | WARNING  | __main__:model_computation:474 - Nested engine fallback on 2023-03-01: "['BND', 'DVY', 'EMB', 'IBB', 'IEF', 'IEI', 'MBB', 'MCHI', 'SCZ', 'SHY', 'TLT', 'VONE', 'VONG', 'VONV', 'VTWO', 'VXUS'] not in index"
self.is_all_methods=False, self.min_weight=0.0, self.max_weight=0.1
single_methods
[RC-LP] method_type='return_cvar_constraint' sum=1.0000 active=28
IN-SAMPLE alpha grid-search best alphas[index]=np.float64(0.1),results[index]=array([ 1.11994513e+03, -1.66540913e-02,  2.49406164e-05, -1.66540913e-02])
best_index=np.int64(0) np.sum(w_target)=np.float64(1.0) case[index%2]='max_alpha'
0.5167765359038616 2023-04-03 00:00:00 1182.7074435032082 0.038453127392499696 0.00012888725343533072 0.03845312739249973
PROGRESS	2023-04-03	254	25	0.03845312739249973	1182.7074435032082
Portfolio optimization with 50 month weight rebalancing 2023-03-01 00:00:00: : 51it [06:26,  2.58it/s]Portfolio optimization with 51 month weight rebalancing 2023-04-03 00:00:00: : 51it [06:26,  2.58it/s]2026-07-30 14:51:29.597 | WARNING  | __main__:model_computation:474 - Nested engine fallback on 2023-04-03: "['BND', 'DVY', 'EMB', 'IBB', 'IEF', 'IEI', 'IJT', 'MBB', 'MCHI', 'SCZ', 'SHY', 'TLT', 'VONE', 'VONG', 'VONV', 'VTWO', 'VXUS'] not in index"
self.is_all_methods=False, self.min_weight=0.0, self.max_weight=0.1
single_methods
[RC-LP] method_type='return_cvar_constraint' sum=1.0000 active=27
IN-SAMPLE alpha grid-search best alphas[index]=np.float64(0.1),results[index]=array([1.25836136e+03, 6.39667234e-02, 2.27430595e-05, 6.39667234e-02])
best_index=np.int64(0) np.sum(w_target)=np.float64(1.0) case[index%2]='max_alpha'
0.5000257489147609 2023-05-01 00:00:00 1181.5351559475123 -0.0009911898011089155 0.00011372115354980567 -0.0009911898011089049
PROGRESS	2023-05-01	253	25	-0.0009911898011089049	1181.5351559475123
Portfolio optimization with 51 month weight rebalancing 2023-04-03 00:00:00: : 52it [06:26,  2.63it/s]Portfolio optimization with 52 month weight rebalancing 2023-05-01 00:00:00: : 52it [06:26,  2.63it/s]2026-07-30 14:51:29.952 | WARNING  | __main__:model_computation:474 - Nested engine fallback on 2023-05-01: "['BND', 'DVY', 'EMB', 'IBB', 'IEF', 'IEI', 'IJT', 'MBB', 'MCHI', 'SCZ', 'SHY', 'TLT', 'VONE', 'VONG', 'VONV', 'VTWO', 'VXUS'] not in index"
self.is_all_methods=False, self.min_weight=0.0, self.max_weight=0.1
single_methods
[RC-LP] method_type='return_cvar_constraint' sum=1.0000 active=26
IN-SAMPLE alpha grid-search best alphas[index]=np.float64(1.0),results[index]=array([ 1.17514660e+03, -5.40699732e-03,  1.43680011e-04, -5.40699732e-03])
best_index=np.int64(0) np.sum(w_target)=np.float64(1.0) case[index%2]='max_alpha'
0.5127956999698035 2023-06-01 00:00:00 1169.2847435002902 -0.010368216625258213 7.367849187555443e-05 -0.01036821662525822
PROGRESS	2023-06-01	254	25	-0.01036821662525822	1169.2847435002902
Portfolio optimization with 52 month weight rebalancing 2023-05-01 00:00:00: : 53it [06:26,  2.67it/s]Portfolio optimization with 53 month weight rebalancing 2023-06-01 00:00:00: : 53it [06:26,  2.67it/s]2026-07-30 14:51:30.374 | WARNING  | __main__:model_computation:474 - Nested engine fallback on 2023-06-01: "['BND', 'DVY', 'EMB', 'IBB', 'IEF', 'IEI', 'IJT', 'MBB', 'MCHI', 'SCZ', 'SHY', 'TLT', 'VONE', 'VONG', 'VONV', 'VTWO', 'VXUS'] not in index"
self.is_all_methods=False, self.min_weight=0.0, self.max_weight=0.1
single_methods
[RC-LP] method_type='return_cvar_constraint' sum=1.0000 active=28
IN-SAMPLE alpha grid-search best alphas[index]=np.float64(0.1),results[index]=array([1.18557576e+03, 1.39324644e-02, 7.34761254e-06, 1.39324644e-02])
best_index=np.int64(0) np.sum(w_target)=np.float64(1.0) case[index%2]='max_alpha'
0.5014782951200437 2023-07-03 00:00:00 1218.918974065663 0.04244836926272646 3.684668207945923e-05 0.04244836926272644
PROGRESS	2023-07-03	252	27	0.04244836926272644	1218.918974065663
Portfolio optimization with 53 month weight rebalancing 2023-06-01 00:00:00: : 54it [06:27,  2.59it/s]Portfolio optimization with 54 month weight rebalancing 2023-07-03 00:00:00: : 54it [06:27,  2.59it/s]2026-07-30 14:51:30.723 | WARNING  | __main__:model_computation:474 - Nested engine fallback on 2023-07-03: "['BND', 'DVY', 'EMB', 'IBB', 'IEF', 'IEI', 'IJT', 'MBB', 'MCHI', 'SCZ', 'SHY', 'TLT', 'VONE', 'VONG', 'VONV', 'VTWO', 'VXUS'] not in index"
self.is_all_methods=False, self.min_weight=0.0, self.max_weight=0.1
single_methods
[RC-LP] method_type='return_cvar_constraint' sum=1.0000 active=27
IN-SAMPLE alpha grid-search best alphas[index]=np.float64(1.0),results[index]=array([1.26542024e+03, 3.81495975e-02, 9.17343262e-05, 3.81495975e-02])
best_index=np.int64(0) np.sum(w_target)=np.float64(1.0) case[index%2]='max_alpha'
0.5030821137310193 2023-08-01 00:00:00 1252.9593808810093 0.02792671829679199 4.6149898743136155e-05 0.02792671829679194
PROGRESS	2023-08-01	251	25	0.02792671829679194	1252.9593808810093
Portfolio optimization with 54 month weight rebalancing 2023-07-03 00:00:00: : 55it [06:27,  2.66it/s]Portfolio optimization with 55 month weight rebalancing 2023-08-01 00:00:00: : 55it [06:27,  2.66it/s]2026-07-30 14:51:31.074 | WARNING  | __main__:model_computation:474 - Nested engine fallback on 2023-08-01: "['BND', 'DVY', 'EMB', 'IBB', 'IEF', 'IEI', 'IJT', 'MBB', 'MCHI', 'SCZ', 'SHY', 'TLT', 'VONE', 'VONG', 'VONV', 'VTWO', 'VXUS'] not in index"
self.is_all_methods=False, self.min_weight=0.0, self.max_weight=0.1
single_methods
[RC-LP] method_type='return_cvar_constraint' sum=1.0000 active=27
IN-SAMPLE alpha grid-search best alphas[index]=np.float64(1.0),results[index]=array([1.37189011e+03, 9.49198630e-02, 8.27990940e-05, 9.49198630e-02])
best_index=np.int64(0) np.sum(w_target)=np.float64(1.0) case[index%2]='max_alpha'
0.5082456024391798 2023-09-01 00:00:00 1227.2522578821824 -0.02051712401143538 4.20822754061741e-05 -0.02051712401143535
PROGRESS	2023-09-01	252	25	-0.02051712401143535	1227.2522578821824
Portfolio optimization with 55 month weight rebalancing 2023-08-01 00:00:00: : 56it [06:28,  2.72it/s]Portfolio optimization with 56 month weight rebalancing 2023-09-01 00:00:00: : 56it [06:28,  2.72it/s]2026-07-30 14:51:31.419 | WARNING  | __main__:model_computation:474 - Nested engine fallback on 2023-09-01: "['BND', 'DVY', 'EMB', 'IBB', 'IEF', 'IEI', 'IJT', 'MBB', 'MCHI', 'SCZ', 'SHY', 'TLT', 'VONE', 'VONG', 'VONV', 'VTWO', 'VXUS'] not in index"
self.is_all_methods=False, self.min_weight=0.0, self.max_weight=0.1
single_methods
[RC-LP] method_type='return_cvar_constraint' sum=1.0000 active=23
IN-SAMPLE alpha grid-search best alphas[index]=np.float64(1.0),results[index]=array([1.29948035e+03, 5.88535050e-02, 2.32801821e-04, 5.88535050e-02])
best_index=np.int64(0) np.sum(w_target)=np.float64(1.0) case[index%2]='max_alpha'
0.5206215383127648 2023-10-02 00:00:00 1201.674783329551 -0.02084125279734209 0.0001212016423937387 -0.020841252797342058
PROGRESS	2023-10-02	250	21	-0.020841252797342058	1201.674783329551
Portfolio optimization with 56 month weight rebalancing 2023-09-01 00:00:00: : 57it [06:28,  2.77it/s]Portfolio optimization with 57 month weight rebalancing 2023-10-02 00:00:00: : 57it [06:28,  2.77it/s]2026-07-30 14:51:31.849 | WARNING  | __main__:model_computation:474 - Nested engine fallback on 2023-10-02: "['BND', 'DVY', 'EMB', 'IBB', 'IEF', 'IEI', 'IJT', 'MBB', 'MCHI', 'SCZ', 'SHY', 'TLT', 'VONE', 'VONG', 'VONV', 'VTWO', 'VXUS'] not in index"
self.is_all_methods=False, self.min_weight=0.0, self.max_weight=0.1
single_methods
[RC-LP] method_type='return_cvar_constraint' sum=1.0000 active=23
IN-SAMPLE alpha grid-search best alphas[index]=np.float64(1.0),results[index]=array([1.26511588e+03, 5.27938947e-02, 3.43025144e-04, 5.27938947e-02])
best_index=np.int64(0) np.sum(w_target)=np.float64(1.0) case[index%2]='max_alpha'
0.5158919948039458 2023-11-01 00:00:00 1162.2043166359756 -0.03284621366873672 0.0001769639255818365 -0.032846213668736746
PROGRESS	2023-11-01	249	22	-0.032846213668736746	1162.2043166359756
Portfolio optimization with 57 month weight rebalancing 2023-10-02 00:00:00: : 58it [06:28,  2.62it/s]Portfolio optimization with 58 month weight rebalancing 2023-11-01 00:00:00: : 58it [06:28,  2.62it/s]2026-07-30 14:51:32.204 | WARNING  | __main__:model_computation:474 - Nested engine fallback on 2023-11-01: "['BND', 'DVY', 'EMB', 'IBB', 'IEF', 'IEI', 'IJT', 'MBB', 'MCHI', 'SCZ', 'SHY', 'TLT', 'VONE', 'VONG', 'VONV', 'VTWO', 'VXUS'] not in index"
self.is_all_methods=False, self.min_weight=0.0, self.max_weight=0.1
single_methods
[RC-LP] method_type='return_cvar_constraint' sum=1.0000 active=17
IN-SAMPLE alpha grid-search best alphas[index]=np.float64(1.0),results[index]=array([ 1.15431784e+03, -6.78579384e-03,  3.25771573e-04, -6.78579384e-03])
best_index=np.int64(0) np.sum(w_target)=np.float64(1.0) case[index%2]='max_alpha'
0.5137347926158711 2023-12-01 00:00:00 1199.145392014103 0.03178535378792449 0.0001673601912805808 0.031785353787924464
PROGRESS	2023-12-01	248	17	0.031785353787924464	1199.145392014103
Portfolio optimization with 58 month weight rebalancing 2023-11-01 00:00:00: : 59it [06:29,  2.68it/s]Portfolio optimization with 59 month weight rebalancing 2023-12-01 00:00:00: : 59it [06:29,  2.68it/s]2026-07-30 14:51:32.550 | WARNING  | __main__:model_computation:474 - Nested engine fallback on 2023-12-01: "['BITO', 'BND', 'DVY', 'EMB', 'IBB', 'IEF', 'IEI', 'IJT', 'MBB', 'MCHI', 'SCZ', 'SHY', 'TLT', 'VONE', 'VONG', 'VONV', 'VTWO', 'VXUS'] not in index"
self.is_all_methods=False, self.min_weight=0.0, self.max_weight=0.1
single_methods
[RC-LP] method_type='return_cvar_constraint' sum=1.0000 active=26
IN-SAMPLE alpha grid-search best alphas[index]=np.float64(1.0),results[index]=array([ 1.19336992e+03, -4.81632510e-03,  9.22105531e-05, -4.81632510e-03])
best_index=np.int64(0) np.sum(w_target)=np.float64(1.0) case[index%2]='max_alpha'
0.5013904874148053 2024-01-02 00:00:00 1217.8353516381355 0.01558606633399189 4.623349415606462e-05 0.015586066333991955
PROGRESS	2024-01-02	249	24	0.015586066333991955	1217.8353516381355
Portfolio optimization with 59 month weight rebalancing 2023-12-01 00:00:00: : 60it [06:29,  2.74it/s]Portfolio optimization with 60 month weight rebalancing 2024-01-02 00:00:00: : 60it [06:29,  2.74it/s]2026-07-30 14:51:32.886 | WARNING  | __main__:model_computation:474 - Nested engine fallback on 2024-01-02: "['BITO', 'BND', 'DVY', 'EMB', 'IBB', 'IEF', 'IEI', 'IJT', 'MBB', 'MCHI', 'SCZ', 'SHY', 'TLT', 'VONE', 'VONG', 'VONV', 'VTWO', 'VXUS'] not in index"
self.is_all_methods=False, self.min_weight=0.0, self.max_weight=0.1
single_methods
[RC-LP] method_type='return_cvar_constraint' sum=1.0000 active=26
IN-SAMPLE alpha grid-search best alphas[index]=np.float64(0.1),results[index]=array([1.25096607e+03, 2.72045922e-02, 9.76847938e-06, 2.72045922e-02])
best_index=np.int64(0) np.sum(w_target)=np.float64(0.9999999999999999) case[index%2]='max_alpha'
0.4993148336087068 2024-02-01 00:00:00 1233.376855015652 0.012761580090946877 4.8775466542118604e-05 0.012761580090946856
PROGRESS	2024-02-01	250	24	0.012761580090946856	1233.376855015652
Portfolio optimization with 60 month weight rebalancing 2024-01-02 00:00:00: : 61it [06:29,  2.80it/s]Portfolio optimization with 61 month weight rebalancing 2024-02-01 00:00:00: : 61it [06:29,  2.80it/s]2026-07-30 14:51:33.295 | WARNING  | __main__:model_computation:474 - Nested engine fallback on 2024-02-01: "['BITO', 'BND', 'DVY', 'EMB', 'IBB', 'IEF', 'IEI', 'IJT', 'MBB', 'MCHI', 'SCZ', 'SHY', 'TLT', 'VONE', 'VONG', 'VONV', 'VTWO', 'VXUS'] not in index"
self.is_all_methods=False, self.min_weight=0.0, self.max_weight=0.1
single_methods
[RC-LP] method_type='return_cvar_constraint' sum=1.0000 active=25
IN-SAMPLE alpha grid-search best alphas[index]=np.float64(1.0),results[index]=array([1.29791189e+03, 5.23238559e-02, 2.30210894e-05, 5.23238559e-02])
best_index=np.int64(0) np.sum(w_target)=np.float64(1.0) case[index%2]='max_alpha'
0.5053036861503489 2024-03-01 00:00:00 1265.4501538863797 0.026004459821260876 1.1632641355394037e-05 0.026004459821260983
PROGRESS	2024-03-01	248	24	0.026004459821260983	1265.4501538863797
Portfolio optimization with 61 month weight rebalancing 2024-02-01 00:00:00: : 62it [06:30,  2.68it/s]Portfolio optimization with 62 month weight rebalancing 2024-03-01 00:00:00: : 62it [06:30,  2.68it/s]2026-07-30 14:51:33.660 | WARNING  | __main__:model_computation:474 - Nested engine fallback on 2024-03-01: "['BITO', 'BND', 'DVY', 'EMB', 'IBB', 'IEF', 'IEI', 'IJT', 'JEPQ', 'MBB', 'MCHI', 'SCZ', 'SHY', 'TLT', 'VONE', 'VONG', 'VONV', 'VTWO', 'VXUS'] not in index"
self.is_all_methods=False, self.min_weight=0.0, self.max_weight=0.1
single_methods
[RC-LP] method_type='return_cvar_constraint' sum=1.0000 active=26
IN-SAMPLE alpha grid-search best alphas[index]=np.float64(0.1),results[index]=array([1.32816921e+03, 4.95626440e-02, 8.89233335e-06, 4.95626440e-02])
best_index=np.int64(0) np.sum(w_target)=np.float64(1.0) case[index%2]='max_alpha'
0.5115235072602679 2024-04-01 00:00:00 1302.8924601722351 0.02958813207368528 4.548637543554603e-05 0.02958813207368527
PROGRESS	2024-04-01	247	23	0.02958813207368527	1302.8924601722351
Portfolio optimization with 62 month weight rebalancing 2024-03-01 00:00:00: : 63it [06:30,  2.71it/s]Portfolio optimization with 63 month weight rebalancing 2024-04-01 00:00:00: : 63it [06:30,  2.71it/s]2026-07-30 14:51:34.011 | WARNING  | __main__:model_computation:474 - Nested engine fallback on 2024-04-01: "['BITO', 'BND', 'DVY', 'EMB', 'GBTC', 'IBB', 'IBIT', 'IEF', 'IEI', 'IJT', 'JEPQ', 'MBB', 'MCHI', 'QQQM', 'SCZ', 'SHY', 'TLT', 'VONE', 'VONG', 'VONV', 'VTWO', 'VXUS'] not in index"
self.is_all_methods=False, self.min_weight=0.0, self.max_weight=0.1
single_methods
[RC-LP] method_type='return_cvar_constraint' sum=1.0000 active=27
IN-SAMPLE alpha grid-search best alphas[index]=np.float64(1.0),results[index]=array([1.39676404e+03, 7.20485981e-02, 2.03340655e-04, 7.20485981e-02])
best_index=np.int64(0) np.sum(w_target)=np.float64(1.0) case[index%2]='max_alpha'
0.5122152073755863 2024-05-01 00:00:00 1308.5018894918844 0.004305366322334798 0.00010415417596332692 0.004305366322334692
PROGRESS	2024-05-01	244	25	0.004305366322334692	1308.5018894918844
Portfolio optimization with 63 month weight rebalancing 2024-04-01 00:00:00: : 64it [06:30,  2.74it/s]Portfolio optimization with 64 month weight rebalancing 2024-05-01 00:00:00: : 64it [06:30,  2.74it/s]2026-07-30 14:51:34.365 | WARNING  | __main__:model_computation:474 - Nested engine fallback on 2024-05-01: "['BITO', 'BND', 'DVY', 'EMB', 'GBTC', 'IBB', 'IBIT', 'IEF', 'IEI', 'IJT', 'JEPQ', 'MBB', 'MCHI', 'QQQM', 'SCZ', 'SHY', 'TLT', 'VONE', 'VONG', 'VONV', 'VTWO', 'VXUS'] not in index"
self.is_all_methods=False, self.min_weight=0.0, self.max_weight=0.1
single_methods
[RC-LP] method_type='return_cvar_constraint' sum=1.0000 active=27
IN-SAMPLE alpha grid-search best alphas[index]=np.float64(1.0),results[index]=array([1.39051316e+03, 6.26756969e-02, 9.91864794e-05, 6.26756969e-02])
best_index=np.int64(0) np.sum(w_target)=np.float64(1.0) case[index%2]='max_alpha'
0.5168468677263424 2024-06-03 00:00:00 1329.8983058264896 0.01635184213827455 5.126422120728307e-05 0.016351842138274453
PROGRESS	2024-06-03	244	25	0.016351842138274453	1329.8983058264896
Portfolio optimization with 64 month weight rebalancing 2024-05-01 00:00:00: : 65it [06:31,  2.78it/s]Portfolio optimization with 65 month weight rebalancing 2024-06-03 00:00:00: : 65it [06:31,  2.78it/s]2026-07-30 14:51:34.786 | WARNING  | __main__:model_computation:474 - Nested engine fallback on 2024-06-03: "['BITO', 'BND', 'DVY', 'EMB', 'GBTC', 'IBB', 'IBIT', 'IEF', 'IEI', 'IJT', 'JEPQ', 'MBB', 'MCHI', 'QQQM', 'SCZ', 'SHY', 'TLT', 'VONE', 'VONG', 'VONV', 'VTWO', 'VXUS'] not in index"
self.is_all_methods=False, self.min_weight=0.0, self.max_weight=0.1
single_methods
[RC-LP] method_type='return_cvar_constraint' sum=1.0000 active=26
IN-SAMPLE alpha grid-search best alphas[index]=np.float64(0.1),results[index]=array([1.37876526e+03, 3.67448810e-02, 1.07453519e-05, 3.67448810e-02])
best_index=np.int64(0) np.sum(w_target)=np.float64(1.0) case[index%2]='max_alpha'
0.5159004255909839 2024-07-01 00:00:00 1341.4168996828873 0.00866125913984019 5.54353163616326e-05 0.008661259139840283
PROGRESS	2024-07-01	243	22	0.008661259139840283	1341.4168996828873
Portfolio optimization with 65 month weight rebalancing 2024-06-03 00:00:00: : 66it [06:31,  2.64it/s]Portfolio optimization with 66 month weight rebalancing 2024-07-01 00:00:00: : 66it [06:31,  2.64it/s]2026-07-30 14:51:35.134 | WARNING  | __main__:model_computation:474 - Nested engine fallback on 2024-07-01: "['BITO', 'BND', 'DVY', 'EMB', 'GBTC', 'IBB', 'IBIT', 'IEF', 'IEI', 'IJT', 'JEPQ', 'MBB', 'MCHI', 'QQQM', 'SCZ', 'SHY', 'TLT', 'VONE', 'VONG', 'VONV', 'VTWO', 'VXUS'] not in index"
self.is_all_methods=False, self.min_weight=0.0, self.max_weight=0.1
single_methods
[RC-LP] method_type='return_cvar_constraint' sum=1.0000 active=29
IN-SAMPLE alpha grid-search best alphas[index]=np.float64(1.0),results[index]=array([1.34486776e+03, 2.57254618e-03, 5.42277237e-05, 2.57254618e-03])
best_index=np.int64(0) np.sum(w_target)=np.float64(0.9999999999999999) case[index%2]='max_alpha'
0.5105285774162811 2024-08-01 00:00:00 1357.589631567126 0.012056454550454626 2.7684802613775573e-05 0.012056454550454676
PROGRESS	2024-08-01	243	24	0.012056454550454676	1357.589631567126
Portfolio optimization with 66 month weight rebalancing 2024-07-01 00:00:00: : 67it [06:32,  2.71it/s]Portfolio optimization with 67 month weight rebalancing 2024-08-01 00:00:00: : 67it [06:32,  2.71it/s]2026-07-30 14:51:35.475 | WARNING  | __main__:model_computation:474 - Nested engine fallback on 2024-08-01: "['BITO', 'BND', 'DVY', 'EMB', 'GBTC', 'IBB', 'IBIT', 'IEF', 'IEI', 'IJT', 'JAAA', 'JEPQ', 'MBB', 'MCHI', 'QQQM', 'SCZ', 'SGOV', 'SHY', 'TLT', 'VONE', 'VONG', 'VONV', 'VTWO', 'VXUS'] not in index"
self.is_all_methods=False, self.min_weight=0.0, self.max_weight=0.1
single_methods
[RC-LP] method_type='return_cvar_constraint' sum=1.0000 active=25
IN-SAMPLE alpha grid-search best alphas[index]=np.float64(0.1),results[index]=array([1.40466726e+03, 3.46773660e-02, 1.51781395e-05, 3.46773660e-02])
best_index=np.int64(0) np.sum(w_target)=np.float64(1.0) case[index%2]='max_alpha'
0.502620512035426 2024-09-03 00:00:00 1344.627991755566 -0.009547538895533433 7.628844267708304e-05 -0.009547538895533392
PROGRESS	2024-09-03	242	24	-0.009547538895533392	1344.627991755566
Portfolio optimization with 67 month weight rebalancing 2024-08-01 00:00:00: : 68it [06:32,  2.72it/s]Portfolio optimization with 68 month weight rebalancing 2024-09-03 00:00:00: : 68it [06:32,  2.72it/s]2026-07-30 14:51:35.862 | WARNING  | __main__:model_computation:474 - Nested engine fallback on 2024-09-03: "['BITO', 'BND', 'DVY', 'EMB', 'GBTC', 'IBB', 'IBIT', 'IEF', 'IEI', 'IGV', 'IJT', 'JAAA', 'JEPI', 'JEPQ', 'MBB', 'MCHI', 'QQQM', 'SCZ', 'SGOV', 'SHY', 'TLT', 'VONE', 'VONG', 'VONV', 'VTWO', 'VXUS'] not in index"
self.is_all_methods=False, self.min_weight=0.0, self.max_weight=0.1
single_methods
[RC-LP] method_type='return_cvar_constraint' sum=1.0000 active=29
IN-SAMPLE alpha grid-search best alphas[index]=np.float64(1.0),results[index]=array([1.37156161e+03, 2.00305320e-02, 4.32887423e-05, 2.00305320e-02])
best_index=np.int64(0) np.sum(w_target)=np.float64(1.0) case[index%2]='max_alpha'
0.5074590270034526 2024-10-01 00:00:00 1345.7626629679623 0.0008438551178120969 2.1967263023004864e-05 0.0008438551178120424
PROGRESS	2024-10-01	241	25	0.0008438551178120424	1345.7626629679623
Portfolio optimization with 68 month weight rebalancing 2024-09-03 00:00:00: : 69it [06:32,  2.73it/s]Portfolio optimization with 69 month weight rebalancing 2024-10-01 00:00:00: : 69it [06:32,  2.73it/s]2026-07-30 14:51:36.277 | WARNING  | __main__:model_computation:474 - Nested engine fallback on 2024-10-01: "['BITO', 'BND', 'DVY', 'EMB', 'GBTC', 'IBB', 'IBIT', 'IEF', 'IEI', 'IGV', 'IJT', 'JAAA', 'JEPI', 'JEPQ', 'MBB', 'MCHI', 'QQQM', 'SCZ', 'SGOV', 'SHY', 'TLT', 'VONE', 'VONG', 'VONV', 'VTWO', 'VXUS'] not in index"
self.is_all_methods=False, self.min_weight=0.0, self.max_weight=0.1
single_methods
[RC-LP] method_type='return_cvar_constraint' sum=1.0000 active=30
IN-SAMPLE alpha grid-search best alphas[index]=np.float64(1.0),results[index]=array([1.35224569e+03, 4.81736026e-03, 2.71014574e-05, 4.81736026e-03])
best_index=np.int64(0) np.sum(w_target)=np.float64(1.0) case[index%2]='max_alpha'
0.505497800907179 2024-11-01 00:00:00 1353.7408209694454 0.005928354397860792 1.3699727117376534e-05 0.005928354397860769
PROGRESS	2024-11-01	239	26	0.005928354397860769	1353.7408209694454
Portfolio optimization with 69 month weight rebalancing 2024-10-01 00:00:00: : 70it [06:33,  2.63it/s]Portfolio optimization with 70 month weight rebalancing 2024-11-01 00:00:00: : 70it [06:33,  2.63it/s]2026-07-30 14:51:36.615 | WARNING  | __main__:model_computation:474 - Nested engine fallback on 2024-11-01: "['BITO', 'BND', 'DVY', 'EMB', 'GBTC', 'IBB', 'IBIT', 'IEF', 'IEI', 'IGV', 'IJT', 'JAAA', 'JEPI', 'JEPQ', 'MBB', 'MCHI', 'QQQM', 'SCZ', 'SGOV', 'SHY', 'TLT', 'VONE', 'VONG', 'VONV', 'VTWO', 'VXUS'] not in index"
self.is_all_methods=False, self.min_weight=0.0, self.max_weight=0.1
single_methods
[RC-LP] method_type='return_cvar_constraint' sum=1.0000 active=28
IN-SAMPLE alpha grid-search best alphas[index]=np.float64(1.0),results[index]=array([1.44126291e+03, 6.46520261e-02, 1.51381456e-06, 6.46520261e-02])
best_index=np.int64(0) np.sum(w_target)=np.float64(1.0) case[index%2]='max_alpha'
0.5020630648420322 2024-12-02 00:00:00 1433.218455417577 0.05870963866718277 7.600303780171526e-07 0.05870963866718282
PROGRESS	2024-12-02	242	27	0.05870963866718282	1433.218455417577
Portfolio optimization with 70 month weight rebalancing 2024-11-01 00:00:00: : 71it [06:33,  2.70it/s]Portfolio optimization with 71 month weight rebalancing 2024-12-02 00:00:00: : 71it [06:33,  2.70it/s]2026-07-30 14:51:36.960 | WARNING  | __main__:model_computation:474 - Nested engine fallback on 2024-12-02: "['BITO', 'BND', 'DVY', 'EMB', 'GBTC', 'IBB', 'IBIT', 'IEF', 'IEI', 'IGV', 'IJT', 'JAAA', 'JEPI', 'JEPQ', 'MBB', 'MCHI', 'QQQM', 'SCZ', 'SGOV', 'SHY', 'TLT', 'VONE', 'VONG', 'VONV', 'VTWO', 'VXUS'] not in index"
self.is_all_methods=False, self.min_weight=0.0, self.max_weight=0.1
single_methods
[RC-LP] method_type='return_cvar_constraint' sum=1.0000 active=28
IN-SAMPLE alpha grid-search best alphas[index]=np.float64(1.0),results[index]=array([1.57141979e+03, 9.64272655e-02, 6.13460385e-05, 9.64272655e-02])
best_index=np.int64(0) np.sum(w_target)=np.float64(1.0) case[index%2]='max_alpha'
0.51333985404775 2025-01-02 00:00:00 1374.6888551270295 -0.04083787790291507 3.149136645144882e-05 -0.04083787790291504
PROGRESS	2025-01-02	243	24	-0.04083787790291504	1374.6888551270295
Portfolio optimization with 71 month weight rebalancing 2024-12-02 00:00:00: : 72it [06:33,  2.77it/s]Portfolio optimization with 72 month weight rebalancing 2025-01-02 00:00:00: : 72it [06:33,  2.77it/s]2026-07-30 14:51:37.302 | WARNING  | __main__:model_computation:474 - Nested engine fallback on 2025-01-02: "['BITO', 'BND', 'DVY', 'EMB', 'GBTC', 'IBB', 'IBIT', 'IEF', 'IEI', 'IGV', 'IJT', 'JAAA', 'JEPI', 'JEPQ', 'MBB', 'MCHI', 'QQQM', 'SCZ', 'SGOV', 'SHY', 'SPYM', 'TLT', 'VONE', 'VONG', 'VONV', 'VTWO', 'VXUS'] not in index"
self.is_all_methods=False, self.min_weight=0.0, self.max_weight=0.1
single_methods
[RC-LP] method_type='return_cvar_constraint' sum=1.0000 active=28
IN-SAMPLE alpha grid-search best alphas[index]=np.float64(1.0),results[index]=array([1.39674762e+03, 1.60463691e-02, 3.99341732e-07, 1.60463691e-02])
best_index=np.int64(0) np.sum(w_target)=np.float64(1.0) case[index%2]='max_alpha'
0.5219399595135911 2025-02-03 00:00:00 1404.2765268828216 0.021523177150554546 2.0843240719445234e-07 0.02152317715055463
PROGRESS	2025-02-03	245	27	0.02152317715055463	1404.2765268828216
Portfolio optimization with 72 month weight rebalancing 2025-01-02 00:00:00: : 73it [06:34,  2.80it/s]Portfolio optimization with 73 month weight rebalancing 2025-02-03 00:00:00: : 73it [06:34,  2.80it/s]2026-07-30 14:51:37.737 | WARNING  | __main__:model_computation:474 - Nested engine fallback on 2025-02-03: "['BITO', 'BND', 'DVY', 'EMB', 'GBTC', 'IBB', 'IBIT', 'IEF', 'IEI', 'IGV', 'IJT', 'JAAA', 'JEPI', 'JEPQ', 'MBB', 'MCHI', 'MDYV', 'QQQM', 'SCZ', 'SGOV', 'SHY', 'SPYM', 'TLT', 'VONE', 'VONG', 'VONV', 'VTWO', 'VXUS'] not in index"
self.is_all_methods=False, self.min_weight=0.0, self.max_weight=0.1
single_methods
[RC-LP] method_type='return_cvar_constraint' sum=1.0000 active=29
IN-SAMPLE alpha grid-search best alphas[index]=np.float64(1.0),results[index]=array([1.46487457e+03, 4.31525033e-02, 2.80950517e-05, 4.31525033e-02])
best_index=np.int64(0) np.sum(w_target)=np.float64(1.0) case[index%2]='max_alpha'
0.5075995000028949 2025-03-03 00:00:00 1412.1406971354297 0.0056001578763585835 1.4261034178128306e-05 0.00560015787635848
PROGRESS	2025-03-03	244	27	0.00560015787635848	1412.1406971354297
Portfolio optimization with 73 month weight rebalancing 2025-02-03 00:00:00: : 74it [06:34,  2.63it/s]Portfolio optimization with 74 month weight rebalancing 2025-03-03 00:00:00: : 74it [06:34,  2.63it/s]2026-07-30 14:51:38.078 | WARNING  | __main__:model_computation:474 - Nested engine fallback on 2025-03-03: "['BITO', 'BND', 'DVY', 'EMB', 'GBTC', 'IBB', 'IBIT', 'IEF', 'IEI', 'IGV', 'IJT', 'JAAA', 'JEPI', 'JEPQ', 'MBB', 'MCHI', 'QQQM', 'SCZ', 'SGOV', 'SHY', 'SPYM', 'TBIL', 'TLT', 'VONE', 'VONG', 'VONV', 'VTWO', 'VXUS'] not in index"
self.is_all_methods=False, self.min_weight=0.0, self.max_weight=0.1
single_methods
[RC-LP] method_type='return_cvar_constraint' sum=1.0000 active=28
IN-SAMPLE alpha grid-search best alphas[index]=np.float64(0.1),results[index]=array([ 1.39896875e+03, -9.32764256e-03,  2.01659980e-05, -9.32764256e-03])
best_index=np.int64(0) np.sum(w_target)=np.float64(1.0) case[index%2]='max_alpha'
0.5101491234887843 2025-04-01 00:00:00 1400.3301084403251 -0.008363606203732174 0.00010287666193038195 -0.008363606203732221
PROGRESS	2025-04-01	241	26	-0.008363606203732221	1400.3301084403251
Portfolio optimization with 74 month weight rebalancing 2025-03-03 00:00:00: : 75it [06:35,  2.72it/s]Portfolio optimization with 75 month weight rebalancing 2025-04-01 00:00:00: : 75it [06:35,  2.72it/s]2026-07-30 14:51:38.414 | WARNING  | __main__:model_computation:474 - Nested engine fallback on 2025-04-01: "['AVUS', 'AVUV', 'BITO', 'BND', 'DVY', 'EMB', 'GBTC', 'IBB', 'IBIT', 'IEF', 'IEI', 'IGV', 'IJT', 'JAAA', 'JEPI', 'JEPQ', 'MBB', 'MCHI', 'QQQM', 'SCZ', 'SGOV', 'SHY', 'SPYM', 'TBIL', 'TLT', 'VONE', 'VONG', 'VONV', 'VTWO', 'VXUS'] not in index"
self.is_all_methods=False, self.min_weight=0.0, self.max_weight=0.1
single_methods
[RC-LP] method_type='return_cvar_constraint' sum=1.0000 active=29
IN-SAMPLE alpha grid-search best alphas[index]=np.float64(1.0),results[index]=array([1.41370449e+03, 9.55087514e-03, 9.87829134e-05, 9.55087514e-03])
best_index=np.int64(0) np.sum(w_target)=np.float64(1.0) case[index%2]='max_alpha'
0.5001645750238416 2025-05-01 00:00:00 1350.158650113413 -0.03582830792861597 4.9407713916435974e-05 -0.03582830792861602
PROGRESS	2025-05-01	236	26	-0.03582830792861602	1350.158650113413
Portfolio optimization with 75 month weight rebalancing 2025-04-01 00:00:00: : 76it [06:35,  2.79it/s]Portfolio optimization with 76 month weight rebalancing 2025-05-01 00:00:00: : 76it [06:35,  2.79it/s]2026-07-30 14:51:38.760 | WARNING  | __main__:model_computation:474 - Nested engine fallback on 2025-05-01: "['AVUS', 'AVUV', 'BITO', 'BND', 'DVY', 'EMB', 'GBTC', 'IBB', 'IBIT', 'IEF', 'IEI', 'IJT', 'JAAA', 'JEPI', 'JEPQ', 'MBB', 'MCHI', 'QQQM', 'SCZ', 'SGOV', 'SHY', 'SPYM', 'TBIL', 'TLT', 'VONE', 'VONG', 'VONV', 'VTWO', 'VXUS'] not in index"
self.is_all_methods=False, self.min_weight=0.0, self.max_weight=0.1
single_methods
[RC-LP] method_type='return_cvar_constraint' sum=1.0000 active=28
IN-SAMPLE alpha grid-search best alphas[index]=np.float64(1.0),results[index]=array([ 1.28901939e+03, -4.52830158e-02,  6.56545386e-05, -4.52830158e-02])
best_index=np.int64(0) np.sum(w_target)=np.float64(0.9999999999999999) case[index%2]='max_alpha'
0.5019430802516085 2025-06-02 00:00:00 1399.4664112949688 0.03651997576537694 3.2954841324237e-05 0.03651997576537691
PROGRESS	2025-06-02	234	26	0.03651997576537691	1399.4664112949688
Portfolio optimization with 76 month weight rebalancing 2025-05-01 00:00:00: : 77it [06:35,  2.82it/s]Portfolio optimization with 77 month weight rebalancing 2025-06-02 00:00:00: : 77it [06:35,  2.82it/s]2026-07-30 14:51:39.180 | WARNING  | __main__:model_computation:474 - Nested engine fallback on 2025-06-02: "['AVUS', 'AVUV', 'BITO', 'BND', 'DVY', 'EMB', 'GBTC', 'IBB', 'IBIT', 'IEF', 'IEI', 'IJT', 'JAAA', 'JEPI', 'JEPQ', 'MBB', 'MCHI', 'QQQM', 'SCZ', 'SGOV', 'SHY', 'SPYM', 'TBIL', 'TLT', 'VONE', 'VONG', 'VONV', 'VTWO', 'VXUS'] not in index"
self.is_all_methods=False, self.min_weight=0.0, self.max_weight=0.1
single_methods
[RC-LP] method_type='return_cvar_constraint' sum=1.0000 active=26
IN-SAMPLE alpha grid-search best alphas[index]=np.float64(1.0),results[index]=array([1.46750558e+03, 4.86179373e-02, 3.26953705e-04, 4.86179373e-02])
best_index=np.int64(0) np.sum(w_target)=np.float64(1.0) case[index%2]='max_alpha'
0.49133288308638057 2025-07-01 00:00:00 1452.5811402482686 0.03795355753065296 0.00016064310647438207 0.03795355753065288
PROGRESS	2025-07-01	234	24	0.03795355753065288	1452.5811402482686
Portfolio optimization with 77 month weight rebalancing 2025-06-02 00:00:00: : 78it [06:36,  2.68it/s]Portfolio optimization with 78 month weight rebalancing 2025-07-01 00:00:00: : 78it [06:36,  2.68it/s]2026-07-30 14:51:39.519 | WARNING  | __main__:model_computation:474 - Nested engine fallback on 2025-07-01: "['AVUS', 'AVUV', 'BITB', 'BITO', 'BND', 'CGDV', 'DVY', 'EMB', 'GBTC', 'IBB', 'IBIT', 'IEF', 'IEI', 'IJT', 'JAAA', 'JEPI', 'JEPQ', 'MBB', 'MCHI', 'MSTY', 'QQQM', 'SCZ', 'SGOV', 'SHY', 'SPYM', 'TBIL', 'TLT', 'VONE', 'VONG', 'VONV', 'VTWO', 'VXUS'] not in index"
self.is_all_methods=False, self.min_weight=0.0, self.max_weight=0.1
single_methods
[RC-LP] method_type='return_cvar_constraint' sum=1.0000 active=27
IN-SAMPLE alpha grid-search best alphas[index]=np.float64(1.0),results[index]=array([1.62180664e+03, 1.16499861e-01, 2.32941500e-04, 1.16499861e-01])
best_index=np.int64(0) np.sum(w_target)=np.float64(1.0) case[index%2]='max_alpha'
0.5079893103860907 2025-08-01 00:00:00 1482.7956424224983 0.02080056069643417 0.00011833179172408981 0.0208005606964341
PROGRESS	2025-08-01	234	25	0.0208005606964341	1482.7956424224983
Portfolio optimization with 78 month weight rebalancing 2025-07-01 00:00:00: : 79it [06:36,  2.70it/s]Portfolio optimization with 79 month weight rebalancing 2025-08-01 00:00:00: : 79it [06:36,  2.70it/s]2026-07-30 14:51:39.885 | WARNING  | __main__:model_computation:474 - Nested engine fallback on 2025-08-01: "['AVUS', 'AVUV', 'BITB', 'BITO', 'BND', 'CGDV', 'DVY', 'EMB', 'ETHA', 'GBTC', 'IBB', 'IBIT', 'IEF', 'IEI', 'IJT', 'JAAA', 'JEPI', 'JEPQ', 'MBB', 'MCHI', 'MSTY', 'QQQM', 'SCZ', 'SGOV', 'SHY', 'SPYM', 'TBIL', 'TLT', 'VONE', 'VONG', 'VONV', 'VTWO', 'VXUS'] not in index"
self.is_all_methods=False, self.min_weight=0.0, self.max_weight=0.1
single_methods
[RC-LP] method_type='return_cvar_constraint' sum=1.0000 active=27
IN-SAMPLE alpha grid-search best alphas[index]=np.float64(1.0),results[index]=array([1.63027917e+03, 9.94631495e-02, 1.54207871e-04, 9.94631495e-02])
best_index=np.int64(0) np.sum(w_target)=np.float64(1.0) case[index%2]='max_alpha'
0.5248774114307908 2025-09-02 00:00:00 1502.2327939068502 0.013108449288802004 8.094022839438876e-05 0.01310844928880206
PROGRESS	2025-09-02	234	25	0.01310844928880206	1502.2327939068502
Portfolio optimization with 79 month weight rebalancing 2025-08-01 00:00:00: : 80it [06:36,  2.76it/s]Portfolio optimization with 80 month weight rebalancing 2025-09-02 00:00:00: : 80it [06:36,  2.76it/s]2026-07-30 14:51:40.294 | WARNING  | __main__:model_computation:474 - Nested engine fallback on 2025-09-02: "['AVUS', 'AVUV', 'BITB', 'BITO', 'BND', 'CGDV', 'DVY', 'EMB', 'ETHA', 'GBTC', 'IBB', 'IBIT', 'IEF', 'IEI', 'IJT', 'JAAA', 'JEPI', 'JEPQ', 'MBB', 'MCHI', 'MSTY', 'QQQM', 'SCZ', 'SGOV', 'SHY', 'SPYM', 'TBIL', 'TLT', 'VONE', 'VONG', 'VONV', 'VTWO', 'VXUS'] not in index"
self.is_all_methods=False, self.min_weight=0.0, self.max_weight=0.1
single_methods
[RC-LP] method_type='return_cvar_constraint' sum=1.0000 active=24
IN-SAMPLE alpha grid-search best alphas[index]=np.float64(0.1),results[index]=array([1.59969358e+03, 6.48772890e-02, 3.21510748e-05, 6.48772890e-02])
best_index=np.int64(0) np.sum(w_target)=np.float64(0.9999999999999999) case[index%2]='max_alpha'
0.5248517287379622 2025-10-01 00:00:00 1556.738652966507 0.036283230722119766 0.00016874547211302482 0.0362832307221197
PROGRESS	2025-10-01	237	23	0.0362832307221197	1556.738652966507
Portfolio optimization with 80 month weight rebalancing 2025-09-02 00:00:00: : 81it [06:37,  2.65it/s]Portfolio optimization with 81 month weight rebalancing 2025-10-01 00:00:00: : 81it [06:37,  2.65it/s]2026-07-30 14:51:40.644 | WARNING  | __main__:model_computation:474 - Nested engine fallback on 2025-10-01: "['AVUS', 'AVUV', 'BITB', 'BITO', 'BND', 'CGDV', 'DVY', 'EMB', 'ETHA', 'GBTC', 'IBB', 'IBIT', 'IEF', 'IEI', 'IJT', 'JAAA', 'JEPI', 'JEPQ', 'MBB', 'MCHI', 'MSTY', 'QQQM', 'SCZ', 'SGOV', 'SHY', 'SPYM', 'TBIL', 'TLT', 'VONE', 'VONG', 'VONV', 'VTWO', 'VXUS'] not in index"
self.is_all_methods=False, self.min_weight=0.0, self.max_weight=0.1
single_methods
[RC-LP] method_type='return_cvar_constraint' sum=1.0000 active=25
IN-SAMPLE alpha grid-search best alphas[index]=np.float64(0.1),results[index]=array([1.65062325e+03, 6.03085138e-02, 1.70395719e-05, 6.03085138e-02])
best_index=np.int64(0) np.sum(w_target)=np.float64(1.0) case[index%2]='max_alpha'
0.5179421953062981 2025-11-03 00:00:00 1562.7899228395256 0.0038871456435460175 8.825513262607127e-05 0.003887145643546086
PROGRESS	2025-11-03	237	24	0.003887145643546086	1562.7899228395256
Portfolio optimization with 81 month weight rebalancing 2025-10-01 00:00:00: : 82it [06:37,  2.72it/s]Portfolio optimization with 82 month weight rebalancing 2025-11-03 00:00:00: : 82it [06:37,  2.72it/s]2026-07-30 14:51:40.981 | WARNING  | __main__:model_computation:474 - Nested engine fallback on 2025-11-03: "['AVDV', 'AVUS', 'AVUV', 'BITB', 'BITO', 'BND', 'CGDV', 'CGGR', 'DVY', 'DYNF', 'EMB', 'ETHA', 'GBTC', 'IBB', 'IBIT', 'IEF', 'IEI', 'IJT', 'JAAA', 'JEPI', 'JEPQ', 'MBB', 'MCHI', 'MSTY', 'QQQM', 'SCZ', 'SGOV', 'SHY', 'SPYM', 'TBIL', 'TLT', 'VONE', 'VONG', 'VONV', 'VTWO', 'VXUS'] not in index"
self.is_all_methods=False, self.min_weight=0.0, self.max_weight=0.1
single_methods
[RC-LP] method_type='return_cvar_constraint' sum=1.0000 active=25
IN-SAMPLE alpha grid-search best alphas[index]=np.float64(1.0),results[index]=array([1.64498337e+03, 5.25940472e-02, 2.72560692e-04, 5.25940472e-02])
best_index=np.int64(0) np.sum(w_target)=np.float64(1.0) case[index%2]='max_alpha'
0.5156465729113424 2025-12-01 00:00:00 1516.7929122246167 -0.0294326255517019 0.00014054498685745392 -0.029432625551702007
PROGRESS	2025-12-01	239	24	-0.029432625551702007	1516.7929122246167
Portfolio optimization with 82 month weight rebalancing 2025-11-03 00:00:00: : 83it [06:37,  2.78it/s]Portfolio optimization with 82 month weight rebalancing 2025-11-03 00:00:00: : 83it [06:37,  4.79s/it]
2026-07-30 14:51:41.185 | INFO     | scripts.results.results:save_results:114 - preds_df info successfully saved to /Users/mac/Downloads/portfolio_optimization_pipeline_v2/results/calibration_runs/advanced_smart_bayesian_risk_return/trial_00028/preds.csv
2026-07-30 14:51:41.194 | INFO     | scripts.results.results:save_results:119 - real_df info successfully saved to /Users/mac/Downloads/portfolio_optimization_pipeline_v2/results/calibration_runs/advanced_smart_bayesian_risk_return/trial_00028/real.csv
2026-07-30 14:51:41.195 | INFO     | scripts.results.results:save_results:124 - model_df info successfully saved to /Users/mac/Downloads/portfolio_optimization_pipeline_v2/results/calibration_runs/advanced_smart_bayesian_risk_return/trial_00028/model.csv
2026-07-30 14:51:41.195 | INFO     | scripts.results.results:save_results:129 - pnl_df info successfully saved to /Users/mac/Downloads/portfolio_optimization_pipeline_v2/results/calibration_runs/advanced_smart_bayesian_risk_return/trial_00028/pnl.csv
Saving to excel df with multiple keys:   0%|          | 0/119 [00:00<?, ?it/s]Saving to excel df of key 2016-02-01:   0%|          | 0/119 [00:00<?, ?it/s] Saving to excel df of key 2016-03-01:   0%|          | 0/119 [00:00<?, ?it/s]Saving to excel df of key 2016-04-01:   0%|          | 0/119 [00:00<?, ?it/s]Saving to excel df of key 2016-05-02:   0%|          | 0/119 [00:00<?, ?it/s]Saving to excel df of key 2016-06-01:   0%|          | 0/119 [00:00<?, ?it/s]Saving to excel df of key 2016-07-01:   0%|          | 0/119 [00:00<?, ?it/s]Saving to excel df of key 2016-08-01:   0%|          | 0/119 [00:00<?, ?it/s]Saving to excel df of key 2016-08-01:   6%|▌         | 7/119 [00:00<00:02, 42.72it/s]Saving to excel df of key 2016-09-01:   6%|▌         | 7/119 [00:00<00:02, 42.72it/s]Saving to excel df of key 2016-10-03:   6%|▌         | 7/119 [00:00<00:02, 42.72it/s]Saving to excel df of key 2016-11-01:   6%|▌         | 7/119 [00:00<00:02, 42.72it/s]Saving to excel df of key 2016-12-01:   6%|▌         | 7/119 [00:00<00:02, 42.72it/s]Saving to excel df of key 2017-01-03:   6%|▌         | 7/119 [00:00<00:02, 42.72it/s]Saving to excel df of key 2017-02-01:   6%|▌         | 7/119 [00:00<00:02, 42.72it/s]Saving to excel df of key 2017-03-01:   6%|▌         | 7/119 [00:00<00:02, 42.72it/s]Saving to excel df of key 2017-04-03:   6%|▌         | 7/119 [00:00<00:02, 42.72it/s]Saving to excel df of key 2017-05-01:   6%|▌         | 7/119 [00:00<00:02, 42.72it/s]Saving to excel df of key 2017-05-01:  13%|█▎        | 16/119 [00:00<00:01, 62.51it/s]Saving to excel df of key 2017-06-01:  13%|█▎        | 16/119 [00:00<00:01, 62.51it/s]Saving to excel df of key 2017-07-03:  13%|█▎        | 16/119 [00:00<00:01, 62.51it/s]Saving to excel df of key 2017-08-01:  13%|█▎        | 16/119 [00:00<00:01, 62.51it/s]Saving to excel df of key 2017-09-01:  13%|█▎        | 16/119 [00:00<00:01, 62.51it/s]Saving to excel df of key 2017-10-02:  13%|█▎        | 16/119 [00:00<00:01, 62.51it/s]Saving to excel df of key 2017-11-01:  13%|█▎        | 16/119 [00:00<00:01, 62.51it/s]Saving to excel df of key 2017-12-01:  13%|█▎        | 16/119 [00:00<00:01, 62.51it/s]Saving to excel df of key 2018-01-02:  13%|█▎        | 16/119 [00:00<00:01, 62.51it/s]Saving to excel df of key 2018-02-01:  13%|█▎        | 16/119 [00:00<00:01, 62.51it/s]Saving to excel df of key 2018-02-01:  21%|██        | 25/119 [00:00<00:01, 69.83it/s]Saving to excel df of key 2018-03-01:  21%|██        | 25/119 [00:00<00:01, 69.83it/s]Saving to excel df of key 2018-04-02:  21%|██        | 25/119 [00:00<00:01, 69.83it/s]Saving to excel df of key 2018-05-01:  21%|██        | 25/119 [00:00<00:01, 69.83it/s]Saving to excel df of key 2018-06-01:  21%|██        | 25/119 [00:00<00:01, 69.83it/s]Saving to excel df of key 2018-07-02:  21%|██        | 25/119 [00:00<00:01, 69.83it/s]Saving to excel df of key 2018-08-01:  21%|██        | 25/119 [00:00<00:01, 69.83it/s]Saving to excel df of key 2018-09-04:  21%|██        | 25/119 [00:00<00:01, 69.83it/s]Saving to excel df of key 2018-10-01:  21%|██        | 25/119 [00:00<00:01, 69.83it/s]Saving to excel df of key 2018-10-01:  28%|██▊       | 33/119 [00:00<00:01, 56.75it/s]Saving to excel df of key 2018-11-01:  28%|██▊       | 33/119 [00:00<00:01, 56.75it/s]Saving to excel df of key 2018-12-03:  28%|██▊       | 33/119 [00:00<00:01, 56.75it/s]Saving to excel df of key 2019-01-02:  28%|██▊       | 33/119 [00:00<00:01, 56.75it/s]Saving to excel df of key 2019-02-01:  28%|██▊       | 33/119 [00:00<00:01, 56.75it/s]Saving to excel df of key 2019-03-01:  28%|██▊       | 33/119 [00:00<00:01, 56.75it/s]Saving to excel df of key 2019-04-01:  28%|██▊       | 33/119 [00:00<00:01, 56.75it/s]Saving to excel df of key 2019-05-01:  28%|██▊       | 33/119 [00:00<00:01, 56.75it/s]Saving to excel df of key 2019-05-01:  34%|███▎      | 40/119 [00:00<00:01, 42.07it/s]Saving to excel df of key 2019-06-03:  34%|███▎      | 40/119 [00:00<00:01, 42.07it/s]Saving to excel df of key 2019-07-01:  34%|███▎      | 40/119 [00:00<00:01, 42.07it/s]Saving to excel df of key 2019-08-01:  34%|███▎      | 40/119 [00:00<00:01, 42.07it/s]Saving to excel df of key 2019-09-03:  34%|███▎      | 40/119 [00:00<00:01, 42.07it/s]Saving to excel df of key 2019-10-01:  34%|███▎      | 40/119 [00:00<00:01, 42.07it/s]Saving to excel df of key 2019-10-01:  38%|███▊      | 45/119 [00:00<00:01, 40.88it/s]Saving to excel df of key 2019-11-01:  38%|███▊      | 45/119 [00:00<00:01, 40.88it/s]Saving to excel df of key 2019-12-02:  38%|███▊      | 45/119 [00:00<00:01, 40.88it/s]Saving to excel df of key 2020-01-02:  38%|███▊      | 45/119 [00:01<00:01, 40.88it/s]Saving to excel df of key 2020-02-03:  38%|███▊      | 45/119 [00:01<00:01, 40.88it/s]Saving to excel df of key 2020-03-02:  38%|███▊      | 45/119 [00:01<00:01, 40.88it/s]Saving to excel df of key 2020-03-02:  42%|████▏     | 50/119 [00:01<00:02, 32.96it/s]Saving to excel df of key 2020-04-01:  42%|████▏     | 50/119 [00:01<00:02, 32.96it/s]Saving to excel df of key 2020-05-01:  42%|████▏     | 50/119 [00:01<00:02, 32.96it/s]Saving to excel df of key 2020-06-01:  42%|████▏     | 50/119 [00:01<00:02, 32.96it/s]Saving to excel df of key 2020-07-01:  42%|████▏     | 50/119 [00:01<00:02, 32.96it/s]Saving to excel df of key 2020-07-01:  45%|████▌     | 54/119 [00:01<00:01, 34.00it/s]Saving to excel df of key 2020-08-03:  45%|████▌     | 54/119 [00:01<00:01, 34.00it/s]Saving to excel df of key 2020-09-01:  45%|████▌     | 54/119 [00:01<00:01, 34.00it/s]Saving to excel df of key 2020-10-01:  45%|████▌     | 54/119 [00:01<00:01, 34.00it/s]Saving to excel df of key 2020-11-02:  45%|████▌     | 54/119 [00:01<00:01, 34.00it/s]Saving to excel df of key 2020-11-02:  49%|████▊     | 58/119 [00:01<00:01, 34.94it/s]Saving to excel df of key 2020-12-01:  49%|████▊     | 58/119 [00:01<00:01, 34.94it/s]Saving to excel df of key 2021-01-04:  49%|████▊     | 58/119 [00:01<00:01, 34.94it/s]Saving to excel df of key 2021-02-01:  49%|████▊     | 58/119 [00:01<00:01, 34.94it/s]Saving to excel df of key 2021-03-01:  49%|████▊     | 58/119 [00:01<00:01, 34.94it/s]Saving to excel df of key 2021-03-01:  52%|█████▏    | 62/119 [00:01<00:02, 28.10it/s]Saving to excel df of key 2021-04-01:  52%|█████▏    | 62/119 [00:01<00:02, 28.10it/s]Saving to excel df of key 2021-05-03:  52%|█████▏    | 62/119 [00:01<00:02, 28.10it/s]Saving to excel df of key 2021-06-01:  52%|█████▏    | 62/119 [00:01<00:02, 28.10it/s]Saving to excel df of key 2021-07-01:  52%|█████▏    | 62/119 [00:01<00:02, 28.10it/s]Saving to excel df of key 2021-07-01:  55%|█████▌    | 66/119 [00:01<00:01, 30.20it/s]Saving to excel df of key 2021-08-02:  55%|█████▌    | 66/119 [00:01<00:01, 30.20it/s]Saving to excel df of key 2021-09-01:  55%|█████▌    | 66/119 [00:01<00:01, 30.20it/s]Saving to excel df of key 2021-10-01:  55%|█████▌    | 66/119 [00:01<00:01, 30.20it/s]Saving to excel df of key 2021-11-01:  55%|█████▌    | 66/119 [00:01<00:01, 30.20it/s]Saving to excel df of key 2021-11-01:  59%|█████▉    | 70/119 [00:01<00:01, 32.03it/s]Saving to excel df of key 2021-12-01:  59%|█████▉    | 70/119 [00:01<00:01, 32.03it/s]Saving to excel df of key 2022-01-03:  59%|█████▉    | 70/119 [00:01<00:01, 32.03it/s]Saving to excel df of key 2022-02-01:  59%|█████▉    | 70/119 [00:01<00:01, 32.03it/s]Saving to excel df of key 2022-03-01:  59%|█████▉    | 70/119 [00:01<00:01, 32.03it/s]Saving to excel df of key 2022-03-01:  62%|██████▏   | 74/119 [00:01<00:01, 33.47it/s]Saving to excel df of key 2022-04-01:  62%|██████▏   | 74/119 [00:01<00:01, 33.47it/s]Saving to excel df of key 2022-05-02:  62%|██████▏   | 74/119 [00:01<00:01, 33.47it/s]Saving to excel df of key 2022-06-01:  62%|██████▏   | 74/119 [00:01<00:01, 33.47it/s]Saving to excel df of key 2022-07-01:  62%|██████▏   | 74/119 [00:02<00:01, 33.47it/s]Saving to excel df of key 2022-07-01:  66%|██████▌   | 78/119 [00:02<00:01, 26.13it/s]Saving to excel df of key 2022-08-01:  66%|██████▌   | 78/119 [00:02<00:01, 26.13it/s]Saving to excel df of key 2022-09-01:  66%|██████▌   | 78/119 [00:02<00:01, 26.13it/s]Saving to excel df of key 2022-10-03:  66%|██████▌   | 78/119 [00:02<00:01, 26.13it/s]Saving to excel df of key 2022-11-01:  66%|██████▌   | 78/119 [00:02<00:01, 26.13it/s]Saving to excel df of key 2022-11-01:  69%|██████▉   | 82/119 [00:02<00:01, 28.72it/s]Saving to excel df of key 2022-12-01:  69%|██████▉   | 82/119 [00:02<00:01, 28.72it/s]Saving to excel df of key 2023-01-03:  69%|██████▉   | 82/119 [00:02<00:01, 28.72it/s]Saving to excel df of key 2023-02-01:  69%|██████▉   | 82/119 [00:02<00:01, 28.72it/s]Saving to excel df of key 2023-03-01:  69%|██████▉   | 82/119 [00:02<00:01, 28.72it/s]Saving to excel df of key 2023-03-01:  72%|███████▏  | 86/119 [00:02<00:01, 30.85it/s]Saving to excel df of key 2023-04-03:  72%|███████▏  | 86/119 [00:02<00:01, 30.85it/s]Saving to excel df of key 2023-05-01:  72%|███████▏  | 86/119 [00:02<00:01, 30.85it/s]Saving to excel df of key 2023-06-01:  72%|███████▏  | 86/119 [00:02<00:01, 30.85it/s]Saving to excel df of key 2023-07-03:  72%|███████▏  | 86/119 [00:02<00:01, 30.85it/s]Saving to excel df of key 2023-07-03:  76%|███████▌  | 90/119 [00:02<00:00, 32.42it/s]Saving to excel df of key 2023-08-01:  76%|███████▌  | 90/119 [00:02<00:00, 32.42it/s]Saving to excel df of key 2023-09-01:  76%|███████▌  | 90/119 [00:02<00:00, 32.42it/s]Saving to excel df of key 2023-10-02:  76%|███████▌  | 90/119 [00:02<00:00, 32.42it/s]Saving to excel df of key 2023-11-01:  76%|███████▌  | 90/119 [00:02<00:00, 32.42it/s]Saving to excel df of key 2023-11-01:  79%|███████▉  | 94/119 [00:02<00:00, 33.75it/s]Saving to excel df of key 2023-12-01:  79%|███████▉  | 94/119 [00:02<00:00, 33.75it/s]Saving to excel df of key 2024-01-02:  79%|███████▉  | 94/119 [00:02<00:00, 33.75it/s]Saving to excel df of key 2024-02-01:  79%|███████▉  | 94/119 [00:02<00:00, 33.75it/s]Saving to excel df of key 2024-03-01:  79%|███████▉  | 94/119 [00:02<00:00, 33.75it/s]Saving to excel df of key 2024-03-01:  82%|████████▏ | 98/119 [00:02<00:00, 24.97it/s]Saving to excel df of key 2024-04-01:  82%|████████▏ | 98/119 [00:02<00:00, 24.97it/s]Saving to excel df of key 2024-05-01:  82%|████████▏ | 98/119 [00:02<00:00, 24.97it/s]Saving to excel df of key 2024-06-03:  82%|████████▏ | 98/119 [00:02<00:00, 24.97it/s]Saving to excel df of key 2024-07-01:  82%|████████▏ | 98/119 [00:02<00:00, 24.97it/s]Saving to excel df of key 2024-07-01:  86%|████████▌ | 102/119 [00:02<00:00, 27.72it/s]Saving to excel df of key 2024-08-01:  86%|████████▌ | 102/119 [00:02<00:00, 27.72it/s]Saving to excel df of key 2024-09-03:  86%|████████▌ | 102/119 [00:02<00:00, 27.72it/s]Saving to excel df of key 2024-10-01:  86%|████████▌ | 102/119 [00:03<00:00, 27.72it/s]Saving to excel df of key 2024-11-01:  86%|████████▌ | 102/119 [00:03<00:00, 27.72it/s]Saving to excel df of key 2024-11-01:  89%|████████▉ | 106/119 [00:03<00:00, 30.04it/s]Saving to excel df of key 2024-12-02:  89%|████████▉ | 106/119 [00:03<00:00, 30.04it/s]Saving to excel df of key 2025-01-02:  89%|████████▉ | 106/119 [00:03<00:00, 30.04it/s]Saving to excel df of key 2025-02-03:  89%|████████▉ | 106/119 [00:03<00:00, 30.04it/s]Saving to excel df of key 2025-03-03:  89%|████████▉ | 106/119 [00:03<00:00, 30.04it/s]Saving to excel df of key 2025-03-03:  92%|█████████▏| 110/119 [00:03<00:00, 31.71it/s]Saving to excel df of key 2025-04-01:  92%|█████████▏| 110/119 [00:03<00:00, 31.71it/s]Saving to excel df of key 2025-05-01:  92%|█████████▏| 110/119 [00:03<00:00, 31.71it/s]Saving to excel df of key 2025-06-02:  92%|█████████▏| 110/119 [00:03<00:00, 31.71it/s]Saving to excel df of key 2025-07-01:  92%|█████████▏| 110/119 [00:03<00:00, 31.71it/s]Saving to excel df of key 2025-07-01:  96%|█████████▌| 114/119 [00:03<00:00, 33.07it/s]Saving to excel df of key 2025-08-01:  96%|█████████▌| 114/119 [00:03<00:00, 33.07it/s]Saving to excel df of key 2025-09-02:  96%|█████████▌| 114/119 [00:03<00:00, 33.07it/s]Saving to excel df of key 2025-10-01:  96%|█████████▌| 114/119 [00:03<00:00, 33.07it/s]Saving to excel df of key 2025-11-03:  96%|█████████▌| 114/119 [00:03<00:00, 33.07it/s]Saving to excel df of key 2025-11-03:  99%|█████████▉| 118/119 [00:03<00:00, 34.07it/s]Saving to excel df of key 2025-12-01:  99%|█████████▉| 118/119 [00:03<00:00, 34.07it/s]Saving to excel df of key 2025-12-01: 100%|██████████| 119/119 [00:03<00:00, 34.81it/s]
2026-07-30 14:51:50.038 | INFO     | scripts.dataloader.filter:save_df_dict_to_excel:90 - df successfully saved to /Users/mac/Downloads/portfolio_optimization_pipeline_v2/results/calibration_runs/advanced_smart_bayesian_risk_return/trial_00028 / weights.xlsx
2026-07-30 14:52:09.431 | INFO     | __main__:main:693 - SUCCESS
Interactive Plotly report saved to /Users/mac/Downloads/portfolio_optimization_pipeline_v2/results/calibration_runs/advanced_smart_bayesian_risk_return/trial_00028/interactive_report.html
