2026-07-30 14:15:51.584 | INFO     | __main__:main:650 - Successful file reading
2026-07-30 14:15:55.692 | INFO     | __main__:model_computation:314 - Run start: portfolio=filteredmodel=bayessian, optimizer=bayessian, execution=base_exec
Portfolio optimization with month weight rebalancing: 0it [00:00, ?it/s]Portfolio optimization with 0 month weight rebalancing 2019-01-02 00:00:00: : 0it [00:00, ?it/s]2026-07-30 14:15:55.974 | WARNING  | __main__:model_computation:474 - Nested engine fallback on 2019-01-02: "['BOND'] not in index"
self.is_all_methods=False, self.min_weight=0.0, self.max_weight=0.06
single_methods
[RC-LP] method_type='return_cvar_constraint' sum=1.0000 active=83
IN-SAMPLE alpha grid-search best alphas[index]=np.float64(0.1),results[index]=array([ 8.94727438e+02, -1.05272562e-01,  1.21573460e-04, -1.05272562e-01])
best_index=np.int64(0) np.sum(w_target)=np.float64(1.0000000000000002) case[index%2]='max_alpha'
0.5 2019-02-01 00:00:00 1078.6177803481953 0.07861778034819544 0.0006078672985781988 0.07861778034819533
PROGRESS	2019-02-01	211	83	0.07861778034819533	1078.6177803481953
Portfolio optimization with 0 month weight rebalancing 2019-01-02 00:00:00: : 1it [00:00,  2.86it/s]Portfolio optimization with 1 month weight rebalancing 2019-02-01 00:00:00: : 1it [00:00,  2.86it/s]2026-07-30 14:15:56.283 | WARNING  | __main__:model_computation:474 - Nested engine fallback on 2019-02-01: "['BOND'] not in index"
self.is_all_methods=False, self.min_weight=0.0, self.max_weight=0.06
single_methods
[RC-LP] method_type='return_cvar_constraint' sum=1.0000 active=118
IN-SAMPLE alpha grid-search best alphas[index]=np.float64(1.0),results[index]=array([1.10087009e+03, 2.06303967e-02, 4.54976303e-04, 2.06303967e-02])
best_index=np.int64(0) np.sum(w_target)=np.float64(1.0000000000000002) case[index%2]='max_alpha'
0.47895792316486413 2019-03-01 00:00:00 1111.129499936642 0.030142020816633936 0.0002179145053261942 0.030142020816633863
PROGRESS	2019-03-01	213	118	0.030142020816633863	1111.129499936642
Portfolio optimization with 1 month weight rebalancing 2019-02-01 00:00:00: : 2it [00:00,  3.09it/s]Portfolio optimization with 2 month weight rebalancing 2019-03-01 00:00:00: : 2it [00:00,  3.09it/s]self.is_all_methods=False, self.min_weight=0.0, self.max_weight=0.08
single_methods
[RC-LP] method_type='return_cvar_constraint' sum=1.0000 active=23
self.is_all_methods=False, self.min_weight=0.0, self.max_weight=0.08
single_methods
[RC-LP] method_type='return_cvar_constraint' sum=1.0000 active=24
self.is_all_methods=False, self.min_weight=0.0, self.max_weight=0.08
single_methods
[RC-LP] method_type='return_cvar_constraint' sum=1.0000 active=23
self.is_all_methods=False, self.min_weight=0.0, self.max_weight=0.08
single_methods
[RC-LP] method_type='return_cvar_constraint' sum=1.0000 active=23
self.is_all_methods=False, self.min_weight=0.0, self.max_weight=0.08
single_methods
[RC-LP] method_type='return_cvar_constraint' sum=1.0000 active=28
self.is_all_methods=False, self.min_weight=0.0, self.max_weight=0.08
single_methods
[RC-LP] method_type='return_cvar_constraint' sum=1.0000 active=28
self.is_all_methods=False, self.min_weight=0.0, self.max_weight=0.08
single_methods
[RC-LP] method_type='return_cvar_constraint' sum=1.0000 active=42
self.is_all_methods=False, self.min_weight=0.0, self.max_weight=0.08
single_methods
[RC-LP] method_type='return_cvar_constraint' sum=1.0000 active=44
self.is_all_methods=False, self.min_weight=0.0, self.max_weight=0.08
single_methods
[RC-LP] method_type='return_cvar_constraint' sum=1.0000 active=44
self.is_all_methods=False, self.min_weight=0.0, self.max_weight=0.08
single_methods
[RC-LP] method_type='return_cvar_constraint' sum=1.0000 active=47
self.is_all_methods=False, self.min_weight=0.0, self.max_weight=0.08
single_methods
[RC-LP] method_type='return_cvar_constraint' sum=1.0000 active=46
self.is_all_methods=False, self.min_weight=0.0, self.max_weight=0.08
single_methods
[RC-LP] method_type='return_cvar_constraint' sum=1.0000 active=50
self.is_all_methods=False, self.min_weight=0.0, self.max_weight=0.12
single_methods
[RC-LP] method_type='return_cvar_constraint' sum=1.0000 active=19
self.is_all_methods=False, self.min_weight=0.0, self.max_weight=0.12
single_methods
[RC-LP] method_type='return_cvar_constraint' sum=1.0000 active=20
self.is_all_methods=False, self.min_weight=0.0, self.max_weight=0.12
single_methods
[RC-LP] method_type='return_cvar_constraint' sum=1.0000 active=18
self.is_all_methods=False, self.min_weight=0.0, self.max_weight=0.12
single_methods
[RC-LP] method_type='return_cvar_constraint' sum=1.0000 active=18
self.is_all_methods=False, self.min_weight=0.0, self.max_weight=0.12
single_methods
[RC-LP] method_type='return_cvar_constraint' sum=1.0000 active=18
self.is_all_methods=False, self.min_weight=0.0, self.max_weight=0.12
single_methods
[RC-LP] method_type='return_cvar_constraint' sum=1.0000 active=19
self.is_all_methods=False, self.min_weight=0.0, self.max_weight=0.12
single_methods
[RC-LP] method_type='return_cvar_constraint' sum=1.0000 active=36
self.is_all_methods=False, self.min_weight=0.0, self.max_weight=0.12
single_methods
[RC-LP] method_type='return_cvar_constraint' sum=1.0000 active=37
self.is_all_methods=False, self.min_weight=0.0, self.max_weight=0.12
single_methods
[RC-LP] method_type='return_cvar_constraint' sum=1.0000 active=38
self.is_all_methods=False, self.min_weight=0.0, self.max_weight=0.12
single_methods
[RC-LP] method_type='return_cvar_constraint' sum=1.0000 active=43
self.is_all_methods=False, self.min_weight=0.0, self.max_weight=0.12
single_methods
[RC-LP] method_type='return_cvar_constraint' sum=1.0000 active=41
self.is_all_methods=False, self.min_weight=0.0, self.max_weight=0.12
single_methods
[RC-LP] method_type='return_cvar_constraint' sum=1.0000 active=39
self.is_all_methods=False, self.min_weight=0.0, self.max_weight=0.08
single_methods
method_type='mean_cvar_sharpe' np.sum(weights)=1.000000 active=125 weights.shape=(216,)
self.is_all_methods=False, self.min_weight=0.0, self.max_weight=0.08
single_methods
method_type='mean_cvar_sharpe' np.sum(weights)=1.000000 active=125 weights.shape=(216,)
self.is_all_methods=False, self.min_weight=0.0, self.max_weight=0.08
single_methods
method_type='mean_cvar_sharpe' np.sum(weights)=1.000000 active=125 weights.shape=(216,)
self.is_all_methods=False, self.min_weight=0.0, self.max_weight=0.08
single_methods
method_type='mean_cvar_sharpe' np.sum(weights)=1.000000 active=216 weights.shape=(216,)
self.is_all_methods=False, self.min_weight=0.0, self.max_weight=0.08
single_methods
method_type='mean_cvar_sharpe' np.sum(weights)=1.000000 active=216 weights.shape=(216,)
self.is_all_methods=False, self.min_weight=0.0, self.max_weight=0.08
single_methods
method_type='mean_cvar_sharpe' np.sum(weights)=1.000000 active=216 weights.shape=(216,)
self.is_all_methods=False, self.min_weight=0.0, self.max_weight=0.08
single_methods
method_type='mean_cvar_sharpe' np.sum(weights)=1.000000 active=215 weights.shape=(216,)
self.is_all_methods=False, self.min_weight=0.0, self.max_weight=0.08
single_methods
method_type='mean_cvar_sharpe' np.sum(weights)=1.000000 active=215 weights.shape=(216,)
self.is_all_methods=False, self.min_weight=0.0, self.max_weight=0.08
single_methods
method_type='mean_cvar_sharpe' np.sum(weights)=1.000000 active=215 weights.shape=(216,)
self.is_all_methods=False, self.min_weight=0.0, self.max_weight=0.08
single_methods
method_type='mean_cvar_sharpe' np.sum(weights)=1.000000 active=216 weights.shape=(216,)
self.is_all_methods=False, self.min_weight=0.0, self.max_weight=0.08
single_methods
method_type='mean_cvar_sharpe' np.sum(weights)=1.000000 active=216 weights.shape=(216,)
self.is_all_methods=False, self.min_weight=0.0, self.max_weight=0.08
single_methods
method_type='mean_cvar_sharpe' np.sum(weights)=1.000000 active=216 weights.shape=(216,)
self.is_all_methods=False, self.min_weight=0.0, self.max_weight=0.12
single_methods
method_type='mean_cvar_sharpe' np.sum(weights)=1.000000 active=120 weights.shape=(216,)
self.is_all_methods=False, self.min_weight=0.0, self.max_weight=0.12
single_methods
method_type='mean_cvar_sharpe' np.sum(weights)=1.000000 active=120 weights.shape=(216,)
self.is_all_methods=False, self.min_weight=0.0, self.max_weight=0.12
single_methods
method_type='mean_cvar_sharpe' np.sum(weights)=1.000000 active=120 weights.shape=(216,)
self.is_all_methods=False, self.min_weight=0.0, self.max_weight=0.12
single_methods
method_type='mean_cvar_sharpe' np.sum(weights)=1.000000 active=120 weights.shape=(216,)
self.is_all_methods=False, self.min_weight=0.0, self.max_weight=0.12
single_methods
method_type='mean_cvar_sharpe' np.sum(weights)=1.000000 active=120 weights.shape=(216,)
self.is_all_methods=False, self.min_weight=0.0, self.max_weight=0.12
single_methods
method_type='mean_cvar_sharpe' np.sum(weights)=1.000000 active=120 weights.shape=(216,)
self.is_all_methods=False, self.min_weight=0.0, self.max_weight=0.12
single_methods
method_type='mean_cvar_sharpe' np.sum(weights)=1.000000 active=216 weights.shape=(216,)
self.is_all_methods=False, self.min_weight=0.0, self.max_weight=0.12
single_methods
method_type='mean_cvar_sharpe' np.sum(weights)=1.000000 active=216 weights.shape=(216,)
self.is_all_methods=False, self.min_weight=0.0, self.max_weight=0.12
single_methods
method_type='mean_cvar_sharpe' np.sum(weights)=1.000000 active=216 weights.shape=(216,)
self.is_all_methods=False, self.min_weight=0.0, self.max_weight=0.12
single_methods
method_type='mean_cvar_sharpe' np.sum(weights)=1.000000 active=216 weights.shape=(216,)
self.is_all_methods=False, self.min_weight=0.0, self.max_weight=0.12
single_methods
method_type='mean_cvar_sharpe' np.sum(weights)=1.000000 active=216 weights.shape=(216,)
self.is_all_methods=False, self.min_weight=0.0, self.max_weight=0.12
single_methods
method_type='mean_cvar_sharpe' np.sum(weights)=1.000000 active=216 weights.shape=(216,)
0.5 2019-04-01 00:00:00 1132.6706745287377 0.019386736283506085 6.884609171684916e-05 0.019386736283506067
PROGRESS	2019-04-01	216	209	0.019386736283506067	1132.6706745287377
Portfolio optimization with 2 month weight rebalancing 2019-03-01 00:00:00: : 3it [00:15,  6.77s/it]Portfolio optimization with 3 month weight rebalancing 2019-04-01 00:00:00: : 3it [00:15,  6.77s/it]self.is_all_methods=False, self.min_weight=0.0, self.max_weight=0.08
single_methods
[RC-LP] method_type='return_cvar_constraint' sum=1.0000 active=22
self.is_all_methods=False, self.min_weight=0.0, self.max_weight=0.08
single_methods
[RC-LP] method_type='return_cvar_constraint' sum=1.0000 active=20
self.is_all_methods=False, self.min_weight=0.0, self.max_weight=0.08
single_methods
[RC-LP] method_type='return_cvar_constraint' sum=1.0000 active=16
self.is_all_methods=False, self.min_weight=0.0, self.max_weight=0.08
single_methods
[RC-LP] method_type='return_cvar_constraint' sum=1.0000 active=21
self.is_all_methods=False, self.min_weight=0.0, self.max_weight=0.08
single_methods
[RC-LP] method_type='return_cvar_constraint' sum=1.0000 active=16
self.is_all_methods=False, self.min_weight=0.0, self.max_weight=0.08
single_methods
[RC-LP] method_type='return_cvar_constraint' sum=1.0000 active=15
self.is_all_methods=False, self.min_weight=0.0, self.max_weight=0.08
single_methods
[RC-LP] method_type='return_cvar_constraint' sum=1.0000 active=40
self.is_all_methods=False, self.min_weight=0.0, self.max_weight=0.08
single_methods
[RC-LP] method_type='return_cvar_constraint' sum=1.0000 active=33
self.is_all_methods=False, self.min_weight=0.0, self.max_weight=0.08
single_methods
[RC-LP] method_type='return_cvar_constraint' sum=1.0000 active=31
self.is_all_methods=False, self.min_weight=0.0, self.max_weight=0.08
single_methods
[RC-LP] method_type='return_cvar_constraint' sum=1.0000 active=34
self.is_all_methods=False, self.min_weight=0.0, self.max_weight=0.08
single_methods
[RC-LP] method_type='return_cvar_constraint' sum=1.0000 active=29
self.is_all_methods=False, self.min_weight=0.0, self.max_weight=0.08
single_methods
[RC-LP] method_type='return_cvar_constraint' sum=1.0000 active=28
self.is_all_methods=False, self.min_weight=0.0, self.max_weight=0.12
single_methods
[RC-LP] method_type='return_cvar_constraint' sum=1.0000 active=17
self.is_all_methods=False, self.min_weight=0.0, self.max_weight=0.12
single_methods
[RC-LP] method_type='return_cvar_constraint' sum=1.0000 active=17
self.is_all_methods=False, self.min_weight=0.0, self.max_weight=0.12
single_methods
[RC-LP] method_type='return_cvar_constraint' sum=1.0000 active=13
self.is_all_methods=False, self.min_weight=0.0, self.max_weight=0.12
single_methods
[RC-LP] method_type='return_cvar_constraint' sum=1.0000 active=17
self.is_all_methods=False, self.min_weight=0.0, self.max_weight=0.12
single_methods
[RC-LP] method_type='return_cvar_constraint' sum=1.0000 active=15
self.is_all_methods=False, self.min_weight=0.0, self.max_weight=0.12
single_methods
[RC-LP] method_type='return_cvar_constraint' sum=1.0000 active=15
self.is_all_methods=False, self.min_weight=0.0, self.max_weight=0.12
single_methods
[RC-LP] method_type='return_cvar_constraint' sum=1.0000 active=34
self.is_all_methods=False, self.min_weight=0.0, self.max_weight=0.12
single_methods
[RC-LP] method_type='return_cvar_constraint' sum=1.0000 active=29
self.is_all_methods=False, self.min_weight=0.0, self.max_weight=0.12
single_methods
[RC-LP] method_type='return_cvar_constraint' sum=1.0000 active=25
self.is_all_methods=False, self.min_weight=0.0, self.max_weight=0.12
single_methods
[RC-LP] method_type='return_cvar_constraint' sum=1.0000 active=33
self.is_all_methods=False, self.min_weight=0.0, self.max_weight=0.12
single_methods
[RC-LP] method_type='return_cvar_constraint' sum=1.0000 active=28
self.is_all_methods=False, self.min_weight=0.0, self.max_weight=0.12
single_methods
[RC-LP] method_type='return_cvar_constraint' sum=1.0000 active=23
self.is_all_methods=False, self.min_weight=0.0, self.max_weight=0.08
single_methods
method_type='mean_cvar_sharpe' np.sum(weights)=1.000000 active=217 weights.shape=(217,)
self.is_all_methods=False, self.min_weight=0.0, self.max_weight=0.08
single_methods
method_type='mean_cvar_sharpe' np.sum(weights)=1.000000 active=217 weights.shape=(217,)
self.is_all_methods=False, self.min_weight=0.0, self.max_weight=0.08
single_methods
method_type='mean_cvar_sharpe' np.sum(weights)=1.000000 active=217 weights.shape=(217,)
self.is_all_methods=False, self.min_weight=0.0, self.max_weight=0.08
single_methods
method_type='mean_cvar_sharpe' np.sum(weights)=1.000000 active=101 weights.shape=(217,)
self.is_all_methods=False, self.min_weight=0.0, self.max_weight=0.08
single_methods
method_type='mean_cvar_sharpe' np.sum(weights)=1.000000 active=101 weights.shape=(217,)
self.is_all_methods=False, self.min_weight=0.0, self.max_weight=0.08
single_methods
method_type='mean_cvar_sharpe' np.sum(weights)=1.000000 active=101 weights.shape=(217,)
self.is_all_methods=False, self.min_weight=0.0, self.max_weight=0.08
single_methods
method_type='mean_cvar_sharpe' np.sum(weights)=1.000000 active=217 weights.shape=(217,)
self.is_all_methods=False, self.min_weight=0.0, self.max_weight=0.08
single_methods
method_type='mean_cvar_sharpe' np.sum(weights)=1.000000 active=217 weights.shape=(217,)
self.is_all_methods=False, self.min_weight=0.0, self.max_weight=0.08
single_methods
method_type='mean_cvar_sharpe' np.sum(weights)=1.000000 active=217 weights.shape=(217,)
self.is_all_methods=False, self.min_weight=0.0, self.max_weight=0.08
single_methods
method_type='mean_cvar_sharpe' np.sum(weights)=1.000000 active=100 weights.shape=(217,)
self.is_all_methods=False, self.min_weight=0.0, self.max_weight=0.08
single_methods
method_type='mean_cvar_sharpe' np.sum(weights)=1.000000 active=100 weights.shape=(217,)
self.is_all_methods=False, self.min_weight=0.0, self.max_weight=0.08
single_methods
method_type='mean_cvar_sharpe' np.sum(weights)=1.000000 active=100 weights.shape=(217,)
self.is_all_methods=False, self.min_weight=0.0, self.max_weight=0.12
single_methods
method_type='mean_cvar_sharpe' np.sum(weights)=1.000000 active=217 weights.shape=(217,)
self.is_all_methods=False, self.min_weight=0.0, self.max_weight=0.12
single_methods
method_type='mean_cvar_sharpe' np.sum(weights)=1.000000 active=217 weights.shape=(217,)
self.is_all_methods=False, self.min_weight=0.0, self.max_weight=0.12
single_methods
method_type='mean_cvar_sharpe' np.sum(weights)=1.000000 active=217 weights.shape=(217,)
self.is_all_methods=False, self.min_weight=0.0, self.max_weight=0.12
single_methods
method_type='mean_cvar_sharpe' np.sum(weights)=1.000000 active=217 weights.shape=(217,)
self.is_all_methods=False, self.min_weight=0.0, self.max_weight=0.12
single_methods
method_type='mean_cvar_sharpe' np.sum(weights)=1.000000 active=217 weights.shape=(217,)
self.is_all_methods=False, self.min_weight=0.0, self.max_weight=0.12
single_methods
method_type='mean_cvar_sharpe' np.sum(weights)=1.000000 active=217 weights.shape=(217,)
self.is_all_methods=False, self.min_weight=0.0, self.max_weight=0.12
single_methods
method_type='mean_cvar_sharpe' np.sum(weights)=1.000000 active=217 weights.shape=(217,)
self.is_all_methods=False, self.min_weight=0.0, self.max_weight=0.12
single_methods
method_type='mean_cvar_sharpe' np.sum(weights)=1.000000 active=217 weights.shape=(217,)
self.is_all_methods=False, self.min_weight=0.0, self.max_weight=0.12
single_methods
method_type='mean_cvar_sharpe' np.sum(weights)=1.000000 active=217 weights.shape=(217,)
self.is_all_methods=False, self.min_weight=0.0, self.max_weight=0.12
single_methods
method_type='mean_cvar_sharpe' np.sum(weights)=1.000000 active=217 weights.shape=(217,)
self.is_all_methods=False, self.min_weight=0.0, self.max_weight=0.12
single_methods
method_type='mean_cvar_sharpe' np.sum(weights)=1.000000 active=217 weights.shape=(217,)
self.is_all_methods=False, self.min_weight=0.0, self.max_weight=0.12
single_methods
method_type='mean_cvar_sharpe' np.sum(weights)=1.000000 active=217 weights.shape=(217,)
0.5 2019-05-01 00:00:00 1158.3891703366967 0.022706066631997403 7.250988918002585e-05 0.022706066631997368
PROGRESS	2019-05-01	217	209	0.022706066631997368	1158.3891703366967
Portfolio optimization with 3 month weight rebalancing 2019-04-01 00:00:00: : 4it [00:28,  9.33s/it]Portfolio optimization with 4 month weight rebalancing 2019-05-01 00:00:00: : 4it [00:28,  9.33s/it]self.is_all_methods=False, self.min_weight=0.0, self.max_weight=0.08
single_methods
[RC-LP] method_type='return_cvar_constraint' sum=1.0000 active=25
self.is_all_methods=False, self.min_weight=0.0, self.max_weight=0.08
single_methods
[RC-LP] method_type='return_cvar_constraint' sum=1.0000 active=24
self.is_all_methods=False, self.min_weight=0.0, self.max_weight=0.08
single_methods
[RC-LP] method_type='return_cvar_constraint' sum=1.0000 active=17
self.is_all_methods=False, self.min_weight=0.0, self.max_weight=0.08
single_methods
[RC-LP] method_type='return_cvar_constraint' sum=1.0000 active=25
self.is_all_methods=False, self.min_weight=0.0, self.max_weight=0.08
single_methods
[RC-LP] method_type='return_cvar_constraint' sum=1.0000 active=25
self.is_all_methods=False, self.min_weight=0.0, self.max_weight=0.08
single_methods
[RC-LP] method_type='return_cvar_constraint' sum=1.0000 active=14
self.is_all_methods=False, self.min_weight=0.0, self.max_weight=0.08
single_methods
[RC-LP] method_type='return_cvar_constraint' sum=1.0000 active=47
self.is_all_methods=False, self.min_weight=0.0, self.max_weight=0.08
single_methods
[RC-LP] method_type='return_cvar_constraint' sum=1.0000 active=37
self.is_all_methods=False, self.min_weight=0.0, self.max_weight=0.08
single_methods
[RC-LP] method_type='return_cvar_constraint' sum=1.0000 active=37
self.is_all_methods=False, self.min_weight=0.0, self.max_weight=0.08
single_methods
[RC-LP] method_type='return_cvar_constraint' sum=1.0000 active=52
self.is_all_methods=False, self.min_weight=0.0, self.max_weight=0.08
single_methods
[RC-LP] method_type='return_cvar_constraint' sum=1.0000 active=38
self.is_all_methods=False, self.min_weight=0.0, self.max_weight=0.08
single_methods
[RC-LP] method_type='return_cvar_constraint' sum=1.0000 active=32
self.is_all_methods=False, self.min_weight=0.0, self.max_weight=0.12
single_methods
[RC-LP] method_type='return_cvar_constraint' sum=1.0000 active=22
self.is_all_methods=False, self.min_weight=0.0, self.max_weight=0.12
single_methods
[RC-LP] method_type='return_cvar_constraint' sum=1.0000 active=23
self.is_all_methods=False, self.min_weight=0.0, self.max_weight=0.12
single_methods
[RC-LP] method_type='return_cvar_constraint' sum=1.0000 active=17
self.is_all_methods=False, self.min_weight=0.0, self.max_weight=0.12
single_methods
[RC-LP] method_type='return_cvar_constraint' sum=1.0000 active=21
self.is_all_methods=False, self.min_weight=0.0, self.max_weight=0.12
single_methods
[RC-LP] method_type='return_cvar_constraint' sum=1.0000 active=24
self.is_all_methods=False, self.min_weight=0.0, self.max_weight=0.12
single_methods
[RC-LP] method_type='return_cvar_constraint' sum=1.0000 active=12
self.is_all_methods=False, self.min_weight=0.0, self.max_weight=0.12
single_methods
[RC-LP] method_type='return_cvar_constraint' sum=1.0000 active=44
self.is_all_methods=False, self.min_weight=0.0, self.max_weight=0.12
single_methods
[RC-LP] method_type='return_cvar_constraint' sum=1.0000 active=38
self.is_all_methods=False, self.min_weight=0.0, self.max_weight=0.12
single_methods
[RC-LP] method_type='return_cvar_constraint' sum=1.0000 active=33
self.is_all_methods=False, self.min_weight=0.0, self.max_weight=0.12
single_methods
[RC-LP] method_type='return_cvar_constraint' sum=1.0000 active=46
self.is_all_methods=False, self.min_weight=0.0, self.max_weight=0.12
single_methods
[RC-LP] method_type='return_cvar_constraint' sum=1.0000 active=29
self.is_all_methods=False, self.min_weight=0.0, self.max_weight=0.12
single_methods
[RC-LP] method_type='return_cvar_constraint' sum=1.0000 active=27
self.is_all_methods=False, self.min_weight=0.0, self.max_weight=0.08
single_methods
method_type='mean_cvar_sharpe' np.sum(weights)=1.000000 active=96 weights.shape=(217,)
self.is_all_methods=False, self.min_weight=0.0, self.max_weight=0.08
single_methods
method_type='mean_cvar_sharpe' np.sum(weights)=1.000000 active=96 weights.shape=(217,)
self.is_all_methods=False, self.min_weight=0.0, self.max_weight=0.08
single_methods
method_type='mean_cvar_sharpe' np.sum(weights)=1.000000 active=96 weights.shape=(217,)
self.is_all_methods=False, self.min_weight=0.0, self.max_weight=0.08
single_methods
method_type='mean_cvar_sharpe' np.sum(weights)=1.000000 active=150 weights.shape=(217,)
self.is_all_methods=False, self.min_weight=0.0, self.max_weight=0.08
single_methods
method_type='mean_cvar_sharpe' np.sum(weights)=1.000000 active=150 weights.shape=(217,)
self.is_all_methods=False, self.min_weight=0.0, self.max_weight=0.08
single_methods
method_type='mean_cvar_sharpe' np.sum(weights)=1.000000 active=150 weights.shape=(217,)
self.is_all_methods=False, self.min_weight=0.0, self.max_weight=0.08
single_methods
method_type='mean_cvar_sharpe' np.sum(weights)=1.000000 active=96 weights.shape=(217,)
self.is_all_methods=False, self.min_weight=0.0, self.max_weight=0.08
single_methods
method_type='mean_cvar_sharpe' np.sum(weights)=1.000000 active=96 weights.shape=(217,)
self.is_all_methods=False, self.min_weight=0.0, self.max_weight=0.08
single_methods
method_type='mean_cvar_sharpe' np.sum(weights)=1.000000 active=96 weights.shape=(217,)
self.is_all_methods=False, self.min_weight=0.0, self.max_weight=0.08
single_methods
method_type='mean_cvar_sharpe' np.sum(weights)=1.000000 active=217 weights.shape=(217,)
self.is_all_methods=False, self.min_weight=0.0, self.max_weight=0.08
single_methods
method_type='mean_cvar_sharpe' np.sum(weights)=1.000000 active=217 weights.shape=(217,)
self.is_all_methods=False, self.min_weight=0.0, self.max_weight=0.08
single_methods
method_type='mean_cvar_sharpe' np.sum(weights)=1.000000 active=217 weights.shape=(217,)
self.is_all_methods=False, self.min_weight=0.0, self.max_weight=0.12
single_methods
method_type='mean_cvar_sharpe' np.sum(weights)=1.000000 active=217 weights.shape=(217,)
self.is_all_methods=False, self.min_weight=0.0, self.max_weight=0.12
single_methods
method_type='mean_cvar_sharpe' np.sum(weights)=1.000000 active=217 weights.shape=(217,)
self.is_all_methods=False, self.min_weight=0.0, self.max_weight=0.12
single_methods
method_type='mean_cvar_sharpe' np.sum(weights)=1.000000 active=217 weights.shape=(217,)
self.is_all_methods=False, self.min_weight=0.0, self.max_weight=0.12
single_methods
method_type='mean_cvar_sharpe' np.sum(weights)=1.000000 active=217 weights.shape=(217,)
self.is_all_methods=False, self.min_weight=0.0, self.max_weight=0.12
single_methods
method_type='mean_cvar_sharpe' np.sum(weights)=1.000000 active=217 weights.shape=(217,)
self.is_all_methods=False, self.min_weight=0.0, self.max_weight=0.12
single_methods
method_type='mean_cvar_sharpe' np.sum(weights)=1.000000 active=217 weights.shape=(217,)
self.is_all_methods=False, self.min_weight=0.0, self.max_weight=0.12
single_methods
method_type='mean_cvar_sharpe' np.sum(weights)=1.000000 active=153 weights.shape=(217,)
self.is_all_methods=False, self.min_weight=0.0, self.max_weight=0.12
single_methods
method_type='mean_cvar_sharpe' np.sum(weights)=1.000000 active=153 weights.shape=(217,)
self.is_all_methods=False, self.min_weight=0.0, self.max_weight=0.12
single_methods
method_type='mean_cvar_sharpe' np.sum(weights)=1.000000 active=153 weights.shape=(217,)
self.is_all_methods=False, self.min_weight=0.0, self.max_weight=0.12
single_methods
method_type='mean_cvar_sharpe' np.sum(weights)=1.000000 active=217 weights.shape=(217,)
self.is_all_methods=False, self.min_weight=0.0, self.max_weight=0.12
single_methods
method_type='mean_cvar_sharpe' np.sum(weights)=1.000000 active=217 weights.shape=(217,)
self.is_all_methods=False, self.min_weight=0.0, self.max_weight=0.12
single_methods
method_type='mean_cvar_sharpe' np.sum(weights)=1.000000 active=217 weights.shape=(217,)
1.0 2019-06-03 00:00:00 1104.5278535964485 -0.046496737123839706 0.0001416338829429481 -0.046496737123839726
PROGRESS	2019-06-03	217	209	-0.046496737123839726	1104.5278535964485
Portfolio optimization with 4 month weight rebalancing 2019-05-01 00:00:00: : 5it [00:42, 11.08s/it]Portfolio optimization with 5 month weight rebalancing 2019-06-03 00:00:00: : 5it [00:42, 11.08s/it]self.is_all_methods=False, self.min_weight=0.0, self.max_weight=0.08
single_methods
[RC-LP] method_type='return_cvar_constraint' sum=1.0000 active=25
self.is_all_methods=False, self.min_weight=0.0, self.max_weight=0.08
single_methods
[RC-LP] method_type='return_cvar_constraint' sum=1.0000 active=22
self.is_all_methods=False, self.min_weight=0.0, self.max_weight=0.08
single_methods
[RC-LP] method_type='return_cvar_constraint' sum=1.0000 active=21
self.is_all_methods=False, self.min_weight=0.0, self.max_weight=0.08
single_methods
[RC-LP] method_type='return_cvar_constraint' sum=1.0000 active=21
self.is_all_methods=False, self.min_weight=0.0, self.max_weight=0.08
single_methods
[RC-LP] method_type='return_cvar_constraint' sum=1.0000 active=21
self.is_all_methods=False, self.min_weight=0.0, self.max_weight=0.08
single_methods
[RC-LP] method_type='return_cvar_constraint' sum=1.0000 active=21
self.is_all_methods=False, self.min_weight=0.0, self.max_weight=0.08
single_methods
[RC-LP] method_type='return_cvar_constraint' sum=1.0000 active=41
self.is_all_methods=False, self.min_weight=0.0, self.max_weight=0.08
single_methods
[RC-LP] method_type='return_cvar_constraint' sum=1.0000 active=37
self.is_all_methods=False, self.min_weight=0.0, self.max_weight=0.08
single_methods
[RC-LP] method_type='return_cvar_constraint' sum=1.0000 active=33
self.is_all_methods=False, self.min_weight=0.0, self.max_weight=0.08
single_methods
[RC-LP] method_type='return_cvar_constraint' sum=1.0000 active=45
self.is_all_methods=False, self.min_weight=0.0, self.max_weight=0.08
single_methods
[RC-LP] method_type='return_cvar_constraint' sum=1.0000 active=42
self.is_all_methods=False, self.min_weight=0.0, self.max_weight=0.08
single_methods
[RC-LP] method_type='return_cvar_constraint' sum=1.0000 active=39
self.is_all_methods=False, self.min_weight=0.0, self.max_weight=0.12
single_methods
[RC-LP] method_type='return_cvar_constraint' sum=1.0000 active=21
self.is_all_methods=False, self.min_weight=0.0, self.max_weight=0.12
single_methods
[RC-LP] method_type='return_cvar_constraint' sum=1.0000 active=20
self.is_all_methods=False, self.min_weight=0.0, self.max_weight=0.12
single_methods
[RC-LP] method_type='return_cvar_constraint' sum=1.0000 active=20
self.is_all_methods=False, self.min_weight=0.0, self.max_weight=0.12
single_methods
[RC-LP] method_type='return_cvar_constraint' sum=1.0000 active=20
self.is_all_methods=False, self.min_weight=0.0, self.max_weight=0.12
single_methods
[RC-LP] method_type='return_cvar_constraint' sum=1.0000 active=19
self.is_all_methods=False, self.min_weight=0.0, self.max_weight=0.12
single_methods
[RC-LP] method_type='return_cvar_constraint' sum=1.0000 active=17
self.is_all_methods=False, self.min_weight=0.0, self.max_weight=0.12
single_methods
[RC-LP] method_type='return_cvar_constraint' sum=1.0000 active=39
self.is_all_methods=False, self.min_weight=0.0, self.max_weight=0.12
single_methods
[RC-LP] method_type='return_cvar_constraint' sum=1.0000 active=39
self.is_all_methods=False, self.min_weight=0.0, self.max_weight=0.12
single_methods
[RC-LP] method_type='return_cvar_constraint' sum=1.0000 active=31
self.is_all_methods=False, self.min_weight=0.0, self.max_weight=0.12
single_methods
[RC-LP] method_type='return_cvar_constraint' sum=1.0000 active=41
self.is_all_methods=False, self.min_weight=0.0, self.max_weight=0.12
single_methods
[RC-LP] method_type='return_cvar_constraint' sum=1.0000 active=38
self.is_all_methods=False, self.min_weight=0.0, self.max_weight=0.12
single_methods
[RC-LP] method_type='return_cvar_constraint' sum=1.0000 active=36
self.is_all_methods=False, self.min_weight=0.0, self.max_weight=0.08
single_methods
method_type='mean_cvar_sharpe' np.sum(weights)=1.000000 active=95 weights.shape=(217,)
self.is_all_methods=False, self.min_weight=0.0, self.max_weight=0.08
single_methods
method_type='mean_cvar_sharpe' np.sum(weights)=1.000000 active=95 weights.shape=(217,)
self.is_all_methods=False, self.min_weight=0.0, self.max_weight=0.08
single_methods
method_type='mean_cvar_sharpe' np.sum(weights)=1.000000 active=95 weights.shape=(217,)
self.is_all_methods=False, self.min_weight=0.0, self.max_weight=0.08
single_methods
method_type='mean_cvar_sharpe' np.sum(weights)=1.000000 active=151 weights.shape=(217,)
self.is_all_methods=False, self.min_weight=0.0, self.max_weight=0.08
single_methods
method_type='mean_cvar_sharpe' np.sum(weights)=1.000000 active=151 weights.shape=(217,)
self.is_all_methods=False, self.min_weight=0.0, self.max_weight=0.08
single_methods
method_type='mean_cvar_sharpe' np.sum(weights)=1.000000 active=151 weights.shape=(217,)
self.is_all_methods=False, self.min_weight=0.0, self.max_weight=0.08
single_methods
method_type='mean_cvar_sharpe' np.sum(weights)=1.000000 active=146 weights.shape=(217,)
self.is_all_methods=False, self.min_weight=0.0, self.max_weight=0.08
single_methods
method_type='mean_cvar_sharpe' np.sum(weights)=1.000000 active=146 weights.shape=(217,)
self.is_all_methods=False, self.min_weight=0.0, self.max_weight=0.08
single_methods
method_type='mean_cvar_sharpe' np.sum(weights)=1.000000 active=146 weights.shape=(217,)
self.is_all_methods=False, self.min_weight=0.0, self.max_weight=0.08
single_methods
method_type='mean_cvar_sharpe' np.sum(weights)=1.000000 active=217 weights.shape=(217,)
self.is_all_methods=False, self.min_weight=0.0, self.max_weight=0.08
single_methods
method_type='mean_cvar_sharpe' np.sum(weights)=1.000000 active=217 weights.shape=(217,)
self.is_all_methods=False, self.min_weight=0.0, self.max_weight=0.08
single_methods
method_type='mean_cvar_sharpe' np.sum(weights)=1.000000 active=217 weights.shape=(217,)
self.is_all_methods=False, self.min_weight=0.0, self.max_weight=0.12
single_methods
method_type='mean_cvar_sharpe' np.sum(weights)=1.000000 active=217 weights.shape=(217,)
self.is_all_methods=False, self.min_weight=0.0, self.max_weight=0.12
single_methods
method_type='mean_cvar_sharpe' np.sum(weights)=1.000000 active=217 weights.shape=(217,)
self.is_all_methods=False, self.min_weight=0.0, self.max_weight=0.12
single_methods
method_type='mean_cvar_sharpe' np.sum(weights)=1.000000 active=217 weights.shape=(217,)
self.is_all_methods=False, self.min_weight=0.0, self.max_weight=0.12
single_methods
method_type='mean_cvar_sharpe' np.sum(weights)=1.000000 active=216 weights.shape=(217,)
self.is_all_methods=False, self.min_weight=0.0, self.max_weight=0.12
single_methods
method_type='mean_cvar_sharpe' np.sum(weights)=1.000000 active=216 weights.shape=(217,)
self.is_all_methods=False, self.min_weight=0.0, self.max_weight=0.12
single_methods
method_type='mean_cvar_sharpe' np.sum(weights)=1.000000 active=216 weights.shape=(217,)
self.is_all_methods=False, self.min_weight=0.0, self.max_weight=0.12
single_methods
method_type='mean_cvar_sharpe' np.sum(weights)=1.000000 active=134 weights.shape=(217,)
self.is_all_methods=False, self.min_weight=0.0, self.max_weight=0.12
single_methods
method_type='mean_cvar_sharpe' np.sum(weights)=1.000000 active=134 weights.shape=(217,)
self.is_all_methods=False, self.min_weight=0.0, self.max_weight=0.12
single_methods
method_type='mean_cvar_sharpe' np.sum(weights)=1.000000 active=134 weights.shape=(217,)
self.is_all_methods=False, self.min_weight=0.0, self.max_weight=0.12
single_methods
method_type='mean_cvar_sharpe' np.sum(weights)=1.000000 active=217 weights.shape=(217,)
self.is_all_methods=False, self.min_weight=0.0, self.max_weight=0.12
single_methods
method_type='mean_cvar_sharpe' np.sum(weights)=1.000000 active=217 weights.shape=(217,)
self.is_all_methods=False, self.min_weight=0.0, self.max_weight=0.12
single_methods
method_type='mean_cvar_sharpe' np.sum(weights)=1.000000 active=217 weights.shape=(217,)
0.5 2019-07-01 00:00:00 1173.2227275235414 0.06219388103560804 4.848120570703539e-05 0.06219388103560797
PROGRESS	2019-07-01	217	184	0.06219388103560797	1173.2227275235414
Portfolio optimization with 5 month weight rebalancing 2019-06-03 00:00:00: : 6it [00:56, 12.10s/it]Portfolio optimization with 6 month weight rebalancing 2019-07-01 00:00:00: : 6it [00:56, 12.10s/it]self.is_all_methods=False, self.min_weight=0.0, self.max_weight=0.08
single_methods
[RC-LP] method_type='return_cvar_constraint' sum=1.0000 active=25
self.is_all_methods=False, self.min_weight=0.0, self.max_weight=0.08
single_methods
[RC-LP] method_type='return_cvar_constraint' sum=1.0000 active=17
self.is_all_methods=False, self.min_weight=0.0, self.max_weight=0.08
single_methods
[RC-LP] method_type='return_cvar_constraint' sum=1.0000 active=15
self.is_all_methods=False, self.min_weight=0.0, self.max_weight=0.08
single_methods
[RC-LP] method_type='return_cvar_constraint' sum=1.0000 active=28
self.is_all_methods=False, self.min_weight=0.0, self.max_weight=0.08
single_methods
[RC-LP] method_type='return_cvar_constraint' sum=1.0000 active=28
self.is_all_methods=False, self.min_weight=0.0, self.max_weight=0.08
single_methods
[RC-LP] method_type='return_cvar_constraint' sum=1.0000 active=15
self.is_all_methods=False, self.min_weight=0.0, self.max_weight=0.08
single_methods
[RC-LP] method_type='return_cvar_constraint' sum=1.0000 active=48
self.is_all_methods=False, self.min_weight=0.0, self.max_weight=0.08
single_methods
[RC-LP] method_type='return_cvar_constraint' sum=1.0000 active=32
self.is_all_methods=False, self.min_weight=0.0, self.max_weight=0.08
single_methods
[RC-LP] method_type='return_cvar_constraint' sum=1.0000 active=23
self.is_all_methods=False, self.min_weight=0.0, self.max_weight=0.08
single_methods
[RC-LP] method_type='return_cvar_constraint' sum=1.0000 active=48
self.is_all_methods=False, self.min_weight=0.0, self.max_weight=0.08
single_methods
[RC-LP] method_type='return_cvar_constraint' sum=1.0000 active=40
self.is_all_methods=False, self.min_weight=0.0, self.max_weight=0.08
single_methods
[RC-LP] method_type='return_cvar_constraint' sum=1.0000 active=24
self.is_all_methods=False, self.min_weight=0.0, self.max_weight=0.12
single_methods
[RC-LP] method_type='return_cvar_constraint' sum=1.0000 active=20
self.is_all_methods=False, self.min_weight=0.0, self.max_weight=0.12
single_methods
[RC-LP] method_type='return_cvar_constraint' sum=1.0000 active=17
self.is_all_methods=False, self.min_weight=0.0, self.max_weight=0.12
single_methods
[RC-LP] method_type='return_cvar_constraint' sum=1.0000 active=12
self.is_all_methods=False, self.min_weight=0.0, self.max_weight=0.12
single_methods
[RC-LP] method_type='return_cvar_constraint' sum=1.0000 active=22
self.is_all_methods=False, self.min_weight=0.0, self.max_weight=0.12
single_methods
[RC-LP] method_type='return_cvar_constraint' sum=1.0000 active=20
self.is_all_methods=False, self.min_weight=0.0, self.max_weight=0.12
single_methods
[RC-LP] method_type='return_cvar_constraint' sum=1.0000 active=21
self.is_all_methods=False, self.min_weight=0.0, self.max_weight=0.12
single_methods
[RC-LP] method_type='return_cvar_constraint' sum=1.0000 active=40
self.is_all_methods=False, self.min_weight=0.0, self.max_weight=0.12
single_methods
[RC-LP] method_type='return_cvar_constraint' sum=1.0000 active=31
self.is_all_methods=False, self.min_weight=0.0, self.max_weight=0.12
single_methods
[RC-LP] method_type='return_cvar_constraint' sum=1.0000 active=19
self.is_all_methods=False, self.min_weight=0.0, self.max_weight=0.12
single_methods
[RC-LP] method_type='return_cvar_constraint' sum=1.0000 active=44
self.is_all_methods=False, self.min_weight=0.0, self.max_weight=0.12
single_methods
[RC-LP] method_type='return_cvar_constraint' sum=1.0000 active=44
self.is_all_methods=False, self.min_weight=0.0, self.max_weight=0.12
single_methods
[RC-LP] method_type='return_cvar_constraint' sum=1.0000 active=30
self.is_all_methods=False, self.min_weight=0.0, self.max_weight=0.08
single_methods
method_type='mean_cvar_sharpe' np.sum(weights)=1.000000 active=218 weights.shape=(218,)
self.is_all_methods=False, self.min_weight=0.0, self.max_weight=0.08
single_methods
method_type='mean_cvar_sharpe' np.sum(weights)=1.000000 active=218 weights.shape=(218,)
self.is_all_methods=False, self.min_weight=0.0, self.max_weight=0.08
single_methods
method_type='mean_cvar_sharpe' np.sum(weights)=1.000000 active=218 weights.shape=(218,)
self.is_all_methods=False, self.min_weight=0.0, self.max_weight=0.08
single_methods
method_type='mean_cvar_sharpe' np.sum(weights)=1.000000 active=87 weights.shape=(218,)
self.is_all_methods=False, self.min_weight=0.0, self.max_weight=0.08
single_methods
method_type='mean_cvar_sharpe' np.sum(weights)=1.000000 active=87 weights.shape=(218,)
self.is_all_methods=False, self.min_weight=0.0, self.max_weight=0.08
single_methods
method_type='mean_cvar_sharpe' np.sum(weights)=1.000000 active=87 weights.shape=(218,)
self.is_all_methods=False, self.min_weight=0.0, self.max_weight=0.08
single_methods
method_type='mean_cvar_sharpe' np.sum(weights)=1.000000 active=217 weights.shape=(218,)
self.is_all_methods=False, self.min_weight=0.0, self.max_weight=0.08
single_methods
method_type='mean_cvar_sharpe' np.sum(weights)=1.000000 active=217 weights.shape=(218,)
self.is_all_methods=False, self.min_weight=0.0, self.max_weight=0.08
single_methods
method_type='mean_cvar_sharpe' np.sum(weights)=1.000000 active=217 weights.shape=(218,)
self.is_all_methods=False, self.min_weight=0.0, self.max_weight=0.08
single_methods
method_type='mean_cvar_sharpe' np.sum(weights)=1.000000 active=87 weights.shape=(218,)
self.is_all_methods=False, self.min_weight=0.0, self.max_weight=0.08
single_methods
method_type='mean_cvar_sharpe' np.sum(weights)=1.000000 active=87 weights.shape=(218,)
self.is_all_methods=False, self.min_weight=0.0, self.max_weight=0.08
single_methods
method_type='mean_cvar_sharpe' np.sum(weights)=1.000000 active=87 weights.shape=(218,)
self.is_all_methods=False, self.min_weight=0.0, self.max_weight=0.12
single_methods
method_type='mean_cvar_sharpe' np.sum(weights)=1.000000 active=136 weights.shape=(218,)
self.is_all_methods=False, self.min_weight=0.0, self.max_weight=0.12
single_methods
method_type='mean_cvar_sharpe' np.sum(weights)=1.000000 active=136 weights.shape=(218,)
self.is_all_methods=False, self.min_weight=0.0, self.max_weight=0.12
single_methods
method_type='mean_cvar_sharpe' np.sum(weights)=1.000000 active=136 weights.shape=(218,)
self.is_all_methods=False, self.min_weight=0.0, self.max_weight=0.12
single_methods
method_type='mean_cvar_sharpe' np.sum(weights)=1.000000 active=137 weights.shape=(218,)
self.is_all_methods=False, self.min_weight=0.0, self.max_weight=0.12
single_methods
method_type='mean_cvar_sharpe' np.sum(weights)=1.000000 active=137 weights.shape=(218,)
self.is_all_methods=False, self.min_weight=0.0, self.max_weight=0.12
single_methods
method_type='mean_cvar_sharpe' np.sum(weights)=1.000000 active=137 weights.shape=(218,)
self.is_all_methods=False, self.min_weight=0.0, self.max_weight=0.12
single_methods
method_type='mean_cvar_sharpe' np.sum(weights)=1.000000 active=97 weights.shape=(218,)
self.is_all_methods=False, self.min_weight=0.0, self.max_weight=0.12
single_methods
method_type='mean_cvar_sharpe' np.sum(weights)=1.000000 active=97 weights.shape=(218,)
self.is_all_methods=False, self.min_weight=0.0, self.max_weight=0.12
single_methods
method_type='mean_cvar_sharpe' np.sum(weights)=1.000000 active=97 weights.shape=(218,)
self.is_all_methods=False, self.min_weight=0.0, self.max_weight=0.12
single_methods
method_type='mean_cvar_sharpe' np.sum(weights)=1.000000 active=137 weights.shape=(218,)
self.is_all_methods=False, self.min_weight=0.0, self.max_weight=0.12
single_methods
method_type='mean_cvar_sharpe' np.sum(weights)=1.000000 active=137 weights.shape=(218,)
self.is_all_methods=False, self.min_weight=0.0, self.max_weight=0.12
single_methods
method_type='mean_cvar_sharpe' np.sum(weights)=1.000000 active=137 weights.shape=(218,)
self.is_all_methods=False, self.min_weight=0.0, self.max_weight=0.12
single_methods
[RC-LP] method_type='return_cvar_constraint' sum=1.0000 active=12
0.25 2019-08-01 00:00:00 1189.7297876281093 0.014069843446871599 0.00033263428495830023 0.014069843446871566
PROGRESS	2019-08-01	218	12	0.014069843446871566	1189.7297876281093
Portfolio optimization with 6 month weight rebalancing 2019-07-01 00:00:00: : 7it [01:07, 11.56s/it]Portfolio optimization with 7 month weight rebalancing 2019-08-01 00:00:00: : 7it [01:07, 11.56s/it]self.is_all_methods=False, self.min_weight=0.0, self.max_weight=0.08
single_methods
[RC-LP] method_type='return_cvar_constraint' sum=1.0000 active=25
self.is_all_methods=False, self.min_weight=0.0, self.max_weight=0.08
single_methods
[RC-LP] method_type='return_cvar_constraint' sum=1.0000 active=24
self.is_all_methods=False, self.min_weight=0.0, self.max_weight=0.08
single_methods
[RC-LP] method_type='return_cvar_constraint' sum=1.0000 active=20
self.is_all_methods=False, self.min_weight=0.0, self.max_weight=0.08
single_methods
[RC-LP] method_type='return_cvar_constraint' sum=1.0000 active=29
self.is_all_methods=False, self.min_weight=0.0, self.max_weight=0.08
single_methods
[RC-LP] method_type='return_cvar_constraint' sum=1.0000 active=31
self.is_all_methods=False, self.min_weight=0.0, self.max_weight=0.08
single_methods
[RC-LP] method_type='return_cvar_constraint' sum=1.0000 active=27
self.is_all_methods=False, self.min_weight=0.0, self.max_weight=0.08
single_methods
[RC-LP] method_type='return_cvar_constraint' sum=1.0000 active=51
self.is_all_methods=False, self.min_weight=0.0, self.max_weight=0.08
single_methods
[RC-LP] method_type='return_cvar_constraint' sum=1.0000 active=50
self.is_all_methods=False, self.min_weight=0.0, self.max_weight=0.08
single_methods
[RC-LP] method_type='return_cvar_constraint' sum=1.0000 active=35
self.is_all_methods=False, self.min_weight=0.0, self.max_weight=0.08
single_methods
[RC-LP] method_type='return_cvar_constraint' sum=1.0000 active=56
self.is_all_methods=False, self.min_weight=0.0, self.max_weight=0.08
single_methods
[RC-LP] method_type='return_cvar_constraint' sum=1.0000 active=54
self.is_all_methods=False, self.min_weight=0.0, self.max_weight=0.08
single_methods
[RC-LP] method_type='return_cvar_constraint' sum=1.0000 active=53
self.is_all_methods=False, self.min_weight=0.0, self.max_weight=0.12
single_methods
[RC-LP] method_type='return_cvar_constraint' sum=1.0000 active=24
self.is_all_methods=False, self.min_weight=0.0, self.max_weight=0.12
single_methods
[RC-LP] method_type='return_cvar_constraint' sum=1.0000 active=25
self.is_all_methods=False, self.min_weight=0.0, self.max_weight=0.12
single_methods
[RC-LP] method_type='return_cvar_constraint' sum=1.0000 active=17
self.is_all_methods=False, self.min_weight=0.0, self.max_weight=0.12
single_methods
[RC-LP] method_type='return_cvar_constraint' sum=1.0000 active=29
self.is_all_methods=False, self.min_weight=0.0, self.max_weight=0.12
single_methods
[RC-LP] method_type='return_cvar_constraint' sum=1.0000 active=26
self.is_all_methods=False, self.min_weight=0.0, self.max_weight=0.12
single_methods
[RC-LP] method_type='return_cvar_constraint' sum=1.0000 active=24
self.is_all_methods=False, self.min_weight=0.0, self.max_weight=0.12
single_methods
[RC-LP] method_type='return_cvar_constraint' sum=1.0000 active=50
self.is_all_methods=False, self.min_weight=0.0, self.max_weight=0.12
single_methods
[RC-LP] method_type='return_cvar_constraint' sum=1.0000 active=42
self.is_all_methods=False, self.min_weight=0.0, self.max_weight=0.12
single_methods
[RC-LP] method_type='return_cvar_constraint' sum=1.0000 active=27
self.is_all_methods=False, self.min_weight=0.0, self.max_weight=0.12
single_methods
[RC-LP] method_type='return_cvar_constraint' sum=1.0000 active=51
self.is_all_methods=False, self.min_weight=0.0, self.max_weight=0.12
single_methods
[RC-LP] method_type='return_cvar_constraint' sum=1.0000 active=44
self.is_all_methods=False, self.min_weight=0.0, self.max_weight=0.12
single_methods
[RC-LP] method_type='return_cvar_constraint' sum=1.0000 active=39
self.is_all_methods=False, self.min_weight=0.0, self.max_weight=0.08
single_methods
method_type='mean_cvar_sharpe' np.sum(weights)=1.000000 active=219 weights.shape=(219,)
self.is_all_methods=False, self.min_weight=0.0, self.max_weight=0.08
single_methods
method_type='mean_cvar_sharpe' np.sum(weights)=1.000000 active=219 weights.shape=(219,)
self.is_all_methods=False, self.min_weight=0.0, self.max_weight=0.08
single_methods
method_type='mean_cvar_sharpe' np.sum(weights)=1.000000 active=219 weights.shape=(219,)
self.is_all_methods=False, self.min_weight=0.0, self.max_weight=0.08
single_methods
method_type='mean_cvar_sharpe' np.sum(weights)=1.000000 active=91 weights.shape=(219,)
self.is_all_methods=False, self.min_weight=0.0, self.max_weight=0.08
single_methods
method_type='mean_cvar_sharpe' np.sum(weights)=1.000000 active=91 weights.shape=(219,)
self.is_all_methods=False, self.min_weight=0.0, self.max_weight=0.08
single_methods
method_type='mean_cvar_sharpe' np.sum(weights)=1.000000 active=91 weights.shape=(219,)
self.is_all_methods=False, self.min_weight=0.0, self.max_weight=0.08
single_methods
method_type='mean_cvar_sharpe' np.sum(weights)=1.000000 active=215 weights.shape=(219,)
self.is_all_methods=False, self.min_weight=0.0, self.max_weight=0.08
single_methods
method_type='mean_cvar_sharpe' np.sum(weights)=1.000000 active=215 weights.shape=(219,)
self.is_all_methods=False, self.min_weight=0.0, self.max_weight=0.08
single_methods
method_type='mean_cvar_sharpe' np.sum(weights)=1.000000 active=215 weights.shape=(219,)
self.is_all_methods=False, self.min_weight=0.0, self.max_weight=0.08
single_methods
method_type='mean_cvar_sharpe' np.sum(weights)=1.000000 active=217 weights.shape=(219,)
self.is_all_methods=False, self.min_weight=0.0, self.max_weight=0.08
single_methods
method_type='mean_cvar_sharpe' np.sum(weights)=1.000000 active=217 weights.shape=(219,)
self.is_all_methods=False, self.min_weight=0.0, self.max_weight=0.08
single_methods
method_type='mean_cvar_sharpe' np.sum(weights)=1.000000 active=217 weights.shape=(219,)
self.is_all_methods=False, self.min_weight=0.0, self.max_weight=0.12
single_methods
method_type='mean_cvar_sharpe' np.sum(weights)=1.000000 active=137 weights.shape=(219,)
self.is_all_methods=False, self.min_weight=0.0, self.max_weight=0.12
single_methods
method_type='mean_cvar_sharpe' np.sum(weights)=1.000000 active=137 weights.shape=(219,)
self.is_all_methods=False, self.min_weight=0.0, self.max_weight=0.12
single_methods
method_type='mean_cvar_sharpe' np.sum(weights)=1.000000 active=137 weights.shape=(219,)
self.is_all_methods=False, self.min_weight=0.0, self.max_weight=0.12
single_methods
method_type='mean_cvar_sharpe' np.sum(weights)=1.000000 active=141 weights.shape=(219,)
self.is_all_methods=False, self.min_weight=0.0, self.max_weight=0.12
single_methods
method_type='mean_cvar_sharpe' np.sum(weights)=1.000000 active=141 weights.shape=(219,)
self.is_all_methods=False, self.min_weight=0.0, self.max_weight=0.12
single_methods
method_type='mean_cvar_sharpe' np.sum(weights)=1.000000 active=141 weights.shape=(219,)
self.is_all_methods=False, self.min_weight=0.0, self.max_weight=0.12
single_methods
method_type='mean_cvar_sharpe' np.sum(weights)=1.000000 active=139 weights.shape=(219,)
self.is_all_methods=False, self.min_weight=0.0, self.max_weight=0.12
single_methods
method_type='mean_cvar_sharpe' np.sum(weights)=1.000000 active=139 weights.shape=(219,)
self.is_all_methods=False, self.min_weight=0.0, self.max_weight=0.12
single_methods
method_type='mean_cvar_sharpe' np.sum(weights)=1.000000 active=139 weights.shape=(219,)
self.is_all_methods=False, self.min_weight=0.0, self.max_weight=0.12
single_methods
method_type='mean_cvar_sharpe' np.sum(weights)=1.000000 active=219 weights.shape=(219,)
self.is_all_methods=False, self.min_weight=0.0, self.max_weight=0.12
single_methods
method_type='mean_cvar_sharpe' np.sum(weights)=1.000000 active=219 weights.shape=(219,)
self.is_all_methods=False, self.min_weight=0.0, self.max_weight=0.12
single_methods
method_type='mean_cvar_sharpe' np.sum(weights)=1.000000 active=219 weights.shape=(219,)
1.0 2019-09-03 00:00:00 1183.0984812757201 -0.0055737919831439844 9.418736210196247e-05 -0.005573791983144005
PROGRESS	2019-09-03	219	162	-0.005573791983144005	1183.0984812757201
Portfolio optimization with 7 month weight rebalancing 2019-08-01 00:00:00: : 8it [01:17, 11.28s/it]Portfolio optimization with 8 month weight rebalancing 2019-09-03 00:00:00: : 8it [01:17, 11.28s/it]self.is_all_methods=False, self.min_weight=0.0, self.max_weight=0.08
single_methods
[RC-LP] method_type='return_cvar_constraint' sum=1.0000 active=21
self.is_all_methods=False, self.min_weight=0.0, self.max_weight=0.08
single_methods
[RC-LP] method_type='return_cvar_constraint' sum=1.0000 active=23
self.is_all_methods=False, self.min_weight=0.0, self.max_weight=0.08
single_methods
[RC-LP] method_type='return_cvar_constraint' sum=1.0000 active=23
self.is_all_methods=False, self.min_weight=0.0, self.max_weight=0.08
single_methods
[RC-LP] method_type='return_cvar_constraint' sum=1.0000 active=26
self.is_all_methods=False, self.min_weight=0.0, self.max_weight=0.08
single_methods
[RC-LP] method_type='return_cvar_constraint' sum=1.0000 active=21
self.is_all_methods=False, self.min_weight=0.0, self.max_weight=0.08
single_methods
[RC-LP] method_type='return_cvar_constraint' sum=1.0000 active=20
self.is_all_methods=False, self.min_weight=0.0, self.max_weight=0.08
single_methods
[RC-LP] method_type='return_cvar_constraint' sum=1.0000 active=43
self.is_all_methods=False, self.min_weight=0.0, self.max_weight=0.08
single_methods
[RC-LP] method_type='return_cvar_constraint' sum=1.0000 active=39
self.is_all_methods=False, self.min_weight=0.0, self.max_weight=0.08
single_methods
[RC-LP] method_type='return_cvar_constraint' sum=1.0000 active=36
self.is_all_methods=False, self.min_weight=0.0, self.max_weight=0.08
single_methods
[RC-LP] method_type='return_cvar_constraint' sum=1.0000 active=64
self.is_all_methods=False, self.min_weight=0.0, self.max_weight=0.08
single_methods
[RC-LP] method_type='return_cvar_constraint' sum=1.0000 active=43
self.is_all_methods=False, self.min_weight=0.0, self.max_weight=0.08
single_methods
[RC-LP] method_type='return_cvar_constraint' sum=1.0000 active=39
self.is_all_methods=False, self.min_weight=0.0, self.max_weight=0.12
single_methods
[RC-LP] method_type='return_cvar_constraint' sum=1.0000 active=21
self.is_all_methods=False, self.min_weight=0.0, self.max_weight=0.12
single_methods
[RC-LP] method_type='return_cvar_constraint' sum=1.0000 active=17
self.is_all_methods=False, self.min_weight=0.0, self.max_weight=0.12
single_methods
[RC-LP] method_type='return_cvar_constraint' sum=1.0000 active=18
self.is_all_methods=False, self.min_weight=0.0, self.max_weight=0.12
single_methods
[RC-LP] method_type='return_cvar_constraint' sum=1.0000 active=24
self.is_all_methods=False, self.min_weight=0.0, self.max_weight=0.12
single_methods
[RC-LP] method_type='return_cvar_constraint' sum=1.0000 active=17
self.is_all_methods=False, self.min_weight=0.0, self.max_weight=0.12
single_methods
[RC-LP] method_type='return_cvar_constraint' sum=1.0000 active=19
self.is_all_methods=False, self.min_weight=0.0, self.max_weight=0.12
single_methods
[RC-LP] method_type='return_cvar_constraint' sum=1.0000 active=55
self.is_all_methods=False, self.min_weight=0.0, self.max_weight=0.12
single_methods
[RC-LP] method_type='return_cvar_constraint' sum=1.0000 active=37
self.is_all_methods=False, self.min_weight=0.0, self.max_weight=0.12
single_methods
[RC-LP] method_type='return_cvar_constraint' sum=1.0000 active=37
self.is_all_methods=False, self.min_weight=0.0, self.max_weight=0.12
single_methods
[RC-LP] method_type='return_cvar_constraint' sum=1.0000 active=66
self.is_all_methods=False, self.min_weight=0.0, self.max_weight=0.12
single_methods
[RC-LP] method_type='return_cvar_constraint' sum=1.0000 active=46
self.is_all_methods=False, self.min_weight=0.0, self.max_weight=0.12
single_methods
[RC-LP] method_type='return_cvar_constraint' sum=1.0000 active=37
self.is_all_methods=False, self.min_weight=0.0, self.max_weight=0.08
single_methods
method_type='mean_cvar_sharpe' np.sum(weights)=1.000000 active=104 weights.shape=(221,)
self.is_all_methods=False, self.min_weight=0.0, self.max_weight=0.08
single_methods
method_type='mean_cvar_sharpe' np.sum(weights)=1.000000 active=104 weights.shape=(221,)
self.is_all_methods=False, self.min_weight=0.0, self.max_weight=0.08
single_methods
method_type='mean_cvar_sharpe' np.sum(weights)=1.000000 active=104 weights.shape=(221,)
self.is_all_methods=False, self.min_weight=0.0, self.max_weight=0.08
single_methods
method_type='mean_cvar_sharpe' np.sum(weights)=1.000000 active=106 weights.shape=(221,)
self.is_all_methods=False, self.min_weight=0.0, self.max_weight=0.08
single_methods
method_type='mean_cvar_sharpe' np.sum(weights)=1.000000 active=106 weights.shape=(221,)
self.is_all_methods=False, self.min_weight=0.0, self.max_weight=0.08
single_methods
method_type='mean_cvar_sharpe' np.sum(weights)=1.000000 active=106 weights.shape=(221,)
self.is_all_methods=False, self.min_weight=0.0, self.max_weight=0.08
single_methods
method_type='mean_cvar_sharpe' np.sum(weights)=1.000000 active=221 weights.shape=(221,)
self.is_all_methods=False, self.min_weight=0.0, self.max_weight=0.08
single_methods
method_type='mean_cvar_sharpe' np.sum(weights)=1.000000 active=221 weights.shape=(221,)
self.is_all_methods=False, self.min_weight=0.0, self.max_weight=0.08
single_methods
method_type='mean_cvar_sharpe' np.sum(weights)=1.000000 active=221 weights.shape=(221,)
self.is_all_methods=False, self.min_weight=0.0, self.max_weight=0.08
single_methods
method_type='mean_cvar_sharpe' np.sum(weights)=1.000000 active=111 weights.shape=(221,)
self.is_all_methods=False, self.min_weight=0.0, self.max_weight=0.08
single_methods
method_type='mean_cvar_sharpe' np.sum(weights)=1.000000 active=111 weights.shape=(221,)
self.is_all_methods=False, self.min_weight=0.0, self.max_weight=0.08
single_methods
method_type='mean_cvar_sharpe' np.sum(weights)=1.000000 active=111 weights.shape=(221,)
self.is_all_methods=False, self.min_weight=0.0, self.max_weight=0.12
single_methods
method_type='mean_cvar_sharpe' np.sum(weights)=1.000000 active=221 weights.shape=(221,)
self.is_all_methods=False, self.min_weight=0.0, self.max_weight=0.12
single_methods
method_type='mean_cvar_sharpe' np.sum(weights)=1.000000 active=221 weights.shape=(221,)
self.is_all_methods=False, self.min_weight=0.0, self.max_weight=0.12
single_methods
method_type='mean_cvar_sharpe' np.sum(weights)=1.000000 active=221 weights.shape=(221,)
self.is_all_methods=False, self.min_weight=0.0, self.max_weight=0.12
single_methods
method_type='mean_cvar_sharpe' np.sum(weights)=1.000000 active=123 weights.shape=(221,)
self.is_all_methods=False, self.min_weight=0.0, self.max_weight=0.12
single_methods
method_type='mean_cvar_sharpe' np.sum(weights)=1.000000 active=123 weights.shape=(221,)
self.is_all_methods=False, self.min_weight=0.0, self.max_weight=0.12
single_methods
method_type='mean_cvar_sharpe' np.sum(weights)=1.000000 active=123 weights.shape=(221,)
self.is_all_methods=False, self.min_weight=0.0, self.max_weight=0.12
single_methods
method_type='mean_cvar_sharpe' np.sum(weights)=1.000000 active=221 weights.shape=(221,)
self.is_all_methods=False, self.min_weight=0.0, self.max_weight=0.12
single_methods
method_type='mean_cvar_sharpe' np.sum(weights)=1.000000 active=221 weights.shape=(221,)
self.is_all_methods=False, self.min_weight=0.0, self.max_weight=0.12
single_methods
method_type='mean_cvar_sharpe' np.sum(weights)=1.000000 active=221 weights.shape=(221,)
self.is_all_methods=False, self.min_weight=0.0, self.max_weight=0.12
single_methods
method_type='mean_cvar_sharpe' np.sum(weights)=1.000000 active=121 weights.shape=(221,)
self.is_all_methods=False, self.min_weight=0.0, self.max_weight=0.12
single_methods
method_type='mean_cvar_sharpe' np.sum(weights)=1.000000 active=121 weights.shape=(221,)
self.is_all_methods=False, self.min_weight=0.0, self.max_weight=0.12
single_methods
method_type='mean_cvar_sharpe' np.sum(weights)=1.000000 active=121 weights.shape=(221,)
1.0 2019-10-01 00:00:00 1199.110091044239 0.013533623803872855 0.0001440477736888682 0.013533623803872796
PROGRESS	2019-10-01	221	150	0.013533623803872796	1199.110091044239
Portfolio optimization with 8 month weight rebalancing 2019-09-03 00:00:00: : 9it [01:29, 11.38s/it]Portfolio optimization with 9 month weight rebalancing 2019-10-01 00:00:00: : 9it [01:29, 11.38s/it]self.is_all_methods=False, self.min_weight=0.0, self.max_weight=0.08
single_methods
[RC-LP] method_type='return_cvar_constraint' sum=1.0000 active=27
self.is_all_methods=False, self.min_weight=0.0, self.max_weight=0.08
single_methods
[RC-LP] method_type='return_cvar_constraint' sum=1.0000 active=24
self.is_all_methods=False, self.min_weight=0.0, self.max_weight=0.08
single_methods
[RC-LP] method_type='return_cvar_constraint' sum=1.0000 active=21
self.is_all_methods=False, self.min_weight=0.0, self.max_weight=0.08
single_methods
[RC-LP] method_type='return_cvar_constraint' sum=1.0000 active=30
self.is_all_methods=False, self.min_weight=0.0, self.max_weight=0.08
single_methods
[RC-LP] method_type='return_cvar_constraint' sum=1.0000 active=24
self.is_all_methods=False, self.min_weight=0.0, self.max_weight=0.08
single_methods
[RC-LP] method_type='return_cvar_constraint' sum=1.0000 active=23
self.is_all_methods=False, self.min_weight=0.0, self.max_weight=0.08
single_methods
[RC-LP] method_type='return_cvar_constraint' sum=1.0000 active=39
self.is_all_methods=False, self.min_weight=0.0, self.max_weight=0.08
single_methods
[RC-LP] method_type='return_cvar_constraint' sum=1.0000 active=40
self.is_all_methods=False, self.min_weight=0.0, self.max_weight=0.08
single_methods
[RC-LP] method_type='return_cvar_constraint' sum=1.0000 active=39
self.is_all_methods=False, self.min_weight=0.0, self.max_weight=0.08
single_methods
[RC-LP] method_type='return_cvar_constraint' sum=1.0000 active=48
self.is_all_methods=False, self.min_weight=0.0, self.max_weight=0.08
single_methods
[RC-LP] method_type='return_cvar_constraint' sum=1.0000 active=40
self.is_all_methods=False, self.min_weight=0.0, self.max_weight=0.08
single_methods
[RC-LP] method_type='return_cvar_constraint' sum=1.0000 active=39
self.is_all_methods=False, self.min_weight=0.0, self.max_weight=0.12
single_methods
[RC-LP] method_type='return_cvar_constraint' sum=1.0000 active=20
self.is_all_methods=False, self.min_weight=0.0, self.max_weight=0.12
single_methods
[RC-LP] method_type='return_cvar_constraint' sum=1.0000 active=19
self.is_all_methods=False, self.min_weight=0.0, self.max_weight=0.12
single_methods
[RC-LP] method_type='return_cvar_constraint' sum=1.0000 active=19
self.is_all_methods=False, self.min_weight=0.0, self.max_weight=0.12
single_methods
[RC-LP] method_type='return_cvar_constraint' sum=1.0000 active=26
self.is_all_methods=False, self.min_weight=0.0, self.max_weight=0.12
single_methods
[RC-LP] method_type='return_cvar_constraint' sum=1.0000 active=18
self.is_all_methods=False, self.min_weight=0.0, self.max_weight=0.12
single_methods
[RC-LP] method_type='return_cvar_constraint' sum=1.0000 active=21
self.is_all_methods=False, self.min_weight=0.0, self.max_weight=0.12
single_methods
[RC-LP] method_type='return_cvar_constraint' sum=1.0000 active=37
self.is_all_methods=False, self.min_weight=0.0, self.max_weight=0.12
single_methods
[RC-LP] method_type='return_cvar_constraint' sum=1.0000 active=37
self.is_all_methods=False, self.min_weight=0.0, self.max_weight=0.12
single_methods
[RC-LP] method_type='return_cvar_constraint' sum=1.0000 active=29
self.is_all_methods=False, self.min_weight=0.0, self.max_weight=0.12
single_methods
[RC-LP] method_type='return_cvar_constraint' sum=1.0000 active=44
self.is_all_methods=False, self.min_weight=0.0, self.max_weight=0.12
single_methods
[RC-LP] method_type='return_cvar_constraint' sum=1.0000 active=37
self.is_all_methods=False, self.min_weight=0.0, self.max_weight=0.12
single_methods
[RC-LP] method_type='return_cvar_constraint' sum=1.0000 active=35
self.is_all_methods=False, self.min_weight=0.0, self.max_weight=0.08
single_methods
method_type='mean_cvar_sharpe' np.sum(weights)=1.000000 active=122 weights.shape=(222,)
self.is_all_methods=False, self.min_weight=0.0, self.max_weight=0.08
single_methods
method_type='mean_cvar_sharpe' np.sum(weights)=1.000000 active=122 weights.shape=(222,)
self.is_all_methods=False, self.min_weight=0.0, self.max_weight=0.08
single_methods
method_type='mean_cvar_sharpe' np.sum(weights)=1.000000 active=122 weights.shape=(222,)
self.is_all_methods=False, self.min_weight=0.0, self.max_weight=0.08
single_methods
method_type='mean_cvar_sharpe' np.sum(weights)=1.000000 active=119 weights.shape=(222,)
self.is_all_methods=False, self.min_weight=0.0, self.max_weight=0.08
single_methods
method_type='mean_cvar_sharpe' np.sum(weights)=1.000000 active=119 weights.shape=(222,)
self.is_all_methods=False, self.min_weight=0.0, self.max_weight=0.08
single_methods
method_type='mean_cvar_sharpe' np.sum(weights)=1.000000 active=119 weights.shape=(222,)
self.is_all_methods=False, self.min_weight=0.0, self.max_weight=0.08
single_methods
method_type='mean_cvar_sharpe' np.sum(weights)=1.000000 active=125 weights.shape=(222,)
self.is_all_methods=False, self.min_weight=0.0, self.max_weight=0.08
single_methods
method_type='mean_cvar_sharpe' np.sum(weights)=1.000000 active=125 weights.shape=(222,)
self.is_all_methods=False, self.min_weight=0.0, self.max_weight=0.08
single_methods
method_type='mean_cvar_sharpe' np.sum(weights)=1.000000 active=125 weights.shape=(222,)
self.is_all_methods=False, self.min_weight=0.0, self.max_weight=0.08
single_methods
method_type='mean_cvar_sharpe' np.sum(weights)=1.000000 active=222 weights.shape=(222,)
self.is_all_methods=False, self.min_weight=0.0, self.max_weight=0.08
single_methods
method_type='mean_cvar_sharpe' np.sum(weights)=1.000000 active=222 weights.shape=(222,)
self.is_all_methods=False, self.min_weight=0.0, self.max_weight=0.08
single_methods
method_type='mean_cvar_sharpe' np.sum(weights)=1.000000 active=222 weights.shape=(222,)
self.is_all_methods=False, self.min_weight=0.0, self.max_weight=0.12
single_methods
method_type='mean_cvar_sharpe' np.sum(weights)=1.000000 active=111 weights.shape=(222,)
self.is_all_methods=False, self.min_weight=0.0, self.max_weight=0.12
single_methods
method_type='mean_cvar_sharpe' np.sum(weights)=1.000000 active=111 weights.shape=(222,)
self.is_all_methods=False, self.min_weight=0.0, self.max_weight=0.12
single_methods
method_type='mean_cvar_sharpe' np.sum(weights)=1.000000 active=111 weights.shape=(222,)
self.is_all_methods=False, self.min_weight=0.0, self.max_weight=0.12
single_methods
method_type='mean_cvar_sharpe' np.sum(weights)=1.000000 active=222 weights.shape=(222,)
self.is_all_methods=False, self.min_weight=0.0, self.max_weight=0.12
single_methods
method_type='mean_cvar_sharpe' np.sum(weights)=1.000000 active=222 weights.shape=(222,)
self.is_all_methods=False, self.min_weight=0.0, self.max_weight=0.12
single_methods
method_type='mean_cvar_sharpe' np.sum(weights)=1.000000 active=222 weights.shape=(222,)
self.is_all_methods=False, self.min_weight=0.0, self.max_weight=0.12
single_methods
method_type='mean_cvar_sharpe' np.sum(weights)=1.000000 active=222 weights.shape=(222,)
self.is_all_methods=False, self.min_weight=0.0, self.max_weight=0.12
single_methods
method_type='mean_cvar_sharpe' np.sum(weights)=1.000000 active=222 weights.shape=(222,)
self.is_all_methods=False, self.min_weight=0.0, self.max_weight=0.12
single_methods
method_type='mean_cvar_sharpe' np.sum(weights)=1.000000 active=222 weights.shape=(222,)
self.is_all_methods=False, self.min_weight=0.0, self.max_weight=0.12
single_methods
method_type='mean_cvar_sharpe' np.sum(weights)=1.000000 active=221 weights.shape=(222,)
self.is_all_methods=False, self.min_weight=0.0, self.max_weight=0.12
single_methods
method_type='mean_cvar_sharpe' np.sum(weights)=1.000000 active=221 weights.shape=(222,)
self.is_all_methods=False, self.min_weight=0.0, self.max_weight=0.12
single_methods
method_type='mean_cvar_sharpe' np.sum(weights)=1.000000 active=221 weights.shape=(222,)
self.is_all_methods=False, self.min_weight=0.0, self.max_weight=0.12
single_methods
[RC-LP] method_type='return_cvar_constraint' sum=1.0000 active=19
0.25 2019-11-01 00:00:00 1217.816784477654 0.015600480367173227 0.0002820725656715679 0.015600480367173208
PROGRESS	2019-11-01	222	19	0.015600480367173208	1217.816784477654
Portfolio optimization with 9 month weight rebalancing 2019-10-01 00:00:00: : 10it [01:42, 12.00s/it]Portfolio optimization with 10 month weight rebalancing 2019-11-01 00:00:00: : 10it [01:42, 12.00s/it]self.is_all_methods=False, self.min_weight=0.0, self.max_weight=0.08
single_methods
[RC-LP] method_type='return_cvar_constraint' sum=1.0000 active=29
self.is_all_methods=False, self.min_weight=0.0, self.max_weight=0.08
single_methods
[RC-LP] method_type='return_cvar_constraint' sum=1.0000 active=28
self.is_all_methods=False, self.min_weight=0.0, self.max_weight=0.08
single_methods
[RC-LP] method_type='return_cvar_constraint' sum=1.0000 active=28
self.is_all_methods=False, self.min_weight=0.0, self.max_weight=0.08
single_methods
[RC-LP] method_type='return_cvar_constraint' sum=1.0000 active=27
self.is_all_methods=False, self.min_weight=0.0, self.max_weight=0.08
single_methods
[RC-LP] method_type='return_cvar_constraint' sum=1.0000 active=29
self.is_all_methods=False, self.min_weight=0.0, self.max_weight=0.08
single_methods
[RC-LP] method_type='return_cvar_constraint' sum=1.0000 active=30
self.is_all_methods=False, self.min_weight=0.0, self.max_weight=0.08
single_methods
[RC-LP] method_type='return_cvar_constraint' sum=1.0000 active=46
self.is_all_methods=False, self.min_weight=0.0, self.max_weight=0.08
single_methods
[RC-LP] method_type='return_cvar_constraint' sum=1.0000 active=46
self.is_all_methods=False, self.min_weight=0.0, self.max_weight=0.08
single_methods
[RC-LP] method_type='return_cvar_constraint' sum=1.0000 active=48
self.is_all_methods=False, self.min_weight=0.0, self.max_weight=0.08
single_methods
[RC-LP] method_type='return_cvar_constraint' sum=1.0000 active=51
self.is_all_methods=False, self.min_weight=0.0, self.max_weight=0.08
single_methods
[RC-LP] method_type='return_cvar_constraint' sum=1.0000 active=53
self.is_all_methods=False, self.min_weight=0.0, self.max_weight=0.08
single_methods
[RC-LP] method_type='return_cvar_constraint' sum=1.0000 active=49
self.is_all_methods=False, self.min_weight=0.0, self.max_weight=0.12
single_methods
[RC-LP] method_type='return_cvar_constraint' sum=1.0000 active=27
self.is_all_methods=False, self.min_weight=0.0, self.max_weight=0.12
single_methods
[RC-LP] method_type='return_cvar_constraint' sum=1.0000 active=27
self.is_all_methods=False, self.min_weight=0.0, self.max_weight=0.12
single_methods
[RC-LP] method_type='return_cvar_constraint' sum=1.0000 active=26
self.is_all_methods=False, self.min_weight=0.0, self.max_weight=0.12
single_methods
[RC-LP] method_type='return_cvar_constraint' sum=1.0000 active=24
self.is_all_methods=False, self.min_weight=0.0, self.max_weight=0.12
single_methods
[RC-LP] method_type='return_cvar_constraint' sum=1.0000 active=27
self.is_all_methods=False, self.min_weight=0.0, self.max_weight=0.12
single_methods
[RC-LP] method_type='return_cvar_constraint' sum=1.0000 active=29
self.is_all_methods=False, self.min_weight=0.0, self.max_weight=0.12
single_methods
[RC-LP] method_type='return_cvar_constraint' sum=1.0000 active=44
self.is_all_methods=False, self.min_weight=0.0, self.max_weight=0.12
single_methods
[RC-LP] method_type='return_cvar_constraint' sum=1.0000 active=45
self.is_all_methods=False, self.min_weight=0.0, self.max_weight=0.12
single_methods
[RC-LP] method_type='return_cvar_constraint' sum=1.0000 active=45
self.is_all_methods=False, self.min_weight=0.0, self.max_weight=0.12
single_methods
[RC-LP] method_type='return_cvar_constraint' sum=1.0000 active=45
self.is_all_methods=False, self.min_weight=0.0, self.max_weight=0.12
single_methods
[RC-LP] method_type='return_cvar_constraint' sum=1.0000 active=47
self.is_all_methods=False, self.min_weight=0.0, self.max_weight=0.12
single_methods
[RC-LP] method_type='return_cvar_constraint' sum=1.0000 active=44
self.is_all_methods=False, self.min_weight=0.0, self.max_weight=0.08
single_methods
method_type='mean_cvar_sharpe' np.sum(weights)=1.000000 active=222 weights.shape=(222,)
self.is_all_methods=False, self.min_weight=0.0, self.max_weight=0.08
single_methods
method_type='mean_cvar_sharpe' np.sum(weights)=1.000000 active=222 weights.shape=(222,)
self.is_all_methods=False, self.min_weight=0.0, self.max_weight=0.08
single_methods
method_type='mean_cvar_sharpe' np.sum(weights)=1.000000 active=222 weights.shape=(222,)
self.is_all_methods=False, self.min_weight=0.0, self.max_weight=0.08
single_methods
method_type='mean_cvar_sharpe' np.sum(weights)=1.000000 active=222 weights.shape=(222,)
self.is_all_methods=False, self.min_weight=0.0, self.max_weight=0.08
single_methods
method_type='mean_cvar_sharpe' np.sum(weights)=1.000000 active=222 weights.shape=(222,)
self.is_all_methods=False, self.min_weight=0.0, self.max_weight=0.08
single_methods
method_type='mean_cvar_sharpe' np.sum(weights)=1.000000 active=222 weights.shape=(222,)
self.is_all_methods=False, self.min_weight=0.0, self.max_weight=0.08
single_methods
method_type='mean_cvar_sharpe' np.sum(weights)=1.000000 active=222 weights.shape=(222,)
self.is_all_methods=False, self.min_weight=0.0, self.max_weight=0.08
single_methods
method_type='mean_cvar_sharpe' np.sum(weights)=1.000000 active=222 weights.shape=(222,)
self.is_all_methods=False, self.min_weight=0.0, self.max_weight=0.08
single_methods
method_type='mean_cvar_sharpe' np.sum(weights)=1.000000 active=222 weights.shape=(222,)
self.is_all_methods=False, self.min_weight=0.0, self.max_weight=0.08
single_methods
method_type='mean_cvar_sharpe' np.sum(weights)=1.000000 active=222 weights.shape=(222,)
self.is_all_methods=False, self.min_weight=0.0, self.max_weight=0.08
single_methods
method_type='mean_cvar_sharpe' np.sum(weights)=1.000000 active=222 weights.shape=(222,)
self.is_all_methods=False, self.min_weight=0.0, self.max_weight=0.08
single_methods
method_type='mean_cvar_sharpe' np.sum(weights)=1.000000 active=222 weights.shape=(222,)
self.is_all_methods=False, self.min_weight=0.0, self.max_weight=0.12
single_methods
method_type='mean_cvar_sharpe' np.sum(weights)=1.000000 active=147 weights.shape=(222,)
self.is_all_methods=False, self.min_weight=0.0, self.max_weight=0.12
single_methods
method_type='mean_cvar_sharpe' np.sum(weights)=1.000000 active=147 weights.shape=(222,)
self.is_all_methods=False, self.min_weight=0.0, self.max_weight=0.12
single_methods
method_type='mean_cvar_sharpe' np.sum(weights)=1.000000 active=147 weights.shape=(222,)
self.is_all_methods=False, self.min_weight=0.0, self.max_weight=0.12
single_methods
method_type='mean_cvar_sharpe' np.sum(weights)=1.000000 active=219 weights.shape=(222,)
self.is_all_methods=False, self.min_weight=0.0, self.max_weight=0.12
single_methods
method_type='mean_cvar_sharpe' np.sum(weights)=1.000000 active=219 weights.shape=(222,)
self.is_all_methods=False, self.min_weight=0.0, self.max_weight=0.12
single_methods
method_type='mean_cvar_sharpe' np.sum(weights)=1.000000 active=219 weights.shape=(222,)
self.is_all_methods=False, self.min_weight=0.0, self.max_weight=0.12
single_methods
method_type='mean_cvar_sharpe' np.sum(weights)=1.000000 active=222 weights.shape=(222,)
self.is_all_methods=False, self.min_weight=0.0, self.max_weight=0.12
single_methods
method_type='mean_cvar_sharpe' np.sum(weights)=1.000000 active=222 weights.shape=(222,)
self.is_all_methods=False, self.min_weight=0.0, self.max_weight=0.12
single_methods
method_type='mean_cvar_sharpe' np.sum(weights)=1.000000 active=222 weights.shape=(222,)
self.is_all_methods=False, self.min_weight=0.0, self.max_weight=0.12
single_methods
method_type='mean_cvar_sharpe' np.sum(weights)=1.000000 active=213 weights.shape=(222,)
self.is_all_methods=False, self.min_weight=0.0, self.max_weight=0.12
single_methods
method_type='mean_cvar_sharpe' np.sum(weights)=1.000000 active=213 weights.shape=(222,)
self.is_all_methods=False, self.min_weight=0.0, self.max_weight=0.12
single_methods
method_type='mean_cvar_sharpe' np.sum(weights)=1.000000 active=213 weights.shape=(222,)
1.0 2019-12-02 00:00:00 1245.085857617402 0.022391769835430717 0.00011395278142496758 0.022391769835430786
PROGRESS	2019-12-02	222	140	0.022391769835430786	1245.085857617402
Portfolio optimization with 10 month weight rebalancing 2019-11-01 00:00:00: : 11it [01:56, 12.69s/it]Portfolio optimization with 11 month weight rebalancing 2019-12-02 00:00:00: : 11it [01:56, 12.69s/it]self.is_all_methods=False, self.min_weight=0.0, self.max_weight=0.08
single_methods
[RC-LP] method_type='return_cvar_constraint' sum=1.0000 active=26
self.is_all_methods=False, self.min_weight=0.0, self.max_weight=0.08
single_methods
[RC-LP] method_type='return_cvar_constraint' sum=1.0000 active=24
self.is_all_methods=False, self.min_weight=0.0, self.max_weight=0.08
single_methods
[RC-LP] method_type='return_cvar_constraint' sum=1.0000 active=20
self.is_all_methods=False, self.min_weight=0.0, self.max_weight=0.08
single_methods
[RC-LP] method_type='return_cvar_constraint' sum=1.0000 active=25
self.is_all_methods=False, self.min_weight=0.0, self.max_weight=0.08
single_methods
[RC-LP] method_type='return_cvar_constraint' sum=1.0000 active=25
self.is_all_methods=False, self.min_weight=0.0, self.max_weight=0.08
single_methods
[RC-LP] method_type='return_cvar_constraint' sum=1.0000 active=22
self.is_all_methods=False, self.min_weight=0.0, self.max_weight=0.08
single_methods
[RC-LP] method_type='return_cvar_constraint' sum=1.0000 active=44
self.is_all_methods=False, self.min_weight=0.0, self.max_weight=0.08
single_methods
[RC-LP] method_type='return_cvar_constraint' sum=1.0000 active=39
self.is_all_methods=False, self.min_weight=0.0, self.max_weight=0.08
single_methods
[RC-LP] method_type='return_cvar_constraint' sum=1.0000 active=37
self.is_all_methods=False, self.min_weight=0.0, self.max_weight=0.08
single_methods
[RC-LP] method_type='return_cvar_constraint' sum=1.0000 active=47
self.is_all_methods=False, self.min_weight=0.0, self.max_weight=0.08
single_methods
[RC-LP] method_type='return_cvar_constraint' sum=1.0000 active=42
self.is_all_methods=False, self.min_weight=0.0, self.max_weight=0.08
single_methods
[RC-LP] method_type='return_cvar_constraint' sum=1.0000 active=39
self.is_all_methods=False, self.min_weight=0.0, self.max_weight=0.12
single_methods
[RC-LP] method_type='return_cvar_constraint' sum=1.0000 active=23
self.is_all_methods=False, self.min_weight=0.0, self.max_weight=0.12
single_methods
[RC-LP] method_type='return_cvar_constraint' sum=1.0000 active=21
self.is_all_methods=False, self.min_weight=0.0, self.max_weight=0.12
single_methods
[RC-LP] method_type='return_cvar_constraint' sum=1.0000 active=18
self.is_all_methods=False, self.min_weight=0.0, self.max_weight=0.12
single_methods
[RC-LP] method_type='return_cvar_constraint' sum=1.0000 active=22
self.is_all_methods=False, self.min_weight=0.0, self.max_weight=0.12
single_methods
[RC-LP] method_type='return_cvar_constraint' sum=1.0000 active=18
self.is_all_methods=False, self.min_weight=0.0, self.max_weight=0.12
single_methods
[RC-LP] method_type='return_cvar_constraint' sum=1.0000 active=17
self.is_all_methods=False, self.min_weight=0.0, self.max_weight=0.12
single_methods
[RC-LP] method_type='return_cvar_constraint' sum=1.0000 active=38
self.is_all_methods=False, self.min_weight=0.0, self.max_weight=0.12
single_methods
[RC-LP] method_type='return_cvar_constraint' sum=1.0000 active=35
self.is_all_methods=False, self.min_weight=0.0, self.max_weight=0.12
single_methods
[RC-LP] method_type='return_cvar_constraint' sum=1.0000 active=35
self.is_all_methods=False, self.min_weight=0.0, self.max_weight=0.12
single_methods
[RC-LP] method_type='return_cvar_constraint' sum=1.0000 active=33
self.is_all_methods=False, self.min_weight=0.0, self.max_weight=0.12
single_methods
[RC-LP] method_type='return_cvar_constraint' sum=1.0000 active=36
self.is_all_methods=False, self.min_weight=0.0, self.max_weight=0.12
single_methods
[RC-LP] method_type='return_cvar_constraint' sum=1.0000 active=34
self.is_all_methods=False, self.min_weight=0.0, self.max_weight=0.08
single_methods
method_type='mean_cvar_sharpe' np.sum(weights)=1.000000 active=223 weights.shape=(223,)
self.is_all_methods=False, self.min_weight=0.0, self.max_weight=0.08
single_methods
method_type='mean_cvar_sharpe' np.sum(weights)=1.000000 active=223 weights.shape=(223,)
self.is_all_methods=False, self.min_weight=0.0, self.max_weight=0.08
single_methods
method_type='mean_cvar_sharpe' np.sum(weights)=1.000000 active=223 weights.shape=(223,)
self.is_all_methods=False, self.min_weight=0.0, self.max_weight=0.08
single_methods
method_type='mean_cvar_sharpe' np.sum(weights)=1.000000 active=223 weights.shape=(223,)
self.is_all_methods=False, self.min_weight=0.0, self.max_weight=0.08
single_methods
method_type='mean_cvar_sharpe' np.sum(weights)=1.000000 active=223 weights.shape=(223,)
self.is_all_methods=False, self.min_weight=0.0, self.max_weight=0.08
single_methods
method_type='mean_cvar_sharpe' np.sum(weights)=1.000000 active=223 weights.shape=(223,)
self.is_all_methods=False, self.min_weight=0.0, self.max_weight=0.08
single_methods
method_type='mean_cvar_sharpe' np.sum(weights)=1.000000 active=223 weights.shape=(223,)
self.is_all_methods=False, self.min_weight=0.0, self.max_weight=0.08
single_methods
method_type='mean_cvar_sharpe' np.sum(weights)=1.000000 active=223 weights.shape=(223,)
self.is_all_methods=False, self.min_weight=0.0, self.max_weight=0.08
single_methods
method_type='mean_cvar_sharpe' np.sum(weights)=1.000000 active=223 weights.shape=(223,)
self.is_all_methods=False, self.min_weight=0.0, self.max_weight=0.08
single_methods
method_type='mean_cvar_sharpe' np.sum(weights)=1.000000 active=223 weights.shape=(223,)
self.is_all_methods=False, self.min_weight=0.0, self.max_weight=0.08
single_methods
method_type='mean_cvar_sharpe' np.sum(weights)=1.000000 active=223 weights.shape=(223,)
self.is_all_methods=False, self.min_weight=0.0, self.max_weight=0.08
single_methods
method_type='mean_cvar_sharpe' np.sum(weights)=1.000000 active=223 weights.shape=(223,)
self.is_all_methods=False, self.min_weight=0.0, self.max_weight=0.12
single_methods
method_type='mean_cvar_sharpe' np.sum(weights)=1.000000 active=135 weights.shape=(223,)
self.is_all_methods=False, self.min_weight=0.0, self.max_weight=0.12
single_methods
method_type='mean_cvar_sharpe' np.sum(weights)=1.000000 active=135 weights.shape=(223,)
self.is_all_methods=False, self.min_weight=0.0, self.max_weight=0.12
single_methods
method_type='mean_cvar_sharpe' np.sum(weights)=1.000000 active=135 weights.shape=(223,)
self.is_all_methods=False, self.min_weight=0.0, self.max_weight=0.12
single_methods
method_type='mean_cvar_sharpe' np.sum(weights)=1.000000 active=115 weights.shape=(223,)
self.is_all_methods=False, self.min_weight=0.0, self.max_weight=0.12
single_methods
method_type='mean_cvar_sharpe' np.sum(weights)=1.000000 active=115 weights.shape=(223,)
self.is_all_methods=False, self.min_weight=0.0, self.max_weight=0.12
single_methods
method_type='mean_cvar_sharpe' np.sum(weights)=1.000000 active=115 weights.shape=(223,)
self.is_all_methods=False, self.min_weight=0.0, self.max_weight=0.12
single_methods
method_type='mean_cvar_sharpe' np.sum(weights)=1.000000 active=223 weights.shape=(223,)
self.is_all_methods=False, self.min_weight=0.0, self.max_weight=0.12
single_methods
method_type='mean_cvar_sharpe' np.sum(weights)=1.000000 active=223 weights.shape=(223,)
self.is_all_methods=False, self.min_weight=0.0, self.max_weight=0.12
single_methods
method_type='mean_cvar_sharpe' np.sum(weights)=1.000000 active=223 weights.shape=(223,)
self.is_all_methods=False, self.min_weight=0.0, self.max_weight=0.12
single_methods
method_type='mean_cvar_sharpe' np.sum(weights)=1.000000 active=223 weights.shape=(223,)
self.is_all_methods=False, self.min_weight=0.0, self.max_weight=0.12
single_methods
method_type='mean_cvar_sharpe' np.sum(weights)=1.000000 active=223 weights.shape=(223,)
self.is_all_methods=False, self.min_weight=0.0, self.max_weight=0.12
single_methods
method_type='mean_cvar_sharpe' np.sum(weights)=1.000000 active=223 weights.shape=(223,)
1.0 2020-01-02 00:00:00 1287.1065643365805 0.0337492442485767 0.00010757503240069114 0.033749244248576726
PROGRESS	2020-01-02	223	132	0.033749244248576726	1287.1065643365805
Portfolio optimization with 11 month weight rebalancing 2019-12-02 00:00:00: : 12it [02:09, 12.74s/it]Portfolio optimization with 12 month weight rebalancing 2020-01-02 00:00:00: : 12it [02:09, 12.74s/it]self.is_all_methods=False, self.min_weight=0.0, self.max_weight=0.08
single_methods
[RC-LP] method_type='return_cvar_constraint' sum=1.0000 active=21
self.is_all_methods=False, self.min_weight=0.0, self.max_weight=0.08
single_methods
[RC-LP] method_type='return_cvar_constraint' sum=1.0000 active=24
self.is_all_methods=False, self.min_weight=0.0, self.max_weight=0.08
single_methods
[RC-LP] method_type='return_cvar_constraint' sum=1.0000 active=24
self.is_all_methods=False, self.min_weight=0.0, self.max_weight=0.08
single_methods
[RC-LP] method_type='return_cvar_constraint' sum=1.0000 active=22
self.is_all_methods=False, self.min_weight=0.0, self.max_weight=0.08
single_methods
[RC-LP] method_type='return_cvar_constraint' sum=1.0000 active=23
self.is_all_methods=False, self.min_weight=0.0, self.max_weight=0.08
single_methods
[RC-LP] method_type='return_cvar_constraint' sum=1.0000 active=23
self.is_all_methods=False, self.min_weight=0.0, self.max_weight=0.08
single_methods
[RC-LP] method_type='return_cvar_constraint' sum=1.0000 active=51
self.is_all_methods=False, self.min_weight=0.0, self.max_weight=0.08
single_methods
[RC-LP] method_type='return_cvar_constraint' sum=1.0000 active=50
self.is_all_methods=False, self.min_weight=0.0, self.max_weight=0.08
single_methods
[RC-LP] method_type='return_cvar_constraint' sum=1.0000 active=44
self.is_all_methods=False, self.min_weight=0.0, self.max_weight=0.08
single_methods
[RC-LP] method_type='return_cvar_constraint' sum=1.0000 active=50
self.is_all_methods=False, self.min_weight=0.0, self.max_weight=0.08
single_methods
[RC-LP] method_type='return_cvar_constraint' sum=1.0000 active=47
self.is_all_methods=False, self.min_weight=0.0, self.max_weight=0.08
single_methods
[RC-LP] method_type='return_cvar_constraint' sum=1.0000 active=43
self.is_all_methods=False, self.min_weight=0.0, self.max_weight=0.12
single_methods
[RC-LP] method_type='return_cvar_constraint' sum=1.0000 active=18
self.is_all_methods=False, self.min_weight=0.0, self.max_weight=0.12
single_methods
[RC-LP] method_type='return_cvar_constraint' sum=1.0000 active=19
self.is_all_methods=False, self.min_weight=0.0, self.max_weight=0.12
single_methods
[RC-LP] method_type='return_cvar_constraint' sum=1.0000 active=17
self.is_all_methods=False, self.min_weight=0.0, self.max_weight=0.12
single_methods
[RC-LP] method_type='return_cvar_constraint' sum=1.0000 active=18
self.is_all_methods=False, self.min_weight=0.0, self.max_weight=0.12
single_methods
[RC-LP] method_type='return_cvar_constraint' sum=1.0000 active=18
self.is_all_methods=False, self.min_weight=0.0, self.max_weight=0.12
single_methods
[RC-LP] method_type='return_cvar_constraint' sum=1.0000 active=19
self.is_all_methods=False, self.min_weight=0.0, self.max_weight=0.12
single_methods
[RC-LP] method_type='return_cvar_constraint' sum=1.0000 active=42
self.is_all_methods=False, self.min_weight=0.0, self.max_weight=0.12
single_methods
[RC-LP] method_type='return_cvar_constraint' sum=1.0000 active=39
self.is_all_methods=False, self.min_weight=0.0, self.max_weight=0.12
single_methods
[RC-LP] method_type='return_cvar_constraint' sum=1.0000 active=40
self.is_all_methods=False, self.min_weight=0.0, self.max_weight=0.12
single_methods
[RC-LP] method_type='return_cvar_constraint' sum=1.0000 active=42
self.is_all_methods=False, self.min_weight=0.0, self.max_weight=0.12
single_methods
[RC-LP] method_type='return_cvar_constraint' sum=1.0000 active=45
self.is_all_methods=False, self.min_weight=0.0, self.max_weight=0.12
single_methods
[RC-LP] method_type='return_cvar_constraint' sum=1.0000 active=40
self.is_all_methods=False, self.min_weight=0.0, self.max_weight=0.08
single_methods
method_type='mean_cvar_sharpe' np.sum(weights)=1.000000 active=224 weights.shape=(224,)
self.is_all_methods=False, self.min_weight=0.0, self.max_weight=0.08
single_methods
method_type='mean_cvar_sharpe' np.sum(weights)=1.000000 active=224 weights.shape=(224,)
self.is_all_methods=False, self.min_weight=0.0, self.max_weight=0.08
single_methods
method_type='mean_cvar_sharpe' np.sum(weights)=1.000000 active=224 weights.shape=(224,)
self.is_all_methods=False, self.min_weight=0.0, self.max_weight=0.08
single_methods
method_type='mean_cvar_sharpe' np.sum(weights)=1.000000 active=224 weights.shape=(224,)
self.is_all_methods=False, self.min_weight=0.0, self.max_weight=0.08
single_methods
method_type='mean_cvar_sharpe' np.sum(weights)=1.000000 active=224 weights.shape=(224,)
self.is_all_methods=False, self.min_weight=0.0, self.max_weight=0.08
single_methods
method_type='mean_cvar_sharpe' np.sum(weights)=1.000000 active=224 weights.shape=(224,)
self.is_all_methods=False, self.min_weight=0.0, self.max_weight=0.08
single_methods
method_type='mean_cvar_sharpe' np.sum(weights)=1.000000 active=121 weights.shape=(224,)
self.is_all_methods=False, self.min_weight=0.0, self.max_weight=0.08
single_methods
method_type='mean_cvar_sharpe' np.sum(weights)=1.000000 active=121 weights.shape=(224,)
self.is_all_methods=False, self.min_weight=0.0, self.max_weight=0.08
single_methods
method_type='mean_cvar_sharpe' np.sum(weights)=1.000000 active=121 weights.shape=(224,)
self.is_all_methods=False, self.min_weight=0.0, self.max_weight=0.08
single_methods
method_type='mean_cvar_sharpe' np.sum(weights)=1.000000 active=114 weights.shape=(224,)
self.is_all_methods=False, self.min_weight=0.0, self.max_weight=0.08
single_methods
method_type='mean_cvar_sharpe' np.sum(weights)=1.000000 active=114 weights.shape=(224,)
self.is_all_methods=False, self.min_weight=0.0, self.max_weight=0.08
single_methods
method_type='mean_cvar_sharpe' np.sum(weights)=1.000000 active=114 weights.shape=(224,)
self.is_all_methods=False, self.min_weight=0.0, self.max_weight=0.12
single_methods
method_type='mean_cvar_sharpe' np.sum(weights)=1.000000 active=224 weights.shape=(224,)
self.is_all_methods=False, self.min_weight=0.0, self.max_weight=0.12
single_methods
method_type='mean_cvar_sharpe' np.sum(weights)=1.000000 active=224 weights.shape=(224,)
self.is_all_methods=False, self.min_weight=0.0, self.max_weight=0.12
single_methods
method_type='mean_cvar_sharpe' np.sum(weights)=1.000000 active=224 weights.shape=(224,)
self.is_all_methods=False, self.min_weight=0.0, self.max_weight=0.12
single_methods
method_type='mean_cvar_sharpe' np.sum(weights)=1.000000 active=224 weights.shape=(224,)
self.is_all_methods=False, self.min_weight=0.0, self.max_weight=0.12
single_methods
method_type='mean_cvar_sharpe' np.sum(weights)=1.000000 active=224 weights.shape=(224,)
self.is_all_methods=False, self.min_weight=0.0, self.max_weight=0.12
single_methods
method_type='mean_cvar_sharpe' np.sum(weights)=1.000000 active=224 weights.shape=(224,)
self.is_all_methods=False, self.min_weight=0.0, self.max_weight=0.12
single_methods
method_type='mean_cvar_sharpe' np.sum(weights)=1.000000 active=224 weights.shape=(224,)
self.is_all_methods=False, self.min_weight=0.0, self.max_weight=0.12
single_methods
method_type='mean_cvar_sharpe' np.sum(weights)=1.000000 active=224 weights.shape=(224,)
self.is_all_methods=False, self.min_weight=0.0, self.max_weight=0.12
single_methods
method_type='mean_cvar_sharpe' np.sum(weights)=1.000000 active=224 weights.shape=(224,)
self.is_all_methods=False, self.min_weight=0.0, self.max_weight=0.12
single_methods
method_type='mean_cvar_sharpe' np.sum(weights)=1.000000 active=224 weights.shape=(224,)
self.is_all_methods=False, self.min_weight=0.0, self.max_weight=0.12
single_methods
method_type='mean_cvar_sharpe' np.sum(weights)=1.000000 active=224 weights.shape=(224,)
self.is_all_methods=False, self.min_weight=0.0, self.max_weight=0.12
single_methods
method_type='mean_cvar_sharpe' np.sum(weights)=1.000000 active=224 weights.shape=(224,)
1.0 2020-02-03 00:00:00 1314.2701658253984 0.021104392007214277 0.00012106088964312369 0.021104392007214257
PROGRESS	2020-02-03	224	127	0.021104392007214257	1314.2701658253984
Portfolio optimization with 12 month weight rebalancing 2020-01-02 00:00:00: : 13it [02:25, 13.51s/it]Portfolio optimization with 13 month weight rebalancing 2020-02-03 00:00:00: : 13it [02:25, 13.51s/it]self.is_all_methods=False, self.min_weight=0.0, self.max_weight=0.08
single_methods
[RC-LP] method_type='return_cvar_constraint' sum=1.0000 active=23
self.is_all_methods=False, self.min_weight=0.0, self.max_weight=0.08
single_methods
[RC-LP] method_type='return_cvar_constraint' sum=1.0000 active=22
self.is_all_methods=False, self.min_weight=0.0, self.max_weight=0.08
single_methods
[RC-LP] method_type='return_cvar_constraint' sum=1.0000 active=22
self.is_all_methods=False, self.min_weight=0.0, self.max_weight=0.08
single_methods
[RC-LP] method_type='return_cvar_constraint' sum=1.0000 active=20
self.is_all_methods=False, self.min_weight=0.0, self.max_weight=0.08
single_methods
[RC-LP] method_type='return_cvar_constraint' sum=1.0000 active=21
self.is_all_methods=False, self.min_weight=0.0, self.max_weight=0.08
single_methods
[RC-LP] method_type='return_cvar_constraint' sum=1.0000 active=25
self.is_all_methods=False, self.min_weight=0.0, self.max_weight=0.08
single_methods
[RC-LP] method_type='return_cvar_constraint' sum=1.0000 active=30
self.is_all_methods=False, self.min_weight=0.0, self.max_weight=0.08
single_methods
[RC-LP] method_type='return_cvar_constraint' sum=1.0000 active=39
self.is_all_methods=False, self.min_weight=0.0, self.max_weight=0.08
single_methods
[RC-LP] method_type='return_cvar_constraint' sum=1.0000 active=39
self.is_all_methods=False, self.min_weight=0.0, self.max_weight=0.08
single_methods
[RC-LP] method_type='return_cvar_constraint' sum=1.0000 active=32
self.is_all_methods=False, self.min_weight=0.0, self.max_weight=0.08
single_methods
[RC-LP] method_type='return_cvar_constraint' sum=1.0000 active=31
self.is_all_methods=False, self.min_weight=0.0, self.max_weight=0.08
single_methods
[RC-LP] method_type='return_cvar_constraint' sum=1.0000 active=38
self.is_all_methods=False, self.min_weight=0.0, self.max_weight=0.12
single_methods
[RC-LP] method_type='return_cvar_constraint' sum=1.0000 active=14
self.is_all_methods=False, self.min_weight=0.0, self.max_weight=0.12
single_methods
[RC-LP] method_type='return_cvar_constraint' sum=1.0000 active=15
self.is_all_methods=False, self.min_weight=0.0, self.max_weight=0.12
single_methods
[RC-LP] method_type='return_cvar_constraint' sum=1.0000 active=17
self.is_all_methods=False, self.min_weight=0.0, self.max_weight=0.12
single_methods
[RC-LP] method_type='return_cvar_constraint' sum=1.0000 active=13
self.is_all_methods=False, self.min_weight=0.0, self.max_weight=0.12
single_methods
[RC-LP] method_type='return_cvar_constraint' sum=1.0000 active=13
self.is_all_methods=False, self.min_weight=0.0, self.max_weight=0.12
single_methods
[RC-LP] method_type='return_cvar_constraint' sum=1.0000 active=14
self.is_all_methods=False, self.min_weight=0.0, self.max_weight=0.12
single_methods
[RC-LP] method_type='return_cvar_constraint' sum=1.0000 active=23
self.is_all_methods=False, self.min_weight=0.0, self.max_weight=0.12
single_methods
[RC-LP] method_type='return_cvar_constraint' sum=1.0000 active=23
self.is_all_methods=False, self.min_weight=0.0, self.max_weight=0.12
single_methods
[RC-LP] method_type='return_cvar_constraint' sum=1.0000 active=24
self.is_all_methods=False, self.min_weight=0.0, self.max_weight=0.12
single_methods
[RC-LP] method_type='return_cvar_constraint' sum=1.0000 active=25
self.is_all_methods=False, self.min_weight=0.0, self.max_weight=0.12
single_methods
[RC-LP] method_type='return_cvar_constraint' sum=1.0000 active=25
self.is_all_methods=False, self.min_weight=0.0, self.max_weight=0.12
single_methods
[RC-LP] method_type='return_cvar_constraint' sum=1.0000 active=26
self.is_all_methods=False, self.min_weight=0.0, self.max_weight=0.08
single_methods
method_type='mean_cvar_sharpe' np.sum(weights)=1.000000 active=223 weights.shape=(223,)
self.is_all_methods=False, self.min_weight=0.0, self.max_weight=0.08
single_methods
method_type='mean_cvar_sharpe' np.sum(weights)=1.000000 active=223 weights.shape=(223,)
self.is_all_methods=False, self.min_weight=0.0, self.max_weight=0.08
single_methods
method_type='mean_cvar_sharpe' np.sum(weights)=1.000000 active=223 weights.shape=(223,)
self.is_all_methods=False, self.min_weight=0.0, self.max_weight=0.08
single_methods
method_type='mean_cvar_sharpe' np.sum(weights)=1.000000 active=130 weights.shape=(223,)
self.is_all_methods=False, self.min_weight=0.0, self.max_weight=0.08
single_methods
method_type='mean_cvar_sharpe' np.sum(weights)=1.000000 active=130 weights.shape=(223,)
self.is_all_methods=False, self.min_weight=0.0, self.max_weight=0.08
single_methods
method_type='mean_cvar_sharpe' np.sum(weights)=1.000000 active=130 weights.shape=(223,)
self.is_all_methods=False, self.min_weight=0.0, self.max_weight=0.08
single_methods
method_type='mean_cvar_sharpe' np.sum(weights)=1.000000 active=223 weights.shape=(223,)
self.is_all_methods=False, self.min_weight=0.0, self.max_weight=0.08
single_methods
method_type='mean_cvar_sharpe' np.sum(weights)=1.000000 active=223 weights.shape=(223,)
self.is_all_methods=False, self.min_weight=0.0, self.max_weight=0.08
single_methods
method_type='mean_cvar_sharpe' np.sum(weights)=1.000000 active=223 weights.shape=(223,)
self.is_all_methods=False, self.min_weight=0.0, self.max_weight=0.08
single_methods
method_type='mean_cvar_sharpe' np.sum(weights)=1.000000 active=134 weights.shape=(223,)
self.is_all_methods=False, self.min_weight=0.0, self.max_weight=0.08
single_methods
method_type='mean_cvar_sharpe' np.sum(weights)=1.000000 active=134 weights.shape=(223,)
self.is_all_methods=False, self.min_weight=0.0, self.max_weight=0.08
single_methods
method_type='mean_cvar_sharpe' np.sum(weights)=1.000000 active=134 weights.shape=(223,)
self.is_all_methods=False, self.min_weight=0.0, self.max_weight=0.12
single_methods
method_type='mean_cvar_sharpe' np.sum(weights)=1.000000 active=223 weights.shape=(223,)
self.is_all_methods=False, self.min_weight=0.0, self.max_weight=0.12
single_methods
method_type='mean_cvar_sharpe' np.sum(weights)=1.000000 active=223 weights.shape=(223,)
self.is_all_methods=False, self.min_weight=0.0, self.max_weight=0.12
single_methods
method_type='mean_cvar_sharpe' np.sum(weights)=1.000000 active=223 weights.shape=(223,)
self.is_all_methods=False, self.min_weight=0.0, self.max_weight=0.12
single_methods
method_type='mean_cvar_sharpe' np.sum(weights)=1.000000 active=223 weights.shape=(223,)
self.is_all_methods=False, self.min_weight=0.0, self.max_weight=0.12
single_methods
method_type='mean_cvar_sharpe' np.sum(weights)=1.000000 active=223 weights.shape=(223,)
self.is_all_methods=False, self.min_weight=0.0, self.max_weight=0.12
single_methods
method_type='mean_cvar_sharpe' np.sum(weights)=1.000000 active=223 weights.shape=(223,)
self.is_all_methods=False, self.min_weight=0.0, self.max_weight=0.12
single_methods
method_type='mean_cvar_sharpe' np.sum(weights)=1.000000 active=122 weights.shape=(223,)
self.is_all_methods=False, self.min_weight=0.0, self.max_weight=0.12
single_methods
method_type='mean_cvar_sharpe' np.sum(weights)=1.000000 active=122 weights.shape=(223,)
self.is_all_methods=False, self.min_weight=0.0, self.max_weight=0.12
single_methods
method_type='mean_cvar_sharpe' np.sum(weights)=1.000000 active=122 weights.shape=(223,)
self.is_all_methods=False, self.min_weight=0.0, self.max_weight=0.12
single_methods
method_type='mean_cvar_sharpe' np.sum(weights)=1.000000 active=223 weights.shape=(223,)
self.is_all_methods=False, self.min_weight=0.0, self.max_weight=0.12
single_methods
method_type='mean_cvar_sharpe' np.sum(weights)=1.000000 active=223 weights.shape=(223,)
self.is_all_methods=False, self.min_weight=0.0, self.max_weight=0.12
single_methods
method_type='mean_cvar_sharpe' np.sum(weights)=1.000000 active=223 weights.shape=(223,)
1.0 2020-03-02 00:00:00 1216.5700548877219 -0.07433792037447501 0.00013833431841431628 -0.07433792037447495
PROGRESS	2020-03-02	223	122	-0.07433792037447495	1216.5700548877219
Portfolio optimization with 13 month weight rebalancing 2020-02-03 00:00:00: : 14it [02:39, 13.63s/it]Portfolio optimization with 14 month weight rebalancing 2020-03-02 00:00:00: : 14it [02:39, 13.63s/it]self.is_all_methods=False, self.min_weight=0.0, self.max_weight=0.08
single_methods
[RC-LP] method_type='return_cvar_constraint' sum=1.0000 active=21
self.is_all_methods=False, self.min_weight=0.0, self.max_weight=0.08
single_methods
[RC-LP] method_type='return_cvar_constraint' sum=1.0000 active=19
self.is_all_methods=False, self.min_weight=0.0, self.max_weight=0.08
single_methods
[RC-LP] method_type='return_cvar_constraint' sum=1.0000 active=21
self.is_all_methods=False, self.min_weight=0.0, self.max_weight=0.08
single_methods
[RC-LP] method_type='return_cvar_constraint' sum=1.0000 active=19
self.is_all_methods=False, self.min_weight=0.0, self.max_weight=0.08
single_methods
[RC-LP] method_type='return_cvar_constraint' sum=1.0000 active=18
self.is_all_methods=False, self.min_weight=0.0, self.max_weight=0.08
single_methods
[RC-LP] method_type='return_cvar_constraint' sum=1.0000 active=22
self.is_all_methods=False, self.min_weight=0.0, self.max_weight=0.08
single_methods
[RC-LP] method_type='return_cvar_constraint' sum=1.0000 active=27
self.is_all_methods=False, self.min_weight=0.0, self.max_weight=0.08
single_methods
[RC-LP] method_type='return_cvar_constraint' sum=1.0000 active=27
self.is_all_methods=False, self.min_weight=0.0, self.max_weight=0.08
single_methods
[RC-LP] method_type='return_cvar_constraint' sum=1.0000 active=27
self.is_all_methods=False, self.min_weight=0.0, self.max_weight=0.08
single_methods
[RC-LP] method_type='return_cvar_constraint' sum=1.0000 active=23
self.is_all_methods=False, self.min_weight=0.0, self.max_weight=0.08
single_methods
[RC-LP] method_type='return_cvar_constraint' sum=1.0000 active=24
self.is_all_methods=False, self.min_weight=0.0, self.max_weight=0.08
single_methods
[RC-LP] method_type='return_cvar_constraint' sum=1.0000 active=28
self.is_all_methods=False, self.min_weight=0.0, self.max_weight=0.12
single_methods
[RC-LP] method_type='return_cvar_constraint' sum=1.0000 active=11
self.is_all_methods=False, self.min_weight=0.0, self.max_weight=0.12
single_methods
[RC-LP] method_type='return_cvar_constraint' sum=1.0000 active=10
self.is_all_methods=False, self.min_weight=0.0, self.max_weight=0.12
single_methods
[RC-LP] method_type='return_cvar_constraint' sum=1.0000 active=10
self.is_all_methods=False, self.min_weight=0.0, self.max_weight=0.12
single_methods
[RC-LP] method_type='return_cvar_constraint' sum=1.0000 active=13
self.is_all_methods=False, self.min_weight=0.0, self.max_weight=0.12
single_methods
[RC-LP] method_type='return_cvar_constraint' sum=1.0000 active=11
self.is_all_methods=False, self.min_weight=0.0, self.max_weight=0.12
single_methods
[RC-LP] method_type='return_cvar_constraint' sum=1.0000 active=10
self.is_all_methods=False, self.min_weight=0.0, self.max_weight=0.12
single_methods
[RC-LP] method_type='return_cvar_constraint' sum=1.0000 active=20
self.is_all_methods=False, self.min_weight=0.0, self.max_weight=0.12
single_methods
[RC-LP] method_type='return_cvar_constraint' sum=1.0000 active=19
self.is_all_methods=False, self.min_weight=0.0, self.max_weight=0.12
single_methods
[RC-LP] method_type='return_cvar_constraint' sum=1.0000 active=19
self.is_all_methods=False, self.min_weight=0.0, self.max_weight=0.12
single_methods
[RC-LP] method_type='return_cvar_constraint' sum=1.0000 active=20
self.is_all_methods=False, self.min_weight=0.0, self.max_weight=0.12
single_methods
[RC-LP] method_type='return_cvar_constraint' sum=1.0000 active=20
self.is_all_methods=False, self.min_weight=0.0, self.max_weight=0.12
single_methods
[RC-LP] method_type='return_cvar_constraint' sum=1.0000 active=19
self.is_all_methods=False, self.min_weight=0.0, self.max_weight=0.08
single_methods
method_type='mean_cvar_sharpe' np.sum(weights)=1.000000 active=140 weights.shape=(226,)
self.is_all_methods=False, self.min_weight=0.0, self.max_weight=0.08
single_methods
method_type='mean_cvar_sharpe' np.sum(weights)=1.000000 active=140 weights.shape=(226,)
self.is_all_methods=False, self.min_weight=0.0, self.max_weight=0.08
single_methods
method_type='mean_cvar_sharpe' np.sum(weights)=1.000000 active=140 weights.shape=(226,)
self.is_all_methods=False, self.min_weight=0.0, self.max_weight=0.08
single_methods
method_type='mean_cvar_sharpe' np.sum(weights)=1.000000 active=105 weights.shape=(226,)
self.is_all_methods=False, self.min_weight=0.0, self.max_weight=0.08
single_methods
method_type='mean_cvar_sharpe' np.sum(weights)=1.000000 active=105 weights.shape=(226,)
self.is_all_methods=False, self.min_weight=0.0, self.max_weight=0.08
single_methods
method_type='mean_cvar_sharpe' np.sum(weights)=1.000000 active=105 weights.shape=(226,)
self.is_all_methods=False, self.min_weight=0.0, self.max_weight=0.08
single_methods
method_type='mean_cvar_sharpe' np.sum(weights)=1.000000 active=138 weights.shape=(226,)
self.is_all_methods=False, self.min_weight=0.0, self.max_weight=0.08
single_methods
method_type='mean_cvar_sharpe' np.sum(weights)=1.000000 active=138 weights.shape=(226,)
self.is_all_methods=False, self.min_weight=0.0, self.max_weight=0.08
single_methods
method_type='mean_cvar_sharpe' np.sum(weights)=1.000000 active=138 weights.shape=(226,)
self.is_all_methods=False, self.min_weight=0.0, self.max_weight=0.08
single_methods
method_type='mean_cvar_sharpe' np.sum(weights)=1.000000 active=141 weights.shape=(226,)
self.is_all_methods=False, self.min_weight=0.0, self.max_weight=0.08
single_methods
method_type='mean_cvar_sharpe' np.sum(weights)=1.000000 active=141 weights.shape=(226,)
self.is_all_methods=False, self.min_weight=0.0, self.max_weight=0.08
single_methods
method_type='mean_cvar_sharpe' np.sum(weights)=1.000000 active=141 weights.shape=(226,)
self.is_all_methods=False, self.min_weight=0.0, self.max_weight=0.12
single_methods
method_type='mean_cvar_sharpe' np.sum(weights)=1.000000 active=111 weights.shape=(226,)
self.is_all_methods=False, self.min_weight=0.0, self.max_weight=0.12
single_methods
method_type='mean_cvar_sharpe' np.sum(weights)=1.000000 active=111 weights.shape=(226,)
self.is_all_methods=False, self.min_weight=0.0, self.max_weight=0.12
single_methods
method_type='mean_cvar_sharpe' np.sum(weights)=1.000000 active=111 weights.shape=(226,)
self.is_all_methods=False, self.min_weight=0.0, self.max_weight=0.12
single_methods
method_type='mean_cvar_sharpe' np.sum(weights)=1.000000 active=111 weights.shape=(226,)
self.is_all_methods=False, self.min_weight=0.0, self.max_weight=0.12
single_methods
method_type='mean_cvar_sharpe' np.sum(weights)=1.000000 active=111 weights.shape=(226,)
self.is_all_methods=False, self.min_weight=0.0, self.max_weight=0.12
single_methods
method_type='mean_cvar_sharpe' np.sum(weights)=1.000000 active=111 weights.shape=(226,)
self.is_all_methods=False, self.min_weight=0.0, self.max_weight=0.12
single_methods
method_type='mean_cvar_sharpe' np.sum(weights)=1.000000 active=115 weights.shape=(226,)
self.is_all_methods=False, self.min_weight=0.0, self.max_weight=0.12
single_methods
method_type='mean_cvar_sharpe' np.sum(weights)=1.000000 active=115 weights.shape=(226,)
self.is_all_methods=False, self.min_weight=0.0, self.max_weight=0.12
single_methods
method_type='mean_cvar_sharpe' np.sum(weights)=1.000000 active=115 weights.shape=(226,)
self.is_all_methods=False, self.min_weight=0.0, self.max_weight=0.12
single_methods
method_type='mean_cvar_sharpe' np.sum(weights)=1.000000 active=226 weights.shape=(226,)
self.is_all_methods=False, self.min_weight=0.0, self.max_weight=0.12
single_methods
method_type='mean_cvar_sharpe' np.sum(weights)=1.000000 active=226 weights.shape=(226,)
self.is_all_methods=False, self.min_weight=0.0, self.max_weight=0.12
single_methods
method_type='mean_cvar_sharpe' np.sum(weights)=1.000000 active=226 weights.shape=(226,)
self.is_all_methods=False, self.min_weight=0.0, self.max_weight=0.12
single_methods
[RC-LP] method_type='return_cvar_constraint' sum=1.0000 active=12
0.25 2020-04-01 00:00:00 1112.6006437210472 -0.0854610967522705 0.00022711453141185066 -0.08546109675227054
PROGRESS	2020-04-01	226	12	-0.08546109675227054	1112.6006437210472
Portfolio optimization with 14 month weight rebalancing 2020-03-02 00:00:00: : 15it [02:52, 13.49s/it]Portfolio optimization with 15 month weight rebalancing 2020-04-01 00:00:00: : 15it [02:52, 13.49s/it]self.is_all_methods=False, self.min_weight=0.0, self.max_weight=0.08
single_methods
[RC-LP] method_type='return_cvar_constraint' sum=1.0000 active=24
self.is_all_methods=False, self.min_weight=0.0, self.max_weight=0.08
single_methods
[RC-LP] method_type='return_cvar_constraint' sum=1.0000 active=24
self.is_all_methods=False, self.min_weight=0.0, self.max_weight=0.08
single_methods
[RC-LP] method_type='return_cvar_constraint' sum=1.0000 active=24
self.is_all_methods=False, self.min_weight=0.0, self.max_weight=0.08
single_methods
[RC-LP] method_type='return_cvar_constraint' sum=1.0000 active=21
self.is_all_methods=False, self.min_weight=0.0, self.max_weight=0.08
single_methods
[RC-LP] method_type='return_cvar_constraint' sum=1.0000 active=23
self.is_all_methods=False, self.min_weight=0.0, self.max_weight=0.08
single_methods
[RC-LP] method_type='return_cvar_constraint' sum=1.0000 active=23
self.is_all_methods=False, self.min_weight=0.0, self.max_weight=0.08
single_methods
[RC-LP] method_type='return_cvar_constraint' sum=1.0000 active=38
self.is_all_methods=False, self.min_weight=0.0, self.max_weight=0.08
single_methods
[RC-LP] method_type='return_cvar_constraint' sum=1.0000 active=47
self.is_all_methods=False, self.min_weight=0.0, self.max_weight=0.08
single_methods
[RC-LP] method_type='return_cvar_constraint' sum=1.0000 active=47
self.is_all_methods=False, self.min_weight=0.0, self.max_weight=0.08
single_methods
[RC-LP] method_type='return_cvar_constraint' sum=1.0000 active=41
self.is_all_methods=False, self.min_weight=0.0, self.max_weight=0.08
single_methods
[RC-LP] method_type='return_cvar_constraint' sum=1.0000 active=51
self.is_all_methods=False, self.min_weight=0.0, self.max_weight=0.08
single_methods
[RC-LP] method_type='return_cvar_constraint' sum=1.0000 active=54
self.is_all_methods=False, self.min_weight=0.0, self.max_weight=0.12
single_methods
[RC-LP] method_type='return_cvar_constraint' sum=1.0000 active=16
self.is_all_methods=False, self.min_weight=0.0, self.max_weight=0.12
single_methods
[RC-LP] method_type='return_cvar_constraint' sum=1.0000 active=14
self.is_all_methods=False, self.min_weight=0.0, self.max_weight=0.12
single_methods
[RC-LP] method_type='return_cvar_constraint' sum=1.0000 active=15
self.is_all_methods=False, self.min_weight=0.0, self.max_weight=0.12
single_methods
[RC-LP] method_type='return_cvar_constraint' sum=1.0000 active=13
self.is_all_methods=False, self.min_weight=0.0, self.max_weight=0.12
single_methods
[RC-LP] method_type='return_cvar_constraint' sum=1.0000 active=15
self.is_all_methods=False, self.min_weight=0.0, self.max_weight=0.12
single_methods
[RC-LP] method_type='return_cvar_constraint' sum=1.0000 active=15
self.is_all_methods=False, self.min_weight=0.0, self.max_weight=0.12
single_methods
[RC-LP] method_type='return_cvar_constraint' sum=1.0000 active=28
self.is_all_methods=False, self.min_weight=0.0, self.max_weight=0.12
single_methods
[RC-LP] method_type='return_cvar_constraint' sum=1.0000 active=28
self.is_all_methods=False, self.min_weight=0.0, self.max_weight=0.12
single_methods
[RC-LP] method_type='return_cvar_constraint' sum=1.0000 active=27
self.is_all_methods=False, self.min_weight=0.0, self.max_weight=0.12
single_methods
[RC-LP] method_type='return_cvar_constraint' sum=1.0000 active=28
self.is_all_methods=False, self.min_weight=0.0, self.max_weight=0.12
single_methods
[RC-LP] method_type='return_cvar_constraint' sum=1.0000 active=28
self.is_all_methods=False, self.min_weight=0.0, self.max_weight=0.12
single_methods
[RC-LP] method_type='return_cvar_constraint' sum=1.0000 active=28
self.is_all_methods=False, self.min_weight=0.0, self.max_weight=0.08
single_methods
method_type='mean_cvar_sharpe' np.sum(weights)=1.000000 active=142 weights.shape=(225,)
self.is_all_methods=False, self.min_weight=0.0, self.max_weight=0.08
single_methods
method_type='mean_cvar_sharpe' np.sum(weights)=1.000000 active=142 weights.shape=(225,)
self.is_all_methods=False, self.min_weight=0.0, self.max_weight=0.08
single_methods
method_type='mean_cvar_sharpe' np.sum(weights)=1.000000 active=142 weights.shape=(225,)
self.is_all_methods=False, self.min_weight=0.0, self.max_weight=0.08
single_methods
method_type='mean_cvar_sharpe' np.sum(weights)=1.000000 active=105 weights.shape=(225,)
self.is_all_methods=False, self.min_weight=0.0, self.max_weight=0.08
single_methods
method_type='mean_cvar_sharpe' np.sum(weights)=1.000000 active=105 weights.shape=(225,)
self.is_all_methods=False, self.min_weight=0.0, self.max_weight=0.08
single_methods
method_type='mean_cvar_sharpe' np.sum(weights)=1.000000 active=105 weights.shape=(225,)
self.is_all_methods=False, self.min_weight=0.0, self.max_weight=0.08
single_methods
method_type='mean_cvar_sharpe' np.sum(weights)=1.000000 active=107 weights.shape=(225,)
self.is_all_methods=False, self.min_weight=0.0, self.max_weight=0.08
single_methods
method_type='mean_cvar_sharpe' np.sum(weights)=1.000000 active=107 weights.shape=(225,)
self.is_all_methods=False, self.min_weight=0.0, self.max_weight=0.08
single_methods
method_type='mean_cvar_sharpe' np.sum(weights)=1.000000 active=107 weights.shape=(225,)
self.is_all_methods=False, self.min_weight=0.0, self.max_weight=0.08
single_methods
method_type='mean_cvar_sharpe' np.sum(weights)=1.000000 active=106 weights.shape=(225,)
self.is_all_methods=False, self.min_weight=0.0, self.max_weight=0.08
single_methods
method_type='mean_cvar_sharpe' np.sum(weights)=1.000000 active=106 weights.shape=(225,)
self.is_all_methods=False, self.min_weight=0.0, self.max_weight=0.08
single_methods
method_type='mean_cvar_sharpe' np.sum(weights)=1.000000 active=106 weights.shape=(225,)
self.is_all_methods=False, self.min_weight=0.0, self.max_weight=0.12
single_methods
method_type='mean_cvar_sharpe' np.sum(weights)=1.000000 active=128 weights.shape=(225,)
self.is_all_methods=False, self.min_weight=0.0, self.max_weight=0.12
single_methods
method_type='mean_cvar_sharpe' np.sum(weights)=1.000000 active=128 weights.shape=(225,)
self.is_all_methods=False, self.min_weight=0.0, self.max_weight=0.12
single_methods
method_type='mean_cvar_sharpe' np.sum(weights)=1.000000 active=128 weights.shape=(225,)
self.is_all_methods=False, self.min_weight=0.0, self.max_weight=0.12
single_methods
method_type='mean_cvar_sharpe' np.sum(weights)=1.000000 active=225 weights.shape=(225,)
self.is_all_methods=False, self.min_weight=0.0, self.max_weight=0.12
single_methods
method_type='mean_cvar_sharpe' np.sum(weights)=1.000000 active=225 weights.shape=(225,)
self.is_all_methods=False, self.min_weight=0.0, self.max_weight=0.12
single_methods
method_type='mean_cvar_sharpe' np.sum(weights)=1.000000 active=225 weights.shape=(225,)
self.is_all_methods=False, self.min_weight=0.0, self.max_weight=0.12
single_methods
method_type='mean_cvar_sharpe' np.sum(weights)=1.000000 active=225 weights.shape=(225,)
self.is_all_methods=False, self.min_weight=0.0, self.max_weight=0.12
single_methods
method_type='mean_cvar_sharpe' np.sum(weights)=1.000000 active=225 weights.shape=(225,)
self.is_all_methods=False, self.min_weight=0.0, self.max_weight=0.12
single_methods
method_type='mean_cvar_sharpe' np.sum(weights)=1.000000 active=225 weights.shape=(225,)
self.is_all_methods=False, self.min_weight=0.0, self.max_weight=0.12
single_methods
method_type='mean_cvar_sharpe' np.sum(weights)=1.000000 active=225 weights.shape=(225,)
self.is_all_methods=False, self.min_weight=0.0, self.max_weight=0.12
single_methods
method_type='mean_cvar_sharpe' np.sum(weights)=1.000000 active=225 weights.shape=(225,)
self.is_all_methods=False, self.min_weight=0.0, self.max_weight=0.12
single_methods
method_type='mean_cvar_sharpe' np.sum(weights)=1.000000 active=225 weights.shape=(225,)
self.is_all_methods=False, self.min_weight=0.0, self.max_weight=0.12
single_methods
[RC-LP] method_type='return_cvar_constraint' sum=1.0000 active=11
0.25 2020-05-01 00:00:00 1221.2322251976407 0.09763753246922421 0.000226281059292598 0.09763753246922424
PROGRESS	2020-05-01	225	11	0.09763753246922424	1221.2322251976407
Portfolio optimization with 15 month weight rebalancing 2020-04-01 00:00:00: : 16it [03:09, 14.75s/it]Portfolio optimization with 16 month weight rebalancing 2020-05-01 00:00:00: : 16it [03:09, 14.75s/it]self.is_all_methods=False, self.min_weight=0.0, self.max_weight=0.08
single_methods
[RC-LP] method_type='return_cvar_constraint' sum=1.0000 active=21
self.is_all_methods=False, self.min_weight=0.0, self.max_weight=0.08
single_methods
[RC-LP] method_type='return_cvar_constraint' sum=1.0000 active=22
self.is_all_methods=False, self.min_weight=0.0, self.max_weight=0.08
single_methods
[RC-LP] method_type='return_cvar_constraint' sum=1.0000 active=17
self.is_all_methods=False, self.min_weight=0.0, self.max_weight=0.08
single_methods
[RC-LP] method_type='return_cvar_constraint' sum=1.0000 active=24
self.is_all_methods=False, self.min_weight=0.0, self.max_weight=0.08
single_methods
[RC-LP] method_type='return_cvar_constraint' sum=1.0000 active=22
self.is_all_methods=False, self.min_weight=0.0, self.max_weight=0.08
single_methods
[RC-LP] method_type='return_cvar_constraint' sum=1.0000 active=20
self.is_all_methods=False, self.min_weight=0.0, self.max_weight=0.08
single_methods
[RC-LP] method_type='return_cvar_constraint' sum=1.0000 active=43
self.is_all_methods=False, self.min_weight=0.0, self.max_weight=0.08
single_methods
[RC-LP] method_type='return_cvar_constraint' sum=1.0000 active=36
self.is_all_methods=False, self.min_weight=0.0, self.max_weight=0.08
single_methods
[RC-LP] method_type='return_cvar_constraint' sum=1.0000 active=30
self.is_all_methods=False, self.min_weight=0.0, self.max_weight=0.08
single_methods
[RC-LP] method_type='return_cvar_constraint' sum=1.0000 active=49
self.is_all_methods=False, self.min_weight=0.0, self.max_weight=0.08
single_methods
[RC-LP] method_type='return_cvar_constraint' sum=1.0000 active=45
self.is_all_methods=False, self.min_weight=0.0, self.max_weight=0.08
single_methods
[RC-LP] method_type='return_cvar_constraint' sum=1.0000 active=37
self.is_all_methods=False, self.min_weight=0.0, self.max_weight=0.12
single_methods
[RC-LP] method_type='return_cvar_constraint' sum=1.0000 active=12
self.is_all_methods=False, self.min_weight=0.0, self.max_weight=0.12
single_methods
[RC-LP] method_type='return_cvar_constraint' sum=1.0000 active=11
self.is_all_methods=False, self.min_weight=0.0, self.max_weight=0.12
single_methods
[RC-LP] method_type='return_cvar_constraint' sum=1.0000 active=11
self.is_all_methods=False, self.min_weight=0.0, self.max_weight=0.12
single_methods
[RC-LP] method_type='return_cvar_constraint' sum=1.0000 active=14
self.is_all_methods=False, self.min_weight=0.0, self.max_weight=0.12
single_methods
[RC-LP] method_type='return_cvar_constraint' sum=1.0000 active=12
self.is_all_methods=False, self.min_weight=0.0, self.max_weight=0.12
single_methods
[RC-LP] method_type='return_cvar_constraint' sum=1.0000 active=12
self.is_all_methods=False, self.min_weight=0.0, self.max_weight=0.12
single_methods
[RC-LP] method_type='return_cvar_constraint' sum=1.0000 active=22
self.is_all_methods=False, self.min_weight=0.0, self.max_weight=0.12
single_methods
[RC-LP] method_type='return_cvar_constraint' sum=1.0000 active=21
self.is_all_methods=False, self.min_weight=0.0, self.max_weight=0.12
single_methods
[RC-LP] method_type='return_cvar_constraint' sum=1.0000 active=22
self.is_all_methods=False, self.min_weight=0.0, self.max_weight=0.12
single_methods
[RC-LP] method_type='return_cvar_constraint' sum=1.0000 active=28
self.is_all_methods=False, self.min_weight=0.0, self.max_weight=0.12
single_methods
[RC-LP] method_type='return_cvar_constraint' sum=1.0000 active=24
self.is_all_methods=False, self.min_weight=0.0, self.max_weight=0.12
single_methods
[RC-LP] method_type='return_cvar_constraint' sum=1.0000 active=26
self.is_all_methods=False, self.min_weight=0.0, self.max_weight=0.08
single_methods
method_type='mean_cvar_sharpe' np.sum(weights)=1.000000 active=72 weights.shape=(227,)
self.is_all_methods=False, self.min_weight=0.0, self.max_weight=0.08
single_methods
method_type='mean_cvar_sharpe' np.sum(weights)=1.000000 active=72 weights.shape=(227,)
self.is_all_methods=False, self.min_weight=0.0, self.max_weight=0.08
single_methods
method_type='mean_cvar_sharpe' np.sum(weights)=1.000000 active=72 weights.shape=(227,)
self.is_all_methods=False, self.min_weight=0.0, self.max_weight=0.08
single_methods
method_type='mean_cvar_sharpe' np.sum(weights)=1.000000 active=69 weights.shape=(227,)
self.is_all_methods=False, self.min_weight=0.0, self.max_weight=0.08
single_methods
method_type='mean_cvar_sharpe' np.sum(weights)=1.000000 active=69 weights.shape=(227,)
self.is_all_methods=False, self.min_weight=0.0, self.max_weight=0.08
single_methods
method_type='mean_cvar_sharpe' np.sum(weights)=1.000000 active=69 weights.shape=(227,)
self.is_all_methods=False, self.min_weight=0.0, self.max_weight=0.08
single_methods
method_type='mean_cvar_sharpe' np.sum(weights)=1.000000 active=181 weights.shape=(227,)
self.is_all_methods=False, self.min_weight=0.0, self.max_weight=0.08
single_methods
method_type='mean_cvar_sharpe' np.sum(weights)=1.000000 active=181 weights.shape=(227,)
self.is_all_methods=False, self.min_weight=0.0, self.max_weight=0.08
single_methods
method_type='mean_cvar_sharpe' np.sum(weights)=1.000000 active=181 weights.shape=(227,)
self.is_all_methods=False, self.min_weight=0.0, self.max_weight=0.08
single_methods
method_type='mean_cvar_sharpe' np.sum(weights)=1.000000 active=227 weights.shape=(227,)
self.is_all_methods=False, self.min_weight=0.0, self.max_weight=0.08
single_methods
method_type='mean_cvar_sharpe' np.sum(weights)=1.000000 active=227 weights.shape=(227,)
self.is_all_methods=False, self.min_weight=0.0, self.max_weight=0.08
single_methods
method_type='mean_cvar_sharpe' np.sum(weights)=1.000000 active=227 weights.shape=(227,)
self.is_all_methods=False, self.min_weight=0.0, self.max_weight=0.12
single_methods
method_type='mean_cvar_sharpe' np.sum(weights)=1.000000 active=102 weights.shape=(227,)
self.is_all_methods=False, self.min_weight=0.0, self.max_weight=0.12
single_methods
method_type='mean_cvar_sharpe' np.sum(weights)=1.000000 active=102 weights.shape=(227,)
self.is_all_methods=False, self.min_weight=0.0, self.max_weight=0.12
single_methods
method_type='mean_cvar_sharpe' np.sum(weights)=1.000000 active=102 weights.shape=(227,)
self.is_all_methods=False, self.min_weight=0.0, self.max_weight=0.12
single_methods
method_type='mean_cvar_sharpe' np.sum(weights)=1.000000 active=141 weights.shape=(227,)
self.is_all_methods=False, self.min_weight=0.0, self.max_weight=0.12
single_methods
method_type='mean_cvar_sharpe' np.sum(weights)=1.000000 active=141 weights.shape=(227,)
self.is_all_methods=False, self.min_weight=0.0, self.max_weight=0.12
single_methods
method_type='mean_cvar_sharpe' np.sum(weights)=1.000000 active=141 weights.shape=(227,)
self.is_all_methods=False, self.min_weight=0.0, self.max_weight=0.12
single_methods
method_type='mean_cvar_sharpe' np.sum(weights)=1.000000 active=146 weights.shape=(227,)
self.is_all_methods=False, self.min_weight=0.0, self.max_weight=0.12
single_methods
method_type='mean_cvar_sharpe' np.sum(weights)=1.000000 active=146 weights.shape=(227,)
self.is_all_methods=False, self.min_weight=0.0, self.max_weight=0.12
single_methods
method_type='mean_cvar_sharpe' np.sum(weights)=1.000000 active=146 weights.shape=(227,)
self.is_all_methods=False, self.min_weight=0.0, self.max_weight=0.12
single_methods
method_type='mean_cvar_sharpe' np.sum(weights)=1.000000 active=141 weights.shape=(227,)
self.is_all_methods=False, self.min_weight=0.0, self.max_weight=0.12
single_methods
method_type='mean_cvar_sharpe' np.sum(weights)=1.000000 active=141 weights.shape=(227,)
self.is_all_methods=False, self.min_weight=0.0, self.max_weight=0.12
single_methods
method_type='mean_cvar_sharpe' np.sum(weights)=1.000000 active=141 weights.shape=(227,)
0.5 2020-06-01 00:00:00 1277.6313519032103 0.04618214745884396 8.509431867432515e-05 0.04618214745884397
PROGRESS	2020-06-01	227	96	0.04618214745884397	1277.6313519032103
Portfolio optimization with 16 month weight rebalancing 2020-05-01 00:00:00: : 17it [03:24, 14.64s/it]Portfolio optimization with 17 month weight rebalancing 2020-06-01 00:00:00: : 17it [03:24, 14.64s/it]self.is_all_methods=False, self.min_weight=0.0, self.max_weight=0.08
single_methods
[RC-LP] method_type='return_cvar_constraint' sum=1.0000 active=20
self.is_all_methods=False, self.min_weight=0.0, self.max_weight=0.08
single_methods
[RC-LP] method_type='return_cvar_constraint' sum=1.0000 active=20
self.is_all_methods=False, self.min_weight=0.0, self.max_weight=0.08
single_methods
[RC-LP] method_type='return_cvar_constraint' sum=1.0000 active=20
self.is_all_methods=False, self.min_weight=0.0, self.max_weight=0.08
single_methods
[RC-LP] method_type='return_cvar_constraint' sum=1.0000 active=22
self.is_all_methods=False, self.min_weight=0.0, self.max_weight=0.08
single_methods
[RC-LP] method_type='return_cvar_constraint' sum=1.0000 active=22
self.is_all_methods=False, self.min_weight=0.0, self.max_weight=0.08
single_methods
[RC-LP] method_type='return_cvar_constraint' sum=1.0000 active=20
self.is_all_methods=False, self.min_weight=0.0, self.max_weight=0.08
single_methods
[RC-LP] method_type='return_cvar_constraint' sum=1.0000 active=42
self.is_all_methods=False, self.min_weight=0.0, self.max_weight=0.08
single_methods
[RC-LP] method_type='return_cvar_constraint' sum=1.0000 active=39
self.is_all_methods=False, self.min_weight=0.0, self.max_weight=0.08
single_methods
[RC-LP] method_type='return_cvar_constraint' sum=1.0000 active=32
self.is_all_methods=False, self.min_weight=0.0, self.max_weight=0.08
single_methods
[RC-LP] method_type='return_cvar_constraint' sum=1.0000 active=47
self.is_all_methods=False, self.min_weight=0.0, self.max_weight=0.08
single_methods
[RC-LP] method_type='return_cvar_constraint' sum=1.0000 active=42
self.is_all_methods=False, self.min_weight=0.0, self.max_weight=0.08
single_methods
[RC-LP] method_type='return_cvar_constraint' sum=1.0000 active=33
self.is_all_methods=False, self.min_weight=0.0, self.max_weight=0.12
single_methods
[RC-LP] method_type='return_cvar_constraint' sum=1.0000 active=12
self.is_all_methods=False, self.min_weight=0.0, self.max_weight=0.12
single_methods
[RC-LP] method_type='return_cvar_constraint' sum=1.0000 active=13
self.is_all_methods=False, self.min_weight=0.0, self.max_weight=0.12
single_methods
[RC-LP] method_type='return_cvar_constraint' sum=1.0000 active=14
self.is_all_methods=False, self.min_weight=0.0, self.max_weight=0.12
single_methods
[RC-LP] method_type='return_cvar_constraint' sum=1.0000 active=16
self.is_all_methods=False, self.min_weight=0.0, self.max_weight=0.12
single_methods
[RC-LP] method_type='return_cvar_constraint' sum=1.0000 active=14
self.is_all_methods=False, self.min_weight=0.0, self.max_weight=0.12
single_methods
[RC-LP] method_type='return_cvar_constraint' sum=1.0000 active=15
self.is_all_methods=False, self.min_weight=0.0, self.max_weight=0.12
single_methods
[RC-LP] method_type='return_cvar_constraint' sum=1.0000 active=27
self.is_all_methods=False, self.min_weight=0.0, self.max_weight=0.12
single_methods
[RC-LP] method_type='return_cvar_constraint' sum=1.0000 active=28
self.is_all_methods=False, self.min_weight=0.0, self.max_weight=0.12
single_methods
[RC-LP] method_type='return_cvar_constraint' sum=1.0000 active=30
self.is_all_methods=False, self.min_weight=0.0, self.max_weight=0.12
single_methods
[RC-LP] method_type='return_cvar_constraint' sum=1.0000 active=30
self.is_all_methods=False, self.min_weight=0.0, self.max_weight=0.12
single_methods
[RC-LP] method_type='return_cvar_constraint' sum=1.0000 active=26
self.is_all_methods=False, self.min_weight=0.0, self.max_weight=0.12
single_methods
[RC-LP] method_type='return_cvar_constraint' sum=1.0000 active=26
self.is_all_methods=False, self.min_weight=0.0, self.max_weight=0.08
single_methods
method_type='mean_cvar_sharpe' np.sum(weights)=1.000000 active=163 weights.shape=(226,)
self.is_all_methods=False, self.min_weight=0.0, self.max_weight=0.08
single_methods
method_type='mean_cvar_sharpe' np.sum(weights)=1.000000 active=163 weights.shape=(226,)
self.is_all_methods=False, self.min_weight=0.0, self.max_weight=0.08
single_methods
method_type='mean_cvar_sharpe' np.sum(weights)=1.000000 active=163 weights.shape=(226,)
self.is_all_methods=False, self.min_weight=0.0, self.max_weight=0.08
single_methods
method_type='mean_cvar_sharpe' np.sum(weights)=1.000000 active=167 weights.shape=(226,)
self.is_all_methods=False, self.min_weight=0.0, self.max_weight=0.08
single_methods
method_type='mean_cvar_sharpe' np.sum(weights)=1.000000 active=167 weights.shape=(226,)
self.is_all_methods=False, self.min_weight=0.0, self.max_weight=0.08
single_methods
method_type='mean_cvar_sharpe' np.sum(weights)=1.000000 active=167 weights.shape=(226,)
self.is_all_methods=False, self.min_weight=0.0, self.max_weight=0.08
single_methods
method_type='mean_cvar_sharpe' np.sum(weights)=1.000000 active=79 weights.shape=(226,)
self.is_all_methods=False, self.min_weight=0.0, self.max_weight=0.08
single_methods
method_type='mean_cvar_sharpe' np.sum(weights)=1.000000 active=79 weights.shape=(226,)
self.is_all_methods=False, self.min_weight=0.0, self.max_weight=0.08
single_methods
method_type='mean_cvar_sharpe' np.sum(weights)=1.000000 active=79 weights.shape=(226,)
self.is_all_methods=False, self.min_weight=0.0, self.max_weight=0.08
single_methods
method_type='mean_cvar_sharpe' np.sum(weights)=1.000000 active=77 weights.shape=(226,)
self.is_all_methods=False, self.min_weight=0.0, self.max_weight=0.08
single_methods
method_type='mean_cvar_sharpe' np.sum(weights)=1.000000 active=77 weights.shape=(226,)
self.is_all_methods=False, self.min_weight=0.0, self.max_weight=0.08
single_methods
method_type='mean_cvar_sharpe' np.sum(weights)=1.000000 active=77 weights.shape=(226,)
self.is_all_methods=False, self.min_weight=0.0, self.max_weight=0.12
single_methods
method_type='mean_cvar_sharpe' np.sum(weights)=1.000000 active=95 weights.shape=(226,)
self.is_all_methods=False, self.min_weight=0.0, self.max_weight=0.12
single_methods
method_type='mean_cvar_sharpe' np.sum(weights)=1.000000 active=95 weights.shape=(226,)
self.is_all_methods=False, self.min_weight=0.0, self.max_weight=0.12
single_methods
method_type='mean_cvar_sharpe' np.sum(weights)=1.000000 active=95 weights.shape=(226,)
self.is_all_methods=False, self.min_weight=0.0, self.max_weight=0.12
single_methods
method_type='mean_cvar_sharpe' np.sum(weights)=1.000000 active=95 weights.shape=(226,)
self.is_all_methods=False, self.min_weight=0.0, self.max_weight=0.12
single_methods
method_type='mean_cvar_sharpe' np.sum(weights)=1.000000 active=95 weights.shape=(226,)
self.is_all_methods=False, self.min_weight=0.0, self.max_weight=0.12
single_methods
method_type='mean_cvar_sharpe' np.sum(weights)=1.000000 active=95 weights.shape=(226,)
self.is_all_methods=False, self.min_weight=0.0, self.max_weight=0.12
single_methods
method_type='mean_cvar_sharpe' np.sum(weights)=1.000000 active=226 weights.shape=(226,)
self.is_all_methods=False, self.min_weight=0.0, self.max_weight=0.12
single_methods
method_type='mean_cvar_sharpe' np.sum(weights)=1.000000 active=226 weights.shape=(226,)
self.is_all_methods=False, self.min_weight=0.0, self.max_weight=0.12
single_methods
method_type='mean_cvar_sharpe' np.sum(weights)=1.000000 active=226 weights.shape=(226,)
self.is_all_methods=False, self.min_weight=0.0, self.max_weight=0.12
single_methods
method_type='mean_cvar_sharpe' np.sum(weights)=1.000000 active=143 weights.shape=(226,)
self.is_all_methods=False, self.min_weight=0.0, self.max_weight=0.12
single_methods
method_type='mean_cvar_sharpe' np.sum(weights)=1.000000 active=143 weights.shape=(226,)
self.is_all_methods=False, self.min_weight=0.0, self.max_weight=0.12
single_methods
method_type='mean_cvar_sharpe' np.sum(weights)=1.000000 active=143 weights.shape=(226,)
1.0 2020-07-01 00:00:00 1321.9478172118975 0.03468642597308807 0.00010852645994303448 0.03468642597308813
PROGRESS	2020-07-01	226	96	0.03468642597308813	1321.9478172118975
Portfolio optimization with 17 month weight rebalancing 2020-06-01 00:00:00: : 18it [03:35, 13.54s/it]Portfolio optimization with 18 month weight rebalancing 2020-07-01 00:00:00: : 18it [03:35, 13.54s/it]self.is_all_methods=False, self.min_weight=0.0, self.max_weight=0.08
single_methods
[RC-LP] method_type='return_cvar_constraint' sum=1.0000 active=20
self.is_all_methods=False, self.min_weight=0.0, self.max_weight=0.08
single_methods
[RC-LP] method_type='return_cvar_constraint' sum=1.0000 active=21
self.is_all_methods=False, self.min_weight=0.0, self.max_weight=0.08
single_methods
[RC-LP] method_type='return_cvar_constraint' sum=1.0000 active=21
self.is_all_methods=False, self.min_weight=0.0, self.max_weight=0.08
single_methods
[RC-LP] method_type='return_cvar_constraint' sum=1.0000 active=19
self.is_all_methods=False, self.min_weight=0.0, self.max_weight=0.08
single_methods
[RC-LP] method_type='return_cvar_constraint' sum=1.0000 active=20
self.is_all_methods=False, self.min_weight=0.0, self.max_weight=0.08
single_methods
[RC-LP] method_type='return_cvar_constraint' sum=1.0000 active=18
self.is_all_methods=False, self.min_weight=0.0, self.max_weight=0.08
single_methods
[RC-LP] method_type='return_cvar_constraint' sum=1.0000 active=40
self.is_all_methods=False, self.min_weight=0.0, self.max_weight=0.08
single_methods
[RC-LP] method_type='return_cvar_constraint' sum=1.0000 active=35
self.is_all_methods=False, self.min_weight=0.0, self.max_weight=0.08
single_methods
[RC-LP] method_type='return_cvar_constraint' sum=1.0000 active=32
self.is_all_methods=False, self.min_weight=0.0, self.max_weight=0.08
single_methods
[RC-LP] method_type='return_cvar_constraint' sum=1.0000 active=32
self.is_all_methods=False, self.min_weight=0.0, self.max_weight=0.08
single_methods
[RC-LP] method_type='return_cvar_constraint' sum=1.0000 active=31
self.is_all_methods=False, self.min_weight=0.0, self.max_weight=0.08
single_methods
[RC-LP] method_type='return_cvar_constraint' sum=1.0000 active=31
self.is_all_methods=False, self.min_weight=0.0, self.max_weight=0.12
single_methods
[RC-LP] method_type='return_cvar_constraint' sum=1.0000 active=20
self.is_all_methods=False, self.min_weight=0.0, self.max_weight=0.12
single_methods
[RC-LP] method_type='return_cvar_constraint' sum=1.0000 active=20
self.is_all_methods=False, self.min_weight=0.0, self.max_weight=0.12
single_methods
[RC-LP] method_type='return_cvar_constraint' sum=1.0000 active=18
self.is_all_methods=False, self.min_weight=0.0, self.max_weight=0.12
single_methods
[RC-LP] method_type='return_cvar_constraint' sum=1.0000 active=16
self.is_all_methods=False, self.min_weight=0.0, self.max_weight=0.12
single_methods
[RC-LP] method_type='return_cvar_constraint' sum=1.0000 active=16
self.is_all_methods=False, self.min_weight=0.0, self.max_weight=0.12
single_methods
[RC-LP] method_type='return_cvar_constraint' sum=1.0000 active=15
self.is_all_methods=False, self.min_weight=0.0, self.max_weight=0.12
single_methods
[RC-LP] method_type='return_cvar_constraint' sum=1.0000 active=30
self.is_all_methods=False, self.min_weight=0.0, self.max_weight=0.12
single_methods
[RC-LP] method_type='return_cvar_constraint' sum=1.0000 active=28
self.is_all_methods=False, self.min_weight=0.0, self.max_weight=0.12
single_methods
[RC-LP] method_type='return_cvar_constraint' sum=1.0000 active=27
self.is_all_methods=False, self.min_weight=0.0, self.max_weight=0.12
single_methods
[RC-LP] method_type='return_cvar_constraint' sum=1.0000 active=27
self.is_all_methods=False, self.min_weight=0.0, self.max_weight=0.12
single_methods
[RC-LP] method_type='return_cvar_constraint' sum=1.0000 active=25
self.is_all_methods=False, self.min_weight=0.0, self.max_weight=0.12
single_methods
[RC-LP] method_type='return_cvar_constraint' sum=1.0000 active=26
self.is_all_methods=False, self.min_weight=0.0, self.max_weight=0.08
single_methods
method_type='mean_cvar_sharpe' np.sum(weights)=1.000000 active=95 weights.shape=(229,)
self.is_all_methods=False, self.min_weight=0.0, self.max_weight=0.08
single_methods
method_type='mean_cvar_sharpe' np.sum(weights)=1.000000 active=95 weights.shape=(229,)
self.is_all_methods=False, self.min_weight=0.0, self.max_weight=0.08
single_methods
method_type='mean_cvar_sharpe' np.sum(weights)=1.000000 active=95 weights.shape=(229,)
self.is_all_methods=False, self.min_weight=0.0, self.max_weight=0.08
single_methods
method_type='mean_cvar_sharpe' np.sum(weights)=1.000000 active=229 weights.shape=(229,)
self.is_all_methods=False, self.min_weight=0.0, self.max_weight=0.08
single_methods
method_type='mean_cvar_sharpe' np.sum(weights)=1.000000 active=229 weights.shape=(229,)
self.is_all_methods=False, self.min_weight=0.0, self.max_weight=0.08
single_methods
method_type='mean_cvar_sharpe' np.sum(weights)=1.000000 active=229 weights.shape=(229,)
self.is_all_methods=False, self.min_weight=0.0, self.max_weight=0.08
single_methods
method_type='mean_cvar_sharpe' np.sum(weights)=1.000000 active=222 weights.shape=(229,)
self.is_all_methods=False, self.min_weight=0.0, self.max_weight=0.08
single_methods
method_type='mean_cvar_sharpe' np.sum(weights)=1.000000 active=222 weights.shape=(229,)
self.is_all_methods=False, self.min_weight=0.0, self.max_weight=0.08
single_methods
method_type='mean_cvar_sharpe' np.sum(weights)=1.000000 active=222 weights.shape=(229,)
self.is_all_methods=False, self.min_weight=0.0, self.max_weight=0.08
single_methods
method_type='mean_cvar_sharpe' np.sum(weights)=1.000000 active=220 weights.shape=(229,)
self.is_all_methods=False, self.min_weight=0.0, self.max_weight=0.08
single_methods
method_type='mean_cvar_sharpe' np.sum(weights)=1.000000 active=220 weights.shape=(229,)
self.is_all_methods=False, self.min_weight=0.0, self.max_weight=0.08
single_methods
method_type='mean_cvar_sharpe' np.sum(weights)=1.000000 active=220 weights.shape=(229,)
self.is_all_methods=False, self.min_weight=0.0, self.max_weight=0.12
single_methods
method_type='mean_cvar_sharpe' np.sum(weights)=1.000000 active=217 weights.shape=(229,)
self.is_all_methods=False, self.min_weight=0.0, self.max_weight=0.12
single_methods
method_type='mean_cvar_sharpe' np.sum(weights)=1.000000 active=217 weights.shape=(229,)
self.is_all_methods=False, self.min_weight=0.0, self.max_weight=0.12
single_methods
method_type='mean_cvar_sharpe' np.sum(weights)=1.000000 active=217 weights.shape=(229,)
self.is_all_methods=False, self.min_weight=0.0, self.max_weight=0.12
single_methods
method_type='mean_cvar_sharpe' np.sum(weights)=1.000000 active=115 weights.shape=(229,)
self.is_all_methods=False, self.min_weight=0.0, self.max_weight=0.12
single_methods
method_type='mean_cvar_sharpe' np.sum(weights)=1.000000 active=115 weights.shape=(229,)
self.is_all_methods=False, self.min_weight=0.0, self.max_weight=0.12
single_methods
method_type='mean_cvar_sharpe' np.sum(weights)=1.000000 active=115 weights.shape=(229,)
self.is_all_methods=False, self.min_weight=0.0, self.max_weight=0.12
single_methods
method_type='mean_cvar_sharpe' np.sum(weights)=1.000000 active=133 weights.shape=(229,)
self.is_all_methods=False, self.min_weight=0.0, self.max_weight=0.12
single_methods
method_type='mean_cvar_sharpe' np.sum(weights)=1.000000 active=133 weights.shape=(229,)
self.is_all_methods=False, self.min_weight=0.0, self.max_weight=0.12
single_methods
method_type='mean_cvar_sharpe' np.sum(weights)=1.000000 active=133 weights.shape=(229,)
self.is_all_methods=False, self.min_weight=0.0, self.max_weight=0.12
single_methods
method_type='mean_cvar_sharpe' np.sum(weights)=1.000000 active=114 weights.shape=(229,)
self.is_all_methods=False, self.min_weight=0.0, self.max_weight=0.12
single_methods
method_type='mean_cvar_sharpe' np.sum(weights)=1.000000 active=114 weights.shape=(229,)
self.is_all_methods=False, self.min_weight=0.0, self.max_weight=0.12
single_methods
method_type='mean_cvar_sharpe' np.sum(weights)=1.000000 active=114 weights.shape=(229,)
1.0 2020-08-03 00:00:00 1402.7778808868495 0.061144670479830056 9.722341957165222e-05 0.061144670479829966
PROGRESS	2020-08-03	229	92	0.061144670479829966	1402.7778808868495
Portfolio optimization with 18 month weight rebalancing 2020-07-01 00:00:00: : 19it [03:47, 13.07s/it]Portfolio optimization with 19 month weight rebalancing 2020-08-03 00:00:00: : 19it [03:47, 13.07s/it]self.is_all_methods=False, self.min_weight=0.0, self.max_weight=0.08
single_methods
[RC-LP] method_type='return_cvar_constraint' sum=1.0000 active=24
self.is_all_methods=False, self.min_weight=0.0, self.max_weight=0.08
single_methods
[RC-LP] method_type='return_cvar_constraint' sum=1.0000 active=25
self.is_all_methods=False, self.min_weight=0.0, self.max_weight=0.08
single_methods
[RC-LP] method_type='return_cvar_constraint' sum=1.0000 active=15
self.is_all_methods=False, self.min_weight=0.0, self.max_weight=0.08
single_methods
[RC-LP] method_type='return_cvar_constraint' sum=1.0000 active=25
self.is_all_methods=False, self.min_weight=0.0, self.max_weight=0.08
single_methods
[RC-LP] method_type='return_cvar_constraint' sum=1.0000 active=23
self.is_all_methods=False, self.min_weight=0.0, self.max_weight=0.08
single_methods
[RC-LP] method_type='return_cvar_constraint' sum=1.0000 active=21
self.is_all_methods=False, self.min_weight=0.0, self.max_weight=0.08
single_methods
[RC-LP] method_type='return_cvar_constraint' sum=1.0000 active=53
self.is_all_methods=False, self.min_weight=0.0, self.max_weight=0.08
single_methods
[RC-LP] method_type='return_cvar_constraint' sum=1.0000 active=46
self.is_all_methods=False, self.min_weight=0.0, self.max_weight=0.08
single_methods
[RC-LP] method_type='return_cvar_constraint' sum=1.0000 active=41
self.is_all_methods=False, self.min_weight=0.0, self.max_weight=0.08
single_methods
[RC-LP] method_type='return_cvar_constraint' sum=1.0000 active=59
self.is_all_methods=False, self.min_weight=0.0, self.max_weight=0.08
single_methods
[RC-LP] method_type='return_cvar_constraint' sum=1.0000 active=52
self.is_all_methods=False, self.min_weight=0.0, self.max_weight=0.08
single_methods
[RC-LP] method_type='return_cvar_constraint' sum=1.0000 active=56
self.is_all_methods=False, self.min_weight=0.0, self.max_weight=0.12
single_methods
[RC-LP] method_type='return_cvar_constraint' sum=1.0000 active=20
self.is_all_methods=False, self.min_weight=0.0, self.max_weight=0.12
single_methods
[RC-LP] method_type='return_cvar_constraint' sum=1.0000 active=19
self.is_all_methods=False, self.min_weight=0.0, self.max_weight=0.12
single_methods
[RC-LP] method_type='return_cvar_constraint' sum=1.0000 active=12
self.is_all_methods=False, self.min_weight=0.0, self.max_weight=0.12
single_methods
[RC-LP] method_type='return_cvar_constraint' sum=1.0000 active=18
self.is_all_methods=False, self.min_weight=0.0, self.max_weight=0.12
single_methods
[RC-LP] method_type='return_cvar_constraint' sum=1.0000 active=14
self.is_all_methods=False, self.min_weight=0.0, self.max_weight=0.12
single_methods
[RC-LP] method_type='return_cvar_constraint' sum=1.0000 active=13
self.is_all_methods=False, self.min_weight=0.0, self.max_weight=0.12
single_methods
[RC-LP] method_type='return_cvar_constraint' sum=1.0000 active=40
self.is_all_methods=False, self.min_weight=0.0, self.max_weight=0.12
single_methods
[RC-LP] method_type='return_cvar_constraint' sum=1.0000 active=44
self.is_all_methods=False, self.min_weight=0.0, self.max_weight=0.12
single_methods
[RC-LP] method_type='return_cvar_constraint' sum=1.0000 active=36
self.is_all_methods=False, self.min_weight=0.0, self.max_weight=0.12
single_methods
[RC-LP] method_type='return_cvar_constraint' sum=1.0000 active=44
self.is_all_methods=False, self.min_weight=0.0, self.max_weight=0.12
single_methods
[RC-LP] method_type='return_cvar_constraint' sum=1.0000 active=47
self.is_all_methods=False, self.min_weight=0.0, self.max_weight=0.12
single_methods
[RC-LP] method_type='return_cvar_constraint' sum=1.0000 active=39
self.is_all_methods=False, self.min_weight=0.0, self.max_weight=0.08
single_methods
method_type='mean_cvar_sharpe' np.sum(weights)=1.000000 active=180 weights.shape=(231,)
self.is_all_methods=False, self.min_weight=0.0, self.max_weight=0.08
single_methods
method_type='mean_cvar_sharpe' np.sum(weights)=1.000000 active=180 weights.shape=(231,)
self.is_all_methods=False, self.min_weight=0.0, self.max_weight=0.08
single_methods
method_type='mean_cvar_sharpe' np.sum(weights)=1.000000 active=180 weights.shape=(231,)
self.is_all_methods=False, self.min_weight=0.0, self.max_weight=0.08
single_methods
method_type='mean_cvar_sharpe' np.sum(weights)=1.000000 active=183 weights.shape=(231,)
self.is_all_methods=False, self.min_weight=0.0, self.max_weight=0.08
single_methods
method_type='mean_cvar_sharpe' np.sum(weights)=1.000000 active=183 weights.shape=(231,)
self.is_all_methods=False, self.min_weight=0.0, self.max_weight=0.08
single_methods
method_type='mean_cvar_sharpe' np.sum(weights)=1.000000 active=183 weights.shape=(231,)
self.is_all_methods=False, self.min_weight=0.0, self.max_weight=0.08
single_methods
method_type='mean_cvar_sharpe' np.sum(weights)=1.000000 active=231 weights.shape=(231,)
self.is_all_methods=False, self.min_weight=0.0, self.max_weight=0.08
single_methods
method_type='mean_cvar_sharpe' np.sum(weights)=1.000000 active=231 weights.shape=(231,)
self.is_all_methods=False, self.min_weight=0.0, self.max_weight=0.08
single_methods
method_type='mean_cvar_sharpe' np.sum(weights)=1.000000 active=231 weights.shape=(231,)
self.is_all_methods=False, self.min_weight=0.0, self.max_weight=0.08
single_methods
method_type='mean_cvar_sharpe' np.sum(weights)=1.000000 active=231 weights.shape=(231,)
self.is_all_methods=False, self.min_weight=0.0, self.max_weight=0.08
single_methods
method_type='mean_cvar_sharpe' np.sum(weights)=1.000000 active=231 weights.shape=(231,)
self.is_all_methods=False, self.min_weight=0.0, self.max_weight=0.08
single_methods
method_type='mean_cvar_sharpe' np.sum(weights)=1.000000 active=231 weights.shape=(231,)
self.is_all_methods=False, self.min_weight=0.0, self.max_weight=0.12
single_methods
method_type='mean_cvar_sharpe' np.sum(weights)=1.000000 active=164 weights.shape=(231,)
self.is_all_methods=False, self.min_weight=0.0, self.max_weight=0.12
single_methods
method_type='mean_cvar_sharpe' np.sum(weights)=1.000000 active=164 weights.shape=(231,)
self.is_all_methods=False, self.min_weight=0.0, self.max_weight=0.12
single_methods
method_type='mean_cvar_sharpe' np.sum(weights)=1.000000 active=164 weights.shape=(231,)
self.is_all_methods=False, self.min_weight=0.0, self.max_weight=0.12
single_methods
method_type='mean_cvar_sharpe' np.sum(weights)=1.000000 active=77 weights.shape=(231,)
self.is_all_methods=False, self.min_weight=0.0, self.max_weight=0.12
single_methods
method_type='mean_cvar_sharpe' np.sum(weights)=1.000000 active=77 weights.shape=(231,)
self.is_all_methods=False, self.min_weight=0.0, self.max_weight=0.12
single_methods
method_type='mean_cvar_sharpe' np.sum(weights)=1.000000 active=77 weights.shape=(231,)
self.is_all_methods=False, self.min_weight=0.0, self.max_weight=0.12
single_methods
method_type='mean_cvar_sharpe' np.sum(weights)=1.000000 active=79 weights.shape=(231,)
self.is_all_methods=False, self.min_weight=0.0, self.max_weight=0.12
single_methods
method_type='mean_cvar_sharpe' np.sum(weights)=1.000000 active=79 weights.shape=(231,)
self.is_all_methods=False, self.min_weight=0.0, self.max_weight=0.12
single_methods
method_type='mean_cvar_sharpe' np.sum(weights)=1.000000 active=79 weights.shape=(231,)
self.is_all_methods=False, self.min_weight=0.0, self.max_weight=0.12
single_methods
method_type='mean_cvar_sharpe' np.sum(weights)=1.000000 active=166 weights.shape=(231,)
self.is_all_methods=False, self.min_weight=0.0, self.max_weight=0.12
single_methods
method_type='mean_cvar_sharpe' np.sum(weights)=1.000000 active=166 weights.shape=(231,)
self.is_all_methods=False, self.min_weight=0.0, self.max_weight=0.12
single_methods
method_type='mean_cvar_sharpe' np.sum(weights)=1.000000 active=166 weights.shape=(231,)
self.is_all_methods=False, self.min_weight=0.0, self.max_weight=0.12
single_methods
[RC-LP] method_type='return_cvar_constraint' sum=1.0000 active=12
0.25 2020-09-01 00:00:00 1486.6780115634012 0.05980998974941722 0.00019105805912587864 0.059809989749417314
PROGRESS	2020-09-01	231	12	0.059809989749417314	1486.6780115634012
Portfolio optimization with 19 month weight rebalancing 2020-08-03 00:00:00: : 20it [03:58, 12.55s/it]Portfolio optimization with 20 month weight rebalancing 2020-09-01 00:00:00: : 20it [03:58, 12.55s/it]self.is_all_methods=False, self.min_weight=0.0, self.max_weight=0.08
single_methods
[RC-LP] method_type='return_cvar_constraint' sum=1.0000 active=30
self.is_all_methods=False, self.min_weight=0.0, self.max_weight=0.08
single_methods
[RC-LP] method_type='return_cvar_constraint' sum=1.0000 active=26
self.is_all_methods=False, self.min_weight=0.0, self.max_weight=0.08
single_methods
[RC-LP] method_type='return_cvar_constraint' sum=1.0000 active=20
self.is_all_methods=False, self.min_weight=0.0, self.max_weight=0.08
single_methods
[RC-LP] method_type='return_cvar_constraint' sum=1.0000 active=26
self.is_all_methods=False, self.min_weight=0.0, self.max_weight=0.08
single_methods
[RC-LP] method_type='return_cvar_constraint' sum=1.0000 active=24
self.is_all_methods=False, self.min_weight=0.0, self.max_weight=0.08
single_methods
[RC-LP] method_type='return_cvar_constraint' sum=1.0000 active=23
self.is_all_methods=False, self.min_weight=0.0, self.max_weight=0.08
single_methods
[RC-LP] method_type='return_cvar_constraint' sum=1.0000 active=53
self.is_all_methods=False, self.min_weight=0.0, self.max_weight=0.08
single_methods
[RC-LP] method_type='return_cvar_constraint' sum=1.0000 active=44
self.is_all_methods=False, self.min_weight=0.0, self.max_weight=0.08
single_methods
[RC-LP] method_type='return_cvar_constraint' sum=1.0000 active=46
self.is_all_methods=False, self.min_weight=0.0, self.max_weight=0.08
single_methods
[RC-LP] method_type='return_cvar_constraint' sum=1.0000 active=51
self.is_all_methods=False, self.min_weight=0.0, self.max_weight=0.08
single_methods
[RC-LP] method_type='return_cvar_constraint' sum=1.0000 active=51
self.is_all_methods=False, self.min_weight=0.0, self.max_weight=0.08
single_methods
[RC-LP] method_type='return_cvar_constraint' sum=1.0000 active=43
self.is_all_methods=False, self.min_weight=0.0, self.max_weight=0.12
single_methods
[RC-LP] method_type='return_cvar_constraint' sum=1.0000 active=12
self.is_all_methods=False, self.min_weight=0.0, self.max_weight=0.12
single_methods
[RC-LP] method_type='return_cvar_constraint' sum=1.0000 active=14
self.is_all_methods=False, self.min_weight=0.0, self.max_weight=0.12
single_methods
[RC-LP] method_type='return_cvar_constraint' sum=1.0000 active=14
self.is_all_methods=False, self.min_weight=0.0, self.max_weight=0.12
single_methods
[RC-LP] method_type='return_cvar_constraint' sum=1.0000 active=16
self.is_all_methods=False, self.min_weight=0.0, self.max_weight=0.12
single_methods
[RC-LP] method_type='return_cvar_constraint' sum=1.0000 active=19
self.is_all_methods=False, self.min_weight=0.0, self.max_weight=0.12
single_methods
[RC-LP] method_type='return_cvar_constraint' sum=1.0000 active=15
self.is_all_methods=False, self.min_weight=0.0, self.max_weight=0.12
single_methods
[RC-LP] method_type='return_cvar_constraint' sum=1.0000 active=40
self.is_all_methods=False, self.min_weight=0.0, self.max_weight=0.12
single_methods
[RC-LP] method_type='return_cvar_constraint' sum=1.0000 active=42
self.is_all_methods=False, self.min_weight=0.0, self.max_weight=0.12
single_methods
[RC-LP] method_type='return_cvar_constraint' sum=1.0000 active=35
self.is_all_methods=False, self.min_weight=0.0, self.max_weight=0.12
single_methods
[RC-LP] method_type='return_cvar_constraint' sum=1.0000 active=44
self.is_all_methods=False, self.min_weight=0.0, self.max_weight=0.12
single_methods
[RC-LP] method_type='return_cvar_constraint' sum=1.0000 active=39
self.is_all_methods=False, self.min_weight=0.0, self.max_weight=0.12
single_methods
[RC-LP] method_type='return_cvar_constraint' sum=1.0000 active=41
self.is_all_methods=False, self.min_weight=0.0, self.max_weight=0.08
single_methods
method_type='mean_cvar_sharpe' np.sum(weights)=1.000000 active=79 weights.shape=(231,)
self.is_all_methods=False, self.min_weight=0.0, self.max_weight=0.08
single_methods
method_type='mean_cvar_sharpe' np.sum(weights)=1.000000 active=79 weights.shape=(231,)
self.is_all_methods=False, self.min_weight=0.0, self.max_weight=0.08
single_methods
method_type='mean_cvar_sharpe' np.sum(weights)=1.000000 active=79 weights.shape=(231,)
self.is_all_methods=False, self.min_weight=0.0, self.max_weight=0.08
single_methods
method_type='mean_cvar_sharpe' np.sum(weights)=1.000000 active=170 weights.shape=(231,)
self.is_all_methods=False, self.min_weight=0.0, self.max_weight=0.08
single_methods
method_type='mean_cvar_sharpe' np.sum(weights)=1.000000 active=170 weights.shape=(231,)
self.is_all_methods=False, self.min_weight=0.0, self.max_weight=0.08
single_methods
method_type='mean_cvar_sharpe' np.sum(weights)=1.000000 active=170 weights.shape=(231,)
self.is_all_methods=False, self.min_weight=0.0, self.max_weight=0.08
single_methods
method_type='mean_cvar_sharpe' np.sum(weights)=1.000000 active=79 weights.shape=(231,)
self.is_all_methods=False, self.min_weight=0.0, self.max_weight=0.08
single_methods
method_type='mean_cvar_sharpe' np.sum(weights)=1.000000 active=79 weights.shape=(231,)
self.is_all_methods=False, self.min_weight=0.0, self.max_weight=0.08
single_methods
method_type='mean_cvar_sharpe' np.sum(weights)=1.000000 active=79 weights.shape=(231,)
self.is_all_methods=False, self.min_weight=0.0, self.max_weight=0.08
single_methods
method_type='mean_cvar_sharpe' np.sum(weights)=1.000000 active=231 weights.shape=(231,)
self.is_all_methods=False, self.min_weight=0.0, self.max_weight=0.08
single_methods
method_type='mean_cvar_sharpe' np.sum(weights)=1.000000 active=231 weights.shape=(231,)
self.is_all_methods=False, self.min_weight=0.0, self.max_weight=0.08
single_methods
method_type='mean_cvar_sharpe' np.sum(weights)=1.000000 active=231 weights.shape=(231,)
self.is_all_methods=False, self.min_weight=0.0, self.max_weight=0.12
single_methods
method_type='mean_cvar_sharpe' np.sum(weights)=1.000000 active=231 weights.shape=(231,)
self.is_all_methods=False, self.min_weight=0.0, self.max_weight=0.12
single_methods
method_type='mean_cvar_sharpe' np.sum(weights)=1.000000 active=231 weights.shape=(231,)
self.is_all_methods=False, self.min_weight=0.0, self.max_weight=0.12
single_methods
method_type='mean_cvar_sharpe' np.sum(weights)=1.000000 active=231 weights.shape=(231,)
self.is_all_methods=False, self.min_weight=0.0, self.max_weight=0.12
single_methods
method_type='mean_cvar_sharpe' np.sum(weights)=1.000000 active=91 weights.shape=(231,)
self.is_all_methods=False, self.min_weight=0.0, self.max_weight=0.12
single_methods
method_type='mean_cvar_sharpe' np.sum(weights)=1.000000 active=91 weights.shape=(231,)
self.is_all_methods=False, self.min_weight=0.0, self.max_weight=0.12
single_methods
method_type='mean_cvar_sharpe' np.sum(weights)=1.000000 active=91 weights.shape=(231,)
self.is_all_methods=False, self.min_weight=0.0, self.max_weight=0.12
single_methods
method_type='mean_cvar_sharpe' np.sum(weights)=1.000000 active=231 weights.shape=(231,)
self.is_all_methods=False, self.min_weight=0.0, self.max_weight=0.12
single_methods
method_type='mean_cvar_sharpe' np.sum(weights)=1.000000 active=231 weights.shape=(231,)
self.is_all_methods=False, self.min_weight=0.0, self.max_weight=0.12
single_methods
method_type='mean_cvar_sharpe' np.sum(weights)=1.000000 active=231 weights.shape=(231,)
self.is_all_methods=False, self.min_weight=0.0, self.max_weight=0.12
single_methods
method_type='mean_cvar_sharpe' np.sum(weights)=1.000000 active=231 weights.shape=(231,)
self.is_all_methods=False, self.min_weight=0.0, self.max_weight=0.12
single_methods
method_type='mean_cvar_sharpe' np.sum(weights)=1.000000 active=231 weights.shape=(231,)
self.is_all_methods=False, self.min_weight=0.0, self.max_weight=0.12
single_methods
method_type='mean_cvar_sharpe' np.sum(weights)=1.000000 active=231 weights.shape=(231,)
1.0 2020-10-01 00:00:00 1443.8419003120828 -0.028813307870391915 0.00018481471193829965 -0.028813307870392046
PROGRESS	2020-10-01	231	82	-0.028813307870392046	1443.8419003120828
Portfolio optimization with 20 month weight rebalancing 2020-09-01 00:00:00: : 21it [04:10, 12.35s/it]Portfolio optimization with 21 month weight rebalancing 2020-10-01 00:00:00: : 21it [04:10, 12.35s/it]self.is_all_methods=False, self.min_weight=0.0, self.max_weight=0.08
single_methods
[RC-LP] method_type='return_cvar_constraint' sum=1.0000 active=30
self.is_all_methods=False, self.min_weight=0.0, self.max_weight=0.08
single_methods
[RC-LP] method_type='return_cvar_constraint' sum=1.0000 active=30
self.is_all_methods=False, self.min_weight=0.0, self.max_weight=0.08
single_methods
[RC-LP] method_type='return_cvar_constraint' sum=1.0000 active=30
self.is_all_methods=False, self.min_weight=0.0, self.max_weight=0.08
single_methods
[RC-LP] method_type='return_cvar_constraint' sum=1.0000 active=28
self.is_all_methods=False, self.min_weight=0.0, self.max_weight=0.08
single_methods
[RC-LP] method_type='return_cvar_constraint' sum=1.0000 active=28
self.is_all_methods=False, self.min_weight=0.0, self.max_weight=0.08
single_methods
[RC-LP] method_type='return_cvar_constraint' sum=1.0000 active=24
self.is_all_methods=False, self.min_weight=0.0, self.max_weight=0.08
single_methods
[RC-LP] method_type='return_cvar_constraint' sum=1.0000 active=55
self.is_all_methods=False, self.min_weight=0.0, self.max_weight=0.08
single_methods
[RC-LP] method_type='return_cvar_constraint' sum=1.0000 active=58
self.is_all_methods=False, self.min_weight=0.0, self.max_weight=0.08
single_methods
[RC-LP] method_type='return_cvar_constraint' sum=1.0000 active=57
self.is_all_methods=False, self.min_weight=0.0, self.max_weight=0.08
single_methods
[RC-LP] method_type='return_cvar_constraint' sum=1.0000 active=54
self.is_all_methods=False, self.min_weight=0.0, self.max_weight=0.08
single_methods
[RC-LP] method_type='return_cvar_constraint' sum=1.0000 active=55
self.is_all_methods=False, self.min_weight=0.0, self.max_weight=0.08
single_methods
[RC-LP] method_type='return_cvar_constraint' sum=1.0000 active=56
self.is_all_methods=False, self.min_weight=0.0, self.max_weight=0.12
single_methods
[RC-LP] method_type='return_cvar_constraint' sum=1.0000 active=23
self.is_all_methods=False, self.min_weight=0.0, self.max_weight=0.12
single_methods
[RC-LP] method_type='return_cvar_constraint' sum=1.0000 active=25
self.is_all_methods=False, self.min_weight=0.0, self.max_weight=0.12
single_methods
[RC-LP] method_type='return_cvar_constraint' sum=1.0000 active=27
self.is_all_methods=False, self.min_weight=0.0, self.max_weight=0.12
single_methods
[RC-LP] method_type='return_cvar_constraint' sum=1.0000 active=25
self.is_all_methods=False, self.min_weight=0.0, self.max_weight=0.12
single_methods
[RC-LP] method_type='return_cvar_constraint' sum=1.0000 active=25
self.is_all_methods=False, self.min_weight=0.0, self.max_weight=0.12
single_methods
[RC-LP] method_type='return_cvar_constraint' sum=1.0000 active=23
self.is_all_methods=False, self.min_weight=0.0, self.max_weight=0.12
single_methods
[RC-LP] method_type='return_cvar_constraint' sum=1.0000 active=47
self.is_all_methods=False, self.min_weight=0.0, self.max_weight=0.12
single_methods
[RC-LP] method_type='return_cvar_constraint' sum=1.0000 active=47
self.is_all_methods=False, self.min_weight=0.0, self.max_weight=0.12
single_methods
[RC-LP] method_type='return_cvar_constraint' sum=1.0000 active=52
self.is_all_methods=False, self.min_weight=0.0, self.max_weight=0.12
single_methods
[RC-LP] method_type='return_cvar_constraint' sum=1.0000 active=46
self.is_all_methods=False, self.min_weight=0.0, self.max_weight=0.12
single_methods
[RC-LP] method_type='return_cvar_constraint' sum=1.0000 active=48
self.is_all_methods=False, self.min_weight=0.0, self.max_weight=0.12
single_methods
[RC-LP] method_type='return_cvar_constraint' sum=1.0000 active=50
self.is_all_methods=False, self.min_weight=0.0, self.max_weight=0.08
single_methods
method_type='mean_cvar_sharpe' np.sum(weights)=1.000000 active=92 weights.shape=(230,)
self.is_all_methods=False, self.min_weight=0.0, self.max_weight=0.08
single_methods
method_type='mean_cvar_sharpe' np.sum(weights)=1.000000 active=92 weights.shape=(230,)
self.is_all_methods=False, self.min_weight=0.0, self.max_weight=0.08
single_methods
method_type='mean_cvar_sharpe' np.sum(weights)=1.000000 active=92 weights.shape=(230,)
self.is_all_methods=False, self.min_weight=0.0, self.max_weight=0.08
single_methods
method_type='mean_cvar_sharpe' np.sum(weights)=1.000000 active=157 weights.shape=(230,)
self.is_all_methods=False, self.min_weight=0.0, self.max_weight=0.08
single_methods
method_type='mean_cvar_sharpe' np.sum(weights)=1.000000 active=157 weights.shape=(230,)
self.is_all_methods=False, self.min_weight=0.0, self.max_weight=0.08
single_methods
method_type='mean_cvar_sharpe' np.sum(weights)=1.000000 active=157 weights.shape=(230,)
self.is_all_methods=False, self.min_weight=0.0, self.max_weight=0.08
single_methods
method_type='mean_cvar_sharpe' np.sum(weights)=1.000000 active=92 weights.shape=(230,)
self.is_all_methods=False, self.min_weight=0.0, self.max_weight=0.08
single_methods
method_type='mean_cvar_sharpe' np.sum(weights)=1.000000 active=92 weights.shape=(230,)
self.is_all_methods=False, self.min_weight=0.0, self.max_weight=0.08
single_methods
method_type='mean_cvar_sharpe' np.sum(weights)=1.000000 active=92 weights.shape=(230,)
self.is_all_methods=False, self.min_weight=0.0, self.max_weight=0.08
single_methods
method_type='mean_cvar_sharpe' np.sum(weights)=1.000000 active=89 weights.shape=(230,)
self.is_all_methods=False, self.min_weight=0.0, self.max_weight=0.08
single_methods
method_type='mean_cvar_sharpe' np.sum(weights)=1.000000 active=89 weights.shape=(230,)
self.is_all_methods=False, self.min_weight=0.0, self.max_weight=0.08
single_methods
method_type='mean_cvar_sharpe' np.sum(weights)=1.000000 active=89 weights.shape=(230,)
self.is_all_methods=False, self.min_weight=0.0, self.max_weight=0.12
single_methods
method_type='mean_cvar_sharpe' np.sum(weights)=1.000000 active=92 weights.shape=(230,)
self.is_all_methods=False, self.min_weight=0.0, self.max_weight=0.12
single_methods
method_type='mean_cvar_sharpe' np.sum(weights)=1.000000 active=92 weights.shape=(230,)
self.is_all_methods=False, self.min_weight=0.0, self.max_weight=0.12
single_methods
method_type='mean_cvar_sharpe' np.sum(weights)=1.000000 active=92 weights.shape=(230,)
self.is_all_methods=False, self.min_weight=0.0, self.max_weight=0.12
single_methods
method_type='mean_cvar_sharpe' np.sum(weights)=1.000000 active=87 weights.shape=(230,)
self.is_all_methods=False, self.min_weight=0.0, self.max_weight=0.12
single_methods
method_type='mean_cvar_sharpe' np.sum(weights)=1.000000 active=87 weights.shape=(230,)
self.is_all_methods=False, self.min_weight=0.0, self.max_weight=0.12
single_methods
method_type='mean_cvar_sharpe' np.sum(weights)=1.000000 active=87 weights.shape=(230,)
self.is_all_methods=False, self.min_weight=0.0, self.max_weight=0.12
single_methods
method_type='mean_cvar_sharpe' np.sum(weights)=1.000000 active=92 weights.shape=(230,)
self.is_all_methods=False, self.min_weight=0.0, self.max_weight=0.12
single_methods
method_type='mean_cvar_sharpe' np.sum(weights)=1.000000 active=92 weights.shape=(230,)
self.is_all_methods=False, self.min_weight=0.0, self.max_weight=0.12
single_methods
method_type='mean_cvar_sharpe' np.sum(weights)=1.000000 active=92 weights.shape=(230,)
self.is_all_methods=False, self.min_weight=0.0, self.max_weight=0.12
single_methods
method_type='mean_cvar_sharpe' np.sum(weights)=1.000000 active=229 weights.shape=(230,)
self.is_all_methods=False, self.min_weight=0.0, self.max_weight=0.12
single_methods
method_type='mean_cvar_sharpe' np.sum(weights)=1.000000 active=229 weights.shape=(230,)
self.is_all_methods=False, self.min_weight=0.0, self.max_weight=0.12
single_methods
method_type='mean_cvar_sharpe' np.sum(weights)=1.000000 active=229 weights.shape=(230,)
1.0 2020-11-02 00:00:00 1421.6315472163149 -0.015382815175932457 0.00020807024993910148 -0.01538281517593254
PROGRESS	2020-11-02	230	75	-0.01538281517593254	1421.6315472163149
Portfolio optimization with 21 month weight rebalancing 2020-10-01 00:00:00: : 22it [04:22, 12.12s/it]Portfolio optimization with 22 month weight rebalancing 2020-11-02 00:00:00: : 22it [04:22, 12.12s/it]self.is_all_methods=False, self.min_weight=0.0, self.max_weight=0.08
single_methods
[RC-LP] method_type='return_cvar_constraint' sum=1.0000 active=28
self.is_all_methods=False, self.min_weight=0.0, self.max_weight=0.08
single_methods
[RC-LP] method_type='return_cvar_constraint' sum=1.0000 active=30
self.is_all_methods=False, self.min_weight=0.0, self.max_weight=0.08
single_methods
[RC-LP] method_type='return_cvar_constraint' sum=1.0000 active=31
self.is_all_methods=False, self.min_weight=0.0, self.max_weight=0.08
single_methods
[RC-LP] method_type='return_cvar_constraint' sum=1.0000 active=30
self.is_all_methods=False, self.min_weight=0.0, self.max_weight=0.08
single_methods
[RC-LP] method_type='return_cvar_constraint' sum=1.0000 active=31
self.is_all_methods=False, self.min_weight=0.0, self.max_weight=0.08
single_methods
[RC-LP] method_type='return_cvar_constraint' sum=1.0000 active=31
self.is_all_methods=False, self.min_weight=0.0, self.max_weight=0.08
single_methods
[RC-LP] method_type='return_cvar_constraint' sum=1.0000 active=50
self.is_all_methods=False, self.min_weight=0.0, self.max_weight=0.08
single_methods
[RC-LP] method_type='return_cvar_constraint' sum=1.0000 active=59
self.is_all_methods=False, self.min_weight=0.0, self.max_weight=0.08
single_methods
[RC-LP] method_type='return_cvar_constraint' sum=1.0000 active=60
self.is_all_methods=False, self.min_weight=0.0, self.max_weight=0.08
single_methods
[RC-LP] method_type='return_cvar_constraint' sum=1.0000 active=59
self.is_all_methods=False, self.min_weight=0.0, self.max_weight=0.08
single_methods
[RC-LP] method_type='return_cvar_constraint' sum=1.0000 active=64
self.is_all_methods=False, self.min_weight=0.0, self.max_weight=0.08
single_methods
[RC-LP] method_type='return_cvar_constraint' sum=1.0000 active=64
self.is_all_methods=False, self.min_weight=0.0, self.max_weight=0.12
single_methods
[RC-LP] method_type='return_cvar_constraint' sum=1.0000 active=22
self.is_all_methods=False, self.min_weight=0.0, self.max_weight=0.12
single_methods
[RC-LP] method_type='return_cvar_constraint' sum=1.0000 active=16
self.is_all_methods=False, self.min_weight=0.0, self.max_weight=0.12
single_methods
[RC-LP] method_type='return_cvar_constraint' sum=1.0000 active=16
self.is_all_methods=False, self.min_weight=0.0, self.max_weight=0.12
single_methods
[RC-LP] method_type='return_cvar_constraint' sum=1.0000 active=23
self.is_all_methods=False, self.min_weight=0.0, self.max_weight=0.12
single_methods
[RC-LP] method_type='return_cvar_constraint' sum=1.0000 active=21
self.is_all_methods=False, self.min_weight=0.0, self.max_weight=0.12
single_methods
[RC-LP] method_type='return_cvar_constraint' sum=1.0000 active=20
self.is_all_methods=False, self.min_weight=0.0, self.max_weight=0.12
single_methods
[RC-LP] method_type='return_cvar_constraint' sum=1.0000 active=45
self.is_all_methods=False, self.min_weight=0.0, self.max_weight=0.12
single_methods
[RC-LP] method_type='return_cvar_constraint' sum=1.0000 active=42
self.is_all_methods=False, self.min_weight=0.0, self.max_weight=0.12
single_methods
[RC-LP] method_type='return_cvar_constraint' sum=1.0000 active=43
self.is_all_methods=False, self.min_weight=0.0, self.max_weight=0.12
single_methods
[RC-LP] method_type='return_cvar_constraint' sum=1.0000 active=49
self.is_all_methods=False, self.min_weight=0.0, self.max_weight=0.12
single_methods
[RC-LP] method_type='return_cvar_constraint' sum=1.0000 active=46
self.is_all_methods=False, self.min_weight=0.0, self.max_weight=0.12
single_methods
[RC-LP] method_type='return_cvar_constraint' sum=1.0000 active=46
self.is_all_methods=False, self.min_weight=0.0, self.max_weight=0.08
single_methods
method_type='mean_cvar_sharpe' np.sum(weights)=1.000000 active=230 weights.shape=(230,)
self.is_all_methods=False, self.min_weight=0.0, self.max_weight=0.08
single_methods
method_type='mean_cvar_sharpe' np.sum(weights)=1.000000 active=230 weights.shape=(230,)
self.is_all_methods=False, self.min_weight=0.0, self.max_weight=0.08
single_methods
method_type='mean_cvar_sharpe' np.sum(weights)=1.000000 active=230 weights.shape=(230,)
self.is_all_methods=False, self.min_weight=0.0, self.max_weight=0.08
single_methods
method_type='mean_cvar_sharpe' np.sum(weights)=1.000000 active=175 weights.shape=(230,)
self.is_all_methods=False, self.min_weight=0.0, self.max_weight=0.08
single_methods
method_type='mean_cvar_sharpe' np.sum(weights)=1.000000 active=175 weights.shape=(230,)
self.is_all_methods=False, self.min_weight=0.0, self.max_weight=0.08
single_methods
method_type='mean_cvar_sharpe' np.sum(weights)=1.000000 active=175 weights.shape=(230,)
self.is_all_methods=False, self.min_weight=0.0, self.max_weight=0.08
single_methods
method_type='mean_cvar_sharpe' np.sum(weights)=1.000000 active=173 weights.shape=(230,)
self.is_all_methods=False, self.min_weight=0.0, self.max_weight=0.08
single_methods
method_type='mean_cvar_sharpe' np.sum(weights)=1.000000 active=173 weights.shape=(230,)
self.is_all_methods=False, self.min_weight=0.0, self.max_weight=0.08
single_methods
method_type='mean_cvar_sharpe' np.sum(weights)=1.000000 active=173 weights.shape=(230,)
self.is_all_methods=False, self.min_weight=0.0, self.max_weight=0.08
single_methods
method_type='mean_cvar_sharpe' np.sum(weights)=1.000000 active=173 weights.shape=(230,)
self.is_all_methods=False, self.min_weight=0.0, self.max_weight=0.08
single_methods
method_type='mean_cvar_sharpe' np.sum(weights)=1.000000 active=173 weights.shape=(230,)
self.is_all_methods=False, self.min_weight=0.0, self.max_weight=0.08
single_methods
method_type='mean_cvar_sharpe' np.sum(weights)=1.000000 active=173 weights.shape=(230,)
self.is_all_methods=False, self.min_weight=0.0, self.max_weight=0.12
single_methods
method_type='mean_cvar_sharpe' np.sum(weights)=1.000000 active=76 weights.shape=(230,)
self.is_all_methods=False, self.min_weight=0.0, self.max_weight=0.12
single_methods
method_type='mean_cvar_sharpe' np.sum(weights)=1.000000 active=76 weights.shape=(230,)
self.is_all_methods=False, self.min_weight=0.0, self.max_weight=0.12
single_methods
method_type='mean_cvar_sharpe' np.sum(weights)=1.000000 active=76 weights.shape=(230,)
self.is_all_methods=False, self.min_weight=0.0, self.max_weight=0.12
single_methods
method_type='mean_cvar_sharpe' np.sum(weights)=1.000000 active=173 weights.shape=(230,)
self.is_all_methods=False, self.min_weight=0.0, self.max_weight=0.12
single_methods
method_type='mean_cvar_sharpe' np.sum(weights)=1.000000 active=173 weights.shape=(230,)
self.is_all_methods=False, self.min_weight=0.0, self.max_weight=0.12
single_methods
method_type='mean_cvar_sharpe' np.sum(weights)=1.000000 active=173 weights.shape=(230,)
self.is_all_methods=False, self.min_weight=0.0, self.max_weight=0.12
single_methods
method_type='mean_cvar_sharpe' np.sum(weights)=1.000000 active=169 weights.shape=(230,)
self.is_all_methods=False, self.min_weight=0.0, self.max_weight=0.12
single_methods
method_type='mean_cvar_sharpe' np.sum(weights)=1.000000 active=169 weights.shape=(230,)
self.is_all_methods=False, self.min_weight=0.0, self.max_weight=0.12
single_methods
method_type='mean_cvar_sharpe' np.sum(weights)=1.000000 active=169 weights.shape=(230,)
self.is_all_methods=False, self.min_weight=0.0, self.max_weight=0.12
single_methods
method_type='mean_cvar_sharpe' np.sum(weights)=1.000000 active=230 weights.shape=(230,)
self.is_all_methods=False, self.min_weight=0.0, self.max_weight=0.12
single_methods
method_type='mean_cvar_sharpe' np.sum(weights)=1.000000 active=230 weights.shape=(230,)
self.is_all_methods=False, self.min_weight=0.0, self.max_weight=0.12
single_methods
method_type='mean_cvar_sharpe' np.sum(weights)=1.000000 active=230 weights.shape=(230,)
1.0 2020-12-01 00:00:00 1571.6405699848588 0.10551891807851005 7.614794056981511e-05 0.1055189180785101
PROGRESS	2020-12-01	230	72	0.1055189180785101	1571.6405699848588
Portfolio optimization with 22 month weight rebalancing 2020-11-02 00:00:00: : 23it [04:32, 11.65s/it]Portfolio optimization with 23 month weight rebalancing 2020-12-01 00:00:00: : 23it [04:32, 11.65s/it]self.is_all_methods=False, self.min_weight=0.0, self.max_weight=0.08
single_methods
[RC-LP] method_type='return_cvar_constraint' sum=1.0000 active=32
self.is_all_methods=False, self.min_weight=0.0, self.max_weight=0.08
single_methods
[RC-LP] method_type='return_cvar_constraint' sum=1.0000 active=32
self.is_all_methods=False, self.min_weight=0.0, self.max_weight=0.08
single_methods
[RC-LP] method_type='return_cvar_constraint' sum=1.0000 active=19
self.is_all_methods=False, self.min_weight=0.0, self.max_weight=0.08
single_methods
[RC-LP] method_type='return_cvar_constraint' sum=1.0000 active=32
self.is_all_methods=False, self.min_weight=0.0, self.max_weight=0.08
single_methods
[RC-LP] method_type='return_cvar_constraint' sum=1.0000 active=30
self.is_all_methods=False, self.min_weight=0.0, self.max_weight=0.08
single_methods
[RC-LP] method_type='return_cvar_constraint' sum=1.0000 active=28
self.is_all_methods=False, self.min_weight=0.0, self.max_weight=0.08
single_methods
[RC-LP] method_type='return_cvar_constraint' sum=1.0000 active=55
self.is_all_methods=False, self.min_weight=0.0, self.max_weight=0.08
single_methods
[RC-LP] method_type='return_cvar_constraint' sum=1.0000 active=58
self.is_all_methods=False, self.min_weight=0.0, self.max_weight=0.08
single_methods
[RC-LP] method_type='return_cvar_constraint' sum=1.0000 active=47
self.is_all_methods=False, self.min_weight=0.0, self.max_weight=0.08
single_methods
[RC-LP] method_type='return_cvar_constraint' sum=1.0000 active=56
self.is_all_methods=False, self.min_weight=0.0, self.max_weight=0.08
single_methods
[RC-LP] method_type='return_cvar_constraint' sum=1.0000 active=56
self.is_all_methods=False, self.min_weight=0.0, self.max_weight=0.08
single_methods
[RC-LP] method_type='return_cvar_constraint' sum=1.0000 active=57
self.is_all_methods=False, self.min_weight=0.0, self.max_weight=0.12
single_methods
[RC-LP] method_type='return_cvar_constraint' sum=1.0000 active=23
self.is_all_methods=False, self.min_weight=0.0, self.max_weight=0.12
single_methods
[RC-LP] method_type='return_cvar_constraint' sum=1.0000 active=13
self.is_all_methods=False, self.min_weight=0.0, self.max_weight=0.12
single_methods
[RC-LP] method_type='return_cvar_constraint' sum=1.0000 active=13
self.is_all_methods=False, self.min_weight=0.0, self.max_weight=0.12
single_methods
[RC-LP] method_type='return_cvar_constraint' sum=1.0000 active=24
self.is_all_methods=False, self.min_weight=0.0, self.max_weight=0.12
single_methods
[RC-LP] method_type='return_cvar_constraint' sum=1.0000 active=14
self.is_all_methods=False, self.min_weight=0.0, self.max_weight=0.12
single_methods
[RC-LP] method_type='return_cvar_constraint' sum=1.0000 active=15
self.is_all_methods=False, self.min_weight=0.0, self.max_weight=0.12
single_methods
[RC-LP] method_type='return_cvar_constraint' sum=1.0000 active=49
self.is_all_methods=False, self.min_weight=0.0, self.max_weight=0.12
single_methods
[RC-LP] method_type='return_cvar_constraint' sum=1.0000 active=42
self.is_all_methods=False, self.min_weight=0.0, self.max_weight=0.12
single_methods
[RC-LP] method_type='return_cvar_constraint' sum=1.0000 active=43
self.is_all_methods=False, self.min_weight=0.0, self.max_weight=0.12
single_methods
[RC-LP] method_type='return_cvar_constraint' sum=1.0000 active=52
self.is_all_methods=False, self.min_weight=0.0, self.max_weight=0.12
single_methods
[RC-LP] method_type='return_cvar_constraint' sum=1.0000 active=48
self.is_all_methods=False, self.min_weight=0.0, self.max_weight=0.12
single_methods
[RC-LP] method_type='return_cvar_constraint' sum=1.0000 active=49
self.is_all_methods=False, self.min_weight=0.0, self.max_weight=0.08
single_methods
method_type='mean_cvar_sharpe' np.sum(weights)=1.000000 active=75 weights.shape=(231,)
self.is_all_methods=False, self.min_weight=0.0, self.max_weight=0.08
single_methods
method_type='mean_cvar_sharpe' np.sum(weights)=1.000000 active=75 weights.shape=(231,)
self.is_all_methods=False, self.min_weight=0.0, self.max_weight=0.08
single_methods
method_type='mean_cvar_sharpe' np.sum(weights)=1.000000 active=75 weights.shape=(231,)
self.is_all_methods=False, self.min_weight=0.0, self.max_weight=0.08
single_methods
method_type='mean_cvar_sharpe' np.sum(weights)=1.000000 active=73 weights.shape=(231,)
self.is_all_methods=False, self.min_weight=0.0, self.max_weight=0.08
single_methods
method_type='mean_cvar_sharpe' np.sum(weights)=1.000000 active=73 weights.shape=(231,)
self.is_all_methods=False, self.min_weight=0.0, self.max_weight=0.08
single_methods
method_type='mean_cvar_sharpe' np.sum(weights)=1.000000 active=73 weights.shape=(231,)
self.is_all_methods=False, self.min_weight=0.0, self.max_weight=0.08
single_methods
method_type='mean_cvar_sharpe' np.sum(weights)=1.000000 active=231 weights.shape=(231,)
self.is_all_methods=False, self.min_weight=0.0, self.max_weight=0.08
single_methods
method_type='mean_cvar_sharpe' np.sum(weights)=1.000000 active=231 weights.shape=(231,)
self.is_all_methods=False, self.min_weight=0.0, self.max_weight=0.08
single_methods
method_type='mean_cvar_sharpe' np.sum(weights)=1.000000 active=231 weights.shape=(231,)
self.is_all_methods=False, self.min_weight=0.0, self.max_weight=0.08
single_methods
method_type='mean_cvar_sharpe' np.sum(weights)=1.000000 active=74 weights.shape=(231,)
self.is_all_methods=False, self.min_weight=0.0, self.max_weight=0.08
single_methods
method_type='mean_cvar_sharpe' np.sum(weights)=1.000000 active=74 weights.shape=(231,)
self.is_all_methods=False, self.min_weight=0.0, self.max_weight=0.08
single_methods
method_type='mean_cvar_sharpe' np.sum(weights)=1.000000 active=74 weights.shape=(231,)
self.is_all_methods=False, self.min_weight=0.0, self.max_weight=0.12
single_methods
method_type='mean_cvar_sharpe' np.sum(weights)=1.000000 active=76 weights.shape=(231,)
self.is_all_methods=False, self.min_weight=0.0, self.max_weight=0.12
single_methods
method_type='mean_cvar_sharpe' np.sum(weights)=1.000000 active=76 weights.shape=(231,)
self.is_all_methods=False, self.min_weight=0.0, self.max_weight=0.12
single_methods
method_type='mean_cvar_sharpe' np.sum(weights)=1.000000 active=76 weights.shape=(231,)
self.is_all_methods=False, self.min_weight=0.0, self.max_weight=0.12
single_methods
method_type='mean_cvar_sharpe' np.sum(weights)=1.000000 active=78 weights.shape=(231,)
self.is_all_methods=False, self.min_weight=0.0, self.max_weight=0.12
single_methods
method_type='mean_cvar_sharpe' np.sum(weights)=1.000000 active=78 weights.shape=(231,)
self.is_all_methods=False, self.min_weight=0.0, self.max_weight=0.12
single_methods
method_type='mean_cvar_sharpe' np.sum(weights)=1.000000 active=78 weights.shape=(231,)
self.is_all_methods=False, self.min_weight=0.0, self.max_weight=0.12
single_methods
method_type='mean_cvar_sharpe' np.sum(weights)=1.000000 active=77 weights.shape=(231,)
self.is_all_methods=False, self.min_weight=0.0, self.max_weight=0.12
single_methods
method_type='mean_cvar_sharpe' np.sum(weights)=1.000000 active=77 weights.shape=(231,)
self.is_all_methods=False, self.min_weight=0.0, self.max_weight=0.12
single_methods
method_type='mean_cvar_sharpe' np.sum(weights)=1.000000 active=77 weights.shape=(231,)
self.is_all_methods=False, self.min_weight=0.0, self.max_weight=0.12
single_methods
method_type='mean_cvar_sharpe' np.sum(weights)=1.000000 active=231 weights.shape=(231,)
self.is_all_methods=False, self.min_weight=0.0, self.max_weight=0.12
single_methods
method_type='mean_cvar_sharpe' np.sum(weights)=1.000000 active=231 weights.shape=(231,)
self.is_all_methods=False, self.min_weight=0.0, self.max_weight=0.12
single_methods
method_type='mean_cvar_sharpe' np.sum(weights)=1.000000 active=231 weights.shape=(231,)
1.0 2021-01-04 00:00:00 1648.0748695064062 0.04863344773689823 7.087932768037919e-05 0.04863344773689815
PROGRESS	2021-01-04	231	70	0.04863344773689815	1648.0748695064062
Portfolio optimization with 23 month weight rebalancing 2020-12-01 00:00:00: : 24it [04:43, 11.57s/it]Portfolio optimization with 24 month weight rebalancing 2021-01-04 00:00:00: : 24it [04:43, 11.57s/it]self.is_all_methods=False, self.min_weight=0.0, self.max_weight=0.08
single_methods
[RC-LP] method_type='return_cvar_constraint' sum=1.0000 active=25
self.is_all_methods=False, self.min_weight=0.0, self.max_weight=0.08
single_methods
[RC-LP] method_type='return_cvar_constraint' sum=1.0000 active=27
self.is_all_methods=False, self.min_weight=0.0, self.max_weight=0.08
single_methods
[RC-LP] method_type='return_cvar_constraint' sum=1.0000 active=22
self.is_all_methods=False, self.min_weight=0.0, self.max_weight=0.08
single_methods
[RC-LP] method_type='return_cvar_constraint' sum=1.0000 active=24
self.is_all_methods=False, self.min_weight=0.0, self.max_weight=0.08
single_methods
[RC-LP] method_type='return_cvar_constraint' sum=1.0000 active=24
self.is_all_methods=False, self.min_weight=0.0, self.max_weight=0.08
single_methods
[RC-LP] method_type='return_cvar_constraint' sum=1.0000 active=22
self.is_all_methods=False, self.min_weight=0.0, self.max_weight=0.08
single_methods
[RC-LP] method_type='return_cvar_constraint' sum=1.0000 active=50
self.is_all_methods=False, self.min_weight=0.0, self.max_weight=0.08
single_methods
[RC-LP] method_type='return_cvar_constraint' sum=1.0000 active=50
self.is_all_methods=False, self.min_weight=0.0, self.max_weight=0.08
single_methods
[RC-LP] method_type='return_cvar_constraint' sum=1.0000 active=50
self.is_all_methods=False, self.min_weight=0.0, self.max_weight=0.08
single_methods
[RC-LP] method_type='return_cvar_constraint' sum=1.0000 active=48
self.is_all_methods=False, self.min_weight=0.0, self.max_weight=0.08
single_methods
[RC-LP] method_type='return_cvar_constraint' sum=1.0000 active=50
self.is_all_methods=False, self.min_weight=0.0, self.max_weight=0.08
single_methods
[RC-LP] method_type='return_cvar_constraint' sum=1.0000 active=51
self.is_all_methods=False, self.min_weight=0.0, self.max_weight=0.12
single_methods
[RC-LP] method_type='return_cvar_constraint' sum=1.0000 active=23
self.is_all_methods=False, self.min_weight=0.0, self.max_weight=0.12
single_methods
[RC-LP] method_type='return_cvar_constraint' sum=1.0000 active=23
self.is_all_methods=False, self.min_weight=0.0, self.max_weight=0.12
single_methods
[RC-LP] method_type='return_cvar_constraint' sum=1.0000 active=14
self.is_all_methods=False, self.min_weight=0.0, self.max_weight=0.12
single_methods
[RC-LP] method_type='return_cvar_constraint' sum=1.0000 active=21
self.is_all_methods=False, self.min_weight=0.0, self.max_weight=0.12
single_methods
[RC-LP] method_type='return_cvar_constraint' sum=1.0000 active=20
self.is_all_methods=False, self.min_weight=0.0, self.max_weight=0.12
single_methods
[RC-LP] method_type='return_cvar_constraint' sum=1.0000 active=19
self.is_all_methods=False, self.min_weight=0.0, self.max_weight=0.12
single_methods
[RC-LP] method_type='return_cvar_constraint' sum=1.0000 active=46
self.is_all_methods=False, self.min_weight=0.0, self.max_weight=0.12
single_methods
[RC-LP] method_type='return_cvar_constraint' sum=1.0000 active=46
self.is_all_methods=False, self.min_weight=0.0, self.max_weight=0.12
single_methods
[RC-LP] method_type='return_cvar_constraint' sum=1.0000 active=42
self.is_all_methods=False, self.min_weight=0.0, self.max_weight=0.12
single_methods
[RC-LP] method_type='return_cvar_constraint' sum=1.0000 active=43
self.is_all_methods=False, self.min_weight=0.0, self.max_weight=0.12
single_methods
[RC-LP] method_type='return_cvar_constraint' sum=1.0000 active=46
self.is_all_methods=False, self.min_weight=0.0, self.max_weight=0.12
single_methods
[RC-LP] method_type='return_cvar_constraint' sum=1.0000 active=45
self.is_all_methods=False, self.min_weight=0.0, self.max_weight=0.08
single_methods
method_type='mean_cvar_sharpe' np.sum(weights)=1.000000 active=230 weights.shape=(230,)
self.is_all_methods=False, self.min_weight=0.0, self.max_weight=0.08
single_methods
method_type='mean_cvar_sharpe' np.sum(weights)=1.000000 active=230 weights.shape=(230,)
self.is_all_methods=False, self.min_weight=0.0, self.max_weight=0.08
single_methods
method_type='mean_cvar_sharpe' np.sum(weights)=1.000000 active=230 weights.shape=(230,)
self.is_all_methods=False, self.min_weight=0.0, self.max_weight=0.08
single_methods
method_type='mean_cvar_sharpe' np.sum(weights)=1.000000 active=78 weights.shape=(230,)
self.is_all_methods=False, self.min_weight=0.0, self.max_weight=0.08
single_methods
method_type='mean_cvar_sharpe' np.sum(weights)=1.000000 active=78 weights.shape=(230,)
self.is_all_methods=False, self.min_weight=0.0, self.max_weight=0.08
single_methods
method_type='mean_cvar_sharpe' np.sum(weights)=1.000000 active=78 weights.shape=(230,)
self.is_all_methods=False, self.min_weight=0.0, self.max_weight=0.08
single_methods
method_type='mean_cvar_sharpe' np.sum(weights)=1.000000 active=169 weights.shape=(230,)
self.is_all_methods=False, self.min_weight=0.0, self.max_weight=0.08
single_methods
method_type='mean_cvar_sharpe' np.sum(weights)=1.000000 active=169 weights.shape=(230,)
self.is_all_methods=False, self.min_weight=0.0, self.max_weight=0.08
single_methods
method_type='mean_cvar_sharpe' np.sum(weights)=1.000000 active=169 weights.shape=(230,)
self.is_all_methods=False, self.min_weight=0.0, self.max_weight=0.08
single_methods
method_type='mean_cvar_sharpe' np.sum(weights)=1.000000 active=230 weights.shape=(230,)
self.is_all_methods=False, self.min_weight=0.0, self.max_weight=0.08
single_methods
method_type='mean_cvar_sharpe' np.sum(weights)=1.000000 active=230 weights.shape=(230,)
self.is_all_methods=False, self.min_weight=0.0, self.max_weight=0.08
single_methods
method_type='mean_cvar_sharpe' np.sum(weights)=1.000000 active=230 weights.shape=(230,)
self.is_all_methods=False, self.min_weight=0.0, self.max_weight=0.12
single_methods
method_type='mean_cvar_sharpe' np.sum(weights)=1.000000 active=83 weights.shape=(230,)
self.is_all_methods=False, self.min_weight=0.0, self.max_weight=0.12
single_methods
method_type='mean_cvar_sharpe' np.sum(weights)=1.000000 active=83 weights.shape=(230,)
self.is_all_methods=False, self.min_weight=0.0, self.max_weight=0.12
single_methods
method_type='mean_cvar_sharpe' np.sum(weights)=1.000000 active=83 weights.shape=(230,)
self.is_all_methods=False, self.min_weight=0.0, self.max_weight=0.12
single_methods
method_type='mean_cvar_sharpe' np.sum(weights)=1.000000 active=86 weights.shape=(230,)
self.is_all_methods=False, self.min_weight=0.0, self.max_weight=0.12
single_methods
method_type='mean_cvar_sharpe' np.sum(weights)=1.000000 active=86 weights.shape=(230,)
self.is_all_methods=False, self.min_weight=0.0, self.max_weight=0.12
single_methods
method_type='mean_cvar_sharpe' np.sum(weights)=1.000000 active=86 weights.shape=(230,)
self.is_all_methods=False, self.min_weight=0.0, self.max_weight=0.12
single_methods
method_type='mean_cvar_sharpe' np.sum(weights)=1.000000 active=82 weights.shape=(230,)
self.is_all_methods=False, self.min_weight=0.0, self.max_weight=0.12
single_methods
method_type='mean_cvar_sharpe' np.sum(weights)=1.000000 active=82 weights.shape=(230,)
self.is_all_methods=False, self.min_weight=0.0, self.max_weight=0.12
single_methods
method_type='mean_cvar_sharpe' np.sum(weights)=1.000000 active=82 weights.shape=(230,)
self.is_all_methods=False, self.min_weight=0.0, self.max_weight=0.12
single_methods
method_type='mean_cvar_sharpe' np.sum(weights)=1.000000 active=86 weights.shape=(230,)
self.is_all_methods=False, self.min_weight=0.0, self.max_weight=0.12
single_methods
method_type='mean_cvar_sharpe' np.sum(weights)=1.000000 active=86 weights.shape=(230,)
self.is_all_methods=False, self.min_weight=0.0, self.max_weight=0.12
single_methods
method_type='mean_cvar_sharpe' np.sum(weights)=1.000000 active=86 weights.shape=(230,)
1.0 2021-02-01 00:00:00 1673.723074504693 0.015562524174625884 0.00016012758105488791 0.01556252417462578
PROGRESS	2021-02-01	230	69	0.01556252417462578	1673.723074504693
Portfolio optimization with 24 month weight rebalancing 2021-01-04 00:00:00: : 25it [04:55, 11.61s/it]Portfolio optimization with 25 month weight rebalancing 2021-02-01 00:00:00: : 25it [04:55, 11.61s/it]self.is_all_methods=False, self.min_weight=0.0, self.max_weight=0.08
single_methods
[RC-LP] method_type='return_cvar_constraint' sum=1.0000 active=26
self.is_all_methods=False, self.min_weight=0.0, self.max_weight=0.08
single_methods
[RC-LP] method_type='return_cvar_constraint' sum=1.0000 active=26
self.is_all_methods=False, self.min_weight=0.0, self.max_weight=0.08
single_methods
[RC-LP] method_type='return_cvar_constraint' sum=1.0000 active=26
self.is_all_methods=False, self.min_weight=0.0, self.max_weight=0.08
single_methods
[RC-LP] method_type='return_cvar_constraint' sum=1.0000 active=25
self.is_all_methods=False, self.min_weight=0.0, self.max_weight=0.08
single_methods
[RC-LP] method_type='return_cvar_constraint' sum=1.0000 active=26
self.is_all_methods=False, self.min_weight=0.0, self.max_weight=0.08
single_methods
[RC-LP] method_type='return_cvar_constraint' sum=1.0000 active=26
self.is_all_methods=False, self.min_weight=0.0, self.max_weight=0.08
single_methods
[RC-LP] method_type='return_cvar_constraint' sum=1.0000 active=49
self.is_all_methods=False, self.min_weight=0.0, self.max_weight=0.08
single_methods
[RC-LP] method_type='return_cvar_constraint' sum=1.0000 active=50
self.is_all_methods=False, self.min_weight=0.0, self.max_weight=0.08
single_methods
[RC-LP] method_type='return_cvar_constraint' sum=1.0000 active=57
self.is_all_methods=False, self.min_weight=0.0, self.max_weight=0.08
single_methods
[RC-LP] method_type='return_cvar_constraint' sum=1.0000 active=47
self.is_all_methods=False, self.min_weight=0.0, self.max_weight=0.08
single_methods
[RC-LP] method_type='return_cvar_constraint' sum=1.0000 active=50
self.is_all_methods=False, self.min_weight=0.0, self.max_weight=0.08
single_methods
[RC-LP] method_type='return_cvar_constraint' sum=1.0000 active=50
self.is_all_methods=False, self.min_weight=0.0, self.max_weight=0.12
single_methods
[RC-LP] method_type='return_cvar_constraint' sum=1.0000 active=21
self.is_all_methods=False, self.min_weight=0.0, self.max_weight=0.12
single_methods
[RC-LP] method_type='return_cvar_constraint' sum=1.0000 active=22
self.is_all_methods=False, self.min_weight=0.0, self.max_weight=0.12
single_methods
[RC-LP] method_type='return_cvar_constraint' sum=1.0000 active=21
self.is_all_methods=False, self.min_weight=0.0, self.max_weight=0.12
single_methods
[RC-LP] method_type='return_cvar_constraint' sum=1.0000 active=22
self.is_all_methods=False, self.min_weight=0.0, self.max_weight=0.12
single_methods
[RC-LP] method_type='return_cvar_constraint' sum=1.0000 active=21
self.is_all_methods=False, self.min_weight=0.0, self.max_weight=0.12
single_methods
[RC-LP] method_type='return_cvar_constraint' sum=1.0000 active=21
self.is_all_methods=False, self.min_weight=0.0, self.max_weight=0.12
single_methods
[RC-LP] method_type='return_cvar_constraint' sum=1.0000 active=46
self.is_all_methods=False, self.min_weight=0.0, self.max_weight=0.12
single_methods
[RC-LP] method_type='return_cvar_constraint' sum=1.0000 active=46
self.is_all_methods=False, self.min_weight=0.0, self.max_weight=0.12
single_methods
[RC-LP] method_type='return_cvar_constraint' sum=1.0000 active=45
self.is_all_methods=False, self.min_weight=0.0, self.max_weight=0.12
single_methods
[RC-LP] method_type='return_cvar_constraint' sum=1.0000 active=44
self.is_all_methods=False, self.min_weight=0.0, self.max_weight=0.12
single_methods
[RC-LP] method_type='return_cvar_constraint' sum=1.0000 active=45
self.is_all_methods=False, self.min_weight=0.0, self.max_weight=0.12
single_methods
[RC-LP] method_type='return_cvar_constraint' sum=1.0000 active=44
self.is_all_methods=False, self.min_weight=0.0, self.max_weight=0.08
single_methods
method_type='mean_cvar_sharpe' np.sum(weights)=1.000000 active=170 weights.shape=(231,)
self.is_all_methods=False, self.min_weight=0.0, self.max_weight=0.08
single_methods
method_type='mean_cvar_sharpe' np.sum(weights)=1.000000 active=170 weights.shape=(231,)
self.is_all_methods=False, self.min_weight=0.0, self.max_weight=0.08
single_methods
method_type='mean_cvar_sharpe' np.sum(weights)=1.000000 active=170 weights.shape=(231,)
self.is_all_methods=False, self.min_weight=0.0, self.max_weight=0.08
single_methods
method_type='mean_cvar_sharpe' np.sum(weights)=1.000000 active=80 weights.shape=(231,)
self.is_all_methods=False, self.min_weight=0.0, self.max_weight=0.08
single_methods
method_type='mean_cvar_sharpe' np.sum(weights)=1.000000 active=80 weights.shape=(231,)
self.is_all_methods=False, self.min_weight=0.0, self.max_weight=0.08
single_methods
method_type='mean_cvar_sharpe' np.sum(weights)=1.000000 active=80 weights.shape=(231,)
self.is_all_methods=False, self.min_weight=0.0, self.max_weight=0.08
single_methods
method_type='mean_cvar_sharpe' np.sum(weights)=1.000000 active=79 weights.shape=(231,)
self.is_all_methods=False, self.min_weight=0.0, self.max_weight=0.08
single_methods
method_type='mean_cvar_sharpe' np.sum(weights)=1.000000 active=79 weights.shape=(231,)
self.is_all_methods=False, self.min_weight=0.0, self.max_weight=0.08
single_methods
method_type='mean_cvar_sharpe' np.sum(weights)=1.000000 active=79 weights.shape=(231,)
self.is_all_methods=False, self.min_weight=0.0, self.max_weight=0.08
single_methods
method_type='mean_cvar_sharpe' np.sum(weights)=1.000000 active=80 weights.shape=(231,)
self.is_all_methods=False, self.min_weight=0.0, self.max_weight=0.08
single_methods
method_type='mean_cvar_sharpe' np.sum(weights)=1.000000 active=80 weights.shape=(231,)
self.is_all_methods=False, self.min_weight=0.0, self.max_weight=0.08
single_methods
method_type='mean_cvar_sharpe' np.sum(weights)=1.000000 active=80 weights.shape=(231,)
self.is_all_methods=False, self.min_weight=0.0, self.max_weight=0.12
single_methods
method_type='mean_cvar_sharpe' np.sum(weights)=1.000000 active=164 weights.shape=(231,)
self.is_all_methods=False, self.min_weight=0.0, self.max_weight=0.12
single_methods
method_type='mean_cvar_sharpe' np.sum(weights)=1.000000 active=164 weights.shape=(231,)
self.is_all_methods=False, self.min_weight=0.0, self.max_weight=0.12
single_methods
method_type='mean_cvar_sharpe' np.sum(weights)=1.000000 active=164 weights.shape=(231,)
self.is_all_methods=False, self.min_weight=0.0, self.max_weight=0.12
single_methods
method_type='mean_cvar_sharpe' np.sum(weights)=1.000000 active=116 weights.shape=(231,)
self.is_all_methods=False, self.min_weight=0.0, self.max_weight=0.12
single_methods
method_type='mean_cvar_sharpe' np.sum(weights)=1.000000 active=116 weights.shape=(231,)
self.is_all_methods=False, self.min_weight=0.0, self.max_weight=0.12
single_methods
method_type='mean_cvar_sharpe' np.sum(weights)=1.000000 active=116 weights.shape=(231,)
self.is_all_methods=False, self.min_weight=0.0, self.max_weight=0.12
single_methods
method_type='mean_cvar_sharpe' np.sum(weights)=1.000000 active=159 weights.shape=(231,)
self.is_all_methods=False, self.min_weight=0.0, self.max_weight=0.12
single_methods
method_type='mean_cvar_sharpe' np.sum(weights)=1.000000 active=159 weights.shape=(231,)
self.is_all_methods=False, self.min_weight=0.0, self.max_weight=0.12
single_methods
method_type='mean_cvar_sharpe' np.sum(weights)=1.000000 active=159 weights.shape=(231,)
self.is_all_methods=False, self.min_weight=0.0, self.max_weight=0.12
single_methods
method_type='mean_cvar_sharpe' np.sum(weights)=1.000000 active=127 weights.shape=(231,)
self.is_all_methods=False, self.min_weight=0.0, self.max_weight=0.12
single_methods
method_type='mean_cvar_sharpe' np.sum(weights)=1.000000 active=127 weights.shape=(231,)
self.is_all_methods=False, self.min_weight=0.0, self.max_weight=0.12
single_methods
method_type='mean_cvar_sharpe' np.sum(weights)=1.000000 active=127 weights.shape=(231,)
1.0 2021-03-01 00:00:00 1699.195336562721 0.01521892267964704 0.00012447278372200866 0.015218922679647084
PROGRESS	2021-03-01	231	61	0.015218922679647084	1699.195336562721
Portfolio optimization with 25 month weight rebalancing 2021-02-01 00:00:00: : 26it [05:06, 11.23s/it]Portfolio optimization with 26 month weight rebalancing 2021-03-01 00:00:00: : 26it [05:06, 11.23s/it]self.is_all_methods=False, self.min_weight=0.0, self.max_weight=0.08
single_methods
[RC-LP] method_type='return_cvar_constraint' sum=1.0000 active=16
self.is_all_methods=False, self.min_weight=0.0, self.max_weight=0.08
single_methods
[RC-LP] method_type='return_cvar_constraint' sum=1.0000 active=16
self.is_all_methods=False, self.min_weight=0.0, self.max_weight=0.08
single_methods
[RC-LP] method_type='return_cvar_constraint' sum=1.0000 active=16
self.is_all_methods=False, self.min_weight=0.0, self.max_weight=0.08
single_methods
[RC-LP] method_type='return_cvar_constraint' sum=1.0000 active=16
self.is_all_methods=False, self.min_weight=0.0, self.max_weight=0.08
single_methods
[RC-LP] method_type='return_cvar_constraint' sum=1.0000 active=16
self.is_all_methods=False, self.min_weight=0.0, self.max_weight=0.08
single_methods
[RC-LP] method_type='return_cvar_constraint' sum=1.0000 active=16
self.is_all_methods=False, self.min_weight=0.0, self.max_weight=0.08
single_methods
[RC-LP] method_type='return_cvar_constraint' sum=1.0000 active=27
self.is_all_methods=False, self.min_weight=0.0, self.max_weight=0.08
single_methods
[RC-LP] method_type='return_cvar_constraint' sum=1.0000 active=26
self.is_all_methods=False, self.min_weight=0.0, self.max_weight=0.08
single_methods
[RC-LP] method_type='return_cvar_constraint' sum=1.0000 active=26
self.is_all_methods=False, self.min_weight=0.0, self.max_weight=0.08
single_methods
[RC-LP] method_type='return_cvar_constraint' sum=1.0000 active=24
self.is_all_methods=False, self.min_weight=0.0, self.max_weight=0.08
single_methods
[RC-LP] method_type='return_cvar_constraint' sum=1.0000 active=26
self.is_all_methods=False, self.min_weight=0.0, self.max_weight=0.08
single_methods
[RC-LP] method_type='return_cvar_constraint' sum=1.0000 active=26
self.is_all_methods=False, self.min_weight=0.0, self.max_weight=0.12
single_methods
[RC-LP] method_type='return_cvar_constraint' sum=1.0000 active=10
self.is_all_methods=False, self.min_weight=0.0, self.max_weight=0.12
single_methods
[RC-LP] method_type='return_cvar_constraint' sum=1.0000 active=10
self.is_all_methods=False, self.min_weight=0.0, self.max_weight=0.12
single_methods
[RC-LP] method_type='return_cvar_constraint' sum=1.0000 active=10
self.is_all_methods=False, self.min_weight=0.0, self.max_weight=0.12
single_methods
[RC-LP] method_type='return_cvar_constraint' sum=1.0000 active=10
self.is_all_methods=False, self.min_weight=0.0, self.max_weight=0.12
single_methods
[RC-LP] method_type='return_cvar_constraint' sum=1.0000 active=10
self.is_all_methods=False, self.min_weight=0.0, self.max_weight=0.12
single_methods
[RC-LP] method_type='return_cvar_constraint' sum=1.0000 active=10
self.is_all_methods=False, self.min_weight=0.0, self.max_weight=0.12
single_methods
[RC-LP] method_type='return_cvar_constraint' sum=1.0000 active=17
self.is_all_methods=False, self.min_weight=0.0, self.max_weight=0.12
single_methods
[RC-LP] method_type='return_cvar_constraint' sum=1.0000 active=17
self.is_all_methods=False, self.min_weight=0.0, self.max_weight=0.12
single_methods
[RC-LP] method_type='return_cvar_constraint' sum=1.0000 active=17
self.is_all_methods=False, self.min_weight=0.0, self.max_weight=0.12
single_methods
[RC-LP] method_type='return_cvar_constraint' sum=1.0000 active=17
self.is_all_methods=False, self.min_weight=0.0, self.max_weight=0.12
single_methods
[RC-LP] method_type='return_cvar_constraint' sum=1.0000 active=17
self.is_all_methods=False, self.min_weight=0.0, self.max_weight=0.12
single_methods
[RC-LP] method_type='return_cvar_constraint' sum=1.0000 active=17
self.is_all_methods=False, self.min_weight=0.0, self.max_weight=0.08
single_methods
method_type='mean_cvar_sharpe' np.sum(weights)=1.000000 active=235 weights.shape=(235,)
self.is_all_methods=False, self.min_weight=0.0, self.max_weight=0.08
single_methods
method_type='mean_cvar_sharpe' np.sum(weights)=1.000000 active=235 weights.shape=(235,)
self.is_all_methods=False, self.min_weight=0.0, self.max_weight=0.08
single_methods
method_type='mean_cvar_sharpe' np.sum(weights)=1.000000 active=235 weights.shape=(235,)
self.is_all_methods=False, self.min_weight=0.0, self.max_weight=0.08
single_methods
method_type='mean_cvar_sharpe' np.sum(weights)=1.000000 active=20 weights.shape=(235,)
self.is_all_methods=False, self.min_weight=0.0, self.max_weight=0.08
single_methods
method_type='mean_cvar_sharpe' np.sum(weights)=1.000000 active=20 weights.shape=(235,)
self.is_all_methods=False, self.min_weight=0.0, self.max_weight=0.08
single_methods
method_type='mean_cvar_sharpe' np.sum(weights)=1.000000 active=20 weights.shape=(235,)
self.is_all_methods=False, self.min_weight=0.0, self.max_weight=0.08
single_methods
method_type='mean_cvar_sharpe' np.sum(weights)=1.000000 active=32 weights.shape=(235,)
self.is_all_methods=False, self.min_weight=0.0, self.max_weight=0.08
single_methods
method_type='mean_cvar_sharpe' np.sum(weights)=1.000000 active=32 weights.shape=(235,)
self.is_all_methods=False, self.min_weight=0.0, self.max_weight=0.08
single_methods
method_type='mean_cvar_sharpe' np.sum(weights)=1.000000 active=32 weights.shape=(235,)
self.is_all_methods=False, self.min_weight=0.0, self.max_weight=0.08
single_methods
method_type='mean_cvar_sharpe' np.sum(weights)=1.000000 active=235 weights.shape=(235,)
self.is_all_methods=False, self.min_weight=0.0, self.max_weight=0.08
single_methods
method_type='mean_cvar_sharpe' np.sum(weights)=1.000000 active=235 weights.shape=(235,)
self.is_all_methods=False, self.min_weight=0.0, self.max_weight=0.08
single_methods
method_type='mean_cvar_sharpe' np.sum(weights)=1.000000 active=235 weights.shape=(235,)
self.is_all_methods=False, self.min_weight=0.0, self.max_weight=0.12
single_methods
method_type='mean_cvar_sharpe' np.sum(weights)=1.000000 active=228 weights.shape=(235,)
self.is_all_methods=False, self.min_weight=0.0, self.max_weight=0.12
single_methods
method_type='mean_cvar_sharpe' np.sum(weights)=1.000000 active=228 weights.shape=(235,)
self.is_all_methods=False, self.min_weight=0.0, self.max_weight=0.12
single_methods
method_type='mean_cvar_sharpe' np.sum(weights)=1.000000 active=228 weights.shape=(235,)
self.is_all_methods=False, self.min_weight=0.0, self.max_weight=0.12
single_methods
method_type='mean_cvar_sharpe' np.sum(weights)=1.000000 active=232 weights.shape=(235,)
self.is_all_methods=False, self.min_weight=0.0, self.max_weight=0.12
single_methods
method_type='mean_cvar_sharpe' np.sum(weights)=1.000000 active=232 weights.shape=(235,)
self.is_all_methods=False, self.min_weight=0.0, self.max_weight=0.12
single_methods
method_type='mean_cvar_sharpe' np.sum(weights)=1.000000 active=232 weights.shape=(235,)
self.is_all_methods=False, self.min_weight=0.0, self.max_weight=0.12
single_methods
method_type='mean_cvar_sharpe' np.sum(weights)=1.000000 active=218 weights.shape=(235,)
self.is_all_methods=False, self.min_weight=0.0, self.max_weight=0.12
single_methods
method_type='mean_cvar_sharpe' np.sum(weights)=1.000000 active=218 weights.shape=(235,)
self.is_all_methods=False, self.min_weight=0.0, self.max_weight=0.12
single_methods
method_type='mean_cvar_sharpe' np.sum(weights)=1.000000 active=218 weights.shape=(235,)
self.is_all_methods=False, self.min_weight=0.0, self.max_weight=0.12
single_methods
method_type='mean_cvar_sharpe' np.sum(weights)=1.000000 active=25 weights.shape=(235,)
self.is_all_methods=False, self.min_weight=0.0, self.max_weight=0.12
single_methods
method_type='mean_cvar_sharpe' np.sum(weights)=1.000000 active=25 weights.shape=(235,)
self.is_all_methods=False, self.min_weight=0.0, self.max_weight=0.12
single_methods
method_type='mean_cvar_sharpe' np.sum(weights)=1.000000 active=25 weights.shape=(235,)
self.is_all_methods=False, self.min_weight=0.0, self.max_weight=0.08
single_methods
[RC-LP] method_type='return_cvar_constraint' sum=1.0000 active=17
0.25 2021-04-01 00:00:00 1690.223114984191 -0.005280276720085587 0.00026351174471185394 -0.005280276720085575
PROGRESS	2021-04-01	235	16	-0.005280276720085575	1690.223114984191
Portfolio optimization with 26 month weight rebalancing 2021-03-01 00:00:00: : 27it [05:17, 11.40s/it]Portfolio optimization with 27 month weight rebalancing 2021-04-01 00:00:00: : 27it [05:17, 11.40s/it]self.is_all_methods=False, self.min_weight=0.0, self.max_weight=0.08
single_methods
[RC-LP] method_type='return_cvar_constraint' sum=1.0000 active=30
self.is_all_methods=False, self.min_weight=0.0, self.max_weight=0.08
single_methods
[RC-LP] method_type='return_cvar_constraint' sum=1.0000 active=30
self.is_all_methods=False, self.min_weight=0.0, self.max_weight=0.08
single_methods
[RC-LP] method_type='return_cvar_constraint' sum=1.0000 active=30
self.is_all_methods=False, self.min_weight=0.0, self.max_weight=0.08
single_methods
[RC-LP] method_type='return_cvar_constraint' sum=1.0000 active=30
self.is_all_methods=False, self.min_weight=0.0, self.max_weight=0.08
single_methods
[RC-LP] method_type='return_cvar_constraint' sum=1.0000 active=30
self.is_all_methods=False, self.min_weight=0.0, self.max_weight=0.08
single_methods
[RC-LP] method_type='return_cvar_constraint' sum=1.0000 active=30
self.is_all_methods=False, self.min_weight=0.0, self.max_weight=0.08
single_methods
[RC-LP] method_type='return_cvar_constraint' sum=1.0000 active=49
self.is_all_methods=False, self.min_weight=0.0, self.max_weight=0.08
single_methods
[RC-LP] method_type='return_cvar_constraint' sum=1.0000 active=49
self.is_all_methods=False, self.min_weight=0.0, self.max_weight=0.08
single_methods
[RC-LP] method_type='return_cvar_constraint' sum=1.0000 active=49
self.is_all_methods=False, self.min_weight=0.0, self.max_weight=0.08
single_methods
[RC-LP] method_type='return_cvar_constraint' sum=1.0000 active=49
self.is_all_methods=False, self.min_weight=0.0, self.max_weight=0.08
single_methods
[RC-LP] method_type='return_cvar_constraint' sum=1.0000 active=49
self.is_all_methods=False, self.min_weight=0.0, self.max_weight=0.08
single_methods
[RC-LP] method_type='return_cvar_constraint' sum=1.0000 active=49
self.is_all_methods=False, self.min_weight=0.0, self.max_weight=0.12
single_methods
[RC-LP] method_type='return_cvar_constraint' sum=1.0000 active=26
self.is_all_methods=False, self.min_weight=0.0, self.max_weight=0.12
single_methods
[RC-LP] method_type='return_cvar_constraint' sum=1.0000 active=26
self.is_all_methods=False, self.min_weight=0.0, self.max_weight=0.12
single_methods
[RC-LP] method_type='return_cvar_constraint' sum=1.0000 active=26
self.is_all_methods=False, self.min_weight=0.0, self.max_weight=0.12
single_methods
[RC-LP] method_type='return_cvar_constraint' sum=1.0000 active=26
self.is_all_methods=False, self.min_weight=0.0, self.max_weight=0.12
single_methods
[RC-LP] method_type='return_cvar_constraint' sum=1.0000 active=26
self.is_all_methods=False, self.min_weight=0.0, self.max_weight=0.12
single_methods
[RC-LP] method_type='return_cvar_constraint' sum=1.0000 active=26
self.is_all_methods=False, self.min_weight=0.0, self.max_weight=0.12
single_methods
[RC-LP] method_type='return_cvar_constraint' sum=1.0000 active=44
self.is_all_methods=False, self.min_weight=0.0, self.max_weight=0.12
single_methods
[RC-LP] method_type='return_cvar_constraint' sum=1.0000 active=44
self.is_all_methods=False, self.min_weight=0.0, self.max_weight=0.12
single_methods
[RC-LP] method_type='return_cvar_constraint' sum=1.0000 active=44
self.is_all_methods=False, self.min_weight=0.0, self.max_weight=0.12
single_methods
[RC-LP] method_type='return_cvar_constraint' sum=1.0000 active=44
self.is_all_methods=False, self.min_weight=0.0, self.max_weight=0.12
single_methods
[RC-LP] method_type='return_cvar_constraint' sum=1.0000 active=44
self.is_all_methods=False, self.min_weight=0.0, self.max_weight=0.12
single_methods
[RC-LP] method_type='return_cvar_constraint' sum=1.0000 active=44
self.is_all_methods=False, self.min_weight=0.0, self.max_weight=0.08
single_methods
method_type='mean_cvar_sharpe' np.sum(weights)=1.000000 active=52 weights.shape=(240,)
self.is_all_methods=False, self.min_weight=0.0, self.max_weight=0.08
single_methods
method_type='mean_cvar_sharpe' np.sum(weights)=1.000000 active=52 weights.shape=(240,)
self.is_all_methods=False, self.min_weight=0.0, self.max_weight=0.08
single_methods
method_type='mean_cvar_sharpe' np.sum(weights)=1.000000 active=52 weights.shape=(240,)
self.is_all_methods=False, self.min_weight=0.0, self.max_weight=0.08
single_methods
method_type='mean_cvar_sharpe' np.sum(weights)=1.000000 active=197 weights.shape=(240,)
self.is_all_methods=False, self.min_weight=0.0, self.max_weight=0.08
single_methods
method_type='mean_cvar_sharpe' np.sum(weights)=1.000000 active=197 weights.shape=(240,)
self.is_all_methods=False, self.min_weight=0.0, self.max_weight=0.08
single_methods
method_type='mean_cvar_sharpe' np.sum(weights)=1.000000 active=197 weights.shape=(240,)
self.is_all_methods=False, self.min_weight=0.0, self.max_weight=0.08
single_methods
method_type='mean_cvar_sharpe' np.sum(weights)=1.000000 active=52 weights.shape=(240,)
self.is_all_methods=False, self.min_weight=0.0, self.max_weight=0.08
single_methods
method_type='mean_cvar_sharpe' np.sum(weights)=1.000000 active=52 weights.shape=(240,)
self.is_all_methods=False, self.min_weight=0.0, self.max_weight=0.08
single_methods
method_type='mean_cvar_sharpe' np.sum(weights)=1.000000 active=52 weights.shape=(240,)
self.is_all_methods=False, self.min_weight=0.0, self.max_weight=0.08
single_methods
method_type='mean_cvar_sharpe' np.sum(weights)=1.000000 active=57 weights.shape=(240,)
self.is_all_methods=False, self.min_weight=0.0, self.max_weight=0.08
single_methods
method_type='mean_cvar_sharpe' np.sum(weights)=1.000000 active=57 weights.shape=(240,)
self.is_all_methods=False, self.min_weight=0.0, self.max_weight=0.08
single_methods
method_type='mean_cvar_sharpe' np.sum(weights)=1.000000 active=57 weights.shape=(240,)
self.is_all_methods=False, self.min_weight=0.0, self.max_weight=0.12
single_methods
method_type='mean_cvar_sharpe' np.sum(weights)=1.000000 active=240 weights.shape=(240,)
self.is_all_methods=False, self.min_weight=0.0, self.max_weight=0.12
single_methods
method_type='mean_cvar_sharpe' np.sum(weights)=1.000000 active=240 weights.shape=(240,)
self.is_all_methods=False, self.min_weight=0.0, self.max_weight=0.12
single_methods
method_type='mean_cvar_sharpe' np.sum(weights)=1.000000 active=240 weights.shape=(240,)
self.is_all_methods=False, self.min_weight=0.0, self.max_weight=0.12
single_methods
method_type='mean_cvar_sharpe' np.sum(weights)=1.000000 active=67 weights.shape=(240,)
self.is_all_methods=False, self.min_weight=0.0, self.max_weight=0.12
single_methods
method_type='mean_cvar_sharpe' np.sum(weights)=1.000000 active=67 weights.shape=(240,)
self.is_all_methods=False, self.min_weight=0.0, self.max_weight=0.12
single_methods
method_type='mean_cvar_sharpe' np.sum(weights)=1.000000 active=67 weights.shape=(240,)
self.is_all_methods=False, self.min_weight=0.0, self.max_weight=0.12
single_methods
method_type='mean_cvar_sharpe' np.sum(weights)=1.000000 active=240 weights.shape=(240,)
self.is_all_methods=False, self.min_weight=0.0, self.max_weight=0.12
single_methods
method_type='mean_cvar_sharpe' np.sum(weights)=1.000000 active=240 weights.shape=(240,)
self.is_all_methods=False, self.min_weight=0.0, self.max_weight=0.12
single_methods
method_type='mean_cvar_sharpe' np.sum(weights)=1.000000 active=240 weights.shape=(240,)
self.is_all_methods=False, self.min_weight=0.0, self.max_weight=0.12
single_methods
method_type='mean_cvar_sharpe' np.sum(weights)=1.000000 active=67 weights.shape=(240,)
self.is_all_methods=False, self.min_weight=0.0, self.max_weight=0.12
single_methods
method_type='mean_cvar_sharpe' np.sum(weights)=1.000000 active=67 weights.shape=(240,)
self.is_all_methods=False, self.min_weight=0.0, self.max_weight=0.12
single_methods
method_type='mean_cvar_sharpe' np.sum(weights)=1.000000 active=67 weights.shape=(240,)
1.0 2021-05-03 00:00:00 1721.1019342371712 0.018269078785654223 0.00014325975552429473 0.018269078785654314
PROGRESS	2021-05-03	240	60	0.018269078785654314	1721.1019342371712
Portfolio optimization with 27 month weight rebalancing 2021-04-01 00:00:00: : 28it [05:28, 11.33s/it]Portfolio optimization with 28 month weight rebalancing 2021-05-03 00:00:00: : 28it [05:28, 11.33s/it]self.is_all_methods=False, self.min_weight=0.0, self.max_weight=0.08
single_methods
[RC-LP] method_type='return_cvar_constraint' sum=1.0000 active=14
self.is_all_methods=False, self.min_weight=0.0, self.max_weight=0.08
single_methods
[RC-LP] method_type='return_cvar_constraint' sum=1.0000 active=14
self.is_all_methods=False, self.min_weight=0.0, self.max_weight=0.08
single_methods
[RC-LP] method_type='return_cvar_constraint' sum=1.0000 active=14
self.is_all_methods=False, self.min_weight=0.0, self.max_weight=0.08
single_methods
[RC-LP] method_type='return_cvar_constraint' sum=1.0000 active=14
self.is_all_methods=False, self.min_weight=0.0, self.max_weight=0.08
single_methods
[RC-LP] method_type='return_cvar_constraint' sum=1.0000 active=14
self.is_all_methods=False, self.min_weight=0.0, self.max_weight=0.08
single_methods
[RC-LP] method_type='return_cvar_constraint' sum=1.0000 active=14
self.is_all_methods=False, self.min_weight=0.0, self.max_weight=0.08
single_methods
[RC-LP] method_type='return_cvar_constraint' sum=1.0000 active=42
self.is_all_methods=False, self.min_weight=0.0, self.max_weight=0.08
single_methods
[RC-LP] method_type='return_cvar_constraint' sum=1.0000 active=25
self.is_all_methods=False, self.min_weight=0.0, self.max_weight=0.08
single_methods
[RC-LP] method_type='return_cvar_constraint' sum=1.0000 active=25
self.is_all_methods=False, self.min_weight=0.0, self.max_weight=0.08
single_methods
[RC-LP] method_type='return_cvar_constraint' sum=1.0000 active=44
self.is_all_methods=False, self.min_weight=0.0, self.max_weight=0.08
single_methods
[RC-LP] method_type='return_cvar_constraint' sum=1.0000 active=25
self.is_all_methods=False, self.min_weight=0.0, self.max_weight=0.08
single_methods
[RC-LP] method_type='return_cvar_constraint' sum=1.0000 active=25
self.is_all_methods=False, self.min_weight=0.0, self.max_weight=0.12
single_methods
[RC-LP] method_type='return_cvar_constraint' sum=1.0000 active=13
self.is_all_methods=False, self.min_weight=0.0, self.max_weight=0.12
single_methods
[RC-LP] method_type='return_cvar_constraint' sum=1.0000 active=13
self.is_all_methods=False, self.min_weight=0.0, self.max_weight=0.12
single_methods
[RC-LP] method_type='return_cvar_constraint' sum=1.0000 active=13
self.is_all_methods=False, self.min_weight=0.0, self.max_weight=0.12
single_methods
[RC-LP] method_type='return_cvar_constraint' sum=1.0000 active=13
self.is_all_methods=False, self.min_weight=0.0, self.max_weight=0.12
single_methods
[RC-LP] method_type='return_cvar_constraint' sum=1.0000 active=13
self.is_all_methods=False, self.min_weight=0.0, self.max_weight=0.12
single_methods
[RC-LP] method_type='return_cvar_constraint' sum=1.0000 active=13
self.is_all_methods=False, self.min_weight=0.0, self.max_weight=0.12
single_methods
[RC-LP] method_type='return_cvar_constraint' sum=1.0000 active=21
self.is_all_methods=False, self.min_weight=0.0, self.max_weight=0.12
single_methods
[RC-LP] method_type='return_cvar_constraint' sum=1.0000 active=21
self.is_all_methods=False, self.min_weight=0.0, self.max_weight=0.12
single_methods
[RC-LP] method_type='return_cvar_constraint' sum=1.0000 active=21
self.is_all_methods=False, self.min_weight=0.0, self.max_weight=0.12
single_methods
[RC-LP] method_type='return_cvar_constraint' sum=1.0000 active=21
self.is_all_methods=False, self.min_weight=0.0, self.max_weight=0.12
single_methods
[RC-LP] method_type='return_cvar_constraint' sum=1.0000 active=20
self.is_all_methods=False, self.min_weight=0.0, self.max_weight=0.12
single_methods
[RC-LP] method_type='return_cvar_constraint' sum=1.0000 active=21
self.is_all_methods=False, self.min_weight=0.0, self.max_weight=0.08
single_methods
method_type='mean_cvar_sharpe' np.sum(weights)=1.000000 active=239 weights.shape=(239,)
self.is_all_methods=False, self.min_weight=0.0, self.max_weight=0.08
single_methods
method_type='mean_cvar_sharpe' np.sum(weights)=1.000000 active=239 weights.shape=(239,)
self.is_all_methods=False, self.min_weight=0.0, self.max_weight=0.08
single_methods
method_type='mean_cvar_sharpe' np.sum(weights)=1.000000 active=239 weights.shape=(239,)
self.is_all_methods=False, self.min_weight=0.0, self.max_weight=0.08
single_methods
method_type='mean_cvar_sharpe' np.sum(weights)=1.000000 active=202 weights.shape=(239,)
self.is_all_methods=False, self.min_weight=0.0, self.max_weight=0.08
single_methods
method_type='mean_cvar_sharpe' np.sum(weights)=1.000000 active=202 weights.shape=(239,)
self.is_all_methods=False, self.min_weight=0.0, self.max_weight=0.08
single_methods
method_type='mean_cvar_sharpe' np.sum(weights)=1.000000 active=202 weights.shape=(239,)
self.is_all_methods=False, self.min_weight=0.0, self.max_weight=0.08
single_methods
method_type='mean_cvar_sharpe' np.sum(weights)=1.000000 active=204 weights.shape=(239,)
self.is_all_methods=False, self.min_weight=0.0, self.max_weight=0.08
single_methods
method_type='mean_cvar_sharpe' np.sum(weights)=1.000000 active=204 weights.shape=(239,)
self.is_all_methods=False, self.min_weight=0.0, self.max_weight=0.08
single_methods
method_type='mean_cvar_sharpe' np.sum(weights)=1.000000 active=204 weights.shape=(239,)
self.is_all_methods=False, self.min_weight=0.0, self.max_weight=0.08
single_methods
method_type='mean_cvar_sharpe' np.sum(weights)=1.000000 active=59 weights.shape=(239,)
self.is_all_methods=False, self.min_weight=0.0, self.max_weight=0.08
single_methods
method_type='mean_cvar_sharpe' np.sum(weights)=1.000000 active=59 weights.shape=(239,)
self.is_all_methods=False, self.min_weight=0.0, self.max_weight=0.08
single_methods
method_type='mean_cvar_sharpe' np.sum(weights)=1.000000 active=59 weights.shape=(239,)
self.is_all_methods=False, self.min_weight=0.0, self.max_weight=0.12
single_methods
method_type='mean_cvar_sharpe' np.sum(weights)=1.000000 active=239 weights.shape=(239,)
self.is_all_methods=False, self.min_weight=0.0, self.max_weight=0.12
single_methods
method_type='mean_cvar_sharpe' np.sum(weights)=1.000000 active=239 weights.shape=(239,)
self.is_all_methods=False, self.min_weight=0.0, self.max_weight=0.12
single_methods
method_type='mean_cvar_sharpe' np.sum(weights)=1.000000 active=239 weights.shape=(239,)
self.is_all_methods=False, self.min_weight=0.0, self.max_weight=0.12
single_methods
method_type='mean_cvar_sharpe' np.sum(weights)=1.000000 active=58 weights.shape=(239,)
self.is_all_methods=False, self.min_weight=0.0, self.max_weight=0.12
single_methods
method_type='mean_cvar_sharpe' np.sum(weights)=1.000000 active=58 weights.shape=(239,)
self.is_all_methods=False, self.min_weight=0.0, self.max_weight=0.12
single_methods
method_type='mean_cvar_sharpe' np.sum(weights)=1.000000 active=58 weights.shape=(239,)
self.is_all_methods=False, self.min_weight=0.0, self.max_weight=0.12
single_methods
method_type='mean_cvar_sharpe' np.sum(weights)=1.000000 active=239 weights.shape=(239,)
self.is_all_methods=False, self.min_weight=0.0, self.max_weight=0.12
single_methods
method_type='mean_cvar_sharpe' np.sum(weights)=1.000000 active=239 weights.shape=(239,)
self.is_all_methods=False, self.min_weight=0.0, self.max_weight=0.12
single_methods
method_type='mean_cvar_sharpe' np.sum(weights)=1.000000 active=239 weights.shape=(239,)
self.is_all_methods=False, self.min_weight=0.0, self.max_weight=0.12
single_methods
method_type='mean_cvar_sharpe' np.sum(weights)=1.000000 active=59 weights.shape=(239,)
self.is_all_methods=False, self.min_weight=0.0, self.max_weight=0.12
single_methods
method_type='mean_cvar_sharpe' np.sum(weights)=1.000000 active=59 weights.shape=(239,)
self.is_all_methods=False, self.min_weight=0.0, self.max_weight=0.12
single_methods
method_type='mean_cvar_sharpe' np.sum(weights)=1.000000 active=59 weights.shape=(239,)
self.is_all_methods=False, self.min_weight=0.0, self.max_weight=0.12
single_methods
[RC-LP] method_type='return_cvar_constraint' sum=1.0000 active=10
0.25 2021-06-01 00:00:00 1696.109083468833 -0.014521423903585115 0.00029150409471688537 -0.014521423903585129
PROGRESS	2021-06-01	239	10	-0.014521423903585129	1696.109083468833
Portfolio optimization with 28 month weight rebalancing 2021-05-03 00:00:00: : 29it [05:46, 13.18s/it]Portfolio optimization with 29 month weight rebalancing 2021-06-01 00:00:00: : 29it [05:46, 13.18s/it]self.is_all_methods=False, self.min_weight=0.0, self.max_weight=0.08
single_methods
[RC-LP] method_type='return_cvar_constraint' sum=1.0000 active=21
self.is_all_methods=False, self.min_weight=0.0, self.max_weight=0.08
single_methods
[RC-LP] method_type='return_cvar_constraint' sum=1.0000 active=22
self.is_all_methods=False, self.min_weight=0.0, self.max_weight=0.08
single_methods
[RC-LP] method_type='return_cvar_constraint' sum=1.0000 active=22
self.is_all_methods=False, self.min_weight=0.0, self.max_weight=0.08
single_methods
[RC-LP] method_type='return_cvar_constraint' sum=1.0000 active=19
self.is_all_methods=False, self.min_weight=0.0, self.max_weight=0.08
single_methods
[RC-LP] method_type='return_cvar_constraint' sum=1.0000 active=22
self.is_all_methods=False, self.min_weight=0.0, self.max_weight=0.08
single_methods
[RC-LP] method_type='return_cvar_constraint' sum=1.0000 active=21
self.is_all_methods=False, self.min_weight=0.0, self.max_weight=0.08
single_methods
[RC-LP] method_type='return_cvar_constraint' sum=1.0000 active=54
self.is_all_methods=False, self.min_weight=0.0, self.max_weight=0.08
single_methods
[RC-LP] method_type='return_cvar_constraint' sum=1.0000 active=51
self.is_all_methods=False, self.min_weight=0.0, self.max_weight=0.08
single_methods
[RC-LP] method_type='return_cvar_constraint' sum=1.0000 active=47
self.is_all_methods=False, self.min_weight=0.0, self.max_weight=0.08
single_methods
[RC-LP] method_type='return_cvar_constraint' sum=1.0000 active=55
self.is_all_methods=False, self.min_weight=0.0, self.max_weight=0.08
single_methods
[RC-LP] method_type='return_cvar_constraint' sum=1.0000 active=51
self.is_all_methods=False, self.min_weight=0.0, self.max_weight=0.08
single_methods
[RC-LP] method_type='return_cvar_constraint' sum=1.0000 active=48
self.is_all_methods=False, self.min_weight=0.0, self.max_weight=0.12
single_methods
[RC-LP] method_type='return_cvar_constraint' sum=1.0000 active=15
self.is_all_methods=False, self.min_weight=0.0, self.max_weight=0.12
single_methods
[RC-LP] method_type='return_cvar_constraint' sum=1.0000 active=16
self.is_all_methods=False, self.min_weight=0.0, self.max_weight=0.12
single_methods
[RC-LP] method_type='return_cvar_constraint' sum=1.0000 active=18
self.is_all_methods=False, self.min_weight=0.0, self.max_weight=0.12
single_methods
[RC-LP] method_type='return_cvar_constraint' sum=1.0000 active=15
self.is_all_methods=False, self.min_weight=0.0, self.max_weight=0.12
single_methods
[RC-LP] method_type='return_cvar_constraint' sum=1.0000 active=15
self.is_all_methods=False, self.min_weight=0.0, self.max_weight=0.12
single_methods
[RC-LP] method_type='return_cvar_constraint' sum=1.0000 active=18
self.is_all_methods=False, self.min_weight=0.0, self.max_weight=0.12
single_methods
[RC-LP] method_type='return_cvar_constraint' sum=1.0000 active=45
self.is_all_methods=False, self.min_weight=0.0, self.max_weight=0.12
single_methods
[RC-LP] method_type='return_cvar_constraint' sum=1.0000 active=39
self.is_all_methods=False, self.min_weight=0.0, self.max_weight=0.12
single_methods
[RC-LP] method_type='return_cvar_constraint' sum=1.0000 active=31
self.is_all_methods=False, self.min_weight=0.0, self.max_weight=0.12
single_methods
[RC-LP] method_type='return_cvar_constraint' sum=1.0000 active=44
self.is_all_methods=False, self.min_weight=0.0, self.max_weight=0.12
single_methods
[RC-LP] method_type='return_cvar_constraint' sum=1.0000 active=41
self.is_all_methods=False, self.min_weight=0.0, self.max_weight=0.12
single_methods
[RC-LP] method_type='return_cvar_constraint' sum=1.0000 active=33
self.is_all_methods=False, self.min_weight=0.0, self.max_weight=0.08
single_methods
method_type='mean_cvar_sharpe' np.sum(weights)=1.000000 active=63 weights.shape=(242,)
self.is_all_methods=False, self.min_weight=0.0, self.max_weight=0.08
single_methods
method_type='mean_cvar_sharpe' np.sum(weights)=1.000000 active=63 weights.shape=(242,)
self.is_all_methods=False, self.min_weight=0.0, self.max_weight=0.08
single_methods
method_type='mean_cvar_sharpe' np.sum(weights)=1.000000 active=63 weights.shape=(242,)
self.is_all_methods=False, self.min_weight=0.0, self.max_weight=0.08
single_methods
method_type='mean_cvar_sharpe' np.sum(weights)=1.000000 active=242 weights.shape=(242,)
self.is_all_methods=False, self.min_weight=0.0, self.max_weight=0.08
single_methods
method_type='mean_cvar_sharpe' np.sum(weights)=1.000000 active=242 weights.shape=(242,)
self.is_all_methods=False, self.min_weight=0.0, self.max_weight=0.08
single_methods
method_type='mean_cvar_sharpe' np.sum(weights)=1.000000 active=242 weights.shape=(242,)
self.is_all_methods=False, self.min_weight=0.0, self.max_weight=0.08
single_methods
method_type='mean_cvar_sharpe' np.sum(weights)=1.000000 active=242 weights.shape=(242,)
self.is_all_methods=False, self.min_weight=0.0, self.max_weight=0.08
single_methods
method_type='mean_cvar_sharpe' np.sum(weights)=1.000000 active=242 weights.shape=(242,)
self.is_all_methods=False, self.min_weight=0.0, self.max_weight=0.08
single_methods
method_type='mean_cvar_sharpe' np.sum(weights)=1.000000 active=242 weights.shape=(242,)
self.is_all_methods=False, self.min_weight=0.0, self.max_weight=0.08
single_methods
method_type='mean_cvar_sharpe' np.sum(weights)=1.000000 active=63 weights.shape=(242,)
self.is_all_methods=False, self.min_weight=0.0, self.max_weight=0.08
single_methods
method_type='mean_cvar_sharpe' np.sum(weights)=1.000000 active=63 weights.shape=(242,)
self.is_all_methods=False, self.min_weight=0.0, self.max_weight=0.08
single_methods
method_type='mean_cvar_sharpe' np.sum(weights)=1.000000 active=63 weights.shape=(242,)
self.is_all_methods=False, self.min_weight=0.0, self.max_weight=0.12
single_methods
method_type='mean_cvar_sharpe' np.sum(weights)=1.000000 active=58 weights.shape=(242,)
self.is_all_methods=False, self.min_weight=0.0, self.max_weight=0.12
single_methods
method_type='mean_cvar_sharpe' np.sum(weights)=1.000000 active=58 weights.shape=(242,)
self.is_all_methods=False, self.min_weight=0.0, self.max_weight=0.12
single_methods
method_type='mean_cvar_sharpe' np.sum(weights)=1.000000 active=58 weights.shape=(242,)
self.is_all_methods=False, self.min_weight=0.0, self.max_weight=0.12
single_methods
method_type='mean_cvar_sharpe' np.sum(weights)=1.000000 active=242 weights.shape=(242,)
self.is_all_methods=False, self.min_weight=0.0, self.max_weight=0.12
single_methods
method_type='mean_cvar_sharpe' np.sum(weights)=1.000000 active=242 weights.shape=(242,)
self.is_all_methods=False, self.min_weight=0.0, self.max_weight=0.12
single_methods
method_type='mean_cvar_sharpe' np.sum(weights)=1.000000 active=242 weights.shape=(242,)
self.is_all_methods=False, self.min_weight=0.0, self.max_weight=0.12
single_methods
method_type='mean_cvar_sharpe' np.sum(weights)=1.000000 active=242 weights.shape=(242,)
self.is_all_methods=False, self.min_weight=0.0, self.max_weight=0.12
single_methods
method_type='mean_cvar_sharpe' np.sum(weights)=1.000000 active=242 weights.shape=(242,)
self.is_all_methods=False, self.min_weight=0.0, self.max_weight=0.12
single_methods
method_type='mean_cvar_sharpe' np.sum(weights)=1.000000 active=242 weights.shape=(242,)
self.is_all_methods=False, self.min_weight=0.0, self.max_weight=0.12
single_methods
method_type='mean_cvar_sharpe' np.sum(weights)=1.000000 active=242 weights.shape=(242,)
self.is_all_methods=False, self.min_weight=0.0, self.max_weight=0.12
single_methods
method_type='mean_cvar_sharpe' np.sum(weights)=1.000000 active=242 weights.shape=(242,)
self.is_all_methods=False, self.min_weight=0.0, self.max_weight=0.12
single_methods
method_type='mean_cvar_sharpe' np.sum(weights)=1.000000 active=242 weights.shape=(242,)
self.is_all_methods=False, self.min_weight=0.0, self.max_weight=0.12
single_methods
[RC-LP] method_type='return_cvar_constraint' sum=1.0000 active=10
0.25 2021-07-01 00:00:00 1806.3792501749112 0.0650136054224512 0.00021411855713477856 0.06501360542245127
PROGRESS	2021-07-01	242	10	0.06501360542245127	1806.3792501749112
Portfolio optimization with 29 month weight rebalancing 2021-06-01 00:00:00: : 30it [06:02, 14.17s/it]Portfolio optimization with 30 month weight rebalancing 2021-07-01 00:00:00: : 30it [06:02, 14.17s/it]self.is_all_methods=False, self.min_weight=0.0, self.max_weight=0.08
single_methods
[RC-LP] method_type='return_cvar_constraint' sum=1.0000 active=18
self.is_all_methods=False, self.min_weight=0.0, self.max_weight=0.08
single_methods
[RC-LP] method_type='return_cvar_constraint' sum=1.0000 active=16
self.is_all_methods=False, self.min_weight=0.0, self.max_weight=0.08
single_methods
[RC-LP] method_type='return_cvar_constraint' sum=1.0000 active=16
self.is_all_methods=False, self.min_weight=0.0, self.max_weight=0.08
single_methods
[RC-LP] method_type='return_cvar_constraint' sum=1.0000 active=17
self.is_all_methods=False, self.min_weight=0.0, self.max_weight=0.08
single_methods
[RC-LP] method_type='return_cvar_constraint' sum=1.0000 active=16
self.is_all_methods=False, self.min_weight=0.0, self.max_weight=0.08
single_methods
[RC-LP] method_type='return_cvar_constraint' sum=1.0000 active=16
self.is_all_methods=False, self.min_weight=0.0, self.max_weight=0.08
single_methods
[RC-LP] method_type='return_cvar_constraint' sum=1.0000 active=54
self.is_all_methods=False, self.min_weight=0.0, self.max_weight=0.08
single_methods
[RC-LP] method_type='return_cvar_constraint' sum=1.0000 active=39
self.is_all_methods=False, self.min_weight=0.0, self.max_weight=0.08
single_methods
[RC-LP] method_type='return_cvar_constraint' sum=1.0000 active=38
self.is_all_methods=False, self.min_weight=0.0, self.max_weight=0.08
single_methods
[RC-LP] method_type='return_cvar_constraint' sum=1.0000 active=54
self.is_all_methods=False, self.min_weight=0.0, self.max_weight=0.08
single_methods
[RC-LP] method_type='return_cvar_constraint' sum=1.0000 active=47
self.is_all_methods=False, self.min_weight=0.0, self.max_weight=0.08
single_methods
[RC-LP] method_type='return_cvar_constraint' sum=1.0000 active=39
self.is_all_methods=False, self.min_weight=0.0, self.max_weight=0.12
single_methods
[RC-LP] method_type='return_cvar_constraint' sum=1.0000 active=11
self.is_all_methods=False, self.min_weight=0.0, self.max_weight=0.12
single_methods
[RC-LP] method_type='return_cvar_constraint' sum=1.0000 active=12
self.is_all_methods=False, self.min_weight=0.0, self.max_weight=0.12
single_methods
[RC-LP] method_type='return_cvar_constraint' sum=1.0000 active=12
self.is_all_methods=False, self.min_weight=0.0, self.max_weight=0.12
single_methods
[RC-LP] method_type='return_cvar_constraint' sum=1.0000 active=11
self.is_all_methods=False, self.min_weight=0.0, self.max_weight=0.12
single_methods
[RC-LP] method_type='return_cvar_constraint' sum=1.0000 active=12
self.is_all_methods=False, self.min_weight=0.0, self.max_weight=0.12
single_methods
[RC-LP] method_type='return_cvar_constraint' sum=1.0000 active=12
self.is_all_methods=False, self.min_weight=0.0, self.max_weight=0.12
single_methods
[RC-LP] method_type='return_cvar_constraint' sum=1.0000 active=33
self.is_all_methods=False, self.min_weight=0.0, self.max_weight=0.12
single_methods
[RC-LP] method_type='return_cvar_constraint' sum=1.0000 active=34
self.is_all_methods=False, self.min_weight=0.0, self.max_weight=0.12
single_methods
[RC-LP] method_type='return_cvar_constraint' sum=1.0000 active=33
self.is_all_methods=False, self.min_weight=0.0, self.max_weight=0.12
single_methods
[RC-LP] method_type='return_cvar_constraint' sum=1.0000 active=34
self.is_all_methods=False, self.min_weight=0.0, self.max_weight=0.12
single_methods
[RC-LP] method_type='return_cvar_constraint' sum=1.0000 active=35
self.is_all_methods=False, self.min_weight=0.0, self.max_weight=0.12
single_methods
[RC-LP] method_type='return_cvar_constraint' sum=1.0000 active=34
self.is_all_methods=False, self.min_weight=0.0, self.max_weight=0.08
single_methods
method_type='mean_cvar_sharpe' np.sum(weights)=1.000000 active=242 weights.shape=(242,)
self.is_all_methods=False, self.min_weight=0.0, self.max_weight=0.08
single_methods
method_type='mean_cvar_sharpe' np.sum(weights)=1.000000 active=242 weights.shape=(242,)
self.is_all_methods=False, self.min_weight=0.0, self.max_weight=0.08
single_methods
method_type='mean_cvar_sharpe' np.sum(weights)=1.000000 active=242 weights.shape=(242,)
self.is_all_methods=False, self.min_weight=0.0, self.max_weight=0.08
single_methods
method_type='mean_cvar_sharpe' np.sum(weights)=1.000000 active=235 weights.shape=(242,)
self.is_all_methods=False, self.min_weight=0.0, self.max_weight=0.08
single_methods
method_type='mean_cvar_sharpe' np.sum(weights)=1.000000 active=235 weights.shape=(242,)
self.is_all_methods=False, self.min_weight=0.0, self.max_weight=0.08
single_methods
method_type='mean_cvar_sharpe' np.sum(weights)=1.000000 active=235 weights.shape=(242,)
self.is_all_methods=False, self.min_weight=0.0, self.max_weight=0.08
single_methods
method_type='mean_cvar_sharpe' np.sum(weights)=1.000000 active=233 weights.shape=(242,)
self.is_all_methods=False, self.min_weight=0.0, self.max_weight=0.08
single_methods
method_type='mean_cvar_sharpe' np.sum(weights)=1.000000 active=233 weights.shape=(242,)
self.is_all_methods=False, self.min_weight=0.0, self.max_weight=0.08
single_methods
method_type='mean_cvar_sharpe' np.sum(weights)=1.000000 active=233 weights.shape=(242,)
self.is_all_methods=False, self.min_weight=0.0, self.max_weight=0.08
single_methods
method_type='mean_cvar_sharpe' np.sum(weights)=1.000000 active=242 weights.shape=(242,)
self.is_all_methods=False, self.min_weight=0.0, self.max_weight=0.08
single_methods
method_type='mean_cvar_sharpe' np.sum(weights)=1.000000 active=242 weights.shape=(242,)
self.is_all_methods=False, self.min_weight=0.0, self.max_weight=0.08
single_methods
method_type='mean_cvar_sharpe' np.sum(weights)=1.000000 active=242 weights.shape=(242,)
self.is_all_methods=False, self.min_weight=0.0, self.max_weight=0.12
single_methods
method_type='mean_cvar_sharpe' np.sum(weights)=1.000000 active=242 weights.shape=(242,)
self.is_all_methods=False, self.min_weight=0.0, self.max_weight=0.12
single_methods
method_type='mean_cvar_sharpe' np.sum(weights)=1.000000 active=242 weights.shape=(242,)
self.is_all_methods=False, self.min_weight=0.0, self.max_weight=0.12
single_methods
method_type='mean_cvar_sharpe' np.sum(weights)=1.000000 active=242 weights.shape=(242,)
self.is_all_methods=False, self.min_weight=0.0, self.max_weight=0.12
single_methods
method_type='mean_cvar_sharpe' np.sum(weights)=1.000000 active=233 weights.shape=(242,)
self.is_all_methods=False, self.min_weight=0.0, self.max_weight=0.12
single_methods
method_type='mean_cvar_sharpe' np.sum(weights)=1.000000 active=233 weights.shape=(242,)
self.is_all_methods=False, self.min_weight=0.0, self.max_weight=0.12
single_methods
method_type='mean_cvar_sharpe' np.sum(weights)=1.000000 active=233 weights.shape=(242,)
self.is_all_methods=False, self.min_weight=0.0, self.max_weight=0.12
single_methods
method_type='mean_cvar_sharpe' np.sum(weights)=1.000000 active=242 weights.shape=(242,)
self.is_all_methods=False, self.min_weight=0.0, self.max_weight=0.12
single_methods
method_type='mean_cvar_sharpe' np.sum(weights)=1.000000 active=242 weights.shape=(242,)
self.is_all_methods=False, self.min_weight=0.0, self.max_weight=0.12
single_methods
method_type='mean_cvar_sharpe' np.sum(weights)=1.000000 active=242 weights.shape=(242,)
self.is_all_methods=False, self.min_weight=0.0, self.max_weight=0.12
single_methods
method_type='mean_cvar_sharpe' np.sum(weights)=1.000000 active=242 weights.shape=(242,)
self.is_all_methods=False, self.min_weight=0.0, self.max_weight=0.12
single_methods
method_type='mean_cvar_sharpe' np.sum(weights)=1.000000 active=242 weights.shape=(242,)
self.is_all_methods=False, self.min_weight=0.0, self.max_weight=0.12
single_methods
method_type='mean_cvar_sharpe' np.sum(weights)=1.000000 active=242 weights.shape=(242,)
self.is_all_methods=False, self.min_weight=0.0, self.max_weight=0.08
single_methods
[RC-LP] method_type='return_cvar_constraint' sum=1.0000 active=19
0.25 2021-08-02 00:00:00 1781.132709768245 -0.013976323302109276 0.0002715064480668193 -0.013976323302109295
PROGRESS	2021-08-02	242	17	-0.013976323302109295	1781.132709768245
Portfolio optimization with 30 month weight rebalancing 2021-07-01 00:00:00: : 31it [06:20, 15.17s/it]Portfolio optimization with 31 month weight rebalancing 2021-08-02 00:00:00: : 31it [06:20, 15.17s/it]2026-07-30 14:22:16.432 | WARNING  | __main__:model_computation:474 - Nested engine fallback on 2021-08-02: "['EMB', 'IBB', 'IEF', 'TLT'] not in index"
self.is_all_methods=False, self.min_weight=0.0, self.max_weight=0.06
single_methods
[RC-LP] method_type='return_cvar_constraint' sum=1.0000 active=37
IN-SAMPLE alpha grid-search best alphas[index]=np.float64(1.0),results[index]=array([1.90316591e+03, 6.85143793e-02, 2.95471518e-04, 6.85143793e-02])
best_index=np.int64(0) np.sum(w_target)=np.float64(1.0) case[index%2]='max_alpha'
0.4999151768489589 2021-09-01 00:00:00 1806.1278939938547 0.014033308179973844 0.00014771069626406117 0.014033308179973947
PROGRESS	2021-09-01	244	28	0.014033308179973947	1806.1278939938547
Portfolio optimization with 31 month weight rebalancing 2021-08-02 00:00:00: : 32it [06:20, 10.72s/it]Portfolio optimization with 32 month weight rebalancing 2021-09-01 00:00:00: : 32it [06:20, 10.72s/it]2026-07-30 14:22:16.792 | WARNING  | __main__:model_computation:474 - Nested engine fallback on 2021-09-01: "['BND', 'EMB', 'IBB', 'IEF', 'MCHI', 'TLT'] not in index"
self.is_all_methods=False, self.min_weight=0.0, self.max_weight=0.06
single_methods
[RC-LP] method_type='return_cvar_constraint' sum=1.0000 active=37
IN-SAMPLE alpha grid-search best alphas[index]=np.float64(1.0),results[index]=array([1.91449652e+03, 6.00005273e-02, 2.37620976e-04, 6.00005273e-02])
best_index=np.int64(0) np.sum(w_target)=np.float64(0.9999999999999996) case[index%2]='max_alpha'
0.5136824943476684 2021-10-01 00:00:00 1714.1105732971794 -0.05094728950406677 0.00012206173590253751 -0.050947289504066795
PROGRESS	2021-10-01	246	25	-0.050947289504066795	1714.1105732971794
Portfolio optimization with 32 month weight rebalancing 2021-09-01 00:00:00: : 33it [06:21,  7.62s/it]Portfolio optimization with 33 month weight rebalancing 2021-10-01 00:00:00: : 33it [06:21,  7.62s/it]2026-07-30 14:22:17.172 | WARNING  | __main__:model_computation:474 - Nested engine fallback on 2021-10-01: "['BND', 'EMB', 'IBB', 'IEF', 'MBB', 'MCHI', 'SHY', 'TLT'] not in index"
self.is_all_methods=False, self.min_weight=0.0, self.max_weight=0.06
single_methods
[RC-LP] method_type='return_cvar_constraint' sum=1.0000 active=45
IN-SAMPLE alpha grid-search best alphas[index]=np.float64(1.0),results[index]=array([ 1.71080094e+03, -1.93081559e-03,  4.10278305e-04, -1.93081559e-03])
best_index=np.int64(0) np.sum(w_target)=np.float64(0.9999999999999999) case[index%2]='max_alpha'
0.5147330215208852 2021-11-01 00:00:00 1879.95377761311 0.09675175388301983 0.00021118379143557868 0.09675175388301982
PROGRESS	2021-11-01	247	32	0.09675175388301982	1879.95377761311
Portfolio optimization with 33 month weight rebalancing 2021-10-01 00:00:00: : 34it [06:21,  5.44s/it]Portfolio optimization with 34 month weight rebalancing 2021-11-01 00:00:00: : 34it [06:21,  5.44s/it]2026-07-30 14:22:17.569 | WARNING  | __main__:model_computation:474 - Nested engine fallback on 2021-11-01: "['BND', 'EMB', 'IBB', 'IEF', 'IEI', 'MBB', 'MCHI', 'SHY', 'TLT', 'VXUS'] not in index"
self.is_all_methods=False, self.min_weight=0.0, self.max_weight=0.06
single_methods
[RC-LP] method_type='return_cvar_constraint' sum=1.0000 active=55
IN-SAMPLE alpha grid-search best alphas[index]=np.float64(1.0),results[index]=array([2.05861205e+03, 9.50333323e-02, 5.91708961e-04, 9.50333323e-02])
best_index=np.int64(0) np.sum(w_target)=np.float64(1.0) case[index%2]='max_alpha'
0.5025612720217882 2021-12-01 00:00:00 1847.3190655088713 -0.01735931621982413 0.0002973700079830355 -0.017359316219824117
PROGRESS	2021-12-01	248	34	-0.017359316219824117	1847.3190655088713
Portfolio optimization with 34 month weight rebalancing 2021-11-01 00:00:00: : 35it [06:21,  3.93s/it]Portfolio optimization with 35 month weight rebalancing 2021-12-01 00:00:00: : 35it [06:21,  3.93s/it]2026-07-30 14:22:17.914 | WARNING  | __main__:model_computation:474 - Nested engine fallback on 2021-12-01: "['BND', 'DVY', 'EMB', 'IBB', 'IEF', 'IEI', 'MBB', 'MCHI', 'SCZ', 'SHY', 'TLT', 'VTWO', 'VXUS'] not in index"
self.is_all_methods=False, self.min_weight=0.0, self.max_weight=0.06
single_methods
[RC-LP] method_type='return_cvar_constraint' sum=1.0000 active=42
IN-SAMPLE alpha grid-search best alphas[index]=np.float64(1.0),results[index]=array([1.97805544e+03, 7.07708685e-02, 2.78115378e-04, 7.07708685e-02])
best_index=np.int64(0) np.sum(w_target)=np.float64(1.0000000000000002) case[index%2]='max_alpha'
0.5195090160710059 2022-01-03 00:00:00 1857.3486326090404 0.005429255447762079 0.00014448344621730623 0.005429255447762182
PROGRESS	2022-01-03	252	34	0.005429255447762182	1857.3486326090404
Portfolio optimization with 35 month weight rebalancing 2021-12-01 00:00:00: : 36it [06:22,  2.86s/it]Portfolio optimization with 36 month weight rebalancing 2022-01-03 00:00:00: : 36it [06:22,  2.86s/it]2026-07-30 14:22:18.291 | WARNING  | __main__:model_computation:474 - Nested engine fallback on 2022-01-03: "['BND', 'DVY', 'EMB', 'IBB', 'IEF', 'IEI', 'MBB', 'MCHI', 'SCZ', 'SHY', 'TLT', 'VTWO', 'VXUS'] not in index"
self.is_all_methods=False, self.min_weight=0.0, self.max_weight=0.06
single_methods
[RC-LP] method_type='return_cvar_constraint' sum=1.0000 active=37
IN-SAMPLE alpha grid-search best alphas[index]=np.float64(1.0),results[index]=array([2.02785935e+03, 9.18032910e-02, 2.88978540e-04, 9.18032910e-02])
best_index=np.int64(0) np.sum(w_target)=np.float64(1.0) case[index%2]='max_alpha'
0.5180501115084468 2022-02-01 00:00:00 1760.4004687617291 -0.05219707390697399 0.0001497053651043475 -0.052197073906974034
PROGRESS	2022-02-01	250	29	-0.052197073906974034	1760.4004687617291
Portfolio optimization with 36 month weight rebalancing 2022-01-03 00:00:00: : 37it [06:22,  2.11s/it]Portfolio optimization with 37 month weight rebalancing 2022-02-01 00:00:00: : 37it [06:22,  2.11s/it]2026-07-30 14:22:18.696 | WARNING  | __main__:model_computation:474 - Nested engine fallback on 2022-02-01: "['BND', 'DVY', 'EMB', 'IBB', 'IEF', 'IEI', 'MBB', 'MCHI', 'SCZ', 'SHY', 'TLT', 'VTWO', 'VXUS'] not in index"
self.is_all_methods=False, self.min_weight=0.0, self.max_weight=0.06
single_methods
[RC-LP] method_type='return_cvar_constraint' sum=1.0000 active=54
IN-SAMPLE alpha grid-search best alphas[index]=np.float64(1.0),results[index]=array([ 1.72768727e+03, -1.85828183e-02,  4.03703299e-04, -1.85828183e-02])
best_index=np.int64(0) np.sum(w_target)=np.float64(0.9999999999999998) case[index%2]='max_alpha'
0.5219581172020352 2022-03-01 00:00:00 1776.3202825664937 0.009043291050679293 0.00021071621380137508 0.009043291050679247
PROGRESS	2022-03-01	245	31	0.009043291050679247	1776.3202825664937
Portfolio optimization with 37 month weight rebalancing 2022-02-01 00:00:00: : 38it [06:23,  1.60s/it]Portfolio optimization with 38 month weight rebalancing 2022-03-01 00:00:00: : 38it [06:23,  1.60s/it]2026-07-30 14:22:19.049 | WARNING  | __main__:model_computation:474 - Nested engine fallback on 2022-03-01: "['BND', 'DVY', 'EMB', 'IBB', 'IEF', 'IEI', 'MBB', 'MCHI', 'SCZ', 'SHY', 'TLT', 'VTWO', 'VXUS'] not in index"
self.is_all_methods=False, self.min_weight=0.0, self.max_weight=0.06
single_methods
[RC-LP] method_type='return_cvar_constraint' sum=1.0000 active=50
IN-SAMPLE alpha grid-search best alphas[index]=np.float64(1.0),results[index]=array([1.82610898e+03, 2.80291194e-02, 5.09198474e-04, 2.80291194e-02])
best_index=np.int64(0) np.sum(w_target)=np.float64(1.0) case[index%2]='max_alpha'
0.5006778859138633 2022-04-01 00:00:00 1827.3285977957546 0.02871571964238455 0.0002549444153630717 0.02871571964238462
PROGRESS	2022-04-01	247	29	0.02871571964238462	1827.3285977957546
Portfolio optimization with 38 month weight rebalancing 2022-03-01 00:00:00: : 39it [06:23,  1.23s/it]Portfolio optimization with 39 month weight rebalancing 2022-04-01 00:00:00: : 39it [06:23,  1.23s/it]2026-07-30 14:22:19.394 | WARNING  | __main__:model_computation:474 - Nested engine fallback on 2022-04-01: "['BND', 'DVY', 'EMB', 'IBB', 'IEF', 'IEI', 'MBB', 'MCHI', 'SCZ', 'SHY', 'TLT', 'VTWO', 'VXUS'] not in index"
self.is_all_methods=False, self.min_weight=0.0, self.max_weight=0.06
single_methods
[RC-LP] method_type='return_cvar_constraint' sum=1.0000 active=29
IN-SAMPLE alpha grid-search best alphas[index]=np.float64(1.0),results[index]=array([1.90927944e+03, 4.48473462e-02, 2.60776261e-04, 4.48473462e-02])
best_index=np.int64(0) np.sum(w_target)=np.float64(1.0000000000000002) case[index%2]='max_alpha'
0.5057411488125283 2022-05-02 00:00:00 1686.5250169773806 -0.0770543300138906 0.00013188528599948702 -0.07705433001389062
PROGRESS	2022-05-02	248	26	-0.07705433001389062	1686.5250169773806
Portfolio optimization with 39 month weight rebalancing 2022-04-01 00:00:00: : 40it [06:23,  1.04it/s]Portfolio optimization with 40 month weight rebalancing 2022-05-02 00:00:00: : 40it [06:23,  1.04it/s]2026-07-30 14:22:19.747 | WARNING  | __main__:model_computation:474 - Nested engine fallback on 2022-05-02: "['BND', 'DVY', 'EMB', 'IBB', 'IEF', 'IEI', 'MBB', 'MCHI', 'SCZ', 'SHY', 'TLT', 'VTWO', 'VXUS'] not in index"
self.is_all_methods=False, self.min_weight=0.0, self.max_weight=0.06
single_methods
[RC-LP] method_type='return_cvar_constraint' sum=1.0000 active=32
IN-SAMPLE alpha grid-search best alphas[index]=np.float64(1.0),results[index]=array([1.73231574e+03, 2.71509291e-02, 3.68890975e-04, 2.71509291e-02])
best_index=np.int64(0) np.sum(w_target)=np.float64(1.0) case[index%2]='max_alpha'
0.5101163686950486 2022-06-01 00:00:00 1788.2441761841737 0.06031286709822791 0.00018817732479149015 0.06031286709822781
PROGRESS	2022-06-01	248	25	0.06031286709822781	1788.2441761841737
Portfolio optimization with 40 month weight rebalancing 2022-05-02 00:00:00: : 41it [06:24,  1.28it/s]Portfolio optimization with 41 month weight rebalancing 2022-06-01 00:00:00: : 41it [06:24,  1.28it/s]2026-07-30 14:22:20.164 | WARNING  | __main__:model_computation:474 - Nested engine fallback on 2022-06-01: "['BND', 'DVY', 'EMB', 'IBB', 'IEF', 'IEI', 'MBB', 'MCHI', 'SCZ', 'SHY', 'TLT', 'VTWO', 'VXUS'] not in index"
self.is_all_methods=False, self.min_weight=0.0, self.max_weight=0.06
single_methods
[RC-LP] method_type='return_cvar_constraint' sum=1.0000 active=24
IN-SAMPLE alpha grid-search best alphas[index]=np.float64(1.0),results[index]=array([1.89265766e+03, 5.83888269e-02, 2.84737471e-04, 5.83888269e-02])
best_index=np.int64(0) np.sum(w_target)=np.float64(1.0) case[index%2]='max_alpha'
0.5074531836019966 2022-07-01 00:00:00 1561.9657127977673 -0.12653667010354736 0.00014449093623019422 -0.1265366701035473
PROGRESS	2022-07-01	249	20	-0.1265366701035473	1561.9657127977673
Portfolio optimization with 41 month weight rebalancing 2022-06-01 00:00:00: : 42it [06:24,  1.49it/s]Portfolio optimization with 42 month weight rebalancing 2022-07-01 00:00:00: : 42it [06:24,  1.49it/s]2026-07-30 14:22:20.507 | WARNING  | __main__:model_computation:474 - Nested engine fallback on 2022-07-01: "['BND', 'DVY', 'EMB', 'IBB', 'IEF', 'IEI', 'MBB', 'MCHI', 'SCZ', 'SHY', 'TLT', 'VTWO', 'VXUS'] not in index"
self.is_all_methods=False, self.min_weight=0.0, self.max_weight=0.06
single_methods
[RC-LP] method_type='return_cvar_constraint' sum=1.0000 active=29
IN-SAMPLE alpha grid-search best alphas[index]=np.float64(1.0),results[index]=array([ 1.38571702e+03, -1.12837749e-01,  2.80882289e-04, -1.12837749e-01])
best_index=np.int64(0) np.sum(w_target)=np.float64(0.9999999999999999) case[index%2]='max_alpha'
0.5131654686275141 2022-08-01 00:00:00 1699.6594836060037 0.08815415708556211 0.00014413909125428605 0.08815415708556218
PROGRESS	2022-08-01	250	19	0.08815415708556218	1699.6594836060037
Portfolio optimization with 42 month weight rebalancing 2022-07-01 00:00:00: : 43it [06:24,  1.75it/s]Portfolio optimization with 43 month weight rebalancing 2022-08-01 00:00:00: : 43it [06:24,  1.75it/s]2026-07-30 14:22:20.866 | WARNING  | __main__:model_computation:474 - Nested engine fallback on 2022-08-01: "['BND', 'DVY', 'EMB', 'IBB', 'IEF', 'IEI', 'MBB', 'MCHI', 'SCZ', 'SHY', 'TLT', 'VTWO', 'VXUS'] not in index"
self.is_all_methods=False, self.min_weight=0.0, self.max_weight=0.06
single_methods
[RC-LP] method_type='return_cvar_constraint' sum=1.0000 active=29
IN-SAMPLE alpha grid-search best alphas[index]=np.float64(1.0),results[index]=array([ 1.69313668e+03, -3.83771449e-03,  4.51076791e-04, -3.83771449e-03])
best_index=np.int64(0) np.sum(w_target)=np.float64(1.0) case[index%2]='max_alpha'
0.4800767071302683 2022-09-01 00:00:00 1692.2743214929253 -0.004345083344229691 0.00021655146045586844 -0.004345083344229672
PROGRESS	2022-09-01	253	21	-0.004345083344229672	1692.2743214929253
Portfolio optimization with 43 month weight rebalancing 2022-08-01 00:00:00: : 44it [06:25,  1.96it/s]Portfolio optimization with 44 month weight rebalancing 2022-09-01 00:00:00: : 44it [06:25,  1.96it/s]2026-07-30 14:22:21.238 | WARNING  | __main__:model_computation:474 - Nested engine fallback on 2022-09-01: "['BND', 'DVY', 'EMB', 'IBB', 'IEF', 'IEI', 'MBB', 'MCHI', 'SCZ', 'SHY', 'TLT', 'VTWO', 'VXUS'] not in index"
self.is_all_methods=False, self.min_weight=0.0, self.max_weight=0.06
single_methods
[RC-LP] method_type='return_cvar_constraint' sum=1.0000 active=24
IN-SAMPLE alpha grid-search best alphas[index]=np.float64(1.0),results[index]=array([ 1.59255441e+03, -5.89265623e-02,  2.95694519e-04, -5.89265623e-02])
best_index=np.int64(0) np.sum(w_target)=np.float64(1.0) case[index%2]='max_alpha'
0.49524583091657365 2022-10-03 00:00:00 1539.5969839158486 -0.09022020581295874 0.00014644147790530846 -0.09022020581295864
PROGRESS	2022-10-03	253	20	-0.09022020581295864	1539.5969839158486
Portfolio optimization with 44 month weight rebalancing 2022-09-01 00:00:00: : 45it [06:25,  2.15it/s]Portfolio optimization with 45 month weight rebalancing 2022-10-03 00:00:00: : 45it [06:25,  2.15it/s]2026-07-30 14:22:21.649 | WARNING  | __main__:model_computation:474 - Nested engine fallback on 2022-10-03: "['BND', 'DVY', 'EMB', 'IBB', 'IEF', 'IEI', 'MBB', 'MCHI', 'SCZ', 'SHY', 'TLT', 'VONE', 'VTWO', 'VXUS'] not in index"
self.is_all_methods=False, self.min_weight=0.0, self.max_weight=0.06
single_methods
[RC-LP] method_type='return_cvar_constraint' sum=1.0000 active=23
IN-SAMPLE alpha grid-search best alphas[index]=np.float64(1.0),results[index]=array([ 1.52925278e+03, -6.71877682e-03,  2.58196634e-04, -6.71877682e-03])
best_index=np.int64(0) np.sum(w_target)=np.float64(1.0) case[index%2]='max_alpha'
0.487266578941862 2022-11-01 00:00:00 1723.631757977148 0.11953438203887681 0.00012581059043245547 0.11953438203887679
PROGRESS	2022-11-01	251	19	0.11953438203887679	1723.631757977148
Portfolio optimization with 45 month weight rebalancing 2022-10-03 00:00:00: : 46it [06:26,  2.23it/s]Portfolio optimization with 46 month weight rebalancing 2022-11-01 00:00:00: : 46it [06:26,  2.23it/s]2026-07-30 14:22:21.987 | WARNING  | __main__:model_computation:474 - Nested engine fallback on 2022-11-01: "['BND', 'DVY', 'EMB', 'IBB', 'IEF', 'IEI', 'MBB', 'MCHI', 'SCZ', 'SHY', 'TLT', 'VONE', 'VTWO', 'VXUS'] not in index"
self.is_all_methods=False, self.min_weight=0.0, self.max_weight=0.06
single_methods
[RC-LP] method_type='return_cvar_constraint' sum=1.0000 active=23
IN-SAMPLE alpha grid-search best alphas[index]=np.float64(1.0),results[index]=array([1.85931735e+03, 7.87207558e-02, 3.30545146e-04, 7.87207558e-02])
best_index=np.int64(0) np.sum(w_target)=np.float64(1.0) case[index%2]='max_alpha'
0.4961090881936859 2022-12-01 00:00:00 1801.2117466087104 0.04500960734363015 0.000163986451135776 0.04500960734363013
PROGRESS	2022-12-01	251	20	0.04500960734363013	1801.2117466087104
Portfolio optimization with 46 month weight rebalancing 2022-11-01 00:00:00: : 47it [06:26,  2.41it/s]Portfolio optimization with 47 month weight rebalancing 2022-12-01 00:00:00: : 47it [06:26,  2.41it/s]2026-07-30 14:22:22.326 | WARNING  | __main__:model_computation:474 - Nested engine fallback on 2022-12-01: "['BND', 'DVY', 'EMB', 'IBB', 'IEF', 'IEI', 'MBB', 'MCHI', 'SCZ', 'SHY', 'TLT', 'VONE', 'VONG', 'VTWO', 'VXUS'] not in index"
self.is_all_methods=False, self.min_weight=0.0, self.max_weight=0.06
single_methods
[RC-LP] method_type='return_cvar_constraint' sum=1.0000 active=22
IN-SAMPLE alpha grid-search best alphas[index]=np.float64(1.0),results[index]=array([1.98606064e+03, 1.02624741e-01, 2.98599175e-04, 1.02624741e-01])
best_index=np.int64(0) np.sum(w_target)=np.float64(1.0) case[index%2]='max_alpha'
0.5149614852689154 2023-01-03 00:00:00 1730.030666766566 -0.03951844083637752 0.00015376707483800474 -0.039518440836377566
PROGRESS	2023-01-03	252	19	-0.039518440836377566	1730.030666766566
Portfolio optimization with 47 month weight rebalancing 2022-12-01 00:00:00: : 48it [06:26,  2.54it/s]Portfolio optimization with 48 month weight rebalancing 2023-01-03 00:00:00: : 48it [06:26,  2.54it/s]2026-07-30 14:22:22.686 | WARNING  | __main__:model_computation:474 - Nested engine fallback on 2023-01-03: "['BND', 'DVY', 'EMB', 'IBB', 'IEF', 'IEI', 'MBB', 'MCHI', 'SCZ', 'SHY', 'TLT', 'VONE', 'VONG', 'VTWO', 'VXUS'] not in index"
self.is_all_methods=False, self.min_weight=0.0, self.max_weight=0.06
single_methods
[RC-LP] method_type='return_cvar_constraint' sum=1.0000 active=24
IN-SAMPLE alpha grid-search best alphas[index]=np.float64(1.0),results[index]=array([1.88556505e+03, 8.99026770e-02, 1.51690074e-04, 8.99026770e-02])
best_index=np.int64(0) np.sum(w_target)=np.float64(1.0) case[index%2]='max_alpha'
0.5235008101800422 2023-02-01 00:00:00 1815.362797913362 0.04932405695806654 7.94098768411661e-05 0.04932405695806663
PROGRESS	2023-02-01	252	20	0.04932405695806663	1815.362797913362
Portfolio optimization with 48 month weight rebalancing 2023-01-03 00:00:00: : 49it [06:27,  2.62it/s]Portfolio optimization with 49 month weight rebalancing 2023-02-01 00:00:00: : 49it [06:27,  2.62it/s]2026-07-30 14:22:23.102 | WARNING  | __main__:model_computation:474 - Nested engine fallback on 2023-02-01: "['BND', 'DVY', 'EMB', 'IBB', 'IEF', 'IEI', 'MBB', 'MCHI', 'SCZ', 'SHY', 'TLT', 'VONE', 'VONG', 'VTWO', 'VXUS'] not in index"
self.is_all_methods=False, self.min_weight=0.0, self.max_weight=0.06
single_methods
[RC-LP] method_type='return_cvar_constraint' sum=1.0000 active=21
IN-SAMPLE alpha grid-search best alphas[index]=np.float64(1.0),results[index]=array([1.91074310e+03, 5.25406293e-02, 1.75371457e-04, 5.25406293e-02])
best_index=np.int64(0) np.sum(w_target)=np.float64(1.0) case[index%2]='max_alpha'
0.522668612464552 2023-03-01 00:00:00 1731.6751755416733 -0.04609966804865787 9.166115595463918e-05 -0.04609966804865784
PROGRESS	2023-03-01	252	19	-0.04609966804865784	1731.6751755416733
Portfolio optimization with 49 month weight rebalancing 2023-02-01 00:00:00: : 50it [06:27,  2.55it/s]Portfolio optimization with 50 month weight rebalancing 2023-03-01 00:00:00: : 50it [06:27,  2.55it/s]2026-07-30 14:22:23.451 | WARNING  | __main__:model_computation:474 - Nested engine fallback on 2023-03-01: "['BND', 'DVY', 'EMB', 'IBB', 'IEF', 'IEI', 'MBB', 'MCHI', 'SCZ', 'SHY', 'TLT', 'VONE', 'VONG', 'VONV', 'VTWO', 'VXUS'] not in index"
self.is_all_methods=False, self.min_weight=0.0, self.max_weight=0.06
single_methods
[RC-LP] method_type='return_cvar_constraint' sum=1.0000 active=21
IN-SAMPLE alpha grid-search best alphas[index]=np.float64(1.0),results[index]=array([ 1.66877066e+03, -3.63258179e-02,  8.67983337e-05, -3.63258179e-02])
best_index=np.int64(0) np.sum(w_target)=np.float64(1.0) case[index%2]='max_alpha'
0.5150404195527665 2023-04-03 00:00:00 1732.8971425138539 0.0007056559968289205 4.470465020845301e-05 0.0007056559968288134
PROGRESS	2023-04-03	254	19	0.0007056559968288134	1732.8971425138539
Portfolio optimization with 50 month weight rebalancing 2023-03-01 00:00:00: : 51it [06:27,  2.63it/s]Portfolio optimization with 51 month weight rebalancing 2023-04-03 00:00:00: : 51it [06:27,  2.63it/s]2026-07-30 14:22:23.794 | WARNING  | __main__:model_computation:474 - Nested engine fallback on 2023-04-03: "['BND', 'DVY', 'EMB', 'IBB', 'IEF', 'IEI', 'IJT', 'MBB', 'MCHI', 'SCZ', 'SHY', 'TLT', 'VONE', 'VONG', 'VONV', 'VTWO', 'VXUS'] not in index"
self.is_all_methods=False, self.min_weight=0.0, self.max_weight=0.06
single_methods
[RC-LP] method_type='return_cvar_constraint' sum=1.0000 active=23
IN-SAMPLE alpha grid-search best alphas[index]=np.float64(1.0),results[index]=array([1.77956170e+03, 2.69286362e-02, 3.29144844e-04, 2.69286362e-02])
best_index=np.int64(0) np.sum(w_target)=np.float64(1.0) case[index%2]='max_alpha'
0.4957439309185952 2023-05-01 00:00:00 1730.9713028939154 -0.0011113409865427073 0.00016317155902985004 -0.0011113409865427526
PROGRESS	2023-05-01	253	20	-0.0011113409865427526	1730.9713028939154
Portfolio optimization with 51 month weight rebalancing 2023-04-03 00:00:00: : 52it [06:28,  2.72it/s]Portfolio optimization with 52 month weight rebalancing 2023-05-01 00:00:00: : 52it [06:28,  2.72it/s]2026-07-30 14:22:24.192 | WARNING  | __main__:model_computation:474 - Nested engine fallback on 2023-05-01: "['BND', 'DVY', 'EMB', 'IBB', 'IEF', 'IEI', 'IJT', 'MBB', 'MCHI', 'SCZ', 'SHY', 'TLT', 'VONE', 'VONG', 'VONV', 'VTWO', 'VXUS'] not in index"
self.is_all_methods=False, self.min_weight=0.0, self.max_weight=0.06
single_methods
[RC-LP] method_type='return_cvar_constraint' sum=1.0000 active=24
IN-SAMPLE alpha grid-search best alphas[index]=np.float64(0.1),results[index]=array([ 1.66889973e+03, -3.58593859e-02,  7.03362208e-05, -3.58593859e-02])
best_index=np.int64(0) np.sum(w_target)=np.float64(1.0) case[index%2]='max_alpha'
0.5045343685518178 2023-06-01 00:00:00 1666.5837440338187 -0.03719735777967594 0.00035487040770534493 -0.03719735777967592
PROGRESS	2023-06-01	254	20	-0.03719735777967592	1666.5837440338187
Portfolio optimization with 52 month weight rebalancing 2023-05-01 00:00:00: : 53it [06:28,  2.65it/s]Portfolio optimization with 53 month weight rebalancing 2023-06-01 00:00:00: : 53it [06:28,  2.65it/s]2026-07-30 14:22:24.533 | WARNING  | __main__:model_computation:474 - Nested engine fallback on 2023-06-01: "['BND', 'DVY', 'EMB', 'IBB', 'IEF', 'IEI', 'IJT', 'MBB', 'MCHI', 'SCZ', 'SHY', 'TLT', 'VONE', 'VONG', 'VONV', 'VTWO', 'VXUS'] not in index"
self.is_all_methods=False, self.min_weight=0.0, self.max_weight=0.06
single_methods
[RC-LP] method_type='return_cvar_constraint' sum=1.0000 active=22
IN-SAMPLE alpha grid-search best alphas[index]=np.float64(1.0),results[index]=array([1.72796379e+03, 3.68298608e-02, 6.82194097e-04, 3.68298608e-02])
best_index=np.int64(0) np.sum(w_target)=np.float64(1.0) case[index%2]='max_alpha'
0.49373534923188966 2023-07-03 00:00:00 1790.07660503421 0.0740994033108037 0.00033682334060167304 0.07409940331080378
PROGRESS	2023-07-03	252	19	0.07409940331080378	1790.07660503421
Portfolio optimization with 53 month weight rebalancing 2023-06-01 00:00:00: : 54it [06:28,  2.73it/s]Portfolio optimization with 54 month weight rebalancing 2023-07-03 00:00:00: : 54it [06:28,  2.73it/s]2026-07-30 14:22:24.880 | WARNING  | __main__:model_computation:474 - Nested engine fallback on 2023-07-03: "['BND', 'DVY', 'EMB', 'IBB', 'IEF', 'IEI', 'IJT', 'MBB', 'MCHI', 'SCZ', 'SHY', 'TLT', 'VONE', 'VONG', 'VONV', 'VTWO', 'VXUS'] not in index"
self.is_all_methods=False, self.min_weight=0.0, self.max_weight=0.06
single_methods
[RC-LP] method_type='return_cvar_constraint' sum=1.0000 active=20
IN-SAMPLE alpha grid-search best alphas[index]=np.float64(1.0),results[index]=array([1.99548206e+03, 1.14746740e-01, 5.71225031e-04, 1.14746740e-01])
best_index=np.int64(0) np.sum(w_target)=np.float64(1.0) case[index%2]='max_alpha'
0.5061126718798917 2023-08-01 00:00:00 1881.3157182320713 0.05096939032735845 0.0002891042264903366 0.05096939032735848
PROGRESS	2023-08-01	251	19	0.05096939032735848	1881.3157182320713
Portfolio optimization with 54 month weight rebalancing 2023-07-03 00:00:00: : 55it [06:29,  2.77it/s]Portfolio optimization with 55 month weight rebalancing 2023-08-01 00:00:00: : 55it [06:29,  2.77it/s]2026-07-30 14:22:25.290 | WARNING  | __main__:model_computation:474 - Nested engine fallback on 2023-08-01: "['BND', 'DVY', 'EMB', 'IBB', 'IEF', 'IEI', 'IJT', 'MBB', 'MCHI', 'SCZ', 'SHY', 'TLT', 'VONE', 'VONG', 'VONV', 'VTWO', 'VXUS'] not in index"
self.is_all_methods=False, self.min_weight=0.0, self.max_weight=0.06
single_methods
[RC-LP] method_type='return_cvar_constraint' sum=1.0000 active=22
IN-SAMPLE alpha grid-search best alphas[index]=np.float64(1.0),results[index]=array([2.24706493e+03, 1.94411394e-01, 2.13013662e-04, 1.94411394e-01])
best_index=np.int64(0) np.sum(w_target)=np.float64(1.0) case[index%2]='max_alpha'
0.5241531298544598 2023-09-01 00:00:00 1844.495128883529 -0.019571722593772566 0.00011165177787549861 -0.0195717225937726
PROGRESS	2023-09-01	252	21	-0.0195717225937726	1844.495128883529
Portfolio optimization with 55 month weight rebalancing 2023-08-01 00:00:00: : 56it [06:29,  2.67it/s]Portfolio optimization with 56 month weight rebalancing 2023-09-01 00:00:00: : 56it [06:29,  2.67it/s]2026-07-30 14:22:25.640 | WARNING  | __main__:model_computation:474 - Nested engine fallback on 2023-09-01: "['BND', 'DVY', 'EMB', 'IBB', 'IEF', 'IEI', 'IJT', 'MBB', 'MCHI', 'SCZ', 'SHY', 'TLT', 'VONE', 'VONG', 'VONV', 'VTWO', 'VXUS'] not in index"
self.is_all_methods=False, self.min_weight=0.0, self.max_weight=0.06
single_methods
[RC-LP] method_type='return_cvar_constraint' sum=1.0000 active=21
IN-SAMPLE alpha grid-search best alphas[index]=np.float64(1.0),results[index]=array([2.00290352e+03, 8.58817052e-02, 1.02460702e-04, 8.58817052e-02])
best_index=np.int64(0) np.sum(w_target)=np.float64(1.0) case[index%2]='max_alpha'
0.5436056085029392 2023-10-02 00:00:00 1786.492341283557 -0.031446430349252916 5.569821233846146e-05 -0.031446430349252874
PROGRESS	2023-10-02	250	20	-0.031446430349252874	1786.492341283557
Portfolio optimization with 56 month weight rebalancing 2023-09-01 00:00:00: : 57it [06:30,  2.72it/s]Portfolio optimization with 57 month weight rebalancing 2023-10-02 00:00:00: : 57it [06:30,  2.72it/s]2026-07-30 14:22:25.977 | WARNING  | __main__:model_computation:474 - Nested engine fallback on 2023-10-02: "['BND', 'DVY', 'EMB', 'IBB', 'IEF', 'IEI', 'IJT', 'MBB', 'MCHI', 'SCZ', 'SHY', 'TLT', 'VONE', 'VONG', 'VONV', 'VTWO', 'VXUS'] not in index"
self.is_all_methods=False, self.min_weight=0.0, self.max_weight=0.06
single_methods
[RC-LP] method_type='return_cvar_constraint' sum=1.0000 active=21
IN-SAMPLE alpha grid-search best alphas[index]=np.float64(1.0),results[index]=array([1.85168360e+03, 3.64912076e-02, 1.44441250e-04, 3.64912076e-02])
best_index=np.int64(0) np.sum(w_target)=np.float64(0.9999999999999998) case[index%2]='max_alpha'
0.5258964813407738 2023-11-01 00:00:00 1713.8562761411533 -0.04065848112744564 7.596114495068148e-05 -0.040658481127445634
PROGRESS	2023-11-01	249	20	-0.040658481127445634	1713.8562761411533
Portfolio optimization with 57 month weight rebalancing 2023-10-02 00:00:00: : 58it [06:30,  2.79it/s]Portfolio optimization with 58 month weight rebalancing 2023-11-01 00:00:00: : 58it [06:30,  2.79it/s]2026-07-30 14:22:26.314 | WARNING  | __main__:model_computation:474 - Nested engine fallback on 2023-11-01: "['BND', 'DVY', 'EMB', 'IBB', 'IEF', 'IEI', 'IJT', 'MBB', 'MCHI', 'SCZ', 'SHY', 'TLT', 'VONE', 'VONG', 'VONV', 'VTWO', 'VXUS'] not in index"
self.is_all_methods=False, self.min_weight=0.0, self.max_weight=0.06
single_methods
[RC-LP] method_type='return_cvar_constraint' sum=1.0000 active=21
IN-SAMPLE alpha grid-search best alphas[index]=np.float64(1.0),results[index]=array([ 1.61413288e+03, -5.81865546e-02,  6.93725681e-05, -5.81865546e-02])
best_index=np.int64(0) np.sum(w_target)=np.float64(1.0) case[index%2]='max_alpha'
0.5124795840324862 2023-12-01 00:00:00 1859.8009992217721 0.08515575378888933 3.5552024855015745e-05 0.0851557537888894
PROGRESS	2023-12-01	248	20	0.0851557537888894	1859.8009992217721
Portfolio optimization with 58 month weight rebalancing 2023-11-01 00:00:00: : 59it [06:30,  2.84it/s]Portfolio optimization with 59 month weight rebalancing 2023-12-01 00:00:00: : 59it [06:30,  2.84it/s]2026-07-30 14:22:26.718 | WARNING  | __main__:model_computation:474 - Nested engine fallback on 2023-12-01: "['BITO', 'BND', 'DVY', 'EMB', 'IBB', 'IEF', 'IEI', 'IJT', 'MBB', 'MCHI', 'SCZ', 'SHY', 'TLT', 'VONE', 'VONG', 'VONV', 'VTWO', 'VXUS'] not in index"
self.is_all_methods=False, self.min_weight=0.0, self.max_weight=0.06
single_methods
[RC-LP] method_type='return_cvar_constraint' sum=1.0000 active=21
IN-SAMPLE alpha grid-search best alphas[index]=np.float64(1.0),results[index]=array([1.91456878e+03, 2.94481949e-02, 2.57312988e-04, 2.94481949e-02])
best_index=np.int64(0) np.sum(w_target)=np.float64(0.9999999999999999) case[index%2]='max_alpha'
0.49086014258706046 2024-01-02 00:00:00 1948.473061569187 0.04767825288002276 0.00012630469005952316 0.04767825288002281
PROGRESS	2024-01-02	249	20	0.04767825288002281	1948.473061569187
Portfolio optimization with 59 month weight rebalancing 2023-12-01 00:00:00: : 60it [06:31,  2.72it/s]Portfolio optimization with 60 month weight rebalancing 2024-01-02 00:00:00: : 60it [06:31,  2.72it/s]2026-07-30 14:22:27.077 | WARNING  | __main__:model_computation:474 - Nested engine fallback on 2024-01-02: "['BITO', 'BND', 'DVY', 'EMB', 'IBB', 'IEF', 'IEI', 'IJT', 'MBB', 'MCHI', 'SCZ', 'SHY', 'TLT', 'VONE', 'VONG', 'VONV', 'VTWO', 'VXUS'] not in index"
self.is_all_methods=False, self.min_weight=0.0, self.max_weight=0.06
single_methods
[RC-LP] method_type='return_cvar_constraint' sum=1.0000 active=18
IN-SAMPLE alpha grid-search best alphas[index]=np.float64(1.0),results[index]=array([2.26827599e+03, 1.64130025e-01, 5.62129197e-04, 1.64130025e-01])
best_index=np.int64(0) np.sum(w_target)=np.float64(0.9999999999999999) case[index%2]='max_alpha'
0.5040613745276604 2024-02-01 00:00:00 1980.9135529028572 0.016649186469914354 0.0002833476156025161 0.016649186469914312
PROGRESS	2024-02-01	250	18	0.016649186469914312	1980.9135529028572
Portfolio optimization with 60 month weight rebalancing 2024-01-02 00:00:00: : 61it [06:31,  2.73it/s]Portfolio optimization with 61 month weight rebalancing 2024-02-01 00:00:00: : 61it [06:31,  2.73it/s]2026-07-30 14:22:27.426 | WARNING  | __main__:model_computation:474 - Nested engine fallback on 2024-02-01: "['BITO', 'BND', 'DVY', 'EMB', 'IBB', 'IEF', 'IEI', 'IJT', 'MBB', 'MCHI', 'SCZ', 'SHY', 'TLT', 'VONE', 'VONG', 'VONV', 'VTWO', 'VXUS'] not in index"
self.is_all_methods=False, self.min_weight=0.0, self.max_weight=0.06
single_methods
[RC-LP] method_type='return_cvar_constraint' sum=1.0000 active=23
IN-SAMPLE alpha grid-search best alphas[index]=np.float64(1.0),results[index]=array([2.35584282e+03, 1.89270889e-01, 2.74765611e-04, 1.89270889e-01])
best_index=np.int64(0) np.sum(w_target)=np.float64(1.0) case[index%2]='max_alpha'
0.5335876390290546 2024-03-01 00:00:00 2133.5941603154088 0.07707585582864593 0.00014661153342435007 0.07707585582864596
PROGRESS	2024-03-01	248	21	0.07707585582864596	2133.5941603154088
Portfolio optimization with 61 month weight rebalancing 2024-02-01 00:00:00: : 62it [06:31,  2.78it/s]Portfolio optimization with 62 month weight rebalancing 2024-03-01 00:00:00: : 62it [06:31,  2.78it/s]2026-07-30 14:22:27.767 | WARNING  | __main__:model_computation:474 - Nested engine fallback on 2024-03-01: "['BITO', 'BND', 'DVY', 'EMB', 'IBB', 'IEF', 'IEI', 'IJT', 'JEPQ', 'MBB', 'MCHI', 'SCZ', 'SHY', 'TLT', 'VONE', 'VONG', 'VONV', 'VTWO', 'VXUS'] not in index"
self.is_all_methods=False, self.min_weight=0.0, self.max_weight=0.06
single_methods
[RC-LP] method_type='return_cvar_constraint' sum=1.0000 active=19
IN-SAMPLE alpha grid-search best alphas[index]=np.float64(1.0),results[index]=array([2.49426289e+03, 1.69042799e-01, 2.41369702e-04, 1.69042799e-01])
best_index=np.int64(0) np.sum(w_target)=np.float64(1.0) case[index%2]='max_alpha'
0.5444640675878797 2024-04-01 00:00:00 2191.0371681216043 0.026923118217432616 0.00013141712988266107 0.02692311821743254
PROGRESS	2024-04-01	247	18	0.02692311821743254	2191.0371681216043
Portfolio optimization with 62 month weight rebalancing 2024-03-01 00:00:00: : 63it [06:32,  2.83it/s]Portfolio optimization with 63 month weight rebalancing 2024-04-01 00:00:00: : 63it [06:32,  2.83it/s]2026-07-30 14:22:28.168 | WARNING  | __main__:model_computation:474 - Nested engine fallback on 2024-04-01: "['BITO', 'BND', 'DVY', 'EMB', 'GBTC', 'IBB', 'IBIT', 'IEF', 'IEI', 'IJT', 'JEPQ', 'MBB', 'MCHI', 'QQQM', 'SCZ', 'SHY', 'TLT', 'VONE', 'VONG', 'VONV', 'VTWO', 'VXUS'] not in index"
self.is_all_methods=False, self.min_weight=0.0, self.max_weight=0.06
single_methods
[RC-LP] method_type='return_cvar_constraint' sum=1.0000 active=22
IN-SAMPLE alpha grid-search best alphas[index]=np.float64(1.0),results[index]=array([2.63525197e+03, 2.02741790e-01, 1.91790567e-04, 2.02741790e-01])
best_index=np.int64(0) np.sum(w_target)=np.float64(0.9999999999999998) case[index%2]='max_alpha'
0.5426212422867999 2024-05-01 00:00:00 2099.523199218206 -0.04176741966538802 0.00010406963545986506 -0.041767419665387884
PROGRESS	2024-05-01	244	20	-0.041767419665387884	2099.523199218206
Portfolio optimization with 63 month weight rebalancing 2024-04-01 00:00:00: : 64it [06:32,  2.71it/s]Portfolio optimization with 64 month weight rebalancing 2024-05-01 00:00:00: : 64it [06:32,  2.71it/s]2026-07-30 14:22:28.504 | WARNING  | __main__:model_computation:474 - Nested engine fallback on 2024-05-01: "['BITO', 'BND', 'DVY', 'EMB', 'GBTC', 'IBB', 'IBIT', 'IEF', 'IEI', 'IJT', 'JEPQ', 'MBB', 'MCHI', 'QQQM', 'SCZ', 'SHY', 'TLT', 'VONE', 'VONG', 'VONV', 'VTWO', 'VXUS'] not in index"
self.is_all_methods=False, self.min_weight=0.0, self.max_weight=0.06
single_methods
[RC-LP] method_type='return_cvar_constraint' sum=1.0000 active=20
IN-SAMPLE alpha grid-search best alphas[index]=np.float64(1.0),results[index]=array([2.27573236e+03, 8.39281788e-02, 1.37652690e-04, 8.39281788e-02])
best_index=np.int64(0) np.sum(w_target)=np.float64(1.0) case[index%2]='max_alpha'
0.5489361860571488 2024-06-03 00:00:00 2248.4561872790664 0.0709365765123805 7.556254239282958e-05 0.07093657651238061
PROGRESS	2024-06-03	244	20	0.07093657651238061	2248.4561872790664
Portfolio optimization with 64 month weight rebalancing 2024-05-01 00:00:00: : 65it [06:32,  2.79it/s]Portfolio optimization with 65 month weight rebalancing 2024-06-03 00:00:00: : 65it [06:32,  2.79it/s]2026-07-30 14:22:28.845 | WARNING  | __main__:model_computation:474 - Nested engine fallback on 2024-06-03: "['BITO', 'BND', 'DVY', 'EMB', 'GBTC', 'IBB', 'IBIT', 'IEF', 'IEI', 'IJT', 'JEPQ', 'MBB', 'MCHI', 'QQQM', 'SCZ', 'SHY', 'TLT', 'VONE', 'VONG', 'VONV', 'VTWO', 'VXUS'] not in index"
self.is_all_methods=False, self.min_weight=0.0, self.max_weight=0.06
single_methods
[RC-LP] method_type='return_cvar_constraint' sum=1.0000 active=27
IN-SAMPLE alpha grid-search best alphas[index]=np.float64(1.0),results[index]=array([2.30051710e+03, 2.31540715e-02, 2.05897485e-04, 2.31540715e-02])
best_index=np.int64(0) np.sum(w_target)=np.float64(1.0) case[index%2]='max_alpha'
0.5265792258930905 2024-07-01 00:00:00 2303.687750677135 0.024564215976521298 0.00010842133835782355 0.024564215976521364
PROGRESS	2024-07-01	243	25	0.024564215976521364	2303.687750677135
Portfolio optimization with 65 month weight rebalancing 2024-06-03 00:00:00: : 66it [06:33,  2.81it/s]Portfolio optimization with 66 month weight rebalancing 2024-07-01 00:00:00: : 66it [06:33,  2.81it/s]2026-07-30 14:22:29.200 | WARNING  | __main__:model_computation:474 - Nested engine fallback on 2024-07-01: "['BITO', 'BND', 'DVY', 'EMB', 'GBTC', 'IBB', 'IBIT', 'IEF', 'IEI', 'IJT', 'JEPQ', 'MBB', 'MCHI', 'QQQM', 'SCZ', 'SHY', 'TLT', 'VONE', 'VONG', 'VONV', 'VTWO', 'VXUS'] not in index"
self.is_all_methods=False, self.min_weight=0.0, self.max_weight=0.06
single_methods
[RC-LP] method_type='return_cvar_constraint' sum=1.0000 active=20
IN-SAMPLE alpha grid-search best alphas[index]=np.float64(0.1),results[index]=array([2.40258000e+03, 4.29277989e-02, 8.86636721e-06, 4.29277989e-02])
best_index=np.int64(0) np.sum(w_target)=np.float64(1.0) case[index%2]='max_alpha'
0.5099503613065473 2024-08-01 00:00:00 2313.491018420092 0.004255467235121309 4.5214071604585655e-05 0.00425546723512138
PROGRESS	2024-08-01	243	20	0.00425546723512138	2313.491018420092
Portfolio optimization with 66 month weight rebalancing 2024-07-01 00:00:00: : 67it [06:33,  2.82it/s]Portfolio optimization with 67 month weight rebalancing 2024-08-01 00:00:00: : 67it [06:33,  2.82it/s]2026-07-30 14:22:29.606 | WARNING  | __main__:model_computation:474 - Nested engine fallback on 2024-08-01: "['BITO', 'BND', 'DVY', 'EMB', 'GBTC', 'IBB', 'IBIT', 'IEF', 'IEI', 'IJT', 'JAAA', 'JEPQ', 'MBB', 'MCHI', 'QQQM', 'SCZ', 'SGOV', 'SHY', 'TLT', 'VONE', 'VONG', 'VONV', 'VTWO', 'VXUS'] not in index"
self.is_all_methods=False, self.min_weight=0.0, self.max_weight=0.06
single_methods
[RC-LP] method_type='return_cvar_constraint' sum=1.0000 active=21
IN-SAMPLE alpha grid-search best alphas[index]=np.float64(1.0),results[index]=array([2.48678662e+03, 7.49065385e-02, 4.34496005e-05, 7.49065385e-02])
best_index=np.int64(0) np.sum(w_target)=np.float64(1.0) case[index%2]='max_alpha'
0.5105743178917873 2024-09-03 00:00:00 2276.1419688083392 -0.01614402187619424 2.2184250118020757e-05 -0.016144021876194237
PROGRESS	2024-09-03	242	21	-0.016144021876194237	2276.1419688083392
Portfolio optimization with 67 month weight rebalancing 2024-08-01 00:00:00: : 68it [06:33,  2.72it/s]Portfolio optimization with 68 month weight rebalancing 2024-09-03 00:00:00: : 68it [06:33,  2.72it/s]2026-07-30 14:22:29.936 | WARNING  | __main__:model_computation:474 - Nested engine fallback on 2024-09-03: "['BITO', 'BND', 'DVY', 'EMB', 'GBTC', 'IBB', 'IBIT', 'IEF', 'IEI', 'IGV', 'IJT', 'JAAA', 'JEPI', 'JEPQ', 'MBB', 'MCHI', 'QQQM', 'SCZ', 'SGOV', 'SHY', 'TLT', 'VONE', 'VONG', 'VONV', 'VTWO', 'VXUS'] not in index"
self.is_all_methods=False, self.min_weight=0.0, self.max_weight=0.06
single_methods
[RC-LP] method_type='return_cvar_constraint' sum=1.0000 active=24
IN-SAMPLE alpha grid-search best alphas[index]=np.float64(1.0),results[index]=array([ 2.27049758e+03, -2.47980388e-03,  1.72385470e-04, -2.47980388e-03])
best_index=np.int64(0) np.sum(w_target)=np.float64(1.0) case[index%2]='max_alpha'
0.5170898269412143 2024-10-01 00:00:00 2340.4887240257904 0.02827009742768344 8.913877309773713e-05 0.028270097427683494
PROGRESS	2024-10-01	241	20	0.028270097427683494	2340.4887240257904
Portfolio optimization with 68 month weight rebalancing 2024-09-03 00:00:00: : 69it [06:34,  2.80it/s]Portfolio optimization with 69 month weight rebalancing 2024-10-01 00:00:00: : 69it [06:34,  2.80it/s]2026-07-30 14:22:30.268 | WARNING  | __main__:model_computation:474 - Nested engine fallback on 2024-10-01: "['BITO', 'BND', 'DVY', 'EMB', 'GBTC', 'IBB', 'IBIT', 'IEF', 'IEI', 'IGV', 'IJT', 'JAAA', 'JEPI', 'JEPQ', 'MBB', 'MCHI', 'QQQM', 'SCZ', 'SGOV', 'SHY', 'TLT', 'VONE', 'VONG', 'VONV', 'VTWO', 'VXUS'] not in index"
self.is_all_methods=False, self.min_weight=0.0, self.max_weight=0.06
single_methods
[RC-LP] method_type='return_cvar_constraint' sum=1.0000 active=26
IN-SAMPLE alpha grid-search best alphas[index]=np.float64(1.0),results[index]=array([2.41441598e+03, 3.15862484e-02, 3.54976752e-04, 3.15862484e-02])
best_index=np.int64(0) np.sum(w_target)=np.float64(1.0) case[index%2]='max_alpha'
0.5029233032474826 2024-11-01 00:00:00 2356.773014638625 0.006957645403573931 0.00017852608079325078 0.00695764540357402
PROGRESS	2024-11-01	239	21	0.00695764540357402	2356.773014638625
Portfolio optimization with 69 month weight rebalancing 2024-10-01 00:00:00: : 70it [06:34,  2.86it/s]Portfolio optimization with 70 month weight rebalancing 2024-11-01 00:00:00: : 70it [06:34,  2.86it/s]2026-07-30 14:22:30.612 | WARNING  | __main__:model_computation:474 - Nested engine fallback on 2024-11-01: "['BITO', 'BND', 'DVY', 'EMB', 'GBTC', 'IBB', 'IBIT', 'IEF', 'IEI', 'IGV', 'IJT', 'JAAA', 'JEPI', 'JEPQ', 'MBB', 'MCHI', 'QQQM', 'SCZ', 'SGOV', 'SHY', 'TLT', 'VONE', 'VONG', 'VONV', 'VTWO', 'VXUS'] not in index"
self.is_all_methods=False, self.min_weight=0.0, self.max_weight=0.06
single_methods
[RC-LP] method_type='return_cvar_constraint' sum=1.0000 active=28
IN-SAMPLE alpha grid-search best alphas[index]=np.float64(1.0),results[index]=array([2.67418208e+03, 1.34679523e-01, 1.06499869e-04, 1.34679523e-01])
best_index=np.int64(0) np.sum(w_target)=np.float64(1.0) case[index%2]='max_alpha'
0.5069014786388897 2024-12-02 00:00:00 2593.627443384968 0.10049946569956839 5.3984941214200407e-05 0.10049946569956836
PROGRESS	2024-12-02	242	24	0.10049946569956836	2593.627443384968
Portfolio optimization with 70 month weight rebalancing 2024-11-01 00:00:00: : 71it [06:34,  2.85it/s]Portfolio optimization with 71 month weight rebalancing 2024-12-02 00:00:00: : 71it [06:34,  2.85it/s]2026-07-30 14:22:31.049 | WARNING  | __main__:model_computation:474 - Nested engine fallback on 2024-12-02: "['BITO', 'BND', 'DVY', 'EMB', 'GBTC', 'IBB', 'IBIT', 'IEF', 'IEI', 'IGV', 'IJT', 'JAAA', 'JEPI', 'JEPQ', 'MBB', 'MCHI', 'QQQM', 'SCZ', 'SGOV', 'SHY', 'TLT', 'VONE', 'VONG', 'VONV', 'VTWO', 'VXUS'] not in index"
self.is_all_methods=False, self.min_weight=0.0, self.max_weight=0.06
single_methods
[RC-LP] method_type='return_cvar_constraint' sum=1.0000 active=24
IN-SAMPLE alpha grid-search best alphas[index]=np.float64(1.0),results[index]=array([3.12426396e+03, 2.04592422e-01, 2.30865570e-04, 2.04592422e-01])
best_index=np.int64(0) np.sum(w_target)=np.float64(0.9999999999999999) case[index%2]='max_alpha'
0.5282860542328022 2025-01-02 00:00:00 2516.968356991124 -0.029556706993274052 0.00012196306100785653 -0.029556706993274062
PROGRESS	2025-01-02	243	22	-0.029556706993274062	2516.968356991124
Portfolio optimization with 71 month weight rebalancing 2024-12-02 00:00:00: : 72it [06:35,  2.67it/s]Portfolio optimization with 72 month weight rebalancing 2025-01-02 00:00:00: : 72it [06:35,  2.67it/s]2026-07-30 14:22:31.402 | WARNING  | __main__:model_computation:474 - Nested engine fallback on 2025-01-02: "['BITO', 'BND', 'DVY', 'EMB', 'GBTC', 'IBB', 'IBIT', 'IEF', 'IEI', 'IGV', 'IJT', 'JAAA', 'JEPI', 'JEPQ', 'MBB', 'MCHI', 'QQQM', 'SCZ', 'SGOV', 'SHY', 'SPYM', 'TLT', 'VONE', 'VONG', 'VONV', 'VTWO', 'VXUS'] not in index"
self.is_all_methods=False, self.min_weight=0.0, self.max_weight=0.06
single_methods
[RC-LP] method_type='return_cvar_constraint' sum=1.0000 active=27
IN-SAMPLE alpha grid-search best alphas[index]=np.float64(1.0),results[index]=array([2.84544794e+03, 1.30506045e-01, 2.18752324e-04, 1.30506045e-01])
best_index=np.int64(0) np.sum(w_target)=np.float64(1.0) case[index%2]='max_alpha'
0.5464474405723778 2025-02-03 00:00:00 2614.781841612888 0.03886162666688968 0.0001195366478055777 0.03886162666688975
PROGRESS	2025-02-03	245	24	0.03886162666688975	2614.781841612888
Portfolio optimization with 72 month weight rebalancing 2025-01-02 00:00:00: : 73it [06:35,  2.72it/s]Portfolio optimization with 73 month weight rebalancing 2025-02-03 00:00:00: : 73it [06:35,  2.72it/s]2026-07-30 14:22:31.741 | WARNING  | __main__:model_computation:474 - Nested engine fallback on 2025-02-03: "['BITO', 'BND', 'DVY', 'EMB', 'GBTC', 'IBB', 'IBIT', 'IEF', 'IEI', 'IGV', 'IJT', 'JAAA', 'JEPI', 'JEPQ', 'MBB', 'MCHI', 'MDYV', 'QQQM', 'SCZ', 'SGOV', 'SHY', 'SPYM', 'TLT', 'VONE', 'VONG', 'VONV', 'VTWO', 'VXUS'] not in index"
self.is_all_methods=False, self.min_weight=0.0, self.max_weight=0.06
single_methods
[RC-LP] method_type='return_cvar_constraint' sum=1.0000 active=24
IN-SAMPLE alpha grid-search best alphas[index]=np.float64(1.0),results[index]=array([3.02259211e+03, 1.55963402e-01, 2.14889313e-04, 1.55963402e-01])
best_index=np.int64(0) np.sum(w_target)=np.float64(1.0) case[index%2]='max_alpha'
0.5353584389153958 2025-03-03 00:00:00 2466.1527442951783 -0.056841872982424366 0.00011504280728479201 -0.05684187298242449
PROGRESS	2025-03-03	244	23	-0.05684187298242449	2466.1527442951783
Portfolio optimization with 73 month weight rebalancing 2025-02-03 00:00:00: : 74it [06:36,  2.78it/s]Portfolio optimization with 74 month weight rebalancing 2025-03-03 00:00:00: : 74it [06:36,  2.78it/s]2026-07-30 14:22:32.080 | WARNING  | __main__:model_computation:474 - Nested engine fallback on 2025-03-03: "['BITO', 'BND', 'DVY', 'EMB', 'GBTC', 'IBB', 'IBIT', 'IEF', 'IEI', 'IGV', 'IJT', 'JAAA', 'JEPI', 'JEPQ', 'MBB', 'MCHI', 'QQQM', 'SCZ', 'SGOV', 'SHY', 'SPYM', 'TBIL', 'TLT', 'VONE', 'VONG', 'VONV', 'VTWO', 'VXUS'] not in index"
self.is_all_methods=False, self.min_weight=0.0, self.max_weight=0.06
single_methods
[RC-LP] method_type='return_cvar_constraint' sum=1.0000 active=23
IN-SAMPLE alpha grid-search best alphas[index]=np.float64(1.0),results[index]=array([ 2.39713275e+03, -2.79869079e-02,  3.12393167e-04, -2.79869079e-02])
best_index=np.int64(0) np.sum(w_target)=np.float64(1.0) case[index%2]='max_alpha'
0.5382015971029902 2025-04-01 00:00:00 2340.480377932838 -0.05095887375713096 0.00016813050146471958 -0.05095887375713104
PROGRESS	2025-04-01	241	22	-0.05095887375713104	2340.480377932838
Portfolio optimization with 74 month weight rebalancing 2025-03-03 00:00:00: : 75it [06:36,  2.82it/s]Portfolio optimization with 75 month weight rebalancing 2025-04-01 00:00:00: : 75it [06:36,  2.82it/s]2026-07-30 14:22:32.491 | WARNING  | __main__:model_computation:474 - Nested engine fallback on 2025-04-01: "['AVUS', 'AVUV', 'BITO', 'BND', 'DVY', 'EMB', 'GBTC', 'IBB', 'IBIT', 'IEF', 'IEI', 'IGV', 'IJT', 'JAAA', 'JEPI', 'JEPQ', 'MBB', 'MCHI', 'QQQM', 'SCZ', 'SGOV', 'SHY', 'SPYM', 'TBIL', 'TLT', 'VONE', 'VONG', 'VONV', 'VTWO', 'VXUS'] not in index"
self.is_all_methods=False, self.min_weight=0.0, self.max_weight=0.06
single_methods
[RC-LP] method_type='return_cvar_constraint' sum=1.0000 active=21
IN-SAMPLE alpha grid-search best alphas[index]=np.float64(1.0),results[index]=array([2.35951632e+03, 8.13334738e-03, 6.05369609e-04, 8.13334738e-03])
best_index=np.int64(0) np.sum(w_target)=np.float64(1.0) case[index%2]='max_alpha'
0.5020578451720275 2025-05-01 00:00:00 2411.899935823655 0.03051491418778589 0.0003039305614231489 0.030514914187785847
PROGRESS	2025-05-01	236	20	0.030514914187785847	2411.899935823655
Portfolio optimization with 75 month weight rebalancing 2025-04-01 00:00:00: : 76it [06:36,  2.70it/s]Portfolio optimization with 76 month weight rebalancing 2025-05-01 00:00:00: : 76it [06:36,  2.70it/s]2026-07-30 14:22:32.823 | WARNING  | __main__:model_computation:474 - Nested engine fallback on 2025-05-01: "['AVUS', 'AVUV', 'BITO', 'BND', 'DVY', 'EMB', 'GBTC', 'IBB', 'IBIT', 'IEF', 'IEI', 'IJT', 'JAAA', 'JEPI', 'JEPQ', 'MBB', 'MCHI', 'QQQM', 'SCZ', 'SGOV', 'SHY', 'SPYM', 'TBIL', 'TLT', 'VONE', 'VONG', 'VONV', 'VTWO', 'VXUS'] not in index"
self.is_all_methods=False, self.min_weight=0.0, self.max_weight=0.06
single_methods
[RC-LP] method_type='return_cvar_constraint' sum=1.0000 active=21
IN-SAMPLE alpha grid-search best alphas[index]=np.float64(1.0),results[index]=array([2.42432993e+03, 5.15361305e-03, 6.54243001e-04, 5.15361305e-03])
best_index=np.int64(0) np.sum(w_target)=np.float64(0.9999999999999998) case[index%2]='max_alpha'
0.5020382295432761 2025-06-02 00:00:00 2565.885855774673 0.06384424066018816 0.0003284549980882753 0.06384424066018823
PROGRESS	2025-06-02	234	20	0.06384424066018823	2565.885855774673
Portfolio optimization with 76 month weight rebalancing 2025-05-01 00:00:00: : 77it [06:37,  2.79it/s]Portfolio optimization with 77 month weight rebalancing 2025-06-02 00:00:00: : 77it [06:37,  2.79it/s]2026-07-30 14:22:33.162 | WARNING  | __main__:model_computation:474 - Nested engine fallback on 2025-06-02: "['AVUS', 'AVUV', 'BITO', 'BND', 'DVY', 'EMB', 'GBTC', 'IBB', 'IBIT', 'IEF', 'IEI', 'IJT', 'JAAA', 'JEPI', 'JEPQ', 'MBB', 'MCHI', 'QQQM', 'SCZ', 'SGOV', 'SHY', 'SPYM', 'TBIL', 'TLT', 'VONE', 'VONG', 'VONV', 'VTWO', 'VXUS'] not in index"
self.is_all_methods=False, self.min_weight=0.0, self.max_weight=0.06
single_methods
[RC-LP] method_type='return_cvar_constraint' sum=1.0000 active=22
IN-SAMPLE alpha grid-search best alphas[index]=np.float64(1.0),results[index]=array([2.81844590e+03, 9.84299612e-02, 4.93018349e-04, 9.84299612e-02])
best_index=np.int64(0) np.sum(w_target)=np.float64(1.0) case[index%2]='max_alpha'
0.5014383668095638 2025-07-01 00:00:00 2679.2271265469276 0.044172374432468936 0.00024721831575533524 0.04417237443246891
PROGRESS	2025-07-01	234	21	0.04417237443246891	2679.2271265469276
Portfolio optimization with 77 month weight rebalancing 2025-06-02 00:00:00: : 78it [06:37,  2.84it/s]Portfolio optimization with 78 month weight rebalancing 2025-07-01 00:00:00: : 78it [06:37,  2.84it/s]2026-07-30 14:22:33.492 | WARNING  | __main__:model_computation:474 - Nested engine fallback on 2025-07-01: "['AVUS', 'AVUV', 'BITB', 'BITO', 'BND', 'CGDV', 'DVY', 'EMB', 'GBTC', 'IBB', 'IBIT', 'IEF', 'IEI', 'IJT', 'JAAA', 'JEPI', 'JEPQ', 'MBB', 'MCHI', 'MSTY', 'QQQM', 'SCZ', 'SGOV', 'SHY', 'SPYM', 'TBIL', 'TLT', 'VONE', 'VONG', 'VONV', 'VTWO', 'VXUS'] not in index"
self.is_all_methods=False, self.min_weight=0.0, self.max_weight=0.06
single_methods
[RC-LP] method_type='return_cvar_constraint' sum=1.0000 active=21
IN-SAMPLE alpha grid-search best alphas[index]=np.float64(1.0),results[index]=array([3.25510787e+03, 2.14942860e-01, 4.78128443e-04, 2.14942860e-01])
best_index=np.int64(0) np.sum(w_target)=np.float64(1.0) case[index%2]='max_alpha'
0.519963048577615 2025-08-01 00:00:00 2737.19871078505 0.021637428071593832 0.00024860912293147734 0.021637428071593856
PROGRESS	2025-08-01	234	20	0.021637428071593856	2737.19871078505
Portfolio optimization with 78 month weight rebalancing 2025-07-01 00:00:00: : 79it [06:37,  2.90it/s]Portfolio optimization with 79 month weight rebalancing 2025-08-01 00:00:00: : 79it [06:37,  2.90it/s]2026-07-30 14:22:33.892 | WARNING  | __main__:model_computation:474 - Nested engine fallback on 2025-08-01: "['AVUS', 'AVUV', 'BITB', 'BITO', 'BND', 'CGDV', 'DVY', 'EMB', 'ETHA', 'GBTC', 'IBB', 'IBIT', 'IEF', 'IEI', 'IJT', 'JAAA', 'JEPI', 'JEPQ', 'MBB', 'MCHI', 'MSTY', 'QQQM', 'SCZ', 'SGOV', 'SHY', 'SPYM', 'TBIL', 'TLT', 'VONE', 'VONG', 'VONV', 'VTWO', 'VXUS'] not in index"
self.is_all_methods=False, self.min_weight=0.0, self.max_weight=0.06
single_methods
[RC-LP] method_type='return_cvar_constraint' sum=1.0000 active=22
IN-SAMPLE alpha grid-search best alphas[index]=np.float64(1.0),results[index]=array([3.12396876e+03, 1.41301414e-01, 5.19796192e-04, 1.41301414e-01])
best_index=np.int64(0) np.sum(w_target)=np.float64(1.0) case[index%2]='max_alpha'
0.546845508644072 2025-09-02 00:00:00 2760.3636307871207 0.008463002671598755 0.0002842482132224452 0.00846300267159883
PROGRESS	2025-09-02	234	22	0.00846300267159883	2760.3636307871207
Portfolio optimization with 79 month weight rebalancing 2025-08-01 00:00:00: : 80it [06:38,  2.77it/s]Portfolio optimization with 80 month weight rebalancing 2025-09-02 00:00:00: : 80it [06:38,  2.77it/s]2026-07-30 14:22:34.214 | WARNING  | __main__:model_computation:474 - Nested engine fallback on 2025-09-02: "['AVUS', 'AVUV', 'BITB', 'BITO', 'BND', 'CGDV', 'DVY', 'EMB', 'ETHA', 'GBTC', 'IBB', 'IBIT', 'IEF', 'IEI', 'IJT', 'JAAA', 'JEPI', 'JEPQ', 'MBB', 'MCHI', 'MSTY', 'QQQM', 'SCZ', 'SGOV', 'SHY', 'SPYM', 'TBIL', 'TLT', 'VONE', 'VONG', 'VONV', 'VTWO', 'VXUS'] not in index"
self.is_all_methods=False, self.min_weight=0.0, self.max_weight=0.06
single_methods
[RC-LP] method_type='return_cvar_constraint' sum=1.0000 active=26
IN-SAMPLE alpha grid-search best alphas[index]=np.float64(1.0),results[index]=array([2.95067692e+03, 6.89450053e-02, 2.69209545e-04, 6.89450053e-02])
best_index=np.int64(0) np.sum(w_target)=np.float64(1.0) case[index%2]='max_alpha'
0.5375859060375497 2025-10-01 00:00:00 2944.61633164556 0.06674943069217999 0.00014472325692614047 0.06674943069218009
PROGRESS	2025-10-01	237	25	0.06674943069218009	2944.61633164556
Portfolio optimization with 80 month weight rebalancing 2025-09-02 00:00:00: : 81it [06:38,  2.85it/s]Portfolio optimization with 81 month weight rebalancing 2025-10-01 00:00:00: : 81it [06:38,  2.85it/s]2026-07-30 14:22:34.550 | WARNING  | __main__:model_computation:474 - Nested engine fallback on 2025-10-01: "['AVUS', 'AVUV', 'BITB', 'BITO', 'BND', 'CGDV', 'DVY', 'EMB', 'ETHA', 'GBTC', 'IBB', 'IBIT', 'IEF', 'IEI', 'IJT', 'JAAA', 'JEPI', 'JEPQ', 'MBB', 'MCHI', 'MSTY', 'QQQM', 'SCZ', 'SGOV', 'SHY', 'SPYM', 'TBIL', 'TLT', 'VONE', 'VONG', 'VONV', 'VTWO', 'VXUS'] not in index"
self.is_all_methods=False, self.min_weight=0.0, self.max_weight=0.06
single_methods
[RC-LP] method_type='return_cvar_constraint' sum=1.0000 active=26
IN-SAMPLE alpha grid-search best alphas[index]=np.float64(1.0),results[index]=array([3.30179395e+03, 1.21298525e-01, 2.33565857e-04, 1.21298525e-01])
best_index=np.int64(0) np.sum(w_target)=np.float64(1.0) case[index%2]='max_alpha'
0.5213074774015001 2025-11-03 00:00:00 2927.9068528502235 -0.005674586062625889 0.00012175962793731537 -0.0056745860626259415
PROGRESS	2025-11-03	237	25	-0.0056745860626259415	2927.9068528502235
Portfolio optimization with 81 month weight rebalancing 2025-10-01 00:00:00: : 82it [06:38,  2.90it/s]Portfolio optimization with 82 month weight rebalancing 2025-11-03 00:00:00: : 82it [06:38,  2.90it/s]2026-07-30 14:22:34.964 | WARNING  | __main__:model_computation:474 - Nested engine fallback on 2025-11-03: "['AVDV', 'AVUS', 'AVUV', 'BITB', 'BITO', 'BND', 'CGDV', 'CGGR', 'DVY', 'DYNF', 'EMB', 'ETHA', 'GBTC', 'IBB', 'IBIT', 'IEF', 'IEI', 'IJT', 'JAAA', 'JEPI', 'JEPQ', 'MBB', 'MCHI', 'MSTY', 'QQQM', 'SCZ', 'SGOV', 'SHY', 'SPYM', 'TBIL', 'TLT', 'VONE', 'VONG', 'VONV', 'VTWO', 'VXUS'] not in index"
self.is_all_methods=False, self.min_weight=0.0, self.max_weight=0.06
single_methods
[RC-LP] method_type='return_cvar_constraint' sum=1.0000 active=24
IN-SAMPLE alpha grid-search best alphas[index]=np.float64(1.0),results[index]=array([3.22313970e+03, 1.00834098e-01, 4.34612596e-04, 1.00834098e-01])
best_index=np.int64(0) np.sum(w_target)=np.float64(0.9999999999999999) case[index%2]='max_alpha'
0.5284928804117145 2025-12-01 00:00:00 2698.3079793266284 -0.07841741047878219 0.0002296896629828007 -0.07841741047878215
PROGRESS	2025-12-01	239	23	-0.07841741047878215	2698.3079793266284
Portfolio optimization with 82 month weight rebalancing 2025-11-03 00:00:00: : 83it [06:39,  2.73it/s]Portfolio optimization with 82 month weight rebalancing 2025-11-03 00:00:00: : 83it [06:39,  4.81s/it]
2026-07-30 14:22:35.158 | INFO     | scripts.results.results:save_results:114 - preds_df info successfully saved to /Users/mac/Downloads/portfolio_optimization_pipeline_v2/results/calibration_runs/advanced_smart_bayesian_risk_return/trial_00024/preds.csv
2026-07-30 14:22:35.167 | INFO     | scripts.results.results:save_results:119 - real_df info successfully saved to /Users/mac/Downloads/portfolio_optimization_pipeline_v2/results/calibration_runs/advanced_smart_bayesian_risk_return/trial_00024/real.csv
2026-07-30 14:22:35.168 | INFO     | scripts.results.results:save_results:124 - model_df info successfully saved to /Users/mac/Downloads/portfolio_optimization_pipeline_v2/results/calibration_runs/advanced_smart_bayesian_risk_return/trial_00024/model.csv
2026-07-30 14:22:35.168 | INFO     | scripts.results.results:save_results:129 - pnl_df info successfully saved to /Users/mac/Downloads/portfolio_optimization_pipeline_v2/results/calibration_runs/advanced_smart_bayesian_risk_return/trial_00024/pnl.csv
Saving to excel df with multiple keys:   0%|          | 0/119 [00:00<?, ?it/s]Saving to excel df of key 2016-02-01:   0%|          | 0/119 [00:00<?, ?it/s] Saving to excel df of key 2016-03-01:   0%|          | 0/119 [00:00<?, ?it/s]Saving to excel df of key 2016-04-01:   0%|          | 0/119 [00:00<?, ?it/s]Saving to excel df of key 2016-05-02:   0%|          | 0/119 [00:00<?, ?it/s]Saving to excel df of key 2016-06-01:   0%|          | 0/119 [00:00<?, ?it/s]Saving to excel df of key 2016-07-01:   0%|          | 0/119 [00:00<?, ?it/s]Saving to excel df of key 2016-08-01:   0%|          | 0/119 [00:00<?, ?it/s]Saving to excel df of key 2016-09-01:   0%|          | 0/119 [00:00<?, ?it/s]Saving to excel df of key 2016-10-03:   0%|          | 0/119 [00:00<?, ?it/s]Saving to excel df of key 2016-10-03:   8%|▊         | 9/119 [00:00<00:01, 81.88it/s]Saving to excel df of key 2016-11-01:   8%|▊         | 9/119 [00:00<00:01, 81.88it/s]Saving to excel df of key 2016-12-01:   8%|▊         | 9/119 [00:00<00:01, 81.88it/s]Saving to excel df of key 2017-01-03:   8%|▊         | 9/119 [00:00<00:01, 81.88it/s]Saving to excel df of key 2017-02-01:   8%|▊         | 9/119 [00:00<00:01, 81.88it/s]Saving to excel df of key 2017-03-01:   8%|▊         | 9/119 [00:00<00:01, 81.88it/s]Saving to excel df of key 2017-04-03:   8%|▊         | 9/119 [00:00<00:01, 81.88it/s]Saving to excel df of key 2017-05-01:   8%|▊         | 9/119 [00:00<00:01, 81.88it/s]Saving to excel df of key 2017-06-01:   8%|▊         | 9/119 [00:00<00:01, 81.88it/s]Saving to excel df of key 2017-07-03:   8%|▊         | 9/119 [00:00<00:01, 81.88it/s]Saving to excel df of key 2017-07-03:  15%|█▌        | 18/119 [00:00<00:01, 57.95it/s]Saving to excel df of key 2017-08-01:  15%|█▌        | 18/119 [00:00<00:01, 57.95it/s]Saving to excel df of key 2017-09-01:  15%|█▌        | 18/119 [00:00<00:01, 57.95it/s]Saving to excel df of key 2017-10-02:  15%|█▌        | 18/119 [00:00<00:01, 57.95it/s]Saving to excel df of key 2017-11-01:  15%|█▌        | 18/119 [00:00<00:01, 57.95it/s]Saving to excel df of key 2017-12-01:  15%|█▌        | 18/119 [00:00<00:01, 57.95it/s]Saving to excel df of key 2018-01-02:  15%|█▌        | 18/119 [00:00<00:01, 57.95it/s]Saving to excel df of key 2018-02-01:  15%|█▌        | 18/119 [00:00<00:01, 57.95it/s]Saving to excel df of key 2018-03-01:  15%|█▌        | 18/119 [00:00<00:01, 57.95it/s]Saving to excel df of key 2018-04-02:  15%|█▌        | 18/119 [00:00<00:01, 57.95it/s]Saving to excel df of key 2018-04-02:  23%|██▎       | 27/119 [00:00<00:01, 66.62it/s]Saving to excel df of key 2018-05-01:  23%|██▎       | 27/119 [00:00<00:01, 66.62it/s]Saving to excel df of key 2018-06-01:  23%|██▎       | 27/119 [00:00<00:01, 66.62it/s]Saving to excel df of key 2018-07-02:  23%|██▎       | 27/119 [00:00<00:01, 66.62it/s]Saving to excel df of key 2018-08-01:  23%|██▎       | 27/119 [00:00<00:01, 66.62it/s]Saving to excel df of key 2018-09-04:  23%|██▎       | 27/119 [00:00<00:01, 66.62it/s]Saving to excel df of key 2018-10-01:  23%|██▎       | 27/119 [00:00<00:01, 66.62it/s]Saving to excel df of key 2018-11-01:  23%|██▎       | 27/119 [00:00<00:01, 66.62it/s]Saving to excel df of key 2018-12-03:  23%|██▎       | 27/119 [00:00<00:01, 66.62it/s]Saving to excel df of key 2018-12-03:  29%|██▉       | 35/119 [00:00<00:01, 55.92it/s]Saving to excel df of key 2019-01-02:  29%|██▉       | 35/119 [00:00<00:01, 55.92it/s]Saving to excel df of key 2019-02-01:  29%|██▉       | 35/119 [00:00<00:01, 55.92it/s]Saving to excel df of key 2019-03-01:  29%|██▉       | 35/119 [00:00<00:01, 55.92it/s]Saving to excel df of key 2019-04-01:  29%|██▉       | 35/119 [00:00<00:01, 55.92it/s]Saving to excel df of key 2019-05-01:  29%|██▉       | 35/119 [00:00<00:01, 55.92it/s]Saving to excel df of key 2019-06-03:  29%|██▉       | 35/119 [00:00<00:01, 55.92it/s]Saving to excel df of key 2019-07-01:  29%|██▉       | 35/119 [00:00<00:01, 55.92it/s]Saving to excel df of key 2019-07-01:  35%|███▌      | 42/119 [00:00<00:01, 48.43it/s]Saving to excel df of key 2019-08-01:  35%|███▌      | 42/119 [00:00<00:01, 48.43it/s]Saving to excel df of key 2019-09-03:  35%|███▌      | 42/119 [00:00<00:01, 48.43it/s]Saving to excel df of key 2019-10-01:  35%|███▌      | 42/119 [00:00<00:01, 48.43it/s]Saving to excel df of key 2019-11-01:  35%|███▌      | 42/119 [00:00<00:01, 48.43it/s]Saving to excel df of key 2019-12-02:  35%|███▌      | 42/119 [00:00<00:01, 48.43it/s]Saving to excel df of key 2020-01-02:  35%|███▌      | 42/119 [00:01<00:01, 48.43it/s]Saving to excel df of key 2020-01-02:  40%|████      | 48/119 [00:01<00:01, 37.38it/s]Saving to excel df of key 2020-02-03:  40%|████      | 48/119 [00:01<00:01, 37.38it/s]Saving to excel df of key 2020-03-02:  40%|████      | 48/119 [00:01<00:01, 37.38it/s]Saving to excel df of key 2020-04-01:  40%|████      | 48/119 [00:01<00:01, 37.38it/s]Saving to excel df of key 2020-05-01:  40%|████      | 48/119 [00:01<00:01, 37.38it/s]Saving to excel df of key 2020-06-01:  40%|████      | 48/119 [00:01<00:01, 37.38it/s]Saving to excel df of key 2020-06-01:  45%|████▍     | 53/119 [00:01<00:01, 36.76it/s]Saving to excel df of key 2020-07-01:  45%|████▍     | 53/119 [00:01<00:01, 36.76it/s]Saving to excel df of key 2020-08-03:  45%|████▍     | 53/119 [00:01<00:01, 36.76it/s]Saving to excel df of key 2020-09-01:  45%|████▍     | 53/119 [00:01<00:01, 36.76it/s]Saving to excel df of key 2020-10-01:  45%|████▍     | 53/119 [00:01<00:01, 36.76it/s]Saving to excel df of key 2020-10-01:  48%|████▊     | 57/119 [00:01<00:02, 30.14it/s]Saving to excel df of key 2020-11-02:  48%|████▊     | 57/119 [00:01<00:02, 30.14it/s]Saving to excel df of key 2020-12-01:  48%|████▊     | 57/119 [00:01<00:02, 30.14it/s]Saving to excel df of key 2021-01-04:  48%|████▊     | 57/119 [00:01<00:02, 30.14it/s]Saving to excel df of key 2021-02-01:  48%|████▊     | 57/119 [00:01<00:02, 30.14it/s]Saving to excel df of key 2021-02-01:  51%|█████▏    | 61/119 [00:01<00:01, 31.62it/s]Saving to excel df of key 2021-03-01:  51%|█████▏    | 61/119 [00:01<00:01, 31.62it/s]Saving to excel df of key 2021-04-01:  51%|█████▏    | 61/119 [00:01<00:01, 31.62it/s]Saving to excel df of key 2021-05-03:  51%|█████▏    | 61/119 [00:01<00:01, 31.62it/s]Saving to excel df of key 2021-06-01:  51%|█████▏    | 61/119 [00:01<00:01, 31.62it/s]Saving to excel df of key 2021-06-01:  55%|█████▍    | 65/119 [00:01<00:01, 32.88it/s]Saving to excel df of key 2021-07-01:  55%|█████▍    | 65/119 [00:01<00:01, 32.88it/s]Saving to excel df of key 2021-08-02:  55%|█████▍    | 65/119 [00:01<00:01, 32.88it/s]Saving to excel df of key 2021-09-01:  55%|█████▍    | 65/119 [00:01<00:01, 32.88it/s]Saving to excel df of key 2021-10-01:  55%|█████▍    | 65/119 [00:01<00:01, 32.88it/s]Saving to excel df of key 2021-10-01:  58%|█████▊    | 69/119 [00:01<00:01, 26.60it/s]Saving to excel df of key 2021-11-01:  58%|█████▊    | 69/119 [00:01<00:01, 26.60it/s]Saving to excel df of key 2021-12-01:  58%|█████▊    | 69/119 [00:01<00:01, 26.60it/s]Saving to excel df of key 2022-01-03:  58%|█████▊    | 69/119 [00:01<00:01, 26.60it/s]Saving to excel df of key 2022-02-01:  58%|█████▊    | 69/119 [00:01<00:01, 26.60it/s]Saving to excel df of key 2022-02-01:  61%|██████▏   | 73/119 [00:01<00:01, 28.79it/s]Saving to excel df of key 2022-03-01:  61%|██████▏   | 73/119 [00:01<00:01, 28.79it/s]Saving to excel df of key 2022-04-01:  61%|██████▏   | 73/119 [00:01<00:01, 28.79it/s]Saving to excel df of key 2022-05-02:  61%|██████▏   | 73/119 [00:01<00:01, 28.79it/s]Saving to excel df of key 2022-06-01:  61%|██████▏   | 73/119 [00:02<00:01, 28.79it/s]Saving to excel df of key 2022-06-01:  65%|██████▍   | 77/119 [00:02<00:01, 30.76it/s]Saving to excel df of key 2022-07-01:  65%|██████▍   | 77/119 [00:02<00:01, 30.76it/s]Saving to excel df of key 2022-08-01:  65%|██████▍   | 77/119 [00:02<00:01, 30.76it/s]Saving to excel df of key 2022-09-01:  65%|██████▍   | 77/119 [00:02<00:01, 30.76it/s]Saving to excel df of key 2022-10-03:  65%|██████▍   | 77/119 [00:02<00:01, 30.76it/s]Saving to excel df of key 2022-10-03:  68%|██████▊   | 81/119 [00:02<00:01, 32.34it/s]Saving to excel df of key 2022-11-01:  68%|██████▊   | 81/119 [00:02<00:01, 32.34it/s]Saving to excel df of key 2022-12-01:  68%|██████▊   | 81/119 [00:02<00:01, 32.34it/s]Saving to excel df of key 2023-01-03:  68%|██████▊   | 81/119 [00:02<00:01, 32.34it/s]Saving to excel df of key 2023-02-01:  68%|██████▊   | 81/119 [00:02<00:01, 32.34it/s]Saving to excel df of key 2023-02-01:  71%|███████▏  | 85/119 [00:02<00:01, 24.94it/s]Saving to excel df of key 2023-03-01:  71%|███████▏  | 85/119 [00:02<00:01, 24.94it/s]Saving to excel df of key 2023-04-03:  71%|███████▏  | 85/119 [00:02<00:01, 24.94it/s]Saving to excel df of key 2023-05-01:  71%|███████▏  | 85/119 [00:02<00:01, 24.94it/s]Saving to excel df of key 2023-06-01:  71%|███████▏  | 85/119 [00:02<00:01, 24.94it/s]Saving to excel df of key 2023-06-01:  75%|███████▍  | 89/119 [00:02<00:01, 27.53it/s]Saving to excel df of key 2023-07-03:  75%|███████▍  | 89/119 [00:02<00:01, 27.53it/s]Saving to excel df of key 2023-08-01:  75%|███████▍  | 89/119 [00:02<00:01, 27.53it/s]Saving to excel df of key 2023-09-01:  75%|███████▍  | 89/119 [00:02<00:01, 27.53it/s]Saving to excel df of key 2023-10-02:  75%|███████▍  | 89/119 [00:02<00:01, 27.53it/s]Saving to excel df of key 2023-10-02:  78%|███████▊  | 93/119 [00:02<00:00, 29.73it/s]Saving to excel df of key 2023-11-01:  78%|███████▊  | 93/119 [00:02<00:00, 29.73it/s]Saving to excel df of key 2023-12-01:  78%|███████▊  | 93/119 [00:02<00:00, 29.73it/s]Saving to excel df of key 2024-01-02:  78%|███████▊  | 93/119 [00:02<00:00, 29.73it/s]Saving to excel df of key 2024-02-01:  78%|███████▊  | 93/119 [00:02<00:00, 29.73it/s]Saving to excel df of key 2024-02-01:  82%|████████▏ | 97/119 [00:02<00:00, 31.50it/s]Saving to excel df of key 2024-03-01:  82%|████████▏ | 97/119 [00:02<00:00, 31.50it/s]Saving to excel df of key 2024-04-01:  82%|████████▏ | 97/119 [00:02<00:00, 31.50it/s]Saving to excel df of key 2024-05-01:  82%|████████▏ | 97/119 [00:02<00:00, 31.50it/s]Saving to excel df of key 2024-06-03:  82%|████████▏ | 97/119 [00:02<00:00, 31.50it/s]Saving to excel df of key 2024-06-03:  85%|████████▍ | 101/119 [00:02<00:00, 32.58it/s]Saving to excel df of key 2024-07-01:  85%|████████▍ | 101/119 [00:02<00:00, 32.58it/s]Saving to excel df of key 2024-08-01:  85%|████████▍ | 101/119 [00:02<00:00, 32.58it/s]Saving to excel df of key 2024-09-03:  85%|████████▍ | 101/119 [00:02<00:00, 32.58it/s]Saving to excel df of key 2024-10-01:  85%|████████▍ | 101/119 [00:02<00:00, 32.58it/s]Saving to excel df of key 2024-10-01:  88%|████████▊ | 105/119 [00:02<00:00, 33.50it/s]Saving to excel df of key 2024-11-01:  88%|████████▊ | 105/119 [00:02<00:00, 33.50it/s]Saving to excel df of key 2024-12-02:  88%|████████▊ | 105/119 [00:02<00:00, 33.50it/s]Saving to excel df of key 2025-01-02:  88%|████████▊ | 105/119 [00:03<00:00, 33.50it/s]Saving to excel df of key 2025-02-03:  88%|████████▊ | 105/119 [00:03<00:00, 33.50it/s]Saving to excel df of key 2025-02-03:  92%|█████████▏| 109/119 [00:03<00:00, 24.17it/s]Saving to excel df of key 2025-03-03:  92%|█████████▏| 109/119 [00:03<00:00, 24.17it/s]Saving to excel df of key 2025-04-01:  92%|█████████▏| 109/119 [00:03<00:00, 24.17it/s]Saving to excel df of key 2025-05-01:  92%|█████████▏| 109/119 [00:03<00:00, 24.17it/s]Saving to excel df of key 2025-06-02:  92%|█████████▏| 109/119 [00:03<00:00, 24.17it/s]Saving to excel df of key 2025-06-02:  95%|█████████▍| 113/119 [00:03<00:00, 26.90it/s]Saving to excel df of key 2025-07-01:  95%|█████████▍| 113/119 [00:03<00:00, 26.90it/s]Saving to excel df of key 2025-08-01:  95%|█████████▍| 113/119 [00:03<00:00, 26.90it/s]Saving to excel df of key 2025-09-02:  95%|█████████▍| 113/119 [00:03<00:00, 26.90it/s]Saving to excel df of key 2025-10-01:  95%|█████████▍| 113/119 [00:03<00:00, 26.90it/s]Saving to excel df of key 2025-10-01:  98%|█████████▊| 117/119 [00:03<00:00, 29.12it/s]Saving to excel df of key 2025-11-03:  98%|█████████▊| 117/119 [00:03<00:00, 29.12it/s]Saving to excel df of key 2025-12-01:  98%|█████████▊| 117/119 [00:03<00:00, 29.12it/s]Saving to excel df of key 2025-12-01: 100%|██████████| 119/119 [00:03<00:00, 34.04it/s]
2026-07-30 14:22:44.102 | INFO     | scripts.dataloader.filter:save_df_dict_to_excel:90 - df successfully saved to /Users/mac/Downloads/portfolio_optimization_pipeline_v2/results/calibration_runs/advanced_smart_bayesian_risk_return/trial_00024 / weights.xlsx
2026-07-30 14:23:03.416 | INFO     | __main__:main:693 - SUCCESS
Interactive Plotly report saved to /Users/mac/Downloads/portfolio_optimization_pipeline_v2/results/calibration_runs/advanced_smart_bayesian_risk_return/trial_00024/interactive_report.html
