2026-07-30 16:39:56.802 | INFO     | __main__:main:650 - Successful file reading
2026-07-30 16:40:00.924 | INFO     | __main__:model_computation:314 - Run start: portfolio=filteredmodel=bayessian, optimizer=bayessian, execution=base_exec
Portfolio optimization with month weight rebalancing: 0it [00:00, ?it/s]Portfolio optimization with 0 month weight rebalancing 2019-01-02 00:00:00: : 0it [00:00, ?it/s]2026-07-30 16:40:01.198 | WARNING  | __main__:model_computation:474 - Nested engine fallback on 2019-01-02: "['BOND'] not in index"
self.is_all_methods=False, self.min_weight=0.0, self.max_weight=0.1
single_methods
[RC-LP] method_type='return_cvar_constraint' sum=1.0000 active=27
IN-SAMPLE alpha grid-search best alphas[index]=np.float64(0.1),results[index]=array([ 8.94982765e+02, -1.05017235e-01,  1.74407583e-04, -1.05017235e-01])
best_index=np.int64(0) np.sum(w_target)=np.float64(1.0) case[index%2]='max_alpha'
0.5 2019-02-01 00:00:00 1075.9868871971107 0.07598688719711087 0.0008720379146919433 0.07598688719711078
PROGRESS	2019-02-01	211	27	0.07598688719711078	1075.9868871971107
Portfolio optimization with 0 month weight rebalancing 2019-01-02 00:00:00: : 1it [00:00,  3.02it/s]Portfolio optimization with 1 month weight rebalancing 2019-02-01 00:00:00: : 1it [00:00,  3.02it/s]2026-07-30 16:40:01.488 | WARNING  | __main__:model_computation:474 - Nested engine fallback on 2019-02-01: "['BOND'] not in index"
self.is_all_methods=False, self.min_weight=0.0, self.max_weight=0.1
single_methods
[RC-LP] method_type='return_cvar_constraint' sum=1.0000 active=46
IN-SAMPLE alpha grid-search best alphas[index]=np.float64(1.0),results[index]=array([1.10543353e+03, 2.73671004e-02, 8.42654028e-04, 2.73671004e-02])
best_index=np.int64(0) np.sum(w_target)=np.float64(1.0) case[index%2]='max_alpha'
0.4790088983683096 2019-03-01 00:00:00 1106.520426731474 0.028377241300683087 0.000403638777866756 0.028377241300683087
PROGRESS	2019-03-01	213	46	0.028377241300683087	1106.520426731474
Portfolio optimization with 1 month weight rebalancing 2019-02-01 00:00:00: : 2it [00:00,  3.25it/s]Portfolio optimization with 2 month weight rebalancing 2019-03-01 00:00:00: : 2it [00:00,  3.25it/s]self.is_all_methods=False, self.min_weight=0.0, self.max_weight=0.08
single_methods
[RC-LP] method_type='return_cvar_constraint' sum=1.0000 active=25
self.is_all_methods=False, self.min_weight=0.0, self.max_weight=0.08
single_methods
[RC-LP] method_type='return_cvar_constraint' sum=1.0000 active=27
self.is_all_methods=False, self.min_weight=0.0, self.max_weight=0.08
single_methods
[RC-LP] method_type='return_cvar_constraint' sum=1.0000 active=28
self.is_all_methods=False, self.min_weight=0.0, self.max_weight=0.08
single_methods
[RC-LP] method_type='return_cvar_constraint' sum=1.0000 active=25
self.is_all_methods=False, self.min_weight=0.0, self.max_weight=0.08
single_methods
[RC-LP] method_type='return_cvar_constraint' sum=1.0000 active=25
self.is_all_methods=False, self.min_weight=0.0, self.max_weight=0.08
single_methods
[RC-LP] method_type='return_cvar_constraint' sum=1.0000 active=23
self.is_all_methods=False, self.min_weight=0.0, self.max_weight=0.08
single_methods
[RC-LP] method_type='return_cvar_constraint' sum=1.0000 active=50
self.is_all_methods=False, self.min_weight=0.0, self.max_weight=0.08
single_methods
[RC-LP] method_type='return_cvar_constraint' sum=1.0000 active=52
self.is_all_methods=False, self.min_weight=0.0, self.max_weight=0.08
single_methods
[RC-LP] method_type='return_cvar_constraint' sum=1.0000 active=58
self.is_all_methods=False, self.min_weight=0.0, self.max_weight=0.08
single_methods
[RC-LP] method_type='return_cvar_constraint' sum=1.0000 active=47
self.is_all_methods=False, self.min_weight=0.0, self.max_weight=0.08
single_methods
[RC-LP] method_type='return_cvar_constraint' sum=1.0000 active=60
self.is_all_methods=False, self.min_weight=0.0, self.max_weight=0.08
single_methods
[RC-LP] method_type='return_cvar_constraint' sum=1.0000 active=65
self.is_all_methods=False, self.min_weight=0.0, self.max_weight=0.12
single_methods
[RC-LP] method_type='return_cvar_constraint' sum=1.0000 active=16
self.is_all_methods=False, self.min_weight=0.0, self.max_weight=0.12
single_methods
[RC-LP] method_type='return_cvar_constraint' sum=1.0000 active=16
self.is_all_methods=False, self.min_weight=0.0, self.max_weight=0.12
single_methods
[RC-LP] method_type='return_cvar_constraint' sum=1.0000 active=15
self.is_all_methods=False, self.min_weight=0.0, self.max_weight=0.12
single_methods
[RC-LP] method_type='return_cvar_constraint' sum=1.0000 active=19
self.is_all_methods=False, self.min_weight=0.0, self.max_weight=0.12
single_methods
[RC-LP] method_type='return_cvar_constraint' sum=1.0000 active=15
self.is_all_methods=False, self.min_weight=0.0, self.max_weight=0.12
single_methods
[RC-LP] method_type='return_cvar_constraint' sum=1.0000 active=13
self.is_all_methods=False, self.min_weight=0.0, self.max_weight=0.12
single_methods
[RC-LP] method_type='return_cvar_constraint' sum=1.0000 active=38
self.is_all_methods=False, self.min_weight=0.0, self.max_weight=0.12
single_methods
[RC-LP] method_type='return_cvar_constraint' sum=1.0000 active=37
self.is_all_methods=False, self.min_weight=0.0, self.max_weight=0.12
single_methods
[RC-LP] method_type='return_cvar_constraint' sum=1.0000 active=39
self.is_all_methods=False, self.min_weight=0.0, self.max_weight=0.12
single_methods
[RC-LP] method_type='return_cvar_constraint' sum=1.0000 active=42
self.is_all_methods=False, self.min_weight=0.0, self.max_weight=0.12
single_methods
[RC-LP] method_type='return_cvar_constraint' sum=1.0000 active=40
self.is_all_methods=False, self.min_weight=0.0, self.max_weight=0.12
single_methods
[RC-LP] method_type='return_cvar_constraint' sum=1.0000 active=37
self.is_all_methods=False, self.min_weight=0.0, self.max_weight=0.08
single_methods
method_type='mean_cvar_sharpe' np.sum(weights)=1.000000 active=108 weights.shape=(216,)
self.is_all_methods=False, self.min_weight=0.0, self.max_weight=0.08
single_methods
method_type='mean_cvar_sharpe' np.sum(weights)=1.000000 active=108 weights.shape=(216,)
self.is_all_methods=False, self.min_weight=0.0, self.max_weight=0.08
single_methods
method_type='mean_cvar_sharpe' np.sum(weights)=1.000000 active=108 weights.shape=(216,)
self.is_all_methods=False, self.min_weight=0.0, self.max_weight=0.08
single_methods
method_type='mean_cvar_sharpe' np.sum(weights)=1.000000 active=114 weights.shape=(216,)
self.is_all_methods=False, self.min_weight=0.0, self.max_weight=0.08
single_methods
method_type='mean_cvar_sharpe' np.sum(weights)=1.000000 active=114 weights.shape=(216,)
self.is_all_methods=False, self.min_weight=0.0, self.max_weight=0.08
single_methods
method_type='mean_cvar_sharpe' np.sum(weights)=1.000000 active=114 weights.shape=(216,)
self.is_all_methods=False, self.min_weight=0.0, self.max_weight=0.08
single_methods
method_type='mean_cvar_sharpe' np.sum(weights)=1.000000 active=107 weights.shape=(216,)
self.is_all_methods=False, self.min_weight=0.0, self.max_weight=0.08
single_methods
method_type='mean_cvar_sharpe' np.sum(weights)=1.000000 active=107 weights.shape=(216,)
self.is_all_methods=False, self.min_weight=0.0, self.max_weight=0.08
single_methods
method_type='mean_cvar_sharpe' np.sum(weights)=1.000000 active=107 weights.shape=(216,)
self.is_all_methods=False, self.min_weight=0.0, self.max_weight=0.08
single_methods
method_type='mean_cvar_sharpe' np.sum(weights)=1.000000 active=120 weights.shape=(216,)
self.is_all_methods=False, self.min_weight=0.0, self.max_weight=0.08
single_methods
method_type='mean_cvar_sharpe' np.sum(weights)=1.000000 active=120 weights.shape=(216,)
self.is_all_methods=False, self.min_weight=0.0, self.max_weight=0.08
single_methods
method_type='mean_cvar_sharpe' np.sum(weights)=1.000000 active=120 weights.shape=(216,)
self.is_all_methods=False, self.min_weight=0.0, self.max_weight=0.12
single_methods
method_type='mean_cvar_sharpe' np.sum(weights)=1.000000 active=105 weights.shape=(216,)
self.is_all_methods=False, self.min_weight=0.0, self.max_weight=0.12
single_methods
method_type='mean_cvar_sharpe' np.sum(weights)=1.000000 active=105 weights.shape=(216,)
self.is_all_methods=False, self.min_weight=0.0, self.max_weight=0.12
single_methods
method_type='mean_cvar_sharpe' np.sum(weights)=1.000000 active=105 weights.shape=(216,)
self.is_all_methods=False, self.min_weight=0.0, self.max_weight=0.12
single_methods
method_type='mean_cvar_sharpe' np.sum(weights)=1.000000 active=105 weights.shape=(216,)
self.is_all_methods=False, self.min_weight=0.0, self.max_weight=0.12
single_methods
method_type='mean_cvar_sharpe' np.sum(weights)=1.000000 active=105 weights.shape=(216,)
self.is_all_methods=False, self.min_weight=0.0, self.max_weight=0.12
single_methods
method_type='mean_cvar_sharpe' np.sum(weights)=1.000000 active=105 weights.shape=(216,)
self.is_all_methods=False, self.min_weight=0.0, self.max_weight=0.12
single_methods
method_type='mean_cvar_sharpe' np.sum(weights)=1.000000 active=126 weights.shape=(216,)
self.is_all_methods=False, self.min_weight=0.0, self.max_weight=0.12
single_methods
method_type='mean_cvar_sharpe' np.sum(weights)=1.000000 active=126 weights.shape=(216,)
self.is_all_methods=False, self.min_weight=0.0, self.max_weight=0.12
single_methods
method_type='mean_cvar_sharpe' np.sum(weights)=1.000000 active=126 weights.shape=(216,)
self.is_all_methods=False, self.min_weight=0.0, self.max_weight=0.12
single_methods
method_type='mean_cvar_sharpe' np.sum(weights)=1.000000 active=110 weights.shape=(216,)
self.is_all_methods=False, self.min_weight=0.0, self.max_weight=0.12
single_methods
method_type='mean_cvar_sharpe' np.sum(weights)=1.000000 active=110 weights.shape=(216,)
self.is_all_methods=False, self.min_weight=0.0, self.max_weight=0.12
single_methods
method_type='mean_cvar_sharpe' np.sum(weights)=1.000000 active=110 weights.shape=(216,)
1.0 2019-04-01 00:00:00 1129.7823460143218 0.02102258460023249 0.00011641741669682001 0.02102258460023254
PROGRESS	2019-04-01	216	209	0.02102258460023254	1129.7823460143218
Portfolio optimization with 2 month weight rebalancing 2019-03-01 00:00:00: : 3it [00:14,  6.57s/it]Portfolio optimization with 3 month weight rebalancing 2019-04-01 00:00:00: : 3it [00:14,  6.57s/it]self.is_all_methods=False, self.min_weight=0.0, self.max_weight=0.08
single_methods
[RC-LP] method_type='return_cvar_constraint' sum=1.0000 active=23
self.is_all_methods=False, self.min_weight=0.0, self.max_weight=0.08
single_methods
[RC-LP] method_type='return_cvar_constraint' sum=1.0000 active=20
self.is_all_methods=False, self.min_weight=0.0, self.max_weight=0.08
single_methods
[RC-LP] method_type='return_cvar_constraint' sum=1.0000 active=16
self.is_all_methods=False, self.min_weight=0.0, self.max_weight=0.08
single_methods
[RC-LP] method_type='return_cvar_constraint' sum=1.0000 active=23
self.is_all_methods=False, self.min_weight=0.0, self.max_weight=0.08
single_methods
[RC-LP] method_type='return_cvar_constraint' sum=1.0000 active=17
self.is_all_methods=False, self.min_weight=0.0, self.max_weight=0.08
single_methods
[RC-LP] method_type='return_cvar_constraint' sum=1.0000 active=15
self.is_all_methods=False, self.min_weight=0.0, self.max_weight=0.08
single_methods
[RC-LP] method_type='return_cvar_constraint' sum=1.0000 active=45
self.is_all_methods=False, self.min_weight=0.0, self.max_weight=0.08
single_methods
[RC-LP] method_type='return_cvar_constraint' sum=1.0000 active=36
self.is_all_methods=False, self.min_weight=0.0, self.max_weight=0.08
single_methods
[RC-LP] method_type='return_cvar_constraint' sum=1.0000 active=33
self.is_all_methods=False, self.min_weight=0.0, self.max_weight=0.08
single_methods
[RC-LP] method_type='return_cvar_constraint' sum=1.0000 active=43
self.is_all_methods=False, self.min_weight=0.0, self.max_weight=0.08
single_methods
[RC-LP] method_type='return_cvar_constraint' sum=1.0000 active=37
self.is_all_methods=False, self.min_weight=0.0, self.max_weight=0.08
single_methods
[RC-LP] method_type='return_cvar_constraint' sum=1.0000 active=28
self.is_all_methods=False, self.min_weight=0.0, self.max_weight=0.12
single_methods
[RC-LP] method_type='return_cvar_constraint' sum=1.0000 active=19
self.is_all_methods=False, self.min_weight=0.0, self.max_weight=0.12
single_methods
[RC-LP] method_type='return_cvar_constraint' sum=1.0000 active=15
self.is_all_methods=False, self.min_weight=0.0, self.max_weight=0.12
single_methods
[RC-LP] method_type='return_cvar_constraint' sum=1.0000 active=13
self.is_all_methods=False, self.min_weight=0.0, self.max_weight=0.12
single_methods
[RC-LP] method_type='return_cvar_constraint' sum=1.0000 active=19
self.is_all_methods=False, self.min_weight=0.0, self.max_weight=0.12
single_methods
[RC-LP] method_type='return_cvar_constraint' sum=1.0000 active=16
self.is_all_methods=False, self.min_weight=0.0, self.max_weight=0.12
single_methods
[RC-LP] method_type='return_cvar_constraint' sum=1.0000 active=15
self.is_all_methods=False, self.min_weight=0.0, self.max_weight=0.12
single_methods
[RC-LP] method_type='return_cvar_constraint' sum=1.0000 active=39
self.is_all_methods=False, self.min_weight=0.0, self.max_weight=0.12
single_methods
[RC-LP] method_type='return_cvar_constraint' sum=1.0000 active=29
self.is_all_methods=False, self.min_weight=0.0, self.max_weight=0.12
single_methods
[RC-LP] method_type='return_cvar_constraint' sum=1.0000 active=28
self.is_all_methods=False, self.min_weight=0.0, self.max_weight=0.12
single_methods
[RC-LP] method_type='return_cvar_constraint' sum=1.0000 active=39
self.is_all_methods=False, self.min_weight=0.0, self.max_weight=0.12
single_methods
[RC-LP] method_type='return_cvar_constraint' sum=1.0000 active=31
self.is_all_methods=False, self.min_weight=0.0, self.max_weight=0.12
single_methods
[RC-LP] method_type='return_cvar_constraint' sum=1.0000 active=28
self.is_all_methods=False, self.min_weight=0.0, self.max_weight=0.08
single_methods
method_type='mean_cvar_sharpe' np.sum(weights)=1.000000 active=217 weights.shape=(217,)
self.is_all_methods=False, self.min_weight=0.0, self.max_weight=0.08
single_methods
method_type='mean_cvar_sharpe' np.sum(weights)=1.000000 active=217 weights.shape=(217,)
self.is_all_methods=False, self.min_weight=0.0, self.max_weight=0.08
single_methods
method_type='mean_cvar_sharpe' np.sum(weights)=1.000000 active=217 weights.shape=(217,)
self.is_all_methods=False, self.min_weight=0.0, self.max_weight=0.08
single_methods
method_type='mean_cvar_sharpe' np.sum(weights)=1.000000 active=110 weights.shape=(217,)
self.is_all_methods=False, self.min_weight=0.0, self.max_weight=0.08
single_methods
method_type='mean_cvar_sharpe' np.sum(weights)=1.000000 active=110 weights.shape=(217,)
self.is_all_methods=False, self.min_weight=0.0, self.max_weight=0.08
single_methods
method_type='mean_cvar_sharpe' np.sum(weights)=1.000000 active=110 weights.shape=(217,)
self.is_all_methods=False, self.min_weight=0.0, self.max_weight=0.08
single_methods
method_type='mean_cvar_sharpe' np.sum(weights)=1.000000 active=217 weights.shape=(217,)
self.is_all_methods=False, self.min_weight=0.0, self.max_weight=0.08
single_methods
method_type='mean_cvar_sharpe' np.sum(weights)=1.000000 active=217 weights.shape=(217,)
self.is_all_methods=False, self.min_weight=0.0, self.max_weight=0.08
single_methods
method_type='mean_cvar_sharpe' np.sum(weights)=1.000000 active=217 weights.shape=(217,)
self.is_all_methods=False, self.min_weight=0.0, self.max_weight=0.08
single_methods
method_type='mean_cvar_sharpe' np.sum(weights)=1.000000 active=217 weights.shape=(217,)
self.is_all_methods=False, self.min_weight=0.0, self.max_weight=0.08
single_methods
method_type='mean_cvar_sharpe' np.sum(weights)=1.000000 active=217 weights.shape=(217,)
self.is_all_methods=False, self.min_weight=0.0, self.max_weight=0.08
single_methods
method_type='mean_cvar_sharpe' np.sum(weights)=1.000000 active=217 weights.shape=(217,)
self.is_all_methods=False, self.min_weight=0.0, self.max_weight=0.12
single_methods
method_type='mean_cvar_sharpe' np.sum(weights)=1.000000 active=132 weights.shape=(217,)
self.is_all_methods=False, self.min_weight=0.0, self.max_weight=0.12
single_methods
method_type='mean_cvar_sharpe' np.sum(weights)=1.000000 active=132 weights.shape=(217,)
self.is_all_methods=False, self.min_weight=0.0, self.max_weight=0.12
single_methods
method_type='mean_cvar_sharpe' np.sum(weights)=1.000000 active=132 weights.shape=(217,)
self.is_all_methods=False, self.min_weight=0.0, self.max_weight=0.12
single_methods
method_type='mean_cvar_sharpe' np.sum(weights)=1.000000 active=103 weights.shape=(217,)
self.is_all_methods=False, self.min_weight=0.0, self.max_weight=0.12
single_methods
method_type='mean_cvar_sharpe' np.sum(weights)=1.000000 active=103 weights.shape=(217,)
self.is_all_methods=False, self.min_weight=0.0, self.max_weight=0.12
single_methods
method_type='mean_cvar_sharpe' np.sum(weights)=1.000000 active=103 weights.shape=(217,)
self.is_all_methods=False, self.min_weight=0.0, self.max_weight=0.12
single_methods
method_type='mean_cvar_sharpe' np.sum(weights)=1.000000 active=217 weights.shape=(217,)
self.is_all_methods=False, self.min_weight=0.0, self.max_weight=0.12
single_methods
method_type='mean_cvar_sharpe' np.sum(weights)=1.000000 active=217 weights.shape=(217,)
self.is_all_methods=False, self.min_weight=0.0, self.max_weight=0.12
single_methods
method_type='mean_cvar_sharpe' np.sum(weights)=1.000000 active=217 weights.shape=(217,)
self.is_all_methods=False, self.min_weight=0.0, self.max_weight=0.12
single_methods
method_type='mean_cvar_sharpe' np.sum(weights)=1.000000 active=132 weights.shape=(217,)
self.is_all_methods=False, self.min_weight=0.0, self.max_weight=0.12
single_methods
method_type='mean_cvar_sharpe' np.sum(weights)=1.000000 active=132 weights.shape=(217,)
self.is_all_methods=False, self.min_weight=0.0, self.max_weight=0.12
single_methods
method_type='mean_cvar_sharpe' np.sum(weights)=1.000000 active=132 weights.shape=(217,)
0.5 2019-05-01 00:00:00 1143.829430014284 0.012433442644521862 3.7499549005317235e-05 0.012433442644521842
PROGRESS	2019-05-01	217	204	0.012433442644521842	1143.829430014284
Portfolio optimization with 3 month weight rebalancing 2019-04-01 00:00:00: : 4it [01:49, 41.53s/it]Portfolio optimization with 4 month weight rebalancing 2019-05-01 00:00:00: : 4it [01:49, 41.53s/it]self.is_all_methods=False, self.min_weight=0.0, self.max_weight=0.08
single_methods
[RC-LP] method_type='return_cvar_constraint' sum=1.0000 active=23
self.is_all_methods=False, self.min_weight=0.0, self.max_weight=0.08
single_methods
[RC-LP] method_type='return_cvar_constraint' sum=1.0000 active=22
self.is_all_methods=False, self.min_weight=0.0, self.max_weight=0.08
single_methods
[RC-LP] method_type='return_cvar_constraint' sum=1.0000 active=14
self.is_all_methods=False, self.min_weight=0.0, self.max_weight=0.08
single_methods
[RC-LP] method_type='return_cvar_constraint' sum=1.0000 active=25
self.is_all_methods=False, self.min_weight=0.0, self.max_weight=0.08
single_methods
[RC-LP] method_type='return_cvar_constraint' sum=1.0000 active=25
self.is_all_methods=False, self.min_weight=0.0, self.max_weight=0.08
single_methods
[RC-LP] method_type='return_cvar_constraint' sum=1.0000 active=17
self.is_all_methods=False, self.min_weight=0.0, self.max_weight=0.08
single_methods
[RC-LP] method_type='return_cvar_constraint' sum=1.0000 active=47
self.is_all_methods=False, self.min_weight=0.0, self.max_weight=0.08
single_methods
[RC-LP] method_type='return_cvar_constraint' sum=1.0000 active=38
self.is_all_methods=False, self.min_weight=0.0, self.max_weight=0.08
single_methods
[RC-LP] method_type='return_cvar_constraint' sum=1.0000 active=22
self.is_all_methods=False, self.min_weight=0.0, self.max_weight=0.08
single_methods
[RC-LP] method_type='return_cvar_constraint' sum=1.0000 active=51
self.is_all_methods=False, self.min_weight=0.0, self.max_weight=0.08
single_methods
[RC-LP] method_type='return_cvar_constraint' sum=1.0000 active=37
self.is_all_methods=False, self.min_weight=0.0, self.max_weight=0.08
single_methods
[RC-LP] method_type='return_cvar_constraint' sum=1.0000 active=28
self.is_all_methods=False, self.min_weight=0.0, self.max_weight=0.12
single_methods
[RC-LP] method_type='return_cvar_constraint' sum=1.0000 active=23
self.is_all_methods=False, self.min_weight=0.0, self.max_weight=0.12
single_methods
[RC-LP] method_type='return_cvar_constraint' sum=1.0000 active=20
self.is_all_methods=False, self.min_weight=0.0, self.max_weight=0.12
single_methods
[RC-LP] method_type='return_cvar_constraint' sum=1.0000 active=15
self.is_all_methods=False, self.min_weight=0.0, self.max_weight=0.12
single_methods
[RC-LP] method_type='return_cvar_constraint' sum=1.0000 active=23
self.is_all_methods=False, self.min_weight=0.0, self.max_weight=0.12
single_methods
[RC-LP] method_type='return_cvar_constraint' sum=1.0000 active=22
self.is_all_methods=False, self.min_weight=0.0, self.max_weight=0.12
single_methods
[RC-LP] method_type='return_cvar_constraint' sum=1.0000 active=13
self.is_all_methods=False, self.min_weight=0.0, self.max_weight=0.12
single_methods
[RC-LP] method_type='return_cvar_constraint' sum=1.0000 active=47
self.is_all_methods=False, self.min_weight=0.0, self.max_weight=0.12
single_methods
[RC-LP] method_type='return_cvar_constraint' sum=1.0000 active=32
self.is_all_methods=False, self.min_weight=0.0, self.max_weight=0.12
single_methods
[RC-LP] method_type='return_cvar_constraint' sum=1.0000 active=30
self.is_all_methods=False, self.min_weight=0.0, self.max_weight=0.12
single_methods
[RC-LP] method_type='return_cvar_constraint' sum=1.0000 active=47
self.is_all_methods=False, self.min_weight=0.0, self.max_weight=0.12
single_methods
[RC-LP] method_type='return_cvar_constraint' sum=1.0000 active=33
self.is_all_methods=False, self.min_weight=0.0, self.max_weight=0.12
single_methods
[RC-LP] method_type='return_cvar_constraint' sum=1.0000 active=24
self.is_all_methods=False, self.min_weight=0.0, self.max_weight=0.08
single_methods
method_type='mean_cvar_sharpe' np.sum(weights)=1.000000 active=142 weights.shape=(217,)
self.is_all_methods=False, self.min_weight=0.0, self.max_weight=0.08
single_methods
method_type='mean_cvar_sharpe' np.sum(weights)=1.000000 active=142 weights.shape=(217,)
self.is_all_methods=False, self.min_weight=0.0, self.max_weight=0.08
single_methods
method_type='mean_cvar_sharpe' np.sum(weights)=1.000000 active=142 weights.shape=(217,)
self.is_all_methods=False, self.min_weight=0.0, self.max_weight=0.08
single_methods
method_type='mean_cvar_sharpe' np.sum(weights)=1.000000 active=217 weights.shape=(217,)
self.is_all_methods=False, self.min_weight=0.0, self.max_weight=0.08
single_methods
method_type='mean_cvar_sharpe' np.sum(weights)=1.000000 active=217 weights.shape=(217,)
self.is_all_methods=False, self.min_weight=0.0, self.max_weight=0.08
single_methods
method_type='mean_cvar_sharpe' np.sum(weights)=1.000000 active=217 weights.shape=(217,)
self.is_all_methods=False, self.min_weight=0.0, self.max_weight=0.08
single_methods
method_type='mean_cvar_sharpe' np.sum(weights)=1.000000 active=141 weights.shape=(217,)
self.is_all_methods=False, self.min_weight=0.0, self.max_weight=0.08
single_methods
method_type='mean_cvar_sharpe' np.sum(weights)=1.000000 active=141 weights.shape=(217,)
self.is_all_methods=False, self.min_weight=0.0, self.max_weight=0.08
single_methods
method_type='mean_cvar_sharpe' np.sum(weights)=1.000000 active=141 weights.shape=(217,)
self.is_all_methods=False, self.min_weight=0.0, self.max_weight=0.08
single_methods
method_type='mean_cvar_sharpe' np.sum(weights)=1.000000 active=217 weights.shape=(217,)
self.is_all_methods=False, self.min_weight=0.0, self.max_weight=0.08
single_methods
method_type='mean_cvar_sharpe' np.sum(weights)=1.000000 active=217 weights.shape=(217,)
self.is_all_methods=False, self.min_weight=0.0, self.max_weight=0.08
single_methods
method_type='mean_cvar_sharpe' np.sum(weights)=1.000000 active=217 weights.shape=(217,)
self.is_all_methods=False, self.min_weight=0.0, self.max_weight=0.12
single_methods
method_type='mean_cvar_sharpe' np.sum(weights)=1.000000 active=140 weights.shape=(217,)
self.is_all_methods=False, self.min_weight=0.0, self.max_weight=0.12
single_methods
method_type='mean_cvar_sharpe' np.sum(weights)=1.000000 active=140 weights.shape=(217,)
self.is_all_methods=False, self.min_weight=0.0, self.max_weight=0.12
single_methods
method_type='mean_cvar_sharpe' np.sum(weights)=1.000000 active=140 weights.shape=(217,)
self.is_all_methods=False, self.min_weight=0.0, self.max_weight=0.12
single_methods
method_type='mean_cvar_sharpe' np.sum(weights)=1.000000 active=217 weights.shape=(217,)
self.is_all_methods=False, self.min_weight=0.0, self.max_weight=0.12
single_methods
method_type='mean_cvar_sharpe' np.sum(weights)=1.000000 active=217 weights.shape=(217,)
self.is_all_methods=False, self.min_weight=0.0, self.max_weight=0.12
single_methods
method_type='mean_cvar_sharpe' np.sum(weights)=1.000000 active=217 weights.shape=(217,)
self.is_all_methods=False, self.min_weight=0.0, self.max_weight=0.12
single_methods
method_type='mean_cvar_sharpe' np.sum(weights)=1.000000 active=217 weights.shape=(217,)
self.is_all_methods=False, self.min_weight=0.0, self.max_weight=0.12
single_methods
method_type='mean_cvar_sharpe' np.sum(weights)=1.000000 active=217 weights.shape=(217,)
self.is_all_methods=False, self.min_weight=0.0, self.max_weight=0.12
single_methods
method_type='mean_cvar_sharpe' np.sum(weights)=1.000000 active=217 weights.shape=(217,)
self.is_all_methods=False, self.min_weight=0.0, self.max_weight=0.12
single_methods
method_type='mean_cvar_sharpe' np.sum(weights)=1.000000 active=217 weights.shape=(217,)
self.is_all_methods=False, self.min_weight=0.0, self.max_weight=0.12
single_methods
method_type='mean_cvar_sharpe' np.sum(weights)=1.000000 active=217 weights.shape=(217,)
self.is_all_methods=False, self.min_weight=0.0, self.max_weight=0.12
single_methods
method_type='mean_cvar_sharpe' np.sum(weights)=1.000000 active=217 weights.shape=(217,)
1.0 2019-06-03 00:00:00 1106.7636624140987 -0.03240497807415441 0.00010505283666404556 -0.032404978074154434
PROGRESS	2019-06-03	217	183	-0.032404978074154434	1106.7636624140987
Portfolio optimization with 4 month weight rebalancing 2019-05-01 00:00:00: : 5it [02:04, 31.79s/it]Portfolio optimization with 5 month weight rebalancing 2019-06-03 00:00:00: : 5it [02:04, 31.79s/it]self.is_all_methods=False, self.min_weight=0.0, self.max_weight=0.08
single_methods
[RC-LP] method_type='return_cvar_constraint' sum=1.0000 active=23
self.is_all_methods=False, self.min_weight=0.0, self.max_weight=0.08
single_methods
[RC-LP] method_type='return_cvar_constraint' sum=1.0000 active=23
self.is_all_methods=False, self.min_weight=0.0, self.max_weight=0.08
single_methods
[RC-LP] method_type='return_cvar_constraint' sum=1.0000 active=22
self.is_all_methods=False, self.min_weight=0.0, self.max_weight=0.08
single_methods
[RC-LP] method_type='return_cvar_constraint' sum=1.0000 active=23
self.is_all_methods=False, self.min_weight=0.0, self.max_weight=0.08
single_methods
[RC-LP] method_type='return_cvar_constraint' sum=1.0000 active=23
self.is_all_methods=False, self.min_weight=0.0, self.max_weight=0.08
single_methods
[RC-LP] method_type='return_cvar_constraint' sum=1.0000 active=21
self.is_all_methods=False, self.min_weight=0.0, self.max_weight=0.08
single_methods
[RC-LP] method_type='return_cvar_constraint' sum=1.0000 active=43
self.is_all_methods=False, self.min_weight=0.0, self.max_weight=0.08
single_methods
[RC-LP] method_type='return_cvar_constraint' sum=1.0000 active=36
self.is_all_methods=False, self.min_weight=0.0, self.max_weight=0.08
single_methods
[RC-LP] method_type='return_cvar_constraint' sum=1.0000 active=29
self.is_all_methods=False, self.min_weight=0.0, self.max_weight=0.08
single_methods
[RC-LP] method_type='return_cvar_constraint' sum=1.0000 active=48
self.is_all_methods=False, self.min_weight=0.0, self.max_weight=0.08
single_methods
[RC-LP] method_type='return_cvar_constraint' sum=1.0000 active=43
self.is_all_methods=False, self.min_weight=0.0, self.max_weight=0.08
single_methods
[RC-LP] method_type='return_cvar_constraint' sum=1.0000 active=32
self.is_all_methods=False, self.min_weight=0.0, self.max_weight=0.12
single_methods
[RC-LP] method_type='return_cvar_constraint' sum=1.0000 active=23
self.is_all_methods=False, self.min_weight=0.0, self.max_weight=0.12
single_methods
[RC-LP] method_type='return_cvar_constraint' sum=1.0000 active=23
self.is_all_methods=False, self.min_weight=0.0, self.max_weight=0.12
single_methods
[RC-LP] method_type='return_cvar_constraint' sum=1.0000 active=22
self.is_all_methods=False, self.min_weight=0.0, self.max_weight=0.12
single_methods
[RC-LP] method_type='return_cvar_constraint' sum=1.0000 active=22
self.is_all_methods=False, self.min_weight=0.0, self.max_weight=0.12
single_methods
[RC-LP] method_type='return_cvar_constraint' sum=1.0000 active=20
self.is_all_methods=False, self.min_weight=0.0, self.max_weight=0.12
single_methods
[RC-LP] method_type='return_cvar_constraint' sum=1.0000 active=20
self.is_all_methods=False, self.min_weight=0.0, self.max_weight=0.12
single_methods
[RC-LP] method_type='return_cvar_constraint' sum=1.0000 active=40
self.is_all_methods=False, self.min_weight=0.0, self.max_weight=0.12
single_methods
[RC-LP] method_type='return_cvar_constraint' sum=1.0000 active=37
self.is_all_methods=False, self.min_weight=0.0, self.max_weight=0.12
single_methods
[RC-LP] method_type='return_cvar_constraint' sum=1.0000 active=31
self.is_all_methods=False, self.min_weight=0.0, self.max_weight=0.12
single_methods
[RC-LP] method_type='return_cvar_constraint' sum=1.0000 active=43
self.is_all_methods=False, self.min_weight=0.0, self.max_weight=0.12
single_methods
[RC-LP] method_type='return_cvar_constraint' sum=1.0000 active=38
self.is_all_methods=False, self.min_weight=0.0, self.max_weight=0.12
single_methods
[RC-LP] method_type='return_cvar_constraint' sum=1.0000 active=37
self.is_all_methods=False, self.min_weight=0.0, self.max_weight=0.08
single_methods
method_type='mean_cvar_sharpe' np.sum(weights)=1.000000 active=217 weights.shape=(217,)
self.is_all_methods=False, self.min_weight=0.0, self.max_weight=0.08
single_methods
method_type='mean_cvar_sharpe' np.sum(weights)=1.000000 active=217 weights.shape=(217,)
self.is_all_methods=False, self.min_weight=0.0, self.max_weight=0.08
single_methods
method_type='mean_cvar_sharpe' np.sum(weights)=1.000000 active=217 weights.shape=(217,)
self.is_all_methods=False, self.min_weight=0.0, self.max_weight=0.08
single_methods
method_type='mean_cvar_sharpe' np.sum(weights)=1.000000 active=145 weights.shape=(217,)
self.is_all_methods=False, self.min_weight=0.0, self.max_weight=0.08
single_methods
method_type='mean_cvar_sharpe' np.sum(weights)=1.000000 active=145 weights.shape=(217,)
self.is_all_methods=False, self.min_weight=0.0, self.max_weight=0.08
single_methods
method_type='mean_cvar_sharpe' np.sum(weights)=1.000000 active=145 weights.shape=(217,)
self.is_all_methods=False, self.min_weight=0.0, self.max_weight=0.08
single_methods
method_type='mean_cvar_sharpe' np.sum(weights)=1.000000 active=217 weights.shape=(217,)
self.is_all_methods=False, self.min_weight=0.0, self.max_weight=0.08
single_methods
method_type='mean_cvar_sharpe' np.sum(weights)=1.000000 active=217 weights.shape=(217,)
self.is_all_methods=False, self.min_weight=0.0, self.max_weight=0.08
single_methods
method_type='mean_cvar_sharpe' np.sum(weights)=1.000000 active=217 weights.shape=(217,)
self.is_all_methods=False, self.min_weight=0.0, self.max_weight=0.08
single_methods
method_type='mean_cvar_sharpe' np.sum(weights)=1.000000 active=217 weights.shape=(217,)
self.is_all_methods=False, self.min_weight=0.0, self.max_weight=0.08
single_methods
method_type='mean_cvar_sharpe' np.sum(weights)=1.000000 active=217 weights.shape=(217,)
self.is_all_methods=False, self.min_weight=0.0, self.max_weight=0.08
single_methods
method_type='mean_cvar_sharpe' np.sum(weights)=1.000000 active=217 weights.shape=(217,)
self.is_all_methods=False, self.min_weight=0.0, self.max_weight=0.12
single_methods
method_type='mean_cvar_sharpe' np.sum(weights)=1.000000 active=217 weights.shape=(217,)
self.is_all_methods=False, self.min_weight=0.0, self.max_weight=0.12
single_methods
method_type='mean_cvar_sharpe' np.sum(weights)=1.000000 active=217 weights.shape=(217,)
self.is_all_methods=False, self.min_weight=0.0, self.max_weight=0.12
single_methods
method_type='mean_cvar_sharpe' np.sum(weights)=1.000000 active=217 weights.shape=(217,)
self.is_all_methods=False, self.min_weight=0.0, self.max_weight=0.12
single_methods
method_type='mean_cvar_sharpe' np.sum(weights)=1.000000 active=217 weights.shape=(217,)
self.is_all_methods=False, self.min_weight=0.0, self.max_weight=0.12
single_methods
method_type='mean_cvar_sharpe' np.sum(weights)=1.000000 active=217 weights.shape=(217,)
self.is_all_methods=False, self.min_weight=0.0, self.max_weight=0.12
single_methods
method_type='mean_cvar_sharpe' np.sum(weights)=1.000000 active=217 weights.shape=(217,)
self.is_all_methods=False, self.min_weight=0.0, self.max_weight=0.12
single_methods
method_type='mean_cvar_sharpe' np.sum(weights)=1.000000 active=217 weights.shape=(217,)
self.is_all_methods=False, self.min_weight=0.0, self.max_weight=0.12
single_methods
method_type='mean_cvar_sharpe' np.sum(weights)=1.000000 active=217 weights.shape=(217,)
self.is_all_methods=False, self.min_weight=0.0, self.max_weight=0.12
single_methods
method_type='mean_cvar_sharpe' np.sum(weights)=1.000000 active=217 weights.shape=(217,)
self.is_all_methods=False, self.min_weight=0.0, self.max_weight=0.12
single_methods
method_type='mean_cvar_sharpe' np.sum(weights)=1.000000 active=217 weights.shape=(217,)
self.is_all_methods=False, self.min_weight=0.0, self.max_weight=0.12
single_methods
method_type='mean_cvar_sharpe' np.sum(weights)=1.000000 active=217 weights.shape=(217,)
self.is_all_methods=False, self.min_weight=0.0, self.max_weight=0.12
single_methods
method_type='mean_cvar_sharpe' np.sum(weights)=1.000000 active=217 weights.shape=(217,)
1.0 2019-07-01 00:00:00 1162.224326432069 0.05011066581007728 5.651217714152879e-05 0.05011066581007739
PROGRESS	2019-07-01	217	144	0.05011066581007739	1162.224326432069
Portfolio optimization with 5 month weight rebalancing 2019-06-03 00:00:00: : 6it [02:18, 25.66s/it]Portfolio optimization with 6 month weight rebalancing 2019-07-01 00:00:00: : 6it [02:18, 25.66s/it]self.is_all_methods=False, self.min_weight=0.0, self.max_weight=0.08
single_methods
[RC-LP] method_type='return_cvar_constraint' sum=1.0000 active=23
self.is_all_methods=False, self.min_weight=0.0, self.max_weight=0.08
single_methods
[RC-LP] method_type='return_cvar_constraint' sum=1.0000 active=22
self.is_all_methods=False, self.min_weight=0.0, self.max_weight=0.08
single_methods
[RC-LP] method_type='return_cvar_constraint' sum=1.0000 active=17
self.is_all_methods=False, self.min_weight=0.0, self.max_weight=0.08
single_methods
[RC-LP] method_type='return_cvar_constraint' sum=1.0000 active=23
self.is_all_methods=False, self.min_weight=0.0, self.max_weight=0.08
single_methods
[RC-LP] method_type='return_cvar_constraint' sum=1.0000 active=28
self.is_all_methods=False, self.min_weight=0.0, self.max_weight=0.08
single_methods
[RC-LP] method_type='return_cvar_constraint' sum=1.0000 active=16
self.is_all_methods=False, self.min_weight=0.0, self.max_weight=0.08
single_methods
[RC-LP] method_type='return_cvar_constraint' sum=1.0000 active=42
self.is_all_methods=False, self.min_weight=0.0, self.max_weight=0.08
single_methods
[RC-LP] method_type='return_cvar_constraint' sum=1.0000 active=33
self.is_all_methods=False, self.min_weight=0.0, self.max_weight=0.08
single_methods
[RC-LP] method_type='return_cvar_constraint' sum=1.0000 active=24
self.is_all_methods=False, self.min_weight=0.0, self.max_weight=0.08
single_methods
[RC-LP] method_type='return_cvar_constraint' sum=1.0000 active=49
self.is_all_methods=False, self.min_weight=0.0, self.max_weight=0.08
single_methods
[RC-LP] method_type='return_cvar_constraint' sum=1.0000 active=31
self.is_all_methods=False, self.min_weight=0.0, self.max_weight=0.08
single_methods
[RC-LP] method_type='return_cvar_constraint' sum=1.0000 active=23
self.is_all_methods=False, self.min_weight=0.0, self.max_weight=0.12
single_methods
[RC-LP] method_type='return_cvar_constraint' sum=1.0000 active=21
self.is_all_methods=False, self.min_weight=0.0, self.max_weight=0.12
single_methods
[RC-LP] method_type='return_cvar_constraint' sum=1.0000 active=20
self.is_all_methods=False, self.min_weight=0.0, self.max_weight=0.12
single_methods
[RC-LP] method_type='return_cvar_constraint' sum=1.0000 active=13
self.is_all_methods=False, self.min_weight=0.0, self.max_weight=0.12
single_methods
[RC-LP] method_type='return_cvar_constraint' sum=1.0000 active=20
self.is_all_methods=False, self.min_weight=0.0, self.max_weight=0.12
single_methods
[RC-LP] method_type='return_cvar_constraint' sum=1.0000 active=22
self.is_all_methods=False, self.min_weight=0.0, self.max_weight=0.12
single_methods
[RC-LP] method_type='return_cvar_constraint' sum=1.0000 active=21
self.is_all_methods=False, self.min_weight=0.0, self.max_weight=0.12
single_methods
[RC-LP] method_type='return_cvar_constraint' sum=1.0000 active=41
self.is_all_methods=False, self.min_weight=0.0, self.max_weight=0.12
single_methods
[RC-LP] method_type='return_cvar_constraint' sum=1.0000 active=35
self.is_all_methods=False, self.min_weight=0.0, self.max_weight=0.12
single_methods
[RC-LP] method_type='return_cvar_constraint' sum=1.0000 active=21
self.is_all_methods=False, self.min_weight=0.0, self.max_weight=0.12
single_methods
[RC-LP] method_type='return_cvar_constraint' sum=1.0000 active=44
self.is_all_methods=False, self.min_weight=0.0, self.max_weight=0.12
single_methods
[RC-LP] method_type='return_cvar_constraint' sum=1.0000 active=36
self.is_all_methods=False, self.min_weight=0.0, self.max_weight=0.12
single_methods
[RC-LP] method_type='return_cvar_constraint' sum=1.0000 active=29
self.is_all_methods=False, self.min_weight=0.0, self.max_weight=0.08
single_methods
method_type='mean_cvar_sharpe' np.sum(weights)=1.000000 active=86 weights.shape=(218,)
self.is_all_methods=False, self.min_weight=0.0, self.max_weight=0.08
single_methods
method_type='mean_cvar_sharpe' np.sum(weights)=1.000000 active=86 weights.shape=(218,)
self.is_all_methods=False, self.min_weight=0.0, self.max_weight=0.08
single_methods
method_type='mean_cvar_sharpe' np.sum(weights)=1.000000 active=86 weights.shape=(218,)
self.is_all_methods=False, self.min_weight=0.0, self.max_weight=0.08
single_methods
method_type='mean_cvar_sharpe' np.sum(weights)=1.000000 active=87 weights.shape=(218,)
self.is_all_methods=False, self.min_weight=0.0, self.max_weight=0.08
single_methods
method_type='mean_cvar_sharpe' np.sum(weights)=1.000000 active=87 weights.shape=(218,)
self.is_all_methods=False, self.min_weight=0.0, self.max_weight=0.08
single_methods
method_type='mean_cvar_sharpe' np.sum(weights)=1.000000 active=87 weights.shape=(218,)
self.is_all_methods=False, self.min_weight=0.0, self.max_weight=0.08
single_methods
method_type='mean_cvar_sharpe' np.sum(weights)=1.000000 active=149 weights.shape=(218,)
self.is_all_methods=False, self.min_weight=0.0, self.max_weight=0.08
single_methods
method_type='mean_cvar_sharpe' np.sum(weights)=1.000000 active=149 weights.shape=(218,)
self.is_all_methods=False, self.min_weight=0.0, self.max_weight=0.08
single_methods
method_type='mean_cvar_sharpe' np.sum(weights)=1.000000 active=149 weights.shape=(218,)
self.is_all_methods=False, self.min_weight=0.0, self.max_weight=0.08
single_methods
method_type='mean_cvar_sharpe' np.sum(weights)=1.000000 active=217 weights.shape=(218,)
self.is_all_methods=False, self.min_weight=0.0, self.max_weight=0.08
single_methods
method_type='mean_cvar_sharpe' np.sum(weights)=1.000000 active=217 weights.shape=(218,)
self.is_all_methods=False, self.min_weight=0.0, self.max_weight=0.08
single_methods
method_type='mean_cvar_sharpe' np.sum(weights)=1.000000 active=217 weights.shape=(218,)
self.is_all_methods=False, self.min_weight=0.0, self.max_weight=0.12
single_methods
method_type='mean_cvar_sharpe' np.sum(weights)=1.000000 active=101 weights.shape=(218,)
self.is_all_methods=False, self.min_weight=0.0, self.max_weight=0.12
single_methods
method_type='mean_cvar_sharpe' np.sum(weights)=1.000000 active=101 weights.shape=(218,)
self.is_all_methods=False, self.min_weight=0.0, self.max_weight=0.12
single_methods
method_type='mean_cvar_sharpe' np.sum(weights)=1.000000 active=101 weights.shape=(218,)
self.is_all_methods=False, self.min_weight=0.0, self.max_weight=0.12
single_methods
method_type='mean_cvar_sharpe' np.sum(weights)=1.000000 active=97 weights.shape=(218,)
self.is_all_methods=False, self.min_weight=0.0, self.max_weight=0.12
single_methods
method_type='mean_cvar_sharpe' np.sum(weights)=1.000000 active=97 weights.shape=(218,)
self.is_all_methods=False, self.min_weight=0.0, self.max_weight=0.12
single_methods
method_type='mean_cvar_sharpe' np.sum(weights)=1.000000 active=97 weights.shape=(218,)
self.is_all_methods=False, self.min_weight=0.0, self.max_weight=0.12
single_methods
method_type='mean_cvar_sharpe' np.sum(weights)=1.000000 active=218 weights.shape=(218,)
self.is_all_methods=False, self.min_weight=0.0, self.max_weight=0.12
single_methods
method_type='mean_cvar_sharpe' np.sum(weights)=1.000000 active=218 weights.shape=(218,)
self.is_all_methods=False, self.min_weight=0.0, self.max_weight=0.12
single_methods
method_type='mean_cvar_sharpe' np.sum(weights)=1.000000 active=218 weights.shape=(218,)
self.is_all_methods=False, self.min_weight=0.0, self.max_weight=0.12
single_methods
method_type='mean_cvar_sharpe' np.sum(weights)=1.000000 active=217 weights.shape=(218,)
self.is_all_methods=False, self.min_weight=0.0, self.max_weight=0.12
single_methods
method_type='mean_cvar_sharpe' np.sum(weights)=1.000000 active=217 weights.shape=(218,)
self.is_all_methods=False, self.min_weight=0.0, self.max_weight=0.12
single_methods
method_type='mean_cvar_sharpe' np.sum(weights)=1.000000 active=217 weights.shape=(218,)
1.0 2019-08-01 00:00:00 1170.9050738616154 0.007469080823833317 7.52560646842051e-05 0.007469080823833352
PROGRESS	2019-08-01	218	135	0.007469080823833352	1170.9050738616154
Portfolio optimization with 6 month weight rebalancing 2019-07-01 00:00:00: : 7it [02:28, 20.82s/it]Portfolio optimization with 7 month weight rebalancing 2019-08-01 00:00:00: : 7it [02:28, 20.82s/it]self.is_all_methods=False, self.min_weight=0.0, self.max_weight=0.08
single_methods
[RC-LP] method_type='return_cvar_constraint' sum=1.0000 active=25
self.is_all_methods=False, self.min_weight=0.0, self.max_weight=0.08
single_methods
[RC-LP] method_type='return_cvar_constraint' sum=1.0000 active=25
self.is_all_methods=False, self.min_weight=0.0, self.max_weight=0.08
single_methods
[RC-LP] method_type='return_cvar_constraint' sum=1.0000 active=21
self.is_all_methods=False, self.min_weight=0.0, self.max_weight=0.08
single_methods
[RC-LP] method_type='return_cvar_constraint' sum=1.0000 active=30
self.is_all_methods=False, self.min_weight=0.0, self.max_weight=0.08
single_methods
[RC-LP] method_type='return_cvar_constraint' sum=1.0000 active=28
self.is_all_methods=False, self.min_weight=0.0, self.max_weight=0.08
single_methods
[RC-LP] method_type='return_cvar_constraint' sum=1.0000 active=29
self.is_all_methods=False, self.min_weight=0.0, self.max_weight=0.08
single_methods
[RC-LP] method_type='return_cvar_constraint' sum=1.0000 active=49
self.is_all_methods=False, self.min_weight=0.0, self.max_weight=0.08
single_methods
[RC-LP] method_type='return_cvar_constraint' sum=1.0000 active=41
self.is_all_methods=False, self.min_weight=0.0, self.max_weight=0.08
single_methods
[RC-LP] method_type='return_cvar_constraint' sum=1.0000 active=33
self.is_all_methods=False, self.min_weight=0.0, self.max_weight=0.08
single_methods
[RC-LP] method_type='return_cvar_constraint' sum=1.0000 active=51
self.is_all_methods=False, self.min_weight=0.0, self.max_weight=0.08
single_methods
[RC-LP] method_type='return_cvar_constraint' sum=1.0000 active=52
self.is_all_methods=False, self.min_weight=0.0, self.max_weight=0.08
single_methods
[RC-LP] method_type='return_cvar_constraint' sum=1.0000 active=43
self.is_all_methods=False, self.min_weight=0.0, self.max_weight=0.12
single_methods
[RC-LP] method_type='return_cvar_constraint' sum=1.0000 active=23
self.is_all_methods=False, self.min_weight=0.0, self.max_weight=0.12
single_methods
[RC-LP] method_type='return_cvar_constraint' sum=1.0000 active=23
self.is_all_methods=False, self.min_weight=0.0, self.max_weight=0.12
single_methods
[RC-LP] method_type='return_cvar_constraint' sum=1.0000 active=20
self.is_all_methods=False, self.min_weight=0.0, self.max_weight=0.12
single_methods
[RC-LP] method_type='return_cvar_constraint' sum=1.0000 active=25
self.is_all_methods=False, self.min_weight=0.0, self.max_weight=0.12
single_methods
[RC-LP] method_type='return_cvar_constraint' sum=1.0000 active=27
self.is_all_methods=False, self.min_weight=0.0, self.max_weight=0.12
single_methods
[RC-LP] method_type='return_cvar_constraint' sum=1.0000 active=25
self.is_all_methods=False, self.min_weight=0.0, self.max_weight=0.12
single_methods
[RC-LP] method_type='return_cvar_constraint' sum=1.0000 active=43
self.is_all_methods=False, self.min_weight=0.0, self.max_weight=0.12
single_methods
[RC-LP] method_type='return_cvar_constraint' sum=1.0000 active=31
self.is_all_methods=False, self.min_weight=0.0, self.max_weight=0.12
single_methods
[RC-LP] method_type='return_cvar_constraint' sum=1.0000 active=26
self.is_all_methods=False, self.min_weight=0.0, self.max_weight=0.12
single_methods
[RC-LP] method_type='return_cvar_constraint' sum=1.0000 active=50
self.is_all_methods=False, self.min_weight=0.0, self.max_weight=0.12
single_methods
[RC-LP] method_type='return_cvar_constraint' sum=1.0000 active=46
self.is_all_methods=False, self.min_weight=0.0, self.max_weight=0.12
single_methods
[RC-LP] method_type='return_cvar_constraint' sum=1.0000 active=30
self.is_all_methods=False, self.min_weight=0.0, self.max_weight=0.08
single_methods
method_type='mean_cvar_sharpe' np.sum(weights)=1.000000 active=219 weights.shape=(219,)
self.is_all_methods=False, self.min_weight=0.0, self.max_weight=0.08
single_methods
method_type='mean_cvar_sharpe' np.sum(weights)=1.000000 active=219 weights.shape=(219,)
self.is_all_methods=False, self.min_weight=0.0, self.max_weight=0.08
single_methods
method_type='mean_cvar_sharpe' np.sum(weights)=1.000000 active=219 weights.shape=(219,)
self.is_all_methods=False, self.min_weight=0.0, self.max_weight=0.08
single_methods
method_type='mean_cvar_sharpe' np.sum(weights)=1.000000 active=144 weights.shape=(219,)
self.is_all_methods=False, self.min_weight=0.0, self.max_weight=0.08
single_methods
method_type='mean_cvar_sharpe' np.sum(weights)=1.000000 active=144 weights.shape=(219,)
self.is_all_methods=False, self.min_weight=0.0, self.max_weight=0.08
single_methods
method_type='mean_cvar_sharpe' np.sum(weights)=1.000000 active=144 weights.shape=(219,)
self.is_all_methods=False, self.min_weight=0.0, self.max_weight=0.08
single_methods
method_type='mean_cvar_sharpe' np.sum(weights)=1.000000 active=219 weights.shape=(219,)
self.is_all_methods=False, self.min_weight=0.0, self.max_weight=0.08
single_methods
method_type='mean_cvar_sharpe' np.sum(weights)=1.000000 active=219 weights.shape=(219,)
self.is_all_methods=False, self.min_weight=0.0, self.max_weight=0.08
single_methods
method_type='mean_cvar_sharpe' np.sum(weights)=1.000000 active=219 weights.shape=(219,)
self.is_all_methods=False, self.min_weight=0.0, self.max_weight=0.08
single_methods
method_type='mean_cvar_sharpe' np.sum(weights)=1.000000 active=219 weights.shape=(219,)
self.is_all_methods=False, self.min_weight=0.0, self.max_weight=0.08
single_methods
method_type='mean_cvar_sharpe' np.sum(weights)=1.000000 active=219 weights.shape=(219,)
self.is_all_methods=False, self.min_weight=0.0, self.max_weight=0.08
single_methods
method_type='mean_cvar_sharpe' np.sum(weights)=1.000000 active=219 weights.shape=(219,)
self.is_all_methods=False, self.min_weight=0.0, self.max_weight=0.12
single_methods
method_type='mean_cvar_sharpe' np.sum(weights)=1.000000 active=94 weights.shape=(219,)
self.is_all_methods=False, self.min_weight=0.0, self.max_weight=0.12
single_methods
method_type='mean_cvar_sharpe' np.sum(weights)=1.000000 active=94 weights.shape=(219,)
self.is_all_methods=False, self.min_weight=0.0, self.max_weight=0.12
single_methods
method_type='mean_cvar_sharpe' np.sum(weights)=1.000000 active=94 weights.shape=(219,)
self.is_all_methods=False, self.min_weight=0.0, self.max_weight=0.12
single_methods
method_type='mean_cvar_sharpe' np.sum(weights)=1.000000 active=140 weights.shape=(219,)
self.is_all_methods=False, self.min_weight=0.0, self.max_weight=0.12
single_methods
method_type='mean_cvar_sharpe' np.sum(weights)=1.000000 active=140 weights.shape=(219,)
self.is_all_methods=False, self.min_weight=0.0, self.max_weight=0.12
single_methods
method_type='mean_cvar_sharpe' np.sum(weights)=1.000000 active=140 weights.shape=(219,)
self.is_all_methods=False, self.min_weight=0.0, self.max_weight=0.12
single_methods
method_type='mean_cvar_sharpe' np.sum(weights)=1.000000 active=95 weights.shape=(219,)
self.is_all_methods=False, self.min_weight=0.0, self.max_weight=0.12
single_methods
method_type='mean_cvar_sharpe' np.sum(weights)=1.000000 active=95 weights.shape=(219,)
self.is_all_methods=False, self.min_weight=0.0, self.max_weight=0.12
single_methods
method_type='mean_cvar_sharpe' np.sum(weights)=1.000000 active=95 weights.shape=(219,)
self.is_all_methods=False, self.min_weight=0.0, self.max_weight=0.12
single_methods
method_type='mean_cvar_sharpe' np.sum(weights)=1.000000 active=141 weights.shape=(219,)
self.is_all_methods=False, self.min_weight=0.0, self.max_weight=0.12
single_methods
method_type='mean_cvar_sharpe' np.sum(weights)=1.000000 active=141 weights.shape=(219,)
self.is_all_methods=False, self.min_weight=0.0, self.max_weight=0.12
single_methods
method_type='mean_cvar_sharpe' np.sum(weights)=1.000000 active=141 weights.shape=(219,)
0.5 2019-09-03 00:00:00 1175.6633971602948 0.0040637993676008455 2.8496902677449386e-05 0.004063799367600929
PROGRESS	2019-09-03	219	126	0.004063799367600929	1175.6633971602948
Portfolio optimization with 7 month weight rebalancing 2019-08-01 00:00:00: : 8it [02:38, 17.38s/it]Portfolio optimization with 8 month weight rebalancing 2019-09-03 00:00:00: : 8it [02:38, 17.38s/it]self.is_all_methods=False, self.min_weight=0.0, self.max_weight=0.08
single_methods
[RC-LP] method_type='return_cvar_constraint' sum=1.0000 active=26
self.is_all_methods=False, self.min_weight=0.0, self.max_weight=0.08
single_methods
[RC-LP] method_type='return_cvar_constraint' sum=1.0000 active=21
self.is_all_methods=False, self.min_weight=0.0, self.max_weight=0.08
single_methods
[RC-LP] method_type='return_cvar_constraint' sum=1.0000 active=22
self.is_all_methods=False, self.min_weight=0.0, self.max_weight=0.08
single_methods
[RC-LP] method_type='return_cvar_constraint' sum=1.0000 active=29
self.is_all_methods=False, self.min_weight=0.0, self.max_weight=0.08
single_methods
[RC-LP] method_type='return_cvar_constraint' sum=1.0000 active=22
self.is_all_methods=False, self.min_weight=0.0, self.max_weight=0.08
single_methods
[RC-LP] method_type='return_cvar_constraint' sum=1.0000 active=20
self.is_all_methods=False, self.min_weight=0.0, self.max_weight=0.08
single_methods
[RC-LP] method_type='return_cvar_constraint' sum=1.0000 active=43
self.is_all_methods=False, self.min_weight=0.0, self.max_weight=0.08
single_methods
[RC-LP] method_type='return_cvar_constraint' sum=1.0000 active=36
self.is_all_methods=False, self.min_weight=0.0, self.max_weight=0.08
single_methods
[RC-LP] method_type='return_cvar_constraint' sum=1.0000 active=32
self.is_all_methods=False, self.min_weight=0.0, self.max_weight=0.08
single_methods
[RC-LP] method_type='return_cvar_constraint' sum=1.0000 active=45
self.is_all_methods=False, self.min_weight=0.0, self.max_weight=0.08
single_methods
[RC-LP] method_type='return_cvar_constraint' sum=1.0000 active=40
self.is_all_methods=False, self.min_weight=0.0, self.max_weight=0.08
single_methods
[RC-LP] method_type='return_cvar_constraint' sum=1.0000 active=36
self.is_all_methods=False, self.min_weight=0.0, self.max_weight=0.12
single_methods
[RC-LP] method_type='return_cvar_constraint' sum=1.0000 active=26
self.is_all_methods=False, self.min_weight=0.0, self.max_weight=0.12
single_methods
[RC-LP] method_type='return_cvar_constraint' sum=1.0000 active=18
self.is_all_methods=False, self.min_weight=0.0, self.max_weight=0.12
single_methods
[RC-LP] method_type='return_cvar_constraint' sum=1.0000 active=19
self.is_all_methods=False, self.min_weight=0.0, self.max_weight=0.12
single_methods
[RC-LP] method_type='return_cvar_constraint' sum=1.0000 active=26
self.is_all_methods=False, self.min_weight=0.0, self.max_weight=0.12
single_methods
[RC-LP] method_type='return_cvar_constraint' sum=1.0000 active=24
self.is_all_methods=False, self.min_weight=0.0, self.max_weight=0.12
single_methods
[RC-LP] method_type='return_cvar_constraint' sum=1.0000 active=17
self.is_all_methods=False, self.min_weight=0.0, self.max_weight=0.12
single_methods
[RC-LP] method_type='return_cvar_constraint' sum=1.0000 active=50
self.is_all_methods=False, self.min_weight=0.0, self.max_weight=0.12
single_methods
[RC-LP] method_type='return_cvar_constraint' sum=1.0000 active=33
self.is_all_methods=False, self.min_weight=0.0, self.max_weight=0.12
single_methods
[RC-LP] method_type='return_cvar_constraint' sum=1.0000 active=31
self.is_all_methods=False, self.min_weight=0.0, self.max_weight=0.12
single_methods
[RC-LP] method_type='return_cvar_constraint' sum=1.0000 active=53
self.is_all_methods=False, self.min_weight=0.0, self.max_weight=0.12
single_methods
[RC-LP] method_type='return_cvar_constraint' sum=1.0000 active=40
self.is_all_methods=False, self.min_weight=0.0, self.max_weight=0.12
single_methods
[RC-LP] method_type='return_cvar_constraint' sum=1.0000 active=36
self.is_all_methods=False, self.min_weight=0.0, self.max_weight=0.08
single_methods
method_type='mean_cvar_sharpe' np.sum(weights)=1.000000 active=97 weights.shape=(221,)
self.is_all_methods=False, self.min_weight=0.0, self.max_weight=0.08
single_methods
method_type='mean_cvar_sharpe' np.sum(weights)=1.000000 active=97 weights.shape=(221,)
self.is_all_methods=False, self.min_weight=0.0, self.max_weight=0.08
single_methods
method_type='mean_cvar_sharpe' np.sum(weights)=1.000000 active=97 weights.shape=(221,)
self.is_all_methods=False, self.min_weight=0.0, self.max_weight=0.08
single_methods
method_type='mean_cvar_sharpe' np.sum(weights)=1.000000 active=221 weights.shape=(221,)
self.is_all_methods=False, self.min_weight=0.0, self.max_weight=0.08
single_methods
method_type='mean_cvar_sharpe' np.sum(weights)=1.000000 active=221 weights.shape=(221,)
self.is_all_methods=False, self.min_weight=0.0, self.max_weight=0.08
single_methods
method_type='mean_cvar_sharpe' np.sum(weights)=1.000000 active=221 weights.shape=(221,)
self.is_all_methods=False, self.min_weight=0.0, self.max_weight=0.08
single_methods
method_type='mean_cvar_sharpe' np.sum(weights)=1.000000 active=99 weights.shape=(221,)
self.is_all_methods=False, self.min_weight=0.0, self.max_weight=0.08
single_methods
method_type='mean_cvar_sharpe' np.sum(weights)=1.000000 active=99 weights.shape=(221,)
self.is_all_methods=False, self.min_weight=0.0, self.max_weight=0.08
single_methods
method_type='mean_cvar_sharpe' np.sum(weights)=1.000000 active=99 weights.shape=(221,)
self.is_all_methods=False, self.min_weight=0.0, self.max_weight=0.08
single_methods
method_type='mean_cvar_sharpe' np.sum(weights)=1.000000 active=221 weights.shape=(221,)
self.is_all_methods=False, self.min_weight=0.0, self.max_weight=0.08
single_methods
method_type='mean_cvar_sharpe' np.sum(weights)=1.000000 active=221 weights.shape=(221,)
self.is_all_methods=False, self.min_weight=0.0, self.max_weight=0.08
single_methods
method_type='mean_cvar_sharpe' np.sum(weights)=1.000000 active=221 weights.shape=(221,)
self.is_all_methods=False, self.min_weight=0.0, self.max_weight=0.12
single_methods
method_type='mean_cvar_sharpe' np.sum(weights)=1.000000 active=111 weights.shape=(221,)
self.is_all_methods=False, self.min_weight=0.0, self.max_weight=0.12
single_methods
method_type='mean_cvar_sharpe' np.sum(weights)=1.000000 active=111 weights.shape=(221,)
self.is_all_methods=False, self.min_weight=0.0, self.max_weight=0.12
single_methods
method_type='mean_cvar_sharpe' np.sum(weights)=1.000000 active=111 weights.shape=(221,)
self.is_all_methods=False, self.min_weight=0.0, self.max_weight=0.12
single_methods
method_type='mean_cvar_sharpe' np.sum(weights)=1.000000 active=221 weights.shape=(221,)
self.is_all_methods=False, self.min_weight=0.0, self.max_weight=0.12
single_methods
method_type='mean_cvar_sharpe' np.sum(weights)=1.000000 active=221 weights.shape=(221,)
self.is_all_methods=False, self.min_weight=0.0, self.max_weight=0.12
single_methods
method_type='mean_cvar_sharpe' np.sum(weights)=1.000000 active=221 weights.shape=(221,)
self.is_all_methods=False, self.min_weight=0.0, self.max_weight=0.12
single_methods
method_type='mean_cvar_sharpe' np.sum(weights)=1.000000 active=106 weights.shape=(221,)
self.is_all_methods=False, self.min_weight=0.0, self.max_weight=0.12
single_methods
method_type='mean_cvar_sharpe' np.sum(weights)=1.000000 active=106 weights.shape=(221,)
self.is_all_methods=False, self.min_weight=0.0, self.max_weight=0.12
single_methods
method_type='mean_cvar_sharpe' np.sum(weights)=1.000000 active=106 weights.shape=(221,)
self.is_all_methods=False, self.min_weight=0.0, self.max_weight=0.12
single_methods
method_type='mean_cvar_sharpe' np.sum(weights)=1.000000 active=220 weights.shape=(221,)
self.is_all_methods=False, self.min_weight=0.0, self.max_weight=0.12
single_methods
method_type='mean_cvar_sharpe' np.sum(weights)=1.000000 active=220 weights.shape=(221,)
self.is_all_methods=False, self.min_weight=0.0, self.max_weight=0.12
single_methods
method_type='mean_cvar_sharpe' np.sum(weights)=1.000000 active=220 weights.shape=(221,)
0.25 2019-10-01 00:00:00 1190.6555978641218 0.012752119986077051 4.2336547026687154e-05 0.012752119986076949
PROGRESS	2019-10-01	221	121	0.012752119986076949	1190.6555978641218
Portfolio optimization with 8 month weight rebalancing 2019-09-03 00:00:00: : 9it [02:50, 15.60s/it]Portfolio optimization with 9 month weight rebalancing 2019-10-01 00:00:00: : 9it [02:50, 15.60s/it]self.is_all_methods=False, self.min_weight=0.0, self.max_weight=0.08
single_methods
[RC-LP] method_type='return_cvar_constraint' sum=1.0000 active=24
self.is_all_methods=False, self.min_weight=0.0, self.max_weight=0.08
single_methods
[RC-LP] method_type='return_cvar_constraint' sum=1.0000 active=27
self.is_all_methods=False, self.min_weight=0.0, self.max_weight=0.08
single_methods
[RC-LP] method_type='return_cvar_constraint' sum=1.0000 active=28
self.is_all_methods=False, self.min_weight=0.0, self.max_weight=0.08
single_methods
[RC-LP] method_type='return_cvar_constraint' sum=1.0000 active=31
self.is_all_methods=False, self.min_weight=0.0, self.max_weight=0.08
single_methods
[RC-LP] method_type='return_cvar_constraint' sum=1.0000 active=26
self.is_all_methods=False, self.min_weight=0.0, self.max_weight=0.08
single_methods
[RC-LP] method_type='return_cvar_constraint' sum=1.0000 active=25
self.is_all_methods=False, self.min_weight=0.0, self.max_weight=0.08
single_methods
[RC-LP] method_type='return_cvar_constraint' sum=1.0000 active=39
self.is_all_methods=False, self.min_weight=0.0, self.max_weight=0.08
single_methods
[RC-LP] method_type='return_cvar_constraint' sum=1.0000 active=38
self.is_all_methods=False, self.min_weight=0.0, self.max_weight=0.08
single_methods
[RC-LP] method_type='return_cvar_constraint' sum=1.0000 active=41
self.is_all_methods=False, self.min_weight=0.0, self.max_weight=0.08
single_methods
[RC-LP] method_type='return_cvar_constraint' sum=1.0000 active=52
self.is_all_methods=False, self.min_weight=0.0, self.max_weight=0.08
single_methods
[RC-LP] method_type='return_cvar_constraint' sum=1.0000 active=42
self.is_all_methods=False, self.min_weight=0.0, self.max_weight=0.08
single_methods
[RC-LP] method_type='return_cvar_constraint' sum=1.0000 active=43
self.is_all_methods=False, self.min_weight=0.0, self.max_weight=0.12
single_methods
[RC-LP] method_type='return_cvar_constraint' sum=1.0000 active=22
self.is_all_methods=False, self.min_weight=0.0, self.max_weight=0.12
single_methods
[RC-LP] method_type='return_cvar_constraint' sum=1.0000 active=20
self.is_all_methods=False, self.min_weight=0.0, self.max_weight=0.12
single_methods
[RC-LP] method_type='return_cvar_constraint' sum=1.0000 active=22
self.is_all_methods=False, self.min_weight=0.0, self.max_weight=0.12
single_methods
[RC-LP] method_type='return_cvar_constraint' sum=1.0000 active=29
self.is_all_methods=False, self.min_weight=0.0, self.max_weight=0.12
single_methods
[RC-LP] method_type='return_cvar_constraint' sum=1.0000 active=21
self.is_all_methods=False, self.min_weight=0.0, self.max_weight=0.12
single_methods
[RC-LP] method_type='return_cvar_constraint' sum=1.0000 active=22
self.is_all_methods=False, self.min_weight=0.0, self.max_weight=0.12
single_methods
[RC-LP] method_type='return_cvar_constraint' sum=1.0000 active=35
self.is_all_methods=False, self.min_weight=0.0, self.max_weight=0.12
single_methods
[RC-LP] method_type='return_cvar_constraint' sum=1.0000 active=36
self.is_all_methods=False, self.min_weight=0.0, self.max_weight=0.12
single_methods
[RC-LP] method_type='return_cvar_constraint' sum=1.0000 active=34
self.is_all_methods=False, self.min_weight=0.0, self.max_weight=0.12
single_methods
[RC-LP] method_type='return_cvar_constraint' sum=1.0000 active=44
self.is_all_methods=False, self.min_weight=0.0, self.max_weight=0.12
single_methods
[RC-LP] method_type='return_cvar_constraint' sum=1.0000 active=36
self.is_all_methods=False, self.min_weight=0.0, self.max_weight=0.12
single_methods
[RC-LP] method_type='return_cvar_constraint' sum=1.0000 active=37
self.is_all_methods=False, self.min_weight=0.0, self.max_weight=0.08
single_methods
method_type='mean_cvar_sharpe' np.sum(weights)=1.000000 active=221 weights.shape=(222,)
self.is_all_methods=False, self.min_weight=0.0, self.max_weight=0.08
single_methods
method_type='mean_cvar_sharpe' np.sum(weights)=1.000000 active=221 weights.shape=(222,)
self.is_all_methods=False, self.min_weight=0.0, self.max_weight=0.08
single_methods
method_type='mean_cvar_sharpe' np.sum(weights)=1.000000 active=221 weights.shape=(222,)
self.is_all_methods=False, self.min_weight=0.0, self.max_weight=0.08
single_methods
method_type='mean_cvar_sharpe' np.sum(weights)=1.000000 active=124 weights.shape=(222,)
self.is_all_methods=False, self.min_weight=0.0, self.max_weight=0.08
single_methods
method_type='mean_cvar_sharpe' np.sum(weights)=1.000000 active=124 weights.shape=(222,)
self.is_all_methods=False, self.min_weight=0.0, self.max_weight=0.08
single_methods
method_type='mean_cvar_sharpe' np.sum(weights)=1.000000 active=124 weights.shape=(222,)
self.is_all_methods=False, self.min_weight=0.0, self.max_weight=0.08
single_methods
method_type='mean_cvar_sharpe' np.sum(weights)=1.000000 active=123 weights.shape=(222,)
self.is_all_methods=False, self.min_weight=0.0, self.max_weight=0.08
single_methods
method_type='mean_cvar_sharpe' np.sum(weights)=1.000000 active=123 weights.shape=(222,)
self.is_all_methods=False, self.min_weight=0.0, self.max_weight=0.08
single_methods
method_type='mean_cvar_sharpe' np.sum(weights)=1.000000 active=123 weights.shape=(222,)
self.is_all_methods=False, self.min_weight=0.0, self.max_weight=0.08
single_methods
method_type='mean_cvar_sharpe' np.sum(weights)=1.000000 active=125 weights.shape=(222,)
self.is_all_methods=False, self.min_weight=0.0, self.max_weight=0.08
single_methods
method_type='mean_cvar_sharpe' np.sum(weights)=1.000000 active=125 weights.shape=(222,)
self.is_all_methods=False, self.min_weight=0.0, self.max_weight=0.08
single_methods
method_type='mean_cvar_sharpe' np.sum(weights)=1.000000 active=125 weights.shape=(222,)
self.is_all_methods=False, self.min_weight=0.0, self.max_weight=0.12
single_methods
method_type='mean_cvar_sharpe' np.sum(weights)=1.000000 active=219 weights.shape=(222,)
self.is_all_methods=False, self.min_weight=0.0, self.max_weight=0.12
single_methods
method_type='mean_cvar_sharpe' np.sum(weights)=1.000000 active=219 weights.shape=(222,)
self.is_all_methods=False, self.min_weight=0.0, self.max_weight=0.12
single_methods
method_type='mean_cvar_sharpe' np.sum(weights)=1.000000 active=219 weights.shape=(222,)
self.is_all_methods=False, self.min_weight=0.0, self.max_weight=0.12
single_methods
method_type='mean_cvar_sharpe' np.sum(weights)=1.000000 active=131 weights.shape=(222,)
self.is_all_methods=False, self.min_weight=0.0, self.max_weight=0.12
single_methods
method_type='mean_cvar_sharpe' np.sum(weights)=1.000000 active=131 weights.shape=(222,)
self.is_all_methods=False, self.min_weight=0.0, self.max_weight=0.12
single_methods
method_type='mean_cvar_sharpe' np.sum(weights)=1.000000 active=131 weights.shape=(222,)
self.is_all_methods=False, self.min_weight=0.0, self.max_weight=0.12
single_methods
method_type='mean_cvar_sharpe' np.sum(weights)=1.000000 active=217 weights.shape=(222,)
self.is_all_methods=False, self.min_weight=0.0, self.max_weight=0.12
single_methods
method_type='mean_cvar_sharpe' np.sum(weights)=1.000000 active=217 weights.shape=(222,)
self.is_all_methods=False, self.min_weight=0.0, self.max_weight=0.12
single_methods
method_type='mean_cvar_sharpe' np.sum(weights)=1.000000 active=217 weights.shape=(222,)
self.is_all_methods=False, self.min_weight=0.0, self.max_weight=0.12
single_methods
method_type='mean_cvar_sharpe' np.sum(weights)=1.000000 active=222 weights.shape=(222,)
self.is_all_methods=False, self.min_weight=0.0, self.max_weight=0.12
single_methods
method_type='mean_cvar_sharpe' np.sum(weights)=1.000000 active=222 weights.shape=(222,)
self.is_all_methods=False, self.min_weight=0.0, self.max_weight=0.12
single_methods
method_type='mean_cvar_sharpe' np.sum(weights)=1.000000 active=222 weights.shape=(222,)
1.0 2019-11-01 00:00:00 1201.481121021862 0.009092069257608774 0.00018418663471861632 0.009092069257608859
PROGRESS	2019-11-01	222	122	0.009092069257608859	1201.481121021862
Portfolio optimization with 9 month weight rebalancing 2019-10-01 00:00:00: : 10it [03:03, 14.74s/it]Portfolio optimization with 10 month weight rebalancing 2019-11-01 00:00:00: : 10it [03:03, 14.74s/it]self.is_all_methods=False, self.min_weight=0.0, self.max_weight=0.08
single_methods
[RC-LP] method_type='return_cvar_constraint' sum=1.0000 active=30
self.is_all_methods=False, self.min_weight=0.0, self.max_weight=0.08
single_methods
[RC-LP] method_type='return_cvar_constraint' sum=1.0000 active=28
self.is_all_methods=False, self.min_weight=0.0, self.max_weight=0.08
single_methods
[RC-LP] method_type='return_cvar_constraint' sum=1.0000 active=29
self.is_all_methods=False, self.min_weight=0.0, self.max_weight=0.08
single_methods
[RC-LP] method_type='return_cvar_constraint' sum=1.0000 active=28
self.is_all_methods=False, self.min_weight=0.0, self.max_weight=0.08
single_methods
[RC-LP] method_type='return_cvar_constraint' sum=1.0000 active=29
self.is_all_methods=False, self.min_weight=0.0, self.max_weight=0.08
single_methods
[RC-LP] method_type='return_cvar_constraint' sum=1.0000 active=28
self.is_all_methods=False, self.min_weight=0.0, self.max_weight=0.08
single_methods
[RC-LP] method_type='return_cvar_constraint' sum=1.0000 active=46
self.is_all_methods=False, self.min_weight=0.0, self.max_weight=0.08
single_methods
[RC-LP] method_type='return_cvar_constraint' sum=1.0000 active=44
self.is_all_methods=False, self.min_weight=0.0, self.max_weight=0.08
single_methods
[RC-LP] method_type='return_cvar_constraint' sum=1.0000 active=43
self.is_all_methods=False, self.min_weight=0.0, self.max_weight=0.08
single_methods
[RC-LP] method_type='return_cvar_constraint' sum=1.0000 active=48
self.is_all_methods=False, self.min_weight=0.0, self.max_weight=0.08
single_methods
[RC-LP] method_type='return_cvar_constraint' sum=1.0000 active=44
self.is_all_methods=False, self.min_weight=0.0, self.max_weight=0.08
single_methods
[RC-LP] method_type='return_cvar_constraint' sum=1.0000 active=45
self.is_all_methods=False, self.min_weight=0.0, self.max_weight=0.12
single_methods
[RC-LP] method_type='return_cvar_constraint' sum=1.0000 active=27
self.is_all_methods=False, self.min_weight=0.0, self.max_weight=0.12
single_methods
[RC-LP] method_type='return_cvar_constraint' sum=1.0000 active=27
self.is_all_methods=False, self.min_weight=0.0, self.max_weight=0.12
single_methods
[RC-LP] method_type='return_cvar_constraint' sum=1.0000 active=28
self.is_all_methods=False, self.min_weight=0.0, self.max_weight=0.12
single_methods
[RC-LP] method_type='return_cvar_constraint' sum=1.0000 active=27
self.is_all_methods=False, self.min_weight=0.0, self.max_weight=0.12
single_methods
[RC-LP] method_type='return_cvar_constraint' sum=1.0000 active=24
self.is_all_methods=False, self.min_weight=0.0, self.max_weight=0.12
single_methods
[RC-LP] method_type='return_cvar_constraint' sum=1.0000 active=26
self.is_all_methods=False, self.min_weight=0.0, self.max_weight=0.12
single_methods
[RC-LP] method_type='return_cvar_constraint' sum=1.0000 active=43
self.is_all_methods=False, self.min_weight=0.0, self.max_weight=0.12
single_methods
[RC-LP] method_type='return_cvar_constraint' sum=1.0000 active=41
self.is_all_methods=False, self.min_weight=0.0, self.max_weight=0.12
single_methods
[RC-LP] method_type='return_cvar_constraint' sum=1.0000 active=42
self.is_all_methods=False, self.min_weight=0.0, self.max_weight=0.12
single_methods
[RC-LP] method_type='return_cvar_constraint' sum=1.0000 active=46
self.is_all_methods=False, self.min_weight=0.0, self.max_weight=0.12
single_methods
[RC-LP] method_type='return_cvar_constraint' sum=1.0000 active=43
self.is_all_methods=False, self.min_weight=0.0, self.max_weight=0.12
single_methods
[RC-LP] method_type='return_cvar_constraint' sum=1.0000 active=42
self.is_all_methods=False, self.min_weight=0.0, self.max_weight=0.08
single_methods
method_type='mean_cvar_sharpe' np.sum(weights)=1.000000 active=222 weights.shape=(222,)
self.is_all_methods=False, self.min_weight=0.0, self.max_weight=0.08
single_methods
method_type='mean_cvar_sharpe' np.sum(weights)=1.000000 active=222 weights.shape=(222,)
self.is_all_methods=False, self.min_weight=0.0, self.max_weight=0.08
single_methods
method_type='mean_cvar_sharpe' np.sum(weights)=1.000000 active=222 weights.shape=(222,)
self.is_all_methods=False, self.min_weight=0.0, self.max_weight=0.08
single_methods
method_type='mean_cvar_sharpe' np.sum(weights)=1.000000 active=222 weights.shape=(222,)
self.is_all_methods=False, self.min_weight=0.0, self.max_weight=0.08
single_methods
method_type='mean_cvar_sharpe' np.sum(weights)=1.000000 active=222 weights.shape=(222,)
self.is_all_methods=False, self.min_weight=0.0, self.max_weight=0.08
single_methods
method_type='mean_cvar_sharpe' np.sum(weights)=1.000000 active=222 weights.shape=(222,)
self.is_all_methods=False, self.min_weight=0.0, self.max_weight=0.08
single_methods
method_type='mean_cvar_sharpe' np.sum(weights)=1.000000 active=222 weights.shape=(222,)
self.is_all_methods=False, self.min_weight=0.0, self.max_weight=0.08
single_methods
method_type='mean_cvar_sharpe' np.sum(weights)=1.000000 active=222 weights.shape=(222,)
self.is_all_methods=False, self.min_weight=0.0, self.max_weight=0.08
single_methods
method_type='mean_cvar_sharpe' np.sum(weights)=1.000000 active=222 weights.shape=(222,)
self.is_all_methods=False, self.min_weight=0.0, self.max_weight=0.08
single_methods
method_type='mean_cvar_sharpe' np.sum(weights)=1.000000 active=222 weights.shape=(222,)
self.is_all_methods=False, self.min_weight=0.0, self.max_weight=0.08
single_methods
method_type='mean_cvar_sharpe' np.sum(weights)=1.000000 active=222 weights.shape=(222,)
self.is_all_methods=False, self.min_weight=0.0, self.max_weight=0.08
single_methods
method_type='mean_cvar_sharpe' np.sum(weights)=1.000000 active=222 weights.shape=(222,)
self.is_all_methods=False, self.min_weight=0.0, self.max_weight=0.12
single_methods
method_type='mean_cvar_sharpe' np.sum(weights)=1.000000 active=222 weights.shape=(222,)
self.is_all_methods=False, self.min_weight=0.0, self.max_weight=0.12
single_methods
method_type='mean_cvar_sharpe' np.sum(weights)=1.000000 active=222 weights.shape=(222,)
self.is_all_methods=False, self.min_weight=0.0, self.max_weight=0.12
single_methods
method_type='mean_cvar_sharpe' np.sum(weights)=1.000000 active=222 weights.shape=(222,)
self.is_all_methods=False, self.min_weight=0.0, self.max_weight=0.12
single_methods
method_type='mean_cvar_sharpe' np.sum(weights)=1.000000 active=222 weights.shape=(222,)
self.is_all_methods=False, self.min_weight=0.0, self.max_weight=0.12
single_methods
method_type='mean_cvar_sharpe' np.sum(weights)=1.000000 active=222 weights.shape=(222,)
self.is_all_methods=False, self.min_weight=0.0, self.max_weight=0.12
single_methods
method_type='mean_cvar_sharpe' np.sum(weights)=1.000000 active=222 weights.shape=(222,)
self.is_all_methods=False, self.min_weight=0.0, self.max_weight=0.12
single_methods
method_type='mean_cvar_sharpe' np.sum(weights)=1.000000 active=222 weights.shape=(222,)
self.is_all_methods=False, self.min_weight=0.0, self.max_weight=0.12
single_methods
method_type='mean_cvar_sharpe' np.sum(weights)=1.000000 active=222 weights.shape=(222,)
self.is_all_methods=False, self.min_weight=0.0, self.max_weight=0.12
single_methods
method_type='mean_cvar_sharpe' np.sum(weights)=1.000000 active=222 weights.shape=(222,)
self.is_all_methods=False, self.min_weight=0.0, self.max_weight=0.12
single_methods
method_type='mean_cvar_sharpe' np.sum(weights)=1.000000 active=222 weights.shape=(222,)
self.is_all_methods=False, self.min_weight=0.0, self.max_weight=0.12
single_methods
method_type='mean_cvar_sharpe' np.sum(weights)=1.000000 active=222 weights.shape=(222,)
self.is_all_methods=False, self.min_weight=0.0, self.max_weight=0.12
single_methods
method_type='mean_cvar_sharpe' np.sum(weights)=1.000000 active=222 weights.shape=(222,)
1.0 2019-12-02 00:00:00 1220.3367915037804 0.01569368852494467 0.0001020199128002464 0.01569368852494457
PROGRESS	2019-12-02	222	119	0.01569368852494457	1220.3367915037804
Portfolio optimization with 10 month weight rebalancing 2019-11-01 00:00:00: : 11it [03:17, 14.54s/it]Portfolio optimization with 11 month weight rebalancing 2019-12-02 00:00:00: : 11it [03:17, 14.54s/it]self.is_all_methods=False, self.min_weight=0.0, self.max_weight=0.08
single_methods
[RC-LP] method_type='return_cvar_constraint' sum=1.0000 active=27
self.is_all_methods=False, self.min_weight=0.0, self.max_weight=0.08
single_methods
[RC-LP] method_type='return_cvar_constraint' sum=1.0000 active=27
self.is_all_methods=False, self.min_weight=0.0, self.max_weight=0.08
single_methods
[RC-LP] method_type='return_cvar_constraint' sum=1.0000 active=24
self.is_all_methods=False, self.min_weight=0.0, self.max_weight=0.08
single_methods
[RC-LP] method_type='return_cvar_constraint' sum=1.0000 active=25
self.is_all_methods=False, self.min_weight=0.0, self.max_weight=0.08
single_methods
[RC-LP] method_type='return_cvar_constraint' sum=1.0000 active=28
self.is_all_methods=False, self.min_weight=0.0, self.max_weight=0.08
single_methods
[RC-LP] method_type='return_cvar_constraint' sum=1.0000 active=26
self.is_all_methods=False, self.min_weight=0.0, self.max_weight=0.08
single_methods
[RC-LP] method_type='return_cvar_constraint' sum=1.0000 active=39
self.is_all_methods=False, self.min_weight=0.0, self.max_weight=0.08
single_methods
[RC-LP] method_type='return_cvar_constraint' sum=1.0000 active=37
self.is_all_methods=False, self.min_weight=0.0, self.max_weight=0.08
single_methods
[RC-LP] method_type='return_cvar_constraint' sum=1.0000 active=40
self.is_all_methods=False, self.min_weight=0.0, self.max_weight=0.08
single_methods
[RC-LP] method_type='return_cvar_constraint' sum=1.0000 active=51
self.is_all_methods=False, self.min_weight=0.0, self.max_weight=0.08
single_methods
[RC-LP] method_type='return_cvar_constraint' sum=1.0000 active=40
self.is_all_methods=False, self.min_weight=0.0, self.max_weight=0.08
single_methods
[RC-LP] method_type='return_cvar_constraint' sum=1.0000 active=40
self.is_all_methods=False, self.min_weight=0.0, self.max_weight=0.12
single_methods
[RC-LP] method_type='return_cvar_constraint' sum=1.0000 active=21
self.is_all_methods=False, self.min_weight=0.0, self.max_weight=0.12
single_methods
[RC-LP] method_type='return_cvar_constraint' sum=1.0000 active=21
self.is_all_methods=False, self.min_weight=0.0, self.max_weight=0.12
single_methods
[RC-LP] method_type='return_cvar_constraint' sum=1.0000 active=19
self.is_all_methods=False, self.min_weight=0.0, self.max_weight=0.12
single_methods
[RC-LP] method_type='return_cvar_constraint' sum=1.0000 active=20
self.is_all_methods=False, self.min_weight=0.0, self.max_weight=0.12
single_methods
[RC-LP] method_type='return_cvar_constraint' sum=1.0000 active=23
self.is_all_methods=False, self.min_weight=0.0, self.max_weight=0.12
single_methods
[RC-LP] method_type='return_cvar_constraint' sum=1.0000 active=19
self.is_all_methods=False, self.min_weight=0.0, self.max_weight=0.12
single_methods
[RC-LP] method_type='return_cvar_constraint' sum=1.0000 active=37
self.is_all_methods=False, self.min_weight=0.0, self.max_weight=0.12
single_methods
[RC-LP] method_type='return_cvar_constraint' sum=1.0000 active=33
self.is_all_methods=False, self.min_weight=0.0, self.max_weight=0.12
single_methods
[RC-LP] method_type='return_cvar_constraint' sum=1.0000 active=32
self.is_all_methods=False, self.min_weight=0.0, self.max_weight=0.12
single_methods
[RC-LP] method_type='return_cvar_constraint' sum=1.0000 active=32
self.is_all_methods=False, self.min_weight=0.0, self.max_weight=0.12
single_methods
[RC-LP] method_type='return_cvar_constraint' sum=1.0000 active=36
self.is_all_methods=False, self.min_weight=0.0, self.max_weight=0.12
single_methods
[RC-LP] method_type='return_cvar_constraint' sum=1.0000 active=32
self.is_all_methods=False, self.min_weight=0.0, self.max_weight=0.08
single_methods
method_type='mean_cvar_sharpe' np.sum(weights)=1.000000 active=142 weights.shape=(223,)
self.is_all_methods=False, self.min_weight=0.0, self.max_weight=0.08
single_methods
method_type='mean_cvar_sharpe' np.sum(weights)=1.000000 active=142 weights.shape=(223,)
self.is_all_methods=False, self.min_weight=0.0, self.max_weight=0.08
single_methods
method_type='mean_cvar_sharpe' np.sum(weights)=1.000000 active=142 weights.shape=(223,)
self.is_all_methods=False, self.min_weight=0.0, self.max_weight=0.08
single_methods
method_type='mean_cvar_sharpe' np.sum(weights)=1.000000 active=218 weights.shape=(223,)
self.is_all_methods=False, self.min_weight=0.0, self.max_weight=0.08
single_methods
method_type='mean_cvar_sharpe' np.sum(weights)=1.000000 active=218 weights.shape=(223,)
self.is_all_methods=False, self.min_weight=0.0, self.max_weight=0.08
single_methods
method_type='mean_cvar_sharpe' np.sum(weights)=1.000000 active=218 weights.shape=(223,)
self.is_all_methods=False, self.min_weight=0.0, self.max_weight=0.08
single_methods
method_type='mean_cvar_sharpe' np.sum(weights)=1.000000 active=223 weights.shape=(223,)
self.is_all_methods=False, self.min_weight=0.0, self.max_weight=0.08
single_methods
method_type='mean_cvar_sharpe' np.sum(weights)=1.000000 active=223 weights.shape=(223,)
self.is_all_methods=False, self.min_weight=0.0, self.max_weight=0.08
single_methods
method_type='mean_cvar_sharpe' np.sum(weights)=1.000000 active=223 weights.shape=(223,)
self.is_all_methods=False, self.min_weight=0.0, self.max_weight=0.08
single_methods
method_type='mean_cvar_sharpe' np.sum(weights)=1.000000 active=223 weights.shape=(223,)
self.is_all_methods=False, self.min_weight=0.0, self.max_weight=0.08
single_methods
method_type='mean_cvar_sharpe' np.sum(weights)=1.000000 active=223 weights.shape=(223,)
self.is_all_methods=False, self.min_weight=0.0, self.max_weight=0.08
single_methods
method_type='mean_cvar_sharpe' np.sum(weights)=1.000000 active=223 weights.shape=(223,)
self.is_all_methods=False, self.min_weight=0.0, self.max_weight=0.12
single_methods
method_type='mean_cvar_sharpe' np.sum(weights)=1.000000 active=223 weights.shape=(223,)
self.is_all_methods=False, self.min_weight=0.0, self.max_weight=0.12
single_methods
method_type='mean_cvar_sharpe' np.sum(weights)=1.000000 active=223 weights.shape=(223,)
self.is_all_methods=False, self.min_weight=0.0, self.max_weight=0.12
single_methods
method_type='mean_cvar_sharpe' np.sum(weights)=1.000000 active=223 weights.shape=(223,)
self.is_all_methods=False, self.min_weight=0.0, self.max_weight=0.12
single_methods
method_type='mean_cvar_sharpe' np.sum(weights)=1.000000 active=223 weights.shape=(223,)
self.is_all_methods=False, self.min_weight=0.0, self.max_weight=0.12
single_methods
method_type='mean_cvar_sharpe' np.sum(weights)=1.000000 active=223 weights.shape=(223,)
self.is_all_methods=False, self.min_weight=0.0, self.max_weight=0.12
single_methods
method_type='mean_cvar_sharpe' np.sum(weights)=1.000000 active=223 weights.shape=(223,)
self.is_all_methods=False, self.min_weight=0.0, self.max_weight=0.12
single_methods
method_type='mean_cvar_sharpe' np.sum(weights)=1.000000 active=219 weights.shape=(223,)
self.is_all_methods=False, self.min_weight=0.0, self.max_weight=0.12
single_methods
method_type='mean_cvar_sharpe' np.sum(weights)=1.000000 active=219 weights.shape=(223,)
self.is_all_methods=False, self.min_weight=0.0, self.max_weight=0.12
single_methods
method_type='mean_cvar_sharpe' np.sum(weights)=1.000000 active=219 weights.shape=(223,)
self.is_all_methods=False, self.min_weight=0.0, self.max_weight=0.12
single_methods
method_type='mean_cvar_sharpe' np.sum(weights)=1.000000 active=223 weights.shape=(223,)
self.is_all_methods=False, self.min_weight=0.0, self.max_weight=0.12
single_methods
method_type='mean_cvar_sharpe' np.sum(weights)=1.000000 active=223 weights.shape=(223,)
self.is_all_methods=False, self.min_weight=0.0, self.max_weight=0.12
single_methods
method_type='mean_cvar_sharpe' np.sum(weights)=1.000000 active=223 weights.shape=(223,)
1.0 2020-01-02 00:00:00 1259.5179163366158 0.03210681273040525 0.00016569587177142625 0.032106812730405165
PROGRESS	2020-01-02	223	116	0.032106812730405165	1259.5179163366158
Portfolio optimization with 11 month weight rebalancing 2019-12-02 00:00:00: : 12it [03:31, 14.37s/it]Portfolio optimization with 12 month weight rebalancing 2020-01-02 00:00:00: : 12it [03:31, 14.37s/it]self.is_all_methods=False, self.min_weight=0.0, self.max_weight=0.08
single_methods
[RC-LP] method_type='return_cvar_constraint' sum=1.0000 active=25
self.is_all_methods=False, self.min_weight=0.0, self.max_weight=0.08
single_methods
[RC-LP] method_type='return_cvar_constraint' sum=1.0000 active=25
self.is_all_methods=False, self.min_weight=0.0, self.max_weight=0.08
single_methods
[RC-LP] method_type='return_cvar_constraint' sum=1.0000 active=25
self.is_all_methods=False, self.min_weight=0.0, self.max_weight=0.08
single_methods
[RC-LP] method_type='return_cvar_constraint' sum=1.0000 active=23
self.is_all_methods=False, self.min_weight=0.0, self.max_weight=0.08
single_methods
[RC-LP] method_type='return_cvar_constraint' sum=1.0000 active=26
self.is_all_methods=False, self.min_weight=0.0, self.max_weight=0.08
single_methods
[RC-LP] method_type='return_cvar_constraint' sum=1.0000 active=28
self.is_all_methods=False, self.min_weight=0.0, self.max_weight=0.08
single_methods
[RC-LP] method_type='return_cvar_constraint' sum=1.0000 active=53
self.is_all_methods=False, self.min_weight=0.0, self.max_weight=0.08
single_methods
[RC-LP] method_type='return_cvar_constraint' sum=1.0000 active=48
self.is_all_methods=False, self.min_weight=0.0, self.max_weight=0.08
single_methods
[RC-LP] method_type='return_cvar_constraint' sum=1.0000 active=49
self.is_all_methods=False, self.min_weight=0.0, self.max_weight=0.08
single_methods
[RC-LP] method_type='return_cvar_constraint' sum=1.0000 active=54
self.is_all_methods=False, self.min_weight=0.0, self.max_weight=0.08
single_methods
[RC-LP] method_type='return_cvar_constraint' sum=1.0000 active=48
self.is_all_methods=False, self.min_weight=0.0, self.max_weight=0.08
single_methods
[RC-LP] method_type='return_cvar_constraint' sum=1.0000 active=44
self.is_all_methods=False, self.min_weight=0.0, self.max_weight=0.12
single_methods
[RC-LP] method_type='return_cvar_constraint' sum=1.0000 active=16
self.is_all_methods=False, self.min_weight=0.0, self.max_weight=0.12
single_methods
[RC-LP] method_type='return_cvar_constraint' sum=1.0000 active=17
self.is_all_methods=False, self.min_weight=0.0, self.max_weight=0.12
single_methods
[RC-LP] method_type='return_cvar_constraint' sum=1.0000 active=17
self.is_all_methods=False, self.min_weight=0.0, self.max_weight=0.12
single_methods
[RC-LP] method_type='return_cvar_constraint' sum=1.0000 active=19
self.is_all_methods=False, self.min_weight=0.0, self.max_weight=0.12
single_methods
[RC-LP] method_type='return_cvar_constraint' sum=1.0000 active=18
self.is_all_methods=False, self.min_weight=0.0, self.max_weight=0.12
single_methods
[RC-LP] method_type='return_cvar_constraint' sum=1.0000 active=17
self.is_all_methods=False, self.min_weight=0.0, self.max_weight=0.12
single_methods
[RC-LP] method_type='return_cvar_constraint' sum=1.0000 active=40
self.is_all_methods=False, self.min_weight=0.0, self.max_weight=0.12
single_methods
[RC-LP] method_type='return_cvar_constraint' sum=1.0000 active=38
self.is_all_methods=False, self.min_weight=0.0, self.max_weight=0.12
single_methods
[RC-LP] method_type='return_cvar_constraint' sum=1.0000 active=35
self.is_all_methods=False, self.min_weight=0.0, self.max_weight=0.12
single_methods
[RC-LP] method_type='return_cvar_constraint' sum=1.0000 active=46
self.is_all_methods=False, self.min_weight=0.0, self.max_weight=0.12
single_methods
[RC-LP] method_type='return_cvar_constraint' sum=1.0000 active=40
self.is_all_methods=False, self.min_weight=0.0, self.max_weight=0.12
single_methods
[RC-LP] method_type='return_cvar_constraint' sum=1.0000 active=39
self.is_all_methods=False, self.min_weight=0.0, self.max_weight=0.08
single_methods
method_type='mean_cvar_sharpe' np.sum(weights)=1.000000 active=222 weights.shape=(224,)
self.is_all_methods=False, self.min_weight=0.0, self.max_weight=0.08
single_methods
method_type='mean_cvar_sharpe' np.sum(weights)=1.000000 active=222 weights.shape=(224,)
self.is_all_methods=False, self.min_weight=0.0, self.max_weight=0.08
single_methods
method_type='mean_cvar_sharpe' np.sum(weights)=1.000000 active=222 weights.shape=(224,)
self.is_all_methods=False, self.min_weight=0.0, self.max_weight=0.08
single_methods
method_type='mean_cvar_sharpe' np.sum(weights)=1.000000 active=224 weights.shape=(224,)
self.is_all_methods=False, self.min_weight=0.0, self.max_weight=0.08
single_methods
method_type='mean_cvar_sharpe' np.sum(weights)=1.000000 active=224 weights.shape=(224,)
self.is_all_methods=False, self.min_weight=0.0, self.max_weight=0.08
single_methods
method_type='mean_cvar_sharpe' np.sum(weights)=1.000000 active=224 weights.shape=(224,)
self.is_all_methods=False, self.min_weight=0.0, self.max_weight=0.08
single_methods
method_type='mean_cvar_sharpe' np.sum(weights)=1.000000 active=110 weights.shape=(224,)
self.is_all_methods=False, self.min_weight=0.0, self.max_weight=0.08
single_methods
method_type='mean_cvar_sharpe' np.sum(weights)=1.000000 active=110 weights.shape=(224,)
self.is_all_methods=False, self.min_weight=0.0, self.max_weight=0.08
single_methods
method_type='mean_cvar_sharpe' np.sum(weights)=1.000000 active=110 weights.shape=(224,)
self.is_all_methods=False, self.min_weight=0.0, self.max_weight=0.08
single_methods
method_type='mean_cvar_sharpe' np.sum(weights)=1.000000 active=224 weights.shape=(224,)
self.is_all_methods=False, self.min_weight=0.0, self.max_weight=0.08
single_methods
method_type='mean_cvar_sharpe' np.sum(weights)=1.000000 active=224 weights.shape=(224,)
self.is_all_methods=False, self.min_weight=0.0, self.max_weight=0.08
single_methods
method_type='mean_cvar_sharpe' np.sum(weights)=1.000000 active=224 weights.shape=(224,)
self.is_all_methods=False, self.min_weight=0.0, self.max_weight=0.12
single_methods
method_type='mean_cvar_sharpe' np.sum(weights)=1.000000 active=224 weights.shape=(224,)
self.is_all_methods=False, self.min_weight=0.0, self.max_weight=0.12
single_methods
method_type='mean_cvar_sharpe' np.sum(weights)=1.000000 active=224 weights.shape=(224,)
self.is_all_methods=False, self.min_weight=0.0, self.max_weight=0.12
single_methods
method_type='mean_cvar_sharpe' np.sum(weights)=1.000000 active=224 weights.shape=(224,)
self.is_all_methods=False, self.min_weight=0.0, self.max_weight=0.12
single_methods
method_type='mean_cvar_sharpe' np.sum(weights)=1.000000 active=223 weights.shape=(224,)
self.is_all_methods=False, self.min_weight=0.0, self.max_weight=0.12
single_methods
method_type='mean_cvar_sharpe' np.sum(weights)=1.000000 active=223 weights.shape=(224,)
self.is_all_methods=False, self.min_weight=0.0, self.max_weight=0.12
single_methods
method_type='mean_cvar_sharpe' np.sum(weights)=1.000000 active=223 weights.shape=(224,)
self.is_all_methods=False, self.min_weight=0.0, self.max_weight=0.12
single_methods
method_type='mean_cvar_sharpe' np.sum(weights)=1.000000 active=224 weights.shape=(224,)
self.is_all_methods=False, self.min_weight=0.0, self.max_weight=0.12
single_methods
method_type='mean_cvar_sharpe' np.sum(weights)=1.000000 active=224 weights.shape=(224,)
self.is_all_methods=False, self.min_weight=0.0, self.max_weight=0.12
single_methods
method_type='mean_cvar_sharpe' np.sum(weights)=1.000000 active=224 weights.shape=(224,)
self.is_all_methods=False, self.min_weight=0.0, self.max_weight=0.12
single_methods
method_type='mean_cvar_sharpe' np.sum(weights)=1.000000 active=224 weights.shape=(224,)
self.is_all_methods=False, self.min_weight=0.0, self.max_weight=0.12
single_methods
method_type='mean_cvar_sharpe' np.sum(weights)=1.000000 active=224 weights.shape=(224,)
self.is_all_methods=False, self.min_weight=0.0, self.max_weight=0.12
single_methods
method_type='mean_cvar_sharpe' np.sum(weights)=1.000000 active=224 weights.shape=(224,)
1.0 2020-02-03 00:00:00 1289.2466385508915 0.023603254728399022 0.00010850253879241459 0.02360325472839908
PROGRESS	2020-02-03	224	111	0.02360325472839908	1289.2466385508915
Portfolio optimization with 12 month weight rebalancing 2020-01-02 00:00:00: : 13it [03:47, 14.83s/it]Portfolio optimization with 13 month weight rebalancing 2020-02-03 00:00:00: : 13it [03:47, 14.83s/it]self.is_all_methods=False, self.min_weight=0.0, self.max_weight=0.08
single_methods
[RC-LP] method_type='return_cvar_constraint' sum=1.0000 active=23
self.is_all_methods=False, self.min_weight=0.0, self.max_weight=0.08
single_methods
[RC-LP] method_type='return_cvar_constraint' sum=1.0000 active=22
self.is_all_methods=False, self.min_weight=0.0, self.max_weight=0.08
single_methods
[RC-LP] method_type='return_cvar_constraint' sum=1.0000 active=23
self.is_all_methods=False, self.min_weight=0.0, self.max_weight=0.08
single_methods
[RC-LP] method_type='return_cvar_constraint' sum=1.0000 active=21
self.is_all_methods=False, self.min_weight=0.0, self.max_weight=0.08
single_methods
[RC-LP] method_type='return_cvar_constraint' sum=1.0000 active=25
self.is_all_methods=False, self.min_weight=0.0, self.max_weight=0.08
single_methods
[RC-LP] method_type='return_cvar_constraint' sum=1.0000 active=25
self.is_all_methods=False, self.min_weight=0.0, self.max_weight=0.08
single_methods
[RC-LP] method_type='return_cvar_constraint' sum=1.0000 active=42
self.is_all_methods=False, self.min_weight=0.0, self.max_weight=0.08
single_methods
[RC-LP] method_type='return_cvar_constraint' sum=1.0000 active=42
self.is_all_methods=False, self.min_weight=0.0, self.max_weight=0.08
single_methods
[RC-LP] method_type='return_cvar_constraint' sum=1.0000 active=42
self.is_all_methods=False, self.min_weight=0.0, self.max_weight=0.08
single_methods
[RC-LP] method_type='return_cvar_constraint' sum=1.0000 active=45
self.is_all_methods=False, self.min_weight=0.0, self.max_weight=0.08
single_methods
[RC-LP] method_type='return_cvar_constraint' sum=1.0000 active=42
self.is_all_methods=False, self.min_weight=0.0, self.max_weight=0.08
single_methods
[RC-LP] method_type='return_cvar_constraint' sum=1.0000 active=40
self.is_all_methods=False, self.min_weight=0.0, self.max_weight=0.12
single_methods
[RC-LP] method_type='return_cvar_constraint' sum=1.0000 active=16
self.is_all_methods=False, self.min_weight=0.0, self.max_weight=0.12
single_methods
[RC-LP] method_type='return_cvar_constraint' sum=1.0000 active=19
self.is_all_methods=False, self.min_weight=0.0, self.max_weight=0.12
single_methods
[RC-LP] method_type='return_cvar_constraint' sum=1.0000 active=17
self.is_all_methods=False, self.min_weight=0.0, self.max_weight=0.12
single_methods
[RC-LP] method_type='return_cvar_constraint' sum=1.0000 active=16
self.is_all_methods=False, self.min_weight=0.0, self.max_weight=0.12
single_methods
[RC-LP] method_type='return_cvar_constraint' sum=1.0000 active=15
self.is_all_methods=False, self.min_weight=0.0, self.max_weight=0.12
single_methods
[RC-LP] method_type='return_cvar_constraint' sum=1.0000 active=15
self.is_all_methods=False, self.min_weight=0.0, self.max_weight=0.12
single_methods
[RC-LP] method_type='return_cvar_constraint' sum=1.0000 active=34
self.is_all_methods=False, self.min_weight=0.0, self.max_weight=0.12
single_methods
[RC-LP] method_type='return_cvar_constraint' sum=1.0000 active=27
self.is_all_methods=False, self.min_weight=0.0, self.max_weight=0.12
single_methods
[RC-LP] method_type='return_cvar_constraint' sum=1.0000 active=28
self.is_all_methods=False, self.min_weight=0.0, self.max_weight=0.12
single_methods
[RC-LP] method_type='return_cvar_constraint' sum=1.0000 active=24
self.is_all_methods=False, self.min_weight=0.0, self.max_weight=0.12
single_methods
[RC-LP] method_type='return_cvar_constraint' sum=1.0000 active=27
self.is_all_methods=False, self.min_weight=0.0, self.max_weight=0.12
single_methods
[RC-LP] method_type='return_cvar_constraint' sum=1.0000 active=26
self.is_all_methods=False, self.min_weight=0.0, self.max_weight=0.08
single_methods
method_type='mean_cvar_sharpe' np.sum(weights)=1.000000 active=223 weights.shape=(223,)
self.is_all_methods=False, self.min_weight=0.0, self.max_weight=0.08
single_methods
method_type='mean_cvar_sharpe' np.sum(weights)=1.000000 active=223 weights.shape=(223,)
self.is_all_methods=False, self.min_weight=0.0, self.max_weight=0.08
single_methods
method_type='mean_cvar_sharpe' np.sum(weights)=1.000000 active=223 weights.shape=(223,)
self.is_all_methods=False, self.min_weight=0.0, self.max_weight=0.08
single_methods
method_type='mean_cvar_sharpe' np.sum(weights)=1.000000 active=112 weights.shape=(223,)
self.is_all_methods=False, self.min_weight=0.0, self.max_weight=0.08
single_methods
method_type='mean_cvar_sharpe' np.sum(weights)=1.000000 active=112 weights.shape=(223,)
self.is_all_methods=False, self.min_weight=0.0, self.max_weight=0.08
single_methods
method_type='mean_cvar_sharpe' np.sum(weights)=1.000000 active=112 weights.shape=(223,)
self.is_all_methods=False, self.min_weight=0.0, self.max_weight=0.08
single_methods
method_type='mean_cvar_sharpe' np.sum(weights)=1.000000 active=127 weights.shape=(223,)
self.is_all_methods=False, self.min_weight=0.0, self.max_weight=0.08
single_methods
method_type='mean_cvar_sharpe' np.sum(weights)=1.000000 active=127 weights.shape=(223,)
self.is_all_methods=False, self.min_weight=0.0, self.max_weight=0.08
single_methods
method_type='mean_cvar_sharpe' np.sum(weights)=1.000000 active=127 weights.shape=(223,)
self.is_all_methods=False, self.min_weight=0.0, self.max_weight=0.08
single_methods
method_type='mean_cvar_sharpe' np.sum(weights)=1.000000 active=223 weights.shape=(223,)
self.is_all_methods=False, self.min_weight=0.0, self.max_weight=0.08
single_methods
method_type='mean_cvar_sharpe' np.sum(weights)=1.000000 active=223 weights.shape=(223,)
self.is_all_methods=False, self.min_weight=0.0, self.max_weight=0.08
single_methods
method_type='mean_cvar_sharpe' np.sum(weights)=1.000000 active=223 weights.shape=(223,)
self.is_all_methods=False, self.min_weight=0.0, self.max_weight=0.12
single_methods
method_type='mean_cvar_sharpe' np.sum(weights)=1.000000 active=222 weights.shape=(223,)
self.is_all_methods=False, self.min_weight=0.0, self.max_weight=0.12
single_methods
method_type='mean_cvar_sharpe' np.sum(weights)=1.000000 active=222 weights.shape=(223,)
self.is_all_methods=False, self.min_weight=0.0, self.max_weight=0.12
single_methods
method_type='mean_cvar_sharpe' np.sum(weights)=1.000000 active=222 weights.shape=(223,)
self.is_all_methods=False, self.min_weight=0.0, self.max_weight=0.12
single_methods
method_type='mean_cvar_sharpe' np.sum(weights)=1.000000 active=223 weights.shape=(223,)
self.is_all_methods=False, self.min_weight=0.0, self.max_weight=0.12
single_methods
method_type='mean_cvar_sharpe' np.sum(weights)=1.000000 active=223 weights.shape=(223,)
self.is_all_methods=False, self.min_weight=0.0, self.max_weight=0.12
single_methods
method_type='mean_cvar_sharpe' np.sum(weights)=1.000000 active=223 weights.shape=(223,)
self.is_all_methods=False, self.min_weight=0.0, self.max_weight=0.12
single_methods
method_type='mean_cvar_sharpe' np.sum(weights)=1.000000 active=223 weights.shape=(223,)
self.is_all_methods=False, self.min_weight=0.0, self.max_weight=0.12
single_methods
method_type='mean_cvar_sharpe' np.sum(weights)=1.000000 active=223 weights.shape=(223,)
self.is_all_methods=False, self.min_weight=0.0, self.max_weight=0.12
single_methods
method_type='mean_cvar_sharpe' np.sum(weights)=1.000000 active=223 weights.shape=(223,)
self.is_all_methods=False, self.min_weight=0.0, self.max_weight=0.12
single_methods
method_type='mean_cvar_sharpe' np.sum(weights)=1.000000 active=222 weights.shape=(223,)
self.is_all_methods=False, self.min_weight=0.0, self.max_weight=0.12
single_methods
method_type='mean_cvar_sharpe' np.sum(weights)=1.000000 active=222 weights.shape=(223,)
self.is_all_methods=False, self.min_weight=0.0, self.max_weight=0.12
single_methods
method_type='mean_cvar_sharpe' np.sum(weights)=1.000000 active=222 weights.shape=(223,)
1.0 2020-03-02 00:00:00 1198.8047351999867 -0.07015097084337646 0.00021709813263277094 -0.07015097084337651
PROGRESS	2020-03-02	223	105	-0.07015097084337651	1198.8047351999867
Portfolio optimization with 13 month weight rebalancing 2020-02-03 00:00:00: : 14it [04:01, 14.69s/it]Portfolio optimization with 14 month weight rebalancing 2020-03-02 00:00:00: : 14it [04:01, 14.69s/it]self.is_all_methods=False, self.min_weight=0.0, self.max_weight=0.08
single_methods
[RC-LP] method_type='return_cvar_constraint' sum=1.0000 active=21
self.is_all_methods=False, self.min_weight=0.0, self.max_weight=0.08
single_methods
[RC-LP] method_type='return_cvar_constraint' sum=1.0000 active=20
self.is_all_methods=False, self.min_weight=0.0, self.max_weight=0.08
single_methods
[RC-LP] method_type='return_cvar_constraint' sum=1.0000 active=19
self.is_all_methods=False, self.min_weight=0.0, self.max_weight=0.08
single_methods
[RC-LP] method_type='return_cvar_constraint' sum=1.0000 active=22
self.is_all_methods=False, self.min_weight=0.0, self.max_weight=0.08
single_methods
[RC-LP] method_type='return_cvar_constraint' sum=1.0000 active=21
self.is_all_methods=False, self.min_weight=0.0, self.max_weight=0.08
single_methods
[RC-LP] method_type='return_cvar_constraint' sum=1.0000 active=19
self.is_all_methods=False, self.min_weight=0.0, self.max_weight=0.08
single_methods
[RC-LP] method_type='return_cvar_constraint' sum=1.0000 active=26
self.is_all_methods=False, self.min_weight=0.0, self.max_weight=0.08
single_methods
[RC-LP] method_type='return_cvar_constraint' sum=1.0000 active=29
self.is_all_methods=False, self.min_weight=0.0, self.max_weight=0.08
single_methods
[RC-LP] method_type='return_cvar_constraint' sum=1.0000 active=31
self.is_all_methods=False, self.min_weight=0.0, self.max_weight=0.08
single_methods
[RC-LP] method_type='return_cvar_constraint' sum=1.0000 active=27
self.is_all_methods=False, self.min_weight=0.0, self.max_weight=0.08
single_methods
[RC-LP] method_type='return_cvar_constraint' sum=1.0000 active=27
self.is_all_methods=False, self.min_weight=0.0, self.max_weight=0.08
single_methods
[RC-LP] method_type='return_cvar_constraint' sum=1.0000 active=31
self.is_all_methods=False, self.min_weight=0.0, self.max_weight=0.12
single_methods
[RC-LP] method_type='return_cvar_constraint' sum=1.0000 active=11
self.is_all_methods=False, self.min_weight=0.0, self.max_weight=0.12
single_methods
[RC-LP] method_type='return_cvar_constraint' sum=1.0000 active=11
self.is_all_methods=False, self.min_weight=0.0, self.max_weight=0.12
single_methods
[RC-LP] method_type='return_cvar_constraint' sum=1.0000 active=12
self.is_all_methods=False, self.min_weight=0.0, self.max_weight=0.12
single_methods
[RC-LP] method_type='return_cvar_constraint' sum=1.0000 active=13
self.is_all_methods=False, self.min_weight=0.0, self.max_weight=0.12
single_methods
[RC-LP] method_type='return_cvar_constraint' sum=1.0000 active=11
self.is_all_methods=False, self.min_weight=0.0, self.max_weight=0.12
single_methods
[RC-LP] method_type='return_cvar_constraint' sum=1.0000 active=12
self.is_all_methods=False, self.min_weight=0.0, self.max_weight=0.12
single_methods
[RC-LP] method_type='return_cvar_constraint' sum=1.0000 active=18
self.is_all_methods=False, self.min_weight=0.0, self.max_weight=0.12
single_methods
[RC-LP] method_type='return_cvar_constraint' sum=1.0000 active=21
self.is_all_methods=False, self.min_weight=0.0, self.max_weight=0.12
single_methods
[RC-LP] method_type='return_cvar_constraint' sum=1.0000 active=20
self.is_all_methods=False, self.min_weight=0.0, self.max_weight=0.12
single_methods
[RC-LP] method_type='return_cvar_constraint' sum=1.0000 active=17
self.is_all_methods=False, self.min_weight=0.0, self.max_weight=0.12
single_methods
[RC-LP] method_type='return_cvar_constraint' sum=1.0000 active=18
self.is_all_methods=False, self.min_weight=0.0, self.max_weight=0.12
single_methods
[RC-LP] method_type='return_cvar_constraint' sum=1.0000 active=22
self.is_all_methods=False, self.min_weight=0.0, self.max_weight=0.08
single_methods
method_type='mean_cvar_sharpe' np.sum(weights)=1.000000 active=141 weights.shape=(226,)
self.is_all_methods=False, self.min_weight=0.0, self.max_weight=0.08
single_methods
method_type='mean_cvar_sharpe' np.sum(weights)=1.000000 active=141 weights.shape=(226,)
self.is_all_methods=False, self.min_weight=0.0, self.max_weight=0.08
single_methods
method_type='mean_cvar_sharpe' np.sum(weights)=1.000000 active=141 weights.shape=(226,)
self.is_all_methods=False, self.min_weight=0.0, self.max_weight=0.08
single_methods
method_type='mean_cvar_sharpe' np.sum(weights)=1.000000 active=225 weights.shape=(226,)
self.is_all_methods=False, self.min_weight=0.0, self.max_weight=0.08
single_methods
method_type='mean_cvar_sharpe' np.sum(weights)=1.000000 active=225 weights.shape=(226,)
self.is_all_methods=False, self.min_weight=0.0, self.max_weight=0.08
single_methods
method_type='mean_cvar_sharpe' np.sum(weights)=1.000000 active=225 weights.shape=(226,)
self.is_all_methods=False, self.min_weight=0.0, self.max_weight=0.08
single_methods
method_type='mean_cvar_sharpe' np.sum(weights)=1.000000 active=226 weights.shape=(226,)
self.is_all_methods=False, self.min_weight=0.0, self.max_weight=0.08
single_methods
method_type='mean_cvar_sharpe' np.sum(weights)=1.000000 active=226 weights.shape=(226,)
self.is_all_methods=False, self.min_weight=0.0, self.max_weight=0.08
single_methods
method_type='mean_cvar_sharpe' np.sum(weights)=1.000000 active=226 weights.shape=(226,)
self.is_all_methods=False, self.min_weight=0.0, self.max_weight=0.08
single_methods
method_type='mean_cvar_sharpe' np.sum(weights)=1.000000 active=226 weights.shape=(226,)
self.is_all_methods=False, self.min_weight=0.0, self.max_weight=0.08
single_methods
method_type='mean_cvar_sharpe' np.sum(weights)=1.000000 active=226 weights.shape=(226,)
self.is_all_methods=False, self.min_weight=0.0, self.max_weight=0.08
single_methods
method_type='mean_cvar_sharpe' np.sum(weights)=1.000000 active=226 weights.shape=(226,)
self.is_all_methods=False, self.min_weight=0.0, self.max_weight=0.12
single_methods
method_type='mean_cvar_sharpe' np.sum(weights)=1.000000 active=223 weights.shape=(226,)
self.is_all_methods=False, self.min_weight=0.0, self.max_weight=0.12
single_methods
method_type='mean_cvar_sharpe' np.sum(weights)=1.000000 active=223 weights.shape=(226,)
self.is_all_methods=False, self.min_weight=0.0, self.max_weight=0.12
single_methods
method_type='mean_cvar_sharpe' np.sum(weights)=1.000000 active=223 weights.shape=(226,)
self.is_all_methods=False, self.min_weight=0.0, self.max_weight=0.12
single_methods
method_type='mean_cvar_sharpe' np.sum(weights)=1.000000 active=225 weights.shape=(226,)
self.is_all_methods=False, self.min_weight=0.0, self.max_weight=0.12
single_methods
method_type='mean_cvar_sharpe' np.sum(weights)=1.000000 active=225 weights.shape=(226,)
self.is_all_methods=False, self.min_weight=0.0, self.max_weight=0.12
single_methods
method_type='mean_cvar_sharpe' np.sum(weights)=1.000000 active=225 weights.shape=(226,)
self.is_all_methods=False, self.min_weight=0.0, self.max_weight=0.12
single_methods
method_type='mean_cvar_sharpe' np.sum(weights)=1.000000 active=226 weights.shape=(226,)
self.is_all_methods=False, self.min_weight=0.0, self.max_weight=0.12
single_methods
method_type='mean_cvar_sharpe' np.sum(weights)=1.000000 active=226 weights.shape=(226,)
self.is_all_methods=False, self.min_weight=0.0, self.max_weight=0.12
single_methods
method_type='mean_cvar_sharpe' np.sum(weights)=1.000000 active=226 weights.shape=(226,)
self.is_all_methods=False, self.min_weight=0.0, self.max_weight=0.12
single_methods
method_type='mean_cvar_sharpe' np.sum(weights)=1.000000 active=225 weights.shape=(226,)
self.is_all_methods=False, self.min_weight=0.0, self.max_weight=0.12
single_methods
method_type='mean_cvar_sharpe' np.sum(weights)=1.000000 active=225 weights.shape=(226,)
self.is_all_methods=False, self.min_weight=0.0, self.max_weight=0.12
single_methods
method_type='mean_cvar_sharpe' np.sum(weights)=1.000000 active=225 weights.shape=(226,)
1.0 2020-04-01 00:00:00 1124.8279829478074 -0.06170875879952064 0.00016318272080716978 -0.06170875879952076
PROGRESS	2020-04-01	226	93	-0.06170875879952076	1124.8279829478074
Portfolio optimization with 14 month weight rebalancing 2020-03-02 00:00:00: : 15it [04:15, 14.34s/it]Portfolio optimization with 15 month weight rebalancing 2020-04-01 00:00:00: : 15it [04:15, 14.34s/it]self.is_all_methods=False, self.min_weight=0.0, self.max_weight=0.08
single_methods
[RC-LP] method_type='return_cvar_constraint' sum=1.0000 active=19
self.is_all_methods=False, self.min_weight=0.0, self.max_weight=0.08
single_methods
[RC-LP] method_type='return_cvar_constraint' sum=1.0000 active=20
self.is_all_methods=False, self.min_weight=0.0, self.max_weight=0.08
single_methods
[RC-LP] method_type='return_cvar_constraint' sum=1.0000 active=22
self.is_all_methods=False, self.min_weight=0.0, self.max_weight=0.08
single_methods
[RC-LP] method_type='return_cvar_constraint' sum=1.0000 active=20
self.is_all_methods=False, self.min_weight=0.0, self.max_weight=0.08
single_methods
[RC-LP] method_type='return_cvar_constraint' sum=1.0000 active=22
self.is_all_methods=False, self.min_weight=0.0, self.max_weight=0.08
single_methods
[RC-LP] method_type='return_cvar_constraint' sum=1.0000 active=22
self.is_all_methods=False, self.min_weight=0.0, self.max_weight=0.08
single_methods
[RC-LP] method_type='return_cvar_constraint' sum=1.0000 active=37
self.is_all_methods=False, self.min_weight=0.0, self.max_weight=0.08
single_methods
[RC-LP] method_type='return_cvar_constraint' sum=1.0000 active=43
self.is_all_methods=False, self.min_weight=0.0, self.max_weight=0.08
single_methods
[RC-LP] method_type='return_cvar_constraint' sum=1.0000 active=47
self.is_all_methods=False, self.min_weight=0.0, self.max_weight=0.08
single_methods
[RC-LP] method_type='return_cvar_constraint' sum=1.0000 active=41
self.is_all_methods=False, self.min_weight=0.0, self.max_weight=0.08
single_methods
[RC-LP] method_type='return_cvar_constraint' sum=1.0000 active=43
self.is_all_methods=False, self.min_weight=0.0, self.max_weight=0.08
single_methods
[RC-LP] method_type='return_cvar_constraint' sum=1.0000 active=49
self.is_all_methods=False, self.min_weight=0.0, self.max_weight=0.12
single_methods
[RC-LP] method_type='return_cvar_constraint' sum=1.0000 active=15
self.is_all_methods=False, self.min_weight=0.0, self.max_weight=0.12
single_methods
[RC-LP] method_type='return_cvar_constraint' sum=1.0000 active=15
self.is_all_methods=False, self.min_weight=0.0, self.max_weight=0.12
single_methods
[RC-LP] method_type='return_cvar_constraint' sum=1.0000 active=14
self.is_all_methods=False, self.min_weight=0.0, self.max_weight=0.12
single_methods
[RC-LP] method_type='return_cvar_constraint' sum=1.0000 active=14
self.is_all_methods=False, self.min_weight=0.0, self.max_weight=0.12
single_methods
[RC-LP] method_type='return_cvar_constraint' sum=1.0000 active=16
self.is_all_methods=False, self.min_weight=0.0, self.max_weight=0.12
single_methods
[RC-LP] method_type='return_cvar_constraint' sum=1.0000 active=16
self.is_all_methods=False, self.min_weight=0.0, self.max_weight=0.12
single_methods
[RC-LP] method_type='return_cvar_constraint' sum=1.0000 active=27
self.is_all_methods=False, self.min_weight=0.0, self.max_weight=0.12
single_methods
[RC-LP] method_type='return_cvar_constraint' sum=1.0000 active=30
self.is_all_methods=False, self.min_weight=0.0, self.max_weight=0.12
single_methods
[RC-LP] method_type='return_cvar_constraint' sum=1.0000 active=32
self.is_all_methods=False, self.min_weight=0.0, self.max_weight=0.12
single_methods
[RC-LP] method_type='return_cvar_constraint' sum=1.0000 active=27
self.is_all_methods=False, self.min_weight=0.0, self.max_weight=0.12
single_methods
[RC-LP] method_type='return_cvar_constraint' sum=1.0000 active=27
self.is_all_methods=False, self.min_weight=0.0, self.max_weight=0.12
single_methods
[RC-LP] method_type='return_cvar_constraint' sum=1.0000 active=37
self.is_all_methods=False, self.min_weight=0.0, self.max_weight=0.08
single_methods
method_type='mean_cvar_sharpe' np.sum(weights)=1.000000 active=225 weights.shape=(225,)
self.is_all_methods=False, self.min_weight=0.0, self.max_weight=0.08
single_methods
method_type='mean_cvar_sharpe' np.sum(weights)=1.000000 active=225 weights.shape=(225,)
self.is_all_methods=False, self.min_weight=0.0, self.max_weight=0.08
single_methods
method_type='mean_cvar_sharpe' np.sum(weights)=1.000000 active=225 weights.shape=(225,)
self.is_all_methods=False, self.min_weight=0.0, self.max_weight=0.08
single_methods
method_type='mean_cvar_sharpe' np.sum(weights)=1.000000 active=225 weights.shape=(225,)
self.is_all_methods=False, self.min_weight=0.0, self.max_weight=0.08
single_methods
method_type='mean_cvar_sharpe' np.sum(weights)=1.000000 active=225 weights.shape=(225,)
self.is_all_methods=False, self.min_weight=0.0, self.max_weight=0.08
single_methods
method_type='mean_cvar_sharpe' np.sum(weights)=1.000000 active=225 weights.shape=(225,)
self.is_all_methods=False, self.min_weight=0.0, self.max_weight=0.08
single_methods
method_type='mean_cvar_sharpe' np.sum(weights)=1.000000 active=138 weights.shape=(225,)
self.is_all_methods=False, self.min_weight=0.0, self.max_weight=0.08
single_methods
method_type='mean_cvar_sharpe' np.sum(weights)=1.000000 active=138 weights.shape=(225,)
self.is_all_methods=False, self.min_weight=0.0, self.max_weight=0.08
single_methods
method_type='mean_cvar_sharpe' np.sum(weights)=1.000000 active=138 weights.shape=(225,)
self.is_all_methods=False, self.min_weight=0.0, self.max_weight=0.08
single_methods
method_type='mean_cvar_sharpe' np.sum(weights)=1.000000 active=225 weights.shape=(225,)
self.is_all_methods=False, self.min_weight=0.0, self.max_weight=0.08
single_methods
method_type='mean_cvar_sharpe' np.sum(weights)=1.000000 active=225 weights.shape=(225,)
self.is_all_methods=False, self.min_weight=0.0, self.max_weight=0.08
single_methods
method_type='mean_cvar_sharpe' np.sum(weights)=1.000000 active=225 weights.shape=(225,)
self.is_all_methods=False, self.min_weight=0.0, self.max_weight=0.12
single_methods
method_type='mean_cvar_sharpe' np.sum(weights)=1.000000 active=225 weights.shape=(225,)
self.is_all_methods=False, self.min_weight=0.0, self.max_weight=0.12
single_methods
method_type='mean_cvar_sharpe' np.sum(weights)=1.000000 active=225 weights.shape=(225,)
self.is_all_methods=False, self.min_weight=0.0, self.max_weight=0.12
single_methods
method_type='mean_cvar_sharpe' np.sum(weights)=1.000000 active=225 weights.shape=(225,)
self.is_all_methods=False, self.min_weight=0.0, self.max_weight=0.12
single_methods
method_type='mean_cvar_sharpe' np.sum(weights)=1.000000 active=225 weights.shape=(225,)
self.is_all_methods=False, self.min_weight=0.0, self.max_weight=0.12
single_methods
method_type='mean_cvar_sharpe' np.sum(weights)=1.000000 active=225 weights.shape=(225,)
self.is_all_methods=False, self.min_weight=0.0, self.max_weight=0.12
single_methods
method_type='mean_cvar_sharpe' np.sum(weights)=1.000000 active=225 weights.shape=(225,)
self.is_all_methods=False, self.min_weight=0.0, self.max_weight=0.12
single_methods
method_type='mean_cvar_sharpe' np.sum(weights)=1.000000 active=122 weights.shape=(225,)
self.is_all_methods=False, self.min_weight=0.0, self.max_weight=0.12
single_methods
method_type='mean_cvar_sharpe' np.sum(weights)=1.000000 active=122 weights.shape=(225,)
self.is_all_methods=False, self.min_weight=0.0, self.max_weight=0.12
single_methods
method_type='mean_cvar_sharpe' np.sum(weights)=1.000000 active=122 weights.shape=(225,)
self.is_all_methods=False, self.min_weight=0.0, self.max_weight=0.12
single_methods
method_type='mean_cvar_sharpe' np.sum(weights)=1.000000 active=125 weights.shape=(225,)
self.is_all_methods=False, self.min_weight=0.0, self.max_weight=0.12
single_methods
method_type='mean_cvar_sharpe' np.sum(weights)=1.000000 active=125 weights.shape=(225,)
self.is_all_methods=False, self.min_weight=0.0, self.max_weight=0.12
single_methods
method_type='mean_cvar_sharpe' np.sum(weights)=1.000000 active=125 weights.shape=(225,)
1.0 2020-05-01 00:00:00 1209.265654237044 0.0750671858891286 2.781943140932482e-05 0.07506718588912853
PROGRESS	2020-05-01	225	90	0.07506718588912853	1209.265654237044
Portfolio optimization with 15 month weight rebalancing 2020-04-01 00:00:00: : 16it [04:33, 15.40s/it]Portfolio optimization with 16 month weight rebalancing 2020-05-01 00:00:00: : 16it [04:33, 15.40s/it]self.is_all_methods=False, self.min_weight=0.0, self.max_weight=0.08
single_methods
[RC-LP] method_type='return_cvar_constraint' sum=1.0000 active=21
self.is_all_methods=False, self.min_weight=0.0, self.max_weight=0.08
single_methods
[RC-LP] method_type='return_cvar_constraint' sum=1.0000 active=17
self.is_all_methods=False, self.min_weight=0.0, self.max_weight=0.08
single_methods
[RC-LP] method_type='return_cvar_constraint' sum=1.0000 active=16
self.is_all_methods=False, self.min_weight=0.0, self.max_weight=0.08
single_methods
[RC-LP] method_type='return_cvar_constraint' sum=1.0000 active=26
self.is_all_methods=False, self.min_weight=0.0, self.max_weight=0.08
single_methods
[RC-LP] method_type='return_cvar_constraint' sum=1.0000 active=20
self.is_all_methods=False, self.min_weight=0.0, self.max_weight=0.08
single_methods
[RC-LP] method_type='return_cvar_constraint' sum=1.0000 active=19
self.is_all_methods=False, self.min_weight=0.0, self.max_weight=0.08
single_methods
[RC-LP] method_type='return_cvar_constraint' sum=1.0000 active=29
self.is_all_methods=False, self.min_weight=0.0, self.max_weight=0.08
single_methods
[RC-LP] method_type='return_cvar_constraint' sum=1.0000 active=27
self.is_all_methods=False, self.min_weight=0.0, self.max_weight=0.08
single_methods
[RC-LP] method_type='return_cvar_constraint' sum=1.0000 active=28
self.is_all_methods=False, self.min_weight=0.0, self.max_weight=0.08
single_methods
[RC-LP] method_type='return_cvar_constraint' sum=1.0000 active=48
self.is_all_methods=False, self.min_weight=0.0, self.max_weight=0.08
single_methods
[RC-LP] method_type='return_cvar_constraint' sum=1.0000 active=40
self.is_all_methods=False, self.min_weight=0.0, self.max_weight=0.08
single_methods
[RC-LP] method_type='return_cvar_constraint' sum=1.0000 active=32
self.is_all_methods=False, self.min_weight=0.0, self.max_weight=0.12
single_methods
[RC-LP] method_type='return_cvar_constraint' sum=1.0000 active=12
self.is_all_methods=False, self.min_weight=0.0, self.max_weight=0.12
single_methods
[RC-LP] method_type='return_cvar_constraint' sum=1.0000 active=12
self.is_all_methods=False, self.min_weight=0.0, self.max_weight=0.12
single_methods
[RC-LP] method_type='return_cvar_constraint' sum=1.0000 active=12
self.is_all_methods=False, self.min_weight=0.0, self.max_weight=0.12
single_methods
[RC-LP] method_type='return_cvar_constraint' sum=1.0000 active=13
self.is_all_methods=False, self.min_weight=0.0, self.max_weight=0.12
single_methods
[RC-LP] method_type='return_cvar_constraint' sum=1.0000 active=13
self.is_all_methods=False, self.min_weight=0.0, self.max_weight=0.12
single_methods
[RC-LP] method_type='return_cvar_constraint' sum=1.0000 active=12
self.is_all_methods=False, self.min_weight=0.0, self.max_weight=0.12
single_methods
[RC-LP] method_type='return_cvar_constraint' sum=1.0000 active=20
self.is_all_methods=False, self.min_weight=0.0, self.max_weight=0.12
single_methods
[RC-LP] method_type='return_cvar_constraint' sum=1.0000 active=22
self.is_all_methods=False, self.min_weight=0.0, self.max_weight=0.12
single_methods
[RC-LP] method_type='return_cvar_constraint' sum=1.0000 active=23
self.is_all_methods=False, self.min_weight=0.0, self.max_weight=0.12
single_methods
[RC-LP] method_type='return_cvar_constraint' sum=1.0000 active=24
self.is_all_methods=False, self.min_weight=0.0, self.max_weight=0.12
single_methods
[RC-LP] method_type='return_cvar_constraint' sum=1.0000 active=22
self.is_all_methods=False, self.min_weight=0.0, self.max_weight=0.12
single_methods
[RC-LP] method_type='return_cvar_constraint' sum=1.0000 active=22
self.is_all_methods=False, self.min_weight=0.0, self.max_weight=0.08
single_methods
method_type='mean_cvar_sharpe' np.sum(weights)=1.000000 active=227 weights.shape=(227,)
self.is_all_methods=False, self.min_weight=0.0, self.max_weight=0.08
single_methods
method_type='mean_cvar_sharpe' np.sum(weights)=1.000000 active=227 weights.shape=(227,)
self.is_all_methods=False, self.min_weight=0.0, self.max_weight=0.08
single_methods
method_type='mean_cvar_sharpe' np.sum(weights)=1.000000 active=227 weights.shape=(227,)
self.is_all_methods=False, self.min_weight=0.0, self.max_weight=0.08
single_methods
method_type='mean_cvar_sharpe' np.sum(weights)=1.000000 active=87 weights.shape=(227,)
self.is_all_methods=False, self.min_weight=0.0, self.max_weight=0.08
single_methods
method_type='mean_cvar_sharpe' np.sum(weights)=1.000000 active=87 weights.shape=(227,)
self.is_all_methods=False, self.min_weight=0.0, self.max_weight=0.08
single_methods
method_type='mean_cvar_sharpe' np.sum(weights)=1.000000 active=87 weights.shape=(227,)
self.is_all_methods=False, self.min_weight=0.0, self.max_weight=0.08
single_methods
method_type='mean_cvar_sharpe' np.sum(weights)=1.000000 active=221 weights.shape=(227,)
self.is_all_methods=False, self.min_weight=0.0, self.max_weight=0.08
single_methods
method_type='mean_cvar_sharpe' np.sum(weights)=1.000000 active=221 weights.shape=(227,)
self.is_all_methods=False, self.min_weight=0.0, self.max_weight=0.08
single_methods
method_type='mean_cvar_sharpe' np.sum(weights)=1.000000 active=221 weights.shape=(227,)
self.is_all_methods=False, self.min_weight=0.0, self.max_weight=0.08
single_methods
method_type='mean_cvar_sharpe' np.sum(weights)=1.000000 active=86 weights.shape=(227,)
self.is_all_methods=False, self.min_weight=0.0, self.max_weight=0.08
single_methods
method_type='mean_cvar_sharpe' np.sum(weights)=1.000000 active=86 weights.shape=(227,)
self.is_all_methods=False, self.min_weight=0.0, self.max_weight=0.08
single_methods
method_type='mean_cvar_sharpe' np.sum(weights)=1.000000 active=86 weights.shape=(227,)
self.is_all_methods=False, self.min_weight=0.0, self.max_weight=0.12
single_methods
method_type='mean_cvar_sharpe' np.sum(weights)=1.000000 active=105 weights.shape=(227,)
self.is_all_methods=False, self.min_weight=0.0, self.max_weight=0.12
single_methods
method_type='mean_cvar_sharpe' np.sum(weights)=1.000000 active=105 weights.shape=(227,)
self.is_all_methods=False, self.min_weight=0.0, self.max_weight=0.12
single_methods
method_type='mean_cvar_sharpe' np.sum(weights)=1.000000 active=105 weights.shape=(227,)
self.is_all_methods=False, self.min_weight=0.0, self.max_weight=0.12
single_methods
method_type='mean_cvar_sharpe' np.sum(weights)=1.000000 active=109 weights.shape=(227,)
self.is_all_methods=False, self.min_weight=0.0, self.max_weight=0.12
single_methods
method_type='mean_cvar_sharpe' np.sum(weights)=1.000000 active=109 weights.shape=(227,)
self.is_all_methods=False, self.min_weight=0.0, self.max_weight=0.12
single_methods
method_type='mean_cvar_sharpe' np.sum(weights)=1.000000 active=109 weights.shape=(227,)
self.is_all_methods=False, self.min_weight=0.0, self.max_weight=0.12
single_methods
method_type='mean_cvar_sharpe' np.sum(weights)=1.000000 active=102 weights.shape=(227,)
self.is_all_methods=False, self.min_weight=0.0, self.max_weight=0.12
single_methods
method_type='mean_cvar_sharpe' np.sum(weights)=1.000000 active=102 weights.shape=(227,)
self.is_all_methods=False, self.min_weight=0.0, self.max_weight=0.12
single_methods
method_type='mean_cvar_sharpe' np.sum(weights)=1.000000 active=102 weights.shape=(227,)
self.is_all_methods=False, self.min_weight=0.0, self.max_weight=0.12
single_methods
method_type='mean_cvar_sharpe' np.sum(weights)=1.000000 active=143 weights.shape=(227,)
self.is_all_methods=False, self.min_weight=0.0, self.max_weight=0.12
single_methods
method_type='mean_cvar_sharpe' np.sum(weights)=1.000000 active=143 weights.shape=(227,)
self.is_all_methods=False, self.min_weight=0.0, self.max_weight=0.12
single_methods
method_type='mean_cvar_sharpe' np.sum(weights)=1.000000 active=143 weights.shape=(227,)
1.0 2020-06-01 00:00:00 1254.5896282935446 0.037480576660466426 4.4696488065174213e-05 0.03748057666046645
PROGRESS	2020-06-01	227	87	0.03748057666046645	1254.5896282935446
Portfolio optimization with 16 month weight rebalancing 2020-05-01 00:00:00: : 17it [04:47, 15.07s/it]Portfolio optimization with 17 month weight rebalancing 2020-06-01 00:00:00: : 17it [04:47, 15.07s/it]self.is_all_methods=False, self.min_weight=0.0, self.max_weight=0.08
single_methods
[RC-LP] method_type='return_cvar_constraint' sum=1.0000 active=20
self.is_all_methods=False, self.min_weight=0.0, self.max_weight=0.08
single_methods
[RC-LP] method_type='return_cvar_constraint' sum=1.0000 active=19
self.is_all_methods=False, self.min_weight=0.0, self.max_weight=0.08
single_methods
[RC-LP] method_type='return_cvar_constraint' sum=1.0000 active=21
self.is_all_methods=False, self.min_weight=0.0, self.max_weight=0.08
single_methods
[RC-LP] method_type='return_cvar_constraint' sum=1.0000 active=19
self.is_all_methods=False, self.min_weight=0.0, self.max_weight=0.08
single_methods
[RC-LP] method_type='return_cvar_constraint' sum=1.0000 active=20
self.is_all_methods=False, self.min_weight=0.0, self.max_weight=0.08
single_methods
[RC-LP] method_type='return_cvar_constraint' sum=1.0000 active=21
self.is_all_methods=False, self.min_weight=0.0, self.max_weight=0.08
single_methods
[RC-LP] method_type='return_cvar_constraint' sum=1.0000 active=39
self.is_all_methods=False, self.min_weight=0.0, self.max_weight=0.08
single_methods
[RC-LP] method_type='return_cvar_constraint' sum=1.0000 active=35
self.is_all_methods=False, self.min_weight=0.0, self.max_weight=0.08
single_methods
[RC-LP] method_type='return_cvar_constraint' sum=1.0000 active=27
self.is_all_methods=False, self.min_weight=0.0, self.max_weight=0.08
single_methods
[RC-LP] method_type='return_cvar_constraint' sum=1.0000 active=41
self.is_all_methods=False, self.min_weight=0.0, self.max_weight=0.08
single_methods
[RC-LP] method_type='return_cvar_constraint' sum=1.0000 active=39
self.is_all_methods=False, self.min_weight=0.0, self.max_weight=0.08
single_methods
[RC-LP] method_type='return_cvar_constraint' sum=1.0000 active=31
self.is_all_methods=False, self.min_weight=0.0, self.max_weight=0.12
single_methods
[RC-LP] method_type='return_cvar_constraint' sum=1.0000 active=12
self.is_all_methods=False, self.min_weight=0.0, self.max_weight=0.12
single_methods
[RC-LP] method_type='return_cvar_constraint' sum=1.0000 active=12
self.is_all_methods=False, self.min_weight=0.0, self.max_weight=0.12
single_methods
[RC-LP] method_type='return_cvar_constraint' sum=1.0000 active=13
self.is_all_methods=False, self.min_weight=0.0, self.max_weight=0.12
single_methods
[RC-LP] method_type='return_cvar_constraint' sum=1.0000 active=17
self.is_all_methods=False, self.min_weight=0.0, self.max_weight=0.12
single_methods
[RC-LP] method_type='return_cvar_constraint' sum=1.0000 active=17
self.is_all_methods=False, self.min_weight=0.0, self.max_weight=0.12
single_methods
[RC-LP] method_type='return_cvar_constraint' sum=1.0000 active=14
self.is_all_methods=False, self.min_weight=0.0, self.max_weight=0.12
single_methods
[RC-LP] method_type='return_cvar_constraint' sum=1.0000 active=25
self.is_all_methods=False, self.min_weight=0.0, self.max_weight=0.12
single_methods
[RC-LP] method_type='return_cvar_constraint' sum=1.0000 active=26
self.is_all_methods=False, self.min_weight=0.0, self.max_weight=0.12
single_methods
[RC-LP] method_type='return_cvar_constraint' sum=1.0000 active=25
self.is_all_methods=False, self.min_weight=0.0, self.max_weight=0.12
single_methods
[RC-LP] method_type='return_cvar_constraint' sum=1.0000 active=23
self.is_all_methods=False, self.min_weight=0.0, self.max_weight=0.12
single_methods
[RC-LP] method_type='return_cvar_constraint' sum=1.0000 active=26
self.is_all_methods=False, self.min_weight=0.0, self.max_weight=0.12
single_methods
[RC-LP] method_type='return_cvar_constraint' sum=1.0000 active=25
self.is_all_methods=False, self.min_weight=0.0, self.max_weight=0.08
single_methods
method_type='mean_cvar_sharpe' np.sum(weights)=1.000000 active=172 weights.shape=(226,)
self.is_all_methods=False, self.min_weight=0.0, self.max_weight=0.08
single_methods
method_type='mean_cvar_sharpe' np.sum(weights)=1.000000 active=172 weights.shape=(226,)
self.is_all_methods=False, self.min_weight=0.0, self.max_weight=0.08
single_methods
method_type='mean_cvar_sharpe' np.sum(weights)=1.000000 active=172 weights.shape=(226,)
self.is_all_methods=False, self.min_weight=0.0, self.max_weight=0.08
single_methods
method_type='mean_cvar_sharpe' np.sum(weights)=1.000000 active=75 weights.shape=(226,)
self.is_all_methods=False, self.min_weight=0.0, self.max_weight=0.08
single_methods
method_type='mean_cvar_sharpe' np.sum(weights)=1.000000 active=75 weights.shape=(226,)
self.is_all_methods=False, self.min_weight=0.0, self.max_weight=0.08
single_methods
method_type='mean_cvar_sharpe' np.sum(weights)=1.000000 active=75 weights.shape=(226,)
self.is_all_methods=False, self.min_weight=0.0, self.max_weight=0.08
single_methods
method_type='mean_cvar_sharpe' np.sum(weights)=1.000000 active=74 weights.shape=(226,)
self.is_all_methods=False, self.min_weight=0.0, self.max_weight=0.08
single_methods
method_type='mean_cvar_sharpe' np.sum(weights)=1.000000 active=74 weights.shape=(226,)
self.is_all_methods=False, self.min_weight=0.0, self.max_weight=0.08
single_methods
method_type='mean_cvar_sharpe' np.sum(weights)=1.000000 active=74 weights.shape=(226,)
self.is_all_methods=False, self.min_weight=0.0, self.max_weight=0.08
single_methods
method_type='mean_cvar_sharpe' np.sum(weights)=1.000000 active=226 weights.shape=(226,)
self.is_all_methods=False, self.min_weight=0.0, self.max_weight=0.08
single_methods
method_type='mean_cvar_sharpe' np.sum(weights)=1.000000 active=226 weights.shape=(226,)
self.is_all_methods=False, self.min_weight=0.0, self.max_weight=0.08
single_methods
method_type='mean_cvar_sharpe' np.sum(weights)=1.000000 active=226 weights.shape=(226,)
self.is_all_methods=False, self.min_weight=0.0, self.max_weight=0.12
single_methods
method_type='mean_cvar_sharpe' np.sum(weights)=1.000000 active=146 weights.shape=(226,)
self.is_all_methods=False, self.min_weight=0.0, self.max_weight=0.12
single_methods
method_type='mean_cvar_sharpe' np.sum(weights)=1.000000 active=146 weights.shape=(226,)
self.is_all_methods=False, self.min_weight=0.0, self.max_weight=0.12
single_methods
method_type='mean_cvar_sharpe' np.sum(weights)=1.000000 active=146 weights.shape=(226,)
self.is_all_methods=False, self.min_weight=0.0, self.max_weight=0.12
single_methods
method_type='mean_cvar_sharpe' np.sum(weights)=1.000000 active=226 weights.shape=(226,)
self.is_all_methods=False, self.min_weight=0.0, self.max_weight=0.12
single_methods
method_type='mean_cvar_sharpe' np.sum(weights)=1.000000 active=226 weights.shape=(226,)
self.is_all_methods=False, self.min_weight=0.0, self.max_weight=0.12
single_methods
method_type='mean_cvar_sharpe' np.sum(weights)=1.000000 active=226 weights.shape=(226,)
self.is_all_methods=False, self.min_weight=0.0, self.max_weight=0.12
single_methods
method_type='mean_cvar_sharpe' np.sum(weights)=1.000000 active=93 weights.shape=(226,)
self.is_all_methods=False, self.min_weight=0.0, self.max_weight=0.12
single_methods
method_type='mean_cvar_sharpe' np.sum(weights)=1.000000 active=93 weights.shape=(226,)
self.is_all_methods=False, self.min_weight=0.0, self.max_weight=0.12
single_methods
method_type='mean_cvar_sharpe' np.sum(weights)=1.000000 active=93 weights.shape=(226,)
self.is_all_methods=False, self.min_weight=0.0, self.max_weight=0.12
single_methods
method_type='mean_cvar_sharpe' np.sum(weights)=1.000000 active=226 weights.shape=(226,)
self.is_all_methods=False, self.min_weight=0.0, self.max_weight=0.12
single_methods
method_type='mean_cvar_sharpe' np.sum(weights)=1.000000 active=226 weights.shape=(226,)
self.is_all_methods=False, self.min_weight=0.0, self.max_weight=0.12
single_methods
method_type='mean_cvar_sharpe' np.sum(weights)=1.000000 active=226 weights.shape=(226,)
1.0 2020-07-01 00:00:00 1266.6116058873326 0.009582398357732239 4.629944758303995e-05 0.009582398357732336
PROGRESS	2020-07-01	226	82	0.009582398357732336	1266.6116058873326
Portfolio optimization with 17 month weight rebalancing 2020-06-01 00:00:00: : 18it [04:58, 13.95s/it]Portfolio optimization with 18 month weight rebalancing 2020-07-01 00:00:00: : 18it [04:58, 13.95s/it]self.is_all_methods=False, self.min_weight=0.0, self.max_weight=0.08
single_methods
[RC-LP] method_type='return_cvar_constraint' sum=1.0000 active=20
self.is_all_methods=False, self.min_weight=0.0, self.max_weight=0.08
single_methods
[RC-LP] method_type='return_cvar_constraint' sum=1.0000 active=19
self.is_all_methods=False, self.min_weight=0.0, self.max_weight=0.08
single_methods
[RC-LP] method_type='return_cvar_constraint' sum=1.0000 active=20
self.is_all_methods=False, self.min_weight=0.0, self.max_weight=0.08
single_methods
[RC-LP] method_type='return_cvar_constraint' sum=1.0000 active=18
self.is_all_methods=False, self.min_weight=0.0, self.max_weight=0.08
single_methods
[RC-LP] method_type='return_cvar_constraint' sum=1.0000 active=17
self.is_all_methods=False, self.min_weight=0.0, self.max_weight=0.08
single_methods
[RC-LP] method_type='return_cvar_constraint' sum=1.0000 active=19
self.is_all_methods=False, self.min_weight=0.0, self.max_weight=0.08
single_methods
[RC-LP] method_type='return_cvar_constraint' sum=1.0000 active=41
self.is_all_methods=False, self.min_weight=0.0, self.max_weight=0.08
single_methods
[RC-LP] method_type='return_cvar_constraint' sum=1.0000 active=36
self.is_all_methods=False, self.min_weight=0.0, self.max_weight=0.08
single_methods
[RC-LP] method_type='return_cvar_constraint' sum=1.0000 active=37
self.is_all_methods=False, self.min_weight=0.0, self.max_weight=0.08
single_methods
[RC-LP] method_type='return_cvar_constraint' sum=1.0000 active=29
self.is_all_methods=False, self.min_weight=0.0, self.max_weight=0.08
single_methods
[RC-LP] method_type='return_cvar_constraint' sum=1.0000 active=27
self.is_all_methods=False, self.min_weight=0.0, self.max_weight=0.08
single_methods
[RC-LP] method_type='return_cvar_constraint' sum=1.0000 active=27
self.is_all_methods=False, self.min_weight=0.0, self.max_weight=0.12
single_methods
[RC-LP] method_type='return_cvar_constraint' sum=1.0000 active=19
self.is_all_methods=False, self.min_weight=0.0, self.max_weight=0.12
single_methods
[RC-LP] method_type='return_cvar_constraint' sum=1.0000 active=19
self.is_all_methods=False, self.min_weight=0.0, self.max_weight=0.12
single_methods
[RC-LP] method_type='return_cvar_constraint' sum=1.0000 active=17
self.is_all_methods=False, self.min_weight=0.0, self.max_weight=0.12
single_methods
[RC-LP] method_type='return_cvar_constraint' sum=1.0000 active=16
self.is_all_methods=False, self.min_weight=0.0, self.max_weight=0.12
single_methods
[RC-LP] method_type='return_cvar_constraint' sum=1.0000 active=15
self.is_all_methods=False, self.min_weight=0.0, self.max_weight=0.12
single_methods
[RC-LP] method_type='return_cvar_constraint' sum=1.0000 active=16
self.is_all_methods=False, self.min_weight=0.0, self.max_weight=0.12
single_methods
[RC-LP] method_type='return_cvar_constraint' sum=1.0000 active=31
self.is_all_methods=False, self.min_weight=0.0, self.max_weight=0.12
single_methods
[RC-LP] method_type='return_cvar_constraint' sum=1.0000 active=31
self.is_all_methods=False, self.min_weight=0.0, self.max_weight=0.12
single_methods
[RC-LP] method_type='return_cvar_constraint' sum=1.0000 active=25
self.is_all_methods=False, self.min_weight=0.0, self.max_weight=0.12
single_methods
[RC-LP] method_type='return_cvar_constraint' sum=1.0000 active=23
self.is_all_methods=False, self.min_weight=0.0, self.max_weight=0.12
single_methods
[RC-LP] method_type='return_cvar_constraint' sum=1.0000 active=20
self.is_all_methods=False, self.min_weight=0.0, self.max_weight=0.12
single_methods
[RC-LP] method_type='return_cvar_constraint' sum=1.0000 active=19
self.is_all_methods=False, self.min_weight=0.0, self.max_weight=0.08
single_methods
method_type='mean_cvar_sharpe' np.sum(weights)=1.000000 active=228 weights.shape=(229,)
self.is_all_methods=False, self.min_weight=0.0, self.max_weight=0.08
single_methods
method_type='mean_cvar_sharpe' np.sum(weights)=1.000000 active=228 weights.shape=(229,)
self.is_all_methods=False, self.min_weight=0.0, self.max_weight=0.08
single_methods
method_type='mean_cvar_sharpe' np.sum(weights)=1.000000 active=228 weights.shape=(229,)
self.is_all_methods=False, self.min_weight=0.0, self.max_weight=0.08
single_methods
method_type='mean_cvar_sharpe' np.sum(weights)=1.000000 active=228 weights.shape=(229,)
self.is_all_methods=False, self.min_weight=0.0, self.max_weight=0.08
single_methods
method_type='mean_cvar_sharpe' np.sum(weights)=1.000000 active=228 weights.shape=(229,)
self.is_all_methods=False, self.min_weight=0.0, self.max_weight=0.08
single_methods
method_type='mean_cvar_sharpe' np.sum(weights)=1.000000 active=228 weights.shape=(229,)
self.is_all_methods=False, self.min_weight=0.0, self.max_weight=0.08
single_methods
method_type='mean_cvar_sharpe' np.sum(weights)=1.000000 active=100 weights.shape=(229,)
self.is_all_methods=False, self.min_weight=0.0, self.max_weight=0.08
single_methods
method_type='mean_cvar_sharpe' np.sum(weights)=1.000000 active=100 weights.shape=(229,)
self.is_all_methods=False, self.min_weight=0.0, self.max_weight=0.08
single_methods
method_type='mean_cvar_sharpe' np.sum(weights)=1.000000 active=100 weights.shape=(229,)
self.is_all_methods=False, self.min_weight=0.0, self.max_weight=0.08
single_methods
method_type='mean_cvar_sharpe' np.sum(weights)=1.000000 active=107 weights.shape=(229,)
self.is_all_methods=False, self.min_weight=0.0, self.max_weight=0.08
single_methods
method_type='mean_cvar_sharpe' np.sum(weights)=1.000000 active=107 weights.shape=(229,)
self.is_all_methods=False, self.min_weight=0.0, self.max_weight=0.08
single_methods
method_type='mean_cvar_sharpe' np.sum(weights)=1.000000 active=107 weights.shape=(229,)
self.is_all_methods=False, self.min_weight=0.0, self.max_weight=0.12
single_methods
method_type='mean_cvar_sharpe' np.sum(weights)=1.000000 active=229 weights.shape=(229,)
self.is_all_methods=False, self.min_weight=0.0, self.max_weight=0.12
single_methods
method_type='mean_cvar_sharpe' np.sum(weights)=1.000000 active=229 weights.shape=(229,)
self.is_all_methods=False, self.min_weight=0.0, self.max_weight=0.12
single_methods
method_type='mean_cvar_sharpe' np.sum(weights)=1.000000 active=229 weights.shape=(229,)
self.is_all_methods=False, self.min_weight=0.0, self.max_weight=0.12
single_methods
method_type='mean_cvar_sharpe' np.sum(weights)=1.000000 active=228 weights.shape=(229,)
self.is_all_methods=False, self.min_weight=0.0, self.max_weight=0.12
single_methods
method_type='mean_cvar_sharpe' np.sum(weights)=1.000000 active=228 weights.shape=(229,)
self.is_all_methods=False, self.min_weight=0.0, self.max_weight=0.12
single_methods
method_type='mean_cvar_sharpe' np.sum(weights)=1.000000 active=228 weights.shape=(229,)
self.is_all_methods=False, self.min_weight=0.0, self.max_weight=0.12
single_methods
method_type='mean_cvar_sharpe' np.sum(weights)=1.000000 active=226 weights.shape=(229,)
self.is_all_methods=False, self.min_weight=0.0, self.max_weight=0.12
single_methods
method_type='mean_cvar_sharpe' np.sum(weights)=1.000000 active=226 weights.shape=(229,)
self.is_all_methods=False, self.min_weight=0.0, self.max_weight=0.12
single_methods
method_type='mean_cvar_sharpe' np.sum(weights)=1.000000 active=226 weights.shape=(229,)
self.is_all_methods=False, self.min_weight=0.0, self.max_weight=0.12
single_methods
method_type='mean_cvar_sharpe' np.sum(weights)=1.000000 active=229 weights.shape=(229,)
self.is_all_methods=False, self.min_weight=0.0, self.max_weight=0.12
single_methods
method_type='mean_cvar_sharpe' np.sum(weights)=1.000000 active=229 weights.shape=(229,)
self.is_all_methods=False, self.min_weight=0.0, self.max_weight=0.12
single_methods
method_type='mean_cvar_sharpe' np.sum(weights)=1.000000 active=229 weights.shape=(229,)
1.0 2020-08-03 00:00:00 1329.664023347289 0.049780388215995064 5.6540173063887356e-05 0.049780388215995064
PROGRESS	2020-08-03	229	80	0.049780388215995064	1329.664023347289
Portfolio optimization with 18 month weight rebalancing 2020-07-01 00:00:00: : 19it [05:10, 13.38s/it]Portfolio optimization with 19 month weight rebalancing 2020-08-03 00:00:00: : 19it [05:10, 13.38s/it]self.is_all_methods=False, self.min_weight=0.0, self.max_weight=0.08
single_methods
[RC-LP] method_type='return_cvar_constraint' sum=1.0000 active=27
self.is_all_methods=False, self.min_weight=0.0, self.max_weight=0.08
single_methods
[RC-LP] method_type='return_cvar_constraint' sum=1.0000 active=25
self.is_all_methods=False, self.min_weight=0.0, self.max_weight=0.08
single_methods
[RC-LP] method_type='return_cvar_constraint' sum=1.0000 active=19
self.is_all_methods=False, self.min_weight=0.0, self.max_weight=0.08
single_methods
[RC-LP] method_type='return_cvar_constraint' sum=1.0000 active=29
self.is_all_methods=False, self.min_weight=0.0, self.max_weight=0.08
single_methods
[RC-LP] method_type='return_cvar_constraint' sum=1.0000 active=29
self.is_all_methods=False, self.min_weight=0.0, self.max_weight=0.08
single_methods
[RC-LP] method_type='return_cvar_constraint' sum=1.0000 active=21
self.is_all_methods=False, self.min_weight=0.0, self.max_weight=0.08
single_methods
[RC-LP] method_type='return_cvar_constraint' sum=1.0000 active=42
self.is_all_methods=False, self.min_weight=0.0, self.max_weight=0.08
single_methods
[RC-LP] method_type='return_cvar_constraint' sum=1.0000 active=43
self.is_all_methods=False, self.min_weight=0.0, self.max_weight=0.08
single_methods
[RC-LP] method_type='return_cvar_constraint' sum=1.0000 active=36
self.is_all_methods=False, self.min_weight=0.0, self.max_weight=0.08
single_methods
[RC-LP] method_type='return_cvar_constraint' sum=1.0000 active=49
self.is_all_methods=False, self.min_weight=0.0, self.max_weight=0.08
single_methods
[RC-LP] method_type='return_cvar_constraint' sum=1.0000 active=43
self.is_all_methods=False, self.min_weight=0.0, self.max_weight=0.08
single_methods
[RC-LP] method_type='return_cvar_constraint' sum=1.0000 active=37
self.is_all_methods=False, self.min_weight=0.0, self.max_weight=0.12
single_methods
[RC-LP] method_type='return_cvar_constraint' sum=1.0000 active=22
self.is_all_methods=False, self.min_weight=0.0, self.max_weight=0.12
single_methods
[RC-LP] method_type='return_cvar_constraint' sum=1.0000 active=18
self.is_all_methods=False, self.min_weight=0.0, self.max_weight=0.12
single_methods
[RC-LP] method_type='return_cvar_constraint' sum=1.0000 active=11
self.is_all_methods=False, self.min_weight=0.0, self.max_weight=0.12
single_methods
[RC-LP] method_type='return_cvar_constraint' sum=1.0000 active=20
self.is_all_methods=False, self.min_weight=0.0, self.max_weight=0.12
single_methods
[RC-LP] method_type='return_cvar_constraint' sum=1.0000 active=16
self.is_all_methods=False, self.min_weight=0.0, self.max_weight=0.12
single_methods
[RC-LP] method_type='return_cvar_constraint' sum=1.0000 active=11
self.is_all_methods=False, self.min_weight=0.0, self.max_weight=0.12
single_methods
[RC-LP] method_type='return_cvar_constraint' sum=1.0000 active=37
self.is_all_methods=False, self.min_weight=0.0, self.max_weight=0.12
single_methods
[RC-LP] method_type='return_cvar_constraint' sum=1.0000 active=33
self.is_all_methods=False, self.min_weight=0.0, self.max_weight=0.12
single_methods
[RC-LP] method_type='return_cvar_constraint' sum=1.0000 active=31
self.is_all_methods=False, self.min_weight=0.0, self.max_weight=0.12
single_methods
[RC-LP] method_type='return_cvar_constraint' sum=1.0000 active=37
self.is_all_methods=False, self.min_weight=0.0, self.max_weight=0.12
single_methods
[RC-LP] method_type='return_cvar_constraint' sum=1.0000 active=38
self.is_all_methods=False, self.min_weight=0.0, self.max_weight=0.12
single_methods
[RC-LP] method_type='return_cvar_constraint' sum=1.0000 active=28
self.is_all_methods=False, self.min_weight=0.0, self.max_weight=0.08
single_methods
method_type='mean_cvar_sharpe' np.sum(weights)=1.000000 active=71 weights.shape=(231,)
self.is_all_methods=False, self.min_weight=0.0, self.max_weight=0.08
single_methods
method_type='mean_cvar_sharpe' np.sum(weights)=1.000000 active=71 weights.shape=(231,)
self.is_all_methods=False, self.min_weight=0.0, self.max_weight=0.08
single_methods
method_type='mean_cvar_sharpe' np.sum(weights)=1.000000 active=71 weights.shape=(231,)
self.is_all_methods=False, self.min_weight=0.0, self.max_weight=0.08
single_methods
method_type='mean_cvar_sharpe' np.sum(weights)=1.000000 active=67 weights.shape=(231,)
self.is_all_methods=False, self.min_weight=0.0, self.max_weight=0.08
single_methods
method_type='mean_cvar_sharpe' np.sum(weights)=1.000000 active=67 weights.shape=(231,)
self.is_all_methods=False, self.min_weight=0.0, self.max_weight=0.08
single_methods
method_type='mean_cvar_sharpe' np.sum(weights)=1.000000 active=67 weights.shape=(231,)
self.is_all_methods=False, self.min_weight=0.0, self.max_weight=0.08
single_methods
method_type='mean_cvar_sharpe' np.sum(weights)=1.000000 active=71 weights.shape=(231,)
self.is_all_methods=False, self.min_weight=0.0, self.max_weight=0.08
single_methods
method_type='mean_cvar_sharpe' np.sum(weights)=1.000000 active=71 weights.shape=(231,)
self.is_all_methods=False, self.min_weight=0.0, self.max_weight=0.08
single_methods
method_type='mean_cvar_sharpe' np.sum(weights)=1.000000 active=71 weights.shape=(231,)
self.is_all_methods=False, self.min_weight=0.0, self.max_weight=0.08
single_methods
method_type='mean_cvar_sharpe' np.sum(weights)=1.000000 active=67 weights.shape=(231,)
self.is_all_methods=False, self.min_weight=0.0, self.max_weight=0.08
single_methods
method_type='mean_cvar_sharpe' np.sum(weights)=1.000000 active=67 weights.shape=(231,)
self.is_all_methods=False, self.min_weight=0.0, self.max_weight=0.08
single_methods
method_type='mean_cvar_sharpe' np.sum(weights)=1.000000 active=67 weights.shape=(231,)
self.is_all_methods=False, self.min_weight=0.0, self.max_weight=0.12
single_methods
method_type='mean_cvar_sharpe' np.sum(weights)=1.000000 active=176 weights.shape=(231,)
self.is_all_methods=False, self.min_weight=0.0, self.max_weight=0.12
single_methods
method_type='mean_cvar_sharpe' np.sum(weights)=1.000000 active=176 weights.shape=(231,)
self.is_all_methods=False, self.min_weight=0.0, self.max_weight=0.12
single_methods
method_type='mean_cvar_sharpe' np.sum(weights)=1.000000 active=176 weights.shape=(231,)
self.is_all_methods=False, self.min_weight=0.0, self.max_weight=0.12
single_methods
method_type='mean_cvar_sharpe' np.sum(weights)=1.000000 active=172 weights.shape=(231,)
self.is_all_methods=False, self.min_weight=0.0, self.max_weight=0.12
single_methods
method_type='mean_cvar_sharpe' np.sum(weights)=1.000000 active=172 weights.shape=(231,)
self.is_all_methods=False, self.min_weight=0.0, self.max_weight=0.12
single_methods
method_type='mean_cvar_sharpe' np.sum(weights)=1.000000 active=172 weights.shape=(231,)
self.is_all_methods=False, self.min_weight=0.0, self.max_weight=0.12
single_methods
method_type='mean_cvar_sharpe' np.sum(weights)=1.000000 active=77 weights.shape=(231,)
self.is_all_methods=False, self.min_weight=0.0, self.max_weight=0.12
single_methods
method_type='mean_cvar_sharpe' np.sum(weights)=1.000000 active=77 weights.shape=(231,)
self.is_all_methods=False, self.min_weight=0.0, self.max_weight=0.12
single_methods
method_type='mean_cvar_sharpe' np.sum(weights)=1.000000 active=77 weights.shape=(231,)
self.is_all_methods=False, self.min_weight=0.0, self.max_weight=0.12
single_methods
method_type='mean_cvar_sharpe' np.sum(weights)=1.000000 active=170 weights.shape=(231,)
self.is_all_methods=False, self.min_weight=0.0, self.max_weight=0.12
single_methods
method_type='mean_cvar_sharpe' np.sum(weights)=1.000000 active=170 weights.shape=(231,)
self.is_all_methods=False, self.min_weight=0.0, self.max_weight=0.12
single_methods
method_type='mean_cvar_sharpe' np.sum(weights)=1.000000 active=170 weights.shape=(231,)
1.0 2020-09-01 00:00:00 1382.8867449453305 0.040027195339209835 0.00012195193843867583 0.04002719533920973
PROGRESS	2020-09-01	231	80	0.04002719533920973	1382.8867449453305
Portfolio optimization with 19 month weight rebalancing 2020-08-03 00:00:00: : 20it [05:21, 12.59s/it]Portfolio optimization with 20 month weight rebalancing 2020-09-01 00:00:00: : 20it [05:21, 12.59s/it]self.is_all_methods=False, self.min_weight=0.0, self.max_weight=0.08
single_methods
[RC-LP] method_type='return_cvar_constraint' sum=1.0000 active=26
self.is_all_methods=False, self.min_weight=0.0, self.max_weight=0.08
single_methods
[RC-LP] method_type='return_cvar_constraint' sum=1.0000 active=21
self.is_all_methods=False, self.min_weight=0.0, self.max_weight=0.08
single_methods
[RC-LP] method_type='return_cvar_constraint' sum=1.0000 active=16
self.is_all_methods=False, self.min_weight=0.0, self.max_weight=0.08
single_methods
[RC-LP] method_type='return_cvar_constraint' sum=1.0000 active=24
self.is_all_methods=False, self.min_weight=0.0, self.max_weight=0.08
single_methods
[RC-LP] method_type='return_cvar_constraint' sum=1.0000 active=18
self.is_all_methods=False, self.min_weight=0.0, self.max_weight=0.08
single_methods
[RC-LP] method_type='return_cvar_constraint' sum=1.0000 active=18
self.is_all_methods=False, self.min_weight=0.0, self.max_weight=0.08
single_methods
[RC-LP] method_type='return_cvar_constraint' sum=1.0000 active=46
self.is_all_methods=False, self.min_weight=0.0, self.max_weight=0.08
single_methods
[RC-LP] method_type='return_cvar_constraint' sum=1.0000 active=42
self.is_all_methods=False, self.min_weight=0.0, self.max_weight=0.08
single_methods
[RC-LP] method_type='return_cvar_constraint' sum=1.0000 active=39
self.is_all_methods=False, self.min_weight=0.0, self.max_weight=0.08
single_methods
[RC-LP] method_type='return_cvar_constraint' sum=1.0000 active=46
self.is_all_methods=False, self.min_weight=0.0, self.max_weight=0.08
single_methods
[RC-LP] method_type='return_cvar_constraint' sum=1.0000 active=39
self.is_all_methods=False, self.min_weight=0.0, self.max_weight=0.08
single_methods
[RC-LP] method_type='return_cvar_constraint' sum=1.0000 active=41
self.is_all_methods=False, self.min_weight=0.0, self.max_weight=0.12
single_methods
[RC-LP] method_type='return_cvar_constraint' sum=1.0000 active=15
self.is_all_methods=False, self.min_weight=0.0, self.max_weight=0.12
single_methods
[RC-LP] method_type='return_cvar_constraint' sum=1.0000 active=12
self.is_all_methods=False, self.min_weight=0.0, self.max_weight=0.12
single_methods
[RC-LP] method_type='return_cvar_constraint' sum=1.0000 active=13
self.is_all_methods=False, self.min_weight=0.0, self.max_weight=0.12
single_methods
[RC-LP] method_type='return_cvar_constraint' sum=1.0000 active=14
self.is_all_methods=False, self.min_weight=0.0, self.max_weight=0.12
single_methods
[RC-LP] method_type='return_cvar_constraint' sum=1.0000 active=14
self.is_all_methods=False, self.min_weight=0.0, self.max_weight=0.12
single_methods
[RC-LP] method_type='return_cvar_constraint' sum=1.0000 active=13
self.is_all_methods=False, self.min_weight=0.0, self.max_weight=0.12
single_methods
[RC-LP] method_type='return_cvar_constraint' sum=1.0000 active=28
self.is_all_methods=False, self.min_weight=0.0, self.max_weight=0.12
single_methods
[RC-LP] method_type='return_cvar_constraint' sum=1.0000 active=27
self.is_all_methods=False, self.min_weight=0.0, self.max_weight=0.12
single_methods
[RC-LP] method_type='return_cvar_constraint' sum=1.0000 active=27
self.is_all_methods=False, self.min_weight=0.0, self.max_weight=0.12
single_methods
[RC-LP] method_type='return_cvar_constraint' sum=1.0000 active=32
self.is_all_methods=False, self.min_weight=0.0, self.max_weight=0.12
single_methods
[RC-LP] method_type='return_cvar_constraint' sum=1.0000 active=31
self.is_all_methods=False, self.min_weight=0.0, self.max_weight=0.12
single_methods
[RC-LP] method_type='return_cvar_constraint' sum=1.0000 active=29
self.is_all_methods=False, self.min_weight=0.0, self.max_weight=0.08
single_methods
method_type='mean_cvar_sharpe' np.sum(weights)=1.000000 active=82 weights.shape=(231,)
self.is_all_methods=False, self.min_weight=0.0, self.max_weight=0.08
single_methods
method_type='mean_cvar_sharpe' np.sum(weights)=1.000000 active=82 weights.shape=(231,)
self.is_all_methods=False, self.min_weight=0.0, self.max_weight=0.08
single_methods
method_type='mean_cvar_sharpe' np.sum(weights)=1.000000 active=82 weights.shape=(231,)
self.is_all_methods=False, self.min_weight=0.0, self.max_weight=0.08
single_methods
method_type='mean_cvar_sharpe' np.sum(weights)=1.000000 active=164 weights.shape=(231,)
self.is_all_methods=False, self.min_weight=0.0, self.max_weight=0.08
single_methods
method_type='mean_cvar_sharpe' np.sum(weights)=1.000000 active=164 weights.shape=(231,)
self.is_all_methods=False, self.min_weight=0.0, self.max_weight=0.08
single_methods
method_type='mean_cvar_sharpe' np.sum(weights)=1.000000 active=164 weights.shape=(231,)
self.is_all_methods=False, self.min_weight=0.0, self.max_weight=0.08
single_methods
method_type='mean_cvar_sharpe' np.sum(weights)=1.000000 active=85 weights.shape=(231,)
self.is_all_methods=False, self.min_weight=0.0, self.max_weight=0.08
single_methods
method_type='mean_cvar_sharpe' np.sum(weights)=1.000000 active=85 weights.shape=(231,)
self.is_all_methods=False, self.min_weight=0.0, self.max_weight=0.08
single_methods
method_type='mean_cvar_sharpe' np.sum(weights)=1.000000 active=85 weights.shape=(231,)
self.is_all_methods=False, self.min_weight=0.0, self.max_weight=0.08
single_methods
method_type='mean_cvar_sharpe' np.sum(weights)=1.000000 active=88 weights.shape=(231,)
self.is_all_methods=False, self.min_weight=0.0, self.max_weight=0.08
single_methods
method_type='mean_cvar_sharpe' np.sum(weights)=1.000000 active=88 weights.shape=(231,)
self.is_all_methods=False, self.min_weight=0.0, self.max_weight=0.08
single_methods
method_type='mean_cvar_sharpe' np.sum(weights)=1.000000 active=88 weights.shape=(231,)
self.is_all_methods=False, self.min_weight=0.0, self.max_weight=0.12
single_methods
method_type='mean_cvar_sharpe' np.sum(weights)=1.000000 active=231 weights.shape=(231,)
self.is_all_methods=False, self.min_weight=0.0, self.max_weight=0.12
single_methods
method_type='mean_cvar_sharpe' np.sum(weights)=1.000000 active=231 weights.shape=(231,)
self.is_all_methods=False, self.min_weight=0.0, self.max_weight=0.12
single_methods
method_type='mean_cvar_sharpe' np.sum(weights)=1.000000 active=231 weights.shape=(231,)
self.is_all_methods=False, self.min_weight=0.0, self.max_weight=0.12
single_methods
method_type='mean_cvar_sharpe' np.sum(weights)=1.000000 active=145 weights.shape=(231,)
self.is_all_methods=False, self.min_weight=0.0, self.max_weight=0.12
single_methods
method_type='mean_cvar_sharpe' np.sum(weights)=1.000000 active=145 weights.shape=(231,)
self.is_all_methods=False, self.min_weight=0.0, self.max_weight=0.12
single_methods
method_type='mean_cvar_sharpe' np.sum(weights)=1.000000 active=145 weights.shape=(231,)
self.is_all_methods=False, self.min_weight=0.0, self.max_weight=0.12
single_methods
method_type='mean_cvar_sharpe' np.sum(weights)=1.000000 active=148 weights.shape=(231,)
self.is_all_methods=False, self.min_weight=0.0, self.max_weight=0.12
single_methods
method_type='mean_cvar_sharpe' np.sum(weights)=1.000000 active=148 weights.shape=(231,)
self.is_all_methods=False, self.min_weight=0.0, self.max_weight=0.12
single_methods
method_type='mean_cvar_sharpe' np.sum(weights)=1.000000 active=148 weights.shape=(231,)
self.is_all_methods=False, self.min_weight=0.0, self.max_weight=0.12
single_methods
method_type='mean_cvar_sharpe' np.sum(weights)=1.000000 active=99 weights.shape=(231,)
self.is_all_methods=False, self.min_weight=0.0, self.max_weight=0.12
single_methods
method_type='mean_cvar_sharpe' np.sum(weights)=1.000000 active=99 weights.shape=(231,)
self.is_all_methods=False, self.min_weight=0.0, self.max_weight=0.12
single_methods
method_type='mean_cvar_sharpe' np.sum(weights)=1.000000 active=99 weights.shape=(231,)
1.0 2020-10-01 00:00:00 1353.7144079913926 -0.021095246635754825 0.00019539063917243176 -0.021095246635754794
PROGRESS	2020-10-01	231	75	-0.021095246635754794	1353.7144079913926
Portfolio optimization with 20 month weight rebalancing 2020-09-01 00:00:00: : 21it [05:33, 12.28s/it]Portfolio optimization with 21 month weight rebalancing 2020-10-01 00:00:00: : 21it [05:33, 12.28s/it]self.is_all_methods=False, self.min_weight=0.0, self.max_weight=0.08
single_methods
[RC-LP] method_type='return_cvar_constraint' sum=1.0000 active=27
self.is_all_methods=False, self.min_weight=0.0, self.max_weight=0.08
single_methods
[RC-LP] method_type='return_cvar_constraint' sum=1.0000 active=26
self.is_all_methods=False, self.min_weight=0.0, self.max_weight=0.08
single_methods
[RC-LP] method_type='return_cvar_constraint' sum=1.0000 active=28
self.is_all_methods=False, self.min_weight=0.0, self.max_weight=0.08
single_methods
[RC-LP] method_type='return_cvar_constraint' sum=1.0000 active=28
self.is_all_methods=False, self.min_weight=0.0, self.max_weight=0.08
single_methods
[RC-LP] method_type='return_cvar_constraint' sum=1.0000 active=26
self.is_all_methods=False, self.min_weight=0.0, self.max_weight=0.08
single_methods
[RC-LP] method_type='return_cvar_constraint' sum=1.0000 active=27
self.is_all_methods=False, self.min_weight=0.0, self.max_weight=0.08
single_methods
[RC-LP] method_type='return_cvar_constraint' sum=1.0000 active=51
self.is_all_methods=False, self.min_weight=0.0, self.max_weight=0.08
single_methods
[RC-LP] method_type='return_cvar_constraint' sum=1.0000 active=52
self.is_all_methods=False, self.min_weight=0.0, self.max_weight=0.08
single_methods
[RC-LP] method_type='return_cvar_constraint' sum=1.0000 active=51
self.is_all_methods=False, self.min_weight=0.0, self.max_weight=0.08
single_methods
[RC-LP] method_type='return_cvar_constraint' sum=1.0000 active=51
self.is_all_methods=False, self.min_weight=0.0, self.max_weight=0.08
single_methods
[RC-LP] method_type='return_cvar_constraint' sum=1.0000 active=50
self.is_all_methods=False, self.min_weight=0.0, self.max_weight=0.08
single_methods
[RC-LP] method_type='return_cvar_constraint' sum=1.0000 active=51
self.is_all_methods=False, self.min_weight=0.0, self.max_weight=0.12
single_methods
[RC-LP] method_type='return_cvar_constraint' sum=1.0000 active=21
self.is_all_methods=False, self.min_weight=0.0, self.max_weight=0.12
single_methods
[RC-LP] method_type='return_cvar_constraint' sum=1.0000 active=24
self.is_all_methods=False, self.min_weight=0.0, self.max_weight=0.12
single_methods
[RC-LP] method_type='return_cvar_constraint' sum=1.0000 active=24
self.is_all_methods=False, self.min_weight=0.0, self.max_weight=0.12
single_methods
[RC-LP] method_type='return_cvar_constraint' sum=1.0000 active=22
self.is_all_methods=False, self.min_weight=0.0, self.max_weight=0.12
single_methods
[RC-LP] method_type='return_cvar_constraint' sum=1.0000 active=24
self.is_all_methods=False, self.min_weight=0.0, self.max_weight=0.12
single_methods
[RC-LP] method_type='return_cvar_constraint' sum=1.0000 active=21
self.is_all_methods=False, self.min_weight=0.0, self.max_weight=0.12
single_methods
[RC-LP] method_type='return_cvar_constraint' sum=1.0000 active=37
self.is_all_methods=False, self.min_weight=0.0, self.max_weight=0.12
single_methods
[RC-LP] method_type='return_cvar_constraint' sum=1.0000 active=39
self.is_all_methods=False, self.min_weight=0.0, self.max_weight=0.12
single_methods
[RC-LP] method_type='return_cvar_constraint' sum=1.0000 active=40
self.is_all_methods=False, self.min_weight=0.0, self.max_weight=0.12
single_methods
[RC-LP] method_type='return_cvar_constraint' sum=1.0000 active=38
self.is_all_methods=False, self.min_weight=0.0, self.max_weight=0.12
single_methods
[RC-LP] method_type='return_cvar_constraint' sum=1.0000 active=38
self.is_all_methods=False, self.min_weight=0.0, self.max_weight=0.12
single_methods
[RC-LP] method_type='return_cvar_constraint' sum=1.0000 active=37
self.is_all_methods=False, self.min_weight=0.0, self.max_weight=0.08
single_methods
method_type='mean_cvar_sharpe' np.sum(weights)=1.000000 active=94 weights.shape=(230,)
self.is_all_methods=False, self.min_weight=0.0, self.max_weight=0.08
single_methods
method_type='mean_cvar_sharpe' np.sum(weights)=1.000000 active=94 weights.shape=(230,)
self.is_all_methods=False, self.min_weight=0.0, self.max_weight=0.08
single_methods
method_type='mean_cvar_sharpe' np.sum(weights)=1.000000 active=94 weights.shape=(230,)
self.is_all_methods=False, self.min_weight=0.0, self.max_weight=0.08
single_methods
method_type='mean_cvar_sharpe' np.sum(weights)=1.000000 active=230 weights.shape=(230,)
self.is_all_methods=False, self.min_weight=0.0, self.max_weight=0.08
single_methods
method_type='mean_cvar_sharpe' np.sum(weights)=1.000000 active=230 weights.shape=(230,)
self.is_all_methods=False, self.min_weight=0.0, self.max_weight=0.08
single_methods
method_type='mean_cvar_sharpe' np.sum(weights)=1.000000 active=230 weights.shape=(230,)
self.is_all_methods=False, self.min_weight=0.0, self.max_weight=0.08
single_methods
method_type='mean_cvar_sharpe' np.sum(weights)=1.000000 active=152 weights.shape=(230,)
self.is_all_methods=False, self.min_weight=0.0, self.max_weight=0.08
single_methods
method_type='mean_cvar_sharpe' np.sum(weights)=1.000000 active=152 weights.shape=(230,)
self.is_all_methods=False, self.min_weight=0.0, self.max_weight=0.08
single_methods
method_type='mean_cvar_sharpe' np.sum(weights)=1.000000 active=152 weights.shape=(230,)
self.is_all_methods=False, self.min_weight=0.0, self.max_weight=0.08
single_methods
method_type='mean_cvar_sharpe' np.sum(weights)=1.000000 active=96 weights.shape=(230,)
self.is_all_methods=False, self.min_weight=0.0, self.max_weight=0.08
single_methods
method_type='mean_cvar_sharpe' np.sum(weights)=1.000000 active=96 weights.shape=(230,)
self.is_all_methods=False, self.min_weight=0.0, self.max_weight=0.08
single_methods
method_type='mean_cvar_sharpe' np.sum(weights)=1.000000 active=96 weights.shape=(230,)
self.is_all_methods=False, self.min_weight=0.0, self.max_weight=0.12
single_methods
method_type='mean_cvar_sharpe' np.sum(weights)=1.000000 active=155 weights.shape=(230,)
self.is_all_methods=False, self.min_weight=0.0, self.max_weight=0.12
single_methods
method_type='mean_cvar_sharpe' np.sum(weights)=1.000000 active=155 weights.shape=(230,)
self.is_all_methods=False, self.min_weight=0.0, self.max_weight=0.12
single_methods
method_type='mean_cvar_sharpe' np.sum(weights)=1.000000 active=155 weights.shape=(230,)
self.is_all_methods=False, self.min_weight=0.0, self.max_weight=0.12
single_methods
method_type='mean_cvar_sharpe' np.sum(weights)=1.000000 active=92 weights.shape=(230,)
self.is_all_methods=False, self.min_weight=0.0, self.max_weight=0.12
single_methods
method_type='mean_cvar_sharpe' np.sum(weights)=1.000000 active=92 weights.shape=(230,)
self.is_all_methods=False, self.min_weight=0.0, self.max_weight=0.12
single_methods
method_type='mean_cvar_sharpe' np.sum(weights)=1.000000 active=92 weights.shape=(230,)
self.is_all_methods=False, self.min_weight=0.0, self.max_weight=0.12
single_methods
method_type='mean_cvar_sharpe' np.sum(weights)=1.000000 active=154 weights.shape=(230,)
self.is_all_methods=False, self.min_weight=0.0, self.max_weight=0.12
single_methods
method_type='mean_cvar_sharpe' np.sum(weights)=1.000000 active=154 weights.shape=(230,)
self.is_all_methods=False, self.min_weight=0.0, self.max_weight=0.12
single_methods
method_type='mean_cvar_sharpe' np.sum(weights)=1.000000 active=154 weights.shape=(230,)
self.is_all_methods=False, self.min_weight=0.0, self.max_weight=0.12
single_methods
method_type='mean_cvar_sharpe' np.sum(weights)=1.000000 active=157 weights.shape=(230,)
self.is_all_methods=False, self.min_weight=0.0, self.max_weight=0.12
single_methods
method_type='mean_cvar_sharpe' np.sum(weights)=1.000000 active=157 weights.shape=(230,)
self.is_all_methods=False, self.min_weight=0.0, self.max_weight=0.12
single_methods
method_type='mean_cvar_sharpe' np.sum(weights)=1.000000 active=157 weights.shape=(230,)
0.5 2020-11-02 00:00:00 1336.4573401459206 -0.012747938371342039 9.4732881494542e-05 -0.012747938371342027
PROGRESS	2020-11-02	230	70	-0.012747938371342027	1336.4573401459206
Portfolio optimization with 21 month weight rebalancing 2020-10-01 00:00:00: : 22it [05:44, 12.06s/it]Portfolio optimization with 22 month weight rebalancing 2020-11-02 00:00:00: : 22it [05:44, 12.06s/it]self.is_all_methods=False, self.min_weight=0.0, self.max_weight=0.08
single_methods
[RC-LP] method_type='return_cvar_constraint' sum=1.0000 active=25
self.is_all_methods=False, self.min_weight=0.0, self.max_weight=0.08
single_methods
[RC-LP] method_type='return_cvar_constraint' sum=1.0000 active=27
self.is_all_methods=False, self.min_weight=0.0, self.max_weight=0.08
single_methods
[RC-LP] method_type='return_cvar_constraint' sum=1.0000 active=20
self.is_all_methods=False, self.min_weight=0.0, self.max_weight=0.08
single_methods
[RC-LP] method_type='return_cvar_constraint' sum=1.0000 active=27
self.is_all_methods=False, self.min_weight=0.0, self.max_weight=0.08
single_methods
[RC-LP] method_type='return_cvar_constraint' sum=1.0000 active=25
self.is_all_methods=False, self.min_weight=0.0, self.max_weight=0.08
single_methods
[RC-LP] method_type='return_cvar_constraint' sum=1.0000 active=25
self.is_all_methods=False, self.min_weight=0.0, self.max_weight=0.08
single_methods
[RC-LP] method_type='return_cvar_constraint' sum=1.0000 active=47
self.is_all_methods=False, self.min_weight=0.0, self.max_weight=0.08
single_methods
[RC-LP] method_type='return_cvar_constraint' sum=1.0000 active=48
self.is_all_methods=False, self.min_weight=0.0, self.max_weight=0.08
single_methods
[RC-LP] method_type='return_cvar_constraint' sum=1.0000 active=51
self.is_all_methods=False, self.min_weight=0.0, self.max_weight=0.08
single_methods
[RC-LP] method_type='return_cvar_constraint' sum=1.0000 active=51
self.is_all_methods=False, self.min_weight=0.0, self.max_weight=0.08
single_methods
[RC-LP] method_type='return_cvar_constraint' sum=1.0000 active=51
self.is_all_methods=False, self.min_weight=0.0, self.max_weight=0.08
single_methods
[RC-LP] method_type='return_cvar_constraint' sum=1.0000 active=52
self.is_all_methods=False, self.min_weight=0.0, self.max_weight=0.12
single_methods
[RC-LP] method_type='return_cvar_constraint' sum=1.0000 active=15
self.is_all_methods=False, self.min_weight=0.0, self.max_weight=0.12
single_methods
[RC-LP] method_type='return_cvar_constraint' sum=1.0000 active=10
self.is_all_methods=False, self.min_weight=0.0, self.max_weight=0.12
single_methods
[RC-LP] method_type='return_cvar_constraint' sum=1.0000 active=9
self.is_all_methods=False, self.min_weight=0.0, self.max_weight=0.12
single_methods
[RC-LP] method_type='return_cvar_constraint' sum=1.0000 active=20
self.is_all_methods=False, self.min_weight=0.0, self.max_weight=0.12
single_methods
[RC-LP] method_type='return_cvar_constraint' sum=1.0000 active=20
self.is_all_methods=False, self.min_weight=0.0, self.max_weight=0.12
single_methods
[RC-LP] method_type='return_cvar_constraint' sum=1.0000 active=9
self.is_all_methods=False, self.min_weight=0.0, self.max_weight=0.12
single_methods
[RC-LP] method_type='return_cvar_constraint' sum=1.0000 active=34
self.is_all_methods=False, self.min_weight=0.0, self.max_weight=0.12
single_methods
[RC-LP] method_type='return_cvar_constraint' sum=1.0000 active=31
self.is_all_methods=False, self.min_weight=0.0, self.max_weight=0.12
single_methods
[RC-LP] method_type='return_cvar_constraint' sum=1.0000 active=31
self.is_all_methods=False, self.min_weight=0.0, self.max_weight=0.12
single_methods
[RC-LP] method_type='return_cvar_constraint' sum=1.0000 active=40
self.is_all_methods=False, self.min_weight=0.0, self.max_weight=0.12
single_methods
[RC-LP] method_type='return_cvar_constraint' sum=1.0000 active=32
self.is_all_methods=False, self.min_weight=0.0, self.max_weight=0.12
single_methods
[RC-LP] method_type='return_cvar_constraint' sum=1.0000 active=32
self.is_all_methods=False, self.min_weight=0.0, self.max_weight=0.08
single_methods
method_type='mean_cvar_sharpe' np.sum(weights)=1.000000 active=167 weights.shape=(230,)
self.is_all_methods=False, self.min_weight=0.0, self.max_weight=0.08
single_methods
method_type='mean_cvar_sharpe' np.sum(weights)=1.000000 active=167 weights.shape=(230,)
self.is_all_methods=False, self.min_weight=0.0, self.max_weight=0.08
single_methods
method_type='mean_cvar_sharpe' np.sum(weights)=1.000000 active=167 weights.shape=(230,)
self.is_all_methods=False, self.min_weight=0.0, self.max_weight=0.08
single_methods
method_type='mean_cvar_sharpe' np.sum(weights)=1.000000 active=76 weights.shape=(230,)
self.is_all_methods=False, self.min_weight=0.0, self.max_weight=0.08
single_methods
method_type='mean_cvar_sharpe' np.sum(weights)=1.000000 active=76 weights.shape=(230,)
self.is_all_methods=False, self.min_weight=0.0, self.max_weight=0.08
single_methods
method_type='mean_cvar_sharpe' np.sum(weights)=1.000000 active=76 weights.shape=(230,)
self.is_all_methods=False, self.min_weight=0.0, self.max_weight=0.08
single_methods
method_type='mean_cvar_sharpe' np.sum(weights)=1.000000 active=230 weights.shape=(230,)
self.is_all_methods=False, self.min_weight=0.0, self.max_weight=0.08
single_methods
method_type='mean_cvar_sharpe' np.sum(weights)=1.000000 active=230 weights.shape=(230,)
self.is_all_methods=False, self.min_weight=0.0, self.max_weight=0.08
single_methods
method_type='mean_cvar_sharpe' np.sum(weights)=1.000000 active=230 weights.shape=(230,)
self.is_all_methods=False, self.min_weight=0.0, self.max_weight=0.08
single_methods
method_type='mean_cvar_sharpe' np.sum(weights)=1.000000 active=169 weights.shape=(230,)
self.is_all_methods=False, self.min_weight=0.0, self.max_weight=0.08
single_methods
method_type='mean_cvar_sharpe' np.sum(weights)=1.000000 active=169 weights.shape=(230,)
self.is_all_methods=False, self.min_weight=0.0, self.max_weight=0.08
single_methods
method_type='mean_cvar_sharpe' np.sum(weights)=1.000000 active=169 weights.shape=(230,)
self.is_all_methods=False, self.min_weight=0.0, self.max_weight=0.12
single_methods
method_type='mean_cvar_sharpe' np.sum(weights)=1.000000 active=79 weights.shape=(230,)
self.is_all_methods=False, self.min_weight=0.0, self.max_weight=0.12
single_methods
method_type='mean_cvar_sharpe' np.sum(weights)=1.000000 active=79 weights.shape=(230,)
self.is_all_methods=False, self.min_weight=0.0, self.max_weight=0.12
single_methods
method_type='mean_cvar_sharpe' np.sum(weights)=1.000000 active=79 weights.shape=(230,)
self.is_all_methods=False, self.min_weight=0.0, self.max_weight=0.12
single_methods
method_type='mean_cvar_sharpe' np.sum(weights)=1.000000 active=80 weights.shape=(230,)
self.is_all_methods=False, self.min_weight=0.0, self.max_weight=0.12
single_methods
method_type='mean_cvar_sharpe' np.sum(weights)=1.000000 active=80 weights.shape=(230,)
self.is_all_methods=False, self.min_weight=0.0, self.max_weight=0.12
single_methods
method_type='mean_cvar_sharpe' np.sum(weights)=1.000000 active=80 weights.shape=(230,)
self.is_all_methods=False, self.min_weight=0.0, self.max_weight=0.12
single_methods
method_type='mean_cvar_sharpe' np.sum(weights)=1.000000 active=157 weights.shape=(230,)
self.is_all_methods=False, self.min_weight=0.0, self.max_weight=0.12
single_methods
method_type='mean_cvar_sharpe' np.sum(weights)=1.000000 active=157 weights.shape=(230,)
self.is_all_methods=False, self.min_weight=0.0, self.max_weight=0.12
single_methods
method_type='mean_cvar_sharpe' np.sum(weights)=1.000000 active=157 weights.shape=(230,)
self.is_all_methods=False, self.min_weight=0.0, self.max_weight=0.12
single_methods
method_type='mean_cvar_sharpe' np.sum(weights)=1.000000 active=165 weights.shape=(230,)
self.is_all_methods=False, self.min_weight=0.0, self.max_weight=0.12
single_methods
method_type='mean_cvar_sharpe' np.sum(weights)=1.000000 active=165 weights.shape=(230,)
self.is_all_methods=False, self.min_weight=0.0, self.max_weight=0.12
single_methods
method_type='mean_cvar_sharpe' np.sum(weights)=1.000000 active=165 weights.shape=(230,)
0.75 2020-12-01 00:00:00 1418.3274008033347 0.06125901530719668 7.63335839472133e-05 0.061259015307196574
PROGRESS	2020-12-01	230	72	0.061259015307196574	1418.3274008033347
Portfolio optimization with 22 month weight rebalancing 2020-11-02 00:00:00: : 23it [05:56, 11.96s/it]Portfolio optimization with 23 month weight rebalancing 2020-12-01 00:00:00: : 23it [05:56, 11.96s/it]self.is_all_methods=False, self.min_weight=0.0, self.max_weight=0.08
single_methods
[RC-LP] method_type='return_cvar_constraint' sum=1.0000 active=31
self.is_all_methods=False, self.min_weight=0.0, self.max_weight=0.08
single_methods
[RC-LP] method_type='return_cvar_constraint' sum=1.0000 active=29
self.is_all_methods=False, self.min_weight=0.0, self.max_weight=0.08
single_methods
[RC-LP] method_type='return_cvar_constraint' sum=1.0000 active=22
self.is_all_methods=False, self.min_weight=0.0, self.max_weight=0.08
single_methods
[RC-LP] method_type='return_cvar_constraint' sum=1.0000 active=29
self.is_all_methods=False, self.min_weight=0.0, self.max_weight=0.08
single_methods
[RC-LP] method_type='return_cvar_constraint' sum=1.0000 active=29
self.is_all_methods=False, self.min_weight=0.0, self.max_weight=0.08
single_methods
[RC-LP] method_type='return_cvar_constraint' sum=1.0000 active=27
self.is_all_methods=False, self.min_weight=0.0, self.max_weight=0.08
single_methods
[RC-LP] method_type='return_cvar_constraint' sum=1.0000 active=47
self.is_all_methods=False, self.min_weight=0.0, self.max_weight=0.08
single_methods
[RC-LP] method_type='return_cvar_constraint' sum=1.0000 active=43
self.is_all_methods=False, self.min_weight=0.0, self.max_weight=0.08
single_methods
[RC-LP] method_type='return_cvar_constraint' sum=1.0000 active=48
self.is_all_methods=False, self.min_weight=0.0, self.max_weight=0.08
single_methods
[RC-LP] method_type='return_cvar_constraint' sum=1.0000 active=51
self.is_all_methods=False, self.min_weight=0.0, self.max_weight=0.08
single_methods
[RC-LP] method_type='return_cvar_constraint' sum=1.0000 active=46
self.is_all_methods=False, self.min_weight=0.0, self.max_weight=0.08
single_methods
[RC-LP] method_type='return_cvar_constraint' sum=1.0000 active=46
self.is_all_methods=False, self.min_weight=0.0, self.max_weight=0.12
single_methods
[RC-LP] method_type='return_cvar_constraint' sum=1.0000 active=20
self.is_all_methods=False, self.min_weight=0.0, self.max_weight=0.12
single_methods
[RC-LP] method_type='return_cvar_constraint' sum=1.0000 active=12
self.is_all_methods=False, self.min_weight=0.0, self.max_weight=0.12
single_methods
[RC-LP] method_type='return_cvar_constraint' sum=1.0000 active=12
self.is_all_methods=False, self.min_weight=0.0, self.max_weight=0.12
single_methods
[RC-LP] method_type='return_cvar_constraint' sum=1.0000 active=26
self.is_all_methods=False, self.min_weight=0.0, self.max_weight=0.12
single_methods
[RC-LP] method_type='return_cvar_constraint' sum=1.0000 active=15
self.is_all_methods=False, self.min_weight=0.0, self.max_weight=0.12
single_methods
[RC-LP] method_type='return_cvar_constraint' sum=1.0000 active=13
self.is_all_methods=False, self.min_weight=0.0, self.max_weight=0.12
single_methods
[RC-LP] method_type='return_cvar_constraint' sum=1.0000 active=37
self.is_all_methods=False, self.min_weight=0.0, self.max_weight=0.12
single_methods
[RC-LP] method_type='return_cvar_constraint' sum=1.0000 active=37
self.is_all_methods=False, self.min_weight=0.0, self.max_weight=0.12
single_methods
[RC-LP] method_type='return_cvar_constraint' sum=1.0000 active=32
self.is_all_methods=False, self.min_weight=0.0, self.max_weight=0.12
single_methods
[RC-LP] method_type='return_cvar_constraint' sum=1.0000 active=40
self.is_all_methods=False, self.min_weight=0.0, self.max_weight=0.12
single_methods
[RC-LP] method_type='return_cvar_constraint' sum=1.0000 active=40
self.is_all_methods=False, self.min_weight=0.0, self.max_weight=0.12
single_methods
[RC-LP] method_type='return_cvar_constraint' sum=1.0000 active=32
self.is_all_methods=False, self.min_weight=0.0, self.max_weight=0.08
single_methods
method_type='mean_cvar_sharpe' np.sum(weights)=1.000000 active=67 weights.shape=(231,)
self.is_all_methods=False, self.min_weight=0.0, self.max_weight=0.08
single_methods
method_type='mean_cvar_sharpe' np.sum(weights)=1.000000 active=67 weights.shape=(231,)
self.is_all_methods=False, self.min_weight=0.0, self.max_weight=0.08
single_methods
method_type='mean_cvar_sharpe' np.sum(weights)=1.000000 active=67 weights.shape=(231,)
self.is_all_methods=False, self.min_weight=0.0, self.max_weight=0.08
single_methods
method_type='mean_cvar_sharpe' np.sum(weights)=1.000000 active=181 weights.shape=(231,)
self.is_all_methods=False, self.min_weight=0.0, self.max_weight=0.08
single_methods
method_type='mean_cvar_sharpe' np.sum(weights)=1.000000 active=181 weights.shape=(231,)
self.is_all_methods=False, self.min_weight=0.0, self.max_weight=0.08
single_methods
method_type='mean_cvar_sharpe' np.sum(weights)=1.000000 active=181 weights.shape=(231,)
self.is_all_methods=False, self.min_weight=0.0, self.max_weight=0.08
single_methods
method_type='mean_cvar_sharpe' np.sum(weights)=1.000000 active=186 weights.shape=(231,)
self.is_all_methods=False, self.min_weight=0.0, self.max_weight=0.08
single_methods
method_type='mean_cvar_sharpe' np.sum(weights)=1.000000 active=186 weights.shape=(231,)
self.is_all_methods=False, self.min_weight=0.0, self.max_weight=0.08
single_methods
method_type='mean_cvar_sharpe' np.sum(weights)=1.000000 active=186 weights.shape=(231,)
self.is_all_methods=False, self.min_weight=0.0, self.max_weight=0.08
single_methods
method_type='mean_cvar_sharpe' np.sum(weights)=1.000000 active=181 weights.shape=(231,)
self.is_all_methods=False, self.min_weight=0.0, self.max_weight=0.08
single_methods
method_type='mean_cvar_sharpe' np.sum(weights)=1.000000 active=181 weights.shape=(231,)
self.is_all_methods=False, self.min_weight=0.0, self.max_weight=0.08
single_methods
method_type='mean_cvar_sharpe' np.sum(weights)=1.000000 active=181 weights.shape=(231,)
self.is_all_methods=False, self.min_weight=0.0, self.max_weight=0.12
single_methods
method_type='mean_cvar_sharpe' np.sum(weights)=1.000000 active=74 weights.shape=(231,)
self.is_all_methods=False, self.min_weight=0.0, self.max_weight=0.12
single_methods
method_type='mean_cvar_sharpe' np.sum(weights)=1.000000 active=74 weights.shape=(231,)
self.is_all_methods=False, self.min_weight=0.0, self.max_weight=0.12
single_methods
method_type='mean_cvar_sharpe' np.sum(weights)=1.000000 active=74 weights.shape=(231,)
self.is_all_methods=False, self.min_weight=0.0, self.max_weight=0.12
single_methods
method_type='mean_cvar_sharpe' np.sum(weights)=1.000000 active=231 weights.shape=(231,)
self.is_all_methods=False, self.min_weight=0.0, self.max_weight=0.12
single_methods
method_type='mean_cvar_sharpe' np.sum(weights)=1.000000 active=231 weights.shape=(231,)
self.is_all_methods=False, self.min_weight=0.0, self.max_weight=0.12
single_methods
method_type='mean_cvar_sharpe' np.sum(weights)=1.000000 active=231 weights.shape=(231,)
self.is_all_methods=False, self.min_weight=0.0, self.max_weight=0.12
single_methods
method_type='mean_cvar_sharpe' np.sum(weights)=1.000000 active=231 weights.shape=(231,)
self.is_all_methods=False, self.min_weight=0.0, self.max_weight=0.12
single_methods
method_type='mean_cvar_sharpe' np.sum(weights)=1.000000 active=231 weights.shape=(231,)
self.is_all_methods=False, self.min_weight=0.0, self.max_weight=0.12
single_methods
method_type='mean_cvar_sharpe' np.sum(weights)=1.000000 active=231 weights.shape=(231,)
self.is_all_methods=False, self.min_weight=0.0, self.max_weight=0.12
single_methods
method_type='mean_cvar_sharpe' np.sum(weights)=1.000000 active=74 weights.shape=(231,)
self.is_all_methods=False, self.min_weight=0.0, self.max_weight=0.12
single_methods
method_type='mean_cvar_sharpe' np.sum(weights)=1.000000 active=74 weights.shape=(231,)
self.is_all_methods=False, self.min_weight=0.0, self.max_weight=0.12
single_methods
method_type='mean_cvar_sharpe' np.sum(weights)=1.000000 active=74 weights.shape=(231,)
1.0 2021-01-04 00:00:00 1459.4684983248421 0.029006770579349497 6.510660522999123e-05 0.029006770579349528
PROGRESS	2021-01-04	231	72	0.029006770579349528	1459.4684983248421
Portfolio optimization with 23 month weight rebalancing 2020-12-01 00:00:00: : 24it [06:09, 12.40s/it]Portfolio optimization with 24 month weight rebalancing 2021-01-04 00:00:00: : 24it [06:09, 12.40s/it]self.is_all_methods=False, self.min_weight=0.0, self.max_weight=0.08
single_methods
[RC-LP] method_type='return_cvar_constraint' sum=1.0000 active=29
self.is_all_methods=False, self.min_weight=0.0, self.max_weight=0.08
single_methods
[RC-LP] method_type='return_cvar_constraint' sum=1.0000 active=27
self.is_all_methods=False, self.min_weight=0.0, self.max_weight=0.08
single_methods
[RC-LP] method_type='return_cvar_constraint' sum=1.0000 active=27
self.is_all_methods=False, self.min_weight=0.0, self.max_weight=0.08
single_methods
[RC-LP] method_type='return_cvar_constraint' sum=1.0000 active=25
self.is_all_methods=False, self.min_weight=0.0, self.max_weight=0.08
single_methods
[RC-LP] method_type='return_cvar_constraint' sum=1.0000 active=26
self.is_all_methods=False, self.min_weight=0.0, self.max_weight=0.08
single_methods
[RC-LP] method_type='return_cvar_constraint' sum=1.0000 active=26
self.is_all_methods=False, self.min_weight=0.0, self.max_weight=0.08
single_methods
[RC-LP] method_type='return_cvar_constraint' sum=1.0000 active=46
self.is_all_methods=False, self.min_weight=0.0, self.max_weight=0.08
single_methods
[RC-LP] method_type='return_cvar_constraint' sum=1.0000 active=49
self.is_all_methods=False, self.min_weight=0.0, self.max_weight=0.08
single_methods
[RC-LP] method_type='return_cvar_constraint' sum=1.0000 active=44
self.is_all_methods=False, self.min_weight=0.0, self.max_weight=0.08
single_methods
[RC-LP] method_type='return_cvar_constraint' sum=1.0000 active=50
self.is_all_methods=False, self.min_weight=0.0, self.max_weight=0.08
single_methods
[RC-LP] method_type='return_cvar_constraint' sum=1.0000 active=53
self.is_all_methods=False, self.min_weight=0.0, self.max_weight=0.08
single_methods
[RC-LP] method_type='return_cvar_constraint' sum=1.0000 active=52
self.is_all_methods=False, self.min_weight=0.0, self.max_weight=0.12
single_methods
[RC-LP] method_type='return_cvar_constraint' sum=1.0000 active=21
self.is_all_methods=False, self.min_weight=0.0, self.max_weight=0.12
single_methods
[RC-LP] method_type='return_cvar_constraint' sum=1.0000 active=20
self.is_all_methods=False, self.min_weight=0.0, self.max_weight=0.12
single_methods
[RC-LP] method_type='return_cvar_constraint' sum=1.0000 active=12
self.is_all_methods=False, self.min_weight=0.0, self.max_weight=0.12
single_methods
[RC-LP] method_type='return_cvar_constraint' sum=1.0000 active=21
self.is_all_methods=False, self.min_weight=0.0, self.max_weight=0.12
single_methods
[RC-LP] method_type='return_cvar_constraint' sum=1.0000 active=20
self.is_all_methods=False, self.min_weight=0.0, self.max_weight=0.12
single_methods
[RC-LP] method_type='return_cvar_constraint' sum=1.0000 active=18
self.is_all_methods=False, self.min_weight=0.0, self.max_weight=0.12
single_methods
[RC-LP] method_type='return_cvar_constraint' sum=1.0000 active=44
self.is_all_methods=False, self.min_weight=0.0, self.max_weight=0.12
single_methods
[RC-LP] method_type='return_cvar_constraint' sum=1.0000 active=42
self.is_all_methods=False, self.min_weight=0.0, self.max_weight=0.12
single_methods
[RC-LP] method_type='return_cvar_constraint' sum=1.0000 active=27
self.is_all_methods=False, self.min_weight=0.0, self.max_weight=0.12
single_methods
[RC-LP] method_type='return_cvar_constraint' sum=1.0000 active=43
self.is_all_methods=False, self.min_weight=0.0, self.max_weight=0.12
single_methods
[RC-LP] method_type='return_cvar_constraint' sum=1.0000 active=37
self.is_all_methods=False, self.min_weight=0.0, self.max_weight=0.12
single_methods
[RC-LP] method_type='return_cvar_constraint' sum=1.0000 active=22
self.is_all_methods=False, self.min_weight=0.0, self.max_weight=0.08
single_methods
method_type='mean_cvar_sharpe' np.sum(weights)=1.000000 active=230 weights.shape=(230,)
self.is_all_methods=False, self.min_weight=0.0, self.max_weight=0.08
single_methods
method_type='mean_cvar_sharpe' np.sum(weights)=1.000000 active=230 weights.shape=(230,)
self.is_all_methods=False, self.min_weight=0.0, self.max_weight=0.08
single_methods
method_type='mean_cvar_sharpe' np.sum(weights)=1.000000 active=230 weights.shape=(230,)
self.is_all_methods=False, self.min_weight=0.0, self.max_weight=0.08
single_methods
method_type='mean_cvar_sharpe' np.sum(weights)=1.000000 active=230 weights.shape=(230,)
self.is_all_methods=False, self.min_weight=0.0, self.max_weight=0.08
single_methods
method_type='mean_cvar_sharpe' np.sum(weights)=1.000000 active=230 weights.shape=(230,)
self.is_all_methods=False, self.min_weight=0.0, self.max_weight=0.08
single_methods
method_type='mean_cvar_sharpe' np.sum(weights)=1.000000 active=230 weights.shape=(230,)
self.is_all_methods=False, self.min_weight=0.0, self.max_weight=0.08
single_methods
method_type='mean_cvar_sharpe' np.sum(weights)=1.000000 active=72 weights.shape=(230,)
self.is_all_methods=False, self.min_weight=0.0, self.max_weight=0.08
single_methods
method_type='mean_cvar_sharpe' np.sum(weights)=1.000000 active=72 weights.shape=(230,)
self.is_all_methods=False, self.min_weight=0.0, self.max_weight=0.08
single_methods
method_type='mean_cvar_sharpe' np.sum(weights)=1.000000 active=72 weights.shape=(230,)
self.is_all_methods=False, self.min_weight=0.0, self.max_weight=0.08
single_methods
method_type='mean_cvar_sharpe' np.sum(weights)=1.000000 active=230 weights.shape=(230,)
self.is_all_methods=False, self.min_weight=0.0, self.max_weight=0.08
single_methods
method_type='mean_cvar_sharpe' np.sum(weights)=1.000000 active=230 weights.shape=(230,)
self.is_all_methods=False, self.min_weight=0.0, self.max_weight=0.08
single_methods
method_type='mean_cvar_sharpe' np.sum(weights)=1.000000 active=230 weights.shape=(230,)
self.is_all_methods=False, self.min_weight=0.0, self.max_weight=0.12
single_methods
method_type='mean_cvar_sharpe' np.sum(weights)=1.000000 active=170 weights.shape=(230,)
self.is_all_methods=False, self.min_weight=0.0, self.max_weight=0.12
single_methods
method_type='mean_cvar_sharpe' np.sum(weights)=1.000000 active=170 weights.shape=(230,)
self.is_all_methods=False, self.min_weight=0.0, self.max_weight=0.12
single_methods
method_type='mean_cvar_sharpe' np.sum(weights)=1.000000 active=170 weights.shape=(230,)
self.is_all_methods=False, self.min_weight=0.0, self.max_weight=0.12
single_methods
method_type='mean_cvar_sharpe' np.sum(weights)=1.000000 active=171 weights.shape=(230,)
self.is_all_methods=False, self.min_weight=0.0, self.max_weight=0.12
single_methods
method_type='mean_cvar_sharpe' np.sum(weights)=1.000000 active=171 weights.shape=(230,)
self.is_all_methods=False, self.min_weight=0.0, self.max_weight=0.12
single_methods
method_type='mean_cvar_sharpe' np.sum(weights)=1.000000 active=171 weights.shape=(230,)
self.is_all_methods=False, self.min_weight=0.0, self.max_weight=0.12
single_methods
method_type='mean_cvar_sharpe' np.sum(weights)=1.000000 active=74 weights.shape=(230,)
self.is_all_methods=False, self.min_weight=0.0, self.max_weight=0.12
single_methods
method_type='mean_cvar_sharpe' np.sum(weights)=1.000000 active=74 weights.shape=(230,)
self.is_all_methods=False, self.min_weight=0.0, self.max_weight=0.12
single_methods
method_type='mean_cvar_sharpe' np.sum(weights)=1.000000 active=74 weights.shape=(230,)
self.is_all_methods=False, self.min_weight=0.0, self.max_weight=0.12
single_methods
method_type='mean_cvar_sharpe' np.sum(weights)=1.000000 active=170 weights.shape=(230,)
self.is_all_methods=False, self.min_weight=0.0, self.max_weight=0.12
single_methods
method_type='mean_cvar_sharpe' np.sum(weights)=1.000000 active=170 weights.shape=(230,)
self.is_all_methods=False, self.min_weight=0.0, self.max_weight=0.12
single_methods
method_type='mean_cvar_sharpe' np.sum(weights)=1.000000 active=170 weights.shape=(230,)
1.0 2021-02-01 00:00:00 1458.7474769306693 -0.0004940301178136845 0.00021924496669701012 -0.0004940301178136819
PROGRESS	2021-02-01	230	69	-0.0004940301178136819	1458.7474769306693
Portfolio optimization with 24 month weight rebalancing 2021-01-04 00:00:00: : 25it [06:20, 12.01s/it]Portfolio optimization with 25 month weight rebalancing 2021-02-01 00:00:00: : 25it [06:20, 12.01s/it]self.is_all_methods=False, self.min_weight=0.0, self.max_weight=0.08
single_methods
[RC-LP] method_type='return_cvar_constraint' sum=1.0000 active=19
self.is_all_methods=False, self.min_weight=0.0, self.max_weight=0.08
single_methods
[RC-LP] method_type='return_cvar_constraint' sum=1.0000 active=20
self.is_all_methods=False, self.min_weight=0.0, self.max_weight=0.08
single_methods
[RC-LP] method_type='return_cvar_constraint' sum=1.0000 active=19
self.is_all_methods=False, self.min_weight=0.0, self.max_weight=0.08
single_methods
[RC-LP] method_type='return_cvar_constraint' sum=1.0000 active=20
self.is_all_methods=False, self.min_weight=0.0, self.max_weight=0.08
single_methods
[RC-LP] method_type='return_cvar_constraint' sum=1.0000 active=19
self.is_all_methods=False, self.min_weight=0.0, self.max_weight=0.08
single_methods
[RC-LP] method_type='return_cvar_constraint' sum=1.0000 active=20
self.is_all_methods=False, self.min_weight=0.0, self.max_weight=0.08
single_methods
[RC-LP] method_type='return_cvar_constraint' sum=1.0000 active=42
self.is_all_methods=False, self.min_weight=0.0, self.max_weight=0.08
single_methods
[RC-LP] method_type='return_cvar_constraint' sum=1.0000 active=45
self.is_all_methods=False, self.min_weight=0.0, self.max_weight=0.08
single_methods
[RC-LP] method_type='return_cvar_constraint' sum=1.0000 active=45
self.is_all_methods=False, self.min_weight=0.0, self.max_weight=0.08
single_methods
[RC-LP] method_type='return_cvar_constraint' sum=1.0000 active=44
self.is_all_methods=False, self.min_weight=0.0, self.max_weight=0.08
single_methods
[RC-LP] method_type='return_cvar_constraint' sum=1.0000 active=46
self.is_all_methods=False, self.min_weight=0.0, self.max_weight=0.08
single_methods
[RC-LP] method_type='return_cvar_constraint' sum=1.0000 active=46
self.is_all_methods=False, self.min_weight=0.0, self.max_weight=0.12
single_methods
[RC-LP] method_type='return_cvar_constraint' sum=1.0000 active=15
self.is_all_methods=False, self.min_weight=0.0, self.max_weight=0.12
single_methods
[RC-LP] method_type='return_cvar_constraint' sum=1.0000 active=16
self.is_all_methods=False, self.min_weight=0.0, self.max_weight=0.12
single_methods
[RC-LP] method_type='return_cvar_constraint' sum=1.0000 active=13
self.is_all_methods=False, self.min_weight=0.0, self.max_weight=0.12
single_methods
[RC-LP] method_type='return_cvar_constraint' sum=1.0000 active=16
self.is_all_methods=False, self.min_weight=0.0, self.max_weight=0.12
single_methods
[RC-LP] method_type='return_cvar_constraint' sum=1.0000 active=16
self.is_all_methods=False, self.min_weight=0.0, self.max_weight=0.12
single_methods
[RC-LP] method_type='return_cvar_constraint' sum=1.0000 active=15
self.is_all_methods=False, self.min_weight=0.0, self.max_weight=0.12
single_methods
[RC-LP] method_type='return_cvar_constraint' sum=1.0000 active=35
self.is_all_methods=False, self.min_weight=0.0, self.max_weight=0.12
single_methods
[RC-LP] method_type='return_cvar_constraint' sum=1.0000 active=34
self.is_all_methods=False, self.min_weight=0.0, self.max_weight=0.12
single_methods
[RC-LP] method_type='return_cvar_constraint' sum=1.0000 active=37
self.is_all_methods=False, self.min_weight=0.0, self.max_weight=0.12
single_methods
[RC-LP] method_type='return_cvar_constraint' sum=1.0000 active=36
self.is_all_methods=False, self.min_weight=0.0, self.max_weight=0.12
single_methods
[RC-LP] method_type='return_cvar_constraint' sum=1.0000 active=34
self.is_all_methods=False, self.min_weight=0.0, self.max_weight=0.12
single_methods
[RC-LP] method_type='return_cvar_constraint' sum=1.0000 active=37
self.is_all_methods=False, self.min_weight=0.0, self.max_weight=0.08
single_methods
method_type='mean_cvar_sharpe' np.sum(weights)=1.000000 active=231 weights.shape=(231,)
self.is_all_methods=False, self.min_weight=0.0, self.max_weight=0.08
single_methods
method_type='mean_cvar_sharpe' np.sum(weights)=1.000000 active=231 weights.shape=(231,)
self.is_all_methods=False, self.min_weight=0.0, self.max_weight=0.08
single_methods
method_type='mean_cvar_sharpe' np.sum(weights)=1.000000 active=231 weights.shape=(231,)
self.is_all_methods=False, self.min_weight=0.0, self.max_weight=0.08
single_methods
method_type='mean_cvar_sharpe' np.sum(weights)=1.000000 active=169 weights.shape=(231,)
self.is_all_methods=False, self.min_weight=0.0, self.max_weight=0.08
single_methods
method_type='mean_cvar_sharpe' np.sum(weights)=1.000000 active=169 weights.shape=(231,)
self.is_all_methods=False, self.min_weight=0.0, self.max_weight=0.08
single_methods
method_type='mean_cvar_sharpe' np.sum(weights)=1.000000 active=169 weights.shape=(231,)
self.is_all_methods=False, self.min_weight=0.0, self.max_weight=0.08
single_methods
method_type='mean_cvar_sharpe' np.sum(weights)=1.000000 active=171 weights.shape=(231,)
self.is_all_methods=False, self.min_weight=0.0, self.max_weight=0.08
single_methods
method_type='mean_cvar_sharpe' np.sum(weights)=1.000000 active=171 weights.shape=(231,)
self.is_all_methods=False, self.min_weight=0.0, self.max_weight=0.08
single_methods
method_type='mean_cvar_sharpe' np.sum(weights)=1.000000 active=171 weights.shape=(231,)
self.is_all_methods=False, self.min_weight=0.0, self.max_weight=0.08
single_methods
method_type='mean_cvar_sharpe' np.sum(weights)=1.000000 active=169 weights.shape=(231,)
self.is_all_methods=False, self.min_weight=0.0, self.max_weight=0.08
single_methods
method_type='mean_cvar_sharpe' np.sum(weights)=1.000000 active=169 weights.shape=(231,)
self.is_all_methods=False, self.min_weight=0.0, self.max_weight=0.08
single_methods
method_type='mean_cvar_sharpe' np.sum(weights)=1.000000 active=169 weights.shape=(231,)
self.is_all_methods=False, self.min_weight=0.0, self.max_weight=0.12
single_methods
method_type='mean_cvar_sharpe' np.sum(weights)=1.000000 active=78 weights.shape=(231,)
self.is_all_methods=False, self.min_weight=0.0, self.max_weight=0.12
single_methods
method_type='mean_cvar_sharpe' np.sum(weights)=1.000000 active=78 weights.shape=(231,)
self.is_all_methods=False, self.min_weight=0.0, self.max_weight=0.12
single_methods
method_type='mean_cvar_sharpe' np.sum(weights)=1.000000 active=78 weights.shape=(231,)
self.is_all_methods=False, self.min_weight=0.0, self.max_weight=0.12
single_methods
method_type='mean_cvar_sharpe' np.sum(weights)=1.000000 active=160 weights.shape=(231,)
self.is_all_methods=False, self.min_weight=0.0, self.max_weight=0.12
single_methods
method_type='mean_cvar_sharpe' np.sum(weights)=1.000000 active=160 weights.shape=(231,)
self.is_all_methods=False, self.min_weight=0.0, self.max_weight=0.12
single_methods
method_type='mean_cvar_sharpe' np.sum(weights)=1.000000 active=160 weights.shape=(231,)
self.is_all_methods=False, self.min_weight=0.0, self.max_weight=0.12
single_methods
method_type='mean_cvar_sharpe' np.sum(weights)=1.000000 active=161 weights.shape=(231,)
self.is_all_methods=False, self.min_weight=0.0, self.max_weight=0.12
single_methods
method_type='mean_cvar_sharpe' np.sum(weights)=1.000000 active=161 weights.shape=(231,)
self.is_all_methods=False, self.min_weight=0.0, self.max_weight=0.12
single_methods
method_type='mean_cvar_sharpe' np.sum(weights)=1.000000 active=161 weights.shape=(231,)
self.is_all_methods=False, self.min_weight=0.0, self.max_weight=0.12
single_methods
method_type='mean_cvar_sharpe' np.sum(weights)=1.000000 active=155 weights.shape=(231,)
self.is_all_methods=False, self.min_weight=0.0, self.max_weight=0.12
single_methods
method_type='mean_cvar_sharpe' np.sum(weights)=1.000000 active=155 weights.shape=(231,)
self.is_all_methods=False, self.min_weight=0.0, self.max_weight=0.12
single_methods
method_type='mean_cvar_sharpe' np.sum(weights)=1.000000 active=155 weights.shape=(231,)
1.0 2021-03-01 00:00:00 1463.7044274208758 0.003398086761826951 0.00018000119638140232 0.003398086761826846
PROGRESS	2021-03-01	231	62	0.003398086761826846	1463.7044274208758
Portfolio optimization with 25 month weight rebalancing 2021-02-01 00:00:00: : 26it [06:30, 11.38s/it]Portfolio optimization with 26 month weight rebalancing 2021-03-01 00:00:00: : 26it [06:30, 11.38s/it]self.is_all_methods=False, self.min_weight=0.0, self.max_weight=0.08
single_methods
[RC-LP] method_type='return_cvar_constraint' sum=1.0000 active=15
self.is_all_methods=False, self.min_weight=0.0, self.max_weight=0.08
single_methods
[RC-LP] method_type='return_cvar_constraint' sum=1.0000 active=15
self.is_all_methods=False, self.min_weight=0.0, self.max_weight=0.08
single_methods
[RC-LP] method_type='return_cvar_constraint' sum=1.0000 active=15
self.is_all_methods=False, self.min_weight=0.0, self.max_weight=0.08
single_methods
[RC-LP] method_type='return_cvar_constraint' sum=1.0000 active=15
self.is_all_methods=False, self.min_weight=0.0, self.max_weight=0.08
single_methods
[RC-LP] method_type='return_cvar_constraint' sum=1.0000 active=15
self.is_all_methods=False, self.min_weight=0.0, self.max_weight=0.08
single_methods
[RC-LP] method_type='return_cvar_constraint' sum=1.0000 active=15
self.is_all_methods=False, self.min_weight=0.0, self.max_weight=0.08
single_methods
[RC-LP] method_type='return_cvar_constraint' sum=1.0000 active=21
self.is_all_methods=False, self.min_weight=0.0, self.max_weight=0.08
single_methods
[RC-LP] method_type='return_cvar_constraint' sum=1.0000 active=25
self.is_all_methods=False, self.min_weight=0.0, self.max_weight=0.08
single_methods
[RC-LP] method_type='return_cvar_constraint' sum=1.0000 active=23
self.is_all_methods=False, self.min_weight=0.0, self.max_weight=0.08
single_methods
[RC-LP] method_type='return_cvar_constraint' sum=1.0000 active=22
self.is_all_methods=False, self.min_weight=0.0, self.max_weight=0.08
single_methods
[RC-LP] method_type='return_cvar_constraint' sum=1.0000 active=24
self.is_all_methods=False, self.min_weight=0.0, self.max_weight=0.08
single_methods
[RC-LP] method_type='return_cvar_constraint' sum=1.0000 active=23
self.is_all_methods=False, self.min_weight=0.0, self.max_weight=0.12
single_methods
[RC-LP] method_type='return_cvar_constraint' sum=1.0000 active=12
self.is_all_methods=False, self.min_weight=0.0, self.max_weight=0.12
single_methods
[RC-LP] method_type='return_cvar_constraint' sum=1.0000 active=12
self.is_all_methods=False, self.min_weight=0.0, self.max_weight=0.12
single_methods
[RC-LP] method_type='return_cvar_constraint' sum=1.0000 active=12
self.is_all_methods=False, self.min_weight=0.0, self.max_weight=0.12
single_methods
[RC-LP] method_type='return_cvar_constraint' sum=1.0000 active=12
self.is_all_methods=False, self.min_weight=0.0, self.max_weight=0.12
single_methods
[RC-LP] method_type='return_cvar_constraint' sum=1.0000 active=12
self.is_all_methods=False, self.min_weight=0.0, self.max_weight=0.12
single_methods
[RC-LP] method_type='return_cvar_constraint' sum=1.0000 active=12
self.is_all_methods=False, self.min_weight=0.0, self.max_weight=0.12
single_methods
[RC-LP] method_type='return_cvar_constraint' sum=1.0000 active=18
self.is_all_methods=False, self.min_weight=0.0, self.max_weight=0.12
single_methods
[RC-LP] method_type='return_cvar_constraint' sum=1.0000 active=18
self.is_all_methods=False, self.min_weight=0.0, self.max_weight=0.12
single_methods
[RC-LP] method_type='return_cvar_constraint' sum=1.0000 active=18
self.is_all_methods=False, self.min_weight=0.0, self.max_weight=0.12
single_methods
[RC-LP] method_type='return_cvar_constraint' sum=1.0000 active=18
self.is_all_methods=False, self.min_weight=0.0, self.max_weight=0.12
single_methods
[RC-LP] method_type='return_cvar_constraint' sum=1.0000 active=18
self.is_all_methods=False, self.min_weight=0.0, self.max_weight=0.12
single_methods
[RC-LP] method_type='return_cvar_constraint' sum=1.0000 active=18
self.is_all_methods=False, self.min_weight=0.0, self.max_weight=0.08
single_methods
method_type='mean_cvar_sharpe' np.sum(weights)=1.000000 active=20 weights.shape=(235,)
self.is_all_methods=False, self.min_weight=0.0, self.max_weight=0.08
single_methods
method_type='mean_cvar_sharpe' np.sum(weights)=1.000000 active=20 weights.shape=(235,)
self.is_all_methods=False, self.min_weight=0.0, self.max_weight=0.08
single_methods
method_type='mean_cvar_sharpe' np.sum(weights)=1.000000 active=20 weights.shape=(235,)
self.is_all_methods=False, self.min_weight=0.0, self.max_weight=0.08
single_methods
method_type='mean_cvar_sharpe' np.sum(weights)=1.000000 active=22 weights.shape=(235,)
self.is_all_methods=False, self.min_weight=0.0, self.max_weight=0.08
single_methods
method_type='mean_cvar_sharpe' np.sum(weights)=1.000000 active=22 weights.shape=(235,)
self.is_all_methods=False, self.min_weight=0.0, self.max_weight=0.08
single_methods
method_type='mean_cvar_sharpe' np.sum(weights)=1.000000 active=22 weights.shape=(235,)
self.is_all_methods=False, self.min_weight=0.0, self.max_weight=0.08
single_methods
method_type='mean_cvar_sharpe' np.sum(weights)=1.000000 active=23 weights.shape=(235,)
self.is_all_methods=False, self.min_weight=0.0, self.max_weight=0.08
single_methods
method_type='mean_cvar_sharpe' np.sum(weights)=1.000000 active=23 weights.shape=(235,)
self.is_all_methods=False, self.min_weight=0.0, self.max_weight=0.08
single_methods
method_type='mean_cvar_sharpe' np.sum(weights)=1.000000 active=23 weights.shape=(235,)
self.is_all_methods=False, self.min_weight=0.0, self.max_weight=0.08
single_methods
method_type='mean_cvar_sharpe' np.sum(weights)=1.000000 active=229 weights.shape=(235,)
self.is_all_methods=False, self.min_weight=0.0, self.max_weight=0.08
single_methods
method_type='mean_cvar_sharpe' np.sum(weights)=1.000000 active=229 weights.shape=(235,)
self.is_all_methods=False, self.min_weight=0.0, self.max_weight=0.08
single_methods
method_type='mean_cvar_sharpe' np.sum(weights)=1.000000 active=229 weights.shape=(235,)
self.is_all_methods=False, self.min_weight=0.0, self.max_weight=0.12
single_methods
method_type='mean_cvar_sharpe' np.sum(weights)=1.000000 active=12 weights.shape=(235,)
self.is_all_methods=False, self.min_weight=0.0, self.max_weight=0.12
single_methods
method_type='mean_cvar_sharpe' np.sum(weights)=1.000000 active=12 weights.shape=(235,)
self.is_all_methods=False, self.min_weight=0.0, self.max_weight=0.12
single_methods
method_type='mean_cvar_sharpe' np.sum(weights)=1.000000 active=12 weights.shape=(235,)
self.is_all_methods=False, self.min_weight=0.0, self.max_weight=0.12
single_methods
method_type='mean_cvar_sharpe' np.sum(weights)=1.000000 active=15 weights.shape=(235,)
self.is_all_methods=False, self.min_weight=0.0, self.max_weight=0.12
single_methods
method_type='mean_cvar_sharpe' np.sum(weights)=1.000000 active=15 weights.shape=(235,)
self.is_all_methods=False, self.min_weight=0.0, self.max_weight=0.12
single_methods
method_type='mean_cvar_sharpe' np.sum(weights)=1.000000 active=15 weights.shape=(235,)
self.is_all_methods=False, self.min_weight=0.0, self.max_weight=0.12
single_methods
method_type='mean_cvar_sharpe' np.sum(weights)=1.000000 active=235 weights.shape=(235,)
self.is_all_methods=False, self.min_weight=0.0, self.max_weight=0.12
single_methods
method_type='mean_cvar_sharpe' np.sum(weights)=1.000000 active=235 weights.shape=(235,)
self.is_all_methods=False, self.min_weight=0.0, self.max_weight=0.12
single_methods
method_type='mean_cvar_sharpe' np.sum(weights)=1.000000 active=235 weights.shape=(235,)
self.is_all_methods=False, self.min_weight=0.0, self.max_weight=0.12
single_methods
method_type='mean_cvar_sharpe' np.sum(weights)=1.000000 active=235 weights.shape=(235,)
self.is_all_methods=False, self.min_weight=0.0, self.max_weight=0.12
single_methods
method_type='mean_cvar_sharpe' np.sum(weights)=1.000000 active=235 weights.shape=(235,)
self.is_all_methods=False, self.min_weight=0.0, self.max_weight=0.12
single_methods
method_type='mean_cvar_sharpe' np.sum(weights)=1.000000 active=235 weights.shape=(235,)
1.0 2021-04-01 00:00:00 1484.0203104082307 0.013879771493998083 6.312308648017712e-05 0.013879771493997994
PROGRESS	2021-04-01	235	60	0.013879771493997994	1484.0203104082307
Portfolio optimization with 26 month weight rebalancing 2021-03-01 00:00:00: : 27it [06:41, 11.29s/it]Portfolio optimization with 27 month weight rebalancing 2021-04-01 00:00:00: : 27it [06:41, 11.29s/it]self.is_all_methods=False, self.min_weight=0.0, self.max_weight=0.08
single_methods
[RC-LP] method_type='return_cvar_constraint' sum=1.0000 active=27
self.is_all_methods=False, self.min_weight=0.0, self.max_weight=0.08
single_methods
[RC-LP] method_type='return_cvar_constraint' sum=1.0000 active=27
self.is_all_methods=False, self.min_weight=0.0, self.max_weight=0.08
single_methods
[RC-LP] method_type='return_cvar_constraint' sum=1.0000 active=27
self.is_all_methods=False, self.min_weight=0.0, self.max_weight=0.08
single_methods
[RC-LP] method_type='return_cvar_constraint' sum=1.0000 active=27
self.is_all_methods=False, self.min_weight=0.0, self.max_weight=0.08
single_methods
[RC-LP] method_type='return_cvar_constraint' sum=1.0000 active=27
self.is_all_methods=False, self.min_weight=0.0, self.max_weight=0.08
single_methods
[RC-LP] method_type='return_cvar_constraint' sum=1.0000 active=27
self.is_all_methods=False, self.min_weight=0.0, self.max_weight=0.08
single_methods
[RC-LP] method_type='return_cvar_constraint' sum=1.0000 active=46
self.is_all_methods=False, self.min_weight=0.0, self.max_weight=0.08
single_methods
[RC-LP] method_type='return_cvar_constraint' sum=1.0000 active=46
self.is_all_methods=False, self.min_weight=0.0, self.max_weight=0.08
single_methods
[RC-LP] method_type='return_cvar_constraint' sum=1.0000 active=46
self.is_all_methods=False, self.min_weight=0.0, self.max_weight=0.08
single_methods
[RC-LP] method_type='return_cvar_constraint' sum=1.0000 active=46
self.is_all_methods=False, self.min_weight=0.0, self.max_weight=0.08
single_methods
[RC-LP] method_type='return_cvar_constraint' sum=1.0000 active=46
self.is_all_methods=False, self.min_weight=0.0, self.max_weight=0.08
single_methods
[RC-LP] method_type='return_cvar_constraint' sum=1.0000 active=46
self.is_all_methods=False, self.min_weight=0.0, self.max_weight=0.12
single_methods
[RC-LP] method_type='return_cvar_constraint' sum=1.0000 active=18
self.is_all_methods=False, self.min_weight=0.0, self.max_weight=0.12
single_methods
[RC-LP] method_type='return_cvar_constraint' sum=1.0000 active=18
self.is_all_methods=False, self.min_weight=0.0, self.max_weight=0.12
single_methods
[RC-LP] method_type='return_cvar_constraint' sum=1.0000 active=18
self.is_all_methods=False, self.min_weight=0.0, self.max_weight=0.12
single_methods
[RC-LP] method_type='return_cvar_constraint' sum=1.0000 active=18
self.is_all_methods=False, self.min_weight=0.0, self.max_weight=0.12
single_methods
[RC-LP] method_type='return_cvar_constraint' sum=1.0000 active=18
self.is_all_methods=False, self.min_weight=0.0, self.max_weight=0.12
single_methods
[RC-LP] method_type='return_cvar_constraint' sum=1.0000 active=18
self.is_all_methods=False, self.min_weight=0.0, self.max_weight=0.12
single_methods
[RC-LP] method_type='return_cvar_constraint' sum=1.0000 active=37
self.is_all_methods=False, self.min_weight=0.0, self.max_weight=0.12
single_methods
[RC-LP] method_type='return_cvar_constraint' sum=1.0000 active=37
self.is_all_methods=False, self.min_weight=0.0, self.max_weight=0.12
single_methods
[RC-LP] method_type='return_cvar_constraint' sum=1.0000 active=37
self.is_all_methods=False, self.min_weight=0.0, self.max_weight=0.12
single_methods
[RC-LP] method_type='return_cvar_constraint' sum=1.0000 active=37
self.is_all_methods=False, self.min_weight=0.0, self.max_weight=0.12
single_methods
[RC-LP] method_type='return_cvar_constraint' sum=1.0000 active=37
self.is_all_methods=False, self.min_weight=0.0, self.max_weight=0.12
single_methods
[RC-LP] method_type='return_cvar_constraint' sum=1.0000 active=37
self.is_all_methods=False, self.min_weight=0.0, self.max_weight=0.08
single_methods
method_type='mean_cvar_sharpe' np.sum(weights)=1.000000 active=200 weights.shape=(240,)
self.is_all_methods=False, self.min_weight=0.0, self.max_weight=0.08
single_methods
method_type='mean_cvar_sharpe' np.sum(weights)=1.000000 active=200 weights.shape=(240,)
self.is_all_methods=False, self.min_weight=0.0, self.max_weight=0.08
single_methods
method_type='mean_cvar_sharpe' np.sum(weights)=1.000000 active=200 weights.shape=(240,)
self.is_all_methods=False, self.min_weight=0.0, self.max_weight=0.08
single_methods
method_type='mean_cvar_sharpe' np.sum(weights)=1.000000 active=202 weights.shape=(240,)
self.is_all_methods=False, self.min_weight=0.0, self.max_weight=0.08
single_methods
method_type='mean_cvar_sharpe' np.sum(weights)=1.000000 active=202 weights.shape=(240,)
self.is_all_methods=False, self.min_weight=0.0, self.max_weight=0.08
single_methods
method_type='mean_cvar_sharpe' np.sum(weights)=1.000000 active=202 weights.shape=(240,)
self.is_all_methods=False, self.min_weight=0.0, self.max_weight=0.08
single_methods
method_type='mean_cvar_sharpe' np.sum(weights)=1.000000 active=55 weights.shape=(240,)
self.is_all_methods=False, self.min_weight=0.0, self.max_weight=0.08
single_methods
method_type='mean_cvar_sharpe' np.sum(weights)=1.000000 active=55 weights.shape=(240,)
self.is_all_methods=False, self.min_weight=0.0, self.max_weight=0.08
single_methods
method_type='mean_cvar_sharpe' np.sum(weights)=1.000000 active=55 weights.shape=(240,)
self.is_all_methods=False, self.min_weight=0.0, self.max_weight=0.08
single_methods
method_type='mean_cvar_sharpe' np.sum(weights)=1.000000 active=53 weights.shape=(240,)
self.is_all_methods=False, self.min_weight=0.0, self.max_weight=0.08
single_methods
method_type='mean_cvar_sharpe' np.sum(weights)=1.000000 active=53 weights.shape=(240,)
self.is_all_methods=False, self.min_weight=0.0, self.max_weight=0.08
single_methods
method_type='mean_cvar_sharpe' np.sum(weights)=1.000000 active=53 weights.shape=(240,)
self.is_all_methods=False, self.min_weight=0.0, self.max_weight=0.12
single_methods
method_type='mean_cvar_sharpe' np.sum(weights)=1.000000 active=55 weights.shape=(240,)
self.is_all_methods=False, self.min_weight=0.0, self.max_weight=0.12
single_methods
method_type='mean_cvar_sharpe' np.sum(weights)=1.000000 active=55 weights.shape=(240,)
self.is_all_methods=False, self.min_weight=0.0, self.max_weight=0.12
single_methods
method_type='mean_cvar_sharpe' np.sum(weights)=1.000000 active=55 weights.shape=(240,)
self.is_all_methods=False, self.min_weight=0.0, self.max_weight=0.12
single_methods
method_type='mean_cvar_sharpe' np.sum(weights)=1.000000 active=55 weights.shape=(240,)
self.is_all_methods=False, self.min_weight=0.0, self.max_weight=0.12
single_methods
method_type='mean_cvar_sharpe' np.sum(weights)=1.000000 active=55 weights.shape=(240,)
self.is_all_methods=False, self.min_weight=0.0, self.max_weight=0.12
single_methods
method_type='mean_cvar_sharpe' np.sum(weights)=1.000000 active=55 weights.shape=(240,)
self.is_all_methods=False, self.min_weight=0.0, self.max_weight=0.12
single_methods
method_type='mean_cvar_sharpe' np.sum(weights)=1.000000 active=196 weights.shape=(240,)
self.is_all_methods=False, self.min_weight=0.0, self.max_weight=0.12
single_methods
method_type='mean_cvar_sharpe' np.sum(weights)=1.000000 active=196 weights.shape=(240,)
self.is_all_methods=False, self.min_weight=0.0, self.max_weight=0.12
single_methods
method_type='mean_cvar_sharpe' np.sum(weights)=1.000000 active=196 weights.shape=(240,)
self.is_all_methods=False, self.min_weight=0.0, self.max_weight=0.12
single_methods
method_type='mean_cvar_sharpe' np.sum(weights)=1.000000 active=196 weights.shape=(240,)
self.is_all_methods=False, self.min_weight=0.0, self.max_weight=0.12
single_methods
method_type='mean_cvar_sharpe' np.sum(weights)=1.000000 active=196 weights.shape=(240,)
self.is_all_methods=False, self.min_weight=0.0, self.max_weight=0.12
single_methods
method_type='mean_cvar_sharpe' np.sum(weights)=1.000000 active=196 weights.shape=(240,)
1.0 2021-05-03 00:00:00 1544.2255968744016 0.04056904480613849 5.1212330400116056e-05 0.04056904480613843
PROGRESS	2021-05-03	240	54	0.04056904480613843	1544.2255968744016
Portfolio optimization with 27 month weight rebalancing 2021-04-01 00:00:00: : 28it [06:52, 11.14s/it]Portfolio optimization with 28 month weight rebalancing 2021-05-03 00:00:00: : 28it [06:52, 11.14s/it]self.is_all_methods=False, self.min_weight=0.0, self.max_weight=0.08
single_methods
[RC-LP] method_type='return_cvar_constraint' sum=1.0000 active=15
self.is_all_methods=False, self.min_weight=0.0, self.max_weight=0.08
single_methods
[RC-LP] method_type='return_cvar_constraint' sum=1.0000 active=15
self.is_all_methods=False, self.min_weight=0.0, self.max_weight=0.08
single_methods
[RC-LP] method_type='return_cvar_constraint' sum=1.0000 active=15
self.is_all_methods=False, self.min_weight=0.0, self.max_weight=0.08
single_methods
[RC-LP] method_type='return_cvar_constraint' sum=1.0000 active=15
self.is_all_methods=False, self.min_weight=0.0, self.max_weight=0.08
single_methods
[RC-LP] method_type='return_cvar_constraint' sum=1.0000 active=15
self.is_all_methods=False, self.min_weight=0.0, self.max_weight=0.08
single_methods
[RC-LP] method_type='return_cvar_constraint' sum=1.0000 active=15
self.is_all_methods=False, self.min_weight=0.0, self.max_weight=0.08
single_methods
[RC-LP] method_type='return_cvar_constraint' sum=1.0000 active=21
self.is_all_methods=False, self.min_weight=0.0, self.max_weight=0.08
single_methods
[RC-LP] method_type='return_cvar_constraint' sum=1.0000 active=21
self.is_all_methods=False, self.min_weight=0.0, self.max_weight=0.08
single_methods
[RC-LP] method_type='return_cvar_constraint' sum=1.0000 active=21
self.is_all_methods=False, self.min_weight=0.0, self.max_weight=0.08
single_methods
[RC-LP] method_type='return_cvar_constraint' sum=1.0000 active=21
self.is_all_methods=False, self.min_weight=0.0, self.max_weight=0.08
single_methods
[RC-LP] method_type='return_cvar_constraint' sum=1.0000 active=21
self.is_all_methods=False, self.min_weight=0.0, self.max_weight=0.08
single_methods
[RC-LP] method_type='return_cvar_constraint' sum=1.0000 active=21
self.is_all_methods=False, self.min_weight=0.0, self.max_weight=0.12
single_methods
[RC-LP] method_type='return_cvar_constraint' sum=1.0000 active=12
self.is_all_methods=False, self.min_weight=0.0, self.max_weight=0.12
single_methods
[RC-LP] method_type='return_cvar_constraint' sum=1.0000 active=12
self.is_all_methods=False, self.min_weight=0.0, self.max_weight=0.12
single_methods
[RC-LP] method_type='return_cvar_constraint' sum=1.0000 active=12
self.is_all_methods=False, self.min_weight=0.0, self.max_weight=0.12
single_methods
[RC-LP] method_type='return_cvar_constraint' sum=1.0000 active=12
self.is_all_methods=False, self.min_weight=0.0, self.max_weight=0.12
single_methods
[RC-LP] method_type='return_cvar_constraint' sum=1.0000 active=12
self.is_all_methods=False, self.min_weight=0.0, self.max_weight=0.12
single_methods
[RC-LP] method_type='return_cvar_constraint' sum=1.0000 active=12
self.is_all_methods=False, self.min_weight=0.0, self.max_weight=0.12
single_methods
[RC-LP] method_type='return_cvar_constraint' sum=1.0000 active=19
self.is_all_methods=False, self.min_weight=0.0, self.max_weight=0.12
single_methods
[RC-LP] method_type='return_cvar_constraint' sum=1.0000 active=19
self.is_all_methods=False, self.min_weight=0.0, self.max_weight=0.12
single_methods
[RC-LP] method_type='return_cvar_constraint' sum=1.0000 active=19
self.is_all_methods=False, self.min_weight=0.0, self.max_weight=0.12
single_methods
[RC-LP] method_type='return_cvar_constraint' sum=1.0000 active=19
self.is_all_methods=False, self.min_weight=0.0, self.max_weight=0.12
single_methods
[RC-LP] method_type='return_cvar_constraint' sum=1.0000 active=19
self.is_all_methods=False, self.min_weight=0.0, self.max_weight=0.12
single_methods
[RC-LP] method_type='return_cvar_constraint' sum=1.0000 active=19
self.is_all_methods=False, self.min_weight=0.0, self.max_weight=0.08
single_methods
method_type='mean_cvar_sharpe' np.sum(weights)=1.000000 active=239 weights.shape=(239,)
self.is_all_methods=False, self.min_weight=0.0, self.max_weight=0.08
single_methods
method_type='mean_cvar_sharpe' np.sum(weights)=1.000000 active=239 weights.shape=(239,)
self.is_all_methods=False, self.min_weight=0.0, self.max_weight=0.08
single_methods
method_type='mean_cvar_sharpe' np.sum(weights)=1.000000 active=239 weights.shape=(239,)
self.is_all_methods=False, self.min_weight=0.0, self.max_weight=0.08
single_methods
method_type='mean_cvar_sharpe' np.sum(weights)=1.000000 active=239 weights.shape=(239,)
self.is_all_methods=False, self.min_weight=0.0, self.max_weight=0.08
single_methods
method_type='mean_cvar_sharpe' np.sum(weights)=1.000000 active=239 weights.shape=(239,)
self.is_all_methods=False, self.min_weight=0.0, self.max_weight=0.08
single_methods
method_type='mean_cvar_sharpe' np.sum(weights)=1.000000 active=239 weights.shape=(239,)
self.is_all_methods=False, self.min_weight=0.0, self.max_weight=0.08
single_methods
method_type='mean_cvar_sharpe' np.sum(weights)=1.000000 active=202 weights.shape=(239,)
self.is_all_methods=False, self.min_weight=0.0, self.max_weight=0.08
single_methods
method_type='mean_cvar_sharpe' np.sum(weights)=1.000000 active=202 weights.shape=(239,)
self.is_all_methods=False, self.min_weight=0.0, self.max_weight=0.08
single_methods
method_type='mean_cvar_sharpe' np.sum(weights)=1.000000 active=202 weights.shape=(239,)
self.is_all_methods=False, self.min_weight=0.0, self.max_weight=0.08
single_methods
method_type='mean_cvar_sharpe' np.sum(weights)=1.000000 active=202 weights.shape=(239,)
self.is_all_methods=False, self.min_weight=0.0, self.max_weight=0.08
single_methods
method_type='mean_cvar_sharpe' np.sum(weights)=1.000000 active=202 weights.shape=(239,)
self.is_all_methods=False, self.min_weight=0.0, self.max_weight=0.08
single_methods
method_type='mean_cvar_sharpe' np.sum(weights)=1.000000 active=202 weights.shape=(239,)
self.is_all_methods=False, self.min_weight=0.0, self.max_weight=0.12
single_methods
method_type='mean_cvar_sharpe' np.sum(weights)=1.000000 active=56 weights.shape=(239,)
self.is_all_methods=False, self.min_weight=0.0, self.max_weight=0.12
single_methods
method_type='mean_cvar_sharpe' np.sum(weights)=1.000000 active=56 weights.shape=(239,)
self.is_all_methods=False, self.min_weight=0.0, self.max_weight=0.12
single_methods
method_type='mean_cvar_sharpe' np.sum(weights)=1.000000 active=56 weights.shape=(239,)
self.is_all_methods=False, self.min_weight=0.0, self.max_weight=0.12
single_methods
method_type='mean_cvar_sharpe' np.sum(weights)=1.000000 active=55 weights.shape=(239,)
self.is_all_methods=False, self.min_weight=0.0, self.max_weight=0.12
single_methods
method_type='mean_cvar_sharpe' np.sum(weights)=1.000000 active=55 weights.shape=(239,)
self.is_all_methods=False, self.min_weight=0.0, self.max_weight=0.12
single_methods
method_type='mean_cvar_sharpe' np.sum(weights)=1.000000 active=55 weights.shape=(239,)
self.is_all_methods=False, self.min_weight=0.0, self.max_weight=0.12
single_methods
method_type='mean_cvar_sharpe' np.sum(weights)=1.000000 active=199 weights.shape=(239,)
self.is_all_methods=False, self.min_weight=0.0, self.max_weight=0.12
single_methods
method_type='mean_cvar_sharpe' np.sum(weights)=1.000000 active=199 weights.shape=(239,)
self.is_all_methods=False, self.min_weight=0.0, self.max_weight=0.12
single_methods
method_type='mean_cvar_sharpe' np.sum(weights)=1.000000 active=199 weights.shape=(239,)
self.is_all_methods=False, self.min_weight=0.0, self.max_weight=0.12
single_methods
method_type='mean_cvar_sharpe' np.sum(weights)=1.000000 active=53 weights.shape=(239,)
self.is_all_methods=False, self.min_weight=0.0, self.max_weight=0.12
single_methods
method_type='mean_cvar_sharpe' np.sum(weights)=1.000000 active=53 weights.shape=(239,)
self.is_all_methods=False, self.min_weight=0.0, self.max_weight=0.12
single_methods
method_type='mean_cvar_sharpe' np.sum(weights)=1.000000 active=53 weights.shape=(239,)
1.0 2021-06-01 00:00:00 1531.2957681788962 -0.008373017984986082 9.403775155587105e-05 -0.008373017984986242
PROGRESS	2021-06-01	239	47	-0.008373017984986242	1531.2957681788962
Portfolio optimization with 28 month weight rebalancing 2021-05-03 00:00:00: : 29it [07:08, 12.47s/it]Portfolio optimization with 29 month weight rebalancing 2021-06-01 00:00:00: : 29it [07:08, 12.47s/it]self.is_all_methods=False, self.min_weight=0.0, self.max_weight=0.08
single_methods
[RC-LP] method_type='return_cvar_constraint' sum=1.0000 active=20
self.is_all_methods=False, self.min_weight=0.0, self.max_weight=0.08
single_methods
[RC-LP] method_type='return_cvar_constraint' sum=1.0000 active=18
self.is_all_methods=False, self.min_weight=0.0, self.max_weight=0.08
single_methods
[RC-LP] method_type='return_cvar_constraint' sum=1.0000 active=18
self.is_all_methods=False, self.min_weight=0.0, self.max_weight=0.08
single_methods
[RC-LP] method_type='return_cvar_constraint' sum=1.0000 active=19
self.is_all_methods=False, self.min_weight=0.0, self.max_weight=0.08
single_methods
[RC-LP] method_type='return_cvar_constraint' sum=1.0000 active=17
self.is_all_methods=False, self.min_weight=0.0, self.max_weight=0.08
single_methods
[RC-LP] method_type='return_cvar_constraint' sum=1.0000 active=18
self.is_all_methods=False, self.min_weight=0.0, self.max_weight=0.08
single_methods
[RC-LP] method_type='return_cvar_constraint' sum=1.0000 active=48
self.is_all_methods=False, self.min_weight=0.0, self.max_weight=0.08
single_methods
[RC-LP] method_type='return_cvar_constraint' sum=1.0000 active=45
self.is_all_methods=False, self.min_weight=0.0, self.max_weight=0.08
single_methods
[RC-LP] method_type='return_cvar_constraint' sum=1.0000 active=31
self.is_all_methods=False, self.min_weight=0.0, self.max_weight=0.08
single_methods
[RC-LP] method_type='return_cvar_constraint' sum=1.0000 active=50
self.is_all_methods=False, self.min_weight=0.0, self.max_weight=0.08
single_methods
[RC-LP] method_type='return_cvar_constraint' sum=1.0000 active=45
self.is_all_methods=False, self.min_weight=0.0, self.max_weight=0.08
single_methods
[RC-LP] method_type='return_cvar_constraint' sum=1.0000 active=36
self.is_all_methods=False, self.min_weight=0.0, self.max_weight=0.12
single_methods
[RC-LP] method_type='return_cvar_constraint' sum=1.0000 active=15
self.is_all_methods=False, self.min_weight=0.0, self.max_weight=0.12
single_methods
[RC-LP] method_type='return_cvar_constraint' sum=1.0000 active=13
self.is_all_methods=False, self.min_weight=0.0, self.max_weight=0.12
single_methods
[RC-LP] method_type='return_cvar_constraint' sum=1.0000 active=13
self.is_all_methods=False, self.min_weight=0.0, self.max_weight=0.12
single_methods
[RC-LP] method_type='return_cvar_constraint' sum=1.0000 active=15
self.is_all_methods=False, self.min_weight=0.0, self.max_weight=0.12
single_methods
[RC-LP] method_type='return_cvar_constraint' sum=1.0000 active=13
self.is_all_methods=False, self.min_weight=0.0, self.max_weight=0.12
single_methods
[RC-LP] method_type='return_cvar_constraint' sum=1.0000 active=13
self.is_all_methods=False, self.min_weight=0.0, self.max_weight=0.12
single_methods
[RC-LP] method_type='return_cvar_constraint' sum=1.0000 active=40
self.is_all_methods=False, self.min_weight=0.0, self.max_weight=0.12
single_methods
[RC-LP] method_type='return_cvar_constraint' sum=1.0000 active=28
self.is_all_methods=False, self.min_weight=0.0, self.max_weight=0.12
single_methods
[RC-LP] method_type='return_cvar_constraint' sum=1.0000 active=23
self.is_all_methods=False, self.min_weight=0.0, self.max_weight=0.12
single_methods
[RC-LP] method_type='return_cvar_constraint' sum=1.0000 active=41
self.is_all_methods=False, self.min_weight=0.0, self.max_weight=0.12
single_methods
[RC-LP] method_type='return_cvar_constraint' sum=1.0000 active=30
self.is_all_methods=False, self.min_weight=0.0, self.max_weight=0.12
single_methods
[RC-LP] method_type='return_cvar_constraint' sum=1.0000 active=23
self.is_all_methods=False, self.min_weight=0.0, self.max_weight=0.08
single_methods
method_type='mean_cvar_sharpe' np.sum(weights)=1.000000 active=205 weights.shape=(242,)
self.is_all_methods=False, self.min_weight=0.0, self.max_weight=0.08
single_methods
method_type='mean_cvar_sharpe' np.sum(weights)=1.000000 active=205 weights.shape=(242,)
self.is_all_methods=False, self.min_weight=0.0, self.max_weight=0.08
single_methods
method_type='mean_cvar_sharpe' np.sum(weights)=1.000000 active=205 weights.shape=(242,)
self.is_all_methods=False, self.min_weight=0.0, self.max_weight=0.08
single_methods
method_type='mean_cvar_sharpe' np.sum(weights)=1.000000 active=54 weights.shape=(242,)
self.is_all_methods=False, self.min_weight=0.0, self.max_weight=0.08
single_methods
method_type='mean_cvar_sharpe' np.sum(weights)=1.000000 active=54 weights.shape=(242,)
self.is_all_methods=False, self.min_weight=0.0, self.max_weight=0.08
single_methods
method_type='mean_cvar_sharpe' np.sum(weights)=1.000000 active=54 weights.shape=(242,)
self.is_all_methods=False, self.min_weight=0.0, self.max_weight=0.08
single_methods
method_type='mean_cvar_sharpe' np.sum(weights)=1.000000 active=55 weights.shape=(242,)
self.is_all_methods=False, self.min_weight=0.0, self.max_weight=0.08
single_methods
method_type='mean_cvar_sharpe' np.sum(weights)=1.000000 active=55 weights.shape=(242,)
self.is_all_methods=False, self.min_weight=0.0, self.max_weight=0.08
single_methods
method_type='mean_cvar_sharpe' np.sum(weights)=1.000000 active=55 weights.shape=(242,)
self.is_all_methods=False, self.min_weight=0.0, self.max_weight=0.08
single_methods
method_type='mean_cvar_sharpe' np.sum(weights)=1.000000 active=206 weights.shape=(242,)
self.is_all_methods=False, self.min_weight=0.0, self.max_weight=0.08
single_methods
method_type='mean_cvar_sharpe' np.sum(weights)=1.000000 active=206 weights.shape=(242,)
self.is_all_methods=False, self.min_weight=0.0, self.max_weight=0.08
single_methods
method_type='mean_cvar_sharpe' np.sum(weights)=1.000000 active=206 weights.shape=(242,)
self.is_all_methods=False, self.min_weight=0.0, self.max_weight=0.12
single_methods
method_type='mean_cvar_sharpe' np.sum(weights)=1.000000 active=57 weights.shape=(242,)
self.is_all_methods=False, self.min_weight=0.0, self.max_weight=0.12
single_methods
method_type='mean_cvar_sharpe' np.sum(weights)=1.000000 active=57 weights.shape=(242,)
self.is_all_methods=False, self.min_weight=0.0, self.max_weight=0.12
single_methods
method_type='mean_cvar_sharpe' np.sum(weights)=1.000000 active=57 weights.shape=(242,)
self.is_all_methods=False, self.min_weight=0.0, self.max_weight=0.12
single_methods
method_type='mean_cvar_sharpe' np.sum(weights)=1.000000 active=242 weights.shape=(242,)
self.is_all_methods=False, self.min_weight=0.0, self.max_weight=0.12
single_methods
method_type='mean_cvar_sharpe' np.sum(weights)=1.000000 active=242 weights.shape=(242,)
self.is_all_methods=False, self.min_weight=0.0, self.max_weight=0.12
single_methods
method_type='mean_cvar_sharpe' np.sum(weights)=1.000000 active=242 weights.shape=(242,)
self.is_all_methods=False, self.min_weight=0.0, self.max_weight=0.12
single_methods
method_type='mean_cvar_sharpe' np.sum(weights)=1.000000 active=200 weights.shape=(242,)
self.is_all_methods=False, self.min_weight=0.0, self.max_weight=0.12
single_methods
method_type='mean_cvar_sharpe' np.sum(weights)=1.000000 active=200 weights.shape=(242,)
self.is_all_methods=False, self.min_weight=0.0, self.max_weight=0.12
single_methods
method_type='mean_cvar_sharpe' np.sum(weights)=1.000000 active=200 weights.shape=(242,)
self.is_all_methods=False, self.min_weight=0.0, self.max_weight=0.12
single_methods
method_type='mean_cvar_sharpe' np.sum(weights)=1.000000 active=202 weights.shape=(242,)
self.is_all_methods=False, self.min_weight=0.0, self.max_weight=0.12
single_methods
method_type='mean_cvar_sharpe' np.sum(weights)=1.000000 active=202 weights.shape=(242,)
self.is_all_methods=False, self.min_weight=0.0, self.max_weight=0.12
single_methods
method_type='mean_cvar_sharpe' np.sum(weights)=1.000000 active=202 weights.shape=(242,)
1.0 2021-07-01 00:00:00 1593.9920081276553 0.040943259461443546 3.12420358120239e-05 0.040943259461443615
PROGRESS	2021-07-01	242	43	0.040943259461443615	1593.9920081276553
Portfolio optimization with 29 month weight rebalancing 2021-06-01 00:00:00: : 30it [07:23, 13.41s/it]Portfolio optimization with 30 month weight rebalancing 2021-07-01 00:00:00: : 30it [07:23, 13.41s/it]self.is_all_methods=False, self.min_weight=0.0, self.max_weight=0.08
single_methods
[RC-LP] method_type='return_cvar_constraint' sum=1.0000 active=18
self.is_all_methods=False, self.min_weight=0.0, self.max_weight=0.08
single_methods
[RC-LP] method_type='return_cvar_constraint' sum=1.0000 active=17
self.is_all_methods=False, self.min_weight=0.0, self.max_weight=0.08
single_methods
[RC-LP] method_type='return_cvar_constraint' sum=1.0000 active=17
self.is_all_methods=False, self.min_weight=0.0, self.max_weight=0.08
single_methods
[RC-LP] method_type='return_cvar_constraint' sum=1.0000 active=17
self.is_all_methods=False, self.min_weight=0.0, self.max_weight=0.08
single_methods
[RC-LP] method_type='return_cvar_constraint' sum=1.0000 active=17
self.is_all_methods=False, self.min_weight=0.0, self.max_weight=0.08
single_methods
[RC-LP] method_type='return_cvar_constraint' sum=1.0000 active=17
self.is_all_methods=False, self.min_weight=0.0, self.max_weight=0.08
single_methods
[RC-LP] method_type='return_cvar_constraint' sum=1.0000 active=43
self.is_all_methods=False, self.min_weight=0.0, self.max_weight=0.08
single_methods
[RC-LP] method_type='return_cvar_constraint' sum=1.0000 active=30
self.is_all_methods=False, self.min_weight=0.0, self.max_weight=0.08
single_methods
[RC-LP] method_type='return_cvar_constraint' sum=1.0000 active=25
self.is_all_methods=False, self.min_weight=0.0, self.max_weight=0.08
single_methods
[RC-LP] method_type='return_cvar_constraint' sum=1.0000 active=48
self.is_all_methods=False, self.min_weight=0.0, self.max_weight=0.08
single_methods
[RC-LP] method_type='return_cvar_constraint' sum=1.0000 active=30
self.is_all_methods=False, self.min_weight=0.0, self.max_weight=0.08
single_methods
[RC-LP] method_type='return_cvar_constraint' sum=1.0000 active=25
self.is_all_methods=False, self.min_weight=0.0, self.max_weight=0.12
single_methods
[RC-LP] method_type='return_cvar_constraint' sum=1.0000 active=10
self.is_all_methods=False, self.min_weight=0.0, self.max_weight=0.12
single_methods
[RC-LP] method_type='return_cvar_constraint' sum=1.0000 active=10
self.is_all_methods=False, self.min_weight=0.0, self.max_weight=0.12
single_methods
[RC-LP] method_type='return_cvar_constraint' sum=1.0000 active=10
self.is_all_methods=False, self.min_weight=0.0, self.max_weight=0.12
single_methods
[RC-LP] method_type='return_cvar_constraint' sum=1.0000 active=10
self.is_all_methods=False, self.min_weight=0.0, self.max_weight=0.12
single_methods
[RC-LP] method_type='return_cvar_constraint' sum=1.0000 active=10
self.is_all_methods=False, self.min_weight=0.0, self.max_weight=0.12
single_methods
[RC-LP] method_type='return_cvar_constraint' sum=1.0000 active=10
self.is_all_methods=False, self.min_weight=0.0, self.max_weight=0.12
single_methods
[RC-LP] method_type='return_cvar_constraint' sum=1.0000 active=17
self.is_all_methods=False, self.min_weight=0.0, self.max_weight=0.12
single_methods
[RC-LP] method_type='return_cvar_constraint' sum=1.0000 active=16
self.is_all_methods=False, self.min_weight=0.0, self.max_weight=0.12
single_methods
[RC-LP] method_type='return_cvar_constraint' sum=1.0000 active=16
self.is_all_methods=False, self.min_weight=0.0, self.max_weight=0.12
single_methods
[RC-LP] method_type='return_cvar_constraint' sum=1.0000 active=18
self.is_all_methods=False, self.min_weight=0.0, self.max_weight=0.12
single_methods
[RC-LP] method_type='return_cvar_constraint' sum=1.0000 active=15
self.is_all_methods=False, self.min_weight=0.0, self.max_weight=0.12
single_methods
[RC-LP] method_type='return_cvar_constraint' sum=1.0000 active=16
self.is_all_methods=False, self.min_weight=0.0, self.max_weight=0.08
single_methods
method_type='mean_cvar_sharpe' np.sum(weights)=1.000000 active=234 weights.shape=(242,)
self.is_all_methods=False, self.min_weight=0.0, self.max_weight=0.08
single_methods
method_type='mean_cvar_sharpe' np.sum(weights)=1.000000 active=234 weights.shape=(242,)
self.is_all_methods=False, self.min_weight=0.0, self.max_weight=0.08
single_methods
method_type='mean_cvar_sharpe' np.sum(weights)=1.000000 active=234 weights.shape=(242,)
self.is_all_methods=False, self.min_weight=0.0, self.max_weight=0.08
single_methods
method_type='mean_cvar_sharpe' np.sum(weights)=1.000000 active=242 weights.shape=(242,)
self.is_all_methods=False, self.min_weight=0.0, self.max_weight=0.08
single_methods
method_type='mean_cvar_sharpe' np.sum(weights)=1.000000 active=242 weights.shape=(242,)
self.is_all_methods=False, self.min_weight=0.0, self.max_weight=0.08
single_methods
method_type='mean_cvar_sharpe' np.sum(weights)=1.000000 active=242 weights.shape=(242,)
self.is_all_methods=False, self.min_weight=0.0, self.max_weight=0.08
single_methods
method_type='mean_cvar_sharpe' np.sum(weights)=1.000000 active=242 weights.shape=(242,)
self.is_all_methods=False, self.min_weight=0.0, self.max_weight=0.08
single_methods
method_type='mean_cvar_sharpe' np.sum(weights)=1.000000 active=242 weights.shape=(242,)
self.is_all_methods=False, self.min_weight=0.0, self.max_weight=0.08
single_methods
method_type='mean_cvar_sharpe' np.sum(weights)=1.000000 active=242 weights.shape=(242,)
self.is_all_methods=False, self.min_weight=0.0, self.max_weight=0.08
single_methods
method_type='mean_cvar_sharpe' np.sum(weights)=1.000000 active=242 weights.shape=(242,)
self.is_all_methods=False, self.min_weight=0.0, self.max_weight=0.08
single_methods
method_type='mean_cvar_sharpe' np.sum(weights)=1.000000 active=242 weights.shape=(242,)
self.is_all_methods=False, self.min_weight=0.0, self.max_weight=0.08
single_methods
method_type='mean_cvar_sharpe' np.sum(weights)=1.000000 active=242 weights.shape=(242,)
self.is_all_methods=False, self.min_weight=0.0, self.max_weight=0.12
single_methods
method_type='mean_cvar_sharpe' np.sum(weights)=1.000000 active=242 weights.shape=(242,)
self.is_all_methods=False, self.min_weight=0.0, self.max_weight=0.12
single_methods
method_type='mean_cvar_sharpe' np.sum(weights)=1.000000 active=242 weights.shape=(242,)
self.is_all_methods=False, self.min_weight=0.0, self.max_weight=0.12
single_methods
method_type='mean_cvar_sharpe' np.sum(weights)=1.000000 active=242 weights.shape=(242,)
self.is_all_methods=False, self.min_weight=0.0, self.max_weight=0.12
single_methods
method_type='mean_cvar_sharpe' np.sum(weights)=1.000000 active=242 weights.shape=(242,)
self.is_all_methods=False, self.min_weight=0.0, self.max_weight=0.12
single_methods
method_type='mean_cvar_sharpe' np.sum(weights)=1.000000 active=242 weights.shape=(242,)
self.is_all_methods=False, self.min_weight=0.0, self.max_weight=0.12
single_methods
method_type='mean_cvar_sharpe' np.sum(weights)=1.000000 active=242 weights.shape=(242,)
self.is_all_methods=False, self.min_weight=0.0, self.max_weight=0.12
single_methods
method_type='mean_cvar_sharpe' np.sum(weights)=1.000000 active=242 weights.shape=(242,)
self.is_all_methods=False, self.min_weight=0.0, self.max_weight=0.12
single_methods
method_type='mean_cvar_sharpe' np.sum(weights)=1.000000 active=242 weights.shape=(242,)
self.is_all_methods=False, self.min_weight=0.0, self.max_weight=0.12
single_methods
method_type='mean_cvar_sharpe' np.sum(weights)=1.000000 active=242 weights.shape=(242,)
self.is_all_methods=False, self.min_weight=0.0, self.max_weight=0.12
single_methods
method_type='mean_cvar_sharpe' np.sum(weights)=1.000000 active=242 weights.shape=(242,)
self.is_all_methods=False, self.min_weight=0.0, self.max_weight=0.12
single_methods
method_type='mean_cvar_sharpe' np.sum(weights)=1.000000 active=242 weights.shape=(242,)
self.is_all_methods=False, self.min_weight=0.0, self.max_weight=0.12
single_methods
method_type='mean_cvar_sharpe' np.sum(weights)=1.000000 active=242 weights.shape=(242,)
1.0 2021-08-02 00:00:00 1634.7397683810982 0.02556334037164111 0.00015906474905168203 0.025563340371641097
PROGRESS	2021-08-02	242	44	0.025563340371641097	1634.7397683810982
Portfolio optimization with 30 month weight rebalancing 2021-07-01 00:00:00: : 31it [07:40, 14.39s/it]Portfolio optimization with 31 month weight rebalancing 2021-08-02 00:00:00: : 31it [07:40, 14.39s/it]2026-07-30 16:47:41.761 | WARNING  | __main__:model_computation:474 - Nested engine fallback on 2021-08-02: "['EMB', 'IBB', 'IEF', 'TLT'] not in index"
self.is_all_methods=False, self.min_weight=0.0, self.max_weight=0.1
single_methods
[RC-LP] method_type='return_cvar_constraint' sum=1.0000 active=12
IN-SAMPLE alpha grid-search best alphas[index]=np.float64(0.1),results[index]=array([1.76915727e+03, 8.22256245e-02, 1.81852562e-04, 8.22256245e-02])
best_index=np.int64(0) np.sum(w_target)=np.float64(1.0) case[index%2]='max_alpha'
0.50127272792679 2021-09-01 00:00:00 1667.4051668220366 0.019982017366157005 0.0009115772981652724 0.0199820173661569
PROGRESS	2021-09-01	244	12	0.0199820173661569	1667.4051668220366
Portfolio optimization with 31 month weight rebalancing 2021-08-02 00:00:00: : 32it [07:40, 10.18s/it]Portfolio optimization with 32 month weight rebalancing 2021-09-01 00:00:00: : 32it [07:40, 10.18s/it]2026-07-30 16:47:42.098 | WARNING  | __main__:model_computation:474 - Nested engine fallback on 2021-09-01: "['BND', 'EMB', 'IBB', 'IEF', 'MCHI', 'TLT'] not in index"
self.is_all_methods=False, self.min_weight=0.0, self.max_weight=0.1
single_methods
[RC-LP] method_type='return_cvar_constraint' sum=1.0000 active=11
IN-SAMPLE alpha grid-search best alphas[index]=np.float64(0.1),results[index]=array([1.77298958e+03, 6.33225872e-02, 1.08195292e-04, 6.33225872e-02])
best_index=np.int64(0) np.sum(w_target)=np.float64(1.0) case[index%2]='max_alpha'
0.5166934642235378 2021-10-01 00:00:00 1602.8350513089893 -0.03872491029646597 0.0005590380010650572 -0.038724910296465964
PROGRESS	2021-10-01	246	11	-0.038724910296465964	1602.8350513089893
Portfolio optimization with 32 month weight rebalancing 2021-09-01 00:00:00: : 33it [07:41,  7.23s/it]Portfolio optimization with 33 month weight rebalancing 2021-10-01 00:00:00: : 33it [07:41,  7.23s/it]2026-07-30 16:47:42.463 | WARNING  | __main__:model_computation:474 - Nested engine fallback on 2021-10-01: "['BND', 'EMB', 'IBB', 'IEF', 'MBB', 'MCHI', 'SHY', 'TLT'] not in index"
self.is_all_methods=False, self.min_weight=0.0, self.max_weight=0.1
single_methods
[RC-LP] method_type='return_cvar_constraint' sum=1.0000 active=12
IN-SAMPLE alpha grid-search best alphas[index]=np.float64(1.0),results[index]=array([1.65446859e+03, 3.22138789e-02, 8.12643944e-04, 3.22138789e-02])
best_index=np.int64(0) np.sum(w_target)=np.float64(1.0) case[index%2]='max_alpha'
0.5159989879956944 2021-11-01 00:00:00 1750.790203459563 0.09230840817321981 0.00041932345266873207 0.09230840817321972
PROGRESS	2021-11-01	247	12	0.09230840817321972	1750.790203459563
Portfolio optimization with 33 month weight rebalancing 2021-10-01 00:00:00: : 34it [07:41,  5.17s/it]Portfolio optimization with 34 month weight rebalancing 2021-11-01 00:00:00: : 34it [07:41,  5.17s/it]2026-07-30 16:47:42.868 | WARNING  | __main__:model_computation:474 - Nested engine fallback on 2021-11-01: "['BND', 'EMB', 'IBB', 'IEF', 'IEI', 'MBB', 'MCHI', 'SHY', 'TLT', 'VXUS'] not in index"
self.is_all_methods=False, self.min_weight=0.0, self.max_weight=0.1
single_methods
[RC-LP] method_type='return_cvar_constraint' sum=1.0000 active=11
IN-SAMPLE alpha grid-search best alphas[index]=np.float64(1.0),results[index]=array([2.01758723e+03, 1.52386633e-01, 9.28110644e-04, 1.52386633e-01])
best_index=np.int64(0) np.sum(w_target)=np.float64(1.0) case[index%2]='max_alpha'
0.5096424704714889 2021-12-01 00:00:00 1700.0170552698091 -0.029000132676905446 0.0004730046014116013 -0.0290001326769056
PROGRESS	2021-12-01	248	11	-0.0290001326769056	1700.0170552698091
Portfolio optimization with 34 month weight rebalancing 2021-11-01 00:00:00: : 35it [07:42,  3.74s/it]Portfolio optimization with 35 month weight rebalancing 2021-12-01 00:00:00: : 35it [07:42,  3.74s/it]2026-07-30 16:47:43.232 | WARNING  | __main__:model_computation:474 - Nested engine fallback on 2021-12-01: "['BND', 'DVY', 'EMB', 'IBB', 'IEF', 'IEI', 'MBB', 'MCHI', 'SCZ', 'SHY', 'TLT', 'VTWO', 'VXUS'] not in index"
self.is_all_methods=False, self.min_weight=0.0, self.max_weight=0.1
single_methods
[RC-LP] method_type='return_cvar_constraint' sum=1.0000 active=11
IN-SAMPLE alpha grid-search best alphas[index]=np.float64(1.0),results[index]=array([1.86075189e+03, 9.45489555e-02, 6.42723147e-04, 9.45489555e-02])
best_index=np.int64(0) np.sum(w_target)=np.float64(1.0000000000000002) case[index%2]='max_alpha'
0.532360760763409 2022-01-03 00:00:00 1714.8236094777296 0.00870965038969606 0.00034216058336634264 0.008709650389695955
PROGRESS	2022-01-03	252	11	0.008709650389695955	1714.8236094777296
Portfolio optimization with 35 month weight rebalancing 2021-12-01 00:00:00: : 36it [07:42,  2.73s/it]Portfolio optimization with 36 month weight rebalancing 2022-01-03 00:00:00: : 36it [07:42,  2.73s/it]2026-07-30 16:47:43.582 | WARNING  | __main__:model_computation:474 - Nested engine fallback on 2022-01-03: "['BND', 'DVY', 'EMB', 'IBB', 'IEF', 'IEI', 'MBB', 'MCHI', 'SCZ', 'SHY', 'TLT', 'VTWO', 'VXUS'] not in index"
self.is_all_methods=False, self.min_weight=0.0, self.max_weight=0.1
single_methods
[RC-LP] method_type='return_cvar_constraint' sum=1.0000 active=13
IN-SAMPLE alpha grid-search best alphas[index]=np.float64(1.0),results[index]=array([1.86465414e+03, 8.73737256e-02, 5.88664308e-04, 8.73737256e-02])
best_index=np.int64(0) np.sum(w_target)=np.float64(1.0) case[index%2]='max_alpha'
0.5253691993228037 2022-02-01 00:00:00 1716.418087251043 0.0009298202826814953 0.0003092660960542145 0.000929820282681515
PROGRESS	2022-02-01	250	12	0.000929820282681515	1716.418087251043
Portfolio optimization with 36 month weight rebalancing 2022-01-03 00:00:00: : 37it [07:42,  2.01s/it]Portfolio optimization with 37 month weight rebalancing 2022-02-01 00:00:00: : 37it [07:42,  2.01s/it]2026-07-30 16:47:43.971 | WARNING  | __main__:model_computation:474 - Nested engine fallback on 2022-02-01: "['BND', 'DVY', 'EMB', 'IBB', 'IEF', 'IEI', 'MBB', 'MCHI', 'SCZ', 'SHY', 'TLT', 'VTWO', 'VXUS'] not in index"
self.is_all_methods=False, self.min_weight=0.0, self.max_weight=0.1
single_methods
[RC-LP] method_type='return_cvar_constraint' sum=1.0000 active=18
IN-SAMPLE alpha grid-search best alphas[index]=np.float64(1.0),results[index]=array([1.73543977e+03, 1.10821942e-02, 5.06272810e-04, 1.10821942e-02])
best_index=np.int64(0) np.sum(w_target)=np.float64(1.0000000000000002) case[index%2]='max_alpha'
0.5225376632047147 2022-03-01 00:00:00 1777.1683251754516 0.03539361323190427 0.000264546610849843 0.035393613231904375
PROGRESS	2022-03-01	245	18	0.035393613231904375	1777.1683251754516
Portfolio optimization with 37 month weight rebalancing 2022-02-01 00:00:00: : 38it [07:43,  1.53s/it]Portfolio optimization with 38 month weight rebalancing 2022-03-01 00:00:00: : 38it [07:43,  1.53s/it]2026-07-30 16:47:44.305 | WARNING  | __main__:model_computation:474 - Nested engine fallback on 2022-03-01: "['BND', 'DVY', 'EMB', 'IBB', 'IEF', 'IEI', 'MBB', 'MCHI', 'SCZ', 'SHY', 'TLT', 'VTWO', 'VXUS'] not in index"
self.is_all_methods=False, self.min_weight=0.0, self.max_weight=0.1
single_methods
[RC-LP] method_type='return_cvar_constraint' sum=1.0000 active=21
IN-SAMPLE alpha grid-search best alphas[index]=np.float64(1.0),results[index]=array([1.98114296e+03, 1.14775077e-01, 9.24831047e-04, 1.14775077e-01])
best_index=np.int64(0) np.sum(w_target)=np.float64(1.0) case[index%2]='max_alpha'
0.5067266221353219 2022-04-01 00:00:00 1889.0831354584495 0.06297366923414476 0.0004686365126338069 0.06297366923414471
PROGRESS	2022-04-01	247	16	0.06297366923414471	1889.0831354584495
Portfolio optimization with 38 month weight rebalancing 2022-03-01 00:00:00: : 39it [07:43,  1.17s/it]Portfolio optimization with 39 month weight rebalancing 2022-04-01 00:00:00: : 39it [07:43,  1.17s/it]2026-07-30 16:47:44.659 | WARNING  | __main__:model_computation:474 - Nested engine fallback on 2022-04-01: "['BND', 'DVY', 'EMB', 'IBB', 'IEF', 'IEI', 'MBB', 'MCHI', 'SCZ', 'SHY', 'TLT', 'VTWO', 'VXUS'] not in index"
self.is_all_methods=False, self.min_weight=0.0, self.max_weight=0.1
single_methods
[RC-LP] method_type='return_cvar_constraint' sum=1.0000 active=13
IN-SAMPLE alpha grid-search best alphas[index]=np.float64(1.0),results[index]=array([2.26326788e+03, 1.98077436e-01, 7.65528481e-04, 1.98077436e-01])
best_index=np.int64(0) np.sum(w_target)=np.float64(1.0) case[index%2]='max_alpha'
0.5242813061727225 2022-05-02 00:00:00 1797.1006328678277 -0.04869161174756834 0.00040135227185303775 -0.04869161174756831
PROGRESS	2022-05-02	248	13	-0.04869161174756831	1797.1006328678277
Portfolio optimization with 39 month weight rebalancing 2022-04-01 00:00:00: : 40it [07:43,  1.08it/s]Portfolio optimization with 40 month weight rebalancing 2022-05-02 00:00:00: : 40it [07:43,  1.08it/s]2026-07-30 16:47:44.997 | WARNING  | __main__:model_computation:474 - Nested engine fallback on 2022-05-02: "['BND', 'DVY', 'EMB', 'IBB', 'IEF', 'IEI', 'MBB', 'MCHI', 'SCZ', 'SHY', 'TLT', 'VTWO', 'VXUS'] not in index"
self.is_all_methods=False, self.min_weight=0.0, self.max_weight=0.1
single_methods
[RC-LP] method_type='return_cvar_constraint' sum=1.0000 active=12
IN-SAMPLE alpha grid-search best alphas[index]=np.float64(1.0),results[index]=array([2.00602206e+03, 1.16254718e-01, 4.69032470e-04, 1.16254718e-01])
best_index=np.int64(0) np.sum(w_target)=np.float64(1.0) case[index%2]='max_alpha'
0.5443586401133167 2022-06-01 00:00:00 1966.2514453100778 0.09412428516722397 0.00025532187766481466 0.09412428516722393
PROGRESS	2022-06-01	248	12	0.09412428516722393	1966.2514453100778
Portfolio optimization with 40 month weight rebalancing 2022-05-02 00:00:00: : 41it [07:44,  1.33it/s]Portfolio optimization with 41 month weight rebalancing 2022-06-01 00:00:00: : 41it [07:44,  1.33it/s]2026-07-30 16:47:45.434 | WARNING  | __main__:model_computation:474 - Nested engine fallback on 2022-06-01: "['BND', 'DVY', 'EMB', 'IBB', 'IEF', 'IEI', 'MBB', 'MCHI', 'SCZ', 'SHY', 'TLT', 'VTWO', 'VXUS'] not in index"
self.is_all_methods=False, self.min_weight=0.0, self.max_weight=0.1
single_methods
[RC-LP] method_type='return_cvar_constraint' sum=1.0000 active=15
IN-SAMPLE alpha grid-search best alphas[index]=np.float64(0.1),results[index]=array([2.13994099e+03, 8.83353670e-02, 3.42582966e-05, 8.83353670e-02])
best_index=np.int64(0) np.sum(w_target)=np.float64(1.0) case[index%2]='max_alpha'
0.5321018393198783 2022-07-01 00:00:00 1679.5343727032598 -0.1458191287236932 0.00018228902644693107 -0.14581912872369318
PROGRESS	2022-07-01	249	14	-0.14581912872369318	1679.5343727032598
Portfolio optimization with 41 month weight rebalancing 2022-06-01 00:00:00: : 42it [07:44,  1.53it/s]Portfolio optimization with 42 month weight rebalancing 2022-07-01 00:00:00: : 42it [07:44,  1.53it/s]2026-07-30 16:47:45.779 | WARNING  | __main__:model_computation:474 - Nested engine fallback on 2022-07-01: "['BND', 'DVY', 'EMB', 'IBB', 'IEF', 'IEI', 'MBB', 'MCHI', 'SCZ', 'SHY', 'TLT', 'VTWO', 'VXUS'] not in index"
self.is_all_methods=False, self.min_weight=0.0, self.max_weight=0.1
single_methods
[RC-LP] method_type='return_cvar_constraint' sum=1.0000 active=12
IN-SAMPLE alpha grid-search best alphas[index]=np.float64(1.0),results[index]=array([ 1.51680804e+03, -9.68877664e-02,  1.60293940e-04, -9.68877664e-02])
best_index=np.int64(0) np.sum(w_target)=np.float64(1.0) case[index%2]='max_alpha'
0.5240776475509413 2022-08-01 00:00:00 1812.503313110151 0.07917012153366881 8.400647087452729e-05 0.07917012153366887
PROGRESS	2022-08-01	250	12	0.07917012153366887	1812.503313110151
Portfolio optimization with 42 month weight rebalancing 2022-07-01 00:00:00: : 43it [07:44,  1.78it/s]Portfolio optimization with 43 month weight rebalancing 2022-08-01 00:00:00: : 43it [07:44,  1.78it/s]2026-07-30 16:47:46.121 | WARNING  | __main__:model_computation:474 - Nested engine fallback on 2022-08-01: "['BND', 'DVY', 'EMB', 'IBB', 'IEF', 'IEI', 'MBB', 'MCHI', 'SCZ', 'SHY', 'TLT', 'VTWO', 'VXUS'] not in index"
self.is_all_methods=False, self.min_weight=0.0, self.max_weight=0.1
single_methods
[RC-LP] method_type='return_cvar_constraint' sum=1.0000 active=12
IN-SAMPLE alpha grid-search best alphas[index]=np.float64(0.1),results[index]=array([ 1.77690122e+03, -1.96424978e-02,  1.23916222e-05, -1.96424978e-02])
best_index=np.int64(0) np.sum(w_target)=np.float64(1.0000000000000002) case[index%2]='max_alpha'
0.48544581637830386 2022-09-01 00:00:00 1840.6267640808585 0.015516358379753336 6.015461143977812e-05 0.015516358379753292
PROGRESS	2022-09-01	253	12	0.015516358379753292	1840.6267640808585
Portfolio optimization with 43 month weight rebalancing 2022-08-01 00:00:00: : 44it [07:45,  2.02it/s]Portfolio optimization with 44 month weight rebalancing 2022-09-01 00:00:00: : 44it [07:45,  2.02it/s]2026-07-30 16:47:46.522 | WARNING  | __main__:model_computation:474 - Nested engine fallback on 2022-09-01: "['BND', 'DVY', 'EMB', 'IBB', 'IEF', 'IEI', 'MBB', 'MCHI', 'SCZ', 'SHY', 'TLT', 'VTWO', 'VXUS'] not in index"
self.is_all_methods=False, self.min_weight=0.0, self.max_weight=0.1
single_methods
[RC-LP] method_type='return_cvar_constraint' sum=1.0000 active=11
IN-SAMPLE alpha grid-search best alphas[index]=np.float64(1.0),results[index]=array([ 1.67451187e+03, -9.02490929e-02,  1.19922417e-04, -9.02490929e-02])
best_index=np.int64(0) np.sum(w_target)=np.float64(1.0) case[index%2]='max_alpha'
0.493160267872249 2022-10-03 00:00:00 1672.6240683951678 -0.0912747217220787 5.9140971124667274e-05 -0.09127472172207873
PROGRESS	2022-10-03	253	11	-0.09127472172207873	1672.6240683951678
Portfolio optimization with 44 month weight rebalancing 2022-09-01 00:00:00: : 45it [07:45,  2.14it/s]Portfolio optimization with 45 month weight rebalancing 2022-10-03 00:00:00: : 45it [07:45,  2.14it/s]2026-07-30 16:47:46.867 | WARNING  | __main__:model_computation:474 - Nested engine fallback on 2022-10-03: "['BND', 'DVY', 'EMB', 'IBB', 'IEF', 'IEI', 'MBB', 'MCHI', 'SCZ', 'SHY', 'TLT', 'VONE', 'VTWO', 'VXUS'] not in index"
self.is_all_methods=False, self.min_weight=0.0, self.max_weight=0.1
single_methods
[RC-LP] method_type='return_cvar_constraint' sum=1.0000 active=10
IN-SAMPLE alpha grid-search best alphas[index]=np.float64(1.0),results[index]=array([1.69401490e+03, 1.27887838e-02, 8.33260422e-05, 1.27887838e-02])
best_index=np.int64(0) np.sum(w_target)=np.float64(1.0) case[index%2]='max_alpha'
0.48059190584634653 2022-11-01 00:00:00 1968.467954281672 0.1768741054709068 4.004582144852417e-05 0.17687410547090687
PROGRESS	2022-11-01	251	10	0.17687410547090687	1968.467954281672
Portfolio optimization with 45 month weight rebalancing 2022-10-03 00:00:00: : 46it [07:46,  2.32it/s]Portfolio optimization with 46 month weight rebalancing 2022-11-01 00:00:00: : 46it [07:46,  2.32it/s]2026-07-30 16:47:47.225 | WARNING  | __main__:model_computation:474 - Nested engine fallback on 2022-11-01: "['BND', 'DVY', 'EMB', 'IBB', 'IEF', 'IEI', 'MBB', 'MCHI', 'SCZ', 'SHY', 'TLT', 'VONE', 'VTWO', 'VXUS'] not in index"
self.is_all_methods=False, self.min_weight=0.0, self.max_weight=0.1
single_methods
[RC-LP] method_type='return_cvar_constraint' sum=1.0000 active=12
IN-SAMPLE alpha grid-search best alphas[index]=np.float64(0.1),results[index]=array([2.25477728e+03, 1.45447795e-01, 2.25718908e-05, 1.45447795e-01])
best_index=np.int64(0) np.sum(w_target)=np.float64(1.0) case[index%2]='max_alpha'
0.4986741897947723 2022-12-01 00:00:00 2035.3038840812408 0.033953272977694064 0.0001125601934484715 0.03395327297769413
PROGRESS	2022-12-01	251	12	0.03395327297769413	2035.3038840812408
Portfolio optimization with 46 month weight rebalancing 2022-11-01 00:00:00: : 47it [07:46,  2.45it/s]Portfolio optimization with 47 month weight rebalancing 2022-12-01 00:00:00: : 47it [07:46,  2.45it/s]2026-07-30 16:47:47.580 | WARNING  | __main__:model_computation:474 - Nested engine fallback on 2022-12-01: "['BND', 'DVY', 'EMB', 'IBB', 'IEF', 'IEI', 'MBB', 'MCHI', 'SCZ', 'SHY', 'TLT', 'VONE', 'VONG', 'VTWO', 'VXUS'] not in index"
self.is_all_methods=False, self.min_weight=0.0, self.max_weight=0.1
single_methods
[RC-LP] method_type='return_cvar_constraint' sum=1.0000 active=10
IN-SAMPLE alpha grid-search best alphas[index]=np.float64(1.0),results[index]=array([2.31143510e+03, 1.35670754e-01, 3.30065853e-04, 1.35670754e-01])
best_index=np.int64(0) np.sum(w_target)=np.float64(1.0) case[index%2]='max_alpha'
0.5287925072446082 2023-01-03 00:00:00 1955.6747976859115 -0.03912392985545482 0.0001745363498886738 -0.039123929855454875
PROGRESS	2023-01-03	252	10	-0.039123929855454875	1955.6747976859115
Portfolio optimization with 47 month weight rebalancing 2022-12-01 00:00:00: : 48it [07:46,  2.55it/s]Portfolio optimization with 48 month weight rebalancing 2023-01-03 00:00:00: : 48it [07:46,  2.55it/s]2026-07-30 16:47:47.989 | WARNING  | __main__:model_computation:474 - Nested engine fallback on 2023-01-03: "['BND', 'DVY', 'EMB', 'IBB', 'IEF', 'IEI', 'MBB', 'MCHI', 'SCZ', 'SHY', 'TLT', 'VONE', 'VONG', 'VTWO', 'VXUS'] not in index"
self.is_all_methods=False, self.min_weight=0.0, self.max_weight=0.1
single_methods
[RC-LP] method_type='return_cvar_constraint' sum=1.0000 active=12
IN-SAMPLE alpha grid-search best alphas[index]=np.float64(1.0),results[index]=array([2.16675515e+03, 1.07932235e-01, 1.48936326e-04, 1.07932235e-01])
best_index=np.int64(0) np.sum(w_target)=np.float64(1.0) case[index%2]='max_alpha'
0.5328516346973715 2023-02-01 00:00:00 2059.337082205617 0.053005890673830935 7.936096471955165e-05 0.05300589067383088
PROGRESS	2023-02-01	252	12	0.05300589067383088	2059.337082205617
Portfolio optimization with 48 month weight rebalancing 2023-01-03 00:00:00: : 49it [07:47,  2.52it/s]Portfolio optimization with 49 month weight rebalancing 2023-02-01 00:00:00: : 49it [07:47,  2.52it/s]2026-07-30 16:47:48.328 | WARNING  | __main__:model_computation:474 - Nested engine fallback on 2023-02-01: "['BND', 'DVY', 'EMB', 'IBB', 'IEF', 'IEI', 'MBB', 'MCHI', 'SCZ', 'SHY', 'TLT', 'VONE', 'VONG', 'VTWO', 'VXUS'] not in index"
self.is_all_methods=False, self.min_weight=0.0, self.max_weight=0.1
single_methods
[RC-LP] method_type='return_cvar_constraint' sum=1.0000 active=11
IN-SAMPLE alpha grid-search best alphas[index]=np.float64(1.0),results[index]=array([2.16726854e+03, 5.24107757e-02, 3.36143179e-04, 5.24107757e-02])
best_index=np.int64(0) np.sum(w_target)=np.float64(1.0) case[index%2]='max_alpha'
0.5281364969081387 2023-03-01 00:00:00 1941.6522089234063 -0.05714696942968004 0.00017752948086417075 -0.057146969429680006
PROGRESS	2023-03-01	252	11	-0.057146969429680006	1941.6522089234063
Portfolio optimization with 49 month weight rebalancing 2023-02-01 00:00:00: : 50it [07:47,  2.63it/s]Portfolio optimization with 50 month weight rebalancing 2023-03-01 00:00:00: : 50it [07:47,  2.63it/s]2026-07-30 16:47:48.666 | WARNING  | __main__:model_computation:474 - Nested engine fallback on 2023-03-01: "['BND', 'DVY', 'EMB', 'IBB', 'IEF', 'IEI', 'MBB', 'MCHI', 'SCZ', 'SHY', 'TLT', 'VONE', 'VONG', 'VONV', 'VTWO', 'VXUS'] not in index"
self.is_all_methods=False, self.min_weight=0.0, self.max_weight=0.1
single_methods
[RC-LP] method_type='return_cvar_constraint' sum=1.0000 active=12
IN-SAMPLE alpha grid-search best alphas[index]=np.float64(1.0),results[index]=array([ 1.87908567e+03, -3.22233510e-02,  3.90880004e-04, -3.22233510e-02])
best_index=np.int64(0) np.sum(w_target)=np.float64(1.0) case[index%2]='max_alpha'
0.5161098276928212 2023-04-03 00:00:00 1916.0478994529863 -0.013186867016012604 0.00020173701141071787 -0.013186867016012571
PROGRESS	2023-04-03	254	12	-0.013186867016012571	1916.0478994529863
Portfolio optimization with 50 month weight rebalancing 2023-03-01 00:00:00: : 51it [07:47,  2.71it/s]Portfolio optimization with 51 month weight rebalancing 2023-04-03 00:00:00: : 51it [07:47,  2.71it/s]2026-07-30 16:47:49.017 | WARNING  | __main__:model_computation:474 - Nested engine fallback on 2023-04-03: "['BND', 'DVY', 'EMB', 'IBB', 'IEF', 'IEI', 'IJT', 'MBB', 'MCHI', 'SCZ', 'SHY', 'TLT', 'VONE', 'VONG', 'VONV', 'VTWO', 'VXUS'] not in index"
self.is_all_methods=False, self.min_weight=0.0, self.max_weight=0.1
single_methods
[RC-LP] method_type='return_cvar_constraint' sum=1.0000 active=13
IN-SAMPLE alpha grid-search best alphas[index]=np.float64(1.0),results[index]=array([1.97616752e+03, 3.13768896e-02, 5.84145055e-04, 3.13768896e-02])
best_index=np.int64(0) np.sum(w_target)=np.float64(1.0000000000000002) case[index%2]='max_alpha'
0.4967784555328061 2023-05-01 00:00:00 1919.0248174173732 0.0015536761712674422 0.0002901906783977567 0.0015536761712673375
PROGRESS	2023-05-01	253	12	0.0015536761712673375	1919.0248174173732
Portfolio optimization with 51 month weight rebalancing 2023-04-03 00:00:00: : 52it [07:48,  2.74it/s]Portfolio optimization with 52 month weight rebalancing 2023-05-01 00:00:00: : 52it [07:48,  2.74it/s]2026-07-30 16:47:49.459 | WARNING  | __main__:model_computation:474 - Nested engine fallback on 2023-05-01: "['BND', 'DVY', 'EMB', 'IBB', 'IEF', 'IEI', 'IJT', 'MBB', 'MCHI', 'SCZ', 'SHY', 'TLT', 'VONE', 'VONG', 'VONV', 'VTWO', 'VXUS'] not in index"
self.is_all_methods=False, self.min_weight=0.0, self.max_weight=0.1
single_methods
[RC-LP] method_type='return_cvar_constraint' sum=1.0000 active=11
IN-SAMPLE alpha grid-search best alphas[index]=np.float64(0.4),results[index]=array([ 1.85896118e+03, -3.12990395e-02,  3.86405328e-04, -3.12990395e-02])
best_index=np.int64(0) np.sum(w_target)=np.float64(1.0000000000000002) case[index%2]='max_alpha'
0.5056308220556126 2023-06-01 00:00:00 1843.5361871972932 -0.03933697445438604 0.0004884461086829675 -0.039336974454386
PROGRESS	2023-06-01	254	10	-0.039336974454386	1843.5361871972932
Portfolio optimization with 52 month weight rebalancing 2023-05-01 00:00:00: : 53it [07:48,  2.58it/s]Portfolio optimization with 53 month weight rebalancing 2023-06-01 00:00:00: : 53it [07:48,  2.58it/s]2026-07-30 16:47:49.817 | WARNING  | __main__:model_computation:474 - Nested engine fallback on 2023-06-01: "['BND', 'DVY', 'EMB', 'IBB', 'IEF', 'IEI', 'IJT', 'MBB', 'MCHI', 'SCZ', 'SHY', 'TLT', 'VONE', 'VONG', 'VONV', 'VTWO', 'VXUS'] not in index"
self.is_all_methods=False, self.min_weight=0.0, self.max_weight=0.1
single_methods
[RC-LP] method_type='return_cvar_constraint' sum=1.0000 active=11
IN-SAMPLE alpha grid-search best alphas[index]=np.float64(1.0),results[index]=array([1.95433405e+03, 6.01007284e-02, 1.26252806e-03, 6.01007284e-02])
best_index=np.int64(0) np.sum(w_target)=np.float64(1.0) case[index%2]='max_alpha'
0.49486658449768345 2023-07-03 00:00:00 1974.5013329682347 0.07104018173358792 0.0006247829492622922 0.07104018173358795
PROGRESS	2023-07-03	252	11	0.07104018173358795	1974.5013329682347
Portfolio optimization with 53 month weight rebalancing 2023-06-01 00:00:00: : 54it [07:48,  2.65it/s]Portfolio optimization with 54 month weight rebalancing 2023-07-03 00:00:00: : 54it [07:48,  2.65it/s]2026-07-30 16:47:50.158 | WARNING  | __main__:model_computation:474 - Nested engine fallback on 2023-07-03: "['BND', 'DVY', 'EMB', 'IBB', 'IEF', 'IEI', 'IJT', 'MBB', 'MCHI', 'SCZ', 'SHY', 'TLT', 'VONE', 'VONG', 'VONV', 'VTWO', 'VXUS'] not in index"
self.is_all_methods=False, self.min_weight=0.0, self.max_weight=0.1
single_methods
[RC-LP] method_type='return_cvar_constraint' sum=1.0000 active=11
IN-SAMPLE alpha grid-search best alphas[index]=np.float64(1.0),results[index]=array([2.30045762e+03, 1.65082841e-01, 9.84598307e-04, 1.65082841e-01])
best_index=np.int64(0) np.sum(w_target)=np.float64(1.0) case[index%2]='max_alpha'
0.5109916553689609 2023-08-01 00:00:00 2060.714577861933 0.04366330042638942 0.0005031215186136708 0.04366330042638933
PROGRESS	2023-08-01	251	11	0.04366330042638933	2060.714577861933
Portfolio optimization with 54 month weight rebalancing 2023-07-03 00:00:00: : 55it [07:49,  2.73it/s]Portfolio optimization with 55 month weight rebalancing 2023-08-01 00:00:00: : 55it [07:49,  2.73it/s]2026-07-30 16:47:50.503 | WARNING  | __main__:model_computation:474 - Nested engine fallback on 2023-08-01: "['BND', 'DVY', 'EMB', 'IBB', 'IEF', 'IEI', 'IJT', 'MBB', 'MCHI', 'SCZ', 'SHY', 'TLT', 'VONE', 'VONG', 'VONV', 'VTWO', 'VXUS'] not in index"
self.is_all_methods=False, self.min_weight=0.0, self.max_weight=0.1
single_methods
[RC-LP] method_type='return_cvar_constraint' sum=1.0000 active=14
IN-SAMPLE alpha grid-search best alphas[index]=np.float64(1.0),results[index]=array([2.49031429e+03, 2.08471233e-01, 4.07480833e-04, 2.08471233e-01])
best_index=np.int64(0) np.sum(w_target)=np.float64(1.0) case[index%2]='max_alpha'
0.5351571409198869 2023-09-01 00:00:00 2000.8103883338113 -0.029069619913241244 0.00021806627769210246 -0.029069619913241196
PROGRESS	2023-09-01	252	14	-0.029069619913241196	2000.8103883338113
Portfolio optimization with 55 month weight rebalancing 2023-08-01 00:00:00: : 56it [07:49,  2.77it/s]Portfolio optimization with 56 month weight rebalancing 2023-09-01 00:00:00: : 56it [07:49,  2.77it/s]2026-07-30 16:47:50.915 | WARNING  | __main__:model_computation:474 - Nested engine fallback on 2023-09-01: "['BND', 'DVY', 'EMB', 'IBB', 'IEF', 'IEI', 'IJT', 'MBB', 'MCHI', 'SCZ', 'SHY', 'TLT', 'VONE', 'VONG', 'VONV', 'VTWO', 'VXUS'] not in index"
self.is_all_methods=False, self.min_weight=0.0, self.max_weight=0.1
single_methods
[RC-LP] method_type='return_cvar_constraint' sum=1.0000 active=13
IN-SAMPLE alpha grid-search best alphas[index]=np.float64(1.0),results[index]=array([2.15430616e+03, 7.67168015e-02, 2.81448225e-04, 7.67168015e-02])
best_index=np.int64(0) np.sum(w_target)=np.float64(1.0) case[index%2]='max_alpha'
0.5485835257863754 2023-10-02 00:00:00 1904.2604885530607 -0.04825539708495478 0.0001543978597959071 -0.04825539708495474
PROGRESS	2023-10-02	250	13	-0.04825539708495474	1904.2604885530607
Portfolio optimization with 56 month weight rebalancing 2023-09-01 00:00:00: : 57it [07:50,  2.66it/s]Portfolio optimization with 57 month weight rebalancing 2023-10-02 00:00:00: : 57it [07:50,  2.66it/s]2026-07-30 16:47:51.278 | WARNING  | __main__:model_computation:474 - Nested engine fallback on 2023-10-02: "['BND', 'DVY', 'EMB', 'IBB', 'IEF', 'IEI', 'IJT', 'MBB', 'MCHI', 'SCZ', 'SHY', 'TLT', 'VONE', 'VONG', 'VONV', 'VTWO', 'VXUS'] not in index"
self.is_all_methods=False, self.min_weight=0.0, self.max_weight=0.1
single_methods
[RC-LP] method_type='return_cvar_constraint' sum=1.0000 active=13
IN-SAMPLE alpha grid-search best alphas[index]=np.float64(1.0),results[index]=array([1.93858702e+03, 1.80261764e-02, 3.01336028e-04, 1.80261764e-02])
best_index=np.int64(0) np.sum(w_target)=np.float64(1.0) case[index%2]='max_alpha'
0.525069779737666 2023-11-01 00:00:00 1826.6439533712542 -0.04075941062075117 0.00015822244195496158 -0.04075941062075117
PROGRESS	2023-11-01	249	13	-0.04075941062075117	1826.6439533712542
Portfolio optimization with 57 month weight rebalancing 2023-10-02 00:00:00: : 58it [07:50,  2.69it/s]Portfolio optimization with 58 month weight rebalancing 2023-11-01 00:00:00: : 58it [07:50,  2.69it/s]2026-07-30 16:47:51.633 | WARNING  | __main__:model_computation:474 - Nested engine fallback on 2023-11-01: "['BND', 'DVY', 'EMB', 'IBB', 'IEF', 'IEI', 'IJT', 'MBB', 'MCHI', 'SCZ', 'SHY', 'TLT', 'VONE', 'VONG', 'VONV', 'VTWO', 'VXUS'] not in index"
self.is_all_methods=False, self.min_weight=0.0, self.max_weight=0.1
single_methods
[RC-LP] method_type='return_cvar_constraint' sum=1.0000 active=13
IN-SAMPLE alpha grid-search best alphas[index]=np.float64(1.0),results[index]=array([ 1.70349140e+03, -6.74201221e-02,  5.77029142e-04, -6.74201221e-02])
best_index=np.int64(0) np.sum(w_target)=np.float64(1.0) case[index%2]='max_alpha'
0.5086225443220536 2023-12-01 00:00:00 2026.5315013060522 0.1094288504149292 0.00029349003033709767 0.10942885041492922
PROGRESS	2023-12-01	248	13	0.10942885041492922	2026.5315013060522
Portfolio optimization with 58 month weight rebalancing 2023-11-01 00:00:00: : 59it [07:50,  2.73it/s]Portfolio optimization with 59 month weight rebalancing 2023-12-01 00:00:00: : 59it [07:50,  2.73it/s]2026-07-30 16:47:51.973 | WARNING  | __main__:model_computation:474 - Nested engine fallback on 2023-12-01: "['BITO', 'BND', 'DVY', 'EMB', 'IBB', 'IEF', 'IEI', 'IJT', 'MBB', 'MCHI', 'SCZ', 'SHY', 'TLT', 'VONE', 'VONG', 'VONV', 'VTWO', 'VXUS'] not in index"
self.is_all_methods=False, self.min_weight=0.0, self.max_weight=0.1
single_methods
[RC-LP] method_type='return_cvar_constraint' sum=1.0000 active=12
IN-SAMPLE alpha grid-search best alphas[index]=np.float64(1.0),results[index]=array([2.14999205e+03, 6.09220983e-02, 3.75527408e-04, 6.09220983e-02])
best_index=np.int64(0) np.sum(w_target)=np.float64(1.0) case[index%2]='max_alpha'
0.48824282309631517 2024-01-02 00:00:00 2161.810321145047 0.066753869728554 0.00018334856174163488 0.0667538697285539
PROGRESS	2024-01-02	249	12	0.0667538697285539	2161.810321145047
Portfolio optimization with 59 month weight rebalancing 2023-12-01 00:00:00: : 60it [07:51,  2.79it/s]Portfolio optimization with 60 month weight rebalancing 2024-01-02 00:00:00: : 60it [07:51,  2.79it/s]2026-07-30 16:47:52.383 | WARNING  | __main__:model_computation:474 - Nested engine fallback on 2024-01-02: "['BITO', 'BND', 'DVY', 'EMB', 'IBB', 'IEF', 'IEI', 'IJT', 'MBB', 'MCHI', 'SCZ', 'SHY', 'TLT', 'VONE', 'VONG', 'VONV', 'VTWO', 'VXUS'] not in index"
self.is_all_methods=False, self.min_weight=0.0, self.max_weight=0.1
single_methods
[RC-LP] method_type='return_cvar_constraint' sum=1.0000 active=12
IN-SAMPLE alpha grid-search best alphas[index]=np.float64(1.0),results[index]=array([2.69025380e+03, 2.44444887e-01, 6.43644732e-04, 2.44444887e-01])
best_index=np.int64(0) np.sum(w_target)=np.float64(1.0) case[index%2]='max_alpha'
0.50983128347236 2024-02-01 00:00:00 2194.5412657228185 0.015140525631515477 0.00032815021992004304 0.015140525631515578
PROGRESS	2024-02-01	250	12	0.015140525631515578	2194.5412657228185
Portfolio optimization with 60 month weight rebalancing 2024-01-02 00:00:00: : 61it [07:51,  2.66it/s]Portfolio optimization with 61 month weight rebalancing 2024-02-01 00:00:00: : 61it [07:51,  2.66it/s]2026-07-30 16:47:52.728 | WARNING  | __main__:model_computation:474 - Nested engine fallback on 2024-02-01: "['BITO', 'BND', 'DVY', 'EMB', 'IBB', 'IEF', 'IEI', 'IJT', 'MBB', 'MCHI', 'SCZ', 'SHY', 'TLT', 'VONE', 'VONG', 'VONV', 'VTWO', 'VXUS'] not in index"
self.is_all_methods=False, self.min_weight=0.0, self.max_weight=0.1
single_methods
[RC-LP] method_type='return_cvar_constraint' sum=1.0000 active=12
IN-SAMPLE alpha grid-search best alphas[index]=np.float64(1.0),results[index]=array([2.73591351e+03, 2.46690394e-01, 3.21317031e-04, 2.46690394e-01])
best_index=np.int64(0) np.sum(w_target)=np.float64(1.0) case[index%2]='max_alpha'
0.5506808414601914 2024-03-01 00:00:00 2439.9690901001695 0.11183559325621244 0.00017694313316136552 0.1118355932562125
PROGRESS	2024-03-01	248	12	0.1118355932562125	2439.9690901001695
Portfolio optimization with 61 month weight rebalancing 2024-02-01 00:00:00: : 62it [07:51,  2.75it/s]Portfolio optimization with 62 month weight rebalancing 2024-03-01 00:00:00: : 62it [07:51,  2.75it/s]2026-07-30 16:47:53.068 | WARNING  | __main__:model_computation:474 - Nested engine fallback on 2024-03-01: "['BITO', 'BND', 'DVY', 'EMB', 'IBB', 'IEF', 'IEI', 'IJT', 'JEPQ', 'MBB', 'MCHI', 'SCZ', 'SHY', 'TLT', 'VONE', 'VONG', 'VONV', 'VTWO', 'VXUS'] not in index"
self.is_all_methods=False, self.min_weight=0.0, self.max_weight=0.1
single_methods
[RC-LP] method_type='return_cvar_constraint' sum=1.0000 active=12
IN-SAMPLE alpha grid-search best alphas[index]=np.float64(1.0),results[index]=array([2.97078695e+03, 2.17551058e-01, 2.81040273e-04, 2.17551058e-01])
best_index=np.int64(0) np.sum(w_target)=np.float64(1.0) case[index%2]='max_alpha'
0.5592297694661373 2024-04-01 00:00:00 2513.1789106026577 0.03000440489165479 0.00015716608689286926 0.03000440489165479
PROGRESS	2024-04-01	247	12	0.03000440489165479	2513.1789106026577
Portfolio optimization with 62 month weight rebalancing 2024-03-01 00:00:00: : 63it [07:52,  2.77it/s]Portfolio optimization with 63 month weight rebalancing 2024-04-01 00:00:00: : 63it [07:52,  2.77it/s]2026-07-30 16:47:53.422 | WARNING  | __main__:model_computation:474 - Nested engine fallback on 2024-04-01: "['BITO', 'BND', 'DVY', 'EMB', 'GBTC', 'IBB', 'IBIT', 'IEF', 'IEI', 'IJT', 'JEPQ', 'MBB', 'MCHI', 'QQQM', 'SCZ', 'SHY', 'TLT', 'VONE', 'VONG', 'VONV', 'VTWO', 'VXUS'] not in index"
self.is_all_methods=False, self.min_weight=0.0, self.max_weight=0.1
single_methods
[RC-LP] method_type='return_cvar_constraint' sum=1.0000 active=12
IN-SAMPLE alpha grid-search best alphas[index]=np.float64(1.0),results[index]=array([3.05986272e+03, 2.17526817e-01, 1.46196634e-04, 2.17526817e-01])
best_index=np.int64(0) np.sum(w_target)=np.float64(1.0000000000000002) case[index%2]='max_alpha'
0.5551862993199373 2024-05-01 00:00:00 2385.21773928913 -0.0509160612376946 8.116636828186974e-05 -0.050916061237694654
PROGRESS	2024-05-01	244	12	-0.050916061237694654	2385.21773928913
Portfolio optimization with 63 month weight rebalancing 2024-04-01 00:00:00: : 64it [07:52,  2.82it/s]Portfolio optimization with 64 month weight rebalancing 2024-05-01 00:00:00: : 64it [07:52,  2.82it/s]2026-07-30 16:47:53.825 | WARNING  | __main__:model_computation:474 - Nested engine fallback on 2024-05-01: "['BITO', 'BND', 'DVY', 'EMB', 'GBTC', 'IBB', 'IBIT', 'IEF', 'IEI', 'IJT', 'JEPQ', 'MBB', 'MCHI', 'QQQM', 'SCZ', 'SHY', 'TLT', 'VONE', 'VONG', 'VONV', 'VTWO', 'VXUS'] not in index"
self.is_all_methods=False, self.min_weight=0.0, self.max_weight=0.1
single_methods
[RC-LP] method_type='return_cvar_constraint' sum=1.0000 active=11
IN-SAMPLE alpha grid-search best alphas[index]=np.float64(1.0),results[index]=array([2.75333372e+03, 1.54332234e-01, 5.67465913e-04, 1.54332234e-01])
best_index=np.int64(0) np.sum(w_target)=np.float64(1.0) case[index%2]='max_alpha'
0.5543719191401743 2024-06-03 00:00:00 2570.715831224367 0.07776987772635031 0.00031458716717384716 0.07776987772635024
PROGRESS	2024-06-03	244	11	0.07776987772635024	2570.715831224367
Portfolio optimization with 64 month weight rebalancing 2024-05-01 00:00:00: : 65it [07:52,  2.70it/s]Portfolio optimization with 65 month weight rebalancing 2024-06-03 00:00:00: : 65it [07:52,  2.70it/s]2026-07-30 16:47:54.162 | WARNING  | __main__:model_computation:474 - Nested engine fallback on 2024-06-03: "['BITO', 'BND', 'DVY', 'EMB', 'GBTC', 'IBB', 'IBIT', 'IEF', 'IEI', 'IJT', 'JEPQ', 'MBB', 'MCHI', 'QQQM', 'SCZ', 'SHY', 'TLT', 'VONE', 'VONG', 'VONV', 'VTWO', 'VXUS'] not in index"
self.is_all_methods=False, self.min_weight=0.0, self.max_weight=0.1
single_methods
[RC-LP] method_type='return_cvar_constraint' sum=1.0000 active=15
IN-SAMPLE alpha grid-search best alphas[index]=np.float64(1.0),results[index]=array([2.58650139e+03, 6.14053080e-03, 4.38911748e-04, 6.14053080e-03])
best_index=np.int64(0) np.sum(w_target)=np.float64(1.0000000000000002) case[index%2]='max_alpha'
0.5416870045219759 2024-07-01 00:00:00 2558.733670680052 -0.0046610210272086915 0.00023775278990203737 -0.004661021027208667
PROGRESS	2024-07-01	243	12	-0.004661021027208667	2558.733670680052
Portfolio optimization with 65 month weight rebalancing 2024-06-03 00:00:00: : 66it [07:53,  2.78it/s]Portfolio optimization with 66 month weight rebalancing 2024-07-01 00:00:00: : 66it [07:53,  2.78it/s]2026-07-30 16:47:54.501 | WARNING  | __main__:model_computation:474 - Nested engine fallback on 2024-07-01: "['BITO', 'BND', 'DVY', 'EMB', 'GBTC', 'IBB', 'IBIT', 'IEF', 'IEI', 'IJT', 'JEPQ', 'MBB', 'MCHI', 'QQQM', 'SCZ', 'SHY', 'TLT', 'VONE', 'VONG', 'VONV', 'VTWO', 'VXUS'] not in index"
self.is_all_methods=False, self.min_weight=0.0, self.max_weight=0.1
single_methods
[RC-LP] method_type='return_cvar_constraint' sum=1.0000 active=12
IN-SAMPLE alpha grid-search best alphas[index]=np.float64(1.0),results[index]=array([2.59556367e+03, 1.43938382e-02, 2.93868837e-04, 1.43938382e-02])
best_index=np.int64(0) np.sum(w_target)=np.float64(1.0) case[index%2]='max_alpha'
0.5095837325018204 2024-08-01 00:00:00 2604.054669828247 0.017712276845190274 0.00014975077870627376 0.017712276845190278
PROGRESS	2024-08-01	243	12	0.017712276845190278	2604.054669828247
Portfolio optimization with 66 month weight rebalancing 2024-07-01 00:00:00: : 67it [07:53,  2.84it/s]Portfolio optimization with 67 month weight rebalancing 2024-08-01 00:00:00: : 67it [07:53,  2.84it/s]2026-07-30 16:47:54.831 | WARNING  | __main__:model_computation:474 - Nested engine fallback on 2024-08-01: "['BITO', 'BND', 'DVY', 'EMB', 'GBTC', 'IBB', 'IBIT', 'IEF', 'IEI', 'IJT', 'JAAA', 'JEPQ', 'MBB', 'MCHI', 'QQQM', 'SCZ', 'SGOV', 'SHY', 'TLT', 'VONE', 'VONG', 'VONV', 'VTWO', 'VXUS'] not in index"
self.is_all_methods=False, self.min_weight=0.0, self.max_weight=0.1
single_methods
[RC-LP] method_type='return_cvar_constraint' sum=1.0000 active=15
IN-SAMPLE alpha grid-search best alphas[index]=np.float64(1.0),results[index]=array([2.77894654e+03, 6.71613660e-02, 4.95677675e-04, 6.71613660e-02])
best_index=np.int64(0) np.sum(w_target)=np.float64(1.0) case[index%2]='max_alpha'
0.5047956018633007 2024-09-03 00:00:00 2526.4138748461264 -0.029815347535403786 0.00025021591035375237 -0.029815347535403824
PROGRESS	2024-09-03	242	14	-0.029815347535403824	2526.4138748461264
Portfolio optimization with 67 month weight rebalancing 2024-08-01 00:00:00: : 68it [07:53,  2.88it/s]Portfolio optimization with 68 month weight rebalancing 2024-09-03 00:00:00: : 68it [07:53,  2.88it/s]2026-07-30 16:47:55.272 | WARNING  | __main__:model_computation:474 - Nested engine fallback on 2024-09-03: "['BITO', 'BND', 'DVY', 'EMB', 'GBTC', 'IBB', 'IBIT', 'IEF', 'IEI', 'IGV', 'IJT', 'JAAA', 'JEPI', 'JEPQ', 'MBB', 'MCHI', 'QQQM', 'SCZ', 'SGOV', 'SHY', 'TLT', 'VONE', 'VONG', 'VONV', 'VTWO', 'VXUS'] not in index"
self.is_all_methods=False, self.min_weight=0.0, self.max_weight=0.1
single_methods
[RC-LP] method_type='return_cvar_constraint' sum=1.0000 active=11
IN-SAMPLE alpha grid-search best alphas[index]=np.float64(1.0),results[index]=array([ 2.47022912e+03, -2.22389367e-02,  5.13629175e-04, -2.22389367e-02])
best_index=np.int64(0) np.sum(w_target)=np.float64(1.0) case[index%2]='max_alpha'
0.5143874501013024 2024-10-01 00:00:00 2613.5163580843937 0.034476727707004065 0.0002642044015058609 0.03447672770700416
PROGRESS	2024-10-01	241	11	0.03447672770700416	2613.5163580843937
Portfolio optimization with 68 month weight rebalancing 2024-09-03 00:00:00: : 69it [07:54,  2.54it/s]Portfolio optimization with 69 month weight rebalancing 2024-10-01 00:00:00: : 69it [07:54,  2.54it/s]2026-07-30 16:47:55.748 | WARNING  | __main__:model_computation:474 - Nested engine fallback on 2024-10-01: "['BITO', 'BND', 'DVY', 'EMB', 'GBTC', 'IBB', 'IBIT', 'IEF', 'IEI', 'IGV', 'IJT', 'JAAA', 'JEPI', 'JEPQ', 'MBB', 'MCHI', 'QQQM', 'SCZ', 'SGOV', 'SHY', 'TLT', 'VONE', 'VONG', 'VONV', 'VTWO', 'VXUS'] not in index"
self.is_all_methods=False, self.min_weight=0.0, self.max_weight=0.1
single_methods
[RC-LP] method_type='return_cvar_constraint' sum=1.0000 active=17
IN-SAMPLE alpha grid-search best alphas[index]=np.float64(1.0),results[index]=array([2.81366534e+03, 7.65822558e-02, 6.97726580e-04, 7.65822558e-02])
best_index=np.int64(0) np.sum(w_target)=np.float64(1.0000000000000002) case[index%2]='max_alpha'
0.4984305024144864 2024-11-01 00:00:00 2656.7193865200634 0.01653061336388031 0.0003477682098371498 0.016530613363880287
PROGRESS	2024-11-01	239	17	0.016530613363880287	2656.7193865200634
Portfolio optimization with 69 month weight rebalancing 2024-10-01 00:00:00: : 70it [07:54,  2.48it/s]Portfolio optimization with 70 month weight rebalancing 2024-11-01 00:00:00: : 70it [07:54,  2.48it/s]2026-07-30 16:47:56.131 | WARNING  | __main__:model_computation:474 - Nested engine fallback on 2024-11-01: "['BITO', 'BND', 'DVY', 'EMB', 'GBTC', 'IBB', 'IBIT', 'IEF', 'IEI', 'IGV', 'IJT', 'JAAA', 'JEPI', 'JEPQ', 'MBB', 'MCHI', 'QQQM', 'SCZ', 'SGOV', 'SHY', 'TLT', 'VONE', 'VONG', 'VONV', 'VTWO', 'VXUS'] not in index"
self.is_all_methods=False, self.min_weight=0.0, self.max_weight=0.1
single_methods
[RC-LP] method_type='return_cvar_constraint' sum=1.0000 active=18
IN-SAMPLE alpha grid-search best alphas[index]=np.float64(1.0),results[index]=array([3.04428661e+03, 1.45881882e-01, 3.01759384e-04, 1.45881882e-01])
best_index=np.int64(0) np.sum(w_target)=np.float64(1.0) case[index%2]='max_alpha'
0.5149980499355161 2024-12-02 00:00:00 2985.5088462263852 0.12375769205229872 0.00015540549437662566 0.1237576920522987
PROGRESS	2024-12-02	242	17	0.1237576920522987	2985.5088462263852
Portfolio optimization with 70 month weight rebalancing 2024-11-01 00:00:00: : 71it [07:55,  2.47it/s]Portfolio optimization with 71 month weight rebalancing 2024-12-02 00:00:00: : 71it [07:55,  2.47it/s]2026-07-30 16:47:56.662 | WARNING  | __main__:model_computation:474 - Nested engine fallback on 2024-12-02: "['BITO', 'BND', 'DVY', 'EMB', 'GBTC', 'IBB', 'IBIT', 'IEF', 'IEI', 'IGV', 'IJT', 'JAAA', 'JEPI', 'JEPQ', 'MBB', 'MCHI', 'QQQM', 'SCZ', 'SGOV', 'SHY', 'TLT', 'VONE', 'VONG', 'VONV', 'VTWO', 'VXUS'] not in index"
self.is_all_methods=False, self.min_weight=0.0, self.max_weight=0.1
single_methods
[RC-LP] method_type='return_cvar_constraint' sum=1.0000 active=13
IN-SAMPLE alpha grid-search best alphas[index]=np.float64(1.0),results[index]=array([3.80490145e+03, 2.74456598e-01, 4.99191839e-04, 2.74456598e-01])
best_index=np.int64(0) np.sum(w_target)=np.float64(1.0000000000000002) case[index%2]='max_alpha'
0.5321325407761276 2025-01-02 00:00:00 2826.0231368412014 -0.053419941993060986 0.00026563622146579815 -0.05341994199306088
PROGRESS	2025-01-02	243	13	-0.05341994199306088	2826.0231368412014
Portfolio optimization with 71 month weight rebalancing 2024-12-02 00:00:00: : 72it [07:55,  2.31it/s]Portfolio optimization with 72 month weight rebalancing 2025-01-02 00:00:00: : 72it [07:55,  2.31it/s]2026-07-30 16:47:57.005 | WARNING  | __main__:model_computation:474 - Nested engine fallback on 2025-01-02: "['BITO', 'BND', 'DVY', 'EMB', 'GBTC', 'IBB', 'IBIT', 'IEF', 'IEI', 'IGV', 'IJT', 'JAAA', 'JEPI', 'JEPQ', 'MBB', 'MCHI', 'QQQM', 'SCZ', 'SGOV', 'SHY', 'SPYM', 'TLT', 'VONE', 'VONG', 'VONV', 'VTWO', 'VXUS'] not in index"
self.is_all_methods=False, self.min_weight=0.0, self.max_weight=0.1
single_methods
[RC-LP] method_type='return_cvar_constraint' sum=1.0000 active=13
IN-SAMPLE alpha grid-search best alphas[index]=np.float64(1.0),results[index]=array([3.39548568e+03, 2.01506682e-01, 7.36135247e-04, 2.01506682e-01])
best_index=np.int64(0) np.sum(w_target)=np.float64(1.0) case[index%2]='max_alpha'
0.5610210062581165 2025-02-03 00:00:00 3002.552450928262 0.06246562945141933 0.000412987336834909 0.062465629451419424
PROGRESS	2025-02-03	245	13	0.062465629451419424	3002.552450928262
Portfolio optimization with 72 month weight rebalancing 2025-01-02 00:00:00: : 73it [07:56,  2.48it/s]Portfolio optimization with 73 month weight rebalancing 2025-02-03 00:00:00: : 73it [07:56,  2.48it/s]2026-07-30 16:47:57.354 | WARNING  | __main__:model_computation:474 - Nested engine fallback on 2025-02-03: "['BITO', 'BND', 'DVY', 'EMB', 'GBTC', 'IBB', 'IBIT', 'IEF', 'IEI', 'IGV', 'IJT', 'JAAA', 'JEPI', 'JEPQ', 'MBB', 'MCHI', 'MDYV', 'QQQM', 'SCZ', 'SGOV', 'SHY', 'SPYM', 'TLT', 'VONE', 'VONG', 'VONV', 'VTWO', 'VXUS'] not in index"
self.is_all_methods=False, self.min_weight=0.0, self.max_weight=0.1
single_methods
[RC-LP] method_type='return_cvar_constraint' sum=1.0000 active=14
IN-SAMPLE alpha grid-search best alphas[index]=np.float64(1.0),results[index]=array([3.65919954e+03, 2.18696294e-01, 5.70227472e-04, 2.18696294e-01])
best_index=np.int64(0) np.sum(w_target)=np.float64(1.0) case[index%2]='max_alpha'
0.5523738547242281 2025-03-03 00:00:00 2792.548617556226 -0.06994177014530131 0.0003149787470198903 -0.06994177014530145
PROGRESS	2025-03-03	244	14	-0.06994177014530145	2792.548617556226
Portfolio optimization with 73 month weight rebalancing 2025-02-03 00:00:00: : 74it [07:56,  2.57it/s]Portfolio optimization with 74 month weight rebalancing 2025-03-03 00:00:00: : 74it [07:56,  2.57it/s]2026-07-30 16:47:57.705 | WARNING  | __main__:model_computation:474 - Nested engine fallback on 2025-03-03: "['BITO', 'BND', 'DVY', 'EMB', 'GBTC', 'IBB', 'IBIT', 'IEF', 'IEI', 'IGV', 'IJT', 'JAAA', 'JEPI', 'JEPQ', 'MBB', 'MCHI', 'QQQM', 'SCZ', 'SGOV', 'SHY', 'SPYM', 'TBIL', 'TLT', 'VONE', 'VONG', 'VONV', 'VTWO', 'VXUS'] not in index"
self.is_all_methods=False, self.min_weight=0.0, self.max_weight=0.1
single_methods
[RC-LP] method_type='return_cvar_constraint' sum=1.0000 active=15
IN-SAMPLE alpha grid-search best alphas[index]=np.float64(1.0),results[index]=array([ 2.73931867e+03, -1.90614230e-02,  5.86723784e-04, -1.90614230e-02])
best_index=np.int64(0) np.sum(w_target)=np.float64(1.0) case[index%2]='max_alpha'
0.554040679843847 2025-04-01 00:00:00 2689.7087239424463 -0.03682653650763489 0.0003250688439411146 -0.0368265365076349
PROGRESS	2025-04-01	241	14	-0.0368265365076349	2689.7087239424463
Portfolio optimization with 74 month weight rebalancing 2025-03-03 00:00:00: : 75it [07:56,  2.65it/s]Portfolio optimization with 75 month weight rebalancing 2025-04-01 00:00:00: : 75it [07:56,  2.65it/s]2026-07-30 16:47:58.109 | WARNING  | __main__:model_computation:474 - Nested engine fallback on 2025-04-01: "['AVUS', 'AVUV', 'BITO', 'BND', 'DVY', 'EMB', 'GBTC', 'IBB', 'IBIT', 'IEF', 'IEI', 'IGV', 'IJT', 'JAAA', 'JEPI', 'JEPQ', 'MBB', 'MCHI', 'QQQM', 'SCZ', 'SGOV', 'SHY', 'SPYM', 'TBIL', 'TLT', 'VONE', 'VONG', 'VONV', 'VTWO', 'VXUS'] not in index"
self.is_all_methods=False, self.min_weight=0.0, self.max_weight=0.1
single_methods
[RC-LP] method_type='return_cvar_constraint' sum=1.0000 active=13
IN-SAMPLE alpha grid-search best alphas[index]=np.float64(1.0),results[index]=array([2.95549946e+03, 9.88176649e-02, 9.09241767e-04, 9.88176649e-02])
best_index=np.int64(0) np.sum(w_target)=np.float64(1.0) case[index%2]='max_alpha'
0.507037769366366 2025-05-01 00:00:00 2765.7171775092256 0.02825899060749211 0.0004610199171895412 0.02825899060749215
PROGRESS	2025-05-01	236	12	0.02825899060749215	2765.7171775092256
Portfolio optimization with 75 month weight rebalancing 2025-04-01 00:00:00: : 76it [07:57,  2.61it/s]Portfolio optimization with 76 month weight rebalancing 2025-05-01 00:00:00: : 76it [07:57,  2.61it/s]2026-07-30 16:47:58.430 | WARNING  | __main__:model_computation:474 - Nested engine fallback on 2025-05-01: "['AVUS', 'AVUV', 'BITO', 'BND', 'DVY', 'EMB', 'GBTC', 'IBB', 'IBIT', 'IEF', 'IEI', 'IJT', 'JAAA', 'JEPI', 'JEPQ', 'MBB', 'MCHI', 'QQQM', 'SCZ', 'SGOV', 'SHY', 'SPYM', 'TBIL', 'TLT', 'VONE', 'VONG', 'VONV', 'VTWO', 'VXUS'] not in index"
self.is_all_methods=False, self.min_weight=0.0, self.max_weight=0.1
single_methods
[RC-LP] method_type='return_cvar_constraint' sum=1.0000 active=11
IN-SAMPLE alpha grid-search best alphas[index]=np.float64(1.0),results[index]=array([2.86907914e+03, 3.73725718e-02, 6.83638561e-04, 3.73725718e-02])
best_index=np.int64(0) np.sum(w_target)=np.float64(1.0) case[index%2]='max_alpha'
0.5211585364661735 2025-06-02 00:00:00 2900.5236030700917 0.04874194174918165 0.00035628407208456906 0.04874194174918167
PROGRESS	2025-06-02	234	11	0.04874194174918167	2900.5236030700917
Portfolio optimization with 76 month weight rebalancing 2025-05-01 00:00:00: : 77it [07:57,  2.73it/s]Portfolio optimization with 77 month weight rebalancing 2025-06-02 00:00:00: : 77it [07:57,  2.73it/s]2026-07-30 16:47:58.763 | WARNING  | __main__:model_computation:474 - Nested engine fallback on 2025-06-02: "['AVUS', 'AVUV', 'BITO', 'BND', 'DVY', 'EMB', 'GBTC', 'IBB', 'IBIT', 'IEF', 'IEI', 'IJT', 'JAAA', 'JEPI', 'JEPQ', 'MBB', 'MCHI', 'QQQM', 'SCZ', 'SGOV', 'SHY', 'SPYM', 'TBIL', 'TLT', 'VONE', 'VONG', 'VONV', 'VTWO', 'VXUS'] not in index"
self.is_all_methods=False, self.min_weight=0.0, self.max_weight=0.1
single_methods
[RC-LP] method_type='return_cvar_constraint' sum=1.0000 active=13
IN-SAMPLE alpha grid-search best alphas[index]=np.float64(1.0),results[index]=array([3.28458273e+03, 1.32410276e-01, 7.87075046e-04, 1.32410276e-01])
best_index=np.int64(0) np.sum(w_target)=np.float64(1.0) case[index%2]='max_alpha'
0.5117066105197314 2025-07-01 00:00:00 3009.797313303192 0.037673787628357214 0.0004027515041785107 0.03767378762835727
PROGRESS	2025-07-01	234	12	0.03767378762835727	3009.797313303192
Portfolio optimization with 77 month weight rebalancing 2025-06-02 00:00:00: : 78it [07:57,  2.81it/s]Portfolio optimization with 78 month weight rebalancing 2025-07-01 00:00:00: : 78it [07:57,  2.81it/s]2026-07-30 16:47:59.108 | WARNING  | __main__:model_computation:474 - Nested engine fallback on 2025-07-01: "['AVUS', 'AVUV', 'BITB', 'BITO', 'BND', 'CGDV', 'DVY', 'EMB', 'GBTC', 'IBB', 'IBIT', 'IEF', 'IEI', 'IJT', 'JAAA', 'JEPI', 'JEPQ', 'MBB', 'MCHI', 'MSTY', 'QQQM', 'SCZ', 'SGOV', 'SHY', 'SPYM', 'TBIL', 'TLT', 'VONE', 'VONG', 'VONV', 'VTWO', 'VXUS'] not in index"
self.is_all_methods=False, self.min_weight=0.0, self.max_weight=0.1
single_methods
[RC-LP] method_type='return_cvar_constraint' sum=1.0000 active=10
IN-SAMPLE alpha grid-search best alphas[index]=np.float64(1.0),results[index]=array([3.7607505e+03, 2.4950291e-01, 8.3062394e-04, 2.4950291e-01])
best_index=np.int64(0) np.sum(w_target)=np.float64(1.0) case[index%2]='max_alpha'
0.5287919181841788 2025-08-01 00:00:00 3084.5491747082733 0.024836177863100956 0.00043922722666693114 0.024836177863100994
PROGRESS	2025-08-01	234	10	0.024836177863100994	3084.5491747082733
Portfolio optimization with 78 month weight rebalancing 2025-07-01 00:00:00: : 79it [07:58,  2.83it/s]Portfolio optimization with 79 month weight rebalancing 2025-08-01 00:00:00: : 79it [07:58,  2.83it/s]2026-07-30 16:47:59.515 | WARNING  | __main__:model_computation:474 - Nested engine fallback on 2025-08-01: "['AVUS', 'AVUV', 'BITB', 'BITO', 'BND', 'CGDV', 'DVY', 'EMB', 'ETHA', 'GBTC', 'IBB', 'IBIT', 'IEF', 'IEI', 'IJT', 'JAAA', 'JEPI', 'JEPQ', 'MBB', 'MCHI', 'MSTY', 'QQQM', 'SCZ', 'SGOV', 'SHY', 'SPYM', 'TBIL', 'TLT', 'VONE', 'VONG', 'VONV', 'VTWO', 'VXUS'] not in index"
self.is_all_methods=False, self.min_weight=0.0, self.max_weight=0.1
single_methods
[RC-LP] method_type='return_cvar_constraint' sum=1.0000 active=11
IN-SAMPLE alpha grid-search best alphas[index]=np.float64(1.0),results[index]=array([3.50574476e+03, 1.36550129e-01, 4.29320417e-04, 1.36550129e-01])
best_index=np.int64(0) np.sum(w_target)=np.float64(1.0) case[index%2]='max_alpha'
0.5554364958508093 2025-09-02 00:00:00 3091.7294415474057 0.00232781727002666 0.00023846022810987774 0.002327817270026733
PROGRESS	2025-09-02	234	11	0.002327817270026733	3091.7294415474057
Portfolio optimization with 79 month weight rebalancing 2025-08-01 00:00:00: : 80it [07:58,  2.73it/s]Portfolio optimization with 80 month weight rebalancing 2025-09-02 00:00:00: : 80it [07:58,  2.73it/s]2026-07-30 16:47:59.841 | WARNING  | __main__:model_computation:474 - Nested engine fallback on 2025-09-02: "['AVUS', 'AVUV', 'BITB', 'BITO', 'BND', 'CGDV', 'DVY', 'EMB', 'ETHA', 'GBTC', 'IBB', 'IBIT', 'IEF', 'IEI', 'IJT', 'JAAA', 'JEPI', 'JEPQ', 'MBB', 'MCHI', 'MSTY', 'QQQM', 'SCZ', 'SGOV', 'SHY', 'SPYM', 'TBIL', 'TLT', 'VONE', 'VONG', 'VONV', 'VTWO', 'VXUS'] not in index"
self.is_all_methods=False, self.min_weight=0.0, self.max_weight=0.1
single_methods
[RC-LP] method_type='return_cvar_constraint' sum=1.0000 active=13
IN-SAMPLE alpha grid-search best alphas[index]=np.float64(1.0),results[index]=array([3.35250386e+03, 8.43458072e-02, 6.43938365e-04, 8.43458072e-02])
best_index=np.int64(0) np.sum(w_target)=np.float64(1.0) case[index%2]='max_alpha'
0.5383675210910109 2025-10-01 00:00:00 3320.500272691018 0.07399445374143507 0.0003466755015130486 0.07399445374143498
PROGRESS	2025-10-01	237	13	0.07399445374143498	3320.500272691018
Portfolio optimization with 80 month weight rebalancing 2025-09-02 00:00:00: : 81it [07:58,  2.81it/s]Portfolio optimization with 81 month weight rebalancing 2025-10-01 00:00:00: : 81it [07:58,  2.81it/s]2026-07-30 16:48:00.194 | WARNING  | __main__:model_computation:474 - Nested engine fallback on 2025-10-01: "['AVUS', 'AVUV', 'BITB', 'BITO', 'BND', 'CGDV', 'DVY', 'EMB', 'ETHA', 'GBTC', 'IBB', 'IBIT', 'IEF', 'IEI', 'IJT', 'JAAA', 'JEPI', 'JEPQ', 'MBB', 'MCHI', 'MSTY', 'QQQM', 'SCZ', 'SGOV', 'SHY', 'SPYM', 'TBIL', 'TLT', 'VONE', 'VONG', 'VONV', 'VTWO', 'VXUS'] not in index"
self.is_all_methods=False, self.min_weight=0.0, self.max_weight=0.1
single_methods
[RC-LP] method_type='return_cvar_constraint' sum=1.0000 active=11
IN-SAMPLE alpha grid-search best alphas[index]=np.float64(1.0),results[index]=array([3.79920509e+03, 1.44166474e-01, 4.69588403e-04, 1.44166474e-01])
best_index=np.int64(0) np.sum(w_target)=np.float64(1.0) case[index%2]='max_alpha'
0.5245380521101946 2025-11-03 00:00:00 3254.2348824284777 -0.01995644777009361 0.0002463169859635224 -0.019956447770093755
PROGRESS	2025-11-03	237	11	-0.019956447770093755	3254.2348824284777
Portfolio optimization with 81 month weight rebalancing 2025-10-01 00:00:00: : 82it [07:59,  2.82it/s]Portfolio optimization with 82 month weight rebalancing 2025-11-03 00:00:00: : 82it [07:59,  2.82it/s]2026-07-30 16:48:00.528 | WARNING  | __main__:model_computation:474 - Nested engine fallback on 2025-11-03: "['AVDV', 'AVUS', 'AVUV', 'BITB', 'BITO', 'BND', 'CGDV', 'CGGR', 'DVY', 'DYNF', 'EMB', 'ETHA', 'GBTC', 'IBB', 'IBIT', 'IEF', 'IEI', 'IJT', 'JAAA', 'JEPI', 'JEPQ', 'MBB', 'MCHI', 'MSTY', 'QQQM', 'SCZ', 'SGOV', 'SHY', 'SPYM', 'TBIL', 'TLT', 'VONE', 'VONG', 'VONV', 'VTWO', 'VXUS'] not in index"
self.is_all_methods=False, self.min_weight=0.0, self.max_weight=0.1
single_methods
[RC-LP] method_type='return_cvar_constraint' sum=1.0000 active=12
IN-SAMPLE alpha grid-search best alphas[index]=np.float64(1.0),results[index]=array([3.63201415e+03, 1.16088506e-01, 4.88538311e-04, 1.16088506e-01])
best_index=np.int64(0) np.sum(w_target)=np.float64(1.0000000000000002) case[index%2]='max_alpha'
0.5336937097501927 2025-12-01 00:00:00 2870.0082436005337 -0.118069731506662 0.0002607298234272834 -0.118069731506662
PROGRESS	2025-12-01	239	12	-0.118069731506662	2870.0082436005337
Portfolio optimization with 82 month weight rebalancing 2025-11-03 00:00:00: : 83it [07:59,  2.86it/s]Portfolio optimization with 82 month weight rebalancing 2025-11-03 00:00:00: : 83it [07:59,  5.78s/it]
2026-07-30 16:48:00.725 | INFO     | scripts.results.results:save_results:114 - preds_df info successfully saved to /Users/mac/Downloads/portfolio_optimization_pipeline_v2/results/calibration_runs/advanced_smart_bayesian_risk_return/trial_00040/preds.csv
2026-07-30 16:48:00.734 | INFO     | scripts.results.results:save_results:119 - real_df info successfully saved to /Users/mac/Downloads/portfolio_optimization_pipeline_v2/results/calibration_runs/advanced_smart_bayesian_risk_return/trial_00040/real.csv
2026-07-30 16:48:00.735 | INFO     | scripts.results.results:save_results:124 - model_df info successfully saved to /Users/mac/Downloads/portfolio_optimization_pipeline_v2/results/calibration_runs/advanced_smart_bayesian_risk_return/trial_00040/model.csv
2026-07-30 16:48:00.736 | INFO     | scripts.results.results:save_results:129 - pnl_df info successfully saved to /Users/mac/Downloads/portfolio_optimization_pipeline_v2/results/calibration_runs/advanced_smart_bayesian_risk_return/trial_00040/pnl.csv
Saving to excel df with multiple keys:   0%|          | 0/119 [00:00<?, ?it/s]Saving to excel df of key 2016-02-01:   0%|          | 0/119 [00:00<?, ?it/s] Saving to excel df of key 2016-03-01:   0%|          | 0/119 [00:00<?, ?it/s]Saving to excel df of key 2016-04-01:   0%|          | 0/119 [00:00<?, ?it/s]Saving to excel df of key 2016-04-01:   3%|▎         | 3/119 [00:00<00:04, 26.27it/s]Saving to excel df of key 2016-05-02:   3%|▎         | 3/119 [00:00<00:04, 26.27it/s]Saving to excel df of key 2016-06-01:   3%|▎         | 3/119 [00:00<00:04, 26.27it/s]Saving to excel df of key 2016-07-01:   3%|▎         | 3/119 [00:00<00:04, 26.27it/s]Saving to excel df of key 2016-08-01:   3%|▎         | 3/119 [00:00<00:04, 26.27it/s]Saving to excel df of key 2016-09-01:   3%|▎         | 3/119 [00:00<00:04, 26.27it/s]Saving to excel df of key 2016-10-03:   3%|▎         | 3/119 [00:00<00:04, 26.27it/s]Saving to excel df of key 2016-11-01:   3%|▎         | 3/119 [00:00<00:04, 26.27it/s]Saving to excel df of key 2016-12-01:   3%|▎         | 3/119 [00:00<00:04, 26.27it/s]Saving to excel df of key 2017-01-03:   3%|▎         | 3/119 [00:00<00:04, 26.27it/s]Saving to excel df of key 2017-01-03:  10%|█         | 12/119 [00:00<00:01, 58.27it/s]Saving to excel df of key 2017-02-01:  10%|█         | 12/119 [00:00<00:01, 58.27it/s]Saving to excel df of key 2017-03-01:  10%|█         | 12/119 [00:00<00:01, 58.27it/s]Saving to excel df of key 2017-04-03:  10%|█         | 12/119 [00:00<00:01, 58.27it/s]Saving to excel df of key 2017-05-01:  10%|█         | 12/119 [00:00<00:01, 58.27it/s]Saving to excel df of key 2017-06-01:  10%|█         | 12/119 [00:00<00:01, 58.27it/s]Saving to excel df of key 2017-07-03:  10%|█         | 12/119 [00:00<00:01, 58.27it/s]Saving to excel df of key 2017-08-01:  10%|█         | 12/119 [00:00<00:01, 58.27it/s]Saving to excel df of key 2017-09-01:  10%|█         | 12/119 [00:00<00:01, 58.27it/s]Saving to excel df of key 2017-10-02:  10%|█         | 12/119 [00:00<00:01, 58.27it/s]Saving to excel df of key 2017-10-02:  18%|█▊        | 21/119 [00:00<00:01, 68.54it/s]Saving to excel df of key 2017-11-01:  18%|█▊        | 21/119 [00:00<00:01, 68.54it/s]Saving to excel df of key 2017-12-01:  18%|█▊        | 21/119 [00:00<00:01, 68.54it/s]Saving to excel df of key 2018-01-02:  18%|█▊        | 21/119 [00:00<00:01, 68.54it/s]Saving to excel df of key 2018-02-01:  18%|█▊        | 21/119 [00:00<00:01, 68.54it/s]Saving to excel df of key 2018-03-01:  18%|█▊        | 21/119 [00:00<00:01, 68.54it/s]Saving to excel df of key 2018-04-02:  18%|█▊        | 21/119 [00:00<00:01, 68.54it/s]Saving to excel df of key 2018-05-01:  18%|█▊        | 21/119 [00:00<00:01, 68.54it/s]Saving to excel df of key 2018-05-01:  24%|██▎       | 28/119 [00:00<00:01, 52.41it/s]Saving to excel df of key 2018-06-01:  24%|██▎       | 28/119 [00:00<00:01, 52.41it/s]Saving to excel df of key 2018-07-02:  24%|██▎       | 28/119 [00:00<00:01, 52.41it/s]Saving to excel df of key 2018-08-01:  24%|██▎       | 28/119 [00:00<00:01, 52.41it/s]Saving to excel df of key 2018-09-04:  24%|██▎       | 28/119 [00:00<00:01, 52.41it/s]Saving to excel df of key 2018-10-01:  24%|██▎       | 28/119 [00:00<00:01, 52.41it/s]Saving to excel df of key 2018-11-01:  24%|██▎       | 28/119 [00:00<00:01, 52.41it/s]Saving to excel df of key 2018-12-03:  24%|██▎       | 28/119 [00:00<00:01, 52.41it/s]Saving to excel df of key 2019-01-02:  24%|██▎       | 28/119 [00:00<00:01, 52.41it/s]Saving to excel df of key 2019-01-02:  30%|███       | 36/119 [00:00<00:01, 58.42it/s]Saving to excel df of key 2019-02-01:  30%|███       | 36/119 [00:00<00:01, 58.42it/s]Saving to excel df of key 2019-03-01:  30%|███       | 36/119 [00:00<00:01, 58.42it/s]Saving to excel df of key 2019-04-01:  30%|███       | 36/119 [00:00<00:01, 58.42it/s]Saving to excel df of key 2019-05-01:  30%|███       | 36/119 [00:00<00:01, 58.42it/s]Saving to excel df of key 2019-06-03:  30%|███       | 36/119 [00:00<00:01, 58.42it/s]Saving to excel df of key 2019-07-01:  30%|███       | 36/119 [00:00<00:01, 58.42it/s]Saving to excel df of key 2019-08-01:  30%|███       | 36/119 [00:00<00:01, 58.42it/s]Saving to excel df of key 2019-08-01:  36%|███▌      | 43/119 [00:00<00:01, 41.25it/s]Saving to excel df of key 2019-09-03:  36%|███▌      | 43/119 [00:00<00:01, 41.25it/s]Saving to excel df of key 2019-10-01:  36%|███▌      | 43/119 [00:00<00:01, 41.25it/s]Saving to excel df of key 2019-11-01:  36%|███▌      | 43/119 [00:00<00:01, 41.25it/s]Saving to excel df of key 2019-12-02:  36%|███▌      | 43/119 [00:00<00:01, 41.25it/s]Saving to excel df of key 2020-01-02:  36%|███▌      | 43/119 [00:01<00:01, 41.25it/s]Saving to excel df of key 2020-01-02:  40%|████      | 48/119 [00:01<00:02, 33.59it/s]Saving to excel df of key 2020-02-03:  40%|████      | 48/119 [00:01<00:02, 33.59it/s]Saving to excel df of key 2020-03-02:  40%|████      | 48/119 [00:01<00:02, 33.59it/s]Saving to excel df of key 2020-04-01:  40%|████      | 48/119 [00:01<00:02, 33.59it/s]Saving to excel df of key 2020-05-01:  40%|████      | 48/119 [00:01<00:02, 33.59it/s]Saving to excel df of key 2020-06-01:  40%|████      | 48/119 [00:01<00:02, 33.59it/s]Saving to excel df of key 2020-06-01:  45%|████▍     | 53/119 [00:01<00:01, 34.52it/s]Saving to excel df of key 2020-07-01:  45%|████▍     | 53/119 [00:01<00:01, 34.52it/s]Saving to excel df of key 2020-08-03:  45%|████▍     | 53/119 [00:01<00:01, 34.52it/s]Saving to excel df of key 2020-09-01:  45%|████▍     | 53/119 [00:01<00:01, 34.52it/s]Saving to excel df of key 2020-10-01:  45%|████▍     | 53/119 [00:01<00:01, 34.52it/s]Saving to excel df of key 2020-10-01:  48%|████▊     | 57/119 [00:01<00:01, 35.14it/s]Saving to excel df of key 2020-11-02:  48%|████▊     | 57/119 [00:01<00:01, 35.14it/s]Saving to excel df of key 2020-12-01:  48%|████▊     | 57/119 [00:01<00:01, 35.14it/s]Saving to excel df of key 2021-01-04:  48%|████▊     | 57/119 [00:01<00:01, 35.14it/s]Saving to excel df of key 2021-02-01:  48%|████▊     | 57/119 [00:01<00:01, 35.14it/s]Saving to excel df of key 2021-02-01:  51%|█████▏    | 61/119 [00:01<00:02, 28.68it/s]Saving to excel df of key 2021-03-01:  51%|█████▏    | 61/119 [00:01<00:02, 28.68it/s]Saving to excel df of key 2021-04-01:  51%|█████▏    | 61/119 [00:01<00:02, 28.68it/s]Saving to excel df of key 2021-05-03:  51%|█████▏    | 61/119 [00:01<00:02, 28.68it/s]Saving to excel df of key 2021-06-01:  51%|█████▏    | 61/119 [00:01<00:02, 28.68it/s]Saving to excel df of key 2021-06-01:  55%|█████▍    | 65/119 [00:01<00:01, 30.54it/s]Saving to excel df of key 2021-07-01:  55%|█████▍    | 65/119 [00:01<00:01, 30.54it/s]Saving to excel df of key 2021-08-02:  55%|█████▍    | 65/119 [00:01<00:01, 30.54it/s]Saving to excel df of key 2021-09-01:  55%|█████▍    | 65/119 [00:01<00:01, 30.54it/s]Saving to excel df of key 2021-10-01:  55%|█████▍    | 65/119 [00:01<00:01, 30.54it/s]Saving to excel df of key 2021-10-01:  58%|█████▊    | 69/119 [00:01<00:01, 32.14it/s]Saving to excel df of key 2021-11-01:  58%|█████▊    | 69/119 [00:01<00:01, 32.14it/s]Saving to excel df of key 2021-12-01:  58%|█████▊    | 69/119 [00:01<00:01, 32.14it/s]Saving to excel df of key 2022-01-03:  58%|█████▊    | 69/119 [00:01<00:01, 32.14it/s]Saving to excel df of key 2022-02-01:  58%|█████▊    | 69/119 [00:01<00:01, 32.14it/s]Saving to excel df of key 2022-02-01:  61%|██████▏   | 73/119 [00:02<00:01, 25.89it/s]Saving to excel df of key 2022-03-01:  61%|██████▏   | 73/119 [00:02<00:01, 25.89it/s]Saving to excel df of key 2022-04-01:  61%|██████▏   | 73/119 [00:02<00:01, 25.89it/s]Saving to excel df of key 2022-05-02:  61%|██████▏   | 73/119 [00:02<00:01, 25.89it/s]Saving to excel df of key 2022-06-01:  61%|██████▏   | 73/119 [00:02<00:01, 25.89it/s]Saving to excel df of key 2022-06-01:  65%|██████▍   | 77/119 [00:02<00:01, 28.32it/s]Saving to excel df of key 2022-07-01:  65%|██████▍   | 77/119 [00:02<00:01, 28.32it/s]Saving to excel df of key 2022-08-01:  65%|██████▍   | 77/119 [00:02<00:01, 28.32it/s]Saving to excel df of key 2022-09-01:  65%|██████▍   | 77/119 [00:02<00:01, 28.32it/s]Saving to excel df of key 2022-10-03:  65%|██████▍   | 77/119 [00:02<00:01, 28.32it/s]Saving to excel df of key 2022-10-03:  68%|██████▊   | 81/119 [00:02<00:01, 30.22it/s]Saving to excel df of key 2022-11-01:  68%|██████▊   | 81/119 [00:02<00:01, 30.22it/s]Saving to excel df of key 2022-12-01:  68%|██████▊   | 81/119 [00:02<00:01, 30.22it/s]Saving to excel df of key 2023-01-03:  68%|██████▊   | 81/119 [00:02<00:01, 30.22it/s]Saving to excel df of key 2023-02-01:  68%|██████▊   | 81/119 [00:02<00:01, 30.22it/s]Saving to excel df of key 2023-02-01:  71%|███████▏  | 85/119 [00:02<00:01, 31.90it/s]Saving to excel df of key 2023-03-01:  71%|███████▏  | 85/119 [00:02<00:01, 31.90it/s]Saving to excel df of key 2023-04-03:  71%|███████▏  | 85/119 [00:02<00:01, 31.90it/s]Saving to excel df of key 2023-05-01:  71%|███████▏  | 85/119 [00:02<00:01, 31.90it/s]Saving to excel df of key 2023-06-01:  71%|███████▏  | 85/119 [00:02<00:01, 31.90it/s]Saving to excel df of key 2023-06-01:  75%|███████▍  | 89/119 [00:02<00:00, 33.11it/s]Saving to excel df of key 2023-07-03:  75%|███████▍  | 89/119 [00:02<00:00, 33.11it/s]Saving to excel df of key 2023-08-01:  75%|███████▍  | 89/119 [00:02<00:00, 33.11it/s]Saving to excel df of key 2023-09-01:  75%|███████▍  | 89/119 [00:02<00:00, 33.11it/s]Saving to excel df of key 2023-10-02:  75%|███████▍  | 89/119 [00:02<00:00, 33.11it/s]Saving to excel df of key 2023-10-02:  78%|███████▊  | 93/119 [00:02<00:01, 24.96it/s]Saving to excel df of key 2023-11-01:  78%|███████▊  | 93/119 [00:02<00:01, 24.96it/s]Saving to excel df of key 2023-12-01:  78%|███████▊  | 93/119 [00:02<00:01, 24.96it/s]Saving to excel df of key 2024-01-02:  78%|███████▊  | 93/119 [00:02<00:01, 24.96it/s]Saving to excel df of key 2024-02-01:  78%|███████▊  | 93/119 [00:02<00:01, 24.96it/s]Saving to excel df of key 2024-02-01:  82%|████████▏ | 97/119 [00:02<00:00, 26.83it/s]Saving to excel df of key 2024-03-01:  82%|████████▏ | 97/119 [00:02<00:00, 26.83it/s]Saving to excel df of key 2024-04-01:  82%|████████▏ | 97/119 [00:02<00:00, 26.83it/s]Saving to excel df of key 2024-05-01:  82%|████████▏ | 97/119 [00:02<00:00, 26.83it/s]Saving to excel df of key 2024-06-03:  82%|████████▏ | 97/119 [00:02<00:00, 26.83it/s]Saving to excel df of key 2024-06-03:  85%|████████▍ | 101/119 [00:02<00:00, 29.18it/s]Saving to excel df of key 2024-07-01:  85%|████████▍ | 101/119 [00:02<00:00, 29.18it/s]Saving to excel df of key 2024-08-01:  85%|████████▍ | 101/119 [00:03<00:00, 29.18it/s]Saving to excel df of key 2024-09-03:  85%|████████▍ | 101/119 [00:03<00:00, 29.18it/s]Saving to excel df of key 2024-10-01:  85%|████████▍ | 101/119 [00:03<00:00, 29.18it/s]Saving to excel df of key 2024-10-01:  88%|████████▊ | 105/119 [00:03<00:00, 30.71it/s]Saving to excel df of key 2024-11-01:  88%|████████▊ | 105/119 [00:03<00:00, 30.71it/s]Saving to excel df of key 2024-12-02:  88%|████████▊ | 105/119 [00:03<00:00, 30.71it/s]Saving to excel df of key 2025-01-02:  88%|████████▊ | 105/119 [00:03<00:00, 30.71it/s]Saving to excel df of key 2025-02-03:  88%|████████▊ | 105/119 [00:03<00:00, 30.71it/s]Saving to excel df of key 2025-02-03:  92%|█████████▏| 109/119 [00:03<00:00, 32.22it/s]Saving to excel df of key 2025-03-03:  92%|█████████▏| 109/119 [00:03<00:00, 32.22it/s]Saving to excel df of key 2025-04-01:  92%|█████████▏| 109/119 [00:03<00:00, 32.22it/s]Saving to excel df of key 2025-05-01:  92%|█████████▏| 109/119 [00:03<00:00, 32.22it/s]Saving to excel df of key 2025-06-02:  92%|█████████▏| 109/119 [00:03<00:00, 32.22it/s]Saving to excel df of key 2025-06-02:  95%|█████████▍| 113/119 [00:03<00:00, 33.39it/s]Saving to excel df of key 2025-07-01:  95%|█████████▍| 113/119 [00:03<00:00, 33.39it/s]Saving to excel df of key 2025-08-01:  95%|█████████▍| 113/119 [00:03<00:00, 33.39it/s]Saving to excel df of key 2025-09-02:  95%|█████████▍| 113/119 [00:03<00:00, 33.39it/s]Saving to excel df of key 2025-10-01:  95%|█████████▍| 113/119 [00:03<00:00, 33.39it/s]Saving to excel df of key 2025-10-01:  98%|█████████▊| 117/119 [00:03<00:00, 23.22it/s]Saving to excel df of key 2025-11-03:  98%|█████████▊| 117/119 [00:03<00:00, 23.22it/s]Saving to excel df of key 2025-12-01:  98%|█████████▊| 117/119 [00:03<00:00, 23.22it/s]Saving to excel df of key 2025-12-01: 100%|██████████| 119/119 [00:03<00:00, 32.72it/s]
2026-07-30 16:48:09.624 | INFO     | scripts.dataloader.filter:save_df_dict_to_excel:90 - df successfully saved to /Users/mac/Downloads/portfolio_optimization_pipeline_v2/results/calibration_runs/advanced_smart_bayesian_risk_return/trial_00040 / weights.xlsx
2026-07-30 16:48:29.336 | INFO     | __main__:main:693 - SUCCESS
Interactive Plotly report saved to /Users/mac/Downloads/portfolio_optimization_pipeline_v2/results/calibration_runs/advanced_smart_bayesian_risk_return/trial_00040/interactive_report.html
