2026-07-30 14:07:06.173 | INFO     | __main__:main:650 - Successful file reading
2026-07-30 14:07:10.295 | INFO     | __main__:model_computation:314 - Run start: portfolio=filteredmodel=bayessian, optimizer=bayessian, execution=base_exec
Portfolio optimization with month weight rebalancing: 0it [00:00, ?it/s]Portfolio optimization with 0 month weight rebalancing 2019-01-02 00:00:00: : 0it [00:00, ?it/s]2026-07-30 14:07:10.568 | WARNING  | __main__:model_computation:474 - Nested engine fallback on 2019-01-02: "['BOND'] not in index"
self.is_all_methods=False, self.min_weight=0.0, self.max_weight=0.08
single_methods
[RC-LP] method_type='return_cvar_constraint' sum=1.0000 active=38
IN-SAMPLE alpha grid-search best alphas[index]=np.float64(0.1),results[index]=array([ 8.95042045e+02, -1.04957955e-01,  1.63981043e-04, -1.04957955e-01])
best_index=np.int64(0) np.sum(w_target)=np.float64(1.0) case[index%2]='max_alpha'
0.5 2019-02-01 00:00:00 1076.1776817730513 0.07617768177305138 0.0008199052132701423 0.07617768177305129
PROGRESS	2019-02-01	211	38	0.07617768177305129	1076.1776817730513
Portfolio optimization with 0 month weight rebalancing 2019-01-02 00:00:00: : 1it [00:00,  3.08it/s]Portfolio optimization with 1 month weight rebalancing 2019-02-01 00:00:00: : 1it [00:00,  3.08it/s]2026-07-30 14:07:10.859 | WARNING  | __main__:model_computation:474 - Nested engine fallback on 2019-02-01: "['BOND'] not in index"
self.is_all_methods=False, self.min_weight=0.0, self.max_weight=0.08
single_methods
[RC-LP] method_type='return_cvar_constraint' sum=1.0000 active=67
IN-SAMPLE alpha grid-search best alphas[index]=np.float64(1.0),results[index]=array([1.10285385e+03, 2.47878802e-02, 7.34597156e-04, 2.47878802e-02])
best_index=np.int64(0) np.sum(w_target)=np.float64(1.0) case[index%2]='max_alpha'
0.479020733578958 2019-03-01 00:00:00 1106.8206546396443 0.028473897373626565 0.00035188726874283636 0.02847389737362649
PROGRESS	2019-03-01	213	67	0.02847389737362649	1106.8206546396443
Portfolio optimization with 1 month weight rebalancing 2019-02-01 00:00:00: : 2it [00:00,  3.26it/s]Portfolio optimization with 2 month weight rebalancing 2019-03-01 00:00:00: : 2it [00:00,  3.26it/s]self.is_all_methods=False, self.min_weight=0.0, self.max_weight=0.08
single_methods
[RC-LP] method_type='return_cvar_constraint' sum=1.0000 active=23
self.is_all_methods=False, self.min_weight=0.0, self.max_weight=0.08
single_methods
[RC-LP] method_type='return_cvar_constraint' sum=1.0000 active=27
self.is_all_methods=False, self.min_weight=0.0, self.max_weight=0.08
single_methods
[RC-LP] method_type='return_cvar_constraint' sum=1.0000 active=27
self.is_all_methods=False, self.min_weight=0.0, self.max_weight=0.08
single_methods
[RC-LP] method_type='return_cvar_constraint' sum=1.0000 active=24
self.is_all_methods=False, self.min_weight=0.0, self.max_weight=0.08
single_methods
[RC-LP] method_type='return_cvar_constraint' sum=1.0000 active=25
self.is_all_methods=False, self.min_weight=0.0, self.max_weight=0.08
single_methods
[RC-LP] method_type='return_cvar_constraint' sum=1.0000 active=25
self.is_all_methods=False, self.min_weight=0.0, self.max_weight=0.08
single_methods
[RC-LP] method_type='return_cvar_constraint' sum=1.0000 active=46
self.is_all_methods=False, self.min_weight=0.0, self.max_weight=0.08
single_methods
[RC-LP] method_type='return_cvar_constraint' sum=1.0000 active=50
self.is_all_methods=False, self.min_weight=0.0, self.max_weight=0.08
single_methods
[RC-LP] method_type='return_cvar_constraint' sum=1.0000 active=59
self.is_all_methods=False, self.min_weight=0.0, self.max_weight=0.08
single_methods
[RC-LP] method_type='return_cvar_constraint' sum=1.0000 active=48
self.is_all_methods=False, self.min_weight=0.0, self.max_weight=0.08
single_methods
[RC-LP] method_type='return_cvar_constraint' sum=1.0000 active=63
self.is_all_methods=False, self.min_weight=0.0, self.max_weight=0.08
single_methods
[RC-LP] method_type='return_cvar_constraint' sum=1.0000 active=63
self.is_all_methods=False, self.min_weight=0.0, self.max_weight=0.12
single_methods
[RC-LP] method_type='return_cvar_constraint' sum=1.0000 active=16
self.is_all_methods=False, self.min_weight=0.0, self.max_weight=0.12
single_methods
[RC-LP] method_type='return_cvar_constraint' sum=1.0000 active=18
self.is_all_methods=False, self.min_weight=0.0, self.max_weight=0.12
single_methods
[RC-LP] method_type='return_cvar_constraint' sum=1.0000 active=18
self.is_all_methods=False, self.min_weight=0.0, self.max_weight=0.12
single_methods
[RC-LP] method_type='return_cvar_constraint' sum=1.0000 active=19
self.is_all_methods=False, self.min_weight=0.0, self.max_weight=0.12
single_methods
[RC-LP] method_type='return_cvar_constraint' sum=1.0000 active=18
self.is_all_methods=False, self.min_weight=0.0, self.max_weight=0.12
single_methods
[RC-LP] method_type='return_cvar_constraint' sum=1.0000 active=14
self.is_all_methods=False, self.min_weight=0.0, self.max_weight=0.12
single_methods
[RC-LP] method_type='return_cvar_constraint' sum=1.0000 active=36
self.is_all_methods=False, self.min_weight=0.0, self.max_weight=0.12
single_methods
[RC-LP] method_type='return_cvar_constraint' sum=1.0000 active=39
self.is_all_methods=False, self.min_weight=0.0, self.max_weight=0.12
single_methods
[RC-LP] method_type='return_cvar_constraint' sum=1.0000 active=38
self.is_all_methods=False, self.min_weight=0.0, self.max_weight=0.12
single_methods
[RC-LP] method_type='return_cvar_constraint' sum=1.0000 active=43
self.is_all_methods=False, self.min_weight=0.0, self.max_weight=0.12
single_methods
[RC-LP] method_type='return_cvar_constraint' sum=1.0000 active=41
self.is_all_methods=False, self.min_weight=0.0, self.max_weight=0.12
single_methods
[RC-LP] method_type='return_cvar_constraint' sum=1.0000 active=40
self.is_all_methods=False, self.min_weight=0.0, self.max_weight=0.08
single_methods
method_type='mean_cvar_sharpe' np.sum(weights)=1.000000 active=215 weights.shape=(216,)
self.is_all_methods=False, self.min_weight=0.0, self.max_weight=0.08
single_methods
method_type='mean_cvar_sharpe' np.sum(weights)=1.000000 active=215 weights.shape=(216,)
self.is_all_methods=False, self.min_weight=0.0, self.max_weight=0.08
single_methods
method_type='mean_cvar_sharpe' np.sum(weights)=1.000000 active=215 weights.shape=(216,)
self.is_all_methods=False, self.min_weight=0.0, self.max_weight=0.08
single_methods
method_type='mean_cvar_sharpe' np.sum(weights)=1.000000 active=118 weights.shape=(216,)
self.is_all_methods=False, self.min_weight=0.0, self.max_weight=0.08
single_methods
method_type='mean_cvar_sharpe' np.sum(weights)=1.000000 active=118 weights.shape=(216,)
self.is_all_methods=False, self.min_weight=0.0, self.max_weight=0.08
single_methods
method_type='mean_cvar_sharpe' np.sum(weights)=1.000000 active=118 weights.shape=(216,)
self.is_all_methods=False, self.min_weight=0.0, self.max_weight=0.08
single_methods
method_type='mean_cvar_sharpe' np.sum(weights)=1.000000 active=111 weights.shape=(216,)
self.is_all_methods=False, self.min_weight=0.0, self.max_weight=0.08
single_methods
method_type='mean_cvar_sharpe' np.sum(weights)=1.000000 active=111 weights.shape=(216,)
self.is_all_methods=False, self.min_weight=0.0, self.max_weight=0.08
single_methods
method_type='mean_cvar_sharpe' np.sum(weights)=1.000000 active=111 weights.shape=(216,)
self.is_all_methods=False, self.min_weight=0.0, self.max_weight=0.08
single_methods
method_type='mean_cvar_sharpe' np.sum(weights)=1.000000 active=122 weights.shape=(216,)
self.is_all_methods=False, self.min_weight=0.0, self.max_weight=0.08
single_methods
method_type='mean_cvar_sharpe' np.sum(weights)=1.000000 active=122 weights.shape=(216,)
self.is_all_methods=False, self.min_weight=0.0, self.max_weight=0.08
single_methods
method_type='mean_cvar_sharpe' np.sum(weights)=1.000000 active=122 weights.shape=(216,)
self.is_all_methods=False, self.min_weight=0.0, self.max_weight=0.12
single_methods
method_type='mean_cvar_sharpe' np.sum(weights)=1.000000 active=216 weights.shape=(216,)
self.is_all_methods=False, self.min_weight=0.0, self.max_weight=0.12
single_methods
method_type='mean_cvar_sharpe' np.sum(weights)=1.000000 active=216 weights.shape=(216,)
self.is_all_methods=False, self.min_weight=0.0, self.max_weight=0.12
single_methods
method_type='mean_cvar_sharpe' np.sum(weights)=1.000000 active=216 weights.shape=(216,)
self.is_all_methods=False, self.min_weight=0.0, self.max_weight=0.12
single_methods
method_type='mean_cvar_sharpe' np.sum(weights)=1.000000 active=215 weights.shape=(216,)
self.is_all_methods=False, self.min_weight=0.0, self.max_weight=0.12
single_methods
method_type='mean_cvar_sharpe' np.sum(weights)=1.000000 active=215 weights.shape=(216,)
self.is_all_methods=False, self.min_weight=0.0, self.max_weight=0.12
single_methods
method_type='mean_cvar_sharpe' np.sum(weights)=1.000000 active=215 weights.shape=(216,)
self.is_all_methods=False, self.min_weight=0.0, self.max_weight=0.12
single_methods
method_type='mean_cvar_sharpe' np.sum(weights)=1.000000 active=127 weights.shape=(216,)
self.is_all_methods=False, self.min_weight=0.0, self.max_weight=0.12
single_methods
method_type='mean_cvar_sharpe' np.sum(weights)=1.000000 active=127 weights.shape=(216,)
self.is_all_methods=False, self.min_weight=0.0, self.max_weight=0.12
single_methods
method_type='mean_cvar_sharpe' np.sum(weights)=1.000000 active=127 weights.shape=(216,)
self.is_all_methods=False, self.min_weight=0.0, self.max_weight=0.12
single_methods
method_type='mean_cvar_sharpe' np.sum(weights)=1.000000 active=106 weights.shape=(216,)
self.is_all_methods=False, self.min_weight=0.0, self.max_weight=0.12
single_methods
method_type='mean_cvar_sharpe' np.sum(weights)=1.000000 active=106 weights.shape=(216,)
self.is_all_methods=False, self.min_weight=0.0, self.max_weight=0.12
single_methods
method_type='mean_cvar_sharpe' np.sum(weights)=1.000000 active=106 weights.shape=(216,)
1.0 2019-04-01 00:00:00 1132.0822009648318 0.02282352269023412 0.0001361581011579821 0.02282352269023402
PROGRESS	2019-04-01	216	209	0.02282352269023402	1132.0822009648318
Portfolio optimization with 2 month weight rebalancing 2019-03-01 00:00:00: : 3it [00:15,  6.83s/it]Portfolio optimization with 3 month weight rebalancing 2019-04-01 00:00:00: : 3it [00:15,  6.83s/it]self.is_all_methods=False, self.min_weight=0.0, self.max_weight=0.08
single_methods
[RC-LP] method_type='return_cvar_constraint' sum=1.0000 active=23
self.is_all_methods=False, self.min_weight=0.0, self.max_weight=0.08
single_methods
[RC-LP] method_type='return_cvar_constraint' sum=1.0000 active=20
self.is_all_methods=False, self.min_weight=0.0, self.max_weight=0.08
single_methods
[RC-LP] method_type='return_cvar_constraint' sum=1.0000 active=16
self.is_all_methods=False, self.min_weight=0.0, self.max_weight=0.08
single_methods
[RC-LP] method_type='return_cvar_constraint' sum=1.0000 active=23
self.is_all_methods=False, self.min_weight=0.0, self.max_weight=0.08
single_methods
[RC-LP] method_type='return_cvar_constraint' sum=1.0000 active=17
self.is_all_methods=False, self.min_weight=0.0, self.max_weight=0.08
single_methods
[RC-LP] method_type='return_cvar_constraint' sum=1.0000 active=15
self.is_all_methods=False, self.min_weight=0.0, self.max_weight=0.08
single_methods
[RC-LP] method_type='return_cvar_constraint' sum=1.0000 active=41
self.is_all_methods=False, self.min_weight=0.0, self.max_weight=0.08
single_methods
[RC-LP] method_type='return_cvar_constraint' sum=1.0000 active=35
self.is_all_methods=False, self.min_weight=0.0, self.max_weight=0.08
single_methods
[RC-LP] method_type='return_cvar_constraint' sum=1.0000 active=33
self.is_all_methods=False, self.min_weight=0.0, self.max_weight=0.08
single_methods
[RC-LP] method_type='return_cvar_constraint' sum=1.0000 active=39
self.is_all_methods=False, self.min_weight=0.0, self.max_weight=0.08
single_methods
[RC-LP] method_type='return_cvar_constraint' sum=1.0000 active=34
self.is_all_methods=False, self.min_weight=0.0, self.max_weight=0.08
single_methods
[RC-LP] method_type='return_cvar_constraint' sum=1.0000 active=27
self.is_all_methods=False, self.min_weight=0.0, self.max_weight=0.12
single_methods
[RC-LP] method_type='return_cvar_constraint' sum=1.0000 active=20
self.is_all_methods=False, self.min_weight=0.0, self.max_weight=0.12
single_methods
[RC-LP] method_type='return_cvar_constraint' sum=1.0000 active=15
self.is_all_methods=False, self.min_weight=0.0, self.max_weight=0.12
single_methods
[RC-LP] method_type='return_cvar_constraint' sum=1.0000 active=13
self.is_all_methods=False, self.min_weight=0.0, self.max_weight=0.12
single_methods
[RC-LP] method_type='return_cvar_constraint' sum=1.0000 active=19
self.is_all_methods=False, self.min_weight=0.0, self.max_weight=0.12
single_methods
[RC-LP] method_type='return_cvar_constraint' sum=1.0000 active=16
self.is_all_methods=False, self.min_weight=0.0, self.max_weight=0.12
single_methods
[RC-LP] method_type='return_cvar_constraint' sum=1.0000 active=15
self.is_all_methods=False, self.min_weight=0.0, self.max_weight=0.12
single_methods
[RC-LP] method_type='return_cvar_constraint' sum=1.0000 active=38
self.is_all_methods=False, self.min_weight=0.0, self.max_weight=0.12
single_methods
[RC-LP] method_type='return_cvar_constraint' sum=1.0000 active=29
self.is_all_methods=False, self.min_weight=0.0, self.max_weight=0.12
single_methods
[RC-LP] method_type='return_cvar_constraint' sum=1.0000 active=28
self.is_all_methods=False, self.min_weight=0.0, self.max_weight=0.12
single_methods
[RC-LP] method_type='return_cvar_constraint' sum=1.0000 active=36
self.is_all_methods=False, self.min_weight=0.0, self.max_weight=0.12
single_methods
[RC-LP] method_type='return_cvar_constraint' sum=1.0000 active=29
self.is_all_methods=False, self.min_weight=0.0, self.max_weight=0.12
single_methods
[RC-LP] method_type='return_cvar_constraint' sum=1.0000 active=27
self.is_all_methods=False, self.min_weight=0.0, self.max_weight=0.08
single_methods
method_type='mean_cvar_sharpe' np.sum(weights)=1.000000 active=129 weights.shape=(217,)
self.is_all_methods=False, self.min_weight=0.0, self.max_weight=0.08
single_methods
method_type='mean_cvar_sharpe' np.sum(weights)=1.000000 active=129 weights.shape=(217,)
self.is_all_methods=False, self.min_weight=0.0, self.max_weight=0.08
single_methods
method_type='mean_cvar_sharpe' np.sum(weights)=1.000000 active=129 weights.shape=(217,)
self.is_all_methods=False, self.min_weight=0.0, self.max_weight=0.08
single_methods
method_type='mean_cvar_sharpe' np.sum(weights)=1.000000 active=217 weights.shape=(217,)
self.is_all_methods=False, self.min_weight=0.0, self.max_weight=0.08
single_methods
method_type='mean_cvar_sharpe' np.sum(weights)=1.000000 active=217 weights.shape=(217,)
self.is_all_methods=False, self.min_weight=0.0, self.max_weight=0.08
single_methods
method_type='mean_cvar_sharpe' np.sum(weights)=1.000000 active=217 weights.shape=(217,)
self.is_all_methods=False, self.min_weight=0.0, self.max_weight=0.08
single_methods
method_type='mean_cvar_sharpe' np.sum(weights)=1.000000 active=217 weights.shape=(217,)
self.is_all_methods=False, self.min_weight=0.0, self.max_weight=0.08
single_methods
method_type='mean_cvar_sharpe' np.sum(weights)=1.000000 active=217 weights.shape=(217,)
self.is_all_methods=False, self.min_weight=0.0, self.max_weight=0.08
single_methods
method_type='mean_cvar_sharpe' np.sum(weights)=1.000000 active=217 weights.shape=(217,)
self.is_all_methods=False, self.min_weight=0.0, self.max_weight=0.08
single_methods
method_type='mean_cvar_sharpe' np.sum(weights)=1.000000 active=128 weights.shape=(217,)
self.is_all_methods=False, self.min_weight=0.0, self.max_weight=0.08
single_methods
method_type='mean_cvar_sharpe' np.sum(weights)=1.000000 active=128 weights.shape=(217,)
self.is_all_methods=False, self.min_weight=0.0, self.max_weight=0.08
single_methods
method_type='mean_cvar_sharpe' np.sum(weights)=1.000000 active=128 weights.shape=(217,)
self.is_all_methods=False, self.min_weight=0.0, self.max_weight=0.12
single_methods
method_type='mean_cvar_sharpe' np.sum(weights)=1.000000 active=217 weights.shape=(217,)
self.is_all_methods=False, self.min_weight=0.0, self.max_weight=0.12
single_methods
method_type='mean_cvar_sharpe' np.sum(weights)=1.000000 active=217 weights.shape=(217,)
self.is_all_methods=False, self.min_weight=0.0, self.max_weight=0.12
single_methods
method_type='mean_cvar_sharpe' np.sum(weights)=1.000000 active=217 weights.shape=(217,)
self.is_all_methods=False, self.min_weight=0.0, self.max_weight=0.12
single_methods
method_type='mean_cvar_sharpe' np.sum(weights)=1.000000 active=217 weights.shape=(217,)
self.is_all_methods=False, self.min_weight=0.0, self.max_weight=0.12
single_methods
method_type='mean_cvar_sharpe' np.sum(weights)=1.000000 active=217 weights.shape=(217,)
self.is_all_methods=False, self.min_weight=0.0, self.max_weight=0.12
single_methods
method_type='mean_cvar_sharpe' np.sum(weights)=1.000000 active=217 weights.shape=(217,)
self.is_all_methods=False, self.min_weight=0.0, self.max_weight=0.12
single_methods
method_type='mean_cvar_sharpe' np.sum(weights)=1.000000 active=217 weights.shape=(217,)
self.is_all_methods=False, self.min_weight=0.0, self.max_weight=0.12
single_methods
method_type='mean_cvar_sharpe' np.sum(weights)=1.000000 active=217 weights.shape=(217,)
self.is_all_methods=False, self.min_weight=0.0, self.max_weight=0.12
single_methods
method_type='mean_cvar_sharpe' np.sum(weights)=1.000000 active=217 weights.shape=(217,)
self.is_all_methods=False, self.min_weight=0.0, self.max_weight=0.12
single_methods
method_type='mean_cvar_sharpe' np.sum(weights)=1.000000 active=217 weights.shape=(217,)
self.is_all_methods=False, self.min_weight=0.0, self.max_weight=0.12
single_methods
method_type='mean_cvar_sharpe' np.sum(weights)=1.000000 active=217 weights.shape=(217,)
self.is_all_methods=False, self.min_weight=0.0, self.max_weight=0.12
single_methods
method_type='mean_cvar_sharpe' np.sum(weights)=1.000000 active=217 weights.shape=(217,)
1.0 2019-05-01 00:00:00 1151.5932233070978 0.01723463395647197 0.00010777099733093215 0.017234633956471956
PROGRESS	2019-05-01	217	209	0.017234633956471956	1151.5932233070978
Portfolio optimization with 3 month weight rebalancing 2019-04-01 00:00:00: : 4it [00:29,  9.95s/it]Portfolio optimization with 4 month weight rebalancing 2019-05-01 00:00:00: : 4it [00:29,  9.95s/it]self.is_all_methods=False, self.min_weight=0.0, self.max_weight=0.08
single_methods
[RC-LP] method_type='return_cvar_constraint' sum=1.0000 active=25
self.is_all_methods=False, self.min_weight=0.0, self.max_weight=0.08
single_methods
[RC-LP] method_type='return_cvar_constraint' sum=1.0000 active=22
self.is_all_methods=False, self.min_weight=0.0, self.max_weight=0.08
single_methods
[RC-LP] method_type='return_cvar_constraint' sum=1.0000 active=14
self.is_all_methods=False, self.min_weight=0.0, self.max_weight=0.08
single_methods
[RC-LP] method_type='return_cvar_constraint' sum=1.0000 active=25
self.is_all_methods=False, self.min_weight=0.0, self.max_weight=0.08
single_methods
[RC-LP] method_type='return_cvar_constraint' sum=1.0000 active=24
self.is_all_methods=False, self.min_weight=0.0, self.max_weight=0.08
single_methods
[RC-LP] method_type='return_cvar_constraint' sum=1.0000 active=17
self.is_all_methods=False, self.min_weight=0.0, self.max_weight=0.08
single_methods
[RC-LP] method_type='return_cvar_constraint' sum=1.0000 active=46
self.is_all_methods=False, self.min_weight=0.0, self.max_weight=0.08
single_methods
[RC-LP] method_type='return_cvar_constraint' sum=1.0000 active=36
self.is_all_methods=False, self.min_weight=0.0, self.max_weight=0.08
single_methods
[RC-LP] method_type='return_cvar_constraint' sum=1.0000 active=28
self.is_all_methods=False, self.min_weight=0.0, self.max_weight=0.08
single_methods
[RC-LP] method_type='return_cvar_constraint' sum=1.0000 active=50
self.is_all_methods=False, self.min_weight=0.0, self.max_weight=0.08
single_methods
[RC-LP] method_type='return_cvar_constraint' sum=1.0000 active=32
self.is_all_methods=False, self.min_weight=0.0, self.max_weight=0.08
single_methods
[RC-LP] method_type='return_cvar_constraint' sum=1.0000 active=28
self.is_all_methods=False, self.min_weight=0.0, self.max_weight=0.12
single_methods
[RC-LP] method_type='return_cvar_constraint' sum=1.0000 active=23
self.is_all_methods=False, self.min_weight=0.0, self.max_weight=0.12
single_methods
[RC-LP] method_type='return_cvar_constraint' sum=1.0000 active=20
self.is_all_methods=False, self.min_weight=0.0, self.max_weight=0.12
single_methods
[RC-LP] method_type='return_cvar_constraint' sum=1.0000 active=16
self.is_all_methods=False, self.min_weight=0.0, self.max_weight=0.12
single_methods
[RC-LP] method_type='return_cvar_constraint' sum=1.0000 active=23
self.is_all_methods=False, self.min_weight=0.0, self.max_weight=0.12
single_methods
[RC-LP] method_type='return_cvar_constraint' sum=1.0000 active=24
self.is_all_methods=False, self.min_weight=0.0, self.max_weight=0.12
single_methods
[RC-LP] method_type='return_cvar_constraint' sum=1.0000 active=13
self.is_all_methods=False, self.min_weight=0.0, self.max_weight=0.12
single_methods
[RC-LP] method_type='return_cvar_constraint' sum=1.0000 active=42
self.is_all_methods=False, self.min_weight=0.0, self.max_weight=0.12
single_methods
[RC-LP] method_type='return_cvar_constraint' sum=1.0000 active=34
self.is_all_methods=False, self.min_weight=0.0, self.max_weight=0.12
single_methods
[RC-LP] method_type='return_cvar_constraint' sum=1.0000 active=31
self.is_all_methods=False, self.min_weight=0.0, self.max_weight=0.12
single_methods
[RC-LP] method_type='return_cvar_constraint' sum=1.0000 active=45
self.is_all_methods=False, self.min_weight=0.0, self.max_weight=0.12
single_methods
[RC-LP] method_type='return_cvar_constraint' sum=1.0000 active=29
self.is_all_methods=False, self.min_weight=0.0, self.max_weight=0.12
single_methods
[RC-LP] method_type='return_cvar_constraint' sum=1.0000 active=29
self.is_all_methods=False, self.min_weight=0.0, self.max_weight=0.08
single_methods
method_type='mean_cvar_sharpe' np.sum(weights)=1.000000 active=217 weights.shape=(217,)
self.is_all_methods=False, self.min_weight=0.0, self.max_weight=0.08
single_methods
method_type='mean_cvar_sharpe' np.sum(weights)=1.000000 active=217 weights.shape=(217,)
self.is_all_methods=False, self.min_weight=0.0, self.max_weight=0.08
single_methods
method_type='mean_cvar_sharpe' np.sum(weights)=1.000000 active=217 weights.shape=(217,)
self.is_all_methods=False, self.min_weight=0.0, self.max_weight=0.08
single_methods
method_type='mean_cvar_sharpe' np.sum(weights)=1.000000 active=217 weights.shape=(217,)
self.is_all_methods=False, self.min_weight=0.0, self.max_weight=0.08
single_methods
method_type='mean_cvar_sharpe' np.sum(weights)=1.000000 active=217 weights.shape=(217,)
self.is_all_methods=False, self.min_weight=0.0, self.max_weight=0.08
single_methods
method_type='mean_cvar_sharpe' np.sum(weights)=1.000000 active=217 weights.shape=(217,)
self.is_all_methods=False, self.min_weight=0.0, self.max_weight=0.08
single_methods
method_type='mean_cvar_sharpe' np.sum(weights)=1.000000 active=217 weights.shape=(217,)
self.is_all_methods=False, self.min_weight=0.0, self.max_weight=0.08
single_methods
method_type='mean_cvar_sharpe' np.sum(weights)=1.000000 active=217 weights.shape=(217,)
self.is_all_methods=False, self.min_weight=0.0, self.max_weight=0.08
single_methods
method_type='mean_cvar_sharpe' np.sum(weights)=1.000000 active=217 weights.shape=(217,)
self.is_all_methods=False, self.min_weight=0.0, self.max_weight=0.08
single_methods
method_type='mean_cvar_sharpe' np.sum(weights)=1.000000 active=217 weights.shape=(217,)
self.is_all_methods=False, self.min_weight=0.0, self.max_weight=0.08
single_methods
method_type='mean_cvar_sharpe' np.sum(weights)=1.000000 active=217 weights.shape=(217,)
self.is_all_methods=False, self.min_weight=0.0, self.max_weight=0.08
single_methods
method_type='mean_cvar_sharpe' np.sum(weights)=1.000000 active=217 weights.shape=(217,)
self.is_all_methods=False, self.min_weight=0.0, self.max_weight=0.12
single_methods
method_type='mean_cvar_sharpe' np.sum(weights)=1.000000 active=217 weights.shape=(217,)
self.is_all_methods=False, self.min_weight=0.0, self.max_weight=0.12
single_methods
method_type='mean_cvar_sharpe' np.sum(weights)=1.000000 active=217 weights.shape=(217,)
self.is_all_methods=False, self.min_weight=0.0, self.max_weight=0.12
single_methods
method_type='mean_cvar_sharpe' np.sum(weights)=1.000000 active=217 weights.shape=(217,)
self.is_all_methods=False, self.min_weight=0.0, self.max_weight=0.12
single_methods
method_type='mean_cvar_sharpe' np.sum(weights)=1.000000 active=217 weights.shape=(217,)
self.is_all_methods=False, self.min_weight=0.0, self.max_weight=0.12
single_methods
method_type='mean_cvar_sharpe' np.sum(weights)=1.000000 active=217 weights.shape=(217,)
self.is_all_methods=False, self.min_weight=0.0, self.max_weight=0.12
single_methods
method_type='mean_cvar_sharpe' np.sum(weights)=1.000000 active=217 weights.shape=(217,)
self.is_all_methods=False, self.min_weight=0.0, self.max_weight=0.12
single_methods
method_type='mean_cvar_sharpe' np.sum(weights)=1.000000 active=217 weights.shape=(217,)
self.is_all_methods=False, self.min_weight=0.0, self.max_weight=0.12
single_methods
method_type='mean_cvar_sharpe' np.sum(weights)=1.000000 active=217 weights.shape=(217,)
self.is_all_methods=False, self.min_weight=0.0, self.max_weight=0.12
single_methods
method_type='mean_cvar_sharpe' np.sum(weights)=1.000000 active=217 weights.shape=(217,)
self.is_all_methods=False, self.min_weight=0.0, self.max_weight=0.12
single_methods
method_type='mean_cvar_sharpe' np.sum(weights)=1.000000 active=216 weights.shape=(217,)
self.is_all_methods=False, self.min_weight=0.0, self.max_weight=0.12
single_methods
method_type='mean_cvar_sharpe' np.sum(weights)=1.000000 active=216 weights.shape=(217,)
self.is_all_methods=False, self.min_weight=0.0, self.max_weight=0.12
single_methods
method_type='mean_cvar_sharpe' np.sum(weights)=1.000000 active=216 weights.shape=(217,)
1.0 2019-06-03 00:00:00 1107.8835401012234 -0.03795583572500603 0.0001094345535141763 -0.03795583572500605
PROGRESS	2019-06-03	217	152	-0.03795583572500605	1107.8835401012234
Portfolio optimization with 4 month weight rebalancing 2019-05-01 00:00:00: : 5it [00:44, 11.57s/it]Portfolio optimization with 5 month weight rebalancing 2019-06-03 00:00:00: : 5it [00:44, 11.57s/it]self.is_all_methods=False, self.min_weight=0.0, self.max_weight=0.08
single_methods
[RC-LP] method_type='return_cvar_constraint' sum=1.0000 active=24
self.is_all_methods=False, self.min_weight=0.0, self.max_weight=0.08
single_methods
[RC-LP] method_type='return_cvar_constraint' sum=1.0000 active=23
self.is_all_methods=False, self.min_weight=0.0, self.max_weight=0.08
single_methods
[RC-LP] method_type='return_cvar_constraint' sum=1.0000 active=21
self.is_all_methods=False, self.min_weight=0.0, self.max_weight=0.08
single_methods
[RC-LP] method_type='return_cvar_constraint' sum=1.0000 active=24
self.is_all_methods=False, self.min_weight=0.0, self.max_weight=0.08
single_methods
[RC-LP] method_type='return_cvar_constraint' sum=1.0000 active=23
self.is_all_methods=False, self.min_weight=0.0, self.max_weight=0.08
single_methods
[RC-LP] method_type='return_cvar_constraint' sum=1.0000 active=21
self.is_all_methods=False, self.min_weight=0.0, self.max_weight=0.08
single_methods
[RC-LP] method_type='return_cvar_constraint' sum=1.0000 active=39
self.is_all_methods=False, self.min_weight=0.0, self.max_weight=0.08
single_methods
[RC-LP] method_type='return_cvar_constraint' sum=1.0000 active=37
self.is_all_methods=False, self.min_weight=0.0, self.max_weight=0.08
single_methods
[RC-LP] method_type='return_cvar_constraint' sum=1.0000 active=29
self.is_all_methods=False, self.min_weight=0.0, self.max_weight=0.08
single_methods
[RC-LP] method_type='return_cvar_constraint' sum=1.0000 active=44
self.is_all_methods=False, self.min_weight=0.0, self.max_weight=0.08
single_methods
[RC-LP] method_type='return_cvar_constraint' sum=1.0000 active=42
self.is_all_methods=False, self.min_weight=0.0, self.max_weight=0.08
single_methods
[RC-LP] method_type='return_cvar_constraint' sum=1.0000 active=33
self.is_all_methods=False, self.min_weight=0.0, self.max_weight=0.12
single_methods
[RC-LP] method_type='return_cvar_constraint' sum=1.0000 active=23
self.is_all_methods=False, self.min_weight=0.0, self.max_weight=0.12
single_methods
[RC-LP] method_type='return_cvar_constraint' sum=1.0000 active=23
self.is_all_methods=False, self.min_weight=0.0, self.max_weight=0.12
single_methods
[RC-LP] method_type='return_cvar_constraint' sum=1.0000 active=21
self.is_all_methods=False, self.min_weight=0.0, self.max_weight=0.12
single_methods
[RC-LP] method_type='return_cvar_constraint' sum=1.0000 active=22
self.is_all_methods=False, self.min_weight=0.0, self.max_weight=0.12
single_methods
[RC-LP] method_type='return_cvar_constraint' sum=1.0000 active=20
self.is_all_methods=False, self.min_weight=0.0, self.max_weight=0.12
single_methods
[RC-LP] method_type='return_cvar_constraint' sum=1.0000 active=20
self.is_all_methods=False, self.min_weight=0.0, self.max_weight=0.12
single_methods
[RC-LP] method_type='return_cvar_constraint' sum=1.0000 active=35
self.is_all_methods=False, self.min_weight=0.0, self.max_weight=0.12
single_methods
[RC-LP] method_type='return_cvar_constraint' sum=1.0000 active=35
self.is_all_methods=False, self.min_weight=0.0, self.max_weight=0.12
single_methods
[RC-LP] method_type='return_cvar_constraint' sum=1.0000 active=31
self.is_all_methods=False, self.min_weight=0.0, self.max_weight=0.12
single_methods
[RC-LP] method_type='return_cvar_constraint' sum=1.0000 active=40
self.is_all_methods=False, self.min_weight=0.0, self.max_weight=0.12
single_methods
[RC-LP] method_type='return_cvar_constraint' sum=1.0000 active=38
self.is_all_methods=False, self.min_weight=0.0, self.max_weight=0.12
single_methods
[RC-LP] method_type='return_cvar_constraint' sum=1.0000 active=36
self.is_all_methods=False, self.min_weight=0.0, self.max_weight=0.08
single_methods
method_type='mean_cvar_sharpe' np.sum(weights)=1.000000 active=93 weights.shape=(217,)
self.is_all_methods=False, self.min_weight=0.0, self.max_weight=0.08
single_methods
method_type='mean_cvar_sharpe' np.sum(weights)=1.000000 active=93 weights.shape=(217,)
self.is_all_methods=False, self.min_weight=0.0, self.max_weight=0.08
single_methods
method_type='mean_cvar_sharpe' np.sum(weights)=1.000000 active=93 weights.shape=(217,)
self.is_all_methods=False, self.min_weight=0.0, self.max_weight=0.08
single_methods
method_type='mean_cvar_sharpe' np.sum(weights)=1.000000 active=146 weights.shape=(217,)
self.is_all_methods=False, self.min_weight=0.0, self.max_weight=0.08
single_methods
method_type='mean_cvar_sharpe' np.sum(weights)=1.000000 active=146 weights.shape=(217,)
self.is_all_methods=False, self.min_weight=0.0, self.max_weight=0.08
single_methods
method_type='mean_cvar_sharpe' np.sum(weights)=1.000000 active=146 weights.shape=(217,)
self.is_all_methods=False, self.min_weight=0.0, self.max_weight=0.08
single_methods
method_type='mean_cvar_sharpe' np.sum(weights)=1.000000 active=217 weights.shape=(217,)
self.is_all_methods=False, self.min_weight=0.0, self.max_weight=0.08
single_methods
method_type='mean_cvar_sharpe' np.sum(weights)=1.000000 active=217 weights.shape=(217,)
self.is_all_methods=False, self.min_weight=0.0, self.max_weight=0.08
single_methods
method_type='mean_cvar_sharpe' np.sum(weights)=1.000000 active=217 weights.shape=(217,)
self.is_all_methods=False, self.min_weight=0.0, self.max_weight=0.08
single_methods
method_type='mean_cvar_sharpe' np.sum(weights)=1.000000 active=217 weights.shape=(217,)
self.is_all_methods=False, self.min_weight=0.0, self.max_weight=0.08
single_methods
method_type='mean_cvar_sharpe' np.sum(weights)=1.000000 active=217 weights.shape=(217,)
self.is_all_methods=False, self.min_weight=0.0, self.max_weight=0.08
single_methods
method_type='mean_cvar_sharpe' np.sum(weights)=1.000000 active=217 weights.shape=(217,)
self.is_all_methods=False, self.min_weight=0.0, self.max_weight=0.12
single_methods
method_type='mean_cvar_sharpe' np.sum(weights)=1.000000 active=217 weights.shape=(217,)
self.is_all_methods=False, self.min_weight=0.0, self.max_weight=0.12
single_methods
method_type='mean_cvar_sharpe' np.sum(weights)=1.000000 active=217 weights.shape=(217,)
self.is_all_methods=False, self.min_weight=0.0, self.max_weight=0.12
single_methods
method_type='mean_cvar_sharpe' np.sum(weights)=1.000000 active=217 weights.shape=(217,)
self.is_all_methods=False, self.min_weight=0.0, self.max_weight=0.12
single_methods
method_type='mean_cvar_sharpe' np.sum(weights)=1.000000 active=217 weights.shape=(217,)
self.is_all_methods=False, self.min_weight=0.0, self.max_weight=0.12
single_methods
method_type='mean_cvar_sharpe' np.sum(weights)=1.000000 active=217 weights.shape=(217,)
self.is_all_methods=False, self.min_weight=0.0, self.max_weight=0.12
single_methods
method_type='mean_cvar_sharpe' np.sum(weights)=1.000000 active=217 weights.shape=(217,)
self.is_all_methods=False, self.min_weight=0.0, self.max_weight=0.12
single_methods
method_type='mean_cvar_sharpe' np.sum(weights)=1.000000 active=217 weights.shape=(217,)
self.is_all_methods=False, self.min_weight=0.0, self.max_weight=0.12
single_methods
method_type='mean_cvar_sharpe' np.sum(weights)=1.000000 active=217 weights.shape=(217,)
self.is_all_methods=False, self.min_weight=0.0, self.max_weight=0.12
single_methods
method_type='mean_cvar_sharpe' np.sum(weights)=1.000000 active=217 weights.shape=(217,)
self.is_all_methods=False, self.min_weight=0.0, self.max_weight=0.12
single_methods
method_type='mean_cvar_sharpe' np.sum(weights)=1.000000 active=217 weights.shape=(217,)
self.is_all_methods=False, self.min_weight=0.0, self.max_weight=0.12
single_methods
method_type='mean_cvar_sharpe' np.sum(weights)=1.000000 active=217 weights.shape=(217,)
self.is_all_methods=False, self.min_weight=0.0, self.max_weight=0.12
single_methods
method_type='mean_cvar_sharpe' np.sum(weights)=1.000000 active=217 weights.shape=(217,)
1.0 2019-07-01 00:00:00 1171.3350696669925 0.05727274327044488 6.189527013863022e-05 0.05727274327044496
PROGRESS	2019-07-01	217	141	0.05727274327044496	1171.3350696669925
Portfolio optimization with 5 month weight rebalancing 2019-06-03 00:00:00: : 6it [00:57, 12.18s/it]Portfolio optimization with 6 month weight rebalancing 2019-07-01 00:00:00: : 6it [00:57, 12.18s/it]self.is_all_methods=False, self.min_weight=0.0, self.max_weight=0.08
single_methods
[RC-LP] method_type='return_cvar_constraint' sum=1.0000 active=22
self.is_all_methods=False, self.min_weight=0.0, self.max_weight=0.08
single_methods
[RC-LP] method_type='return_cvar_constraint' sum=1.0000 active=21
self.is_all_methods=False, self.min_weight=0.0, self.max_weight=0.08
single_methods
[RC-LP] method_type='return_cvar_constraint' sum=1.0000 active=16
self.is_all_methods=False, self.min_weight=0.0, self.max_weight=0.08
single_methods
[RC-LP] method_type='return_cvar_constraint' sum=1.0000 active=25
self.is_all_methods=False, self.min_weight=0.0, self.max_weight=0.08
single_methods
[RC-LP] method_type='return_cvar_constraint' sum=1.0000 active=25
self.is_all_methods=False, self.min_weight=0.0, self.max_weight=0.08
single_methods
[RC-LP] method_type='return_cvar_constraint' sum=1.0000 active=16
self.is_all_methods=False, self.min_weight=0.0, self.max_weight=0.08
single_methods
[RC-LP] method_type='return_cvar_constraint' sum=1.0000 active=38
self.is_all_methods=False, self.min_weight=0.0, self.max_weight=0.08
single_methods
[RC-LP] method_type='return_cvar_constraint' sum=1.0000 active=32
self.is_all_methods=False, self.min_weight=0.0, self.max_weight=0.08
single_methods
[RC-LP] method_type='return_cvar_constraint' sum=1.0000 active=24
self.is_all_methods=False, self.min_weight=0.0, self.max_weight=0.08
single_methods
[RC-LP] method_type='return_cvar_constraint' sum=1.0000 active=48
self.is_all_methods=False, self.min_weight=0.0, self.max_weight=0.08
single_methods
[RC-LP] method_type='return_cvar_constraint' sum=1.0000 active=25
self.is_all_methods=False, self.min_weight=0.0, self.max_weight=0.08
single_methods
[RC-LP] method_type='return_cvar_constraint' sum=1.0000 active=23
self.is_all_methods=False, self.min_weight=0.0, self.max_weight=0.12
single_methods
[RC-LP] method_type='return_cvar_constraint' sum=1.0000 active=21
self.is_all_methods=False, self.min_weight=0.0, self.max_weight=0.12
single_methods
[RC-LP] method_type='return_cvar_constraint' sum=1.0000 active=20
self.is_all_methods=False, self.min_weight=0.0, self.max_weight=0.12
single_methods
[RC-LP] method_type='return_cvar_constraint' sum=1.0000 active=13
self.is_all_methods=False, self.min_weight=0.0, self.max_weight=0.12
single_methods
[RC-LP] method_type='return_cvar_constraint' sum=1.0000 active=20
self.is_all_methods=False, self.min_weight=0.0, self.max_weight=0.12
single_methods
[RC-LP] method_type='return_cvar_constraint' sum=1.0000 active=22
self.is_all_methods=False, self.min_weight=0.0, self.max_weight=0.12
single_methods
[RC-LP] method_type='return_cvar_constraint' sum=1.0000 active=17
self.is_all_methods=False, self.min_weight=0.0, self.max_weight=0.12
single_methods
[RC-LP] method_type='return_cvar_constraint' sum=1.0000 active=35
self.is_all_methods=False, self.min_weight=0.0, self.max_weight=0.12
single_methods
[RC-LP] method_type='return_cvar_constraint' sum=1.0000 active=33
self.is_all_methods=False, self.min_weight=0.0, self.max_weight=0.12
single_methods
[RC-LP] method_type='return_cvar_constraint' sum=1.0000 active=20
self.is_all_methods=False, self.min_weight=0.0, self.max_weight=0.12
single_methods
[RC-LP] method_type='return_cvar_constraint' sum=1.0000 active=42
self.is_all_methods=False, self.min_weight=0.0, self.max_weight=0.12
single_methods
[RC-LP] method_type='return_cvar_constraint' sum=1.0000 active=33
self.is_all_methods=False, self.min_weight=0.0, self.max_weight=0.12
single_methods
[RC-LP] method_type='return_cvar_constraint' sum=1.0000 active=22
self.is_all_methods=False, self.min_weight=0.0, self.max_weight=0.08
single_methods
method_type='mean_cvar_sharpe' np.sum(weights)=1.000000 active=148 weights.shape=(218,)
self.is_all_methods=False, self.min_weight=0.0, self.max_weight=0.08
single_methods
method_type='mean_cvar_sharpe' np.sum(weights)=1.000000 active=148 weights.shape=(218,)
self.is_all_methods=False, self.min_weight=0.0, self.max_weight=0.08
single_methods
method_type='mean_cvar_sharpe' np.sum(weights)=1.000000 active=148 weights.shape=(218,)
self.is_all_methods=False, self.min_weight=0.0, self.max_weight=0.08
single_methods
method_type='mean_cvar_sharpe' np.sum(weights)=1.000000 active=86 weights.shape=(218,)
self.is_all_methods=False, self.min_weight=0.0, self.max_weight=0.08
single_methods
method_type='mean_cvar_sharpe' np.sum(weights)=1.000000 active=86 weights.shape=(218,)
self.is_all_methods=False, self.min_weight=0.0, self.max_weight=0.08
single_methods
method_type='mean_cvar_sharpe' np.sum(weights)=1.000000 active=86 weights.shape=(218,)
self.is_all_methods=False, self.min_weight=0.0, self.max_weight=0.08
single_methods
method_type='mean_cvar_sharpe' np.sum(weights)=1.000000 active=87 weights.shape=(218,)
self.is_all_methods=False, self.min_weight=0.0, self.max_weight=0.08
single_methods
method_type='mean_cvar_sharpe' np.sum(weights)=1.000000 active=87 weights.shape=(218,)
self.is_all_methods=False, self.min_weight=0.0, self.max_weight=0.08
single_methods
method_type='mean_cvar_sharpe' np.sum(weights)=1.000000 active=87 weights.shape=(218,)
self.is_all_methods=False, self.min_weight=0.0, self.max_weight=0.08
single_methods
method_type='mean_cvar_sharpe' np.sum(weights)=1.000000 active=210 weights.shape=(218,)
self.is_all_methods=False, self.min_weight=0.0, self.max_weight=0.08
single_methods
method_type='mean_cvar_sharpe' np.sum(weights)=1.000000 active=210 weights.shape=(218,)
self.is_all_methods=False, self.min_weight=0.0, self.max_weight=0.08
single_methods
method_type='mean_cvar_sharpe' np.sum(weights)=1.000000 active=210 weights.shape=(218,)
self.is_all_methods=False, self.min_weight=0.0, self.max_weight=0.12
single_methods
method_type='mean_cvar_sharpe' np.sum(weights)=1.000000 active=100 weights.shape=(218,)
self.is_all_methods=False, self.min_weight=0.0, self.max_weight=0.12
single_methods
method_type='mean_cvar_sharpe' np.sum(weights)=1.000000 active=100 weights.shape=(218,)
self.is_all_methods=False, self.min_weight=0.0, self.max_weight=0.12
single_methods
method_type='mean_cvar_sharpe' np.sum(weights)=1.000000 active=100 weights.shape=(218,)
self.is_all_methods=False, self.min_weight=0.0, self.max_weight=0.12
single_methods
method_type='mean_cvar_sharpe' np.sum(weights)=1.000000 active=99 weights.shape=(218,)
self.is_all_methods=False, self.min_weight=0.0, self.max_weight=0.12
single_methods
method_type='mean_cvar_sharpe' np.sum(weights)=1.000000 active=99 weights.shape=(218,)
self.is_all_methods=False, self.min_weight=0.0, self.max_weight=0.12
single_methods
method_type='mean_cvar_sharpe' np.sum(weights)=1.000000 active=99 weights.shape=(218,)
self.is_all_methods=False, self.min_weight=0.0, self.max_weight=0.12
single_methods
method_type='mean_cvar_sharpe' np.sum(weights)=1.000000 active=99 weights.shape=(218,)
self.is_all_methods=False, self.min_weight=0.0, self.max_weight=0.12
single_methods
method_type='mean_cvar_sharpe' np.sum(weights)=1.000000 active=99 weights.shape=(218,)
self.is_all_methods=False, self.min_weight=0.0, self.max_weight=0.12
single_methods
method_type='mean_cvar_sharpe' np.sum(weights)=1.000000 active=99 weights.shape=(218,)
self.is_all_methods=False, self.min_weight=0.0, self.max_weight=0.12
single_methods
method_type='mean_cvar_sharpe' np.sum(weights)=1.000000 active=136 weights.shape=(218,)
self.is_all_methods=False, self.min_weight=0.0, self.max_weight=0.12
single_methods
method_type='mean_cvar_sharpe' np.sum(weights)=1.000000 active=136 weights.shape=(218,)
self.is_all_methods=False, self.min_weight=0.0, self.max_weight=0.12
single_methods
method_type='mean_cvar_sharpe' np.sum(weights)=1.000000 active=136 weights.shape=(218,)
self.is_all_methods=False, self.min_weight=0.0, self.max_weight=0.12
single_methods
[RC-LP] method_type='return_cvar_constraint' sum=1.0000 active=13
0.25 2019-08-01 00:00:00 1185.8577693708291 0.012398416200383726 0.0002646133785467806 0.012398416200383622
PROGRESS	2019-08-01	218	12	0.012398416200383622	1185.8577693708291
Portfolio optimization with 6 month weight rebalancing 2019-07-01 00:00:00: : 7it [01:08, 11.85s/it]Portfolio optimization with 7 month weight rebalancing 2019-08-01 00:00:00: : 7it [01:08, 11.85s/it]self.is_all_methods=False, self.min_weight=0.0, self.max_weight=0.08
single_methods
[RC-LP] method_type='return_cvar_constraint' sum=1.0000 active=25
self.is_all_methods=False, self.min_weight=0.0, self.max_weight=0.08
single_methods
[RC-LP] method_type='return_cvar_constraint' sum=1.0000 active=26
self.is_all_methods=False, self.min_weight=0.0, self.max_weight=0.08
single_methods
[RC-LP] method_type='return_cvar_constraint' sum=1.0000 active=22
self.is_all_methods=False, self.min_weight=0.0, self.max_weight=0.08
single_methods
[RC-LP] method_type='return_cvar_constraint' sum=1.0000 active=30
self.is_all_methods=False, self.min_weight=0.0, self.max_weight=0.08
single_methods
[RC-LP] method_type='return_cvar_constraint' sum=1.0000 active=28
self.is_all_methods=False, self.min_weight=0.0, self.max_weight=0.08
single_methods
[RC-LP] method_type='return_cvar_constraint' sum=1.0000 active=29
self.is_all_methods=False, self.min_weight=0.0, self.max_weight=0.08
single_methods
[RC-LP] method_type='return_cvar_constraint' sum=1.0000 active=48
self.is_all_methods=False, self.min_weight=0.0, self.max_weight=0.08
single_methods
[RC-LP] method_type='return_cvar_constraint' sum=1.0000 active=46
self.is_all_methods=False, self.min_weight=0.0, self.max_weight=0.08
single_methods
[RC-LP] method_type='return_cvar_constraint' sum=1.0000 active=35
self.is_all_methods=False, self.min_weight=0.0, self.max_weight=0.08
single_methods
[RC-LP] method_type='return_cvar_constraint' sum=1.0000 active=52
self.is_all_methods=False, self.min_weight=0.0, self.max_weight=0.08
single_methods
[RC-LP] method_type='return_cvar_constraint' sum=1.0000 active=52
self.is_all_methods=False, self.min_weight=0.0, self.max_weight=0.08
single_methods
[RC-LP] method_type='return_cvar_constraint' sum=1.0000 active=42
self.is_all_methods=False, self.min_weight=0.0, self.max_weight=0.12
single_methods
[RC-LP] method_type='return_cvar_constraint' sum=1.0000 active=23
self.is_all_methods=False, self.min_weight=0.0, self.max_weight=0.12
single_methods
[RC-LP] method_type='return_cvar_constraint' sum=1.0000 active=23
self.is_all_methods=False, self.min_weight=0.0, self.max_weight=0.12
single_methods
[RC-LP] method_type='return_cvar_constraint' sum=1.0000 active=20
self.is_all_methods=False, self.min_weight=0.0, self.max_weight=0.12
single_methods
[RC-LP] method_type='return_cvar_constraint' sum=1.0000 active=25
self.is_all_methods=False, self.min_weight=0.0, self.max_weight=0.12
single_methods
[RC-LP] method_type='return_cvar_constraint' sum=1.0000 active=27
self.is_all_methods=False, self.min_weight=0.0, self.max_weight=0.12
single_methods
[RC-LP] method_type='return_cvar_constraint' sum=1.0000 active=25
self.is_all_methods=False, self.min_weight=0.0, self.max_weight=0.12
single_methods
[RC-LP] method_type='return_cvar_constraint' sum=1.0000 active=46
self.is_all_methods=False, self.min_weight=0.0, self.max_weight=0.12
single_methods
[RC-LP] method_type='return_cvar_constraint' sum=1.0000 active=34
self.is_all_methods=False, self.min_weight=0.0, self.max_weight=0.12
single_methods
[RC-LP] method_type='return_cvar_constraint' sum=1.0000 active=27
self.is_all_methods=False, self.min_weight=0.0, self.max_weight=0.12
single_methods
[RC-LP] method_type='return_cvar_constraint' sum=1.0000 active=50
self.is_all_methods=False, self.min_weight=0.0, self.max_weight=0.12
single_methods
[RC-LP] method_type='return_cvar_constraint' sum=1.0000 active=45
self.is_all_methods=False, self.min_weight=0.0, self.max_weight=0.12
single_methods
[RC-LP] method_type='return_cvar_constraint' sum=1.0000 active=36
self.is_all_methods=False, self.min_weight=0.0, self.max_weight=0.08
single_methods
method_type='mean_cvar_sharpe' np.sum(weights)=1.000000 active=219 weights.shape=(219,)
self.is_all_methods=False, self.min_weight=0.0, self.max_weight=0.08
single_methods
method_type='mean_cvar_sharpe' np.sum(weights)=1.000000 active=219 weights.shape=(219,)
self.is_all_methods=False, self.min_weight=0.0, self.max_weight=0.08
single_methods
method_type='mean_cvar_sharpe' np.sum(weights)=1.000000 active=219 weights.shape=(219,)
self.is_all_methods=False, self.min_weight=0.0, self.max_weight=0.08
single_methods
method_type='mean_cvar_sharpe' np.sum(weights)=1.000000 active=94 weights.shape=(219,)
self.is_all_methods=False, self.min_weight=0.0, self.max_weight=0.08
single_methods
method_type='mean_cvar_sharpe' np.sum(weights)=1.000000 active=94 weights.shape=(219,)
self.is_all_methods=False, self.min_weight=0.0, self.max_weight=0.08
single_methods
method_type='mean_cvar_sharpe' np.sum(weights)=1.000000 active=94 weights.shape=(219,)
self.is_all_methods=False, self.min_weight=0.0, self.max_weight=0.08
single_methods
method_type='mean_cvar_sharpe' np.sum(weights)=1.000000 active=141 weights.shape=(219,)
self.is_all_methods=False, self.min_weight=0.0, self.max_weight=0.08
single_methods
method_type='mean_cvar_sharpe' np.sum(weights)=1.000000 active=141 weights.shape=(219,)
self.is_all_methods=False, self.min_weight=0.0, self.max_weight=0.08
single_methods
method_type='mean_cvar_sharpe' np.sum(weights)=1.000000 active=141 weights.shape=(219,)
self.is_all_methods=False, self.min_weight=0.0, self.max_weight=0.08
single_methods
method_type='mean_cvar_sharpe' np.sum(weights)=1.000000 active=93 weights.shape=(219,)
self.is_all_methods=False, self.min_weight=0.0, self.max_weight=0.08
single_methods
method_type='mean_cvar_sharpe' np.sum(weights)=1.000000 active=93 weights.shape=(219,)
self.is_all_methods=False, self.min_weight=0.0, self.max_weight=0.08
single_methods
method_type='mean_cvar_sharpe' np.sum(weights)=1.000000 active=93 weights.shape=(219,)
self.is_all_methods=False, self.min_weight=0.0, self.max_weight=0.12
single_methods
method_type='mean_cvar_sharpe' np.sum(weights)=1.000000 active=139 weights.shape=(219,)
self.is_all_methods=False, self.min_weight=0.0, self.max_weight=0.12
single_methods
method_type='mean_cvar_sharpe' np.sum(weights)=1.000000 active=139 weights.shape=(219,)
self.is_all_methods=False, self.min_weight=0.0, self.max_weight=0.12
single_methods
method_type='mean_cvar_sharpe' np.sum(weights)=1.000000 active=139 weights.shape=(219,)
self.is_all_methods=False, self.min_weight=0.0, self.max_weight=0.12
single_methods
method_type='mean_cvar_sharpe' np.sum(weights)=1.000000 active=98 weights.shape=(219,)
self.is_all_methods=False, self.min_weight=0.0, self.max_weight=0.12
single_methods
method_type='mean_cvar_sharpe' np.sum(weights)=1.000000 active=98 weights.shape=(219,)
self.is_all_methods=False, self.min_weight=0.0, self.max_weight=0.12
single_methods
method_type='mean_cvar_sharpe' np.sum(weights)=1.000000 active=98 weights.shape=(219,)
self.is_all_methods=False, self.min_weight=0.0, self.max_weight=0.12
single_methods
method_type='mean_cvar_sharpe' np.sum(weights)=1.000000 active=133 weights.shape=(219,)
self.is_all_methods=False, self.min_weight=0.0, self.max_weight=0.12
single_methods
method_type='mean_cvar_sharpe' np.sum(weights)=1.000000 active=133 weights.shape=(219,)
self.is_all_methods=False, self.min_weight=0.0, self.max_weight=0.12
single_methods
method_type='mean_cvar_sharpe' np.sum(weights)=1.000000 active=133 weights.shape=(219,)
self.is_all_methods=False, self.min_weight=0.0, self.max_weight=0.12
single_methods
method_type='mean_cvar_sharpe' np.sum(weights)=1.000000 active=94 weights.shape=(219,)
self.is_all_methods=False, self.min_weight=0.0, self.max_weight=0.12
single_methods
method_type='mean_cvar_sharpe' np.sum(weights)=1.000000 active=94 weights.shape=(219,)
self.is_all_methods=False, self.min_weight=0.0, self.max_weight=0.12
single_methods
method_type='mean_cvar_sharpe' np.sum(weights)=1.000000 active=94 weights.shape=(219,)
1.0 2019-09-03 00:00:00 1187.575699525596 0.0014486814516368111 5.091316941861117e-05 0.0014486814516367907
PROGRESS	2019-09-03	219	127	0.0014486814516367907	1187.575699525596
Portfolio optimization with 7 month weight rebalancing 2019-08-01 00:00:00: : 8it [01:19, 11.38s/it]Portfolio optimization with 8 month weight rebalancing 2019-09-03 00:00:00: : 8it [01:19, 11.38s/it]self.is_all_methods=False, self.min_weight=0.0, self.max_weight=0.08
single_methods
[RC-LP] method_type='return_cvar_constraint' sum=1.0000 active=28
self.is_all_methods=False, self.min_weight=0.0, self.max_weight=0.08
single_methods
[RC-LP] method_type='return_cvar_constraint' sum=1.0000 active=22
self.is_all_methods=False, self.min_weight=0.0, self.max_weight=0.08
single_methods
[RC-LP] method_type='return_cvar_constraint' sum=1.0000 active=24
self.is_all_methods=False, self.min_weight=0.0, self.max_weight=0.08
single_methods
[RC-LP] method_type='return_cvar_constraint' sum=1.0000 active=29
self.is_all_methods=False, self.min_weight=0.0, self.max_weight=0.08
single_methods
[RC-LP] method_type='return_cvar_constraint' sum=1.0000 active=22
self.is_all_methods=False, self.min_weight=0.0, self.max_weight=0.08
single_methods
[RC-LP] method_type='return_cvar_constraint' sum=1.0000 active=20
self.is_all_methods=False, self.min_weight=0.0, self.max_weight=0.08
single_methods
[RC-LP] method_type='return_cvar_constraint' sum=1.0000 active=47
self.is_all_methods=False, self.min_weight=0.0, self.max_weight=0.08
single_methods
[RC-LP] method_type='return_cvar_constraint' sum=1.0000 active=34
self.is_all_methods=False, self.min_weight=0.0, self.max_weight=0.08
single_methods
[RC-LP] method_type='return_cvar_constraint' sum=1.0000 active=31
self.is_all_methods=False, self.min_weight=0.0, self.max_weight=0.08
single_methods
[RC-LP] method_type='return_cvar_constraint' sum=1.0000 active=46
self.is_all_methods=False, self.min_weight=0.0, self.max_weight=0.08
single_methods
[RC-LP] method_type='return_cvar_constraint' sum=1.0000 active=45
self.is_all_methods=False, self.min_weight=0.0, self.max_weight=0.08
single_methods
[RC-LP] method_type='return_cvar_constraint' sum=1.0000 active=35
self.is_all_methods=False, self.min_weight=0.0, self.max_weight=0.12
single_methods
[RC-LP] method_type='return_cvar_constraint' sum=1.0000 active=27
self.is_all_methods=False, self.min_weight=0.0, self.max_weight=0.12
single_methods
[RC-LP] method_type='return_cvar_constraint' sum=1.0000 active=20
self.is_all_methods=False, self.min_weight=0.0, self.max_weight=0.12
single_methods
[RC-LP] method_type='return_cvar_constraint' sum=1.0000 active=19
self.is_all_methods=False, self.min_weight=0.0, self.max_weight=0.12
single_methods
[RC-LP] method_type='return_cvar_constraint' sum=1.0000 active=24
self.is_all_methods=False, self.min_weight=0.0, self.max_weight=0.12
single_methods
[RC-LP] method_type='return_cvar_constraint' sum=1.0000 active=24
self.is_all_methods=False, self.min_weight=0.0, self.max_weight=0.12
single_methods
[RC-LP] method_type='return_cvar_constraint' sum=1.0000 active=17
self.is_all_methods=False, self.min_weight=0.0, self.max_weight=0.12
single_methods
[RC-LP] method_type='return_cvar_constraint' sum=1.0000 active=53
self.is_all_methods=False, self.min_weight=0.0, self.max_weight=0.12
single_methods
[RC-LP] method_type='return_cvar_constraint' sum=1.0000 active=34
self.is_all_methods=False, self.min_weight=0.0, self.max_weight=0.12
single_methods
[RC-LP] method_type='return_cvar_constraint' sum=1.0000 active=32
self.is_all_methods=False, self.min_weight=0.0, self.max_weight=0.12
single_methods
[RC-LP] method_type='return_cvar_constraint' sum=1.0000 active=46
self.is_all_methods=False, self.min_weight=0.0, self.max_weight=0.12
single_methods
[RC-LP] method_type='return_cvar_constraint' sum=1.0000 active=38
self.is_all_methods=False, self.min_weight=0.0, self.max_weight=0.12
single_methods
[RC-LP] method_type='return_cvar_constraint' sum=1.0000 active=37
self.is_all_methods=False, self.min_weight=0.0, self.max_weight=0.08
single_methods
method_type='mean_cvar_sharpe' np.sum(weights)=1.000000 active=221 weights.shape=(221,)
self.is_all_methods=False, self.min_weight=0.0, self.max_weight=0.08
single_methods
method_type='mean_cvar_sharpe' np.sum(weights)=1.000000 active=221 weights.shape=(221,)
self.is_all_methods=False, self.min_weight=0.0, self.max_weight=0.08
single_methods
method_type='mean_cvar_sharpe' np.sum(weights)=1.000000 active=221 weights.shape=(221,)
self.is_all_methods=False, self.min_weight=0.0, self.max_weight=0.08
single_methods
method_type='mean_cvar_sharpe' np.sum(weights)=1.000000 active=94 weights.shape=(221,)
self.is_all_methods=False, self.min_weight=0.0, self.max_weight=0.08
single_methods
method_type='mean_cvar_sharpe' np.sum(weights)=1.000000 active=94 weights.shape=(221,)
self.is_all_methods=False, self.min_weight=0.0, self.max_weight=0.08
single_methods
method_type='mean_cvar_sharpe' np.sum(weights)=1.000000 active=94 weights.shape=(221,)
self.is_all_methods=False, self.min_weight=0.0, self.max_weight=0.08
single_methods
method_type='mean_cvar_sharpe' np.sum(weights)=1.000000 active=221 weights.shape=(221,)
self.is_all_methods=False, self.min_weight=0.0, self.max_weight=0.08
single_methods
method_type='mean_cvar_sharpe' np.sum(weights)=1.000000 active=221 weights.shape=(221,)
self.is_all_methods=False, self.min_weight=0.0, self.max_weight=0.08
single_methods
method_type='mean_cvar_sharpe' np.sum(weights)=1.000000 active=221 weights.shape=(221,)
self.is_all_methods=False, self.min_weight=0.0, self.max_weight=0.08
single_methods
method_type='mean_cvar_sharpe' np.sum(weights)=1.000000 active=142 weights.shape=(221,)
self.is_all_methods=False, self.min_weight=0.0, self.max_weight=0.08
single_methods
method_type='mean_cvar_sharpe' np.sum(weights)=1.000000 active=142 weights.shape=(221,)
self.is_all_methods=False, self.min_weight=0.0, self.max_weight=0.08
single_methods
method_type='mean_cvar_sharpe' np.sum(weights)=1.000000 active=142 weights.shape=(221,)
self.is_all_methods=False, self.min_weight=0.0, self.max_weight=0.12
single_methods
method_type='mean_cvar_sharpe' np.sum(weights)=1.000000 active=221 weights.shape=(221,)
self.is_all_methods=False, self.min_weight=0.0, self.max_weight=0.12
single_methods
method_type='mean_cvar_sharpe' np.sum(weights)=1.000000 active=221 weights.shape=(221,)
self.is_all_methods=False, self.min_weight=0.0, self.max_weight=0.12
single_methods
method_type='mean_cvar_sharpe' np.sum(weights)=1.000000 active=221 weights.shape=(221,)
self.is_all_methods=False, self.min_weight=0.0, self.max_weight=0.12
single_methods
method_type='mean_cvar_sharpe' np.sum(weights)=1.000000 active=220 weights.shape=(221,)
self.is_all_methods=False, self.min_weight=0.0, self.max_weight=0.12
single_methods
method_type='mean_cvar_sharpe' np.sum(weights)=1.000000 active=220 weights.shape=(221,)
self.is_all_methods=False, self.min_weight=0.0, self.max_weight=0.12
single_methods
method_type='mean_cvar_sharpe' np.sum(weights)=1.000000 active=220 weights.shape=(221,)
self.is_all_methods=False, self.min_weight=0.0, self.max_weight=0.12
single_methods
method_type='mean_cvar_sharpe' np.sum(weights)=1.000000 active=221 weights.shape=(221,)
self.is_all_methods=False, self.min_weight=0.0, self.max_weight=0.12
single_methods
method_type='mean_cvar_sharpe' np.sum(weights)=1.000000 active=221 weights.shape=(221,)
self.is_all_methods=False, self.min_weight=0.0, self.max_weight=0.12
single_methods
method_type='mean_cvar_sharpe' np.sum(weights)=1.000000 active=221 weights.shape=(221,)
self.is_all_methods=False, self.min_weight=0.0, self.max_weight=0.12
single_methods
method_type='mean_cvar_sharpe' np.sum(weights)=1.000000 active=131 weights.shape=(221,)
self.is_all_methods=False, self.min_weight=0.0, self.max_weight=0.12
single_methods
method_type='mean_cvar_sharpe' np.sum(weights)=1.000000 active=131 weights.shape=(221,)
self.is_all_methods=False, self.min_weight=0.0, self.max_weight=0.12
single_methods
method_type='mean_cvar_sharpe' np.sum(weights)=1.000000 active=131 weights.shape=(221,)
1.0 2019-10-01 00:00:00 1206.0446518054785 0.015551810539117854 0.00011856676960959196 0.015551810539117916
PROGRESS	2019-10-01	221	121	0.015551810539117916	1206.0446518054785
Portfolio optimization with 8 month weight rebalancing 2019-09-03 00:00:00: : 9it [02:52, 36.83s/it]Portfolio optimization with 9 month weight rebalancing 2019-10-01 00:00:00: : 9it [02:52, 36.83s/it]self.is_all_methods=False, self.min_weight=0.0, self.max_weight=0.08
single_methods
[RC-LP] method_type='return_cvar_constraint' sum=1.0000 active=26
self.is_all_methods=False, self.min_weight=0.0, self.max_weight=0.08
single_methods
[RC-LP] method_type='return_cvar_constraint' sum=1.0000 active=25
self.is_all_methods=False, self.min_weight=0.0, self.max_weight=0.08
single_methods
[RC-LP] method_type='return_cvar_constraint' sum=1.0000 active=27
self.is_all_methods=False, self.min_weight=0.0, self.max_weight=0.08
single_methods
[RC-LP] method_type='return_cvar_constraint' sum=1.0000 active=31
self.is_all_methods=False, self.min_weight=0.0, self.max_weight=0.08
single_methods
[RC-LP] method_type='return_cvar_constraint' sum=1.0000 active=25
self.is_all_methods=False, self.min_weight=0.0, self.max_weight=0.08
single_methods
[RC-LP] method_type='return_cvar_constraint' sum=1.0000 active=24
self.is_all_methods=False, self.min_weight=0.0, self.max_weight=0.08
single_methods
[RC-LP] method_type='return_cvar_constraint' sum=1.0000 active=34
self.is_all_methods=False, self.min_weight=0.0, self.max_weight=0.08
single_methods
[RC-LP] method_type='return_cvar_constraint' sum=1.0000 active=38
self.is_all_methods=False, self.min_weight=0.0, self.max_weight=0.08
single_methods
[RC-LP] method_type='return_cvar_constraint' sum=1.0000 active=38
self.is_all_methods=False, self.min_weight=0.0, self.max_weight=0.08
single_methods
[RC-LP] method_type='return_cvar_constraint' sum=1.0000 active=45
self.is_all_methods=False, self.min_weight=0.0, self.max_weight=0.08
single_methods
[RC-LP] method_type='return_cvar_constraint' sum=1.0000 active=38
self.is_all_methods=False, self.min_weight=0.0, self.max_weight=0.08
single_methods
[RC-LP] method_type='return_cvar_constraint' sum=1.0000 active=41
self.is_all_methods=False, self.min_weight=0.0, self.max_weight=0.12
single_methods
[RC-LP] method_type='return_cvar_constraint' sum=1.0000 active=20
self.is_all_methods=False, self.min_weight=0.0, self.max_weight=0.12
single_methods
[RC-LP] method_type='return_cvar_constraint' sum=1.0000 active=20
self.is_all_methods=False, self.min_weight=0.0, self.max_weight=0.12
single_methods
[RC-LP] method_type='return_cvar_constraint' sum=1.0000 active=19
self.is_all_methods=False, self.min_weight=0.0, self.max_weight=0.12
single_methods
[RC-LP] method_type='return_cvar_constraint' sum=1.0000 active=28
self.is_all_methods=False, self.min_weight=0.0, self.max_weight=0.12
single_methods
[RC-LP] method_type='return_cvar_constraint' sum=1.0000 active=20
self.is_all_methods=False, self.min_weight=0.0, self.max_weight=0.12
single_methods
[RC-LP] method_type='return_cvar_constraint' sum=1.0000 active=22
self.is_all_methods=False, self.min_weight=0.0, self.max_weight=0.12
single_methods
[RC-LP] method_type='return_cvar_constraint' sum=1.0000 active=30
self.is_all_methods=False, self.min_weight=0.0, self.max_weight=0.12
single_methods
[RC-LP] method_type='return_cvar_constraint' sum=1.0000 active=31
self.is_all_methods=False, self.min_weight=0.0, self.max_weight=0.12
single_methods
[RC-LP] method_type='return_cvar_constraint' sum=1.0000 active=33
self.is_all_methods=False, self.min_weight=0.0, self.max_weight=0.12
single_methods
[RC-LP] method_type='return_cvar_constraint' sum=1.0000 active=40
self.is_all_methods=False, self.min_weight=0.0, self.max_weight=0.12
single_methods
[RC-LP] method_type='return_cvar_constraint' sum=1.0000 active=36
self.is_all_methods=False, self.min_weight=0.0, self.max_weight=0.12
single_methods
[RC-LP] method_type='return_cvar_constraint' sum=1.0000 active=35
self.is_all_methods=False, self.min_weight=0.0, self.max_weight=0.08
single_methods
method_type='mean_cvar_sharpe' np.sum(weights)=1.000000 active=121 weights.shape=(222,)
self.is_all_methods=False, self.min_weight=0.0, self.max_weight=0.08
single_methods
method_type='mean_cvar_sharpe' np.sum(weights)=1.000000 active=121 weights.shape=(222,)
self.is_all_methods=False, self.min_weight=0.0, self.max_weight=0.08
single_methods
method_type='mean_cvar_sharpe' np.sum(weights)=1.000000 active=121 weights.shape=(222,)
self.is_all_methods=False, self.min_weight=0.0, self.max_weight=0.08
single_methods
method_type='mean_cvar_sharpe' np.sum(weights)=1.000000 active=124 weights.shape=(222,)
self.is_all_methods=False, self.min_weight=0.0, self.max_weight=0.08
single_methods
method_type='mean_cvar_sharpe' np.sum(weights)=1.000000 active=124 weights.shape=(222,)
self.is_all_methods=False, self.min_weight=0.0, self.max_weight=0.08
single_methods
method_type='mean_cvar_sharpe' np.sum(weights)=1.000000 active=124 weights.shape=(222,)
self.is_all_methods=False, self.min_weight=0.0, self.max_weight=0.08
single_methods
method_type='mean_cvar_sharpe' np.sum(weights)=1.000000 active=217 weights.shape=(222,)
self.is_all_methods=False, self.min_weight=0.0, self.max_weight=0.08
single_methods
method_type='mean_cvar_sharpe' np.sum(weights)=1.000000 active=217 weights.shape=(222,)
self.is_all_methods=False, self.min_weight=0.0, self.max_weight=0.08
single_methods
method_type='mean_cvar_sharpe' np.sum(weights)=1.000000 active=217 weights.shape=(222,)
self.is_all_methods=False, self.min_weight=0.0, self.max_weight=0.08
single_methods
method_type='mean_cvar_sharpe' np.sum(weights)=1.000000 active=222 weights.shape=(222,)
self.is_all_methods=False, self.min_weight=0.0, self.max_weight=0.08
single_methods
method_type='mean_cvar_sharpe' np.sum(weights)=1.000000 active=222 weights.shape=(222,)
self.is_all_methods=False, self.min_weight=0.0, self.max_weight=0.08
single_methods
method_type='mean_cvar_sharpe' np.sum(weights)=1.000000 active=222 weights.shape=(222,)
self.is_all_methods=False, self.min_weight=0.0, self.max_weight=0.12
single_methods
method_type='mean_cvar_sharpe' np.sum(weights)=1.000000 active=109 weights.shape=(222,)
self.is_all_methods=False, self.min_weight=0.0, self.max_weight=0.12
single_methods
method_type='mean_cvar_sharpe' np.sum(weights)=1.000000 active=109 weights.shape=(222,)
self.is_all_methods=False, self.min_weight=0.0, self.max_weight=0.12
single_methods
method_type='mean_cvar_sharpe' np.sum(weights)=1.000000 active=109 weights.shape=(222,)
self.is_all_methods=False, self.min_weight=0.0, self.max_weight=0.12
single_methods
method_type='mean_cvar_sharpe' np.sum(weights)=1.000000 active=126 weights.shape=(222,)
self.is_all_methods=False, self.min_weight=0.0, self.max_weight=0.12
single_methods
method_type='mean_cvar_sharpe' np.sum(weights)=1.000000 active=126 weights.shape=(222,)
self.is_all_methods=False, self.min_weight=0.0, self.max_weight=0.12
single_methods
method_type='mean_cvar_sharpe' np.sum(weights)=1.000000 active=126 weights.shape=(222,)
self.is_all_methods=False, self.min_weight=0.0, self.max_weight=0.12
single_methods
method_type='mean_cvar_sharpe' np.sum(weights)=1.000000 active=222 weights.shape=(222,)
self.is_all_methods=False, self.min_weight=0.0, self.max_weight=0.12
single_methods
method_type='mean_cvar_sharpe' np.sum(weights)=1.000000 active=222 weights.shape=(222,)
self.is_all_methods=False, self.min_weight=0.0, self.max_weight=0.12
single_methods
method_type='mean_cvar_sharpe' np.sum(weights)=1.000000 active=222 weights.shape=(222,)
self.is_all_methods=False, self.min_weight=0.0, self.max_weight=0.12
single_methods
method_type='mean_cvar_sharpe' np.sum(weights)=1.000000 active=221 weights.shape=(222,)
self.is_all_methods=False, self.min_weight=0.0, self.max_weight=0.12
single_methods
method_type='mean_cvar_sharpe' np.sum(weights)=1.000000 active=221 weights.shape=(222,)
self.is_all_methods=False, self.min_weight=0.0, self.max_weight=0.12
single_methods
method_type='mean_cvar_sharpe' np.sum(weights)=1.000000 active=221 weights.shape=(222,)
1.0 2019-11-01 00:00:00 1218.7304233684142 0.010518492448803502 0.00012045720467094845 0.01051849244880354
PROGRESS	2019-11-01	222	114	0.01051849244880354	1218.7304233684142
Portfolio optimization with 9 month weight rebalancing 2019-10-01 00:00:00: : 10it [03:05, 29.46s/it]Portfolio optimization with 10 month weight rebalancing 2019-11-01 00:00:00: : 10it [03:05, 29.46s/it]self.is_all_methods=False, self.min_weight=0.0, self.max_weight=0.08
single_methods
[RC-LP] method_type='return_cvar_constraint' sum=1.0000 active=30
self.is_all_methods=False, self.min_weight=0.0, self.max_weight=0.08
single_methods
[RC-LP] method_type='return_cvar_constraint' sum=1.0000 active=29
self.is_all_methods=False, self.min_weight=0.0, self.max_weight=0.08
single_methods
[RC-LP] method_type='return_cvar_constraint' sum=1.0000 active=28
self.is_all_methods=False, self.min_weight=0.0, self.max_weight=0.08
single_methods
[RC-LP] method_type='return_cvar_constraint' sum=1.0000 active=29
self.is_all_methods=False, self.min_weight=0.0, self.max_weight=0.08
single_methods
[RC-LP] method_type='return_cvar_constraint' sum=1.0000 active=29
self.is_all_methods=False, self.min_weight=0.0, self.max_weight=0.08
single_methods
[RC-LP] method_type='return_cvar_constraint' sum=1.0000 active=27
self.is_all_methods=False, self.min_weight=0.0, self.max_weight=0.08
single_methods
[RC-LP] method_type='return_cvar_constraint' sum=1.0000 active=43
self.is_all_methods=False, self.min_weight=0.0, self.max_weight=0.08
single_methods
[RC-LP] method_type='return_cvar_constraint' sum=1.0000 active=46
self.is_all_methods=False, self.min_weight=0.0, self.max_weight=0.08
single_methods
[RC-LP] method_type='return_cvar_constraint' sum=1.0000 active=45
self.is_all_methods=False, self.min_weight=0.0, self.max_weight=0.08
single_methods
[RC-LP] method_type='return_cvar_constraint' sum=1.0000 active=48
self.is_all_methods=False, self.min_weight=0.0, self.max_weight=0.08
single_methods
[RC-LP] method_type='return_cvar_constraint' sum=1.0000 active=46
self.is_all_methods=False, self.min_weight=0.0, self.max_weight=0.08
single_methods
[RC-LP] method_type='return_cvar_constraint' sum=1.0000 active=46
self.is_all_methods=False, self.min_weight=0.0, self.max_weight=0.12
single_methods
[RC-LP] method_type='return_cvar_constraint' sum=1.0000 active=28
self.is_all_methods=False, self.min_weight=0.0, self.max_weight=0.12
single_methods
[RC-LP] method_type='return_cvar_constraint' sum=1.0000 active=27
self.is_all_methods=False, self.min_weight=0.0, self.max_weight=0.12
single_methods
[RC-LP] method_type='return_cvar_constraint' sum=1.0000 active=29
self.is_all_methods=False, self.min_weight=0.0, self.max_weight=0.12
single_methods
[RC-LP] method_type='return_cvar_constraint' sum=1.0000 active=25
self.is_all_methods=False, self.min_weight=0.0, self.max_weight=0.12
single_methods
[RC-LP] method_type='return_cvar_constraint' sum=1.0000 active=25
self.is_all_methods=False, self.min_weight=0.0, self.max_weight=0.12
single_methods
[RC-LP] method_type='return_cvar_constraint' sum=1.0000 active=26
self.is_all_methods=False, self.min_weight=0.0, self.max_weight=0.12
single_methods
[RC-LP] method_type='return_cvar_constraint' sum=1.0000 active=43
self.is_all_methods=False, self.min_weight=0.0, self.max_weight=0.12
single_methods
[RC-LP] method_type='return_cvar_constraint' sum=1.0000 active=42
self.is_all_methods=False, self.min_weight=0.0, self.max_weight=0.12
single_methods
[RC-LP] method_type='return_cvar_constraint' sum=1.0000 active=43
self.is_all_methods=False, self.min_weight=0.0, self.max_weight=0.12
single_methods
[RC-LP] method_type='return_cvar_constraint' sum=1.0000 active=45
self.is_all_methods=False, self.min_weight=0.0, self.max_weight=0.12
single_methods
[RC-LP] method_type='return_cvar_constraint' sum=1.0000 active=45
self.is_all_methods=False, self.min_weight=0.0, self.max_weight=0.12
single_methods
[RC-LP] method_type='return_cvar_constraint' sum=1.0000 active=42
self.is_all_methods=False, self.min_weight=0.0, self.max_weight=0.08
single_methods
method_type='mean_cvar_sharpe' np.sum(weights)=1.000000 active=222 weights.shape=(222,)
self.is_all_methods=False, self.min_weight=0.0, self.max_weight=0.08
single_methods
method_type='mean_cvar_sharpe' np.sum(weights)=1.000000 active=222 weights.shape=(222,)
self.is_all_methods=False, self.min_weight=0.0, self.max_weight=0.08
single_methods
method_type='mean_cvar_sharpe' np.sum(weights)=1.000000 active=222 weights.shape=(222,)
self.is_all_methods=False, self.min_weight=0.0, self.max_weight=0.08
single_methods
method_type='mean_cvar_sharpe' np.sum(weights)=1.000000 active=222 weights.shape=(222,)
self.is_all_methods=False, self.min_weight=0.0, self.max_weight=0.08
single_methods
method_type='mean_cvar_sharpe' np.sum(weights)=1.000000 active=222 weights.shape=(222,)
self.is_all_methods=False, self.min_weight=0.0, self.max_weight=0.08
single_methods
method_type='mean_cvar_sharpe' np.sum(weights)=1.000000 active=222 weights.shape=(222,)
self.is_all_methods=False, self.min_weight=0.0, self.max_weight=0.08
single_methods
method_type='mean_cvar_sharpe' np.sum(weights)=1.000000 active=222 weights.shape=(222,)
self.is_all_methods=False, self.min_weight=0.0, self.max_weight=0.08
single_methods
method_type='mean_cvar_sharpe' np.sum(weights)=1.000000 active=222 weights.shape=(222,)
self.is_all_methods=False, self.min_weight=0.0, self.max_weight=0.08
single_methods
method_type='mean_cvar_sharpe' np.sum(weights)=1.000000 active=222 weights.shape=(222,)
self.is_all_methods=False, self.min_weight=0.0, self.max_weight=0.08
single_methods
method_type='mean_cvar_sharpe' np.sum(weights)=1.000000 active=222 weights.shape=(222,)
self.is_all_methods=False, self.min_weight=0.0, self.max_weight=0.08
single_methods
method_type='mean_cvar_sharpe' np.sum(weights)=1.000000 active=222 weights.shape=(222,)
self.is_all_methods=False, self.min_weight=0.0, self.max_weight=0.08
single_methods
method_type='mean_cvar_sharpe' np.sum(weights)=1.000000 active=222 weights.shape=(222,)
self.is_all_methods=False, self.min_weight=0.0, self.max_weight=0.12
single_methods
method_type='mean_cvar_sharpe' np.sum(weights)=1.000000 active=222 weights.shape=(222,)
self.is_all_methods=False, self.min_weight=0.0, self.max_weight=0.12
single_methods
method_type='mean_cvar_sharpe' np.sum(weights)=1.000000 active=222 weights.shape=(222,)
self.is_all_methods=False, self.min_weight=0.0, self.max_weight=0.12
single_methods
method_type='mean_cvar_sharpe' np.sum(weights)=1.000000 active=222 weights.shape=(222,)
self.is_all_methods=False, self.min_weight=0.0, self.max_weight=0.12
single_methods
method_type='mean_cvar_sharpe' np.sum(weights)=1.000000 active=130 weights.shape=(222,)
self.is_all_methods=False, self.min_weight=0.0, self.max_weight=0.12
single_methods
method_type='mean_cvar_sharpe' np.sum(weights)=1.000000 active=130 weights.shape=(222,)
self.is_all_methods=False, self.min_weight=0.0, self.max_weight=0.12
single_methods
method_type='mean_cvar_sharpe' np.sum(weights)=1.000000 active=130 weights.shape=(222,)
self.is_all_methods=False, self.min_weight=0.0, self.max_weight=0.12
single_methods
method_type='mean_cvar_sharpe' np.sum(weights)=1.000000 active=222 weights.shape=(222,)
self.is_all_methods=False, self.min_weight=0.0, self.max_weight=0.12
single_methods
method_type='mean_cvar_sharpe' np.sum(weights)=1.000000 active=222 weights.shape=(222,)
self.is_all_methods=False, self.min_weight=0.0, self.max_weight=0.12
single_methods
method_type='mean_cvar_sharpe' np.sum(weights)=1.000000 active=222 weights.shape=(222,)
self.is_all_methods=False, self.min_weight=0.0, self.max_weight=0.12
single_methods
method_type='mean_cvar_sharpe' np.sum(weights)=1.000000 active=222 weights.shape=(222,)
self.is_all_methods=False, self.min_weight=0.0, self.max_weight=0.12
single_methods
method_type='mean_cvar_sharpe' np.sum(weights)=1.000000 active=222 weights.shape=(222,)
self.is_all_methods=False, self.min_weight=0.0, self.max_weight=0.12
single_methods
method_type='mean_cvar_sharpe' np.sum(weights)=1.000000 active=222 weights.shape=(222,)
1.0 2019-12-02 00:00:00 1240.7598201863755 0.01807569286493638 0.00011228653417893756 0.018075692864936377
PROGRESS	2019-12-02	222	111	0.018075692864936377	1240.7598201863755
Portfolio optimization with 10 month weight rebalancing 2019-11-01 00:00:00: : 11it [03:19, 24.77s/it]Portfolio optimization with 11 month weight rebalancing 2019-12-02 00:00:00: : 11it [03:19, 24.77s/it]self.is_all_methods=False, self.min_weight=0.0, self.max_weight=0.08
single_methods
[RC-LP] method_type='return_cvar_constraint' sum=1.0000 active=27
self.is_all_methods=False, self.min_weight=0.0, self.max_weight=0.08
single_methods
[RC-LP] method_type='return_cvar_constraint' sum=1.0000 active=27
self.is_all_methods=False, self.min_weight=0.0, self.max_weight=0.08
single_methods
[RC-LP] method_type='return_cvar_constraint' sum=1.0000 active=24
self.is_all_methods=False, self.min_weight=0.0, self.max_weight=0.08
single_methods
[RC-LP] method_type='return_cvar_constraint' sum=1.0000 active=28
self.is_all_methods=False, self.min_weight=0.0, self.max_weight=0.08
single_methods
[RC-LP] method_type='return_cvar_constraint' sum=1.0000 active=25
self.is_all_methods=False, self.min_weight=0.0, self.max_weight=0.08
single_methods
[RC-LP] method_type='return_cvar_constraint' sum=1.0000 active=26
self.is_all_methods=False, self.min_weight=0.0, self.max_weight=0.08
single_methods
[RC-LP] method_type='return_cvar_constraint' sum=1.0000 active=38
self.is_all_methods=False, self.min_weight=0.0, self.max_weight=0.08
single_methods
[RC-LP] method_type='return_cvar_constraint' sum=1.0000 active=37
self.is_all_methods=False, self.min_weight=0.0, self.max_weight=0.08
single_methods
[RC-LP] method_type='return_cvar_constraint' sum=1.0000 active=39
self.is_all_methods=False, self.min_weight=0.0, self.max_weight=0.08
single_methods
[RC-LP] method_type='return_cvar_constraint' sum=1.0000 active=48
self.is_all_methods=False, self.min_weight=0.0, self.max_weight=0.08
single_methods
[RC-LP] method_type='return_cvar_constraint' sum=1.0000 active=42
self.is_all_methods=False, self.min_weight=0.0, self.max_weight=0.08
single_methods
[RC-LP] method_type='return_cvar_constraint' sum=1.0000 active=38
self.is_all_methods=False, self.min_weight=0.0, self.max_weight=0.12
single_methods
[RC-LP] method_type='return_cvar_constraint' sum=1.0000 active=20
self.is_all_methods=False, self.min_weight=0.0, self.max_weight=0.12
single_methods
[RC-LP] method_type='return_cvar_constraint' sum=1.0000 active=19
self.is_all_methods=False, self.min_weight=0.0, self.max_weight=0.12
single_methods
[RC-LP] method_type='return_cvar_constraint' sum=1.0000 active=16
self.is_all_methods=False, self.min_weight=0.0, self.max_weight=0.12
single_methods
[RC-LP] method_type='return_cvar_constraint' sum=1.0000 active=20
self.is_all_methods=False, self.min_weight=0.0, self.max_weight=0.12
single_methods
[RC-LP] method_type='return_cvar_constraint' sum=1.0000 active=20
self.is_all_methods=False, self.min_weight=0.0, self.max_weight=0.12
single_methods
[RC-LP] method_type='return_cvar_constraint' sum=1.0000 active=16
self.is_all_methods=False, self.min_weight=0.0, self.max_weight=0.12
single_methods
[RC-LP] method_type='return_cvar_constraint' sum=1.0000 active=36
self.is_all_methods=False, self.min_weight=0.0, self.max_weight=0.12
single_methods
[RC-LP] method_type='return_cvar_constraint' sum=1.0000 active=31
self.is_all_methods=False, self.min_weight=0.0, self.max_weight=0.12
single_methods
[RC-LP] method_type='return_cvar_constraint' sum=1.0000 active=32
self.is_all_methods=False, self.min_weight=0.0, self.max_weight=0.12
single_methods
[RC-LP] method_type='return_cvar_constraint' sum=1.0000 active=32
self.is_all_methods=False, self.min_weight=0.0, self.max_weight=0.12
single_methods
[RC-LP] method_type='return_cvar_constraint' sum=1.0000 active=34
self.is_all_methods=False, self.min_weight=0.0, self.max_weight=0.12
single_methods
[RC-LP] method_type='return_cvar_constraint' sum=1.0000 active=32
self.is_all_methods=False, self.min_weight=0.0, self.max_weight=0.08
single_methods
method_type='mean_cvar_sharpe' np.sum(weights)=1.000000 active=223 weights.shape=(223,)
self.is_all_methods=False, self.min_weight=0.0, self.max_weight=0.08
single_methods
method_type='mean_cvar_sharpe' np.sum(weights)=1.000000 active=223 weights.shape=(223,)
self.is_all_methods=False, self.min_weight=0.0, self.max_weight=0.08
single_methods
method_type='mean_cvar_sharpe' np.sum(weights)=1.000000 active=223 weights.shape=(223,)
self.is_all_methods=False, self.min_weight=0.0, self.max_weight=0.08
single_methods
method_type='mean_cvar_sharpe' np.sum(weights)=1.000000 active=223 weights.shape=(223,)
self.is_all_methods=False, self.min_weight=0.0, self.max_weight=0.08
single_methods
method_type='mean_cvar_sharpe' np.sum(weights)=1.000000 active=223 weights.shape=(223,)
self.is_all_methods=False, self.min_weight=0.0, self.max_weight=0.08
single_methods
method_type='mean_cvar_sharpe' np.sum(weights)=1.000000 active=223 weights.shape=(223,)
self.is_all_methods=False, self.min_weight=0.0, self.max_weight=0.08
single_methods
method_type='mean_cvar_sharpe' np.sum(weights)=1.000000 active=223 weights.shape=(223,)
self.is_all_methods=False, self.min_weight=0.0, self.max_weight=0.08
single_methods
method_type='mean_cvar_sharpe' np.sum(weights)=1.000000 active=223 weights.shape=(223,)
self.is_all_methods=False, self.min_weight=0.0, self.max_weight=0.08
single_methods
method_type='mean_cvar_sharpe' np.sum(weights)=1.000000 active=223 weights.shape=(223,)
self.is_all_methods=False, self.min_weight=0.0, self.max_weight=0.08
single_methods
method_type='mean_cvar_sharpe' np.sum(weights)=1.000000 active=223 weights.shape=(223,)
self.is_all_methods=False, self.min_weight=0.0, self.max_weight=0.08
single_methods
method_type='mean_cvar_sharpe' np.sum(weights)=1.000000 active=223 weights.shape=(223,)
self.is_all_methods=False, self.min_weight=0.0, self.max_weight=0.08
single_methods
method_type='mean_cvar_sharpe' np.sum(weights)=1.000000 active=223 weights.shape=(223,)
self.is_all_methods=False, self.min_weight=0.0, self.max_weight=0.12
single_methods
method_type='mean_cvar_sharpe' np.sum(weights)=1.000000 active=221 weights.shape=(223,)
self.is_all_methods=False, self.min_weight=0.0, self.max_weight=0.12
single_methods
method_type='mean_cvar_sharpe' np.sum(weights)=1.000000 active=221 weights.shape=(223,)
self.is_all_methods=False, self.min_weight=0.0, self.max_weight=0.12
single_methods
method_type='mean_cvar_sharpe' np.sum(weights)=1.000000 active=221 weights.shape=(223,)
self.is_all_methods=False, self.min_weight=0.0, self.max_weight=0.12
single_methods
method_type='mean_cvar_sharpe' np.sum(weights)=1.000000 active=223 weights.shape=(223,)
self.is_all_methods=False, self.min_weight=0.0, self.max_weight=0.12
single_methods
method_type='mean_cvar_sharpe' np.sum(weights)=1.000000 active=223 weights.shape=(223,)
self.is_all_methods=False, self.min_weight=0.0, self.max_weight=0.12
single_methods
method_type='mean_cvar_sharpe' np.sum(weights)=1.000000 active=223 weights.shape=(223,)
self.is_all_methods=False, self.min_weight=0.0, self.max_weight=0.12
single_methods
method_type='mean_cvar_sharpe' np.sum(weights)=1.000000 active=128 weights.shape=(223,)
self.is_all_methods=False, self.min_weight=0.0, self.max_weight=0.12
single_methods
method_type='mean_cvar_sharpe' np.sum(weights)=1.000000 active=128 weights.shape=(223,)
self.is_all_methods=False, self.min_weight=0.0, self.max_weight=0.12
single_methods
method_type='mean_cvar_sharpe' np.sum(weights)=1.000000 active=128 weights.shape=(223,)
self.is_all_methods=False, self.min_weight=0.0, self.max_weight=0.12
single_methods
method_type='mean_cvar_sharpe' np.sum(weights)=1.000000 active=223 weights.shape=(223,)
self.is_all_methods=False, self.min_weight=0.0, self.max_weight=0.12
single_methods
method_type='mean_cvar_sharpe' np.sum(weights)=1.000000 active=223 weights.shape=(223,)
self.is_all_methods=False, self.min_weight=0.0, self.max_weight=0.12
single_methods
method_type='mean_cvar_sharpe' np.sum(weights)=1.000000 active=223 weights.shape=(223,)
1.0 2020-01-02 00:00:00 1279.903127069144 0.031547851764645994 0.00011958040984986243 0.03154785176464592
PROGRESS	2020-01-02	223	108	0.03154785176464592	1279.903127069144
Portfolio optimization with 11 month weight rebalancing 2019-12-02 00:00:00: : 12it [03:33, 21.49s/it]Portfolio optimization with 12 month weight rebalancing 2020-01-02 00:00:00: : 12it [03:33, 21.49s/it]self.is_all_methods=False, self.min_weight=0.0, self.max_weight=0.08
single_methods
[RC-LP] method_type='return_cvar_constraint' sum=1.0000 active=25
self.is_all_methods=False, self.min_weight=0.0, self.max_weight=0.08
single_methods
[RC-LP] method_type='return_cvar_constraint' sum=1.0000 active=24
self.is_all_methods=False, self.min_weight=0.0, self.max_weight=0.08
single_methods
[RC-LP] method_type='return_cvar_constraint' sum=1.0000 active=24
self.is_all_methods=False, self.min_weight=0.0, self.max_weight=0.08
single_methods
[RC-LP] method_type='return_cvar_constraint' sum=1.0000 active=23
self.is_all_methods=False, self.min_weight=0.0, self.max_weight=0.08
single_methods
[RC-LP] method_type='return_cvar_constraint' sum=1.0000 active=26
self.is_all_methods=False, self.min_weight=0.0, self.max_weight=0.08
single_methods
[RC-LP] method_type='return_cvar_constraint' sum=1.0000 active=27
self.is_all_methods=False, self.min_weight=0.0, self.max_weight=0.08
single_methods
[RC-LP] method_type='return_cvar_constraint' sum=1.0000 active=53
self.is_all_methods=False, self.min_weight=0.0, self.max_weight=0.08
single_methods
[RC-LP] method_type='return_cvar_constraint' sum=1.0000 active=43
self.is_all_methods=False, self.min_weight=0.0, self.max_weight=0.08
single_methods
[RC-LP] method_type='return_cvar_constraint' sum=1.0000 active=44
self.is_all_methods=False, self.min_weight=0.0, self.max_weight=0.08
single_methods
[RC-LP] method_type='return_cvar_constraint' sum=1.0000 active=51
self.is_all_methods=False, self.min_weight=0.0, self.max_weight=0.08
single_methods
[RC-LP] method_type='return_cvar_constraint' sum=1.0000 active=50
self.is_all_methods=False, self.min_weight=0.0, self.max_weight=0.08
single_methods
[RC-LP] method_type='return_cvar_constraint' sum=1.0000 active=46
self.is_all_methods=False, self.min_weight=0.0, self.max_weight=0.12
single_methods
[RC-LP] method_type='return_cvar_constraint' sum=1.0000 active=16
self.is_all_methods=False, self.min_weight=0.0, self.max_weight=0.12
single_methods
[RC-LP] method_type='return_cvar_constraint' sum=1.0000 active=17
self.is_all_methods=False, self.min_weight=0.0, self.max_weight=0.12
single_methods
[RC-LP] method_type='return_cvar_constraint' sum=1.0000 active=17
self.is_all_methods=False, self.min_weight=0.0, self.max_weight=0.12
single_methods
[RC-LP] method_type='return_cvar_constraint' sum=1.0000 active=19
self.is_all_methods=False, self.min_weight=0.0, self.max_weight=0.12
single_methods
[RC-LP] method_type='return_cvar_constraint' sum=1.0000 active=18
self.is_all_methods=False, self.min_weight=0.0, self.max_weight=0.12
single_methods
[RC-LP] method_type='return_cvar_constraint' sum=1.0000 active=17
self.is_all_methods=False, self.min_weight=0.0, self.max_weight=0.12
single_methods
[RC-LP] method_type='return_cvar_constraint' sum=1.0000 active=37
self.is_all_methods=False, self.min_weight=0.0, self.max_weight=0.12
single_methods
[RC-LP] method_type='return_cvar_constraint' sum=1.0000 active=36
self.is_all_methods=False, self.min_weight=0.0, self.max_weight=0.12
single_methods
[RC-LP] method_type='return_cvar_constraint' sum=1.0000 active=35
self.is_all_methods=False, self.min_weight=0.0, self.max_weight=0.12
single_methods
[RC-LP] method_type='return_cvar_constraint' sum=1.0000 active=46
self.is_all_methods=False, self.min_weight=0.0, self.max_weight=0.12
single_methods
[RC-LP] method_type='return_cvar_constraint' sum=1.0000 active=45
self.is_all_methods=False, self.min_weight=0.0, self.max_weight=0.12
single_methods
[RC-LP] method_type='return_cvar_constraint' sum=1.0000 active=41
self.is_all_methods=False, self.min_weight=0.0, self.max_weight=0.08
single_methods
method_type='mean_cvar_sharpe' np.sum(weights)=1.000000 active=215 weights.shape=(224,)
self.is_all_methods=False, self.min_weight=0.0, self.max_weight=0.08
single_methods
method_type='mean_cvar_sharpe' np.sum(weights)=1.000000 active=215 weights.shape=(224,)
self.is_all_methods=False, self.min_weight=0.0, self.max_weight=0.08
single_methods
method_type='mean_cvar_sharpe' np.sum(weights)=1.000000 active=215 weights.shape=(224,)
self.is_all_methods=False, self.min_weight=0.0, self.max_weight=0.08
single_methods
method_type='mean_cvar_sharpe' np.sum(weights)=1.000000 active=107 weights.shape=(224,)
self.is_all_methods=False, self.min_weight=0.0, self.max_weight=0.08
single_methods
method_type='mean_cvar_sharpe' np.sum(weights)=1.000000 active=107 weights.shape=(224,)
self.is_all_methods=False, self.min_weight=0.0, self.max_weight=0.08
single_methods
method_type='mean_cvar_sharpe' np.sum(weights)=1.000000 active=107 weights.shape=(224,)
self.is_all_methods=False, self.min_weight=0.0, self.max_weight=0.08
single_methods
method_type='mean_cvar_sharpe' np.sum(weights)=1.000000 active=109 weights.shape=(224,)
self.is_all_methods=False, self.min_weight=0.0, self.max_weight=0.08
single_methods
method_type='mean_cvar_sharpe' np.sum(weights)=1.000000 active=109 weights.shape=(224,)
self.is_all_methods=False, self.min_weight=0.0, self.max_weight=0.08
single_methods
method_type='mean_cvar_sharpe' np.sum(weights)=1.000000 active=109 weights.shape=(224,)
self.is_all_methods=False, self.min_weight=0.0, self.max_weight=0.08
single_methods
method_type='mean_cvar_sharpe' np.sum(weights)=1.000000 active=140 weights.shape=(224,)
self.is_all_methods=False, self.min_weight=0.0, self.max_weight=0.08
single_methods
method_type='mean_cvar_sharpe' np.sum(weights)=1.000000 active=140 weights.shape=(224,)
self.is_all_methods=False, self.min_weight=0.0, self.max_weight=0.08
single_methods
method_type='mean_cvar_sharpe' np.sum(weights)=1.000000 active=140 weights.shape=(224,)
self.is_all_methods=False, self.min_weight=0.0, self.max_weight=0.12
single_methods
method_type='mean_cvar_sharpe' np.sum(weights)=1.000000 active=224 weights.shape=(224,)
self.is_all_methods=False, self.min_weight=0.0, self.max_weight=0.12
single_methods
method_type='mean_cvar_sharpe' np.sum(weights)=1.000000 active=224 weights.shape=(224,)
self.is_all_methods=False, self.min_weight=0.0, self.max_weight=0.12
single_methods
method_type='mean_cvar_sharpe' np.sum(weights)=1.000000 active=224 weights.shape=(224,)
self.is_all_methods=False, self.min_weight=0.0, self.max_weight=0.12
single_methods
method_type='mean_cvar_sharpe' np.sum(weights)=1.000000 active=224 weights.shape=(224,)
self.is_all_methods=False, self.min_weight=0.0, self.max_weight=0.12
single_methods
method_type='mean_cvar_sharpe' np.sum(weights)=1.000000 active=224 weights.shape=(224,)
self.is_all_methods=False, self.min_weight=0.0, self.max_weight=0.12
single_methods
method_type='mean_cvar_sharpe' np.sum(weights)=1.000000 active=224 weights.shape=(224,)
self.is_all_methods=False, self.min_weight=0.0, self.max_weight=0.12
single_methods
method_type='mean_cvar_sharpe' np.sum(weights)=1.000000 active=224 weights.shape=(224,)
self.is_all_methods=False, self.min_weight=0.0, self.max_weight=0.12
single_methods
method_type='mean_cvar_sharpe' np.sum(weights)=1.000000 active=224 weights.shape=(224,)
self.is_all_methods=False, self.min_weight=0.0, self.max_weight=0.12
single_methods
method_type='mean_cvar_sharpe' np.sum(weights)=1.000000 active=224 weights.shape=(224,)
self.is_all_methods=False, self.min_weight=0.0, self.max_weight=0.12
single_methods
method_type='mean_cvar_sharpe' np.sum(weights)=1.000000 active=220 weights.shape=(224,)
self.is_all_methods=False, self.min_weight=0.0, self.max_weight=0.12
single_methods
method_type='mean_cvar_sharpe' np.sum(weights)=1.000000 active=220 weights.shape=(224,)
self.is_all_methods=False, self.min_weight=0.0, self.max_weight=0.12
single_methods
method_type='mean_cvar_sharpe' np.sum(weights)=1.000000 active=220 weights.shape=(224,)
1.0 2020-02-03 00:00:00 1316.3434569900412 0.028471162504573495 0.0001681435204980922 0.02847116250457349
PROGRESS	2020-02-03	224	107	0.02847116250457349	1316.3434569900412
Portfolio optimization with 12 month weight rebalancing 2020-01-02 00:00:00: : 13it [03:48, 19.62s/it]Portfolio optimization with 13 month weight rebalancing 2020-02-03 00:00:00: : 13it [03:48, 19.62s/it]self.is_all_methods=False, self.min_weight=0.0, self.max_weight=0.08
single_methods
[RC-LP] method_type='return_cvar_constraint' sum=1.0000 active=22
self.is_all_methods=False, self.min_weight=0.0, self.max_weight=0.08
single_methods
[RC-LP] method_type='return_cvar_constraint' sum=1.0000 active=22
self.is_all_methods=False, self.min_weight=0.0, self.max_weight=0.08
single_methods
[RC-LP] method_type='return_cvar_constraint' sum=1.0000 active=23
self.is_all_methods=False, self.min_weight=0.0, self.max_weight=0.08
single_methods
[RC-LP] method_type='return_cvar_constraint' sum=1.0000 active=21
self.is_all_methods=False, self.min_weight=0.0, self.max_weight=0.08
single_methods
[RC-LP] method_type='return_cvar_constraint' sum=1.0000 active=24
self.is_all_methods=False, self.min_weight=0.0, self.max_weight=0.08
single_methods
[RC-LP] method_type='return_cvar_constraint' sum=1.0000 active=24
self.is_all_methods=False, self.min_weight=0.0, self.max_weight=0.08
single_methods
[RC-LP] method_type='return_cvar_constraint' sum=1.0000 active=43
self.is_all_methods=False, self.min_weight=0.0, self.max_weight=0.08
single_methods
[RC-LP] method_type='return_cvar_constraint' sum=1.0000 active=39
self.is_all_methods=False, self.min_weight=0.0, self.max_weight=0.08
single_methods
[RC-LP] method_type='return_cvar_constraint' sum=1.0000 active=38
self.is_all_methods=False, self.min_weight=0.0, self.max_weight=0.08
single_methods
[RC-LP] method_type='return_cvar_constraint' sum=1.0000 active=33
self.is_all_methods=False, self.min_weight=0.0, self.max_weight=0.08
single_methods
[RC-LP] method_type='return_cvar_constraint' sum=1.0000 active=44
self.is_all_methods=False, self.min_weight=0.0, self.max_weight=0.08
single_methods
[RC-LP] method_type='return_cvar_constraint' sum=1.0000 active=39
self.is_all_methods=False, self.min_weight=0.0, self.max_weight=0.12
single_methods
[RC-LP] method_type='return_cvar_constraint' sum=1.0000 active=14
self.is_all_methods=False, self.min_weight=0.0, self.max_weight=0.12
single_methods
[RC-LP] method_type='return_cvar_constraint' sum=1.0000 active=17
self.is_all_methods=False, self.min_weight=0.0, self.max_weight=0.12
single_methods
[RC-LP] method_type='return_cvar_constraint' sum=1.0000 active=15
self.is_all_methods=False, self.min_weight=0.0, self.max_weight=0.12
single_methods
[RC-LP] method_type='return_cvar_constraint' sum=1.0000 active=14
self.is_all_methods=False, self.min_weight=0.0, self.max_weight=0.12
single_methods
[RC-LP] method_type='return_cvar_constraint' sum=1.0000 active=15
self.is_all_methods=False, self.min_weight=0.0, self.max_weight=0.12
single_methods
[RC-LP] method_type='return_cvar_constraint' sum=1.0000 active=16
self.is_all_methods=False, self.min_weight=0.0, self.max_weight=0.12
single_methods
[RC-LP] method_type='return_cvar_constraint' sum=1.0000 active=19
self.is_all_methods=False, self.min_weight=0.0, self.max_weight=0.12
single_methods
[RC-LP] method_type='return_cvar_constraint' sum=1.0000 active=23
self.is_all_methods=False, self.min_weight=0.0, self.max_weight=0.12
single_methods
[RC-LP] method_type='return_cvar_constraint' sum=1.0000 active=26
self.is_all_methods=False, self.min_weight=0.0, self.max_weight=0.12
single_methods
[RC-LP] method_type='return_cvar_constraint' sum=1.0000 active=24
self.is_all_methods=False, self.min_weight=0.0, self.max_weight=0.12
single_methods
[RC-LP] method_type='return_cvar_constraint' sum=1.0000 active=22
self.is_all_methods=False, self.min_weight=0.0, self.max_weight=0.12
single_methods
[RC-LP] method_type='return_cvar_constraint' sum=1.0000 active=24
self.is_all_methods=False, self.min_weight=0.0, self.max_weight=0.08
single_methods
method_type='mean_cvar_sharpe' np.sum(weights)=1.000000 active=223 weights.shape=(223,)
self.is_all_methods=False, self.min_weight=0.0, self.max_weight=0.08
single_methods
method_type='mean_cvar_sharpe' np.sum(weights)=1.000000 active=223 weights.shape=(223,)
self.is_all_methods=False, self.min_weight=0.0, self.max_weight=0.08
single_methods
method_type='mean_cvar_sharpe' np.sum(weights)=1.000000 active=223 weights.shape=(223,)
self.is_all_methods=False, self.min_weight=0.0, self.max_weight=0.08
single_methods
method_type='mean_cvar_sharpe' np.sum(weights)=1.000000 active=223 weights.shape=(223,)
self.is_all_methods=False, self.min_weight=0.0, self.max_weight=0.08
single_methods
method_type='mean_cvar_sharpe' np.sum(weights)=1.000000 active=223 weights.shape=(223,)
self.is_all_methods=False, self.min_weight=0.0, self.max_weight=0.08
single_methods
method_type='mean_cvar_sharpe' np.sum(weights)=1.000000 active=223 weights.shape=(223,)
self.is_all_methods=False, self.min_weight=0.0, self.max_weight=0.08
single_methods
method_type='mean_cvar_sharpe' np.sum(weights)=1.000000 active=223 weights.shape=(223,)
self.is_all_methods=False, self.min_weight=0.0, self.max_weight=0.08
single_methods
method_type='mean_cvar_sharpe' np.sum(weights)=1.000000 active=223 weights.shape=(223,)
self.is_all_methods=False, self.min_weight=0.0, self.max_weight=0.08
single_methods
method_type='mean_cvar_sharpe' np.sum(weights)=1.000000 active=223 weights.shape=(223,)
self.is_all_methods=False, self.min_weight=0.0, self.max_weight=0.08
single_methods
method_type='mean_cvar_sharpe' np.sum(weights)=1.000000 active=133 weights.shape=(223,)
self.is_all_methods=False, self.min_weight=0.0, self.max_weight=0.08
single_methods
method_type='mean_cvar_sharpe' np.sum(weights)=1.000000 active=133 weights.shape=(223,)
self.is_all_methods=False, self.min_weight=0.0, self.max_weight=0.08
single_methods
method_type='mean_cvar_sharpe' np.sum(weights)=1.000000 active=133 weights.shape=(223,)
self.is_all_methods=False, self.min_weight=0.0, self.max_weight=0.12
single_methods
method_type='mean_cvar_sharpe' np.sum(weights)=1.000000 active=223 weights.shape=(223,)
self.is_all_methods=False, self.min_weight=0.0, self.max_weight=0.12
single_methods
method_type='mean_cvar_sharpe' np.sum(weights)=1.000000 active=223 weights.shape=(223,)
self.is_all_methods=False, self.min_weight=0.0, self.max_weight=0.12
single_methods
method_type='mean_cvar_sharpe' np.sum(weights)=1.000000 active=223 weights.shape=(223,)
self.is_all_methods=False, self.min_weight=0.0, self.max_weight=0.12
single_methods
method_type='mean_cvar_sharpe' np.sum(weights)=1.000000 active=223 weights.shape=(223,)
self.is_all_methods=False, self.min_weight=0.0, self.max_weight=0.12
single_methods
method_type='mean_cvar_sharpe' np.sum(weights)=1.000000 active=223 weights.shape=(223,)
self.is_all_methods=False, self.min_weight=0.0, self.max_weight=0.12
single_methods
method_type='mean_cvar_sharpe' np.sum(weights)=1.000000 active=223 weights.shape=(223,)
self.is_all_methods=False, self.min_weight=0.0, self.max_weight=0.12
single_methods
method_type='mean_cvar_sharpe' np.sum(weights)=1.000000 active=223 weights.shape=(223,)
self.is_all_methods=False, self.min_weight=0.0, self.max_weight=0.12
single_methods
method_type='mean_cvar_sharpe' np.sum(weights)=1.000000 active=223 weights.shape=(223,)
self.is_all_methods=False, self.min_weight=0.0, self.max_weight=0.12
single_methods
method_type='mean_cvar_sharpe' np.sum(weights)=1.000000 active=223 weights.shape=(223,)
self.is_all_methods=False, self.min_weight=0.0, self.max_weight=0.12
single_methods
method_type='mean_cvar_sharpe' np.sum(weights)=1.000000 active=223 weights.shape=(223,)
self.is_all_methods=False, self.min_weight=0.0, self.max_weight=0.12
single_methods
method_type='mean_cvar_sharpe' np.sum(weights)=1.000000 active=223 weights.shape=(223,)
self.is_all_methods=False, self.min_weight=0.0, self.max_weight=0.12
single_methods
method_type='mean_cvar_sharpe' np.sum(weights)=1.000000 active=223 weights.shape=(223,)
1.0 2020-03-02 00:00:00 1210.9206765414435 -0.08008759407644118 0.00015740128549869095 -0.08008759407644117
PROGRESS	2020-03-02	223	100	-0.08008759407644117	1210.9206765414435
Portfolio optimization with 13 month weight rebalancing 2020-02-03 00:00:00: : 14it [04:02, 17.85s/it]Portfolio optimization with 14 month weight rebalancing 2020-03-02 00:00:00: : 14it [04:02, 17.85s/it]self.is_all_methods=False, self.min_weight=0.0, self.max_weight=0.08
single_methods
[RC-LP] method_type='return_cvar_constraint' sum=1.0000 active=19
self.is_all_methods=False, self.min_weight=0.0, self.max_weight=0.08
single_methods
[RC-LP] method_type='return_cvar_constraint' sum=1.0000 active=20
self.is_all_methods=False, self.min_weight=0.0, self.max_weight=0.08
single_methods
[RC-LP] method_type='return_cvar_constraint' sum=1.0000 active=17
self.is_all_methods=False, self.min_weight=0.0, self.max_weight=0.08
single_methods
[RC-LP] method_type='return_cvar_constraint' sum=1.0000 active=18
self.is_all_methods=False, self.min_weight=0.0, self.max_weight=0.08
single_methods
[RC-LP] method_type='return_cvar_constraint' sum=1.0000 active=17
self.is_all_methods=False, self.min_weight=0.0, self.max_weight=0.08
single_methods
[RC-LP] method_type='return_cvar_constraint' sum=1.0000 active=19
self.is_all_methods=False, self.min_weight=0.0, self.max_weight=0.08
single_methods
[RC-LP] method_type='return_cvar_constraint' sum=1.0000 active=24
self.is_all_methods=False, self.min_weight=0.0, self.max_weight=0.08
single_methods
[RC-LP] method_type='return_cvar_constraint' sum=1.0000 active=23
self.is_all_methods=False, self.min_weight=0.0, self.max_weight=0.08
single_methods
[RC-LP] method_type='return_cvar_constraint' sum=1.0000 active=26
self.is_all_methods=False, self.min_weight=0.0, self.max_weight=0.08
single_methods
[RC-LP] method_type='return_cvar_constraint' sum=1.0000 active=23
self.is_all_methods=False, self.min_weight=0.0, self.max_weight=0.08
single_methods
[RC-LP] method_type='return_cvar_constraint' sum=1.0000 active=24
self.is_all_methods=False, self.min_weight=0.0, self.max_weight=0.08
single_methods
[RC-LP] method_type='return_cvar_constraint' sum=1.0000 active=26
self.is_all_methods=False, self.min_weight=0.0, self.max_weight=0.12
single_methods
[RC-LP] method_type='return_cvar_constraint' sum=1.0000 active=11
self.is_all_methods=False, self.min_weight=0.0, self.max_weight=0.12
single_methods
[RC-LP] method_type='return_cvar_constraint' sum=1.0000 active=10
self.is_all_methods=False, self.min_weight=0.0, self.max_weight=0.12
single_methods
[RC-LP] method_type='return_cvar_constraint' sum=1.0000 active=10
self.is_all_methods=False, self.min_weight=0.0, self.max_weight=0.12
single_methods
[RC-LP] method_type='return_cvar_constraint' sum=1.0000 active=11
self.is_all_methods=False, self.min_weight=0.0, self.max_weight=0.12
single_methods
[RC-LP] method_type='return_cvar_constraint' sum=1.0000 active=11
self.is_all_methods=False, self.min_weight=0.0, self.max_weight=0.12
single_methods
[RC-LP] method_type='return_cvar_constraint' sum=1.0000 active=11
self.is_all_methods=False, self.min_weight=0.0, self.max_weight=0.12
single_methods
[RC-LP] method_type='return_cvar_constraint' sum=1.0000 active=16
self.is_all_methods=False, self.min_weight=0.0, self.max_weight=0.12
single_methods
[RC-LP] method_type='return_cvar_constraint' sum=1.0000 active=15
self.is_all_methods=False, self.min_weight=0.0, self.max_weight=0.12
single_methods
[RC-LP] method_type='return_cvar_constraint' sum=1.0000 active=18
self.is_all_methods=False, self.min_weight=0.0, self.max_weight=0.12
single_methods
[RC-LP] method_type='return_cvar_constraint' sum=1.0000 active=14
self.is_all_methods=False, self.min_weight=0.0, self.max_weight=0.12
single_methods
[RC-LP] method_type='return_cvar_constraint' sum=1.0000 active=15
self.is_all_methods=False, self.min_weight=0.0, self.max_weight=0.12
single_methods
[RC-LP] method_type='return_cvar_constraint' sum=1.0000 active=15
self.is_all_methods=False, self.min_weight=0.0, self.max_weight=0.08
single_methods
method_type='mean_cvar_sharpe' np.sum(weights)=1.000000 active=139 weights.shape=(226,)
self.is_all_methods=False, self.min_weight=0.0, self.max_weight=0.08
single_methods
method_type='mean_cvar_sharpe' np.sum(weights)=1.000000 active=139 weights.shape=(226,)
self.is_all_methods=False, self.min_weight=0.0, self.max_weight=0.08
single_methods
method_type='mean_cvar_sharpe' np.sum(weights)=1.000000 active=139 weights.shape=(226,)
self.is_all_methods=False, self.min_weight=0.0, self.max_weight=0.08
single_methods
method_type='mean_cvar_sharpe' np.sum(weights)=1.000000 active=226 weights.shape=(226,)
self.is_all_methods=False, self.min_weight=0.0, self.max_weight=0.08
single_methods
method_type='mean_cvar_sharpe' np.sum(weights)=1.000000 active=226 weights.shape=(226,)
self.is_all_methods=False, self.min_weight=0.0, self.max_weight=0.08
single_methods
method_type='mean_cvar_sharpe' np.sum(weights)=1.000000 active=226 weights.shape=(226,)
self.is_all_methods=False, self.min_weight=0.0, self.max_weight=0.08
single_methods
method_type='mean_cvar_sharpe' np.sum(weights)=1.000000 active=109 weights.shape=(226,)
self.is_all_methods=False, self.min_weight=0.0, self.max_weight=0.08
single_methods
method_type='mean_cvar_sharpe' np.sum(weights)=1.000000 active=109 weights.shape=(226,)
self.is_all_methods=False, self.min_weight=0.0, self.max_weight=0.08
single_methods
method_type='mean_cvar_sharpe' np.sum(weights)=1.000000 active=109 weights.shape=(226,)
self.is_all_methods=False, self.min_weight=0.0, self.max_weight=0.08
single_methods
method_type='mean_cvar_sharpe' np.sum(weights)=1.000000 active=226 weights.shape=(226,)
self.is_all_methods=False, self.min_weight=0.0, self.max_weight=0.08
single_methods
method_type='mean_cvar_sharpe' np.sum(weights)=1.000000 active=226 weights.shape=(226,)
self.is_all_methods=False, self.min_weight=0.0, self.max_weight=0.08
single_methods
method_type='mean_cvar_sharpe' np.sum(weights)=1.000000 active=226 weights.shape=(226,)
self.is_all_methods=False, self.min_weight=0.0, self.max_weight=0.12
single_methods
method_type='mean_cvar_sharpe' np.sum(weights)=1.000000 active=110 weights.shape=(226,)
self.is_all_methods=False, self.min_weight=0.0, self.max_weight=0.12
single_methods
method_type='mean_cvar_sharpe' np.sum(weights)=1.000000 active=110 weights.shape=(226,)
self.is_all_methods=False, self.min_weight=0.0, self.max_weight=0.12
single_methods
method_type='mean_cvar_sharpe' np.sum(weights)=1.000000 active=110 weights.shape=(226,)
self.is_all_methods=False, self.min_weight=0.0, self.max_weight=0.12
single_methods
method_type='mean_cvar_sharpe' np.sum(weights)=1.000000 active=225 weights.shape=(226,)
self.is_all_methods=False, self.min_weight=0.0, self.max_weight=0.12
single_methods
method_type='mean_cvar_sharpe' np.sum(weights)=1.000000 active=225 weights.shape=(226,)
self.is_all_methods=False, self.min_weight=0.0, self.max_weight=0.12
single_methods
method_type='mean_cvar_sharpe' np.sum(weights)=1.000000 active=225 weights.shape=(226,)
self.is_all_methods=False, self.min_weight=0.0, self.max_weight=0.12
single_methods
method_type='mean_cvar_sharpe' np.sum(weights)=1.000000 active=137 weights.shape=(226,)
self.is_all_methods=False, self.min_weight=0.0, self.max_weight=0.12
single_methods
method_type='mean_cvar_sharpe' np.sum(weights)=1.000000 active=137 weights.shape=(226,)
self.is_all_methods=False, self.min_weight=0.0, self.max_weight=0.12
single_methods
method_type='mean_cvar_sharpe' np.sum(weights)=1.000000 active=137 weights.shape=(226,)
self.is_all_methods=False, self.min_weight=0.0, self.max_weight=0.12
single_methods
method_type='mean_cvar_sharpe' np.sum(weights)=1.000000 active=226 weights.shape=(226,)
self.is_all_methods=False, self.min_weight=0.0, self.max_weight=0.12
single_methods
method_type='mean_cvar_sharpe' np.sum(weights)=1.000000 active=226 weights.shape=(226,)
self.is_all_methods=False, self.min_weight=0.0, self.max_weight=0.12
single_methods
method_type='mean_cvar_sharpe' np.sum(weights)=1.000000 active=226 weights.shape=(226,)
self.is_all_methods=False, self.min_weight=0.0, self.max_weight=0.12
single_methods
[RC-LP] method_type='return_cvar_constraint' sum=1.0000 active=11
0.25 2020-04-01 00:00:00 1101.4758378697788 -0.09038150953393115 0.00031531303407822495 -0.09038150953393098
PROGRESS	2020-04-01	226	10	-0.09038150953393098	1101.4758378697788
Portfolio optimization with 14 month weight rebalancing 2020-03-02 00:00:00: : 15it [04:15, 16.59s/it]Portfolio optimization with 15 month weight rebalancing 2020-04-01 00:00:00: : 15it [04:15, 16.59s/it]self.is_all_methods=False, self.min_weight=0.0, self.max_weight=0.08
single_methods
[RC-LP] method_type='return_cvar_constraint' sum=1.0000 active=18
self.is_all_methods=False, self.min_weight=0.0, self.max_weight=0.08
single_methods
[RC-LP] method_type='return_cvar_constraint' sum=1.0000 active=18
self.is_all_methods=False, self.min_weight=0.0, self.max_weight=0.08
single_methods
[RC-LP] method_type='return_cvar_constraint' sum=1.0000 active=19
self.is_all_methods=False, self.min_weight=0.0, self.max_weight=0.08
single_methods
[RC-LP] method_type='return_cvar_constraint' sum=1.0000 active=20
self.is_all_methods=False, self.min_weight=0.0, self.max_weight=0.08
single_methods
[RC-LP] method_type='return_cvar_constraint' sum=1.0000 active=21
self.is_all_methods=False, self.min_weight=0.0, self.max_weight=0.08
single_methods
[RC-LP] method_type='return_cvar_constraint' sum=1.0000 active=19
self.is_all_methods=False, self.min_weight=0.0, self.max_weight=0.08
single_methods
[RC-LP] method_type='return_cvar_constraint' sum=1.0000 active=31
self.is_all_methods=False, self.min_weight=0.0, self.max_weight=0.08
single_methods
[RC-LP] method_type='return_cvar_constraint' sum=1.0000 active=32
self.is_all_methods=False, self.min_weight=0.0, self.max_weight=0.08
single_methods
[RC-LP] method_type='return_cvar_constraint' sum=1.0000 active=36
self.is_all_methods=False, self.min_weight=0.0, self.max_weight=0.08
single_methods
[RC-LP] method_type='return_cvar_constraint' sum=1.0000 active=36
self.is_all_methods=False, self.min_weight=0.0, self.max_weight=0.08
single_methods
[RC-LP] method_type='return_cvar_constraint' sum=1.0000 active=39
self.is_all_methods=False, self.min_weight=0.0, self.max_weight=0.08
single_methods
[RC-LP] method_type='return_cvar_constraint' sum=1.0000 active=38
self.is_all_methods=False, self.min_weight=0.0, self.max_weight=0.12
single_methods
[RC-LP] method_type='return_cvar_constraint' sum=1.0000 active=15
self.is_all_methods=False, self.min_weight=0.0, self.max_weight=0.12
single_methods
[RC-LP] method_type='return_cvar_constraint' sum=1.0000 active=14
self.is_all_methods=False, self.min_weight=0.0, self.max_weight=0.12
single_methods
[RC-LP] method_type='return_cvar_constraint' sum=1.0000 active=13
self.is_all_methods=False, self.min_weight=0.0, self.max_weight=0.12
single_methods
[RC-LP] method_type='return_cvar_constraint' sum=1.0000 active=15
self.is_all_methods=False, self.min_weight=0.0, self.max_weight=0.12
single_methods
[RC-LP] method_type='return_cvar_constraint' sum=1.0000 active=17
self.is_all_methods=False, self.min_weight=0.0, self.max_weight=0.12
single_methods
[RC-LP] method_type='return_cvar_constraint' sum=1.0000 active=17
self.is_all_methods=False, self.min_weight=0.0, self.max_weight=0.12
single_methods
[RC-LP] method_type='return_cvar_constraint' sum=1.0000 active=26
self.is_all_methods=False, self.min_weight=0.0, self.max_weight=0.12
single_methods
[RC-LP] method_type='return_cvar_constraint' sum=1.0000 active=26
self.is_all_methods=False, self.min_weight=0.0, self.max_weight=0.12
single_methods
[RC-LP] method_type='return_cvar_constraint' sum=1.0000 active=24
self.is_all_methods=False, self.min_weight=0.0, self.max_weight=0.12
single_methods
[RC-LP] method_type='return_cvar_constraint' sum=1.0000 active=25
self.is_all_methods=False, self.min_weight=0.0, self.max_weight=0.12
single_methods
[RC-LP] method_type='return_cvar_constraint' sum=1.0000 active=24
self.is_all_methods=False, self.min_weight=0.0, self.max_weight=0.12
single_methods
[RC-LP] method_type='return_cvar_constraint' sum=1.0000 active=25
self.is_all_methods=False, self.min_weight=0.0, self.max_weight=0.08
single_methods
method_type='mean_cvar_sharpe' np.sum(weights)=1.000000 active=136 weights.shape=(225,)
self.is_all_methods=False, self.min_weight=0.0, self.max_weight=0.08
single_methods
method_type='mean_cvar_sharpe' np.sum(weights)=1.000000 active=136 weights.shape=(225,)
self.is_all_methods=False, self.min_weight=0.0, self.max_weight=0.08
single_methods
method_type='mean_cvar_sharpe' np.sum(weights)=1.000000 active=136 weights.shape=(225,)
self.is_all_methods=False, self.min_weight=0.0, self.max_weight=0.08
single_methods
method_type='mean_cvar_sharpe' np.sum(weights)=1.000000 active=225 weights.shape=(225,)
self.is_all_methods=False, self.min_weight=0.0, self.max_weight=0.08
single_methods
method_type='mean_cvar_sharpe' np.sum(weights)=1.000000 active=225 weights.shape=(225,)
self.is_all_methods=False, self.min_weight=0.0, self.max_weight=0.08
single_methods
method_type='mean_cvar_sharpe' np.sum(weights)=1.000000 active=225 weights.shape=(225,)
self.is_all_methods=False, self.min_weight=0.0, self.max_weight=0.08
single_methods
method_type='mean_cvar_sharpe' np.sum(weights)=1.000000 active=225 weights.shape=(225,)
self.is_all_methods=False, self.min_weight=0.0, self.max_weight=0.08
single_methods
method_type='mean_cvar_sharpe' np.sum(weights)=1.000000 active=225 weights.shape=(225,)
self.is_all_methods=False, self.min_weight=0.0, self.max_weight=0.08
single_methods
method_type='mean_cvar_sharpe' np.sum(weights)=1.000000 active=225 weights.shape=(225,)
self.is_all_methods=False, self.min_weight=0.0, self.max_weight=0.08
single_methods
method_type='mean_cvar_sharpe' np.sum(weights)=1.000000 active=117 weights.shape=(225,)
self.is_all_methods=False, self.min_weight=0.0, self.max_weight=0.08
single_methods
method_type='mean_cvar_sharpe' np.sum(weights)=1.000000 active=117 weights.shape=(225,)
self.is_all_methods=False, self.min_weight=0.0, self.max_weight=0.08
single_methods
method_type='mean_cvar_sharpe' np.sum(weights)=1.000000 active=117 weights.shape=(225,)
self.is_all_methods=False, self.min_weight=0.0, self.max_weight=0.12
single_methods
method_type='mean_cvar_sharpe' np.sum(weights)=1.000000 active=225 weights.shape=(225,)
self.is_all_methods=False, self.min_weight=0.0, self.max_weight=0.12
single_methods
method_type='mean_cvar_sharpe' np.sum(weights)=1.000000 active=225 weights.shape=(225,)
self.is_all_methods=False, self.min_weight=0.0, self.max_weight=0.12
single_methods
method_type='mean_cvar_sharpe' np.sum(weights)=1.000000 active=225 weights.shape=(225,)
self.is_all_methods=False, self.min_weight=0.0, self.max_weight=0.12
single_methods
method_type='mean_cvar_sharpe' np.sum(weights)=1.000000 active=225 weights.shape=(225,)
self.is_all_methods=False, self.min_weight=0.0, self.max_weight=0.12
single_methods
method_type='mean_cvar_sharpe' np.sum(weights)=1.000000 active=225 weights.shape=(225,)
self.is_all_methods=False, self.min_weight=0.0, self.max_weight=0.12
single_methods
method_type='mean_cvar_sharpe' np.sum(weights)=1.000000 active=225 weights.shape=(225,)
self.is_all_methods=False, self.min_weight=0.0, self.max_weight=0.12
single_methods
method_type='mean_cvar_sharpe' np.sum(weights)=1.000000 active=225 weights.shape=(225,)
self.is_all_methods=False, self.min_weight=0.0, self.max_weight=0.12
single_methods
method_type='mean_cvar_sharpe' np.sum(weights)=1.000000 active=225 weights.shape=(225,)
self.is_all_methods=False, self.min_weight=0.0, self.max_weight=0.12
single_methods
method_type='mean_cvar_sharpe' np.sum(weights)=1.000000 active=225 weights.shape=(225,)
self.is_all_methods=False, self.min_weight=0.0, self.max_weight=0.12
single_methods
method_type='mean_cvar_sharpe' np.sum(weights)=1.000000 active=123 weights.shape=(225,)
self.is_all_methods=False, self.min_weight=0.0, self.max_weight=0.12
single_methods
method_type='mean_cvar_sharpe' np.sum(weights)=1.000000 active=123 weights.shape=(225,)
self.is_all_methods=False, self.min_weight=0.0, self.max_weight=0.12
single_methods
method_type='mean_cvar_sharpe' np.sum(weights)=1.000000 active=123 weights.shape=(225,)
self.is_all_methods=False, self.min_weight=0.0, self.max_weight=0.12
single_methods
[RC-LP] method_type='return_cvar_constraint' sum=1.0000 active=10
0.25 2020-05-01 00:00:00 1198.8902903557587 0.08843993589035647 0.00023393092341162928 0.08843993589035648
PROGRESS	2020-05-01	225	10	0.08843993589035648	1198.8902903557587
Portfolio optimization with 15 month weight rebalancing 2020-04-01 00:00:00: : 16it [04:33, 16.96s/it]Portfolio optimization with 16 month weight rebalancing 2020-05-01 00:00:00: : 16it [04:33, 16.96s/it]self.is_all_methods=False, self.min_weight=0.0, self.max_weight=0.08
single_methods
[RC-LP] method_type='return_cvar_constraint' sum=1.0000 active=22
self.is_all_methods=False, self.min_weight=0.0, self.max_weight=0.08
single_methods
[RC-LP] method_type='return_cvar_constraint' sum=1.0000 active=20
self.is_all_methods=False, self.min_weight=0.0, self.max_weight=0.08
single_methods
[RC-LP] method_type='return_cvar_constraint' sum=1.0000 active=17
self.is_all_methods=False, self.min_weight=0.0, self.max_weight=0.08
single_methods
[RC-LP] method_type='return_cvar_constraint' sum=1.0000 active=24
self.is_all_methods=False, self.min_weight=0.0, self.max_weight=0.08
single_methods
[RC-LP] method_type='return_cvar_constraint' sum=1.0000 active=20
self.is_all_methods=False, self.min_weight=0.0, self.max_weight=0.08
single_methods
[RC-LP] method_type='return_cvar_constraint' sum=1.0000 active=21
self.is_all_methods=False, self.min_weight=0.0, self.max_weight=0.08
single_methods
[RC-LP] method_type='return_cvar_constraint' sum=1.0000 active=36
self.is_all_methods=False, self.min_weight=0.0, self.max_weight=0.08
single_methods
[RC-LP] method_type='return_cvar_constraint' sum=1.0000 active=29
self.is_all_methods=False, self.min_weight=0.0, self.max_weight=0.08
single_methods
[RC-LP] method_type='return_cvar_constraint' sum=1.0000 active=25
self.is_all_methods=False, self.min_weight=0.0, self.max_weight=0.08
single_methods
[RC-LP] method_type='return_cvar_constraint' sum=1.0000 active=41
self.is_all_methods=False, self.min_weight=0.0, self.max_weight=0.08
single_methods
[RC-LP] method_type='return_cvar_constraint' sum=1.0000 active=38
self.is_all_methods=False, self.min_weight=0.0, self.max_weight=0.08
single_methods
[RC-LP] method_type='return_cvar_constraint' sum=1.0000 active=33
self.is_all_methods=False, self.min_weight=0.0, self.max_weight=0.12
single_methods
[RC-LP] method_type='return_cvar_constraint' sum=1.0000 active=12
self.is_all_methods=False, self.min_weight=0.0, self.max_weight=0.12
single_methods
[RC-LP] method_type='return_cvar_constraint' sum=1.0000 active=12
self.is_all_methods=False, self.min_weight=0.0, self.max_weight=0.12
single_methods
[RC-LP] method_type='return_cvar_constraint' sum=1.0000 active=12
self.is_all_methods=False, self.min_weight=0.0, self.max_weight=0.12
single_methods
[RC-LP] method_type='return_cvar_constraint' sum=1.0000 active=16
self.is_all_methods=False, self.min_weight=0.0, self.max_weight=0.12
single_methods
[RC-LP] method_type='return_cvar_constraint' sum=1.0000 active=13
self.is_all_methods=False, self.min_weight=0.0, self.max_weight=0.12
single_methods
[RC-LP] method_type='return_cvar_constraint' sum=1.0000 active=12
self.is_all_methods=False, self.min_weight=0.0, self.max_weight=0.12
single_methods
[RC-LP] method_type='return_cvar_constraint' sum=1.0000 active=20
self.is_all_methods=False, self.min_weight=0.0, self.max_weight=0.12
single_methods
[RC-LP] method_type='return_cvar_constraint' sum=1.0000 active=22
self.is_all_methods=False, self.min_weight=0.0, self.max_weight=0.12
single_methods
[RC-LP] method_type='return_cvar_constraint' sum=1.0000 active=24
self.is_all_methods=False, self.min_weight=0.0, self.max_weight=0.12
single_methods
[RC-LP] method_type='return_cvar_constraint' sum=1.0000 active=28
self.is_all_methods=False, self.min_weight=0.0, self.max_weight=0.12
single_methods
[RC-LP] method_type='return_cvar_constraint' sum=1.0000 active=24
self.is_all_methods=False, self.min_weight=0.0, self.max_weight=0.12
single_methods
[RC-LP] method_type='return_cvar_constraint' sum=1.0000 active=24
self.is_all_methods=False, self.min_weight=0.0, self.max_weight=0.08
single_methods
method_type='mean_cvar_sharpe' np.sum(weights)=1.000000 active=227 weights.shape=(227,)
self.is_all_methods=False, self.min_weight=0.0, self.max_weight=0.08
single_methods
method_type='mean_cvar_sharpe' np.sum(weights)=1.000000 active=227 weights.shape=(227,)
self.is_all_methods=False, self.min_weight=0.0, self.max_weight=0.08
single_methods
method_type='mean_cvar_sharpe' np.sum(weights)=1.000000 active=227 weights.shape=(227,)
self.is_all_methods=False, self.min_weight=0.0, self.max_weight=0.08
single_methods
method_type='mean_cvar_sharpe' np.sum(weights)=1.000000 active=157 weights.shape=(227,)
self.is_all_methods=False, self.min_weight=0.0, self.max_weight=0.08
single_methods
method_type='mean_cvar_sharpe' np.sum(weights)=1.000000 active=157 weights.shape=(227,)
self.is_all_methods=False, self.min_weight=0.0, self.max_weight=0.08
single_methods
method_type='mean_cvar_sharpe' np.sum(weights)=1.000000 active=157 weights.shape=(227,)
self.is_all_methods=False, self.min_weight=0.0, self.max_weight=0.08
single_methods
method_type='mean_cvar_sharpe' np.sum(weights)=1.000000 active=226 weights.shape=(227,)
self.is_all_methods=False, self.min_weight=0.0, self.max_weight=0.08
single_methods
method_type='mean_cvar_sharpe' np.sum(weights)=1.000000 active=226 weights.shape=(227,)
self.is_all_methods=False, self.min_weight=0.0, self.max_weight=0.08
single_methods
method_type='mean_cvar_sharpe' np.sum(weights)=1.000000 active=226 weights.shape=(227,)
self.is_all_methods=False, self.min_weight=0.0, self.max_weight=0.08
single_methods
method_type='mean_cvar_sharpe' np.sum(weights)=1.000000 active=163 weights.shape=(227,)
self.is_all_methods=False, self.min_weight=0.0, self.max_weight=0.08
single_methods
method_type='mean_cvar_sharpe' np.sum(weights)=1.000000 active=163 weights.shape=(227,)
self.is_all_methods=False, self.min_weight=0.0, self.max_weight=0.08
single_methods
method_type='mean_cvar_sharpe' np.sum(weights)=1.000000 active=163 weights.shape=(227,)
self.is_all_methods=False, self.min_weight=0.0, self.max_weight=0.12
single_methods
method_type='mean_cvar_sharpe' np.sum(weights)=1.000000 active=227 weights.shape=(227,)
self.is_all_methods=False, self.min_weight=0.0, self.max_weight=0.12
single_methods
method_type='mean_cvar_sharpe' np.sum(weights)=1.000000 active=227 weights.shape=(227,)
self.is_all_methods=False, self.min_weight=0.0, self.max_weight=0.12
single_methods
method_type='mean_cvar_sharpe' np.sum(weights)=1.000000 active=227 weights.shape=(227,)
self.is_all_methods=False, self.min_weight=0.0, self.max_weight=0.12
single_methods
method_type='mean_cvar_sharpe' np.sum(weights)=1.000000 active=104 weights.shape=(227,)
self.is_all_methods=False, self.min_weight=0.0, self.max_weight=0.12
single_methods
method_type='mean_cvar_sharpe' np.sum(weights)=1.000000 active=104 weights.shape=(227,)
self.is_all_methods=False, self.min_weight=0.0, self.max_weight=0.12
single_methods
method_type='mean_cvar_sharpe' np.sum(weights)=1.000000 active=104 weights.shape=(227,)
self.is_all_methods=False, self.min_weight=0.0, self.max_weight=0.12
single_methods
method_type='mean_cvar_sharpe' np.sum(weights)=1.000000 active=227 weights.shape=(227,)
self.is_all_methods=False, self.min_weight=0.0, self.max_weight=0.12
single_methods
method_type='mean_cvar_sharpe' np.sum(weights)=1.000000 active=227 weights.shape=(227,)
self.is_all_methods=False, self.min_weight=0.0, self.max_weight=0.12
single_methods
method_type='mean_cvar_sharpe' np.sum(weights)=1.000000 active=227 weights.shape=(227,)
self.is_all_methods=False, self.min_weight=0.0, self.max_weight=0.12
single_methods
method_type='mean_cvar_sharpe' np.sum(weights)=1.000000 active=227 weights.shape=(227,)
self.is_all_methods=False, self.min_weight=0.0, self.max_weight=0.12
single_methods
method_type='mean_cvar_sharpe' np.sum(weights)=1.000000 active=227 weights.shape=(227,)
self.is_all_methods=False, self.min_weight=0.0, self.max_weight=0.12
single_methods
method_type='mean_cvar_sharpe' np.sum(weights)=1.000000 active=227 weights.shape=(227,)
1.0 2020-06-01 00:00:00 1242.8390842361207 0.036657894582931894 0.00021635356615878773 0.036657894582931894
PROGRESS	2020-06-01	227	80	0.036657894582931894	1242.8390842361207
Portfolio optimization with 16 month weight rebalancing 2020-05-01 00:00:00: : 17it [04:48, 16.21s/it]Portfolio optimization with 17 month weight rebalancing 2020-06-01 00:00:00: : 17it [04:48, 16.21s/it]self.is_all_methods=False, self.min_weight=0.0, self.max_weight=0.08
single_methods
[RC-LP] method_type='return_cvar_constraint' sum=1.0000 active=21
self.is_all_methods=False, self.min_weight=0.0, self.max_weight=0.08
single_methods
[RC-LP] method_type='return_cvar_constraint' sum=1.0000 active=22
self.is_all_methods=False, self.min_weight=0.0, self.max_weight=0.08
single_methods
[RC-LP] method_type='return_cvar_constraint' sum=1.0000 active=20
self.is_all_methods=False, self.min_weight=0.0, self.max_weight=0.08
single_methods
[RC-LP] method_type='return_cvar_constraint' sum=1.0000 active=20
self.is_all_methods=False, self.min_weight=0.0, self.max_weight=0.08
single_methods
[RC-LP] method_type='return_cvar_constraint' sum=1.0000 active=20
self.is_all_methods=False, self.min_weight=0.0, self.max_weight=0.08
single_methods
[RC-LP] method_type='return_cvar_constraint' sum=1.0000 active=21
self.is_all_methods=False, self.min_weight=0.0, self.max_weight=0.08
single_methods
[RC-LP] method_type='return_cvar_constraint' sum=1.0000 active=39
self.is_all_methods=False, self.min_weight=0.0, self.max_weight=0.08
single_methods
[RC-LP] method_type='return_cvar_constraint' sum=1.0000 active=35
self.is_all_methods=False, self.min_weight=0.0, self.max_weight=0.08
single_methods
[RC-LP] method_type='return_cvar_constraint' sum=1.0000 active=27
self.is_all_methods=False, self.min_weight=0.0, self.max_weight=0.08
single_methods
[RC-LP] method_type='return_cvar_constraint' sum=1.0000 active=41
self.is_all_methods=False, self.min_weight=0.0, self.max_weight=0.08
single_methods
[RC-LP] method_type='return_cvar_constraint' sum=1.0000 active=35
self.is_all_methods=False, self.min_weight=0.0, self.max_weight=0.08
single_methods
[RC-LP] method_type='return_cvar_constraint' sum=1.0000 active=28
self.is_all_methods=False, self.min_weight=0.0, self.max_weight=0.12
single_methods
[RC-LP] method_type='return_cvar_constraint' sum=1.0000 active=15
self.is_all_methods=False, self.min_weight=0.0, self.max_weight=0.12
single_methods
[RC-LP] method_type='return_cvar_constraint' sum=1.0000 active=15
self.is_all_methods=False, self.min_weight=0.0, self.max_weight=0.12
single_methods
[RC-LP] method_type='return_cvar_constraint' sum=1.0000 active=14
self.is_all_methods=False, self.min_weight=0.0, self.max_weight=0.12
single_methods
[RC-LP] method_type='return_cvar_constraint' sum=1.0000 active=15
self.is_all_methods=False, self.min_weight=0.0, self.max_weight=0.12
single_methods
[RC-LP] method_type='return_cvar_constraint' sum=1.0000 active=15
self.is_all_methods=False, self.min_weight=0.0, self.max_weight=0.12
single_methods
[RC-LP] method_type='return_cvar_constraint' sum=1.0000 active=17
self.is_all_methods=False, self.min_weight=0.0, self.max_weight=0.12
single_methods
[RC-LP] method_type='return_cvar_constraint' sum=1.0000 active=24
self.is_all_methods=False, self.min_weight=0.0, self.max_weight=0.12
single_methods
[RC-LP] method_type='return_cvar_constraint' sum=1.0000 active=25
self.is_all_methods=False, self.min_weight=0.0, self.max_weight=0.12
single_methods
[RC-LP] method_type='return_cvar_constraint' sum=1.0000 active=25
self.is_all_methods=False, self.min_weight=0.0, self.max_weight=0.12
single_methods
[RC-LP] method_type='return_cvar_constraint' sum=1.0000 active=22
self.is_all_methods=False, self.min_weight=0.0, self.max_weight=0.12
single_methods
[RC-LP] method_type='return_cvar_constraint' sum=1.0000 active=23
self.is_all_methods=False, self.min_weight=0.0, self.max_weight=0.12
single_methods
[RC-LP] method_type='return_cvar_constraint' sum=1.0000 active=23
self.is_all_methods=False, self.min_weight=0.0, self.max_weight=0.08
single_methods
method_type='mean_cvar_sharpe' np.sum(weights)=1.000000 active=73 weights.shape=(226,)
self.is_all_methods=False, self.min_weight=0.0, self.max_weight=0.08
single_methods
method_type='mean_cvar_sharpe' np.sum(weights)=1.000000 active=73 weights.shape=(226,)
self.is_all_methods=False, self.min_weight=0.0, self.max_weight=0.08
single_methods
method_type='mean_cvar_sharpe' np.sum(weights)=1.000000 active=73 weights.shape=(226,)
self.is_all_methods=False, self.min_weight=0.0, self.max_weight=0.08
single_methods
method_type='mean_cvar_sharpe' np.sum(weights)=1.000000 active=76 weights.shape=(226,)
self.is_all_methods=False, self.min_weight=0.0, self.max_weight=0.08
single_methods
method_type='mean_cvar_sharpe' np.sum(weights)=1.000000 active=76 weights.shape=(226,)
self.is_all_methods=False, self.min_weight=0.0, self.max_weight=0.08
single_methods
method_type='mean_cvar_sharpe' np.sum(weights)=1.000000 active=76 weights.shape=(226,)
self.is_all_methods=False, self.min_weight=0.0, self.max_weight=0.08
single_methods
method_type='mean_cvar_sharpe' np.sum(weights)=1.000000 active=225 weights.shape=(226,)
self.is_all_methods=False, self.min_weight=0.0, self.max_weight=0.08
single_methods
method_type='mean_cvar_sharpe' np.sum(weights)=1.000000 active=225 weights.shape=(226,)
self.is_all_methods=False, self.min_weight=0.0, self.max_weight=0.08
single_methods
method_type='mean_cvar_sharpe' np.sum(weights)=1.000000 active=225 weights.shape=(226,)
self.is_all_methods=False, self.min_weight=0.0, self.max_weight=0.08
single_methods
method_type='mean_cvar_sharpe' np.sum(weights)=1.000000 active=74 weights.shape=(226,)
self.is_all_methods=False, self.min_weight=0.0, self.max_weight=0.08
single_methods
method_type='mean_cvar_sharpe' np.sum(weights)=1.000000 active=74 weights.shape=(226,)
self.is_all_methods=False, self.min_weight=0.0, self.max_weight=0.08
single_methods
method_type='mean_cvar_sharpe' np.sum(weights)=1.000000 active=74 weights.shape=(226,)
self.is_all_methods=False, self.min_weight=0.0, self.max_weight=0.12
single_methods
method_type='mean_cvar_sharpe' np.sum(weights)=1.000000 active=146 weights.shape=(226,)
self.is_all_methods=False, self.min_weight=0.0, self.max_weight=0.12
single_methods
method_type='mean_cvar_sharpe' np.sum(weights)=1.000000 active=146 weights.shape=(226,)
self.is_all_methods=False, self.min_weight=0.0, self.max_weight=0.12
single_methods
method_type='mean_cvar_sharpe' np.sum(weights)=1.000000 active=146 weights.shape=(226,)
self.is_all_methods=False, self.min_weight=0.0, self.max_weight=0.12
single_methods
method_type='mean_cvar_sharpe' np.sum(weights)=1.000000 active=95 weights.shape=(226,)
self.is_all_methods=False, self.min_weight=0.0, self.max_weight=0.12
single_methods
method_type='mean_cvar_sharpe' np.sum(weights)=1.000000 active=95 weights.shape=(226,)
self.is_all_methods=False, self.min_weight=0.0, self.max_weight=0.12
single_methods
method_type='mean_cvar_sharpe' np.sum(weights)=1.000000 active=95 weights.shape=(226,)
self.is_all_methods=False, self.min_weight=0.0, self.max_weight=0.12
single_methods
method_type='mean_cvar_sharpe' np.sum(weights)=1.000000 active=146 weights.shape=(226,)
self.is_all_methods=False, self.min_weight=0.0, self.max_weight=0.12
single_methods
method_type='mean_cvar_sharpe' np.sum(weights)=1.000000 active=146 weights.shape=(226,)
self.is_all_methods=False, self.min_weight=0.0, self.max_weight=0.12
single_methods
method_type='mean_cvar_sharpe' np.sum(weights)=1.000000 active=146 weights.shape=(226,)
self.is_all_methods=False, self.min_weight=0.0, self.max_weight=0.12
single_methods
method_type='mean_cvar_sharpe' np.sum(weights)=1.000000 active=143 weights.shape=(226,)
self.is_all_methods=False, self.min_weight=0.0, self.max_weight=0.12
single_methods
method_type='mean_cvar_sharpe' np.sum(weights)=1.000000 active=143 weights.shape=(226,)
self.is_all_methods=False, self.min_weight=0.0, self.max_weight=0.12
single_methods
method_type='mean_cvar_sharpe' np.sum(weights)=1.000000 active=143 weights.shape=(226,)
1.0 2020-07-01 00:00:00 1281.6170556612426 0.031201120013823656 0.0002442651858830863 0.03120112001382358
PROGRESS	2020-07-01	226	80	0.03120112001382358	1281.6170556612426
Portfolio optimization with 17 month weight rebalancing 2020-06-01 00:00:00: : 18it [04:59, 14.77s/it]Portfolio optimization with 18 month weight rebalancing 2020-07-01 00:00:00: : 18it [04:59, 14.77s/it]self.is_all_methods=False, self.min_weight=0.0, self.max_weight=0.08
single_methods
[RC-LP] method_type='return_cvar_constraint' sum=1.0000 active=21
self.is_all_methods=False, self.min_weight=0.0, self.max_weight=0.08
single_methods
[RC-LP] method_type='return_cvar_constraint' sum=1.0000 active=20
self.is_all_methods=False, self.min_weight=0.0, self.max_weight=0.08
single_methods
[RC-LP] method_type='return_cvar_constraint' sum=1.0000 active=20
self.is_all_methods=False, self.min_weight=0.0, self.max_weight=0.08
single_methods
[RC-LP] method_type='return_cvar_constraint' sum=1.0000 active=18
self.is_all_methods=False, self.min_weight=0.0, self.max_weight=0.08
single_methods
[RC-LP] method_type='return_cvar_constraint' sum=1.0000 active=18
self.is_all_methods=False, self.min_weight=0.0, self.max_weight=0.08
single_methods
[RC-LP] method_type='return_cvar_constraint' sum=1.0000 active=19
self.is_all_methods=False, self.min_weight=0.0, self.max_weight=0.08
single_methods
[RC-LP] method_type='return_cvar_constraint' sum=1.0000 active=38
self.is_all_methods=False, self.min_weight=0.0, self.max_weight=0.08
single_methods
[RC-LP] method_type='return_cvar_constraint' sum=1.0000 active=32
self.is_all_methods=False, self.min_weight=0.0, self.max_weight=0.08
single_methods
[RC-LP] method_type='return_cvar_constraint' sum=1.0000 active=33
self.is_all_methods=False, self.min_weight=0.0, self.max_weight=0.08
single_methods
[RC-LP] method_type='return_cvar_constraint' sum=1.0000 active=30
self.is_all_methods=False, self.min_weight=0.0, self.max_weight=0.08
single_methods
[RC-LP] method_type='return_cvar_constraint' sum=1.0000 active=23
self.is_all_methods=False, self.min_weight=0.0, self.max_weight=0.08
single_methods
[RC-LP] method_type='return_cvar_constraint' sum=1.0000 active=23
self.is_all_methods=False, self.min_weight=0.0, self.max_weight=0.12
single_methods
[RC-LP] method_type='return_cvar_constraint' sum=1.0000 active=19
self.is_all_methods=False, self.min_weight=0.0, self.max_weight=0.12
single_methods
[RC-LP] method_type='return_cvar_constraint' sum=1.0000 active=19
self.is_all_methods=False, self.min_weight=0.0, self.max_weight=0.12
single_methods
[RC-LP] method_type='return_cvar_constraint' sum=1.0000 active=19
self.is_all_methods=False, self.min_weight=0.0, self.max_weight=0.12
single_methods
[RC-LP] method_type='return_cvar_constraint' sum=1.0000 active=17
self.is_all_methods=False, self.min_weight=0.0, self.max_weight=0.12
single_methods
[RC-LP] method_type='return_cvar_constraint' sum=1.0000 active=18
self.is_all_methods=False, self.min_weight=0.0, self.max_weight=0.12
single_methods
[RC-LP] method_type='return_cvar_constraint' sum=1.0000 active=16
self.is_all_methods=False, self.min_weight=0.0, self.max_weight=0.12
single_methods
[RC-LP] method_type='return_cvar_constraint' sum=1.0000 active=29
self.is_all_methods=False, self.min_weight=0.0, self.max_weight=0.12
single_methods
[RC-LP] method_type='return_cvar_constraint' sum=1.0000 active=30
self.is_all_methods=False, self.min_weight=0.0, self.max_weight=0.12
single_methods
[RC-LP] method_type='return_cvar_constraint' sum=1.0000 active=24
self.is_all_methods=False, self.min_weight=0.0, self.max_weight=0.12
single_methods
[RC-LP] method_type='return_cvar_constraint' sum=1.0000 active=22
self.is_all_methods=False, self.min_weight=0.0, self.max_weight=0.12
single_methods
[RC-LP] method_type='return_cvar_constraint' sum=1.0000 active=20
self.is_all_methods=False, self.min_weight=0.0, self.max_weight=0.12
single_methods
[RC-LP] method_type='return_cvar_constraint' sum=1.0000 active=21
self.is_all_methods=False, self.min_weight=0.0, self.max_weight=0.08
single_methods
method_type='mean_cvar_sharpe' np.sum(weights)=1.000000 active=146 weights.shape=(229,)
self.is_all_methods=False, self.min_weight=0.0, self.max_weight=0.08
single_methods
method_type='mean_cvar_sharpe' np.sum(weights)=1.000000 active=146 weights.shape=(229,)
self.is_all_methods=False, self.min_weight=0.0, self.max_weight=0.08
single_methods
method_type='mean_cvar_sharpe' np.sum(weights)=1.000000 active=146 weights.shape=(229,)
self.is_all_methods=False, self.min_weight=0.0, self.max_weight=0.08
single_methods
method_type='mean_cvar_sharpe' np.sum(weights)=1.000000 active=228 weights.shape=(229,)
self.is_all_methods=False, self.min_weight=0.0, self.max_weight=0.08
single_methods
method_type='mean_cvar_sharpe' np.sum(weights)=1.000000 active=228 weights.shape=(229,)
self.is_all_methods=False, self.min_weight=0.0, self.max_weight=0.08
single_methods
method_type='mean_cvar_sharpe' np.sum(weights)=1.000000 active=228 weights.shape=(229,)
self.is_all_methods=False, self.min_weight=0.0, self.max_weight=0.08
single_methods
method_type='mean_cvar_sharpe' np.sum(weights)=1.000000 active=99 weights.shape=(229,)
self.is_all_methods=False, self.min_weight=0.0, self.max_weight=0.08
single_methods
method_type='mean_cvar_sharpe' np.sum(weights)=1.000000 active=99 weights.shape=(229,)
self.is_all_methods=False, self.min_weight=0.0, self.max_weight=0.08
single_methods
method_type='mean_cvar_sharpe' np.sum(weights)=1.000000 active=99 weights.shape=(229,)
self.is_all_methods=False, self.min_weight=0.0, self.max_weight=0.08
single_methods
method_type='mean_cvar_sharpe' np.sum(weights)=1.000000 active=107 weights.shape=(229,)
self.is_all_methods=False, self.min_weight=0.0, self.max_weight=0.08
single_methods
method_type='mean_cvar_sharpe' np.sum(weights)=1.000000 active=107 weights.shape=(229,)
self.is_all_methods=False, self.min_weight=0.0, self.max_weight=0.08
single_methods
method_type='mean_cvar_sharpe' np.sum(weights)=1.000000 active=107 weights.shape=(229,)
self.is_all_methods=False, self.min_weight=0.0, self.max_weight=0.12
single_methods
method_type='mean_cvar_sharpe' np.sum(weights)=1.000000 active=228 weights.shape=(229,)
self.is_all_methods=False, self.min_weight=0.0, self.max_weight=0.12
single_methods
method_type='mean_cvar_sharpe' np.sum(weights)=1.000000 active=228 weights.shape=(229,)
self.is_all_methods=False, self.min_weight=0.0, self.max_weight=0.12
single_methods
method_type='mean_cvar_sharpe' np.sum(weights)=1.000000 active=228 weights.shape=(229,)
self.is_all_methods=False, self.min_weight=0.0, self.max_weight=0.12
single_methods
method_type='mean_cvar_sharpe' np.sum(weights)=1.000000 active=228 weights.shape=(229,)
self.is_all_methods=False, self.min_weight=0.0, self.max_weight=0.12
single_methods
method_type='mean_cvar_sharpe' np.sum(weights)=1.000000 active=228 weights.shape=(229,)
self.is_all_methods=False, self.min_weight=0.0, self.max_weight=0.12
single_methods
method_type='mean_cvar_sharpe' np.sum(weights)=1.000000 active=228 weights.shape=(229,)
self.is_all_methods=False, self.min_weight=0.0, self.max_weight=0.12
single_methods
method_type='mean_cvar_sharpe' np.sum(weights)=1.000000 active=228 weights.shape=(229,)
self.is_all_methods=False, self.min_weight=0.0, self.max_weight=0.12
single_methods
method_type='mean_cvar_sharpe' np.sum(weights)=1.000000 active=228 weights.shape=(229,)
self.is_all_methods=False, self.min_weight=0.0, self.max_weight=0.12
single_methods
method_type='mean_cvar_sharpe' np.sum(weights)=1.000000 active=228 weights.shape=(229,)
self.is_all_methods=False, self.min_weight=0.0, self.max_weight=0.12
single_methods
method_type='mean_cvar_sharpe' np.sum(weights)=1.000000 active=228 weights.shape=(229,)
self.is_all_methods=False, self.min_weight=0.0, self.max_weight=0.12
single_methods
method_type='mean_cvar_sharpe' np.sum(weights)=1.000000 active=228 weights.shape=(229,)
self.is_all_methods=False, self.min_weight=0.0, self.max_weight=0.12
single_methods
method_type='mean_cvar_sharpe' np.sum(weights)=1.000000 active=228 weights.shape=(229,)
1.0 2020-08-03 00:00:00 1357.426770908052 0.05915161234156309 8.174665070735463e-05 0.05915161234156319
PROGRESS	2020-08-03	229	72	0.05915161234156319	1357.426770908052
Portfolio optimization with 18 month weight rebalancing 2020-07-01 00:00:00: : 19it [05:11, 14.03s/it]Portfolio optimization with 19 month weight rebalancing 2020-08-03 00:00:00: : 19it [05:11, 14.03s/it]self.is_all_methods=False, self.min_weight=0.0, self.max_weight=0.08
single_methods
[RC-LP] method_type='return_cvar_constraint' sum=1.0000 active=27
self.is_all_methods=False, self.min_weight=0.0, self.max_weight=0.08
single_methods
[RC-LP] method_type='return_cvar_constraint' sum=1.0000 active=26
self.is_all_methods=False, self.min_weight=0.0, self.max_weight=0.08
single_methods
[RC-LP] method_type='return_cvar_constraint' sum=1.0000 active=19
self.is_all_methods=False, self.min_weight=0.0, self.max_weight=0.08
single_methods
[RC-LP] method_type='return_cvar_constraint' sum=1.0000 active=28
self.is_all_methods=False, self.min_weight=0.0, self.max_weight=0.08
single_methods
[RC-LP] method_type='return_cvar_constraint' sum=1.0000 active=28
self.is_all_methods=False, self.min_weight=0.0, self.max_weight=0.08
single_methods
[RC-LP] method_type='return_cvar_constraint' sum=1.0000 active=21
self.is_all_methods=False, self.min_weight=0.0, self.max_weight=0.08
single_methods
[RC-LP] method_type='return_cvar_constraint' sum=1.0000 active=49
self.is_all_methods=False, self.min_weight=0.0, self.max_weight=0.08
single_methods
[RC-LP] method_type='return_cvar_constraint' sum=1.0000 active=44
self.is_all_methods=False, self.min_weight=0.0, self.max_weight=0.08
single_methods
[RC-LP] method_type='return_cvar_constraint' sum=1.0000 active=33
self.is_all_methods=False, self.min_weight=0.0, self.max_weight=0.08
single_methods
[RC-LP] method_type='return_cvar_constraint' sum=1.0000 active=52
self.is_all_methods=False, self.min_weight=0.0, self.max_weight=0.08
single_methods
[RC-LP] method_type='return_cvar_constraint' sum=1.0000 active=46
self.is_all_methods=False, self.min_weight=0.0, self.max_weight=0.08
single_methods
[RC-LP] method_type='return_cvar_constraint' sum=1.0000 active=41
self.is_all_methods=False, self.min_weight=0.0, self.max_weight=0.12
single_methods
[RC-LP] method_type='return_cvar_constraint' sum=1.0000 active=21
self.is_all_methods=False, self.min_weight=0.0, self.max_weight=0.12
single_methods
[RC-LP] method_type='return_cvar_constraint' sum=1.0000 active=18
self.is_all_methods=False, self.min_weight=0.0, self.max_weight=0.12
single_methods
[RC-LP] method_type='return_cvar_constraint' sum=1.0000 active=11
self.is_all_methods=False, self.min_weight=0.0, self.max_weight=0.12
single_methods
[RC-LP] method_type='return_cvar_constraint' sum=1.0000 active=22
self.is_all_methods=False, self.min_weight=0.0, self.max_weight=0.12
single_methods
[RC-LP] method_type='return_cvar_constraint' sum=1.0000 active=16
self.is_all_methods=False, self.min_weight=0.0, self.max_weight=0.12
single_methods
[RC-LP] method_type='return_cvar_constraint' sum=1.0000 active=10
self.is_all_methods=False, self.min_weight=0.0, self.max_weight=0.12
single_methods
[RC-LP] method_type='return_cvar_constraint' sum=1.0000 active=40
self.is_all_methods=False, self.min_weight=0.0, self.max_weight=0.12
single_methods
[RC-LP] method_type='return_cvar_constraint' sum=1.0000 active=37
self.is_all_methods=False, self.min_weight=0.0, self.max_weight=0.12
single_methods
[RC-LP] method_type='return_cvar_constraint' sum=1.0000 active=31
self.is_all_methods=False, self.min_weight=0.0, self.max_weight=0.12
single_methods
[RC-LP] method_type='return_cvar_constraint' sum=1.0000 active=37
self.is_all_methods=False, self.min_weight=0.0, self.max_weight=0.12
single_methods
[RC-LP] method_type='return_cvar_constraint' sum=1.0000 active=37
self.is_all_methods=False, self.min_weight=0.0, self.max_weight=0.12
single_methods
[RC-LP] method_type='return_cvar_constraint' sum=1.0000 active=26
self.is_all_methods=False, self.min_weight=0.0, self.max_weight=0.08
single_methods
method_type='mean_cvar_sharpe' np.sum(weights)=1.000000 active=177 weights.shape=(231,)
self.is_all_methods=False, self.min_weight=0.0, self.max_weight=0.08
single_methods
method_type='mean_cvar_sharpe' np.sum(weights)=1.000000 active=177 weights.shape=(231,)
self.is_all_methods=False, self.min_weight=0.0, self.max_weight=0.08
single_methods
method_type='mean_cvar_sharpe' np.sum(weights)=1.000000 active=177 weights.shape=(231,)
self.is_all_methods=False, self.min_weight=0.0, self.max_weight=0.08
single_methods
method_type='mean_cvar_sharpe' np.sum(weights)=1.000000 active=68 weights.shape=(231,)
self.is_all_methods=False, self.min_weight=0.0, self.max_weight=0.08
single_methods
method_type='mean_cvar_sharpe' np.sum(weights)=1.000000 active=68 weights.shape=(231,)
self.is_all_methods=False, self.min_weight=0.0, self.max_weight=0.08
single_methods
method_type='mean_cvar_sharpe' np.sum(weights)=1.000000 active=68 weights.shape=(231,)
self.is_all_methods=False, self.min_weight=0.0, self.max_weight=0.08
single_methods
method_type='mean_cvar_sharpe' np.sum(weights)=1.000000 active=176 weights.shape=(231,)
self.is_all_methods=False, self.min_weight=0.0, self.max_weight=0.08
single_methods
method_type='mean_cvar_sharpe' np.sum(weights)=1.000000 active=176 weights.shape=(231,)
self.is_all_methods=False, self.min_weight=0.0, self.max_weight=0.08
single_methods
method_type='mean_cvar_sharpe' np.sum(weights)=1.000000 active=176 weights.shape=(231,)
self.is_all_methods=False, self.min_weight=0.0, self.max_weight=0.08
single_methods
method_type='mean_cvar_sharpe' np.sum(weights)=1.000000 active=181 weights.shape=(231,)
self.is_all_methods=False, self.min_weight=0.0, self.max_weight=0.08
single_methods
method_type='mean_cvar_sharpe' np.sum(weights)=1.000000 active=181 weights.shape=(231,)
self.is_all_methods=False, self.min_weight=0.0, self.max_weight=0.08
single_methods
method_type='mean_cvar_sharpe' np.sum(weights)=1.000000 active=181 weights.shape=(231,)
self.is_all_methods=False, self.min_weight=0.0, self.max_weight=0.12
single_methods
method_type='mean_cvar_sharpe' np.sum(weights)=1.000000 active=156 weights.shape=(231,)
self.is_all_methods=False, self.min_weight=0.0, self.max_weight=0.12
single_methods
method_type='mean_cvar_sharpe' np.sum(weights)=1.000000 active=156 weights.shape=(231,)
self.is_all_methods=False, self.min_weight=0.0, self.max_weight=0.12
single_methods
method_type='mean_cvar_sharpe' np.sum(weights)=1.000000 active=156 weights.shape=(231,)
self.is_all_methods=False, self.min_weight=0.0, self.max_weight=0.12
single_methods
method_type='mean_cvar_sharpe' np.sum(weights)=1.000000 active=73 weights.shape=(231,)
self.is_all_methods=False, self.min_weight=0.0, self.max_weight=0.12
single_methods
method_type='mean_cvar_sharpe' np.sum(weights)=1.000000 active=73 weights.shape=(231,)
self.is_all_methods=False, self.min_weight=0.0, self.max_weight=0.12
single_methods
method_type='mean_cvar_sharpe' np.sum(weights)=1.000000 active=73 weights.shape=(231,)
self.is_all_methods=False, self.min_weight=0.0, self.max_weight=0.12
single_methods
method_type='mean_cvar_sharpe' np.sum(weights)=1.000000 active=78 weights.shape=(231,)
self.is_all_methods=False, self.min_weight=0.0, self.max_weight=0.12
single_methods
method_type='mean_cvar_sharpe' np.sum(weights)=1.000000 active=78 weights.shape=(231,)
self.is_all_methods=False, self.min_weight=0.0, self.max_weight=0.12
single_methods
method_type='mean_cvar_sharpe' np.sum(weights)=1.000000 active=78 weights.shape=(231,)
self.is_all_methods=False, self.min_weight=0.0, self.max_weight=0.12
single_methods
method_type='mean_cvar_sharpe' np.sum(weights)=1.000000 active=170 weights.shape=(231,)
self.is_all_methods=False, self.min_weight=0.0, self.max_weight=0.12
single_methods
method_type='mean_cvar_sharpe' np.sum(weights)=1.000000 active=170 weights.shape=(231,)
self.is_all_methods=False, self.min_weight=0.0, self.max_weight=0.12
single_methods
method_type='mean_cvar_sharpe' np.sum(weights)=1.000000 active=170 weights.shape=(231,)
1.0 2020-09-01 00:00:00 1446.4369622896945 0.06557273901567369 0.0001586037426822189 0.06557273901567373
PROGRESS	2020-09-01	231	75	0.06557273901567373	1446.4369622896945
Portfolio optimization with 19 month weight rebalancing 2020-08-03 00:00:00: : 20it [05:22, 13.06s/it]Portfolio optimization with 20 month weight rebalancing 2020-09-01 00:00:00: : 20it [05:22, 13.06s/it]self.is_all_methods=False, self.min_weight=0.0, self.max_weight=0.08
single_methods
[RC-LP] method_type='return_cvar_constraint' sum=1.0000 active=24
self.is_all_methods=False, self.min_weight=0.0, self.max_weight=0.08
single_methods
[RC-LP] method_type='return_cvar_constraint' sum=1.0000 active=20
self.is_all_methods=False, self.min_weight=0.0, self.max_weight=0.08
single_methods
[RC-LP] method_type='return_cvar_constraint' sum=1.0000 active=17
self.is_all_methods=False, self.min_weight=0.0, self.max_weight=0.08
single_methods
[RC-LP] method_type='return_cvar_constraint' sum=1.0000 active=25
self.is_all_methods=False, self.min_weight=0.0, self.max_weight=0.08
single_methods
[RC-LP] method_type='return_cvar_constraint' sum=1.0000 active=18
self.is_all_methods=False, self.min_weight=0.0, self.max_weight=0.08
single_methods
[RC-LP] method_type='return_cvar_constraint' sum=1.0000 active=18
self.is_all_methods=False, self.min_weight=0.0, self.max_weight=0.08
single_methods
[RC-LP] method_type='return_cvar_constraint' sum=1.0000 active=48
self.is_all_methods=False, self.min_weight=0.0, self.max_weight=0.08
single_methods
[RC-LP] method_type='return_cvar_constraint' sum=1.0000 active=40
self.is_all_methods=False, self.min_weight=0.0, self.max_weight=0.08
single_methods
[RC-LP] method_type='return_cvar_constraint' sum=1.0000 active=40
self.is_all_methods=False, self.min_weight=0.0, self.max_weight=0.08
single_methods
[RC-LP] method_type='return_cvar_constraint' sum=1.0000 active=50
self.is_all_methods=False, self.min_weight=0.0, self.max_weight=0.08
single_methods
[RC-LP] method_type='return_cvar_constraint' sum=1.0000 active=42
self.is_all_methods=False, self.min_weight=0.0, self.max_weight=0.08
single_methods
[RC-LP] method_type='return_cvar_constraint' sum=1.0000 active=43
self.is_all_methods=False, self.min_weight=0.0, self.max_weight=0.12
single_methods
[RC-LP] method_type='return_cvar_constraint' sum=1.0000 active=16
self.is_all_methods=False, self.min_weight=0.0, self.max_weight=0.12
single_methods
[RC-LP] method_type='return_cvar_constraint' sum=1.0000 active=14
self.is_all_methods=False, self.min_weight=0.0, self.max_weight=0.12
single_methods
[RC-LP] method_type='return_cvar_constraint' sum=1.0000 active=14
self.is_all_methods=False, self.min_weight=0.0, self.max_weight=0.12
single_methods
[RC-LP] method_type='return_cvar_constraint' sum=1.0000 active=14
self.is_all_methods=False, self.min_weight=0.0, self.max_weight=0.12
single_methods
[RC-LP] method_type='return_cvar_constraint' sum=1.0000 active=15
self.is_all_methods=False, self.min_weight=0.0, self.max_weight=0.12
single_methods
[RC-LP] method_type='return_cvar_constraint' sum=1.0000 active=15
self.is_all_methods=False, self.min_weight=0.0, self.max_weight=0.12
single_methods
[RC-LP] method_type='return_cvar_constraint' sum=1.0000 active=35
self.is_all_methods=False, self.min_weight=0.0, self.max_weight=0.12
single_methods
[RC-LP] method_type='return_cvar_constraint' sum=1.0000 active=39
self.is_all_methods=False, self.min_weight=0.0, self.max_weight=0.12
single_methods
[RC-LP] method_type='return_cvar_constraint' sum=1.0000 active=31
self.is_all_methods=False, self.min_weight=0.0, self.max_weight=0.12
single_methods
[RC-LP] method_type='return_cvar_constraint' sum=1.0000 active=34
self.is_all_methods=False, self.min_weight=0.0, self.max_weight=0.12
single_methods
[RC-LP] method_type='return_cvar_constraint' sum=1.0000 active=35
self.is_all_methods=False, self.min_weight=0.0, self.max_weight=0.12
single_methods
[RC-LP] method_type='return_cvar_constraint' sum=1.0000 active=30
self.is_all_methods=False, self.min_weight=0.0, self.max_weight=0.08
single_methods
method_type='mean_cvar_sharpe' np.sum(weights)=1.000000 active=168 weights.shape=(231,)
self.is_all_methods=False, self.min_weight=0.0, self.max_weight=0.08
single_methods
method_type='mean_cvar_sharpe' np.sum(weights)=1.000000 active=168 weights.shape=(231,)
self.is_all_methods=False, self.min_weight=0.0, self.max_weight=0.08
single_methods
method_type='mean_cvar_sharpe' np.sum(weights)=1.000000 active=168 weights.shape=(231,)
self.is_all_methods=False, self.min_weight=0.0, self.max_weight=0.08
single_methods
method_type='mean_cvar_sharpe' np.sum(weights)=1.000000 active=165 weights.shape=(231,)
self.is_all_methods=False, self.min_weight=0.0, self.max_weight=0.08
single_methods
method_type='mean_cvar_sharpe' np.sum(weights)=1.000000 active=165 weights.shape=(231,)
self.is_all_methods=False, self.min_weight=0.0, self.max_weight=0.08
single_methods
method_type='mean_cvar_sharpe' np.sum(weights)=1.000000 active=165 weights.shape=(231,)
self.is_all_methods=False, self.min_weight=0.0, self.max_weight=0.08
single_methods
method_type='mean_cvar_sharpe' np.sum(weights)=1.000000 active=86 weights.shape=(231,)
self.is_all_methods=False, self.min_weight=0.0, self.max_weight=0.08
single_methods
method_type='mean_cvar_sharpe' np.sum(weights)=1.000000 active=86 weights.shape=(231,)
self.is_all_methods=False, self.min_weight=0.0, self.max_weight=0.08
single_methods
method_type='mean_cvar_sharpe' np.sum(weights)=1.000000 active=86 weights.shape=(231,)
self.is_all_methods=False, self.min_weight=0.0, self.max_weight=0.08
single_methods
method_type='mean_cvar_sharpe' np.sum(weights)=1.000000 active=86 weights.shape=(231,)
self.is_all_methods=False, self.min_weight=0.0, self.max_weight=0.08
single_methods
method_type='mean_cvar_sharpe' np.sum(weights)=1.000000 active=86 weights.shape=(231,)
self.is_all_methods=False, self.min_weight=0.0, self.max_weight=0.08
single_methods
method_type='mean_cvar_sharpe' np.sum(weights)=1.000000 active=86 weights.shape=(231,)
self.is_all_methods=False, self.min_weight=0.0, self.max_weight=0.12
single_methods
method_type='mean_cvar_sharpe' np.sum(weights)=1.000000 active=152 weights.shape=(231,)
self.is_all_methods=False, self.min_weight=0.0, self.max_weight=0.12
single_methods
method_type='mean_cvar_sharpe' np.sum(weights)=1.000000 active=152 weights.shape=(231,)
self.is_all_methods=False, self.min_weight=0.0, self.max_weight=0.12
single_methods
method_type='mean_cvar_sharpe' np.sum(weights)=1.000000 active=152 weights.shape=(231,)
self.is_all_methods=False, self.min_weight=0.0, self.max_weight=0.12
single_methods
method_type='mean_cvar_sharpe' np.sum(weights)=1.000000 active=144 weights.shape=(231,)
self.is_all_methods=False, self.min_weight=0.0, self.max_weight=0.12
single_methods
method_type='mean_cvar_sharpe' np.sum(weights)=1.000000 active=144 weights.shape=(231,)
self.is_all_methods=False, self.min_weight=0.0, self.max_weight=0.12
single_methods
method_type='mean_cvar_sharpe' np.sum(weights)=1.000000 active=144 weights.shape=(231,)
self.is_all_methods=False, self.min_weight=0.0, self.max_weight=0.12
single_methods
method_type='mean_cvar_sharpe' np.sum(weights)=1.000000 active=163 weights.shape=(231,)
self.is_all_methods=False, self.min_weight=0.0, self.max_weight=0.12
single_methods
method_type='mean_cvar_sharpe' np.sum(weights)=1.000000 active=163 weights.shape=(231,)
self.is_all_methods=False, self.min_weight=0.0, self.max_weight=0.12
single_methods
method_type='mean_cvar_sharpe' np.sum(weights)=1.000000 active=163 weights.shape=(231,)
self.is_all_methods=False, self.min_weight=0.0, self.max_weight=0.12
single_methods
method_type='mean_cvar_sharpe' np.sum(weights)=1.000000 active=231 weights.shape=(231,)
self.is_all_methods=False, self.min_weight=0.0, self.max_weight=0.12
single_methods
method_type='mean_cvar_sharpe' np.sum(weights)=1.000000 active=231 weights.shape=(231,)
self.is_all_methods=False, self.min_weight=0.0, self.max_weight=0.12
single_methods
method_type='mean_cvar_sharpe' np.sum(weights)=1.000000 active=231 weights.shape=(231,)
0.5 2020-10-01 00:00:00 1408.135819659346 -0.026479648701536258 6.678588327764939e-05 -0.026479648701536407
PROGRESS	2020-10-01	231	69	-0.026479648701536407	1408.135819659346
Portfolio optimization with 20 month weight rebalancing 2020-09-01 00:00:00: : 21it [05:34, 12.56s/it]Portfolio optimization with 21 month weight rebalancing 2020-10-01 00:00:00: : 21it [05:34, 12.56s/it]self.is_all_methods=False, self.min_weight=0.0, self.max_weight=0.08
single_methods
[RC-LP] method_type='return_cvar_constraint' sum=1.0000 active=27
self.is_all_methods=False, self.min_weight=0.0, self.max_weight=0.08
single_methods
[RC-LP] method_type='return_cvar_constraint' sum=1.0000 active=27
self.is_all_methods=False, self.min_weight=0.0, self.max_weight=0.08
single_methods
[RC-LP] method_type='return_cvar_constraint' sum=1.0000 active=27
self.is_all_methods=False, self.min_weight=0.0, self.max_weight=0.08
single_methods
[RC-LP] method_type='return_cvar_constraint' sum=1.0000 active=26
self.is_all_methods=False, self.min_weight=0.0, self.max_weight=0.08
single_methods
[RC-LP] method_type='return_cvar_constraint' sum=1.0000 active=26
self.is_all_methods=False, self.min_weight=0.0, self.max_weight=0.08
single_methods
[RC-LP] method_type='return_cvar_constraint' sum=1.0000 active=26
self.is_all_methods=False, self.min_weight=0.0, self.max_weight=0.08
single_methods
[RC-LP] method_type='return_cvar_constraint' sum=1.0000 active=52
self.is_all_methods=False, self.min_weight=0.0, self.max_weight=0.08
single_methods
[RC-LP] method_type='return_cvar_constraint' sum=1.0000 active=53
self.is_all_methods=False, self.min_weight=0.0, self.max_weight=0.08
single_methods
[RC-LP] method_type='return_cvar_constraint' sum=1.0000 active=53
self.is_all_methods=False, self.min_weight=0.0, self.max_weight=0.08
single_methods
[RC-LP] method_type='return_cvar_constraint' sum=1.0000 active=53
self.is_all_methods=False, self.min_weight=0.0, self.max_weight=0.08
single_methods
[RC-LP] method_type='return_cvar_constraint' sum=1.0000 active=52
self.is_all_methods=False, self.min_weight=0.0, self.max_weight=0.08
single_methods
[RC-LP] method_type='return_cvar_constraint' sum=1.0000 active=52
self.is_all_methods=False, self.min_weight=0.0, self.max_weight=0.12
single_methods
[RC-LP] method_type='return_cvar_constraint' sum=1.0000 active=22
self.is_all_methods=False, self.min_weight=0.0, self.max_weight=0.12
single_methods
[RC-LP] method_type='return_cvar_constraint' sum=1.0000 active=24
self.is_all_methods=False, self.min_weight=0.0, self.max_weight=0.12
single_methods
[RC-LP] method_type='return_cvar_constraint' sum=1.0000 active=24
self.is_all_methods=False, self.min_weight=0.0, self.max_weight=0.12
single_methods
[RC-LP] method_type='return_cvar_constraint' sum=1.0000 active=23
self.is_all_methods=False, self.min_weight=0.0, self.max_weight=0.12
single_methods
[RC-LP] method_type='return_cvar_constraint' sum=1.0000 active=24
self.is_all_methods=False, self.min_weight=0.0, self.max_weight=0.12
single_methods
[RC-LP] method_type='return_cvar_constraint' sum=1.0000 active=21
self.is_all_methods=False, self.min_weight=0.0, self.max_weight=0.12
single_methods
[RC-LP] method_type='return_cvar_constraint' sum=1.0000 active=41
self.is_all_methods=False, self.min_weight=0.0, self.max_weight=0.12
single_methods
[RC-LP] method_type='return_cvar_constraint' sum=1.0000 active=46
self.is_all_methods=False, self.min_weight=0.0, self.max_weight=0.12
single_methods
[RC-LP] method_type='return_cvar_constraint' sum=1.0000 active=48
self.is_all_methods=False, self.min_weight=0.0, self.max_weight=0.12
single_methods
[RC-LP] method_type='return_cvar_constraint' sum=1.0000 active=41
self.is_all_methods=False, self.min_weight=0.0, self.max_weight=0.12
single_methods
[RC-LP] method_type='return_cvar_constraint' sum=1.0000 active=39
self.is_all_methods=False, self.min_weight=0.0, self.max_weight=0.12
single_methods
[RC-LP] method_type='return_cvar_constraint' sum=1.0000 active=44
self.is_all_methods=False, self.min_weight=0.0, self.max_weight=0.08
single_methods
method_type='mean_cvar_sharpe' np.sum(weights)=1.000000 active=152 weights.shape=(230,)
self.is_all_methods=False, self.min_weight=0.0, self.max_weight=0.08
single_methods
method_type='mean_cvar_sharpe' np.sum(weights)=1.000000 active=152 weights.shape=(230,)
self.is_all_methods=False, self.min_weight=0.0, self.max_weight=0.08
single_methods
method_type='mean_cvar_sharpe' np.sum(weights)=1.000000 active=152 weights.shape=(230,)
self.is_all_methods=False, self.min_weight=0.0, self.max_weight=0.08
single_methods
method_type='mean_cvar_sharpe' np.sum(weights)=1.000000 active=154 weights.shape=(230,)
self.is_all_methods=False, self.min_weight=0.0, self.max_weight=0.08
single_methods
method_type='mean_cvar_sharpe' np.sum(weights)=1.000000 active=154 weights.shape=(230,)
self.is_all_methods=False, self.min_weight=0.0, self.max_weight=0.08
single_methods
method_type='mean_cvar_sharpe' np.sum(weights)=1.000000 active=154 weights.shape=(230,)
self.is_all_methods=False, self.min_weight=0.0, self.max_weight=0.08
single_methods
method_type='mean_cvar_sharpe' np.sum(weights)=1.000000 active=152 weights.shape=(230,)
self.is_all_methods=False, self.min_weight=0.0, self.max_weight=0.08
single_methods
method_type='mean_cvar_sharpe' np.sum(weights)=1.000000 active=152 weights.shape=(230,)
self.is_all_methods=False, self.min_weight=0.0, self.max_weight=0.08
single_methods
method_type='mean_cvar_sharpe' np.sum(weights)=1.000000 active=152 weights.shape=(230,)
self.is_all_methods=False, self.min_weight=0.0, self.max_weight=0.08
single_methods
method_type='mean_cvar_sharpe' np.sum(weights)=1.000000 active=92 weights.shape=(230,)
self.is_all_methods=False, self.min_weight=0.0, self.max_weight=0.08
single_methods
method_type='mean_cvar_sharpe' np.sum(weights)=1.000000 active=92 weights.shape=(230,)
self.is_all_methods=False, self.min_weight=0.0, self.max_weight=0.08
single_methods
method_type='mean_cvar_sharpe' np.sum(weights)=1.000000 active=92 weights.shape=(230,)
self.is_all_methods=False, self.min_weight=0.0, self.max_weight=0.12
single_methods
method_type='mean_cvar_sharpe' np.sum(weights)=1.000000 active=91 weights.shape=(230,)
self.is_all_methods=False, self.min_weight=0.0, self.max_weight=0.12
single_methods
method_type='mean_cvar_sharpe' np.sum(weights)=1.000000 active=91 weights.shape=(230,)
self.is_all_methods=False, self.min_weight=0.0, self.max_weight=0.12
single_methods
method_type='mean_cvar_sharpe' np.sum(weights)=1.000000 active=91 weights.shape=(230,)
self.is_all_methods=False, self.min_weight=0.0, self.max_weight=0.12
single_methods
method_type='mean_cvar_sharpe' np.sum(weights)=1.000000 active=154 weights.shape=(230,)
self.is_all_methods=False, self.min_weight=0.0, self.max_weight=0.12
single_methods
method_type='mean_cvar_sharpe' np.sum(weights)=1.000000 active=154 weights.shape=(230,)
self.is_all_methods=False, self.min_weight=0.0, self.max_weight=0.12
single_methods
method_type='mean_cvar_sharpe' np.sum(weights)=1.000000 active=154 weights.shape=(230,)
self.is_all_methods=False, self.min_weight=0.0, self.max_weight=0.12
single_methods
method_type='mean_cvar_sharpe' np.sum(weights)=1.000000 active=153 weights.shape=(230,)
self.is_all_methods=False, self.min_weight=0.0, self.max_weight=0.12
single_methods
method_type='mean_cvar_sharpe' np.sum(weights)=1.000000 active=153 weights.shape=(230,)
self.is_all_methods=False, self.min_weight=0.0, self.max_weight=0.12
single_methods
method_type='mean_cvar_sharpe' np.sum(weights)=1.000000 active=153 weights.shape=(230,)
self.is_all_methods=False, self.min_weight=0.0, self.max_weight=0.12
single_methods
method_type='mean_cvar_sharpe' np.sum(weights)=1.000000 active=153 weights.shape=(230,)
self.is_all_methods=False, self.min_weight=0.0, self.max_weight=0.12
single_methods
method_type='mean_cvar_sharpe' np.sum(weights)=1.000000 active=153 weights.shape=(230,)
self.is_all_methods=False, self.min_weight=0.0, self.max_weight=0.12
single_methods
method_type='mean_cvar_sharpe' np.sum(weights)=1.000000 active=153 weights.shape=(230,)
1.0 2020-11-02 00:00:00 1384.8925556203903 -0.016506407772922532 0.0001887611782414869 -0.01650640777292256
PROGRESS	2020-11-02	230	65	-0.01650640777292256	1384.8925556203903
Portfolio optimization with 21 month weight rebalancing 2020-10-01 00:00:00: : 22it [05:45, 12.27s/it]Portfolio optimization with 22 month weight rebalancing 2020-11-02 00:00:00: : 22it [05:45, 12.27s/it]self.is_all_methods=False, self.min_weight=0.0, self.max_weight=0.08
single_methods
[RC-LP] method_type='return_cvar_constraint' sum=1.0000 active=25
self.is_all_methods=False, self.min_weight=0.0, self.max_weight=0.08
single_methods
[RC-LP] method_type='return_cvar_constraint' sum=1.0000 active=23
self.is_all_methods=False, self.min_weight=0.0, self.max_weight=0.08
single_methods
[RC-LP] method_type='return_cvar_constraint' sum=1.0000 active=20
self.is_all_methods=False, self.min_weight=0.0, self.max_weight=0.08
single_methods
[RC-LP] method_type='return_cvar_constraint' sum=1.0000 active=27
self.is_all_methods=False, self.min_weight=0.0, self.max_weight=0.08
single_methods
[RC-LP] method_type='return_cvar_constraint' sum=1.0000 active=25
self.is_all_methods=False, self.min_weight=0.0, self.max_weight=0.08
single_methods
[RC-LP] method_type='return_cvar_constraint' sum=1.0000 active=25
self.is_all_methods=False, self.min_weight=0.0, self.max_weight=0.08
single_methods
[RC-LP] method_type='return_cvar_constraint' sum=1.0000 active=47
self.is_all_methods=False, self.min_weight=0.0, self.max_weight=0.08
single_methods
[RC-LP] method_type='return_cvar_constraint' sum=1.0000 active=44
self.is_all_methods=False, self.min_weight=0.0, self.max_weight=0.08
single_methods
[RC-LP] method_type='return_cvar_constraint' sum=1.0000 active=49
self.is_all_methods=False, self.min_weight=0.0, self.max_weight=0.08
single_methods
[RC-LP] method_type='return_cvar_constraint' sum=1.0000 active=55
self.is_all_methods=False, self.min_weight=0.0, self.max_weight=0.08
single_methods
[RC-LP] method_type='return_cvar_constraint' sum=1.0000 active=47
self.is_all_methods=False, self.min_weight=0.0, self.max_weight=0.08
single_methods
[RC-LP] method_type='return_cvar_constraint' sum=1.0000 active=53
self.is_all_methods=False, self.min_weight=0.0, self.max_weight=0.12
single_methods
[RC-LP] method_type='return_cvar_constraint' sum=1.0000 active=17
self.is_all_methods=False, self.min_weight=0.0, self.max_weight=0.12
single_methods
[RC-LP] method_type='return_cvar_constraint' sum=1.0000 active=15
self.is_all_methods=False, self.min_weight=0.0, self.max_weight=0.12
single_methods
[RC-LP] method_type='return_cvar_constraint' sum=1.0000 active=9
self.is_all_methods=False, self.min_weight=0.0, self.max_weight=0.12
single_methods
[RC-LP] method_type='return_cvar_constraint' sum=1.0000 active=20
self.is_all_methods=False, self.min_weight=0.0, self.max_weight=0.12
single_methods
[RC-LP] method_type='return_cvar_constraint' sum=1.0000 active=19
self.is_all_methods=False, self.min_weight=0.0, self.max_weight=0.12
single_methods
[RC-LP] method_type='return_cvar_constraint' sum=1.0000 active=9
self.is_all_methods=False, self.min_weight=0.0, self.max_weight=0.12
single_methods
[RC-LP] method_type='return_cvar_constraint' sum=1.0000 active=37
self.is_all_methods=False, self.min_weight=0.0, self.max_weight=0.12
single_methods
[RC-LP] method_type='return_cvar_constraint' sum=1.0000 active=32
self.is_all_methods=False, self.min_weight=0.0, self.max_weight=0.12
single_methods
[RC-LP] method_type='return_cvar_constraint' sum=1.0000 active=32
self.is_all_methods=False, self.min_weight=0.0, self.max_weight=0.12
single_methods
[RC-LP] method_type='return_cvar_constraint' sum=1.0000 active=42
self.is_all_methods=False, self.min_weight=0.0, self.max_weight=0.12
single_methods
[RC-LP] method_type='return_cvar_constraint' sum=1.0000 active=32
self.is_all_methods=False, self.min_weight=0.0, self.max_weight=0.12
single_methods
[RC-LP] method_type='return_cvar_constraint' sum=1.0000 active=33
self.is_all_methods=False, self.min_weight=0.0, self.max_weight=0.08
single_methods
method_type='mean_cvar_sharpe' np.sum(weights)=1.000000 active=167 weights.shape=(230,)
self.is_all_methods=False, self.min_weight=0.0, self.max_weight=0.08
single_methods
method_type='mean_cvar_sharpe' np.sum(weights)=1.000000 active=167 weights.shape=(230,)
self.is_all_methods=False, self.min_weight=0.0, self.max_weight=0.08
single_methods
method_type='mean_cvar_sharpe' np.sum(weights)=1.000000 active=167 weights.shape=(230,)
self.is_all_methods=False, self.min_weight=0.0, self.max_weight=0.08
single_methods
method_type='mean_cvar_sharpe' np.sum(weights)=1.000000 active=168 weights.shape=(230,)
self.is_all_methods=False, self.min_weight=0.0, self.max_weight=0.08
single_methods
method_type='mean_cvar_sharpe' np.sum(weights)=1.000000 active=168 weights.shape=(230,)
self.is_all_methods=False, self.min_weight=0.0, self.max_weight=0.08
single_methods
method_type='mean_cvar_sharpe' np.sum(weights)=1.000000 active=168 weights.shape=(230,)
self.is_all_methods=False, self.min_weight=0.0, self.max_weight=0.08
single_methods
method_type='mean_cvar_sharpe' np.sum(weights)=1.000000 active=168 weights.shape=(230,)
self.is_all_methods=False, self.min_weight=0.0, self.max_weight=0.08
single_methods
method_type='mean_cvar_sharpe' np.sum(weights)=1.000000 active=168 weights.shape=(230,)
self.is_all_methods=False, self.min_weight=0.0, self.max_weight=0.08
single_methods
method_type='mean_cvar_sharpe' np.sum(weights)=1.000000 active=168 weights.shape=(230,)
self.is_all_methods=False, self.min_weight=0.0, self.max_weight=0.08
single_methods
method_type='mean_cvar_sharpe' np.sum(weights)=1.000000 active=170 weights.shape=(230,)
self.is_all_methods=False, self.min_weight=0.0, self.max_weight=0.08
single_methods
method_type='mean_cvar_sharpe' np.sum(weights)=1.000000 active=170 weights.shape=(230,)
self.is_all_methods=False, self.min_weight=0.0, self.max_weight=0.08
single_methods
method_type='mean_cvar_sharpe' np.sum(weights)=1.000000 active=170 weights.shape=(230,)
self.is_all_methods=False, self.min_weight=0.0, self.max_weight=0.12
single_methods
method_type='mean_cvar_sharpe' np.sum(weights)=1.000000 active=82 weights.shape=(230,)
self.is_all_methods=False, self.min_weight=0.0, self.max_weight=0.12
single_methods
method_type='mean_cvar_sharpe' np.sum(weights)=1.000000 active=82 weights.shape=(230,)
self.is_all_methods=False, self.min_weight=0.0, self.max_weight=0.12
single_methods
method_type='mean_cvar_sharpe' np.sum(weights)=1.000000 active=82 weights.shape=(230,)
self.is_all_methods=False, self.min_weight=0.0, self.max_weight=0.12
single_methods
method_type='mean_cvar_sharpe' np.sum(weights)=1.000000 active=81 weights.shape=(230,)
self.is_all_methods=False, self.min_weight=0.0, self.max_weight=0.12
single_methods
method_type='mean_cvar_sharpe' np.sum(weights)=1.000000 active=81 weights.shape=(230,)
self.is_all_methods=False, self.min_weight=0.0, self.max_weight=0.12
single_methods
method_type='mean_cvar_sharpe' np.sum(weights)=1.000000 active=81 weights.shape=(230,)
self.is_all_methods=False, self.min_weight=0.0, self.max_weight=0.12
single_methods
method_type='mean_cvar_sharpe' np.sum(weights)=1.000000 active=221 weights.shape=(230,)
self.is_all_methods=False, self.min_weight=0.0, self.max_weight=0.12
single_methods
method_type='mean_cvar_sharpe' np.sum(weights)=1.000000 active=221 weights.shape=(230,)
self.is_all_methods=False, self.min_weight=0.0, self.max_weight=0.12
single_methods
method_type='mean_cvar_sharpe' np.sum(weights)=1.000000 active=221 weights.shape=(230,)
self.is_all_methods=False, self.min_weight=0.0, self.max_weight=0.12
single_methods
method_type='mean_cvar_sharpe' np.sum(weights)=1.000000 active=165 weights.shape=(230,)
self.is_all_methods=False, self.min_weight=0.0, self.max_weight=0.12
single_methods
method_type='mean_cvar_sharpe' np.sum(weights)=1.000000 active=165 weights.shape=(230,)
self.is_all_methods=False, self.min_weight=0.0, self.max_weight=0.12
single_methods
method_type='mean_cvar_sharpe' np.sum(weights)=1.000000 active=165 weights.shape=(230,)
1.0 2020-12-01 00:00:00 1519.049594968545 0.09687180337831792 8.308963203682716e-05 0.09687180337831802
PROGRESS	2020-12-01	230	66	0.09687180337831802	1519.049594968545
Portfolio optimization with 22 month weight rebalancing 2020-11-02 00:00:00: : 23it [05:57, 12.03s/it]Portfolio optimization with 23 month weight rebalancing 2020-12-01 00:00:00: : 23it [05:57, 12.03s/it]self.is_all_methods=False, self.min_weight=0.0, self.max_weight=0.08
single_methods
[RC-LP] method_type='return_cvar_constraint' sum=1.0000 active=31
self.is_all_methods=False, self.min_weight=0.0, self.max_weight=0.08
single_methods
[RC-LP] method_type='return_cvar_constraint' sum=1.0000 active=30
self.is_all_methods=False, self.min_weight=0.0, self.max_weight=0.08
single_methods
[RC-LP] method_type='return_cvar_constraint' sum=1.0000 active=16
self.is_all_methods=False, self.min_weight=0.0, self.max_weight=0.08
single_methods
[RC-LP] method_type='return_cvar_constraint' sum=1.0000 active=29
self.is_all_methods=False, self.min_weight=0.0, self.max_weight=0.08
single_methods
[RC-LP] method_type='return_cvar_constraint' sum=1.0000 active=29
self.is_all_methods=False, self.min_weight=0.0, self.max_weight=0.08
single_methods
[RC-LP] method_type='return_cvar_constraint' sum=1.0000 active=27
self.is_all_methods=False, self.min_weight=0.0, self.max_weight=0.08
single_methods
[RC-LP] method_type='return_cvar_constraint' sum=1.0000 active=52
self.is_all_methods=False, self.min_weight=0.0, self.max_weight=0.08
single_methods
[RC-LP] method_type='return_cvar_constraint' sum=1.0000 active=53
self.is_all_methods=False, self.min_weight=0.0, self.max_weight=0.08
single_methods
[RC-LP] method_type='return_cvar_constraint' sum=1.0000 active=47
self.is_all_methods=False, self.min_weight=0.0, self.max_weight=0.08
single_methods
[RC-LP] method_type='return_cvar_constraint' sum=1.0000 active=51
self.is_all_methods=False, self.min_weight=0.0, self.max_weight=0.08
single_methods
[RC-LP] method_type='return_cvar_constraint' sum=1.0000 active=51
self.is_all_methods=False, self.min_weight=0.0, self.max_weight=0.08
single_methods
[RC-LP] method_type='return_cvar_constraint' sum=1.0000 active=44
self.is_all_methods=False, self.min_weight=0.0, self.max_weight=0.12
single_methods
[RC-LP] method_type='return_cvar_constraint' sum=1.0000 active=20
self.is_all_methods=False, self.min_weight=0.0, self.max_weight=0.12
single_methods
[RC-LP] method_type='return_cvar_constraint' sum=1.0000 active=11
self.is_all_methods=False, self.min_weight=0.0, self.max_weight=0.12
single_methods
[RC-LP] method_type='return_cvar_constraint' sum=1.0000 active=12
self.is_all_methods=False, self.min_weight=0.0, self.max_weight=0.12
single_methods
[RC-LP] method_type='return_cvar_constraint' sum=1.0000 active=26
self.is_all_methods=False, self.min_weight=0.0, self.max_weight=0.12
single_methods
[RC-LP] method_type='return_cvar_constraint' sum=1.0000 active=14
self.is_all_methods=False, self.min_weight=0.0, self.max_weight=0.12
single_methods
[RC-LP] method_type='return_cvar_constraint' sum=1.0000 active=13
self.is_all_methods=False, self.min_weight=0.0, self.max_weight=0.12
single_methods
[RC-LP] method_type='return_cvar_constraint' sum=1.0000 active=38
self.is_all_methods=False, self.min_weight=0.0, self.max_weight=0.12
single_methods
[RC-LP] method_type='return_cvar_constraint' sum=1.0000 active=38
self.is_all_methods=False, self.min_weight=0.0, self.max_weight=0.12
single_methods
[RC-LP] method_type='return_cvar_constraint' sum=1.0000 active=30
self.is_all_methods=False, self.min_weight=0.0, self.max_weight=0.12
single_methods
[RC-LP] method_type='return_cvar_constraint' sum=1.0000 active=40
self.is_all_methods=False, self.min_weight=0.0, self.max_weight=0.12
single_methods
[RC-LP] method_type='return_cvar_constraint' sum=1.0000 active=41
self.is_all_methods=False, self.min_weight=0.0, self.max_weight=0.12
single_methods
[RC-LP] method_type='return_cvar_constraint' sum=1.0000 active=31
self.is_all_methods=False, self.min_weight=0.0, self.max_weight=0.08
single_methods
method_type='mean_cvar_sharpe' np.sum(weights)=1.000000 active=67 weights.shape=(231,)
self.is_all_methods=False, self.min_weight=0.0, self.max_weight=0.08
single_methods
method_type='mean_cvar_sharpe' np.sum(weights)=1.000000 active=67 weights.shape=(231,)
self.is_all_methods=False, self.min_weight=0.0, self.max_weight=0.08
single_methods
method_type='mean_cvar_sharpe' np.sum(weights)=1.000000 active=67 weights.shape=(231,)
self.is_all_methods=False, self.min_weight=0.0, self.max_weight=0.08
single_methods
method_type='mean_cvar_sharpe' np.sum(weights)=1.000000 active=181 weights.shape=(231,)
self.is_all_methods=False, self.min_weight=0.0, self.max_weight=0.08
single_methods
method_type='mean_cvar_sharpe' np.sum(weights)=1.000000 active=181 weights.shape=(231,)
self.is_all_methods=False, self.min_weight=0.0, self.max_weight=0.08
single_methods
method_type='mean_cvar_sharpe' np.sum(weights)=1.000000 active=181 weights.shape=(231,)
self.is_all_methods=False, self.min_weight=0.0, self.max_weight=0.08
single_methods
method_type='mean_cvar_sharpe' np.sum(weights)=1.000000 active=182 weights.shape=(231,)
self.is_all_methods=False, self.min_weight=0.0, self.max_weight=0.08
single_methods
method_type='mean_cvar_sharpe' np.sum(weights)=1.000000 active=182 weights.shape=(231,)
self.is_all_methods=False, self.min_weight=0.0, self.max_weight=0.08
single_methods
method_type='mean_cvar_sharpe' np.sum(weights)=1.000000 active=182 weights.shape=(231,)
self.is_all_methods=False, self.min_weight=0.0, self.max_weight=0.08
single_methods
method_type='mean_cvar_sharpe' np.sum(weights)=1.000000 active=70 weights.shape=(231,)
self.is_all_methods=False, self.min_weight=0.0, self.max_weight=0.08
single_methods
method_type='mean_cvar_sharpe' np.sum(weights)=1.000000 active=70 weights.shape=(231,)
self.is_all_methods=False, self.min_weight=0.0, self.max_weight=0.08
single_methods
method_type='mean_cvar_sharpe' np.sum(weights)=1.000000 active=70 weights.shape=(231,)
self.is_all_methods=False, self.min_weight=0.0, self.max_weight=0.12
single_methods
method_type='mean_cvar_sharpe' np.sum(weights)=1.000000 active=75 weights.shape=(231,)
self.is_all_methods=False, self.min_weight=0.0, self.max_weight=0.12
single_methods
method_type='mean_cvar_sharpe' np.sum(weights)=1.000000 active=75 weights.shape=(231,)
self.is_all_methods=False, self.min_weight=0.0, self.max_weight=0.12
single_methods
method_type='mean_cvar_sharpe' np.sum(weights)=1.000000 active=75 weights.shape=(231,)
self.is_all_methods=False, self.min_weight=0.0, self.max_weight=0.12
single_methods
method_type='mean_cvar_sharpe' np.sum(weights)=1.000000 active=177 weights.shape=(231,)
self.is_all_methods=False, self.min_weight=0.0, self.max_weight=0.12
single_methods
method_type='mean_cvar_sharpe' np.sum(weights)=1.000000 active=177 weights.shape=(231,)
self.is_all_methods=False, self.min_weight=0.0, self.max_weight=0.12
single_methods
method_type='mean_cvar_sharpe' np.sum(weights)=1.000000 active=177 weights.shape=(231,)
self.is_all_methods=False, self.min_weight=0.0, self.max_weight=0.12
single_methods
method_type='mean_cvar_sharpe' np.sum(weights)=1.000000 active=75 weights.shape=(231,)
self.is_all_methods=False, self.min_weight=0.0, self.max_weight=0.12
single_methods
method_type='mean_cvar_sharpe' np.sum(weights)=1.000000 active=75 weights.shape=(231,)
self.is_all_methods=False, self.min_weight=0.0, self.max_weight=0.12
single_methods
method_type='mean_cvar_sharpe' np.sum(weights)=1.000000 active=75 weights.shape=(231,)
self.is_all_methods=False, self.min_weight=0.0, self.max_weight=0.12
single_methods
method_type='mean_cvar_sharpe' np.sum(weights)=1.000000 active=70 weights.shape=(231,)
self.is_all_methods=False, self.min_weight=0.0, self.max_weight=0.12
single_methods
method_type='mean_cvar_sharpe' np.sum(weights)=1.000000 active=70 weights.shape=(231,)
self.is_all_methods=False, self.min_weight=0.0, self.max_weight=0.12
single_methods
method_type='mean_cvar_sharpe' np.sum(weights)=1.000000 active=70 weights.shape=(231,)
1.0 2021-01-04 00:00:00 1585.3005699956384 0.04361343780119659 7.269227207589914e-05 0.04361343780119653
PROGRESS	2021-01-04	231	65	0.04361343780119653	1585.3005699956384
Portfolio optimization with 23 month weight rebalancing 2020-12-01 00:00:00: : 24it [06:10, 12.39s/it]Portfolio optimization with 24 month weight rebalancing 2021-01-04 00:00:00: : 24it [06:10, 12.39s/it]self.is_all_methods=False, self.min_weight=0.0, self.max_weight=0.08
single_methods
[RC-LP] method_type='return_cvar_constraint' sum=1.0000 active=29
self.is_all_methods=False, self.min_weight=0.0, self.max_weight=0.08
single_methods
[RC-LP] method_type='return_cvar_constraint' sum=1.0000 active=27
self.is_all_methods=False, self.min_weight=0.0, self.max_weight=0.08
single_methods
[RC-LP] method_type='return_cvar_constraint' sum=1.0000 active=26
self.is_all_methods=False, self.min_weight=0.0, self.max_weight=0.08
single_methods
[RC-LP] method_type='return_cvar_constraint' sum=1.0000 active=26
self.is_all_methods=False, self.min_weight=0.0, self.max_weight=0.08
single_methods
[RC-LP] method_type='return_cvar_constraint' sum=1.0000 active=28
self.is_all_methods=False, self.min_weight=0.0, self.max_weight=0.08
single_methods
[RC-LP] method_type='return_cvar_constraint' sum=1.0000 active=27
self.is_all_methods=False, self.min_weight=0.0, self.max_weight=0.08
single_methods
[RC-LP] method_type='return_cvar_constraint' sum=1.0000 active=47
self.is_all_methods=False, self.min_weight=0.0, self.max_weight=0.08
single_methods
[RC-LP] method_type='return_cvar_constraint' sum=1.0000 active=47
self.is_all_methods=False, self.min_weight=0.0, self.max_weight=0.08
single_methods
[RC-LP] method_type='return_cvar_constraint' sum=1.0000 active=52
self.is_all_methods=False, self.min_weight=0.0, self.max_weight=0.08
single_methods
[RC-LP] method_type='return_cvar_constraint' sum=1.0000 active=51
self.is_all_methods=False, self.min_weight=0.0, self.max_weight=0.08
single_methods
[RC-LP] method_type='return_cvar_constraint' sum=1.0000 active=51
self.is_all_methods=False, self.min_weight=0.0, self.max_weight=0.08
single_methods
[RC-LP] method_type='return_cvar_constraint' sum=1.0000 active=54
self.is_all_methods=False, self.min_weight=0.0, self.max_weight=0.12
single_methods
[RC-LP] method_type='return_cvar_constraint' sum=1.0000 active=21
self.is_all_methods=False, self.min_weight=0.0, self.max_weight=0.12
single_methods
[RC-LP] method_type='return_cvar_constraint' sum=1.0000 active=19
self.is_all_methods=False, self.min_weight=0.0, self.max_weight=0.12
single_methods
[RC-LP] method_type='return_cvar_constraint' sum=1.0000 active=19
self.is_all_methods=False, self.min_weight=0.0, self.max_weight=0.12
single_methods
[RC-LP] method_type='return_cvar_constraint' sum=1.0000 active=21
self.is_all_methods=False, self.min_weight=0.0, self.max_weight=0.12
single_methods
[RC-LP] method_type='return_cvar_constraint' sum=1.0000 active=20
self.is_all_methods=False, self.min_weight=0.0, self.max_weight=0.12
single_methods
[RC-LP] method_type='return_cvar_constraint' sum=1.0000 active=20
self.is_all_methods=False, self.min_weight=0.0, self.max_weight=0.12
single_methods
[RC-LP] method_type='return_cvar_constraint' sum=1.0000 active=45
self.is_all_methods=False, self.min_weight=0.0, self.max_weight=0.12
single_methods
[RC-LP] method_type='return_cvar_constraint' sum=1.0000 active=45
self.is_all_methods=False, self.min_weight=0.0, self.max_weight=0.12
single_methods
[RC-LP] method_type='return_cvar_constraint' sum=1.0000 active=40
self.is_all_methods=False, self.min_weight=0.0, self.max_weight=0.12
single_methods
[RC-LP] method_type='return_cvar_constraint' sum=1.0000 active=45
self.is_all_methods=False, self.min_weight=0.0, self.max_weight=0.12
single_methods
[RC-LP] method_type='return_cvar_constraint' sum=1.0000 active=45
self.is_all_methods=False, self.min_weight=0.0, self.max_weight=0.12
single_methods
[RC-LP] method_type='return_cvar_constraint' sum=1.0000 active=39
self.is_all_methods=False, self.min_weight=0.0, self.max_weight=0.08
single_methods
method_type='mean_cvar_sharpe' np.sum(weights)=1.000000 active=230 weights.shape=(230,)
self.is_all_methods=False, self.min_weight=0.0, self.max_weight=0.08
single_methods
method_type='mean_cvar_sharpe' np.sum(weights)=1.000000 active=230 weights.shape=(230,)
self.is_all_methods=False, self.min_weight=0.0, self.max_weight=0.08
single_methods
method_type='mean_cvar_sharpe' np.sum(weights)=1.000000 active=230 weights.shape=(230,)
self.is_all_methods=False, self.min_weight=0.0, self.max_weight=0.08
single_methods
method_type='mean_cvar_sharpe' np.sum(weights)=1.000000 active=79 weights.shape=(230,)
self.is_all_methods=False, self.min_weight=0.0, self.max_weight=0.08
single_methods
method_type='mean_cvar_sharpe' np.sum(weights)=1.000000 active=79 weights.shape=(230,)
self.is_all_methods=False, self.min_weight=0.0, self.max_weight=0.08
single_methods
method_type='mean_cvar_sharpe' np.sum(weights)=1.000000 active=79 weights.shape=(230,)
self.is_all_methods=False, self.min_weight=0.0, self.max_weight=0.08
single_methods
method_type='mean_cvar_sharpe' np.sum(weights)=1.000000 active=230 weights.shape=(230,)
self.is_all_methods=False, self.min_weight=0.0, self.max_weight=0.08
single_methods
method_type='mean_cvar_sharpe' np.sum(weights)=1.000000 active=230 weights.shape=(230,)
self.is_all_methods=False, self.min_weight=0.0, self.max_weight=0.08
single_methods
method_type='mean_cvar_sharpe' np.sum(weights)=1.000000 active=230 weights.shape=(230,)
self.is_all_methods=False, self.min_weight=0.0, self.max_weight=0.08
single_methods
method_type='mean_cvar_sharpe' np.sum(weights)=1.000000 active=230 weights.shape=(230,)
self.is_all_methods=False, self.min_weight=0.0, self.max_weight=0.08
single_methods
method_type='mean_cvar_sharpe' np.sum(weights)=1.000000 active=230 weights.shape=(230,)
self.is_all_methods=False, self.min_weight=0.0, self.max_weight=0.08
single_methods
method_type='mean_cvar_sharpe' np.sum(weights)=1.000000 active=230 weights.shape=(230,)
self.is_all_methods=False, self.min_weight=0.0, self.max_weight=0.12
single_methods
method_type='mean_cvar_sharpe' np.sum(weights)=1.000000 active=170 weights.shape=(230,)
self.is_all_methods=False, self.min_weight=0.0, self.max_weight=0.12
single_methods
method_type='mean_cvar_sharpe' np.sum(weights)=1.000000 active=170 weights.shape=(230,)
self.is_all_methods=False, self.min_weight=0.0, self.max_weight=0.12
single_methods
method_type='mean_cvar_sharpe' np.sum(weights)=1.000000 active=170 weights.shape=(230,)
self.is_all_methods=False, self.min_weight=0.0, self.max_weight=0.12
single_methods
method_type='mean_cvar_sharpe' np.sum(weights)=1.000000 active=171 weights.shape=(230,)
self.is_all_methods=False, self.min_weight=0.0, self.max_weight=0.12
single_methods
method_type='mean_cvar_sharpe' np.sum(weights)=1.000000 active=171 weights.shape=(230,)
self.is_all_methods=False, self.min_weight=0.0, self.max_weight=0.12
single_methods
method_type='mean_cvar_sharpe' np.sum(weights)=1.000000 active=171 weights.shape=(230,)
self.is_all_methods=False, self.min_weight=0.0, self.max_weight=0.12
single_methods
method_type='mean_cvar_sharpe' np.sum(weights)=1.000000 active=74 weights.shape=(230,)
self.is_all_methods=False, self.min_weight=0.0, self.max_weight=0.12
single_methods
method_type='mean_cvar_sharpe' np.sum(weights)=1.000000 active=74 weights.shape=(230,)
self.is_all_methods=False, self.min_weight=0.0, self.max_weight=0.12
single_methods
method_type='mean_cvar_sharpe' np.sum(weights)=1.000000 active=74 weights.shape=(230,)
self.is_all_methods=False, self.min_weight=0.0, self.max_weight=0.12
single_methods
method_type='mean_cvar_sharpe' np.sum(weights)=1.000000 active=173 weights.shape=(230,)
self.is_all_methods=False, self.min_weight=0.0, self.max_weight=0.12
single_methods
method_type='mean_cvar_sharpe' np.sum(weights)=1.000000 active=173 weights.shape=(230,)
self.is_all_methods=False, self.min_weight=0.0, self.max_weight=0.12
single_methods
method_type='mean_cvar_sharpe' np.sum(weights)=1.000000 active=173 weights.shape=(230,)
1.0 2021-02-01 00:00:00 1591.996802007457 0.004223951052914256 0.00012981188152430862 0.004223951052914288
PROGRESS	2021-02-01	230	62	0.004223951052914288	1591.996802007457
Portfolio optimization with 24 month weight rebalancing 2021-01-04 00:00:00: : 25it [06:21, 12.01s/it]Portfolio optimization with 25 month weight rebalancing 2021-02-01 00:00:00: : 25it [06:21, 12.01s/it]self.is_all_methods=False, self.min_weight=0.0, self.max_weight=0.08
single_methods
[RC-LP] method_type='return_cvar_constraint' sum=1.0000 active=18
self.is_all_methods=False, self.min_weight=0.0, self.max_weight=0.08
single_methods
[RC-LP] method_type='return_cvar_constraint' sum=1.0000 active=17
self.is_all_methods=False, self.min_weight=0.0, self.max_weight=0.08
single_methods
[RC-LP] method_type='return_cvar_constraint' sum=1.0000 active=18
self.is_all_methods=False, self.min_weight=0.0, self.max_weight=0.08
single_methods
[RC-LP] method_type='return_cvar_constraint' sum=1.0000 active=19
self.is_all_methods=False, self.min_weight=0.0, self.max_weight=0.08
single_methods
[RC-LP] method_type='return_cvar_constraint' sum=1.0000 active=18
self.is_all_methods=False, self.min_weight=0.0, self.max_weight=0.08
single_methods
[RC-LP] method_type='return_cvar_constraint' sum=1.0000 active=19
self.is_all_methods=False, self.min_weight=0.0, self.max_weight=0.08
single_methods
[RC-LP] method_type='return_cvar_constraint' sum=1.0000 active=42
self.is_all_methods=False, self.min_weight=0.0, self.max_weight=0.08
single_methods
[RC-LP] method_type='return_cvar_constraint' sum=1.0000 active=44
self.is_all_methods=False, self.min_weight=0.0, self.max_weight=0.08
single_methods
[RC-LP] method_type='return_cvar_constraint' sum=1.0000 active=44
self.is_all_methods=False, self.min_weight=0.0, self.max_weight=0.08
single_methods
[RC-LP] method_type='return_cvar_constraint' sum=1.0000 active=43
self.is_all_methods=False, self.min_weight=0.0, self.max_weight=0.08
single_methods
[RC-LP] method_type='return_cvar_constraint' sum=1.0000 active=45
self.is_all_methods=False, self.min_weight=0.0, self.max_weight=0.08
single_methods
[RC-LP] method_type='return_cvar_constraint' sum=1.0000 active=44
self.is_all_methods=False, self.min_weight=0.0, self.max_weight=0.12
single_methods
[RC-LP] method_type='return_cvar_constraint' sum=1.0000 active=14
self.is_all_methods=False, self.min_weight=0.0, self.max_weight=0.12
single_methods
[RC-LP] method_type='return_cvar_constraint' sum=1.0000 active=14
self.is_all_methods=False, self.min_weight=0.0, self.max_weight=0.12
single_methods
[RC-LP] method_type='return_cvar_constraint' sum=1.0000 active=10
self.is_all_methods=False, self.min_weight=0.0, self.max_weight=0.12
single_methods
[RC-LP] method_type='return_cvar_constraint' sum=1.0000 active=14
self.is_all_methods=False, self.min_weight=0.0, self.max_weight=0.12
single_methods
[RC-LP] method_type='return_cvar_constraint' sum=1.0000 active=15
self.is_all_methods=False, self.min_weight=0.0, self.max_weight=0.12
single_methods
[RC-LP] method_type='return_cvar_constraint' sum=1.0000 active=13
self.is_all_methods=False, self.min_weight=0.0, self.max_weight=0.12
single_methods
[RC-LP] method_type='return_cvar_constraint' sum=1.0000 active=33
self.is_all_methods=False, self.min_weight=0.0, self.max_weight=0.12
single_methods
[RC-LP] method_type='return_cvar_constraint' sum=1.0000 active=36
self.is_all_methods=False, self.min_weight=0.0, self.max_weight=0.12
single_methods
[RC-LP] method_type='return_cvar_constraint' sum=1.0000 active=32
self.is_all_methods=False, self.min_weight=0.0, self.max_weight=0.12
single_methods
[RC-LP] method_type='return_cvar_constraint' sum=1.0000 active=34
self.is_all_methods=False, self.min_weight=0.0, self.max_weight=0.12
single_methods
[RC-LP] method_type='return_cvar_constraint' sum=1.0000 active=34
self.is_all_methods=False, self.min_weight=0.0, self.max_weight=0.12
single_methods
[RC-LP] method_type='return_cvar_constraint' sum=1.0000 active=33
self.is_all_methods=False, self.min_weight=0.0, self.max_weight=0.08
single_methods
method_type='mean_cvar_sharpe' np.sum(weights)=1.000000 active=172 weights.shape=(231,)
self.is_all_methods=False, self.min_weight=0.0, self.max_weight=0.08
single_methods
method_type='mean_cvar_sharpe' np.sum(weights)=1.000000 active=172 weights.shape=(231,)
self.is_all_methods=False, self.min_weight=0.0, self.max_weight=0.08
single_methods
method_type='mean_cvar_sharpe' np.sum(weights)=1.000000 active=172 weights.shape=(231,)
self.is_all_methods=False, self.min_weight=0.0, self.max_weight=0.08
single_methods
method_type='mean_cvar_sharpe' np.sum(weights)=1.000000 active=78 weights.shape=(231,)
self.is_all_methods=False, self.min_weight=0.0, self.max_weight=0.08
single_methods
method_type='mean_cvar_sharpe' np.sum(weights)=1.000000 active=78 weights.shape=(231,)
self.is_all_methods=False, self.min_weight=0.0, self.max_weight=0.08
single_methods
method_type='mean_cvar_sharpe' np.sum(weights)=1.000000 active=78 weights.shape=(231,)
self.is_all_methods=False, self.min_weight=0.0, self.max_weight=0.08
single_methods
method_type='mean_cvar_sharpe' np.sum(weights)=1.000000 active=76 weights.shape=(231,)
self.is_all_methods=False, self.min_weight=0.0, self.max_weight=0.08
single_methods
method_type='mean_cvar_sharpe' np.sum(weights)=1.000000 active=76 weights.shape=(231,)
self.is_all_methods=False, self.min_weight=0.0, self.max_weight=0.08
single_methods
method_type='mean_cvar_sharpe' np.sum(weights)=1.000000 active=76 weights.shape=(231,)
self.is_all_methods=False, self.min_weight=0.0, self.max_weight=0.08
single_methods
method_type='mean_cvar_sharpe' np.sum(weights)=1.000000 active=169 weights.shape=(231,)
self.is_all_methods=False, self.min_weight=0.0, self.max_weight=0.08
single_methods
method_type='mean_cvar_sharpe' np.sum(weights)=1.000000 active=169 weights.shape=(231,)
self.is_all_methods=False, self.min_weight=0.0, self.max_weight=0.08
single_methods
method_type='mean_cvar_sharpe' np.sum(weights)=1.000000 active=169 weights.shape=(231,)
self.is_all_methods=False, self.min_weight=0.0, self.max_weight=0.12
single_methods
method_type='mean_cvar_sharpe' np.sum(weights)=1.000000 active=77 weights.shape=(231,)
self.is_all_methods=False, self.min_weight=0.0, self.max_weight=0.12
single_methods
method_type='mean_cvar_sharpe' np.sum(weights)=1.000000 active=77 weights.shape=(231,)
self.is_all_methods=False, self.min_weight=0.0, self.max_weight=0.12
single_methods
method_type='mean_cvar_sharpe' np.sum(weights)=1.000000 active=77 weights.shape=(231,)
self.is_all_methods=False, self.min_weight=0.0, self.max_weight=0.12
single_methods
method_type='mean_cvar_sharpe' np.sum(weights)=1.000000 active=161 weights.shape=(231,)
self.is_all_methods=False, self.min_weight=0.0, self.max_weight=0.12
single_methods
method_type='mean_cvar_sharpe' np.sum(weights)=1.000000 active=161 weights.shape=(231,)
self.is_all_methods=False, self.min_weight=0.0, self.max_weight=0.12
single_methods
method_type='mean_cvar_sharpe' np.sum(weights)=1.000000 active=161 weights.shape=(231,)
self.is_all_methods=False, self.min_weight=0.0, self.max_weight=0.12
single_methods
method_type='mean_cvar_sharpe' np.sum(weights)=1.000000 active=160 weights.shape=(231,)
self.is_all_methods=False, self.min_weight=0.0, self.max_weight=0.12
single_methods
method_type='mean_cvar_sharpe' np.sum(weights)=1.000000 active=160 weights.shape=(231,)
self.is_all_methods=False, self.min_weight=0.0, self.max_weight=0.12
single_methods
method_type='mean_cvar_sharpe' np.sum(weights)=1.000000 active=160 weights.shape=(231,)
self.is_all_methods=False, self.min_weight=0.0, self.max_weight=0.12
single_methods
method_type='mean_cvar_sharpe' np.sum(weights)=1.000000 active=155 weights.shape=(231,)
self.is_all_methods=False, self.min_weight=0.0, self.max_weight=0.12
single_methods
method_type='mean_cvar_sharpe' np.sum(weights)=1.000000 active=155 weights.shape=(231,)
self.is_all_methods=False, self.min_weight=0.0, self.max_weight=0.12
single_methods
method_type='mean_cvar_sharpe' np.sum(weights)=1.000000 active=155 weights.shape=(231,)
1.0 2021-03-01 00:00:00 1619.3313456123083 0.017169973941143155 9.362730183228104e-05 0.017169973941143057
PROGRESS	2021-03-01	231	55	0.017169973941143057	1619.3313456123083
Portfolio optimization with 25 month weight rebalancing 2021-02-01 00:00:00: : 26it [06:30, 11.23s/it]Portfolio optimization with 26 month weight rebalancing 2021-03-01 00:00:00: : 26it [06:30, 11.23s/it]self.is_all_methods=False, self.min_weight=0.0, self.max_weight=0.08
single_methods
[RC-LP] method_type='return_cvar_constraint' sum=1.0000 active=15
self.is_all_methods=False, self.min_weight=0.0, self.max_weight=0.08
single_methods
[RC-LP] method_type='return_cvar_constraint' sum=1.0000 active=15
self.is_all_methods=False, self.min_weight=0.0, self.max_weight=0.08
single_methods
[RC-LP] method_type='return_cvar_constraint' sum=1.0000 active=15
self.is_all_methods=False, self.min_weight=0.0, self.max_weight=0.08
single_methods
[RC-LP] method_type='return_cvar_constraint' sum=1.0000 active=15
self.is_all_methods=False, self.min_weight=0.0, self.max_weight=0.08
single_methods
[RC-LP] method_type='return_cvar_constraint' sum=1.0000 active=15
self.is_all_methods=False, self.min_weight=0.0, self.max_weight=0.08
single_methods
[RC-LP] method_type='return_cvar_constraint' sum=1.0000 active=15
self.is_all_methods=False, self.min_weight=0.0, self.max_weight=0.08
single_methods
[RC-LP] method_type='return_cvar_constraint' sum=1.0000 active=25
self.is_all_methods=False, self.min_weight=0.0, self.max_weight=0.08
single_methods
[RC-LP] method_type='return_cvar_constraint' sum=1.0000 active=25
self.is_all_methods=False, self.min_weight=0.0, self.max_weight=0.08
single_methods
[RC-LP] method_type='return_cvar_constraint' sum=1.0000 active=23
self.is_all_methods=False, self.min_weight=0.0, self.max_weight=0.08
single_methods
[RC-LP] method_type='return_cvar_constraint' sum=1.0000 active=21
self.is_all_methods=False, self.min_weight=0.0, self.max_weight=0.08
single_methods
[RC-LP] method_type='return_cvar_constraint' sum=1.0000 active=25
self.is_all_methods=False, self.min_weight=0.0, self.max_weight=0.08
single_methods
[RC-LP] method_type='return_cvar_constraint' sum=1.0000 active=23
self.is_all_methods=False, self.min_weight=0.0, self.max_weight=0.12
single_methods
[RC-LP] method_type='return_cvar_constraint' sum=1.0000 active=12
self.is_all_methods=False, self.min_weight=0.0, self.max_weight=0.12
single_methods
[RC-LP] method_type='return_cvar_constraint' sum=1.0000 active=12
self.is_all_methods=False, self.min_weight=0.0, self.max_weight=0.12
single_methods
[RC-LP] method_type='return_cvar_constraint' sum=1.0000 active=12
self.is_all_methods=False, self.min_weight=0.0, self.max_weight=0.12
single_methods
[RC-LP] method_type='return_cvar_constraint' sum=1.0000 active=12
self.is_all_methods=False, self.min_weight=0.0, self.max_weight=0.12
single_methods
[RC-LP] method_type='return_cvar_constraint' sum=1.0000 active=12
self.is_all_methods=False, self.min_weight=0.0, self.max_weight=0.12
single_methods
[RC-LP] method_type='return_cvar_constraint' sum=1.0000 active=12
self.is_all_methods=False, self.min_weight=0.0, self.max_weight=0.12
single_methods
[RC-LP] method_type='return_cvar_constraint' sum=1.0000 active=19
self.is_all_methods=False, self.min_weight=0.0, self.max_weight=0.12
single_methods
[RC-LP] method_type='return_cvar_constraint' sum=1.0000 active=18
self.is_all_methods=False, self.min_weight=0.0, self.max_weight=0.12
single_methods
[RC-LP] method_type='return_cvar_constraint' sum=1.0000 active=18
self.is_all_methods=False, self.min_weight=0.0, self.max_weight=0.12
single_methods
[RC-LP] method_type='return_cvar_constraint' sum=1.0000 active=19
self.is_all_methods=False, self.min_weight=0.0, self.max_weight=0.12
single_methods
[RC-LP] method_type='return_cvar_constraint' sum=1.0000 active=18
self.is_all_methods=False, self.min_weight=0.0, self.max_weight=0.12
single_methods
[RC-LP] method_type='return_cvar_constraint' sum=1.0000 active=18
self.is_all_methods=False, self.min_weight=0.0, self.max_weight=0.08
single_methods
method_type='mean_cvar_sharpe' np.sum(weights)=1.000000 active=232 weights.shape=(235,)
self.is_all_methods=False, self.min_weight=0.0, self.max_weight=0.08
single_methods
method_type='mean_cvar_sharpe' np.sum(weights)=1.000000 active=232 weights.shape=(235,)
self.is_all_methods=False, self.min_weight=0.0, self.max_weight=0.08
single_methods
method_type='mean_cvar_sharpe' np.sum(weights)=1.000000 active=232 weights.shape=(235,)
self.is_all_methods=False, self.min_weight=0.0, self.max_weight=0.08
single_methods
method_type='mean_cvar_sharpe' np.sum(weights)=1.000000 active=22 weights.shape=(235,)
self.is_all_methods=False, self.min_weight=0.0, self.max_weight=0.08
single_methods
method_type='mean_cvar_sharpe' np.sum(weights)=1.000000 active=22 weights.shape=(235,)
self.is_all_methods=False, self.min_weight=0.0, self.max_weight=0.08
single_methods
method_type='mean_cvar_sharpe' np.sum(weights)=1.000000 active=22 weights.shape=(235,)
self.is_all_methods=False, self.min_weight=0.0, self.max_weight=0.08
single_methods
method_type='mean_cvar_sharpe' np.sum(weights)=1.000000 active=229 weights.shape=(235,)
self.is_all_methods=False, self.min_weight=0.0, self.max_weight=0.08
single_methods
method_type='mean_cvar_sharpe' np.sum(weights)=1.000000 active=229 weights.shape=(235,)
self.is_all_methods=False, self.min_weight=0.0, self.max_weight=0.08
single_methods
method_type='mean_cvar_sharpe' np.sum(weights)=1.000000 active=229 weights.shape=(235,)
self.is_all_methods=False, self.min_weight=0.0, self.max_weight=0.08
single_methods
method_type='mean_cvar_sharpe' np.sum(weights)=1.000000 active=21 weights.shape=(235,)
self.is_all_methods=False, self.min_weight=0.0, self.max_weight=0.08
single_methods
method_type='mean_cvar_sharpe' np.sum(weights)=1.000000 active=21 weights.shape=(235,)
self.is_all_methods=False, self.min_weight=0.0, self.max_weight=0.08
single_methods
method_type='mean_cvar_sharpe' np.sum(weights)=1.000000 active=21 weights.shape=(235,)
self.is_all_methods=False, self.min_weight=0.0, self.max_weight=0.12
single_methods
method_type='mean_cvar_sharpe' np.sum(weights)=1.000000 active=12 weights.shape=(235,)
self.is_all_methods=False, self.min_weight=0.0, self.max_weight=0.12
single_methods
method_type='mean_cvar_sharpe' np.sum(weights)=1.000000 active=12 weights.shape=(235,)
self.is_all_methods=False, self.min_weight=0.0, self.max_weight=0.12
single_methods
method_type='mean_cvar_sharpe' np.sum(weights)=1.000000 active=12 weights.shape=(235,)
self.is_all_methods=False, self.min_weight=0.0, self.max_weight=0.12
single_methods
method_type='mean_cvar_sharpe' np.sum(weights)=1.000000 active=235 weights.shape=(235,)
self.is_all_methods=False, self.min_weight=0.0, self.max_weight=0.12
single_methods
method_type='mean_cvar_sharpe' np.sum(weights)=1.000000 active=235 weights.shape=(235,)
self.is_all_methods=False, self.min_weight=0.0, self.max_weight=0.12
single_methods
method_type='mean_cvar_sharpe' np.sum(weights)=1.000000 active=235 weights.shape=(235,)
self.is_all_methods=False, self.min_weight=0.0, self.max_weight=0.12
single_methods
method_type='mean_cvar_sharpe' np.sum(weights)=1.000000 active=235 weights.shape=(235,)
self.is_all_methods=False, self.min_weight=0.0, self.max_weight=0.12
single_methods
method_type='mean_cvar_sharpe' np.sum(weights)=1.000000 active=235 weights.shape=(235,)
self.is_all_methods=False, self.min_weight=0.0, self.max_weight=0.12
single_methods
method_type='mean_cvar_sharpe' np.sum(weights)=1.000000 active=235 weights.shape=(235,)
self.is_all_methods=False, self.min_weight=0.0, self.max_weight=0.12
single_methods
method_type='mean_cvar_sharpe' np.sum(weights)=1.000000 active=235 weights.shape=(235,)
self.is_all_methods=False, self.min_weight=0.0, self.max_weight=0.12
single_methods
method_type='mean_cvar_sharpe' np.sum(weights)=1.000000 active=235 weights.shape=(235,)
self.is_all_methods=False, self.min_weight=0.0, self.max_weight=0.12
single_methods
method_type='mean_cvar_sharpe' np.sum(weights)=1.000000 active=235 weights.shape=(235,)
0.5 2021-04-01 00:00:00 1641.1794869081143 0.01349207582191567 3.599899829678491e-05 0.013492075821915694
PROGRESS	2021-04-01	235	47	0.013492075821915694	1641.1794869081143
Portfolio optimization with 26 month weight rebalancing 2021-03-01 00:00:00: : 27it [06:41, 11.17s/it]Portfolio optimization with 27 month weight rebalancing 2021-04-01 00:00:00: : 27it [06:41, 11.17s/it]self.is_all_methods=False, self.min_weight=0.0, self.max_weight=0.08
single_methods
[RC-LP] method_type='return_cvar_constraint' sum=1.0000 active=28
self.is_all_methods=False, self.min_weight=0.0, self.max_weight=0.08
single_methods
[RC-LP] method_type='return_cvar_constraint' sum=1.0000 active=28
self.is_all_methods=False, self.min_weight=0.0, self.max_weight=0.08
single_methods
[RC-LP] method_type='return_cvar_constraint' sum=1.0000 active=28
self.is_all_methods=False, self.min_weight=0.0, self.max_weight=0.08
single_methods
[RC-LP] method_type='return_cvar_constraint' sum=1.0000 active=28
self.is_all_methods=False, self.min_weight=0.0, self.max_weight=0.08
single_methods
[RC-LP] method_type='return_cvar_constraint' sum=1.0000 active=28
self.is_all_methods=False, self.min_weight=0.0, self.max_weight=0.08
single_methods
[RC-LP] method_type='return_cvar_constraint' sum=1.0000 active=28
self.is_all_methods=False, self.min_weight=0.0, self.max_weight=0.08
single_methods
[RC-LP] method_type='return_cvar_constraint' sum=1.0000 active=48
self.is_all_methods=False, self.min_weight=0.0, self.max_weight=0.08
single_methods
[RC-LP] method_type='return_cvar_constraint' sum=1.0000 active=48
self.is_all_methods=False, self.min_weight=0.0, self.max_weight=0.08
single_methods
[RC-LP] method_type='return_cvar_constraint' sum=1.0000 active=48
self.is_all_methods=False, self.min_weight=0.0, self.max_weight=0.08
single_methods
[RC-LP] method_type='return_cvar_constraint' sum=1.0000 active=48
self.is_all_methods=False, self.min_weight=0.0, self.max_weight=0.08
single_methods
[RC-LP] method_type='return_cvar_constraint' sum=1.0000 active=48
self.is_all_methods=False, self.min_weight=0.0, self.max_weight=0.08
single_methods
[RC-LP] method_type='return_cvar_constraint' sum=1.0000 active=48
self.is_all_methods=False, self.min_weight=0.0, self.max_weight=0.12
single_methods
[RC-LP] method_type='return_cvar_constraint' sum=1.0000 active=18
self.is_all_methods=False, self.min_weight=0.0, self.max_weight=0.12
single_methods
[RC-LP] method_type='return_cvar_constraint' sum=1.0000 active=18
self.is_all_methods=False, self.min_weight=0.0, self.max_weight=0.12
single_methods
[RC-LP] method_type='return_cvar_constraint' sum=1.0000 active=18
self.is_all_methods=False, self.min_weight=0.0, self.max_weight=0.12
single_methods
[RC-LP] method_type='return_cvar_constraint' sum=1.0000 active=18
self.is_all_methods=False, self.min_weight=0.0, self.max_weight=0.12
single_methods
[RC-LP] method_type='return_cvar_constraint' sum=1.0000 active=18
self.is_all_methods=False, self.min_weight=0.0, self.max_weight=0.12
single_methods
[RC-LP] method_type='return_cvar_constraint' sum=1.0000 active=18
self.is_all_methods=False, self.min_weight=0.0, self.max_weight=0.12
single_methods
[RC-LP] method_type='return_cvar_constraint' sum=1.0000 active=40
self.is_all_methods=False, self.min_weight=0.0, self.max_weight=0.12
single_methods
[RC-LP] method_type='return_cvar_constraint' sum=1.0000 active=40
self.is_all_methods=False, self.min_weight=0.0, self.max_weight=0.12
single_methods
[RC-LP] method_type='return_cvar_constraint' sum=1.0000 active=40
self.is_all_methods=False, self.min_weight=0.0, self.max_weight=0.12
single_methods
[RC-LP] method_type='return_cvar_constraint' sum=1.0000 active=43
self.is_all_methods=False, self.min_weight=0.0, self.max_weight=0.12
single_methods
[RC-LP] method_type='return_cvar_constraint' sum=1.0000 active=40
self.is_all_methods=False, self.min_weight=0.0, self.max_weight=0.12
single_methods
[RC-LP] method_type='return_cvar_constraint' sum=1.0000 active=40
self.is_all_methods=False, self.min_weight=0.0, self.max_weight=0.08
single_methods
method_type='mean_cvar_sharpe' np.sum(weights)=1.000000 active=199 weights.shape=(240,)
self.is_all_methods=False, self.min_weight=0.0, self.max_weight=0.08
single_methods
method_type='mean_cvar_sharpe' np.sum(weights)=1.000000 active=199 weights.shape=(240,)
self.is_all_methods=False, self.min_weight=0.0, self.max_weight=0.08
single_methods
method_type='mean_cvar_sharpe' np.sum(weights)=1.000000 active=199 weights.shape=(240,)
self.is_all_methods=False, self.min_weight=0.0, self.max_weight=0.08
single_methods
method_type='mean_cvar_sharpe' np.sum(weights)=1.000000 active=54 weights.shape=(240,)
self.is_all_methods=False, self.min_weight=0.0, self.max_weight=0.08
single_methods
method_type='mean_cvar_sharpe' np.sum(weights)=1.000000 active=54 weights.shape=(240,)
self.is_all_methods=False, self.min_weight=0.0, self.max_weight=0.08
single_methods
method_type='mean_cvar_sharpe' np.sum(weights)=1.000000 active=54 weights.shape=(240,)
self.is_all_methods=False, self.min_weight=0.0, self.max_weight=0.08
single_methods
method_type='mean_cvar_sharpe' np.sum(weights)=1.000000 active=198 weights.shape=(240,)
self.is_all_methods=False, self.min_weight=0.0, self.max_weight=0.08
single_methods
method_type='mean_cvar_sharpe' np.sum(weights)=1.000000 active=198 weights.shape=(240,)
self.is_all_methods=False, self.min_weight=0.0, self.max_weight=0.08
single_methods
method_type='mean_cvar_sharpe' np.sum(weights)=1.000000 active=198 weights.shape=(240,)
self.is_all_methods=False, self.min_weight=0.0, self.max_weight=0.08
single_methods
method_type='mean_cvar_sharpe' np.sum(weights)=1.000000 active=54 weights.shape=(240,)
self.is_all_methods=False, self.min_weight=0.0, self.max_weight=0.08
single_methods
method_type='mean_cvar_sharpe' np.sum(weights)=1.000000 active=54 weights.shape=(240,)
self.is_all_methods=False, self.min_weight=0.0, self.max_weight=0.08
single_methods
method_type='mean_cvar_sharpe' np.sum(weights)=1.000000 active=54 weights.shape=(240,)
self.is_all_methods=False, self.min_weight=0.0, self.max_weight=0.12
single_methods
method_type='mean_cvar_sharpe' np.sum(weights)=1.000000 active=55 weights.shape=(240,)
self.is_all_methods=False, self.min_weight=0.0, self.max_weight=0.12
single_methods
method_type='mean_cvar_sharpe' np.sum(weights)=1.000000 active=55 weights.shape=(240,)
self.is_all_methods=False, self.min_weight=0.0, self.max_weight=0.12
single_methods
method_type='mean_cvar_sharpe' np.sum(weights)=1.000000 active=55 weights.shape=(240,)
self.is_all_methods=False, self.min_weight=0.0, self.max_weight=0.12
single_methods
method_type='mean_cvar_sharpe' np.sum(weights)=1.000000 active=55 weights.shape=(240,)
self.is_all_methods=False, self.min_weight=0.0, self.max_weight=0.12
single_methods
method_type='mean_cvar_sharpe' np.sum(weights)=1.000000 active=55 weights.shape=(240,)
self.is_all_methods=False, self.min_weight=0.0, self.max_weight=0.12
single_methods
method_type='mean_cvar_sharpe' np.sum(weights)=1.000000 active=55 weights.shape=(240,)
self.is_all_methods=False, self.min_weight=0.0, self.max_weight=0.12
single_methods
method_type='mean_cvar_sharpe' np.sum(weights)=1.000000 active=56 weights.shape=(240,)
self.is_all_methods=False, self.min_weight=0.0, self.max_weight=0.12
single_methods
method_type='mean_cvar_sharpe' np.sum(weights)=1.000000 active=56 weights.shape=(240,)
self.is_all_methods=False, self.min_weight=0.0, self.max_weight=0.12
single_methods
method_type='mean_cvar_sharpe' np.sum(weights)=1.000000 active=56 weights.shape=(240,)
self.is_all_methods=False, self.min_weight=0.0, self.max_weight=0.12
single_methods
method_type='mean_cvar_sharpe' np.sum(weights)=1.000000 active=197 weights.shape=(240,)
self.is_all_methods=False, self.min_weight=0.0, self.max_weight=0.12
single_methods
method_type='mean_cvar_sharpe' np.sum(weights)=1.000000 active=197 weights.shape=(240,)
self.is_all_methods=False, self.min_weight=0.0, self.max_weight=0.12
single_methods
method_type='mean_cvar_sharpe' np.sum(weights)=1.000000 active=197 weights.shape=(240,)
1.0 2021-05-03 00:00:00 1695.3566584189093 0.03301111910243371 0.00012620777337267824 0.03301111910243382
PROGRESS	2021-05-03	240	46	0.03301111910243382	1695.3566584189093
Portfolio optimization with 27 month weight rebalancing 2021-04-01 00:00:00: : 28it [06:53, 11.14s/it]Portfolio optimization with 28 month weight rebalancing 2021-05-03 00:00:00: : 28it [06:53, 11.14s/it]self.is_all_methods=False, self.min_weight=0.0, self.max_weight=0.08
single_methods
[RC-LP] method_type='return_cvar_constraint' sum=1.0000 active=15
self.is_all_methods=False, self.min_weight=0.0, self.max_weight=0.08
single_methods
[RC-LP] method_type='return_cvar_constraint' sum=1.0000 active=15
self.is_all_methods=False, self.min_weight=0.0, self.max_weight=0.08
single_methods
[RC-LP] method_type='return_cvar_constraint' sum=1.0000 active=15
self.is_all_methods=False, self.min_weight=0.0, self.max_weight=0.08
single_methods
[RC-LP] method_type='return_cvar_constraint' sum=1.0000 active=15
self.is_all_methods=False, self.min_weight=0.0, self.max_weight=0.08
single_methods
[RC-LP] method_type='return_cvar_constraint' sum=1.0000 active=15
self.is_all_methods=False, self.min_weight=0.0, self.max_weight=0.08
single_methods
[RC-LP] method_type='return_cvar_constraint' sum=1.0000 active=15
self.is_all_methods=False, self.min_weight=0.0, self.max_weight=0.08
single_methods
[RC-LP] method_type='return_cvar_constraint' sum=1.0000 active=21
self.is_all_methods=False, self.min_weight=0.0, self.max_weight=0.08
single_methods
[RC-LP] method_type='return_cvar_constraint' sum=1.0000 active=21
self.is_all_methods=False, self.min_weight=0.0, self.max_weight=0.08
single_methods
[RC-LP] method_type='return_cvar_constraint' sum=1.0000 active=21
self.is_all_methods=False, self.min_weight=0.0, self.max_weight=0.08
single_methods
[RC-LP] method_type='return_cvar_constraint' sum=1.0000 active=21
self.is_all_methods=False, self.min_weight=0.0, self.max_weight=0.08
single_methods
[RC-LP] method_type='return_cvar_constraint' sum=1.0000 active=21
self.is_all_methods=False, self.min_weight=0.0, self.max_weight=0.08
single_methods
[RC-LP] method_type='return_cvar_constraint' sum=1.0000 active=21
self.is_all_methods=False, self.min_weight=0.0, self.max_weight=0.12
single_methods
[RC-LP] method_type='return_cvar_constraint' sum=1.0000 active=12
self.is_all_methods=False, self.min_weight=0.0, self.max_weight=0.12
single_methods
[RC-LP] method_type='return_cvar_constraint' sum=1.0000 active=12
self.is_all_methods=False, self.min_weight=0.0, self.max_weight=0.12
single_methods
[RC-LP] method_type='return_cvar_constraint' sum=1.0000 active=12
self.is_all_methods=False, self.min_weight=0.0, self.max_weight=0.12
single_methods
[RC-LP] method_type='return_cvar_constraint' sum=1.0000 active=12
self.is_all_methods=False, self.min_weight=0.0, self.max_weight=0.12
single_methods
[RC-LP] method_type='return_cvar_constraint' sum=1.0000 active=12
self.is_all_methods=False, self.min_weight=0.0, self.max_weight=0.12
single_methods
[RC-LP] method_type='return_cvar_constraint' sum=1.0000 active=12
self.is_all_methods=False, self.min_weight=0.0, self.max_weight=0.12
single_methods
[RC-LP] method_type='return_cvar_constraint' sum=1.0000 active=18
self.is_all_methods=False, self.min_weight=0.0, self.max_weight=0.12
single_methods
[RC-LP] method_type='return_cvar_constraint' sum=1.0000 active=18
self.is_all_methods=False, self.min_weight=0.0, self.max_weight=0.12
single_methods
[RC-LP] method_type='return_cvar_constraint' sum=1.0000 active=18
self.is_all_methods=False, self.min_weight=0.0, self.max_weight=0.12
single_methods
[RC-LP] method_type='return_cvar_constraint' sum=1.0000 active=18
self.is_all_methods=False, self.min_weight=0.0, self.max_weight=0.12
single_methods
[RC-LP] method_type='return_cvar_constraint' sum=1.0000 active=18
self.is_all_methods=False, self.min_weight=0.0, self.max_weight=0.12
single_methods
[RC-LP] method_type='return_cvar_constraint' sum=1.0000 active=18
self.is_all_methods=False, self.min_weight=0.0, self.max_weight=0.08
single_methods
method_type='mean_cvar_sharpe' np.sum(weights)=1.000000 active=58 weights.shape=(239,)
self.is_all_methods=False, self.min_weight=0.0, self.max_weight=0.08
single_methods
method_type='mean_cvar_sharpe' np.sum(weights)=1.000000 active=58 weights.shape=(239,)
self.is_all_methods=False, self.min_weight=0.0, self.max_weight=0.08
single_methods
method_type='mean_cvar_sharpe' np.sum(weights)=1.000000 active=58 weights.shape=(239,)
self.is_all_methods=False, self.min_weight=0.0, self.max_weight=0.08
single_methods
method_type='mean_cvar_sharpe' np.sum(weights)=1.000000 active=55 weights.shape=(239,)
self.is_all_methods=False, self.min_weight=0.0, self.max_weight=0.08
single_methods
method_type='mean_cvar_sharpe' np.sum(weights)=1.000000 active=55 weights.shape=(239,)
self.is_all_methods=False, self.min_weight=0.0, self.max_weight=0.08
single_methods
method_type='mean_cvar_sharpe' np.sum(weights)=1.000000 active=55 weights.shape=(239,)
self.is_all_methods=False, self.min_weight=0.0, self.max_weight=0.08
single_methods
method_type='mean_cvar_sharpe' np.sum(weights)=1.000000 active=59 weights.shape=(239,)
self.is_all_methods=False, self.min_weight=0.0, self.max_weight=0.08
single_methods
method_type='mean_cvar_sharpe' np.sum(weights)=1.000000 active=59 weights.shape=(239,)
self.is_all_methods=False, self.min_weight=0.0, self.max_weight=0.08
single_methods
method_type='mean_cvar_sharpe' np.sum(weights)=1.000000 active=59 weights.shape=(239,)
self.is_all_methods=False, self.min_weight=0.0, self.max_weight=0.08
single_methods
method_type='mean_cvar_sharpe' np.sum(weights)=1.000000 active=56 weights.shape=(239,)
self.is_all_methods=False, self.min_weight=0.0, self.max_weight=0.08
single_methods
method_type='mean_cvar_sharpe' np.sum(weights)=1.000000 active=56 weights.shape=(239,)
self.is_all_methods=False, self.min_weight=0.0, self.max_weight=0.08
single_methods
method_type='mean_cvar_sharpe' np.sum(weights)=1.000000 active=56 weights.shape=(239,)
self.is_all_methods=False, self.min_weight=0.0, self.max_weight=0.12
single_methods
method_type='mean_cvar_sharpe' np.sum(weights)=1.000000 active=199 weights.shape=(239,)
self.is_all_methods=False, self.min_weight=0.0, self.max_weight=0.12
single_methods
method_type='mean_cvar_sharpe' np.sum(weights)=1.000000 active=199 weights.shape=(239,)
self.is_all_methods=False, self.min_weight=0.0, self.max_weight=0.12
single_methods
method_type='mean_cvar_sharpe' np.sum(weights)=1.000000 active=199 weights.shape=(239,)
self.is_all_methods=False, self.min_weight=0.0, self.max_weight=0.12
single_methods
method_type='mean_cvar_sharpe' np.sum(weights)=1.000000 active=58 weights.shape=(239,)
self.is_all_methods=False, self.min_weight=0.0, self.max_weight=0.12
single_methods
method_type='mean_cvar_sharpe' np.sum(weights)=1.000000 active=58 weights.shape=(239,)
self.is_all_methods=False, self.min_weight=0.0, self.max_weight=0.12
single_methods
method_type='mean_cvar_sharpe' np.sum(weights)=1.000000 active=58 weights.shape=(239,)
self.is_all_methods=False, self.min_weight=0.0, self.max_weight=0.12
single_methods
method_type='mean_cvar_sharpe' np.sum(weights)=1.000000 active=200 weights.shape=(239,)
self.is_all_methods=False, self.min_weight=0.0, self.max_weight=0.12
single_methods
method_type='mean_cvar_sharpe' np.sum(weights)=1.000000 active=200 weights.shape=(239,)
self.is_all_methods=False, self.min_weight=0.0, self.max_weight=0.12
single_methods
method_type='mean_cvar_sharpe' np.sum(weights)=1.000000 active=200 weights.shape=(239,)
self.is_all_methods=False, self.min_weight=0.0, self.max_weight=0.12
single_methods
method_type='mean_cvar_sharpe' np.sum(weights)=1.000000 active=55 weights.shape=(239,)
self.is_all_methods=False, self.min_weight=0.0, self.max_weight=0.12
single_methods
method_type='mean_cvar_sharpe' np.sum(weights)=1.000000 active=55 weights.shape=(239,)
self.is_all_methods=False, self.min_weight=0.0, self.max_weight=0.12
single_methods
method_type='mean_cvar_sharpe' np.sum(weights)=1.000000 active=55 weights.shape=(239,)
1.0 2021-06-01 00:00:00 1691.1935807229236 -0.00245557633864982 5.4461240866307476e-05 -0.0024555763386496787
PROGRESS	2021-06-01	239	44	-0.0024555763386496787	1691.1935807229236
Portfolio optimization with 28 month weight rebalancing 2021-05-03 00:00:00: : 29it [07:08, 12.28s/it]Portfolio optimization with 29 month weight rebalancing 2021-06-01 00:00:00: : 29it [07:08, 12.28s/it]self.is_all_methods=False, self.min_weight=0.0, self.max_weight=0.08
single_methods
[RC-LP] method_type='return_cvar_constraint' sum=1.0000 active=18
self.is_all_methods=False, self.min_weight=0.0, self.max_weight=0.08
single_methods
[RC-LP] method_type='return_cvar_constraint' sum=1.0000 active=18
self.is_all_methods=False, self.min_weight=0.0, self.max_weight=0.08
single_methods
[RC-LP] method_type='return_cvar_constraint' sum=1.0000 active=19
self.is_all_methods=False, self.min_weight=0.0, self.max_weight=0.08
single_methods
[RC-LP] method_type='return_cvar_constraint' sum=1.0000 active=19
self.is_all_methods=False, self.min_weight=0.0, self.max_weight=0.08
single_methods
[RC-LP] method_type='return_cvar_constraint' sum=1.0000 active=19
self.is_all_methods=False, self.min_weight=0.0, self.max_weight=0.08
single_methods
[RC-LP] method_type='return_cvar_constraint' sum=1.0000 active=19
self.is_all_methods=False, self.min_weight=0.0, self.max_weight=0.08
single_methods
[RC-LP] method_type='return_cvar_constraint' sum=1.0000 active=47
self.is_all_methods=False, self.min_weight=0.0, self.max_weight=0.08
single_methods
[RC-LP] method_type='return_cvar_constraint' sum=1.0000 active=47
self.is_all_methods=False, self.min_weight=0.0, self.max_weight=0.08
single_methods
[RC-LP] method_type='return_cvar_constraint' sum=1.0000 active=40
self.is_all_methods=False, self.min_weight=0.0, self.max_weight=0.08
single_methods
[RC-LP] method_type='return_cvar_constraint' sum=1.0000 active=51
self.is_all_methods=False, self.min_weight=0.0, self.max_weight=0.08
single_methods
[RC-LP] method_type='return_cvar_constraint' sum=1.0000 active=49
self.is_all_methods=False, self.min_weight=0.0, self.max_weight=0.08
single_methods
[RC-LP] method_type='return_cvar_constraint' sum=1.0000 active=39
self.is_all_methods=False, self.min_weight=0.0, self.max_weight=0.12
single_methods
[RC-LP] method_type='return_cvar_constraint' sum=1.0000 active=14
self.is_all_methods=False, self.min_weight=0.0, self.max_weight=0.12
single_methods
[RC-LP] method_type='return_cvar_constraint' sum=1.0000 active=14
self.is_all_methods=False, self.min_weight=0.0, self.max_weight=0.12
single_methods
[RC-LP] method_type='return_cvar_constraint' sum=1.0000 active=14
self.is_all_methods=False, self.min_weight=0.0, self.max_weight=0.12
single_methods
[RC-LP] method_type='return_cvar_constraint' sum=1.0000 active=15
self.is_all_methods=False, self.min_weight=0.0, self.max_weight=0.12
single_methods
[RC-LP] method_type='return_cvar_constraint' sum=1.0000 active=13
self.is_all_methods=False, self.min_weight=0.0, self.max_weight=0.12
single_methods
[RC-LP] method_type='return_cvar_constraint' sum=1.0000 active=14
self.is_all_methods=False, self.min_weight=0.0, self.max_weight=0.12
single_methods
[RC-LP] method_type='return_cvar_constraint' sum=1.0000 active=41
self.is_all_methods=False, self.min_weight=0.0, self.max_weight=0.12
single_methods
[RC-LP] method_type='return_cvar_constraint' sum=1.0000 active=25
self.is_all_methods=False, self.min_weight=0.0, self.max_weight=0.12
single_methods
[RC-LP] method_type='return_cvar_constraint' sum=1.0000 active=26
self.is_all_methods=False, self.min_weight=0.0, self.max_weight=0.12
single_methods
[RC-LP] method_type='return_cvar_constraint' sum=1.0000 active=43
self.is_all_methods=False, self.min_weight=0.0, self.max_weight=0.12
single_methods
[RC-LP] method_type='return_cvar_constraint' sum=1.0000 active=32
self.is_all_methods=False, self.min_weight=0.0, self.max_weight=0.12
single_methods
[RC-LP] method_type='return_cvar_constraint' sum=1.0000 active=28
self.is_all_methods=False, self.min_weight=0.0, self.max_weight=0.08
single_methods
method_type='mean_cvar_sharpe' np.sum(weights)=1.000000 active=205 weights.shape=(242,)
self.is_all_methods=False, self.min_weight=0.0, self.max_weight=0.08
single_methods
method_type='mean_cvar_sharpe' np.sum(weights)=1.000000 active=205 weights.shape=(242,)
self.is_all_methods=False, self.min_weight=0.0, self.max_weight=0.08
single_methods
method_type='mean_cvar_sharpe' np.sum(weights)=1.000000 active=205 weights.shape=(242,)
self.is_all_methods=False, self.min_weight=0.0, self.max_weight=0.08
single_methods
method_type='mean_cvar_sharpe' np.sum(weights)=1.000000 active=205 weights.shape=(242,)
self.is_all_methods=False, self.min_weight=0.0, self.max_weight=0.08
single_methods
method_type='mean_cvar_sharpe' np.sum(weights)=1.000000 active=205 weights.shape=(242,)
self.is_all_methods=False, self.min_weight=0.0, self.max_weight=0.08
single_methods
method_type='mean_cvar_sharpe' np.sum(weights)=1.000000 active=205 weights.shape=(242,)
self.is_all_methods=False, self.min_weight=0.0, self.max_weight=0.08
single_methods
method_type='mean_cvar_sharpe' np.sum(weights)=1.000000 active=205 weights.shape=(242,)
self.is_all_methods=False, self.min_weight=0.0, self.max_weight=0.08
single_methods
method_type='mean_cvar_sharpe' np.sum(weights)=1.000000 active=205 weights.shape=(242,)
self.is_all_methods=False, self.min_weight=0.0, self.max_weight=0.08
single_methods
method_type='mean_cvar_sharpe' np.sum(weights)=1.000000 active=205 weights.shape=(242,)
self.is_all_methods=False, self.min_weight=0.0, self.max_weight=0.08
single_methods
method_type='mean_cvar_sharpe' np.sum(weights)=1.000000 active=205 weights.shape=(242,)
self.is_all_methods=False, self.min_weight=0.0, self.max_weight=0.08
single_methods
method_type='mean_cvar_sharpe' np.sum(weights)=1.000000 active=205 weights.shape=(242,)
self.is_all_methods=False, self.min_weight=0.0, self.max_weight=0.08
single_methods
method_type='mean_cvar_sharpe' np.sum(weights)=1.000000 active=205 weights.shape=(242,)
self.is_all_methods=False, self.min_weight=0.0, self.max_weight=0.12
single_methods
method_type='mean_cvar_sharpe' np.sum(weights)=1.000000 active=58 weights.shape=(242,)
self.is_all_methods=False, self.min_weight=0.0, self.max_weight=0.12
single_methods
method_type='mean_cvar_sharpe' np.sum(weights)=1.000000 active=58 weights.shape=(242,)
self.is_all_methods=False, self.min_weight=0.0, self.max_weight=0.12
single_methods
method_type='mean_cvar_sharpe' np.sum(weights)=1.000000 active=58 weights.shape=(242,)
self.is_all_methods=False, self.min_weight=0.0, self.max_weight=0.12
single_methods
method_type='mean_cvar_sharpe' np.sum(weights)=1.000000 active=242 weights.shape=(242,)
self.is_all_methods=False, self.min_weight=0.0, self.max_weight=0.12
single_methods
method_type='mean_cvar_sharpe' np.sum(weights)=1.000000 active=242 weights.shape=(242,)
self.is_all_methods=False, self.min_weight=0.0, self.max_weight=0.12
single_methods
method_type='mean_cvar_sharpe' np.sum(weights)=1.000000 active=242 weights.shape=(242,)
self.is_all_methods=False, self.min_weight=0.0, self.max_weight=0.12
single_methods
method_type='mean_cvar_sharpe' np.sum(weights)=1.000000 active=203 weights.shape=(242,)
self.is_all_methods=False, self.min_weight=0.0, self.max_weight=0.12
single_methods
method_type='mean_cvar_sharpe' np.sum(weights)=1.000000 active=203 weights.shape=(242,)
self.is_all_methods=False, self.min_weight=0.0, self.max_weight=0.12
single_methods
method_type='mean_cvar_sharpe' np.sum(weights)=1.000000 active=203 weights.shape=(242,)
self.is_all_methods=False, self.min_weight=0.0, self.max_weight=0.12
single_methods
method_type='mean_cvar_sharpe' np.sum(weights)=1.000000 active=54 weights.shape=(242,)
self.is_all_methods=False, self.min_weight=0.0, self.max_weight=0.12
single_methods
method_type='mean_cvar_sharpe' np.sum(weights)=1.000000 active=54 weights.shape=(242,)
self.is_all_methods=False, self.min_weight=0.0, self.max_weight=0.12
single_methods
method_type='mean_cvar_sharpe' np.sum(weights)=1.000000 active=54 weights.shape=(242,)
self.is_all_methods=False, self.min_weight=0.0, self.max_weight=0.12
single_methods
[RC-LP] method_type='return_cvar_constraint' sum=1.0000 active=9
0.25 2021-07-01 00:00:00 1786.109981647088 0.056123912724166766 0.0003913356729126769 0.056123912724166836
PROGRESS	2021-07-01	242	9	0.056123912724166836	1786.109981647088
Portfolio optimization with 29 month weight rebalancing 2021-06-01 00:00:00: : 30it [07:24, 13.40s/it]Portfolio optimization with 30 month weight rebalancing 2021-07-01 00:00:00: : 30it [07:24, 13.40s/it]self.is_all_methods=False, self.min_weight=0.0, self.max_weight=0.08
single_methods
[RC-LP] method_type='return_cvar_constraint' sum=1.0000 active=16
self.is_all_methods=False, self.min_weight=0.0, self.max_weight=0.08
single_methods
[RC-LP] method_type='return_cvar_constraint' sum=1.0000 active=15
self.is_all_methods=False, self.min_weight=0.0, self.max_weight=0.08
single_methods
[RC-LP] method_type='return_cvar_constraint' sum=1.0000 active=15
self.is_all_methods=False, self.min_weight=0.0, self.max_weight=0.08
single_methods
[RC-LP] method_type='return_cvar_constraint' sum=1.0000 active=14
self.is_all_methods=False, self.min_weight=0.0, self.max_weight=0.08
single_methods
[RC-LP] method_type='return_cvar_constraint' sum=1.0000 active=15
self.is_all_methods=False, self.min_weight=0.0, self.max_weight=0.08
single_methods
[RC-LP] method_type='return_cvar_constraint' sum=1.0000 active=15
self.is_all_methods=False, self.min_weight=0.0, self.max_weight=0.08
single_methods
[RC-LP] method_type='return_cvar_constraint' sum=1.0000 active=44
self.is_all_methods=False, self.min_weight=0.0, self.max_weight=0.08
single_methods
[RC-LP] method_type='return_cvar_constraint' sum=1.0000 active=29
self.is_all_methods=False, self.min_weight=0.0, self.max_weight=0.08
single_methods
[RC-LP] method_type='return_cvar_constraint' sum=1.0000 active=24
self.is_all_methods=False, self.min_weight=0.0, self.max_weight=0.08
single_methods
[RC-LP] method_type='return_cvar_constraint' sum=1.0000 active=49
self.is_all_methods=False, self.min_weight=0.0, self.max_weight=0.08
single_methods
[RC-LP] method_type='return_cvar_constraint' sum=1.0000 active=28
self.is_all_methods=False, self.min_weight=0.0, self.max_weight=0.08
single_methods
[RC-LP] method_type='return_cvar_constraint' sum=1.0000 active=23
self.is_all_methods=False, self.min_weight=0.0, self.max_weight=0.12
single_methods
[RC-LP] method_type='return_cvar_constraint' sum=1.0000 active=11
self.is_all_methods=False, self.min_weight=0.0, self.max_weight=0.12
single_methods
[RC-LP] method_type='return_cvar_constraint' sum=1.0000 active=11
self.is_all_methods=False, self.min_weight=0.0, self.max_weight=0.12
single_methods
[RC-LP] method_type='return_cvar_constraint' sum=1.0000 active=11
self.is_all_methods=False, self.min_weight=0.0, self.max_weight=0.12
single_methods
[RC-LP] method_type='return_cvar_constraint' sum=1.0000 active=11
self.is_all_methods=False, self.min_weight=0.0, self.max_weight=0.12
single_methods
[RC-LP] method_type='return_cvar_constraint' sum=1.0000 active=11
self.is_all_methods=False, self.min_weight=0.0, self.max_weight=0.12
single_methods
[RC-LP] method_type='return_cvar_constraint' sum=1.0000 active=11
self.is_all_methods=False, self.min_weight=0.0, self.max_weight=0.12
single_methods
[RC-LP] method_type='return_cvar_constraint' sum=1.0000 active=16
self.is_all_methods=False, self.min_weight=0.0, self.max_weight=0.12
single_methods
[RC-LP] method_type='return_cvar_constraint' sum=1.0000 active=15
self.is_all_methods=False, self.min_weight=0.0, self.max_weight=0.12
single_methods
[RC-LP] method_type='return_cvar_constraint' sum=1.0000 active=15
self.is_all_methods=False, self.min_weight=0.0, self.max_weight=0.12
single_methods
[RC-LP] method_type='return_cvar_constraint' sum=1.0000 active=17
self.is_all_methods=False, self.min_weight=0.0, self.max_weight=0.12
single_methods
[RC-LP] method_type='return_cvar_constraint' sum=1.0000 active=15
self.is_all_methods=False, self.min_weight=0.0, self.max_weight=0.12
single_methods
[RC-LP] method_type='return_cvar_constraint' sum=1.0000 active=15
self.is_all_methods=False, self.min_weight=0.0, self.max_weight=0.08
single_methods
method_type='mean_cvar_sharpe' np.sum(weights)=1.000000 active=242 weights.shape=(242,)
self.is_all_methods=False, self.min_weight=0.0, self.max_weight=0.08
single_methods
method_type='mean_cvar_sharpe' np.sum(weights)=1.000000 active=242 weights.shape=(242,)
self.is_all_methods=False, self.min_weight=0.0, self.max_weight=0.08
single_methods
method_type='mean_cvar_sharpe' np.sum(weights)=1.000000 active=242 weights.shape=(242,)
self.is_all_methods=False, self.min_weight=0.0, self.max_weight=0.08
single_methods
method_type='mean_cvar_sharpe' np.sum(weights)=1.000000 active=242 weights.shape=(242,)
self.is_all_methods=False, self.min_weight=0.0, self.max_weight=0.08
single_methods
method_type='mean_cvar_sharpe' np.sum(weights)=1.000000 active=242 weights.shape=(242,)
self.is_all_methods=False, self.min_weight=0.0, self.max_weight=0.08
single_methods
method_type='mean_cvar_sharpe' np.sum(weights)=1.000000 active=242 weights.shape=(242,)
self.is_all_methods=False, self.min_weight=0.0, self.max_weight=0.08
single_methods
method_type='mean_cvar_sharpe' np.sum(weights)=1.000000 active=242 weights.shape=(242,)
self.is_all_methods=False, self.min_weight=0.0, self.max_weight=0.08
single_methods
method_type='mean_cvar_sharpe' np.sum(weights)=1.000000 active=242 weights.shape=(242,)
self.is_all_methods=False, self.min_weight=0.0, self.max_weight=0.08
single_methods
method_type='mean_cvar_sharpe' np.sum(weights)=1.000000 active=242 weights.shape=(242,)
self.is_all_methods=False, self.min_weight=0.0, self.max_weight=0.08
single_methods
method_type='mean_cvar_sharpe' np.sum(weights)=1.000000 active=32 weights.shape=(242,)
self.is_all_methods=False, self.min_weight=0.0, self.max_weight=0.08
single_methods
method_type='mean_cvar_sharpe' np.sum(weights)=1.000000 active=32 weights.shape=(242,)
self.is_all_methods=False, self.min_weight=0.0, self.max_weight=0.08
single_methods
method_type='mean_cvar_sharpe' np.sum(weights)=1.000000 active=32 weights.shape=(242,)
self.is_all_methods=False, self.min_weight=0.0, self.max_weight=0.12
single_methods
method_type='mean_cvar_sharpe' np.sum(weights)=1.000000 active=242 weights.shape=(242,)
self.is_all_methods=False, self.min_weight=0.0, self.max_weight=0.12
single_methods
method_type='mean_cvar_sharpe' np.sum(weights)=1.000000 active=242 weights.shape=(242,)
self.is_all_methods=False, self.min_weight=0.0, self.max_weight=0.12
single_methods
method_type='mean_cvar_sharpe' np.sum(weights)=1.000000 active=242 weights.shape=(242,)
self.is_all_methods=False, self.min_weight=0.0, self.max_weight=0.12
single_methods
method_type='mean_cvar_sharpe' np.sum(weights)=1.000000 active=242 weights.shape=(242,)
self.is_all_methods=False, self.min_weight=0.0, self.max_weight=0.12
single_methods
method_type='mean_cvar_sharpe' np.sum(weights)=1.000000 active=242 weights.shape=(242,)
self.is_all_methods=False, self.min_weight=0.0, self.max_weight=0.12
single_methods
method_type='mean_cvar_sharpe' np.sum(weights)=1.000000 active=242 weights.shape=(242,)
self.is_all_methods=False, self.min_weight=0.0, self.max_weight=0.12
single_methods
method_type='mean_cvar_sharpe' np.sum(weights)=1.000000 active=242 weights.shape=(242,)
self.is_all_methods=False, self.min_weight=0.0, self.max_weight=0.12
single_methods
method_type='mean_cvar_sharpe' np.sum(weights)=1.000000 active=242 weights.shape=(242,)
self.is_all_methods=False, self.min_weight=0.0, self.max_weight=0.12
single_methods
method_type='mean_cvar_sharpe' np.sum(weights)=1.000000 active=242 weights.shape=(242,)
self.is_all_methods=False, self.min_weight=0.0, self.max_weight=0.12
single_methods
method_type='mean_cvar_sharpe' np.sum(weights)=1.000000 active=242 weights.shape=(242,)
self.is_all_methods=False, self.min_weight=0.0, self.max_weight=0.12
single_methods
method_type='mean_cvar_sharpe' np.sum(weights)=1.000000 active=242 weights.shape=(242,)
self.is_all_methods=False, self.min_weight=0.0, self.max_weight=0.12
single_methods
method_type='mean_cvar_sharpe' np.sum(weights)=1.000000 active=242 weights.shape=(242,)
1.0 2021-08-02 00:00:00 1805.193209345224 0.010684239993182307 0.000211370912739419 0.010684239993182354
PROGRESS	2021-08-02	242	49	0.010684239993182354	1805.193209345224
Portfolio optimization with 30 month weight rebalancing 2021-07-01 00:00:00: : 31it [07:48, 16.73s/it]Portfolio optimization with 31 month weight rebalancing 2021-08-02 00:00:00: : 31it [07:48, 16.73s/it]2026-07-30 14:14:59.076 | WARNING  | __main__:model_computation:474 - Nested engine fallback on 2021-08-02: "['EMB', 'IBB', 'IEF', 'TLT'] not in index"
self.is_all_methods=False, self.min_weight=0.0, self.max_weight=0.08
single_methods
[RC-LP] method_type='return_cvar_constraint' sum=1.0000 active=16
IN-SAMPLE alpha grid-search best alphas[index]=np.float64(0.1),results[index]=array([1.98634518e+03, 1.00350463e-01, 1.10728727e-04, 1.00350463e-01])
best_index=np.int64(0) np.sum(w_target)=np.float64(1.0) case[index%2]='max_alpha'
0.5007592572682299 2021-09-01 00:00:00 1841.569357281719 0.020150833577359487 0.0005544843489322259 0.020150833577359473
PROGRESS	2021-09-01	244	16	0.020150833577359473	1841.569357281719
Portfolio optimization with 31 month weight rebalancing 2021-08-02 00:00:00: : 32it [07:48, 11.81s/it]Portfolio optimization with 32 month weight rebalancing 2021-09-01 00:00:00: : 32it [07:48, 11.81s/it]2026-07-30 14:14:59.407 | WARNING  | __main__:model_computation:474 - Nested engine fallback on 2021-09-01: "['BND', 'EMB', 'IBB', 'IEF', 'MCHI', 'TLT'] not in index"
self.is_all_methods=False, self.min_weight=0.0, self.max_weight=0.08
single_methods
[RC-LP] method_type='return_cvar_constraint' sum=1.0000 active=17
IN-SAMPLE alpha grid-search best alphas[index]=np.float64(0.1),results[index]=array([1.97620908e+03, 7.31114074e-02, 7.53547609e-05, 7.31114074e-02])
best_index=np.int64(0) np.sum(w_target)=np.float64(1.0) case[index%2]='max_alpha'
0.5202109255730829 2021-10-01 00:00:00 1762.8674682123703 -0.04273631550077373 0.00039200369902315477 -0.042736315500773725
PROGRESS	2021-10-01	246	15	-0.042736315500773725	1762.8674682123703
Portfolio optimization with 32 month weight rebalancing 2021-09-01 00:00:00: : 33it [07:49,  8.37s/it]Portfolio optimization with 33 month weight rebalancing 2021-10-01 00:00:00: : 33it [07:49,  8.37s/it]2026-07-30 14:14:59.803 | WARNING  | __main__:model_computation:474 - Nested engine fallback on 2021-10-01: "['BND', 'EMB', 'IBB', 'IEF', 'MBB', 'MCHI', 'SHY', 'TLT'] not in index"
self.is_all_methods=False, self.min_weight=0.0, self.max_weight=0.08
single_methods
[RC-LP] method_type='return_cvar_constraint' sum=1.0000 active=14
IN-SAMPLE alpha grid-search best alphas[index]=np.float64(1.0),results[index]=array([1.80467519e+03, 2.37157507e-02, 6.26199190e-04, 2.37157507e-02])
best_index=np.int64(0) np.sum(w_target)=np.float64(1.0000000000000002) case[index%2]='max_alpha'
0.5186580027340304 2021-11-01 00:00:00 1934.6908806276465 0.0974681395587344 0.00032478322142132646 0.09746813955873446
PROGRESS	2021-11-01	247	14	0.09746813955873446	1934.6908806276465
Portfolio optimization with 33 month weight rebalancing 2021-10-01 00:00:00: : 34it [07:49,  5.98s/it]Portfolio optimization with 34 month weight rebalancing 2021-11-01 00:00:00: : 34it [07:49,  5.98s/it]2026-07-30 14:15:00.160 | WARNING  | __main__:model_computation:474 - Nested engine fallback on 2021-11-01: "['BND', 'EMB', 'IBB', 'IEF', 'IEI', 'MBB', 'MCHI', 'SHY', 'TLT', 'VXUS'] not in index"
self.is_all_methods=False, self.min_weight=0.0, self.max_weight=0.08
single_methods
[RC-LP] method_type='return_cvar_constraint' sum=1.0000 active=16
IN-SAMPLE alpha grid-search best alphas[index]=np.float64(1.0),results[index]=array([2.18840677e+03, 1.31140271e-01, 9.24432747e-04, 1.31140271e-01])
best_index=np.int64(0) np.sum(w_target)=np.float64(1.0) case[index%2]='max_alpha'
0.5084756722437108 2021-12-01 00:00:00 1899.8245897454283 -0.01802163396299617 0.00047005156238756076 -0.018021633962996164
PROGRESS	2021-12-01	248	15	-0.018021633962996164	1899.8245897454283
Portfolio optimization with 34 month weight rebalancing 2021-11-01 00:00:00: : 35it [07:49,  4.29s/it]Portfolio optimization with 35 month weight rebalancing 2021-12-01 00:00:00: : 35it [07:49,  4.29s/it]2026-07-30 14:15:00.497 | WARNING  | __main__:model_computation:474 - Nested engine fallback on 2021-12-01: "['BND', 'DVY', 'EMB', 'IBB', 'IEF', 'IEI', 'MBB', 'MCHI', 'SCZ', 'SHY', 'TLT', 'VTWO', 'VXUS'] not in index"
self.is_all_methods=False, self.min_weight=0.0, self.max_weight=0.08
single_methods
[RC-LP] method_type='return_cvar_constraint' sum=1.0000 active=17
IN-SAMPLE alpha grid-search best alphas[index]=np.float64(1.0),results[index]=array([2.06874635e+03, 8.89143969e-02, 2.98167489e-04, 8.89143969e-02])
best_index=np.int64(0) np.sum(w_target)=np.float64(1.0) case[index%2]='max_alpha'
0.527894357572793 2022-01-03 00:00:00 1920.0155398744776 0.010627797028227135 0.00015740093515348604 0.010627797028227137
PROGRESS	2022-01-03	252	17	0.010627797028227137	1920.0155398744776
Portfolio optimization with 35 month weight rebalancing 2021-12-01 00:00:00: : 36it [07:50,  3.10s/it]Portfolio optimization with 36 month weight rebalancing 2022-01-03 00:00:00: : 36it [07:50,  3.10s/it]2026-07-30 14:15:00.833 | WARNING  | __main__:model_computation:474 - Nested engine fallback on 2022-01-03: "['BND', 'DVY', 'EMB', 'IBB', 'IEF', 'IEI', 'MBB', 'MCHI', 'SCZ', 'SHY', 'TLT', 'VTWO', 'VXUS'] not in index"
self.is_all_methods=False, self.min_weight=0.0, self.max_weight=0.08
single_methods
[RC-LP] method_type='return_cvar_constraint' sum=1.0000 active=15
IN-SAMPLE alpha grid-search best alphas[index]=np.float64(1.0),results[index]=array([2.07889711e+03, 8.27501465e-02, 4.46868881e-04, 8.27501465e-02])
best_index=np.int64(0) np.sum(w_target)=np.float64(1.0000000000000002) case[index%2]='max_alpha'
0.5233505515402523 2022-02-01 00:00:00 1894.2931307087454 -0.01339697967622378 0.00023386907555045757 -0.013396979676223775
PROGRESS	2022-02-01	250	15	-0.013396979676223775	1894.2931307087454
Portfolio optimization with 36 month weight rebalancing 2022-01-03 00:00:00: : 37it [07:50,  2.27s/it]Portfolio optimization with 37 month weight rebalancing 2022-02-01 00:00:00: : 37it [07:50,  2.27s/it]2026-07-30 14:15:01.218 | WARNING  | __main__:model_computation:474 - Nested engine fallback on 2022-02-01: "['BND', 'DVY', 'EMB', 'IBB', 'IEF', 'IEI', 'MBB', 'MCHI', 'SCZ', 'SHY', 'TLT', 'VTWO', 'VXUS'] not in index"
self.is_all_methods=False, self.min_weight=0.0, self.max_weight=0.08
single_methods
[RC-LP] method_type='return_cvar_constraint' sum=1.0000 active=28
IN-SAMPLE alpha grid-search best alphas[index]=np.float64(1.0),results[index]=array([1.90698569e+03, 6.70041921e-03, 6.03672419e-04, 6.70041921e-03])
best_index=np.int64(0) np.sum(w_target)=np.float64(1.0) case[index%2]='max_alpha'
0.5212108018649947 2022-03-01 00:00:00 1931.413214474201 0.019595744271936968 0.00031464058568645087 0.019595744271937
PROGRESS	2022-03-01	245	21	0.019595744271937	1931.413214474201
Portfolio optimization with 37 month weight rebalancing 2022-02-01 00:00:00: : 38it [07:50,  1.71s/it]Portfolio optimization with 38 month weight rebalancing 2022-03-01 00:00:00: : 38it [07:50,  1.71s/it]2026-07-30 14:15:01.551 | WARNING  | __main__:model_computation:474 - Nested engine fallback on 2022-03-01: "['BND', 'DVY', 'EMB', 'IBB', 'IEF', 'IEI', 'MBB', 'MCHI', 'SCZ', 'SHY', 'TLT', 'VTWO', 'VXUS'] not in index"
self.is_all_methods=False, self.min_weight=0.0, self.max_weight=0.08
single_methods
[RC-LP] method_type='return_cvar_constraint' sum=1.0000 active=32
IN-SAMPLE alpha grid-search best alphas[index]=np.float64(1.0),results[index]=array([2.06036749e+03, 6.67667983e-02, 6.78058132e-04, 6.67667983e-02])
best_index=np.int64(0) np.sum(w_target)=np.float64(1.0) case[index%2]='max_alpha'
0.5055845594459113 2022-04-01 00:00:00 2014.0602280366609 0.04279095376540604 0.0003428157221816986 0.04279095376540609
PROGRESS	2022-04-01	247	20	0.04279095376540609	2014.0602280366609
Portfolio optimization with 38 month weight rebalancing 2022-03-01 00:00:00: : 39it [07:51,  1.30s/it]Portfolio optimization with 39 month weight rebalancing 2022-04-01 00:00:00: : 39it [07:51,  1.30s/it]2026-07-30 14:15:01.893 | WARNING  | __main__:model_computation:474 - Nested engine fallback on 2022-04-01: "['BND', 'DVY', 'EMB', 'IBB', 'IEF', 'IEI', 'MBB', 'MCHI', 'SCZ', 'SHY', 'TLT', 'VTWO', 'VXUS'] not in index"
self.is_all_methods=False, self.min_weight=0.0, self.max_weight=0.08
single_methods
[RC-LP] method_type='return_cvar_constraint' sum=1.0000 active=18
IN-SAMPLE alpha grid-search best alphas[index]=np.float64(1.0),results[index]=array([2.28826161e+03, 1.36143586e-01, 6.39029744e-04, 1.36143586e-01])
best_index=np.int64(0) np.sum(w_target)=np.float64(1.0) case[index%2]='max_alpha'
0.5144662794194851 2022-05-02 00:00:00 1890.8034937208856 -0.061198137275134054 0.0003287592549348518 -0.06119813727513401
PROGRESS	2022-05-02	248	18	-0.06119813727513401	1890.8034937208856
Portfolio optimization with 39 month weight rebalancing 2022-04-01 00:00:00: : 40it [07:51,  1.01s/it]Portfolio optimization with 40 month weight rebalancing 2022-05-02 00:00:00: : 40it [07:51,  1.01s/it]2026-07-30 14:15:02.232 | WARNING  | __main__:model_computation:474 - Nested engine fallback on 2022-05-02: "['BND', 'DVY', 'EMB', 'IBB', 'IEF', 'IEI', 'MBB', 'MCHI', 'SCZ', 'SHY', 'TLT', 'VTWO', 'VXUS'] not in index"
self.is_all_methods=False, self.min_weight=0.0, self.max_weight=0.08
single_methods
[RC-LP] method_type='return_cvar_constraint' sum=1.0000 active=16
IN-SAMPLE alpha grid-search best alphas[index]=np.float64(1.0),results[index]=array([2.03770025e+03, 7.76901247e-02, 3.92585094e-04, 7.76901247e-02])
best_index=np.int64(0) np.sum(w_target)=np.float64(1.0) case[index%2]='max_alpha'
0.530086389732329 2022-06-01 00:00:00 2033.543875326264 0.07549191763152581 0.00020810401512431413 0.07549191763152585
PROGRESS	2022-06-01	248	16	0.07549191763152585	2033.543875326264
Portfolio optimization with 40 month weight rebalancing 2022-05-02 00:00:00: : 41it [07:52,  1.24it/s]Portfolio optimization with 41 month weight rebalancing 2022-06-01 00:00:00: : 41it [07:52,  1.24it/s]2026-07-30 14:15:02.624 | WARNING  | __main__:model_computation:474 - Nested engine fallback on 2022-06-01: "['BND', 'DVY', 'EMB', 'IBB', 'IEF', 'IEI', 'MBB', 'MCHI', 'SCZ', 'SHY', 'TLT', 'VTWO', 'VXUS'] not in index"
self.is_all_methods=False, self.min_weight=0.0, self.max_weight=0.08
single_methods
[RC-LP] method_type='return_cvar_constraint' sum=1.0000 active=16
IN-SAMPLE alpha grid-search best alphas[index]=np.float64(1.0),results[index]=array([2.18360861e+03, 7.37946896e-02, 3.29099815e-04, 7.37946896e-02])
best_index=np.int64(0) np.sum(w_target)=np.float64(1.0) case[index%2]='max_alpha'
0.5215492237992692 2022-07-01 00:00:00 1764.3475888512876 -0.13237790919646933 0.0001716417528887909 -0.1323779091964693
PROGRESS	2022-07-01	249	15	-0.1323779091964693	1764.3475888512876
Portfolio optimization with 41 month weight rebalancing 2022-06-01 00:00:00: : 42it [07:52,  1.46it/s]Portfolio optimization with 42 month weight rebalancing 2022-07-01 00:00:00: : 42it [07:52,  1.46it/s]2026-07-30 14:15:02.954 | WARNING  | __main__:model_computation:474 - Nested engine fallback on 2022-07-01: "['BND', 'DVY', 'EMB', 'IBB', 'IEF', 'IEI', 'MBB', 'MCHI', 'SCZ', 'SHY', 'TLT', 'VTWO', 'VXUS'] not in index"
self.is_all_methods=False, self.min_weight=0.0, self.max_weight=0.08
single_methods
[RC-LP] method_type='return_cvar_constraint' sum=1.0000 active=14
IN-SAMPLE alpha grid-search best alphas[index]=np.float64(1.0),results[index]=array([ 1.60787092e+03, -8.86881164e-02,  4.11963590e-04, -8.86881164e-02])
best_index=np.int64(0) np.sum(w_target)=np.float64(1.0) case[index%2]='max_alpha'
0.519062210614106 2022-08-01 00:00:00 1900.9324905677622 0.07741382853329991 0.00021383473183656787 0.07741382853329992
PROGRESS	2022-08-01	250	13	0.07741382853329992	1900.9324905677622
Portfolio optimization with 42 month weight rebalancing 2022-07-01 00:00:00: : 43it [07:52,  1.73it/s]Portfolio optimization with 43 month weight rebalancing 2022-08-01 00:00:00: : 43it [07:52,  1.73it/s]2026-07-30 14:15:03.296 | WARNING  | __main__:model_computation:474 - Nested engine fallback on 2022-08-01: "['BND', 'DVY', 'EMB', 'IBB', 'IEF', 'IEI', 'MBB', 'MCHI', 'SCZ', 'SHY', 'TLT', 'VTWO', 'VXUS'] not in index"
self.is_all_methods=False, self.min_weight=0.0, self.max_weight=0.08
single_methods
[RC-LP] method_type='return_cvar_constraint' sum=1.0000 active=14
IN-SAMPLE alpha grid-search best alphas[index]=np.float64(1.0),results[index]=array([ 1.89052267e+03, -5.47616425e-03,  1.98129110e-04, -5.47616425e-03])
best_index=np.int64(0) np.sum(w_target)=np.float64(1.0) case[index%2]='max_alpha'
0.486080265320244 2022-09-01 00:00:00 1918.3762265752187 0.009176410048231817 9.630665029265814e-05 0.009176410048231887
PROGRESS	2022-09-01	253	14	0.009176410048231887	1918.3762265752187
Portfolio optimization with 43 month weight rebalancing 2022-08-01 00:00:00: : 44it [07:53,  1.97it/s]Portfolio optimization with 44 month weight rebalancing 2022-09-01 00:00:00: : 44it [07:53,  1.97it/s]2026-07-30 14:15:03.645 | WARNING  | __main__:model_computation:474 - Nested engine fallback on 2022-09-01: "['BND', 'DVY', 'EMB', 'IBB', 'IEF', 'IEI', 'MBB', 'MCHI', 'SCZ', 'SHY', 'TLT', 'VTWO', 'VXUS'] not in index"
self.is_all_methods=False, self.min_weight=0.0, self.max_weight=0.08
single_methods
[RC-LP] method_type='return_cvar_constraint' sum=1.0000 active=14
IN-SAMPLE alpha grid-search best alphas[index]=np.float64(1.0),results[index]=array([ 1.77565754e+03, -7.43955662e-02,  2.52272372e-04, -7.43955662e-02])
best_index=np.int64(0) np.sum(w_target)=np.float64(1.0) case[index%2]='max_alpha'
0.49612017853372076 2022-10-03 00:00:00 1747.2835741502554 -0.08918618259276828 0.0001251574141927775 -0.08918618259276823
PROGRESS	2022-10-03	253	13	-0.08918618259276823	1747.2835741502554
Portfolio optimization with 44 month weight rebalancing 2022-09-01 00:00:00: : 45it [07:53,  2.18it/s]Portfolio optimization with 45 month weight rebalancing 2022-10-03 00:00:00: : 45it [07:53,  2.18it/s]2026-07-30 14:15:04.067 | WARNING  | __main__:model_computation:474 - Nested engine fallback on 2022-10-03: "['BND', 'DVY', 'EMB', 'IBB', 'IEF', 'IEI', 'MBB', 'MCHI', 'SCZ', 'SHY', 'TLT', 'VONE', 'VTWO', 'VXUS'] not in index"
self.is_all_methods=False, self.min_weight=0.0, self.max_weight=0.08
single_methods
[RC-LP] method_type='return_cvar_constraint' sum=1.0000 active=15
IN-SAMPLE alpha grid-search best alphas[index]=np.float64(1.0),results[index]=array([1.75311743e+03, 3.33881238e-03, 2.29327742e-04, 3.33881238e-03])
best_index=np.int64(0) np.sum(w_target)=np.float64(1.0000000000000002) case[index%2]='max_alpha'
0.48435002058649773 2022-11-01 00:00:00 2006.8729858758973 0.14856741948821128 0.00011107489636408796 0.14856741948821117
PROGRESS	2022-11-01	251	13	0.14856741948821117	2006.8729858758973
Portfolio optimization with 45 month weight rebalancing 2022-10-03 00:00:00: : 46it [07:53,  2.23it/s]Portfolio optimization with 46 month weight rebalancing 2022-11-01 00:00:00: : 46it [07:53,  2.23it/s]2026-07-30 14:15:04.419 | WARNING  | __main__:model_computation:474 - Nested engine fallback on 2022-11-01: "['BND', 'DVY', 'EMB', 'IBB', 'IEF', 'IEI', 'MBB', 'MCHI', 'SCZ', 'SHY', 'TLT', 'VONE', 'VTWO', 'VXUS'] not in index"
self.is_all_methods=False, self.min_weight=0.0, self.max_weight=0.08
single_methods
[RC-LP] method_type='return_cvar_constraint' sum=1.0000 active=14
IN-SAMPLE alpha grid-search best alphas[index]=np.float64(0.1),results[index]=array([2.21728130e+03, 1.04843861e-01, 1.80276628e-05, 1.04843861e-01])
best_index=np.int64(0) np.sum(w_target)=np.float64(1.0) case[index%2]='max_alpha'
0.4975367637812451 2022-12-01 00:00:00 2090.4001806517613 0.04162056859787205 8.96942500477439e-05 0.04162056859787211
PROGRESS	2022-12-01	251	14	0.04162056859787211	2090.4001806517613
Portfolio optimization with 46 month weight rebalancing 2022-11-01 00:00:00: : 47it [07:54,  2.39it/s]Portfolio optimization with 47 month weight rebalancing 2022-12-01 00:00:00: : 47it [07:54,  2.39it/s]2026-07-30 14:15:04.755 | WARNING  | __main__:model_computation:474 - Nested engine fallback on 2022-12-01: "['BND', 'DVY', 'EMB', 'IBB', 'IEF', 'IEI', 'MBB', 'MCHI', 'SCZ', 'SHY', 'TLT', 'VONE', 'VONG', 'VTWO', 'VXUS'] not in index"
self.is_all_methods=False, self.min_weight=0.0, self.max_weight=0.08
single_methods
[RC-LP] method_type='return_cvar_constraint' sum=1.0000 active=14
IN-SAMPLE alpha grid-search best alphas[index]=np.float64(1.0),results[index]=array([2.34436990e+03, 1.21493349e-01, 2.84128328e-04, 1.21493349e-01])
best_index=np.int64(0) np.sum(w_target)=np.float64(1.0) case[index%2]='max_alpha'
0.5204646819158623 2023-01-03 00:00:00 2014.0621134798469 -0.03651839866762405 0.00014787876008590244 -0.036518398667624075
PROGRESS	2023-01-03	252	14	-0.036518398667624075	2014.0621134798469
Portfolio optimization with 47 month weight rebalancing 2022-12-01 00:00:00: : 48it [07:54,  2.54it/s]Portfolio optimization with 48 month weight rebalancing 2023-01-03 00:00:00: : 48it [07:54,  2.54it/s]2026-07-30 14:15:05.095 | WARNING  | __main__:model_computation:474 - Nested engine fallback on 2023-01-03: "['BND', 'DVY', 'EMB', 'IBB', 'IEF', 'IEI', 'MBB', 'MCHI', 'SCZ', 'SHY', 'TLT', 'VONE', 'VONG', 'VTWO', 'VXUS'] not in index"
self.is_all_methods=False, self.min_weight=0.0, self.max_weight=0.08
single_methods
[RC-LP] method_type='return_cvar_constraint' sum=1.0000 active=15
IN-SAMPLE alpha grid-search best alphas[index]=np.float64(0.1),results[index]=array([2.21391759e+03, 9.92300451e-02, 2.42432071e-05, 9.92300451e-02])
best_index=np.int64(0) np.sum(w_target)=np.float64(1.0000000000000002) case[index%2]='max_alpha'
0.5283634113403487 2023-02-01 00:00:00 2121.9083718734223 0.053546639734581694 0.0001280922361663163 0.053546639734581625
PROGRESS	2023-02-01	252	15	0.053546639734581625	2121.9083718734223
Portfolio optimization with 48 month weight rebalancing 2023-01-03 00:00:00: : 49it [07:54,  2.64it/s]Portfolio optimization with 49 month weight rebalancing 2023-02-01 00:00:00: : 49it [07:54,  2.64it/s]2026-07-30 14:15:05.495 | WARNING  | __main__:model_computation:474 - Nested engine fallback on 2023-02-01: "['BND', 'DVY', 'EMB', 'IBB', 'IEF', 'IEI', 'MBB', 'MCHI', 'SCZ', 'SHY', 'TLT', 'VONE', 'VONG', 'VTWO', 'VXUS'] not in index"
self.is_all_methods=False, self.min_weight=0.0, self.max_weight=0.08
single_methods
[RC-LP] method_type='return_cvar_constraint' sum=1.0000 active=15
IN-SAMPLE alpha grid-search best alphas[index]=np.float64(1.0),results[index]=array([2.23634235e+03, 5.39297470e-02, 2.34884138e-04, 5.39297470e-02])
best_index=np.int64(0) np.sum(w_target)=np.float64(1.0) case[index%2]='max_alpha'
0.5255026378799238 2023-03-01 00:00:00 2010.6642521444453 -0.05242644838182151 0.00012343223397313127 -0.05242644838182153
PROGRESS	2023-03-01	252	15	-0.05242644838182153	2010.6642521444453
Portfolio optimization with 49 month weight rebalancing 2023-02-01 00:00:00: : 50it [07:55,  2.60it/s]Portfolio optimization with 50 month weight rebalancing 2023-03-01 00:00:00: : 50it [07:55,  2.60it/s]2026-07-30 14:15:05.841 | WARNING  | __main__:model_computation:474 - Nested engine fallback on 2023-03-01: "['BND', 'DVY', 'EMB', 'IBB', 'IEF', 'IEI', 'MBB', 'MCHI', 'SCZ', 'SHY', 'TLT', 'VONE', 'VONG', 'VONV', 'VTWO', 'VXUS'] not in index"
self.is_all_methods=False, self.min_weight=0.0, self.max_weight=0.08
single_methods
[RC-LP] method_type='return_cvar_constraint' sum=1.0000 active=14
IN-SAMPLE alpha grid-search best alphas[index]=np.float64(1.0),results[index]=array([ 1.95071639e+03, -2.98149539e-02,  2.91351478e-04, -2.98149539e-02])
best_index=np.int64(0) np.sum(w_target)=np.float64(1.0) case[index%2]='max_alpha'
0.5158855587458108 2023-04-03 00:00:00 1998.2509886006662 -0.006173712757134848 0.00015030401996795706 -0.006173712757134853
PROGRESS	2023-04-03	254	14	-0.006173712757134853	1998.2509886006662
Portfolio optimization with 50 month weight rebalancing 2023-03-01 00:00:00: : 51it [07:55,  2.64it/s]Portfolio optimization with 51 month weight rebalancing 2023-04-03 00:00:00: : 51it [07:55,  2.64it/s]2026-07-30 14:15:06.204 | WARNING  | __main__:model_computation:474 - Nested engine fallback on 2023-04-03: "['BND', 'DVY', 'EMB', 'IBB', 'IEF', 'IEI', 'IJT', 'MBB', 'MCHI', 'SCZ', 'SHY', 'TLT', 'VONE', 'VONG', 'VONV', 'VTWO', 'VXUS'] not in index"
self.is_all_methods=False, self.min_weight=0.0, self.max_weight=0.08
single_methods
[RC-LP] method_type='return_cvar_constraint' sum=1.0000 active=14
IN-SAMPLE alpha grid-search best alphas[index]=np.float64(1.0),results[index]=array([2.07174254e+03, 3.67779387e-02, 4.30713679e-04, 3.67779387e-02])
best_index=np.int64(0) np.sum(w_target)=np.float64(1.0) case[index%2]='max_alpha'
0.49721521940217267 2023-05-01 00:00:00 1996.9537417533147 -0.0006491911450322449 0.00021415739641793413 -0.0006491911450322574
PROGRESS	2023-05-01	253	13	-0.0006491911450322574	1996.9537417533147
Portfolio optimization with 51 month weight rebalancing 2023-04-03 00:00:00: : 52it [07:55,  2.72it/s]Portfolio optimization with 52 month weight rebalancing 2023-05-01 00:00:00: : 52it [07:55,  2.72it/s]2026-07-30 14:15:06.542 | WARNING  | __main__:model_computation:474 - Nested engine fallback on 2023-05-01: "['BND', 'DVY', 'EMB', 'IBB', 'IEF', 'IEI', 'IJT', 'MBB', 'MCHI', 'SCZ', 'SHY', 'TLT', 'VONE', 'VONG', 'VONV', 'VTWO', 'VXUS'] not in index"
self.is_all_methods=False, self.min_weight=0.0, self.max_weight=0.08
single_methods
[RC-LP] method_type='return_cvar_constraint' sum=1.0000 active=16
IN-SAMPLE alpha grid-search best alphas[index]=np.float64(0.1),results[index]=array([ 1.93264038e+03, -3.22057327e-02,  7.98124137e-05, -3.22057327e-02])
best_index=np.int64(0) np.sum(w_target)=np.float64(1.0) case[index%2]='max_alpha'
0.5067982068992267 2023-06-01 00:00:00 1931.4991935089133 -0.032777198027097346 0.00040448788150683213 -0.03277719802709733
PROGRESS	2023-06-01	254	14	-0.03277719802709733	1931.4991935089133
Portfolio optimization with 52 month weight rebalancing 2023-05-01 00:00:00: : 53it [07:56,  2.77it/s]Portfolio optimization with 53 month weight rebalancing 2023-06-01 00:00:00: : 53it [07:56,  2.77it/s]2026-07-30 14:15:06.960 | WARNING  | __main__:model_computation:474 - Nested engine fallback on 2023-06-01: "['BND', 'DVY', 'EMB', 'IBB', 'IEF', 'IEI', 'IJT', 'MBB', 'MCHI', 'SCZ', 'SHY', 'TLT', 'VONE', 'VONG', 'VONV', 'VTWO', 'VXUS'] not in index"
self.is_all_methods=False, self.min_weight=0.0, self.max_weight=0.08
single_methods
[RC-LP] method_type='return_cvar_constraint' sum=1.0000 active=15
IN-SAMPLE alpha grid-search best alphas[index]=np.float64(1.0),results[index]=array([2.08426965e+03, 7.90942362e-02, 1.21357592e-03, 7.90942362e-02])
best_index=np.int64(0) np.sum(w_target)=np.float64(1.0) case[index%2]='max_alpha'
0.49491875357060067 2023-07-03 00:00:00 2068.043671141229 0.07069352039658797 0.0006006214826403724 0.07069352039658794
PROGRESS	2023-07-03	252	15	0.07069352039658794	2068.043671141229
Portfolio optimization with 53 month weight rebalancing 2023-06-01 00:00:00: : 54it [07:56,  2.66it/s]Portfolio optimization with 54 month weight rebalancing 2023-07-03 00:00:00: : 54it [07:56,  2.66it/s]2026-07-30 14:15:07.301 | WARNING  | __main__:model_computation:474 - Nested engine fallback on 2023-07-03: "['BND', 'DVY', 'EMB', 'IBB', 'IEF', 'IEI', 'IJT', 'MBB', 'MCHI', 'SCZ', 'SHY', 'TLT', 'VONE', 'VONG', 'VONV', 'VTWO', 'VXUS'] not in index"
self.is_all_methods=False, self.min_weight=0.0, self.max_weight=0.08
single_methods
[RC-LP] method_type='return_cvar_constraint' sum=1.0000 active=15
IN-SAMPLE alpha grid-search best alphas[index]=np.float64(1.0),results[index]=array([2.40120837e+03, 1.61101382e-01, 8.76347608e-04, 1.61101382e-01])
best_index=np.int64(0) np.sum(w_target)=np.float64(1.0000000000000002) case[index%2]='max_alpha'
0.5147982398400038 2023-08-01 00:00:00 2160.3031192762014 0.04461194384935791 0.0004511422062434725 0.04461194384935796
PROGRESS	2023-08-01	251	14	0.04461194384935796	2160.3031192762014
Portfolio optimization with 54 month weight rebalancing 2023-07-03 00:00:00: : 55it [07:57,  2.74it/s]Portfolio optimization with 55 month weight rebalancing 2023-08-01 00:00:00: : 55it [07:57,  2.74it/s]2026-07-30 14:15:07.642 | WARNING  | __main__:model_computation:474 - Nested engine fallback on 2023-08-01: "['BND', 'DVY', 'EMB', 'IBB', 'IEF', 'IEI', 'IJT', 'MBB', 'MCHI', 'SCZ', 'SHY', 'TLT', 'VONE', 'VONG', 'VONV', 'VTWO', 'VXUS'] not in index"
self.is_all_methods=False, self.min_weight=0.0, self.max_weight=0.08
single_methods
[RC-LP] method_type='return_cvar_constraint' sum=1.0000 active=15
IN-SAMPLE alpha grid-search best alphas[index]=np.float64(1.0),results[index]=array([2.62753217e+03, 2.16279394e-01, 4.38240209e-04, 2.16279394e-01])
best_index=np.int64(0) np.sum(w_target)=np.float64(1.0) case[index%2]='max_alpha'
0.5351228467105915 2023-09-01 00:00:00 2098.8542786687362 -0.028444545609901825 0.00023451234812375964 -0.02844454560990184
PROGRESS	2023-09-01	252	15	-0.02844454560990184	2098.8542786687362
Portfolio optimization with 55 month weight rebalancing 2023-08-01 00:00:00: : 56it [07:57,  2.79it/s]Portfolio optimization with 56 month weight rebalancing 2023-09-01 00:00:00: : 56it [07:57,  2.79it/s]2026-07-30 14:15:07.990 | WARNING  | __main__:model_computation:474 - Nested engine fallback on 2023-09-01: "['BND', 'DVY', 'EMB', 'IBB', 'IEF', 'IEI', 'IJT', 'MBB', 'MCHI', 'SCZ', 'SHY', 'TLT', 'VONE', 'VONG', 'VONV', 'VTWO', 'VXUS'] not in index"
self.is_all_methods=False, self.min_weight=0.0, self.max_weight=0.08
single_methods
[RC-LP] method_type='return_cvar_constraint' sum=1.0000 active=14
IN-SAMPLE alpha grid-search best alphas[index]=np.float64(1.0),results[index]=array([2.24531934e+03, 6.97833381e-02, 2.99736058e-04, 6.97833381e-02])
best_index=np.int64(0) np.sum(w_target)=np.float64(1.0) case[index%2]='max_alpha'
0.5501231160807618 2023-10-02 00:00:00 1997.723457304755 -0.04818382218899282 0.00016489173448049069 -0.048183822188992864
PROGRESS	2023-10-02	250	14	-0.048183822188992864	1997.723457304755
Portfolio optimization with 56 month weight rebalancing 2023-09-01 00:00:00: : 57it [07:57,  2.82it/s]Portfolio optimization with 57 month weight rebalancing 2023-10-02 00:00:00: : 57it [07:57,  2.82it/s]2026-07-30 14:15:08.395 | WARNING  | __main__:model_computation:474 - Nested engine fallback on 2023-10-02: "['BND', 'DVY', 'EMB', 'IBB', 'IEF', 'IEI', 'IJT', 'MBB', 'MCHI', 'SCZ', 'SHY', 'TLT', 'VONE', 'VONG', 'VONV', 'VTWO', 'VXUS'] not in index"
self.is_all_methods=False, self.min_weight=0.0, self.max_weight=0.08
single_methods
[RC-LP] method_type='return_cvar_constraint' sum=1.0000 active=18
IN-SAMPLE alpha grid-search best alphas[index]=np.float64(1.0),results[index]=array([2.01294180e+03, 7.61784408e-03, 1.97708109e-04, 7.61784408e-03])
best_index=np.int64(0) np.sum(w_target)=np.float64(1.0) case[index%2]='max_alpha'
0.5239966252267684 2023-11-01 00:00:00 1921.8435622277148 -0.037983182707087074 0.00010359838214997512 -0.037983182707087115
PROGRESS	2023-11-01	249	18	-0.037983182707087115	1921.8435622277148
Portfolio optimization with 57 month weight rebalancing 2023-10-02 00:00:00: : 58it [07:58,  2.71it/s]Portfolio optimization with 58 month weight rebalancing 2023-11-01 00:00:00: : 58it [07:58,  2.71it/s]2026-07-30 14:15:08.736 | WARNING  | __main__:model_computation:474 - Nested engine fallback on 2023-11-01: "['BND', 'DVY', 'EMB', 'IBB', 'IEF', 'IEI', 'IJT', 'MBB', 'MCHI', 'SCZ', 'SHY', 'TLT', 'VONE', 'VONG', 'VONV', 'VTWO', 'VXUS'] not in index"
self.is_all_methods=False, self.min_weight=0.0, self.max_weight=0.08
single_methods
[RC-LP] method_type='return_cvar_constraint' sum=1.0000 active=15
IN-SAMPLE alpha grid-search best alphas[index]=np.float64(1.0),results[index]=array([ 1.78431826e+03, -7.15590495e-02,  3.48431872e-04, -7.15590495e-02])
best_index=np.int64(0) np.sum(w_target)=np.float64(1.0) case[index%2]='max_alpha'
0.506326246193711 2023-12-01 00:00:00 2137.1778043576405 0.11204566613128486 0.00017642020185049267 0.11204566613128497
PROGRESS	2023-12-01	248	15	0.11204566613128497	2137.1778043576405
Portfolio optimization with 58 month weight rebalancing 2023-11-01 00:00:00: : 59it [07:58,  2.77it/s]Portfolio optimization with 59 month weight rebalancing 2023-12-01 00:00:00: : 59it [07:58,  2.77it/s]2026-07-30 14:15:09.073 | WARNING  | __main__:model_computation:474 - Nested engine fallback on 2023-12-01: "['BITO', 'BND', 'DVY', 'EMB', 'IBB', 'IEF', 'IEI', 'IJT', 'MBB', 'MCHI', 'SCZ', 'SHY', 'TLT', 'VONE', 'VONG', 'VONV', 'VTWO', 'VXUS'] not in index"
self.is_all_methods=False, self.min_weight=0.0, self.max_weight=0.08
single_methods
[RC-LP] method_type='return_cvar_constraint' sum=1.0000 active=14
IN-SAMPLE alpha grid-search best alphas[index]=np.float64(1.0),results[index]=array([2.25490946e+03, 5.50874386e-02, 4.68454697e-04, 5.50874386e-02])
best_index=np.int64(0) np.sum(w_target)=np.float64(1.0) case[index%2]='max_alpha'
0.4869564669342769 2024-01-02 00:00:00 2274.8471407093352 0.06441641686105444 0.00022811704410267836 0.06441641686105437
PROGRESS	2024-01-02	249	14	0.06441641686105437	2274.8471407093352
Portfolio optimization with 59 month weight rebalancing 2023-12-01 00:00:00: : 60it [07:58,  2.83it/s]Portfolio optimization with 60 month weight rebalancing 2024-01-02 00:00:00: : 60it [07:58,  2.83it/s]2026-07-30 14:15:09.471 | WARNING  | __main__:model_computation:474 - Nested engine fallback on 2024-01-02: "['BITO', 'BND', 'DVY', 'EMB', 'IBB', 'IEF', 'IEI', 'IJT', 'MBB', 'MCHI', 'SCZ', 'SHY', 'TLT', 'VONE', 'VONG', 'VONV', 'VTWO', 'VXUS'] not in index"
self.is_all_methods=False, self.min_weight=0.0, self.max_weight=0.08
single_methods
[RC-LP] method_type='return_cvar_constraint' sum=1.0000 active=14
IN-SAMPLE alpha grid-search best alphas[index]=np.float64(1.0),results[index]=array([2.78886695e+03, 2.25957955e-01, 4.48744175e-04, 2.25957955e-01])
best_index=np.int64(0) np.sum(w_target)=np.float64(1.0) case[index%2]='max_alpha'
0.5084073966011257 2024-02-01 00:00:00 2310.3231751018734 0.015594909107376828 0.00022814485771859545 0.01559490910737682
PROGRESS	2024-02-01	250	14	0.01559490910737682	2310.3231751018734
Portfolio optimization with 60 month weight rebalancing 2024-01-02 00:00:00: : 61it [07:59,  2.73it/s]Portfolio optimization with 61 month weight rebalancing 2024-02-01 00:00:00: : 61it [07:59,  2.73it/s]2026-07-30 14:15:09.812 | WARNING  | __main__:model_computation:474 - Nested engine fallback on 2024-02-01: "['BITO', 'BND', 'DVY', 'EMB', 'IBB', 'IEF', 'IEI', 'IJT', 'MBB', 'MCHI', 'SCZ', 'SHY', 'TLT', 'VONE', 'VONG', 'VONV', 'VTWO', 'VXUS'] not in index"
self.is_all_methods=False, self.min_weight=0.0, self.max_weight=0.08
single_methods
[RC-LP] method_type='return_cvar_constraint' sum=1.0000 active=15
IN-SAMPLE alpha grid-search best alphas[index]=np.float64(1.0),results[index]=array([2.84189196e+03, 2.30084166e-01, 1.92304613e-04, 2.30084166e-01])
best_index=np.int64(0) np.sum(w_target)=np.float64(1.0) case[index%2]='max_alpha'
0.5467363962685585 2024-03-01 00:00:00 2541.9353714864096 0.10025099470091389 0.0001051399313642141 0.10025099470091381
PROGRESS	2024-03-01	248	15	0.10025099470091381	2541.9353714864096
Portfolio optimization with 61 month weight rebalancing 2024-02-01 00:00:00: : 62it [07:59,  2.77it/s]Portfolio optimization with 62 month weight rebalancing 2024-03-01 00:00:00: : 62it [07:59,  2.77it/s]2026-07-30 14:15:10.154 | WARNING  | __main__:model_computation:474 - Nested engine fallback on 2024-03-01: "['BITO', 'BND', 'DVY', 'EMB', 'IBB', 'IEF', 'IEI', 'IJT', 'JEPQ', 'MBB', 'MCHI', 'SCZ', 'SHY', 'TLT', 'VONE', 'VONG', 'VONV', 'VTWO', 'VXUS'] not in index"
self.is_all_methods=False, self.min_weight=0.0, self.max_weight=0.08
single_methods
[RC-LP] method_type='return_cvar_constraint' sum=1.0000 active=14
IN-SAMPLE alpha grid-search best alphas[index]=np.float64(1.0),results[index]=array([3.04938138e+03, 1.99629785e-01, 2.49855049e-04, 1.99629785e-01])
best_index=np.int64(0) np.sum(w_target)=np.float64(1.0) case[index%2]='max_alpha'
0.5551659818102643 2024-04-01 00:00:00 2610.3449084854487 0.026912382496584213 0.00013871102366837764 0.02691238249658423
PROGRESS	2024-04-01	247	14	0.02691238249658423	2610.3449084854487
Portfolio optimization with 62 month weight rebalancing 2024-03-01 00:00:00: : 63it [07:59,  2.83it/s]Portfolio optimization with 63 month weight rebalancing 2024-04-01 00:00:00: : 63it [07:59,  2.83it/s]2026-07-30 14:15:10.560 | WARNING  | __main__:model_computation:474 - Nested engine fallback on 2024-04-01: "['BITO', 'BND', 'DVY', 'EMB', 'GBTC', 'IBB', 'IBIT', 'IEF', 'IEI', 'IJT', 'JEPQ', 'MBB', 'MCHI', 'QQQM', 'SCZ', 'SHY', 'TLT', 'VONE', 'VONG', 'VONV', 'VTWO', 'VXUS'] not in index"
self.is_all_methods=False, self.min_weight=0.0, self.max_weight=0.08
single_methods
[RC-LP] method_type='return_cvar_constraint' sum=1.0000 active=16
IN-SAMPLE alpha grid-search best alphas[index]=np.float64(1.0),results[index]=array([3.15901248e+03, 2.10189685e-01, 7.49589206e-05, 2.10189685e-01])
best_index=np.int64(0) np.sum(w_target)=np.float64(1.0) case[index%2]='max_alpha'
0.5508280737679163 2024-05-01 00:00:00 2483.3667697859005 -0.04864419957944269 4.128947785112089e-05 -0.04864419957944266
PROGRESS	2024-05-01	244	16	-0.04864419957944266	2483.3667697859005
Portfolio optimization with 63 month weight rebalancing 2024-04-01 00:00:00: : 64it [08:00,  2.71it/s]Portfolio optimization with 64 month weight rebalancing 2024-05-01 00:00:00: : 64it [08:00,  2.71it/s]2026-07-30 14:15:10.889 | WARNING  | __main__:model_computation:474 - Nested engine fallback on 2024-05-01: "['BITO', 'BND', 'DVY', 'EMB', 'GBTC', 'IBB', 'IBIT', 'IEF', 'IEI', 'IJT', 'JEPQ', 'MBB', 'MCHI', 'QQQM', 'SCZ', 'SHY', 'TLT', 'VONE', 'VONG', 'VONV', 'VTWO', 'VXUS'] not in index"
self.is_all_methods=False, self.min_weight=0.0, self.max_weight=0.08
single_methods
[RC-LP] method_type='return_cvar_constraint' sum=1.0000 active=13
IN-SAMPLE alpha grid-search best alphas[index]=np.float64(1.0),results[index]=array([2.77505526e+03, 1.17456871e-01, 4.21309875e-04, 1.17456871e-01])
best_index=np.int64(0) np.sum(w_target)=np.float64(1.0) case[index%2]='max_alpha'
0.5520495419195633 2024-06-03 00:00:00 2676.8110127495006 0.0778959617713971 0.0002325839237364005 0.07789596177139702
PROGRESS	2024-06-03	244	13	0.07789596177139702	2676.8110127495006
Portfolio optimization with 64 month weight rebalancing 2024-05-01 00:00:00: : 65it [08:00,  2.79it/s]Portfolio optimization with 65 month weight rebalancing 2024-06-03 00:00:00: : 65it [08:00,  2.79it/s]2026-07-30 14:15:11.223 | WARNING  | __main__:model_computation:474 - Nested engine fallback on 2024-06-03: "['BITO', 'BND', 'DVY', 'EMB', 'GBTC', 'IBB', 'IBIT', 'IEF', 'IEI', 'IJT', 'JEPQ', 'MBB', 'MCHI', 'QQQM', 'SCZ', 'SHY', 'TLT', 'VONE', 'VONG', 'VONV', 'VTWO', 'VXUS'] not in index"
self.is_all_methods=False, self.min_weight=0.0, self.max_weight=0.08
single_methods
[RC-LP] method_type='return_cvar_constraint' sum=1.0000 active=19
IN-SAMPLE alpha grid-search best alphas[index]=np.float64(1.0),results[index]=array([2.71782368e+03, 1.53214664e-02, 4.91882608e-04, 1.53214664e-02])
best_index=np.int64(0) np.sum(w_target)=np.float64(1.0) case[index%2]='max_alpha'
0.5338871033011482 2024-07-01 00:00:00 2695.848083438436 0.007111847118927247 0.00026260978081167743 0.007111847118927317
PROGRESS	2024-07-01	243	15	0.007111847118927317	2695.848083438436
Portfolio optimization with 65 month weight rebalancing 2024-06-03 00:00:00: : 66it [08:00,  2.86it/s]Portfolio optimization with 66 month weight rebalancing 2024-07-01 00:00:00: : 66it [08:00,  2.86it/s]2026-07-30 14:15:11.558 | WARNING  | __main__:model_computation:474 - Nested engine fallback on 2024-07-01: "['BITO', 'BND', 'DVY', 'EMB', 'GBTC', 'IBB', 'IBIT', 'IEF', 'IEI', 'IJT', 'JEPQ', 'MBB', 'MCHI', 'QQQM', 'SCZ', 'SHY', 'TLT', 'VONE', 'VONG', 'VONV', 'VTWO', 'VXUS'] not in index"
self.is_all_methods=False, self.min_weight=0.0, self.max_weight=0.08
single_methods
[RC-LP] method_type='return_cvar_constraint' sum=1.0000 active=19
IN-SAMPLE alpha grid-search best alphas[index]=np.float64(1.0),results[index]=array([2.77724412e+03, 3.01931104e-02, 2.29432660e-04, 3.01931104e-02])
best_index=np.int64(0) np.sum(w_target)=np.float64(1.0) case[index%2]='max_alpha'
0.5098508447889474 2024-08-01 00:00:00 2727.2010085185625 0.011630078591126494 0.00011697643534572536 0.011630078591126525
PROGRESS	2024-08-01	243	18	0.011630078591126525	2727.2010085185625
Portfolio optimization with 66 month weight rebalancing 2024-07-01 00:00:00: : 67it [08:01,  2.89it/s]Portfolio optimization with 67 month weight rebalancing 2024-08-01 00:00:00: : 67it [08:01,  2.89it/s]2026-07-30 14:15:11.893 | WARNING  | __main__:model_computation:474 - Nested engine fallback on 2024-08-01: "['BITO', 'BND', 'DVY', 'EMB', 'GBTC', 'IBB', 'IBIT', 'IEF', 'IEI', 'IJT', 'JAAA', 'JEPQ', 'MBB', 'MCHI', 'QQQM', 'SCZ', 'SGOV', 'SHY', 'TLT', 'VONE', 'VONG', 'VONV', 'VTWO', 'VXUS'] not in index"
self.is_all_methods=False, self.min_weight=0.0, self.max_weight=0.08
single_methods
[RC-LP] method_type='return_cvar_constraint' sum=1.0000 active=17
IN-SAMPLE alpha grid-search best alphas[index]=np.float64(1.0),results[index]=array([2.92776453e+03, 7.35418934e-02, 4.38255654e-04, 7.35418934e-02])
best_index=np.int64(0) np.sum(w_target)=np.float64(1.0000000000000002) case[index%2]='max_alpha'
0.5080083610946374 2024-09-03 00:00:00 2667.2488891807147 -0.02198302184202194 0.00022263753635831158 -0.021983021842021944
PROGRESS	2024-09-03	242	16	-0.021983021842021944	2667.2488891807147
Portfolio optimization with 67 month weight rebalancing 2024-08-01 00:00:00: : 68it [08:01,  2.87it/s]Portfolio optimization with 68 month weight rebalancing 2024-09-03 00:00:00: : 68it [08:01,  2.87it/s]2026-07-30 14:15:12.322 | WARNING  | __main__:model_computation:474 - Nested engine fallback on 2024-09-03: "['BITO', 'BND', 'DVY', 'EMB', 'GBTC', 'IBB', 'IBIT', 'IEF', 'IEI', 'IGV', 'IJT', 'JAAA', 'JEPI', 'JEPQ', 'MBB', 'MCHI', 'QQQM', 'SCZ', 'SGOV', 'SHY', 'TLT', 'VONE', 'VONG', 'VONV', 'VTWO', 'VXUS'] not in index"
self.is_all_methods=False, self.min_weight=0.0, self.max_weight=0.08
single_methods
[RC-LP] method_type='return_cvar_constraint' sum=1.0000 active=18
IN-SAMPLE alpha grid-search best alphas[index]=np.float64(1.0),results[index]=array([ 2.63896676e+03, -1.06034838e-02,  4.27982040e-04, -1.06034838e-02])
best_index=np.int64(0) np.sum(w_target)=np.float64(1.0) case[index%2]='max_alpha'
0.5163044051782262 2024-10-01 00:00:00 2755.2096248916678 0.032978075674809385 0.0002209690127022823 0.03297807567480948
PROGRESS	2024-10-01	241	17	0.03297807567480948	2755.2096248916678
Portfolio optimization with 68 month weight rebalancing 2024-09-03 00:00:00: : 69it [08:02,  2.73it/s]Portfolio optimization with 69 month weight rebalancing 2024-10-01 00:00:00: : 69it [08:02,  2.73it/s]2026-07-30 14:15:12.647 | WARNING  | __main__:model_computation:474 - Nested engine fallback on 2024-10-01: "['BITO', 'BND', 'DVY', 'EMB', 'GBTC', 'IBB', 'IBIT', 'IEF', 'IEI', 'IGV', 'IJT', 'JAAA', 'JEPI', 'JEPQ', 'MBB', 'MCHI', 'QQQM', 'SCZ', 'SGOV', 'SHY', 'TLT', 'VONE', 'VONG', 'VONV', 'VTWO', 'VXUS'] not in index"
self.is_all_methods=False, self.min_weight=0.0, self.max_weight=0.08
single_methods
[RC-LP] method_type='return_cvar_constraint' sum=1.0000 active=18
IN-SAMPLE alpha grid-search best alphas[index]=np.float64(1.0),results[index]=array([2.92330818e+03, 6.10111678e-02, 4.98160562e-04, 6.10111678e-02])
best_index=np.int64(0) np.sum(w_target)=np.float64(1.0) case[index%2]='max_alpha'
0.5011413388397441 2024-11-01 00:00:00 2796.4780031031955 0.014978307943864745 0.00024964885086235946 0.014978307943864788
PROGRESS	2024-11-01	239	18	0.014978307943864788	2796.4780031031955
Portfolio optimization with 69 month weight rebalancing 2024-10-01 00:00:00: : 70it [08:02,  2.83it/s]Portfolio optimization with 70 month weight rebalancing 2024-11-01 00:00:00: : 70it [08:02,  2.83it/s]2026-07-30 14:15:12.971 | WARNING  | __main__:model_computation:474 - Nested engine fallback on 2024-11-01: "['BITO', 'BND', 'DVY', 'EMB', 'GBTC', 'IBB', 'IBIT', 'IEF', 'IEI', 'IGV', 'IJT', 'JAAA', 'JEPI', 'JEPQ', 'MBB', 'MCHI', 'QQQM', 'SCZ', 'SGOV', 'SHY', 'TLT', 'VONE', 'VONG', 'VONV', 'VTWO', 'VXUS'] not in index"
self.is_all_methods=False, self.min_weight=0.0, self.max_weight=0.08
single_methods
[RC-LP] method_type='return_cvar_constraint' sum=1.0000 active=20
IN-SAMPLE alpha grid-search best alphas[index]=np.float64(1.0),results[index]=array([3.19786114e+03, 1.43531662e-01, 2.85466862e-04, 1.43531662e-01])
best_index=np.int64(0) np.sum(w_target)=np.float64(1.0) case[index%2]='max_alpha'
0.5124279413830974 2024-12-02 00:00:00 3130.118898441444 0.11930753432282097 0.00014628119663790608 0.11930753432282093
PROGRESS	2024-12-02	242	18	0.11930753432282093	3130.118898441444
Portfolio optimization with 70 month weight rebalancing 2024-11-01 00:00:00: : 71it [08:02,  2.90it/s]Portfolio optimization with 71 month weight rebalancing 2024-12-02 00:00:00: : 71it [08:02,  2.90it/s]2026-07-30 14:15:13.301 | WARNING  | __main__:model_computation:474 - Nested engine fallback on 2024-12-02: "['BITO', 'BND', 'DVY', 'EMB', 'GBTC', 'IBB', 'IBIT', 'IEF', 'IEI', 'IGV', 'IJT', 'JAAA', 'JEPI', 'JEPQ', 'MBB', 'MCHI', 'QQQM', 'SCZ', 'SGOV', 'SHY', 'TLT', 'VONE', 'VONG', 'VONV', 'VTWO', 'VXUS'] not in index"
self.is_all_methods=False, self.min_weight=0.0, self.max_weight=0.08
single_methods
[RC-LP] method_type='return_cvar_constraint' sum=1.0000 active=19
IN-SAMPLE alpha grid-search best alphas[index]=np.float64(1.0),results[index]=array([3.88653241e+03, 2.41656478e-01, 3.53761054e-04, 2.41656478e-01])
best_index=np.int64(0) np.sum(w_target)=np.float64(1.0) case[index%2]='max_alpha'
0.5311520300484834 2025-01-02 00:00:00 2995.872831223677 -0.04288848812887296 0.00018790090210612264 -0.042888488128872915
PROGRESS	2025-01-02	243	18	-0.042888488128872915	2995.872831223677
Portfolio optimization with 71 month weight rebalancing 2024-12-02 00:00:00: : 72it [08:03,  2.94it/s]Portfolio optimization with 72 month weight rebalancing 2025-01-02 00:00:00: : 72it [08:03,  2.94it/s]2026-07-30 14:15:13.700 | WARNING  | __main__:model_computation:474 - Nested engine fallback on 2025-01-02: "['BITO', 'BND', 'DVY', 'EMB', 'GBTC', 'IBB', 'IBIT', 'IEF', 'IEI', 'IGV', 'IJT', 'JAAA', 'JEPI', 'JEPQ', 'MBB', 'MCHI', 'QQQM', 'SCZ', 'SGOV', 'SHY', 'SPYM', 'TLT', 'VONE', 'VONG', 'VONV', 'VTWO', 'VXUS'] not in index"
self.is_all_methods=False, self.min_weight=0.0, self.max_weight=0.08
single_methods
[RC-LP] method_type='return_cvar_constraint' sum=1.0000 active=19
IN-SAMPLE alpha grid-search best alphas[index]=np.float64(1.0),results[index]=array([3.50504154e+03, 1.69956715e-01, 5.46212068e-04, 1.69956715e-01])
best_index=np.int64(0) np.sum(w_target)=np.float64(1.0) case[index%2]='max_alpha'
0.5543541412739467 2025-02-03 00:00:00 3152.5234886968296 0.05228882075383938 0.0003027949220094229 0.05228882075383945
PROGRESS	2025-02-03	245	18	0.05228882075383945	3152.5234886968296
Portfolio optimization with 72 month weight rebalancing 2025-01-02 00:00:00: : 73it [08:03,  2.80it/s]Portfolio optimization with 73 month weight rebalancing 2025-02-03 00:00:00: : 73it [08:03,  2.80it/s]2026-07-30 14:15:14.052 | WARNING  | __main__:model_computation:474 - Nested engine fallback on 2025-02-03: "['BITO', 'BND', 'DVY', 'EMB', 'GBTC', 'IBB', 'IBIT', 'IEF', 'IEI', 'IGV', 'IJT', 'JAAA', 'JEPI', 'JEPQ', 'MBB', 'MCHI', 'MDYV', 'QQQM', 'SCZ', 'SGOV', 'SHY', 'SPYM', 'TLT', 'VONE', 'VONG', 'VONV', 'VTWO', 'VXUS'] not in index"
self.is_all_methods=False, self.min_weight=0.0, self.max_weight=0.08
single_methods
[RC-LP] method_type='return_cvar_constraint' sum=1.0000 active=20
IN-SAMPLE alpha grid-search best alphas[index]=np.float64(1.0),results[index]=array([3.73924141e+03, 1.86110563e-01, 4.37173330e-04, 1.86110563e-01])
best_index=np.int64(0) np.sum(w_target)=np.float64(1.0) case[index%2]='max_alpha'
0.5447849531601416 2025-03-03 00:00:00 2963.0202353407026 -0.06011160710953586 0.0002381654519962491 -0.06011160710953578
PROGRESS	2025-03-03	244	20	-0.06011160710953578	2963.0202353407026
Portfolio optimization with 73 month weight rebalancing 2025-02-03 00:00:00: : 74it [08:03,  2.80it/s]Portfolio optimization with 74 month weight rebalancing 2025-03-03 00:00:00: : 74it [08:03,  2.80it/s]2026-07-30 14:15:14.389 | WARNING  | __main__:model_computation:474 - Nested engine fallback on 2025-03-03: "['BITO', 'BND', 'DVY', 'EMB', 'GBTC', 'IBB', 'IBIT', 'IEF', 'IEI', 'IGV', 'IJT', 'JAAA', 'JEPI', 'JEPQ', 'MBB', 'MCHI', 'QQQM', 'SCZ', 'SGOV', 'SHY', 'SPYM', 'TBIL', 'TLT', 'VONE', 'VONG', 'VONV', 'VTWO', 'VXUS'] not in index"
self.is_all_methods=False, self.min_weight=0.0, self.max_weight=0.08
single_methods
[RC-LP] method_type='return_cvar_constraint' sum=1.0000 active=17
IN-SAMPLE alpha grid-search best alphas[index]=np.float64(1.0),results[index]=array([ 2.93960637e+03, -7.90202611e-03,  7.89625906e-04, -7.90202611e-03])
best_index=np.int64(0) np.sum(w_target)=np.float64(1.0) case[index%2]='max_alpha'
0.5460721115947571 2025-04-01 00:00:00 2868.080015713214 -0.03204170477646841 0.00043119268570414375 -0.032041704776468394
PROGRESS	2025-04-01	241	17	-0.032041704776468394	2868.080015713214
Portfolio optimization with 74 month weight rebalancing 2025-03-03 00:00:00: : 75it [08:04,  2.86it/s]Portfolio optimization with 75 month weight rebalancing 2025-04-01 00:00:00: : 75it [08:04,  2.86it/s]2026-07-30 14:15:14.785 | WARNING  | __main__:model_computation:474 - Nested engine fallback on 2025-04-01: "['AVUS', 'AVUV', 'BITO', 'BND', 'DVY', 'EMB', 'GBTC', 'IBB', 'IBIT', 'IEF', 'IEI', 'IGV', 'IJT', 'JAAA', 'JEPI', 'JEPQ', 'MBB', 'MCHI', 'QQQM', 'SCZ', 'SGOV', 'SHY', 'SPYM', 'TBIL', 'TLT', 'VONE', 'VONG', 'VONV', 'VTWO', 'VXUS'] not in index"
self.is_all_methods=False, self.min_weight=0.0, self.max_weight=0.08
single_methods
[RC-LP] method_type='return_cvar_constraint' sum=1.0000 active=17
IN-SAMPLE alpha grid-search best alphas[index]=np.float64(1.0),results[index]=array([3.07063842e+03, 7.06250871e-02, 6.74678373e-04, 7.06250871e-02])
best_index=np.int64(0) np.sum(w_target)=np.float64(0.9999999999999999) case[index%2]='max_alpha'
0.507659630017877 2025-05-01 00:00:00 2941.048634610863 0.025441625930196915 0.0003425069734103453 0.02544162593019683
PROGRESS	2025-05-01	236	16	0.02544162593019683	2941.048634610863
Portfolio optimization with 75 month weight rebalancing 2025-04-01 00:00:00: : 76it [08:04,  2.75it/s]Portfolio optimization with 76 month weight rebalancing 2025-05-01 00:00:00: : 76it [08:04,  2.75it/s]2026-07-30 14:15:15.106 | WARNING  | __main__:model_computation:474 - Nested engine fallback on 2025-05-01: "['AVUS', 'AVUV', 'BITO', 'BND', 'DVY', 'EMB', 'GBTC', 'IBB', 'IBIT', 'IEF', 'IEI', 'IJT', 'JAAA', 'JEPI', 'JEPQ', 'MBB', 'MCHI', 'QQQM', 'SCZ', 'SGOV', 'SHY', 'SPYM', 'TBIL', 'TLT', 'VONE', 'VONG', 'VONV', 'VTWO', 'VXUS'] not in index"
self.is_all_methods=False, self.min_weight=0.0, self.max_weight=0.08
single_methods
[RC-LP] method_type='return_cvar_constraint' sum=1.0000 active=17
IN-SAMPLE alpha grid-search best alphas[index]=np.float64(1.0),results[index]=array([3.01752695e+03, 2.60037582e-02, 5.90950048e-04, 2.60037582e-02])
best_index=np.int64(0) np.sum(w_target)=np.float64(1.0) case[index%2]='max_alpha'
0.5156519476461179 2025-06-02 00:00:00 3093.868636667931 0.05196105914694879 0.00030472454321686985 0.05196105914694882
PROGRESS	2025-06-02	234	16	0.05196105914694882	3093.868636667931
Portfolio optimization with 76 month weight rebalancing 2025-05-01 00:00:00: : 77it [08:04,  2.85it/s]Portfolio optimization with 77 month weight rebalancing 2025-06-02 00:00:00: : 77it [08:04,  2.85it/s]2026-07-30 14:15:15.419 | WARNING  | __main__:model_computation:474 - Nested engine fallback on 2025-06-02: "['AVUS', 'AVUV', 'BITO', 'BND', 'DVY', 'EMB', 'GBTC', 'IBB', 'IBIT', 'IEF', 'IEI', 'IJT', 'JAAA', 'JEPI', 'JEPQ', 'MBB', 'MCHI', 'QQQM', 'SCZ', 'SGOV', 'SHY', 'SPYM', 'TBIL', 'TLT', 'VONE', 'VONG', 'VONV', 'VTWO', 'VXUS'] not in index"
self.is_all_methods=False, self.min_weight=0.0, self.max_weight=0.08
single_methods
[RC-LP] method_type='return_cvar_constraint' sum=1.0000 active=16
IN-SAMPLE alpha grid-search best alphas[index]=np.float64(1.0),results[index]=array([3.46615733e+03, 1.20331126e-01, 6.19129941e-04, 1.20331126e-01])
best_index=np.int64(0) np.sum(w_target)=np.float64(1.0) case[index%2]='max_alpha'
0.50833139310878 2025-07-01 00:00:00 3210.817408171997 0.03780017358138989 0.0003147231854437761 0.037800173581389984
PROGRESS	2025-07-01	234	16	0.037800173581389984	3210.817408171997
Portfolio optimization with 77 month weight rebalancing 2025-06-02 00:00:00: : 78it [08:05,  2.94it/s]Portfolio optimization with 78 month weight rebalancing 2025-07-01 00:00:00: : 78it [08:05,  2.94it/s]2026-07-30 14:15:15.751 | WARNING  | __main__:model_computation:474 - Nested engine fallback on 2025-07-01: "['AVUS', 'AVUV', 'BITB', 'BITO', 'BND', 'CGDV', 'DVY', 'EMB', 'GBTC', 'IBB', 'IBIT', 'IEF', 'IEI', 'IJT', 'JAAA', 'JEPI', 'JEPQ', 'MBB', 'MCHI', 'MSTY', 'QQQM', 'SCZ', 'SGOV', 'SHY', 'SPYM', 'TBIL', 'TLT', 'VONE', 'VONG', 'VONV', 'VTWO', 'VXUS'] not in index"
self.is_all_methods=False, self.min_weight=0.0, self.max_weight=0.08
single_methods
[RC-LP] method_type='return_cvar_constraint' sum=1.0000 active=14
IN-SAMPLE alpha grid-search best alphas[index]=np.float64(1.0),results[index]=array([3.94189606e+03, 2.27692378e-01, 6.44507546e-04, 2.27692378e-01])
best_index=np.int64(0) np.sum(w_target)=np.float64(1.0) case[index%2]='max_alpha'
0.5257099629614419 2025-08-01 00:00:00 3282.679765153801 0.02238132781979545 0.0003388240379017079 0.022381327819795516
PROGRESS	2025-08-01	234	14	0.022381327819795516	3282.679765153801
Portfolio optimization with 78 month weight rebalancing 2025-07-01 00:00:00: : 79it [08:05,  2.97it/s]Portfolio optimization with 79 month weight rebalancing 2025-08-01 00:00:00: : 79it [08:05,  2.97it/s]2026-07-30 14:15:16.161 | WARNING  | __main__:model_computation:474 - Nested engine fallback on 2025-08-01: "['AVUS', 'AVUV', 'BITB', 'BITO', 'BND', 'CGDV', 'DVY', 'EMB', 'ETHA', 'GBTC', 'IBB', 'IBIT', 'IEF', 'IEI', 'IJT', 'JAAA', 'JEPI', 'JEPQ', 'MBB', 'MCHI', 'MSTY', 'QQQM', 'SCZ', 'SGOV', 'SHY', 'SPYM', 'TBIL', 'TLT', 'VONE', 'VONG', 'VONV', 'VTWO', 'VXUS'] not in index"
self.is_all_methods=False, self.min_weight=0.0, self.max_weight=0.08
single_methods
[RC-LP] method_type='return_cvar_constraint' sum=1.0000 active=16
IN-SAMPLE alpha grid-search best alphas[index]=np.float64(1.0),results[index]=array([3.78296582e+03, 1.52401723e-01, 3.83984606e-04, 1.52401723e-01])
best_index=np.int64(0) np.sum(w_target)=np.float64(1.0) case[index%2]='max_alpha'
0.5505121068046059 2025-09-02 00:00:00 3295.5205487833337 0.003911677211356218 0.00021138817467580346 0.003911677211356324
PROGRESS	2025-09-02	234	16	0.003911677211356324	3295.5205487833337
Portfolio optimization with 79 month weight rebalancing 2025-08-01 00:00:00: : 80it [08:05,  2.78it/s]Portfolio optimization with 80 month weight rebalancing 2025-09-02 00:00:00: : 80it [08:05,  2.78it/s]2026-07-30 14:15:16.486 | WARNING  | __main__:model_computation:474 - Nested engine fallback on 2025-09-02: "['AVUS', 'AVUV', 'BITB', 'BITO', 'BND', 'CGDV', 'DVY', 'EMB', 'ETHA', 'GBTC', 'IBB', 'IBIT', 'IEF', 'IEI', 'IJT', 'JAAA', 'JEPI', 'JEPQ', 'MBB', 'MCHI', 'MSTY', 'QQQM', 'SCZ', 'SGOV', 'SHY', 'SPYM', 'TBIL', 'TLT', 'VONE', 'VONG', 'VONV', 'VTWO', 'VXUS'] not in index"
self.is_all_methods=False, self.min_weight=0.0, self.max_weight=0.08
single_methods
[RC-LP] method_type='return_cvar_constraint' sum=1.0000 active=16
IN-SAMPLE alpha grid-search best alphas[index]=np.float64(1.0),results[index]=array([3.53008569e+03, 7.11769634e-02, 3.79428505e-04, 7.11769634e-02])
best_index=np.int64(0) np.sum(w_target)=np.float64(1.0) case[index%2]='max_alpha'
0.5405282357040249 2025-10-01 00:00:00 3547.6631225522806 0.0765106968797494 0.00020509182035568675 0.07651069687974932
PROGRESS	2025-10-01	237	16	0.07651069687974932	3547.6631225522806
Portfolio optimization with 80 month weight rebalancing 2025-09-02 00:00:00: : 81it [08:06,  2.87it/s]Portfolio optimization with 81 month weight rebalancing 2025-10-01 00:00:00: : 81it [08:06,  2.87it/s]2026-07-30 14:15:16.808 | WARNING  | __main__:model_computation:474 - Nested engine fallback on 2025-10-01: "['AVUS', 'AVUV', 'BITB', 'BITO', 'BND', 'CGDV', 'DVY', 'EMB', 'ETHA', 'GBTC', 'IBB', 'IBIT', 'IEF', 'IEI', 'IJT', 'JAAA', 'JEPI', 'JEPQ', 'MBB', 'MCHI', 'MSTY', 'QQQM', 'SCZ', 'SGOV', 'SHY', 'SPYM', 'TBIL', 'TLT', 'VONE', 'VONG', 'VONV', 'VTWO', 'VXUS'] not in index"
self.is_all_methods=False, self.min_weight=0.0, self.max_weight=0.08
single_methods
[RC-LP] method_type='return_cvar_constraint' sum=1.0000 active=18
IN-SAMPLE alpha grid-search best alphas[index]=np.float64(1.0),results[index]=array([4.05720311e+03, 1.43626938e-01, 3.35967494e-04, 1.43626938e-01])
best_index=np.int64(0) np.sum(w_target)=np.float64(1.0) case[index%2]='max_alpha'
0.5223439703244152 2025-11-03 00:00:00 3510.1552896876847 -0.010572546368949458 0.000175490594684818 -0.010572546368949443
PROGRESS	2025-11-03	237	17	-0.010572546368949443	3510.1552896876847
Portfolio optimization with 81 month weight rebalancing 2025-10-01 00:00:00: : 82it [08:06,  2.94it/s]Portfolio optimization with 82 month weight rebalancing 2025-11-03 00:00:00: : 82it [08:06,  2.94it/s]2026-07-30 14:15:17.123 | WARNING  | __main__:model_computation:474 - Nested engine fallback on 2025-11-03: "['AVDV', 'AVUS', 'AVUV', 'BITB', 'BITO', 'BND', 'CGDV', 'CGGR', 'DVY', 'DYNF', 'EMB', 'ETHA', 'GBTC', 'IBB', 'IBIT', 'IEF', 'IEI', 'IJT', 'JAAA', 'JEPI', 'JEPQ', 'MBB', 'MCHI', 'MSTY', 'QQQM', 'SCZ', 'SGOV', 'SHY', 'SPYM', 'TBIL', 'TLT', 'VONE', 'VONG', 'VONV', 'VTWO', 'VXUS'] not in index"
self.is_all_methods=False, self.min_weight=0.0, self.max_weight=0.08
single_methods
[RC-LP] method_type='return_cvar_constraint' sum=1.0000 active=16
IN-SAMPLE alpha grid-search best alphas[index]=np.float64(1.0),results[index]=array([3.98036821e+03, 1.33957868e-01, 5.24173439e-04, 1.33957868e-01])
best_index=np.int64(0) np.sum(w_target)=np.float64(1.0) case[index%2]='max_alpha'
0.5331484658519567 2025-12-01 00:00:00 3199.223718479852 -0.08858057423308409 0.000279462264618067 -0.08858057423308408
PROGRESS	2025-12-01	239	15	-0.08858057423308408	3199.223718479852
Portfolio optimization with 82 month weight rebalancing 2025-11-03 00:00:00: : 83it [08:06,  3.00it/s]Portfolio optimization with 82 month weight rebalancing 2025-11-03 00:00:00: : 83it [08:06,  5.87s/it]
2026-07-30 14:15:17.313 | INFO     | scripts.results.results:save_results:114 - preds_df info successfully saved to /Users/mac/Downloads/portfolio_optimization_pipeline_v2/results/calibration_runs/advanced_smart_bayesian_risk_return/trial_00023/preds.csv
2026-07-30 14:15:17.323 | INFO     | scripts.results.results:save_results:119 - real_df info successfully saved to /Users/mac/Downloads/portfolio_optimization_pipeline_v2/results/calibration_runs/advanced_smart_bayesian_risk_return/trial_00023/real.csv
2026-07-30 14:15:17.324 | INFO     | scripts.results.results:save_results:124 - model_df info successfully saved to /Users/mac/Downloads/portfolio_optimization_pipeline_v2/results/calibration_runs/advanced_smart_bayesian_risk_return/trial_00023/model.csv
2026-07-30 14:15:17.325 | INFO     | scripts.results.results:save_results:129 - pnl_df info successfully saved to /Users/mac/Downloads/portfolio_optimization_pipeline_v2/results/calibration_runs/advanced_smart_bayesian_risk_return/trial_00023/pnl.csv
Saving to excel df with multiple keys:   0%|          | 0/119 [00:00<?, ?it/s]Saving to excel df of key 2016-02-01:   0%|          | 0/119 [00:00<?, ?it/s] Saving to excel df of key 2016-03-01:   0%|          | 0/119 [00:00<?, ?it/s]Saving to excel df of key 2016-04-01:   0%|          | 0/119 [00:00<?, ?it/s]Saving to excel df of key 2016-04-01:   3%|▎         | 3/119 [00:00<00:04, 26.88it/s]Saving to excel df of key 2016-05-02:   3%|▎         | 3/119 [00:00<00:04, 26.88it/s]Saving to excel df of key 2016-06-01:   3%|▎         | 3/119 [00:00<00:04, 26.88it/s]Saving to excel df of key 2016-07-01:   3%|▎         | 3/119 [00:00<00:04, 26.88it/s]Saving to excel df of key 2016-08-01:   3%|▎         | 3/119 [00:00<00:04, 26.88it/s]Saving to excel df of key 2016-09-01:   3%|▎         | 3/119 [00:00<00:04, 26.88it/s]Saving to excel df of key 2016-10-03:   3%|▎         | 3/119 [00:00<00:04, 26.88it/s]Saving to excel df of key 2016-11-01:   3%|▎         | 3/119 [00:00<00:04, 26.88it/s]Saving to excel df of key 2016-12-01:   3%|▎         | 3/119 [00:00<00:04, 26.88it/s]Saving to excel df of key 2017-01-03:   3%|▎         | 3/119 [00:00<00:04, 26.88it/s]Saving to excel df of key 2017-01-03:  10%|█         | 12/119 [00:00<00:01, 59.83it/s]Saving to excel df of key 2017-02-01:  10%|█         | 12/119 [00:00<00:01, 59.83it/s]Saving to excel df of key 2017-03-01:  10%|█         | 12/119 [00:00<00:01, 59.83it/s]Saving to excel df of key 2017-04-03:  10%|█         | 12/119 [00:00<00:01, 59.83it/s]Saving to excel df of key 2017-05-01:  10%|█         | 12/119 [00:00<00:01, 59.83it/s]Saving to excel df of key 2017-06-01:  10%|█         | 12/119 [00:00<00:01, 59.83it/s]Saving to excel df of key 2017-07-03:  10%|█         | 12/119 [00:00<00:01, 59.83it/s]Saving to excel df of key 2017-08-01:  10%|█         | 12/119 [00:00<00:01, 59.83it/s]Saving to excel df of key 2017-09-01:  10%|█         | 12/119 [00:00<00:01, 59.83it/s]Saving to excel df of key 2017-10-02:  10%|█         | 12/119 [00:00<00:01, 59.83it/s]Saving to excel df of key 2017-10-02:  18%|█▊        | 21/119 [00:00<00:01, 70.78it/s]Saving to excel df of key 2017-11-01:  18%|█▊        | 21/119 [00:00<00:01, 70.78it/s]Saving to excel df of key 2017-12-01:  18%|█▊        | 21/119 [00:00<00:01, 70.78it/s]Saving to excel df of key 2018-01-02:  18%|█▊        | 21/119 [00:00<00:01, 70.78it/s]Saving to excel df of key 2018-02-01:  18%|█▊        | 21/119 [00:00<00:01, 70.78it/s]Saving to excel df of key 2018-03-01:  18%|█▊        | 21/119 [00:00<00:01, 70.78it/s]Saving to excel df of key 2018-04-02:  18%|█▊        | 21/119 [00:00<00:01, 70.78it/s]Saving to excel df of key 2018-05-01:  18%|█▊        | 21/119 [00:00<00:01, 70.78it/s]Saving to excel df of key 2018-06-01:  18%|█▊        | 21/119 [00:00<00:01, 70.78it/s]Saving to excel df of key 2018-06-01:  24%|██▍       | 29/119 [00:00<00:01, 57.68it/s]Saving to excel df of key 2018-07-02:  24%|██▍       | 29/119 [00:00<00:01, 57.68it/s]Saving to excel df of key 2018-08-01:  24%|██▍       | 29/119 [00:00<00:01, 57.68it/s]Saving to excel df of key 2018-09-04:  24%|██▍       | 29/119 [00:00<00:01, 57.68it/s]Saving to excel df of key 2018-10-01:  24%|██▍       | 29/119 [00:00<00:01, 57.68it/s]Saving to excel df of key 2018-11-01:  24%|██▍       | 29/119 [00:00<00:01, 57.68it/s]Saving to excel df of key 2018-12-03:  24%|██▍       | 29/119 [00:00<00:01, 57.68it/s]Saving to excel df of key 2019-01-02:  24%|██▍       | 29/119 [00:00<00:01, 57.68it/s]Saving to excel df of key 2019-01-02:  30%|███       | 36/119 [00:00<00:01, 59.55it/s]Saving to excel df of key 2019-02-01:  30%|███       | 36/119 [00:00<00:01, 59.55it/s]Saving to excel df of key 2019-03-01:  30%|███       | 36/119 [00:00<00:01, 59.55it/s]Saving to excel df of key 2019-04-01:  30%|███       | 36/119 [00:00<00:01, 59.55it/s]Saving to excel df of key 2019-05-01:  30%|███       | 36/119 [00:00<00:01, 59.55it/s]Saving to excel df of key 2019-06-03:  30%|███       | 36/119 [00:00<00:01, 59.55it/s]Saving to excel df of key 2019-07-01:  30%|███       | 36/119 [00:00<00:01, 59.55it/s]Saving to excel df of key 2019-08-01:  30%|███       | 36/119 [00:00<00:01, 59.55it/s]Saving to excel df of key 2019-08-01:  36%|███▌      | 43/119 [00:00<00:01, 41.18it/s]Saving to excel df of key 2019-09-03:  36%|███▌      | 43/119 [00:00<00:01, 41.18it/s]Saving to excel df of key 2019-10-01:  36%|███▌      | 43/119 [00:00<00:01, 41.18it/s]Saving to excel df of key 2019-11-01:  36%|███▌      | 43/119 [00:00<00:01, 41.18it/s]Saving to excel df of key 2019-12-02:  36%|███▌      | 43/119 [00:00<00:01, 41.18it/s]Saving to excel df of key 2020-01-02:  36%|███▌      | 43/119 [00:01<00:01, 41.18it/s]Saving to excel df of key 2020-01-02:  40%|████      | 48/119 [00:01<00:02, 33.66it/s]Saving to excel df of key 2020-02-03:  40%|████      | 48/119 [00:01<00:02, 33.66it/s]Saving to excel df of key 2020-03-02:  40%|████      | 48/119 [00:01<00:02, 33.66it/s]Saving to excel df of key 2020-04-01:  40%|████      | 48/119 [00:01<00:02, 33.66it/s]Saving to excel df of key 2020-05-01:  40%|████      | 48/119 [00:01<00:02, 33.66it/s]Saving to excel df of key 2020-06-01:  40%|████      | 48/119 [00:01<00:02, 33.66it/s]Saving to excel df of key 2020-06-01:  45%|████▍     | 53/119 [00:01<00:01, 34.75it/s]Saving to excel df of key 2020-07-01:  45%|████▍     | 53/119 [00:01<00:01, 34.75it/s]Saving to excel df of key 2020-08-03:  45%|████▍     | 53/119 [00:01<00:01, 34.75it/s]Saving to excel df of key 2020-09-01:  45%|████▍     | 53/119 [00:01<00:01, 34.75it/s]Saving to excel df of key 2020-10-01:  45%|████▍     | 53/119 [00:01<00:01, 34.75it/s]Saving to excel df of key 2020-10-01:  48%|████▊     | 57/119 [00:01<00:01, 35.52it/s]Saving to excel df of key 2020-11-02:  48%|████▊     | 57/119 [00:01<00:01, 35.52it/s]Saving to excel df of key 2020-12-01:  48%|████▊     | 57/119 [00:01<00:01, 35.52it/s]Saving to excel df of key 2021-01-04:  48%|████▊     | 57/119 [00:01<00:01, 35.52it/s]Saving to excel df of key 2021-02-01:  48%|████▊     | 57/119 [00:01<00:01, 35.52it/s]Saving to excel df of key 2021-02-01:  51%|█████▏    | 61/119 [00:01<00:01, 29.06it/s]Saving to excel df of key 2021-03-01:  51%|█████▏    | 61/119 [00:01<00:01, 29.06it/s]Saving to excel df of key 2021-04-01:  51%|█████▏    | 61/119 [00:01<00:01, 29.06it/s]Saving to excel df of key 2021-05-03:  51%|█████▏    | 61/119 [00:01<00:01, 29.06it/s]Saving to excel df of key 2021-06-01:  51%|█████▏    | 61/119 [00:01<00:01, 29.06it/s]Saving to excel df of key 2021-06-01:  55%|█████▍    | 65/119 [00:01<00:01, 30.98it/s]Saving to excel df of key 2021-07-01:  55%|█████▍    | 65/119 [00:01<00:01, 30.98it/s]Saving to excel df of key 2021-08-02:  55%|█████▍    | 65/119 [00:01<00:01, 30.98it/s]Saving to excel df of key 2021-09-01:  55%|█████▍    | 65/119 [00:01<00:01, 30.98it/s]Saving to excel df of key 2021-10-01:  55%|█████▍    | 65/119 [00:01<00:01, 30.98it/s]Saving to excel df of key 2021-10-01:  58%|█████▊    | 69/119 [00:01<00:01, 32.57it/s]Saving to excel df of key 2021-11-01:  58%|█████▊    | 69/119 [00:01<00:01, 32.57it/s]Saving to excel df of key 2021-12-01:  58%|█████▊    | 69/119 [00:01<00:01, 32.57it/s]Saving to excel df of key 2022-01-03:  58%|█████▊    | 69/119 [00:01<00:01, 32.57it/s]Saving to excel df of key 2022-02-01:  58%|█████▊    | 69/119 [00:01<00:01, 32.57it/s]Saving to excel df of key 2022-02-01:  61%|██████▏   | 73/119 [00:02<00:01, 26.17it/s]Saving to excel df of key 2022-03-01:  61%|██████▏   | 73/119 [00:02<00:01, 26.17it/s]Saving to excel df of key 2022-04-01:  61%|██████▏   | 73/119 [00:02<00:01, 26.17it/s]Saving to excel df of key 2022-05-02:  61%|██████▏   | 73/119 [00:02<00:01, 26.17it/s]Saving to excel df of key 2022-06-01:  61%|██████▏   | 73/119 [00:02<00:01, 26.17it/s]Saving to excel df of key 2022-06-01:  65%|██████▍   | 77/119 [00:02<00:01, 28.64it/s]Saving to excel df of key 2022-07-01:  65%|██████▍   | 77/119 [00:02<00:01, 28.64it/s]Saving to excel df of key 2022-08-01:  65%|██████▍   | 77/119 [00:02<00:01, 28.64it/s]Saving to excel df of key 2022-09-01:  65%|██████▍   | 77/119 [00:02<00:01, 28.64it/s]Saving to excel df of key 2022-10-03:  65%|██████▍   | 77/119 [00:02<00:01, 28.64it/s]Saving to excel df of key 2022-10-03:  68%|██████▊   | 81/119 [00:02<00:01, 30.70it/s]Saving to excel df of key 2022-11-01:  68%|██████▊   | 81/119 [00:02<00:01, 30.70it/s]Saving to excel df of key 2022-12-01:  68%|██████▊   | 81/119 [00:02<00:01, 30.70it/s]Saving to excel df of key 2023-01-03:  68%|██████▊   | 81/119 [00:02<00:01, 30.70it/s]Saving to excel df of key 2023-02-01:  68%|██████▊   | 81/119 [00:02<00:01, 30.70it/s]Saving to excel df of key 2023-02-01:  71%|███████▏  | 85/119 [00:02<00:01, 32.35it/s]Saving to excel df of key 2023-03-01:  71%|███████▏  | 85/119 [00:02<00:01, 32.35it/s]Saving to excel df of key 2023-04-03:  71%|███████▏  | 85/119 [00:02<00:01, 32.35it/s]Saving to excel df of key 2023-05-01:  71%|███████▏  | 85/119 [00:02<00:01, 32.35it/s]Saving to excel df of key 2023-06-01:  71%|███████▏  | 85/119 [00:02<00:01, 32.35it/s]Saving to excel df of key 2023-06-01:  75%|███████▍  | 89/119 [00:02<00:00, 33.71it/s]Saving to excel df of key 2023-07-03:  75%|███████▍  | 89/119 [00:02<00:00, 33.71it/s]Saving to excel df of key 2023-08-01:  75%|███████▍  | 89/119 [00:02<00:00, 33.71it/s]Saving to excel df of key 2023-09-01:  75%|███████▍  | 89/119 [00:02<00:00, 33.71it/s]Saving to excel df of key 2023-10-02:  75%|███████▍  | 89/119 [00:02<00:00, 33.71it/s]Saving to excel df of key 2023-10-02:  78%|███████▊  | 93/119 [00:02<00:01, 24.82it/s]Saving to excel df of key 2023-11-01:  78%|███████▊  | 93/119 [00:02<00:01, 24.82it/s]Saving to excel df of key 2023-12-01:  78%|███████▊  | 93/119 [00:02<00:01, 24.82it/s]Saving to excel df of key 2024-01-02:  78%|███████▊  | 93/119 [00:02<00:01, 24.82it/s]Saving to excel df of key 2024-02-01:  78%|███████▊  | 93/119 [00:02<00:01, 24.82it/s]Saving to excel df of key 2024-02-01:  82%|████████▏ | 97/119 [00:02<00:00, 27.58it/s]Saving to excel df of key 2024-03-01:  82%|████████▏ | 97/119 [00:02<00:00, 27.58it/s]Saving to excel df of key 2024-04-01:  82%|████████▏ | 97/119 [00:02<00:00, 27.58it/s]Saving to excel df of key 2024-05-01:  82%|████████▏ | 97/119 [00:02<00:00, 27.58it/s]Saving to excel df of key 2024-06-03:  82%|████████▏ | 97/119 [00:02<00:00, 27.58it/s]Saving to excel df of key 2024-06-03:  85%|████████▍ | 101/119 [00:02<00:00, 29.95it/s]Saving to excel df of key 2024-07-01:  85%|████████▍ | 101/119 [00:02<00:00, 29.95it/s]Saving to excel df of key 2024-08-01:  85%|████████▍ | 101/119 [00:02<00:00, 29.95it/s]Saving to excel df of key 2024-09-03:  85%|████████▍ | 101/119 [00:02<00:00, 29.95it/s]Saving to excel df of key 2024-10-01:  85%|████████▍ | 101/119 [00:02<00:00, 29.95it/s]Saving to excel df of key 2024-10-01:  88%|████████▊ | 105/119 [00:03<00:00, 31.74it/s]Saving to excel df of key 2024-11-01:  88%|████████▊ | 105/119 [00:03<00:00, 31.74it/s]Saving to excel df of key 2024-12-02:  88%|████████▊ | 105/119 [00:03<00:00, 31.74it/s]Saving to excel df of key 2025-01-02:  88%|████████▊ | 105/119 [00:03<00:00, 31.74it/s]Saving to excel df of key 2025-02-03:  88%|████████▊ | 105/119 [00:03<00:00, 31.74it/s]Saving to excel df of key 2025-02-03:  92%|█████████▏| 109/119 [00:03<00:00, 33.12it/s]Saving to excel df of key 2025-03-03:  92%|█████████▏| 109/119 [00:03<00:00, 33.12it/s]Saving to excel df of key 2025-04-01:  92%|█████████▏| 109/119 [00:03<00:00, 33.12it/s]Saving to excel df of key 2025-05-01:  92%|█████████▏| 109/119 [00:03<00:00, 33.12it/s]Saving to excel df of key 2025-06-02:  92%|█████████▏| 109/119 [00:03<00:00, 33.12it/s]Saving to excel df of key 2025-06-02:  95%|█████████▍| 113/119 [00:03<00:00, 34.09it/s]Saving to excel df of key 2025-07-01:  95%|█████████▍| 113/119 [00:03<00:00, 34.09it/s]Saving to excel df of key 2025-08-01:  95%|█████████▍| 113/119 [00:03<00:00, 34.09it/s]Saving to excel df of key 2025-09-02:  95%|█████████▍| 113/119 [00:03<00:00, 34.09it/s]Saving to excel df of key 2025-10-01:  95%|█████████▍| 113/119 [00:03<00:00, 34.09it/s]Saving to excel df of key 2025-10-01:  98%|█████████▊| 117/119 [00:03<00:00, 24.35it/s]Saving to excel df of key 2025-11-03:  98%|█████████▊| 117/119 [00:03<00:00, 24.35it/s]Saving to excel df of key 2025-12-01:  98%|█████████▊| 117/119 [00:03<00:00, 24.35it/s]Saving to excel df of key 2025-12-01: 100%|██████████| 119/119 [00:03<00:00, 33.46it/s]
2026-07-30 14:15:26.138 | INFO     | scripts.dataloader.filter:save_df_dict_to_excel:90 - df successfully saved to /Users/mac/Downloads/portfolio_optimization_pipeline_v2/results/calibration_runs/advanced_smart_bayesian_risk_return/trial_00023 / weights.xlsx
2026-07-30 14:15:45.636 | INFO     | __main__:main:693 - SUCCESS
Interactive Plotly report saved to /Users/mac/Downloads/portfolio_optimization_pipeline_v2/results/calibration_runs/advanced_smart_bayesian_risk_return/trial_00023/interactive_report.html
