,AAXJ,ACWI,ACWX,AGG,AGZ,AMLP,AMZA,ANGL,ARKF,ARKK,ARKW,ASHR,AVDV,AVUS,AVUV,BBH,BIL,BITB,BITO,BIV,BKLN,BLV,BND,BOND,BWX,CGDV,CGGR,CIBR,COPX,CORP,CQQQ,CWB,DBC,DBEF,DBEU,DBJP,DGRO,DGRW,DIA,DVY,DXJ,DYNF,EDV,EEM,EFA,EFG,EFV,EIDO,EMB,EMLC,EMXC,EPI,EPP,ESGD,ESGE,ESGU,ETHA,EUFN,EWA,EWC,EWG,EWH,EWI,EWJ,EWL,EWM,EWP,EWQ,EWT,EWU,EWW,EWY,EWZ,EZA,FBND,FBT,FCPI,FDN,FEZ,FIXD,FLDR,FLRN,FTCS,FTEC,FVD,FXB,FXE,FXG,FXH,FXI,FXL,FXY,GBIL,GBTC,GDX,GLD,GSLC,GUNR,GXC,HDV,HEDJ,HEWJ,HYG,HYLB,HYS,IAI,IAU,IBB,IBIT,IBUY,ICLN,IDEV,IDU,IEF,IEI,IEMG,IEUR,IEV,IGIB,IGLB,IGM,IGSB,IGV,IHI,IJH,IJJ,IJK,IJR,IJS,IJT,ILF,IQLT,ISTB,ITB,ITOT,IUSB,IUSG,IUSV,IVE,IVV,IVW,IWB,IWD,IWF,IWM,IWN,IWO,IWP,IWR,IWS,IWV,IWY,IXG,IXN,IXUS,IYE,IYF,IYG,IYH,IYM,IYR,IYW,JAAA,JEPI,JEPQ,JETS,JNK,KBE,KBWB,KIE,KRE,KWEB,LIT,LMBS,LQD,MBB,MCHI,MDY,MDYV,MGC,MGK,MGV,MJ,MSTY,MUB,NLR,OEF,OIH,PALL,PBW,PFF,PKW,PPA,PPLT,PRFZ,PSCH,QCLN,QQQ,QQQM,QTEC,RDVY,REMX,RPG,RPV,RSP,RWO,RWR,RWX,SCHA,SCHD,SCHE,SCHF,SCHH,SCHP,SCHR,SCHZ,SCZ,SDY,SGOL,SGOV,SHY,SHYG,SIZE,SKYY,SLV,SLYG,SLYV,SMH,SOXX,SPAB,SPDW,SPEM,SPGP,SPHB,SPHD,SPHQ,SPIB,SPMD,SPMO,SPSM,SPTI,SPTL,SPTM,SPY,SPYD,SPYG,SPYM,SPYV,SRLN,STIP,SUSA,TAN,TBIL,TFI,TFLO,THD,TIP,TLH,TLT,TOTL,TUR,URA,URTH,USFR,USIG,USMV,UUP,VAW,VB,VBK,VBR,VCIT,VCLT,VCR,VDC,VDE,VEA,VEU,VFH,VFMO,VGIT,VGK,VGLT,VGT,VHT,VIG,VIGI,VIOO,VIS,VMBS,VNQ,VNQI,VO,VOE,VONE,VONG,VONV,VOO,VOOG,VOOV,VOT,VOX,VPL,VPU,VSS,VT,VTEB,VTI,VTV,VTWO,VUG,VV,VWO,VWOB,VXF,VXUS,VYM,VYMI,XAR,XBI,XES,XHB,XLB,XLC,XLE,XLF,XLG,XLI,XLK,XLP,XLRE,XLU,XLV,XLY,XME,XMHQ,XMLV,XMMO,XOP,XRT,XSD,ZROZ
2019-01-02,,,,,,,,,,,,,,,,,,,,,,,,,,,,,,,,,,,,,,,,,,,,,,,,,,,,,,,,,,,,,,,,,,,,,,,,,,,,,,,,,,,,,,,,,,,,,,,,,,,,,,,,,,,,,,,,,,,,,,,,,,,,,,,,,,,,,,,,,,,,,,,,,,,,,,,,,,,,,,,,,,,,,,,,,,,,,,,,,,,,,,,,,,,,,,,,,,,,,,,,,,,,,,,,,,,,,,,,,,,,,,,,,,,,,,,,,,,,,,,,,,,,,,,,,,,,,,,,,,,,,,,,,,,,,,,,,,,,,,,,,,,,,,,,,,,,,,,,,,,,,,,,,,,,,,,,,,,,,,,,,,,,,,,,,,,,,,,,,,,,,,
2019-02-01,1213.0690234973792,1234.8055213809114,753.5451336110132,1849.1143102802848,,675.2438397178576,1090.5619386346584,,,,,439.73215500395673,,,,2508.423320216425,1609.8145170533596,,,1389.0854652048984,,1374.614094930427,,2069.6751060959077,521.4698328458036,,,,,1727.0368584848077,,868.6838952716607,,457.7074881214509,479.93478771904563,667.5509467655714,606.8402902898488,,4444.298436181448,,839.8443826712435,,1859.9182884581917,731.1153170679742,1037.2925541745137,,,462.0939171560224,,510.38585140899073,,459.82950853593,683.4157310664771,,,,,277.74052063057064,322.464520828561,468.5448534742151,462.9781850092355,388.12688371660397,421.6136042313751,955.6591760181293,598.761731912065,494.70863147627904,474.4255808307922,468.60516278519646,390.9625143100246,489.99791193150963,759.0079390517091,1080.354121575488,575.9892090562131,767.4380269811115,,2846.401412773756,,2646.840000000004,590.3720315174099,,,498.69953578241814,,1012.5294633821218,,2407.170079355148,2178.3078205181855,827.8552350146826,1488.5166301585427,723.9783358410743,,1841.299999999998,1790.047921249312,,408.741713924471,2567.05,996.0701057446278,,1609.3297893865058,1390.4951443691373,512.9997053996232,360.6010739945096,1214.804150183158,,1471.411725998122,,520.2600000000022,,,,,,1125.505590616603,,,847.765184981499,726.2909933783608,698.8927326482874,869.6394019074531,,,881.7499630479205,,680.8210149044924,485.5607388224909,1319.6168255997288,952.6984689809885,1388.3609863191477,1294.1066097072687,,471.5571916136066,,,,1117.9604195571117,,1070.086139835578,924.1920782176647,1913.2600713178763,4904.748285246179,713.2653901796502,2745.755737214843,2093.4872934531954,2725.729404293844,2753.9743940264784,2109.5367491339503,3605.212210479023,1206.6397584368412,933.0119646698384,1488.2150054910214,2931.184039835792,,,,937.1957012257227,536.2597764905765,1010.8679271861511,622.8074184993498,562.9755472811427,1613.2280053274467,1362.1868681928793,808.1988911917667,,,,,1428.2336521559491,709.4449126411575,834.4422452284402,,884.0507140176942,706.3450861566874,,,1884.6971076633274,,,6165.147297018311,,,2242.9738194602864,,7373.057849255333,,1935.3085620045263,,2202.2043477694415,6164.318582805331,,,494.19331633998416,,,1611.2000000000035,,,,3146.161454263026,,1471.9817147982828,,,420.6235044984546,1075.519369417541,1788.6399525280403,756.270309363245,1459.8461511021947,562.8463941244928,563.800986383096,,420.4567216968451,216.87963189917076,349.53256663243604,,,373.11889437183606,,1599.2741171739208,,,,639.1449256251334,,,307.9300000000002,1109.1156994138805,1058.0471461310528,907.8674584977641,958.8730262729765,,,,,,634.4622900494379,,559.3235535244289,,,,,,,4924.83698515054,,661.4398870994337,,,693.4344099385728,1641.6009223213366,,,,858.7770170839558,,1492.5675555555051,1848.0832914140594,2262.8531262943698,,734.3813791714108,444.6742820922034,,,,852.1399043292348,,488.1848169590851,2138.8730160619925,2677.719393623594,3254.8350610971393,2214.970701079733,1376.5683787000833,1343.2776565289691,3106.8907674845896,2368.755618046663,1348.6426714816398,654.6981204676338,822.1710020416346,1135.2430607938136,,1122.3133667791408,848.0448182555527,1269.7047024089356,3422.3886004831493,3120.4527795938106,1859.3189908569182,,,2421.830994618108,895.9430068607791,1267.0360132807793,861.8654085094862,2758.747671292618,1798.9381654895776,,,,4498.799237915064,2765.530143324941,,2532.702570064303,1544.0920598168645,1074.596237861065,2003.5753050775756,1688.3622763787657,1238.4888791426683,907.5524746063297,2506.7163985527895,1788.3536337801727,,2811.4273446382826,2263.1711472762563,674.993328615023,1115.806073978851,2050.0664272240924,,1364.5884410121503,,1675.7160092534702,1670.724813418778,2064.4153924824477,690.0873261070817,415.28428258374487,864.0702034958703,346.76540156683114,461.60612415234453,,1271.7098714616109,589.8006388236216,901.9196755871827,536.4182668909953,363.50253692956267,1637.827055088339,967.3228439202065,547.2403971878715,,,,2185.10567009468,822.7114286813035,,
2019-03-01,1153.8010683971183,1173.318473821762,708.7462320293582,1686.2375293204161,,626.079113189271,1017.3948606756157,,,,,438.84349579148517,,,,2351.298366868118,1459.0961205572814,,,1269.7709779562233,,1262.4335019566872,,1891.4093959604986,472.09677662074205,,,,,1585.7029482522726,,832.4996404940949,,432.78334433206277,454.65294642814,626.0005259283307,579.3527804868189,,4271.107498324556,,787.576583951343,,1693.20998264378,688.8708311969147,972.958504885246,,,420.5810329759966,,468.139206284606,,406.91932878361905,649.9502653297429,,,,,255.75672410317694,304.56848018523795,449.3223235325768,426.77243558173353,376.1524900223306,394.26854958008977,881.7527641792349,560.5627436138619,456.0861704253987,432.0677285909615,446.1794168800102,368.4924643727622,466.61622121023333,687.6144851028387,1028.1166416966398,534.457254409217,694.0957325802302,,2702.9045601617877,,2581.6200000000044,554.4005415997151,,,454.2215199685009,,1001.5728255834932,514.8111139283294,2196.0271760474334,1957.2609645207312,,1417.0068049437848,696.2825828556382,,1641.379999999998,1622.989042850339,,394.1470882840499,2367.18,956.4021922926503,490.39895628245694,1565.124905165394,1327.42714687018,486.71840250667066,338.1696550242021,1124.1891647031655,,1356.1512817133523,,480.0200000000019,,,,,,1070.4328882262387,,,798.1819961402861,683.9395476280647,657.1932766588423,801.4499704008141,,,804.8138686464947,,663.8681584965337,471.4814774780128,1279.0499737063246,926.2694979429378,1345.0463295673676,1258.141605176235,,434.89168063829754,,,,1074.150884478387,,1026.668110498565,884.9187126867599,1830.233171665055,4696.51701868062,683.5191809460036,2636.0547380733647,1996.5972428900327,2634.6054243485087,2677.658030431982,2034.3245525922139,3531.9571147790075,1193.5193308742073,909.7183268084382,1436.7763093075139,2816.2691912289697,,,,880.277324769533,509.0822760656407,965.9739161068462,593.0066733151347,530.2943150886089,1520.125807330645,1321.7957279244733,795.6554228921115,,,,,1319.8014076802021,695.426020228172,797.1814394984201,,865.5296857235751,706.951326795451,,,1739.9765945136396,,,5985.378293934672,,,2163.0089684719023,,7827.346661111049,,1763.245746917282,,2094.31576610366,5900.563019739533,,,456.7743232016659,,,1478.040000000003,,,,3022.2265765682673,,1479.8260975634807,,,406.5318412516966,,1728.0323766571996,722.6883396403588,1421.388307585321,526.1429395592033,550.0897606167379,,394.7996972896988,203.8391797137015,340.303370738721,330.68420249486945,,341.0332999903151,,1531.0056794846525,,,,589.275767028223,,,281.5500000000001,1070.5032733210762,1028.4502668584673,916.2644528357761,962.7603267097514,,,,,,604.5294778402163,,512.8706221466433,,,,,,,4715.011244342508,,633.9328558461325,,,634.7532453535176,1491.8117526062515,,,,782.9819941913008,,1410.8467867638965,1684.6209066542292,2057.411673592894,,669.410755484057,435.35231295676556,,,,783.5169825339806,,445.6795503414951,2037.7446222565713,2617.4735311506743,3214.809307441328,2145.854006194151,1267.9539626117114,1247.1994924102646,2931.481298279226,2241.76149555823,1280.4500698608858,615.8464514722964,772.059118457946,1079.575347885888,,1019.3752679123962,797.2982103429313,1155.0138625081577,3385.286977327934,2948.281898586784,1787.159440474654,,1239.860760882106,2400.266727441625,815.2116931950351,1232.483847364637,810.824499816138,2685.757397398956,1736.8881586049401,,,,4308.265717205525,2650.021936173789,,2484.569044824259,1457.7615112993421,1005.1852353191458,1905.7852972242983,1587.0406552343427,1177.4029207049446,826.9822422519383,2408.6406147102484,1698.5079759005555,,2719.9765414001254,2168.961383965632,633.6542322000467,1028.4917185473842,2002.8394205211537,,1295.7815934462556,,1702.6869657292923,1610.5092161734233,2027.4260477690148,680.9591370304498,391.00626424120287,817.3692707635481,330.13754119903166,436.47505244134163,,1263.3141618709444,578.9359597224504,852.8338042077955,521.4003287539158,346.09939718530813,1540.428167196108,914.8192838330407,536.3340499145993,,,,1980.54847949225,766.2719564756977,,
2019-04-01,1289.9961232391324,1320.5163378554705,795.402361170982,1879.4348907390709,,697.7390992093833,1127.9468554470425,,,,,536.3602424335273,,,,2612.8920681286227,1615.5808695607286,,,1419.0490217979645,,1413.4965229596914,,2104.949434335051,522.9918496452116,,,,,1772.9035323668297,,931.9207616526269,,489.43254527806073,516.8333199355161,699.3956068197209,650.7102715365855,,4753.560473327255,,871.2558169950905,,1895.0653289981005,763.0282710683939,1096.96952009183,,,447.37797258442026,,511.22274861850735,,486.8788727264704,730.6588457083043,,,,,288.9479463112025,342.83319139445865,500.9246357322801,480.2282206496769,424.0344119972092,454.7209059135304,977.2012884080395,639.2620741378637,496.22736103968333,486.99505704427736,509.83827241798133,414.4430447877464,529.6381408670239,742.0277859893589,1096.3346385343702,569.172920340433,738.2716883140454,,3052.166786952748,,2897.6300000000047,631.4542502463526,,,503.81996639504274,,1155.0120068830868,578.7687622577283,2455.4883348033854,2152.7351367648266,,1572.9503921258104,785.0123537386213,1310.0657976041482,1802.5999999999979,1797.120660072057,,433.6622907444705,2580.5900000000006,1074.0765197895616,550.032059407992,1783.848414147213,1509.3123008841876,556.2299708617908,377.8727376973479,1255.0672800830703,,1509.7937178923019,,523.300000000002,,,,,,1233.7423184517856,,,885.5896767499734,776.8303853070473,746.5515990803174,898.448500559339,,,897.2242793569997,,758.5952116130491,523.8771617386811,1405.2713261969727,1033.6138227790943,1462.3546122834496,1362.5147300117465,,468.84147256317374,,,,1207.3379920815594,,1167.171375362123,985.7874948712378,2040.8193512138218,5294.716062067804,781.0009620653387,2968.377122256973,2235.702470309248,2982.264096217453,2955.587443170399,2218.2415518973894,3944.1443062390285,1343.594725701898,1017.3238727093396,1599.4986269107183,3166.1947753774466,,,,988.4165425011122,572.3543843858296,1076.3591507989208,660.3138456304837,590.0220415464973,1694.8045405950763,1487.4155911063074,919.0607773638452,,,,,1470.2075574375983,750.7563071892725,869.5210786258954,,925.243234116533,807.9277641479465,,1028.3080302117503,1946.5119507668344,,,6612.130012308085,,,2462.1171725676504,,8952.510937583795,,1967.456497766657,,2372.105207730315,6463.541617491578,,,513.446466451546,,,1672.2100000000034,,799.9643816550498,,3454.3720877441706,,1677.1178775648686,,,458.2344461322464,,1929.7916226851787,808.5472634735556,1586.0373617289881,589.1637828594546,608.1601951930116,,440.53224649420395,229.1024351533968,379.74815306876286,369.02748658687364,,380.9810598119599,,1708.7220462325035,,,,655.6745499823318,,,301.01000000000016,1169.3230375737483,1112.6602670191908,1044.4740724342546,1098.282015941766,,,,,,677.1124693462679,,572.726011552363,,,,,,,5314.351722124474,,721.6098297568274,,,703.1362986787808,1658.4101807681664,,,,874.1113668045643,,1515.3227531111297,1880.0814092098562,2302.0443985555917,,745.6315931864482,452.1400345664621,,,,876.3747656536198,,495.78515691735595,2275.5895891611017,2900.671561684104,3603.2558591523875,2354.7024843354047,1420.7117137005132,1398.2215183437602,3293.7721814515376,2518.060868357036,1439.7416449627963,692.2138922315139,867.1485866538417,1188.4780082002433,,1135.446880505939,905.1994794088562,1291.0077598076143,3904.104597461912,3270.4961513055714,2004.7393668682503,,1347.6812677481394,2650.2114241181366,907.1311871722587,1383.6824563538546,914.3956340400746,3010.984587361506,1931.040142452699,,,,4856.757921268016,3015.8093570578026,,2807.181812731628,1644.283113819142,1114.8667400422132,2190.112425521684,1782.073004204974,1323.901794850584,922.1966641438646,2708.2803544091066,1898.4150159346598,,3090.8742004496016,2444.190015174645,713.0642285606895,1148.1971656163626,2221.939477524929,,1454.0901004060922,,1836.7883466347903,1868.4201213162644,2236.5852529660037,757.6599122843969,440.28513627410814,921.1463152494949,372.71240767530816,481.7482887837238,,1395.8379460785218,670.9546392373701,956.9949656662279,591.2232229751031,399.78149126280766,1703.724318866893,1033.552683019178,574.1435052368852,,,,2189.384894629642,845.1148694179078,,
2019-05-01,1402.7724161859335,1428.6584773941402,856.0502260737854,1983.1782732065833,,741.168795904132,1188.1265857783576,,,,,595.6266439059078,,,,2700.745689076014,1695.7098334197456,,,1498.8951670505007,,1507.8650435813288,,2222.646660621892,547.9610131997989,,,,,1879.3669790058807,,996.2412035417182,,529.6017832700476,561.9790482359346,749.7919669854734,702.6250811998907,,5112.936725600047,,941.6262340758288,,2008.5662767867102,825.1097840349905,1179.0948906954065,,,476.9767655391264,,534.7989900601364,,525.5350971452121,787.0954335413614,,,,,315.24512240773674,365.7373615150005,538.1856456178693,520.7763873713992,458.9233900765555,489.4659304668793,1040.3782642259337,686.1060835212244,508.04971568990015,521.2973439132028,550.4503047635744,456.8459568037335,567.8297659271364,828.8819031589625,1171.4663898055305,581.5465099663177,831.4026285969637,,3141.705519538512,,3167.751904761909,684.1846122456493,,,529.8628563022822,,1286.80262010528,620.7204800214183,2545.99210045323,2240.2924930309387,,1618.8560767304582,841.7557871702605,1447.0061441992111,1878.6657142857123,1886.5479785343373,,442.3677875956548,2672.4199999999996,1164.9627045081206,590.7571264582791,1941.664754867204,1618.4010046779524,607.0705128715043,404.9702679232028,1333.8563088728902,,1595.1803214688043,,542.0390476190498,,,,,,1299.6739039209342,,,956.8734854353302,838.3350563191099,804.7123335669821,953.3630528296907,,,945.2166967392952,,783.3576431698041,572.5480074638725,1526.293974049857,1124.2444988111827,1564.6103946091418,1465.0338578123321,,491.37209222778915,,,,1308.6393816968305,,1268.3081632143926,1068.5000598402282,2212.199868685585,5748.106652213097,854.2439552994205,3221.287385216901,2402.6077645755176,3267.157135795773,3160.757946389217,2374.215290030556,4213.822808984705,1473.0911932928168,1103.9504983507043,1723.8974776497466,3431.9206285751175,,,,1063.7612128369212,613.13933873228,1168.7323233042366,722.5668335954372,611.4163426455007,1843.4005620803491,1588.9169871008821,1027.5846135632173,,,,,1560.5883272501987,802.3501888035364,929.4507957827319,,983.0890860892176,886.6860555071735,,1078.4513186232002,2066.3963963001643,,,7159.9011991051275,,,2701.8978393262573,,8951.500732493598,,2076.386227428357,,2578.5295838293955,7054.143177187327,,,543.8571155077282,,,1846.9357142857184,,819.6238963711113,,3819.7151304749773,,1890.634767095923,,,498.0102653158093,,2091.595793505035,855.2457224854625,1684.6989880205717,619.3602448381084,653.3811008771092,,477.0810681228345,246.14527386555,403.5202445482091,389.59550018546065,,403.0585301524792,,1837.126269127099,,,,693.6581072200368,,,310.4004761904764,1247.0218199876704,1193.6315224719015,1192.4233758879814,1269.248665057962,,,,,,721.6434538876666,,604.9942531806255,,,,,,,5769.359271814455,,784.3361284869443,,,741.6168434033269,1745.3566046577944,,,,922.2834761105972,,1615.035559845414,1984.4783159584342,2428.2478670884902,,785.2665272040631,435.64007131896653,,,,929.8328940179622,,524.0258660766343,2472.868733756653,3123.565381343923,3889.103554821316,2530.086121051757,1506.673124407038,1499.7210954226387,3654.569986358774,2708.9216803672907,1544.7862955448309,743.4547239895269,934.0774556366492,1287.2808699221564,,1194.8550656118632,976.2139840464482,1365.383249677684,4349.1593509483855,3370.5710783508594,2167.2210820807313,,1441.722395339178,2885.8568033173997,954.4822237546861,1479.5412115940946,973.1482744972503,3276.6809019960388,2090.304154523954,,,,5272.636945652578,3279.0972669265116,,3070.6972225445606,1796.4852818192285,1190.4450225802507,2297.168187292197,1910.8418267136708,1429.5333191462494,973.7741026820798,2935.706818653923,2037.5047180176382,,3392.295872463187,2653.182327883614,772.732616465004,1213.798238401902,2391.0608074748475,,1561.2016279670358,,1981.0983502414922,1943.9925198869128,2449.2381924338833,837.1996164210683,481.8917153732665,1010.9341880348526,400.6373567116737,522.957699557184,,1517.0614501577302,750.6600511287133,1033.8827249467172,631.390732598004,420.8188134105901,1754.8587182933638,1152.8236836529995,603.0828804422576,,,,2414.3710074563137,898.4799051493259,1825.4287163651961,
2019-06-03,1311.5385225729347,1395.9045754891247,829.2151784872898,1999.5916531723708,,726.8059804780405,1118.3159454730894,,,,,533.1683236295474,,,,2567.2954791856046,1699.0119288258993,,,1513.8219152944146,,1532.775707237703,,2240.5087730490977,548.1526996947581,,,,,1891.9003050661975,,979.159177178091,,521.150079300415,556.1129673982215,722.4015428302915,695.9412221327204,,4998.2459848091485,,888.4915451309515,,2077.45131437949,774.1761215065902,1154.13198439686,,,438.71909754088216,,522.8699007295156,,508.90114547669475,770.1338741750069,,,,,305.6327411739473,363.9726509177018,530.4055086275127,516.6440289622307,439.28806775546957,469.8399070150479,1015.6326225642649,688.7324663314516,493.58710810638087,508.1419181738521,538.4975039836489,437.0941634923744,550.0359116336871,799.587072885987,1065.4327587098514,560.1144313891986,796.5976499358435,,2873.582038867685,,3128.3400000000056,674.9210816761016,,,531.2000977286978,,1256.010110101753,621.370515422909,2509.610639882956,2228.7401949834607,,1579.7913182819364,775.2862220692174,1406.7605994092928,1906.1199999999976,1890.461538484647,,417.6570664161251,2666.66,1146.261806855658,,1777.7924818661472,1589.1997319860548,597.1781647053023,390.10218042126985,1328.6674852715646,,1591.8140940493881,,540.6600000000022,,,,,,1312.4042716580523,,,898.8724976244741,820.0288599723498,787.6107878321287,961.2713144545645,,,949.4034233753473,,773.2022105796826,557.8814158764984,1477.6605695985195,1102.024082925399,1530.2296520023788,1424.5293272542237,,464.077400944288,,,,1288.7744527111827,,1256.17965067993,1045.2069614697168,2164.272586535615,5663.76834939991,846.6278095323022,3172.7021151579675,2367.284670712623,3217.6623668916045,3099.497583381687,2327.393598409566,4135.948933465558,1449.1303682742737,1084.5706301785356,1691.259343049125,3379.8735536580616,,,,1030.456212799442,573.5488671321688,1174.5106023962246,723.1575074601759,603.3942747396777,1719.8693667420546,1593.9146977468415,998.2975560850235,,,,,1550.8280789186983,794.648663634754,918.1992315665311,,973.9194792300351,807.5540541651469,,1080.6340730448346,2081.399198892403,,,6975.207260533268,,,2661.8891882660114,,8560.007336267789,,2098.818158477287,,2544.3114903967844,5957.635042600872,,,544.2288374044091,,,1733.5300000000043,,810.1854221998276,,3736.9054111989094,,1799.9436234101947,,,489.47896800576325,,2046.1541637901323,854.8810078754402,1692.685931535718,614.6666402040336,641.421884244356,,452.5970600612125,240.20708602301661,405.3966564251937,392.5692076593552,,407.2502108937342,,1806.6651482934078,,,,692.0730598101118,,,301.8400000000003,1226.9237189730773,1160.2783529622882,1114.403140036061,1196.3613019451393,,519.5983074515487,,,,705.7178274558231,,608.7617128504526,,,,,,,5683.979897252965,,777.4779777528386,,,742.1179776651943,1751.6595202079866,,,,935.3239615105233,,1591.4651449318767,1998.733132243946,2470.1264806957956,,791.8342790336628,387.20516008881987,,,,936.6431701840033,,527.9587114041716,2337.9362973809434,3059.0467684789364,3814.350157813943,2474.362587608796,1519.023822581626,1514.5359524854034,3569.5076208551955,2737.4197225958605,1442.240687293843,724.9729999319276,905.3797297103281,1290.4925680172507,,1206.1211073809409,954.6255144537951,1398.4143954250526,4244.68885560333,3328.8157254757884,2157.8687655777007,,1409.9695735628518,2821.6661044470547,960.346021109814,1485.3246136409177,953.1852278461782,3218.5954781937326,2040.8269121341625,,,,5195.367017053865,3249.981402574582,,3032.2260852632044,1783.030012564426,1151.86280123798,2321.431962434449,1846.301671169155,1398.1362205070118,986.0744195304744,2891.731432407014,2007.9526653797761,,3344.003157972501,2614.863299602854,729.55386375143,1215.9811369088807,2348.3506467016855,,1532.6790957466774,,2047.2048959685308,1811.3601865501485,2052.4472544365667,831.2159734184987,457.6996415994023,1004.1539132858452,376.0238820664217,524.1110167849693,,1478.959269025195,732.8993083950766,1048.4920047701112,634.69197683322,425.06812031074645,1738.2105491630505,1127.4070247125521,546.134408068127,,,,2190.6369987310095,853.1418931868641,1717.0169189819273,
2019-07-01,1195.8176555395787,1287.929303306882,765.7535739143378,1847.3388625788857,,652.7658024999283,987.2360956398105,,,,,491.33786498534624,,,,2387.954067889943,1547.7115818400368,,,1408.6422576334876,,1449.8658326118182,,2061.6182169799285,,,,,,1755.700498766604,,892.2903334050495,,478.5755190305681,512.9207098809436,652.2725809188142,644.7368223571398,,4630.608200905408,,798.0743341768745,,2001.8304249688138,714.8936079653358,1064.6732958018351,,,426.04515599868654,,491.64577774498406,,473.0094677353171,715.1789516851131,,,,,275.39602305410494,342.96493912005036,489.0576753386944,471.5221195506934,400.17380613425394,435.66719003744214,932.7317344968451,655.2354144529156,464.9754644197123,466.67215201452274,502.3054886947532,397.9365823175867,500.40867526203346,726.014709192662,984.0134652539143,554.2708485003529,730.6013129805535,,2649.003830478041,,2838.140000000005,626.7226524571787,,,483.98221623452304,,1158.4048583053416,577.3817202734513,2250.881853320232,2044.9115757497254,,1485.2388914391327,704.6726338723118,1281.8583820978783,1763.0299999999982,1723.1476656706166,,440.37415901119664,2569.4299999999994,1057.1607387289341,,1588.4572252600944,1467.3904143650923,548.3155965711784,352.39130393909426,1221.6262578372666,,1456.4486377723858,,521.1000000000021,,,,,,1234.4988377103755,,,829.7580555826133,755.8738278322428,727.7685657354308,893.7681684701552,,,872.7759280162156,,746.5337536205386,514.0413078119053,1336.8749128484862,1014.5996883198167,1371.1544084368693,1267.6840298739119,,445.08584850922045,,,,1185.8413236621022,,1160.4712593818429,960.7392485219978,1991.8699316835464,5222.766238659837,787.0670183771834,2923.7661064211497,2179.655823574632,2967.4781646746915,2792.776738236999,2078.825991187415,3755.330072748264,1347.2920798119096,1000.2973455063006,1551.8591488193695,3109.962164378624,,,,950.496637754785,511.1235352203404,1083.2214063190609,662.3847977218031,569.4326595374557,1644.7209024748086,1484.0146416903037,910.5502475567564,,,,,1425.2478533366138,705.5017774801379,822.0537992287728,,863.2198955839503,700.7477410809752,,986.3210630443702,1947.03822430506,,,6367.298389700694,,,2446.435374240951,,7323.320976199088,,1923.8132563224824,,2337.349655915521,4986.150388469106,,,500.9210155536189,,,1532.1600000000035,,739.8252662607601,,3411.2110639154175,,1621.4086026007017,,,451.4769379172079,,1885.3175928313542,788.268746855668,1561.6395552075717,566.8451702899038,580.9195161379538,,417.9248549116744,221.85886832886712,374.05865711904517,364.42993585833494,,378.0950316768442,,1664.3555705488297,,,,632.9023301896761,,1140.1781815272625,281.62000000000023,1108.3944174755336,1031.0927932942147,999.7075073682327,1073.976711141303,,479.63021931405956,,,,644.0055899279436,,562.7313271829453,,,,,,,5241.658902530604,,718.2166254504984,,,669.7286151236773,1605.4292542212936,,,,857.643347391049,,1528.5514954188857,1849.3174017496347,2326.6374588067747,,729.5820466012865,384.2846526926759,,,,870.3716572094594,,477.14057295722284,2219.6648383819033,2783.937096512111,3504.9290010991203,2232.3479128841013,1413.8639565039912,1429.3600089524157,3278.4850517263644,2534.945565116455,1279.90177885319,668.3027917210508,835.6257724819596,1176.2506229945895,,1118.1958457609576,881.0937310038205,1329.3665240530836,3915.6941629780863,3122.857621560809,2015.7614839803239,,1263.1500631584574,2594.484820674823,882.0382415507077,1382.475590757614,880.9396565299887,2974.0235580460694,1879.6504545843386,,,,4790.9116381872645,3002.7400786368207,,2810.9658758754495,1595.7879549232334,1060.5914408440808,2175.9627585714907,1695.6623131306542,1288.8278433688636,904.3379983692116,2661.533782935697,1853.3227995815685,,3080.044946350502,2411.1935808819744,672.055986862554,1133.414196886865,2137.9142082192243,,1411.7801628756363,,1932.894966351623,1666.4974165126262,1676.5590384382783,771.7885859622829,440.07969221377346,902.5038184566996,337.5154811235524,478.4578383809779,,1358.9219330653498,679.3555830628883,977.4410586782375,596.641994931592,399.89670835970225,1632.6381230050297,1041.4611639808002,494.8440948861259,,,,1802.9530375876805,752.4637053549357,1570.5442306360383,
2019-08-01,1353.2264994241018,1460.1699820522954,861.1602683897911,2043.6900465239196,,737.722804548988,1120.2602136837936,,,,,559.7192845899251,,,,2705.200432685961,1705.5274604464335,,,1559.2961518678324,,1618.3588904691194,,2279.1964105520924,,,,,,1950.1640613005732,,1013.6708662028838,,540.7123199538364,579.1566528863993,734.3308650926335,731.0620543351315,,5278.718626868553,,902.4135548564444,,2206.935337190451,807.2330731353848,1193.7386143793324,,,485.84597937162704,,557.004694038298,,505.9964067621674,813.0726798748811,,,,,309.24247912934777,387.6759993739535,552.0885021549166,525.2616420066006,456.4666610774617,502.13684596290557,1045.2168520093278,730.7848282679456,517.8191909117664,514.175899019686,565.6204647817609,457.17527388600774,555.49555686399,786.984720239483,1070.830207969028,649.753416396521,821.0689406573183,,2977.317182507352,,3263.050000000005,705.253390824024,,,534.146018197942,,1351.0144330668622,647.7540989542883,2433.5354783113667,2230.6795360562055,,1682.9957941768764,796.1173806373421,1503.1124270340974,1934.259999999998,1899.0460533342284,,541.3379905893734,2936.65,1209.7600079181746,,1815.0530764936275,1642.0241773867895,621.9505199214624,396.71936988226975,1356.6459598197432,621.4148596996018,1614.222375559632,,595.6400000000024,,,,,,1374.6574050942104,,,936.2232017392605,844.8976044120218,813.0431688694118,994.9441700616234,,,964.5908463708339,,857.3784392899864,587.4223895628181,1519.3331555858806,1146.4440406566803,1550.6049999393224,1435.589302869534,,505.77827690823904,,,,1353.3844353524566,,1323.3534355667862,1097.3073846910322,2276.4304308680166,5964.680511892396,903.5309004557413,3340.2965603565876,2474.4920292202005,3409.496999684286,3150.5475739808626,2329.4129954424097,4261.557132340542,1546.453334085953,1138.2242294207733,1756.3162461489912,3549.5285183645356,,,,1068.6885161552586,575.2626108486885,1236.0985984943661,767.3959652674943,639.835511609709,1854.5092132860177,1646.6382654775061,1070.9824214144883,,,,,1582.372242101802,803.1254566149544,944.3531240423246,,981.749176614896,794.6153840939908,,1088.3167133731406,2175.2910151603705,,,7209.548319494662,,,2818.6664935630843,,7618.355728095799,,2129.50775954821,,2674.163159276368,5727.366533958449,,,557.9490424643227,,,1754.4900000000043,,836.3642009021033,,3950.104558376643,,1933.4191490632165,,,513.2713941781531,,2143.702256223376,877.3926479260667,1734.4060104638722,631.4261050416363,660.8991289098878,,474.05355051788206,250.38981717871675,415.59341799584837,405.1812684072017,,419.4262842083181,,1869.5783790868934,,,,700.9048354527503,,1290.2321838983623,325.08000000000015,1253.9629262340502,1165.2376520092125,1208.635549079711,1298.6338593721666,,537.8331680745207,,,,722.2787896801568,,623.7701861448164,,,,,,,5985.145103976018,,819.4532805088566,,,738.1552152882473,1772.350941942099,,,,949.3392962450041,,1719.8798427631439,2046.4363594108067,2568.1648390949904,,805.1929444354353,467.45303063130723,,,,969.6580959425827,,529.4568553382542,2508.160485889399,3161.3440158055364,4011.4149788112186,2517.203922156439,1573.252536444631,1611.398969053103,3771.6398343007227,2862.944260658484,1439.4188753769224,749.2738137583041,939.1844565243878,1346.4956486150693,,1232.6839727791994,984.8779632104404,1467.157925375477,4567.206187105553,3497.1453767609846,2297.23719926822,,1428.3771760262462,2941.3115099383585,975.8064984298192,1532.3460844258207,986.3843384707908,3389.003569105292,2137.6674305798365,,,,5470.825249823506,3425.8149424567914,,3207.782476939563,1840.951976406402,1190.5549043784706,2416.192986284293,1903.2972156333674,1460.3070479023716,1000.8970584902962,3036.9094792299256,2101.1023625611597,,3544.1728849531246,2753.976240104293,763.1494405517046,1272.1348106725552,2434.8819706737295,,1594.6245942148137,,2207.7176930690566,1883.62287263134,1884.213537885442,874.0868753929911,497.83862261712187,1045.0827278255688,383.6510400998964,548.1678752637631,,1536.8776609654064,794.5237471530709,1105.3219094747426,660.7598647749078,446.68199391585534,1821.5813145242705,1202.9636345781773,576.5481219378826,,,,1946.822574362225,849.2189125847536,1919.9885642970964,
2019-09-03,1254.4287743735474,1400.6506112556567,816.9126777653406,2087.29197664156,,672.0511380795642,967.2056115155807,,,,,531.8262668596927,,,,2657.9262150982913,1708.5777266508996,,,1597.2381994601067,,1725.5128768694922,,2314.2843050851047,,,,,,1992.5956349104667,,993.5030468362131,,518.8034925276552,558.0832436384682,701.4272452575726,710.1182995341976,,5090.076315794878,,847.7911807197182,,2486.0058804182086,748.0546020036657,1138.424680840054,,,458.07059496719046,,536.4148255284956,,463.07889225502714,754.2550539273822,,,,,281.15904139214194,366.8211456854023,533.3878035295537,494.0891772712716,407.44737911427416,470.8547457944859,1016.5531756299881,724.9665910541847,487.00992819403615,478.8419022598241,538.5681718568331,438.9282148779473,518.6519042233012,727.4685109174495,975.5656522061909,595.3591374414798,716.578896603889,,2857.8556852697193,,3020.080000000005,669.3852202054168,,,535.0342513287026,,1305.6049008849272,634.0887644473265,2373.746443386692,2212.0846775351733,,1641.8518066479446,731.7902816031398,1444.328403287513,1971.459999999998,1903.287293297024,,588.1090176733009,3120.09,1174.4626498870377,,1687.494630994613,1589.1998274865675,594.3536979758987,378.94327225519413,1354.53154163504,621.3009215861906,1606.4600070228003,,632.9400000000023,,,,,,1389.9533264646766,,,868.5502990155308,804.5144275923129,773.5103486953622,1016.115617336196,,,972.4028042647233,,856.221821962888,564.2603828353207,1444.9859796137862,1110.9099009501801,1500.3761521241724,1382.2953513302286,,454.383088026988,,928.8160392945555,,1309.253516415067,,1286.5941398091877,1057.3624277560616,2195.37214737219,5778.310731683347,878.3536178470309,3232.9991850943384,2374.2611401537843,3327.890998690229,3016.110860409563,2213.4113372653037,4109.134637338751,1501.3949401020097,1096.5033390657773,1683.2809792572757,3433.7822246527835,,,,1014.2058049241115,524.9606708700315,1197.8960247427503,732.6260341602252,625.0041225137995,1750.1180789654652,1678.15203106293,1035.9369374946418,,,,,1579.8905876988026,751.159838807273,879.5253390480752,,916.4779808922751,740.7014905754116,,1093.1330647363582,2240.2353794948644,,,6924.2514232752155,,,2756.0211217680367,,6712.564943931294,,2162.9679403648356,,2588.4531544046254,4650.199616673355,,,562.660527052363,,,1792.680000000005,,829.2153429333246,,3814.556586037075,,1841.7488386017726,,,498.51453636410736,,2053.7944106073787,871.466874905155,1744.0231951893109,617.2747769871103,634.0040113747283,,441.1431560775281,238.83576764385268,417.9089922051417,413.3375709011545,,429.3493972274632,,1808.5326242316473,,,,699.0894129767644,,1231.9598136668444,354.2200000000001,1218.6296399810287,1121.9232966828263,1169.4511577511125,1257.3032735385766,,513.2527022423889,,,,693.7033211782983,,632.3547347577504,,,,,,,5797.679067132,,796.6355171698161,,,733.633601806859,1779.4115586885728,,,,966.9310537792466,,1620.9027405118647,2085.2151136984253,2713.910407159881,,814.5856718100431,458.85165990341756,,,,994.5598616235752,,534.7917093474254,2395.3333941650444,3035.18523792914,3898.0651659702944,2390.2936451482606,1606.3129362409118,1691.4626975948054,3606.157402124916,2857.184735144968,1308.5774982647774,714.0067525001665,890.5276402900973,1280.4516742422047,,1257.790106803711,937.0208250905465,1594.77141043413,4413.887224492356,3412.205806461916,2272.066393689293,,1382.3490707068795,2821.721889322254,982.8545797548869,1561.1684265437416,949.2824444113201,3266.373837590421,2049.898521853202,,,,5299.725238823005,3330.8760738335986,,3107.501601035642,1785.7572404034604,1132.3183980042193,2446.036354528994,1802.4971363244763,1400.8208528242133,1017.0954930413021,2937.4124404626004,2017.320918595812,,3460.7752758322845,2666.9921727444853,712.2392553267679,1278.5891639035715,2337.8670845613237,,1540.6504668522853,,2203.7506570245473,1793.5872573038675,1520.5884754885342,855.8948736765994,480.24903530838,1016.2784603844887,352.0617071553221,520.1265616297505,,1475.1553057326112,769.9388881267698,1104.850854575459,678.8904708205606,452.80820276291877,1777.652777814567,1154.834377936154,525.0697791445795,,,,1666.4412877598038,788.6657074065721,1899.3649016797992,
2019-10-01,1188.9054441950661,1315.0798299951482,770.9847988893285,1896.010735542244,,622.1364730280214,902.0048031473196,,,,,507.15237178688267,,,,2353.8196584727943,1555.7122031763531,,,1449.1033079844944,,1560.895832064305,,2105.2918099724193,,,,,,1812.6227492267737,,910.5461576558965,,492.3914827543179,527.5951971660687,679.3991376627323,670.8118305481588,,4788.679694807272,,827.739734348674,,2237.782466100548,708.6165677457669,1074.3143699348902,,,423.6314771493755,,484.6535988590876,,427.6648425648044,704.8457558591972,,,,,269.6875793491984,347.3758246770709,502.1851480950561,466.1366874310622,373.9682694528612,449.8749383282079,970.8036999970819,670.6808365000969,444.1259081116369,447.75091132205745,507.6476538688083,422.1005013689136,490.6758399711065,714.269553316332,954.3486774103051,545.5712442280986,689.1068831765579,,2512.5225972904623,,2756.5600000000045,632.0014878332855,,,487.97330336453354,,1218.6502754003582,599.4291703694033,2196.09125861434,1989.2030527777185,,1478.3684361053538,694.2483122718841,1314.633564651634,1768.6599999999983,1732.779946624272,,521.0456526016492,2841.2099999999996,1101.3762945302224,,1606.3547961150748,1487.7348291517549,565.9307001373179,367.20982046036244,1248.0553267105392,572.8713256586487,1477.219536806086,,576.600000000002,,,,,,1319.5904204045876,,,821.8074159797441,756.7722807303504,727.8689832045632,924.1629143014779,,,885.320170368501,,791.7956003582713,532.2333776065137,1376.9784094780523,1031.895241499676,1417.095188541111,1327.9492578878483,,425.2423847161054,,844.543282859172,,1225.5087786787208,,1192.9035717023412,1003.999564645819,2084.239410292138,5416.1485806058345,816.5048939952513,3025.2258471941072,2245.3155745270988,3082.197514150814,2829.573808695448,2117.471010926968,3782.6941798736198,1377.4595631545883,1025.1780060083533,1593.8034802872007,3213.0816778984854,,,,956.6369811205697,499.8010169006894,1131.2608903306061,697.2197383267041,572.6673770454969,1642.6504242807068,1564.27210283407,971.5479613847979,,,,,1455.639913144364,719.9235141359968,856.367644227389,,878.1603413431973,720.0976135237181,,994.9405492679393,2034.236318397385,,,6500.57869937772,,,2569.9515709856105,,5506.213287194431,,1956.6750380232277,,2426.9036827413715,4536.415646804699,,,514.7829359808417,,,1779.1700000000046,,758.0789879994722,,3558.881987526071,,1751.114276379742,,,459.06423015427856,,1936.7460959575546,814.0435776465595,1633.8722669414883,575.516416342262,591.2355438946731,,415.91675835201124,225.6199801918662,391.6126295437989,374.85098003684607,,390.92635879734473,,1708.6482921883635,,,,641.566731717819,,1134.6909198056833,338.55000000000007,1132.781654173183,1076.9349168825142,1136.3283615438497,1224.2176231055776,,484.6182383430253,574.3891933280003,,,661.3898215791143,,575.3957604547575,,,,,682.6153605033483,,5434.125871957944,,738.6565824780614,,,670.6576143622286,1617.3373225352339,,,,873.3204838050597,,1502.2066672554402,1888.4242795919329,2449.086808652916,,740.9214415898975,430.06853639447985,,,,903.7923045261787,,490.36808769229094,2245.185019592862,2831.5185958729116,3583.598619586062,2259.6316096857336,1460.0051350470426,1531.3816366255626,3388.0678376402666,2662.6329714815115,1247.4635395192204,674.4523197969532,840.6613149086269,1218.541942106981,,1139.7126029358783,881.7538977015104,1438.9212865930738,4119.189834412245,3110.241629080285,2126.608579993594,,1306.0935529389749,2677.673955278984,896.4284208282999,1459.8105140493853,883.3050178461282,3053.1874092573944,1946.881004050305,,,,4968.181984683184,3088.0320656947247,,2860.3576830510747,1660.2811657370728,1079.1459087284777,2318.472853371845,1693.641157662359,1316.4304130767193,920.6633533787515,2748.9958869042553,1900.9260260145718,,3221.8959504462578,2497.5308916710264,671.4792741356284,1165.7453029740614,2172.8479567129866,,1456.1659738835062,,2087.799890137699,1600.8847599825197,1465.5260314393795,816.7219560192917,448.78440173681713,950.6288388700908,335.66656383329973,495.4095235831526,,1401.56020935458,721.8399531571494,1028.6984361577922,632.9338664643151,430.6015542831783,1627.808989407341,1087.966819331977,494.8302636408809,,,,1611.030195239758,763.2012218186496,1802.8777865461939,
2019-11-01,1318.5818784082544,1451.9343174319672,854.4892732418012,2091.1918703681813,,648.5338100004551,926.0142547725255,,,,,552.7369622062193,,,,2577.2545810240726,1714.0671805766758,,,1600.5001747334268,,1717.3220782886133,,2312.867943919072,,,,,,2004.0825022717497,,999.0450867317521,,546.2068171862882,,768.8103951408475,740.9838058268905,,5239.869997950331,,940.1616210177666,,2439.9018568837437,787.0471055682316,1193.8377284904973,,,457.61567511343264,,540.7633377296856,,476.085006439398,770.6495325581408,,,,,305.3697011754967,380.68284828645585,546.7168396540557,522.9653596417163,404.44294580259776,500.7256847297538,1091.0873808758122,734.1476626208548,483.8544761709647,504.07234301036704,562.0809124364434,485.2234100437242,545.5528714761833,805.8618143702035,1076.354755719394,609.801129921671,753.6489016897923,,2713.2418206264956,,2932.370000000004,706.0712999721595,,,538.0371547382769,,1350.2308524118062,660.1103494660617,2472.7173906490802,2196.6269883965238,,1612.8541541933432,770.7955918862172,1428.949852074787,1934.2499999999975,1910.396729585387,,553.7475712034017,3099.5299999999997,1211.7636326423471,,1756.6955405633628,1625.2091986472215,624.2275960118019,415.53036264549706,1372.0632880592239,630.3745655194616,1619.9811844206715,,629.2200000000022,,,,,,1472.2419708827654,,,913.0669363826509,841.6076144269153,807.9035652235955,1022.7455287531978,,,978.6451143214825,,856.615039366606,590.6330760227473,1518.5778810677482,1133.0697846365476,1547.8823050121646,1461.7376731493987,,474.8942273339352,,932.2859193379018,,1345.789385545345,,1303.9757008383185,1111.8227080734055,2309.188948759374,5957.442251885455,899.1476490845278,3324.9616325778993,2465.072609664076,3390.6899879760294,3083.462629500695,2330.1206437007336,4083.7002996536735,1503.5203684014716,1121.0958220197979,1745.3285289614169,3529.5721624547887,,,,1061.5730823422314,528.5379847089499,1250.4513196119838,773.4587061942719,638.675417308292,1780.5862438096822,1742.3570089143398,1083.3589651289085,,,,,1598.4333126852034,796.8921580173778,957.1957053047768,,970.4303725426287,790.6457536100288,,1094.3273763300679,2250.584161686758,,,7118.073172548132,,,2824.8529047095735,,5059.0332300644695,,2156.197913935319,,2677.6779388492087,4496.987340790083,,,570.7119595385117,,,1865.6300000000049,516.2142579231777,824.1635267865919,,3939.762351548154,,1925.0768171346072,,,499.1694910265302,,2120.77375542027,917.1447885202184,1825.0653422479804,655.6946751102695,644.4412749272163,,462.11065775152406,250.74488938323015,437.45341298610566,412.24197272246226,,432.0517599824481,,1890.9319772408485,,,,705.7937153486578,,1227.267160589464,362.69999999999993,1230.452867236349,1182.7466829884577,1280.2686986302722,1376.3403182907168,,538.4288575864402,637.2092629489815,,,724.838078336523,,636.1470028177497,,,,,747.7730536793827,,5976.924989384449,,807.3950845050791,,612.8832192701054,732.5013839848739,1781.4992497475223,,,,961.824969339606,,1617.6204002054872,2074.598378718235,2690.034837361685,,815.9904407746594,,,,,999.0914058356784,,538.4457189427479,2449.0308224356572,3084.209702114554,3872.6792522949904,2476.7276922112833,1615.685528056333,1691.5982958345887,3705.856686531795,2923.253564735614,1314.2960205511145,749.6376402470379,933.9578243012259,1341.145202972422,,1257.4004837840655,980.087307602156,1575.9352522867607,4563.865235701357,3422.2691361610314,2325.1930194640563,,1426.6574346196314,2923.1359862818426,989.1855226234658,1627.4070991440408,1000.4601963015906,3343.9029519059195,2133.0332503875616,,,,5465.326007679505,3375.263923215012,,3131.644727159255,1810.4912377166045,1204.9825707982834,2573.5703461762077,1881.4806287774084,1454.0467054147066,1014.4666882976397,3018.2491361204993,2092.515619798359,,3539.011040232673,2746.3905757282187,743.9160175932852,1283.6654391450443,2365.6247326774783,,1603.2720943219472,,2204.79616591511,1716.4289730369564,1415.2864651629934,930.0186526495257,490.61150068343676,1033.6202375786313,357.7252870207661,546.6542639729668,439.05599220473425,1527.949781369765,802.9033990663621,1132.9135781257405,701.0161092569621,480.9325851237459,1800.7153467646976,1190.511068376186,532.7595547706167,,,,1613.1576486454392,852.8804280188357,1952.3997555099447,
2019-12-02,1185.2456143658849,1305.6778171961573,764.5144351743606,1803.9381917195074,,520.5046584394266,733.6673485321778,,,,,488.1459461813663,,,,,1482.2455361780314,,,1377.8597035098014,,1473.849647310484,,1992.948050214639,,,,,,1733.7063394492507,,886.6751139907531,,490.0860993001424,,696.8640327172893,668.1659847951269,,4714.747484172918,,858.0841514619945,,2058.763240789994,703.5957795478249,1070.8040784978,,,396.53847252557574,,464.16402911713067,,424.5677663958762,685.1178630460334,,,,,274.3333668746759,335.912663874402,487.741731419322,475.06283767651513,363.0662408842315,454.353132068094,980.8338250649657,655.0231950685677,426.9057025987935,438.37890804068616,507.8836240251628,442.7131362086851,488.2666810018429,703.5636395072131,970.6088110498041,531.6288175255247,667.3771402250147,,2565.6198621797953,,2562.4500000000035,634.6475866041641,,,465.9309716608965,,1243.6276549460224,584.0672476137449,2172.9025240462506,1894.118300769867,,1500.5251624038294,680.3422944548588,1301.7980375559114,1658.919999999998,1652.322604626007,,471.7392357191643,2634.350000000001,1089.91415408849,,1578.5433111425439,1441.1041181747623,561.9628923142501,376.6539640343991,1189.5327071192103,546.7740517184642,1398.275363260821,,534.7200000000018,,,,,,1244.626925863145,,,816.4776679848704,755.7778253192353,725.5519487740725,884.4685799081939,,,846.1475125275804,,768.7612723397464,530.3344501050323,1371.2342835332254,1011.604127295111,1392.9457232766845,1322.5279431501338,,412.375148256468,,805.0815228424188,,1214.4808651943104,,1166.9404256769985,1011.278403270853,2100.9643886365743,5374.025131619026,804.755053616811,3000.2859830023745,2219.0031759304484,3065.5806903656826,2794.862496970179,2096.185582284862,3728.021845748304,1353.8734036286717,1004.9996336812819,1560.155474435417,3185.372141511162,,,,950.2413644490927,471.7189495308964,1124.705634877079,713.3462141845961,586.5850037809647,1625.2616113525885,1483.2274628697319,999.1289863173539,,,,,1385.805277165811,732.9486278157119,897.2637571750797,,890.5558134117156,730.4618370466984,,943.9594439692371,1946.521255603392,,,6389.656106823041,,,2546.90740995076,,3948.057477252384,,1860.0274827315911,,2426.342050145311,4023.487592760699,,,492.3785698394205,,,1619.680000000004,465.6576095278746,751.4454218003405,,3590.634451215995,,1767.317336314892,,,447.3638988191728,,1909.3672837425395,,1555.114983453844,568.992346934004,582.8169719892792,203.22670379061825,412.2464237509883,224.8175170096661,372.7564042204236,357.20444128056874,,373.52869384748254,,1690.009694264632,,,,610.2949689811859,,1113.6009519431614,305.08000000000004,1100.224025818641,1069.9868118819372,1198.7148491552093,1285.051245892264,464.2488934616165,483.029732977906,568.5737457452312,,,641.619554723232,,549.8997239925687,,,,,635.4583919583745,,5391.430744321275,,722.6989981440295,,557.8352323205304,636.6201220509872,1541.7723777790288,,,,828.2463537691956,,1400.6535510928256,1794.0440067561772,2293.5854846181564,,702.919219174651,,,,,863.8412314725036,,465.6943878998752,2220.251905146817,2784.016926603533,3503.8071591161493,2231.592708467113,1396.452601258874,1463.6202085665354,3245.5034435266734,2549.297362278109,1170.0987737333219,672.491328552021,837.3711105143003,1230.1173100283368,,1081.3064502856332,881.1364227657622,1339.3102513225795,4203.184075809341,3147.144062986951,2051.2060161553763,,1283.4229936025708,2679.6299662176953,856.3553776778365,1386.2290461451953,872.4639039156073,2987.8317128302874,1910.2396378182113,,,,4930.055458492257,3021.641598533222,,2791.2004177007993,1625.3710290121085,1081.3550642495352,2176.126124003076,1686.7238460758088,1308.889760958546,874.8531429931669,2723.5885511207257,1892.7584815338046,,3184.81274318856,2477.7761136862982,663.6202160502087,1106.0960009570529,2139.5251427240505,,1432.7323342979598,,2010.5603537395898,1628.215876706444,1225.823253013892,823.6020073904908,443.60717979602305,926.7605952381685,319.8435290320103,502.97135842501467,397.95974915603875,1401.869334248632,739.1998646804724,985.580404957479,589.6098147152956,407.302756844138,1649.8282466693302,1035.8529108653543,484.49093130899416,,,,1426.479472317747,765.6607286088189,1834.160453373188,
2020-01-02,1340.8918061542026,1474.1611738346871,860.7214234864543,1999.103270134308,,584.9830136831318,826.6304983277009,,,,,546.1026813255407,,,,,1640.2180734068877,,,1525.0393430939275,,1641.4514703665764,,2208.2319073719577,,,,,,1927.4174094904981,,1004.4561869251836,,547.5259959515733,,781.9718430748717,755.3815229955172,,5294.161459648371,,963.959855363223,,2262.884472823474,799.2402540206991,1202.2782085612348,,,446.72447673117404,,516.5849643159195,,472.95269835975137,761.782795595697,,,,,311.4008386438071,374.30248344561085,544.5802490222121,529.0945343750543,401.0989122974636,502.38369012698905,1095.2994275213157,741.9408977879125,469.00609919265645,495.88323612133695,567.9468078045246,506.002933902334,555.0048809129618,787.8967498691748,1082.7780636320128,625.2488781079055,745.3778982547647,,3080.9249475820516,,2875.790000000004,710.9334670673305,,,516.1284568181926,,1417.3260389727702,653.0164673471178,2443.816152973808,2104.0709850423505,,1725.7343572990346,768.3701147786578,1478.0062366013453,1829.1199999999978,1828.4934480017291,,539.4367204792525,2931.8200000000006,1233.238599765024,,1808.886171423657,1622.8110464918045,625.4389639136431,422.4321476377404,1331.9641601443893,613.2735729640084,1560.2492392744464,,594.9800000000022,,,,,,1402.5233749829054,,,926.6712006475508,855.3592392841915,818.3761552534708,983.1628957831587,,,937.9163232080712,,880.4381682330484,603.7454128448989,1549.27570976477,1147.303002309296,1578.3738165636737,1494.0792138025704,,473.23380230762075,,891.7993620233426,,1375.5663315789093,,1323.2849886217202,1142.8128425985794,2374.480377621574,6090.8936691379,927.0771929882645,3397.2396962064245,2500.7117055561325,3486.472022750649,3184.4533970935095,2369.7276674611653,4280.046776095898,1532.2072437144902,1133.143914042302,1755.5884961176912,3608.0751678773204,,,,1072.1653588641936,529.6033514864214,1271.141460114335,816.7304773440247,684.5698569732497,1814.4831728862457,1636.9032166033764,1141.217767967258,,,,,1553.4711037873224,828.8940733496033,1023.137278753105,,1014.0144636005779,833.9314606475778,,1042.1016618879225,2174.1719819603886,,,7204.9414512181065,,,2896.6392410461435,,4129.292026313452,,2065.851730848233,,2752.77982047138,4872.245575164225,,,547.2391476324772,,,1833.6300000000042,525.227593484504,885.1603746835224,,4086.80102567592,,2024.087930128615,,,507.9234260513913,,2153.284100006039,,1693.1035357761284,631.4805134553695,663.9701932852837,231.04725797624187,469.76786371968603,255.97710887752484,406.0208252802347,398.0872060943569,,415.15833134810504,,1891.7378017603353,,,,680.1002486533143,,1245.9677597253026,336.71000000000004,1254.7014939025519,1204.654028815097,1384.0551328667966,1481.9911960238894,514.3704988457711,543.1499619630248,646.9518438479872,,,717.2477617456557,,610.415102899867,,,,,700.5839286498415,,6105.364822198037,,819.9471625399582,,630.4274908558257,713.0496197491555,1711.0790329217252,,,,920.9068767793458,,1511.0318749983103,1992.396975452745,2526.2850488181775,,780.3914272352333,,,,,961.9886497248916,,512.1565614710204,2487.1128333632128,3147.19526374232,3987.7204664703995,2507.7131549449805,1552.2496749746938,1642.9588658620764,3660.531640747905,2892.672329747268,1316.942512195766,756.7029524552398,943.9568163104498,1394.5911158813446,,1193.8573427090714,996.3143143486097,1476.4744162041425,4790.216106177148,3657.481518732925,2312.2729583256782,,1453.9852383311213,2959.9275827177357,948.233747947903,1526.7897974752545,977.8707146694599,3368.1795950861706,2148.543154244535,,,,5583.945371398677,3427.802348978345,,3154.045237072829,1835.0683084101365,1208.3723527512468,2444.445481207259,1915.7361406332784,1479.2085031876668,971.730639648467,3084.9045939086286,2137.5434131950387,,3617.3188726059625,2806.17716671393,755.7870099433766,1239.4326424055118,2424.2600036647877,,1616.0873126413633,,2210.598863046713,1989.7873522950433,1490.2384543170945,910.0536416552983,497.0931082477608,1050.6967860398363,360.9804821293224,570.3811336663261,451.40643649636417,1543.8048110456464,844.412402470577,1118.0326790179263,649.9485243885931,459.45953602100946,1912.3122332648593,1166.305085036884,567.7355112230109,,977.7966395778469,,1624.011734371572,861.6764952739736,2103.9640132069703,
2020-02-03,1385.5158210474608,1514.5081940079776,876.4890998439688,2015.830836568754,,608.5026357456042,847.5278405555524,,,,,563.8284951222291,,,,,1642.2609152144646,,,1541.1254696035753,,1669.8213257799653,,2221.5300587044085,,,,,,1949.9929528194984,,1051.9653522812846,,555.5616883811388,,782.0324550061471,769.391350828989,,5432.115142401926,,954.2858722464738,,2299.8649405876145,823.9986252752908,1217.450348604624,,,457.23435096906763,,522.9520089628468,,481.4385500631734,781.1051926467566,,,,,313.1970358716882,383.17024569348683,559.166896156518,535.0251583775939,413.9938960426699,509.2469547094395,1090.9470927932696,766.6372685912797,475.35948080989436,498.7403640305095,575.0593278775563,510.83681277943583,564.3268477300278,824.1149787991003,1127.1518774732192,640.2317499622866,756.4938545637616,,3057.908620727458,,3057.170000000004,716.6870689667345,,,517.6777700241241,,1516.5038748695804,663.3616502694085,2437.224803234753,2099.393750690435,,1767.0358337754456,792.7508358424477,1556.2353157048647,1825.6599999999978,1831.0499038476753,,560.3403720141714,3087.4499999999994,1274.527444314077,,1891.0058564243375,1624.8509628652841,628.0678608557027,422.45975305326635,1344.4872508324775,619.610620329509,1575.8416566285016,,626.8600000000023,,,,,,1465.793001620086,,,956.1891029406111,869.1781375979042,832.3931898337783,994.4780694453228,,,943.5381879818157,,909.7109616556371,617.688282075986,1561.4836433424116,1178.8615563735382,1596.6981762436283,1493.3951175962711,,476.69613724930764,,896.9660230116724,,1419.983234235098,,1386.5743778766628,1159.4270394692408,2409.9910723661296,6298.204707650925,985.9365620876854,3511.6411012957824,2538.2489540150063,3665.341654108104,3225.867257126139,2372.258334743629,4383.849020880825,1590.7846727912624,1162.3071136067074,1787.3316422584612,3724.230930607966,,,,1093.2696284840702,527.2092209368334,1298.5758068328764,833.9114269725428,703.558193528971,1791.0226775667209,1688.080744248242,1227.3977702214042,,,,,1569.0437858737466,817.2778016535926,1005.9227179674858,,999.6433984722944,900.5428975942496,,1044.858949836472,2200.6893126260884,,,7308.671016138032,,2198.6598016625358,3070.1416082935566,,4212.367395091189,,2087.6823900588897,,2853.782258258147,4794.704055924404,,,559.948551659764,,,1952.100000000004,529.3946560364313,906.4504042547762,,4329.4449422599255,,2152.5025338948776,,,526.7336666314159,,2201.015368240771,,1723.4454019693042,642.3358412444941,674.656106938925,236.3233470258532,483.43108178532066,261.9167618668204,413.27972247594835,403.02862631222473,,419.2145740796796,,1900.5538663760863,,,,687.0212244253271,,1323.2403641692438,352.03999999999996,1287.4904034766687,1200.5887287416347,1457.9403901666872,1564.6123753849054,518.7894817638576,551.4334595037727,665.0166193194966,,,718.5363250466993,,615.5726699825807,,,,,712.7042437413849,,6308.097818307371,,860.4181571632299,,639.8059023135311,717.2922210976832,1719.1042403156575,,,,932.4988358417862,,1488.3686536676037,2010.672592730983,2563.58183760937,,786.6580540504929,,,,,973.1121568429987,,513.8505803566313,2461.153954863806,3205.678263620642,4108.943524619327,2531.239711799969,1570.0558521061728,1671.4770343644102,3782.9205181419056,2924.616866268073,1311.2955091349036,768.4277957135374,962.0838859607696,1405.5138018545856,,1203.681533245691,1013.6556353237586,1502.3382110690932,5124.398143572908,3738.6882060076714,2381.112391557098,,1471.2619982673712,3032.0613313194012,953.3301263754485,1571.0800534686398,995.0056056985326,3470.6691198299586,2186.435086426198,,,,5769.908255667746,3597.452492754647,,3290.5357932803677,1917.6731784250744,1220.596743436428,2546.184862223467,1959.3192945326666,1519.0464703925597,982.7486160807842,3185.3174091376113,2165.4237778711567,,3822.7772378151076,2903.461162938802,779.28204312565,1260.2877294405043,2490.0024860855547,,1636.2837347312488,,2315.549593288035,1952.2766293649183,1470.7885466524701,940.5621434650142,495.1240782937499,1097.6414025145598,371.65942468424925,575.1406806868536,469.68061197884464,1584.2331900878519,906.09649371021,1132.0547034864219,672.1980677435479,482.6254521220394,1955.7251781634548,1200.1721427341834,535.5546562296669,,991.2733602576321,,1607.216492258,865.1360258513954,2234.023227798727,
2020-03-02,1213.5598452478257,1356.3131119828229,771.5601779463932,1847.6211184598656,,493.5225523296049,656.5998690791887,,,,,492.5302553306862,,,,,1487.5085491753405,,,1416.278162440822,,1563.3900498354947,,2032.323028342697,,,,,,1791.2775186922886,,976.6479200753196,,496.7669165864996,,690.040861025177,689.4390558767095,,4862.989802883738,,833.1866441683852,,2214.844098389723,716.8187832779845,1073.4943090992363,,,382.70251854497144,,467.75958867654475,,419.9812270829829,684.6892344776527,,,,,,337.5447167384217,502.13947758067127,470.90190497022087,359.8894980490536,457.25364476394446,954.7810347998488,693.4733804475857,404.26120491941936,449.5393679692504,506.7018327630633,447.2950405046632,488.36729622729337,737.1573768833057,976.2006840391667,532.0956158988745,647.7428937585493,,2803.445441326106,,2824.160000000004,631.9216195703208,,,469.51521557040064,,1404.117825398322,596.975748170706,2183.8514883350126,1865.7792040156771,,1606.101815570173,686.8676712596974,1406.2374464049299,1639.179999999998,1658.9228113176173,,507.9572777465576,2852.89,1159.4863708923408,,1672.6493017598889,1422.3497433551086,558.9589575006048,372.87743300272007,1216.0936281146674,561.300639625591,1421.3154407303155,,579.2000000000022,,,,,,1369.8539823516367,,,831.7503457963771,769.6244001382272,735.6279373554195,912.618948448277,,,859.2979033029521,,815.1140349772795,551.8033416866305,1380.2490216776994,1062.8691542403988,1406.0642011251816,1294.1013831949824,,402.42079845875264,,816.3169997820161,,1286.4843748479407,,1272.5508745284467,1031.949206137856,2145.6580770330525,5704.18210917881,906.1865711196804,3185.075009082585,2264.9856498767235,3374.556158312705,2876.9191695814543,2080.6182496712595,3973.3672243706897,1443.577443996992,1046.315201020859,1600.0832722492194,3373.992130520855,,,,961.743414347583,428.5967544452322,1175.0441319376835,744.9763938017428,,1589.031702232738,1568.5589831407244,1137.424000970373,,,,,1418.9857510904071,713.7714811681475,877.5034457664523,,871.8367602741121,807.0708867925282,,949.5218894487757,2024.1902936134998,,,6528.974511350988,,1998.86781317231,2853.112672268924,,3498.257828730417,,1907.8299243875585,,2590.539396009265,3731.625708337497,,,506.79372462651645,,,1713.8600000000029,466.0314535663026,825.8463783887313,,4034.679526047943,,1957.7813620780234,,,479.66308482565637,,1970.30689734613,,1579.3889374978278,577.7321028221231,602.0016175446617,210.3838642212356,419.8679291751225,231.34559119104435,378.9446288610538,368.79780360923564,,385.23732107806865,,1701.6719748272612,,,,621.7436236140142,,1232.6757083453706,316.4699999999999,1150.9159015741236,1040.5143598641262,1317.6649656628183,1407.060556200218,475.64785329994265,486.77385562663585,579.5915831325007,,,632.9539007427516,,562.3089691852165,,,,,674.6672671605213,701.3349081393671,5714.271390932648,,790.8836694935343,,569.7890446830107,646.7788718796156,1560.3547296232605,,,,852.2747445423777,,1236.022852600348,1840.2408030027157,2399.06104315086,,717.2674535742512,,,,,893.7121319188291,,472.82341419208177,2185.2941357474183,2869.9939147703376,3720.8720684870113,2243.8861448245975,1440.3141732039169,1549.5944982379478,3495.9827159301462,2643.7265844790995,1061.6262413020386,677.8230731433591,846.7213096701375,1256.5471201436503,,1103.6887668262082,897.5513358101874,1422.4427012631775,4744.999064902015,3357.0387829581987,2159.549869649319,,1295.6174265565494,2708.617753055656,867.2717825518741,1458.076992154339,885.6897874298932,3133.7783816242536,1956.0784236816494,,,,5226.952211206633,3306.5190732072247,,2996.871865839975,1733.1002921074528,1063.5892097817734,2381.659314801291,1714.886909320456,1357.39060413192,897.8239611937676,2887.454211099452,1925.9604127260577,,3541.4678533577794,2636.2898165310216,678.2968416654434,1153.3588667126942,2258.1748927066124,,1455.3003570007559,,2081.3869573531474,1788.6110564226935,1127.4646106118046,860.7901317220211,442.34271246091873,990.0400513103826,303.5192299372204,513.0403576486462,428.45307284273804,1414.7305682966792,842.6309657077248,1027.05458032059,626.6737672283538,452.36428153208874,1749.1721285481601,1097.2022988694043,451.67056494773624,,896.9946439287813,,1205.3515700568305,762.0634819629823,1964.1339113849967,
2020-04-01,1209.3511638633636,1267.3086681573138,718.5902299234489,2132.1669546704816,,320.20838904434333,329.32433464014593,,,951.7609139503712,,551.3181039141047,,,,,1726.2551163412202,,,1634.59536197061,,1795.694300016962,,2294.7184953871733,,,,,,1951.7080184862107,,931.9411775070818,,462.75848045865246,,663.8478478670036,643.9681708750985,,4483.158873486474,,782.3750714204293,,2866.1844763230824,684.7348256776478,995.3152474405993,,,314.5342917881573,,483.1726788066069,,361.78916200999385,623.6154603319501,,,,,,287.8046292877569,436.0074340094234,418.001084173185,363.95677265680445,393.1449900839145,938.900973419777,683.3226026786225,400.75760246518655,395.7710153240155,451.5868076682795,452.8930389101009,429.0081765099247,614.2416997197836,916.8919367651692,404.8011165310773,540.9076823673263,,2794.0880159765366,,2716.3600000000038,564.5162821731797,,,514.566757565701,1041.3174261640813,1336.673761687279,558.4526446598736,2412.964974334067,2188.7840649405666,,1584.5553589431793,720.0002890730697,1302.9504896176825,1937.6199999999976,1930.4180590744152,,506.54628530837266,3291.09,1093.4863757232238,,1766.4120777123096,1324.3276652336813,492.50192032219445,358.1079739195981,1261.7199548421552,581.2415976092684,1471.5143958001577,,668.2400000000024,,,,,,1333.0865513977017,,,789.4919596967841,696.1160187281616,668.5283161802416,998.1449623442035,,,958.168754927667,,787.9713218650242,480.1332611348966,1154.8777573192997,952.1055161400659,1196.1832901067917,1078.384473282622,,317.1108900085597,,936.0336007241208,,1193.5210102507579,,1213.3302254133978,938.9903403250605,1963.052937409803,5353.57152932501,870.2226075719867,2969.712372742631,2038.2561233211497,3240.158993194217,2467.6664445938045,1743.2229925746992,3483.5394283584355,1339.418734023728,926.7622578771875,1373.4302273145452,3129.3360671662645,,,,889.155199541684,307.36850371273295,1027.183742105669,634.4593331326124,,1431.0589554407138,1424.6703953575932,1089.4890616233565,,,,,1460.4410117458588,564.4580570242958,693.3701266337944,,681.5305112134246,830.2601905571381,,1087.6447826214303,2198.020861138621,,,5658.743014877995,,1889.1998916357725,2739.8959418391983,,2901.6359612206456,,2132.9676214021956,,2468.1207729515068,2083.8542695777937,4394.650000000002,,500.2790045657608,,,1569.7300000000034,394.4376233312329,744.9031731300071,,3936.99065203422,,1844.2634203477423,,,442.31869731893846,,1766.858580000688,,1387.7647300765136,512.7840075490243,513.2969423788403,199.5572957695335,399.3130151488037,213.7311976066271,332.96717091477734,420.688344031788,,441.91820281149484,,1575.704485914818,,,,650.9481789122154,,1165.0679021177045,306.02,1000.8815174505829,863.3180727183977,1251.6102091503847,1331.7880748903972,545.6654567911253,448.7121758949154,552.9099627479343,,,565.2098301430505,,621.1937713476493,,,,,853.8254074705831,653.3041938880232,5362.854777036694,,757.9996989914041,,521.7781824160049,670.9298447351955,1779.3249646625384,,,,948.7869146688756,,1094.5761920426173,2100.253831483585,2988.5474865544566,,817.1242052419891,,,,,974.3554283019178,,550.3491971784666,1975.302907461541,2472.320786670267,3303.7493435898573,1877.8143269549075,1577.7637448344744,1644.6806017696917,3145.574798903907,2691.98930987534,756.7405187663132,622.4133727967657,787.0320104860652,1059.540281291404,,1323.6786782980942,810.6108313213734,1800.3150602576088,4520.435601763921,3347.043331504309,2082.806203349036,,1102.467440967831,2367.1373686758816,1003.2204164132746,1322.0397590697592,813.5605581565735,2801.47955576969,1688.8680912616373,,,,4905.00977026556,3170.0252989287274,,2767.8997943613895,1630.257131510838,1014.9742041520263,2311.215758128126,1523.9243717613006,1261.0739075732026,997.0136139453988,2678.2253660432275,1767.915814514253,,3382.787300048526,2471.0784924164295,647.1749005041752,1179.0695377650795,1952.9798408180181,,1353.8684483156057,,1726.9956957159304,1707.4431737465807,609.7585326672646,715.6366992918817,406.8236873682017,940.7367072941037,221.36791629944432,438.36462432673255,412.23115524201984,1244.3578911939358,811.2555169422609,1052.7863978642713,593.697873673466,442.58217710556175,1763.471807932374,1016.7310180522858,364.6729936987114,,810.0020220326901,,752.3730618227509,663.1406915249377,1814.885709688394,
2020-05-01,1217.6751425164623,1296.0955160113288,719.2888903292661,2183.4623341369884,,308.9704538635212,,,,1042.571150729866,,537.8905631309025,,,,,1726.397264056761,,,1667.7739251809771,,1871.207276007046,,2322.936171165099,,,,,,2009.2758053435455,,971.5709068447813,,470.0709540565597,,,664.584032505219,,4603.595335366907,,792.3366363964146,,3052.5019893716676,679.7372660867529,1000.5727606037597,,,282.0511272019455,,466.56833009359474,,340.7418949844474,618.4268979386939,,,,,,282.4554762959597,442.5220805489067,423.0203479890171,370.8741250670501,370.32746415078924,963.4441363681511,707.8418930134192,405.4943569219445,371.0956425952878,437.0340859684134,459.03415862760187,425.02831624062344,511.59372401177035,930.9941042311359,352.39478923584477,497.5875147885338,,3105.2845817206826,,2963.3419047619095,556.7313282887494,,,528.9541057369411,1087.6157265637405,1409.4569927247137,556.5312202043788,2420.4321191541903,2149.538664469153,,1727.0730133526042,727.4776568997083,1385.1856426739068,1935.5299999999984,1931.9765620378273,,606.3010636707611,3484.6128571428576,1134.289885249654,,1796.5858328209067,1374.3219851302838,500.8573532461016,368.56196997667786,1272.5186646486757,587.2814500261408,1457.9819436805785,,707.7733333333359,,,,,,1344.5633054311602,,,782.318692176921,694.5658988019982,668.4964124410579,1017.6951253509428,1133.376089094974,,983.002417735671,,864.3470819189928,489.29990308715327,1132.4850814287486,980.3331371926629,1164.021838002563,1031.6803038901571,,278.1911204011667,,949.3837438284272,,1232.7409906146006,,1280.5251601700375,952.3226442878971,1996.4289645599545,5563.807572436333,926.2819994806279,3076.9241780526963,2059.5763299728414,3427.5162871955094,2436.7433084381223,1663.2169619642766,3533.4594250240943,1397.7915839276773,936.5336197318842,1353.1279265066653,3232.8567722917874,,,,892.0702393993748,315.56270057767824,1009.2704742106663,630.1298100997309,,1502.848313643528,1377.3691023001777,1168.7369758280709,,,,,1469.2469489346358,524.1027036942995,665.4523783727101,,635.976032366794,860.021973897019,,1084.325369004799,2293.722502555734,,,5659.86609715547,,1972.5620302955165,2904.3581091340943,,2906.000393034183,,2141.286546135369,,2587.5139995168233,1866.6050393437295,4329.385238095239,,515.5307427889677,,,1567.7371428571478,380.8501935393557,774.2322512739037,,4227.4829318022275,,1971.3420514261406,,,460.252135843399,,1791.1683167273895,,1314.9012113497881,470.3481355064889,508.48819453873995,210.89248022717112,395.1545920803698,215.02627492540518,315.41938409687066,435.19998059376144,,456.5782864108671,,1576.0027289241923,,,,650.4369329336176,,1258.1038432678126,308.82238095238085,988.7531522241861,826.4035540177673,1338.5012884632188,1435.7962431920007,561.0451185773967,452.19783118057285,546.7366957836947,,,550.0173929836344,,637.0336674770429,,,,,893.9588467601955,676.6156233903995,5578.964864511506,,801.6444677729261,,531.0403387786221,669.7818193637496,1805.5403252282313,,,,960.0196115430757,,1141.3090675171504,2174.4395691049313,3081.1939200986344,,818.2511942965161,,,,,1002.8799770478305,,554.9642708325497,2052.309051056948,2452.842655400951,3404.5573497074224,1802.4288073279945,1612.3386875527804,1728.246186984988,3314.878127899035,2789.956431795676,774.6184586621182,627.3064396843358,790.3870372203978,1027.4910175513992,,1341.2549419518389,809.6724735146109,1882.5760610026678,4764.585999273897,3643.5815875900944,2167.3571203150723,,1072.9493088570673,2323.514608093664,1021.7756424755272,1287.4228710860366,768.0715895288207,2850.8548389387456,1663.9896292036888,,,,5095.991157317248,3348.337523240981,,2897.200837194116,1678.966536156673,1034.7166213061444,2316.496675288561,1519.5255432448353,1286.1282926222407,1007.5745875706333,2767.376591488077,1802.6792042037584,,3576.7702411403343,2568.4786168322753,638.8941215075301,1155.6838133464844,1961.5902980368603,,1384.4283687901489,,1643.7177763550492,1895.578813077477,516.0256858729193,668.8856891572656,427.3997866622764,974.2543957175734,232.01410221025415,430.5684144283904,434.0640259807062,1229.0564819830372,859.4167108752451,1092.5306750687796,595.0952629560009,447.28545686410126,1914.8241381871715,1074.4734591153033,368.46099154709793,,794.8445681104406,,806.3911921423372,664.9713782986839,1970.0948006075325,
2020-06-01,1142.8181794238856,1246.422628393441,682.4330368543791,1997.163192509603,,349.9857629771013,,,,1138.6393048727336,,499.490648682205,,,,,1569.3408359203352,,,1535.8216414144902,,1698.429127010083,,2136.8748107245624,,,,,,,,963.5209094064751,,444.197838874155,,,629.2662568083354,,4386.07831263421,,759.6178298410823,,2707.187749535257,641.2241845141698,948.596555963362,,,,,441.899857457164,,327.00459047015414,580.4115084274996,,,1215.7319237540514,,,272.16454110660715,430.3258656983394,410.7841967406912,332.48764204545284,342.2769697849491,920.8598237967972,660.7524684105596,384.65065205201967,338.49187127907624,408.5318891985876,442.1939767170338,399.60808519981566,508.3286704964326,889.7697202698492,316.5014617329964,492.8019273195951,,3133.973220715624,,3088.5700000000047,523.5185210697794,,,487.36211541712686,1041.111912039582,1421.7076393734762,512.8076310002617,2181.517051969097,1958.5633651431135,,1728.667588945831,670.1226676239469,1447.801322750464,1767.6999999999982,1756.127455243396,,646.3366479835446,3233.6399999999994,1097.39023755078,,1680.633183433604,1307.4511829857483,473.66388026923653,350.50551279450224,1185.0789377884382,547.3465716608533,1349.6976010582237,,657.0200000000026,,,,,,1198.8182796401902,,,740.706887763299,659.1279377186421,631.442036680867,949.7103203323823,1037.8305946245375,,907.2763412363852,,834.5858478842792,486.4774006793439,1107.7111770015636,987.1026090412754,1137.8568455436873,999.5790243650441,,259.0532314717868,,870.4729329194878,,1199.9053287827994,896.8401536111398,1267.6800594700262,894.187676398334,1870.0096511524844,5377.14660535982,915.5064750815321,2989.2741106558606,1939.3923883856787,3410.698835327446,2436.86382830369,1603.4804702368808,3634.196444580109,1414.1929998914288,919.7160879249427,1297.3194168183938,3145.959875728117,1895.9788364473177,,,850.2050157285139,326.77542755893177,941.9586387504228,,,1495.493923691621,1262.6800204700862,1180.5309395192883,,,,,1370.8915661084186,497.1346254054433,614.5910803109097,,601.9115723601541,831.6399125732405,,989.7802082808976,2111.8643028796814,,,5627.239018240806,,1907.7180209921069,2901.357524076647,,2900.041464134429,,1975.159205907074,,2499.7127714371263,2002.9370863561908,3606.0900000000006,,488.8484698927041,,,1506.4400000000044,378.43216829237633,,,4217.793420516644,,1937.3755459476733,,,463.5965039593355,,1730.7460285907396,,1192.166778199638,440.1422398441098,510.99941155718165,201.21440260987936,373.3400710665077,204.44563096759953,286.1950472825687,397.7401187607419,,419.40978381128144,,1472.6453509161163,,,,598.4870209523918,1498.1788640983946,1304.5464169290212,303.2599999999998,972.7884040383323,800.6982681346716,1302.8796073565939,1408.6841246490226,513.2179873392985,430.8712872668149,516.9268798841719,,,510.02945659041626,,591.0001161080836,,,,,800.9742124699658,654.961748466661,5391.64292949036,,792.457867789293,,497.4543184823103,622.8630088381747,1651.391283915581,,,,889.3432236710019,,1122.3847378501428,1986.335738153213,2792.455856561199,,752.9226398005566,,,1572.6312382571984,,925.5372461158765,,502.34284694458984,2020.6783551604963,2462.190765591013,3528.773675477741,1752.0866120582064,1501.382401601195,1577.3080273883118,3381.5460068791526,2547.4356022604434,805.9597260742474,599.2559496826359,750.0167695530708,957.3034192725323,,1222.4178740549114,768.3696175042662,1686.3986033569938,4805.870438213482,3515.7299288851736,2035.2655267505156,,1048.4612787326741,2203.5957529285447,935.1386538614693,1177.7280289749308,713.2447500311464,2796.3888072494997,1584.501643485136,,,,4924.868174592813,3309.8988902173137,,2915.0421628381578,1689.5982866153324,990.4410340495533,2068.2172831305493,1491.6098389898912,1239.7768169181015,926.2299759596746,2694.185913097735,1683.757670377904,,3578.484410729138,2490.0376207360255,605.7322459361849,1102.392867956875,1992.1170624714175,,1289.9480147948636,,1548.4683156257743,2010.272118588443,544.7045293355498,728.3075202722684,418.37033173783516,982.9503546458496,240.7982965360177,397.7574235356833,421.88292845090615,1153.4686736764038,861.7531425084707,990.8551577876547,538.2908915285175,398.9566264006219,1821.449988597488,1076.1343071836282,372.6628075501354,,721.1390991624687,,900.629319186718,697.1932855171292,1992.0944998683806,3071.316308548256
2020-07-01,1359.7212300957199,1479.2124695909079,821.8095192914917,2208.8509301848976,,423.171719561295,,,,1424.9803882970868,,579.2329446186166,,,,,1726.2680615542945,,,1714.962219104193,,1898.3142262919914,,2384.0066712100743,,,,,,,,1154.2937929973352,,525.5599552128001,,,737.4322057452125,,5194.392738373724,,901.6059568523887,,2898.6446478334137,774.182865620851,1144.5420533610816,,,,,513.4222383442374,,397.75733212299616,706.2223683239545,,,1427.7711509527765,,,342.51319144447046,507.260609177841,520.9622768250398,384.94617397096806,439.6278299052202,1087.4413890954927,772.2423306620118,466.01977154620454,421.57424042801415,513.1695703777643,521.6017337772723,469.0394097408412,615.7641486200752,1096.4197138733516,436.6242557260358,608.906551597718,,3572.723788572142,,3680.6900000000055,666.2864147676521,,,540.1635461274353,1196.0775808158728,1694.856255891553,601.2530047025473,2442.818295860535,2222.3993102014906,,1931.080258693427,779.6362025225535,1762.6606296553823,1936.379999999998,1931.5268227520805,,692.5559331790874,3591.9300000000003,1282.5076680940292,,1990.851565662203,1496.5529162905282,573.1308790596885,,1355.8441062199593,629.206351001354,1556.1399039733635,,729.9000000000027,,,,,,1384.3974755833858,,,895.1756745149557,803.002420234696,769.0798185697579,1080.1521230344363,1188.8315982011738,,1012.9243684899939,,931.1038323232104,588.1949868689948,1348.732132920065,1175.5144430677924,1383.1050121560183,1228.4851710603182,,340.72280355981775,,965.5375975878592,,1414.4375671848732,999.39451012511,1492.1201266337557,1045.4105938635091,2179.506953495382,6301.836599068825,1081.0618789839555,3517.5212476990355,2277.8732686030166,4019.2536046691557,2926.068231268919,1941.9333154156484,4337.871102627667,1686.3616692982048,1103.2067346416834,1565.2077706651253,3706.3366870514315,2228.1888236445116,,,1024.8926408679563,386.2148259973686,1138.015042580286,,,1787.0541944096324,1532.8902527226,1409.760283168586,,,,,1576.9469330017741,620.2224081427705,771.0649719545094,,751.9241920193583,1078.4937913577976,,1089.1861831760018,2404.4501011009497,,,6752.26678941968,,2232.6429386274644,3428.9172641213827,,3504.7196763992233,,2208.5156841989833,,2916.687738543836,2691.8504795463105,3996.5900000000006,,553.5041519161251,,,1708.500000000005,461.2508697481199,,,4990.7333599625135,,2333.8697500967514,,,550.8315733535501,,2083.437269628113,,1444.661595551819,528.6414295588235,618.7306767643789,233.7096512472019,451.4652970072036,247.17778799423047,346.1580728815654,440.3236922724892,,465.9669825517908,,1751.1299877210636,,,,683.8270323313233,1794.980056248644,1566.9075185622419,363.78999999999974,1175.2884375033525,981.424868690071,1584.0808386945191,1728.6224793115862,569.0411555414248,519.5021957446306,623.5000237458675,,,606.1189586651959,,666.5988802203981,,,,,865.1638497558047,769.4264193865937,6317.077238578999,,932.2290093506963,,579.7755594242525,714.2892221116039,1831.9251732452817,,,,993.4643857752549,,1356.9371523320954,2197.858902504337,3037.7520820105833,,837.7420523848755,,,1862.8504634961462,,1049.801592258736,,538.0587515343509,2416.526717219433,2971.3857678040463,4222.452617438222,2133.2199850894835,1708.2826025350898,1808.4192239273752,4114.565132791854,2887.7537604797167,956.9094747015738,722.2742585145121,904.6280861225159,1163.4720370848859,,1344.0880003114316,936.9309938989328,1821.386517496782,5727.575698025839,3913.4056585576104,2337.9507524569326,,1275.3997113979656,2693.5160651460574,1028.5352737200376,1431.0934007079868,852.8296607096956,3348.677298947322,1901.7019622553566,,,,5771.958536036033,3893.6073667267574,,3484.283140268076,1969.8435671674406,1187.4010525689366,2379.1121261668436,1795.8080958458313,1475.5760608095702,1036.457661993991,3174.645130596537,1959.1959889664363,,4234.719011721696,2923.956130048776,729.6293034406459,1273.5611322204804,2422.9493955042044,,1498.9270208070718,,1927.7480802509242,2325.5628447022395,746.6126975698506,916.3600457766562,499.8176107173532,1145.9742651502265,284.64554046100835,481.1483794016562,490.61040936256694,1410.901213475859,1023.0070412299028,1121.1263491375269,645.9926855847142,461.2389556567063,2015.7668460055918,1287.2452038713827,449.3861847753251,,822.4084747907241,,1096.3639814926214,861.7524690253865,2403.211181050737,3271.4913152371314
2020-08-03,1472.5188041802173,1537.9756694849473,855.3150848241828,2236.553938127778,,366.31196201242454,,,,1699.7195874613083,,677.7866194287379,,,,,1726.3023513446658,,,1736.7104296689163,,1985.6031901070835,,2422.338258166728,,,,,,,,1238.6835418644248,,530.6626271441266,,,747.25898295556,,5264.623346080495,,884.091732940063,,3053.0410155062054,833.6109940975434,1173.2062381104267,,,,,516.0560057371688,,436.7348613226143,724.4443573418021,,,1484.9688134962012,,,353.4067953891091,523.9467324544082,548.2109612671773,391.7195142278522,462.1121027667539,1083.2451711435822,808.3599646933891,487.83926283104904,432.8557810273122,531.1364859360841,569.1458036570396,469.22339363097126,601.0566925387632,1131.5409498521299,462.26043770080764,650.6476165549408,,3718.6506322696523,,3942.9000000000065,698.9396945413001,,,542.4300809705147,1249.5404601503535,1791.47486504753,605.6963533528406,2474.9236618811797,2264.9887612108055,,2031.3908751784381,830.841869479816,1872.3045167670618,1952.609999999998,1931.7282348571916,,813.3257464737277,3824.0599999999995,1330.016216107892,,2222.5865735774278,1485.4486815166165,588.2307222363992,,1371.3537906218191,638.1925783789843,1570.3309932562472,,777.1600000000027,,,,,,1396.7025600323286,,,964.876946635335,830.2026679569748,796.5627803293175,1100.0581337797287,1252.5869576251207,,1020.6046873732091,,997.0002759861648,597.910408743644,1337.018762009697,1209.043236339844,1394.957623048467,1221.894990566555,,351.43732087544277,,969.6500002626958,,1464.6405960438994,1012.301717400502,1573.9443672560603,1048.3266013580576,2188.017260787926,6520.629830819531,1145.5879054727016,3646.947288844118,2285.147479792601,4275.997126013276,2975.8428803993556,1929.6541758681128,4490.350236621657,1767.3982638075527,1127.3416889469027,1568.1863644276539,3837.1119796807925,2378.700409770814,,,1065.5550964020251,356.56774378016706,1125.3492590832034,716.0466377188823,,1893.5441686742424,1514.0117538696124,1500.2743558815127,,,,,1596.863512611883,576.5082538651674,722.3813163280786,,698.5143032949434,1214.9283509621237,,1089.5978615849865,2478.7744136207493,,,6818.367298766124,,2321.445152724883,3661.849501573051,,3369.434764053985,,2232.167997485259,,3040.921747034051,2505.903730513377,4256.67,,560.6175621928594,,,1800.090000000006,466.8199384173738,,,5375.884924288761,,2465.917391751353,,,574.038133539631,,2102.222122760058,,1396.4644707221742,519.3089412836865,629.8627945077042,237.9599649168099,488.4409041207804,254.93886444809849,335.2820792115921,448.38077048624723,516.9132253838892,472.53414667249075,,1750.0252688598034,,,,692.5151028402498,1825.0448648166,1661.2274417756441,424.00999999999976,1200.839954585954,974.4440813023095,1700.7208875547442,1834.8679994974036,576.1293915491923,531.9876071298663,672.1071201579581,,,592.3525536707076,,675.6688023591164,,,,644.2815465536386,896.3828622334482,794.4997733326732,6535.932321747573,,984.8493084584298,,581.9443405040136,716.3575984682875,1843.1224009658265,,,,1002.6511937235072,,1323.4833580881686,2238.554689269972,3112.1336200568876,,843.2623239438459,,,1928.0353267044718,,1078.6809918630356,,529.1693768986527,2546.5930199072327,3018.8680245466167,4386.733547337967,2119.503281774443,1738.7481566082504,1905.4769591337438,4414.153731709746,2994.1930520402316,880.91232055236,741.1438108958655,940.2184444925334,1143.4980701391166,,1350.4806005497812,970.6530624087834,1887.2627356185376,6054.477319417973,4089.6331827265553,2410.5613429898553,,1286.5948733167156,2725.3607704677443,1028.2882152755267,1411.9838939268823,849.4556658757384,3443.2598669394974,1914.164134878763,,,,5972.074750836636,4114.06226306436,,3647.8510231667597,2039.1015979430538,1196.6080331030648,2392.3102309914666,1869.143711298107,1531.796649745208,1048.2600022937647,3287.0152321108585,1969.0280968945322,,4508.096625539894,3035.2012787479193,789.0486105783004,1306.1520926919015,2517.0724743187207,,1503.1229386699047,,1837.9535966950218,2503.0027723199014,694.8411551491912,982.8205346025106,531.8335608842899,1189.7627222276556,264.2638748867148,474.3422671357951,516.0640871978218,1427.6221109793114,1082.4145252165363,1161.6834702994795,643.336114510255,467.1708699367936,2097.2663271684896,1352.2409814693144,463.1818820558316,,822.1971266083954,,987.1501984340075,917.163628752047,2548.5832591832436,3459.71683404946
2020-09-01,1458.7018325617184,1537.4759343811074,842.1723922760332,2136.5303719339768,,359.1282751533598,,,,1773.2110895094277,2085.6208433628053,666.1371189772489,,,,,1647.8301660800935,,,1660.6648314776814,,1890.643784844126,,2325.818910879974,,,,,,,,1256.2715328353202,,508.3748596750676,,,747.7865281552598,,5307.222339566397,,857.751526692404,,2886.74965633295,822.3198167002424,1150.2026924401005,,,,,492.00026224924636,,445.3958208680112,709.7053338976967,,,1503.0167616006008,,,349.7551992413223,531.0667120321257,544.1723659821813,380.7796884570857,450.6833810901524,1062.342977308417,789.7534910624863,467.49215695432594,411.23944553336935,520.1281675517936,565.9187222233163,456.14865605730586,598.9021857759836,1168.0905821672395,428.2242524473161,606.4563213371597,,3340.7968168189627,,3938.5000000000055,683.5463544022741,,,519.1893881276184,1245.666364754939,1853.9383685129271,600.492457098198,2444.099947198684,2225.5459861577583,,1957.8336936464511,802.2655010783086,1863.1445142388473,1874.1199999999985,1844.0639420827558,,814.4582535622708,3884.8300000000004,1341.010087628181,,2190.751649445266,1456.4955608006865,560.3750553320344,,1335.4245956138432,622.7453978839432,1528.398782770928,,789.3200000000029,,,,,,1355.2481757270896,,,954.3249800980007,817.7351022071439,779.9339195460409,1058.217589643078,1196.451385534387,,978.6311898479331,,999.7474994270335,606.4424703036553,1350.0483222752077,1230.2140333352727,1435.302183353448,1259.6692052204126,,329.25632195637877,,928.6709561199639,,1481.5602446255202,969.6948078953689,1610.1392842985288,1040.7835941937788,2169.14739608353,6589.694858464134,1172.306231248709,3686.5946938024467,2275.4794860003753,4384.538903160882,3051.031777977608,1995.4206676250858,4566.910920529659,1761.8081591484706,1132.4684977790375,1582.4119900086205,3882.945539492158,2453.195451366076,,,1051.4984475822678,344.2390958602259,1119.6300661848777,711.3662784254569,,1892.2163422326134,1490.1425893176101,1547.664144179832,,,,,1557.660332854614,580.118182991461,719.1708865390569,,705.3450676215663,1204.0900527151518,,1040.6464265817433,2368.3446994120786,,,6914.383396140848,,2351.7724459166006,3771.2028045484863,1433.4016102939502,3106.5546109029233,,2144.3687309696375,,3089.137099879578,2561.9728367870566,4292.54,,554.8431039053455,,,1866.6800000000064,482.68286063492957,,,5493.419236430151,,2458.2807252720663,,,578.7127174976815,,2113.312124137698,,1383.1737230785714,509.0444278401892,642.4185990431594,243.41607499450876,478.55295822604927,251.51747320214278,329.4983902971153,433.83905467759627,494.1079583820136,452.59427431772724,,1742.353039178764,,,,673.2572955101148,1832.7357330209657,1630.5462636363366,527.7099999999997,1232.814871174799,1004.7386546332199,1737.9709333102799,1873.9759789011696,550.7558067952542,525.8120475572986,659.6433615373078,,,584.6814452973456,,648.8383398956773,,,,615.3246977093945,849.8063564193403,803.4024559026216,6604.486605084887,,1007.7627762506539,,577.0114036286169,695.2348629408631,1775.4986484102908,,,,964.4215231614373,,1236.5378257056425,2166.393931638889,2955.6116441294466,,806.5411814591904,,,1932.3320853881637,,1034.1726748509261,,491.8507758336921,2554.23378926881,3056.9468609830965,4399.9162360960945,2165.7873805424097,1670.8463128142703,1815.24058904118,4623.982092572098,3011.877773698053,853.8286488367198,732.98646213023,926.0469713660359,1137.9413067175647,,1289.672183355136,955.8037510695478,1789.506641777731,6265.900884454311,3996.396542154185,2425.826698030741,,1323.8797904115886,2819.651177163413,983.571075645235,1387.9735441853684,830.2287383769642,3446.78641614393,1919.6244771500242,,,,6035.3231916744135,4210.254642184586,,3646.3453576943975,2065.1107642787274,1181.6896311249673,2322.215228434796,1876.2657196945174,1533.7700276509347,1006.427558165685,3324.757530131279,1956.236518752715,,4619.463395688143,3069.224452303254,774.9078944231228,1278.1826988949804,2562.503724722589,,1483.2125654913884,,1851.3118728240074,2327.015119974942,723.1684856324778,1054.853117947505,529.5368524831716,1207.795322865126,254.1001309283459,472.2641271095065,525.9045027181128,1474.8556537336826,1122.4056620008823,1166.0592516486017,627.707105990219,453.81202584529694,2055.3534245052397,1392.7753650344523,490.4262010855557,,815.2075472840696,,989.6998874034681,993.648381248593,2593.8159907711083,3262.255493745974
2020-10-01,1453.218193858215,1529.9253912667264,837.2986796044823,2132.0958593546093,,312.3537131071182,,,,1827.8821871489122,2124.008388050368,667.4559303491156,,,,,1647.7272967089793,,,1660.5234917167288,,1869.0098783223116,,2327.300599758311,,,,,,,,1271.5828794157417,,508.2805531836611,,,742.1181863576029,,5303.551836025271,,880.0531859205678,,2854.605959655185,815.1913259038171,1145.1547862473483,,,,,491.013193365444,,455.0163333512946,700.1076428523554,,,1493.705989132503,,,341.29123466035975,520.6585316231464,544.5910540462844,383.93461948461015,437.66941188978126,1086.8258845178757,793.6682641830794,447.38250221258295,396.37506564825696,513.6251841047031,560.4464542633484,440.65026905120055,587.0312759653742,1174.4014968895783,417.46300750127284,604.6982310719961,,3191.920669424887,,3929.310000000006,672.9430367484362,1068.3091353871305,,519.6674526559044,1239.2596877866777,1844.9717937633184,590.8188866765624,2407.307399141378,2215.516550708019,,1911.7288042719254,785.3447046547769,1844.3095684997504,1881.3199999999983,1844.0299396312882,,793.8039234638409,3792.519999999999,1331.3265323796943,,2172.154318044797,1412.165108758969,566.6689002186873,,1329.1755740745666,620.6603293948089,1530.3067069973793,,770.6400000000027,,,,,,1329.9506404610997,,,947.6691242821439,808.3928977084598,769.9239806336501,1057.4466695505566,1179.9394907223746,,979.4289988486614,,1002.4505397734163,590.1951982310318,1304.2737719407917,1192.8352907762192,1375.0918379958107,1208.9524223297246,,320.43362770845965,,929.8196485913944,,1471.4043695351284,967.0737132888248,1602.649956678432,1028.101332671356,2145.5424108386032,6548.303022761436,1168.1365227923677,3667.1984445199264,2256.7350188135656,4374.881566364428,2964.9311960018554,1925.8442545804185,4466.775307771688,1731.9362750398448,1119.005479043269,1566.8055818560965,3858.1783826259084,2454.5885747996103,,,1047.9418438048053,304.09395498345714,1105.7948230379334,,,1929.7592703797955,1475.2781629803592,1538.1169167546418,,,,,1551.743643419822,552.5717755073325,704.4710233491933,,668.729889024892,1191.4398303747446,,1040.024122010022,2345.4285076364786,,,6691.838677896631,,2346.3930722237546,3770.611425611566,1425.9551993067967,2734.8008013450276,,2131.5399977498137,,3071.8997165189185,2152.025548043725,4508.09,,556.0670843132117,,,1789.4900000000057,464.5880724752384,,,5460.997240221961,,2425.1054062647804,,,573.7450388397319,,2098.040305965334,,1367.8115487802993,509.59046321968356,624.1897562354228,242.6371896456946,475.6000733598754,250.96733760532615,325.4573552412436,436.1693609567488,494.8512549651184,452.3918132753517,,1704.2074078424655,,,,672.7680347759697,1822.8793991865414,1625.5186844008267,503.0999999999997,1179.9154307015228,963.6994827132911,1728.8222218656651,1868.9407752413597,549.4749964359885,525.4731965519452,655.0747346572471,,,573.4137029800645,,649.1202085155336,,,,615.6132387974417,842.5550400170756,796.8096827995495,6562.741272951559,,1004.5248481169847,,570.7932725896974,702.9564650550461,1781.0524081172757,,,,958.5183848187534,,1174.1827765739931,2174.2008450863896,2935.3928280957325,,805.0496747121072,,,1922.6300226034518,,1029.33813505453,,493.8075564138774,2608.9855030350004,2990.1021703074744,4320.0243350990395,2112.101658665327,1669.0710472398223,1789.8135685931927,4695.912578910968,3018.9307328391,753.1514617169877,730.9836547051558,922.8720774319839,1116.911732682776,,1290.328310672782,944.6581228695367,1774.0546867309588,6233.83605571927,3934.0969849669755,2442.221991968918,,1268.6143454389712,2850.8635284185066,982.9177222046201,1372.323297973035,830.7856896773064,3410.9915259406894,1905.7335602650842,,,,5997.353883817651,4196.249561824969,,3598.9611679929135,2051.637891828206,1199.2893766128752,2276.3915915174457,1877.858453480042,1524.828871083899,1001.921371888812,3304.5698741375136,1945.3337917174629,,4610.091389447352,3058.523545546981,769.6148948457724,1268.172570740379,2531.422166307977,,1463.4144357974315,,1807.7742808055166,2292.002471454053,615.6932797647409,1062.1093154474909,548.2789640522807,1198.9291225290713,226.52081469882935,466.8928043654617,522.9457441498464,1499.571705387992,1117.5273433488894,1169.9234553860213,622.6349111157101,448.8044716212428,2020.6103670234131,1412.7595750141747,482.6865196777019,,790.2537170010975,,845.8933504743809,975.9300613168459,2536.245316873981,3212.067219229509
2020-11-02,1500.2066848470852,1550.405444431366,842.5591948690128,2125.0179271722286,2205.2328807765525,315.17812852585297,,,,2004.2521157639333,2342.1203102921636,688.7858726065981,,,,,1647.6244273378657,,,1655.334818626331,,1840.6197148271758,,2315.8400453400336,,,,,,,,1324.098839455225,,506.0014796413383,,,752.8228071698184,,5352.151230122534,,878.6187759855254,,2762.078709330288,838.7769497734721,1141.055479876053,,,,,486.76573468649065,,468.10000112431845,702.8636548905645,,,1521.5567912769395,,,345.47485143894994,520.31990931532,530.163761170727,380.0995344953076,426.9710660356495,1093.7227265343731,780.4231311076312,,391.94934350167273,505.1840565714212,577.444013058042,434.03589468039416,618.9348741467709,1214.6130179941933,399.3188155581919,616.5267857507741,,3262.145452126833,,4102.3700000000035,654.3686285226794,1064.9750671127633,,520.0024281612316,1252.824418289178,1896.0134777895048,605.3243239984082,2412.4431591463926,2210.259415349058,,2027.5323959651982,808.1548172361094,1974.2330638188594,1887.0599999999981,1844.0333909802232,,761.3882287655409,3744.3199999999997,1358.8215860958496,,2264.249142511716,1400.8133083139335,565.8855264376909,,1338.9444921826764,625.9038163212599,1543.0485854207257,,760.8800000000026,,,,,,1424.7971693721056,,,974.3865326726253,800.8462937117896,759.4676293512389,1057.2692353672478,1173.0637129255488,,980.5198163356919,,1044.0621015480247,628.803510323521,1365.8494579676815,1257.7450731130532,1439.7814261618792,1267.6643196455411,,317.3270452267981,,929.9193103619323,,1504.691574558677,964.7380000960235,1633.4188800689526,1042.8203560110169,2171.5466386320813,6649.545135434961,1188.3895538886732,3742.531111428042,2292.491544620482,4481.235178266775,3127.7431196728576,2019.8311582139436,4735.924165689951,1845.0567956138852,1168.520129586214,1617.8339432500707,3945.1951424635818,2494.7458318357153,,,1054.6476122635056,282.4957808013362,1115.6724706268865,,,1926.32588360065,1484.3881682446329,1586.404655696678,,,,,1562.9102006676992,590.0298020615529,730.5696868610776,,721.511542709528,1241.3009892578607,,1038.5116271400461,2340.3508769132436,,,7036.1371903386935,,2378.260751422756,3840.673256194575,1436.4891491178528,2712.0420170477837,,2124.6164952943213,,3104.0716017113514,1904.2436882047848,4618.08,,564.6219999565291,,,1723.3400000000067,489.2834042180353,,,5582.358161457854,,2523.4755294386664,,,592.9883827011402,,2145.7550095799384,,1374.3002718734435,506.62113241887147,659.63217506011,253.30758614764423,488.2215469592931,250.51517136136724,326.8358374002499,437.19898040527227,493.7174363351461,451.38285181645745,,1738.4062389315661,,,,677.0992509779844,1883.6047802668427,1688.479657714876,471.8999999999997,1233.928663689033,1011.2054064506333,1841.1601120528837,1999.0964532896176,547.5357854519582,525.7273348059604,671.3073977618217,,,577.0087103948696,,649.1722817793366,,,,613.5766870388812,823.3149589787809,811.045691219893,6664.235668069399,,1022.0422439047703,,577.9768505064162,702.7450455883017,1783.255086539451,,,,954.6014667616648,,1128.5427714008688,2172.0331137441653,2885.8670097901895,,804.6727604798775,,,1941.0538642087947,,1027.1504635737404,,,2652.2498566601225,3154.826294921714,4597.514610533,2208.9283715797646,1667.8118548632965,1777.5155135215505,4875.245467647754,3061.507117970551,699.594676076724,730.4872477711019,928.9088336745089,1141.0724472377146,,1286.0835625778338,935.2014307493844,1733.8669201163348,6409.707867657492,4032.6645356381605,2496.747251922878,,1328.8431172449527,2927.678718576935,981.3233373427098,1379.750859737225,827.0484657344297,3552.2028327804037,1962.6405590043287,,,,6089.853536600108,4268.424137601986,,3785.827012298701,2073.633299425648,1212.056202958868,2441.9736363290135,1892.8027561509864,1548.448540746992,998.0083674925286,3379.710017747858,1966.6509463614605,,4720.152668916885,3113.7389024820623,790.2935341798227,1261.1503268149602,2681.571174499439,,1480.1924809037575,,1832.0773361736726,2437.712228768187,561.0456218332386,1115.1617584541225,555.5709647120119,1204.4378480740718,211.2295583605627,472.0956379279546,526.5092106318766,1534.2028113043018,1139.9538287269042,1183.6104222081278,626.831012237874,485.2155571229868,2046.9313388032012,1456.1411369541613,495.21851115319095,,807.755621603519,,797.6009651659832,1027.5577235659941,2774.184681487825,3091.377539708514
2020-12-01,1440.596835268512,1473.4189801616262,811.2453760639715,1928.0459444623673,1994.373230206275,323.1865427516627,,,,1868.4839439091375,2236.5401598708404,659.4148443456504,,,,,1490.7572088370562,,,1500.4488392995413,,1683.0010036215272,,2100.237749452257,,,,,,,,1256.200440540774,,484.96327318341486,,,716.9812679295178,,5047.671266516614,,842.878061770712,,2482.535768147638,807.0331642145757,1102.9929120401005,,,,,455.01636421601745,,449.29718024352803,687.0125564134981,,,1435.5969257088614,,,338.94550733363604,491.68850207726337,489.10616288460307,368.856507560857,,1059.5119206750464,727.4516398523067,,402.0100932770201,503.76445103460526,552.3458212766565,426.37586553773224,626.4714232934356,1202.6144887690057,398.739107626114,612.4014423654116,,2977.532746232681,,3781.070000000003,634.353152258054,967.0659583045663,,470.7454581953747,1161.8138145418325,1754.2364171604288,577.4635380697052,2221.065150403426,2009.7657720931522,,1889.729566920929,788.2278325648642,1857.2425017990458,1720.149999999999,1668.4266156183046,,653.252367499648,3331.4099999999994,1270.5553415387985,,2145.9764100932193,1329.5141306588773,532.333198581471,,1234.705452935382,578.4065230684666,1424.0281547709758,,677.1400000000024,,,,,,1322.9714780254744,,,938.9541397735758,770.9393815768353,731.1204438549148,963.4926973496365,1086.150421438816,,889.644363994176,,965.288053565864,612.2830575614281,1354.1778581288431,1206.908071654891,1429.3989844248763,1268.880392975433,,325.43177374562214,,842.5784918981743,,1424.0625310860228,877.1199256071758,1523.8950276940984,1002.2467949767133,2081.8793186589724,6261.9328350677315,1106.3980626814432,3530.3262688348827,2208.7818375263796,4147.23957520679,3084.996181736821,2026.3470929143487,4598.83890063661,1737.4343331731282,1123.8734464987979,1574.76039793248,3730.1847333045835,2299.4484338168472,,,1014.0310273585915,294.54220320163216,1079.4901346386007,700.7463430863439,,1862.2282739288,1389.2478176697034,1471.1458968777122,,,,,1444.3976898981557,619.9126183692524,745.4390487655334,,769.3748160825297,1191.132301973565,,939.8057855303606,2147.7974750494604,,,6850.271337757054,,2230.9958976015914,3546.157988427456,1375.2383000026136,2943.5705430568287,,1940.3222005935972,,2902.983169618721,2184.8191240601186,4198.74,,521.1164650809565,,,1631.700000000006,478.0655007509624,,,5190.498373439481,,2388.8790178617273,,,560.0065834614364,,2079.409429517178,,1316.875305457669,,649.8660142365044,244.59005032670714,468.5468969366712,241.81097116515826,306.701555263112,395.92317329382394,446.0316997622012,410.4174558516375,,1681.597785944931,,,,623.6500818694082,1816.612776462092,1573.1152332683432,425.46999999999986,1215.076634363475,1012.1752153832027,1798.4613076644573,1947.105894001577,496.8433056592985,506.3365860246064,644.0742978678268,,,555.7060987156248,,590.1486992654324,,,,553.6258448536046,740.1396007807462,766.3464720502628,6275.16364607802,,951.4205845694441,,554.0212075042466,639.8887139480643,1613.1638450502448,,1438.672976177562,,872.1550248791657,,1153.9267712868368,1962.534155217897,2590.272487975854,,729.5385331654705,,,1842.3108682752393,,939.721000027875,,,2572.767035576283,3080.7160350034073,4394.524490428984,2197.488442517837,1520.1144998969257,1646.4666033220904,4549.536649307431,2838.2188271736563,730.8486991274583,704.0346872526678,895.2489592009564,1130.0901576727927,,1160.4912225485234,899.7588415439502,1558.566411529703,5930.094272032251,3769.9775363952494,2346.2134858895492,,1319.0640718111863,2867.2564091387526,888.5670339182011,1296.5814080912978,795.7865470934754,3400.415292706703,1909.6135503901257,,,,5735.126573797662,3974.0888039941005,,3573.0862320992883,2015.1062738669136,1177.2083164529147,2267.7027971302864,1800.803372704676,1475.6560769766982,911.2546965767286,3197.301402936717,1888.5924607830173,,4375.386698989313,2930.6649649817173,757.2846242947895,1165.1031399212386,2592.9315493105482,,1414.2641462971173,,1856.5059383934754,2341.4783811662082,637.8933198502989,1029.287108461165,537.026618828728,1148.8554288533153,221.0365967547411,465.460928305422,488.2705600707281,1494.8538664049827,1051.8457774167848,1093.7780684950815,580.6974116328071,448.7952848739077,1911.1093208105578,1342.7481127346684,500.9565066611533,,764.7323283935469,,835.8651023880516,984.1807290931602,2753.08578446121,2777.42652541187
2021-01-04,1738.6920882131888,1797.4459771715728,996.3917257862392,2234.784206577404,2311.460469950751,427.4449225582747,,,,2651.8970683261387,3068.518153868602,784.4249956941693,,,,,1726.0036246690888,,,1743.6122617188412,,1959.0700693282624,,2444.5668057578782,,,,,,,,1599.5313129319397,,585.1520247149008,,,866.8652536564019,,6068.975703316457,,1019.2733760187118,,2837.71075927187,985.5115669858978,1356.1150260691725,,,,,544.6740598769114,,573.1730751334989,845.2327871909932,,,1744.0468912134158,,,423.72247586618414,613.073054840811,608.5073700128089,438.2401829693718,,1286.3815436231453,871.0591977520284,,510.77562873635003,624.9515140201505,691.1038759011903,528.284208966793,795.1124380912768,1569.1132187170222,539.135825859843,762.46110825507,,3614.6313364465977,,4668.980000000002,788.9635436465414,1122.6652945537146,,545.5800945132245,1375.9359467021702,2173.0437873042974,685.2387491488337,2616.5461347467,2391.654351667974,,2291.9366526642802,898.426785723355,2388.7008971333385,2002.05,1931.8499340406481,,733.3284928616378,3838.3699999999994,1536.9466285807182,,2473.697041228029,1616.639274913228,631.5867685996083,,1456.7594220815931,683.8551868470419,1687.2299108728946,,780.3600000000027,,,,,,1488.7523199001091,,,1150.8331655116258,955.7917922427812,903.6309030445669,1125.4817675362742,1276.4566847251092,,1034.7345704978857,,1142.933338575174,768.1059972549917,1703.6842559114891,1491.2434121790309,1828.1543793461296,1620.5006261724627,,441.75114732714854,,979.2695474565375,,1740.8317898912483,1020.421674524153,1838.4070139650164,1219.1284914904843,2525.2515014241817,7563.34785684252,1332.3110127830191,4299.183320775768,2692.362534025023,5045.486841034053,3975.733717203667,2593.22590427365,5964.509944139897,2175.9610901405863,1388.4864014306752,1930.6755642281705,4557.882888676496,2779.8162398230406,,,1247.5095161472286,387.9297663952825,1318.25065303573,,,2250.403400117065,1629.3625275401284,1811.6786026419288,,,,,1705.986293305878,783.9925590673183,942.580530787021,,973.0669241615738,1388.2218386691427,,1086.8878078066034,2511.1702756363316,,,8531.231259111548,,2702.067755075442,4287.95243580291,1670.4887267365993,3863.753431212847,,2266.9814407152253,,3501.0913192776143,3192.170390692671,4824.93,,618.2976120504151,,,2128.500000000007,611.6149771912272,,,6380.285515309105,,2979.060661378921,,,685.4067789608013,,2549.4192651127323,,1569.5686583745223,,838.4314299673001,302.23026189775305,567.4696646006719,301.62896840201626,361.13396358592746,465.68353286686744,517.1837686911937,477.8102848572082,,2023.554786614091,,,,735.0176836135895,2236.71969919776,2039.5724974187017,512.3999999999996,1557.3845170098696,1291.478284711567,2292.847024327487,2478.572922162344,576.9932634356602,626.0108934679349,782.8841363628119,,,679.338446498327,,687.517303979995,,,,641.1901824006802,848.7521848925779,928.759447362264,7578.368561267277,575.0283814966331,1145.88001743965,,672.017992938508,753.7658573155451,1883.6938721824029,,2004.6663462159963,,1018.5683299496839,,1472.1583163721957,2300.3400305821856,2973.254923552129,,848.360863274305,,,2249.473835403406,,1098.9014909233276,,,3111.6572393489405,3899.968922797224,5577.828490333511,2776.613826948392,1774.3061528945225,1933.8823809227688,5673.0078555202,3360.9740291545727,972.2162165891807,870.5810127563409,1100.693658604395,1408.2789436661183,,1344.070100455453,1115.3501695902003,1787.2295142246255,7346.0502146638355,4533.142079372215,2788.7573835204994,,1687.5096906164365,3474.594101385346,1030.321516611783,1533.2123966492074,960.3202960911442,4186.241702904794,2319.3817686680545,,,,6927.261115237331,4786.813133601625,2430.2259617129203,4453.976984314029,2484.427910937484,1449.7853328749866,2551.1809060637597,2252.8697489468973,1808.0384273466038,1066.4077680923133,3908.956471203459,2291.7439633360336,,5320.184957072283,3560.6039676740443,920.1478357176616,1376.049539140089,3350.138961605582,,1719.50549362475,,2412.731969987181,3122.2964325536186,937.8509186288362,1218.3779208514443,643.4882147556164,1399.8743581057329,293.50986133924886,578.19293165879,587.826452260248,1796.7522117121082,1292.646283464636,1289.9531015124114,671.7830141855532,504.0930202426428,2267.6175395751984,1607.5203881459165,682.5509951613346,,928.3619041401637,,1151.654062677935,1277.7392885396687,3564.0920503719353,3170.37889833755
2021-02-01,1641.0043191464651,1611.7970220168113,903.0489064567612,1922.4224561648368,1993.6886031567108,384.59920856841813,,,,2614.6899974979597,2925.9967538137093,744.6394491459067,,,,,1490.6387146912914,,,1500.4914648768129,,1658.711533867244,,2106.879549691225,,,,,,,,1471.943125797739,,521.4139579182138,,,767.4651948035639,,5361.925126119724,,920.3325885585174,,2359.532012922811,921.7604497934474,1213.4769796044266,,,,,468.14997669145373,,525.7070798653251,765.517491444703,,,1551.6930836043036,,,379.9239654368443,543.0906797762306,542.2840272470387,403.9224940379208,,1155.117149645042,779.1031775826391,,447.0095391308411,545.7852128675266,658.4584182903233,475.91132011495705,708.6731016832234,1541.6823133043306,463.8717676442833,677.0713734228602,,3278.73406062612,,4115.540000000002,694.6143124163266,967.2581342705471,,471.90671968526846,1200.6193068314224,1934.0244162332572,602.149439232512,2292.8284706873824,2064.7993283192513,,2068.0562707634303,839.0800589009564,2148.33252808755,1728.7000000000003,1668.4178453653274,,637.2372435042802,3325.45,1364.542905786542,,2340.867770168441,1412.8844899601045,562.563850016123,,1267.1312648164865,595.4672813848085,1467.8620228098976,,676.1600000000024,,,,,,1296.3353427833288,,,1073.992787418365,853.5993437147035,805.0159847825364,970.8840641620691,1085.8611391139834,,895.2217735873884,,1036.8521715075196,709.4151166263782,1556.4572595194013,1378.4530134731513,1733.912133236748,1533.6158718223385,,388.29187718003794,,847.2325985132335,,1555.096915483471,879.7016658417651,1632.9431561364179,1084.8034424870807,2243.052926113377,6714.361300313506,1180.5779530683378,3825.4938604293634,2405.7720095223895,4470.101630730087,3733.1232437646886,2430.37505644961,5612.178342511749,1942.6946116706024,1246.860475452598,1739.8180403099575,4070.397510379792,2458.316851495221,,,1130.7177848104855,360.5680862352598,1182.53609459751,,,2054.5177551186357,1407.691753979667,1611.0120208167596,,,,,1484.8969140556915,743.6823858668017,893.1832589935622,,943.4542652899087,1333.517990447816,,938.9905813119541,2150.5544305877593,,,7842.302729650099,,2396.051198025213,3783.592383718078,1490.983122550682,4053.9159599749805,,1963.1415584812464,,3105.5244116274134,3051.696530483224,4218.900000000001,,534.955407265157,,,1941.2800000000052,,,,5697.548034419652,,2686.4212109315195,,,615.057500818378,,2280.5336681750114,,1359.5145622752439,,784.2674653634815,269.50650480458,526.1830093743303,272.23179775312155,312.603110339902,404.9225769669041,445.37710670551337,411.3435553345407,,1798.9685869768718,,,,639.4545492405022,1997.6567869430626,1834.499145576641,457.6899999999999,1478.3010921783593,1222.609092510658,2151.9438734832465,2316.1709066426847,496.3408523481964,563.7320305107819,723.3651007474392,,,603.6227609704874,,593.8461064828385,,,,551.8803988831746,713.0866642187837,827.4179638506155,6726.721083863571,518.5359366454747,1015.4824711219237,,596.9217314326294,660.0847617346019,1638.8430274268394,,2161.5442623087524,,879.6971774381225,,1304.338623106234,1996.2604958927286,2508.5458222471802,,732.5882150314392,,,2001.5414994209605,,944.4944765988374,,,2825.698496730458,3598.588446375148,5168.649911602002,2554.7699827073316,1530.4515824019297,1645.7806933273434,5219.859425391038,2880.5311479370544,911.5700759721956,783.1416259998286,997.9614029621564,1290.3651574751507,,1156.930332651251,995.9506174882355,1501.7415794511016,6538.449149536387,4104.808804561118,2442.023137695851,,1600.329086682241,3060.991726926768,891.2122449554315,1328.904813988783,835.3774819782177,3736.8736924107675,2077.120001270068,,,,6149.6003977441715,4241.6234365587625,2158.635225596023,3961.556855092189,2179.717474879212,1318.8050806070617,2226.7756655626554,2029.8232871331263,1624.0363966263196,924.713643425347,3492.424322849509,2044.7984530641754,,4705.029188621993,3161.1318613044145,851.7242305518458,1181.1933286375065,3080.2111763075654,,1536.6540306724542,,2143.5877734247324,2838.931082578256,910.3688177491215,1106.7149550926147,584.8527167721492,1215.6414478597646,274.67649063160434,529.3934287414679,518.3930030507952,1555.9315252207298,1147.0959734382238,1098.137501586004,580.7833118103654,441.4863943400872,2045.4706513493416,1462.8613400961808,635.0614870955234,,834.6435372404466,,1132.4253916656733,1300.457979713117,3439.5712004174075,2627.3353753500764
2021-03-01,1705.5528568998961,1648.6620613050836,919.3012183350145,1907.91113147843,1988.7614126502276,394.4185389064162,,,,2749.9954961741787,3256.618405489107,769.0864094551026,,,,,1490.6044236827352,,,1489.9935778293393,,1611.0429674429301,,2094.4040020613547,,,,,,,,1536.5969492447775,,529.3439660430367,,,775.8290886073354,,5448.535810447091,,958.0089476118311,,2226.2940322153486,951.7711724186669,1224.6285471597953,,,,,465.61947686773595,,548.4715585981845,778.9197337152916,,765.5293940024801,1593.699809957474,,,386.36239018544774,557.328403937031,545.9760385081839,416.6241472099767,,1180.386610063301,766.3576867814696,,438.2500083298184,551.4148588986071,683.0077755204077,474.87828091681627,680.364469485534,1523.7370079943325,449.4498400306268,726.6137689537006,,3314.351067061389,,4442.640000000002,703.9051061833263,962.1833316035393,,472.2803390705131,1208.6313162085928,2007.2998496368043,607.1660821349059,2329.2456779956588,2048.8758170601877,,2077.5941951451373,881.9254093065454,2256.638417440072,1701.3100000000009,1668.5318586540302,,603.0658745525644,3217.5199999999995,1396.2238978188932,,2487.280321885385,1426.4693560983108,566.95809521273,,1274.464569154763,599.5444864565412,1479.4097616393506,,654.2400000000024,,,,,,,,,1110.6131545167186,858.5092164829844,807.6105507566318,965.8703995306266,1061.9821525057741,,895.6676020903194,,1052.268701321397,737.1708509312338,1631.9667112391583,1419.008708414749,1836.4938813153037,1627.2350928705798,,376.8803441206006,,847.8407505373127,,1602.6964036791392,874.0351980837131,1674.715049155237,1112.795340735012,2296.5264127722517,6879.96341286767,1210.2855058215816,3929.3547377110494,2472.7250299877433,4588.036565392042,3967.680917090042,2595.912310989686,5938.280617669175,2004.8377307475207,1292.005922863169,1805.6698148213927,4189.079443972805,2520.0195361448095,,,1153.3429511663874,388.9895560919935,1231.665693581077,,,2030.5885688949775,1478.4156090234985,1689.5763833726003,,,,,1494.7395393102372,792.9333369874773,944.5459058540006,,1022.6163337157302,1533.6511407123744,,937.3985354265958,2122.959292123331,,,8145.590903922149,,2454.7760153957092,3901.8430511563556,1514.6017786977256,5419.356272853582,,1963.426990029257,,3183.0016410118915,3247.2720325008804,4176.649999999999,2089.879520747434,533.2010479486223,,,2143.5300000000066,,,,5885.963258671615,,2820.210224017654,,,628.5664201969554,,2344.598414639586,,1441.5616340494598,,827.6923154435214,275.48788923093844,547.8636624098581,274.9144191367677,328.58759966694515,403.4175695951963,443.445665365884,409.03554781865785,,1836.6506016150042,,,,644.4003402691684,2058.637937681906,1997.5692588027475,480.7599999999998,1561.8555916535247,1297.6455011143507,2250.538370322105,2414.5455080187226,492.5973950453979,571.2342003250151,752.4085747391564,,,619.3122386837753,,592.3991058424932,,,,549.0726648972454,684.6840468060569,849.6306515995246,6892.197866443741,545.2904898480701,1041.1681759945402,,611.3344371818504,662.7387147040671,1643.5011227471941,,2122.5704686376057,,878.900339588234,,1299.1212686138088,1988.0685284374604,2423.94853331397,,730.5297788805215,,,2045.0600917403915,,935.7084075861011,,,2807.169506707977,3763.314987480755,5389.392997750904,2678.1018396459085,1522.173743544928,1607.24947990296,5345.622200182657,2872.82103228583,991.2080493786473,791.6380260340482,1016.026023386534,1347.6241911197708,,1150.9894367685604,1001.6432689672373,1441.8226667714166,6786.305396562792,4109.5907651341695,2455.914334458024,,1695.3222343608397,3124.0120897511683,889.9448703771932,1401.186427279985,843.8361343081016,3876.454889521043,2157.7934703443416,,,,6302.029661271972,4349.228059959556,2210.165472191347,4104.702269824327,2339.1665593051225,1338.339597808484,2215.451304800216,2078.4921478780434,1663.3574535413563,925.0110440275498,3599.8658206057758,2087.407475105705,,4853.251397532963,3245.9457286891875,886.4335952121343,1172.7403790551775,3258.866512426656,,1563.7558171443563,,2262.1387657037158,3030.3120964824107,970.6936103082222,1157.0817844439664,578.9142883970828,1299.2207249977337,296.8792988063323,551.4763357477019,533.2841759148394,1581.396064321348,1188.4498780518638,1086.4075878730707,611.2422601394899,438.20211270003426,2023.2980032597966,1481.5536010932112,648.0735173849631,,853.69580661183,,1271.9826700893157,1395.0503848879675,3580.873463194718,2466.919511666617
2021-04-01,1951.8593490797489,1987.4706352507837,1102.8317301005895,2269.769764948105,2388.846532875272,527.1219623493037,,,1208.150000000002,2753.2215050108284,3388.9643364304256,835.5928549354645,,,,,1804.1956969294242,,,1762.598432088919,,1854.533880586697,,2491.1382418548496,,,,,,,,1752.2388167489012,,655.3801393522233,,,969.6303760756126,,6841.766327976255,,1204.187733422466,,2489.3529813020814,1096.338380845577,1489.837452855423,,,,,539.6127868977153,,676.9960568596097,945.3879740835524,,879.0036892698774,1932.1752786757,,,467.1678725100916,702.8996597103848,669.6407506308922,507.4955448061506,,1405.2706413048459,918.0733515914176,,538.3137606704806,683.7414401147474,820.9819959765689,591.2427677359731,850.8231204271169,1772.842621908625,505.5933031150757,896.1968747971889,,3640.3716049212744,,5008.920000000002,873.0059451713714,1145.9967432072333,,571.8186633132831,1484.300903794489,2333.5579300860772,767.0258169921481,2817.60976574511,2439.1396882285835,,2423.9222337110373,981.2762999284173,2558.1956033743327,1995.3700000000013,2019.7366391248909,,698.9827236663511,3708.6399999999994,1681.6691641427121,,2722.404294110271,1807.252775090609,705.8807408149518,,1533.1289299753587,722.2029567789267,1788.8470823185771,,754.1800000000026,,,2941.8175775341124,513.6302402423943,,,,,1285.5175619071294,1055.1094180616558,993.6236339927683,1141.5915921038006,1229.280678625827,,1078.5769972049811,,1222.1166214991035,923.8018710679077,2121.383515353421,1703.7906581007044,2324.3012082827036,2160.6506410216202,,438.26003171274857,,1022.2514704036287,,1946.0274805026904,1040.7187056215607,1969.584047795858,1418.0803381007406,2922.1071965586984,8399.295285778418,1421.7782418149275,4773.264589681757,3131.9683160630634,5347.375738349062,4822.476662858967,3361.394823657754,6775.036796544702,2276.8337881376574,1580.1741794751258,2297.348331584283,5089.939796923207,2954.5910664791736,,,1386.7073424118093,,1580.8386782523976,,,2597.6212020847643,1814.4892428176202,1956.2282154701616,,,,,1798.5111590398546,1057.6362214671367,1247.7666908051758,,1361.8685009685396,1586.5853919694532,1310.1450410033267,1129.15374887151,2491.4241556231927,,,10184.706396017576,,2978.2952260762163,4568.652343300201,1918.6041279921412,6114.931635615849,,2356.337228504243,,3846.993454835462,4401.938327019628,5342.409999999998,2044.6090015022592,649.6816236420101,,,2542.270000000007,,,,6826.951359037795,,3232.5926732263533,,,718.6861817129903,,2960.3202166543315,,1807.6152357854312,,1009.7256940081866,358.09480113273133,631.8214546401123,334.7151669172938,405.1565446536373,482.9836670820912,529.3619249618102,487.4885599928858,,2351.16306040811,,,,781.9270986476907,2538.118069398066,2205.6193029779793,546.6199999999995,1879.2784048887488,1722.9056866976985,2609.0113303142384,2836.159203264198,586.0581499425364,694.2629417939993,872.6823205340369,,,799.896876514548,,706.7066227273898,,,,655.0199169216795,781.1956184279488,1039.6429023951944,8414.43854533634,712.9337424926958,1223.1515765769952,,778.0592027851102,802.0359371481582,1998.6438565975177,,2089.591878431689,,1051.7779443418478,,1611.295839468952,2378.7775758412276,2780.4021739783316,,874.8320789607219,,,2486.0503394828206,,1104.4640352817673,1536.0024392228233,,3579.073484095859,4586.436460870984,6164.782254944337,3436.984493408308,1797.5955333894965,1858.451749308743,6397.390226779398,3536.9947330268783,1355.9874466482984,963.8513563189623,1218.8648237930656,1756.2621398015265,,1372.923764278591,1229.4390874869293,1645.2261389454452,7888.543457730271,4854.780032538328,3020.5834219600492,,2145.6419842667765,3986.843026817341,1069.657876424799,1726.6773274550742,1039.2652288892928,4715.125649199344,2767.7426727111338,,,,7694.049573379323,5109.687187379483,2813.0959329077755,4744.443563587464,2871.989398844056,1602.2816519380501,2684.4582295570544,2535.405246033611,2010.5928460480352,1109.5289885716554,4370.679664738902,2653.9633454412524,,5670.416073131374,3939.3368511283065,1026.221539682559,1379.1736745077365,3865.40526677751,,1982.993647780514,,2758.698586228153,3213.8403285372306,1279.260414513246,1470.2073351909428,736.6743893165735,1618.4101147232366,407.6460134194432,717.8434468967929,641.1310516367513,2041.0156812337868,1397.3455912432134,1337.1246159880159,750.348049913682,532.3643715030431,2436.5590119857115,1750.6210946726462,859.3571696559166,,1062.4813388118723,,1732.5515957307045,1876.5737437888374,4083.818633586287,2750.3786543327747
2021-05-03,1870.6451351461078,1983.271615446819,1080.5025171267312,2180.027977930545,2287.8536284822776,516.4593527051704,,,1176.4771428571441,2664.3292249326378,3267.7377870580826,790.5840953686036,,,,,1725.6035629026005,,,1690.9946479793848,,1801.5590487440347,,2387.696215242025,,,,,,,1772.405172932114,1701.6377551680798,331.37698387846484,645.0968342092904,,,975.5359230330469,,6826.771666057827,,1152.735744117752,,2411.528287484028,1057.8014372569512,1470.5673616810125,,,,,520.3590896752349,,627.5800787909928,929.4651444226574,,849.6657113791933,1953.1642146925672,,,461.4521833919381,696.2022837607633,674.7161094698347,493.46174590365473,,1342.8921683275535,918.8749791685908,,,686.3221521908492,835.8102679132583,583.2228542030134,862.9989418584756,1769.1797805789433,511.7527079984021,894.9205254836321,,3503.643080014161,613.1582335360273,5053.805238095242,880.9704420440114,1101.5636963737343,1109.396798314696,546.8663507880473,1509.6502492206046,2390.0999568305365,769.9156310334448,,2346.297582269843,,2443.372118724715,921.7006053912077,2598.502443842888,1902.8428571428578,1931.8837621592745,,717.7982609331511,3625.0209523809517,1703.7038823018127,,2558.2611041687064,1770.7405580512075,711.402715160673,,1483.0363598454908,699.1872368226461,1730.4394813991803,,737.2285714285738,,,2787.203440398467,485.7708681291393,,,,,1244.2603032149768,1057.5448029365145,,1097.478898116413,1199.0302810230917,,1034.300606941128,,1248.1107550899558,931.3267639034149,2114.3433224509863,1710.192951312905,2241.4834445066517,2072.398415292407,,436.16408326648246,,979.372185727893,,1958.1850304206196,999.8166695150093,2026.2242787062146,1407.9477702493311,2899.534915103057,8497.46551989138,1464.208553425219,4821.789502257223,3115.124644237324,5487.910918149111,4637.864225620788,3237.4312165573256,6504.356823039345,2301.3086777739422,1580.3766395326202,2285.3944952124575,5125.282464990333,3042.4458253140183,,,1362.6722143553059,491.348009258553,1581.6956282913663,,,2612.458176153884,1862.343410201672,2017.3615072040657,,,,575.5377551075801,1739.8649897557214,1015.637992838688,1228.985958260222,,1299.2545555738338,1403.1188894235272,1295.8718427894016,1078.8668376733424,2411.3214046950984,,,10184.168834728202,,3019.697518496759,4712.119089233033,1903.7572016216718,5512.663439694931,,2272.960074429826,,3903.5732098781455,3793.8157631624194,5696.079523809523,1799.0972559798715,636.9205506054125,,,2487.3366666666734,,,,6983.099725364396,,3297.933585287778,,,738.3936707630255,1481.7977013405882,2971.07631012626,,1827.409522516326,,981.0233789933988,361.42873515620647,606.9936825774379,330.680527985215,414.31078263604564,466.22915640733,506.89108848338844,469.0752547627925,,2340.71697094849,,,,752.4513924297139,2537.6728229282808,2201.205085170464,524.1633333333332,1821.848322737034,1653.2442364014794,2669.432666405936,2915.36169505002,562.8783889389331,686.3823435844022,839.3191568275714,,1510.699691072385,796.3088097058944,,678.6812306594893,,,,626.6760745133671,753.7540267454335,1049.6811814510727,8511.873302155802,701.8943173726385,1259.8732223784511,,772.0454200692056,771.388356609431,1921.1596489373107,,1900.5311037197564,,1014.5939319412562,,1515.5421835941142,2292.3797322887553,2678.797398768645,,838.8975683669839,,,2492.9391574055126,,1066.491160058417,1547.672890004954,,3605.8114496327703,4511.122097500259,6064.603761842645,3378.528528289764,1729.0405991161044,1814.3329641549894,6516.958875707503,3541.041798982592,1251.944441840406,953.283400166709,1195.9813552446187,1741.8733122747738,,1313.707756483327,1232.173909570276,1587.0779480163103,8078.933448135033,4840.465829402098,3046.3878484879097,,2068.4574147448634,4000.1318747818277,1024.8906366712417,1761.1687673479173,1023.2039562985095,4706.077526110853,2737.842203334501,,,,7783.4834155961635,5262.569248193292,2791.510807370511,4773.859593766841,2846.893025697596,1556.4481179745846,2733.6085434363313,2517.771369481897,2004.0335349941367,1070.5151433190708,4397.404788784078,2632.489423377132,,5824.254236532817,3983.1037999273212,988.172647311517,1336.0180137492803,3794.1101274849616,,1962.6258280302197,,2730.7894340286043,2933.3129361844162,1082.267043057764,1560.8914365157261,744.716975253381,1604.824604274911,379.69590540786976,713.3617528484804,651.8239569238922,2055.2049459855807,1438.5600622590805,1340.875380512372,774.9362360059471,546.6432132706966,2444.4947443917276,1797.5027683818018,850.762115474971,,1064.1629331546642,,1555.7776308309958,1873.5515820447488,4031.7468595478394,2670.4155163224655
2021-06-01,1671.7473270910727,1817.5398356701169,993.6470849516024,1984.3692538576554,2081.8667265313047,507.9229160989082,,,964.2500000000007,2117.8354596898216,2595.2389237586885,739.3289080889418,,,,,1568.599322643872,,,1543.9253947410093,,1637.3562605477134,,2175.718042078316,,,,,,,,1491.9547906853452,321.2954484647973,590.9607661213556,,,906.2710671793988,,6310.784562180078,,1043.8119161826482,,2177.5871477972996,953.7185348645709,1360.4057235988992,,,,,480.69454461465045,,602.5994776553282,859.1864474599479,1368.9522556281327,768.4489124486031,1785.957238649052,,,429.97621439789356,665.5820252813163,621.9890741862088,452.926398137923,,1198.9801163276124,857.5390546138257,,,650.1515035529741,741.4284129049234,550.9706364560674,805.3173360610238,1584.2816938725002,501.75954116563514,821.5459305585978,,3164.0933521549687,567.9078071295766,4380.300000000004,822.9919018502658,1004.2038600052323,1009.1676184166711,497.50294986724134,1412.5634231653792,2097.258292140674,722.2337766989308,,2161.4146387227506,,2232.0121081484594,808.8866674447888,2285.2671388552826,1726.6100000000008,1756.2431586787297,,710.6935560078049,3466.7399999999993,1555.683312792011,,2267.3667865960656,1656.0069805249525,657.0396424745613,,1350.8871668523464,636.8997913308905,1576.6665528228175,,739.400000000002,,,2332.917649790943,410.90419219391583,,,,,1125.3131838123977,990.6651995316475,,1002.8152805727317,1091.3665682141796,,943.412195537581,,1120.7650191955279,851.7598026061904,1976.582520372812,1525.2830112739841,2051.2445903404664,1933.7247451943078,,413.0947083501532,,892.4644555775222,,1787.846643248045,910.5592022989445,1824.5138419480415,1318.907513063516,2716.037122512737,7801.130809316726,1318.8088757773262,4409.957028302677,2910.5519259838256,4911.8450889653805,4163.410523331707,2992.875701017422,5654.6532412935685,2023.7717301579733,1444.4426414577872,2128.9558089467387,4681.961933185078,2733.216989301261,,,1253.332973430962,480.8597003206447,1503.4083473121782,,,,1730.6772687504545,1781.5416619680846,,,,514.0474193754911,1584.906949824205,955.0019721312104,1198.1023902266718,,1228.6923700670466,1174.231742728089,1197.3017953996282,979.9809675410019,2199.2624206366427,,,9311.753851984307,,2761.917316668939,4209.5806773759095,1793.4414691922816,4752.609905874409,,2067.2733472934133,,3570.8538649596867,3924.1617495706464,5371.919999999998,1409.4472523914774,577.865403621947,,,2273.3300000000063,,,1157.8719507077706,6204.418459963459,,2855.0075194262217,,,649.6905187500654,1424.2421249219835,2767.5419006148454,,1699.547266818127,,884.1369055900901,338.82735907598493,549.9072249534051,306.1289673753776,384.63802133449343,431.60877237035095,462.682838404195,427.7719511335821,,2207.5474905291762,,,,686.4370107786158,2341.80124923291,1906.9051182779388,510.21999999999997,,1542.7946724972655,2304.03448391961,2504.890782881027,512.493014010894,633.9889526137418,761.2542591369898,,1442.7924523279999,754.7020732529593,,619.7050761107398,,,,571.3753208555595,683.2933954089875,963.5058253771716,7814.016943140771,670.3739968212631,1134.8565685642373,,723.3109942197791,701.7714218171683,1765.2933008668524,,1500.6799599309181,,923.9382885546906,,1371.8209845016781,2115.445810164448,2431.8408975835177,,763.5160217246262,,,2289.2569765048343,,972.6028718279258,1427.5581667628974,,3504.081324281266,4088.380892729509,5285.489538306188,3150.1510950729066,1580.6459830542117,1652.0193375721465,5810.496722625413,3288.958706909476,1229.330431168672,882.0367448816637,1100.2774284716065,1672.8305052694645,2488.44274426779,1197.7259893300422,1154.9604588330967,1438.954737562791,7089.460897591606,4467.123565635386,2832.7339489203505,,1893.0870555073316,3725.363777786406,931.0424710320733,1635.2186058304453,941.3306588502323,4296.1706468948905,2570.018351214872,,,,7145.913774784744,4739.537870084539,2615.3989691688457,4234.878191975458,2584.8988812091975,1401.602193182787,2477.662347201596,2314.8997206557656,1836.5586509044826,975.9780064397227,4015.47335338513,2480.981226497284,,5193.031005735193,3642.3178907724737,895.8353522445923,1227.0603938467377,3378.4665739014154,,1848.6580475350077,,2435.8947161792235,2521.049093783678,1102.1890981835377,1451.195066554406,722.4677368068177,1472.2084354041324,371.80636404524967,689.47331692445,593.8159717687649,1928.2537164493833,1269.612547494638,1246.0094528489728,722.0404972701219,496.3188773051644,2286.932232197818,1595.9644573644434,862.9924908359371,,,,1534.247299613336,1721.1703677228095,3348.727812735963,2412.204546896826
2021-07-01,1800.2092407783744,1952.887243495498,1070.43992008226,2096.547633793572,2190.0994752133624,573.2826321920759,,,1081.090000000001,2441.557578133456,2931.0839889954186,788.8416221870144,,,,,1646.7913949042065,,,1632.7028153487888,,1765.6512851029252,,2293.486438520513,,,,,,,1664.2574427603104,1623.8581889412555,347.9597660927029,639.5774172168614,,,951.0829758628455,,6652.590062007137,,1128.7393722383108,,2372.1074791083183,1034.587838268367,1459.7227733695145,,,,,509.2256927184817,,667.2571721008587,911.2483324930504,1469.3623527687553,836.8867840130679,1917.757215775778,,,460.76852838530226,718.8708681765869,665.4768521795495,473.87616610626765,,1282.1802190590283,949.3067459573826,,,702.0406249804477,811.5014539448721,583.6887055085003,874.3325086114382,1700.1541027822727,584.3548604198651,873.6070924474152,,3515.91294859644,615.3434798757482,4949.300000000006,882.183984913165,1060.8955639746137,1061.068900511723,522.784908727049,1484.681904782594,2311.38729932759,761.6171685145468,,2249.445512907184,,2392.1488385571165,868.2098567759656,2522.8627503790162,1795.3600000000008,1843.7702833909077,,717.794706136766,3609.4799999999996,1673.0801248502228,,2437.432308239437,1736.9726689982767,708.8170031645782,,1430.722549636926,674.4473001415613,1670.6417649361256,,734.3400000000021,,,2634.3008374408355,447.62910819613506,,,,,1224.3705049549571,1064.7011197398874,,1062.898787474739,1177.401585250571,,991.7840035247929,,1195.3159563230533,902.8924003691017,2068.8575125026273,1614.6493553160808,2213.1872711497067,2084.644512015662,,468.5737450266917,,937.7146319718566,,1921.308551561042,962.3695578151186,1980.5791968697888,1387.151292877219,2857.0384107412788,8347.604432875587,1434.0431216326476,4728.81943866405,3064.9333320104965,5363.988618081961,4545.536662983232,3249.8670840715845,6207.361815495786,2237.840387607577,1550.4421851328864,2251.143477859755,5025.475385742659,2976.711070893399,,1111.0518688389818,1350.1467766138803,532.2186795180068,1593.7216610686007,,,,1919.99012098664,1978.3720479636238,,,,533.7358513793293,1680.0265730297615,982.6207628868183,1228.201312718736,,1259.5915920751463,1213.628163427452,1402.5444219432798,1026.9559117969382,2347.8217964167916,,,9799.38111846485,,2962.8754413423976,4593.057940712794,1883.286658229092,5133.770342769353,,2183.414703700661,,3834.9068372126694,4527.459294922518,5365.629999999999,1665.5251612066047,617.5307711524379,,,2214.830000000005,,,1333.8477840787793,6805.314916626471,,3178.8336937878657,,,717.8138760693196,1489.0523771266496,2936.614525346296,,1891.6632666080209,,961.9518697854566,356.44066696586054,598.1864978560823,329.454779295249,428.301789213015,457.1552119731391,487.37520695946574,452.7352731805479,,2310.8805896072054,,,,723.0850800811318,2514.3782181090505,2142.617977220207,525.5599999999998,,1662.790577228128,2568.8516469588244,2794.923632873343,541.3912050435167,680.8643399204184,830.0936640673782,,1551.2367718626822,791.8623866161878,,653.7710659544159,930.9749670295154,,,601.450671684078,736.2747192180645,1030.010487334545,8360.963482889521,707.4508059056425,1234.155174218855,,760.7455717737975,741.2560501212421,1855.2705944756067,,1701.3452858658045,,975.3494106328718,,1471.804636645544,2232.17804378639,2603.6048298362193,,803.8107367425481,,,2458.605677525506,,1034.3451800480734,1515.0978963138157,,3594.8998842944493,4412.260459453062,5797.515503363583,3358.716877930168,1675.2957415597061,1784.336311366745,6180.212143301443,3443.6788300388207,1370.7686222956702,946.9543185044341,1185.6722530981474,1751.5583818970038,2708.485392942567,1260.7778378973946,1242.3146727151743,1550.3798306981919,7817.932603491843,4781.128424924131,2971.1913718324945,,2043.1827575781904,3900.779692265298,976.1940335994096,1818.7698719355708,1020.049908856667,4626.16402955573,2705.8453555835636,,,,7646.690034287567,5154.914585080631,2750.7502871606093,4666.560324304417,2825.1156823388037,1497.10579533323,2585.910426360608,2494.942905808357,1974.0447944205068,1030.6179294136389,4315.713957031463,2605.603500222357,,5678.031425941815,3909.9632224407073,976.4261866741901,1304.1248762691528,3704.026087360779,,1938.7400051941045,,2719.6851139914797,2791.0488748028765,1301.9515681539312,1467.1690022953505,741.3076780610073,1598.8478853875563,411.92319275267465,721.0183921763015,639.6912573954912,2015.5657310533654,1394.5318206422664,1304.4013342473545,806.5647768927137,518.0298014629203,2418.781377886507,1695.384344311899,902.134846626589,,,,1813.0521247959007,1862.9448455788379,3787.5715747716354,2646.9230038499527
2021-08-02,1730.6956968951486,1969.9332130899115,1046.3818199439495,2119.0422074103526,2202.4127503514787,540.7212867766675,,543.6922819160316,1095.3600000000006,2521.6570170532145,2997.7433058218826,761.9749023005576,,,,,1646.6370853657038,,,1652.6433929698294,,1830.9713435983717,,2312.6750334292915,,,,,,,1562.946887579253,1632.8410278938468,349.1179484063907,639.3132126246381,,,966.5356395493203,,6747.082806065032,,1108.794225369871,,2518.0289103053274,995.0577334991722,1437.6601251344,,,,,499.7845387384678,,664.0369147079501,888.6515260803725,1446.1012070268534,806.5986979727912,1976.848356738134,,,446.9978239019727,704.1486385244153,651.349067764492,466.55258278245026,,1266.8694451581264,953.9849848448337,,,683.3542503264475,819.1944806514168,571.4271760277138,869.3861781533748,1658.7062926083288,557.5966724048326,816.0276221914218,,3481.035227755544,629.731645455224,5160.510000000004,855.465407617889,1070.425209258017,1063.4747207099945,522.825307150294,1527.0121262814755,2449.599779201905,763.070318981562,,2204.8596813818076,,2463.9916544652015,814.2080961122707,2571.811823348708,1794.0626000000007,1843.678195734648,,667.5081121223488,3550.2599999999993,1731.6599564176042,,2287.7840786909896,1726.9167499987327,715.727618513177,,1439.6980767953469,678.775371487707,1674.3974268973552,,722.4700000000021,,,2612.293970937927,449.8885945874813,,,,,1184.7799676920267,1048.533187804769,,1075.645454986733,1214.5907657761454,,993.1481366669881,,1269.9906783255622,893.0522252730179,2005.8576038086235,1620.9559383589446,2132.0231192343917,1969.2541766610102,,449.9653719201248,,938.756543964533,,1966.5177378504336,971.8169371479707,2097.429530626229,1377.1078095338394,2842.3004914708085,8596.561183159405,1522.9816480697923,4858.548607170797,3049.39105423502,5684.765777671516,4387.265099517688,3071.8677976474837,6123.288135032302,2318.3957404174316,1557.808526658708,2225.646570559364,5141.076943397049,3172.6403614361134,,1169.4623209066526,1322.9422071407737,495.79546187932806,1587.4689669636002,,,,1959.2023196843966,2103.3522612460715,,,,483.5392184326065,1691.062123565987,918.3900883323739,1174.9023015169207,,1167.9590745760568,1040.2705745861585,1584.710268746264,1023.9780187402889,2391.0876258877224,,,9657.219634091452,,3068.270733743421,4882.926802559312,1885.0433245047511,4551.343181932764,,2194.8823136930087,,3989.112203035385,3922.3277637605975,5337.879099999997,1589.878117954393,623.0764168984235,,,2131.0000000000055,,,1341.1295210496025,7186.77446647948,,3305.758480641965,,,766.726579502234,1419.2459640324278,2944.0798879782997,,1931.4174081763126,,626.428902635752,359.07624142069074,574.8862637477528,326.24531270241584,437.567126483172,467.8626119483878,491.51191802650976,458.3442362546968,,2279.3821209320117,,,,725.2413438260724,2540.427844877369,2198.626592400711,499.7699999999999,,1571.5544254414963,2610.0010108414795,2837.3298232903626,547.1391650463631,668.7478324838189,800.6274706647812,,1479.4222820783523,770.7885250034385,,657.8688347068166,917.4796072122873,,,606.0112751812248,768.8719801069998,1056.5522151132434,8609.852471728274,681.1622138177327,1310.84585669834,,756.8429271493804,738.305214395129,1869.976647564221,,1780.843871119501,,980.3038230943205,,1366.3593931104824,2272.8045131813687,2702.685086784834,,,,,2498.854511103624,,1050.108872622845,1564.0864312858619,,3485.082765789408,4332.059158357318,5813.3290576852105,3246.0093527159484,1695.2527553981768,1842.0816363688164,6393.08851238284,3458.3220263674516,1271.4001980956696,932.4019669972329,1159.8420450139577,1715.9318867750092,2675.9144852931304,1270.404414089293,1224.5315088763605,1618.9913787651167,8294.144461542506,4965.99555193972,3044.3045338283055,,1967.7411303331394,3879.189530473691,978.8169907741067,1854.4996414040672,1006.4655413866127,4670.0588410521295,2657.284599404848,,,,7874.83550113312,5474.435905577734,2736.77629490356,4833.274018451185,2887.2692944866417,1473.7513192658137,2606.0065103488464,2477.422175538732,1985.3169752386073,1035.9741438706678,4417.484178404653,2597.188311144749,,6010.529380371864,4031.6027891600256,943.4799431563276,1310.2305341244178,3688.717001140341,,1925.0656798185387,,2630.0956847490133,2693.7805136354705,1135.0796146265402,1479.2573626154208,723.2882073255851,1643.7531490457109,384.083934733691,707.6255527951171,671.4581694467327,2013.8801566690279,1486.6484213841975,1316.7369298797914,828.0620391923746,525.4914962636268,2527.632998733181,1771.0821097051135,857.2029344722501,,,,1641.579255169936,1864.594542798708,3827.29104937466,2824.7190986701503
2021-09-01,1744.4449360098897,2091.733505900773,1098.6425998360664,2223.5904877048197,2312.3112538487017,530.3440245093822,,569.9789738978974,1149.4700000000007,2604.9332878456516,3183.48088860334,777.8326396828351,,,,,1724.9234578995688,,,1734.7960751241685,,1926.2381549046834,,2425.278409214107,,,,,,,1474.4589799759224,1715.3175611418153,362.90293038058235,,,,1039.7523076732223,,7167.312550818046,,1159.9798215797728,,2665.6223994309585,1010.8739895216727,1532.796211196204,,,,1986.3586109764708,521.2362585622687,,,931.1591361094979,1543.3250391247034,821.6047743303876,2113.2356419275106,,,471.52789072720367,745.1002856382378,688.932426374469,477.60566825523193,,1331.523570431472,1027.695138813309,,,735.9000277314935,847.9716471659073,608.4362545725862,935.6987975444479,1666.3659805335494,549.0823410948218,852.6021052132825,,3695.281564773613,671.765588157366,5328.970000000005,916.1907570648755,1123.2649663119485,1114.8957916314366,547.7916423848844,1639.6457809135552,2627.714241762808,818.4047182829316,,2297.461886685066,,2666.217109226482,798.0863156984685,2746.0301200826316,,1931.3324891149953,,669.2437414574167,3676.41,1857.8504013360998,,2223.070546736803,1819.1922160826077,775.7145697215781,,1507.0223932462466,710.742390914139,1750.5155071878924,,748.2200000000022,3705.2152070812986,,2559.6170446332853,472.6804108471833,,,2277.5549463747843,,1205.3734032593125,1127.7118277627717,,1128.0873998597533,1274.8882813217463,,1040.5669011200484,,1381.3647953533095,951.6856372376734,2143.438103568818,1721.839695665341,2254.258666270209,2060.9928424891636,,456.57504072129666,,983.5902060361192,,2099.84367680861,1019.4743549631281,2249.9986618684593,1469.1779328828572,3031.5124264871483,9201.309593433902,1634.8271729243809,5192.80409252331,3256.305952497605,6079.757560796838,4581.132340814208,3227.5057116571684,6356.739633802763,2477.892661309525,1663.4425415687615,2375.0022485655813,5487.014286828272,3393.477312536537,,1254.5378498269679,1390.8717298593865,499.1752584335971,1711.4299045812593,,,2693.839217698251,2081.635842924314,2279.9684983544685,,,,492.4670059178309,1769.247837139521,997.1792556662708,1281.009407457548,,1260.9892347435339,889.3204294266026,1786.1702894129533,1071.1452012362965,2505.4001197446346,,,10288.482226434633,,3280.364526626029,5216.316310658355,2017.5735933935987,4351.68514790676,,2295.9034335680253,,4260.737866951174,3735.3822355800703,5183.949299999996,1588.7159916944322,656.9448376723419,1961.3668762063144,,2071.210000000004,,,1424.6734966460758,7694.910552694856,,3588.8114099419126,,,845.294286927333,1517.077386193512,3152.5871783742923,,2049.8419706029667,,491.47918573509423,383.1931001339618,586.6103494090947,346.41234436154974,463.6366619748368,497.16790088123446,515.2189377733184,481.7742524002008,,2420.0353860085515,,,,758.4570513398779,2717.104161035446,2328.648817628032,488.4999999999998,,1643.8042642412595,2823.548841469483,3075.700573016595,574.1706090699961,710.2692368866989,819.1267945068952,,1563.5591712564958,814.9159923288715,,689.4499145061835,977.6887395533643,,,635.8821430689903,812.294112121578,,9215.247888921542,721.3114866129508,1407.157931045776,,807.4453475121865,769.4189486056965,1966.7159936771327,,1837.5149486515252,,1024.909071797054,,1421.5687382266938,2401.3158765201583,2855.99321147593,2765.6163104572934,,,,2670.864096574092,,1101.2071666010363,1676.8615241093235,,3760.2223371892323,4569.1926643178285,6096.56535563897,3439.4175652623685,1777.575493203585,1932.7276391443434,6677.1129534215115,3680.6327962659975,1270.9239418005625,990.6048858987427,1219.060866876146,1876.7569398195324,2852.534241560124,1332.9805761967928,1318.2345645323478,1710.4870633005237,8897.926477702407,5365.114596331489,3264.6102394322984,,2080.5035926893556,4102.1317821055445,1026.3732580185513,1971.006097764339,1056.9974326174508,5013.2519205190565,2853.4355117758314,,,,8428.73364981757,5877.209558927822,2919.1751442952655,5188.104728137174,3048.969881822611,1540.7478010866269,2846.990282526619,2614.904261081363,2106.1693174476563,1083.3114999840136,4716.948975662285,2780.702366091037,,6427.1611676478715,4313.119198494576,962.9783573089089,1377.1464847736163,3889.738291221172,,2061.151469634425,,2642.6641402471473,2764.568165309356,1056.9324215797246,1628.582053724583,782.2054668120101,1748.7725692698652,386.0060525189367,773.8567437330452,717.9236308216621,2132.5449810788537,1596.061875527049,1404.2270479976555,882.4789687663008,576.190285887227,2750.113892694339,1849.2488756135485,926.4335460120443,,,,1572.980191866302,1949.8848133853417,4252.11920159177,2989.8167336077368
2021-10-01,1668.5742173258386,1997.148528005096,1051.6692780437731,2120.642974135696,2204.9015986328072,511.4857020736153,,551.0773993791784,1098.2900000000006,2450.8520243244143,3017.4308087048203,742.2289252922234,,,,,1646.4313393143668,,,1650.7419586348767,,1835.2441592314615,1578.6078632726067,2309.2975247011386,,,,,,,1400.7627044119517,1664.0251630774237,357.83479424098715,,,,979.1291353027488,,6749.412006990314,,1174.8002429499932,,2540.115979254598,969.471300125674,1468.181688598966,,,,1899.3689676369372,497.4459896473144,,,871.389510599006,1479.8951220040515,789.1534713945262,2016.7331378346728,,,443.7749555791686,706.8085437792039,645.842710492046,437.2258453785674,,1354.5257761260448,945.7304794135439,,,697.1839050404828,821.7506885737341,572.6777643993582,899.7083943467471,1532.356337914742,488.73897779921356,806.7867288747282,,3536.0093668079226,646.3669124786859,5161.330000000003,869.3707488988231,1071.7547812087228,1063.9977793245068,523.0739706690067,1543.025093426476,2521.6624294023945,768.823744873433,,2189.5940250356557,,2580.3791364312533,754.474258965518,2642.858896207963,,1843.3493112480041,,609.0752578417247,3486.85,1768.508046647189,,2108.2676106827053,1715.7127939992256,732.1036033315803,,1450.028781836479,684.0843631364498,1683.942162241716,,709.710000000002,3546.7217691928518,,2392.8161847802326,446.00474526395095,,,2161.4019639636385,,1157.5861836427093,1062.6396772173066,,1075.9083827190557,1220.6759684933925,,993.750052616691,,1350.7667200923465,906.987397946735,2025.4830594423531,1645.303617444472,2151.205252508172,1959.108049360529,,412.21901359027294,,938.8451361546308,,2004.99707239595,973.0793107235927,2163.419856804253,1389.1139824472184,2865.23099133911,8778.550451400655,1571.9259711767804,4956.126289392476,3080.4240007944513,5849.02276845734,4418.356382522064,3101.471880924113,6152.842134289111,2395.927622021049,1590.0188484898936,2254.6509620546562,5239.911364648031,3260.716383627662,,1207.2154538041648,1334.0323872678025,489.0265181567068,1625.5148400655962,,,2494.6026450339355,1997.6211823192457,2197.56183587135,,,,478.6023293265394,1703.4654941764286,950.5921479651546,1224.1929050756341,,1204.5720981707798,869.5888746666806,1684.3225556054692,1021.7936335922873,2395.884660788856,,1311.7176421538238,9770.752070991584,,3127.3573637875024,5030.204040653585,1892.9205112109232,3745.3894764785437,,2185.118924461697,,4069.1505467206644,3682.3456002509297,4078.6112999999973,1501.0206566160266,628.1182198972732,1853.9119755191398,,1901.350000000004,,,1337.8100874200677,7418.606736318519,,3462.201872531325,,,821.2412750333641,1436.688068455038,2999.3983604743526,,1957.4674388983653,,474.61848330327757,362.7922348762789,566.2033557966485,331.2456639233351,445.06153794835836,478.5580794231805,490.51888021826574,460.15266779371086,,2252.9332664612352,,,,729.2348488444918,2587.3254981368914,2281.7204787016126,450.70999999999975,,1562.88528562457,2745.708527451892,2988.0081641439583,547.527762383917,681.73844731162,792.0592714005071,,1506.9087096153603,767.8059627587353,,657.9920257898635,928.7227817643229,,,604.8374100707606,773.2290313984387,,8790.588772030638,685.333762764018,1353.2389588123863,,763.2226334206825,737.6707082674935,1884.2323563097523,,1737.107718476803,,974.9668496691836,,1409.99525593556,2295.922277723244,2715.021593601138,2633.6548707858524,,,,2549.15341011002,,1052.3054235460468,1584.576828574562,,3499.7127144148576,4394.843882455825,5938.83410552806,3276.3575143971384,1695.569371323799,1851.2033434375091,6430.056742627843,3491.5429035791,1255.2628047762055,948.3528182035001,1168.6243691344557,1787.1349157463058,2736.2325488527,1268.1077708268463,1241.8098586262429,1628.530917696553,8539.393045614934,5089.549148603476,3073.78742187924,,1985.6132726448418,3836.423353175644,979.3357521664312,1890.402202429539,999.2834069875887,4803.5662618120305,2713.5654481062033,,,,8041.117849192022,5650.506791866226,2759.003751535009,5003.32633985818,2935.582072593295,1509.7467994575172,2672.5080842744146,2516.063472981742,2014.5229912708373,1029.9649967961095,4505.382528068223,2615.485976399127,,6199.1667385753,4114.9637246836755,930.33729179117,1312.8895886194878,3728.766536098677,,1940.4806202411294,,2447.7205402572017,2740.1466244353546,1048.0893937093913,1535.621211720291,728.9993448216516,1670.835326274521,379.54293525006494,735.2063688371644,687.9225535113528,1986.252822030888,1530.2922809123104,1331.9783456971,847.2852850350876,543.2950444884422,2594.517484375693,1791.8533785624645,867.897181698525,,,,1664.2596096946918,1836.5047596195338,4236.49352623288,2851.434229503683
2021-11-01,1571.866086024404,1901.4568616005004,991.8850503081272,2000.6934156091622,2087.091479418659,528.2552393849176,,520.7283774925876,1041.8500000000008,2276.490180860577,2900.7162103390315,712.2774737309381,,,,,1567.8706387120524,,,1551.4873485433402,,1710.684541443536,1488.7336852180551,2173.4762453493963,,,,,,,1328.6086383524118,1581.3547522103618,371.2192018811215,,,,940.8026005221501,,6505.427074735732,,1095.8278384947712,,2347.4887352547435,915.7531860797441,1374.4758944916225,,,,1771.3287286405298,462.6144438254227,,,834.1932899487621,1385.0894902572086,745.3901674352702,1929.9596785316776,,,428.732155862755,698.6835772159424,598.351501846982,408.5448496904689,,1219.9463725876938,891.7261146387407,,,661.7243593808225,754.4290789728434,555.728123335667,843.5003089314764,1390.5997671893333,430.4406900784675,785.9460826315537,,3212.771560675028,630.0903331718515,4838.590000000001,815.4321893522347,1010.1220335934561,1011.6202660316205,,1472.1711885134714,2400.356296550963,737.6624622721865,,2055.0874124373067,,2323.562401929941,724.2358501716128,2539.577324654614,,1755.3705185075012,,593.7065400199126,3324.789999999999,1684.7472168830877,,2005.5454758995304,1658.170336492574,682.5827191065639,,1372.5376462576853,647.8202352284512,1596.2120744336576,,676.760000000002,3109.910196918417,,2209.0698379299606,431.2104689760108,,,2025.8104823935573,,1094.6216455509348,1001.4652582079825,,1012.14668234633,1140.540599134897,,942.2158590289392,,1244.9034032087575,887.7896400885138,1974.9634037912213,1578.4707709969489,2090.228329007332,1931.9478484521057,,372.07426956949416,,889.6408727151235,,1920.4309416592416,917.7984200876813,2054.72809085021,1343.5850618866873,2770.737463023652,8406.292199357855,1492.3869295110364,4747.379726319888,2980.200632247385,5552.997501795212,4252.326998245193,3036.772615284755,5827.224281942142,2274.009611036275,1530.7748453212146,2189.366412101614,5021.925198583096,3095.866882179994,,1132.8198394094468,1256.2275711340417,537.6409621858302,1618.5229484698282,,,2438.4827304843443,1904.6171724605915,2083.9437311587,,,,460.96354389767504,1612.6323559690663,981.5481350193464,1261.4793174500128,,1256.2737290096622,830.5008897620437,1652.5252498756015,969.9057506779109,2248.847980532505,1879.5834048666275,1253.661778062002,9460.049306935922,,2990.5503941772113,4767.383680521743,1831.5330826280513,3301.795346165815,,2067.2234993130864,,3895.0094141831755,4041.2761733797715,3756.169999999998,1434.0099978317407,595.7954744063494,1792.213255314684,,1903.7200000000041,,,1327.4992803053128,6997.362227103911,2958.1624237028377,3250.6545343267967,,,775.6177950412399,1425.7311742739523,2892.3043533472523,,1894.5856219807813,,459.0787334440354,354.7002183640077,538.7636387292773,310.7079437667512,424.9164518351848,459.0048288946017,462.36357740895807,434.779587021627,,2172.073028863767,,,1495.810965373276,693.3719046183462,2482.359062047353,2206.3902401813725,433.7399999999998,,1541.5215694816832,2542.367990104851,2790.5817636286447,516.5028528300869,639.2284380420041,754.6786573863623,,1484.4340168600704,731.310037207175,,621.6196448498679,899.2491895726612,,,569.7231214473859,718.6152640294547,,8417.970204795181,668.5778240281007,1284.836255741552,,738.1679822055279,701.2592301237755,1801.2514087893512,,1730.386727527391,,920.702071381571,,1339.9617441196365,2191.556015990059,2524.4978504554037,2447.538706262587,,,,2426.2615179925065,,990.0563568472619,1504.6130974355765,,3378.7728715701987,4235.251664361818,5609.8466580230715,3207.3420396094125,1595.1087721616911,1729.1788573905874,6230.1434688528,3306.614924138984,1384.6767811677885,889.8429593625912,1100.32316138822,1785.9790311689176,2650.1105792168923,1194.4032814657398,1172.1148266966748,1513.2744798948895,8128.930795241899,4709.054204484428,2953.482996304121,,1928.6267108072138,3709.804578289959,928.8681266264412,1802.3375351464697,939.4901403468741,4629.6571601747,2629.307529114113,,,,7699.773559612687,5365.1229632712475,2668.318619567891,4798.143457956987,2721.284105203522,1383.930217747403,2522.2640103420877,2364.0451298194507,1915.7131971042627,974.1324582759221,4317.522249230208,2532.5827695691005,,5884.764267120127,3940.5324287410403,883.8291918589106,1225.876247628971,3580.2530318827075,,1884.2829066007316,,2383.693807051272,2470.4651689998486,,1445.256799591958,705.0864192164544,1543.5300211360832,420.92244677732157,732.5627085763317,658.7420769937394,1913.7196545885415,1456.904636534641,1258.6652335801894,801.4448876706773,513.116609446818,2405.5756710003243,1765.7963131706965,840.4426464636547,,,,1892.577672947871,1719.1983637056148,4034.5503538491234,2633.4152399866184
2021-12-01,1566.3591204569668,1957.3907433221539,1000.2502825257578,2002.6520414346244,2084.1660841272533,516.7571539806702,,523.1712655534393,1021.9000000000007,2282.509441250912,2961.5295838687325,711.8803376171128,,,,,1567.7249019256883,,,1549.0679923539071,,1733.4835983066255,1490.6650107668556,2171.161346074139,,,,,,,1339.9957701650067,1595.5659556698658,366.2033145677074,,,,973.1788746305037,,6654.62625749344,,1104.8043740337957,,2411.883301484878,907.1886521861367,1394.0318863053296,,,,1768.9306635121625,453.0614539561454,,,828.1396256566823,1405.3658392435268,737.4010667124979,2014.642903008919,,,424.5943556119936,713.6625658521222,606.2202929899886,408.00812930332324,,1235.7241554002949,930.3638331419007,,,683.673861334829,791.9852030057463,554.1607192432053,821.7148303084538,1375.262943302616,405.71572637838034,758.1828724476283,,3166.474351484754,654.1422958709649,4869.090000000002,835.8458109308956,1009.5398074917372,1011.2148979606168,,1528.9608942952711,2570.772068344151,754.8304936337295,,2020.0613916117,,2375.598620358309,716.8776583336642,2677.724974774471,,1755.2170390804004,,616.1297512681301,3397.539999999999,1765.480795275066,,1970.7425242849765,1685.6228925134287,714.2831733348283,,1370.201439728046,646.8077874871194,1590.3526556154252,,691.6400000000024,3086.960799549702,,2167.6613662877216,458.8570968901261,,,2029.5325542469016,2322.5826080185693,1086.1491665627868,1019.781992152877,,1009.6452902414054,1152.3342483046822,,939.1077651502643,,1265.3865613674582,929.4349977454751,2057.44809222971,1662.0612440059358,2187.875908715744,2009.0991169765587,,350.17136495088283,,887.1128371919314,,2004.3957289054042,918.2748856542988,2199.683389355334,1369.4386547757072,2818.9773069506145,8796.708262373613,1598.5616244180956,4952.468271421998,3038.7336081500353,5913.251588605733,4435.014014697626,3154.8915216967685,6101.558664206036,2355.6720210525013,1577.7073369201696,2249.4464101796366,5238.406078440462,3317.7277417116725,,1210.608087685357,1266.137575598101,547.4908995594905,1645.8850536596337,,,2546.7580099888582,1953.9084611406188,2243.5522808124933,,,,448.64595630768594,1610.0759110626232,1008.0343123394705,1274.3096132297928,,1310.2563546974627,804.4922497743137,1805.7304502104198,965.6409931780988,2254.361232976159,1874.5233866186336,1228.2713189364483,9901.465783666488,,3129.4323163342215,5062.693526471571,1878.979040437298,3198.479867557479,,2075.4507016704924,,4094.306695756953,3758.2837842740646,3724.3824999999993,1634.2715286710245,598.2260758737111,1846.882066070331,,1919.2900000000045,,,1562.6698923424058,7500.419511464973,3170.9180565760025,3516.80759148379,,,842.4305195800393,1452.9883433121704,2980.1627266164833,,1982.4006119409448,,476.87718091317157,362.69852376519884,534.7029753093578,314.7934042280072,441.196076743722,465.2898793581288,,435.9835865261147,,2241.9651646657258,,,1493.270415407598,692.9996159188778,2563.825681371638,2282.9748338822524,446.37999999999977,,1603.4286380129531,2908.7050291884466,3194.636062835201,517.1050751126198,646.9378216080358,749.4266203500043,,1559.5072131995998,734.8622306798006,,619.6263319246884,941.4838933548948,,,568.5124035040524,731.637453847168,,8807.986734306007,678.2843728682399,1376.546881789565,,750.9699044735703,699.9214159992428,1812.892559413712,,1903.7405710095632,,924.7399728549726,,1341.8528929578724,2215.261893266608,2548.5893428077384,2500.3543116377527,,,,2512.396522374576,,992.006204200818,1545.1910633893913,,3566.267540295091,4378.23125599563,5773.0094476450595,3327.915514899451,1590.7616073986537,1747.4305488403973,6734.3218348446635,3407.6503049724943,1389.248433217456,900.6705317251067,1108.9222727527433,1816.4390374265786,2762.8481480555797,1191.8532462315811,1191.0130470212512,1540.6696701274348,8705.754138430391,4843.157206516519,3075.2229826622265,,2019.688765029818,3858.5390357890815,927.4764730102376,1856.3060256255742,942.5206208802273,4806.902063861681,2698.6267180838195,,,,8057.356161879574,5747.496773176233,2714.7208102662926,5035.787515822092,2697.749409134103,1388.2568813034156,2575.8396658657816,2382.5110490840843,1970.988293857405,978.3997693409424,4505.7068198215875,2595.0250497342427,,6244.076138998255,4117.570582083297,879.8681204560606,1224.5795421737969,3691.2324651775193,1124.1275672115796,1933.4874760969253,,2356.6623083380296,2480.631692329067,,1577.0974723688366,744.006356827944,1528.6173349589158,423.8482455433491,739.1510709628735,696.4451782194419,1975.832453462669,1568.4998843241617,1293.4135232691779,834.1563947752292,522.5828430743843,2486.1766362969124,1933.60380726717,857.1072075114319,,,,1893.818100388311,1869.5209137853735,4712.218403442004,2732.4012832824296
2022-01-03,1602.148297506867,2031.6346901509792,1026.1357539573441,2106.225067739751,2187.5564079032333,502.2330059416176,,549.20717488594,878.0400000000008,1997.9026305807804,2546.6204589634567,765.5614727207172,,,,,1646.0198472116922,,,1628.3218400141063,,1837.300877357094,1567.3217277297767,2280.8139602303436,,,,,,,1277.5023372275675,1586.7626190173617,370.0174788789495,,,,1034.1562116719333,,6958.3004788907565,2155.3047078683494,1152.640143047632,,2590.8854700396605,925.8840723503276,1434.9817070457118,,,,1861.7945596238608,469.75332562232336,,,,1445.978414231537,749.0978243738685,2104.944718215557,,,435.2345782038207,722.2578244255003,614.0208388323501,414.1514159027529,,1273.4812199717935,991.5816775514143,,,705.834864314321,855.8586800798082,579.8496385836307,879.6153744193534,1464.5468931072303,429.9495783797185,786.0676401173192,,3288.3260585022554,685.2006546614928,4740.570000000003,848.1641715412757,1062.0489297195854,1062.0034324180983,,1630.2229716665954,2722.1446709691163,799.7556369200514,,2098.4294038354396,,2485.6775872413073,706.0117862681321,2697.066915776519,,1842.7441637925788,,609.6988681251053,3513.0399999999995,1854.124510871353,,1948.172379574625,1785.778947070761,736.9290992124694,,1445.4444524140183,682.1445965390171,1668.3788366048427,,715.2200000000025,3141.8416176724354,,1879.734033916729,428.9095232411873,,,2148.41579462019,2439.2045208691143,1111.5035938577164,1048.0970802026588,,1062.4264507889343,1215.086205404659,,984.124346220484,1673.4743050745021,1319.4315090338625,951.7070356126719,2096.930460444035,1677.9692558526322,2204.1775926406895,2016.570320953814,,367.01616267597797,,929.8611603610526,,2082.0553089924488,965.8335935030939,2311.232630191026,1436.2162594458725,2961.854637277206,9253.809695352695,1683.0949355067162,5167.533513559457,3172.6562074660574,6164.874487323114,4358.680067813259,3149.917528444387,5904.114329790046,2329.0966640360507,1607.3298170424232,2331.4102057551904,5446.311028427398,3498.3616181557336,,1292.839435026311,1296.9796786632498,554.7382583332026,1682.0313439292433,,,2630.934706174909,2094.1266987307404,2355.073165187037,,,,430.02376648782763,1697.428692787133,1008.0329323062315,1274.079125736267,,1306.5259478613555,709.7443840858347,1758.1000133365164,1009.9983133000145,2373.802122572055,1965.2205123236577,1202.5411317539415,10050.858024340409,,3285.5473153084813,5293.003179430583,1983.9813421459344,2801.003907366907,,2188.8308329553815,,4312.231633284996,3657.721243284878,3546.629999999999,1413.4504935660866,628.7757692670664,1893.9843122421887,,1849.6700000000046,,,1418.1129641039252,7819.510260634219,3306.54498426644,3615.787929467598,,,851.22873431286,1497.8046117359097,3105.2158378158188,,2114.823218321912,,477.14795897575766,388.5368484869923,544.8842338722832,329.7201559496118,475.87257826595277,489.5966720123162,486.3338628239128,459.7007619514651,1333.7244652854356,2366.4519648781147,,,1564.6838468696355,728.9417176202829,2643.6525384148335,2180.428506294845,436.63999999999976,,1609.9556591713804,3116.504152660052,3451.6203140633256,543.8964713904941,663.9609557757402,766.297604115566,,1576.4267661912354,783.8301073085786,,650.5407297155695,955.698823786895,,,598.0773944403168,780.609314812889,,9265.42693332918,710.8711661128194,1449.398565393734,,789.1285624640099,730.889901819147,1898.4528203983216,,1686.4616712929212,,975.9420523989485,,1377.4572370243477,2317.5782275214137,2711.618731567939,2671.3251108941427,,,,2612.4285730060133,,1043.0873813004855,1644.888739523583,,3716.619384879413,4373.068082915259,5667.366800501907,3364.793521951409,1671.1675973893102,1842.6051048294435,6814.068533623097,3659.9095275455275,1411.5846254913188,926.0785044761105,1139.491998562284,1849.0450803942458,2740.990383035035,1250.9401970652766,1224.2987762535197,1644.0848606679258,9217.10837249886,5114.838427226489,3262.7840938742042,,2034.2672490486616,3952.115587093007,972.4117846881504,1986.6899725032233,969.002847710628,4924.475012058574,2807.026850317519,,,,8475.854760804856,6051.298501422162,2852.792217764793,5089.326980871312,2700.197245375674,1431.6904439108478,2798.733863986702,2425.9045674976323,2039.5018120316902,1031.9264213536608,4679.5046546095455,2729.921446520654,1750.5824870842,6494.5852442896,4303.733754471428,899.357613168044,1291.4841145621945,3608.920456544076,1153.872382204222,2038.249292512081,,2343.54944827656,2367.1585694167534,,1698.3552051047702,782.4137175556062,1544.6679812235325,436.0675328914479,757.9214041521436,734.582531598411,2040.196355662056,1686.556394115183,1398.6304022156141,903.3625573434047,571.0644061526582,2672.0605368656124,1977.7701539579375,862.5366304971805,,,,1832.85236636529,1771.0333736795992,4953.796877834882,2944.097000325836
2022-02-01,1526.6919501396296,1908.5599004566548,980.0226011166978,1970.0846606716082,,536.9454571902347,,514.040584936263,684.8700000000005,1573.198024680141,2014.109999999996,702.7559195622413,,,,,1567.502010370073,,,1508.9956238524653,,1671.5251157364246,1463.8333499772102,2133.1293067057004,,,,,,,1159.0140900191616,1438.5848677959386,378.43824803185106,,,,991.1988206959023,,6602.293713193734,2146.903788065078,1124.9592899435977,,2320.833210345767,887.0498838746539,1369.7294332242507,,,,1727.4617784706297,449.2809044313919,,,,1380.296867011395,719.352684908194,1949.9649321067427,,,411.0478976659453,702.8996242483624,590.6173525089816,401.7356098012779,,1188.7427518096824,931.9207655279364,,,,826.3508280549984,581.6324358104916,868.229790302439,1340.3615511218159,425.68159923496415,795.6998483161557,,2986.632768561123,661.5381533560984,4071.9400000000032,818.7049621082626,993.0478899660053,1009.2402693915628,,1522.7553141257133,2441.1522058126952,771.6514836793675,,1998.7972772749558,,2225.4756278139303,674.3521522356532,2388.138944861442,,1754.3707096681037,,587.8411617356795,3392.2199999999993,1720.917947878857,,1834.9272544405026,1770.531701685475,,,1364.6294844010247,644.5147666827394,1579.93949314891,,690.6500000000025,2691.555674317618,,1563.159814995403,361.5147338518554,,,1997.8800418511603,2292.8876503374513,1064.8003774702097,1007.3653255540494,,993.2977279726317,1109.2843504733232,,931.4413908540803,1423.3845837880704,1195.383711678447,894.3089557957062,2021.7394994854856,1520.1592090536483,2063.217728815801,1928.8331886648539,,367.95103719392745,,879.8542173385812,1476.442955722157,1929.7570598631864,903.9308684145687,2078.672241180839,1396.018837451965,2880.864096698322,8637.905355140285,1513.0027260341794,4799.272935770968,3066.6038876462485,5521.597450730227,3961.4337767311827,2981.5406181222215,5143.178841795054,2015.3617590028716,1482.1552518961619,2224.6480980075894,5050.517840459293,3156.1083938333204,,1169.091159337382,1236.6359823582172,590.6498614071803,1638.5274600270177,,,2540.4706397762634,1947.9661105395405,2094.524551237042,,,,426.84678664253875,1603.1813102497863,1022.1938290984931,1281.5502649429086,,1329.9134143140707,648.818193532765,1555.7255815107383,957.5917436626876,2197.106056710265,1847.899504029787,1129.6137234448156,9393.806714132896,,3054.7098523182854,4731.983616613002,1940.0776307343237,2428.950366907712,,2061.2933417357276,,4019.4502380472245,4101.916248187376,3791.029999999999,1114.5801477551086,592.1299745496984,1797.7623960780745,,1852.8400000000051,,,1188.1026515440167,7023.558547860066,2970.7137861848587,3176.344194417225,,,739.5694103921496,1510.468551668531,2956.2408104530723,,2003.0299904921533,,438.4315259589206,378.878543498365,526.1213022809819,316.44482312865364,445.2288989942911,461.5605888896609,,430.31960918102135,1255.9194823028388,2303.718886837971,,,1483.404684957905,693.0050815558009,2471.7879766036003,1884.8754956194964,427.8599999999998,,1540.5894525698436,2818.0239675369626,3115.985137593211,508.7230973740385,631.2888447363044,739.948864963925,,1488.0346066762006,777.9881708978156,,612.3121899445399,893.4831079726043,,,560.9308887712972,709.6279299846359,,8649.452594108623,713.8040031216424,1303.2572621028228,1012.0142375169613,767.5962573118264,698.2701711369625,1804.1554560492764,,1355.9599240438765,,917.7745774639606,,1347.2040651793527,2173.5058182024836,2483.5166207048046,2421.4143454394075,,,,2444.6567241076777,,970.776181638448,1535.3690704672642,,3528.5090580877068,4035.113947831867,4962.533795272347,3222.850283546615,1554.583752722153,1680.5809197656893,6157.821394554945,3585.2505338271344,1525.1698178237002,882.5133580915366,1090.6323585577811,1801.0926372550816,2490.4848977305323,1168.5290468334906,1176.1909119389884,1494.6497674146162,8265.110216998732,4708.05005276915,3063.0061405410843,,1904.1728698785153,3727.1825896384285,914.9757044066067,1853.7512161591455,921.2345559157554,4510.84808500142,2712.5477513998226,,,,7912.419732853917,5440.032041143394,2774.7542210297433,4421.453915028428,2484.3917308762598,1341.5697170426681,2666.2724375222547,2288.165894369239,1915.032170600366,971.7171064132827,4334.869458241499,2666.582433466286,1590.9372054161627,5778.860406668753,3992.2875603561765,866.3642619882725,1199.2572964816761,3221.1392097379403,1101.8869931325455,2001.1859364957095,,2250.0257708181343,1946.8195838237164,,1500.8683067615307,744.2835726505396,1435.6229335053945,478.4670371110654,743.0319603782917,679.7317921777828,1947.6966014029124,1527.3765977140934,1373.1359503376134,839.65472662321,546.8094856152669,2491.7040079625276,1800.1621473631208,858.8967706353777,,,,1906.7992095069276,1573.949345340903,4269.468680355628,2624.7331674081283
2022-03-01,1427.2200738632048,1768.4638986228242,915.3360821318885,1838.2127147308934,,541.0659551453147,,470.63266860345266,584.6900000000005,1328.2960709298725,1706.0999999999974,645.8817282279274,,,,,1488.9841735284542,,,1409.5821296895551,,1526.507634905424,1365.2590302682906,1984.8013842351954,,,,,,,1063.8335751324487,1335.0440427735455,382.0085844875796,,,,918.8752991131297,,6137.20781995087,2033.0878074214158,1064.8113135806482,,2115.8609433399415,836.3561388503609,1270.335328254698,,,,1600.8656019076677,431.3894211721071,,,,1276.9859358428582,678.8993608603824,1790.2761418750536,,,385.92284587262617,670.1629924379519,540.4682883376405,386.4535264831739,,1097.8981694461218,852.2868983983905,,,,774.0762490382134,557.3370696815472,825.0113727557385,1232.8955762873493,454.7283499840159,,,2795.3451805904124,623.5212266823279,3600.400000000004,750.7797623061822,926.080480859164,957.6982494201537,,1382.9707826436866,2241.2438866936204,713.784468950354,,1902.7692830061349,,,639.4379921725377,2196.5848169059877,,1665.7253777013366,,588.2304353673487,3295.75,1581.1032676791488,,1724.4325175843144,1697.1708808241888,,,1265.7524438648545,598.2043437172226,1479.3460869998628,,671.1900000000026,2421.5736211248654,,1361.2477638336436,332.0946017813304,,,1871.7504510662482,2152.413408784162,1003.3209379077252,929.8323445080157,,923.0628716170615,1003.7419453208497,,874.6250843679305,1308.3939078937062,1100.557647133662,829.4285771775674,1883.791640082536,1402.7209424299394,1894.815140031012,1787.9466842838742,,376.49242085236125,,826.9330612179863,1279.4846348306887,1778.9497729013729,843.0385351801363,1890.4118143748733,1306.493254383969,2696.8987912611988,7966.555784839898,1374.8606468337105,4427.101427014809,2867.3610796514367,5026.753220305263,3626.9943659479577,2751.743081198544,4667.3419268884645,1846.2916293623675,1373.9694953374128,2074.7371342877373,4657.34995221228,2869.53280305769,,1064.7600849892387,1155.5293707446863,607.4016427385565,1546.3822252973396,,,2380.230986099835,1765.4526112881842,1909.1994064420883,,,,417.1558678000282,1486.7838859127041,960.1164137590708,1219.5028954714726,,1249.0989696084891,615.3868072977418,1404.6857623101125,904.8778041154645,2018.4520646012859,1730.9446081181097,1061.1289800589338,8711.155893683368,,2811.19148085407,4282.567118753189,1821.0125761934853,2231.6250390967875,,1926.0629928268997,,3700.9448542271057,4264.42042870217,4137.000799999999,960.4947687138005,535.9169974407622,1664.5334194299428,,1851.6200000000047,,,1057.0192946159843,6333.761695456768,2678.8498414361015,2883.1565299614917,,,667.6625331395627,1440.1612662942232,2754.79993552798,,1824.4490608695246,,403.0362025419223,350.5230289568302,499.92732057920125,294.1499782719749,,433.9865294614439,,,1153.3005871560028,2134.9799297140257,,,1398.896748231448,650.1103116614962,2291.981725997322,1704.2581920581774,412.9299999999998,,1428.2261404851029,2522.9829019183903,2802.3758325802623,474.56786808122314,586.1709573933467,700.3587347361669,,1389.485406688632,732.6642369791234,,572.2957955920698,828.563903981963,,,526.2981822947431,655.3391985655073,,7977.160339698907,677.1537981626634,1184.5096238922247,933.3530922612151,718.7697184243773,658.1128134445523,1709.8456826481085,1741.5005374183183,1210.0666974289768,,854.0723282487486,,,2039.8160758667768,2307.36578666793,2231.6259394638064,,,,2259.8745503099326,,897.0087888062499,1413.821240415151,,3253.586801644663,3731.3812202251306,4521.034280457893,3008.5342943253104,1444.850407426348,1520.1103196990523,5553.207250133079,3365.388144840852,1568.4231395335032,819.8320557354535,1019.4498786397218,1700.5703071010914,2316.036412273711,1096.4890308358526,1085.464500272422,1380.4450250833972,7586.599418073152,4378.921315202445,2827.0041497601337,,,3398.9031303824754,856.8151588663652,1685.1786452568203,864.8616939050678,4183.981315948699,2541.3325753250947,,,,7296.616207179225,4944.412540178927,2597.5266385756836,4060.0656549137548,2219.5493749884663,1247.7632772748061,2459.7315741129005,2113.6381746392494,1775.0587003665705,907.7226976863966,3995.5375837274255,2503.5261673093946,1456.5418659714094,5240.170893558761,3679.3459488790486,821.1164662481259,1113.3348711655192,2960.4420724407546,1028.6736016812374,1878.0845933989701,,2104.0510976145824,1733.5712857724102,,1307.9841960618087,682.3390288330861,1272.0019922607905,494.96196872646004,703.3642451593431,625.0700930005457,1781.6121256630381,1401.8645685525246,1292.3796480328238,758.246816944063,505.86544476701465,2323.4318708845612,1612.743953192745,874.354201688682,,,,1897.156952694052,1411.3058421764222,3822.6851693621265,2391.8977153018795
2022-04-01,1591.5777929336225,2079.800772783978,1048.36372569387,2186.938717566277,,667.5893163595829,,559.1519784178321,637.2000000000006,1437.2692088503372,1888.1399999999971,723.3662916512814,,,,,1802.9321062759293,,,1675.8632649144924,,1787.0028132323978,1623.6091328239029,2340.23221793737,,,,,,,,1591.2851374451207,523.3851999967399,,,,1102.7140660955065,,7313.955186374478,2497.4331858970927,1270.3925069702511,,2452.2683913342694,929.1586903191895,1458.6493706180872,2134.395751618464,1093.99701201204,,1820.435801461964,485.4783026462279,,,,1462.7920750310936,749.9791809640205,2143.3149039154014,,,495.9399886792778,829.671311365869,580.7959278365815,434.52169976120564,,1271.0559686985905,1005.6677699670873,,,,890.272627099747,646.0545632045897,1028.4008974989629,1436.3849260982968,589.113582426787,,,3326.3244075700095,761.3467018204481,4139.650000000003,820.8914274238155,1097.7142205320567,1153.803719153902,,1671.4201881368485,2638.2736115427406,870.0451525865925,,2235.0856429208916,,,666.1940458516115,2576.9361786885634,,2016.184686669138,,823.7979494001028,4189.23,1893.8205311307354,,1823.8336737473076,2103.2252861552033,,,1511.9306134964859,714.1400458081476,1775.6066805341256,,853.130000000003,2871.8168774971446,,1478.5457608240124,451.2753869586229,,,2231.839600310617,2571.826555349348,1122.8148066024123,1049.5960181937473,,1089.8243278174323,1170.4046780341291,,1043.5638059452422,1525.5962958743487,1332.621540871181,1010.1061038550996,2300.6018591468664,1691.9271380684097,2317.0525380348145,2198.2477081726006,,489.10739532420297,,988.2614946954694,1475.6056989916733,2132.649763938978,1000.4082545822649,2256.0045251071933,1579.7421415883948,3258.29642421479,9562.333247006056,1639.6379156617209,5305.272912229833,3468.9108393061542,5966.090521915211,4417.341824087726,3398.2863212207026,5598.469231033241,2183.6872498700804,1651.47579703493,2514.20337256282,5586.443813363763,3408.3522908159557,,1244.829590859978,1325.4039755684205,813.8497858757221,1800.48618016066,,,3059.9779191821717,2165.2509227440073,2245.3075696081187,,,,454.1142747674743,1772.717964199043,1107.7606255864564,1355.1690479984497,,1454.554558532938,599.8458758746481,1619.189718221124,1086.6726978546253,2379.483782347171,2065.010143257104,1111.5628497422351,10572.008497215675,,3362.4388253387974,5052.16688617245,2213.538134840071,2560.9269414895607,,2292.9406892715238,,4425.036916492283,5945.956395106679,5536.369999999998,1287.3106247322746,641.146525721592,1992.3477913874228,,2234.700300000005,,,1362.2798946183311,7526.798904285305,3183.2555754981663,3357.5681127788393,1042.0193752963585,,796.0079251518355,1751.3959215917866,3323.9990881526205,,2253.570671632195,,488.22268782057245,426.426139503856,557.6899924923262,340.51434093764107,,536.7974467638085,,,1332.5970459407447,2615.409559263236,,,1681.4647913934898,781.3286110461469,2757.0430497991874,1975.3627614176728,537.44,,1756.3302925156,2941.782255470242,3287.0982376746856,564.655410253272,679.6697536423768,779.3701483960989,,1650.527085574803,907.5618020097952,,679.7654628031854,1005.8111948799392,,,628.8837213029655,769.8349938018589,,9573.923747709248,829.7238392072393,1412.2500265150143,1120.3050508910594,868.4599834888545,784.6165170603925,2100.987146427185,2067.8300391399293,1694.2564300271501,,1009.9368087459703,,,2517.47323686166,2722.580893042214,2616.4506100528088,,,,2679.5945949730767,,1058.1681580240877,1730.3615489960691,,4019.394326672411,4522.408308395818,5415.637592490904,3673.53353965756,1707.3790562959643,1774.5096940136261,6538.903219581208,4018.984569203157,2111.771304673527,950.4074397183033,1167.772168136592,1970.5246197949343,2844.346076091585,1309.9222107044236,1224.8799237180933,1621.4191049551396,8929.237152420115,5402.317956071829,3397.2261344362996,,,4172.511963542473,1021.5398611749397,2073.2144328933377,1019.6981124004428,5017.255064508744,3077.9568121492784,,,,8757.72432734128,5894.6092554951165,3138.5662303871054,4816.217139626603,2585.830448299839,1472.783993830588,3155.5967224945884,2474.609303229903,2090.9657393874472,1078.2155597067006,4789.392646263175,3043.752596312747,1774.2547583487553,6185.511451245223,4403.722111779071,918.8885859450937,1273.176169104596,3532.6473188833966,1183.2638870689668,2274.455288458321,,2760.519519788018,2015.0108924556016,,1512.4688323463834,836.682695714848,1483.8971164794211,663.621148743324,817.8177525895002,748.3736838066654,2186.9840486435355,1651.831547009824,1538.1990919561747,937.5611934153982,651.5065008585464,2880.9825036064435,1906.389807117791,1303.3475425306676,,,,2651.006783605799,1659.1818548974334,4576.301293920279,2777.9145714792708
2022-05-02,1419.5240025297658,1897.508623634971,952.2157640712587,1932.0564329388444,,632.8050784501957,,498.7889267091567,536.2000000000005,1215.8744877223614,1626.853333333331,622.2169816994457,,,,,1646.2257219697544,,,1472.4077199513954,,1532.061976896482,1433.232734403551,2067.9500282719905,,,,,,,,1444.8149258612593,497.2292717410437,,,,1011.1030555699126,,6742.954083598694,2335.9436842095624,1182.7577161249635,,2037.0803553937703,836.2913859571668,1330.5189649494466,1928.984484232247,1007.2377638713352,,1634.946521452521,439.2581325592108,,,,1332.3567090450033,675.0707265777907,1955.9734154776422,,,466.9225696063087,757.6043050778302,519.2718038564273,393.015509777817,,1111.8287737850285,940.3709294106703,,,,772.5410177961251,602.6944573236455,965.5324878030927,1285.3340357833993,562.1974855927093,,,3098.340509046796,703.701666724632,3660.304761904764,742.9537586233457,964.7052233821214,1048.9923941140155,,1544.2800034342056,2363.1661758344853,811.3483030600343,,2000.0674913543246,,,594.3232887536968,2289.875082306004,,1840.3001866296095,,763.7869657156207,3792.1557142857146,1732.909976700998,,1605.8733479625948,1969.5181301726304,,,1357.9199405485717,641.4491011929792,1616.3340694173598,,772.2533333333358,2657.810601608503,,1282.860506944322,407.34423461640904,,,1941.9396064965886,2282.6968474982473,1013.7431158098506,966.945232411168,,960.1747857855927,1014.7892207439971,,940.6138437776377,1361.1462970931298,1227.5290372985091,921.650453880192,2087.3897048359454,1523.2062902634555,2064.2017511345366,1973.1686356189011,,457.7882699678572,,889.4956093633307,1225.538480753257,1946.270108376645,886.0158495534292,2035.8325902053753,1463.3075577098298,3021.3317368268167,8749.518357119763,1479.7146007378715,4848.16981660364,3198.381822813477,5403.810083965234,3945.692299488197,3049.6415157723463,4974.103815127521,1977.2979609966355,1515.6372847013931,2322.0855274448,5097.536231242567,3087.0526010216563,1442.1566927295264,1109.548838790842,1205.6302385775916,768.2397231776447,1602.8033132510361,,,2904.80248812596,2064.330000940936,1992.5464384095133,,917.87306124791,,447.4326089320129,1592.1243874341285,939.843624817316,1151.074392103134,,1233.2047068108755,525.1227477124388,1447.0121932878371,984.7626490831157,2088.054504480412,1822.9460935072357,977.3500043345747,9555.713327318812,,3071.7944456696896,4569.3995463180145,2045.742747492518,2234.930682689209,,2039.4482880982757,,4032.0864250125355,5625.906561457311,4515.181428571427,1110.413665454841,573.9405786987944,1811.5653547787292,,1885.6940095238126,,,1206.3303941266597,6797.3783425773545,2875.4489265411344,2951.2734718989764,931.8314175702948,,708.7747788483339,1627.3705983717628,3052.8468703615695,,2135.7996843149754,,437.9819249458895,398.4116955809879,504.2412921837574,309.75648759011875,,476.49105505558055,,,1203.4663545975602,2447.3981524512665,,,1521.1627839857856,709.0953818047186,,1765.2731581719029,475.8133333333335,,1576.751565927154,2512.060306794788,2790.1199676202805,498.56598461366184,617.1961191745283,704.0974852098161,,1470.026114291812,868.2879878400947,,606.2015464364332,909.3431675144927,,,556.0130749937018,652.7544588685363,,8759.692071671894,780.575089001925,1274.766102077031,1025.1598710295336,805.3592325984883,718.4433160417574,1896.090724872902,1882.9829776701317,1475.0023278421404,,888.9803552391327,,,2224.8796449595234,2320.8836150989537,2213.6420640250835,,,,2447.5226746720714,,934.6985815863302,,,3785.4511452386323,4090.365435257036,4870.684800915841,3335.9030589987187,1503.4782334580148,1536.2206053191312,5986.012235776183,3878.2753658223346,2003.2130796203503,864.9479019560453,1060.4936216595881,1749.5934107442256,2585.7377904761893,1158.2443769373945,1127.8614089295097,1375.0439662700978,7997.266677433357,5059.591959848149,3134.484362652689,,,3742.3809597036316,902.0331592981332,1970.8464208753433,929.7300544829391,4606.43074518918,2862.521764380049,,,,8013.701840023486,5320.250720825818,2910.007564214347,4357.927921205687,2297.460211976285,1315.011438044859,3040.8595281336725,2238.935173242483,1905.407219547836,957.5833893054681,4370.22426747526,2818.929654589724,1584.9851437202165,5590.732544292899,4025.993573839996,829.7164799805987,1139.0165676119789,3178.4499581390965,1075.269310507132,2101.729847253618,,2493.476682175903,1791.0314221230497,,1270.1392556289434,794.3518119887741,1323.7896267377012,629.5602501605375,729.1478653180862,682.7207160504366,1970.1587277501817,1482.9469370069949,1487.8557759315886,903.228041641853,632.3399128468492,2708.9587247571667,1758.0025784099141,1237.3707163537822,,,,2618.3660141116266,1487.1185310043452,3816.5427108312224,2298.434558767434
2022-06-01,1342.1251006912275,1757.39265202011,898.1594358477865,1906.2341359062516,,633.465106421091,,481.93045495399144,390.97000000000025,905.2268053174673,1191.689999999998,583.1188591538885,,,,,1646.6646708521305,,,1454.6090325269915,,1457.4729980344055,1412.7784239416742,2030.9258403870765,,,,,,,,1313.2501329617915,512.7612720065229,,,,964.4823642487751,,6369.441620061382,2297.7452457148825,1185.0805813125978,,1880.4268035287796,782.4985674645737,1259.5606360396791,1781.6270700773218,976.0486530914944,,1566.2789606398242,421.5808905068502,,,,1261.16457441604,629.0703946788034,1792.8476608741514,,,432.1406392088576,705.3824586834215,496.02724773051693,380.5934157324473,,1075.0333869769809,861.6469179499429,,,,719.9900195434518,577.0749129682496,917.7558079034594,1232.2450234916848,505.3987929573614,,,2781.5018822740035,670.785376691128,2982.6500000000015,708.971684060787,946.5910264011374,1047.1033637691019,,1458.6108585201137,2136.0076917165625,776.7039810943944,,1954.5483587280992,,,569.4829090170313,2112.192647830107,,1841.5696827694362,,647.7418286186207,3620.0300000000007,1597.7346619903258,850.1814619474964,1521.5271842930306,1943.814801499753,,,1317.7158661010947,622.1117686416742,1580.3117209051775,,737.5100000000022,2383.173116184533,,1001.0177356590223,368.6999264662569,,,1922.578905316423,2276.5576926245867,948.8249640967607,908.8270427280861,,941.6490225079107,963.8816596862923,,937.5480015468054,1179.8343322438068,1100.6015714417915,862.0837824935973,1982.5692615226942,1401.3023018862486,1938.9739674626135,1877.2620358301062,,,,886.7591070648369,1220.6982036548602,1782.2734970055185,872.2377957429296,1814.4145114059133,1389.9402542967684,2869.7111756264776,8051.053267230674,1316.2486267998443,4442.691922886398,3028.4277136010746,4785.673286747409,3599.4286338875986,2858.6239906781634,4398.433092832216,1730.6971956808616,1395.8434973654792,2188.8431060088096,4670.349762237967,2739.9937202290953,,1015.9912604825793,1132.232131736771,802.7599349891861,1483.734917524423,,,2707.9044034163676,1846.06842460673,1797.1126893157048,,869.1916565134266,,413.2675973944354,1538.1870453543354,890.7128666691195,1080.3449120183197,,1165.3991616003382,503.30019341588775,1391.713017102697,981.2015948666013,2027.362599103837,1809.6819694950361,929.3078377166277,8939.310114468028,,2808.636635036109,4009.483009415587,1956.8820140224216,1872.2068963368783,,2008.518795239609,,3684.4874375168,5376.73563431856,3998.397899999998,949.5362732968025,550.4284816090434,,,1869.1343000000027,,,1066.918844466902,6014.492975736687,2545.1925914501307,2601.9262475453993,887.1375869760335,,645.4520498719646,1574.594600079888,2859.203158922439,,1873.7661220371403,,401.1052359981473,388.0323321227289,472.586028358138,293.19248030700857,,471.20769868397747,451.9185929253715,,1123.1201274765485,2366.221107576426,,,1522.6202846784022,695.4263568916688,,1452.4156833823463,423.6700000000002,,1500.1883760938933,2375.678201065949,2645.4199792403556,491.8775833992494,582.9608496934179,657.5071953515989,,1341.7649453822862,852.4775723061273,910.8655988449486,599.6681636900479,850.5589564718684,,,553.7024877637382,621.5283870394434,,8060.532856692916,768.258481276155,1133.9926007079544,943.4337245796752,765.2064779088339,693.9738766341766,1896.0513859442028,1738.3842891082977,1360.324591243272,,868.9381293277916,,,2185.8668752301473,2233.4516424650315,2098.050832475353,,,,2263.2488823869944,,912.567929884099,,,3600.2772722552713,3764.490324820193,4303.84193342602,3153.8944223162125,1474.2997115643861,1459.4265647068669,5096.702650883576,3692.458540385493,2092.030642313181,816.4242805465964,1001.5114622313225,1621.970770078099,2408.320999999999,1153.351086013952,1061.7629073083654,1309.5038411928801,7225.427133941653,4727.597560169653,2952.7734842991836,,,3491.8676650564717,893.5682813000915,1759.874713297811,860.370282337874,4222.378119874735,2724.5020566959997,,,,7373.663662625073,4732.305614907143,2764.461276104373,3823.2110596018783,2046.7511419424352,1259.3803200258435,2929.1291280203677,2074.6293199406873,1765.0387611577376,940.4422180973596,4000.115476910371,2696.7744549270856,1446.1268702049344,4902.901210186785,3682.4254032337676,775.0980325264981,1094.231239982355,2834.5904255107066,1013.2320629968686,2038.1118160534754,,2193.073530632286,1458.0405977365338,,1240.533749334638,758.706921188477,1191.5145173497085,664.9800549900579,672.4069564325342,618.6115285581609,1848.634349824771,1358.176226048431,1423.462012335998,801.2943559388924,608.1614657336802,2562.313663744453,1488.9329544132088,1064.5335637393148,,,,2650.4709216626948,1315.3657185958998,3584.9433853846003,2110.9781612665006
2022-07-01,1363.7331795995337,1707.5182804012804,881.7932694809922,1879.7461084553631,,619.3968597494924,,471.1637980262412,356.9000000000003,870.2181434263824,1111.1999999999987,630.3028212962477,,,,,1647.211869943046,,,1432.7386699742403,335.14325395931115,1423.4156515080535,1393.4321526619972,1987.2059567667404,,,,855.521765874745,,,,1285.2861779993348,530.1514229872311,,,,933.7426149206973,,6201.728703851373,2220.0798048455435,1202.4433997398644,,1804.2652761331933,784.8273704584813,1223.4724831138446,,,,1524.5939036532027,418.2836993617566,,,,1222.8316032234488,629.670436499041,1731.8071457500416,,,411.99502533718305,688.6702642250594,483.66264846686886,390.6462869881424,,1039.8509617535676,819.8406121094348,,,,709.6717611117905,563.3962790773288,887.2395885621862,1159.160318323971,480.5630829565812,,,2757.8633008458373,,2807.1600000000017,693.6876303051705,928.260082121212,,,1410.0094455974645,2058.41812963077,756.1534953341464,,1951.8802437012532,,,626.9374360182036,2051.49935923948,,1840.7130668761338,,610.9032507923707,3596.460000000001,1544.5311627050155,823.746352906074,1670.1995952635802,1893.9164094275816,,,1287.0039784233263,607.907154881492,1548.551891130119,,732.7100000000019,2371.7883420877765,,947.5539365107883,386.20488704337333,,,1889.7807822306575,2249.7094344914162,948.5707377601818,881.8967947682575,,926.7278452859431,944.890741518838,,929.6544483384089,,1049.6660843777772,841.2198296190891,1920.3386782589787,1353.2482196677863,1892.8030649030056,1827.186245083597,,,,879.4176776133716,,1723.2445954732038,859.245233230802,1755.9084485686449,1342.7091747883344,2771.407432037994,7780.9129373945925,1273.091833373319,4292.681130858197,2925.6373343303717,4625.318093702903,3523.6885114627485,2795.3162015472767,4312.2009798361705,1682.3502917925493,1343.7926859550873,2098.6694199238545,4516.2586030749335,2645.596940613347,,976.0749574725875,1109.118872730562,804.2185466545207,1428.466387362448,,,2544.2344663508297,1765.3536638108674,1729.294664497293,,852.5649894364393,,371.4488524199985,1499.1989721837951,863.9361754446504,1039.436155796276,,1137.169727405406,595.6221143626585,1489.0993711373126,974.1993241067751,1994.4361929685883,1782.2912495859593,1026.0052179537731,8647.48182902607,,2716.4649045729666,3876.260402759834,1893.3319518206326,1567.8130294037105,,2015.846845399217,,3566.0084686130713,5243.461327814995,3718.491199999999,955.5811581140232,549.5152303321862,,,1860.8972000000026,,,1114.6200677729048,5792.643693654907,2452.5666866239594,2530.974301784744,845.8257800996477,,629.2011260846677,1507.126140237535,2748.8326307587795,,1764.9722654930863,,390.47245903099724,378.8981603556924,478.0370229939007,285.2059901617017,,469.9872186831441,446.95294381971144,,1080.0763794422396,2303.8272603328173,,,1514.9473321058456,683.4000620076177,,1428.7155446251613,416.4800000000001,,1461.0189177368488,2264.1333192330494,2504.5005448697225,485.0428198346544,565.0311255962779,665.6439779450961,,1283.5628473830327,814.7539612820073,874.8926309624499,592.5501082400929,822.7376003668966,,,546.5943717705342,602.9320066154883,,7791.256336491874,736.4273512124579,1097.0276502317015,911.7825339682845,739.1024251031778,681.8188797312766,1892.0081263845204,1674.7470827245047,1508.9320642031266,,873.4461854953911,,,2157.300164790817,2170.8104523839193,2032.6487953669427,,,,2189.873700852357,,899.3059419341431,,,3412.2196570273363,3647.5407133993654,4184.30243233693,3047.9366140919847,1451.1417040624606,1432.5668066454082,4885.812196833506,3544.3504467523467,2096.5676461997286,791.3554802709743,981.8983071716025,1560.6969301031565,,1138.8919793140628,1030.7030637654614,1269.992392416088,6962.225853322844,4631.026109522178,2862.382703039032,,,3377.4597403474227,879.7853496981072,1677.0215079111185,,4061.9292197430095,2600.2397985582384,,,,7126.75311596107,4577.692059962806,2669.8859278555674,3712.2611304023912,1967.706200796377,1213.6444740546328,2849.186833752638,2014.5065058789387,1715.8634666823316,945.3753780343874,3867.1234314259277,2602.7320136017333,1415.7638170009784,4742.01000521568,3557.5948808411604,782.8647275200265,1065.8164344337463,2743.1333632117044,992.0377365265248,1976.3517697146895,,2122.483692700613,1471.0919466679743,,1168.9988114649698,722.9183499340983,1141.3836362161833,665.5903473133767,644.3904455434891,597.9331814204303,1786.3141528275216,1312.3453290250584,1366.2645890433735,764.1529996491506,592.204537283944,2501.9454987072913,1428.9233316142572,998.4055001293916,,,,2758.9279705810327,1248.7961295498553,3434.368184260804,2025.2495191614296
2022-08-01,1262.7943454689087,1604.8956119254797,811.980555334151,1814.6476093779418,,564.7974371892577,,449.0928663991166,341.4899999240004,895.4580990755458,1075.920000915999,604.1857894782044,,,,,1569.5317751176187,,,1386.3896086122638,318.94175063996056,1384.0308542983798,1344.0750907882984,1908.096041122277,,,,825.3886951968188,,,,1221.6106126875861,443.5664095351812,,,,894.136629238728,,5928.930945419717,2063.6404744447814,1145.9549285519045,,1766.6473888015228,721.0723496769193,1132.0899065967005,,,,1418.5413250178628,384.04395368041435,,,,1135.183963568664,577.7858932063798,1656.45484463773,,,378.25697683336233,622.9268520794246,421.18199851126786,370.81170006871656,,980.6942443823256,785.8133416052302,,,,624.7247853805873,516.5861633855446,809.449901698826,1036.7057421953891,411.3966547664262,,,2779.216684000676,,2704.5800000000013,625.0203783758841,891.2122620065005,,,1354.1760996077244,1990.7505169095855,721.3371951948477,,1787.4163262116915,,,584.0825807364622,1948.801826463538,,1753.4151060671027,,496.3713529896775,3237.026176438191,1480.5881134100205,703.1291335205434,1567.3187319670053,1761.857543595489,,,1232.7107223577918,582.4942180220555,1478.7577572699888,,658.0900013730018,2442.594428742469,,899.4520025253698,374.2587275185128,970.2572661313114,,1839.3493259175311,2168.5259738197938,870.1424861601417,809.160947906686,,893.1494522106997,915.4704295079471,,890.1374328652593,,1017.2237932263965,801.8199683954495,1815.3994567288826,1290.2014002276615,1796.704691892618,1713.6660281940426,,,,840.6112596724874,,1647.4012267768887,826.9565262349731,1704.6384379009803,1265.62089202295,2611.630614157522,7443.953241220667,1237.39415062217,4104.973862237172,2756.528712870469,4490.780959276349,3371.736302109778,2626.5878697840712,4211.331127871355,1633.1598044606421,1273.1235502122863,1965.6566706615893,4318.600152809974,2569.247700027291,,935.0015551835284,1022.1401223874288,684.1539003587707,1349.0312137493945,,,2201.086316325581,1705.9180786334557,1659.5577590868481,,824.3059457997068,,340.4121206074149,1431.25664046958,825.6767636625335,974.6798948809841,,1086.923007800256,550.0664702339888,1399.899805160618,928.8814744822029,1929.6364061129032,1726.7022692060775,961.2020800387015,8209.509357819423,,2603.2420694324232,3769.2810794286793,1786.1041177765965,1377.272894722117,,1942.5657309409341,,3427.737927563872,4104.455528697334,3676.408809153998,892.0826404837717,529.9746067215744,,,1624.5422470080493,,,1066.0900918759505,5615.551640341613,2379.619550892953,2412.508397719811,792.1822672642006,,603.5281637262219,1388.3771593779304,2607.1385005287884,,1694.8107083542309,,372.5607323856388,359.5798685283785,441.05660851229123,264.612914144983,,449.69493439354727,432.5465944419348,,994.5604258106152,2202.383839957931,,,1445.0586513114965,650.9896965327479,,1366.2355705874204,351.27999954300014,,1370.1547078215417,2106.797922021645,2320.663417632639,468.2126292688231,520.3747448656934,614.6693467288696,,1214.8849719114512,766.580708387271,825.2446457557747,569.2406196698395,781.3467368656245,,,527.9507888121799,588.6099627405429,,7454.250943324558,681.2710742985832,1066.3463198362492,872.1148304858544,696.8575214733326,641.8526377590841,1795.97164799792,1598.9105406618771,1467.3633350563005,,843.4486763033351,,,2050.7610606880417,2115.931643261884,1986.043439941433,,,,2071.8528449729606,,866.0699063128925,,,3040.8857586216086,3471.936450757688,4056.1267868310274,2865.515282075237,1400.1145554943105,1388.538108050258,4758.386219471348,3449.9869369348257,1767.8611477293393,729.442577719723,905.4479860525131,1473.296798107544,,1100.066013475025,943.4994777322327,1240.174759667498,6733.328024427625,4568.25730347464,2749.6309165972043,,,3195.1225524708993,852.597720508231,1615.0492432851559,,3863.582093067501,2444.701097636831,,,,6818.14122941454,4449.510695301625,2515.77244440918,3577.4228274695947,1862.9759954922147,1134.0287720353795,2734.576752233629,1837.5977507620132,1615.651609190378,911.6590314059929,3699.3709313903873,2451.7171158949345,1354.8102228073435,4607.412525266081,3405.1869073421217,721.196121942636,997.3132951027504,2614.821670830273,913.7155782052222,1855.0150033363454,,2015.7013650380384,1629.1008082739336,,1161.8727319137665,646.2520765304948,1078.8214555361699,565.4299545433457,607.7870438033717,577.4634135666057,1684.694297897972,1271.7631196545635,1331.0414542629708,737.9762264567456,571.6558745672125,2452.3591333002905,1398.6954565872861,850.4863775008768,,,,2219.574579980169,1166.5533951603384,3208.412689985998,1990.6744490532496
2022-09-01,1449.845529834415,1942.1488506771036,960.1245381964808,2092.3692132395813,,722.3046102024136,,531.2190748207335,444.0700000000006,1074.3640264593728,1335.5099999999989,661.8892414507894,,,1655.7851078601032,,1807.3562755833923,,,1600.6473137146336,375.9023865791082,1598.9117189135275,1550.3935240083633,2210.0500000000006,,,,1011.2702592486537,,,,1478.4611158926882,518.4128533718111,,,,1078.0850116063227,,7147.2389007798465,2489.502796667781,1347.3424739502336,,2020.4046346911384,843.0753600051156,1345.5283936227822,,,,1696.6102688175529,452.7914576821886,,,,1347.0296230647878,670.5610409420902,2031.8350760249252,,,458.8099888962573,751.4958437845856,496.2516261631481,413.60097842453564,,1167.4005862584083,922.5917931008483,,,,741.9680353766274,612.8997257384224,953.5921973584586,1225.5077917995998,547.4633108351098,,,3283.9702111929423,,3390.2400000000025,751.1400235358994,1032.366068125573,,,1628.9132328076212,2489.251329559514,867.4445615129395,,2044.6679222610283,,,625.6189192222467,2391.0697055296832,,2019.146751310801,,565.7285205611087,3777.8000000000015,1808.7455663721175,875.9548555261589,1689.915476340493,2090.612846853184,,,1454.8430797394535,687.9041965880168,1742.241342239923,,769.4290476844303,2910.5120696701965,,1142.9398575011846,495.45785397881104,1155.603552068938,,2119.5304476898204,2487.4027390304373,1020.9570874207088,958.9950504221887,,1037.0534431726276,1062.734065664497,,1027.0816406483866,,1212.3808640557384,996.7826211816006,2228.692934518434,1621.1005309200407,2224.120977362101,2109.2408078748017,,,,968.5940025818546,,2025.4771289144212,956.3947633708633,2120.999133378734,1527.5738248609075,3147.8989343483036,9112.814486916634,1530.3634391322819,5035.328078684189,3337.032801836141,5579.255882242587,4226.264950687481,3249.7253970648153,5323.783190724722,2034.7511425232306,1572.8624738105136,2408.99618328428,5303.1824994274775,3178.547757587745,,1160.4322756916745,1213.171338518277,862.6263562250191,1651.7265356798139,,,2721.1422908683503,2065.5750644127374,2050.6779535308615,,976.778084853295,,415.1224610828177,1694.5963152498612,1033.3342677625262,1185.7010499576925,,1349.53377910578,587.4811994435847,1724.1246943389247,1070.3676846655928,2237.3201886247184,1995.284409699898,1033.3029077619842,10180.300101455634,,3185.1108978526804,4706.873284760868,2131.5647945965748,1639.1561038089735,,2236.3712878903193,,4178.746486886589,5143.169379148421,4540.870799999995,1241.720964609779,629.0086410751053,,,1935.7900000000022,,,1464.4745810607913,6968.029028097946,2961.5941158086143,2976.162406298375,965.3413589119492,,756.7175665020022,1673.6348139782413,3189.706405547157,,2048.089528115401,,464.94140227456626,431.0266237555516,515.161590378029,315.55818324213817,,529.2332430537982,497.8782760869167,,1193.4055959292714,2686.4399215192066,,1977.5266173573184,1659.8814251062718,766.4132613267734,,1696.5911031530502,417.17000000000013,,1689.7190745008063,2630.3404000239534,2901.1498457385787,540.0454874048007,620.3253473056566,721.1428838295803,,1538.5342832033823,912.208828496062,1004.0148575033536,658.5876045679917,969.1175236705224,,,606.7861336221007,675.1799445775813,,9125.187046576853,818.0307064470585,1326.3382307357688,1067.7821700075942,839.6973548947632,759.424718125435,2077.7058962214205,1972.7208113657232,1958.9501312789203,,972.4592578621091,,,2393.1968414094654,2430.710731482294,2277.455018620523,,,,2518.4176851149573,1010.559492180188,1002.9348494265334,,,3737.6911442461933,4309.963747341426,5088.479934535901,3543.4999242650647,1626.1860890768387,1609.906922179297,6113.488264349695,4097.965572119697,2245.6975704694255,871.0797575568438,1074.5510640138543,1808.909489798025,,1264.4009671265876,1117.5006384848134,1422.9344268136908,8417.441472084734,5323.089561065988,3327.654817524645,,,4034.001772949271,984.8989144605974,1951.1171061842836,,4784.539327392921,2988.682010316357,,,,8363.215693458567,5548.191359257241,3039.547308631323,4499.7703997359085,2202.3470306127206,1347.9002139486151,3386.0762602199993,2207.846080524035,1957.362413711205,1051.4412259896653,4543.4148608258765,2945.3694951447437,1696.1100461583562,5737.702451186254,4174.295027694674,845.4225156058938,1190.8140747389639,3261.338146255926,1082.2735602608918,2225.148547941504,,2489.2630300000174,2024.5265536538714,,1428.592095087006,788.4821902433142,1266.061621195123,711.418518250477,742.8257027899939,703.277656098606,2102.0057751911886,1586.4355144176375,1577.6613922682272,893.1190681710785,708.1995601218147,2841.956915475888,1790.4091762164303,1117.4170572413775,,,,2923.4355803349317,1480.337981132899,4184.105968308185,2273.8383521831074
2022-10-03,1240.5942229747995,1645.3769391279145,813.9234479941869,1838.4780724069124,,650.8821452570311,,468.09222504004185,354.0200000000003,855.2229318741674,1052.039999999999,561.5301466175835,,,1389.540299340287,,1653.5527118813993,,,1403.8106424183413,337.7320187305479,1361.96705277048,1364.201517910155,1934.21,,,,844.6858256190942,,,,1292.366625905017,453.2150264351258,,,,922.3907269475365,1136.389866977234,6077.02164819762,2163.377564102322,1211.89038305553,,1681.0048455764686,719.6184098285472,1127.7332774581312,,,,1474.128668487213,404.36881566402735,,,,1129.3458714680291,569.0893601471822,1717.9492785070017,,,389.968647746345,642.0945466710945,415.8672504971269,354.81522736952473,,980.1649440056,779.3175423351211,,,,621.1307395393303,511.11535087588624,851.1529615633021,996.0026956493167,492.9465586375856,,,2854.090963186218,,2821.010000000001,631.7525247735748,903.1368230038852,,,1407.2853611178173,2042.0728006988672,746.7893837145386,,,,,534.5514070173641,1957.0784023106212,,1845.4380340321395,,474.3251729494315,3284.4400000000005,1531.4466626029787,767.8873617967872,1447.5528071987574,1818.6213428078934,,,1272.2031751173538,602.1680337311974,1556.0700941934379,,669.3800000000015,2511.683907869809,,913.0970573927023,426.472697677055,972.1523174805907,,1844.5928204486804,2212.4065183819034,873.7837384280472,797.3430905280682,,906.9963266617162,902.3016516928628,,922.8361324272427,,1037.3883176583272,849.8183406653071,1906.9181726065858,1365.1300173360341,1842.7912060646647,1753.217249677361,,,,870.1063930062088,,1715.4839746571397,843.0232307664231,1777.8575212869982,1320.9866870705102,2719.923754427771,7739.018871986304,1287.863130826448,4291.569546791156,2869.6011247746433,4714.121615876467,3554.9198849410354,2725.0445132489053,4482.1948855047,1731.3760259451396,1336.112292288219,2054.144836851836,4486.83616430332,2665.35933469318,,940.9218762302927,1024.6742644248607,790.7750780199356,1433.8620464946227,,,2297.1570599268493,1728.4678914226015,1659.4329023547816,,851.6905569674705,,348.4465588726269,1482.2123555755588,893.2453535172699,1022.1015982346689,,1178.585262270779,507.16300715535596,1468.9499889191436,966.5919188368399,1932.937017196669,1742.6449449713757,883.0272229271096,8662.037342247684,,2701.092197753899,3897.194033571901,1856.825066238363,1287.240184316842,,1986.8277196887711,,3529.588666312544,4508.642233182071,4131.302299999994,1053.8730668250096,544.0001105376779,,,1720.7164857142873,,,1299.4385668768896,5755.520065608179,2441.3036031330025,2371.812424935472,820.9776909358123,,638.0523989976215,1451.537223374105,2728.7060206174806,,1699.8224659441703,,392.5294700400799,376.39257193040277,445.55788873843613,265.39039161883034,,465.7271958047654,441.6540024206015,,990.765486961325,2303.0288071877476,,1809.4257207055743,1501.7084874949278,682.6911439291785,,1369.5819351043756,365.8300000000002,,1408.70924627867,2068.348127192621,2308.01808839975,474.9149308237197,519.4390287470987,624.9394789513848,,1290.6002434940262,784.4428238917676,854.0034877018629,583.9216276073297,823.4848172540845,,,536.6489668237124,573.0662805390742,,7755.683546208193,697.2192914802212,1103.2705021409122,904.1426391832701,723.5631176848307,680.1146938962588,1860.02802719535,1653.480638480336,1708.0563345209139,,856.450914585761,,,2091.827436493338,2077.008337239194,1926.5200954481497,,,,2124.9110802706355,924.8575988850923,877.8247858677706,,,3162.1904540058654,3659.881854092233,4280.438308130669,3020.001632449255,1419.022189268762,1364.8936505667377,5197.592513407772,3539.63885339347,2026.3160847172867,728.4007711200375,907.545883941169,1564.0026434801866,,1119.2524322329991,937.5502569280934,1210.5302228081657,6873.156607361239,4662.868792277249,2861.3175043392953,,,3411.879539451025,861.3152123917645,1622.4828927421634,,4080.675976800434,2568.71184809049,,,,7097.626602258071,4615.367936477065,2627.09145731496,3763.933270754632,1819.851587396599,1136.106722538188,3009.0375073204805,1858.6599840990016,1655.744088259317,931.8727212274346,3851.900560017964,2549.702982606199,1423.8885656140365,4769.859026632546,3533.1095870087934,731.1511400142649,1038.0896466514848,2742.442897247166,916.0649053854208,1929.2020688241255,,2063.9462674268602,1718.8348007822885,,1189.1077679994373,671.4230869171422,1056.8942620701023,643.0000861065073,645.4792039606501,590.992580795098,1785.3137700466661,1295.2518226919158,1363.2778637797912,739.4442554480648,632.3059104440653,2491.927779019061,1541.468153228711,933.4120039990037,,,,2593.850776755185,1232.5220612873018,3399.103483791787,1886.2143380783596
2022-11-01,1077.3597775323353,1516.4435354098991,743.9949243010124,1697.1124521919182,,630.4129930223032,,436.10267753180653,317.5600000000003,738.1174702282949,919.5299999999994,494.26691148612724,,,1353.1572406663884,,1577.692373653735,,,1297.8304387018434,321.47886048153674,1206.4437749454758,1259.042172642535,1770.4,,,,780.5724133153534,,,,1198.7560375445805,439.29942239548063,,,,862.2470935322561,1073.4904192436961,5770.998216383558,1979.6081528595842,1149.5292086854884,,1436.2857246740211,639.7705401195038,1045.9245292673008,,,,1343.1726989790939,373.13688518710256,,,,1047.9682829714566,506.4646189264026,1587.2964132430068,,,358.1193540845136,590.7252712605473,391.3577685371408,305.56881611664505,,904.219385940197,718.9564135268581,,,,533.7410667712132,473.68126382402954,832.3441345357476,893.61313323182,492.6047883482781,,,2737.6237213896875,,2598.780952380953,598.094307527766,823.2049689007573,,,1338.8572857973527,1846.33319954829,684.8899659368739,,,,,439.88318670557624,,,1759.7753483203926,,460.6056510527997,3102.390000000001,1420.7760514080571,741.1345028219764,,1732.1431904414428,,,1202.248916299341,568.3042534334418,1473.181095160942,,632.4400000000011,2421.240568049011,,,350.91209672504885,899.5252590286364,,1701.258080106212,2066.408822894957,778.1918136674266,743.9575014996815,,834.495499914498,804.8195579265271,,866.0725761973285,,962.9457632176237,815.1699035314174,1789.4429847335632,1288.8633995044888,1750.928594050147,1671.9183288883635,,,,818.3254565114466,,1581.469390972674,776.8525048682634,1611.686126301591,1236.7835308512992,2549.3832018019225,7132.541819471191,1161.3367811712872,3950.5942690682978,2678.5373400932203,4258.813302667692,3335.3935476064953,2565.3536556764734,4212.503628914966,1604.969412089043,1236.3052069703647,1898.1596884256562,4150.602609113461,2415.9131764904146,,854.9650135957436,937.372153687945,816.2824930392975,1348.5763322909006,,,2170.590498680107,1474.132695789111,1493.0863999230921,,796.8555366993957,,326.4857663267533,1390.8480062054716,848.7894678576071,941.6875498557794,,1122.4427359958102,396.361008637817,1298.7304723939465,905.233975076899,1766.7586017741169,1599.8844407536767,730.1003952335993,8141.235665437185,,2490.359304554639,3511.6983727489333,1760.0733891080783,1165.4925375801106,,1868.6340308889191,,3254.5537661547796,4894.6437950330555,3826.1206999999936,842.3134838385029,495.1563727578705,,,1703.4078000000022,,,1076.0831431529887,5193.462640260358,2205.315165895652,2100.4060956003595,778.1737617701622,,582.9005765167395,1375.4637261479447,2523.3383016601315,,1483.025334334585,,367.46823257868874,357.5690930086193,395.96767851524015,244.09976420237638,,431.337375818308,412.2138862970632,,903.5477276395163,2144.9714520217494,,1726.9632981510813,1420.918226566805,648.390399690926,,1232.2000000000035,357.6100000000002,,1337.4226069564863,1815.032134451723,2038.1976826415412,437.82121680359825,481.096546565443,558.2768669047625,,1168.1746393380868,714.2510559909812,801.249906284209,543.6211852822389,775.0080962633793,,,500.1749997344556,507.47207588574724,,7163.72360177578,643.2488689708547,1001.3279419152301,836.622891795287,680.3337257111854,637.0985477412588,1755.1872544890637,1521.4751623820478,1385.239980768756,,802.680122286705,,,1931.30298334151,1859.2055052269557,1696.0618371492003,,,,1964.7245592425484,883.1175343502437,806.2873838104593,,,2965.513114757095,3412.722555335886,3941.2500077769714,2839.936416439873,1308.7767372107078,1218.4512727106264,4620.3517906747675,3298.843170327967,2109.797782496095,672.5476724857691,830.5268070203823,1473.8709413455886,,1042.4888066242404,868.2082297979874,1069.6664107349093,6227.549402783934,4439.818718077844,2658.17963945083,,,3208.811717485467,791.1436178715568,1391.9644833474865,,3717.838989321012,2360.8545812210205,3250.697747424668,,,6531.751437374853,4176.744464444517,2456.36773460222,3428.3809175366587,1640.7369758027703,1035.3458797218307,2545.3933154590645,1690.9582554358171,1534.0523645655542,874.5368045875144,3555.1685312897152,2411.4407031758465,1337.1023836776747,4302.925078243468,3261.707814612558,651.3037029927989,945.6793990330616,2539.057952667098,837.5910416482433,1827.3812280445397,,1952.1359798336364,1596.1342150126543,,1111.5764548693169,630.5236093749313,953.827398235605,676.4276641270357,607.0848227775017,540.6418112137494,1679.9879538888654,1174.5013558546757,1268.9792269280726,631.0022319905484,536.7623412584342,2399.272040115152,1356.4054015618772,908.5097843507616,,,,2650.74636357809,1137.8745436056859,3047.0009074039153,1615.282760717207
2022-12-01,1154.2861424571863,1599.8529397729817,806.7375498650767,1724.7137296959702,,664.1204843392132,,444.0585434796442,313.7999000000003,721.1040539466642,886.5166666666661,499.08407349789655,,,1464.0443937603172,,1581.7516568525584,,,1317.0763692081641,326.2395553542899,1239.9285393105451,1277.1545790718246,,,,,786.192937002393,,,,1218.7592129371028,444.33272598428846,,,,929.3933123863828,1151.8133201932865,6320.901974885061,2143.011521530131,1210.0563792122498,,1450.2313631059983,679.9779477134871,1150.1762253929273,,,,1408.7690135089058,386.0276625758511,,,,1149.364750515846,538.1829403802759,1661.7182776102738,,,391.93529123551076,633.5714546781732,446.4200384129481,321.0573290264232,,974.223997322041,775.6607164347291,,,,584.1663831893711,518.8893143090767,939.231189698062,1011.0570729658151,476.01429247363603,,,2971.666930601479,,2508.8800000000015,684.3684436575957,832.0443226673705,,,1442.6760655589205,1915.2381946988007,735.0940341055514,,,,,454.39125994026693,,,1763.5130542728475,,506.03673221223426,3214.0300000000016,1489.6846636204264,799.795068307693,,1862.752298664059,,,1226.3010149154677,577.8963184972492,1499.2255421668735,,655.1500000000012,2619.52255068317,,,380.9291915951932,984.3627962551271,,1719.1262548149502,2083.1435994863505,825.9877760477362,827.967521554981,,854.8636206765733,837.100454718285,,874.8553193584788,,999.5286599207086,871.6751893623742,1933.5424684358297,1362.7232377821379,1870.0498833470824,1802.5749732702643,,,,824.2390701669859,,1658.9087617824712,788.7260281187841,1639.0591663588862,1335.1135001986565,2752.0453352234226,7490.689786622377,1182.3064210151551,4128.437861796465,2872.2516854517216,4357.51480870397,3496.395174575218,2726.0850112148387,4362.762868928979,1683.2126459319102,1314.3068603424176,2030.52960870072,4351.034177468716,2458.286958018838,,905.9363700155951,1017.4672347994347,888.7001950375965,1468.9052194356007,,,2389.514884382974,1564.094474409149,1523.2955529779847,,845.8556811098582,,359.1492215451644,1420.8071021454869,882.6471943727079,998.2377616881091,,1153.1325978311302,431.90875945209575,1333.1414779480187,907.8208783220196,1822.3343766221017,1630.0629981850948,768.3245938322519,8702.143792450188,,2601.0871283827164,3541.832543876743,1906.629005972848,1289.2977306896998,,1893.2690677150988,,3375.1723797692766,5750.046644293348,3541.7464999999943,844.2922362453307,502.997961330355,,,1825.4925761904783,,,1117.6398769669704,5297.779085618249,2250.191192544644,2156.781723857669,848.0583900321143,,615.5092645203922,1479.0699411405587,2707.025168213293,,1573.7018662804214,,387.8292448371152,388.6300621135997,415.22217158723294,268.04857275535386,,435.3838331764552,416.6873745062581,,986.6353350063177,2319.808809663678,,1731.4694075421223,1423.2348640105836,660.9848327987802,,1214.1700000000037,386.97000000000014,,1441.905115416474,2045.9503792641294,2273.102441727976,444.00982231882136,525.7731024352486,585.6297863263779,,1262.7721809729615,773.5868880831349,856.7127113726236,552.7723615511309,828.7724674509527,,,504.09322650294206,512.3475269434323,,7499.932710590664,689.8273469674475,1019.5699905845111,877.5930424274636,734.3544498412841,644.1737928260947,1756.6438789631504,1615.6725856012006,1556.704788333193,,816.08439536271,,,1943.9500326860089,1885.6964157090542,1709.7632413793642,,,,2088.4861405421707,885.507816895269,825.2503435780853,,,3259.687356154145,3601.4569367124477,4060.983862993744,3046.808040885254,1341.4570209633207,1268.940547635414,4591.975335096872,3533.1959498602496,2300.711912784314,738.1679709505004,900.5038637437763,1603.86800369146,,1051.6274536799754,967.6243396080905,1079.8561179734936,6475.88059459518,4671.8969613681265,2859.4800322992214,,,3530.8139802843766,805.1637265549622,1475.8527407770114,,3957.521162357802,2548.454670645591,3408.146449155388,,,6859.557669477732,4252.107723014347,2651.629323396607,3592.5640304894114,1624.681306258027,1121.8737796881317,2692.0113644076155,1819.1538843114092,1620.0842744589709,885.9747387637924,3728.804878542034,2609.9352146502133,1405.4269823672182,4364.073066007219,3418.243556601742,684.1895181323089,992.1986156447856,2647.583455598579,907.8098074619104,1987.931772619191,,2130.8760733138542,1612.5180348983895,,1163.0984629168718,696.3824761779299,939.8890210124589,738.6488948433346,663.5496788950971,553.420549672953,1866.147316672591,1229.00180444764,1354.582154128533,669.2293894229077,563.6058230089284,2537.261595685475,1328.9237727152017,982.5138211455346,,,,2838.286153607311,1218.8267693668402,3419.914851394527,1595.4760003841945
2023-01-03,1295.654597199,1703.7934876859351,882.8261361878782,1856.69782548089,,651.5469838378688,,477.7546518749538,313.1400000000002,698.1203219544295,858.6499999999996,555.4751057254191,,,1506.6172393587458,,1666.2531939986488,,,1416.6021997620785,344.430630174371,1385.3235768900613,1376.3783719752541,,,,,819.1345549469909,,,,1285.1811879680758,447.1486741244609,,,,986.5788289147796,1225.7823748597746,6670.432542695271,2269.7648858805105,1269.8390171105962,,1669.519170125427,745.5808528607333,1263.9458794987636,,,,1543.327526656054,421.4842089885887,,,,1263.005301528365,589.7430576885862,1745.5345012156747,,,425.477592446495,655.3083299833197,491.72963883984573,381.64562387265346,,1054.4976392581684,838.6352066833751,,,,643.0296263976014,575.2469047749324,966.8945044984229,1083.9326178796955,482.4651979685872,,,3235.5320743978878,,2643.0800000000013,756.7647265315303,900.9484099308613,,,1536.2393126973066,2012.7225025905022,788.1914266037719,,,,,545.683975324005,,,1858.5388363014115,,583.2144671178187,3512.9300000000007,1572.5115873998748,851.3132346856299,,1964.3605769842761,,,1309.1938831048615,616.3321026875175,1591.1116128761314,,716.0600000000012,2780.4022551520425,,,408.6243129938448,1073.6934490990768,,1849.0906965366655,2222.719993515045,904.4248455770722,913.0049353320925,,925.7620491178486,936.3043197982655,,931.7193811127285,,1089.3835085278938,918.76489380602,2016.4219770253999,1421.2691658707424,1925.941291503577,1849.4759405217978,,,,876.6514561171723,,1739.7884951026042,850.960123048504,1717.1415589004132,1407.9383241015541,2903.403786143144,7874.7304251082,1238.6628845419073,4335.211791862236,3024.777258518685,4561.89741635854,3586.174488584083,2791.9862085175496,4481.714662749389,1768.741497378248,1380.373415873647,2131.0310012837213,4562.00186738321,2570.920682138924,,955.3784061668863,1111.2714555208902,879.722369626237,1512.8867498063946,,,2553.723728991859,1658.899167261266,1603.981950850319,,903.367684533875,,369.7824508176019,1517.1064584226829,874.3377091963415,997.1805528531659,,1132.4706715116642,570.1539982394117,1300.053612072095,965.5195816988606,1989.7856959031974,1758.9321303573433,919.6143782756606,9075.105941571359,,2731.1991282890144,3691.425129171729,2017.551693862041,1206.2221540398705,,2036.0282980781692,,3535.0970506036706,5810.255003956867,3550.168799999994,811.6049375305404,534.5341659126041,,,1974.3375200000016,,,1081.8941842786126,5522.533695112381,2348.085656269233,2289.2631612643554,887.415354528913,,640.7764825354888,1537.4660964719355,2858.2510814547018,,1661.3710193861066,,402.7431042646275,418.0717138923963,456.02135139113426,297.26296678709946,,468.8755111449353,446.5871519946544,,1077.4624486133696,2456.3001540056625,,1824.2295500440816,1505.0416455743434,702.6480416785985,,1246.9100000000037,451.3900000000002,,1479.8020573620008,2200.497747620032,2439.970252844814,478.6449498472004,573.1965409022112,640.5579417594003,,1322.2601116100013,822.3182183909149,901.9215136701129,592.6875278826161,864.4933065649238,,,539.2278221466065,570.9966019348084,,7884.572758078271,728.5323872118844,1068.2580638393079,922.6656047204597,774.8387305066733,673.5256846031076,1855.1452416539732,1706.8013719247751,1629.2537098684875,,882.347059865109,,,2076.0775107128916,2086.418403180854,1914.6151671595605,,,,2220.0265472711385,932.757478744168,896.9380590749572,,,3483.4429125531183,3741.151201859726,4214.673156208377,3165.929859671122,1450.5334922269283,1418.7770174413154,4676.862906656274,3786.378348434574,2271.098262573206,805.3651512393039,984.4640894368819,1647.2782210946505,,1123.7750322360098,1067.194466509581,1204.1005534556193,6804.541700493008,5034.237016850256,3052.514607114993,,,3733.3352469882307,869.255189427708,1562.6466266024477,,4165.489647229802,2686.2664897040713,3579.323555846296,1170.3905734840437,,7211.706511551797,4455.381655275601,2797.971044885896,3776.06468608118,1700.0679939733823,1225.209137389818,2941.364209540169,1966.9574436787916,1727.5412634186803,954.6384281604813,3910.32788996456,2758.7620560846567,1441.761299509693,4554.194802249633,3590.183007193064,750.3292587324263,1087.0924344285058,2733.8774393666254,990.0286156654676,2096.293489720806,,2250.09739822903,1703.5492041602972,,1257.241715623087,745.7986813014359,991.7743547249654,736.7784987417316,687.0182861770799,578.746183729319,1985.2825748349871,1294.6856846596163,1457.2609663696344,711.4466732719435,618.8778483327883,2735.407869435686,1350.6388178274137,1047.36016941145,,,,2664.292720236053,1255.216046039589,3632.516152935261,1834.7208076219463
2023-02-01,1326.719334279497,1678.913754871046,887.3630147794563,1792.684220040348,,650.3111211417306,,465.4228371626898,326.79000000000013,706.317109221563,873.4895238095235,577.563319357189,,,1483.5049730527735,,1591.7830993463128,,,1368.90710030764,334.61214658233826,1338.234534779168,1326.0288167806755,,,,,769.2568751619693,,,,1252.0220004761838,429.5281309565488,,,,944.6894809825569,1168.2843559633925,6390.460272467744,2202.9958848891083,1218.3759301751904,,1603.97723791634,760.8042970175986,1268.2608920676541,,,,1499.7977333464776,416.6678435985604,,,,1268.189748482789,604.4945272416455,1683.390189958078,,,428.4921563048449,649.8998662087098,510.20025483830204,386.3040130934507,,1037.1471316614059,836.9619033150725,,,,642.9426898925946,570.4039124905663,1010.5526632098561,1115.3300696004742,480.4055184169403,,,3180.3129162544865,,2635.700000000001,777.7018531346441,874.1699547512137,,,1450.4601944620042,1942.0904832931215,754.980881296442,,,,,591.167804967832,,,1775.9337203132638,,614.7020567852724,3538.250000000002,1518.132437676203,839.0929938477152,,1887.6688801061446,,,1270.8877469805445,598.6808734802712,1540.6848734920109,,721.5500000000011,2670.901990263884,,,390.6795925409136,1076.2979206227178,,1781.966354465193,2135.95709324188,919.7329927493115,924.320508952942,,897.5478774177121,909.408599633365,,895.287218314298,,1062.9966809053649,911.7365637214887,2025.3556114861144,1375.4471430840185,1892.3859138589353,1845.5019291798524,,,,841.7224853581881,,1685.0565493742952,820.6537337425966,1627.1512819976842,1388.0133047168354,2859.403178877855,7601.414067826271,1172.183818366275,4192.193105253181,2948.739762937048,4373.084735799834,3533.9731086173383,2746.985621866719,4422.7907039114,1721.4474106456742,1351.4993561045012,2093.4000898347663,4415.356827840652,2456.2941548365657,,,1117.923518430692,859.4933026977394,1496.6535591560246,,,2537.9227962356936,1639.180734864316,1554.910577335954,,863.7708272461089,,387.91448730082567,1475.7200716563127,857.5277753188645,1015.022776670422,,1093.1671581593323,620.2114011267233,1265.418244281928,928.22312902508,1926.408700026747,1697.967575290611,989.0395161368053,8944.406417553873,,2629.4497178817496,3566.7966581421765,1935.5373794530879,1033.895494626744,,1966.6210841362401,,3400.5367952624892,6019.1874188407655,3208.6399999999935,801.8874480954785,532.5059046566292,,,1948.9901000000011,,,1001.6557737269657,5315.3629626367965,2262.8138804978776,2243.247737650302,874.7128203703281,,604.1521078571686,1551.4908580454974,2802.503094898382,,1638.5275465286293,,398.89080974254534,402.4352612455513,463.0105361362127,299.01742030404307,,450.90102294686665,430.1329417477384,,1079.735843658779,2354.553010136038,,1743.2184229200657,1440.169665974758,679.653262196512,,1202.070000000003,436.51000000000016,,1476.8283888778008,2216.400502929034,2450.251933862492,461.0602516664719,574.9301065036714,648.094705659426,,1334.0612085630155,795.8653578738125,873.2241678266287,571.3638964978813,852.3009953720896,,,518.3634230035917,549.9759848966107,,7610.969593623926,716.7151811278201,1011.228839910845,890.6733558209166,763.2309388071296,652.5667334458306,1771.2477595700923,1646.4357718290426,1558.2359016559876,,854.1767428936704,,,1986.1292075271317,2017.799825677404,1840.9042237751141,,,,2166.8574942482237,891.8864196515931,867.2912547675078,,519.5868323527199,3427.25443119402,3696.461807702182,4180.024050620802,3119.1902897216114,1405.424683446229,1378.0218814515708,4589.894669480123,3549.1783943389023,2234.3820705017956,807.9376711338521,990.444043355611,1628.4777964241089,,1080.566901302893,1079.499505295556,1159.9484985112267,6567.132377995152,4724.18149064025,2921.693141006745,,,3626.7829951028366,839.630661134755,1544.4648006177313,,4067.9454714498115,2630.7267439258276,3461.559068448464,1121.9682224894887,,6960.946066273499,4217.137581282272,2755.069775573559,3675.753386440894,1733.1993859590216,1216.6598829300965,2779.8622739071757,1971.2222964651228,1697.9009781240452,922.3315295140891,3785.876349224929,2656.495124849712,1420.5993144880977,4405.499005812189,3465.4696790626763,760.3095381162469,1055.1896872312673,2700.8157593818855,996.7452231811317,2013.8279087579936,,2238.9511153104454,1709.8659774617179,,1274.0070924380036,733.3658663203748,1012.2640890280801,733.199409465088,678.2849063889199,554.5067309382109,1918.1353899807764,1247.3368927102047,1362.2635562505534,703.4120876634635,588.0523649974496,2553.026956118157,1317.5103752657924,1069.4424771078866,,,,2548.575006432897,1253.0628388522891,3655.2046324018424,1763.054921086508
2023-03-01,1225.706657677377,1609.8426449208002,844.6419849099861,1684.2443243783162,,628.0664549944148,,441.6420862508442,353.2000000000002,771.390575226762,980.5080789473678,539.4009306777847,,,1478.9902555228464,,1517.250565623206,,,1287.6901691576525,320.52279014183205,1252.1476933177623,1248.2697454107322,,,,,783.8375545701331,,,,1219.6690185454688,399.0321505396578,,,,903.2115382137483,1128.4339403300514,6077.365806936161,2102.8366084652644,1209.2744752732199,,1490.69130002719,705.0335797506515,1220.211769820561,,,,1409.39286606127,393.1352207826802,,,,1220.6757349127088,561.3943608618096,1649.659887022919,,,409.25901291297765,625.9318478870592,496.5211622245141,352.2440182609846,,995.8064874194102,797.7426805478906,,,,627.879731724716,546.9038273642843,985.2071526177905,1055.493120453941,446.12392089192195,,,3016.982951253533,,2717.6600000000017,758.0161001939103,825.0074722987847,,,1358.0984628762435,1992.0016621048953,716.7999859592176,,,,,531.0652385733583,,,1692.4615600230795,,536.0111147213552,3277.0200000000013,1488.932556090594,779.6321241996731,,1765.5169946693225,,,1201.0402409174153,565.6412924925742,1465.8723122000933,,668.220000000001,2495.781852417222,,,358.0023914593192,1035.8193916474888,,1665.6834523283885,2007.9006768823128,856.5265356763865,895.0256599241727,,846.7714413132337,850.1478337025547,,849.1055694735348,,1008.1474172377384,904.0514968118238,2013.0987840831312,1360.4386550526879,1886.2902778687064,1853.0695087602087,,,,796.6055236444535,,1657.1003939342006,773.151480233552,1605.997144438491,1351.5629797531108,2779.7961810307092,7447.926731808619,1156.7428145402534,4117.664671268709,2830.8335514943997,4398.56785798675,3510.9314444966003,2721.7026225398654,4404.822218007928,1725.2543079707877,1330.9568497657497,2042.0941072270953,4339.3431883492285,2472.634165534651,,,1065.3819738071186,793.535734247823,1453.8784464752575,,,2448.3396444181167,1592.6109504020628,1615.1416085322721,,819.7026513818797,,377.7871299434015,1396.3426517626528,859.9700373398375,1011.0667259991515,,1094.8395199515192,542.1121675642727,1251.005269639311,882.8310349999018,1806.5396156696816,1598.06662796267,895.655832331495,8865.65816411787,,2580.0856257960713,3627.292106607831,1833.6557166816374,961.0038212887056,,1858.8487663717465,,3358.7420992217985,5743.155391207807,2712.3134999999947,791.8484319247486,515.067690534087,,,1677.5800000000013,,,1036.7157881612002,5437.804473452797,2314.902150730458,2339.401012459023,860.5365515006451,,578.5323148667287,1503.6647374669785,2724.351170366024,,1615.367957579997,,397.61243318844384,381.5575681248077,428.6600151578213,287.519099079806,,425.9531918395285,404.897786658047,,1037.5376463816297,2256.316606892994,,1661.8141285875533,1363.895772968722,645.4545854189817,,1246.0400000000036,382.7300000000002,,1482.545107772642,2298.48456813148,2548.503370927647,434.1082620806458,553.3603299857484,602.7126489352011,,1361.8570043533157,754.0577505661888,848.0113505520624,540.494607318392,844.9295057885856,,,486.6877602489956,512.9531469913894,,7457.148160297169,686.3221228003008,997.931669432152,872.6731703628058,742.0156995506181,624.7841042164265,1682.8380058391144,1612.229292600828,1452.5194863230015,,807.0347353144396,,,1875.4312510315156,1882.849275725054,1716.5208144856801,,,,2113.1461135839995,850.6646000329899,817.0205278232739,,500.2137145171501,3295.6864297115703,3670.5943687498348,4188.2088613358,3078.3908808959723,1324.8123783484073,1285.2962667115914,4700.87093879158,3358.3273403405374,2074.623752460917,776.7468708523521,943.0867841750237,1592.4285395336267,,1014.4696343777138,1043.8796379890102,1081.8148864635066,6738.837128076826,4416.406790107357,2792.9050126002307,,,3547.441883343664,791.0803018078815,1505.9604819050114,,3998.713010844402,2547.3940460359595,3400.2870918467793,1128.4540416776083,,6820.6003487668595,4161.700113182444,2678.871077949485,3675.175821053359,1742.1554390800695,1162.5204285199225,2554.12041087629,1893.9015498111796,1647.879458266714,872.466386144332,3721.876186888355,2527.6311862053644,1411.669372677581,4466.697015861858,3401.839507125676,706.98206991464,992.637700070381,2708.442951685077,949.9328453680047,1905.9292064432893,,2229.252433059792,1627.847401288138,,1283.3005651570436,699.1903049962516,1024.1458503424606,678.114842858363,657.7628799210258,552.6458155963542,1852.5497841063816,1277.2637698653557,1282.170562539206,682.1894967561287,538.4985215206038,2375.3764235874182,1352.7925820400721,1042.1391851348124,,,,2377.893507109177,1279.8499260480155,3816.690546230469,1634.9461617546613
2023-04-03,1430.749934538607,1924.8804801113117,995.3646981614438,2041.975630111179,,729.640602296626,,530.534731445754,412.3600000000002,876.872764426076,1160.289999999999,633.1252517581963,,,1634.0676887747156,,1843.9782929151775,,,1563.69501765139,384.78754432337337,1511.339207554363,1514.4211718076215,,,,,938.0270036606686,,,,1431.399679333827,471.6583147614406,,,,1053.0563582064772,1331.8156321962963,7122.9624830554585,2386.893963384197,1472.1688937457043,,1814.0817092003263,822.748038083234,1446.7912850967957,,,,1685.4803231103374,476.41031784553905,,,,1449.231715617244,652.699330528704,1941.5780003882073,,,464.5778812021502,720.770006657826,589.723996119688,410.4120350440106,,1196.3543427942407,941.2895481545207,,,,757.0172242690784,644.8621701495362,1198.6887675475305,1230.999807317645,510.1382911798936,,,3473.9650363099,,3209.030000000002,909.7671939611394,995.877477990259,,,1588.4632628010213,2430.807942970726,840.9014049710511,,,,,608.8267995974054,,,2057.5586056316156,,660.0960337966759,4094.890000000002,1753.935854373223,891.3092235990458,,2065.414124622825,,,1438.4888587087746,678.2069668461615,1760.0377928244443,,835.2400000000011,2884.00231545755,,,420.434597079528,1223.3551217286542,,2033.4810532961362,2449.1384002174423,1003.0335656388282,1058.6233338501609,,1023.4456348019928,1021.7209264836407,,1028.1553888583505,,1184.608059342517,1030.0391685817897,2230.346153889952,1575.8082992183304,2118.0170792577396,2055.113006519203,,,,967.6508771831527,,1942.8824671480336,936.5935666028581,1920.2529036698822,1563.4156186686143,3224.585928083055,8787.605111079854,1385.5275317068654,4840.0550118589235,3254.7058664814776,5284.046328638834,3950.959454389602,3006.597480537077,5047.595991315912,2011.485634518172,1517.6198732026337,2299.6997547576384,5088.704938634406,2991.4442974662693,,,1256.5393299837272,910.6425010058065,1585.3274134058709,,,2856.620893852805,1776.6068907523465,1990.1523566101869,,975.6643264174567,,422.9585162369468,1671.855148190178,844.1133576355112,973.6192648157128,,1029.503602680154,615.5930631677539,1380.8974528789513,1067.526115931263,2180.6974879712648,1930.5460040901298,1028.9291541899286,10048.930465041045,,3064.3192992415793,4387.703522635356,2135.987279230165,995.1754377495784,,2250.3322547954604,,4005.7251095385145,6257.8818726939535,3042.7708999999954,849.2890849816364,589.5409574873893,,,2068.0100000000016,,,1149.849292430382,6619.700473561833,2818.0567565692104,2833.9805446114924,970.0936017843533,,672.9266884428392,1619.5161009798235,3114.670505990569,,1799.9398627071707,,447.8376938919037,440.99597004845765,502.452376075998,339.43602594280696,,519.3428086639798,495.1515677726315,,1216.8052616655914,2598.5248635210464,,2019.8326129900634,1662.6971984689753,775.8669498407978,,1456.080000000005,464.9700000000002,,1644.8636907913115,2820.302406282316,3113.6683933160175,526.3764817555777,652.863438285516,707.1960648413583,,1539.9173105901698,851.6787340818137,1015.8137051757905,653.4269686666536,957.5678759982563,,,593.7600189399834,625.0503593721179,,8798.33570502651,758.859146994244,1195.5482840171146,1029.568940828158,860.9246306429767,742.8987054191884,2051.867640721949,1894.368569456129,1712.3315210715734,,974.4074882271037,,,2287.436983631893,2293.425349396236,2092.8967894346592,,,,2492.421422445279,1033.6288826873943,986.2187379704518,,608.7727333832325,3824.8475864961897,4136.180821113815,4786.883787865842,3432.2184950498868,1601.3283317419407,1544.8762382139184,5432.132611805074,4028.35731218119,2373.125752751547,916.7039129842218,1111.466586953239,1727.3170404501177,,1237.6470368404894,1235.530128289918,1318.3719676056453,8223.987541847042,5164.190792203702,3279.490782898867,1545.7603977676984,,4164.118398868217,955.6267249958827,1677.7372012121114,,4567.130440849704,2863.3707934385216,3996.44762255764,1355.9758058669129,1423.8469566715876,8046.67862453591,4984.343335478257,3107.604526233505,4272.095315651117,2053.6953257764044,1371.8965094774117,3020.393413426854,2226.6728951894165,1937.4691996798344,1055.4059218762604,4363.707437012169,2923.7491349593365,1588.904752929822,5367.841194904437,4012.6729848616014,829.2688648818129,1189.4191536152337,3067.039391857129,1120.9162924306336,2201.4193618264667,,2617.81905789592,1779.7185477335033,,1491.6983089949085,815.4709793737296,1226.0877060785642,780.8839663893045,719.0832830998031,665.9670405928856,2189.8000166520856,1570.8607032946343,1542.575570250531,764.0411127530135,640.1512465703017,2783.593065602929,1567.7289003818569,1188.2013372747865,,,,2710.266758328485,1386.3621132453047,4576.526752674339,1991.9643205208884
2023-05-01,1266.1076363854702,1737.4735230251092,902.0948328061381,1802.3812880960716,,651.0526684188663,,470.13932630926377,362.221904761905,752.0397061995504,1009.6204761904754,557.1636457501361,,,1390.8971303502158,,1609.4911984096907,,,1386.5697893200877,338.9494293798056,1345.9982897318826,1337.3498203229321,,,,,820.6764236736973,,,,1254.5148510052516,420.564688113943,,,,945.5996427239057,1196.3893959616944,6426.370322763965,2118.705204171129,1318.8050772080103,,1608.7993059498547,729.1718046396578,1319.445879058189,,,,1484.1895241268032,422.86728859593023,,,,1321.1408304900588,578.705786107806,1747.2069457881466,,,417.27207405522205,656.5701813729971,539.9085886212392,361.6656013690836,,1069.8320240738026,881.997399668223,,,,659.3662324099064,590.3672208909852,1077.5411063323447,1107.159417614527,463.8481901206651,,,3093.173293021673,,2869.015714285716,841.6426342274677,879.9275945927238,,,1416.2555247913854,2202.1921957060586,756.3144325122538,,,,,533.6675329599606,,,1796.001599693422,,657.1672714298205,3715.6804761904755,1580.7034059814464,802.4630568997951,,1870.5829148521098,,,1274.7419592307936,601.8096165451852,1550.6620688983653,,758.0233333333347,2600.3045614821685,,,370.0973026665272,1112.5527418051836,,1803.2052911055466,2163.2941387765636,889.9810476044706,972.9327692651963,,909.1841677318064,911.5563539072024,,905.0068406277312,,1090.2285528358846,906.6673185095553,1922.1132049547775,1386.1199686618133,1809.7833262168842,1749.9315102075402,2096.635944543781,,,850.482642742779,,1743.3287772514097,826.7792434487885,1742.6879536454917,1396.9077949333052,2887.0449319981794,7932.103645930515,1259.5159274605605,4356.070627944791,2906.154723947652,4792.073414901711,3402.0869399737367,2551.2585226278484,4405.427935137164,1775.6378178232767,1334.1239982355048,2016.8618950807277,4567.716482146511,2728.864116371737,,,1135.3075002007272,828.7225049098008,1377.368550571979,,,2512.1084370119834,1563.687997842027,1815.1328342026318,,877.5788998517596,,360.0102901736143,1483.295278258627,676.5035191305574,781.9703354070962,,788.0022326645418,521.9490549051284,1197.6166119343518,931.6636174823508,1940.885191283035,1700.0113417550945,898.869028680034,8752.542084379524,,2778.763160960218,4015.4854083610853,1918.176971330696,775.9783745130786,,1981.892952519796,,3647.678031539629,5358.096562348777,2783.8422571428537,703.2189055352121,518.8454997677989,,,1941.4097619047627,,,951.2945910658109,6024.44764624249,2564.8617002243673,2492.7320373166467,860.8432624596649,,601.5480391335325,1409.9759378810238,2755.171838234406,,1576.2917231538586,,387.99400472804024,393.3299145168471,443.25201793614906,308.77757489766356,,459.8694325718498,438.9131758256762,,1086.5857886618521,2296.7906129087764,,1763.319934327149,1457.0699911462098,684.7297999079933,,1292.9719047619085,458.62761904761913,,1400.8146448931436,2474.1170387652487,2710.383408043728,464.6508439211856,593.1216148287624,626.7942357793534,,1326.453603143365,755.5365312858427,920.2868466951012,577.1907182602873,834.1856698047989,,,524.8746674278635,554.8621378249624,,7941.409051889078,667.4615935545103,1086.808065599651,929.3541562840309,770.885287670808,653.5660349096248,1804.077253461915,1691.2382984490164,1503.0850482672809,,860.9511031931122,,,2021.6368986954476,2040.0881976739038,1854.7733469190332,,,,2254.3081799402653,902.4643710585708,874.5765596473316,,521.560355989813,3372.184560429342,3594.690571328091,4209.547160605277,2956.3051943492023,1422.3454179750709,1379.7151672517584,4847.854437478246,3665.453013136991,2156.856144592491,833.4451256038323,1004.0960088704935,1490.1183055352024,,1094.159700182753,1134.9260486992075,1170.0624445947728,7451.823171480839,4710.592253789519,2955.351142171487,,,3620.8155072726686,841.3975724398036,1473.0641037551081,,4016.018493930519,2513.9683277340896,3597.075782436024,1229.717044999287,1271.4202529726492,7263.474443134972,4531.92809858547,2782.596790052292,3761.7407617351655,1879.5214385945978,1229.103878609188,2753.2753048726386,1991.7496843914198,1744.5087190025424,930.4469937335554,3915.8504179773304,2616.3208018653545,1368.1604255439624,4879.673132130745,3619.784389285514,732.9180440304071,1049.1355679591172,2660.6522649081885,1012.4963065462525,1965.387847254883,,,1567.4759122033008,,1326.0699429047256,725.5882699516395,1130.4632015564896,719.3016062320364,624.9275802241558,609.8822844896573,1910.5037949054506,1428.3917223203546,1404.3853861719656,674.3004314821267,587.6990722356811,2544.618146742437,1401.837458709216,1009.3928581165566,,,,2427.2709791895113,1198.6215604898346,3832.620756678377,1760.698112662935
2023-06-01,1366.9551790748653,1919.38204046264,990.3806958783567,1970.8131160611845,,718.4632015031981,,510.3427997580687,407.76000000000016,833.106978328241,1091.2699999999988,586.1562449718606,,,1491.1461578836354,,1776.0854166425047,,,1518.7485253424306,372.97805824237514,1447.699089586355,1462.2826555377565,,,,,892.999888606983,,,,1376.7199112666399,439.6817768350824,,,,1025.8245458892375,1321.1833028193782,7005.068853043335,2214.3225952057205,1522.9588988752573,,1703.3581736512265,794.1479082730702,1455.2668054327314,,,,1623.8077203972978,469.4682396692492,,,,1457.6303831587745,631.0127225982939,1937.0352697715707,,,450.3933256599929,715.8730115419122,594.9470922748158,383.8792554587705,,1205.1895335769314,991.9116753360339,,,,727.1650453852918,645.6502287690682,1218.041875278187,1216.390032243435,530.9305556377698,,,3392.5168053595744,,3213.310000000002,922.7610479872237,960.9310995216553,,,1543.5036799531704,2519.0369670301952,822.8263722155198,,,,,570.5108221908667,,,1981.3123879621019,,701.906784112073,4073.7600000000007,1749.2840206093128,833.9491161022448,,1979.160786737335,,,1396.3617741962114,658.8797933081776,1696.990534409851,,831.0900000000016,2832.772361760989,,,389.6325514343082,1225.8073468919936,,1974.7546113228589,2379.7184774644725,971.2887005424949,1069.1985022611655,,993.0910106299807,979.4083641753303,,995.8361078371325,,1195.395981689385,983.5965106454346,2079.009113790458,1508.3461463977492,1953.994309146023,1870.8895508442838,2284.043953045631,,,936.1051012233175,,1930.697516250541,904.4919247476855,1947.3141762508635,1533.4684224394284,3172.578881801618,8801.982568557847,1409.4999048150835,4828.551952711301,3144.8474862952366,5433.054807745194,3710.470660109126,2752.4416236820034,4852.361454524974,1945.1932424326887,1448.2766826813165,2177.5223603344302,5058.724380875444,3117.129291503133,,,1247.4063972400538,845.0482000593302,1489.2921977853814,,,2653.611258343052,1697.4156692521597,2103.2851521321727,,969.858932386203,,395.39345639729765,1625.421486660059,691.1046250258419,801.3532692443958,,784.6326802710615,529.5664300796166,1318.5289351556646,1024.2128824597346,2105.9362423285606,1860.7862874430466,942.1398675992355,9494.09824378331,,3100.9931208473786,4605.452748637353,2069.028909674429,842.7443704650711,,2163.8244355573706,,4092.8815349120046,5408.057792025522,3008.293924999996,748.7927095037182,551.8851978511651,,,2151.7544000000003,,,1004.122417599253,6910.526441004198,2942.4310828435373,2822.08854496552,926.6822673574679,1732.7630586380574,638.1697843919582,1494.8240363920736,2982.878546655076,,1730.9359239332637,,421.2742800681552,416.79222397834553,482.6044000179423,340.3869493217462,,504.3556176140522,483.42095960111027,,1198.640744679259,2475.963433089766,,1946.542519556126,1603.6185619247835,751.8684901631988,,1452.5600000000043,490.32000000000005,,1497.5001202814922,2819.912645732294,3063.5097084451572,508.23956428260067,653.0545628875734,684.2111826113436,,1446.445989840647,799.4576921567872,1014.8898142016545,632.6100308299679,905.0357393654108,,,576.8489586035877,596.5674064695587,,8812.911838587468,702.1633140016951,1216.3539764642185,1031.3925062943285,847.118115651453,719.2416015179723,1981.660761411157,1871.6704402573343,1540.7275213868816,,936.2292453230385,,,2209.8942247942273,2203.4209390421747,1990.1474427443788,,,,2495.29796739307,997.553894596409,953.3228782583923,,581.240534382561,3597.0314481690443,3911.222833627313,4625.03191598478,3192.158431972879,1552.392118381864,1480.7123240875155,5406.900308334551,4036.9434875133684,2206.5151696571975,918.3154463186484,1103.7457473902925,1603.8775270728893,,1202.5409883793498,1249.0176560585123,1258.293150680841,8525.626258538,5123.01634252678,3245.991703281228,,,3984.072429611208,920.9717513965574,1595.2871835915369,,4350.564579821894,2710.2291368712426,3988.0354746733997,1394.1987139116059,1375.8820487866053,8060.310010553221,5071.661376053556,3057.8874492167556,4096.399717323194,2112.1658537686217,1362.8453653802692,2942.583505741687,2187.451552478574,1926.6351444292197,1015.7563915118002,4338.181990315231,2824.5640713869716,1492.2994668550186,5556.869694778428,4019.375382923585,797.8901895047204,1146.5948875157196,2913.0808665340414,1112.668774407739,2100.640595804403,,,1858.3151238823752,,1523.9801042149968,773.7386030729386,1286.023629255892,733.7716556722048,678.5215499083232,691.834079809815,2084.4657132455873,1637.3271972159682,1543.388528829914,729.6162878194209,629.666749656893,2757.6099447951055,1569.6458700831745,1019.2229583171134,,,,2487.7051513814677,1275.9465173449316,4079.5915746252176,1850.0589566750148
2023-07-03,1331.807930490327,1897.3931295280713,955.58744005313,1872.9276601465094,,690.9866837278628,,492.7448236059831,425.37000000000023,896.9953069124813,1178.1199999999983,534.3348733921523,,,1516.1459209851175,,1702.9723833575868,,,1435.9528881682393,360.76466664157203,1384.2228056043612,1389.273274450938,,,,,924.586684450498,,,,1367.1126892230566,419.7599556721954,,,,1000.7468790584049,1309.1221192328492,6823.494886032359,2136.8344238945033,1581.9815604295159,,1629.7734744043403,780.7494575604263,1394.5090189298544,,,,1573.2057434399162,454.5102994340284,,,,1399.000854939795,622.3730169286182,1940.50496190665,,,432.9615538126205,683.1988325525474,567.6546931403853,362.8891905224899,,1200.364306573708,925.6968621221768,,,,739.4388408668789,610.2605041575669,1193.5673114259052,1232.8125016324082,564.5592145633067,,,,,3368.3200000000015,882.3938923491205,908.8582274356423,,,1494.4578616383496,2627.631494165256,784.5245366708897,,,,,541.3231860396414,,,1898.358577507657,,622.1679172597013,3784.600000000002,1743.1161048500885,793.0134953002328,,1912.3989578128767,,,1344.7350641294258,635.0972077773569,1639.4146676660898,,772.2100000000014,2685.523211268254,,,370.13603197204833,1172.5728153202585,,1859.3820337804664,2242.961955192655,956.9694732371322,1011.307999061421,,945.042625801908,940.4596204880953,,947.4279292376407,,1136.5588385719157,991.0583398902951,2085.285667212621,1497.1790417085099,1966.3926498413405,1874.797826578213,2309.231975408071,,,889.4013927375327,,1938.8431210474455,860.8215465501639,1963.7620540156224,1525.0768552206862,3152.614459481095,8821.741663422432,1422.3730911621901,4843.935390322621,3085.634515393539,5558.586640702279,3747.5734648754005,2778.9900313709304,4899.27787853793,1949.1036512505752,1438.1095402885273,2150.9348230811183,5076.896762067443,3203.5619611228676,,,1203.7991322639239,816.9372803062395,1476.4962004508363,,,2591.07829451057,1655.5199575997615,2216.0831212818434,,934.7090080849329,,417.73117311514227,1566.2977844595732,712.172358591946,812.1946266171028,,816.0160591273071,521.1458099952048,1309.699928240968,974.7711982443554,2012.2655442684795,1771.9858842339472,888.9492926084341,9471.686369713289,,3118.469188522755,4742.332107757308,2020.3843788243046,743.139947438153,,2070.018913956196,,4141.6493575447475,5473.24178533418,2609.9263999999953,770.2793294222868,541.3863737413398,,,,,,1035.322622494451,7205.587028131751,3070.4590537098175,3029.3495882018383,931.373820215285,1685.506145789532,617.87928796854,1494.651573481315,2938.7513137534115,,1689.9704795245245,,424.93442900827114,410.25454736767523,471.8309934931119,328.8188122656593,,479.0683496415896,456.747672673575,,1142.0645890356668,2381.2652037936937,,1866.8196365311821,1521.7238766580788,724.3163034665322,,1577.6800000000044,450.4599999999999,,1493.88367919899,3096.534095335344,3360.0144205709207,482.93094230460656,627.6838617689104,670.0939691309779,,1520.5814608369797,773.5979382697183,1005.4773866341875,601.8664786876096,903.1720115386192,,,543.5658383321717,567.2375924649607,,8830.60430823168,682.7933994703626,1227.5736202952253,1033.4528741221072,841.8898704335436,696.5210037576958,1882.41257894978,1869.3584175662215,1476.4108195351853,,894.4814121063093,,,2092.305066846984,2089.003178036808,1894.0879630915404,,,,2467.5774451896395,956.5868563401497,909.6273918563114,,559.6839626341447,3533.9489339990796,3917.6664362919737,4622.825966650288,3203.2059586396053,1476.558646077427,1421.6943093608402,5592.769924456118,3796.9170971763047,2139.470361720123,881.1011265646157,1064.2723216538795,1592.190596942592,,1133.1105332223472,1183.3352265849846,1196.4962890786726,8890.547074720487,4898.390981306672,3179.085773312469,,,4021.161725312438,877.6240734399789,1554.2937771369845,,4326.490345606925,2668.693349357199,4000.7828820583454,1426.698400254831,1350.2128237915356,8078.676406215904,5118.471369664009,3038.9995032875768,4115.499899731745,2133.0225406477884,1337.8259527427103,2766.526525548721,2107.622163462699,1902.5179550242274,972.3671405765008,4354.763217873046,2760.7965930246396,1504.1520609525296,5692.685483461617,4034.8123322157085,780.7358206333435,1109.8034689443846,2960.2128735791316,1074.2285325198816,2041.692086982014,,,1807.83345320148,,1567.5467047742081,762.9884641157723,1305.319998192066,711.0311523074618,666.4889174530192,703.8078372577744,2090.0147896286103,1714.9791880912549,1437.2991131599777,709.2751432696102,592.5862576014908,2632.231627591468,1648.9954352899877,1009.9554562559756,,,,2462.6988009876477,1255.9183218195221,4433.882614253282,1779.8874258934864
2023-08-01,1288.9661995646284,1865.403940938858,930.0790077896509,1778.885308329054,,690.3134150884558,,474.82409433589976,454.4600000000002,942.9032660892042,1269.9799999999984,515.5755368802977,,,1536.5130300337253,,1628.7133509785433,,,1362.4556294809208,349.21007722153297,1312.8951932784842,1319.8090996820445,,,,,907.3616171157059,,,,1344.3043661632414,416.14178850408973,,,,983.4531006085224,1293.1881451788058,6671.0722595108755,2097.718792601872,1540.7103316256496,,1522.740831854902,759.5516061569023,1353.072953680779,,,,1519.7715820411643,,,,,1358.4059749923922,605.7009966216276,1920.2182952344674,,,419.98776134855837,670.5079278787741,552.6071823867088,342.46344513417694,,1151.009610338827,899.8205094234372,,,,707.5743217956352,589.5269724011175,1159.933080252441,1191.1115140131815,553.2236991680109,,,,,3370.570000000002,866.9168428883228,859.4354398214026,,,1465.7169608004117,2603.522821741794,763.1797353494908,,,,,524.6769724468786,,,1815.1167076431932,,601.0645470958891,3621.340000000002,1725.1027808058245,778.4748419137368,,1862.7312080378135,,,1293.9494344345917,611.0782359437078,1568.1955203159027,,738.980000000001,2547.7441878094633,,,354.3535040060997,1140.7025984551724,,1755.4758759975653,2125.367934156354,933.3273057568775,987.2185484509013,,901.8435164000331,899.1489369060279,,904.6542077335329,,1114.9817664166349,995.4334882664335,2091.3932135938985,1499.5186800737638,1954.9703749230478,1869.307517970105,2289.1361492666674,,,847.36904527319,,1921.6356427323408,818.6179896258955,1938.637889571339,1514.2425210409797,3127.435029881201,8725.399909493879,1402.9843968273938,4798.294783243554,3051.928189019948,5513.294768218348,3727.7026350329943,2774.331112360727,4855.566396321692,1944.3472160745696,1441.8231287876565,2159.325533134902,5030.909188741605,3176.2466665641896,,,1172.285064161194,816.9648970046464,1482.2014867649118,,,2579.702590559158,1647.002281472279,2196.4689604589353,,908.2325073453025,,428.34456427326546,1508.0067170466434,728.8236282565132,820.6939588151313,,835.4374368350452,517.2359161114949,1304.3467572323834,926.4825082682237,1922.1585163933112,1680.4654755365798,863.1601162119305,9486.676044715705,,3078.5628639232746,4713.808411205784,1983.0956372151732,730.0958633902693,,1978.987192262397,,4085.303788681912,6127.513886076639,2345.761899999996,802.2181168411721,521.8315700268486,,,,,,1066.6600102251261,7153.324532181091,3050.7477766462944,3013.527328893358,928.1673972861875,1616.073286619512,612.8539306483295,1492.7708373502908,2927.5417460585436,,1683.3164517607308,,425.2008298690241,409.53043624443256,460.23610458087893,321.7754261802608,,457.4949708116776,433.6479452300817,,1112.53101284733,2325.0769813785805,,1785.5916683482073,1448.916024075687,696.7803683930535,,1563.0800000000042,443.57,,1495.7313497526225,3062.175962799216,3332.3012053931607,458.7613264046107,611.4908618646726,654.0669533677636,,1541.3489102538765,760.7542156788313,994.7363640402241,574.4754327306557,905.073812331111,,,514.6010589001975,533.2633014710696,,8732.754378300986,678.7647529020335,1210.6903614181558,1022.2158426734287,835.2789002832112,668.9974611386978,1793.1768252035451,1856.6924414775458,1400.3323835220187,,855.5337440952997,,,1989.3380438432087,1965.218720561548,1779.902606345563,,,,2429.9901628879543,915.1927183106283,868.7027968542907,,526.6273298097028,3527.942153424007,3928.5359653620676,4613.6627529204015,3223.7255627441486,1408.7412781100156,1360.7869566202523,5656.845116709714,3689.945538245982,2149.0304015661422,858.6531607091472,1037.4478731872675,1604.1804121358061,,1073.0004526601945,1156.2728815884166,1125.051915323569,8811.924870227975,4723.665779908459,3129.9172150377435,,,4042.4555230227948,833.4386269922644,1545.9844275933622,,4339.113539993678,2679.3435452251515,3962.9930027113874,1415.1229273175763,1335.653790673659,7990.04297247814,5048.599811710446,3014.9964047078333,4122.011791392401,2117.162522575229,1290.3072813429615,2679.9213426501983,2070.854654278098,1872.1783435697535,930.4419638626247,4316.1357538330685,2720.425173491558,1500.7967479257504,5670.066337153538,3994.3275783998934,761.5857966811406,1070.0154702916852,2970.1912730822537,1045.9068510996465,2008.9205624048122,,,1668.5633748578123,,1617.0385065534617,759.9014384501588,1294.7430228498085,713.740234476631,667.1337881016707,693.5699847663725,2096.4226425819656,1699.0901205692862,1395.6315258507643,703.4698947780088,577.8001035336422,2544.5314447843616,1658.9943763242104,1022.1208239194225,,,,2517.258063600339,1277.1080887799335,4452.754567941529,1667.7467450620081
2023-09-01,1440.5196148461848,2109.215105400282,1042.7902234277017,2020.9596260186183,,812.1394399646583,,545.1129251512243,482.0100000000002,982.821074619407,1338.7799999999986,584.1587666491519,,,1786.8258031986038,,1881.0888141143332,,,1550.4200488802107,404.30300448896816,1453.723890205089,1499.678250679558,,,,,1033.1319668098238,,,,1516.3083726106895,489.8893217271256,,,,1126.7142046880492,1473.1153840696827,7705.062042782778,2373.0965441566127,1804.6856299075587,,1618.8172972246468,850.2374929399148,1517.2809261401121,,,,1728.3585503415004,,,,,1520.3779239356008,678.2020224593176,2184.44227227317,,,463.62951020134074,750.5082082529764,616.6981720954344,374.6350324594808,,1287.337618746248,1019.0814729232557,,,,781.5796118512787,665.8648931727644,1311.344470696714,1305.8613770034578,614.1827006968474,,,,,3790.010000000002,968.195641343708,976.3079442533727,,,1690.6282421909598,2888.5277170472855,858.4675594931923,,,,,595.3360109456679,,,2096.2595871891167,,640.6925231975463,4094.6600000000008,1966.7621228037967,886.7446229587907,,2161.704097374278,,,1488.6345937126725,703.2378658814689,1808.882362019939,,835.7000000000014,2912.5987340246156,,,364.7409995668941,1280.0723372788154,,1986.5613731595138,2433.039328321463,1047.8200077790802,1111.0418216052544,,1027.9374579284863,1003.4668800768293,,1041.6936912383267,,1202.4324787205574,1126.5714470380456,2355.845361452604,1703.6085014057574,2222.190202489319,2121.2286614839445,2603.9995390862123,,,974.9936089756986,,2184.5005766247914,931.3032085743968,2212.3344084966106,1717.204276846009,3548.414263671342,9932.615987720006,1601.5703777274402,5456.8099293038385,3482.829624674944,6248.207911499803,4213.400577330909,3174.866028594789,5414.385951355798,2162.506125869173,1620.7719863535062,2438.0069551071056,5717.850327163912,3609.4093554799238,,,1315.734743322336,986.9299961546166,1702.536123122809,,,2917.708980250975,1823.8511353416823,2466.7200043752177,,1045.7621019600015,,451.6444295353508,1736.1674021208703,856.2108720238618,933.6459388455729,,983.1931487933565,593.2546556807782,1349.1054312143629,1065.6019810822647,2172.619877071297,1904.5545161081084,975.8860768384733,10736.413794310763,,3513.7837294356395,5340.3316293544995,2284.5155353896585,826.5082028243803,,2253.636728385405,,4663.55363174198,7410.624834378742,2647.414799999995,823.2624335343861,595.220371927218,,,,,,1083.4959369323012,8070.41912769955,3442.081365504829,3380.7800952472508,1061.554366026827,1652.908559324734,708.8277475053485,1680.9542755916304,3308.0885727965697,,1873.6643024905638,,480.1637155241075,471.3988347046679,519.1920823008604,360.6588154005806,,522.4581413139043,496.35919704611183,,1248.203953844883,2641.148254575721,,2062.352850666179,1669.7588430871763,803.154012798087,,1781.6700000000044,494.82000000000005,,1697.5425872743522,3439.543114066215,3718.0383446492215,521.1416420667072,685.1988386084361,738.6064092716266,,1698.6981570702396,864.5002869004611,1149.900332372571,658.6728528052372,1024.2646916964698,,,587.5838399886521,585.1816134919146,,9941.3534782518,766.3628308922013,1382.3542402577013,1163.893424675167,947.7425796985183,768.9775104835298,2066.158571542815,2105.640479579918,1367.4830431420519,,970.6001209797587,1037.2945541668978,,2264.4392872153135,2176.531065886494,1940.923253061908,,,,2750.9041326220713,1056.2021507148338,987.7928820353543,,619.5825759406828,3994.0886523793693,4436.605702790824,5140.793333774762,3677.29540309976,1605.524613012358,1517.7003316272176,6376.373216619293,4203.745590554983,2615.350826871446,962.2263241368842,1166.032591390718,1835.7630215811132,,1225.2078700575944,1300.5974868342103,1234.0895965554478,9775.080089963776,5450.652326826114,3571.8827867919417,,,4605.271057423407,944.525337045162,1713.6919838354365,,4862.66013785299,3017.8061373035416,4506.594872393771,1603.9235434211166,1524.1910859006125,9094.915444785322,5763.535065407286,3420.989025001576,4594.0212742192525,2425.744536994659,1438.6129206788405,2945.371169183726,2326.0372419065143,2118.9392816965124,1057.5613872260078,4906.272602082485,3121.0966897457206,1696.6304904978508,6407.886292360169,4544.955984605304,858.6830238847987,1216.831793771891,3343.7893248499663,1174.6022415364323,2308.733048138594,,,1817.0766470006872,,1857.3975476445667,862.6361263453606,1495.0145575351673,865.4835890589251,763.468157272709,792.0115942050501,2390.1613948984655,1892.7776096868063,1583.1651654621164,779.2415950668545,635.9460127204791,2957.118759038979,1859.1151492673052,1163.7053523680252,,,,3157.9594411839485,1446.7779191043035,4808.35749544463,1758.4867812120146
2023-10-02,1226.979555605839,1814.3278149195796,892.8866305716848,1743.8764551132838,,726.9946720103351,,474.3510542412283,403.5800000000002,834.1090041663327,1125.4899999999993,491.1346936297953,,,1506.014833569317,,1643.0892504437895,,,1336.2954009436426,356.4131378875607,1239.1534284046197,1294.4141072205925,,,,,915.5984182928538,,,,1304.9393547388977,442.10848943935696,,,,963.6479379587571,1258.2732550155345,6610.637920045239,2026.6507865130636,1670.636422304847,,1345.414907751097,724.0650108233662,1300.7615266463984,,,,1486.6837896349361,,,,,1305.0087305486434,575.9715673563077,1880.6517382888974,,,399.8510483711839,652.0507067717896,516.3375959397997,310.61977756948926,,1143.0515399879037,860.7781146993673,,,,669.2584768293075,576.9980574157745,1088.4312305491437,1109.0983692447464,529.5315434445434,,,,,3308.490000000001,808.9835764137168,839.6388100977449,,,1460.5052906961264,2493.3932489459335,727.0416416260902,,,,,503.90314043580463,,,1830.9475131425995,,552.0100770446297,3548.5600000000013,1689.8005470522774,778.4655510922228,,1872.9753276801796,,,1295.1971839312325,612.2559459562129,1579.6135471018556,,724.340000000001,2491.5840600306847,,,293.93546017694115,1098.0067895774544,,1705.814188608233,2105.2039788165253,895.9351538592418,940.090187948608,,887.1804023839243,861.6653154769795,,905.73389365673,,991.5146999066238,953.6929288917778,1974.7125366892988,1445.2999054656104,1851.977092438586,1753.6278856064805,2188.1882098843957,,,847.6441170292225,,1878.8476468667022,804.290727830756,1915.0065263517342,1467.675637255498,3036.127706332608,8558.148551276168,1387.3682733529024,4701.7977462045055,2979.919169545248,5417.318102417155,3523.4225325233206,2653.1585856206925,4532.310860556266,1849.2859299995623,1375.1600789812176,2061.908469807803,4919.46033413054,3136.0300098516677,,,1128.1105896813224,890.2735545788961,1474.6324635754086,,,2488.102552591299,1539.5994026626677,2142.932841213367,,907.924736711413,,353.69374010874634,1511.4319807754646,706.5798274180484,776.1292171318671,,797.9562687907076,496.7717467476741,1109.9036580288869,928.4591827726681,1872.8410855125271,1641.5283241036657,820.988112910536,9056.663367604728,,3040.336921948004,4636.382846152701,1967.8810919952762,922.8038202979174,,1941.6735991224255,,4033.8244881067717,6698.132720373575,2282.9135999999953,644.6484559528719,518.5053874021172,,,,,,885.5441447509364,6992.17232714546,2982.242710418514,2964.4925236481813,904.028321742375,1330.48966661159,608.6465496912855,1418.961777150571,2804.637040455377,,1583.438792818289,,,406.9935129908517,,309.7475215578782,,453.01585442143454,430.0476915329634,,1063.4960410297053,2231.1784973256576,,1801.5650391177771,1453.7177506612475,700.733349877644,,1564.3800000000037,422.99,,1403.0243928747664,2913.3170347578507,3134.9698303483087,449.7726867839955,588.2000306009952,632.9065108348908,,1424.620917313868,735.4999876765598,998.8874977281951,570.8716003482438,864.0559294258078,,,507.65882251789805,494.89499247808556,,8564.33139962092,649.2468820698512,1197.8184379576712,1002.7505813643274,811.1043645949375,676.645630738223,1800.7730927899859,1808.915524028974,1088.631514801581,,830.833552142449,906.0056214818507,,1957.105228638976,1847.4156386134816,1636.8758260618492,,,,2370.1488010728185,919.1094390273144,853.9251566531063,,553.247742090311,3396.5678902762625,3741.0131491580055,4346.311418654059,3095.913015763327,1385.5666079939288,1303.6488333105178,5482.735237230289,3549.7228840362923,2370.5421794575655,825.5925714433899,1000.2094315025752,1583.3976774865082,,1058.5320033912908,1099.3727973217985,1043.51896341066,8415.970635543916,4645.842608338776,3060.7142822519577,,,3881.5487312277837,811.7899228828928,1445.1495753459449,,4132.57631616781,2552.7384637178525,3883.533568833611,1390.7845437926155,1304.293078513848,7836.66481940379,4993.389089359869,2927.3219225507473,3923.2730331155185,2087.94403619872,1255.4342793205046,2520.2499623520935,1990.5162771948355,1821.6023627511245,909.5684115335673,4220.534841124205,2679.117238474028,1419.1505525979835,5549.945809782546,3920.9945656950404,734.9702042279487,1047.2596739554003,2846.5100594159517,1007.392459808057,1983.3405974962607,,,1520.5077094212513,,1555.6207038091538,737.9012168026959,1298.675619024995,787.3893550684212,659.6378147572843,687.1261311630049,2011.5221621909075,1638.2268535932587,1329.9716810597533,657.9137204777107,547.1071326076731,2526.669770622973,1609.242940649811,1028.1494299960714,,,,2817.318486887621,1191.008762612586,3967.56929638408,1457.4465762798097
2023-11-01,1248.1593513192663,1839.9089761041832,901.0483169494341,1788.934733550678,,767.3885803964033,,485.2295794808596,392.77000000000015,784.1399999999977,1113.2399999999996,497.2873037464407,,,1517.3345165225362,,1732.680915284552,,,1373.4001042576858,373.1741944772935,1222.94908382345,1328.795062236429,,,,,941.8370876351569,,,,1324.8967935164385,453.1382048501199,,,,973.9197417203559,1280.87005433276,6739.867257654146,2036.9202451632552,1692.7721369413503,,1260.73480204991,734.3096250839044,1312.388342054393,,,,1509.3425866361226,,,,,1312.9966410147492,585.1635451724276,1907.721620279417,,,404.53741066410015,650.3037269962309,515.387175331477,317.585856808522,,1140.039631417589,867.8618776022819,,,,693.4287540073326,591.1246798596231,1051.1528780957472,1091.0525915141945,533.6751286193559,,,,,3296.440000000002,817.6668744620508,853.7350435846259,,,1500.7671351470826,2561.80370964383,734.5112116432582,,,,,509.79450582860795,,,1930.7727983351847,,572.4953164576482,3737.680000000001,1721.6530114627699,789.2124843149575,,1877.619932714398,,,1333.0641229901191,630.9210314687739,1638.4341135892666,,763.0200000000012,2479.560789022044,,,275.3548754053728,1103.6755983986545,,1744.6200997362696,2192.210864327878,907.4702451405952,948.782958379838,,909.4656748721633,856.3111404898859,,948.2746754857187,,962.0460585525408,965.9645835601992,1956.4544434642391,1452.2132225149717,1838.6400433836732,1729.005589955226,2187.8080143066645,,,887.7140086404023,,1904.238054578375,825.5633152972416,1959.0718821546336,1478.2231905815754,3060.7738096636226,8703.664459343254,1420.679741412988,4774.390201902888,2989.6197652658834,5559.423329967969,3464.3132031315376,2624.133851988818,4428.824443844742,1864.6098935327216,1375.221251544471,2054.7526514076562,4987.046791385683,3226.9736290517003,,,1135.3824869180585,905.6230500246306,1484.6497821793726,,,2498.7802481068056,1509.154634399139,2216.2094848890474,,927.8626488528844,,329.2631023307489,1554.8499256955524,708.2159159510883,760.2098737700585,,794.7306541919763,506.1519050099685,1048.8957668870019,967.3109134856037,1900.148755677674,1668.4701006208365,831.2723754887888,9039.464024767403,,3102.1566344681355,4755.01156911022,1993.1662502872591,772.6993789997738,,1993.575809745127,,4118.478472578938,6696.052076949203,2213.5688999999966,562.7135090642279,519.3507052227872,,,,,,792.5615089997807,7173.797813436868,3059.4230476608927,3039.2971216627466,909.9620501958192,,623.2407084147611,1406.6126940246545,2806.6686148035706,,1553.1050826666424,,,415.0983666845214,,311.6644967200815,,469.23977314007317,447.3535791588513,,1048.6556616199373,2230.6719160910575,,1899.9757874641718,1530.2652411510257,726.8336614228076,,1569.8500000000035,430.47000000000014,,1383.4343495561807,2997.9197425018965,3198.832224826333,461.3167940581464,590.1548298836667,644.6075379585634,,1393.9884418303843,738.6158153825559,1022.2153711731518,592.1659074901488,862.4743550743891,,,526.5505672187728,484.7480195651963,,8708.482024899635,646.8781478456575,1226.7464048827715,1019.6518437232664,817.8526301366694,709.3813197822773,1890.2796775673999,1822.5067227563723,966.6495059874746,,848.9078193370045,955.4629874026219,,2021.6301864264858,1825.9036997835065,1593.0832370265598,,,,2402.935558132896,969.2521713037279,874.835423033586,,589.4654145893168,3398.0883711280644,3715.1544607361684,4278.695134749092,3094.0381486233437,1419.5651727140262,1294.4083893130457,5393.727468528766,3547.9983516934394,2412.967568338191,829.5156504135053,1009.3331385126445,1590.9810139603958,,1098.0158899158332,1110.6768292350607,1021.9695035196256,8631.294063084237,4713.407095461708,3113.716971898633,,,3910.0083735924068,824.8981571797984,1416.009542177643,,4138.459887109681,2554.6371794946926,3943.516206940404,1427.4272708183175,1308.6904692515327,7968.651399600751,5113.736611017034,2950.5827679633517,3932.825427426633,2172.593831113671,1254.3566584552213,2475.7109185392833,1977.6489926812824,1841.6962993883953,933.797004311626,4278.725845075338,2707.1816588926104,1395.3770571014609,5675.481373835579,3987.307635314481,746.7005296446833,1062.364362746755,2827.6545594723148,1015.3665572924552,1999.9486053892456,,,1432.4880542588041,,1511.9396769383136,742.3372765308217,1358.5324460864206,802.9759855211406,663.1598079714787,703.7876260601373,2031.4212032597732,1693.377670441656,1330.9341779080494,648.0846757416808,539.9703696502971,2591.5083531645005,1587.7059653684664,1040.2065484019845,,,,2893.0626520312535,1208.9289417377458,3850.7552584225796,1352.3277039840743
2023-12-01,1229.057769803021,1833.7315710259086,897.7483184709591,1748.22543768798,,754.8634724708301,,482.5491671156566,428.6000000000001,848.0299999999972,1225.0299999999995,474.2974589001701,,,1503.1453137659262,,1657.4234914300635,,,1342.8780662988643,358.9473050881755,1224.774865638292,1297.941903373532,,,,,938.4417780997181,,,,1276.5797676034517,424.4907311462323,,,,957.013456412612,1274.7789858883943,6703.682821596541,2002.9920868325544,1685.6089898334972,,1287.9632289933895,729.641074840974,1306.8706880014736,,,,1499.9140239127964,,,,,1305.9587938026953,582.3761198509064,1905.7737232835989,,,402.4230558014759,645.0817765801606,522.5681310388059,308.2002614979168,,1133.8960747925125,846.6009772749447,,,,696.4472642885183,573.1707807920099,1108.821249161128,1110.7757878643783,559.0620022057326,,,,,3283.400000000001,833.4194847911042,831.9575408056251,,,1472.3748208567301,2626.8280157362724,724.2288507340005,,,,,487.0693340915502,,,1847.5552215547127,,559.4855958120396,3685.3700000000013,1717.4254544744679,755.2633596656625,,1803.5532154757293,,,1313.0411281596114,620.6917204137391,1597.9291417972943,,752.3800000000012,2348.6203596619216,,,262.57173972446924,1099.3894258753082,,1703.4589226866524,2121.4422934505824,901.9610855446206,949.0705527057378,,894.3441692290572,859.9780128096179,,915.8801903310964,,954.8284854673825,950.1451704658795,1937.0477224622518,1420.1336209222331,1816.1477680818366,1716.712210418173,2149.486660914031,,,,,1897.586330624341,806.7607256270244,1939.6620655809108,1485.314227609062,3078.211630885679,8681.839045939987,1407.4388382414122,4759.384847576615,2934.3988989329373,5615.860561024918,3408.579937323436,2600.840255763296,4321.8316611766495,1851.928505345787,1358.616680149642,2025.755836958703,4967.8172497134865,3267.3909218013546,,,1130.172494720599,829.8356096457221,1494.7646584970316,,,2452.2043264526505,1524.407958422163,2263.584995512391,,908.5824934838174,,322.2602479778191,1531.1590528293902,728.0737569256264,782.365078259392,,817.8254874009276,495.94672326762515,951.7231018134124,931.2560984101891,1883.6374816687753,1639.6781922706546,805.9859565293856,8889.573588460105,,3103.19894725197,4836.157205494383,1950.8412791351907,712.0039595013023,,1953.2637450934787,,4124.820922976759,6058.007094785845,1950.8916999999976,502.16341240324914,517.3373011937244,,,,,,699.2115816737161,7236.453851613522,3086.6614269942283,3080.3589789552593,900.8035605825424,,601.1035537566705,1392.912258946137,2769.566860966261,,1545.1800032585284,,,401.57246917334174,,310.79071269265864,,456.80192632800356,435.09369351566033,,1051.6863784578106,2196.273238128569,,1817.4879347805254,1468.2345606541755,710.2937932938546,,1566.7800000000032,431.45000000000005,,1373.5440058321442,3099.1193425278975,3255.828996241703,450.7272912088671,588.5706086640608,637.3990355572553,,1378.4539595405265,725.6987411683609,1000.2970178786874,576.3486651708034,848.5984381738746,,,510.70642771166507,484.12398052253627,,8686.584489778917,638.063397776685,1215.3231764972943,1017.1375884844047,822.5104748663418,677.7101144344498,1815.8365447930316,1814.7455933557867,887.7076892147951,,836.1958840013834,913.9577105523382,,1961.0210309851238,1816.0403419693862,1595.6287186773375,,,,2397.3957599320725,927.2674745418798,859.0582787920122,,554.0373305901594,3351.9960641961266,3654.4322746149983,4171.853727674816,3063.3081654699363,1397.0435992281416,1301.4300212545368,5438.768008838737,3479.066125980022,2210.8410812615693,827.4937025533831,1003.9226075296262,1601.1714908899392,,1064.7876719190383,1111.8486843411858,1020.6781148452085,8836.672467988848,4502.9641292850665,3086.851067890833,,,3867.7800964694547,809.9331307280255,1429.2102121728306,,4088.187666994355,2527.997676005201,3932.0069739418527,1442.0936673033166,1284.5853263511594,7948.98873566821,5066.739452034517,2967.933345226017,3876.6049525879916,2161.4181377526093,1247.3963833870043,2484.8539225985396,1974.3835626523194,1835.3055611497691,915.5458121859996,4263.9759204321235,2653.69535473497,1372.648424865988,5751.645744053356,3981.4031255705945,737.8668924375111,1054.139849364397,2798.7782145542174,1009.7235317195476,1957.142072465184,,,1416.9891140753625,,1572.0383978981304,730.1494162108419,1347.6125510138863,735.1372203908534,666.8034369735375,705.8909491333,2008.1775569706542,1745.8724753839729,1306.3290196039275,656.6824154415433,543.1612474940014,2475.561376644874,1590.2069436136555,1022.6433631621766,,,,2646.7387781048883,1210.2799175218156,3786.293705255095,1388.0895438533692
2024-01-02,1243.839603378601,1926.0303365179009,937.0212984131751,1817.136598119419,,755.8420703473475,,503.7454240486436,526.01,1016.2399999999965,1472.2,452.74104206953155,,,1666.2823406125058,,1664.5991943480763,,135.57649981442535,1395.5820778923437,363.6820243285977,1330.3810102435637,1348.8626079939197,,,,,1043.7754861626788,,,,1353.4448606768517,407.1417048427931,,,,1009.9473335392937,1338.4806866905433,7152.250229279189,2138.658936915536,1666.321024676357,,1459.2085501402385,745.6685522710759,1375.0680536133773,,,,1583.3276696215385,,,,,1375.1793193754988,591.510191704381,2011.6240202004979,,,434.78049870191586,684.0175102747577,561.766587116471,301.69236002775926,,1169.1854885798818,899.532160865652,,,,734.1017915105281,597.7398605029379,1213.1220035513331,1156.9938124683717,590.8050423928022,,,,,3628.510000000001,888.8781432519406,865.5833401157298,,,1539.2320850287697,2793.3114128739794,761.3032759328307,,,,,449.2933197336058,,,1856.2993967311247,,600.2493997400901,3770.8200000000006,1810.515826582632,771.2474414770957,,1880.4641219153823,,,1361.3892098213962,643.2795135060193,1645.6237785978858,,770.0400000000012,2574.869471854075,,,286.27157620275966,1158.0225592934778,,1770.7416102956304,2172.6892970255567,925.2312286100217,1007.3244500976626,,935.9119061765871,935.2798797383139,,934.2182197142758,,1037.9783472668016,1040.1872432014986,2132.889884868667,1528.2579760993347,2013.3676110001707,1915.4535716867913,2363.9012760804376,,,,,2010.8392168198154,838.5789392844985,2023.7368701504583,1583.5147529663325,3274.2723985523344,9130.224110515232,1465.7427557301166,5027.14270356749,3114.980660005684,5906.022165730703,3787.6769787109147,2893.6823667116105,4795.499435545454,2019.7934249842006,1475.9894178646473,2197.073477347691,5261.374176070345,3417.6362526065354,,,1181.2650900368824,824.3092442725091,1614.12551041158,,,2611.9117096623454,1689.976396453484,2396.3556748614624,,929.9366192209507,,371.9249671635418,1588.3941360914075,844.5311030003131,896.9887788766218,,957.4765004614889,483.46713609574863,956.3654988487726,948.2989778991492,1995.8373692934363,1709.3442914456305,765.3216451723448,9664.228989683861,,3253.2047439874004,5066.945584345755,2049.229834900715,744.8484361272793,,2023.6836383699244,,4305.019806742331,5872.589873347209,1990.1612999999977,551.5520299793841,539.4946023298944,1888.982551678894,,,,,,7630.630303442384,3254.9127591912784,3391.6583626725255,976.3575808747985,,628.0195329682659,1528.6476291162362,2981.863341398897,,1717.7318649774104,,,435.0873926691158,,332.6799063150144,,470.39614222410154,449.12266012722205,,1117.677801776533,2328.1251520774745,,1825.4952727843706,1484.2115867908806,729.3078961338387,,1717.2900000000036,438.73,,1532.884529202559,3341.3477462672677,3603.229481955768,468.5955532978421,619.6836859978222,653.2924189690641,,1563.2063356954486,774.761443559059,1041.2883179898267,594.3624565008028,923.0908935741116,,,524.7743894148019,525.5102840816753,,9133.709264165065,699.2047833084208,1265.692275816443,1069.5372675180733,874.9784051001441,681.9332323182896,1835.5461011304508,1932.2950922063192,991.0911906763575,,873.8925961920536,917.4402492734666,,2010.1207277031215,1951.484174795482,1743.33143475178,,,,2525.934182421922,930.6564869696855,900.2840979264481,,547.4033865430681,3586.6165631757294,4026.5600376208695,4627.0083059948565,3358.9959601393425,1462.089245836786,1417.1354969394674,5888.330648586105,3586.8506570531595,2190.412548057199,871.4115212178582,1048.4151362578764,1736.8052328757608,,1094.2142721338837,1180.3183172806202,1107.9020898371232,9403.38264877947,4740.743031959027,3238.9625866246784,,,4194.140656534709,844.946814378929,1587.344544925615,,4412.272355346321,2715.4697498752944,4153.033543627255,1516.6797795710704,1363.9926497644283,8359.885185611827,5277.165646308352,3157.7194192906677,4206.690751235308,2244.920362681321,1296.1070349659058,2571.141909315707,2083.215316256162,1933.3298760567047,950.8700058664202,4524.126594900208,2798.7403698846615,1525.3276746095348,6053.531386019523,4194.067028184092,754.7303958731497,1113.841613983682,3108.716189455978,1055.129764511809,2068.6715197487897,,,1666.951142942673,,1809.320278035728,777.7728617437606,1389.3919761469147,734.4200717636836,714.8155135953392,732.1961115857886,2160.7425946293242,1844.1522033190233,1341.4075673417217,727.0568369756317,562.6604631543307,2584.6369275728725,1707.5147110666637,1131.3848218982248,,,,2580.2679339259125,1362.0577108026384,4295.099303483689,1589.180656913726
2024-02-01,1291.1699043565866,2060.381181737623,991.1016349631716,1915.0877126198895,,809.1886258166107,,535.4511365789415,540.81,999.2499999999964,1488.3999999999996,460.9928413015816,,,1768.9519219002118,,1755.7665744989374,,141.81914520583828,1472.5057586232315,385.28829194678826,1391.1128948218986,1421.2991396487191,,,,,,,,,1432.5877719234065,426.68323483505526,,,,1085.849460853593,1441.9231111575325,7679.904537102274,2268.3430521477962,1863.600820126156,,1493.2091679769237,777.1744359309198,1463.3302045042542,,,,1655.3440308070572,,1074.0729753705739,,,1464.8302948779349,616.7732563036079,2164.369492194708,,,462.9433918885324,732.6517155895384,586.7570258062624,308.89230650762016,,1280.207065573092,959.0857496668186,,,,776.2547125197399,629.7215914727296,1275.2468933121304,1176.9027725535414,618.6469125257036,,,,,3964.090000000001,931.9131004556457,909.7813145409955,,,1648.7174368243304,3009.0147365486673,809.2191954068928,,,,,451.4113568794436,,,1958.0754889199145,,590.8030772489958,3949.540000000001,1953.0910575677042,790.9857114222091,,2022.8930270820704,,,1441.6842958754717,681.4276507125714,1743.2166097931192,,806.6600000000011,2848.5873792132884,,,290.48534248785165,1233.1194035719886,,1863.6578216345906,2293.1473737104425,966.7451288003849,1063.6339032639075,,989.3391153233438,983.4708263829428,,988.1756241715912,,1141.7495055011927,1116.014324534858,2258.2896801523184,1624.2737311296357,2130.092417060171,2010.1447231195664,2517.9349332002566,,,,,2162.2060580541834,884.4740639464133,2187.6188945881368,1697.5282654897017,3512.940050280612,9840.053299326803,1585.7584527321246,5411.825969878338,3331.6393163730218,6392.798456853051,3993.8271820004366,3040.6373835226286,5076.013848202218,2154.715397336244,1568.8160745126086,2331.6082326626483,5657.296441653173,3707.673604058076,,,1252.243448214916,856.7698206484238,1745.4415503891091,,,2726.1602561026402,1778.069399397437,2606.66558399776,,992.5909655287192,,387.478048785913,1683.4299192591693,905.8113693073025,975.2731433782578,,1020.6399267373951,473.9079892947389,945.4505901766331,1004.2866867438953,2102.6250002933953,1802.8034849521712,765.3345522472677,10250.406545066207,,3515.777401682053,5474.960885750597,2210.0058232315787,846.5061584273801,,2133.4806688563212,,4659.377424110189,5986.417105643494,1899.5617999999988,514.2512892275829,578.8956707021547,2037.576643092347,,,,,,8269.534349960779,3528.2590996136405,3709.7416689166216,1042.9363734576125,,676.0314265750133,1624.4869220107055,3179.3401256561797,,1822.338524026841,,,470.54632914988946,,354.73265873395957,,496.50021688303536,474.40066193628553,,1184.963943345556,2468.9332645517925,,1925.6858851795228,1566.8107087894982,772.0825112699537,,1852.3200000000036,439.74,,1609.1985279762348,3734.746427415655,3980.9095485677267,493.89693752093814,658.8109362953777,683.8437068483228,,1664.9927602334571,826.6662607614193,1127.983861367105,628.6889033949464,979.3552198864089,,,553.5446235630134,546.7404255517904,,9843.035760016233,748.1656936449193,1369.5570287570804,1152.8117620352007,938.6986173602381,722.157164282312,1936.9007212756903,2073.599084497287,955.0237706424475,,922.2642397220461,967.4730931015695,,2118.428077689178,2044.5222773760968,1805.0245669515368,,,,2710.9344093447908,981.3485825695689,950.5432299134503,,579.5900000000003,3744.581838435756,4260.286125985446,4890.189204819956,3556.939232008913,1545.3752530999352,1489.2088216940695,6125.44554507741,3850.6338245807315,2278.3744411839302,926.3420877847543,1110.2224457323373,1875.6324508316538,,1154.274385038846,1244.666634130723,1152.6827023873961,10124.505403401941,5204.90656267011,3469.1846115375324,,,4442.806552672021,890.8283367251739,1671.4165231528568,,4691.009329236951,2881.6597187854677,4471.175608608744,1641.8218848472786,1458.754250091194,9009.612030227077,5710.3415065722975,3388.3810829017198,4481.659647772439,2469.532678999569,1391.322481698834,2669.1581751703575,2196.7535855267365,2067.0591795776327,1001.7954565678565,4875.0643409143,3008.5985738999734,1608.6886858570456,6539.129912577502,4520.665275069192,790.9388710218113,1165.6665320876614,3298.5470867435088,1118.088323924093,2226.4366364814146,1261.6911739302764,,1869.3622546952647,,1953.045582020591,814.3562250513302,1528.7056153204069,768.8700435743677,774.7936539588783,794.4245715427642,2294.37764419689,1995.1573326973448,1440.8832957110228,765.5917066572823,587.730992799128,2838.9002674406406,1768.1980613156725,1190.8752324892903,,,,2658.4696208771593,1426.5645336446514,4502.775647019333,1611.074876099308
2024-03-01,1260.2222810615644,2032.092339089854,962.9544465974736,1812.4517652133136,,794.0064004549171,,510.1713590967797,546.6999999999998,977.7799999999971,1503.7999999999997,448.1606434888773,,,1689.8912733479601,,1679.2945201396374,,156.667871948575,1393.5802709838954,368.6643325388726,1307.599107098255,1345.3750991076993,,,,,,,,,1372.3957144049896,404.65903668053465,,,,1060.3174928097537,1416.2213438997558,7507.346876520658,2136.881618393607,1905.1139257170407,,1392.803293530433,758.5506286035529,1422.4390592875973,,,,1582.1999631051656,,1053.4228147765937,,,1420.4980980173125,598.7802719396203,2149.898215426716,,,441.962080304263,701.0855893152709,569.1397219520429,294.5260683031565,,1261.8715569985368,901.8870074208944,,,,768.0566594630895,600.8179124835423,1243.3286821500126,1177.541317313525,582.0173119032795,,,,,4000.1699999999996,929.3172422371066,,,,1612.0226377577928,3003.867500613443,775.0550688529046,,,,,439.40247301171655,,,1871.8912776189602,,527.8073777293989,3752.610000000001,1945.4347676429607,738.5548785249201,,1950.1702588531748,,,1377.5339237247908,650.9403577708434,1668.1045094404665,,766.4600000000012,2706.7786782012226,,,272.67903349413405,1194.6951221818344,,1758.0828516936187,2170.8776739631767,942.704282291946,1031.308822628108,,939.3130690914711,925.3427687934279,,941.7413789497999,,1130.511344906509,1092.7727412954052,2145.8439208631867,1634.6391926437996,2043.7241480080193,1902.3515854541524,2448.1722512602732,,,,,2147.20299959214,838.1584902544332,2220.9902062509213,1645.0708571236673,3407.883833352092,9786.649386122164,1610.205351633471,5378.622844583173,3243.5068289972787,6461.173017812363,3884.172167508779,2896.3694839200803,5042.835031552967,2158.952177764879,1537.6121878627264,2263.9822598446535,5615.909724434236,3752.5037074762,,,1215.073114944035,833.975182610046,1719.105281492511,,,2611.1943564167145,1657.1301600150055,2621.6873539686367,,967.3082512907097,,392.9335302223312,1609.6614248152878,831.7603293658165,924.3902354051665,,905.9297071866839,453.9622286024209,834.6339879586391,955.8235000460604,1986.1938266879622,1701.7860431218937,732.6684747646125,10032.848226720911,,3511.943562316028,5543.65081235901,2161.413672419436,842.6488395613069,,2032.233932792617,,4656.819044705822,5649.535475059655,1721.3366999999987,464.4598368556301,560.4266285005307,,,,,,,8243.38514997422,3517.3409583621446,3736.694560914399,1005.2143624277222,,689.1544832014397,1561.9319615406428,3093.0860502569008,,1707.4935552392228,,,451.84650399197653,,344.52138867366654,,469.82484665501346,450.09301286313354,,1130.3021791835663,2356.363650913666,,1841.9661092849872,1490.685616605389,739.5314398665364,,1861.2800000000034,414.64,,1522.6908007890943,3999.1840884331273,4094.384225256481,467.2953745407909,638.9814461425583,662.8881204737773,,1632.1820081817418,780.3034727458642,1126.4454432230511,597.9070198976972,958.7514286470439,,,523.657345917027,513.1768013408782,,9788.607997169489,703.0202080905703,1390.7666549084065,1146.379258945634,910.6979504271162,691.0558303331059,1843.9416780043948,2045.9526664083528,876.1757183858945,,878.0663585216939,925.9590156641465,,2004.8636381683075,1921.7416537105546,1692.46049970949,,,,2676.9529321562013,939.5801932963506,901.3917712133233,,560.5800000000002,3614.4243370677086,4166.056240715113,4857.950631523285,3436.1844303231373,1466.0678058381475,1400.023455943081,6036.630043420613,3744.3156151990547,2217.7327606349363,897.9173903950597,1078.5061873945488,1847.3525590968293,,1088.7909025698714,1205.2661173535168,1081.7587859139298,10104.092156950483,5132.0128626166015,3398.6383792043493,,,4443.704685219145,841.5968178154928,1559.2453890703157,,4575.304590068908,2783.3704016446227,4444.5071988063255,1659.8920337865181,1420.2933601189125,8961.014939350142,5798.046475563702,3287.30122209123,4418.744310595782,2493.132829644583,1355.2939605778397,2491.356201850811,2094.413468748743,2034.420542881528,954.813092292858,4840.758783916498,2935.8975544047744,1564.7502463590336,6613.317996949236,4497.261453864472,768.3702210876887,1113.1184059188322,3242.094383342899,1084.1526909664663,2157.0407659785533,1211.868176671107,,1847.393519586889,,1954.6635257963287,787.9801638876544,1544.0598155573975,750.6793773511421,766.8975068348958,800.0301418153095,2291.3347803845036,1990.1511663705785,1399.7024859938203,716.8002899672526,547.570897530601,2801.139593815584,1736.0153526080412,1112.6247241714207,,,,2583.4016837013355,1426.3009047063026,4350.91956269778,1495.0435087195713
2024-04-01,1365.5840018975935,2206.4588150535124,1048.1351083213515,1911.9724075702666,,872.6046318218146,,,,1047.9433333333302,1714.0576190476188,495.5189443880804,,,1826.9670682253072,,1770.5678667089285,,220.7843215165605,1469.2550793827259,391.1933058706982,1382.4681953152487,1419.2112007073476,,,,,,,,,1458.3824300530043,435.3442397115623,,,,1147.6355204504616,1533.38336299037,7982.958259655164,2341.034452585982,2117.7535685626513,,1476.4585659201603,817.8368466527986,1554.928259493603,,,,1697.0289944741826,,1133.5243759325447,,,1552.529659385868,642.8103708713995,2329.6193096621487,,,477.54792567607336,762.4296446407768,629.143705695717,308.10558393928056,,1386.6827155772148,963.269092235316,,,,846.2588498280256,649.9651601011523,1300.0955383979883,1289.3743455537995,599.6794755143634,,,,,4272.029523809524,1030.845409467394,,,,1738.5311779442923,3237.4489859629725,833.7103451292468,,,,,480.24125821810946,,,1973.8148640796835,,611.5927144222151,4205.032857142858,2114.549158009905,807.9813271176492,,2116.5483482656214,,,1460.4932022256658,690.3856931368354,1767.3271287642046,,858.9500000000012,2868.120773882279,,,280.5647306274912,1304.322559891666,,1852.1858212050834,2284.3168353464616,1014.3368966721358,1127.525134070904,,992.5982575372715,978.6530001302388,,992.83574389472,,1202.3896659344678,1209.555013920836,2326.17644803448,1843.3414992483022,2182.764649795599,2026.9482793684326,2620.9916457940367,,,,,2329.3191183717013,884.7389583729109,2411.087501234846,1787.598759206794,3703.4633148243047,10617.572451074688,1744.1566596135526,5833.711422120756,3545.564032046128,6963.873011888886,4218.752310359237,3123.1424238881873,5514.264687817163,2346.5580437845306,1684.1669528021155,2487.7326276881545,6091.2734018766205,4038.180387003888,,,1322.0766347653694,936.646844809591,1892.1682242505583,,,2923.556427914216,1782.8678692322158,2816.138457775567,,1037.0195494047132,883.6217613746951,419.185023492744,1705.9927664412967,904.9131186136422,1028.8142133516644,1031.6147622588983,971.5897335505091,498.48499346763464,940.1379823476989,1006.5154429607519,2097.4350074244812,1797.8740639367404,797.0141421411869,11100.700512130014,,3797.864561801296,5949.1715619820225,2351.743587766257,866.1495665471525,,2139.5154127127394,,5039.761742034911,6485.932307108301,,458.1583623116749,597.2374687203161,,,,,,,8849.029419933462,3774.7457917191346,4002.4101257765005,1114.7712605254776,,758.1166693912384,1706.330981105955,3376.1148707867474,,1823.2940924834177,,,490.53298161618875,,376.24694486851763,,496.3871801478623,475.1986237476886,,1227.6289638755954,2563.0664560752352,,1942.1463624265102,1568.2764973074152,783.1638479836254,,2006.754761904765,470.99095238095236,,1622.1372044933894,4662.4661354066,4663.069405553172,492.9343067406646,697.2880294119544,715.1304180010602,2128.6851600442787,1772.1372315418903,851.1553226884345,1230.4208702326832,630.7941450126589,1061.0012554479683,,,551.2641315923378,542.895070034029,,10619.199099751395,766.0389398962396,1506.6381525644576,1243.7012506675255,989.768107832444,732.7873903389558,1947.7662663592348,2219.9998993879694,920.4957894940582,,923.8900655581149,976.431786078676,,2118.139606228957,2033.0589957927302,1789.9862347984017,,,,2909.484803837769,990.886410558691,951.9121490364548,,588.7585714285714,4048.8584746563215,4558.213158956528,5320.288293645145,3757.6180415064705,1548.3721320257027,1479.559228686932,6463.596045287049,4049.848510541162,2496.2938349283954,980.4839599565636,1174.6364870551479,2024.78842768068,,1146.1129016025702,1317.2406667899986,1144.3776731597954,10888.04737336712,5448.339959423657,3659.6464912773035,,,4885.246357836297,889.311091162213,1675.655292142398,,5008.916864557279,3060.1673861390454,4820.054077384934,1788.7823869289932,1552.8577252709188,9722.792818559157,6280.158936272395,3572.3552620652854,4813.9889552512905,2654.813503949855,1478.6940806718283,2741.1048837097455,2264.9033779069628,2209.1587064981486,1005.468009978314,5251.314998124193,3204.0267219663465,1699.5928892441245,7124.697640206028,4874.394063980156,825.0595282488061,1190.9094386747593,3521.28896074042,1179.12745052312,2355.5269993329193,1319.9552995700408,,2010.906803627556,,2213.8369442398543,889.5610104438471,1651.319120476037,847.3650964114859,838.3977343490428,864.7885506021692,2516.4621193444877,2139.3960906489997,1507.5505681830452,773.4787363957739,603.1591126885661,2972.711309779536,1851.4213423023277,1199.038683270792,,,,2949.6653527426906,1569.606894029927,4762.933633527967,1583.9295357635133
2024-05-01,1429.023120851561,2285.9280129662047,1086.8115049503865,1972.8051724637728,,921.1408809412816,,,,1000.8499999999975,1709.4599999999998,515.858217190539,,,1912.317796954974,,1862.985788129939,,221.93431414218546,1515.1937577791077,411.05424735436475,1400.0752329268942,1464.746255744343,,,,,1194.042642584736,,,,1506.4588562687995,,,,,1193.1763472092216,1581.4972192150349,8217.536223076728,2463.159237158971,2248.8883891097908,,1455.6168531383094,856.0085450836815,1603.720952558696,,,,1766.145151243612,,1180.5087230179001,,,1602.7018394857673,669.8772862658218,2413.681654791846,,,492.93938097895483,795.7839681380723,651.0337829201595,308.6377149445031,,1407.733656794898,975.1659875726202,,,,876.1908974412474,692.1738537742865,1371.3904345062901,1299.9105544333408,606.4341190295883,,,,,4413.65,1066.628475971621,,,,1784.1850874853712,3282.5616130626113,863.0434691151711,,,,,518.1646498872,,,2075.2547934193244,1289.510000000001,723.7340150168205,4753.530000000001,2185.760121153699,886.7650529410347,,2243.3876308277913,,,1519.1689038781956,717.8371980882149,1840.7309523234308,,971.0600000000013,2835.860946397423,825.3,,286.27288957344,1347.822099076725,,1901.1202720893878,2365.762266378894,1063.1909053569482,1169.5154173882447,,1026.2080379150268,996.477618373617,,1036.912163737185,,1224.022385601487,1250.0084699629508,2402.9538159170966,1904.84249075924,2250.1585104770406,2077.3473310421427,2716.6934910684245,,,,,2411.0405241252997,914.258641703774,2493.8166664868268,1857.6679918837926,3848.5818833276617,11007.567665631479,1803.8974227341191,6044.954201566903,3698.4683721355987,7173.376657530908,4303.930054131176,3225.8880239648793,5556.846888686564,2396.451664457417,1739.8947631421217,2582.218639942153,6305.838392086231,4165.104097654249,,,1371.5029465039645,1044.5914683582494,1976.4988399832948,,,3090.92653775185,1780.251572074753,2881.3625446741885,,1076.3085468375423,919.4009249779231,441.8741582355836,1774.1791971406687,942.9325144533236,1091.6696762149652,1058.9182626925897,1001.3111050386208,539.2928571452186,955.019190812316,1048.1539647668399,2155.367983779618,1849.6686860717716,850.1497232821276,11471.50251206814,,3937.420962655882,6102.822751634779,2458.8204551423637,,,2218.5547585148897,,5227.82210171548,7053.730613260404,,,612.714639106549,,,,,,,9135.315139871333,3877.1604422266973,4052.3088396948224,1167.0740923873534,,771.7223597351359,1793.117153998883,3493.5072718033116,,1834.8626634889756,,,513.4188615999904,,388.28794944980007,,516.3850868525491,492.6925216650096,,1270.2953185630674,2680.8279163534526,,2043.7471818939525,1639.973977826706,817.0139497732015,,2046.9900000000027,552.9299999999998,,,4741.612749612517,4697.540370554922,508.6890708710888,720.5089250144903,752.2753173581644,2226.9226539550373,1815.6920913467336,894.7241081911303,1279.0014146275685,655.9494579542045,1096.5901736918886,,,569.8733727096705,546.7207459945995,,11008.672104408932,801.6253733836819,1558.4100938680122,1289.5167421174308,1028.892400113983,771.3494292650988,2043.1976374930966,2285.890018891054,916.6496586266364,,953.466460749356,1027.8557719406788,,2199.69506818385,2057.9406715104933,1795.8839836605312,,,,3009.6785317176564,1042.1039674425042,983.6314802439222,,630.9199999999997,4246.87113191213,4680.821644910296,5395.439016284086,3894.161689450041,1599.9798407841104,1505.7811455190806,6588.713762205462,4198.904592673214,2785.8089613615234,1012.8205011560572,1217.8657658408179,2109.1658750252845,,1184.7250475972962,1367.131308473403,1152.5189147177618,11045.884332866157,5514.0142857741275,3775.8428004415114,,,5121.49009884524,916.149251455287,1675.792445752325,,5183.33646187769,3190.079817086816,4994.264925564938,1842.9194853998554,1619.9308106265403,10078.83165382979,6498.088076304814,3713.3193897499245,4942.65004694547,2804.5432256469476,1510.5675192489684,2960.32202931192,2363.8829547665905,2288.7681389106797,1041.511126064037,5436.512908745577,3347.356164672622,1734.1809511359706,7335.166917642964,5051.643822623047,867.6324297874022,1240.7759859745393,3607.656694765738,1223.6251308875778,2464.619739330491,1380.3159288572213,,1908.1458278168475,,2271.9055019719735,934.6088537357875,1743.3591021258542,950.7915067794681,875.4830819944541,894.9779015179764,2641.3148271923637,2174.044313100439,1565.8498406712731,769.2917281519925,654.2939385403749,3012.7407734826234,1888.3663618360981,1332.3161009582866,,,,3299.008236787749,1574.7994883771798,4869.414037796229,1547.9337766371575
2024-06-03,1513.8329008430546,2349.7386684550543,1122.6720601781083,1988.8411343434188,,921.3480485805061,,,,979.7799999999978,1686.1899999999996,531.4829640754356,,,1956.553731242707,,1871.235954674611,,218.28245287301158,1528.588119350331,415.3717453432274,1418.9558435403665,1476.9001113028053,,,,,1200.0622743921178,,,,1522.2738512170315,,,,,1214.7039383084993,1617.0126967454287,8384.468319083444,2538.9137755610773,2286.4359862155457,,1474.2259097913595,896.1264956347484,1654.12123111024,,,,1787.4590026497956,,1203.8712845686186,,,1655.1963156925422,701.3269687667241,2476.858517686469,,,504.8406236140214,805.1094487355621,673.6722583905956,344.36236678332466,,1405.940270321991,1010.7674228404577,,,,918.4237974197595,732.4266131077908,1366.3161148901484,1318.2617755789652,605.5736921693298,,,,,4445.269999999999,1095.6819750378181,,,,1796.442279653737,3416.219598829607,879.9200135536705,,,,,583.6815933187896,,,2084.2098100581916,1272.3700000000008,759.7764283287494,4784.22,2232.286838473816,902.4613349794946,,2268.2422720818176,,,1537.2838398266042,726.4855500803392,1861.3916938806851,,977.540000000001,2944.348579171833,815.1299999999998,,302.83285355348977,1387.2932108039495,,1915.8232094108619,2380.494363849207,1110.9902078510172,1218.7624152362296,,1037.6898384833187,1009.189835981085,,1044.2663233472065,,1218.7029223616735,1275.770074754106,2457.8315304139383,1939.3441064248316,2316.410811768401,2130.6585765138902,2806.3860023954,,,,,2470.3039532216317,922.2138889617079,2579.2031193387015,1883.1088881244305,3899.163068307543,11286.427023576685,1867.1033173527578,6188.56049088715,3748.364355350664,7407.687094263666,4416.623361761675,3315.3049008947078,5691.508307552897,2407.4568637089683,1762.5945634539303,2624.833808453941,6457.00063160258,4318.218327173591,,,1416.459210611042,1015.4480469405828,2023.1211192193791,,,3096.1301497052,1804.5842903365528,2996.8020367022227,,1089.717774755464,942.450420628792,447.4883445865161,1795.8641547708887,981.8523756924228,1135.6103142655793,1085.6653550647743,1042.9258921531523,610.197937813106,974.6486040505389,1051.8706235025916,2178.8298815394955,1867.424308715568,950.5952825769056,11703.332428359945,,4043.267141793766,6305.872743132262,2495.647891109695,,,2223.1234830081794,,5393.466348760426,6781.597980715818,,,617.7162575615864,,,,,,,9562.745515880153,4004.8755705569697,4127.4723101794425,1179.188035881579,,777.664581095871,1797.5431371862585,3535.476518579858,,1861.113501275443,,,518.3931184146089,,399.10206469984695,,522.7008372832753,494.421724039334,,1307.15675426226,2729.3314315558246,,2052.9324585843456,1647.007095855194,824.7811641164359,,2066.880000000002,590.6699999999998,,,5023.858930614423,4927.274860995499,512.7995863946743,741.0405925806534,786.8737651956687,2222.480145379828,1824.004974820677,921.9096736501454,1309.6502511403048,661.6018114218466,1119.052696911737,,,573.605059512695,552.7288792065505,,11286.130274112938,824.0253452311904,1613.2584678119963,1322.0218696383297,1042.3153770955728,779.4843673084227,2054.930601883583,2350.3242516845603,967.3540415935856,,953.3560719977014,1032.7707905021741,,2217.235546819307,2081.671125178148,1814.3743056420358,,,,3085.2931372083617,1043.679078039287,993.4564503828254,,631.0799999999997,4288.374064548349,4767.130779247512,5485.404256235561,3970.1591670916227,1617.7059114344652,1524.2551677087897,6646.344905743856,4330.7086436339805,2705.527155003492,1041.6074410278543,1257.619888451016,2147.7426825474895,,1192.7039470784891,1425.8915324183995,1165.0125183979796,11490.256426045222,5608.710125372825,3850.189467454543,1709.3166408260586,,5176.070097164099,925.2577927179625,1696.102479348494,,5263.098284651796,3239.045193095442,5114.222450865168,1902.9134503681128,1641.8610465742308,10334.386820367828,6726.70748801132,3761.5201200504603,5017.3074778496475,2862.5210419970426,1527.3994479010535,3212.302301389573,2441.843032772169,2351.84826387819,1044.8598466939532,5568.211702680422,3397.0014208083394,1779.7240123488325,7579.5944572997205,5177.557422833607,908.5971782571586,1256.3720750120149,3678.382195933246,1263.6297957364106,2498.292921460984,1430.8725349739152,,1968.8185391804714,,2297.933038277065,940.5362281172308,1765.3588389742242,920.0424359307268,889.599059799144,926.7488765547643,2662.80740406495,2248.806091309304,1614.5143827578745,779.6676043078717,710.2711960374154,3066.84331791765,1896.1037732916307,1364.3551711046928,,,,3172.029427844392,1614.5984789635038,5171.652500259099,1564.0191484605461
2024-07-01,1315.8482841462178,2072.3812244059814,968.6080514211816,1741.0436994039255,,801.4503992375841,,,,833.1699999999983,1463.6999999999998,442.1793705626241,,,1645.147451445424,,1622.85156543443,,189.43696044608737,1338.7944759829923,360.4600555602413,1258.182656339417,1292.7217242507252,,,,,1032.3594808878283,,,,1316.85897792897,,,,,1054.443623980343,1439.53472009457,7215.387310944356,2164.260060852637,1992.6829028320617,,1328.7539066782656,771.5615541879539,1429.7869634777735,,,,1555.3896588767934,,1050.4960843144922,,,1432.0272742824775,605.3899285590135,2207.275125149559,,,440.4711576765701,682.7240111231926,574.712797059009,,,1210.3117933121468,910.6319653898299,,,,837.3189490210564,629.9582786905206,1014.0342198580803,1137.9978135539411,476.8592446065655,,,,,3788.299999999999,934.435908598659,,,,1569.369075159309,3177.14460010786,751.4078071746238,,,,,484.86004675410743,,,1807.544575554648,1111.150000000001,635.9248021931509,4088.240000000002,1989.960809602126,747.8507132694907,,1949.5347734324625,,,1336.940665127764,632.3167250246121,1608.3640273360481,,835.4600000000007,2592.612498973617,712.6649999999998,,264.5957234747959,1195.8082090350333,,1681.6368508094347,2078.1357478558702,959.0381388999142,1052.5146987874612,,908.1452028949434,888.8039509025639,,907.9748211660848,,1057.7666013527821,1086.5911893245323,2090.747104459355,1653.1349025677334,1962.220568183988,1792.875656490472,2392.5108327987255,,,,,2195.255939675769,806.5844464749832,2363.2711901100442,1623.632044572181,3364.4874124052217,10095.107702182755,1717.42888449619,5509.563652212185,3224.043560768742,6776.059456061492,3761.1781351106047,2791.394415149429,4901.978212097012,2071.85520055934,1508.7048657225305,2241.4285644698607,5735.894835613206,3981.992870454932,,,1222.3973460228663,855.6853023310009,1738.8495582564742,,,2629.4991948545203,1583.1188269287034,2800.904951862352,,943.127696672467,840.148084988753,373.29379705122454,1562.1303761133333,816.8892067893644,958.3825342438663,926.4780388979386,857.021718087314,496.77353197312283,774.7576400930732,913.679330569949,1909.2496946232213,1638.105961786331,791.6310760127229,9968.496787756469,,3645.549255326475,5831.277053716938,2170.5306892079907,,,1927.8602010795055,,4888.619393277406,5599.878203917249,,,538.1653803294952,,,,,,,8870.435859670171,3662.502817798378,3680.849054140955,1013.6255343895498,,,1528.774310934158,3046.496382514196,,1638.9099748318774,,,445.5011108307753,,344.45555201535706,,459.50255301986846,433.65631501637637,,1122.1305714049688,2335.5332088018085,,1780.5488074920488,1430.0908786225948,716.7352120691763,,1748.9100000000014,513.3999999999997,,,4899.53679890592,4622.153690261901,448.95526755104095,639.2215050650459,679.6306533258128,1917.1294195468602,1580.7638340783042,798.9171234572964,1188.6967512794233,576.8952045528167,953.0947192862116,,764.2969237404227,501.49623181950574,491.46514790356235,,10094.800959587808,710.2588426792174,1484.0311320684605,1182.3770835003766,899.4033263339708,675.2909214661131,1785.5422018045633,2086.073314672578,854.8490269829163,,826.6804465408878,895.6277521079629,,1938.121487505768,1845.6452893573712,1617.14621083884,,,,2727.580799218139,904.2653102468306,868.9741792612585,,548.6599999999999,3623.8009722303964,4051.2377814145675,4682.5772831991235,3364.4354548145166,1415.4810354978208,1342.4452420487269,5793.854973421055,3749.8776375543966,2270.3062727647057,897.0897984805379,1084.4415839099167,1838.7316981387983,,1042.4486998098273,1233.076539072575,1036.007737536346,10680.239382316875,4924.470845858439,3371.7068874708075,1493.9768129746094,,4401.909966945074,811.8814885688721,1484.7631393169413,,4514.838593942182,2769.235340716904,4553.592528612374,1740.7664758813285,1412.5714069914088,9243.490043978149,6187.196775675775,3246.225931373872,4319.727499878408,2543.780076279675,1313.6307393039292,2740.0622801149475,2105.5940960456733,2067.1418907668335,907.4447827923441,4948.117880752827,2943.5498492126258,1515.8202685400904,6949.391398518223,4629.049603159873,783.2692571653399,1092.4727345630856,3126.9466665942655,1089.1134400633134,2159.271625358081,1223.7206097058436,,1743.6378752137764,,1934.513786055217,801.4846586447457,1579.4854244333048,772.8714051108724,763.2534834639723,848.315151746921,2269.1827469845566,2073.531202648678,1406.0768206829978,684.9886569354203,607.5688860027396,2698.016888453802,1664.7796400326163,1124.7243968050268,,,,2652.4377284599373,1416.9082628620438,4699.570482971811,1416.7910281528996
2024-08-01,1548.9483743236717,2448.5558861705013,1138.8090324207576,2032.9777755696678,,965.2707862243251,,,,1017.4699999999981,1766.02,504.6010557057492,,,2014.3364729752407,,1887.3829163908429,,207.4637153541663,1566.6630044799253,419.67123305330523,1461.5353223061702,1509.3145453289833,,,,,1239.0465949712204,,,,1550.9907328528695,,,,,1253.9979409855584,1704.3194585678107,8616.265995532382,2599.791694999228,2385.2298682911046,,1529.4608246162854,912.3561673585666,1673.269303462766,,,,1817.0474370698157,,1262.4734935530157,,,1677.117095944549,717.6608776640152,2618.7148448515613,,,522.0968772879402,816.1813012659786,674.9326334318707,,,1448.1041168808094,1064.8252875744029,,,,995.6339451292907,737.2135654644723,1197.7281539768355,1356.5559526342322,562.4139555992897,,,,,4448.1399999999985,1079.3575984088682,,,,1843.6480102894639,3784.8586507172163,889.6099720283642,,,,,553.7648488597825,,,2102.878079240276,1215.670000000001,797.2420850857303,4873.910000000003,2356.5309852298396,873.2063769871756,,2316.9193428342082,,,1569.555884073924,742.4808689004428,1885.4921952771015,,996.1200000000008,3140.1977772940863,788.3599999999998,,296.0422478230274,1403.4347421533062,,1965.704716504478,2430.8716356721543,1133.6357934720143,1221.9526735426302,,1063.1764078015533,1034.347900739453,,1061.3046788745676,,1217.5487822673208,1292.0403724225193,2505.3572500913656,1953.1615262167427,2399.667801672919,2197.2549498738085,2917.5789685137315,,,,,2607.1824848787637,941.9831117622389,2804.57731363246,1922.2757017933488,3979.4523959224102,11965.921095256039,2039.5527939099857,6532.74411416515,3819.100562210346,8031.712385753832,4626.858206015788,3461.645148229449,5982.462588915126,2434.228889928175,1786.4680004547997,2658.730606868276,6811.463316235101,4721.752772628246,,,1438.511858655368,1008.4093496950744,2115.1345097890253,,,3053.2372678649303,1930.3735764481044,3316.244300893255,,1101.972119388442,976.9155354751572,419.3380603745966,1832.9242376592904,1068.154632434548,1203.6915990283635,1107.429951620521,1141.9223322809905,548.362429939438,865.0313949948885,1066.4089000000006,2229.560793992644,1914.813961964564,894.0750100487919,11849.48447182156,,4326.290141600295,6907.976671387202,2579.9530061135943,,,2248.7377466952585,,5815.430556538773,6838.266596581208,,,629.0780703126367,,,,,,,10525.456105693589,4329.574679034366,4326.780653458658,1218.5167701893624,,,1821.182907234032,3598.2370998865786,,1998.5326709528292,,,544.3666236739558,,407.5884769978799,,539.0770137446175,508.78022550142106,,1323.2165158597873,2756.932351994816,,2070.9123352957886,1668.5957812836189,840.3299523443545,,2094.7100000000023,597.8399999999997,,,5648.963791517317,5350.5189165215115,524.2121974584817,750.8907854219032,803.4727264211455,2237.2780938796186,1883.2037921501585,952.6278294846055,1393.2700589453839,674.7222291657313,1133.400162433855,,934.5850809316381,586.523856886519,569.9062700586566,,11964.071042839321,857.5988016542988,1762.3916490951422,1401.4907759564305,1063.923887825448,785.9395926187631,2082.093901070041,2479.332579267994,909.8326807400103,,964.0236733413627,1041.4139445543994,,2262.15847920484,2143.9159624212266,1871.9024639113995,,,,3224.7235137295525,1046.8059670570822,1014.6535646919178,,634.7999999999996,4235.606047239716,4859.68868974611,5591.6561822558,4048.2904039092623,1657.350602295606,1561.7164448941553,6956.432859863284,4372.31079242386,2688.0234571228466,1054.193474227481,1275.8706311973458,2223.985229961724,,1219.3512763421145,1432.6780965346013,1201.148221677715,12728.622019053884,5803.236288085141,4002.665165683766,1779.9625520361021,,5201.336953959227,949.3837338437961,1814.5366981731022,,5325.756921390171,3288.822583068306,5399.6747545826165,2063.7679939829545,1673.4086964909689,10956.346829912869,7346.901813539927,3840.240170667815,5055.841985592311,2980.460517938689,1559.1552339724633,3204.14746410605,2484.369751143861,2444.967666377813,1057.9869071241278,5877.916096487369,3496.329031365495,1865.4381534657134,8227.071481812522,5488.783010076361,923.7329628175717,1275.5739126741678,3766.853163090411,1281.3828674124948,2568.9783391248784,1445.9544109461249,,2133.9252778868117,,2366.7191049261814,936.7328800196999,1851.607656494219,918.3483320147618,918.057040864272,1008.6079110025527,2674.025761300035,2442.8991732931713,1640.3249052925119,833.1373817054897,712.7361278594955,3165.4848097189256,2020.3862439455843,1358.890865778052,,,,3079.870333391606,1639.506480479931,5557.3392442427285,1611.5683210390184
2024-09-03,1523.9661157101232,2430.9453569877933,1135.469472612716,2085.3576591554406,,925.7723036271016,,,,950.5099999999984,1678.4799999999996,498.5424803830342,,,1977.7995359621143,,1895.8297816272147,,195.93587522088075,1609.5538828409617,420.5760271513858,1524.3403525273288,1547.7631270424054,,,,,1240.5383557947735,,,,1552.0319008110714,,,,,1277.8771761287726,1711.9004954440597,8673.257222384535,2677.8012853599384,2149.259466632814,,1636.342223561499,900.8049242196302,1669.992846741182,,,,1858.6934670683463,,1248.194577667731,,,1673.4172652256648,711.8445436442803,2594.242252145072,,,520.9445137383542,830.1222409695562,674.1161191977459,,,1415.6854204428791,1099.1912678809726,,,,962.5831981674337,751.1575410768971,1123.980721118987,1306.2682392175284,587.6051967700997,,,,,4311.8899999999985,1071.7368309286705,,,,1894.6006872857524,3614.845223557912,923.3144141710233,,,,,546.4191357852295,,,2113.5994943074766,1046.9600000000003,813.6142924398414,5024.730000000001,2337.1349361933653,856.6513592139972,,2404.690995733506,,,1592.004870432529,753.3290709824587,1907.741534588623,,1026.9600000000007,3175.928906414703,747.8899999999998,,301.1087002461065,1405.5929217859239,,2027.883606487859,2485.939348055266,1118.7426683232375,1229.186503237616,,1089.8245066750958,1070.822470212286,,1077.2738022871627,,1241.508964558058,1290.260123137712,2531.6981580071524,1928.8459744002375,2405.127221992886,2216.412531599611,2909.004715850484,,,,,2583.140270242309,965.348565704284,2721.9341867123603,1955.6497897030354,4049.428330886212,11848.486699174417,1981.3479311452836,6472.919064069354,3880.178105661482,7777.985448594464,4582.40914678476,3450.398781953183,5887.768548560893,2414.633129633583,1805.0063481497525,2703.0244132459766,6749.08390184107,4561.034237903248,,,1432.6316576350441,988.0350382978841,2138.667320741211,,,,2038.8755214556174,3155.9349595381564,1030.9450581155775,1117.9208902889118,945.556749951876,386.79363384207113,1857.9834507604035,1078.537771761192,1196.0606587070436,1156.6794373899966,1156.9531936748735,524.0096233119007,800.7667684650567,,2290.242031452213,1968.8270329585837,880.1329936539333,11831.205789812126,,4264.01544996004,6693.7535853748905,2616.3996909147218,,,2270.1130101748026,,5712.814123482902,6354.291191335227,,,635.5543024857981,,,,,,,10130.616461036056,4167.797318085546,4050.5633795389995,1216.6154869144739,,,1813.943498922028,3648.005517824521,,2096.1158022733894,,,556.0065606873434,,407.1632264480454,,549.5270021667664,522.9344924423534,,1326.9398031606213,2863.6717664539433,,2080.2142331175346,1689.532412847342,849.2907629437074,,2072.4100000000026,573.0099999999996,,,5146.74168919152,4825.95707482234,537.8614746079808,749.071125449872,797.2103106304122,2188.929934958794,1814.209580798502,1004.4814268542369,1398.9106287966583,687.670423890281,1131.7270376580807,,936.8423213074168,601.0440732550423,598.4616190277486,,11845.596751510648,894.9153678662467,1712.282774358836,1387.73287212087,1082.7306232163019,787.6765832422176,2099.738305117521,2481.7884967942205,888.3567124490044,,975.1080597514663,1045.417024706463,,2298.2881309007807,2242.552840638018,1970.4168015561395,,,,3202.0214914790595,1045.946605736708,1039.1241692278545,,623.6199999999997,4263.216605919784,4855.702231341693,5522.0224371479035,4081.224707386435,1698.5417220938023,1616.672137115961,6737.193811856837,4518.205300847006,2623.0555179939665,1052.4557457193823,1273.1355211758505,2253.8325458986856,,1249.363651129737,1438.5125278939547,1261.425226151781,12157.681111126789,5989.853992310633,4062.5348804444807,1805.8310509995817,,5253.436894694192,969.8796597767699,1914.825661484961,,5381.112919300775,3372.9114394688954,5349.434507949166,1998.9316632170896,1700.6428977052117,10848.596542919111,7136.788591365062,3909.0696820892235,5015.965635944248,2955.8719202115785,1538.0799992171032,3397.3939913037048,2470.398928598225,2428.4278197230465,1068.229622480727,5822.631979528225,3549.1353342579728,1848.0028697087553,7983.986886061405,5432.70645956364,916.8522174823903,1305.5012698947023,3739.205344542409,1277.1972603992056,2596.5235576772097,1443.7133189815318,,2152.6135983806967,,2440.6274356241797,945.5612156944889,1856.3729280123157,900.0139030450212,933.8137284513291,984.8933027975728,2718.9291352218515,2318.866656482321,1698.2225693076223,882.6708629708805,757.6647878281124,3268.1261040343343,1942.306517018549,1276.0229536684546,,,,2906.887913862934,1630.0976467628943,4942.499223608592,1739.0310928267731
2024-10-01,1424.5978285467922,2271.24145501969,1061.9130363822972,1925.6221160244436,,851.8134564239498,,,,908.1199999999985,1619.2399999999996,457.7364778506163,,,1816.9016188520152,,1731.2718606101691,,179.1202747502544,1487.1124033863064,386.70524430609873,1421.0579399525648,1429.058416454849,,,,,1153.0737516633849,,,,1447.506866369667,,,,,1196.445981925888,1597.9468644982082,8135.669175348648,2529.6041922269414,1979.4923296085224,,1534.022432435543,836.6249498716222,1561.4697424221977,,,,1728.264526453393,,1152.0692590795106,,,1568.2051124948018,664.6431245648514,2426.6792938425288,,,498.4972336856796,789.1931963903414,641.3670121447099,,,1326.2493417937976,1010.1164525632312,,,,881.4116311273749,698.0743982660582,999.848235374212,1172.460722049305,536.3975153836469,,,,,4079.699999999999,1000.6649171949718,,,,1772.5007501511702,3339.325197174722,868.2508755358635,,,,,526.824157714629,,,1931.041376315131,959.8799999999999,767.6091750125504,4757.610000000002,2182.102983500462,781.2263922678165,,2232.2550322228194,,,1475.5052354659085,698.4980516731123,1764.8921992989324,,972.6700000000004,2904.009249341123,685.9299999999997,,279.40366798447,1318.2579521593946,,1872.12103192453,2287.9766489226195,1040.114190750914,1143.4043825821234,,1009.0721256285374,1001.0903944392144,,991.3347353913678,,1171.9631242177793,1193.8458411590802,2353.538180350873,1775.7007689533807,2221.118372459504,2055.412852027121,2672.7856984832933,,,,,2412.0486626253746,891.873505968563,2535.5678554445726,1830.5153198712546,3792.280332322235,11067.498211479651,1845.600325060776,6047.878407335553,3635.1816019574326,7251.803414407094,4249.397816235327,3197.415932729402,5463.285725500404,2266.1921403654355,1690.619145286011,2529.5885974847397,6301.300066992456,4249.0913050095705,,,1339.2609050845347,877.466904742321,2009.033578370113,,,,1957.607971450895,2914.179908741954,943.1114900659538,1050.3189537472624,885.4937579967577,386.95233875658516,1721.3040110727939,1009.8606931411166,1116.6949284167565,1096.8579295051384,1081.6356516334417,498.9086225504339,749.6483049389378,,2128.092570466124,1818.4398729196766,831.0958877802817,10944.166479467309,,3978.832001393748,6229.676764400016,2452.520954994635,,,2078.102607196041,,5328.032949356074,5410.263705420018,,,601.0809338526078,,,,,,,9393.60386315891,3864.4826495471866,3702.799401970382,1132.455033734956,,,1690.4857289548775,3427.3362626160833,,2011.8156971382823,,,520.8361211444548,,381.0433926759988,,507.43346403525277,483.25532697491326,,1251.46033770071,2695.9630062148262,,1899.7545244052335,1549.7887816108055,785.2630876208744,,1974.8300000000006,548.8899999999995,,,4652.034107282788,4366.649507324843,496.6627235236563,701.0454400100331,745.8106964457066,2011.7495829979512,1694.6211363431175,950.3512420995673,1310.3848831184603,634.6425953427407,1047.2312353253878,,865.3844282384031,553.602624131169,556.4826265601777,,11052.215030417783,847.8896985452369,1595.0729060047352,1296.3327893964845,1014.0787471863237,724.2248906381727,1926.9829410844027,2321.2728668273503,808.8816972627322,,893.905185088587,954.2429940737096,,2118.2815859709876,2082.1244094594226,1833.9810895463245,,,,2995.923890686474,950.9638080367072,962.8863355045945,,563.6199999999997,3990.005643221174,4529.831085739299,5151.449822193316,3807.5141109466463,1572.9793438842569,1511.793228699827,6498.180241589544,4239.430003401352,2322.0683472856,984.6771612688682,1190.8793667430143,2126.0583996862288,,1150.7739668209504,1338.5542709616038,1172.8517337878666,11234.195877180517,5543.119299673402,3813.040540100832,,,4946.472225315671,894.5779284459326,1840.2769564065918,,5057.547797953832,3185.649373382689,5000.659886193236,1863.5403888543065,1593.03273496108,10134.067971373368,6649.755092064675,3660.1945497625456,4684.07140088453,2751.5869231151487,1443.8201539252605,3248.93758905664,2307.303990087762,2269.169110162639,978.6354985717038,5439.594661176005,3330.33241838351,1714.1420099683617,7425.614865977037,5076.2097362118675,856.9956964793842,1214.2319248800695,3488.443746344351,1194.9070337531734,2431.1957104620033,1358.4212845299385,,1977.5956272093965,,2350.9236389383614,887.6695582829651,1715.1018474669504,800.134832867307,882.2033045627818,916.7076214129956,2569.8675089406856,2143.5221675464422,1601.7218639692967,848.2909775575407,728.2747190590275,3025.71918103049,1887.1435591429372,1168.6445274876662,,,,2526.392921335802,1481.9274354492602,4539.198828227782,1630.704199860825
2024-11-01,1669.0353070786555,2558.6850758656883,1179.486593291775,2082.894071934524,,939.5999440132831,,,,1032.3199999999986,1904.0799999999995,612.3895847725539,,,2056.5244706264502,,1911.9402069426365,,214.23290060589193,1607.878001863629,429.42463537506285,1507.1283823918063,1546.4453707946946,,,,,1333.7273296039145,,,,1644.956380180287,,,,,1344.7406737213228,1800.4092835630024,9166.70579110609,2824.0725254854606,2281.09009270611,,1568.25913999145,967.0205291124877,1702.4716764522345,,,,1890.3510192393678,,1264.055803324015,,,1708.8557466101536,,2749.5363808695947,,,549.4869398384243,886.7797743153858,713.0235143298454,,,1440.9898833519042,1098.5239672924968,,,,1008.8025369669833,757.5599066518118,1100.1047796379137,1266.5026329327325,569.6503164539714,,,,,4771.959999999998,1094.620166099577,,,,1970.7717277994054,3869.343730633652,965.1939207544297,,,,,692.804582853381,,,2131.9410384658063,1149.9899999999998,885.8169047281162,5473.180000000002,2478.565213432898,885.6022808060999,,2493.293226984874,,,1626.8308074388078,770.1616875658459,1949.172238800068,,1118.9700000000007,3148.5081058842684,822.8399999999998,,,1442.842912096914,,2010.1643121627646,2481.0763364993745,1194.8240128133189,1242.2475846313412,,1097.4003913350684,1073.9132191225694,,1086.7512525832635,,1285.9525517285665,1351.704063722867,2667.761312992524,2007.6351343376625,2482.6715733012247,2293.7086804544642,2994.1290245983428,,,,,2737.448984332588,966.6034369471207,2901.97229980508,2051.7319054800146,4245.578094451112,12550.258755109433,2112.4580180589705,6864.512547469353,4090.2267865800304,8295.242453301771,4779.828148266114,3566.781173126793,6197.982528024197,2625.4017685966182,1913.8308742308593,2843.183939196145,7133.186502031392,4852.139109221185,,,1485.9429470147825,1010.3787118996264,2304.916441951705,,,,2130.197278710312,3373.569432671889,1043.0034500277666,1174.2798223150364,1007.6613558767866,474.32931325369515,1895.9920796387717,1146.7488528150627,1303.663398003567,1230.8426032381628,1229.384625702072,682.2526826380072,962.6419029644323,,2301.2281031260914,1962.297667877695,1092.8591659816814,12386.479088236581,,4512.184138548877,7103.6890973814525,2754.92607683256,,,2276.6591096020966,,6063.094603170767,6053.044142447837,,,667.2157044118862,,,,,,,10722.309563699835,4411.42077691737,4224.345372930366,1288.7129315315192,,,1896.636184707796,3856.8059705549463,,2191.063588348641,,,594.2322833714064,,416.3013882633741,,553.8878309236767,524.449220370793,,1358.8956506560753,2995.7390376087724,,2098.2052767424957,1698.8906860257089,866.996787179813,,2302.2700000000013,652.6599999999994,,,5455.144754340018,4998.132875823786,537.1688050963859,767.0962388900977,866.2498593706944,2296.2408032667186,1954.5972091888186,1056.06069169037,1457.9457251168265,693.1738135546594,1185.7484345042262,,967.2527706878492,599.0805153264736,584.2382121848887,,12507.076569510264,942.6967382645677,1825.9761833068637,1469.994414855073,1135.4224773097267,805.3246979477783,2121.1034115539114,2611.1914063726254,860.1334288191182,,976.5951779041771,1053.888280133446,,2310.161655968098,2201.108125578646,1914.8063583639878,,,,3365.941433361816,1050.4929214585413,1046.079309766832,,636.9299999999997,4526.574234738686,5136.184953424659,5879.5349400426385,4295.708836583032,1709.5813198482797,1620.6341552576887,7316.175435518416,4607.065796331756,2672.363357351694,1076.358506794487,1322.5437397111396,2429.872256245894,,1245.4514154938481,1453.9499886745843,1231.181598642282,13014.606228100081,5972.946527038352,4266.570696123117,,,5678.2537381155325,967.5080245154508,2006.2094356801595,,5747.430951115155,3583.202229775114,5674.394176185633,2132.208855670595,1792.6741489411893,11491.668413033209,7612.1408934963965,4097.3474120034125,5389.47041749404,3177.208817899933,1578.9551062649377,3682.3979022635576,2555.23007125632,2553.583906956613,1072.2603756821077,6170.115036559849,3744.329054751234,1928.053349847655,8484.307151610676,5757.961923089575,995.969947730595,1327.837241917922,3979.1928009951007,1326.6209253992702,2749.517055961383,1502.6657118797423,,2145.630997864739,,2628.0539453533934,1004.3144975105882,1969.379209823859,925.0184437884545,1003.5805708438324,1044.3128464760616,2947.461703994328,2474.958654422701,1732.0599590660893,924.4018029919375,831.267358147269,3254.847215134522,2139.166332635172,1410.3516641571225,,,,2887.889361694521,1650.0168870960945,5269.170229863067,1657.14479291001
2024-12-02,1377.1953463555287,2222.953891059131,984.4716108049874,1780.534532410327,,855.4120204161806,,,,1026.019999999999,1932.4499999999994,506.64956921199393,,1867.167832066878,1889.8142772193178,,1657.628491820434,,243.70484840891032,1370.5320984429563,374.4825231009746,1275.4411570316445,1322.0805293015187,,,,,1184.5738724132473,,,,1468.1505963346547,,,,,1174.7193435015633,1568.8309303575234,8151.455745567272,2519.4123570595607,1995.3122292573662,,1308.0332429540028,798.8985705757926,1415.810287064096,,,,1622.8722001079134,,1056.782755309652,,,1419.6887714269644,,2438.3470133066508,,,469.1643433325874,777.7295665295593,594.9044009667319,,,1221.323807604272,895.9589857139102,,,,860.3952591001537,630.0210183021094,901.8606992371824,1025.1327136588136,471.7599462455851,,835.0749286241454,,,4462.649999999999,894.6871566637747,,,,1719.042893785488,3443.862141041984,843.5913248471761,,,,,562.4277905877566,,,1847.736122103699,1310.81,705.3103740074271,4653.260000000002,2203.7351639927547,738.4900432877096,,2168.75659714979,,,1411.3450033221827,668.307517730158,1693.6254245268879,,951.5100000000006,2666.3025450280984,938.6699999999996,,,1207.9055689180343,,1706.4347852868063,2120.5018951737256,989.8178166045666,1018.9270141931324,,938.4142553361422,912.8903084637427,,936.0709128624271,,1134.8237576011338,1218.4828292415318,2419.5077477376276,1800.5924661377667,2269.093318392538,2108.8053788781463,2717.1949659102715,,,,,2437.0446943347397,827.1245118423014,2580.7603376239863,1808.11606274242,3734.2503092772135,11105.166286967316,1877.6841192684512,6101.426231328641,3614.014350787065,7412.116324511235,4375.032517555903,3249.234102460034,5696.982267004314,2449.907849574814,1724.83894471323,2533.370078932714,6349.0241827835835,4313.645977025283,,,1241.1403940361856,909.8842366906725,2136.481260209085,,,,1827.0059898625955,2993.2938968482613,906.4184366560685,1028.090945427811,898.7588752852189,454.9871517973023,1644.9009308469888,1097.1499269503518,1261.0097817339743,1103.7021481601835,1200.3795673601805,541.2545856671068,843.5636216497138,,1963.7442894048131,1676.858790440572,880.469061542239,11162.49473291763,,3991.973082567485,6326.882879158401,2414.3390482635787,,,1966.7371189492771,,5369.710256490312,5418.796743091111,,,576.478666461333,,,,,,,9514.712588309798,3914.7405686021502,3697.7396350875892,1166.4086478693216,,,1726.7688773544417,3404.953698357869,,1897.7269121791612,,,523.8789794693813,,348.03449999663604,,473.6427675921661,447.58065487098213,,1132.8077927754014,2585.883011321776,,1819.2605111339785,1477.5455582084378,753.3004197188884,,2229.810000000001,538.2899999999994,,,4650.227445835091,4124.903685360085,459.1715807538302,641.7492951622728,721.965711740228,2057.41423117123,1712.7287935422744,917.168383311871,1274.0646876525373,595.2836998032565,1068.8350843219737,,883.8096051738818,511.32179008532137,492.29762756556676,1352.5209901024934,11066.470169246368,825.7434743240929,1623.220061032805,1300.8238201894937,998.8901937761538,701.7448446491597,1830.4516446598827,2311.2539891965,687.1812263495189,,841.3989991473503,914.0827428110285,,1975.0774678542002,1858.450213318015,1632.9215191856333,,,,2940.2638507760257,911.3157436514565,906.3796722789864,,566.4699999999997,3884.321832769004,4684.572647859763,5429.393083367166,3882.5823400037925,1461.7693700869513,1377.1748593716818,6804.797273324164,4002.7615901970444,2408.7260961970974,899.9887140465596,1102.8355243314425,2258.191979217226,,1062.9406911702392,1196.4726868989064,1037.567083119716,11581.173425936826,5002.380657426688,3730.522383370267,,,5089.123899862088,827.9921105154585,1725.4230099953809,,5155.034961367892,3167.2345804813267,5044.121634533167,1905.3421832172942,1584.010827640293,10168.959762469733,6765.169953611455,3605.3978461498696,4917.857173305844,2868.730542406665,1329.2469436720744,3158.9011877808425,2135.7218802579373,2220.5060521129826,925.9518810213366,5490.7915034608795,3284.5498765195944,1765.1292337025784,7595.127853423185,5106.550859454302,828.6997757046629,1140.7701634571729,3686.8126990921705,1108.1344317030116,2420.4733507902943,1265.9463465093368,,1856.9935978371495,,2225.8714428403664,849.3829071543905,1801.4487188393496,831.1065273105636,924.3926585564083,923.6890284221557,2616.790846989763,2174.301174086843,1486.7260156404561,793.8574962070488,710.7916546190079,2710.389798135779,1994.8547275541362,1268.134586048736,,,,2602.436360832062,1487.6996418168753,4523.600713820855,1376.0364136528158
2025-01-02,1515.0049203986512,2481.1852681852547,1086.5079361286394,1972.6809182482348,,963.383772675473,,,,1265.3899999999992,2397.1099999999988,553.354365036506,,2078.2804032039207,2061.580373532143,,1839.0847218535869,,302.3295207212416,1519.1245532580242,416.1247903392473,1408.8098847351107,1464.73677457359,,,,,1350.9965576887614,,,,1641.485578857133,,,,,1285.4454451425133,1718.7185740030243,9023.067447794372,2724.3859982490803,2245.3218022453543,,1438.5469741544714,876.9750052932421,1565.119915170957,,,,1799.9115900168083,,1155.7870521866512,,,1569.4424174695464,,2736.706903768046,,,,851.6373657918016,673.8308310918471,,,1369.5251026531275,969.3816769342858,,,,986.1924617597009,697.2150678227316,994.446049406723,1069.181047664999,470.86088735218,,928.4262717515628,,,5265.209999999999,998.7943167883255,,,,1870.5358049142965,3956.547875656101,915.530192557809,,,,,627.4736316630349,,,2050.33255133952,1636.44,745.6427497641522,5113.740000000004,2465.783829041212,783.8069235503127,,2327.4091763168503,,,1565.0264367018044,741.161011320075,1880.0395398246208,,1045.8000000000006,2863.328341972466,1173.0799999999997,,,1333.9166233275446,,1888.9237553473074,2349.7296513676433,1087.2414235248266,1123.5310649459811,,1041.0823621033073,1009.6157079613021,,1038.9027427299516,,1244.8921951894517,1335.4147994025732,2646.921312370822,1976.0985118445942,2482.625226244164,2321.8883990995078,2954.313967819146,,,,,2732.819041596669,916.8381039884094,2964.6850051711526,1961.3926735316174,4047.8516045469264,12465.430474126772,2161.477007549119,6848.355586862874,3919.9497264678002,8572.256750497256,4780.648679711118,3524.164815771306,6272.591296140728,2770.9970316245194,1895.9000645537837,2757.0555661458097,7117.506844728228,5001.787067309127,,,1369.5464655002766,948.6192011018793,2342.6195133320266,,,,1961.797968599146,3423.1584709754643,1007.3007263023787,1131.1094977151326,1026.2749286370856,526.5432301287988,1823.5922889972935,1183.6619004917861,1376.2004117873191,1198.5971468368423,1293.4254243054133,599.2336957357239,899.0579627617235,,2175.239808801749,1858.3110023957313,971.5034051124372,12230.027813396115,,4507.669944901889,7331.81628211276,2619.02973917012,,,2178.3878912761083,,6107.578073663525,5678.112183946756,,,629.0499041265037,,,,,,,10921.450813539683,4494.162967720799,4133.464560056351,1265.6283823500546,,,1878.9883456179807,3719.0756260181597,,2045.778286360534,,,564.8430955983805,,383.3452202067471,,523.099730420945,496.4761316599082,,1253.5516425631192,2782.2704831248225,,2018.410221895453,1654.2162435171397,835.6683978657641,,2612.400000000001,580.9399999999994,,,5152.271821214072,4574.4013594461885,508.7545772377772,707.5591725761059,798.2342969114914,2240.0287605502504,1925.885489080855,991.9114290916519,1425.104005479055,660.6836020843402,1171.5329056653136,,967.2549901263642,566.5475557511774,543.044113844642,1515.238648681167,12421.008307598875,889.1879919864647,1868.9347232243995,1460.1492199345453,1082.8555148440116,781.1314537070155,2028.0041121078214,2589.731133299076,728.6365259507751,,933.5259813028022,1014.4835612049769,,2180.7997615208455,2052.3602970204197,1816.2302838299665,,,,3289.209755346002,1011.4272566135544,1017.976128120102,,628.6599999999997,4082.5917223109445,5166.627864780195,6090.320927772577,4223.443746559321,1622.3359973826064,1523.0085020673314,8067.374464379884,4468.5479521174075,2511.5486706654783,991.3966310463325,1216.8287649575918,2491.2880530586995,,1177.7267482925408,1320.5585442033553,1144.3629217755458,13287.563333927192,5367.913588182705,4118.575027858721,,,5488.70389864416,918.6530111643231,1853.3138902059416,,5668.7811634439095,3420.228240140115,5662.808685549726,2203.4132398107895,1718.4033421109743,11415.074494515991,7789.351127387425,3907.958991663326,5519.017099474736,3299.075326881979,1462.6212738404438,3402.3521170703293,2362.5142837085114,2474.748607734068,1026.5444249372993,6157.34630557861,3559.768851424015,1928.9553389191547,8774.971287626127,5740.035632707569,916.4363365877783,1264.6755814484234,4109.578589239177,1222.4820224289256,2653.030492454548,1386.9302740313067,3519.2404378035235,1973.4309602670157,,2342.2202355229247,892.4207871997526,2059.360105169673,862.5093979334711,1017.8851402651906,1058.2460933946613,2823.43886388903,2463.7150274037676,1647.5613192599374,850.4299831137165,766.8005167634407,2904.175796430272,2381.4391971519653,1285.427739182222,,,2684.546306877814,2721.2434697332674,1703.2414918954707,5348.006091408869,1509.7542054338167
2025-02-03,1483.454686724838,2469.0268212815868,1080.0479275498349,1956.299263863021,,1000.9559859336364,,,,1262.6899999999991,2413.133809523809,530.6868519078579,,2075.8255525002933,2027.1930395378536,,1845.8973736771304,,307.0516029917777,1506.2674474117098,418.4466802761446,1368.6107163351594,1452.814149781459,,,,,1365.2715715977965,,,,1629.1241697270339,,,,,1279.4425246743187,1702.9595923391432,8996.405977522692,2692.2327221428436,2263.389201349017,,1358.9234709274238,864.5523026784907,1566.3863156542113,,,,1791.8244543927317,,1145.4095928913673,,,1571.0973846372979,,2723.986244146064,,,,844.7216887362158,686.7062721273749,,,1348.3224095625226,983.3678860471148,,,,1045.0249280318092,697.0797715794956,981.9374756996768,1115.3059113728705,472.31416521035624,,916.8877312288918,,,5278.632857142856,1025.6473054298065,,,,1845.8075043290144,3898.368609908144,900.6070056258056,,,,,624.4712785121684,,,2058.04921560577,1670.759523809524,765.729035002346,5252.243809523813,2450.044679371843,785.235254885667,,2309.599365238983,,,1571.8108066780746,744.5771910052208,1893.4899900519301,,1074.2152380952389,2836.361065137912,1198.9490476190474,,,1332.8281551925197,,1867.740348118094,2342.6232017650736,1070.1693265805154,1132.0311386048622,,1032.2373618564168,983.6763609989752,,1040.0576805057158,,1289.9358906715224,1324.806449997904,2634.752821661518,1953.3324814415757,2424.535190947813,2266.1056507776752,2883.7288937961766,,,,,2718.6369917276775,909.9530648225699,2964.583135291626,1937.2441336840977,3997.5119212379504,12411.963400178205,2162.861654458052,6818.689717006905,3916.035575676875,8511.473075645506,4666.915181463601,3425.5817313019597,6149.280398663804,2754.345449704075,1879.464111215092,2729.7877755909694,7079.772346846637,4965.2349896055375,,,1362.1873470881171,975.2358366494371,2364.8348931502924,,,,1913.2275665783006,3376.112800230582,1013.5423203815881,1124.8338809680358,1027.1513753593822,541.4251222168713,1831.2040382767527,1164.8228919120277,1405.5377497043899,1173.0432482568212,1269.6649417183132,583.4650769673899,858.3386624692582,,2142.911294819907,1842.4568276163413,952.3159733131785,12133.52557448714,,4491.588765274981,7260.926629170689,2629.7044824656896,,,2162.1562879032517,,6082.022584522485,5882.747123171198,,,626.6212252588938,,,,,,,10841.877120903675,4461.296592388322,4091.5414915660303,1272.886366101797,,,1885.6164134149462,3691.0478513550115,,1994.771400307928,,,560.3642634366151,,383.5920003841675,,521.0750488294069,493.51811398331876,,1242.6220609835402,2715.8696177146016,,2026.028915964179,1658.8523744698095,840.9765475667275,,2589.980476190477,580.7504761904758,,,5256.236250327599,4648.010634390121,504.4383148076022,707.2569778807255,781.6177888721,2256.917273642279,1909.6147596388168,977.3976515983314,1420.179533181439,658.3906182795674,1162.372379655379,2049.404546176252,944.7813748188348,563.9469975585906,526.0367474077186,1507.399153303012,12367.051328649519,874.3558460331351,1870.4121102156405,1453.9709446496015,1069.5650286737928,786.1200398691134,2035.825359313683,2571.4894477617377,718.1680952380957,,924.9490818128969,1018.8540114179901,,2172.211694582279,2000.2051908627432,1751.8255269586239,,,,3273.185952444819,1016.1064176924823,1007.724800901502,,619.9366666666664,3997.667544962421,5105.256677511083,6025.504717580706,4168.561070426076,1607.8816747147848,1483.2533061396875,7969.159334613546,4331.402133968853,2587.580556431253,991.4224166108042,1210.7693012719049,2510.700740740362,,1172.2313039697879,1331.2828470716845,1108.521056073618,13078.807889580814,5413.0402097789965,4098.638951731806,,,5470.645991061111,911.1088351354991,1803.0857607007222,,5628.236045705744,3376.1298945973067,5637.4250412902375,2188.380498576513,1717.118785502591,11365.970046567365,7794.027537505662,3859.4054579863214,5515.698590375228,3315.504337220953,1447.1335329832548,3403.451529308412,2318.0821606987056,2459.3298645793025,1018.5711569202479,6124.780191326402,3563.9085075361463,1883.3610218246477,8696.415620948075,5716.8459106210585,896.5725845135315,1257.802620502119,4066.0015180801506,1215.0112417151818,2665.8954646677157,1389.1810998956396,3597.660539030462,1908.584919487716,,2252.316211740307,881.1856439016578,2047.5964835537688,892.299093445029,1029.2982232458057,1053.3653388498096,2822.821677313743,2426.866771038796,1591.4422748399222,829.0539672750097,772.7904881195205,2933.844921932143,2353.617214828121,1236.5005673387154,2110.016716733871,,2673.4493530962945,2854.521043539009,1658.4895904892892,5353.892395254003,1405.8745473803972
2025-03-03,1390.0630957494789,2282.2309926065527,1019.9570600242254,1793.0995290887395,,939.8943661080766,,,,1170.8799999999992,2237.169999999999,495.4458245501022,,1891.5485522484116,1795.5016203880405,,1675.714835863464,,259.03664938708863,1381.045509131507,379.08864245688665,1269.8944855621194,1331.5510371038545,,,,,1305.2631052529448,,,,1490.7070966375743,,,,,1185.0473945560202,1561.615759768271,8279.305182419694,2486.8590362872947,2040.7960442362603,,1278.6901273392957,814.378467525041,1486.402133928595,,,,1647.8413110294648,,1044.6039604528485,,,1483.31356145432,,2479.98408522306,,,,780.2033396127019,667.1413168845588,,,1252.8715382913292,947.1546793916306,,,,950.4474198086684,664.4518282988806,940.3047758133382,1041.959701834497,458.8479298373973,,840.5901942387962,,,4910.289999999998,992.6874126692288,,,,1693.1742894227525,3508.7300848913305,829.6871490284562,,,,,636.0180019649657,,,1868.1208877174374,1417.45,773.8174888865163,5075.270000000004,2238.953448508882,722.8359658135391,,2162.6320046970936,,,1435.6018901949242,679.8025400580486,1718.2705693203297,,1038.1800000000007,2610.268338662454,1018.1199999999999,,,1258.7812274410019,,1716.0499953909707,2139.3658229072844,1003.1353952880186,1086.6413374824979,,947.0377435646141,909.4846405594094,,947.8928952333159,,1216.3065765180231,1187.442096998848,2375.03600089566,1740.6169261381724,2165.9092921014353,2013.8820906438827,2590.0524330544517,,,,,2482.2913400168886,833.8594336744867,2699.9081197263604,1776.0345536854513,3667.8333284652053,11353.112708832676,1972.1256590126488,6233.816650821356,3616.7869301354413,7711.882169588779,4186.215149470391,3086.49767427584,5489.375474872403,2543.0030125639946,1711.7455299196815,2474.175632027993,6466.960231081741,4488.986625517016,,,1283.3896364084235,880.4811953515848,2201.42424987069,,,,1787.0072454715948,3055.8913606893134,920.7065414258346,1036.7279225911207,940.5442977479548,480.2013950907132,1671.9135087622979,1074.253607564218,1304.89214496217,1087.3247064539971,1170.827036577078,607.1550072496573,783.6607674302916,,1969.6334497823225,1691.2739531582822,971.6316085072331,10874.184024903807,1528.2117428208185,4110.9220158931885,6604.49956973341,2444.4299226334497,,,1972.2443274035188,,5550.202352896377,5170.478765695799,,,568.4269011272058,,,,,,,9930.133947144404,4086.556686081329,3820.083998350341,1166.2022778311516,,,1706.7385518987594,3374.7274557468268,,1855.4393066819503,,,511.8273146617631,,362.32221874377456,,480.75870029815474,451.41114183666997,,1165.46211566609,2502.6574049459336,,1839.3940254426404,1507.420886831571,767.3248710079005,,2395.3100000000013,555.1399999999995,,,4667.30590815475,4141.983423177726,462.4388934208731,667.6907811174234,730.6197909523027,2019.8528931236524,1722.681607884069,906.0280352054925,1325.0218137233999,601.7937022519098,1041.8559338768634,1915.320555206675,843.9281480673596,515.7703335610527,489.76470770209335,1376.2720023783495,11311.32955279795,804.2060999001716,1705.5415673890277,1329.8149725615299,981.307053638469,712.2747948374551,1858.8379418124343,2330.177366537384,647.9400000000004,,844.6962572605731,925.3077356168164,,1997.3301627188494,1859.5435948766792,1632.8859334638353,,,497.6981013482524,3021.7359337072294,922.7593248706219,924.2914275952636,,555.9999999999997,3696.1520200382365,4587.353910902805,5399.468107962355,3753.060110339083,1474.742854058181,1370.8994437660756,7058.775281894453,4104.9659407288045,2326.988464190413,935.7093249477061,1141.266441072993,2344.1028122204452,,1072.0410527726804,1276.9285062496583,1032.2791307142961,11776.419737663467,5038.070855482016,3791.3512048166076,,,4936.942367544874,836.1970546001536,1681.2534131698249,,5148.146737393518,3072.221822151141,5155.412243906071,1982.7771486269712,1585.883980780077,10395.554424988293,7107.697212363506,3540.8105686105846,5075.272651937724,3105.380328288269,1346.06841860093,3158.9466715468016,2147.9539159527,2272.6025073511273,928.996159255649,5592.741722150767,3293.8119139691185,1689.5236904639794,7909.562381303079,5231.5748448514105,838.9944521884074,1156.7977644802459,3671.189832674373,1143.8293390668694,2469.023880605965,1311.618789161768,3203.3738434776765,1719.699507393494,,1970.058977226,817.8191087142826,1937.1403538684601,809.1691821668569,965.1235904593109,956.8893194117761,2566.792031375163,2200.1378880985217,1496.934642883504,776.0648021118528,716.4314180060347,2742.808147518866,2091.93624556644,1139.0455180018107,1868.4928602886516,,2382.969830910386,2505.4567205079497,1465.1616257909604,4591.8501488015545,1323.412975422217
2025-04-01,1551.4483274777087,2438.1211414851564,1149.26557396721,2003.0531474977574,,1035.6211583301524,,,,,,554.051986654222,,1960.7386364236725,1819.2546889896812,,1858.1628032794729,,256.9116194835826,1546.1287703805533,417.3269592450875,1418.371794589912,1487.2686985477756,,,,,1360.3501576744657,,,,1595.5584942164312,,,,,1276.9440627511954,1662.0979425436872,8730.659982115132,2708.4546656760535,2300.89277172142,,1434.6990490264782,907.5719315609515,1690.336143690826,,,,1829.1831547534134,,1129.9173413512924,,,1684.2974574778843,,2573.3318629496166,,,,838.3597276586885,786.7163833398466,,,1407.126842272682,,,,,1005.8736160998121,758.1293368241135,1042.7426344567732,1147.7034515444454,508.1476784872273,,938.1129304550419,,,4849.869999999998,1143.192296606056,,,,1853.0558588168885,3509.9166943188256,916.7926989648417,,,,,751.2194955331315,,,2071.886940548329,1411.9400000000003,904.9866285811196,5783.130000000006,2328.5689278011864,804.9865880500739,,2432.5503779827313,,,1584.0017068667676,749.9746194212244,1894.9823422821491,,1183.1100000000006,2804.1840755911453,1015.0999999999997,,,1420.4910704779977,,1927.6463276659201,2395.6578898330636,1114.8764941397274,1250.9673439374562,,1056.5260429682987,1010.814719657026,,1055.5128083107668,,1266.9521706643413,1225.9857829725854,2494.073008832439,1767.276477657577,2198.215970443159,2053.8686900516327,2615.6481740733175,,,,,2573.0564442815003,930.7289044548187,2726.194964749109,1908.764181334454,3945.847646385848,11824.167889492353,1990.757123595461,6471.389522258522,3882.687129756099,7771.286486775583,4245.941106943128,3175.8673397113585,5492.282754893649,2517.817119168081,1780.5129282637395,2618.2690856843265,6705.0785082563225,4533.5110785627185,,,1441.0066903168895,,2323.998627649905,,,,1964.4258328299845,3062.0014242231796,1016.2352534612675,1119.0920825241417,968.2763088863314,,1840.8191189801541,1093.437224825027,1299.6396251655788,1231.8601762226156,1176.0964058521197,713.0489821381913,844.9361268354905,,2193.308440624264,1892.0205696760718,1147.6595546984254,11230.658239362296,,4262.255631405375,6647.5028650343465,2646.1078627230318,,,2166.174457621206,,5738.760667317797,5291.143392470165,,,621.0164060055279,,,,,,,10083.776090783054,4149.93741269042,3811.528729506218,1224.3193260438263,,,1875.5039314836235,3603.0195572002394,,2019.9566841233934,,,564.9243731898943,,409.1591582732075,,536.9754320655579,505.8163241001465,,1313.7864544643498,2776.082493251402,,2039.8216813599613,1677.9723865432006,845.6162985370457,,2279.3000000000006,634.8499999999997,,,4660.87565655326,4153.5250206813635,516.679046177294,752.8206313238309,811.2558482824192,2092.9526248582197,1704.4905907280088,1011.917045680511,1399.3860332291122,670.3099334447273,1075.705578822618,1972.6656879089148,856.4978577093689,578.0340521366547,549.9742002622493,1432.0738330275406,11780.929114092218,887.0297717812168,1721.9448753028196,1385.1686490517181,1055.9450244668603,782.6669149133306,2073.933543478372,2427.5631353438393,675.0100000000004,1013.7424137996358,927.1537180442115,1025.8711349980847,,2230.7001457911724,2089.6416870144567,1831.7486781233274,,,483.7091925927127,3212.1935122597574,1022.9722087683751,1029.3030077929827,,598.2299999999997,3946.7898148015993,4681.740416842997,5392.940755543163,3891.82632331602,1644.186473940655,1522.5580441792342,6922.757883079939,4460.0463277164135,2553.381247060239,1055.9644243816747,1285.345698337402,2458.165002022835,,1201.328450665336,1467.3802937774153,1159.123533480327,11778.995791921727,5513.8688948141635,4036.5175102934554,,,5212.913586866599,934.7807914440915,1845.9983009237205,,5409.300238930873,3311.8672554562568,5351.986567283322,1998.2617746444093,1702.2815165185011,10827.015862487786,7173.227763352398,3809.1527367991976,5170.592615022331,3173.946698653901,1497.015597231171,3457.690435325459,2384.1882682330142,2429.29421929798,1020.5907848557309,5798.803474091787,3554.078870579365,1713.3568873251593,7975.595753857707,5436.236143552631,933.9503048404001,1285.6258057656635,3678.1186266117493,1285.8940629476265,2651.2061450129295,1506.191239248297,3406.848687172005,1807.6386101647038,,2060.1580997989763,879.2712999739949,2035.3110421484869,898.2921312370058,1023.450295270648,980.6693918128408,2744.518330226411,2221.867467893293,1653.2959024728568,853.254304780692,783.6990179291504,3030.141198102738,2080.886344247098,1192.473481361501,1932.86784797028,,2401.3651252963036,2620.0721603540533,1451.7591789434628,4527.587360895074,1485.5675202526436
2025-05-01,1536.59257011079,2433.0245336855746,1161.2358626200482,2097.772788351601,,1023.507555941817,,,,,,549.4489383230634,,1932.453333333333,1762.4480321119065,,1953.3378359187614,,273.26328768363345,1625.1933679273657,434.0936978681322,1462.1307148294145,1557.4603279877592,,,,,1369.663673939782,,,,1621.868083135082,,,,,1270.3991841561601,1655.1973540895876,8679.905968443196,2699.5651643538527,2238.2730645364877,,1457.7471493418095,906.2276698730909,1708.7345835243511,,,,1883.6588071380054,,1158.3888509416074,,,1705.597249098279,,2545.6625811749022,,,,879.3219430798911,803.5305803596095,,,1416.7184446204496,,,,,955.2854560295517,772.8677117757948,1131.7935397899048,1162.4227915410565,532.879719059892,,979.3441781024883,,,4777.93,1148.0507961644912,,,,1889.521099278317,3398.8181217752785,929.2397377544969,,,,,712.2536012643435,,,2178.0122303977023,1505.5147619047618,1042.042063157346,6522.823809523817,2312.4239312398167,,,2438.199642801966,,,1636.5696276952303,774.9867711383931,1951.7328833059526,,1334.7819047619053,2647.8194699666706,1083.5485714285714,,,1444.036416276398,,2030.7337615537365,2531.7412598079077,1116.0066354019555,1266.785904016636,,1103.3445250272107,,,1108.6581485692247,,1264.2188159281252,1204.670679180789,2430.513440577941,1751.1958130437088,2125.529408219303,1950.78404929868,2573.212057536121,,,,,2544.6479497118034,973.7337883771098,2708.2986006572664,1886.0705839843408,3902.2172968196815,11720.190379712356,1977.398690152399,6410.353946524414,3864.306890345134,7666.472982375127,4118.952764739182,3069.7248853753895,5346.181161824361,2511.337114748994,1766.5891356208651,2592.419237860691,6635.918678667436,4477.640177477754,,,1457.869492455744,,2322.396636901663,,,,1963.7944299289857,2973.4700713131515,1062.9195458938893,1117.0006110231557,960.2078249487482,,1897.5436935666703,1055.7845300510114,1252.3991051245378,1241.813191297528,1127.137739706475,653.8109077843332,,,2277.6601812806493,1980.768848502127,1087.3791385116824,11039.256926380742,,4220.161002771525,6568.542466762905,2634.0029566475832,,,2231.987737502346,,5670.351913028884,4729.588657203393,,,624.9214698067697,,,,,,,9953.356261149904,4096.7097490255965,3657.681904761903,1211.3148534871916,,,1875.5726333561677,3571.087924445946,,1995.3876612119757,,,549.6108427978637,,415.3336181642317,,563.4267777128829,534.2794445135323,,1343.9445863505466,2787.979012708459,,2144.361998217318,1768.4872005401867,873.1448665906089,,2156.7271428571435,644.8819047619045,,,4392.681706830796,3809.632226245513,541.0613100903151,764.2420148920488,811.6318742234398,2050.8091842162853,1635.4055790586187,,1392.5709522108707,702.3104449549559,1057.2098218724993,1971.0314803996955,828.1962116891797,610.5898255356566,569.1210048555366,1418.2707210190033,11680.989489812524,877.9043016925621,1710.903333028385,1372.9310396528285,1044.5656719272088,809.7184517666924,2191.0965226616613,2406.703814125942,631.2038095238102,1065.6378206138493,951.5487961127321,1078.065684793175,,2340.7539898300593,2167.8084248957352,1890.8627750728824,,,480.38258677120854,3205.5753332532804,1074.7621898794177,1071.4715949587749,,609.2123809523808,3899.0907619626805,4570.050283673944,5250.788965225838,3806.6323735326496,1717.5741825000032,1562.3062279442145,6875.432957979119,4692.459297345532,2448.3109096875082,1073.5910799877004,1300.1191706422292,2453.046559369314,,1268.8042614302112,1484.6640548562766,1199.4555306666364,11401.620349082628,5425.832009620913,4031.3904020063487,,,5201.123417183046,978.4373679599807,1840.748583157779,,5399.603524195691,3296.9305425606535,5301.7551964281965,1971.6422512415836,1694.3782801572956,10732.632683458902,7126.182840600657,3768.4330104486703,5179.553348857632,3099.285064608864,1518.3711564430123,3607.401448347354,2436.5759069223554,2425.9697083416277,1050.9824884712525,5739.584328548703,3537.5732652366783,1661.9725174543491,7888.615799199617,5390.164105086826,934.0542247215525,1326.3089395301902,3580.9818812693225,1301.5873049728282,2632.7397005956664,1540.92286551235,3541.029913597801,1691.0534872050537,,2023.6749384115935,872.7964287401188,2005.6561327798936,865.5867868061422,1027.1018804436385,967.0779356428752,2742.7826687320544,2166.256651408927,1734.1499311876769,856.7648388701077,820.9080108023904,2989.295169316617,2075.6850397022163,1185.7650260892792,1949.7038934094473,,2416.05487268417,2429.643572131369,1465.268539307762,4005.3305844336824,1505.5138095238099
2025-06-02,1597.7461633591438,2516.326901792147,1197.4772080127582,1997.0922638778268,,987.009804185306,,,,,,547.4370530522731,,1995.8099999999995,1820.02949194996,,1870.8733873371555,,309.20868187116633,1551.366400141573,423.44736376189803,1374.5839454194931,1482.7012119677045,,,,,1466.0026103708738,,,,1642.726925620453,,,,,1268.8454330065542,1661.083841275497,8699.488294662639,2667.6863385878605,2304.869876217996,1063.1827869760834,1332.7917764766896,936.2994222560116,1766.0571321188518,,,,1827.6958493083641,,1204.0767445288166,,,1759.1726774901151,,2639.8585728210805,,,,902.5316147898442,847.6893378351053,,,1457.554439013845,,,,,1056.8355085503272,786.6795882679238,1198.9622958605219,1204.549883427353,548.5165880547225,,935.2642657109703,,,5170.979999999998,1194.513136273683,,,,1880.9163613396622,3706.2805085562527,,,,,,726.0289250391436,,,2085.4623580548896,1711.21,1013.6239507295763,6360.720000000004,2392.2465432852796,,,2359.51665306523,,,1596.8747100769103,752.4151094944763,1903.942558540803,,1301.5600000000002,2548.0354382074174,1233.3000000000002,,,1492.6795179545288,,1927.1622856027307,2413.184596809348,1154.4573335348407,1311.516156154286,,1059.5856298287893,,2100.9214835069847,1063.9713920482443,,1283.9941498190763,1244.0442426974462,2473.78413322418,1832.6951512141277,2180.718099914601,1983.628914414775,2661.8774969036813,,,,,2635.2086853449996,928.6791663169358,2889.4347087566352,1883.8137789882821,3892.615588398749,12111.044934824744,2111.5657045644616,6634.779092453757,3876.4929722148972,8158.528889777383,4246.264696902424,3118.856791252528,5585.621591181931,2721.913221106924,1829.651863039623,2643.55368171818,6866.295349332328,4743.865684560877,,,1508.3856369530515,,2386.7959932813856,,,,1934.171802418738,3243.1824369626797,1025.2337057610268,1106.0096703293566,974.3037426046538,,1851.8331018414606,1100.8218560419332,1339.7410938348532,1216.1194941936133,1181.0239207647087,668.8730489018268,,,2177.197819767442,1883.7931511216857,1109.9651359425388,11391.475271897878,,4372.062229770451,7044.371462233529,2601.1840213442715,,,2141.0074518672404,,5886.501322179865,4565.602221001006,,,609.6008159479189,,,,,,,10600.380241336543,4362.744301733434,4015.7199999999984,1246.2915734252313,,,1864.8476593182122,3634.3474201428717,,1973.22049672967,,,531.7201104733496,,428.8057524169211,,537.5390536583881,,,1396.1426980850388,2750.7693363228095,,2054.066043509224,1688.8834162689202,850.7351604562919,,2365.96,625.7299999999998,,,4921.724545162526,4234.435292338777,514.9756585584541,790.18929373007,838.1992863736916,2116.0141018210297,1810.2167017441943,,1439.2538142960566,674.1212718556861,1091.6932750624676,2134.621477338919,849.5758299694515,581.487639583424,530.7800959796372,1464.9853560216663,12066.558026310626,858.8910863524316,1827.110098960634,1418.8683636277838,1042.1677456578964,790.8385923283638,2094.7597677598537,2503.4908127407916,675.9300000000007,1020.7171576278143,912.9089796416707,1032.847107097858,,2233.057546943,2029.0794013107652,1757.919363184104,,,,3316.2083349705654,1029.7905471092522,1025.2924269239188,,579.9799999999998,3927.457548716722,4724.890578435295,5487.325635027783,3902.4620631091248,1649.0049154475162,1482.2351235874514,7276.997932783233,4552.951824232174,2370.505212993746,1108.800178968065,1341.226356311439,2521.4669442999198,,1208.402641800448,1537.4463072657377,1118.463074883451,12431.928724568044,5061.2870208636805,4052.1890008571954,,,5504.748974026918,930.9642228677146,1813.5587769665715,,5563.950374993436,3316.8474676899104,5488.548926970333,2097.8501796291553,1700.0057538867718,11090.395902194492,7612.196531504463,3759.1203618109607,5501.754581432297,3240.559446971476,1566.342669517469,3588.846553071749,2533.2851773324296,2508.767405257987,1006.8942562619737,5939.030995339311,3512.6520616425446,1713.8325028864854,8435.886128297303,5578.925102789518,962.7722778034627,1285.9004632007284,3769.139362785119,1343.667614212747,2626.8967117218963,1580.070360016802,3844.6831297999497,1658.0729310252616,,2027.5130941099878,876.9289299484174,2076.1130660113763,832.8278835888364,1048.244102606761,1006.4069389331332,2901.631018522309,2359.445346826365,1674.7519570286108,846.9924144515147,818.8369709703753,2762.486071831572,2181.474319589959,1233.830567290975,2025.9092812492208,,2558.3782607028384,2475.8809920109047,1539.4774556724492,4624.635412387502,1363.8400000000001
2025-07-01,1591.8397197824856,2484.381391824082,1177.1192284829149,1918.0647761059279,,952.0811012282927,,,,,,527.0743918610447,,1966.3799999999994,1776.4454904663096,,1787.9584826006023,,300.72186706823135,1492.049169067769,406.5585925216189,1327.5367645850665,1423.7122941679027,,,,,1462.1179394990888,,,,1596.460451098867,,,,,1239.2215851571632,1628.36631403862,8480.51453120439,2562.6088159707897,2236.9538271203123,1051.148111707017,1276.9037514010363,925.8922668153607,1728.0062540772406,,,,1771.8952227935001,,1197.600638711945,,,1721.2653022001018,,2613.2017797668636,,,,899.4755825502033,827.1088322726366,,,1412.0138489824164,,,,,1063.1352435202934,774.1865676820206,1170.119047304924,1322.3101905477063,533.8257985792915,,895.7172901028216,,,5176.879999999999,1163.0498194474355,,,,1793.0821974410144,3768.504279625621,,,,,,718.4352492333503,,,1986.0359190298038,1670.5700000000002,1045.6391908215892,6177.510000000003,2359.9041352565655,,,2284.567006775128,,,1541.0709244822103,722.3327546512021,1837.0933790035476,,1264.2,2526.16213267199,1204.8850000000002,,,1466.5403979309692,,1849.3940644734419,2311.6844552420403,1147.2275652242388,1286.7032747673552,,1023.0851411390364,956.6976045467533,2146.268868372749,1020.7291499556522,,1225.3114730539487,1207.6185971661257,2400.9788849004053,1778.4446407382825,2129.074605550269,1936.7757963614933,2597.788759856899,,,,,2608.335639913295,892.2870680178519,2895.6272743628524,1835.253561235744,3792.130094116505,11986.432543602255,2119.4112280177105,6563.393556870517,3772.5878190713597,8177.054850366345,4197.99585282872,3057.4692037614536,5565.3168474918,2703.5619749119514,1788.6381919274386,2568.7512942788408,6792.6825605503,4747.599088913477,,,1486.639762378094,,2314.0058511535894,,,,1863.3958913493402,3310.0279170500603,982.3356203002999,1071.5246186211418,974.1444061572597,,1790.2498344430358,1061.7199542708065,1334.570119023974,1164.0709486213382,1133.4264872187598,645.691058317928,,,2105.239147503539,1809.328709763079,1078.7026231069374,11055.536388541961,,4343.0337245968685,7061.61590424117,2539.124742289033,,,2038.5697309987645,,5869.528124777909,4621.996932903372,,,586.3918158246313,,,,,,,10635.518449555486,4377.085442601643,4094.3999999999987,1216.827478342463,,,1809.2812962064045,3534.7889777253013,,1895.8466923597805,,,517.5998968668117,,422.0941260181198,,513.9952695938365,,,1385.577993564401,2651.1546890159675,,1963.1544782796122,1614.1055896057767,820.2625089320825,,2354.88,655.2199999999998,,,5223.866615373914,4495.358206837766,494.5113064169709,779.8904688467169,820.5318927916172,2083.705201428124,1853.2675975849882,,1403.8467978600504,648.38510463997,1059.7663179852188,2153.9175563408808,829.412734437335,557.3008903871249,509.0605091752597,1447.8213869753588,11941.39724521367,821.477365484684,1833.7224710441733,1404.2280513728983,1015.3381704849648,761.3386268983917,1998.8899246863555,2461.380737322544,670.5000000000005,975.4719670929793,870.8847471712352,987.3169175024806,,2134.6434373521506,1947.8766252170606,1685.4692098791313,,,688.0502462549226,3274.462616333008,984.3677165702469,989.1837613562905,,,3834.812367228433,4612.852799536816,5405.114035777003,3786.1128862722585,1591.7898376160806,1442.054375829008,7090.596245574371,4335.435829274302,2347.1908330956358,1093.9801973591757,1318.5317480292779,2444.656019436098,,1158.192237861272,1507.020933533399,1072.996202913396,12644.976511109508,4879.347094570165,3973.412247417798,,,5425.076049655074,893.6748319958657,1748.156791867865,,5444.07256397185,3206.10401384139,5429.732900130667,2103.375087573483,1654.4921599357137,10976.141595909095,7639.7352390817605,3662.009306263174,5468.9241338795255,3263.4062983375993,1550.6851570838232,3445.322438124948,2535.095946420372,2477.7385200093368,957.1231466623462,5876.741077349992,3424.7405106509605,1694.2310587064665,8451.799099295878,5528.317916262524,945.0684877545535,1245.8158786887634,3734.148379164255,1323.235133339666,2573.7481865525065,1549.7111526229482,3975.4171970499865,1658.3362303312806,,1912.2866248959629,857.7103579376019,2064.3957520714707,823.0260596128644,1010.8339237163033,1005.7492335486775,2854.2182817979483,2406.9035419634347,1594.9217303017633,815.1743313399065,787.6116068855488,2650.5414642595715,2120.177625886004,1302.3928792760123,1941.4610628390042,,2503.0920347585034,2504.505304685353,1535.6387926201526,4867.410546702284,1303.2499999999998
2025-08-01,1824.7916258436974,2834.5078122548252,1324.094187736277,2120.9982385609974,,1053.9961033460397,,,,,,610.557394364813,,2258.6499999999983,2060.079282802042,,1973.943380323658,1379.9800000000002,358.4319692753894,1652.4437721622148,451.60476991001497,1469.341531702607,1574.9270888416997,,,885.7855324510665,,1629.5908818085368,,,,1828.0998165109481,,,,,1413.6534625770855,1860.6302795824545,9717.678190144032,2935.536942749952,2541.478815893912,1210.5007350705703,1404.6740011337622,1059.6736193888921,1927.5611575626572,,,,1979.2993611837808,,1372.6059654631074,,,1918.7297562670583,,2998.062789731561,,,,1014.2185017037261,930.51,,,1559.4227330643894,,,,,1233.792100400165,864.1327705639915,1301.7583026841737,1565.2226008846421,585.9137791700518,,988.378379907243,,,5911.209999999998,1302.6191373258307,,,,1999.013129184226,4447.809999999998,,,,,,816.1950739283363,,,2192.2095040068966,1995.8600000000006,1145.4981406867519,6769.970000000004,2709.0799999999995,,,2578.0922834240077,,,1715.2781002185297,803.6369142484158,,,1385.78,2893.6356623175916,1441.42,,,1642.3800703721106,,2042.7485749353593,2553.545761805864,1313.222571561563,1439.427200136187,,1137.5522805712994,,2504.7837228095564,1129.9281546851164,,1342.2221192143336,1386.786729468725,2764.030458196918,2036.6704999790204,2449.856862288813,2247.031388216216,2965.490438218242,,,,,3001.687198597689,987.8824623899958,3353.242159035097,2091.972263087478,4320.490369690765,13781.842024151905,2455.8935165125067,7545.843466271507,4287.14862418107,9491.191895328126,4859.369459151434,3572.620425807873,6386.073364372505,3071.851302654067,2048.139346338953,2949.0861216104704,7810.413976752357,5508.71496560523,,,1678.018097109485,,2669.6156027664583,,,,2080.463818145294,3900.2906956450156,1085.7101932889266,1203.7795806552267,1141.345452714221,,1993.234021968171,1259.5431151194753,1606.364873795922,1255.9302857036832,1357.0267492476416,730.1195284998082,,,2337.0469235328424,2002.8319517471512,1233.6171070518783,12689.701310521621,,4997.9863593483515,8192.269987981756,2878.1033293558644,,1599.3591232694048,2247.7930262229156,,6775.770925985998,5284.6544611843265,,,664.6763060593036,,,,,,,12276.690984710414,5053.154675311722,4750.12,1389.9020272218493,,,2040.2891798311148,4033.9502996917863,,2095.595580409995,,,585.7860499228698,,473.2636148317543,,570.8805679331342,,,1576.5862146901638,3009.966578994227,,2167.470345386789,1781.2857136145647,912.5041764350781,,2697.2200000000003,753.5799999999996,,,6299.582907318002,5347.494427877659,547.1130670031386,876.1442130472342,936.8411641813761,2398.301617108277,2232.408947475059,,1574.7606561668165,719.0704425272847,1216.988161258578,2488.812938679379,954.4503998667906,615.6851424883994,561.1666899908719,1664.4907826247988,13728.652812025204,933.867147441752,2125.066330169149,1614.470520668429,1156.6604028658344,848.1598619421679,2214.809081551211,,841.1400000000007,1076.7776056620671,960.3428952401979,1090.0698178115017,,2370.1234849965094,2148.4988165455115,1856.8834842695965,,,824.8783660458159,3734.336449363971,1086.8756120022365,1097.9183709976378,,,4387.201188138094,5314.091282811772,6191.542964478502,4378.949520033487,1769.305786870377,1602.8038445674092,8109.699713774026,4772.406563717562,2648.777859848378,1229.1164683535196,1484.72,2801.6672579612596,,1279.4405014215338,1688.8432988799964,1182.8894394451288,14919.676557875577,5401.012388789923,4514.664224397817,,,6295.242055356863,990.4167715685239,1948.1627681024424,,6210.657267738192,3649.4506288231482,6241.657474417044,2441.3771532927567,1880.751217909403,12619.897569174118,8855.340333875363,4171.7666326923145,6305.708520333533,3742.3709170302186,1742.758416896398,3899.038781078573,2893.3602187531496,2828.2073291350835,1054.0525564076488,6760.069661477562,3888.991366458757,1962.1135093824466,9799.557186280548,6338.013007932492,1077.0302525596483,1390.650402973642,4322.726151707575,1492.0879155834868,2937.2078646627583,1744.3325109022019,4720.803287082598,1894.65154941389,,2274.297042466334,983.9352702838775,2340.460043368343,934.8320583278207,1149.742302905214,1162.1336551728407,3299.0960858813087,2836.998757214552,1758.526025986429,905.9692370413217,895.9564226521908,2931.9439505035607,2426.0320553458755,1608.2455031252307,2211.7955941994865,,2856.34281292807,2806.8764002816515,1762.7909411464134,5838.057505099614,1411.38
2025-09-02,1774.9249181207883,2755.7031978180453,1288.5989035992454,2048.7541414946386,,998.2325836509953,,,,,,612.8828806236963,,2195.909999999999,1990.0472194445156,,1890.8130170075278,1313.19,340.27623037641695,1598.5107272395633,432.6755717057693,1425.656281929858,1520.5909742160118,,,854.017774262348,,1511.6345084092397,,,,1766.4709832085186,,,,,1367.585389666368,1807.2924069233766,9339.4782739596,2848.488022124877,2592.058532199001,1184.3826998141305,1359.3418610510396,1028.9167241901528,1876.56939881777,,,,1927.3179088027266,,1318.7401883830446,,,1864.4253433260465,,2918.3114735363356,674.1400000000001,,,987.9142937557756,883.6099999999999,,,1583.1156065844748,,,,,1199.530719319196,847.3974940674294,1264.1983389976963,1494.6778802043584,568.7502972377274,,950.9210393512041,,,5699.629999999998,1243.8695653141788,,,,1930.4366419950695,4340.339999999997,,,,,,794.3643236537184,,,2100.5600000000004,1901.8185714285728,1218.9623919897024,6514.730000000003,2635.3599999999997,,,2498.9895151535115,,,1649.876689122389,772.8499999999999,,,1333.58,2854.511297007989,1371.0700000000004,,,1602.331835619042,,1976.640920752496,2462.8184485081265,1275.62975969323,1379.9010123246899,,1101.1766599730304,,2452.618837922388,1088.3469951479917,,1289.478919517338,1328.2390001286844,2636.106948120917,1958.4626874865512,2379.9977943985814,2190.3934450273823,2871.9141636968666,,,,,2917.159085996376,953.990270207678,3276.8092765531337,2019.5504883184917,4173.265232935324,13402.80508215558,2401.8238681637026,7332.743597944311,4119.716711097485,9319.37531349346,4734.784512448385,3463.562996984444,6252.875693868557,2948.0762335150166,1967.4406311807882,2833.961485898087,7590.691623070097,5407.8201178466925,,,1633.9408255438564,,2563.380811190674,,,,1981.7480986705878,3822.397015052138,1041.512541547285,1150.2961423702284,1113.319894385233,,1918.2202559877194,1206.823933172402,1543.9378831526344,1208.354388239602,1286.6964182331405,729.9120411959651,,,2263.8165877875454,1934.9164721753189,1233.5627759586425,12153.180969664762,,4872.314888101065,8040.490854634945,2757.9659715684843,,1360.0832836939883,2158.5421233723187,,6632.948879265232,4999.977180303392,,,643.726308416126,,,,,,,11962.127338519851,4924.1606908636895,4465.449999999999,1352.2139509493447,,,1966.204090286281,3869.1604214630056,,1997.4698286224896,,,561.7709497962966,,461.0708101927475,,550.5573127928998,,,1545.6521821972854,2902.2736315830716,674.71,2076.3246831964284,1710.89274354315,877.8054300971644,,,728.0399999999996,,,6141.2890547157485,5145.524893223956,,854.2673766385269,912.2490590295098,2314.8884220360965,2162.592512828399,,1509.3450362945173,693.8856246947831,1165.5231913673947,2443.1845683459087,927.4001548673988,594.2786623216602,543.4175412688382,1617.5366475908015,13349.233948199451,898.8885090832737,2078.497675312458,1570.0968357835422,1117.3903349276538,813.4697599866568,2131.005939664675,,818.7800000000008,1031.7526240356915,923.0987744580511,1044.104923269049,,2285.9348460792007,2082.2943594765093,1796.1472329098324,,,789.4626829387436,3631.1639541523723,1040.9147122226314,1062.049928391815,,,4224.641323612142,5130.827231255788,5981.179582140659,4227.302177587501,1712.3702522958445,1557.9752921206366,7914.975890768461,4588.650840086075,2505.8945820700847,1198.0114895240379,1446.8900000000003,2680.37265687992,,1234.9645859860364,1621.3180235816387,1145.346506524764,14558.55079622475,5177.162337057319,4350.505438229207,,,6055.361677372059,957.2332931149642,1860.1671654641862,,5973.482438182034,3536.071906445007,6065.580663339499,2397.1096517535034,1806.898799959593,12271.911412058616,8659.018017975288,4031.4227038080353,6009.195756506757,3695.5982407870197,1739.3933463797198,3843.2794781892817,2817.2938295203558,2751.0403372282267,1012.7566720828336,6571.7736719159475,3743.521922242455,1912.413992291288,9590.4618854748,6166.030134064895,1048.2225282101563,1353.5854129691159,4185.564924473835,1454.04299643647,2836.5701253700813,1718.2065110427407,4531.751357924629,1850.037866142395,,2335.6144608872014,930.3103348348868,2289.5923538071866,883.7137620697873,1098.0713932827234,1141.628697900787,3157.4903051326423,2755.458460756048,1689.8889421761696,858.0866676944656,882.429114526041,2796.032977502068,2375.1826653311045,1650.2983753780952,2148.3394188302773,,2734.3115509502304,2605.2272567632685,1736.9924444846083,5830.096345056967,1364.2699999999998
2025-10-01,1860.6237541104272,2836.4011055073306,1325.9250592974226,2076.5704316680485,,976.9236171113937,,,,,,657.1159742958122,,2261.109999999999,2092.859836191512,,1897.7156454254853,1293.4799999999998,333.2170732645581,1619.6426142293712,435.72993456491986,1461.186645430644,1540.752214040272,,,870.8652058848361,,1573.08312178649,,,,1842.3657132079186,,,,,1402.3243663950545,1846.0589029234254,9599.083097548202,2915.602815245316,2692.0396578547575,1221.6648721882684,1410.067626865985,1079.6360273303828,1909.7749335474437,,,,1963.1034687731326,,1367.0378728414432,,,1898.9666395949957,,3000.7651559317446,685.6450000000001,,,1037.7872306035845,866.63,,,1626.811084995858,,,,,1250.4830522325785,857.1581037474295,1352.776681146794,1600.0598621159468,614.0723150511485,,964.7639887845665,,,5927.79,1262.8666655827196,,,,1939.9416031415774,4520.309999999998,,,,,,836.4926269702563,,,2101.7800000000007,1866.4900000000007,1462.8601314127593,7110.310000000003,2707.36,,,2526.6688078273905,,,1668.8880399123846,777.4799999999999,,3669.369956545352,1455.75,2974.109163487628,1350.5200000000002,,,1637.48201420991,,2004.5322375490487,2483.5336546555645,1334.5202508605644,1396.1731503040319,,1117.6294282107635,,2584.4612361051954,1096.3230445040674,,1275.7635053429092,1366.6444816520138,2715.2753703964054,2013.1039102065688,2473.9012087725764,2301.4512208406354,2953.666856022789,,,,,3005.710271081386,966.5853951345609,3393.845385339914,2060.744368686875,4255.3869118224375,13786.88520641218,2488.438169723148,7547.847120597642,4216.6109250367845,9643.874034961069,5007.381223703651,3665.314504344568,6607.596197812067,3007.3656842196983,2009.6213016730728,2895.505901091656,7822.017328086346,5610.6183013015725,,,1681.669120271902,,2627.79852163087,,,,2008.0308353282985,3979.29139202121,1046.102183333051,1162.8288356151356,1147.48056748261,,1943.6116268261435,1259.687066400009,1625.280137403002,1225.9216222061932,1344.3846613442265,803.5606028190999,,,2304.524357477371,1968.0315623121858,1321.7372010894278,12500.151308317094,,5028.653034987706,8282.361259147385,2833.7363137728266,,1251.4001976670995,2202.7748867004416,,6858.034783702229,5333.901516958202,,,656.6054876717656,,3144.623924557179,,,,,12325.225476396101,5073.805232352661,4650.859999999999,1389.1352879277076,,,2044.9055658010234,3929.9769431022014,,2059.4883066380035,,,565.8910902951602,,471.12452629859524,,557.2565394812792,,,1573.7419314235387,2901.4864112757705,736.56,2083.8421408987156,1719.641916492154,886.8898055358674,,2804.37,816.6199999999997,,,6448.844499531182,5418.630705497474,,874.8180464934958,949.8356325436223,2370.36129194912,2262.9159240469776,,1523.083196287103,701.2035354411864,1199.1054891790811,2512.7654544761076,963.930194987612,600.1442770918126,556.5506175720207,1663.9990956751437,13730.139406593913,910.8163867477016,2153.5875580972784,1614.9942521365133,1139.4297782958656,819.8893023616075,2144.362912072016,,897.6400000000008,1035.5776909540368,942.2701126722739,1047.0164216264436,,2313.3635854967433,2128.4181753830476,1842.4887951749038,,,903.0808477800911,3730.1107515502867,1043.7229958483365,1077.9498800345605,,,4293.7287674679665,5323.360153787328,6254.579313976484,4360.174577029139,1738.5563076304582,1598.1851879017115,8268.402828042765,4516.842814075764,2602.3400158057875,1226.543630088875,1487.0636,2740.7194523987346,,1246.9949770604035,1641.384605241861,1172.9613044613322,15164.681257881124,5323.396285971937,4469.482103156284,,,6100.1878929534205,972.9138712925558,1894.018211037524,,6068.833073626248,3595.0953189376714,6245.773360579129,2480.795856207634,1850.2870307517792,12623.314603776944,8973.902899927865,4110.5861415160525,6091.603431334361,3929.460282675391,1793.0915111972308,3825.6960555919986,2907.737696402565,2833.0903413546835,1034.6795991093732,6774.804548702882,3838.3505654953237,2022.8022296197148,9892.948284444006,6345.560658343505,1094.6211590395856,1376.8662410233599,4366.530521211014,1496.584384293599,2917.51065623357,1749.5355350971709,4683.004343942951,1999.7110398872135,,2389.57209321341,940.1521971077035,2439.8217349141323,918.481414676634,1121.7034006413035,1185.3074360526493,3171.3780060680683,2851.890519129516,1649.1893013369843,866.7504239956487,877.2792436332034,2860.510222069275,2485.2108752780055,1837.1597233048342,2207.1162323187773,,2806.5082814270586,2742.847392572093,1818.4764388590183,6410.440367277512,1416.58
2025-11-03,2029.2757448167863,3047.6371223183696,1430.0780269773823,2193.3517647733643,,997.1656670902161,,,,,,706.0488952390322,,2400.83,2165.723660468114,,1994.6148984010215,1367.59,350.6620800467416,1707.239044775935,457.6003009554978,1556.9662949000103,1626.891565446444,,,928.325939122099,,1683.2425679906721,,,,2018.331808742418,,,,,1492.7832278842986,1952.922128668342,10245.22885575897,3071.1827821873753,2900.2957615526184,1307.070238175972,1509.0890633857525,1180.6605984831665,2043.078312099901,,,,2081.8091856258525,,1515.6299058084767,,,2032.4412736433592,,3223.1572784050322,684.52,,,1105.3416697042728,918.2900000000001,,,1738.4441198082677,,,,,1373.9253552176663,915.3489948245734,1424.7380009702456,1895.4286032151472,640.0781757517566,,1018.1433763213985,,,6179.799999999999,1370.7040475609708,,,,2040.4365331097767,5015.11,,,,,,880.213477089791,,,2201.66,1971.44,1658.526474704641,8206.190000000006,2871.84,,,2646.413095720835,,,1751.705383150844,812.0999999999999,,3815.3827407348094,1680.3899999999999,3377.371495785459,1427.96,,,1747.8502376323368,,2114.4235218831313,2612.715163811814,1453.6083819477797,1498.0938396755525,,1178.9637541461886,,2846.601990251933,1153.5291809186597,,1329.4903833224264,1427.6229020404753,2830.328539712448,2106.108828541128,2604.51986399337,2428.4554279225977,3103.4303522157643,,975.6869818974392,,,3221.2047358193045,1020.7124228073397,3649.3129063595557,2200.3951891227343,4550.186376857298,14797.884029022456,2679.0161786744757,8084.285557002971,4472.946269393394,10418.61387309938,5392.989345952558,3904.2996014812416,7189.111904248884,3135.694736513464,2110.5029562007185,3048.174956614496,8377.845604022057,6088.609881402186,,,1806.716663584678,,2703.0338894570673,,,,2099.7828612102862,4412.189945702487,1099.5261248892136,1228.92633005767,1238.569402164967,,2072.471110862959,1261.7021414749768,1666.9245151153198,1267.6789716202115,1342.3487962092495,846.2181062409775,,,2436.13384532723,2080.183487953772,1403.5005572184343,13055.662210965309,,5414.407632440964,8979.77830673441,3016.7818790743945,,1194.2569923170927,2337.6047445939607,,7393.954712103388,5732.744661613597,,,684.866591969631,,3444.46,,,,,13430.926069873603,5529.224392661396,5188.704999999998,1472.85844867293,,,2170.5768459968554,4153.819432868206,,2169.743743614767,,,588.0957153424637,,506.1958551127081,,585.8647008207564,,,1657.4128988289758,3042.800971852148,850.25,2190.5406152173045,1808.4779931868018,930.771530098759,,3003.38,982.64,,,7589.232174636305,6381.840208671447,,938.0319855550274,1024.2710164172913,2500.2500000000005,2480.2,,1626.2599999999998,738.507205609342,1252.7993975114193,2664.0499999999993,1015.0579998713355,631.753060973964,594.0050368529281,1782.5901667992548,14735.152472833184,945.7893425230811,2318.6641260588285,1733.4466601990518,1218.3622302367062,874.8796710807675,2249.2271775837003,,1035.6400000000008,1088.464495085958,,1100.532874419163,,2431.541476980854,2264.9222600415924,1971.3745477501625,,,1102.5586816295367,3995.3278464904392,1097.1136563869072,1138.4618491849847,,,4436.414564707131,5609.261820280117,6658.673950899147,4556.489309823128,1833.2817925098648,1698.1409453989368,8594.570344940157,4679.123096102422,2704.042748707588,1315.2604834605588,1593.1200000000001,2820.3276258135247,,1312.7728928174315,1760.2457382318244,1252.0392493035806,16821.456410417733,5888.375356526097,4757.985138914434,,,6525.467259817423,1026.7563168168642,1977.2724816235313,,6411.288415059341,3797.3550107326973,6688.270024927458,2680.1558867656067,1962.4419127780816,13548.467423012798,9661.697879550895,4394.949640176539,6441.8303824074965,4082.0356071883125,1926.4125907451653,4281.855053814706,3069.762391991977,3037.549853405569,1098.2681964406809,7260.073087997428,4083.3818190118413,2178.8858390323758,10680.100505132054,6812.868617960664,1180.823859260285,1460.498371606741,4633.483535969929,1607.5246557091573,3078.0344350535865,1851.3998494484104,5368.724482590223,2355.6137119119235,,2371.678517287674,969.0988900559913,2534.844632271508,956.4600173406853,1159.9499131438831,1279.7324014751807,3374.577318994384,3182.3226858199914,1710.8865504440355,909.0655865927403,987.2859249294355,3160.0648992449946,2601.9176633530883,2206.0817960254426,2295.185840657412,,2979.776563131773,2800.7330645849147,1854.6327197925186,7489.153576307507,1520.6299999999999
2025-12-01,1654.6680289874644,2489.353513551848,1166.7278240372398,1793.410887661752,,838.283672172808,,,,,,574.912966329497,1584.604243251197,1963.8299999999997,1750.2239419581913,,1637.0115093595207,933.74,238.80103455091393,1397.6380164244963,376.56,1263.0147375914187,1330.5356992494828,,,766.8627986471577,780.466582821108,1332.920619068698,1064.112366100434,,,1612.5118853253164,,,,,1219.9427420135785,1587.3126273676735,8431.044382957087,2493.3332275141274,2459.78654584592,1076.251144650965,1215.9168573768084,966.200260326568,1662.7320407375644,,,,1717.182497155279,,1255.837912087912,,,1651.2407804161307,,2639.233119290817,430.11999999999995,,,905.9391227167789,726.12,,,1430.8896168553847,,,,,1102.7117272466357,751.3315135686994,1183.4870877017077,1636.451747129395,564.6959314269423,,830.0608177062028,,,4848.459999999999,1111.3985520725496,,,,1639.9092490043292,4042.189999999998,,,,,,707.1798048859422,,,1800.7700000000002,1344.6699999999998,1346.6757923691625,6756.550000000005,2341.2200000000003,,,2157.0044769283663,,,1433.3835883828888,661.19,,3101.3176792550885,1383.5900000000001,2955.0314924083746,974.7449999999999,,,1420.671864889865,,1732.3464705807585,2141.946491103093,1189.1613783030093,1215.5494547737746,,963.5180699906268,,2309.1097372909726,945.0835492993566,,1119.1638938085073,1154.6816782355068,2287.8113019752195,1704.8402294871753,2099.7404839247342,1969.0442765649661,2487.2391240553925,,790.0148729977217,,,2627.718686857191,835.3063752860505,2979.595848021266,1803.3885665811556,3731.8746258312385,12110.315529712892,2188.0310331868723,6602.180829171735,3665.088816197007,8479.121518135087,4306.153249182126,3141.4575675822775,5698.616664254152,2466.4142414346743,1698.015162093922,2470.3482547031144,6836.121773466993,4964.039637182521,,,1472.275090244582,,2208.6349293198246,,,,1695.5135245987055,3570.3465473757537,903.5009199093529,1006.7677225416168,1020.3261975359381,,1724.696773488712,1024.063721376862,1380.9144713383494,1048.4436509773604,1089.4838379965456,649.9162543234547,,,1980.0676507473602,1703.955401288194,1117.8770608895602,10557.542235710729,,4444.606101737353,7361.100805549072,2466.031768245945,,708.8116550217668,1919.1165625900285,2319.3464369607937,6085.0992201402605,5027.682950551102,,,550.3815561972557,,2721.85,2554.58,,,,10966.676244130524,4514.999430369084,4106.3099999999995,1202.360086134167,,,,3355.509486206875,,1772.6971257525622,,,480.412313901796,,414.06920124142425,,478.3102120396154,,,1335.7244613737034,2460.3450179688707,700.0700000000002,1798.0546964913478,1482.8319778809105,761.4922686337713,,,827.1200000000002,,,6206.010284788416,5209.377125667223,,765.0212792999077,832.5706383374636,1987.5500000000002,1992.9599999999998,,1320.8000000000004,604.4712408084614,1013.8189030926627,2126.1899999999996,818.492760552696,517.9085810099432,483.2994462868576,1457.371603485248,12057.674490685808,759.9454595198401,1895.3686817875446,1418.5899787741373,999.6943253486645,734.1281207845915,1839.4620164073233,,876.9500000000005,893.325761976598,,903.5162585298044,,1985.2047047911528,1846.9287320156964,1600.684710808195,,,789.0812539338209,3260.8003877918813,900.7460479046354,928.3078497842291,,,3505.7558252315534,4504.957862348703,5304.90045328012,3683.585369106949,1497.852158383524,1370.9405081108237,6889.687714221695,3760.7528901040705,2251.239815770099,1073.6832315521624,1300.02,2283.583356045609,,1076.2024793757641,1428.515501037471,1018.7346099550308,13544.692415926658,5049.5734654649905,3889.043266057926,,,5255.195633176251,841.7681715193256,1598.8950646054325,,5140.197169772999,3098.5006624195466,5461.155785608449,2181.458584301144,1608.0047156245168,11087.667969646925,7890.01874810526,3605.157936287451,5044.976520650764,3297.5413010843345,1583.6499682112476,3450.641704683285,2470.730992516588,2478.030959953453,901.8782388771425,5925.401989893391,3335.5175990396656,1739.8614345643787,8712.912577965391,5571.952158405246,959.3593036893382,,3688.823787944406,1310.5558184527522,2519.5758025858527,1537.6275717954263,4142.46219588459,2050.807931254369,,1870.4910237680103,773.5260503180892,2021.1095014515683,798.6217531497147,939.0616462524001,1055.0688899806182,2726.092389897139,2571.902886518681,1375.8537238686738,729.8502800219014,796.0740931694305,2713.2347118486405,2091.0334296267883,1659.1783047740491,1817.7482968652398,,2426.3916264798,2328.972027198619,1444.675563930917,5689.607648450727,1222.31
