,AAXJ,ACWI,ACWX,AGG,AGZ,AMLP,AMZA,ANGL,ARKF,ARKK,ARKW,ASHR,AVDV,AVUS,AVUV,BBH,BIL,BITB,BITO,BIV,BKLN,BLV,BND,BOND,BWX,CGDV,CGGR,CIBR,COPX,CORP,CQQQ,CWB,DBC,DBEF,DBEU,DBJP,DGRO,DGRW,DIA,DVY,DXJ,DYNF,EDV,EEM,EFA,EFG,EFV,EIDO,EMB,EMLC,EMXC,EPI,EPP,ESGD,ESGE,ESGU,ETHA,EUFN,EWA,EWC,EWG,EWH,EWI,EWJ,EWL,EWM,EWP,EWQ,EWT,EWU,EWW,EWY,EWZ,EZA,FBND,FBT,FCPI,FDN,FEZ,FIXD,FLDR,FLRN,FTCS,FTEC,FVD,FXB,FXE,FXG,FXH,FXI,FXL,FXY,GBIL,GBTC,GDX,GLD,GSLC,GUNR,GXC,HDV,HEDJ,HEWJ,HYG,HYLB,HYS,IAI,IAU,IBB,IBIT,IBUY,ICLN,IDEV,IDU,IEF,IEI,IEMG,IEUR,IEV,IGIB,IGLB,IGM,IGSB,IGV,IHI,IJH,IJJ,IJK,IJR,IJS,IJT,ILF,IQLT,ISTB,ITB,ITOT,IUSB,IUSG,IUSV,IVE,IVV,IVW,IWB,IWD,IWF,IWM,IWN,IWO,IWP,IWR,IWS,IWV,IWY,IXG,IXN,IXUS,IYE,IYF,IYG,IYH,IYM,IYR,IYW,JAAA,JEPI,JEPQ,JETS,JNK,KBE,KBWB,KIE,KRE,KWEB,LIT,LMBS,LQD,MBB,MCHI,MDY,MDYV,MGC,MGK,MGV,MJ,MSTY,MUB,NLR,OEF,OIH,PALL,PBW,PFF,PKW,PPA,PPLT,PRFZ,PSCH,QCLN,QQQ,QQQM,QTEC,RDVY,REMX,RPG,RPV,RSP,RWO,RWR,RWX,SCHA,SCHD,SCHE,SCHF,SCHH,SCHP,SCHR,SCHZ,SCZ,SDY,SGOL,SGOV,SHY,SHYG,SIZE,SKYY,SLV,SLYG,SLYV,SMH,SOXX,SPAB,SPDW,SPEM,SPGP,SPHB,SPHD,SPHQ,SPIB,SPMD,SPMO,SPSM,SPTI,SPTL,SPTM,SPY,SPYD,SPYG,SPYM,SPYV,SRLN,STIP,SUSA,TAN,TBIL,TFI,TFLO,THD,TIP,TLH,TLT,TOTL,TUR,URA,URTH,USFR,USIG,USMV,UUP,VAW,VB,VBK,VBR,VCIT,VCLT,VCR,VDC,VDE,VEA,VEU,VFH,VFMO,VGIT,VGK,VGLT,VGT,VHT,VIG,VIGI,VIOO,VIS,VMBS,VNQ,VNQI,VO,VOE,VONE,VONG,VONV,VOO,VOOG,VOOV,VOT,VOX,VPL,VPU,VSS,VT,VTEB,VTI,VTV,VTWO,VUG,VV,VWO,VWOB,VXF,VXUS,VYM,VYMI,XAR,XBI,XES,XHB,XLB,XLC,XLE,XLF,XLG,XLI,XLK,XLP,XLRE,XLU,XLV,XLY,XME,XMHQ,XMLV,XMMO,XOP,XRT,XSD,ZROZ
2019-01-02,,,,,,,,,,,,,,,,,,,,,,,,,,,,,,,,,,,,,,,,,,,,,,,,,,,,,,,,,,,,,,,,,,,,,,,,,,,,,,,,,,,,,,,,,,,,,,,,,,,,,,,,,,,,,,,,,,,,,,,,,,,,,,,,,,,,,,,,,,,,,,,,,,,,,,,,,,,,,,,,,,,,,,,,,,,,,,,,,,,,,,,,,,,,,,,,,,,,,,,,,,,,,,,,,,,,,,,,,,,,,,,,,,,,,,,,,,,,,,,,,,,,,,,,,,,,,,,,,,,,,,,,,,,,,,,,,,,,,,,,,,,,,,,,,,,,,,,,,,,,,,,,,,,,,,,,,,,,,,,,,,,,,,,,,,,,,,,,,,,,,,
2019-02-01,-0.0215239352875563,-0.013846147451184995,-0.029558759189559004,0.024528607458386545,,0.3039557469076761,0.7867257889542563,,,,,0.007599297464906139,,,,-0.013029480934347158,-0.006625358150017578,,,-0.025947374128835705,,0.21012675493856783,,0.004285404636274695,-0.009058110250076828,,,,,0.015561100243021651,,0.4466363038190162,,0.06279258346232325,-0.0017200823766112434,-0.5762462794472649,-0.009305902105746762,,-0.17591058378276886,,-0.03277183864929011,,0.03440100922242066,0.10944681898585515,-0.07510890837457147,,,0.02522083384663946,,-0.06839727865641465,,0.008789849770215444,0.17333482375813145,,,,,-0.2607428547708087,-0.26431178352738466,0.019936638915933377,-0.0740666009591366,-0.5048703616766016,0.014344642561392455,-0.020051836467006603,0.06252031673399733,0.07083721896657809,0.0023380859701480593,0.04516042407837152,-0.039514205943869965,-0.01802484090626158,-0.04685996165055908,0.004626365028346045,0.3811326048209772,0.054709576376633026,,-0.5072266457102097,,0.9231734888766671,0.01793320819929046,,,0.020894240259544603,,-0.008246624271752719,,0.05799270678265884,-0.010451454236661923,0.007727830195965695,-0.007514430794486351,-0.6659499229482337,,0.304068182197246,-0.0007150951226605837,,0.007991609043826318,-0.020412462012630875,-0.007533950272666401,,-0.0100817636760536,-0.01333375706903104,-0.14916656838236517,-0.2306579080186994,0.002062147482745259,,-0.000628234543360604,,-0.018220658187892803,,,,,,-0.019450411129579775,,,-0.016129234354738564,-0.008097365145871555,-0.21575219490124486,0.06293202856178884,,,-0.0009651200919231664,,-0.39928817100864983,-0.03719551773941564,-0.13497333171957238,-0.11016342337604083,0.1074819702867541,-0.062346177848712186,,-0.007400979499540893,,,,0.07420135200535817,,-0.005146378255648523,0.017563831786685236,-0.022055850718296202,0.12678569133913992,-0.18528844510542036,-0.009735003663278886,0.09096632607746946,-0.0048207675725225815,-0.28410968598101727,0.038738853211530144,0.4123668741182789,0.061006220441418735,-0.17999671529511374,0.06754299214359666,-0.3350038080235149,,,,0.1199453256103011,-0.9398130217776277,0.07886559679699029,-0.039898743437170855,0.013197422370737079,-0.3435164679779637,0.007108087930441534,0.77713365222921,,,,,-0.0007076826439629154,-0.04260256802321342,-0.028162640961668116,,0.3778785004306367,-0.30420409590096986,,,0.004649537179794827,,,-0.03502784742297135,,,0.0014414675917606146,,-0.05825613941369963,,0.003030406605871314,,-0.015119600308029724,-0.10104454794705908,,,-0.0011255668202251393,,,-0.14941272593553775,,,,0.6325770480211662,,0.1952683514879337,,,0.0025557692903942983,-0.028037704513736005,-0.013172873513001105,-0.05135672288383509,-0.07242083239564642,0.1508955229768924,-0.25087306436541484,,-0.27784370900750593,0.03608871766366218,-0.39603284211339473,,,0.00587736134052799,,-0.026003522040130428,,,,-0.05412740367499365,,,0.22000969661777356,-0.053297753905553386,-0.06054655493207804,0.3185840513883079,-0.0031855656244761353,,,,,,-0.04841123483706733,,-0.02018521383632285,,,,,,,0.11452397841003636,,0.13827578152459122,,,-0.008657625804109406,0.020266997702578754,,,,0.004409226113700449,,-0.06346101066653281,0.005414140450909989,0.06634817365291822,,-0.0028258580289690486,-0.24550072776901724,,,,0.003893631074076537,,-0.060334539194307125,-0.019723649380381222,-0.036541653340073,0.018178797262310295,-0.04130424337955553,0.006824116237004658,-0.03807088313221379,0.2520013724441001,-0.0808507741850357,-0.04431532243800248,-0.014459410620221491,-0.013363485549659519,-0.033119730737398254,,0.04122761791862931,0.19007255844067508,0.2055971530143928,0.06409256877694272,0.01356971265524612,-0.01604926178080432,,,-0.03491599305022714,0.00685966001499176,0.13036800765438605,0.03112233234939097,0.5312743875685721,-0.02157128682671905,,,,-0.03973765325682583,-0.20984187374142727,,0.17898698890294645,-0.030757351819412863,-0.031174975569443666,0.007240130069743438,0.009321379319695611,-0.011435148834618037,-0.00199270142332724,0.4285025819035899,-0.020037318495112533,,0.0013195169337431208,-0.011602963309968375,-0.3178934583806201,-0.014541210776145123,-0.02663874291226251,,-0.6852347009129665,,-0.02792266549683462,0.44680630654825215,-0.38660446433436624,0.364386692769114,0.033786088499002186,-0.029690944204514423,-0.029670415084007022,0.426679241340993,,-0.029450378117470734,-0.3719973727648074,-0.019274136342718906,0.016115414146981116,-0.011737263461708931,0.0089737954399254,0.01500974669406384,-0.008060213902576139,,,,-0.07575888266196719,-0.048073578547123345,,
2019-03-01,0.1696005978282219,0.183977708527854,0.040433039241111635,0.005048971809013641,,0.03919377482380458,-0.007387641328110782,,,,,0.036825681692009206,,,,0.42771423817385196,-0.012095223948428963,,,0.00677345803750013,,0.01668622177397488,,-0.012727825965064611,0.0163961388149718,,,,,0.01144301485642699,,0.1280465220906222,,0.01607873319989557,-0.006298498672782793,0.16058688216587144,0.06385508703585387,,0.06224345404103133,,1.0315698645871407,,-0.043807864223394694,0.06264680815764091,0.031266203416877185,,,0.04232061368881749,,0.058345734215954,,0.006065351181626778,0.04653809851689836,,,,,0.03760909159270508,0.06410943578370364,0.4619816126976743,0.049659828504413944,0.04591180287819163,0.2974607280062365,-0.09815329926592145,0.01575781169061137,-0.1125847761992742,-0.49972945686332776,0.02726102157389569,-0.06887374885693957,0.039408157583858905,0.473444902225318,0.0691868463738692,-0.038363339407633784,-1.223958150601639,,0.1026406646690405,,0.21418973401410252,0.28658028119725604,,,-0.0032442672308916733,,0.16424803926027048,-0.22669327534014516,0.045418892455746845,0.06534228278174747,,0.11629314456164906,-0.17574159598216715,,0.1803043570011461,0.0032858551518017373,,0.039262074493645285,0.01861001399008681,-0.02027350043218287,0.011204297033794636,0.7802181710491195,0.12431500791813044,0.03578949563674708,0.3586091893750904,0.09496276738080608,,-0.012769543994938293,,0.0837350763655955,,,,,,0.38988521494753126,,,0.05667854212207471,-0.09096124040387368,0.005538329110280829,0.0006066385514407294,,,-0.004886005960032136,,0.041006888936822576,-0.2269437457991531,-0.268538737786406,0.2331922843946924,0.07943936334715665,0.06507042854722593,,0.32383074023949077,,,,0.6235137861600678,,0.37700819475860586,-0.07690958780161455,-0.23136944538459003,-0.34938919994482565,0.34903402318555965,0.09434949346796588,0.12105253688113858,0.13715655898267498,0.08180729140013118,0.06018825579341128,0.18549396851847305,0.30516980477252276,-0.1109370556768891,0.05728544831249014,-0.0684599216603671,,,,0.43868852947829057,-0.008689975944736592,0.3858943487831574,0.06457836326394305,0.07161035300698045,0.042786001600113054,0.06408051716487198,0.17144904355806653,,,,,-0.0021873379975685687,0.4600682644783192,0.0726598153981787,,0.050194783924197295,0.14777118840231906,,,0.08324682006340321,,,0.5401081367625037,,,0.14405672656400614,,0.2333474390943227,,-0.006188643872651337,,0.09967399119573027,0.0306472389654819,,,0.00019115242363448208,,,-0.031040942086050793,,,,0.4690349417520307,,-0.48093538951628506,,,0.05710570283262649,,0.08126160928890917,0.008269412345534691,0.0667409441371951,0.012015930016581071,0.080676595217201,,0.053576243506818624,-0.08264840313444703,0.34383612761516635,-0.05302921672685232,,0.00494199164740315,,0.22184091148495963,,,,0.013146652619546409,,,-0.05041098867482835,0.07524885397532285,0.33920140756789635,0.15433944909671804,0.1687317869452515,,,,,,0.04404076268262766,,-0.001294930595664156,,,,,,,0.0910231524350342,,0.13636496764413267,,,0.04558178481668023,-0.00024007071733148381,,,,0.005768644994947033,,0.19959227058629672,0.08060125192111195,0.008373245068281248,,-0.019118941503501186,0.08076003102042029,,,,0.03691043470693606,,-0.028055747358816684,0.057824089091964646,0.08347779168502054,-0.5002031482742564,0.05757378325251827,0.006277958837163572,0.026817205175768508,0.06454900868454432,0.01675829773163811,-0.01055048701827803,-0.07144431440072593,0.04002371057650873,0.06126885056070368,,-0.054247013783169776,0.03425836108079376,-0.009377552468951163,0.2374976499432518,-0.2920316559741665,0.06385028895024705,,0.03445158013331902,0.0453864331347496,0.004294270389046893,0.06939424737387717,0.010570468424704684,0.0956246158954338,-0.1290566702745981,,,,0.09458566896271171,-0.10860318763798654,,-0.2414050095415369,0.09868341079290767,0.033157373506915555,-0.29657625598688425,0.03700794112399201,0.069378091634219,-0.0006371061353427892,0.09170251541545195,0.002329919949503205,,0.14052855855528384,0.09557494013810781,0.212118858947457,0.12450884204222727,0.24263454250075295,,0.053702084405542104,,0.3139606035208726,0.13847425573687155,0.042176687679983324,0.1656336098509651,0.2813046754776265,0.07692103791824305,-0.008732414764692338,0.06769418152536996,,-0.23881623531567428,0.15328771070734676,0.04430071843762815,0.06533677132166985,0.3527751458841629,0.06667640773711159,0.3130944068232968,0.0007574350004306563,,,,-0.00230632837920966,0.1408110829856265,,
2019-04-01,0.18793875473654528,0.10676410645255184,0.0681138217761613,-0.007718892488400298,,0.11239661212592818,0.1902465945091533,,,,,-1.2234839765957437,,,,0.12856626030965865,0.0008579661674238872,,,-0.048771284974316605,,-0.012482857224732868,,-0.002432061639282701,-0.1003822384517144,,,,,0.044982449917077165,,0.059602394489590704,,0.05878340778472436,0.08153927748588663,0.13927510174680352,0.08959323794857663,,0.32698946976958115,,0.06277295616188405,,0.13950793977329592,0.25376405004883784,0.24463191160041653,,,0.23043561842177496,,0.05275800134534423,,0.06098237009455614,0.061190289610142425,,,,,0.13465200868921978,0.04578405614264152,-0.013707130395224091,-0.015924617738586774,-0.3701548546658024,0.1547890721470614,0.11274243661484488,0.09188009475009315,-0.11494896232005472,0.16759244040448806,0.07518915234387158,0.04431478357613794,0.10428219585589692,0.07206317414302289,0.31450967103066124,-0.40689435675399155,-0.050144208547958105,,-0.32327147030318454,,0.16301410922047643,0.1436846392578357,,,0.01383408025237777,,0.11454477649030659,0.06631267900893588,0.4137343838590976,-0.03802572950498035,,0.1652987720451678,0.14575282017995178,0.13635747054356626,-0.029110928163637587,-0.015655135985111708,,0.00844151730893383,0.009270330712332445,0.10723406758434653,0.09697650740098047,0.045171319658690444,-0.5207044016670508,0.10093666343411327,0.14105999650793496,0.025955456833626947,,0.01369259720404491,,0.012426295460834364,,,,,,0.008928151596307572,,,0.2824542580199346,0.12847656208838437,0.11957662211537262,-0.01842797497606543,,,-0.018495658867825435,,-0.052168696993243634,0.21156083076321025,0.11017314895705353,-0.019050139726923515,1.1065940558021428,0.11265292420199824,,0.05041885735096414,,,,0.10779317758183433,,0.014184044117210966,0.09816557428576961,0.07461690301184873,0.10780970729512157,0.10398086738862296,0.1073973526128735,0.027872847510775647,0.31319814053080264,0.11902518215648586,0.11112531899681224,0.7078688286538031,0.1219308195696989,0.10546510217149059,0.09730216521275621,0.3056329089532861,,,,0.10126697913196012,-0.004048334341687368,0.1015345161810948,0.12010972905907143,0.09135767615835251,0.10242973896936908,0.03950196689338749,0.2845482168952614,,,,,0.046344561838682595,0.13010126268462652,0.2732035401867482,,-0.1356648715220732,-0.002635419724622749,,-0.006900616291058478,0.01024203914045261,,,0.13052108151211522,,,0.11489090647089421,,0.28561618671081407,,-0.04867027662493181,,0.10961953433563233,1.3087014688449154,,,0.04972244634336086,,,0.09315276583037738,,0.07955960195436285,,0.04407592876766879,,-0.08998054993726504,,,0.11019189476327187,,0.1084033996135797,0.053977382893789574,-0.04351024286920825,-0.29179929298367746,0.11526519206311449,,0.07999007113869855,0.10344530487573349,0.18883951001337523,-0.11852502350759912,,-0.011131703813332148,,0.07101586353433302,,,,0.033370392059566475,,,-0.7658341853030336,0.10672989657512512,0.12133226338018058,0.040513372975004104,-0.0647621949250211,,,,,,0.04009965878396906,,0.002766667151586302,,,,,,,0.10946196230983266,,0.1148448903201988,,,0.03191647899227297,-0.038074779641374706,,,,0.024457980602149498,,0.08871220569675985,0.024343967431089585,-0.03597318613764627,,-0.00926492287312845,0.25869323624277074,,,,0.04614415583167489,,-0.1601474393066231,0.11895693509272737,-0.16429157569058722,0.11962022535081394,0.37127329610688653,-0.004816402334332809,0.014784724347346501,0.2146808353756383,0.0700414882713027,-0.1614725244656614,0.22931082857242116,0.10376646517545228,0.12695592272466502,,-0.0441213537599044,0.13153129439659164,0.03352410013380595,0.10500307325609,0.05016290570175554,0.09110665952193248,,-0.25169058269611483,0.30977898269494275,0.03547721619208759,0.041707374626292114,0.07539299372370661,0.11295523892710312,0.09728061949421618,,,,0.1055719325003524,0.052292211783390434,,0.11710593255494602,-0.09331770888316147,0.12507829751619415,0.01377659985365886,-0.002544924297162976,0.10671997105117706,0.02292069590155951,0.11005888701289217,0.10520849957827517,,-0.2987127424784444,0.4887572918756315,0.07431061480013712,0.02349837941438604,-0.2747346546124258,,0.3023589878147781,,0.10988586401289016,0.16461512948219387,0.8688496548677389,0.13862821033640674,0.10470381241529729,0.1817834228717537,0.17665696855459256,0.1321942126381785,,0.036263487614938944,0.11171578966115235,0.0692714409216054,0.1463297532480076,-0.07288343927463428,0.1711131427959564,0.11007481448465296,0.11261656873194234,,,,-0.20575697262836046,0.16383471600818814,,
2019-05-01,-0.026605811408836708,-0.015216376071702502,-0.05455148616112446,-8.198932540948623e-05,,0.7534890070087524,0.08829591889253298,,,,,0.13375517210618482,,,,0.05129590452407758,0.00034336089412778355,,,-0.020357270466156326,,0.0431535723324972,,0.010630203170240216,-0.0430357462983739,,,,,-0.006947929128216967,,0.019166889326882007,,-0.025910314066000487,-0.019130438207059005,-0.054255192128956686,0.01648213591884898,,0.0047330545418465,,-0.052062772600366534,,0.012725257120344304,-0.005753702246086102,-0.056952355555175214,,,-0.7150706508103453,,-0.0183845363287315,,0.0041682704177602534,-0.018861666999191822,,,,,-0.020766889087869167,-0.13353639021990799,0.02839141034352651,-0.10854008110996842,0.2399125447490736,-0.17534721165098077,-0.19658069871769857,-0.03253636187814211,-0.14855631395801655,-0.13505973253083836,-0.08662214413970938,0.09052074575015531,-0.07069637421549832,-0.00595336037561396,0.059299739410883366,-0.6360336956537159,-0.15696634125767653,,0.043485790390799625,,0.004928357550702074,-0.09723896670298034,,,-0.004096320788841834,,-0.5901933307081925,-0.0472953715991012,-0.17657404616749428,-0.21781868210392197,,0.07420801123512655,0.29174321674410325,0.04157230431543457,-0.016113896685392926,0.00037230620016094287,,-0.21541474353813972,0.11492876903222994,0.04035709223494837,-0.08245897640480927,0.019687826732485637,0.09260579016772218,-0.03656476476386157,-0.04368918225959514,-0.04623148334721304,,0.044683383325835824,,-0.06569459281846923,,,,,,-0.13225166405584035,,,-0.04057342496107494,-0.5839571400392582,-0.07238236246485141,-0.010769779454729598,,,4.416383703350615e-05,,0.06332816589961823,-0.004744522268722157,-0.008804423778000562,0.09595667467071121,0.02118361162633366,-0.015963096296631892,,-0.06864518295642094,,,,0.014042296679090644,,-0.10208097579384567,-0.005845854304993976,0.004689305324382757,0.014489492723235131,-0.15748118116848853,0.027259230100453814,0.11081784081164708,0.31502591131148777,0.0024534412761154176,0.06614731966292484,-0.44305163224477284,0.018043646272245778,0.2170678895082833,0.25050998084558374,0.01576253550479202,,,,-0.13112869589956036,-0.005481192217785653,-0.3403367004172583,-0.027221465969919978,0.28995891457268924,-0.19190057013936238,0.02053969523897023,0.30452475097571197,,,,,-0.030788530427777728,0.008517978073011797,-0.028098310927959343,,0.0034440069800883875,0.0699466354985995,,-0.02210860069624961,-0.008748500207085086,,,0.014956999973760028,,,0.023895488981640137,,0.35982769851780283,,-0.029933651676140868,,0.017307242289433797,-0.06672004391116389,,,-0.013701215644395331,,,-0.14608579499278668,,0.08919164434317492,,0.028043401288610038,,0.1302707584181494,,,-0.05804947044414814,,0.003133324403495105,-0.002034227599013571,0.10058543376656905,-0.04268946386743867,0.7547483638110318,,-0.03768022939405713,-0.06680941256807343,0.1899765233836914,-0.026897527717357,,-0.031071036117642836,,0.017575533591116146,,,,-0.020772501373037017,,,-0.12040851539049428,0.016591801855497586,-0.63727037698596,-0.0010958776283848373,-0.0011064089982976357,,,,,,0.004689926581055839,,0.12938501869672145,,,,,,,-0.4585317297016499,,0.03193108707794729,,,-0.01601691025756457,-0.0010773203527285188,,,,0.0007205659671240068,,-0.8767076281446079,-0.003320943132805372,0.048822910403950544,,-0.001044893592635156,2.020171527008273,,,,0.03980954521055844,,0.2995577232626585,-0.04749177374108817,-0.0013344525452668558,0.02556847303889707,-0.0011242857991831025,0.06771903129391882,-0.01833629110276757,-0.001346973039174202,0.13776037113172607,-0.4982605765011077,-0.05813393854348066,0.09647967493890229,-0.017439510483199916,,0.00797450478300121,0.1465556728657931,0.2538288340027593,0.03785836665340901,0.06111206400180631,0.01152947270937154,,0.0007937023900096013,-0.02514051379658963,-0.04886469267439772,-0.03302384629754322,-0.05295833615593016,-0.4516705519199931,0.20384984823955238,,,,0.01717859902810795,0.058552322879563835,,0.02328656679459263,0.04227865868651358,-0.07266033795952806,-0.022007584483809996,-0.05389225698450392,-0.12571040755985854,0.022979261373879904,0.01519116627166472,-0.0899633898798029,,0.0213058894906177,-0.00306585564548894,-0.19958326216131939,0.04563119214182077,-0.1559052150413643,,0.02475530937956233,,0.015041396964765807,0.03148086050117878,-0.03899731169156174,-0.11217349678030757,0.058155847274212316,-0.8215632696475647,-0.003715937201449814,-0.024094323552456914,,-0.02533349253971858,0.35391848610643734,-0.3652848426323246,-0.01990013494616267,-0.41742056985791287,0.5687984406953723,-0.002698915568785449,-0.16361266450664555,,,,0.3229945733711731,0.23274272835276813,0.01164546911598406,
2019-06-03,-0.00705823804621249,-0.20432954526556807,-0.09145417679516522,-0.025910538448482907,,-0.04907904411614383,-0.15421452657535323,,,,,-0.12339820577093298,,,,-0.22535959164146888,-0.0007388214017730478,,,0.005753100413508629,,0.003571480561537813,,-0.00415616354088344,-0.01223435684359044,,,,,0.009066857152720816,,0.21595705756575298,,-0.15911088509476032,-0.07049716303534753,-0.07811061937536402,0.0028320540358959378,,-0.09716058661404126,,-0.07978268547307431,,0.055083843708120014,-0.16511721671724222,-0.08584860074358752,,,-0.10253480930348433,,-0.041259965621429126,,-0.15280217670016685,0.43523627598275033,,,,,-0.12204613167427976,-0.06918244901189152,0.06282469504629135,-0.11055347699011227,1.0430434115837275,-0.12119826037734793,-0.015010758546718083,0.008742231261983893,-0.10074619534999586,0.2546420206634063,-0.06813480721491932,-0.11381166853575875,-0.09895112799719526,-0.028885882798932644,-0.22247084298424968,-0.10882132591570437,-0.3527370889100611,,-0.15590684285053671,,0.08548265956239794,0.15347265273983746,,,-0.00015903616606926393,,-0.318883205524702,-0.02569049744382194,-0.15340998110347848,-0.015480146522592261,,-0.4093429925357324,-0.04847033810665868,-0.1198509110311138,0.06934625948799722,9.335709336363802e-05,,-1.689276197307346,-0.027314006233277868,0.11569736730205007,,-0.19558729637944783,-0.044993797421411054,-0.08610083885009502,-0.07155570600346942,0.0767532033426937,,0.08184966176767705,,-0.032427939026367286,,,,,,0.04196076463470522,,,-0.16099620495823191,0.10498729639498383,-0.12774697883559905,0.0016549575500842157,,,0.004581731860067237,,-0.008386577072573474,-0.05093058774626401,0.2645370418236502,-0.05644136883849596,-0.0649054154325518,-0.16737017248226135,,-0.11311212576029273,,,,-0.08810626640037222,,-0.10381877478177906,-0.5375383169453037,-0.06660271789388897,-0.48195591579494873,0.030689588365258164,0.214622477359666,0.2855087967065354,-0.10227292682469938,-0.08265649415225333,-0.13528946028057004,0.17739032624698764,-0.2544093990814046,-0.06747877104634023,-0.06230532983254448,-0.16095013352343673,,,,-0.09310877797055975,-0.11389584540745226,0.6054399998448993,-0.08337741173361853,-0.0925161559933335,-0.1530205131078424,-0.0025669424544402727,0.13642198449594986,,,,,-0.02547188516194824,0.30581364777699255,-0.08244405352088749,,-0.06107516456467284,-0.36881560031062255,,0.002727961644936045,-0.005452458676124086,,,-0.06432095886473152,,,0.6628296476868855,,0.08273687663599852,,-0.00038165751030770623,,-0.29882618126775196,-0.7258646378458691,,,-0.054018675220950815,,,0.753095750723004,,0.4134814526496205,,-0.12736299545745988,,-0.12867133579812962,,,-0.4704254064683209,,-0.08744619107313377,-0.01920447706437947,0.003734020839131616,-0.04629385837453681,-0.07591399114701182,,-0.2211321505975867,-0.06863595219010134,-0.0025992277412493995,0.0018996950355122553,,0.035598425290777745,,-0.033153671232836,,,,-0.06433585713213114,,,-0.07113507547575973,0.043734610097554326,-0.0739990908955598,-0.07886886923781268,-0.10999897116144589,,-0.034570577756234705,,,,-0.027767033863989172,,0.0033286155858092033,,,,,,,-0.09021344484029432,,-0.38919768814791583,,,0.03606741721613082,0.0052474391506549065,,,,-0.0521265097285252,,-0.0587125250616418,0.004441853954881492,-0.05630019425318813,,0.004992026417211536,-0.11798151249667363,,,,-0.025720101254369812,,0.01661884353007225,-0.1452634471476843,-0.3705591937185287,0.19904385882412656,-0.060835448425606856,-0.047628816952617115,0.02402731549931845,0.2783071495741271,0.009571478199466053,-0.4266786934708353,-0.09168876281717092,-0.1006340460790938,-0.16566499183054384,,-0.07576687554076114,-0.09990979025146453,0.2190524557320044,0.3612938622609199,-0.11238962580174772,-0.06094022317770984,,-0.3594868020287934,-0.12982967522709518,0.03296612024926335,-0.0031036345746585127,-0.12278298162063489,-0.07516039340024086,-0.05945709242281456,,,,0.0930693770961022,0.3962685802903004,,-0.41087907998000706,-0.43331497589817036,-0.08833971473643311,0.020096218595263036,-0.45007644933200397,-0.0950319207444953,0.04327056413837934,-0.0870050025773425,-0.07357777093548676,,-0.004173930210439025,-0.22075395030656542,-0.7530879912843633,-0.006206711010506646,-0.08074157337965052,,-0.060578073921774805,,0.3950802549793745,-0.8204081084905239,-0.10277668962609848,-0.11845203428608089,-0.1463488429554817,-0.12412487469580534,-0.1018663440770561,0.23785840145950657,,0.1866298384384512,0.31101682623728727,-0.2835008276373689,-0.20086742724149698,0.028573953336804042,-0.11258949208848737,-0.7620704724879606,0.02062147853127265,,,,-0.15067684571057893,0.332684973525363,-0.14028757395838554,
2019-07-01,0.0714926555524022,-0.00905636002603833,-0.28212979212999073,0.008472461342949981,,-0.07785892204444131,-0.04921897447195593,,,,,0.05046198027509697,,,,0.017405424476332105,-0.0039758807232370946,,,0.007729029237922483,,-0.0902566048184249,,0.029514001278748907,,,,,,-1.956698568016937e-05,,0.0317203161053334,,-0.0035996286341622823,-0.0011794171461022903,-0.024013231921758235,0.018142451416570015,,0.1487051593080658,,-0.30376932616215213,,0.02822594774217868,0.06267104255639559,-0.017387359918815206,,,0.08699919706868528,,-0.00038781477382969585,,0.16707506607531525,0.27262902032734876,,,,,0.06492897470070857,-0.02456297361838823,-0.14915781590307328,-0.0045906930228880516,0.0364625245394445,-0.5634025468231831,-0.004881722081756416,-0.31288534863596923,-0.014571436829200063,-0.06882753513754264,-0.017565532973709053,0.05560688813816999,0.04382417835836583,-0.588093487846422,0.07127782141726936,-0.4875089616853054,0.3340172184906439,,0.04219195819743045,,0.10353240870275267,-0.014786438529703995,,,-0.0032664039635774307,,0.0968910712018407,0.023062560949580015,0.5311924087374389,-0.09049441784478177,,-0.1929856667679496,0.25496927136533515,0.1161025035186915,0.058824273556862906,-0.0005166604675840657,,0.0040269511575301495,-0.0035748529259348348,0.03240576684239939,,0.0906757360360642,-0.27298285945104805,0.003185833347020663,0.36352447791290776,0.09854341316574312,,-0.017292649671106105,,-0.005408145725186102,,,,,,-0.019685600005269182,,,0.03706466585782649,-0.02002393453017285,-0.02555765002812471,-0.03509595075681405,,,9.605636364793963e-06,,0.015209110055116555,0.011917016734942531,-0.46810936968827727,0.021202667391666784,0.6090216512625806,0.19198037992001926,,-0.23931494102936676,,,,0.033155397572039474,,0.2675199362405316,0.11693001127660914,-0.14941143270388144,0.030176276737126813,0.3628195207968413,0.1625287475752858,0.034341654601136966,0.058180213537137065,0.2619588881410094,0.007056936269106466,0.03998808239131561,-0.09285222525581574,-0.4544885297933806,0.0036223854228492284,-0.0447646460531448,,,,-0.19933359836788248,-0.012175136758360409,0.022780745622251096,0.4296377227703162,-0.036584342456159366,0.20010942275822655,-0.03100390529661414,0.0940537641169558,,,,,0.005279623393288239,0.044478405257567945,0.03119170837420281,,0.09199208052456809,0.1302843409482111,,-0.051333988862909484,0.0018767638361173755,,,-0.04346493027197228,,,0.3262677011714061,,0.1015261805795445,,0.009195046137411478,,0.23511809170656592,-0.08233709924484141,,,-0.005174563639200967,,,-0.00506552872710676,,0.0459372486265608,,0.20667108410714044,,0.39133532590396625,,,0.45877842569615135,,0.3630501995226335,-0.03440925788128744,-0.0364947590162314,0.01772405588919171,0.03024402123821149,,0.06709561368241193,-0.007025269181910154,-0.057421824272188456,0.005972498248745422,,-0.017532332631396853,,-0.009955438881685796,,,,0.05697728732355259,,0.6469366640446323,-0.048034056979958835,-0.05455504916666367,0.012880956564322294,0.07526326780896922,-0.6255181809739967,,-0.017592589089734583,,,,-0.04363650822222121,,-0.006455431916855102,,,,,,,0.027806609317455384,,0.05645745026388084,,,0.002132374629158802,-0.030785024493153148,,,,0.024819378952720943,,0.1265508329159511,0.050978033435328876,0.013558385544414664,,0.029728517964758217,-0.38728729324537814,,,,0.00826334395794508,,-0.08386357935585637,-0.30820869263818845,-0.33182907149076163,0.04205000992873184,0.012839741553905713,0.08141081753202083,0.014619007990845374,0.023867510906226918,-0.06884075773061071,0.01183298802142621,-0.20926987560913118,0.002944970717446432,0.37902652804932846,,0.003220686104603035,-0.024090372080187186,-0.02099296143941379,-0.01668618069501969,-0.09896962899090392,0.009173412010210026,,0.025819203745434886,0.02302179522203044,-0.012521640317351786,0.09394614764176225,-0.01937148993759007,0.08389578636672464,-0.2730763314109919,,,,0.027972581732321283,-0.009333488704907779,,0.04233345975631277,0.05478482248213869,-0.368960791025086,-0.020351478367554913,-0.000886575918708209,-0.10210878487183643,0.01622681847810665,0.028577922822145625,-0.1580087312433306,,0.049884425401768406,0.03055417865295523,0.06278668272768281,-0.014201001976342666,-0.40824990155109525,,0.7296716043478948,,0.004876447315173917,0.4487430033361179,-0.07959189976755648,0.08613917529687781,0.10349322432078506,0.06795478322832463,-0.011171540737242702,0.3831736988327787,,0.014430923662125594,0.2118499779078573,-0.06375010334077376,-0.30405843977563596,-0.11128452357252333,-0.19596780075943154,0.11200139423274835,0.356804479959277,,,,0.7858893331986747,0.4850650138272869,0.10884269645195142,
2019-08-01,-0.03347844248235946,-0.0058674373798527045,-0.29196765983869183,-0.009582147948959072,,-0.040608547485116823,0.005728035635589003,,,,,-0.0801444722753206,,,,-0.0187948204847818,-0.00016732559529324023,,,-0.003821348251406759,,-0.025000741303695548,,-0.012084540878619189,,,,,,-0.0125042944465978,,-0.04153413744894772,,-0.021638189602489963,-0.018379413604553606,-0.03510856619751397,0.4211352200344972,,-0.020917862380086534,,0.005634986542446929,,-0.03656617346397872,-0.02449273972346245,0.07108123567484186,,,-0.5720774612943591,,0.17229051061503473,,0.008598295432783263,-0.047021799888393216,,,,,0.2095345414811618,-0.017077582354088523,0.19465028573136203,-0.6996498555016702,-0.012842489231502423,-0.03780592992290474,-0.2284382116338416,-0.0835298039520501,-0.2923850045877834,-0.18726688380241288,-0.014867970291866274,0.0003124342125149608,0.17214704731150607,-0.08341587358446205,0.29987778850981334,0.5690268817290584,-0.052016934754982445,,0.022234688879593595,,-0.053821625059256153,-0.1088698458546422,,,-0.0024427637509037313,,-0.028794736515671087,0.014285995128123518,-0.00499113449184555,0.020023192160931815,,0.461691852335101,-0.22263098928598477,-0.12182842338300681,0.011174614813276192,0.0336054398394057,,-0.020135577793116928,0.3523542583997176,-0.005166474918347191,,-0.16951124539553725,0.02565880928494525,-0.44224637443545567,-0.2069551252663528,0.18320757575143626,-0.009927929548168136,-0.006098435499800755,,-0.07216636182757638,,,,,,0.035491380467752305,,,-0.3097565190292036,-0.2972211049921329,0.002206029354175366,0.022428271967743666,,,-0.002041934528696983,,0.01842017242024374,-0.00759129722116025,0.2113120248703677,-0.003861698989794401,-0.0450370906502843,-0.0031455258719206886,,0.02407902901124267,,,,0.03879466123788583,,-0.22220777700147767,0.007593622535152472,0.5035804020952773,-0.0067100581217715005,0.10040917370649835,-0.004232506177955873,0.12387203880946525,0.4073182197864591,-0.0060086981493473815,0.009124979887261516,-0.020999489864245942,-0.26285219794034614,-0.015551415589587449,0.0032417310114903437,-0.004871892211657344,,,,-0.007720051700323558,-0.1170366059340791,0.02703642195627883,0.20630766027016156,0.6555620332734591,-0.09029314438240138,0.03992822466567612,-0.017441484452466707,,,,,-0.046019115348750396,0.08356261397164846,0.08792159352379052,,0.08953889262572666,-0.1126511722753897,,-0.022110983293142806,-0.01599145042604968,,,-0.0037426858768559047,,,0.13090761244907104,,-0.4207775594898068,,-0.007303308049665854,,-0.00709090874432575,0.034513100477277854,,,-0.023684972339424674,,,-0.5238942925070518,,0.00916623833596781,,-0.16395065000961734,,-0.012056230821442207,,,0.27714010986795506,,-0.0071458779740859665,0.014763112023852451,0.06660259101116496,-0.009630246870766381,0.11404292632706599,,-0.011035994625945726,-0.10016812700781673,0.059636452194474845,-0.00720651907135068,,-0.010525754086945878,,0.01872412654660893,,,,-0.09175907298639642,,-0.010443372089796298,0.027842786369057203,-0.1403085025607029,0.49683653529882466,-0.03897784917558237,0.19358852564755483,,-0.008564335880162137,,,,0.030788484787041888,,-0.1843897246349299,,,,,,,-0.005099103886795197,,0.09481395069667513,,,-0.0038914391931638656,0.0005220239121402162,,,,-0.031552570173572235,,-0.05792330965001742,-0.007040759195689991,-0.006624292027731351,,-0.007037608140136488,-0.9270937328355694,,,,-0.015577131977778817,,0.0964326129223822,-0.038588205760843,-0.006298898223455362,-0.013510879694914431,-0.1691177959953989,-0.005424870075510192,-0.026464785126965526,-0.10196010207899149,0.1390136539126591,0.04448721001407323,-0.10178112003353423,-0.011217428135464365,-0.31079261422245646,,0.09336027653873914,-0.0011789073542663713,0.16304789469032832,-0.02031086176109727,0.02469209407601839,-0.008295617704162372,,-0.007315417027802032,-0.05349107858830804,0.011953169464565707,0.06802280465566854,-0.043694602799608434,-0.01627628823981273,0.000730472491380349,,,,-0.35100620846544184,-0.015135412635154537,,-0.02284759927871719,-0.042887343891812875,-0.021690817018433735,0.1152455976817242,-0.017256657590452935,-0.008011037350849466,-0.0015574467287882252,-0.008168675887890574,0.026542763302534987,,0.07629414227640782,-0.00546549840285368,-0.3736791732770756,-0.00011244659034289326,-0.0075194247691555294,,0.015923562169846167,,-0.10839589490074698,0.034293603946225465,0.041836566083649294,0.12515063356567907,-0.030931267992341718,-0.46501487656231333,0.12656150087199322,0.02486298275586281,,-0.6112929891931909,-0.011196432901345608,0.0038014242858380592,0.051958870893545464,-0.007296010397618373,-0.7607468317426164,-0.05014299810291192,-0.03712371618257967,,,,0.026637589756900896,-0.022632010796593664,-0.03145302928914011,
2019-09-03,0.16900811526531845,-0.17933051440589162,-0.00010027892376800965,0.005669471878736117,,0.05242271852501555,0.12319159344179056,,,,,-0.24397062429879754,,,,0.09490533778220761,0.0042501581671526316,,,-0.009729407745037609,,0.01197314291343826,,0.0033344563325532774,,,,,,0.06996431734346277,,0.10703516191070896,,0.042314801472148195,0.0429321241232264,-0.039300817845418175,-0.0446852211983459,,0.05417452850343566,,0.22279338359638567,,0.032231407657284376,0.11321844370782708,0.04294514017884138,,,0.09974715340288409,,0.04322992334599105,,0.0651560097995285,0.1478286707511851,,,,,-0.12511584853827656,0.05471292271372703,-0.024006682196123126,0.014933634394095077,0.8631434519552736,0.14575005945144234,0.2658724591193997,0.06061548405599983,0.05933961404339253,0.0040693370364089584,0.07994650305932022,0.06363670248676782,0.022345274717989524,-0.40496001036728835,0.28694909570908295,0.9518105511055727,0.2760564016775546,,0.12090172301593344,,-0.15035425872837266,0.01446804632373312,,,-0.010654018181116503,,0.08330660208628836,0.21787211838531068,-0.003226605263424293,0.025688261540289296,,-0.12474559500724994,0.31074942416066553,0.08137381248847625,0.1529758203202232,-0.0005822050459517188,,0.4122105995203492,-0.04555192714849573,0.05558794444814019,,0.108821147524457,0.029376807826895456,-0.2770557420864764,0.024415886332775426,0.015009545041620427,0.01546380420817566,0.01945078928725145,,0.003466013635306302,,,,,,0.009363333226406423,,,0.1162162316206514,-0.13307229383004882,0.21070107767116372,0.003342281942440689,,,0.06415429168981648,,0.7777240394251907,0.08932838513550971,0.028514497543127244,-0.1380421552887145,0.4073192315916798,0.2305633683847741,,0.21857751673816916,,0.012940390496497218,,0.056777283949865136,,-0.12366660792665204,0.036200668347727824,-0.32638846965750207,0.17185129655636,0.3842340605528509,-0.05678997653177628,0.03884273915783466,-0.19800487175334666,-0.6308760258060652,-0.9573695003522674,0.2687947123409655,0.06431865260965995,0.04333384980988192,0.02786327881197037,0.05741488503463129,,,,0.060504276216607006,-0.4118433068815333,-0.6850672774292594,0.3929448657272827,0.2458116297608034,0.0182636906563087,0.016136656604680364,0.270336731846783,,,,,0.017227659973823507,0.5377508917666848,0.031907452280418434,,-0.016127391642416514,0.48229825037200713,,0.021811598855975323,0.007243095157154522,,,0.035987948770241515,,,0.07174958017534694,,-0.1489775136453355,,-0.008111468730414082,,0.34227293762955496,-0.3028942501914158,,,-0.0008767861191774843,,,0.010809049359690596,,0.04545211427203832,,0.08995162429587236,,0.6422174140289816,,,-0.08594802134503597,,0.04000574968394764,0.026498801787805167,0.011388355120965652,0.036898590758002274,-0.45812516121777447,,0.12426946151532017,0.039236522233418586,-0.18982667417867222,0.007214725488061226,,0.004466679758655891,,0.01793615023199781,,,,-0.051755678714066035,,0.08478207292193489,0.5316587518115293,0.022773829115671308,0.019144852820383335,0.4315194566477835,0.08077789699212329,,-0.2923751476096383,,,,-0.08138385059224987,,-0.005035159676448039,,,,,,,-0.0467567082687776,,0.07241010713774622,,,0.009092824073590505,-0.07375503721115204,,,,-0.05683185593481587,,-0.17477236487448827,-0.035768156423104776,0.0022393005273889715,,-0.026536437107964304,0.08796420923404391,,,,0.00496334179464612,,0.01653681048651156,0.010332331068600951,0.046474108715316625,0.06454142097204121,0.42100486288035815,0.005407440975838315,0.0033793195450296134,-0.3352105239334909,0.11015515722852229,0.04720410003743731,0.04243766216680608,0.18701829435786319,0.31052844314026673,,0.01303387448002809,0.022360689340313093,-0.16612143920793582,0.08143152873740303,0.18124414915716433,0.03423340332597095,,0.014019189622448767,0.041940616790925186,0.014181174915145634,-0.3190217852538031,0.051211712569462796,0.045907476223629284,0.026309022119512724,,,,0.0007576046379898873,0.15386398690883304,,0.06238684211096084,0.1344050576429866,0.08734526099254075,-0.08634197614722525,0.041800099479642236,0.20805079770475704,0.014288384787729659,-0.05548483824677976,0.24362989331103874,,0.07090567114308449,-0.06551843040822532,0.1148258622396073,0.010287081128171399,0.05168846594239803,,0.036117521611283086,,0.10851780071151867,-0.3094811701428577,0.7278521081203546,0.012565964691975904,0.3382885824440393,0.07595474376443787,0.20750650934841666,-0.08197094147592715,,-0.11363493267986835,0.08219412046729924,0.16867727590742101,0.013753590448092901,0.00570139115018788,0.12545978762800755,-0.20310510847918511,0.21434848111121296,,,,0.2669443509030737,0.04144705273124071,0.05004746582122141,
2019-10-01,-0.009441776184466944,0.31471292177255933,0.004633410769405583,0.0035440532200971204,,-0.12333226891666949,-0.1861841620710109,,,,,0.016467383017005753,,,,0.1257350708507302,-0.0008524749886887299,,,-0.02903968786109052,,0.008651888719528475,,0.0011883820581602463,,,,,,-0.00736063654427968,,0.06174621712970641,,0.34955353721427,-0.012060915915209584,-0.0006297393629605338,0.02131143324318287,,0.4320961041131019,,-0.04492014337221816,,-0.2603111668932052,0.21954472439538095,-0.007183341033795542,,,0.047622028953992084,,-0.015224378770037784,,0.10385869771820255,0.011850301787574343,,,,,-0.048003753106564365,-0.01685262780172917,-0.0048711987238033915,-0.06165456044644511,0.06030403309343412,0.010325844652822488,-0.42067189482059275,0.003013736189714874,0.5227106706806549,-0.04543777170299106,0.32960561054166865,0.03540574128737416,-0.006581065242720176,0.01553863551291966,0.0788981737681947,0.16152468310499293,-0.6160679374613377,,0.32422136640944765,,0.07301457988152801,-0.09536036053312813,,,0.07224031414930684,,-0.5545148260702636,-0.008936285878542073,-0.18545178564630913,-0.025677267867700505,,0.1518623165418535,-0.10014904173038236,0.04878489380742548,-0.0066504735746953335,0.018542012171336247,,0.0743492100903239,0.03148077190791117,0.027363665098683442,,-0.3030525761668731,0.021917351021881276,0.3107056972382444,0.17310536272679264,0.13368971756723205,0.03280595574229395,0.18147264056408385,,0.045506987728345306,,,,,,-0.15262320126582435,,,0.17623283055062638,-0.02276813726850232,-0.016807399585459792,0.021528284006651605,,,0.0166075425050689,,0.1441537530273047,0.027887942563520476,-0.11100850577317653,0.03430260768111575,0.05201070689145129,0.2662558708342325,,0.49381070927316456,,0.0037124515111049182,,0.25971053821289325,,-0.010313956646304707,0.015318580640026263,0.09063168881228355,0.13220482171953785,0.028189072247174495,0.06168044304286743,0.03414400513813493,0.036572962912661364,0.21077794464800018,0.042156899627570785,0.07350870331503669,-0.23179317432548802,0.03252982306377908,-0.0034864026346971147,0.02937544056756836,,,,0.007172587359272795,0.016551197657717443,-0.01343245039555776,0.005189061014870694,0.11854561085094957,0.005235497264800327,0.04641899701717673,0.013813785544062443,,,,,-0.124057663217898,0.028308553022709803,0.0033895382744196486,,0.043548873437376914,0.03256220362182876,,0.0015707132123525046,0.006146758160494629,,,0.024901313442363186,,,0.8551659235716504,,0.5083628454239324,,-0.00469890518067584,,0.017072516263308204,-0.0033416696649976258,,,-0.0009796722876995994,,,-0.04392900819038266,,-0.38216008576695026,,0.43574790118902046,,0.17993172219716752,,,0.3760374848443675,,0.025749864722129884,0.018353432808101786,-0.09488057640372072,0.006221016215616782,0.343862482704118,,0.04517987976566433,0.013299455973387948,0.03957725466179898,0.05584650206384359,,0.12481055833620591,,0.010801036933906506,,,,0.003293187120146124,,0.050515240479184875,0.04279951572585481,0.35657796414119697,0.023520949156905925,0.010300315779129996,0.5296652173006344,,-0.00023607450568266086,0.04493572701222136,,,0.05096626213541327,,0.002888386329604564,,,,,0.0046485761794809845,,-0.04873987635261058,,-0.1700720220665095,,,-0.01056254045837577,0.0008500452784159224,,,,-0.0008546207205387792,,0.31738970595323057,-0.0001305373085349502,0.004934546065197334,,0.03921864128276494,0.10497756117015802,,,,0.004091560793115652,,-0.02282930832576665,0.011491565904668963,-0.08635923926183668,0.31313369610003605,0.04771021906443509,-0.0004443453938858554,0.004096821610163724,0.018635954733133172,-0.2331998635403711,0.12617019745092536,-0.28704150340795026,0.37724113246455176,-0.06557495673977237,,0.02355317261094106,-0.01716545594434561,0.005741199459680464,0.022374406341013734,0.8013085045162739,0.01657934387394821,,0.04967609552793319,0.0014163557581591772,-0.006928955453591756,0.05378003003900403,0.02014200204845082,0.031139849451023924,0.5410810028213047,,,,0.015674364489108212,0.03233138468642356,,0.04269699290266032,0.3345587127576934,0.28029832972446656,0.4241663048047901,-0.09733620909866023,0.02192608499074543,0.0032589878301328467,0.006170604726508034,0.019929198522444885,,0.45573882098091834,0.02752464668042704,0.0491999122371308,0.014762489021752295,-0.028721507743473082,,0.12777180109006772,,-0.33548676833915786,1.027466227480009,0.02991361979001215,-0.2502896477892532,0.07142091718343929,0.009713297254620518,-1.0033567057727268,0.0021637446213373015,,-0.1858781082953716,0.01014959931816456,-0.0034776302112228593,0.28497900728948944,0.017520016216264353,-0.043459060465368765,0.01484016903242806,0.06389943866021687,,,,0.21796318404311765,0.023331482288733593,0.03345733132548408,
2019-11-01,-0.05664779277214543,-0.0023389462555296705,-0.021102377175362036,-0.043791822366638714,,0.020454048628510885,-0.4941397840853468,,,,,-0.045701148514119744,,,,0.10629709066534881,0.000653875594777786,,,0.10209985963002485,,-0.002582726184497016,,-0.02555794361981557,,,,,,0.12037768867913773,,0.026455344161484585,,-0.22420600470641833,,-0.010764179532090816,0.0008495907773028988,,0.0023471905127139814,,-0.044840151991651436,,-0.2365938415879313,0.4223261432859229,-0.010291331903119698,,,-0.05342973205944992,,0.005733198503238051,,-0.6449879823475025,0.3224668790030915,,,,,-0.07387178016374113,0.03265536336848004,-0.006886912329660186,-0.03126705872718548,0.0022601241900357463,0.09573282863024243,-0.07755362144665966,0.2371063218928872,-0.019009673107588186,0.006957278686904794,-0.028462360010774533,-0.02885899197610231,0.008170149950857877,-0.15082184820723749,-0.061486372884195194,-0.07626997970790769,-0.0868671756186267,,0.07312406188208218,,0.03853898704250905,-0.022845994105370415,,,-0.018883244261313277,,0.1962080281060989,-0.2119853825729593,-0.06822674901884536,-0.01965988082637176,,0.0756506765991164,-0.024961155862827652,1.420317370936825,0.04625974458935519,0.0014178650608482784,,-0.023787052650291362,-0.012600126699167232,0.22338791449020917,,-0.007758061401912933,0.087123755425778,-0.006496779740957516,-0.01646403865400117,0.14060559823747137,0.013666803792225523,-0.004854942673503681,,-0.5501313981393978,,,,,,0.016488421251337915,,,0.03196171489854528,0.2015129893945199,-0.014584911857977272,-0.025016070984760313,,,0.0022050447034819413,,0.022872754762144627,0.26033123334939406,-0.1531649818528069,-0.09613969325631146,0.2524591117260709,-0.08663090609246255,,-0.24435763477957106,,0.0006759135527739126,,-0.3379922151461995,,0.028287743453233323,0.11228789122588918,-0.3408600277021122,0.613618129952539,0.03486445940984841,-0.06597995825131253,-0.23934309962085054,0.025212871719773166,0.1332659531221963,1.1196651395440622,-0.09752847421091167,0.027544268142311115,0.023330463410785575,0.02545641759877644,0.013603303758768422,,,,-0.016582940551837587,0.06854017419661529,-0.44582961727927994,-0.025663106668608233,0.22197814740473637,0.22157401269882346,0.20920157063037265,0.00659481248532781,,,,,0.013005226317577358,0.2212337649014902,0.9212620818822923,,-0.14128257314189258,0.013171269584288233,,0.05910041607785667,0.03662371059410728,,,0.009798702936893226,,,0.15941820674149865,,0.828995174201682,,0.0025508763473247784,,0.03441508309215622,-0.17102993468034167,,,0.023357424212919628,,,-0.15846005035775818,-0.09901614860829253,0.04879743535339006,,-0.26730084390481285,,0.14938453137457594,,,0.050279098886390636,,0.12639006865221056,0.06122334723153222,0.012099319627367724,0.0011263318758197994,0.3265719259436454,,-0.13017408030590474,-0.013025905801240316,0.10952552096251494,0.008439275927742466,,0.004342784196684213,,0.014353668501794955,,,,0.048576766523523156,,0.14616433920850877,-0.033419786334541304,-0.13121283397202754,-0.020126230660053368,-0.05206590315235665,-0.5066572618645008,,-0.014763744778516701,-0.026545017289951598,,,0.021741620532111046,,-0.180828518548771,,,,,0.007646916326006856,,0.01194203296214725,,0.027095855116023217,,-0.1488305500945907,0.03993970335632928,0.025605920283678488,,,,0.006900750778077936,,-0.18011659583944548,0.0021654309773940887,0.00927508104499632,,0.0073637464302023226,,,,,0.0014859295960070419,,0.004028095519844077,-0.0013824104401330565,-0.02398097718024769,0.03342667217656083,0.9016789714497438,0.0028991231814248595,-0.021381938081090013,0.03945206623320535,0.026633691617534355,0.06493091067937147,0.21512448386615812,-0.1888448677544592,0.0993036214012474,,0.13310456047836058,-0.022124620461015113,-0.13836773911104888,-0.2791746877637026,0.056664750345601006,0.10792183491343764,,0.002033219897487796,0.4786391852159705,0.009384849142405624,0.09422431463017959,-0.0011268028681951404,0.025631251394013527,0.019664247900392083,,,,0.013351442905486247,0.03145527557761384,,0.03549009786531002,0.4889392892466992,0.0008384898770467525,0.014575441197615169,-0.12703913769999878,0.32688630766196386,-0.043570632597830346,0.014618847166488976,0.0007030335722212072,,0.03090945736702679,0.16723388225216962,-0.032365117345317274,-0.015210649373743083,0.025312799516228095,,0.4058837838919051,,0.05787272218402856,0.9123234550149952,0.0471826908080134,0.04402185056129467,-0.006521090839495194,-0.028487044517198176,0.07170495958007134,-0.06533416375064066,0.21185517811310164,0.4012733724514971,-0.004792331219606446,0.03020507739589518,0.2599349165289159,0.048223570148010535,0.052725527796048846,1.0381528128166735,0.4149035198963893,,,,0.5517756319258876,-0.18495861849839224,-0.053895848691247784,
2019-12-02,0.017425401802166,0.02784284736648842,0.00242239589613955,0.03456624794480028,,0.023962114555369216,0.025883928115437417,,,,,0.2914947585301969,,,,,0.0007903361809285612,,,0.07675859134940699,,0.03549039735421717,,0.014475599988267883,,,,,,0.020802209062982562,,0.011307231497011766,,0.02750052483425623,,-0.12342983391898081,0.021978501760355464,,0.037884954308086465,,-0.08007466500408114,,0.05316064343304345,0.0005396460892056732,0.014802911805106327,,,-0.04452161332401076,,-0.05875645378265742,,0.07619819790905781,0.13450921371777688,,,,,0.021351757108093273,-0.16650900976014002,0.005868997737532335,0.02077060055823487,-0.008742203903781522,-0.014089500783685236,0.04871193285221983,0.029198283104536232,0.039078486348039815,0.08897629584001537,0.013918898961824397,-0.1409148490615798,-0.10899909447447999,-0.059237022511570314,0.15743910162576652,-0.09309204718704228,-0.004512684309778444,,0.3524841784703384,,0.004838082402298366,0.02061283368213113,,,-0.0002506106019705098,,0.32699000255698263,0.017495614444621974,0.03850696257443388,-0.15635863268435898,,-0.5043258745312541,0.015606473503366152,0.5487528964452766,-0.07165132742849645,-0.0062260298427815625,,-0.07803695589547857,-0.016469999364146205,-0.453750581842729,,0.020441326051303468,0.12701962694923172,0.02554759939131505,-0.3658303596717265,0.0034779042143552436,-0.0036965532278604497,-0.08358889080133437,,0.11958177493691571,,,,,,0.07892523290063348,,,-0.15692790559396613,0.25444625577471425,-0.06041389231857362,-0.0767360660116894,,,0.001778304700244905,,0.01404417824714434,-0.10447649969404314,-0.19235008411287383,0.3738128464091792,0.03443740571108838,0.5273206006727338,,-0.0845794055963788,,0.003871513234353386,,-0.3627820282035279,,0.026544401504876962,0.2247503365391953,0.24367833618829196,0.13812764733600327,0.2599343912015345,0.04148536534915842,0.1189702320070735,0.02382859960144405,0.04139184305069639,0.031652037124384746,0.05189679361801614,0.027055173408712455,-0.07752376315743628,0.017918460879170393,0.021439257350311415,,,,0.006032259993015444,-0.03648403438551225,0.048344060466661086,-0.053792005572989535,0.027670189374677467,-0.09044601214004101,0.028779010287386907,-0.08620212889814644,,,,,-0.0009093284200341334,-0.13267803240997034,-0.007750275733991148,,-0.011114082319259944,0.017352636554169704,,0.0004573867545725509,0.02754175382722291,,,0.034684607830817824,,,0.24058245606058506,,-0.7394782187126642,,-0.011507572941669882,,0.021451824510860515,1.2764834178284004,,,0.0048799402837600555,,,0.012314569739732316,0.029963804593962903,0.0961549729842279,,0.02583660402439076,,0.001596534638395368,,,0.01508173183287261,,0.018768002734670247,,0.03382957345874137,0.2849486489120803,0.027452401479258766,0.011785117049232581,-0.12349569883625451,0.13467052451683453,0.03580268948715638,0.010353074851508827,,-0.02006787487944768,,0.02414144126821191,,,,0.0315040204127693,,0.04232613758973736,-0.0027385554729431574,-0.1316025569077505,0.19437583834693986,0.021987764373370175,0.33817880755099783,0.011041098750556321,0.17003141849903816,-0.004804965417097748,,,0.11121949533642406,,0.013575354560932723,,,,,0.0439541108572843,,0.14577646368086636,,0.1920630435639679,,-0.16943784472315807,-0.03645570392323851,0.002674058539065065,,,,0.004816684521067875,,-0.1307442090624458,0.010536137505066772,0.028759803887539383,,0.006239543372078327,,,,,-0.1149581301782123,,0.03376213048859505,0.47103517924226684,-0.0753799303071952,0.03747719866190526,0.2605005329567809,-0.03650685254546923,0.02664181149954482,-0.014282081027676186,0.02153032874957367,-0.24400057166374542,-0.10576979578773864,0.18434198880747416,0.012004841153276784,,0.013848282797112112,0.005927833451263505,-0.4593520295930865,0.061731191384081806,0.031001985560869978,0.301915384854689,,0.03792559904142068,-0.1640539995914824,0.04193440246728277,0.17794965195428497,-0.00792519944087499,0.020554251224816307,0.02082238272274732,,,,0.056180124540382126,0.022573909485175653,,0.055271203258318524,0.014916167947481643,0.021369388029638548,0.023748964708117645,-0.2778089999548528,0.015972469517620415,0.008317937498571595,0.02312162515681146,-0.20830142137105573,,0.9288232168156051,0.02325271896153805,-0.022054470961642203,-0.055061197132800006,0.036326615712326885,,0.02025553549067942,,0.08052269847745452,0.07972932286609885,-0.49887093768488305,0.057336542696571485,0.05476158799024386,0.016876536989199012,-0.0327554813665684,0.015537065945851074,0.027331818566131615,0.054723892847705194,0.0700459374605276,0.023015622023642893,0.13331244205770584,0.026216855321091588,0.007560286973300807,-0.09570915264087124,0.0106029864227582,,,,-0.0027486713006170983,-0.008869801764033274,-0.44590066517546795,
2020-01-02,-0.34288799630280814,0.09894704036864818,0.0544391094516975,-0.009214645189826605,,0.05592784935828797,-0.3945076877933819,,,,,0.04214416420371925,,,,,0.00046094127269802706,,,0.0994576426400155,,-0.029503113238122592,,-0.0036982365147658056,,,,,,-0.00021521570708752974,,0.0451801079900679,,0.15714871526179797,,0.06816072627633492,-0.08386626781640946,,-0.1279818924591621,,-0.41824019640008075,,-0.008139140342870393,0.02786358836861083,0.08271540430203056,,,0.0005369113081568171,,0.15878336507641172,,-0.08263246523403868,0.06161618576333862,,,,,0.10278260090593769,0.06726883677656047,0.14023955673632332,0.0923358707356716,0.060027960966627936,-0.062444211072469676,0.04484979315142443,0.03476731381766819,0.030737079566511248,0.06556964484118429,0.29451998448133376,0.06135040789523973,0.022452259565866113,-0.5788730539805934,0.0588590283076765,0.2730850972170452,0.1500586191111207,,0.03423669348738911,,0.43041340078465906,0.0761109043099456,,,-0.009598630432182889,,0.5694049348858734,0.20546239045913198,-0.018856159607565634,-0.10329252820335137,,0.01085876672841469,0.05874640872501991,0.08554411649141577,-0.040020180432409215,-0.005726233015173225,,-0.8999209673894518,-0.031959695938916774,0.11376683092700571,,0.05106393744789546,0.03624246784622823,0.07386016771907733,0.07150996798746087,0.01970268282762011,0.03676974653381458,0.011159882320259976,,-0.06075592608160507,,,,,,0.045379490138008766,,,0.06149666173699179,0.05599665067197257,0.05153177950396707,-0.010112814635198579,,,-0.005380823607719864,,-0.052997526140178844,0.07154563024456322,0.17226044661895312,0.24173397201723973,0.04889886240100201,-0.6224041219951083,,0.11440363319711769,,0.0029747924944760634,,0.05679727852571426,,0.05013911055764375,-0.2634290755164476,0.1559286568914822,0.5093020276803105,-0.23166700393485104,0.05480133147993642,0.056884080573086956,0.09130068315362802,0.09347609411551877,0.09698766054507661,0.28234790040641033,0.058238911666844834,0.06627526241635975,0.06425194682589934,0.057277926108150065,,,,-0.08168293232574622,0.7012446396424042,0.07909631900822893,-0.19287039167712278,-0.005160748558181124,0.07062594178034319,0.021457173292637924,0.16293940496326695,,,,,0.005227316136208006,-0.15912237188470418,0.9270370204244865,,0.8549453636803679,-0.4126679085334421,,-0.0037312330424177646,0.05372101695823141,,,0.08647901224386528,,,0.047932913118862025,,0.38463218851759146,,0.07585672133781446,,-0.10232741363422242,0.15207353851936034,,,0.20389449869538712,,,0.0778183517016796,0.18732077644214937,0.2315215212913242,,0.05781717753989209,,0.07800865212447315,,,0.04528168390369526,,-0.42785972142297607,,0.036118280117721946,-0.025105304841351924,0.14440048961330218,-0.19053513627681715,0.032119894364959586,0.17603476169029525,0.0344214731527605,-0.0017211023845888312,,-0.011155247980287848,,0.09157974562527295,,,,0.013461364534972877,,-0.09576305913762992,-0.15091211537781477,0.14591790673536442,0.25240050543059483,-0.9172849067175622,0.6757826036394555,-0.009016233173923492,0.20486497197900178,0.017814118444313482,,,0.2479808238033164,,-0.00578416778175769,,,,,0.351414494988956,,0.08922443002500696,,-0.20532291028644628,,0.049735554530780254,0.02253589021090022,0.015528644258455704,,,,-0.0035413717768289265,,0.03469821572804378,-0.0027535213247110507,-0.07869888928652054,,-0.004166630761542032,,,,,-0.006944947479008258,,-0.001838754847641315,-0.14642082085428668,0.051335915702342416,0.08123459795533877,0.0894039995865566,-0.005008009940138356,-0.020048744976409346,-0.16914439235252315,-0.2190374275855989,0.08110427114487445,0.053385079175667996,0.054547312252205445,0.3634979965143201,,-0.0386664635247084,0.03684123380989193,-0.043459480190939384,0.0625451796745099,0.01359746594672555,0.035689604170693875,,-0.10894283279705018,0.06994783349653233,-0.006157221439903303,-0.07606728645549413,0.18537810014496925,0.06268173485668738,0.06396173504223475,,,,0.04962717528612692,0.032817506354091724,,0.05474008676455432,0.0590984069810574,0.04340916793231719,0.008032792782914853,0.0521485628343821,0.14732243861099314,-0.014637560374373566,0.07169470632130982,0.05174278538150556,,-0.1181818700881449,0.05161535096151872,0.13054689610548298,0.122985521315885,0.28442289549962846,,-0.12154490611923624,,0.037340587267636095,-0.16550128356455765,0.19423926012345222,0.13120108483224396,-0.4282769055084405,0.05467301873493596,0.07160771511170161,-0.41007138850813457,0.16154423179726304,-0.3516119889940877,0.4338551475167077,-0.04208423379339828,0.01712128585794658,-0.0788823916592368,-0.10778356527752558,0.19853304147453152,0.0729044912588709,,0.03697750842778712,,-0.5704723022506156,0.028000981173288406,1.0779563125027662,
2020-02-03,-0.03924757641031324,-0.2699940319645063,-0.0010366036970345903,-0.002469649917669458,,-0.09571744330559909,-0.012035861120679177,,,,,-0.019209630372607783,,,,,0.008885897643125888,,,-0.0036168647980754373,,-0.10522196247349146,,-0.007141267310861246,,,,,,-0.011770197089068722,,-0.060138637215715586,,-0.038339453254636315,,-0.04599245709602123,-0.23803543747249106,,-0.05043918651991086,,-0.03576457657860155,,0.17194969880009484,-0.15756206162723035,-0.046511334067578465,,,0.780711510476679,,-0.06409594562954578,,0.039326383108904656,-0.01419298264921464,,,,,-0.05031715409788516,-0.046877629148997034,-0.1769319052568926,-0.07201952927061131,-0.03431214348474976,-0.03855923259403255,-0.017840167739274403,0.3159286844707994,0.08074724522866461,-0.2397770116288103,-0.27440695885148225,-0.025487000765535565,-0.04907095733851698,-0.00890831437196428,0.21084190165691932,-0.00568141371179179,-0.0512005617912195,,-0.04461692511878935,,-0.3678779650962911,0.11262081124568216,,,0.04102447451667748,,-0.07242324936974627,-0.13540091394266868,-0.01981734715677345,-0.013447420522822223,,-0.25141557264917336,-0.05842422300126874,-0.7297806760257058,-0.053894026525586246,0.03282096572489194,,-0.021841522603999,0.018087951271441038,-0.05705406896649856,,0.4395297076844591,-0.0507886330649208,-0.16678053125440778,-0.03185331542380765,-0.01988303041138254,-0.05076827927963707,-0.013283239637561145,,0.2727971997913903,,,,,,-0.017519580193086706,,,-0.3321248941920901,-0.06330622247863005,-0.05921002970753445,0.029532951293890313,,,-0.0020189008405470865,,0.44214239590415855,-0.025374147662862948,-0.3181070854737788,-0.038980222696454805,-0.014874161406503139,-0.009236714763730152,,-0.45262571499269155,,0.026486700871170596,,-0.18028046417683363,,-0.0606786502351508,-0.24889942035615856,-0.10635779363301427,-0.0562552584946649,-0.06035041074122298,-0.054275643967138874,-0.04326243430213149,0.1979073543534766,-0.022089223222159133,-0.26844470376767665,0.11333335430879876,-0.11378539524135299,-0.22271036015960122,-0.03388440887030014,-0.05232834796172142,,,,-0.03636489113509521,-0.0508256697268685,-0.12288742534413913,-0.03584247408962301,-0.2519371609870818,-0.03404235572539286,-0.1734417656657954,-0.0746787309946782,,,,,-0.015833794579787442,-0.004407311745129535,-0.14612004684012866,,-0.2231676909278166,-0.7470780402747088,,-0.005522090510117381,-0.014928874765149402,,,-0.032058938344861065,,0.11629349319615193,-0.0749725571897688,,0.009675091870155066,,-0.000193809503513691,,-0.06180319566482322,-0.036268872486559856,,,-0.019173872346089495,,,0.006339599542376019,-0.024575283090754817,-0.04636196816627831,,-0.48795473924541694,,-0.27777454754170405,,,-0.006515657677207808,,-0.04660459799545937,,0.015599425638027355,-0.10389830235396354,-0.024024421767617633,-0.03388098084392238,-0.02328478547463904,-0.03662486973764067,-0.025710020840142442,0.0691655846738457,,-0.0067687874394003564,,-0.26424792954443305,,,,-0.016164909221710804,,-0.0963347153921581,0.024082628510116007,-0.021262585210799656,-0.010439919445996449,-0.021256462758247427,-0.11232939202086886,0.03390159749488467,0.06332355277562168,-0.026270316616740168,,,-0.03366755691018832,,-0.006675777218138411,,,,,-0.0752919306306951,,0.08524022782916839,,-0.06296896922900075,,-0.12623861140768475,0.006730065480228195,-0.0028361301000306574,,,,-0.0030413883378350836,,-0.025386973546008305,0.05376427135026725,0.000885640883534937,,-0.004420980993674125,,,,,-0.015616229709058599,,0.008315284464760443,-0.08273460945586496,-0.03841887770014817,-0.16417951455238777,-0.4288755393848789,0.10157543976867706,-0.028190293007455406,-0.056162045337793724,0.544741637729954,0.04321906516381224,-0.0433062017415912,-0.038883211912391094,-0.03854766252990789,,0.08839088385405812,-0.05981829877153848,0.02595645341067162,0.05087913346684493,-0.0753328777268146,-0.03331885758214132,,-0.01674781390435781,-0.026498217551757,-0.11687056383226177,0.0037668383130533894,-0.009631728111402605,-0.049711878159673366,0.023692321094045562,,,,-0.055876467314490495,-0.16904101769606422,,-0.1400560536302116,-0.0878737925410446,-0.021820520764262857,-0.0236030471198361,-0.38960463109731736,0.0013737390977423616,0.061877126375403435,-0.05566595519951157,-0.043441393250992444,,-0.07202771300180921,-0.11414279677288036,0.283378259941693,-0.03722099539300408,0.1816824603524016,,-0.047501373783888606,,-0.0428817678770589,-0.041145241218365464,-0.026135478520695928,0.14480094973108681,0.12034384349373246,0.05624439466522378,-0.05064593356660854,-0.344041072938116,-0.0746435395127695,0.06261341847479289,-0.6131131259946935,-0.19608750383752338,-0.0007068292450194882,-0.026856584879295813,-0.07726751241936848,0.07610471632590554,-0.05378606176052873,,0.06998169047102132,,0.20775568493236934,0.4832069044610087,-0.09964590702619486,
2020-03-02,-0.01473083164643152,-0.026367820694594563,-0.0231869534500354,-0.0031820474444579387,,0.009240645680603165,0.13591836716688957,,,,,1.0002164973992236,,,,,-0.004948259891477589,,,-0.0005258126015621524,,0.003037786621118267,,-0.00019202825100218988,,,,,,-0.02309329051352202,,-0.001924656559749503,,0.0016859562938197489,,-0.051131259690731914,-0.01588243676921124,,-0.023242504266692155,,-0.06681287932065963,,-0.009869576197785418,-0.156972558765899,-0.03234629978296209,,,-0.2659983821298847,,0.0032690448861511148,,0.10036658168013181,-0.01593170566588383,,,,,,0.04153704820638251,-0.017592249051987294,-0.0406145589186429,0.36068272390022577,0.06985999712872498,-0.048405617610383464,-0.00014159418082740393,0.11496201476697723,-0.041074677069683756,-0.0040049601607134834,-0.1599854837304507,-0.03137164040481438,0.18117600362564124,0.09699223699750581,0.0822003104527115,-0.2777318856523643,,-0.01081776035168852,,-0.10446818811381935,-0.032625427902179406,,,0.0008561195993679598,,-0.036649125568990894,-0.013407377525151613,-0.02701007807447754,-0.005915425767637759,,0.048745786083547474,-0.03155023658998947,1.6192319390664323,0.07288987440247513,-0.00016409368962561755,,0.10217130682567879,0.005897953188604168,-0.013921622769350765,,-0.036934354262018604,-0.00818907187771294,-0.16394074290052568,-0.2748850953163043,-0.019405070425292024,-0.0453469772883152,-0.008381415535733374,,0.006530164771689497,,,,,,0.007972402593782388,,,-0.5383079580536272,-0.031042911393849917,-0.07309146650563973,0.0002587125691785224,,,-0.0012340903288136004,,-0.024279456967798336,-0.011848444845943565,-0.017126180941442352,-0.00036655879023370216,0.02149427600387098,-0.024606805088827267,,0.13170344118608593,,-0.037374765205433855,,-0.14538791897355388,,-0.054955168858998836,-0.19337228237752335,0.04305856632924294,0.04140895718793995,0.26248883266527834,0.38907747038116947,-0.009574959701080351,-0.32228327899455717,-0.002457479828723425,-0.010109007689221006,0.12396129406944949,-0.01246801380329765,0.13280904115404912,-0.01979021236875741,-0.02410747821287254,,,,-0.026476485325317014,-0.011224708644565713,-0.022908040060596917,-0.020145593623483844,,-0.0243616273807631,-0.0426353054577374,-0.05105186880252779,,,,,-0.01799160229754217,-0.003381920710427037,0.012710451138729248,,-0.007424126734503048,-0.2722033975193996,,-0.00545639848568841,-0.0008939528905214317,,,-0.011713368525319777,,-0.02696418531191936,-0.043468303612537215,,0.017589165417485758,,0.003025316154684275,,-0.21304584279239008,-0.2530530186401417,,,-0.01246418477631135,,,0.0209480254731663,-0.006301708421779864,0.07855225139585706,,-0.05087769263915643,,-0.03398817922602107,,,0.0957526793873686,,-0.02155480185362323,,-0.039123275534849664,3.13869896826659e-05,0.03632908069624149,0.04051750882300209,0.0030579330751876587,-0.01772697945412795,-0.04133122427966703,-0.003335078036012691,,0.02822970680128936,,0.2672362895620887,,,,-0.02331282430329262,,-0.06831866253770207,0.02795355578814821,0.1782399932654093,-0.1002504058443841,0.4567058529609983,0.26088468283919586,0.12212876952997467,-0.02797855753449853,-0.005594430131225781,,,-0.02581051112353283,,-0.001965663823147571,,,,,0.056446272613513676,-0.02435899954721391,-0.026726544312528917,,-0.015110075961419599,,0.14051160515272418,-0.0028584730355166272,-0.0021852978567559896,,,,0.0757733914175923,,0.2320280202325309,0.0016279237886064305,0.42451121695849003,,0.0017867772287668505,,,,,0.0018159747405854625,,-0.0665758918973715,-0.0787588213490724,0.10332626083219525,0.006511527827732472,-0.35171767339864296,0.006725583100492712,-0.009928749467656435,-0.17505135892379622,-0.22476458207615305,-0.013769761791650344,-0.026546146164172613,-0.022979851001600764,-0.3782886993471939,,-0.006949181715109261,-0.06449095007102207,0.008886469538680582,-0.03720809058710462,-0.0216886319821826,0.2595926401827634,,0.3569826803483183,0.1290937447754695,-0.0019827050939603434,-0.04749015462636813,0.09477850564400384,-0.017990841627739656,-0.01853980102335136,,,,-0.02723621294886194,-0.018330381952175914,,-0.012238546025520644,-0.05863017482969657,-0.12375314341069242,0.18514820498378848,-0.03381023173965949,-0.025091315423422477,-0.0026583636493253487,-0.15282568190948811,-0.2667414100312505,,-0.036665140003758465,-0.02668774211362574,-0.12303627992871934,0.006852845017240249,-0.010859798170695226,,0.16463770325175486,,0.10135742984113816,0.4522632437267243,-0.5663392780278368,-0.05940004073244419,-0.019262460242469814,-0.0674344122595055,0.008421546951818234,-0.024040689780609695,-0.03264615018739857,0.05731231003616727,-0.03798020829855185,-0.03030568620392385,-0.14074152150500283,-0.1472040399019014,0.03156674222291621,-0.17553200538581407,0.0902694500277128,,-0.007516053624830918,,-0.0861425007750181,-0.03072516865992697,0.14785160038662398,
2020-04-01,-0.5344188481111151,0.5664152063942018,-0.03603147900809284,-0.028254606540393353,,0.09166492108046295,0.16797675366812653,,,-0.024482719899314994,,-0.27438124232998645,,,,,-0.0004626549153778284,,,0.001835796083072732,,0.0049833369356862365,,-0.0052063013686863766,,,,,,-0.002437349883336347,,-0.03292438222666277,,-0.24291114657462454,,-0.16765577864067566,-0.1118574215281338,,-0.08066316959057558,,-0.32376352710897716,,0.004871060657705182,-0.04721961342518949,0.33294792552898544,,,0.44086990980426843,,-0.024455873831827034,,-0.07472075154641293,-0.009322252043918509,,,,,,-0.7011649741804747,-0.24987005443892654,-0.04329153848023275,0.3580771907060434,-0.13474897641454112,-0.04398946007080215,-0.2018221155061985,-0.21980458385210985,-0.053985073223150166,-0.04434227166805772,-0.041221273790946915,0.007700337893678678,-0.03465889007818222,0.5412821940732808,-0.5367087465211196,-0.03300765379569306,,-0.2985521220531728,,-0.05986707803743869,-0.01636770913996275,,,0.031355019393936236,-0.027664141093406078,-0.025793870205449695,0.009105443467078977,0.0010170586249837648,-0.1549563594180858,,-0.10631287277257483,0.1285845885413471,0.06231893327279556,0.09111544059793288,-0.0001046334021869834,,0.4376246110237147,0.05277481634458428,-0.2857127730715587,,0.6031120048717513,-0.29712572087468325,-0.04584196371130426,-0.060327401794355924,0.15769726618629748,-0.012630825693633007,0.06366488875044558,,0.17504741526519935,,,,,,0.028787740222415606,,,0.06138261707337974,-0.03620672472316857,-0.03642392365739354,-0.0035270366947821514,,,-0.0010798264429555356,,0.4481826906658927,-0.009314992383227926,-0.017477992204032324,-0.02845512053417465,-0.026060477441118196,-0.014165300931651855,,-0.03265250360093194,,0.06302100098854778,,-0.04605411985667,,0.01272897247289044,0.25365596971102844,-0.02210178007914993,-0.031941540317989535,0.08390148357877783,-0.03433667086363816,0.288091026903583,-0.052025927755478596,-0.44088465733653187,-0.004181361470648165,-0.037900924247955006,0.05295161616507595,-0.24813669920864495,-0.11667454866733742,-0.0487759930711385,,,,-0.00387845863683702,0.017334574239656352,-0.2764347601082127,-0.05995310212685938,,-0.01654844910442512,0.03731555081236914,-0.06407104259762918,,,,,-0.03856891326820916,-0.05382983352153379,-0.062463936399800524,,-0.04907574689450968,-0.09761195791847696,,0.0026737533968146697,0.10311433199665089,,,-0.43095231909613424,,0.027755036915858525,-0.14209209177268262,,0.026239870773721752,,0.0049233976570551095,,0.018370705151231643,0.21180004153489196,-0.47261117522563023,,-0.00527392482662797,,,0.023294556955638042,-0.33337769293913266,-0.002246980888755728,,-0.05837789003055441,,-0.0608228892887151,,,-0.034314722674802386,,-0.015560142392869564,,0.03714584617002296,0.0030170190220768184,-0.02664592459611564,-0.06357137209490281,-0.04811210457557194,-0.3633984735992559,0.17399175007863363,0.004812634756820155,,0.02359921135015623,,-0.08979786570087483,,,,-0.0077985301508862615,,-0.3830420762361269,0.9104073852992104,-0.09992893078429071,-0.022226075883163672,-0.01542178679720182,0.11443165077792089,-0.001623106477101718,-0.0264399092930104,-0.04473603006358336,,,-0.06617128656119696,,0.0031992293153216334,,,,,-0.0006318069543230619,-0.035000070863923434,-0.03575481888230719,,0.21675726946904175,,0.013138124211714404,-0.006618355704742028,0.0024892413226858083,,,,0.005538579117680894,,0.04892281284040494,0.0017804583748970864,-0.08908765992755485,,-0.0052496049904713175,,,,,0.10964483619164994,,-0.0016937326924707083,-0.13746421937634626,-0.028787078683061084,-0.04333998686457454,-0.08917609332437848,-0.007483550900635384,0.00044015694809942853,0.08633406903918528,-0.01065051405666757,0.02080328167393427,-0.03204287256723458,-0.038850377205403026,0.2108889524220511,,0.02513300143600204,-0.03769073931676106,0.0009749640531082661,-0.06661276697369954,0.2440032945195028,0.08960666923584097,,-0.022867797746731564,0.10929720665134005,-0.002424487197983414,-0.0243669218622049,-0.012288974285979687,-0.17241766207933762,-0.010414896869667064,,,,-0.1684907672639788,-0.08259261631832121,,-0.0292572964810328,-0.1409076000101809,0.0905068033025452,0.05493143605303598,-0.17748351600638793,-0.03529657221190034,0.0016430048986304097,-0.03446494090948024,-0.22950639768158526,,-0.05208563203329365,-0.032317898745704246,-0.4281308842362223,-0.006942842160123991,-0.031123850122698457,,-0.18036309140278486,,-0.34526091905097767,-0.03123807950781576,0.011658067530549942,0.012779478607821509,-0.020846917763511746,-0.24623625920738346,0.025856849983446607,-0.05000995751047932,-0.1514242668513499,-0.10278673329200168,-0.394938328711286,-0.09851503193800003,0.03158252083861807,0.10689368431065882,-0.006457241051331983,0.29702261071398367,0.24123272891757533,,0.00307728900092781,,0.04412341251519056,0.38287593957509963,-0.09967265980630945,
2020-05-01,-1.0012252605001304,-0.24882794461469662,-0.14192562163511274,-0.044392502320639245,,-0.27041815061387553,,,,-0.7281813438636349,,-0.06399245783578171,,,,,-0.00010672421770801212,,,0.040836271292676085,,0.03491872447840319,,-0.11016870834842102,,,,,,0.04520892595792092,,-0.07512032644616588,,-0.09068595642949567,,,-0.15274497270896553,,-0.6606770547653884,,-0.1278270889206324,,-0.06163945617586738,-0.3018860920440266,-0.7341821828716325,,,-0.7993481611076111,,-0.0937639062302228,,-0.35086695132494317,-0.28810693512677393,,,,,,-0.7488864044739351,0.00741768378190949,-0.13964032815186203,0.2835548163577497,-0.8478559004788871,0.26961643099979443,-0.10633080951490644,-0.12378313906718197,-0.11174165090694789,-0.09907051218845979,-0.6080038895467212,-0.13456486378127958,-0.5169594756965754,-0.17025475370246293,-0.6769476356694967,-1.3575418873469163,,-0.12269552595493051,,0.07547939830450015,0.3733870346823802,,,-0.009073385301473627,-0.33192630207431817,-0.14272526116440318,-0.1276837896098834,-0.04815235607891111,0.04991436171341813,,0.005671300599658948,-0.10241497791187762,-0.14937812216816912,-0.11917238533128961,0.03584301346771964,,-1.0164439842759603,-0.03730310983056363,-0.13427970483645324,,-0.1055450220514473,-0.14019986015427724,-0.10891196148026128,-0.10516505142139337,-0.06674917675852846,-0.09405332801364033,-0.20456530679802687,,-0.03816867289238271,,,,,,-0.09665954417312203,,,-0.16356345640522862,-0.1645957614222851,-0.7377860600663932,-0.009205203566702822,-0.040417176394064364,,-0.016949351497264013,,-0.13824689487031333,-0.14366424258434057,-0.1677421915028403,-0.14378389625768884,-0.1406115520876611,-0.15080368944812816,,-0.2872270571550616,,-0.014356838872127126,,-0.4223853789702598,,0.18196074277129473,-0.14329867346665917,-0.13765202850306954,-0.13746825478259597,-0.1356790762503231,-0.13701982001317356,-0.41128902365679215,-0.2627618468697609,-0.39882118925593196,-0.15323910427737855,-0.26133425826162476,-0.14215587520601794,-0.14093041624019928,-0.15088842865329782,-0.16354840604380433,,,,-0.2007656082348596,-0.7666255044545421,0.2633311397808138,-0.14917183219130659,,0.020811334269812885,-0.14243951402692243,-0.2383974779364771,,,,,-0.6917080655715575,-0.017913618216538932,-0.3047388330404352,,-0.1651917469478591,-0.2775824782750903,,-0.07244985989656347,-0.02438785046630489,,,0.04724881272518397,,-0.14011453274326402,-0.6995818931518843,,-0.20354416003363537,,-0.05448159658434848,,-1.4135648507598393,-0.2963653336556079,-0.017765198201416924,,-0.2161576489679233,,,-0.8351926009924797,-0.8223587991611133,-0.16758918759197114,,-0.11723918994343491,,1.4986614248104972,,,0.06271517817167693,,-0.13958987291692887,,-0.14461079848375083,-0.1585205114228736,-0.14508423660593392,-0.12615655197760195,-0.14969217472885712,-0.1290535311278163,0.04053443499972243,-0.0078001077541068,,-0.23040753438476322,,-0.35653337640517074,,,,0.10655742445355,,0.20673952360814346,-0.047981434896574214,0.8819819354114131,0.5269579506812412,-0.1795565740922419,-0.19154009407149525,-0.028968835133439334,-0.13326179595726936,0.38376979949450757,,,0.34783844568889366,,-0.025741732787479602,,,,,-0.05088702002316634,-0.14099442903279397,-0.07249563185116945,,-0.1357812069549861,,-0.14312536004343698,-0.09134303638425652,-0.011864267065373076,,,,-0.03501782400364585,,-0.0313076080257625,0.03920967856763518,0.22490050398764483,,-0.07101780371754639,,,,,-0.01678190324524089,,0.26534578959044414,-0.11166112283179551,-1.4988741604289688,-0.5416863473996869,-0.2385457712065577,0.19152230995011274,0.30624060179752977,-0.15889213543403344,-0.5726957637702416,-0.1377189175544278,-0.13145294934777108,0.21071620304844738,-0.048855816855632006,,-0.01417424479801766,0.2661139524786339,-0.04327966759607041,0.03299034366355849,-0.14658320036548414,-1.1228168632156155,,-0.7239012706232656,-0.36192527930489543,-0.09747264013845358,0.2997663498899613,-0.1220182440366927,-0.14540939003342207,0.5664565398099544,,,,-0.2313327439221819,-0.13676428821984635,,-0.13758427384047114,1.6927767702077952,-0.1351314301815229,-0.1571600170877253,-0.147886260181735,-0.13799019931480488,-0.04230342623039335,-0.23403316083012687,-0.1427902271076134,,0.3681668925304285,-0.3101501493295147,-0.14362282974695212,-0.26579178429196076,-0.14979528584566412,,-0.1379210042048951,,-0.1533843005303264,-0.5793989735184819,-0.4738118595936725,-0.21839562893599287,-0.09266444468779166,-0.4659259142771993,-0.21351013649079667,1.1795956228461562,-0.13309314736564715,0.11914650418986417,0.3366634587726709,-0.13021692058775203,-0.4670040975794232,-0.09996421179234627,-0.14621048180207283,-0.15861253248685117,0.9815031881628167,,-0.2687241212102924,,-0.17400633029389986,-0.1951091113564667,-0.1725212075618643,
2020-06-01,0.01614899626388068,0.05940007307510528,0.03224038312238936,0.026782204232278242,,2.0619437174133446,,,,0.07897740321275006,,0.026540803526506646,,,,,0.006327672903562361,,,0.015101303272315101,,0.04716861547143658,,0.01917403881438157,,,,,,,,0.5725268489648413,,-0.24930681434402674,,,0.3642863539165071,,0.09246488907197806,,0.03140540714592032,,-1.0497536981851452,0.02650886768188526,0.024902047032645196,,,,,0.002331137930126648,,-0.08326386136455857,0.11554838441174324,,,0.08505832188048741,,,-1.0728861816366435,0.3683160196155589,0.21933473830973516,0.5343880652919656,0.3345147958374633,-0.03923050804296164,-0.047757852215095264,0.47400817217321645,0.018768444346253736,0.10597457823093087,0.05296947177803829,0.05944808393337119,0.05662225354924992,0.05642016232110954,0.04819612705099738,0.01930038892500996,,-0.01987876257757141,,0.09232299198092786,0.5354605257641217,,,0.04485482964037009,0.06485430285476379,0.09072179745242104,0.06083339666123694,0.03143077635964005,-0.1794356589457076,,0.0737816468233768,-0.020904172236016292,0.0946701874371069,-0.020504151778476018,0.07596030802460954,,0.2795303689241818,0.027753292923685606,1.8511882822159906,,2.271694116733048,0.05471413792441324,0.020557542240980477,0.022474592437058894,-0.4421594257890505,-0.35201359486014117,0.04803545741494652,,0.5781355990697286,,,,,,0.08423452645997587,,,0.12244976922966264,-0.6817164845607617,-0.25787608224903397,0.037293846871629344,0.19054561554857924,,0.02833491751241743,,-0.8410192841420139,-0.5554142413631573,0.9924676642910207,0.06293383508671917,0.023386037983138132,0.0461688401032458,,0.04747792863694196,,-0.0008368966875119933,,0.3071996318617761,0.027087083242487944,0.30612561586813636,0.07323524865181441,0.5700101446256751,0.5450605920570931,0.35948057078405316,0.0836161497639086,0.07323355533161874,0.09570172017647854,0.03828931441924288,0.039841468497101046,0.2352474663246351,1.3439372050523182,-0.45006301391679304,0.08619406931117773,-0.5115501613237302,0.10019937998701497,,,0.7783477297885677,0.14787214451205202,0.09357681205818352,,,-0.03617064475314619,0.09419834759303414,1.168053950334271,,,,,0.18030164386771358,0.050528913793015454,0.055230153079238814,,0.0843267607517039,0.11572730385110336,,0.0072214319818743045,0.08057476804033599,,,0.07016285421157842,,-0.6348222554067011,0.6027253456504846,,-0.09881520764845517,,0.020266277660631875,,0.08264112277615715,-0.013070833310881762,-0.056010541993297344,,0.10099582824315999,,,0.05601339061944044,-0.03612146022592246,,,1.773649035955417,,-0.5089584183382804,,,-0.4108145990275377,,0.071928380468018,,0.14553028578261099,0.04660445079083573,0.06396194645284833,0.1563334479835651,0.007922810724177786,0.037894831195644026,0.41587240913629697,0.19926484151408386,,0.1509986132627247,,0.06714468298105822,,,,0.05462267245283238,0.21329592725546104,-0.4139660897439781,0.12127270219971459,0.01670249099650297,-0.2790589032960453,0.976110653606136,0.06669241143287974,0.011834483457508222,0.5058382847560319,0.010212259408358914,,,0.06344296142516237,,0.6263646940329882,,,,,0.01919080387030863,0.08174938090738311,0.08157529694963267,,0.06148083072549712,,0.07112107753097488,0.025698142090822655,-0.07876389355454323,,,,-0.35790816573288864,,0.021164573370355846,0.01232681937300558,0.09892593694413705,,0.03015453210455528,,,0.0863232072995396,,0.042225476040778157,,-0.24693345795770713,0.18614886021289204,0.1971638870919088,-0.23613531706235658,-0.9617266018711372,0.04594634909817602,0.08470966488353539,0.04964574603673494,-0.33535873667732696,-0.01500737355297185,0.033294216027360955,0.5435198087211206,-0.636167060163444,,-0.0002597431101840188,-0.15328556961214188,0.014113001850592919,0.09215485144616267,-0.49914388488114786,0.48428812013621925,,0.028365874987575954,0.049261940935228274,0.01554786319563704,0.12772858540824983,0.043194140614614386,-0.3500020200993226,0.3701201877526155,,,,0.08163500805381765,0.9607221561435536,,0.39598851634329935,0.34940335946340456,0.1518994129068087,0.0826273871046242,-0.306322951378176,0.06031750389221205,0.022994999409308384,0.08119193691932461,1.125424921665063,,0.09781111883554716,-0.04755444090938876,0.016025546954384014,0.29859517294344073,0.08532518972387512,,0.05248006253884802,,0.13595947810268316,0.9263857389882717,-0.46320409537360024,0.5997859771430332,0.07105971035151286,0.29516205298353143,0.10997017172677664,0.06652717659077526,0.08777909048285154,0.22311587922162732,-0.3282530133507619,0.7856761113019693,0.6681050785253435,-0.22792232387201106,0.22795490799596846,-0.21864853384033903,0.10451189403064379,,1.370221638068712,,0.05410130539254737,0.14702179925325026,0.36255301222927605,0.1800002109072062
2020-07-01,-0.05870712546816996,0.06258340113594842,-0.07904863075192467,0.012759029502645543,,-0.22521622250762008,,,,-0.08254531065171981,,0.04627746537552692,,,,,0.031825623857526734,,,-0.07712327885999957,,0.04127379641833903,,0.21790532735225082,,,,,,,,-0.049235039758757225,,-0.25270877373575407,,,-0.12027049381320033,,-0.12461937396104114,,-0.10596140507959698,,0.10732516341787787,-0.0786304923011382,-0.25244236709914875,,,,,-0.06017143499381023,,-1.2366154018392934,-0.46096045544431186,,,-0.3439205871957242,,,-0.1293769161507724,-0.17420481962335796,0.11995565935054217,-0.06589958361219178,-0.1320287149572178,-0.05424943917016608,-0.0675741673100474,-0.09230331518997649,-0.09789460246747707,-0.09069919405904936,1.8038135606311927,-0.05601683097616278,-0.15286511755006413,-0.09493926384316217,-0.8245134286814007,2.516555967762799,,-0.017957910401599945,,-0.09235624083236194,-0.08458466308850911,,,-0.011344665337833161,-0.10569777493561085,-0.38325275450348534,-0.13031982217657595,-0.24379495004725335,0.014037380985832694,,-0.031952816112736995,-0.09111858995901277,-0.48815362351959024,-0.14479768269924492,0.004124734601121034,,0.17537083072867013,0.3026004087665777,-1.1963393458121114,,-0.2252646868433717,-0.12323022804928452,-1.0787281574290073,,-0.2561554995035172,0.12281278372592072,0.18386762675256058,,0.6981892940152259,,,,,,-0.11935148911398132,,,-0.07669251297262941,-0.07503564582705782,-0.07896121654672322,-0.48952348381272254,0.024710433264872426,,0.03025745384745902,,-0.5818187717769004,-0.1281032095571001,-0.15508822179098633,-0.4284680375622666,-0.627631332371561,-0.9487190044734815,,-0.31152076665228934,,0.005573373450156554,,-0.46647350864191167,-0.15749030830859115,0.06518469758156806,0.2845663879685041,-0.12026929995810927,-0.15197855330754034,-0.09399754790720433,-0.10664659698334723,-0.3759902987981011,-0.08711720286817022,-0.11502337710198034,-0.9543681246689599,-0.09141189727713118,-0.09819305750812904,-0.12186721641772172,-0.14313851233057517,-0.6025698104518886,0.8767574414519564,,,0.052093455261301304,1.2841509669125832,-0.16411689589235667,,,-0.9532289466191932,0.36859866534438895,-0.272001101649391,,,,,-0.04390328570744486,-0.1582860482529554,-0.9335175853587416,,0.26181333820191127,0.006744623829762094,,0.032883189807888506,-0.055594821666206065,,,-0.1419479900327038,,-0.10167720701780975,-0.21732469784341296,,-0.40881630667444685,,0.041905143830882674,,-0.09830033240856027,1.0647299901246212,0.08044580014705967,,-0.17729169837979183,,,-0.17566479984144828,0.061505811229583256,,,0.5347881448663163,,0.24031089716870344,,,-0.11056034920368758,,-0.12763690992653218,,-0.0993018806542229,0.019515055342061993,-1.0931947204698362,-0.1065999512941682,-0.23882890738694543,-0.09207374936071919,-0.09929807645000456,-0.09417795159007977,,0.010742771436091359,,-0.1525039769717571,,,,-0.3877054870563658,0.17409924755458048,0.05972334086059098,-1.34919279868037,-0.6378102588503617,0.08362705977940313,-0.536647012614966,0.26490555098367563,0.0018642481296917554,-0.33520317301327174,-0.0772749907986914,,,-0.15625900356254618,,0.02197340247574943,,,,,0.126763849523479,-0.11926379871811421,-1.1802015123551852,,-0.09503148368563805,,0.37577679163101746,0.06638607313970082,0.012438242059283781,,,,-0.0014054402839890452,,-0.09452166478381493,0.026919645666537657,0.07180585008230367,,-0.006093958157695494,,,-0.08841605842082323,,0.015770976014658437,,-0.010400698685098568,-0.17257588177248606,-0.12423427684125894,-0.06604421213091778,-0.5399141734652658,0.021847396313931833,0.033617461251111286,-0.0880978802360934,-0.09223521334173665,0.9019751970181769,2.4157237569544643,-0.07686101697844733,-0.11697420460530697,,0.016706389555614935,-2.9002386429968308,0.6595616274896501,0.06534849729672958,-0.5430768443845699,-1.1436629817344985,,-0.11358342140311273,-0.15356219194657736,-0.013724529166320179,-0.1136061698770239,-0.17629614825207077,-0.12247930700782579,0.05487761721397852,,,,-0.10702586065811723,-0.09800552733472187,,-0.6368397411010506,-1.5859806803013459,-0.46208093116916643,0.09595995264091554,-0.08657485985431639,0.00425303737982142,-0.41156377112291004,-0.1104831879610153,-0.1155265590233567,,-0.09190441357606043,-0.025047665898448427,-0.49968938647790073,-0.5098776020933603,1.7222407763087968,,-0.1144286732771926,,-0.1464870999779916,-1.0363348759040691,-0.24950525141197652,-0.9519889352453434,-0.1678315440498426,-0.08372597489776812,-0.7540681737028018,-0.1795091612308365,0.3408087507209529,-0.15749182658909827,1.0160861292594676,-0.028616974630816663,0.8499043488122079,-0.10437231221180833,-0.04444486412202056,-0.08516061042929668,-0.4859132783098011,,-0.12894471477440791,,-1.8047340281910982,-0.14272578004887154,-0.32926181786159536,0.13660586583806686
2020-08-03,0.07936516087709226,-0.030815566050881732,-0.5378747955275472,0.11998620294567897,,0.517849910762415,,,,-0.06843829030648409,,0.4758358468665257,,,,,-0.12384205932480825,,,-0.056805185079655214,,-0.3037106824601504,,-0.011396425547736982,,,,,,,,-0.3317517101451885,,-0.4941992580886263,,,-0.46606785355171576,,0.2807845875482795,,-0.021883602629372806,,-0.08511780570681758,0.04419346968456462,-0.044380624566966675,,,,,-0.04828951522320356,,1.2006983756567593,-0.4855261488922692,,,-0.034050061645250734,,,0.39120276130884823,-0.14994867853880356,0.3143325195566882,-0.23949880432557108,0.4754341393419989,-0.04263684280083525,-0.8805217437662697,-0.00964144615817292,-0.008428601922322218,0.0828521524376632,-0.14503466182948582,0.18624773321924676,0.029145581890213976,0.0189700865990483,1.0506178465477756,0.01606164520519863,,0.8431476739208497,,-0.0652489693590202,0.5598135069254571,,,-0.0144857569178684,-0.03967574368799364,-0.03398817633103593,0.006386386159765825,-0.042357613647366524,-0.026289762192991145,,0.0028759808934593,-0.06268198895455766,-0.4796060147073218,-0.09795435995245,-0.00021774406469651761,,-0.24418882218819332,0.35697885720880956,-0.13516536165748658,,-1.0496748671482932,-0.04167130392212554,0.49884047093066125,,-0.055426058410176185,-0.03473009216476921,0.042349197189488264,,-0.0347090082148725,,,,,,-0.017322508158563885,,,0.03968750361608789,0.5777680982255202,-0.6889360902262678,-0.02854232395491119,-0.1262643596539756,,0.26843394037386353,,-0.0648069095275664,-0.04190322899913711,-1.24803468515298,0.587703098331809,-0.06748807810461284,0.5987584406712446,,0.0012911247091895658,,-0.02160421878482532,,-0.042721518298269444,-0.04622166203965579,-0.6700421447524738,0.37133904128250095,-0.10962102931188576,-0.03216923822374483,0.2755400878103562,-0.035710101951755543,-0.03948980067270361,0.8575859599770977,0.35210088404745443,-0.04521822696044237,0.4103690748859914,-0.04485969613366583,-0.04044285360072458,0.2058504863256404,-0.031624083831325256,0.24274725963363664,,,-0.050425434812190265,1.3296699466977329,1.0017889532871607,-0.09058904208979984,,-0.10119318894225719,-1.0385357785958838,-0.019741369545792566,,,,,0.01060785450318736,-0.08051609560971258,0.7189817962550188,,-0.0706964124872455,0.8319643156292269,,-0.013927629066427983,-0.5547497071187311,,,-0.06452205256293869,,-0.030139280940580042,0.3923090859628765,,0.5915970956567658,,-0.0318556238806208,,-0.0268776024189012,-0.19750707558633462,-0.790578986384095,,1.1279694449554514,,,-0.07155323201127468,0.44289644625728,,,-0.5084851010451865,,-0.005348911806606734,,,-0.7869337236213564,,-0.8215375021946326,,-0.00692525302621702,-0.029501771104384636,-0.3111694302081281,-0.33089761430820513,0.31506637154043216,-0.003153092892416696,0.018646412992516376,-0.04381646184406443,-0.017873991332998496,-0.03173423851176676,,-0.0319633162356671,,,,-0.04391125464951857,0.6222768387174855,-0.0382784085299857,-0.2072121590059151,-0.6656746971272658,-0.05435318945963585,2.0093400484890123,-0.8891887713281063,0.10451982336784285,-0.04097730438941707,0.03671442766743083,,,0.28689821529170234,,0.11024583929649806,,,,-0.017804616192078522,-0.0529694778410246,-0.04222325750575362,0.508714352427727,,0.4403256087694358,,-0.036448917898614076,-0.06362731593788555,-0.0060821424148441265,,,,0.1514426220888634,,0.00750645838708059,0.05789732635701259,-0.03539392456733891,,-0.1294079271676033,,,-0.22348462614845643,,-0.06729137849874395,,-0.02336066903242798,-0.10237999160104792,-0.06642461656212485,-0.055863595664351486,-1.433076522592465,0.2604822274079823,0.0025149956075696325,-0.060569619049573656,-0.5650674675458384,-0.09082256280659287,0.35278882174923726,0.08529941999689926,-0.06949216140997992,,-0.0181563133104807,-0.04871396316140918,-0.06780663696033472,-0.034167199245243834,-0.021835079778282973,-0.7182766942839077,,0.4676237855263418,-0.07433842962938664,-0.02012741733523401,-0.03216054827639925,-0.8072330067013802,0.4069214833160499,0.046342532748267405,,,,-0.03482041710129182,-0.039159285918003564,,-0.02757163596525599,0.7600423052363845,0.0796686141409784,-0.017101469671321794,-0.8908763546287386,1.1393578354413598,0.05635374185047066,0.6653925066249569,0.09770743071319321,,-0.029940223663614984,-0.03376445927705454,-0.1738812227733076,-0.06224959716512538,0.30135597769689054,,0.5842567942393437,,-0.05709540238270805,0.10363129236902083,1.1916077131565905,-0.09313033189237083,-0.11095377935390224,-0.022139318531152898,0.06285239823481487,-0.6202574774329559,-0.05098090533758997,-0.06593797515025449,0.1870023357347526,0.0518340828540353,-0.6182899020340115,-0.0183917510899581,0.16708331021004313,-0.04609821675347445,0.5941706731585364,,0.31053269972188124,,-0.9310712355670953,-0.4407618520215763,0.028287823022783327,-0.0949077875777585
2020-09-01,-0.19342081181651227,-0.14068669743022763,-0.027485869863979787,0.1450606639097591,,0.29405115909876034,,,,-0.06187431748472192,0.021977649558166293,0.04312965166916517,,,,,0.028696120628476155,,,-0.06438843833471254,,0.18569386094001739,,0.2776798048318119,,,,,,,,-0.0035040656859560426,,0.1777632245944099,,,-0.09922053089194854,,-0.09509488215021776,,0.23019595795670625,,0.27406785656852706,0.5931431980407309,-0.14914875633354252,,,,,-0.015728000978069027,,0.941038782491117,-0.06802305307316708,,,-0.0713364981333797,,,-0.09183068908296355,0.7033915982233262,-0.6205776318669759,0.44382512895741466,-0.1554180287308617,0.1458438945186414,0.1575065594476546,-0.16972891883863972,-0.15525516179797416,-0.5508881945065651,-0.07659946490078778,0.980624157547026,-0.1403544824509377,-0.6789791706221436,-0.8548877649992833,-0.9786255987539976,,0.6659183169573235,,-0.056880362003037435,-0.08654436527688514,,,-0.023751808981004725,-0.06126996690822446,1.3831946465331968,-0.09705893058440834,0.02641141814044153,0.032827696352346246,,-0.0765854778522721,-0.045545510795729036,-0.08885771872937687,0.011601185968034819,-0.02313140988136353,,1.0282314876064935,0.2630404932900674,-0.07975489304603776,,-0.00300180681192401,-0.19226277288842825,1.8208925823657025,,0.006740208982919431,0.36048158099271055,0.017421139744260163,,0.06524597017175038,,,,,,-0.09059779327925316,,,-0.036928507337364344,-0.040737378719759014,-1.2223172336258519,-0.004398984444813626,0.009786400666798917,,-0.015879780558207855,,0.18604402931246936,-0.10202462208850689,-0.1055658696179827,0.008213824059500635,-0.12697825111024813,0.137864713498468,,-2.1592009697958208,,0.010969834072551471,,-0.0759531345657356,-0.04001044191789105,-0.0699483114826866,-0.0866874345434222,-0.5341025424410348,-0.07474220528076711,-0.0684287947439,-0.08213713409824916,-0.09320772155145486,0.08042897149659888,-0.1037070268287664,0.2856508305436344,0.24716302930607031,-0.49560906623723844,0.3135510277653432,-0.2090012805774374,-0.1397157938367991,-0.23160492431999868,,,-0.4189497475119625,0.7774606746175616,-0.09298077308983074,-0.11905166428980682,,-0.047987484236988814,-0.042542960426615865,-0.07667803147724314,,,,,-0.11812728549956181,0.8378883320183516,-0.41716093208770394,,-0.102142168754896,0.032659072576473165,,0.013325975529735442,-0.019312731793935507,,,0.16327360819441783,,-0.2997363665180192,-0.05303438239335014,-0.0976735898838415,-1.466125608255895,,-0.031189641105306223,,-0.07229142791172194,-0.10968047405263415,0.26954788959640225,,0.02444324332853938,,,-0.02394719245065321,-0.08963549064502271,,,-0.051320309490872906,,0.654894392197117,,,-0.08034011118296686,,-0.09714590470543151,,-0.04006570247789726,-0.022529676731930143,-0.08630597311277571,-0.08015609532352244,1.0240519428239416,-0.03611897485989225,-0.036303741006770904,0.21214118724586528,-0.003012817725905057,0.0011034062375213007,,0.273287688227845,,,,0.015618811546359915,-0.32890560603459407,0.1271422765476459,-0.4829438360668153,-0.13778994296210584,-0.10575395876168596,-0.22544162346686575,-0.12368758585249731,-0.20322172653007053,-1.014382609925088,0.038561519800687206,,,-0.06785618964032827,,0.1824466948228568,,,,0.08591696062506173,-0.0028460626028449162,-0.07724091800361185,-0.07134393571304073,,-0.05877756961599838,,-0.09121224289944468,0.24390439650995543,-0.002398601602236307,,,,-0.030903364173007375,,-0.26604515269023954,0.11846572173788203,0.47645534821469476,,0.010371799889199174,,,0.09905807441876881,,-0.009605589741354394,,-0.005817888260671874,-0.0677696965062016,-0.08500088088320477,-0.06730545543893274,-0.0963259583274472,-0.028635845500060705,0.02725581300794467,-0.02386619987558456,-0.07315496680004499,-0.00596573657120629,-0.353720371149224,-0.16991358907212847,-0.11390282526324175,,-0.03838267874555532,-0.04585374512999569,0.0011186040956070661,-0.08115608574011686,-0.08556378112082516,-0.06788357330313441,,-0.6151418656290428,-1.1378869515106238,0.02529786751209464,0.6942790920158218,-0.013487283972649332,-0.16030765362107535,-0.08849792842606707,,,,-0.7455758847160449,0.5743707453175725,,-0.06470987422372547,-1.0828825230242551,-0.020863684436579315,-0.28649600962105576,-0.027255111270829344,-0.061074813928364266,-0.04909101039433931,0.4421866313613405,-0.09812381849459859,,-0.05192097852136292,-0.008545673895762933,-0.7200653138061822,0.007015740078997964,0.8347527227990479,,-1.5186659345262195,,0.2584224594683799,1.1959983806067789,0.023808154541717946,0.46688868420021096,-0.05808705971502923,-0.08167630077414795,-0.0542227969622905,-1.0782966788932882,-0.08329596604467367,-0.12442856598401136,-0.0207339616451152,0.5792753746547767,-0.031398590272778665,-0.014402312824827228,-0.31095835234300895,-0.03309124407493494,-0.034702370788871194,,-0.08626906793496059,,0.05229217449368807,-0.0853607994914447,-0.08583112083993469,-0.02051554876518817
2020-10-01,-0.013843966087533691,0.028244317031040706,-0.268473830423031,0.028210100840560644,,0.13870897678145613,,,,0.04359011328097404,0.0603389918488577,0.030002393363002873,,,,,-0.03420830622035584,,,0.04323321812935044,,-0.12589009864615175,,-0.09413706678788435,,,,,,,,0.38940533160994756,,0.08608512432641584,,,0.1214320359524484,,0.014851414075206085,,-0.053879594895019214,,0.04366192163274946,-0.08345689887720689,-0.301551387268277,,,,,-0.43175685628139865,,-0.01114988442902054,-0.26523747430383554,,,-1.1903742780750057,,,0.6334878695132506,0.08643781169892238,-0.9503415186461994,-0.0825182967977757,-0.18757779639732333,-0.008120633031592014,0.02788504874771315,-0.9926486014452498,0.009022937798151776,0.02369199951874701,-0.07126781454657352,0.2263167612522065,0.7856336902390114,0.40774823174482944,0.0742885867402858,0.011928142359160301,,0.37547630320441694,,1.112165570529742,-0.0001882518922058582,0.09681846452735902,,0.06465633390955748,-0.15377835001867815,-0.0006284505781402883,0.18503912921663615,-0.21177388551359794,-0.008262567142338887,,0.4448517055655723,-0.2356793127443825,0.04986768760501991,0.037546884689624645,-0.05746163772017343,,-1.8259772478814353,0.06884533387671728,0.018096571439794484,,-0.06473704494310689,0.05113413310892237,0.12900486292551203,,0.052222696766582075,-0.8434196423280815,-0.16162118261875458,,-0.770052724103401,,,,,,0.020659171496808668,,,-1.0432084651396836,0.023999097668441327,-0.3547541482044531,0.49086957557163113,0.0569481400355137,,0.02850081311098269,,0.5178145740618445,0.034817537970036366,0.01814953483725356,0.10153356753355651,-0.13258323265058783,0.04317311811205403,,0.12000510374332356,,0.021344391121430568,,0.018510473332163442,0.04346505119662993,0.02529328485415164,0.6009610199442709,0.01979108728749187,-0.01611710507933487,2.250902754351281,0.2935290530634341,-0.15600544121017978,0.015090614215460936,1.0065273895979936,1.0923831274207345,0.7952026973973941,0.054822863249541845,-0.5160188720956158,-0.3096372657184845,0.04907191928395091,-0.008080394660598615,,,-0.011429420650444451,-0.023885358667767732,-0.25208049006356276,,,0.014401808502750997,0.2484047321651252,0.005232914706337924,,,,,0.20546140341949687,0.0015003019049717042,1.2109665872055508,,0.004022972397434106,-0.02688739116276244,,-7.420217059392266e-05,0.07288013776876906,,,0.14974945003306744,,0.009720954252900458,-0.37055563999414143,0.6300146336400754,-0.042231085774756594,,-0.0027067188753498207,,0.3210267567864716,0.15969602709725517,0.11345395706014572,,-0.011378730251140851,,,0.018181697510520338,0.007090527367269624,,,-0.4536627723357226,,0.0311946792711832,,,0.06213430789379079,,0.03685647470362694,,0.002014930566063493,0.3593740651615932,-1.248415762174937,0.005141616042415094,-0.6003260976616079,0.014416655539056716,1.0849530024899912,0.00288208488063245,0.0202933196887319,0.1384625642928322,,-0.3377714612996377,,,,0.03774427670307754,0.0309953306153393,0.006376785795036137,-0.025774380226041137,0.03319412984326694,-0.0021184005233862366,0.40643038570493356,0.0459906645575955,0.03346437957487464,0.9569569690153829,0.23086234822624777,,,1.2922318731857638,,0.04807238183425404,,,,-0.017989658624300842,0.11412921326958725,0.022037739530560544,0.0232039760858096,,0.022290564324216715,,0.45590599002107013,0.1637347523934342,-0.11223743933357043,,,,0.12972653964726932,,1.0325638892722888,0.05231873879158352,0.03748654468591819,,0.020861082788315336,,,-2.45471056426641,,0.05083001173018426,,-0.018733894113217166,0.010077403346415603,0.042210153530746856,0.06083289936660741,0.0381341339057252,0.056457819533375836,0.08874009318228615,0.07978395794712938,0.008158145304547552,2.2385419172025296,0.025869734216866877,0.015726026785091173,0.9704567705773365,,0.054626720423507275,0.03834332875412829,0.4049350994799001,-0.9727417884490478,0.07261520521747067,0.014893115389720733,,0.018297801124200604,0.2315616718662781,0.022775618753968968,-0.7651445416229786,1.085705540364391,-1.1543012283148621,-0.35493517607610225,,,,-0.2282485126440144,0.3655933003055129,,-0.5405576309443526,0.6535879136666194,-0.5341704453617562,0.01740691360190922,0.053263547948717106,-0.6707453360083215,0.007082942731320682,0.02330511499122203,0.01888051162586272,,-0.43834342912267316,0.01779598563738721,0.010608452776990834,0.35092171400806726,-0.3338979374527083,,-0.4110287833389012,,0.11741021988943856,0.06458763657962992,0.11865715376732033,0.08862400058486297,0.001553897249912433,-0.011971912373888133,0.9531555753930498,-0.020300658162847735,-0.020356419807845673,0.031840127239879994,-0.09886166280428205,-0.14593087849150047,0.022761833454862226,0.020464565532452704,-0.18477860744551547,0.02954285077561955,0.23692096406971375,,0.4476573188231729,,0.16225874216419403,0.1116695988310506,0.08948727364393291,0.06830006703213651
2020-11-02,0.12054540695653936,0.272325396970942,0.14826612678468187,0.03967971754403807,0.013396827353686757,0.45389157700397875,,,,0.17754605552863842,0.11246504798327266,0.4416805948164001,,,,,0.02868629288811523,,,0.029272345053788684,,0.07621707210605358,,0.01649170679171071,,,,,,,,-0.2870197376858452,,0.14711649460619944,,,0.159521509896748,,-0.6205131734956144,,-0.09428103375017557,,0.31467495983806676,0.12195713853576419,-0.9177424048363325,,,,,0.045056922490641874,,0.14545433380742934,0.2080372107741611,,,0.6209836671881132,,,-0.2824015849382029,-0.2268127900143443,0.0373954347986149,0.6596017054998683,0.09478897296994707,0.007846067224009885,0.2627054024555098,,-0.2596356995580704,0.16405749223717211,-0.08196130975522192,0.15585882504568133,0.052512259526980486,0.007211136804373804,0.24496396598459502,-1.4986456917676683,,0.16607888146918004,,-0.06511334045153876,-0.7644234543508884,0.07452390943545305,,0.04446036922473997,-0.18696456623901125,0.13498477143134768,0.14380832963026338,0.04003308809366111,-0.006919788355684111,,0.14473154904209914,1.4468062056614264,0.11303198741806375,-0.028736624295339006,-0.00038312292941537773,,-0.005465914172840255,0.5621591829677096,0.13236119941713576,,0.11102557697209656,0.17576814026209475,-0.7002747291450749,,-0.01919137268833939,0.09728275041049897,0.028413849856807716,,0.029043024483901496,,,,,,0.09785054679288045,,,0.3370073217264664,0.6257283715407815,0.1402388277044384,0.15731620490642778,-0.14873711522948435,,0.025695402384526667,,0.780787684212589,-0.0025205193075384796,0.25542059656177385,0.18188643512827068,0.5218278057500677,0.19663633476308875,,0.13497566480443002,,0.02112132182545344,,0.14558165988231583,0.16140455559166123,0.5127118394679965,-0.024432727901244088,0.1642727121630092,0.13024894846168855,1.4121755649062135,0.13493008882144,0.9035784415092234,-0.4909589704663083,0.24387047127982675,-0.03698855451273686,0.3307675953075343,0.32801528479607706,0.6880255723327742,0.17521382166830973,0.1400761781411432,0.10846798392187755,,,0.15897721022423342,0.7525299155630841,-0.726472114426499,,,1.6666647687494944,0.16067232866509432,0.399732631880305,,,,,0.18333286180383598,0.2410317285303829,0.22596349577481667,,0.2478943518005451,0.45444239719151946,,0.0034703927005431037,0.17532114706480098,,,1.240314681587875,,0.1312189831180401,0.10588852660465478,0.16716431852001554,0.26667634514954985,,0.03550279858180255,,0.12764448312831297,0.9770429197859993,0.20665703811598662,,0.1247233926522355,,,0.7472792625895357,1.2724787560316304,,,0.40285670376085597,,-0.23964634680553265,,,0.1593061698068452,,0.16903346962329113,,0.13150627180441682,0.13131484951697134,0.21311785184559262,0.139229213380665,0.1284184740544886,0.15963839654795822,-0.09702055116958644,-0.2181615682667311,0.006597776342889456,0.05094783054364871,,0.16965375103693286,,,,0.2897414532442781,0.0777632574307203,0.11014764052273868,0.0222454909785238,0.24203289742592624,1.2304662443761754,-1.4051931181905652,0.18644280111857167,0.05599616518475268,0.1506005523308471,0.7211083609568609,,,0.17189794642863357,,0.4582675685154889,,,,0.00509851996011965,-0.036206168068627025,-0.4962681221124977,0.1362916780201886,,0.8471593425472815,,0.7160077656239713,0.11721918175473536,0.04981973388919688,,,,0.034820975966145036,,0.21635485256335865,-0.03232595303122776,-0.10738593645721387,,0.1244805973357779,,,0.03545876117112515,,0.07046915183600629,,,-0.12564981846838225,0.20085055697079385,0.1774259229548154,0.6620917886704052,-0.684614174856869,0.11518374904937194,0.1318403461307057,0.2534291743444298,0.5588796738700179,0.15277996475843791,0.4656578384056981,0.20130068890848624,,0.1621551434216674,0.13495221171593513,-0.30863990004397823,1.2655821964150478,0.1433716786713577,0.1299475448323332,,0.24784929614426537,0.17403161317922589,0.006715292243279315,-0.6326614358305038,-0.22871963410528595,0.09867151875595936,0.17119426118583103,,,,0.4131709265034967,0.11932203236381367,,0.6370791672433325,0.8332731128751993,0.16701015104421116,0.10160564253694279,0.1540859006034108,0.13800467704047364,0.502553659064704,0.9404561144763784,0.15753985665270762,,-0.06124063916073573,0.04095670535894946,-0.2129766553669815,0.10010488445628997,1.4006201748705287,,0.1637212031023386,,0.1781405880592902,0.37220841443154506,0.3887902954287337,0.22956351371935785,-0.12510443801618965,0.53149802211561,0.4479006021678784,0.18463684118701584,0.1346175635595816,-0.419324245887697,0.12701775443192792,0.07672451879874506,-0.5918163774879479,0.09559537982506591,0.1365231095809204,-0.3102792942385533,0.14732092962648752,,0.1748905101089594,,-0.9973383544799359,0.40816382613757685,0.19935541447240746,0.07223197128625233
2020-12-01,-0.1282953057768142,-0.010015747632303576,0.01910423919860298,0.11236329724625856,0.04918975697184717,-0.19031544703439016,,,,-0.11692711670632966,-0.09387170103336044,-0.06180241917793165,,,,,0.0011131533724912312,,,-0.010757810754529017,,-0.04360736496389678,,-0.17373079338130382,,,,,,,,-0.1555703338705705,,-0.00961914102331257,,,-0.35083180042993956,,0.00048576692187755205,,0.0601040899691851,,0.10956378878052736,0.0034464891945740397,1.1126908690865263,,,,,-0.013593639163352557,,0.022700690539850514,0.3428336955133942,,,-0.03414237430204296,,,0.08291534563984893,-0.4755612598564772,-0.04745316445415203,-0.2660393705608585,,0.34263803807497656,-0.2682385865589207,,-0.02605311552208582,-0.05372648434607994,0.27798126728189376,-0.015893552819987326,0.10160057257862133,0.5551479126816978,-0.7991434530285488,-1.182242895778922,,-0.021624690823952294,,-0.04449222001227076,-0.23269520370419594,-0.016499328322928813,,-0.03182126682931849,0.11534601075392226,-0.039914420052972986,0.02727571005560444,-0.09376583639032926,0.017642017458145396,,-0.02082821073567902,0.0007422361165010591,-0.025965620262512677,-0.013018804445007463,0.0005764306224808093,,-0.19429722848628334,-0.18182839521801547,0.08036354193746703,,-0.008696983069191191,0.018934045573072614,0.06383931560810126,,0.009688391829495152,-0.25535867489329056,0.07086344086802565,,0.09992781664570323,,,,,,-0.3856122866063041,,,-0.00848727784786394,-0.029780288288876387,0.06421948992126489,0.1728425133938163,0.10074543359536733,,0.19763939264230543,,-0.30257767358595533,-0.2244766198287635,-0.14605320603481875,-0.3082291241834746,0.2040616173248521,0.17501906403008236,,-0.7754088044230892,,-0.013565963458149845,,0.3016795556900656,0.1536523816831397,-0.1128574495731372,-0.21288928665770537,0.005252902503496901,-0.01243214721897886,-0.05528778763566232,0.22399334610128485,-0.007510910115875083,-0.02623063698257845,-0.061759038053096724,-0.011688798994444456,-0.04228188005244089,-0.26796531194869233,-0.018324967557806493,-0.012370799860956284,-0.1617194515346446,0.07446273816800723,,,-0.01955447200442378,0.07222519436961827,0.2288518036601735,0.02607733237179659,,-0.2613159739177975,0.3781715982861251,-1.2574962060105133,,,,,0.005403024795398561,-0.5299403245373788,0.054656573270171885,,-2.0082081769078215,0.27303576426662424,,-0.18336646484518215,-0.030712377458950887,,,1.6422305897421179,,0.06479238484900626,-0.5718824532334049,0.1498980929424084,-1.62343169393856,,-0.009659493364331535,,-0.01566628639965116,1.4884018148769043,-0.5441473360601438,,0.48019973748884676,,,-0.13009710810314407,0.1977142005729591,,,0.9347055146322225,,0.9406407889863788,,,0.2640880006791568,,-0.6699507725824767,,-0.25883454718178234,,-0.7098450839504818,0.9221195414033438,0.5829478939545005,-0.4134821577708575,0.33282727497146736,-0.32070706122919623,-0.11852763003830638,-0.1590473315323965,,-0.6459041633915344,,,,0.006410688638744826,-0.41092994016365136,-0.9182898706831538,-0.18236846187214964,0.7089797468350629,-0.032768197674361205,0.4701806415031108,0.49149339408687975,-0.16876906704995995,-0.11440382680662037,-0.007499735268252431,,,0.01917816981113797,,0.02799439205512569,,,,-0.0012094178962805124,0.6858495767650281,-0.013192119848939284,-0.015960948030671065,,-0.02135311020981622,,0.003779805639974404,-0.01945063111746791,0.05845160200534098,,-0.22878050279484866,,0.1958406872411606,,-0.1644897174384929,-0.042431292080782036,-0.02457691166912203,,0.07457696536319214,,,0.4031509390364382,,-0.02850233985601136,,,-0.8061182679647585,-0.14320814736403253,0.03882011321589343,-0.0051841908778412285,-0.0022749074523801295,-0.044014946283087504,-0.044488358070164116,0.009246683126712053,-0.10216276846936216,-0.08913119075386161,-0.015246456131571114,0.026544381557630756,,-0.0008665413317719859,-0.03037604241335927,-0.04597891711367096,0.36219186031637474,0.23051654457951432,0.012239837168826071,,-0.024862887270921938,1.0743433348326623,-0.0872268392997336,0.01881188388725833,0.324212478776961,-0.5791154117823741,0.32571633070380646,,,,-0.18963090101791574,-0.8754578007632614,,-0.2909141852281228,-0.03797549944518771,0.004120301962298496,-0.9919471084559937,-0.05186262643296144,-0.024630458110707652,0.2096332600346991,-0.016517721237600633,0.0017949089151888566,,0.15855036563860644,-0.020380766722961352,-0.012973170933537118,-0.11102642398522602,-0.03709020083903508,,0.27081287299822415,,-1.1774513049690196,-0.09790825219587818,-0.1783171004028828,-0.17895856659409293,0.09048092821747361,-0.06516600858743751,0.40549329046575966,0.17207641017198477,-0.008651578954523932,-0.09182180084989153,-0.8203967245258641,0.01490096508339785,0.03917936112379988,0.9940797118000747,-0.00244065064446183,-0.6672175755310259,-0.10418815631685456,,0.01437672783054188,,0.7476705375742841,-0.06695312444475388,-0.44385091018910594,0.23666973426473192
2021-01-04,0.1064007174756061,-0.39619748839137575,0.10695524339333641,-0.6016692126635073,0.07375399735677168,1.0566341143501443,,,,0.47684019319368465,0.0878807027706972,0.32690048859981263,,,,,-0.00012434525733611725,,,0.03134671752269184,,0.006094658151203662,,0.010566202690121028,,,,,,,,-0.21356850416691947,,0.08798118697099952,,,0.21922142066458772,,0.6926766693223837,,-1.2021872214332345,,-0.06855832086163764,1.145730021203736,0.2698677056905073,,,,,0.043348366675997875,,0.2962025465769574,0.14814543682905223,,,0.13832757421025044,,,0.1993735904177562,0.08337494460195669,0.08299744250212915,0.559747843017939,,0.47441557865389655,0.12844024591035608,,0.3612931039766161,0.10825359400086422,0.051791930339057525,0.11971512161793828,0.1517987337234597,-0.121505058293852,-0.8213674610422849,0.5892706368847871,,0.09570394938992739,,0.10444173201453419,-0.06943193331690213,-0.03829377162393598,,0.28320748995352646,0.11511630178344925,1.2122623304821925,0.1816547968976057,0.2350663074410228,0.09652616560065394,,0.12916296862256937,0.07174199588830046,1.3767034783984096,0.2691160937484022,-0.0008350842860433338,,-0.5442087329667394,-0.07621261398863796,0.12765288067093603,,0.10889213655445158,0.1472200232349216,0.5790368830968159,,0.08705894072968783,-0.26760566766349336,0.0806541840181148,,-0.07313341026909538,,,,,,0.7681184678672733,,,0.7130488545346672,0.11141930000869643,0.12073987607553183,0.026491270332724644,0.20467060556514988,,0.004397333266494788,,0.0021909102309794707,0.20950499322020616,0.006969503833898142,0.11969173552857269,1.8346657413554486,-0.9003473932188063,,0.12399745948316322,,-0.18282971779392002,,1.2498329982490823,-0.013101805612158223,0.41094160429998106,-1.5742809492693783,0.15793523393109696,0.13903868090513,1.2801122912332363,0.8804511809099491,0.85592039118233,-0.1525231713301538,0.1497430670313592,0.20578841618731797,0.12438014193186489,1.1989776803633194,0.7656875275932491,0.3489237496789238,0.1415012616779295,0.091116386402346,,,0.07678334484884636,-0.3177579781151462,-0.820941337829466,,,-1.89666303862617,0.25772793892838447,-0.33983902468827115,,,,,0.08850378095203344,-0.13348187373902556,2.343212136304623,,0.3228123244538993,0.10229787504838832,,-0.0010691226597643595,0.25210246226805627,,,0.19038575639631622,,-0.6160453686952213,0.3765904116964011,0.9733354194323559,0.37974851046610614,,0.03834341752442967,,0.12260824839313282,-0.0411831913762776,1.241720527614565,,1.330815760898415,,,0.08329493787627885,0.17014040017082893,,,0.09119307911988078,,0.10966650196523654,,,0.1216107317492784,,0.16086058888578145,,0.3214035467415483,,-0.014890629811115573,0.13886754788089414,0.12191572911486846,-0.255784973142306,1.0472685290499262,0.16140660161154952,-0.09092955741872884,0.003981337444143363,,-0.3157587532045429,,,,0.07230792362232923,0.42942306173894296,1.2938017163894844,0.06476376194877334,0.9504775661967241,0.1924112861681078,0.07857534141852357,0.1092917100012892,0.21009498754147568,0.10162839585599132,0.11887772419219081,,,0.20098962951243632,,-0.0026281225961030993,,,,-0.018043916007834337,-0.06323072149488679,0.1306373520137413,0.12369181710553233,-0.0885794156514755,0.12941928488606497,,0.1533166807835134,-0.2537071501391183,0.27021551246098247,,0.00840333798686825,,0.0037184788384508572,,0.14920339237084926,0.05247376855053199,-0.04345189800572131,,-0.0020202097592165592,,,0.12343614285357919,,-0.1572554171704478,,,0.118872567814073,0.1611839863234462,0.14855126080304026,0.18565600332840718,0.01564935614672414,0.0336252768929611,0.09470845752400277,0.11418272744320115,0.07062094905015216,0.10351441887272712,-0.7949214267752114,0.2288385307366303,,-0.01916721316244031,0.12135772462600225,-0.03604133635277612,0.10155713601843501,0.12364342689089261,0.1327680494102013,,-0.565528810418081,0.15490651320713913,-0.017203107175011764,0.2653406518471436,0.18758585045715193,0.153985629409809,0.653577661492467,,,,0.1374213311720589,0.1185230975528492,0.1563050378946405,0.05575418261648943,0.0468024988174945,0.07840588391164503,0.23351790201366468,0.06753229855585685,0.125852658132038,0.022830793653640265,-0.6753263894745212,0.16392729035551507,,0.0025518342671671575,0.37688297732851916,0.35236786521664404,0.035980838949871266,0.15239288218357933,,-0.16559360019894623,,0.1262062726487926,0.11783992547106965,2.607678675895299,0.16704484660523286,0.1004895975578964,0.06660277335876674,-1.5586847967207094,0.21102078820455242,-0.23288854153807995,0.15735734446286498,0.1155035203960789,0.46587355161321464,0.24434774041323118,0.7876186697470691,-0.5010094900278195,-0.7169784442672728,0.15311715728847547,,0.19148720247333795,,0.14332699938751278,0.11926907496481351,0.5655614609010098,0.6264754627882255
2021-02-01,0.040025143924064074,0.03712597437441971,-0.24742292164530538,0.01804109377673809,-0.005741256485797988,0.41761728803993875,,,,0.0012864093523564156,-0.5734125561518938,0.17581995904168368,,,,,0.00018630552793227225,,,0.00802239936134711,,-0.08944708062508627,,0.003281158044413162,,,,,,,,0.3103519342172289,,0.4759280147534531,,,-0.012316955458160916,,0.37221936448316545,,0.09941765629483272,,-1.0830944001969365,0.9093698638092639,0.060167653163698154,,,,,-0.43985855175633676,,-0.8313329542383932,0.18801816133180546,,,1.105188818633175,,,0.7729760225000666,0.08520504803446262,0.07414170883316441,0.7809669761621447,,0.044073067135268505,0.02637700702325332,,0.13755654047494736,0.10257594901670324,0.7354764361017505,0.0973374707767811,0.05487403405507714,0.5249151340990762,0.13587344565083587,-0.12652065464300002,,0.03653513950610697,,-0.00011869304122762506,0.09205580702634945,0.003884913415385029,,0.05163055960267623,0.08807890665547415,0.0393369990098945,-0.7953201334807721,-0.04132461824159064,-0.02780963351720868,,0.2459065558202871,0.05116043750995272,0.017839045985224854,0.12753016603238593,0.018467270147614123,,-0.06770320179681974,-0.07065474743997224,0.06848528621846728,,0.09390892544319683,0.5476671560389376,0.1091381445795271,,-0.15536510249218455,-0.18761458062767417,0.021993833145512943,,-0.03230583734494371,,,,,,0.13875848613698805,,,0.0009479741089010773,0.07066593547554506,0.07245791591098454,0.029988645162272752,0.02818484461869145,,0.16206589375414346,,-0.07586118785350453,0.15136769559344196,-0.22545829074902293,0.11629600854044957,-0.8295177726632463,0.1679548069758685,,0.3560236346141063,,0.008373663660377006,,0.07718003315287152,0.015595730585507676,0.03924202102535867,0.7265834401826529,0.12524025701537192,0.0833767034611538,0.03351914860742007,0.0740081133804641,0.3916545986603608,0.386687638886419,0.43429265361806735,0.17960773897646645,0.11341999324556372,-0.4599576163760677,0.10399963325794799,0.15628249990907056,0.08076205636349369,0.021001072086738667,,,-0.39084393574817183,0.01942504038297989,0.17785319376745679,,,0.15386322747792558,0.09230001185212261,0.18897266143909813,,,,,-0.6356880888825436,0.25368542783858117,0.2814246454958906,,-0.4632154132447244,-0.7202239674286022,,-0.034963044786393054,0.0046869379232526865,,,0.14536413371655482,,0.07164638468296375,-0.3203606681152982,0.11896052312716919,0.3092243706321751,,0.01261253922232125,,0.5426603239996314,0.9820830993229621,-0.0038134960529804876,,0.8446332223209372,,,-0.5194262409231805,,,,0.024550678569552904,,-0.010762217779137497,,,0.062765359433069,,0.13579688137186752,,0.1622497806299209,,0.15595277938637556,-0.5158119211420046,0.07047964757333017,-0.5084207233622225,0.20951216203542788,0.06411366008660953,0.06332522410673916,0.055563032815128775,,0.14621856116051826,,,,0.18055132588416825,0.6205923179096399,0.698052390366136,0.84623276063985,0.16585491263435712,0.20926901167518966,0.48309281843376956,-0.06762066809813817,-0.18702988545125637,0.061068801466925615,-0.6101454962681226,,,0.21506444969909824,,0.025748673671975714,,,,0.02518506155597481,-0.10769706811089796,0.08337430800787593,0.07523760306135677,0.1979352596480179,0.37009357231746287,,0.12832447787485937,-0.004487260077811386,-0.008608488313874087,,-0.12732197772795287,,0.10346434478221148,,0.7654124821481304,0.15550474129436737,-0.020070795793032017,,0.00301960678605743,,,0.07957644293008842,,0.030187125639905853,,,0.13916148418615007,0.862940334250312,-0.15455297915191987,-1.467673301146608,0.024213916077417675,0.3674199281123188,0.03551100640668176,0.0871026912485864,0.1960725351125102,0.5458490330278382,0.5195430164190225,-0.16240654512119296,,-0.0492122785557587,0.07364738506476784,0.11804921797401668,0.09825876832537264,0.02696789711861615,0.33474647281538683,,0.18732050650358617,-1.8423123997244024,0.009677639370038247,0.8968132802359394,0.08249235089708531,0.10461029802144524,0.16444519475282193,,,,0.0784968647767545,0.8222693986583245,-0.07629802622813096,0.40204462531748053,-0.6668738236615762,0.04874169504593586,0.1268266207850562,-1.011292892811095,0.07312494917803052,0.03634913174317214,0.25558799956910155,0.12539442220732674,,0.032460334317697175,0.0751832700733904,-0.12229626042627811,0.23517459765347998,0.10796694141379654,,0.9482553826472717,,0.18847270832723148,0.21457990966416948,0.36182258019597485,-0.2695900970893701,0.1339964970416294,0.026452279589329372,0.21874001257309317,0.6685529902211264,0.4176221378233895,0.6806389998028239,0.5114962921797085,0.0805408701601205,0.12221977529080831,0.1333125223097239,0.6808264665123088,0.3487976146879658,0.13289002363265692,,0.3897558309461289,,1.1754063199550577,0.06482973281916073,0.1208259477351521,-0.04996644362651288
2021-03-01,-0.02719638531703902,1.1181614476038377,0.01293201085349123,0.05035619368979249,0.02570440308109017,0.22753801797098136,,,,1.4217272919420452,0.9520069037023403,0.8009631531134199,,,,,-0.00013815782874641467,,,0.022620815342301946,,-0.2850799462523698,,-0.048395076003482196,,,,,,,,0.2152267246342021,,-0.37776022643530105,,,0.5947845653194151,,0.028463094222721006,,-0.15851232580230734,,0.26231575851341454,-0.44918970699876115,0.020269815735224246,,,,,-0.14542729493563714,,-0.0434361517038739,-0.018136357507371643,,0.09994099148681147,-0.09541898567154887,,,-0.7888066761723516,0.06313803633092824,0.03054598210442326,0.2447019773181046,,-0.14019166672719283,0.3406828235750237,,-0.5954255854863533,0.033434243846720696,-0.013594870936792198,0.019409477839017013,0.27752356250655097,0.2977284002600277,-0.03931350134796751,-0.24281311298281283,,0.2519888194126892,,0.16004812283343317,-0.607348960765135,0.009458436262775632,,0.05313523215628226,-0.1949308429269229,0.128284146689435,-0.8600773351553116,-0.06936327384074278,-0.03592233713170372,,0.4373372544223741,-0.05810030680657488,0.3201885310313211,-0.01915109248361313,-0.000635089542846771,,0.011035416423210624,-0.009606735942682897,0.059521344362551645,,-0.007020317605781701,0.4528857696265981,0.15782458322168375,,-0.4517497281906861,0.018665105635371406,0.08817344459687776,,0.04641390279839412,,,,,,,,,-0.01813470028827573,0.03936583525935862,0.027154215589176384,0.029798441590952185,0.11814771227830907,,0.006192024492946573,,0.06995017651688304,0.7269577803108607,-0.015376680060496632,-0.0352151555216804,-0.16462170680682808,0.040950687421981186,,-0.03250662081906938,,0.012650436107529911,,0.057521669433841564,0.12525765689199594,0.09017265544712347,0.3487285953955707,0.012912004405905415,0.057324739668837645,0.09865245847466461,0.05680565398470732,0.5366818399140356,-0.21659761840113606,0.005631274112113312,-0.11674637349418099,-0.08759867124335285,0.6781124893688097,0.029161737390138942,-0.0015448642486589675,0.4320580506126206,0.11639057584039175,,,0.022867964243861578,0.5518858575364566,0.6531829323401158,,,-0.012540691779603187,-0.11750173509467263,0.13841618428271943,,,,,0.0031074282598438936,0.9651879197427082,0.650791736521932,,1.0550949341074243,0.080976610747829,,0.005288936757006804,0.06763035760651472,,,0.08851331454298113,,0.06465785409855268,0.1156634465501814,0.23666557038489378,0.19162966178534677,,0.011331620156436921,,-0.08618544705465946,0.18164798012958447,0.10322939397113134,0.1085106041207841,0.9704123910537308,,,-0.04601682226361828,,,,0.8620567919013932,,-0.19624972855071784,,,0.07886797685403471,,-0.28288533059972776,,-0.036369819622137256,,0.04081848018494937,-0.5998826173293157,-0.4486699052714228,-0.7252110412944042,-0.010941139307383222,0.05233395736146977,0.02032409535370331,0.05774038834105786,,-0.32446158184463086,,,,0.027732899018411566,0.02552139911385993,0.1857377748128426,-0.05316259380688083,-0.3386197060162799,0.002172760971624493,0.019205103857855874,0.00025478895767469707,0.061639652507786885,0.02123391764441391,-0.7735504676789287,,,0.10929646666106944,,-0.0016827393369283888,,,,-0.023622807083986928,0.06198389533079893,-0.5030598106813464,-0.16069511868748704,-0.03156950929196472,-0.3233960232598647,,-0.17825393342735546,-0.22111606316213883,0.016417133712298936,,0.01807872793148699,,-0.03407135885248235,,0.033986002712009286,0.0572513916377935,0.08991533291943135,,0.019738271571911742,,,0.05281635717180895,,0.050858851803509034,,,-0.005625171006622609,0.04015816120323153,-0.6290763189617301,0.0029410128415613065,0.027161736954584206,0.12003011418334623,0.38697131836653165,0.21411386449708214,0.3488096813444889,0.02070012212893401,0.3812545950550304,0.027318459488362385,,0.23795821227692163,0.02663370028333039,-0.15413794312547113,-0.35084374525382456,0.1844138936182707,0.01635944158195782,,-0.3494991522687645,-0.6701948419600812,0.009248939337889558,-0.012911279706258093,-0.031045754790028968,0.04327742839704743,0.05772900844769764,,,,0.055242649568095194,0.8351401127545741,0.012667651721535967,0.07824505100747067,-0.5202869908901414,-0.1525759964343307,-0.05923536414778367,0.012360619025146843,0.1069747612147906,-0.05010820452787633,0.062372015031691326,-1.0420281668121274,,0.10846216160626791,-0.04653019416066093,-0.1910511471408343,0.11090089139083648,0.07053832476627334,,-0.0036355663395535955,,-0.014133023708288141,0.2335690721029397,2.043325169356734,0.7720967480483649,0.1180427184531841,0.09876882643348024,0.03247728060542693,0.06242072935974195,-0.1238806187275567,0.20071401671454617,0.42406244243657004,-0.007349327085125024,-0.7644438972715449,-0.37997337736696335,0.020331752636052778,0.0584394476236581,0.66533542005428,,0.1715567457656784,,-2.240975473683639,0.9333454617090462,0.2466239676524594,0.5147211404728921
2021-04-01,0.10377313136924199,-0.12706649438810697,-0.09548997927813942,-0.007173798985968528,-0.06556033137872601,-0.5394601742960721,,,-0.30407735237080913,1.4039069833741795,-0.4559975019559743,-0.08619750830901438,,,,,0.005303269920415207,,,-0.007125026323458629,,0.1562059807012957,,0.18542345646909011,,,,,,,,-0.11326719171778947,,-0.08655038591431152,,,-0.4840462780643388,,-0.3128166361300767,,0.06126163278969093,,0.08538707866699285,-0.12348376684209651,-0.08026721903130984,,,,,0.22017373919465003,,-0.1589722817378668,-0.7951981476424039,,0.5524264013642597,-0.48245348115009606,,,-0.22603406148337588,-0.14154320375177373,-0.12024670803155815,-0.03821747005150961,,0.1576806811285366,-0.11454714519556458,,-0.1517490255625022,0.6047234130846357,-0.07430252417416291,-0.07820440175994559,-0.19543616705562483,0.09591177712642462,-2.6350060182198174,0.37747494604791154,,-0.16103725319993573,,0.5229891451544826,-0.1227119080324352,-0.13969547061442725,,-0.05752714791305003,-0.18104762125075394,-0.18184515095620396,-1.1715268228954745,0.17504708031370503,0.05890148785450697,,-0.1535373999836968,0.43862498700191754,-0.6560916259701595,0.006610552309073103,0.0001728851915360894,,-0.3069917334784972,-0.018637789076204024,-0.12890725227642236,,-0.022514468829940806,-0.07990939838663685,-0.10151368100317622,,0.0825440696125113,-0.03616391590160402,-0.03698274246619875,,-0.7076453381950416,,,-0.20199617046751736,0.9248810682996185,,,,,0.185853914832095,-0.7680105744693028,0.1569015417722894,-0.04391986210233485,-0.5577013404440521,,-0.29070056149927076,,-0.36298332348132556,-0.13549406207312054,-0.11330936958959671,0.08145399721152566,-0.05262624626905028,-0.0007418876607537556,,-0.15668147466733673,,0.0620395106796016,,0.12860832959137916,0.2949380227002779,0.5761428288332682,-0.09829522906222796,0.04934255443875041,-0.1392004198577244,-0.15974582953483984,-0.1389648700338085,-0.10282975458043744,-0.16700336607509078,0.004787737878069848,-0.0635459593207256,-0.9597951136579673,-0.1386243921750144,0.27152926748126244,-0.1091596725348408,0.08440949749827512,-0.16794222209677948,,,-0.38106899535991734,,-0.07338582844848512,,,0.8970566835423239,0.45438343695741623,0.9348067187349317,,,,,-0.4774355531664046,-0.46916846778991766,0.035226345995779194,,-0.21162974494800604,-0.1326898835380377,0.08816946252334973,-0.010239507196546828,-0.6343903577762924,,,-1.0250964189916447,,0.7249808618150739,-0.18200111748116257,-1.0703393365801501,-0.19915394666847142,,-0.051528343882574566,,-0.14463715682677822,-0.11603672184531358,-0.33231498808733206,-0.7628614000590228,0.3679499664729898,,,-0.13077412477881678,,,,-1.5071975025511921,,-0.17504658808609508,,,-0.14963972111102222,,0.8152416641687148,,-0.0524017537872639,,0.21770761220146956,-0.12981244056826227,-0.12185780204844114,0.3878199934089255,-0.6030867780622906,0.15855175126554963,0.01359212219848656,0.035365603828551695,,0.12754945068887516,,,,-0.029402779913066404,-0.1438135194727578,-0.14695686416618114,-0.019471491191755105,-0.9264554496660908,-1.4710654162927466,-0.20493781035908423,-0.3495267025304838,0.17839320519008203,-0.43180584590389837,-0.22085422551053036,,,-0.2925816654904341,,0.05520554093563804,,,,-0.21410287594983732,0.8901945580469014,-0.1300166601891642,-0.4657583377555758,0.9082879855878161,0.4301470483278326,,-0.5191693312634477,-0.04046004174330573,-0.1284189391808469,,0.8423126315323409,,-0.4769995984903241,,-0.20935477323123577,0.003849374594473637,-0.08378202478733865,,-0.0006082839634212779,,,-0.12166983616025527,,0.37363584819099765,-0.11269989327794812,,-0.1560890782921976,-0.31843832041147774,0.22227629081322556,0.274524801459945,0.2900251132273371,-0.03372664914932635,-0.16598214267356168,0.5567591228661705,0.4430230461748655,0.43504754171307564,-0.09506584537861296,-0.7842367251885403,,-0.12131474350089219,-0.10899316631226659,0.07604004348808019,-0.18248027403668604,-0.13010134614494442,0.630151819394072,,0.31480660041026454,-0.10872005993259114,0.13639087908538794,0.0684600072093459,-0.9753026527755162,-0.14026998478855543,-0.6918197708438867,,,,-0.13793811451500076,-0.2290614654505697,0.3982482288474008,1.324344342601939,-0.07857188935232862,-0.9839709039110462,-0.04528879221510601,0.12979587241481944,-0.12006200392954228,0.4331408759641081,-0.07187135592229757,1.2638936743708153,,-0.17359414183858737,-0.1399409813505436,-0.13097485063250727,-0.05313429070884994,-1.6840438196066863,,-0.2829319657578142,,-0.600754748208021,-0.6357514800182075,-0.670918888482912,-0.1352356473074582,-0.2394283658991757,0.07818230759397155,-0.12698366493264465,-0.5722027761658274,0.25630666403565344,-0.12010629575194923,-0.19214541099788848,-0.08749941098768005,-0.07114182153994528,-0.04441863006913703,-0.49438179982943564,0.39593179811729634,-0.1301944670333918,,-0.08704838509682128,,1.9817433963830802,-0.10853087144832332,-1.1488690079067798,0.09943473335684402
2021-05-03,-0.37691406294572577,-1.263349024837869,-0.0345607299545466,0.01952943783286772,-0.029031918053148857,-0.9944284996246527,,,-0.04090424924725489,0.3377274442616762,0.027692046550386023,-0.04171723543614411,,,,,-0.00023115525955650008,,,0.07756265225358397,,-0.25183739710078573,,-0.10873481181300561,,,,,,,-0.11216151562219526,-0.13002167204247078,0.010350373475977101,0.09342489409727794,,,-0.01375346414065413,,0.01923134889251447,,-0.009277995168069106,,0.052551751694039986,0.39262192002057583,0.2930343218288441,,,,,-0.021079911313855716,,-0.07782791146831372,0.014200840759124424,,-0.06608081457934409,0.6933811481831752,,,-1.329049774258144,0.8012036814198319,-1.018456779174452,-0.019230718262521703,,-0.050628669728331084,0.2754970189490117,,,-0.022837279541167328,-0.10843145345588419,0.022846774761415372,0.007580251119918162,0.0007909294429124328,0.6090571293003848,-0.13981176505559045,,-0.054230334108456825,-0.0037109188771748377,0.03299326669322936,0.5726504688896578,0.01701221771515161,-0.0008085509861007049,-0.0003478230653936363,0.4874437622971682,0.037084785472121094,0.022830008145182826,,-0.004063320013009051,,-0.04797520423654765,0.18042944590336044,0.01109222987462195,-0.02386261076333996,0.003826744204848023,,-0.7613914213275339,0.486620150527328,0.016111542492377798,,-0.10234268104153439,0.02428676243224369,-0.03905392108653946,,-0.10315904860750841,0.03711472705255332,0.03400098804107597,,0.03095509153555147,,,-0.6751802394540304,-0.12262068910422871,,,,,-0.25920280932754175,-0.012290604686698356,,-0.0697165610919979,0.06830084494172635,,0.010717120306536638,,2.2037877998760096,-0.09477343683191344,0.45622728322085754,-0.04648862296793825,0.054334310536559384,0.05808558174897124,,-0.371201510462839,,-0.004104939615211843,,0.026293618826030346,0.015961735959342725,0.04395724825017167,0.020035270832306933,0.022753486729851606,0.03300700482382761,0.04456860435421312,-0.600193776507369,0.025306765591049742,-0.2111648255649169,-0.33752261510992554,0.07836820081588623,0.463309230658951,-0.0016828686863398367,0.2107894906222679,0.21685796529094264,0.03224397337583602,0.04349736973021184,,,-0.03816554143386784,0.1262776363135712,0.04252162413236322,,,0.0013758945198773156,0.023719566573422748,0.05398118149065348,,,,1.8136332125295562,-0.6182061373710527,0.029909545599401795,0.36064411558367154,,1.7272518002481219,-0.15890147105246408,-0.30688724345268314,0.06966285279364136,-0.031067060892916044,,,0.02251555814265147,,0.3247240614313105,0.046562754250997374,0.016782265173559404,0.1499736399008984,,-0.05738460965407806,,0.03477926150920739,0.24509842630077566,-0.02588540802960268,-0.5438181828770974,0.024729841420030176,,,1.2133699330444396,,,,0.12950267527925116,,0.02097558230676779,,,0.5139011518078234,0.10338031396479645,0.0528045896017286,,-1.5755528600216506,,0.030626007832381633,0.04056481485233049,-0.07450875775280502,-0.028213716451131913,0.038510560249023024,0.035113854573857156,0.005190018050468991,-0.19877506610815449,,0.24859567655487885,,,,-0.02059519807122727,0.03102498038750283,0.0073447381004934,-0.002094228440986304,0.02531246130557078,0.6726212079852182,-0.021175093778743746,-0.42987127511289663,0.15941017037271718,-0.019115144553575065,-0.07321318361984622,,0.1511881851619952,0.06413301884682651,,0.008729264542067683,,,,0.008702941563676054,-0.21863429534967366,0.09298353573784555,0.03298770326497325,0.06421118867973112,0.43941050438838125,,0.0229209919676222,0.16557052436042377,0.029087099011749516,,-0.2366170020691097,,-0.131087712563545,,0.30761552690756966,0.024194471657382127,0.031249736587605378,,-0.04086117180230108,,,0.012456670974815644,,-0.15714939525910462,-0.01125753244958203,,0.00609401782051988,0.3229466763069799,-0.016389696104114858,0.06018306473349383,-0.2695213732134089,1.202399880101085,0.05857649732636605,0.21374383088807858,-0.699538499495084,-0.0211295607414489,-0.03176226369794674,0.0688074231775887,,0.0076167163177652455,-0.3582825196654622,0.03205337840137068,-0.5916506295023221,0.2950591675505736,-0.37389534328608615,,0.0642965393726941,0.6190719678893344,0.0006807678037840367,0.2709925837012511,0.18544089684436205,0.021409043696903055,0.054571799683487174,,,,0.03251159977184694,0.11764844317186048,0.01861565415242531,0.002510730269176733,0.0463364110631562,-0.03317686034176104,-0.006506445372708213,0.25386305318717717,-0.30190539706563363,-0.001739543368140667,0.027351386893049653,0.9245900978851671,,-0.6073057479943218,0.029498875474710275,0.4294830884136721,0.02942986673217869,0.012438067804262102,,0.053551312928089914,,0.05199083138219471,-0.05824775147419802,-1.0897609421903107,-0.5234692944435972,-0.010527833660395489,-0.6732800832183968,0.12947963167916954,0.007757205733829913,0.16187440566647288,0.9231812427724008,0.267465675589833,0.05664071584957091,0.1663635663079904,-0.013505999301412334,-0.037707947119762,0.28632570091075393,0.10311518483312446,,0.5826076371443254,,0.5899776503484082,0.1198137603986793,0.2606810560510926,0.27989411782484647
2021-06-01,-0.04711109704377408,-0.5304710780087986,-0.04906158432118025,0.07352324990628331,-0.0009708205619834926,-0.015923469753068974,,,-0.030185487160596207,0.9865628531501149,0.6334082922079929,0.03386559647301944,,,,,-0.002826864252107804,,,0.02343405117891533,,0.017430850720994116,,-0.004168510041991362,,,,,,,,-0.5068333773298515,-0.020398766057822548,-0.030002610218088074,,,0.18016443538199567,,-0.015620142444101471,,-0.06493437849034928,,0.016455986995535438,-0.039530153114493774,0.0018723359653484116,,,,,0.007235686308443259,,-0.009840555235762523,-0.030337053885263678,0.2090234302241658,0.1565877200210644,-0.8629274366383751,,,-0.02088985787642919,0.34505259247479503,-0.05316749506861601,0.3102682665355969,,-0.1267379805765554,-0.28764443362176484,,,-0.05407016864144214,-0.09341770322282913,0.04041995369309981,-0.08759510338136373,-0.09610715284648344,-0.014978730805310543,-0.07481345341949182,,0.3337429602282964,0.03317494785208556,-0.1695909776863486,-0.055080404968647016,0.08668120262295509,-0.00015978965295920257,-0.009059269080533904,0.2572322536361916,-0.09482641999882221,-0.020039243176824137,,0.41324862630559767,,-0.15960724799178433,-0.017561945933738672,1.1194824882158858,-0.024490381504618415,0.00022728320860963336,,0.00793767377378262,-0.4016752388430385,0.9129582873707134,,-0.4914227612389783,-0.01900053065414723,-0.1459635015429907,,0.02887302317834283,0.1047237835718846,-0.014231847345597202,,0.2713784161250378,,,0.05445446246489356,0.029220524346034456,,,,,-0.04510278198299804,-0.1676059766787407,,-0.014996774235818758,-0.012284526539845055,,-0.007111482524671767,,-0.04596759639212717,0.15004598307744124,0.006276096001554923,0.011222893310385739,0.33344323540179377,0.019023437287437668,,-0.3254562778725403,,0.04484833686274432,,-0.005110397234715874,-0.004488858849966701,0.0043279867665835785,0.041800610988972,-0.024032350326832364,-0.011273938612172121,0.0016999055692310944,-0.008566132921878484,-0.017977367959640923,0.1349615635993545,-0.1663704798214347,0.2503796794444417,0.01091784348123862,0.18827820267309092,0.004345473420906665,-0.003905785804819836,-0.019804699394035903,-0.19607366873580634,,,-0.08817965050430948,0.0024393295886379653,-0.002615249324895013,,,,-0.020189003312729513,0.0038206620355016535,,,,0.0010826326778006594,-0.23781119321786537,0.019247144968915584,-0.020357913274325675,,0.021748206557407623,0.04914140827996522,0.016348161046043207,0.002857185689060351,-0.01909296414461291,,,-0.11566400422904884,,-0.4062399766422382,0.002144178168872413,-0.025547700586937363,-0.1410003924396908,,0.05545429800649927,,-0.00995979606678073,-0.021249985657585527,-0.16384475645300509,-0.7052157260957107,-0.01476370483623132,,,0.7507186395640044,,,0.1495515159289057,0.002343400242654177,,0.3097594192713816,,,-0.025932091911620322,0.36082791409534476,0.48502959403661733,,-0.024110117510468584,,0.003055650738602014,0.010100343629245691,-0.4451034196556689,-0.049594451416012965,-0.01099738496971785,-0.010471557960030664,0.07283084614198748,0.0004595553380923982,,0.1285921364801096,,,,0.015163894385078468,0.0050177672305965265,-0.010268004809425092,-0.16146102733450712,,0.241905059937557,0.01271218889790324,-0.7752707180768669,-0.0008708796951748017,-0.05438727841812618,-0.027349341944855953,,-0.006243206482110575,0.17809795777637757,,-0.01722839739824834,,,,0.03769370673543432,0.007941203121504788,-0.13809171342094934,-0.011443459586017184,-0.03083900178327055,1.138190013773541,,0.2267620009824616,0.0005586532557943702,-0.007861703729425273,,1.2658569787298195,,0.032878776604515755,,-0.008600108290911448,0.004557338195143533,-0.007971215181390828,,0.00044015927130002576,,,-0.019831444832288932,,-0.01393131863428253,-0.028225605995899645,,0.04542590636171092,0.0059788414940501345,-0.0029777033035718924,0.6934786044121655,-0.021298146329106732,-0.029688404639728272,-0.12000489376392302,0.11440058098191966,-0.0037395016232637593,-0.0576242778390284,-0.05308228822727476,-0.010837269481016971,0.14444335840461311,0.03242527096504646,-0.0645011175252395,0.08382290224507401,-0.0037767344970024534,0.3612025832258288,-0.1577265439837214,,0.1814381996460769,-0.020080558578682593,0.0021416012509860704,0.06367900484454929,0.15083215640892128,-0.08713481755437945,0.3269457545803266,,,,0.0021574446718318923,0.004567406238988326,-0.0204913907605886,0.022915960529879802,0.06380568859099765,-0.06253396794124363,-0.00545684775807725,-0.04247916047417904,-0.028498890647938126,0.05049096823551548,-0.006317538571988938,-0.1977150602199009,,-0.00028801352304096226,-0.006585119810802667,-0.03171944976305359,0.029173361317781584,0.0028265440250089292,,-0.0285096623222393,,0.32660464818045765,-0.0011190649369288508,-0.04705013992622507,0.0612678897313248,0.024063039293669423,-0.07475242034575283,-0.1314026780185598,-0.020752448999032468,0.2574582216392194,-1.5851930129052114,-0.0034896718121070047,-0.0020840493181848996,-0.0267884610015574,0.47172102615734063,-0.03587799229505402,0.045999008172645545,-0.025304617398702964,,,,1.7085187366782733,-0.2480616596578923,0.01013105799143458,0.007797283021032008
2021-07-01,-0.07185478403325377,0.001476251494824621,-0.08402806585592504,0.04070762081602571,0.01962550086468016,-0.058991501821605785,,,-0.2834017607847419,-0.29758836627144564,-0.06986114344304874,-0.269292875169831,,,,,-0.0007824420086828194,,,0.03680456074950167,,-0.03865204384699529,,0.041884658158659785,,,,,,,-0.12785610316473958,-0.24962005803874812,-0.21692585885131915,0.48231203436741726,,,0.29841675388745065,,0.9028953702874913,,0.03942043327137059,,0.05686597600273393,0.0346401286804034,0.012402876625625996,,,,,-0.004291058511994157,,0.02490528603504831,0.09761465017268216,0.015440737972590823,-0.07180268009785142,0.015237737408409174,,,-0.009543479931106552,-0.012234801823884232,0.04248778001283067,-0.07282730300388868,,0.020655264566621152,-0.015133866558185355,,,0.17314257983209522,0.2741829993122015,0.009272961188797092,-0.24511760724193377,-0.07174994315848798,-0.09726001489283274,-0.6061927374243162,,-0.008908747476757309,-0.37412883815003967,1.33930073786181,0.15035820237343225,0.0006708213940013867,0.0002028962961196613,0.08297660498378913,0.03366495281891026,0.04638937819123638,-0.2663483629567663,,0.019512193013529664,,0.02211330735241591,-0.12513715690337723,0.0005919063056103735,-0.009729212795916476,0.059561408107131314,,-0.8639371751330487,0.30183156062873123,0.23734007561708076,,-0.3904912076946069,0.015371044585135881,0.03526811142393899,,0.05659699469901138,0.020632626685096973,0.005211813563452713,,-0.22681060097246647,,,0.34906882838044834,0.24083360082518776,,,,,-0.2702037794778695,-0.13107294756307042,,-0.003458605389912619,0.01296582513675829,,-0.004284019596625421,,0.05185758665529245,-0.11970909397365238,-0.13498586217958516,0.018590096606035705,0.45157115421233557,0.019863669921167178,,0.15257060593270322,,-0.036581218261228385,,0.021553768105790988,0.04917579706492587,-0.13793355154372214,0.20871077869990648,0.03268894485015924,0.015240792106294244,0.027428786242101946,0.014911652245595796,-0.052323975118584776,-0.40734185974346904,0.03483882148598483,0.6031518465463279,0.039470771992068075,-0.3111676599738455,0.018627323613873134,0.040860601249519395,0.013227064860636552,-0.1194129226224323,,0.03309194055675137,-0.011178237781801053,0.24248967994656018,0.015221157097855067,,,,-0.04073137193404786,0.20156390836730353,,,,-0.04554113971660527,-0.04314948839216058,0.035240312281639416,0.03750182321046728,,0.5289444232869959,-0.637844192603702,-0.08253295600796706,0.0011446706399056818,0.10933684480579123,,,0.015530043544067158,,0.017144062588892842,-0.10712580085720554,-0.005456079250564706,0.62844848180071,,0.0022837769400467305,,0.006524654605939737,0.9205121122145874,-0.03373583580880447,0.14233030813868286,0.010225392597849114,,,-0.2441154690622381,,,-0.6024912746017227,0.8378671510326218,,0.032197026337982715,,,0.014435658419748447,-0.009296239419832764,0.02910793589507573,,0.3833335726481494,,0.02719920288705632,0.20478894185196445,-0.2129865435701681,-0.00023476070781568246,-0.011156178938922469,0.008969237580331328,-0.0021798471567541795,0.01468979809856184,,0.019565844210780836,,,,0.026297571710567947,0.01694517679950331,0.04958213671772238,-0.4040547499121753,,0.019821934589136246,0.018124767858437536,0.034229194280599784,0.004308529259794252,0.13381744044542263,-0.06279199633089622,,-1.9421157072048192,0.0006495088781489711,,-0.00042693179833328237,0.01673352483550791,,,0.0020925539999978055,0.16265262082995183,0.2820740602939134,0.13195771509476797,-0.18133346740993772,0.16611300293799658,,0.19773390241152844,0.0024182542440247066,-0.0006269903602799687,,0.8329295021323043,,-0.0018370014229512396,,-0.3240769484156116,0.0728360914477544,0.029730998776887962,,0.10578106904856854,,,0.015403373214985198,,0.004358930849656365,0.045964034075118974,,-0.09639210979814193,0.06304224248784601,0.030229291912922625,-0.038067033529065965,-0.0017520012039848442,0.01402766175097178,-0.013054589982414145,-0.3331116781299087,2.198252881795698,0.008510758540929138,-0.07194134322917926,0.11667251854808149,0.4600012667940886,0.026632069383207595,0.021769493935294825,0.033312072772259824,0.04250195801242472,0.16058251038033944,0.04146830192983206,,0.05004365900475155,-0.1303264193579753,-0.02980006195019939,-0.23927033472773532,-0.045517479438632366,0.015990002905449042,1.3576680630345783,,,,0.014671481458393568,0.0082415719235924,-0.11498733015481795,0.27023127282351256,-0.34314429358622944,0.05921474886327574,0.561199158530277,-0.03776615203055528,0.005186259032825271,0.05678092803103008,-0.12196380802620824,0.24718485649642466,,0.7910195963407427,0.5675467688910522,-0.8594514453080848,0.16491539932970511,0.02084261019151319,,0.0295596119474506,,0.4187334300449013,-0.053903716885413955,-0.0697426901887435,-0.005220828169587261,-0.00404797580297829,0.34995948432871316,-0.1261152036917187,0.2063870820153232,-0.2595641040179655,0.44817297667819794,0.046689110333646665,0.018865212658556445,-0.03139903884073382,-0.12189685405877558,-0.3353002533071007,-0.12589610820809852,-0.06253488690398065,,,,-0.2161574387131235,0.022980236523187727,0.044031150048088566,0.08151167298174139
2021-08-02,-0.010910509800037813,-0.008234639954317183,-0.03359856607673014,0.046548355546214615,0.003246689587103187,0.577398029618142,,0.021981022677463855,0.19307052960144408,0.14520846939125392,0.06206014007191661,-0.05952021807648714,,,,,-0.008059652497364725,,,-0.05216838183921388,,0.06378915760932082,,0.010301534248483278,,,,,,,0.6972265817381613,0.02823008037819806,0.020918655531735594,-0.18300750306624208,,,-0.30051122233445415,,0.004930473741723142,,0.18520303457104895,,0.26836393583637774,-0.007477602302871844,-0.054458439712598686,,,,,-0.08100752016455388,,0.02422913837774336,-0.07356663852496685,0.2859476678879954,0.35310448105387937,-0.5899168728180891,,,-0.09783145887963608,-0.010111233879886845,-0.07744232468898951,0.27666055947377743,,-0.05309397721802686,0.09666017525695564,,,-0.06457627797287041,-0.07737622779415505,0.0442240551223232,-0.04184675231361182,-0.040741700422984375,-0.09477347439642414,-0.028800948455291804,,0.3587460206303873,0.050471364670898265,-0.8575987478508561,-0.05607263988155135,0.015427140160632864,-9.411194815737276e-05,0.023833767314130644,0.028099392221851396,-0.33316602783446225,-0.1409537745061072,,-0.0692251147334895,,-0.014666210436317377,0.39804622757808406,0.057674858354273315,0.011030798053905338,0.0005058573906968364,,-0.6693151974337783,-0.041163600528432175,0.021696825780331046,,0.018363806038588337,0.3809883518236549,-0.035164998558389296,,0.006866839465651493,0.007115648465931758,0.10160266983974918,,-0.01915688060544831,,,0.05149978512698183,0.16822573293676812,,,,,0.007018232776928908,-0.08180981969559277,,0.01849488635578765,0.19226091697267825,,0.005418918781957171,,0.00527745946036836,0.030642224820016335,-0.0023130019378127427,0.03367874557792428,0.05621888364404131,-0.32191709297507687,,-0.5472045842166593,,-0.0009841524896646388,,-0.392467315740958,-0.09341035988627022,-0.0022625210549430935,0.003932531984617857,0.004457848817238368,-0.08438954787047524,0.2440087831364358,-0.023698562624676026,0.1792932587328181,0.021247036799419968,0.03154029494156991,0.02727443915360992,0.035570609311938645,0.03774185097787054,0.015478394588825576,0.15287137117738372,-0.10441359452136317,-0.13440047638943106,,0.008816327047039293,-0.13550550161913225,0.5487105173475677,-0.04577480343950425,,,,-0.12747904800719123,-0.22704766050743488,,,,0.13098040912107806,0.005357320185483346,-0.06297518523004712,-1.6807246639631612,,-0.07027557681729038,-0.4379347478217978,-1.143440198474201,0.04019729330150205,0.11708566423278394,,,0.06239261905440232,,0.15450740987045267,0.018891537783475937,0.0032332056591439654,0.15569615227162806,,0.010482521216667873,,0.011009221152119567,0.18490362498696467,0.06936240634450021,0.14927764612704764,0.05312348163882823,,,-0.04047096018399174,,,0.13574272195994938,-0.19066771802306176,,0.01822794398120389,,,-0.35476633349990894,0.19132667224146777,0.004735690451477555,,0.3873954063760473,,0.03023095004942266,-0.001919727913865096,-0.01096555162471104,-0.038516150515796405,0.010669480508892144,0.11538355605675182,0.008660637410374393,0.07440192109427503,,-0.0009974071941446965,,,,-0.001667274083392654,0.009810857675292876,0.17784080303570768,-0.03622570835939202,,0.06453151142445276,0.07176711778376789,0.0554876485533682,0.055651215034073005,0.28139567792857534,-0.012108153067933652,,-0.04994581644510813,0.006053659387172706,,0.015382781403067005,0.357704368603345,,,0.00734682878455121,0.05828003272585097,0.015959085109309552,0.009893471650635026,-0.018957691772137415,0.07210341666792101,,0.005542030956178142,-0.014857672064601802,0.007030162077326074,,0.13152755343975267,,0.017479031541164036,,-1.2557205094730994,0.05786911306807649,0.045665751813164845,,,,,0.19647132802553746,,0.057489787232656554,0.22647424328693974,,0.3652460778792477,0.3120755751599799,0.03553600813988759,0.013216777270498968,-0.049213603671632494,0.06965744509380248,-0.3531915717467546,0.024150948331334066,0.13764143543013294,-0.16757114612465035,-0.018046347818550454,-0.029915873998813142,-0.028215266998573185,0.09574153119751068,-0.15744078564217617,-0.007079479185059643,-0.5259347221182106,0.3589010502257863,0.007028015825357855,,0.05172094878750846,0.03138811932513578,0.008906441176223261,0.015455554213288024,-0.06618427002283846,0.6005033821424122,-0.1951975750962706,,,,0.07165617813059487,0.02025167902275951,0.004091393954695295,0.24190808898892388,0.3694721844597085,-0.10352361593632582,-0.325743201913422,-0.034185377526258345,0.15683914238832836,-0.05580410635684373,-0.015625011719109082,0.11998247558506803,,0.02108400940397128,0.01315256462109301,0.15922012042817968,0.00431206885364424,0.02870605663367677,,0.006410961025429592,,0.24734514506579408,-0.010028173603797645,0.014182600905476097,0.039850631066110406,0.3975271967250656,-0.020895851720770037,0.019794982349389346,-0.02752975538242618,0.004121446742520798,-0.14119906522908898,0.026345785986369802,0.022226489000298617,0.347539502090362,0.03627185202276576,-0.029665888799705206,0.015710210851753507,0.06454544090072553,,,,-0.4958124665878386,0.27257146924617026,0.1719279335082118,0.14989897213903808
2021-09-01,0.3856151094927091,-0.02211733845354685,-0.03882489514346033,-0.019556596513604314,-0.014880039043153812,-0.19156134298309033,,-0.011994506068426135,-0.20935665367605458,0.41539886545453675,0.03389470757377029,-0.21009969861234745,,,,,0.00014130670628632026,,,-0.020231304578101808,,-0.05962521747686418,,-0.01918720188092793,,,,,,,-0.68102950044851,-0.0450842939352293,-0.019909973881871684,,,,0.027613315145901027,,-0.058785250023975735,,-0.023231767883890125,,-0.05951102349983406,-0.07387506645305253,-0.030684318022722205,,,,0.004745445903320836,0.35493437232707004,,,-0.2320435966669362,-0.029596409165450255,-0.07489080859011198,0.20745943976426962,,,-0.025312444319803437,0.009715330110015644,-0.043530651160431914,-0.10900258290574355,,-0.04341025883855207,-0.0374631608601102,,,0.0006861186118301086,0.00550423525555172,-0.45408081881617596,0.31172291107710287,0.006216787391223515,1.0768769783474597,-0.05284911598090608,,-0.25249326528397686,-0.10345705640649916,-0.12027776011299476,-0.023193100108837024,-0.01612806582325025,-0.002963778255104399,-0.0007856825243923069,0.039148375429771023,-0.06329936944233885,-0.0878419322800447,,0.01535981716398108,,-0.18332776967796716,-0.0023881879779984287,-0.11712595237802662,,-0.0005003883840203821,,-0.01710454058443807,-0.014151929392046401,-0.02931096740684069,,-0.45213805512876903,0.03529267119206943,-0.04301456333601485,,-0.009312832133955652,0.002098584287242163,0.07346482292215813,,-1.4330135063157647,0.20129180817944275,,-0.1590314542940748,-0.09746636765130756,,,0.0005272689875820988,,-0.2820738162058928,0.23403230850953383,,0.008903752539308873,-0.03760323917488596,,-0.016923984317487383,,0.014816232395531103,-0.08643726124381644,0.005922913019977755,-0.0434037494798497,-0.008747376633925436,0.4424378846745634,,-0.03143515357807572,,-0.004919421116066354,,-0.012417213921443043,-0.015528845049346107,-0.35314714916718365,0.039958183546660364,0.24104056518116523,-0.07201196921086944,-0.055863039857894176,-0.6461126558170436,0.004247245345319808,0.13617272898419253,-0.03777755052301662,0.42563246192499277,-0.43342862463723303,-0.07997776334413915,-0.12231372540380915,0.023426944152983145,-0.01335668601539712,-0.05300070474685829,,-0.05295138533102615,-0.041283230356364914,-0.21715125813584224,0.17299209693675255,,,0.3053502686119444,0.0033525172352326903,-0.07812417490285849,,,,0.04597589993187365,0.1878083801263973,0.10285454932344842,0.37068554490638544,,0.11741708081844766,-0.2599464470139527,-0.060890848481931784,-0.0003792440220540094,-0.006249434766370757,,,0.12942947563454957,,-0.10120514370139437,-0.07688307692596145,0.036796181075722884,-1.2401744048403862,,-0.01822794604734922,,0.09507039775646639,-0.09042317580150461,-0.10501154856403797,0.09454396851822813,-0.008828892998303554,0.025195459923950482,,-0.00897043966372842,,,-0.35335925879130015,-0.2964714891812674,,-0.06010806099554154,,,-0.06574057555722079,0.22837043399621018,-0.09943858236559629,,-0.12555502439530358,,-0.8484034366058818,-0.3469568877221513,-0.02608355682562781,-0.2609440163520813,0.006021796914524074,-0.021474537971620182,0.0648418131611549,-0.02101347664795921,,0.05666729392358925,,,,0.08826465843880904,0.0189434872017406,-0.09678510522183555,1.2262025320543852,,-0.02140472103108794,-0.01336629228421173,-0.9948141876386605,-0.01569916231865423,-0.026987261055247937,0.19359246704722166,,-0.9380215285065273,0.44586870194111433,,0.03329558391842337,-0.006426352202173063,,,-0.014503121345081804,-0.0700615010705498,,-0.010051485057930985,-0.2275716774244562,-0.6552870006890557,,0.1676169567163148,0.003987583025693801,0.0010108098173562002,,-0.05652971153639055,,0.0635888648011007,,-0.12383792930499729,-0.008370126596866435,-0.058422874893624785,-0.022379644185654125,,,,-0.3986274340412698,,0.1977800955022802,0.2181337702246523,,0.022637873596888545,-0.34561658019871627,-0.07609543610030013,0.022208237811108887,-0.012937497331335323,0.13636060423687624,-0.3617524726706526,-0.019789123813101644,0.07338227917673253,0.2769830071796251,-0.3326094544277918,0.09992097676511025,-0.0018725518656704937,-0.013866649869958447,-0.07318243859825473,-0.0712020247861059,-0.06625597400749311,-0.04767213220226536,0.0041099962563925395,,0.26174806469817213,0.01617663593104105,-0.005407586125529072,0.001457642726548511,-0.06536162721915323,-0.02046329705561446,0.03098801686072747,,,,-0.03601136276426301,-0.05230199853110659,-0.030714008845351626,-0.499607677179554,0.3313351637747739,-0.04754978903234028,0.005313866299778565,-0.03975235256057455,-0.026108195619711193,0.021735461368436064,-0.3806614816127302,0.035940022081320834,,0.10575931379690076,-0.013932803924711225,0.29196647794810726,-0.08704242577875387,0.24619611745946895,,0.03474356684420694,,0.3924644562765409,-0.7716877887051812,-2.6555887998777803,-0.11518099005182225,-0.4448126837295987,-0.06003148756362586,0.7404394854277164,-0.13556848094405063,-0.026947451738116433,-0.773150103421592,-0.05452977894596703,-0.015151389030384647,0.012804568605790455,-0.5245844059548241,0.027805404953103234,-0.010220380930598925,-0.34214647225223427,,,,1.2711618787380154,0.6428639981211302,-0.08146347989768912,-0.3498332441403106
2021-10-01,-0.06003302903298521,0.18330293289189037,-0.009576159157717562,0.03268033015884259,-0.005652064732542645,0.026059355354719482,,-0.1414586633506523,-0.16127123660668885,-0.23109955858517778,-0.19748575197802054,-0.048279862807679895,,,,,0.022875090413805817,,,0.03947178431994138,,0.020692874391084623,0.0035739912463366506,-0.009637083029625883,,,,,,,-0.15633990356439786,-0.07008043316787566,-0.055098123893543294,,,,-0.1328487694028994,,0.009561456743292708,,0.06145600449098339,,0.12285500491463401,0.1327210680847099,-0.26449990587804406,,,,-0.0007520042305612941,-0.12309071134810078,,,-0.09823541050083207,0.09491541898108026,0.10959332241752831,-0.02420390386376238,,,-0.01976160656238299,0.02688199273296324,0.009334117682548385,0.7352918346011338,,0.023502360670150456,-0.12598351279054681,,,0.05290468555371545,-0.06454941416651394,0.03423347044098826,0.021386455979592316,-0.03804687648902179,-0.4480693871022056,-0.06816067252865028,,-0.059173836170314284,-0.022522274947789783,-0.3863943436226669,0.051074221974144476,-0.010537007461072017,-0.0006727135865995211,-0.0005160241097973392,0.01035262130862406,-0.7073126590270711,0.04248955814366112,,0.06521853141303274,,-0.048647560745319035,-0.06966297872901706,-0.0952594560842447,,0.00013526388809473073,,-0.4444499023909534,-0.16508390913125098,-0.12745986629086617,,-0.2537499691489088,-0.2893616292792973,-0.29177427985011595,,-0.010358202059617232,-0.009252567487655341,-0.0076789109119004785,,0.544156466422103,-0.021455481936449045,,-0.7294891180186936,-0.12186340665076476,,,0.0062840148922878175,,-0.05597542977653682,0.027651800783013998,,-0.02447494006636042,0.1096163098400895,,0.07493603286386707,,-0.053133176300269105,0.060206005625266595,0.561869995867461,0.1630880270247928,0.4229003522440479,-0.3305296964947086,,0.1304359812105316,,-0.018361776229464114,,-0.020301566506428663,-0.010751150357770262,-0.06057912212637018,0.033199738655594176,0.03012701516458423,-0.01606555239219412,-0.06485419323901469,-0.0761676402257826,0.034856911097466026,-0.002108149034509685,0.037375278854902744,0.10598688915866478,0.38900249347287896,0.039696443048356074,0.00807636189056709,-0.1537255746767851,0.04554685145266646,0.059959134914494845,,-0.06365449695946002,-0.0070953242403442385,0.09024061236844151,0.06353921516316104,,,-0.19308334965544247,0.02970123711894129,-0.10500632627782375,,,,-0.06478523033535752,-0.008761035953262147,0.3349667376209221,-0.5163990463289423,,0.1610507713200206,-0.24347434457703532,-0.05266946955074022,0.013412099529500104,0.04162064964816703,,-0.08045419359630264,0.3917274387157092,,0.0074110630676919795,-0.08056679213457252,0.026452182861207513,-0.09586989497528925,,0.0013812455701246197,,0.1793820485055341,0.20358738600853848,-0.3782601330671298,-1.1041169185782838,0.0006143172114691682,0.04296250063136983,,-0.24436481153846729,,,-0.04384641632900283,-0.07434318078715113,,-0.09652472004712108,,,-0.058705785331187435,0.32149145562310183,0.09258157579681607,,0.032959323238737376,,-0.25899030955909713,0.044945043509299565,-0.4284154863826443,0.013021275042214779,0.035022914034827754,-0.08285342658756722,-0.042494652362950906,0.022295473900999164,,0.2585812198215929,,,,0.009977209619687573,-0.24721491993050332,-0.10810617413942895,-0.512539687357811,,0.11812216946327027,-0.32444589208620794,-0.2190892196598871,0.015992157118041063,0.004009327048017224,-0.1516101332467369,,0.08904885482224098,0.05452613589801648,,-0.012653266010838958,0.05378825052681878,,,-0.010710188776628517,-0.02342864820790015,,0.2466414192739816,-0.0982963736181344,-0.06529149608096914,,-0.1483885144898471,0.002317597171861217,-0.005767387590501192,,-0.06376616856742287,,0.005165224003067915,,-0.02981112137328796,-0.00982573495204872,-0.1684347379334314,0.011301697416437047,,,,-0.017308640782273944,,-0.1569647516623127,-0.052553295004565445,,-0.26055407095800887,0.02933383697179039,0.0885661887459401,0.08151261704150073,-0.02093339897706257,-0.1708876809345351,0.4028810279332592,0.006352303284278722,0.04068196111682996,0.43466864887525347,0.0730230768947912,0.08430775636412872,-0.021383535408115696,-0.010880512341699528,0.026087744377414936,-0.011555175398335544,-0.09592687381811509,-0.05729620529512701,0.004962437179405124,,0.24168397317844578,0.058665611951105534,0.03660431629543021,0.03415365546447416,0.021985952073107228,-0.0031781789638782466,-0.5126420076476149,,,,-0.02257107414444702,0.054142674449865105,0.2922965707400967,-0.06464460720039175,-0.0400455380066687,-0.1246160994536971,0.10517870968302172,0.2735594933949784,0.038160780298028475,0.0035913210164896297,-0.10539812474644636,0.11021181850203111,,-0.07472575684386024,-0.1942817343302743,0.29732118783618844,0.03478813615806756,-0.016142842468232013,,0.034778124829192666,,0.03301435301782974,-0.9324272995845302,0.4212871739465585,0.039868211037874,0.012761590181953724,-0.0490599351683067,0.07972179794360189,-0.24542536022270134,-0.05584309939681116,0.2897397910261068,-0.09036251715631351,0.005020914258119496,0.019122855150179346,0.05244032724447025,0.07443331166620513,-0.23164780726186338,0.06204094878525921,,,,0.5508141878739867,0.5249410517767765,-0.06299774668800695,0.10759935061590489
2021-11-01,-0.022949265081653417,0.0009454271376676988,-0.00484440011660007,0.007650081601787519,0.0062047078661726825,-0.13471378624237854,,-0.0054702938300747505,0.041016494339386256,0.11581323692098586,0.06900707045908683,-0.0518072785096457,,,,,-0.01815312480318508,,,0.00818193648876805,,-0.16667801029497342,0.001772273880741838,0.007333812862253478,,,,,,,-0.07403254948371976,0.052011087984446036,0.008614423596306023,,,,8.136667101474662e-05,,-0.008510163279201143,,-0.07782106143572469,,0.0006437548514840429,0.3453868920656114,0.0014900271126757972,,,,-0.027172692265141286,-0.021401543551633796,,,-0.04157941068903842,-0.27160138179128873,-0.011440514099910521,0.004054512787203198,,,-0.008830650872574283,-0.012499174695155723,-0.014065930402730123,-0.057697856391655346,,-0.005688897634661929,0.013630503034998135,,,0.03512117059176105,0.03893947129206618,0.06059622657673582,0.0212865273343645,0.012258237144548215,-0.2937732627278575,0.013417611380291232,,0.004845100908582563,0.014497110651612986,0.23555953344307867,-0.004129274377615844,0.01278924013556982,0.05167668955316064,,0.039247940830313924,0.5545729865475837,0.10667147092465531,,0.1815598762310395,,0.07055802111324624,-0.14429929716208637,0.12067822039213273,,-0.00046921868310497653,,-0.031127622099834475,-0.016902412738145883,0.00392126940468065,,-0.04703337747154744,-0.0038059482344999992,-0.015229793172177259,,0.10862635833957131,-0.01849767912840761,-0.023066629771626244,,1.5151390638181579,-0.008056531100207114,,0.5400059117835743,0.04786193448171344,,,0.03276916265762464,,-0.01033204760063856,-0.2057258369435842,,-0.0036393564487138645,-0.02928628178470756,,-0.0422573433690522,,0.0027776293328534486,-0.18409561205294497,-0.25095100225104355,0.03507020243855492,-0.23148937387822613,-0.18230010830530277,,-0.07607144021397325,,-0.0015200085943308573,,0.004660835817328483,0.08833099627040067,0.005319153589002238,0.13235481941407426,-0.945393718309777,-0.0028727056843160827,-0.2672009362546635,0.00010631599064334432,0.013007404669176062,-0.2138597935258201,0.14278725829893393,0.2441356641004212,-0.08203922578045351,-0.20765188802671083,0.017734351441685874,0.452173174746389,0.0076895389166319675,-0.0030837313313368535,,0.019344083070352174,-0.004388905690801264,-0.666755637321626,-0.011507880969447874,,,-0.231784849250597,-0.16387631355833218,0.013590631000613439,,,,0.5080026972642495,-0.004254471641129774,-0.6974616259434039,-0.011359937737811895,,0.19847517081329394,0.6023801681357179,-0.43369443060698487,0.07090111549255364,0.011749570315670838,0.0018679805991739622,0.25277654418224493,0.021702945583695225,,-0.030380458868017556,-0.44153834364910194,-0.0040564399866869355,0.05929611346298311,,0.05521268644625497,,-0.006519325629747764,0.07587239165964633,0.011315062783420402,-0.22876851727110187,0.030224940763494475,0.036785739627761896,,0.23201256783736904,,,0.5483306299095421,0.03585373891143698,0.022427416610420144,0.05018095657861284,,,0.5016682275211369,-0.0067145194202282085,0.0579742100822796,,0.035622656715126585,,-0.5355701754138202,-0.21926057002279142,0.18476083840545998,-0.02677612126819188,0.19304695187396925,0.03458904676257322,0.011134331055514176,0.008220718379521045,,0.002204646845378088,,,0.0007341431602104031,-0.007696818540951601,0.01549495800072993,0.03928458099238902,-0.03537836612955094,,0.022095195844676313,0.07384831338199827,-0.014924804112505775,0.016957332570379284,-0.07944713003441171,-0.23544945891459515,,0.02845307181291819,0.00609500248347283,,0.004782399604616192,0.02473146901795005,,,0.14139337680973185,-0.29046242113998394,,0.5522237606190364,0.012299695267398478,0.006472306629026322,,-0.0020288745879675843,0.0009380363530250182,0.004884300691002723,,0.0404126817181832,,0.018692600729132352,,-0.11108799694800425,-0.03597378108468819,0.034742751774849166,0.030475971440192436,,,,-0.0002794018099470507,,0.010728319531850529,0.004708110675268027,,-0.15177945424415662,0.05947082730532745,0.11774908256283849,0.01794977541306505,0.01469373675764691,0.10961753376282111,-0.12257249611855223,-0.025290688298661497,0.4100212472509953,-0.004772037375896172,-0.007976075842352645,-0.013230850407639685,-0.2596019885114565,0.012156938911333673,0.06397697164605365,0.032035238351547986,0.35942347615881637,0.023440249467889106,-0.23780353706805238,,0.046569033995355225,-0.00580566675267586,0.008275438169931695,0.03206964190955823,0.006258163015417072,0.02007284840005593,0.7560825519970323,,,,-0.0019991923258604032,0.003920680941658379,-0.018674974987734145,0.03831388780750407,0.3060451994193154,-0.011294957692946151,-5.5780800623926596e-05,-0.3408666310001674,0.004501224776729318,0.043606040645169875,-0.18511292927992304,-0.27301072460851633,,0.006886389704802584,-0.00021546491230356284,0.13027514990873312,0.05395042082211642,-0.17048090195117593,,-0.04638601893169016,,0.037615204114982405,-0.21623574390883057,,-0.7393673103345137,0.36370196409758243,-0.3580190368053647,0.4978190467105381,-0.19492751348351464,-0.011328938306857305,-0.19168388948755632,0.377768173895559,-0.023128501972958446,0.03324235226029995,0.03578823827788619,0.22201342620489645,0.005616942558607039,0.09255745303291009,,,,-0.8086757451760097,-0.531050253727975,-0.4845235186573842,0.5524478280607237
2021-12-01,0.07896407400395905,-0.03827225646998959,0.02934755628651064,0.0036308451031730605,0.0012917877769039643,-0.5733111566723257,,0.034083298670705635,0.8315825833423802,-0.6631992488674927,0.17443744865554017,0.0458165286900573,,,,,-5.8510605539224266e-05,,,0.001386461126155837,,0.22321490638123168,0.0034325296722637105,0.1826962624901969,,,,,,,0.1282509679921877,0.08397647857247545,0.07790981527739171,,,,-0.00314352530628051,,-0.00021421907491002683,,0.3147297416049208,,-0.04630458480525884,0.07865315821440579,0.1302594907055516,,,,0.007031178328621813,0.02471928249721239,,,0.8600328133958919,0.000233533824261601,0.07701672801111205,-0.07683759697915457,,,0.001563178668073712,0.019405376160603734,0.08359154631074245,0.020013756495557547,,-0.027380803662382353,0.019548378283403535,,,0.028818623695852263,0.048975928346125186,-0.009313578774813262,-0.005680717731807047,0.10074758074111625,0.14388256820585768,-0.410727065039192,,0.0685646367160431,0.06398681507238381,0.08839677998312981,0.012626333837861988,0.010928173452600084,-0.03790178361819483,,0.028121268246222592,0.07521364055468112,0.0064295171525836185,,-0.0001777224400661072,,0.10556151652146648,0.10006185484462234,0.41044002684928216,,-0.000574748374342342,,0.12730954649056506,0.03619244438479521,0.04821937256740842,,-0.10788559329617237,-0.02236352145465941,0.22283226235413053,,0.01667877204878926,-0.030948554779083065,0.006375231473365862,,0.1627190208333518,0.0895428971644691,,-0.3795180210978351,-0.19646394751878718,,,-0.02724670329152673,-0.00015623759904841378,0.08046259095628189,0.007608097024733045,,0.0597463046593011,0.008337644420629401,,0.0029708678189851183,,0.22868358593832222,-0.1297989556322482,0.04731201447928729,0.7257930696262104,0.04743735255498635,0.03393119822584296,,0.3017704796626621,,0.02119775430502831,,0.3291080851475146,0.0031746753169105807,0.057841086836491896,0.004836556952654903,0.0004357176181389068,0.0792890832178024,0.0553773026119782,0.03766323293949165,0.00474811982777283,0.06690909347897263,0.07359399202758278,0.03342988348083631,0.10800616062306899,0.45257040641998,-0.4248240331725307,-0.32124724391368614,0.042187021616761085,0.051502181327509396,,0.688742643928961,0.6003247201862435,-0.06938177280970521,0.19151590631038873,,,0.010221673535027764,0.024434620142354046,0.14305653338627808,,,,-0.11120209445443269,0.01578524999086828,-0.023821964105072126,-0.06277735063609163,,0.28222555548385675,0.1606995740694992,0.13730117997913668,0.0012834665177683848,0.011424385705844559,0.00031081123235739616,-0.0451743014056194,0.05547336577015658,,-0.015360675213669902,0.06360608670262971,0.5547556016607129,-0.1908555982262717,,0.007556499663138427,,0.024851196375833672,-0.8617726408981576,0.9530853202938253,0.060165385410949714,0.005399362499728525,-0.0004552752466667398,,-0.7054652259711273,,,0.07827968409718089,0.06615370326862009,0.5024898186932522,0.09951180219269755,,,0.09461374591285222,0.6087635249423018,-0.5150928824597251,,0.2730856231364811,,0.3403259535458365,-0.1932866996127624,-0.002633936652090274,0.004645741941495315,0.6856355004457341,-0.0020117012409588027,,0.004443118323651145,,0.19070923832114436,,,0.06368354253017193,0.013650127160690927,0.03937887018123747,-0.11421365403430248,-0.1459034923312871,,0.340837092389894,0.2580883016037713,0.07443088489925838,0.002520926770544244,-0.19531909001953562,0.07796039965365552,,-0.028653701899747197,-0.016948618260073853,,0.0011638078609651705,-0.008287997845311212,,,0.0702905789749233,-0.10745773270881244,,0.42879216218160615,-0.25122667240297014,-0.20841855456500263,,-0.05064047186289122,-0.04153917264540604,0.034117045701572445,,-0.39958193196293185,,0.008469558982075001,,0.08931156417091587,0.07769362002502067,-1.2420649989415555e-05,0.020535798681411963,,,,0.13748146508483883,,0.005868065607298715,-0.17675913050453873,,0.3059160164929196,-0.06560009225201395,-0.21157367603736607,0.6432399027466829,0.07995082550946275,0.012818871592241073,0.10032719979910891,-0.0023110269398669567,-0.05336438288886605,0.009497994459318933,-0.27110779618159203,-0.9951118108621001,0.16984857602874778,0.10285845344878074,0.014283619859656767,0.001375675849959044,0.07364185120232111,0.3403413645802403,0.010007610472258711,,0.43764930237276206,0.0344045320641411,-0.0005928137887318812,0.024434579657183386,0.2682900243290658,0.055313065196081125,0.18613800622753193,,,,0.257556849718636,0.07043527611989146,0.03690927020605573,-0.06570634578755823,-0.2349109744615589,-0.002024906842235683,0.0016709761313768298,0.0063945594312685,0.035834991011700165,0.07787821812550676,-0.10867877267346564,-0.0588594896972291,,0.1101876716404094,0.18909690733965134,0.048926312442394655,-0.0862930668233619,0.08494258067828665,0.06231949952698648,-0.006541285578688879,,0.043945595140862256,-0.34631634944394374,,0.11232847390180535,0.0140357957115426,-0.2808846442975215,-0.07994178892022044,-0.22521348076615663,-0.3548585212903985,0.0280356371075434,0.06619306686214287,-0.011462794042897897,-0.15123642847820787,-0.006505222158035948,0.016593368582023937,0.08115075997969991,-0.6130158066278352,,,,-0.5484104673985403,-0.6104344644733877,-0.839901761204958,-0.4611785990833105
2022-01-03,0.04592417615459267,-0.03553785179949156,0.4451892025054053,-0.003671477018711448,-0.0022096093893713403,0.07915324458016407,,0.07537410505960179,0.22381495988641462,0.2279430574008765,0.4287249444222756,-0.2265377824533857,,,,,0.00019017885021473186,,,-0.0002819284765563511,,-0.011798778740915939,0.05774595544471032,0.019766552038506236,,,,,,,-1.2860757399788236,0.09755783992671269,0.3363938120859162,,,,-0.36033905879528233,,0.06151192224484353,0.07242900527960944,0.0772832280442817,,-0.042772887097110246,0.3453884561151665,0.06998653486730848,,,,0.0009596969485828511,0.027737309438734883,,,,-0.024998622451228074,0.03703472447282756,0.24907285388097458,,,-0.20221728751694734,0.18134999589481807,0.10111390527260855,0.19333179233506412,,0.07121707969533804,0.28804524057352987,,,0.4486313697964392,0.2758350455159672,0.06041750242283496,0.10937619485182157,0.07114508469196604,0.2545090836856794,0.08738718961344659,,-0.4870551504482757,0.12932314454490415,0.1694126678336638,-0.06841928663939909,-0.004260742501436464,0.05819179694266837,,0.05332244219085953,0.242856726410531,0.03833803348353389,,0.017751640560965735,,0.048753593064991926,0.026352166029747645,-0.15093326552942418,,0.07453968927875884,,0.1515599500129033,-0.060089041815586906,0.09096989105404255,,-0.0014498836743713451,0.4349282664425179,0.03952201652150024,,0.03853612404445722,0.021195326736626496,0.01442069772610275,,-0.5075503905442282,0.0053775683962941166,,0.13635298180682154,0.024139212446335757,,,-0.008421048651204771,0.0687396335639848,0.35805240419785456,-0.26603440299920644,,0.0029152956462353092,0.0029519302916964666,,0.00239313573744697,-0.7207155060113053,0.0630848104168651,0.11387302489710568,0.45099045955320943,0.13074065176752428,0.11162110974833868,0.09853821351652357,,0.030901324246402788,,0.01880128890685137,,0.09479680427119197,0.0015189345950684739,0.12021763206473011,0.04587209562056302,0.049035447295224036,0.21815407838072767,0.11638204045528612,-0.21739911823226052,0.05751587658330478,-0.2723336829249152,0.26540254012523806,0.11254483762772555,0.16155021147956353,0.12833338766137203,0.3552093732948618,0.08062641800792693,-0.13859239799281184,-0.34847306327188754,,0.4891929449237149,0.06301459668520627,0.6449111855170875,0.07797228851600095,,,0.3908385957607546,0.017215301242684784,0.13897693080569015,,,,0.03932300797479817,0.021542363006978555,0.08794864928410358,-0.2659817836159124,,0.08406591707675076,0.0037132449799940313,0.7187427590979064,0.028158348553162352,-0.002441250646598209,0.0028441896783507553,-0.03950695636925009,-0.8302596151700492,,0.18683379665648836,0.13145671060238345,0.03451405401678919,0.1977701028225466,,0.05232752668231781,,0.13778368761555,0.05936351930859374,-0.5922702855467747,0.2751122196853952,0.0163709549633848,0.20773637397079375,,-0.08390871106623164,,,0.40457635861137287,0.12657894242152462,0.1250783725099915,0.15511514922690411,,,0.1417453276551404,-0.7355740470063463,0.2881439263509726,,0.051954765387698595,,0.03388589978405808,0.5527582489846768,0.04786828365535792,0.06394542922187264,0.2508617181765982,-0.007312313997571115,0.019372155461112497,0.09216305763167423,0.029722491746887264,0.051860106896792435,,,-0.00012732264838112475,0.007233894895099682,0.010993923367352762,0.11539362604965937,-0.26603463169672564,,0.10202424568523773,-0.2666012040440175,0.21300009985218946,-0.0006434855172793024,0.07192412351245416,0.29586290481250954,,0.12875444800295321,0.019198221691626497,,0.0033475993578569235,0.12487111637923434,,,-0.03125907621486833,0.4102854401323344,,0.09507313436687623,0.04415445569962836,0.11735427942917022,,0.04761040858938398,0.0036940317870855274,0.03957269297634627,,-0.13701840290778977,,0.04031809093199523,,0.7341179681573291,-0.162185095244455,-0.03750404419344599,-0.010523579071191832,,,,0.217776957366776,,0.0029232048844382986,0.01899059801352688,,-0.045498812181647454,0.11628770291937479,-0.2321771092294899,-0.033156722269074256,0.0044564021982947824,0.004502458862972552,0.03427135957602115,-0.0017431785598449366,0.618428412633844,-0.11541101463418564,0.059616495124565454,0.08620670333786427,0.08464267255591265,-0.0122381200848856,0.07318911670728398,-0.028862732243626343,0.11888627602048739,0.15066425757617097,-0.01668898290758781,,0.22311351156453957,0.06683232670103292,0.004486932096356309,-0.6677104848704164,0.06471711618686064,0.09301319252299202,0.07196731379147066,,,,-0.3897026402207011,0.2707566145782003,0.40843166761921346,0.12259137677773378,0.29365465741962826,0.07041561194862883,0.4841090888807067,0.09148812321477981,0.07693027292738341,0.09942369492452598,0.09324006308669046,-0.29162416139149194,0.07281534348140288,-0.26036877355175375,0.1920853211499892,0.03747824486633994,0.01480317334024731,-0.14258562084488832,0.02752856426617458,0.042272066443108706,,0.08687811579683,0.1901443537519348,,0.5061417757803132,-0.024536485304480674,0.16127948437991024,0.09534667589910659,0.48010096868350344,0.097549972718943,0.050086299810465605,0.2903178370305946,-0.010168496466473203,-0.24131069831399898,-0.15413992182864944,0.01458820357538732,0.1962250297809159,-0.22731468857994927,,,,0.050410512337835646,0.08395092289608429,-0.17525556650987767,0.26965745641323186
2022-02-01,-0.21928754897319747,-0.0185174898349449,-0.2782357330912937,0.004568817536351633,,-0.06852389078926524,,-0.029728151117848618,0.4824177179952535,-0.010080754001023415,-0.0008858525431952764,0.025450760233594757,,,,,4.9091404107998917e-05,,,-0.12999450545364874,,0.1915873179622143,0.0038406102206155817,0.041150965001711684,,,,,,,-0.05199601237064168,-0.02027841111954723,-0.2944546084976683,,,,-0.1853970345843447,,0.16379262597878969,0.007628657347382469,-0.043539295718984544,,0.38854159573854097,-0.034905410263633495,0.1848289771335929,,,,-0.005935459943637883,0.10880741702644728,,,,-0.019609853380950712,0.3793766385908325,0.19712823621679854,,,-0.022770312434752554,0.1867821383479391,-0.1785840525777285,-0.2350894374302158,,-0.021191796570843222,-0.01760252636583295,,,,-0.18176040320411826,-0.03488039583359895,0.012043202335287191,0.31641695628783884,0.8421736434029382,0.5557187742422173,,-0.4115027765672913,0.16996787642511987,0.17645473456097116,-0.3270527035513183,0.0028966950637644116,-0.016235046665779563,,-0.18664092541080257,0.5237675677928941,-0.029639540154494753,,0.012624259474906493,,-0.057387001865065415,-0.037160079115641606,-0.4277059483870523,,0.0002496347858140076,,-0.026823816470965663,0.09762775944729497,-0.1442931193130163,,0.34594800020241834,-0.036938472439789254,,,-0.0021117655591429765,-0.05566036368039406,-0.029618865624325995,,0.286608482568386,-0.013935054964535508,,-0.05276693201529793,0.10245864349199234,,,0.005755395731892897,-0.002899297403170642,-0.24653260237598765,-0.018228361492339584,,0.02772725800632745,-0.309625344625827,,0.002913226367941634,0.6578297874528932,-0.06552432775771898,-0.055879390974112174,-0.005605186363871305,0.300713005184875,-0.258134733377214,-0.06662242603897854,,0.3238599650777951,,0.004616117311738694,-0.10461833984586391,0.2470938012600498,-0.00744842262571024,0.021492839610752854,0.03483995007358941,-0.049052887713653015,-0.012684791248517038,0.02037395125907973,-0.014817960948662508,-0.043656500386452565,-0.11985396653461533,-0.056650021161632064,-0.06350158030498881,0.014298025217376456,-0.7507884093097913,-0.0379220662705443,-0.08565419565969001,0.17099051308567115,0.019612328683051995,,0.0028583709637966855,0.14476411537874315,0.07266168567012149,-0.21350105304147937,,,-0.017427390968795566,0.038237141431485454,0.029379496495375784,,,,-0.1039930956892104,-0.0035306616079252354,0.31015901634441745,-0.1020503712941643,,-0.07333190341491982,-0.1359553532720092,-0.08648751452401646,0.0031278091285116367,0.02582340325294586,0.06431088193695478,-0.18887760936599804,0.044019654228330055,,-0.024089655306988752,0.5014196957445676,-0.032562158104282944,-2.050490283550913,,0.00681597689887873,,0.4237384240254032,-0.07977434602400738,0.11477422307940496,0.07790779510237412,-0.06854069215400342,-0.048944286306260944,,-0.3997661339111076,,,0.09012436984538262,-1.2972953972746029,-0.2147321211498493,0.47603212175679627,,,0.014660891715543321,-0.1831417564234278,-0.03297206700900797,,-0.062425180854444595,,-0.8017531366318049,-0.0417418100082442,-0.03494609642877569,-0.0581236984474897,-0.05853164729424852,0.08157694408101833,,0.003431090498002841,-0.008225096637429447,0.06998670253141276,,,-0.01974709240264426,0.18866285618480347,-0.11729720392098407,0.21136698745782279,0.058750390853147746,,-0.03830083057154824,0.015418543702269243,0.012809911278758072,0.07041553301297726,-0.024705312629498835,0.13682215474040765,,-0.051334457212471485,-0.034608874893123705,,-0.0356898890777912,-0.04588249539951178,,,0.00557732859718053,0.009782285577679193,,0.04565859181688052,-0.02123368170409805,-0.17402702935824277,-0.02731788713343499,0.028915384441740792,-0.011865628705926863,-0.0039225193232240805,,0.27256857750451474,,0.013305511862609707,,-0.06990893638770711,0.0778917440428969,0.011212101958521662,0.2261528085374179,,,,-0.01619595982044112,,0.23818747227099737,-0.019824722553516007,,0.31017852406225443,0.0940769635587075,-0.04612487325162539,0.01618660811380503,0.05218328912919539,0.005568125495286617,-0.028838673589307365,-0.007839709572395315,-0.060743078627960356,0.17150721442994754,-0.027079168193074737,-0.05664547175465702,-0.2683425899963207,0.06824713440418372,-0.01883875885177455,-0.2819887602047146,-0.09570624566571465,-0.3033903080433985,0.2506584530996929,,-0.0660680973333907,-0.023122334740596457,0.023769588853095047,-0.056895761423178606,0.007586787060050283,-0.02850459976856993,-0.05248129916705472,,,,-0.011599962032486047,0.2621512791516812,-0.05007403403246847,0.1358332323805086,0.009784220089190334,-0.026248026443696743,-0.004958267476229086,-0.021581474920779976,-0.02186328224700702,0.08753926998073677,-0.33310156323129675,0.00037464352913527555,-0.019879181974126813,0.08855045291400301,-0.052523317146607205,0.07323836741021429,-0.005386949875502155,-0.412835817262165,-0.00886969815085992,0.056855338343290866,,-0.05107784338298655,-0.029619664596252808,,-0.04719164715425464,-0.011859326960079884,0.029380625466842926,-0.1548950864225233,0.039367782085428404,-0.2213137182666169,-0.1702048718943217,-0.3238036964161918,-0.026350597927570836,0.17432342238986268,-0.07370369094176168,-0.046374734424120725,-0.020628576620466636,-0.6767692880040591,,,,-0.061009274363739686,-0.06400540161221904,0.05490228926313614,0.00902840267916733
2022-03-01,0.00806575976766411,-0.024548829025979043,-0.03604289601647553,-0.005387042386143261,,-0.022439981946244938,,-0.019554243353313894,-0.018889722533308652,-0.15863267502378148,-0.8177343572463144,-0.33852553891380743,,,,,-0.00025499466705804024,,,0.005785804081772232,,-0.03642966498352526,-0.006879528125988977,-0.011779241423004062,,,,,,,0.12984262423034085,-0.006406658648616504,0.011264116059057815,,,,-0.05172807342038495,,-0.012715884136855966,-0.013161414901908784,-0.15271898982458534,,0.28960121942464845,-0.3946581845250128,-0.05519976189986695,,,,-0.04069110796450824,-0.049058996617746105,,,,-0.06034902386509432,0.13785968202270135,0.05998375332327144,,,-0.06248810313563626,-0.11230675473389436,-0.059304973892522914,0.1432384930366688,,-0.09701146897665854,-0.05878008451559498,,,,-0.2692153447156026,0.13339112121418284,-0.27732238174933205,-0.02943012709622772,-0.8122898901274279,,,0.008851418058553657,-0.047004130083284426,-0.025162557812456802,-0.04173752280071756,-0.013273850892094315,-0.0016447752609693193,,-0.02768702090391856,-0.04862356850717637,0.264266110301166,,-0.09943892799963491,,,-0.13072996845601167,-0.0505250292589253,,0.00011515929566356453,,-0.054373890687064066,-0.04231368276957785,-0.028819215368915033,,0.0610394040387399,-0.01839550151476272,,,0.06153545805927487,-0.0042209581758331045,0.039933983509752205,,-0.4456470987653191,-0.10787842489541807,,0.03370349685135586,-0.013133271179030888,,,-0.015260124793003527,-0.007077738979178752,-0.1014060531833356,-0.04615721263954325,,0.0004060774286501344,-0.13373519823187663,,-0.007029052560919252,0.4933970203078517,-0.0324622361034191,-0.022928267305143458,0.04223350385479631,-0.024370295208336112,0.2666164038948081,0.018234837119118996,,-0.04833745332944299,,-0.021727957205694436,-0.053447924155276834,0.2845698204175033,0.027143814177289335,-0.02278258529426831,0.1287616402856069,-0.009646937575825978,-0.012816180558375198,-0.12628540192733448,-0.14974269589328537,-0.08156457370321482,-0.020120136415330343,-0.4157132441268933,-0.30622350671944176,-0.2270802968812688,-0.02485764974794335,-0.042638723841349535,-0.25500326640297716,-0.015512408324655454,0.07396924900938916,,-0.04676450786921444,-0.039091630837711173,0.06462762689611173,0.2699782458558465,,,-0.33260229747846265,-0.02018816327688522,0.08508404031155517,,,,-0.10641511410661521,0.030093492862078297,-0.5336072367900853,0.3229364744247398,,-0.5373740615114944,0.14033241904805047,-0.04551281759418073,0.002692859701950084,-0.0015656150337082049,-0.00658321940833786,0.05895392033965652,0.37655235965747674,,0.08021072367317021,-0.4296672042242373,-0.00975821539879368,0.2143194028369405,,-0.009077867319933342,,-0.01615999366007859,-0.8226367387445614,-0.18013827550901945,0.11296959206364521,-0.20908345382247956,0.453623940389378,,0.016040606171425314,,,-0.6587389921606974,0.14754924960102275,-0.015291614407784513,-0.06307668654818561,,,-0.034602921315647385,-0.021797425466527333,-0.024521063051533707,,-0.031448891862798485,,-0.6969343773558871,-0.12127034084725077,-0.03338772048887644,-0.06002347152377683,,0.15516173178771603,,,-0.05325644853562352,-0.023102184304631207,,,0.021148112694194192,-0.0026712163551316235,-0.35709497827846054,1.6982082604143691,0.027036591871068216,,-0.09863473561624932,-0.10341281393885104,-0.4549854811081371,-0.010129430128500157,-0.05287623174540014,0.11703349193482461,,-0.33758145566646675,-0.028436307109846022,,-0.005504451617280687,-0.020730170635997466,,,-0.0947651208007906,0.051205517202090975,,-0.016588255672500815,-0.6349116383153931,-0.0190074364168882,-0.04467256540544768,-0.010585242153231228,0.005373115984960183,0.0053233191086297146,-0.03181247460841593,-0.645434734171586,,-0.008646578488841462,,,0.003390706717466597,-0.024074182461312436,0.09518443223700428,,,,-0.032083002817989,,-0.013082393570707652,-0.03171259065857859,,0.11532754307462968,-0.006024513178547417,0.26823736954269795,0.10854376095700347,0.09964872445479592,0.08625268588383557,0.016911620634971616,-0.04396663257985427,0.25303046055598905,-0.05122312658545054,-0.04449486379909351,-0.001235658504875196,-0.041164161948780774,-0.0062634631863419474,-0.19029238721573719,-0.04079838199426247,-0.03379359514944172,-0.020264234350568632,0.22289871621825463,,,0.12517638575916248,-0.010585678679607032,-0.02430145123792962,-0.06304508170215876,0.09792116954459223,0.40041824504416407,,,,0.23837995932329903,-0.02342423307193039,-0.008677518665902597,-0.03182290177337537,0.13768979108524002,-0.0734440717761552,-0.016266018236488322,-0.04124954127909354,0.08943477909043583,-0.005185455840688052,-0.23241789562102974,-0.05730545188127635,0.003713401295785143,-0.013269645855035605,-0.01904351067349832,0.006452213797729407,0.01790403712444489,-0.012591944805531647,-0.012857387758464267,0.2937441641076501,,0.2420189796214064,0.02926287481590271,,0.283460884184765,-0.028585093473936653,-0.038709230774322916,0.08408475142472156,0.0008670528158478599,-0.011778328443328824,-0.014079066841785191,-0.02936409697547332,-0.052527772899073996,0.08273167841647289,0.24383778996336172,-0.031029452474649964,0.03018581110561616,-0.19393085380079597,,,,-0.39865894158698517,0.05803515423087777,-0.09687481520017731,-0.07145317694010443
2022-04-01,0.0682543417527498,0.2938259093134249,0.0991019390451648,0.022867443905034014,,0.2127618361687125,,0.07059396752494876,0.08642363736361443,-0.3476372664674783,0.04198584368543258,-0.1707330884771691,,,,,0.00025735914851974975,,,0.17523980194573857,,0.04370164759322221,0.06458771131792017,0.011055595603738859,,,,,,,,0.5345079930171772,0.18552908910375776,,,,0.07434845958199843,,0.065051793179974,0.11761547460979084,0.07385839335203478,,0.10093842871145617,0.09333827137840256,0.4550001110132899,0.11706274839998104,-0.44644288579125174,,0.12626199591790152,0.25041846014959235,,,,0.10545620269673445,0.14451202344203784,-0.21523165339197525,,,-0.1084358224769993,0.09771152916522378,0.05689798137937701,0.05967529036443375,,0.07595982449592067,0.0979706899623407,,,,0.3880088769364656,0.11706603478900632,0.1712074601977247,0.07670231045619041,0.23177052279658358,,,0.054916445035687184,0.1165801802856712,0.06850109877246267,0.13149568416797425,0.13015740469900625,0.002271293515268129,,0.07584798306885902,-0.06111195805994078,0.07602181241091321,,-0.10846949716178814,,,-0.36559745441140556,0.09951444638949122,,-0.00019986591646739912,,0.4391491341626216,0.04820642397275536,0.0768821056229875,,-0.45454638223587146,0.08789599090728742,,,0.03589580989549775,0.06852360009271326,-0.03707213971907088,,0.025631310159396806,0.29208356042171774,,0.3221263018530793,0.11549885999229945,,,0.01761853722646493,-0.006933702108540556,0.5286178214240015,-0.1500542478040517,,0.06017340279575267,0.05302098508628961,,0.03044224688688413,0.07834805738670854,0.04609441613462822,0.08931371365603076,0.22785596654305668,0.5538869531117399,0.04453788306215838,0.11569904895085845,,0.8914214049144988,,0.009704589436563625,0.3055161546363186,0.07074232617011825,0.03180594384278478,0.07363072178877239,0.07177216358193274,0.07036790814047772,0.00888571037308367,0.07349550729542145,0.022606554843996315,0.004800941225513071,0.0072294332645135,0.1091112681432543,-0.10803060206295886,0.014850576469858386,-0.3720757491023869,0.0698795890743272,0.12493805129407054,-0.2248575631612418,-0.1410365632231844,,0.42598278915594506,0.09651979791118769,1.5273415174199922,-0.09220206109457518,,,0.13854482707152904,0.4606797301309348,0.09581893471586685,,,,-0.06473472774338451,0.06673945865756899,0.05896918204787828,0.27783950518297906,,0.11410949738794512,-0.09521088380830982,0.11884471647430628,0.00890528982458177,0.04369024770392944,0.014570755288859294,-0.04970062819135496,0.08940077940287208,,0.22304368979402775,0.07030233199395759,-0.2486485605659558,-0.14053225085025664,,0.012959507532923563,,0.0706579627575256,0.1591146892607335,0.08091455454783844,0.028975514542658072,-0.20702859796808637,0.38255861725063767,,0.06251314161838417,,,-0.5828833810761218,0.09190742780757165,0.3504448651189826,-0.22725225113275543,-0.2892320068474984,,0.0886784746616433,0.26655622344767266,0.07641073420469088,,0.02344757033962279,,0.1031184291075724,0.07844115308835486,-0.07470739884521342,0.15069602350252392,,-0.24758054255650466,,,0.019452889814421944,0.0808899606781323,,,0.01099583660532605,0.10805147674498955,-0.2761780647984087,0.03963923660613735,-0.34035230620309154,,0.11351069302819473,0.14333081571394968,0.12492356053922485,0.020140561695655333,-0.07284827472591125,0.08615453208114984,,-0.1331925150828134,0.0917548223796785,,0.012582725021228178,0.13672226591742265,,,0.01695058164274974,0.04990326505968134,,0.07318871066527168,0.2705729874633678,0.1741167272914041,0.09325103215054813,0.0776559747257885,-0.009607390124979546,0.017867707141806424,0.0898153733146782,-0.009855712027906905,,0.015714751784782426,,,0.04296536658215096,0.32016393819592953,0.04083575312413322,,,,0.1627122336433832,,-0.09622750133886306,0.06885232604040648,,-0.042416241489344815,0.0947669269451977,-0.3289219622279285,0.09892517101117586,0.23002154778488254,0.0633711609278899,0.03581227990043918,-0.12742542341958116,0.21028854200496855,0.07423566469545134,0.004526526980292784,0.07410481196067636,0.14045240516127902,0.014525054282257458,-0.19481609233217206,-0.0703412055142365,0.07220215534232734,0.03290461013986356,0.04974653054526318,,,0.3054506298664271,0.022725709579812795,-0.20396726272730237,-0.0030727412133466723,0.07132515887542763,0.10489457285221461,,,,-0.16871977475459093,0.07451051346727966,0.06901693683734135,-0.4696608108492843,-0.1205543178753937,0.22958845543912668,-0.11887848380231172,0.10403667273309225,0.086192925748883,0.04638411297418111,0.07254393330247616,0.06925091773100801,-0.0035408597665859756,0.06960794937681418,-0.01586796282977963,-0.09303674895807906,-0.0016174424674842598,0.07376172757394259,0.02293280351155473,0.08318952334922848,,-0.3593147871840293,0.4152583159454679,,0.5376435799718148,0.11963333085502911,0.06786952781693162,0.2076290963034841,0.8610930333501262,-0.17505854779569582,0.08047972013925926,-0.37632713001664325,0.05866499352525999,0.04932132947491047,0.10442660876040268,0.03007379171301561,0.016747292833713172,0.26244166972629224,,,,0.7248981842422941,0.25449916293879155,1.1334687105223054,-0.46572902173234026
2022-05-02,0.05938705163819703,0.01966860661467465,-0.6677706395672478,0.035094192598115616,,0.2516327840498331,,-0.012099051933608985,0.049820660659951874,1.4676016384364665,0.020265104754062183,0.043639796349208525,,,,,-0.00691875877970429,,,0.006828676734752724,,0.034381836916119235,-0.11687179831936044,0.1941670736398982,,,,,,,,-0.003903035805489989,0.21905157109455434,,,,0.030142411244393767,,0.004764124760915658,-0.01837952370111039,-0.15026369781766644,,0.05707886613519482,0.05537978570834497,0.01763696391697711,0.26023060910679957,-0.08040982911413311,,0.0160273202982898,-0.014563160699344463,,,,0.01809466502722679,0.0641163873993779,-0.21949087335148232,,,0.15955345972946364,-0.15626459051429256,0.04014830166960835,-0.1965595450514495,,0.03165326724260274,-0.3379054067441523,,,,0.050617399408249136,-0.011587201879531325,0.04474228378382661,0.2494217775265659,-0.3442682482301987,,,0.0408066839129073,0.0473053430912244,0.040160701383382534,0.029281489244073693,0.031954203791714965,0.0010586564856919487,,0.024775599932857474,0.9058038149698469,0.1611372359158343,,-0.007876280459392631,,,0.10305266645334,-0.05553320877547867,,-0.024965363509732753,,0.6411926895544395,-0.13007155754649638,0.07887038620928072,,0.48667950744565774,-0.007930683363788783,,,-0.11752532011331816,0.044940581247655584,0.010901814034674114,,-0.24654521017565936,0.019648706402081356,,0.20205247784308047,-0.03333943389186631,,,-0.0478823792341846,0.006203085518770469,0.04847168361679456,0.00873931523800295,,0.031913707354331626,0.3119110933384956,,0.028441941135544786,0.45118298720791405,0.06203289751497984,-0.003801036669629892,-0.0004225631153605986,-0.011685314785965278,-0.014766320029135437,-0.020321918482593702,,0.019540183835794363,,0.01005118327661818,0.05426838315377069,-0.5212697100888211,0.013215702128054195,0.030690365658334957,0.10432228738932232,0.009503122786107703,0.019207763885256246,0.16288682689096182,-0.07765517993321762,-0.16190229475181964,0.028259739755337986,0.26241340135675423,0.014116764959234161,-0.004826635753896949,-0.010489790980672507,-0.005991434740625153,-0.008943234743392519,0.009963838810411577,0.03175272292137681,0.103640455551459,0.05648620800098342,0.29285146191532263,-0.2591128700658042,0.012733010507182167,,,-0.038083551594825744,0.028394159040121866,0.37973066788792065,,0.055283546310042744,,-0.06660202973904562,0.05098732525096268,0.41179271279395807,-0.19699657532661619,,0.11216707599044298,0.20136726527735865,-0.11621486663112865,0.0032710811830894988,0.14470784141804813,0.04816410325984445,0.014675530137138591,-0.0016175349014041426,,0.022175494696215263,0.029531167354742656,0.20455742450990028,-0.26754590383293314,,0.01031209344066426,,-0.07883562879595735,-1.2857422092613962,-0.09030072352969713,-1.5443727671726133,0.03574342675176504,0.021269621350814907,,-0.15533806929435687,,,-0.49509194489595715,0.03705773455341117,0.039173376790066244,0.06382048365229534,0.10384589476111726,,0.014616205883718938,-0.02664999305860577,0.0019213486611093476,,0.03613607234429343,,0.18735170726050068,0.3283245692898212,0.055842243522333496,0.011300195781477838,,0.08798093713711533,,,-0.005092482533322956,0.007138417750234505,,,0.0008561018699309147,0.003993287002653534,,0.02341921491111103,-0.1601575340595999,,0.12459033014905865,-0.129661809843216,0.0582040982015342,0.012944678212544487,0.012193247630704195,0.11822147809776742,,0.28026528631796255,0.2121390429705283,,0.011935162398550298,-0.5423681130445922,,,0.011799419419267342,0.040017503052291174,,-0.0949252143941027,-0.14679747404077673,-0.01684836686273624,0.251493872996324,0.010919756321873331,0.025532159160193822,-0.00396403061133078,-0.10262482788358156,-0.06977201862387732,,-0.0072918091716587495,,,-0.007507517544606863,-0.11913593675874727,0.09234782394039592,,,,0.37644130156666544,,0.18675208354959996,-0.27772643225457655,,-0.020216970416572236,-0.008744089825488908,0.030298389307659813,0.46289576436181556,0.017359440047175632,0.13456532198252205,-0.012614346498221074,0.023459201934529175,-0.1611737574725055,0.0895329991002797,0.026789586629429867,0.06506820025877749,-0.564317499182146,-0.07713378548967237,-0.17085586326288815,-0.3584546102045459,-0.12119655654756832,0.030635738330306393,-0.05909961767895221,,,-0.0067875138782964636,0.005178345379988202,0.5692062861188595,-0.2809934514616524,0.0014796650408304734,-0.09735127304728425,,,,0.02036466246082429,0.028120960324536603,-0.29161291964456243,0.6156447877507308,0.03475449179455122,-0.08656445138567162,0.09281979988925698,1.0029385905580923,0.0462218436102676,0.007244718509217965,0.12328608353409128,-0.6664722407969731,0.16415178631378968,0.030166688896431586,0.018775955614852173,0.04944664775526751,0.07242382410037064,-0.0035822709432939415,0.0042491297108147134,-0.2539246200452604,,-0.0017120080469021533,0.42671567127308196,,0.013606574471308044,0.14673293969614326,0.03626119591694373,-0.16711773359475607,-4.9788031983275666e-05,0.030220317859898534,-0.00715126113153613,-0.12521407387377584,0.053918182750470806,-0.17186263387020848,-0.2676833223625028,0.027402130738555353,0.09593873082515463,-0.11395103853636487,,,,-0.19652844778818948,0.0529840190280969,0.028611607975021304,0.4018200728084196
2022-06-01,-0.14583185498876955,-0.03374725587157462,-0.09628112220067786,0.026413218915519263,,-0.3858330588928802,,-0.01668379727370803,-0.7496595104284391,1.0882181248263472,0.05585498064211839,0.009838876652737338,,,,,-0.0005888911573103544,,,-0.00842452605128419,,0.2419816196656837,-0.006643740632179114,0.0222591622962171,,,,,,,,0.19273218693011782,0.2719583897285984,,,,-0.027782637379890267,,-0.1166656647745932,0.006671225969877493,-0.0722186215745009,,-0.05256821408230265,-0.011902097445009096,-0.3365917519756008,0.0823952000914355,-0.029518110389831147,,0.012265946172298828,0.015985603117374868,,,,-0.3282327727124898,-0.018610308777220037,-0.04740203198238333,,,-0.039465373681631236,-0.03428327535367654,-0.4012354231831919,0.021725860514536365,,-0.028875161563240884,-0.0012885331586871707,,,,-0.16286433822383622,-0.016091561822765107,0.4096677094984464,-0.04255246156792395,-0.01872672512298216,,,-0.012556801754088853,0.018589986086798443,-0.0983277856067646,0.2844436551136146,0.018039738300422038,-0.01941584211085705,,-0.0019261581750685897,-0.09949816319206448,-0.002979178116969066,,-0.10588360874319644,,,0.012153082290848716,-0.23924605092401968,,0.018337770782650004,,0.12317378051504276,0.05038824296516011,-0.03214088049601494,0.28821972544784613,0.00434949837094455,0.0010905429767153023,,,-0.019787193339131197,-0.020281165341561824,0.03297093265332038,,-0.5004180559789293,-0.034112943590162974,,0.28833898864423047,-0.069517880446521,,,-0.007697669198283526,0.0007470445061003645,-0.010500045339577086,-0.10883535094400579,,-0.0072423100873126285,0.295844506665652,,-0.04942960552266767,0.6500718442954471,0.39048047475558206,0.15614350949811442,-0.05438102534726687,0.30845983766993024,-0.07239668842567765,-0.14098087141531568,,,,0.05331278544674916,-0.039644157500231536,0.24100389698385485,0.10460397852620325,-0.061293544812346605,0.1401447762546878,-0.03281511090397005,-0.11619108584151863,-0.0594173187576935,-0.04723817006199116,-0.03373095299424262,-0.06118132497631286,-0.009678143914468456,-0.062849076102798,-0.3108857596550155,-0.058928606439776585,-0.04678950110349265,0.10813144405966603,-0.3898333273945731,-0.14363899768528002,,0.3584566963190947,-0.2069838719317323,-0.08044827098297672,0.11349321237408247,,,-0.007633111573092469,0.02934869171953025,-0.02075307451329063,,0.27529828371613324,,-0.21698230305619876,-0.016997771497573512,-0.12927497739389618,-0.20559923061485844,,-0.19954163685222728,-1.4626109390853452,-0.4081040573717733,-0.00931542736680117,-0.01615049190130331,0.06546542288392339,0.5645472622693426,-0.29260880369581377,,-0.04868695833061849,-0.06751676458512466,0.06312132188630262,-1.5286127383100176,,-0.040761403484402284,,0.0015484963173634922,0.23645532545597825,0.038369773001358506,-0.136759185329515,-0.09543721742143497,,,-0.24792531120224337,,,-0.1421937089991468,-0.0669448034700869,0.1972646434762623,-0.09708420239863222,-0.07469929570167795,,0.40288442095608973,-0.05566680476521365,-0.03516344086936026,,0.0224861431005665,,-0.46585352575788896,0.16468651616832386,0.09812127050751891,-0.34562922041455585,,0.00531420998936916,-0.09268032935133305,,-0.01801653591202107,-0.005153488414484649,,,0.0022514929153688084,-0.008646778549290437,,0.02147443426380584,0.06070877180234405,,-0.07481893335091107,-0.8070305647890047,-0.1310994889350912,0.07850683502242614,0.14134828462122387,-0.013060457102366653,,-0.44205800552476693,-0.0002913036162535444,-0.04659095069018296,-0.006259638376351838,-0.052321496888487765,,,-0.0031112086676138525,-0.03563445671105697,,-0.04457977732378487,-0.033270756427071495,-0.43512955807495596,-0.048231919129465624,-0.03158403983527813,-0.0691922708538758,0.010851051952047441,-0.04733847178005192,-1.244960165536286,,-0.011009191541635094,,,0.040161358080507054,-0.1134561340813949,-0.0280796028119306,,,,0.016573868369108825,,0.05307380632603357,0.1494847091209646,,0.6160147209483252,-0.06507712454261515,-0.0711073096687023,-0.06433565102956658,-0.00978784982066101,-0.04697603766773302,1.8544303674315894,0.047140988333060796,-0.07512525710673293,-0.024025205283847457,-0.12720543520254426,-0.09571074111123588,-1.151347621518194,-0.034440034061948024,-0.017213991430457633,-0.038928286612021676,0.4328195850369019,-0.014290170641828772,-0.018376643137166956,,,-0.06896262650591051,-0.0013533387107391556,0.7314798625178783,0.040763725719270935,-0.0409918730365641,-0.25820221148601163,,,,-0.6652701996240271,-0.05733480292115561,-0.03388736099415399,-0.04833538977048682,-0.0512453759196257,-0.02992557463907886,0.05998854499547368,0.019969773505475352,-0.035419076947169115,-0.004545166634784159,0.08785300712890474,-0.02795358440227464,-0.05905150318199097,-0.06392567958325282,0.9103240947727511,-0.006483306281467862,-0.06037960384086,-0.07359696812464041,0.22092532313265592,-0.024116478989624122,,-0.09710535499761883,-0.7285992132677963,,-0.04296281624525637,-0.0069766038499846075,-0.15535533147417954,-0.06299756891299081,-0.08746964569642199,-0.06202806409922035,0.06649982311589747,-0.4936071804954989,-0.12139928236611333,0.04148080920108619,-0.20627594257987128,0.0026983559147884875,-0.2725849141755292,0.016712056249447514,,,,-0.07667045991353558,-0.015522742227474372,0.6342678138618687,-0.04831806685459414
2022-07-01,0.456890106944912,0.14922068242180336,0.004829673610593209,-0.016027821262921328,,-0.2842005571327732,,0.0872776875794262,-0.3483690192917278,0.029670196246591743,0.04430745912694576,-0.085585708989392,,,,,-0.01352094129575353,,,-0.008980653873228654,-0.09362807036114493,0.022300190414374872,-0.1682819863978118,-0.002908838211242557,,,,-0.08607559796540448,,,,0.00975748297103961,-0.07734323238226314,,,,-0.002816908928100858,,-0.018224130889591534,-0.007550533701551287,0.06286981852448974,,0.028737385203603083,0.08815794092868148,0.11549357222827655,-0.007936543669331789,0.37185254827010944,,0.023493963372255365,0.10914790057230478,,,,0.02223550424024224,0.517005585252566,0.31577469205402,,,-0.4357841128911681,-0.03994536602115899,0.05956340064417009,-0.03886148828569506,,0.042009337404693335,-0.21248951913974223,,,,-0.04183094132913984,0.054504783509884774,-0.4721861692561908,-0.026689813180387788,-0.16161564920223354,,,0.03348073188648366,0.7387204447661802,-0.011370814372907623,0.13689572746604106,-0.007169277403993268,0.05257106561023751,,-0.10714660175327417,-0.04043878518258038,-0.0006540751012918868,,0.003575185686905312,,,1.8071506252021432,-0.005428577984972156,,-0.0004627621465035539,,-0.09466815599958747,-0.046072907950295394,-0.2962973287027996,-0.3895238597305334,0.24697386812515626,0.19530890634953663,,,-0.010501235301784557,-0.012489535284894507,-0.005479963040256816,,-0.04558158907606191,0.02745889920717423,,-1.0860488423340708,-0.0945607290573581,,,-0.006139334284144163,-0.020960280986152525,-0.25029133754621663,0.18294465653716863,,-0.00702683647299324,0.17935387359546034,,-0.0030215551541753595,-0.007001026895828266,-0.03133764019266693,-0.1272935980393175,0.16717833751287037,-0.18759830263703486,-0.0057956886638128235,-0.01220705333941107,,,,0.02980343023597726,0.5991321784033539,-0.0298212547357359,0.0384508191772557,-0.528318323562547,-0.30066455811079484,-0.22714944845110036,-0.30476009185568803,-0.054196875418791916,-0.030670343110557455,0.10278341752051753,-0.12419702609496305,-0.01193459224519956,-0.007870453764170024,-0.028076928387847755,-0.02046247127963559,-0.022800185359639395,0.1271501694317553,0.02395841139142057,-0.05791355493825601,,-0.04789604930242873,-0.0979236704731426,0.06598710775810719,-0.7300212211260521,,,-0.24804800506244548,-0.001416486265011948,-0.04558897298428511,,-0.02770400043542474,,0.8613248508330368,-0.145123359603769,-0.16356453299436752,-0.4307545609000715,,0.004590475736886715,0.06473935659074248,-0.2152120890012572,-0.0010474026395472756,-0.009234216422192841,-0.008804697157613233,-0.02854088861852986,-0.012618723106366702,,0.2492502752302836,-0.06512528828125949,-0.0001609749851685105,-1.1040575456789354,,-0.0012184331691978629,,-0.03728386494968096,-0.1171862702010571,-0.4258992242259624,-0.7988688718456068,-0.04483875663985197,,,-0.11744567615578982,,,0.6283981094229415,-0.11994374693397808,-0.05974325696226646,0.3965281898697347,-0.007957146373575433,,-0.02675899059666349,-0.008000164675940311,-0.2105464328025561,,-0.746564771802759,,-0.1889325062078493,0.04918851447879632,-0.0027579058332276724,0.010084419261258989,,-0.0363169414971089,-0.01321331995109905,,0.48741847319975307,-0.010075711618083318,,,0.04237047975619444,-0.0024963658050613886,,-0.06422758616973198,-0.10981095742499497,,-0.013956367127726462,-1.1536574526088972,-0.022567663956075935,-0.006519938403504249,0.009657916398922394,-0.004009658614823223,,-0.05878572098920067,0.01325495291192644,-0.012013017722820702,-0.0060958098231876,-0.011107054958219086,,,-0.316914754313184,-0.01253148476103507,,-0.034671111667338696,-0.5968054840120777,-0.05572800814743917,-0.025182092155293608,-0.1067726295257944,-0.013689211745249367,0.052073031957367844,0.17000809599369238,-2.225676469294057,,0.02305117942759579,,,-0.03461541829112934,-0.01141073613172321,0.0009249027965370984,,,,-0.38726973671664255,,0.1430423963370682,0.032492236373643686,,-0.03027825958044298,-0.006092179749839616,-0.6469876352378938,-0.01456980079298931,-0.008382204642569405,0.20654505233406908,-0.01934102162218341,0.3570559243288519,-0.8432556974198757,-0.131110235196602,0.005923072109660988,0.016871963054246365,-1.1865356358651717,-0.020863679141414418,0.015952592686664928,0.11092109405398685,0.16756727057320153,0.01604140811192286,-0.12575738523326366,,,-0.02967486272742451,-0.031062368701471194,0.005701926647302543,,-0.021065785318846123,-0.40389852101662044,,,,-0.08805535252410346,-0.054330801088326025,-0.012322930613289864,-0.024385954145071546,0.5411957279735792,-0.03693939420519341,-0.037433072939163765,-0.030473121171705395,-0.018030076186700314,-0.0036230952474244796,0.18872075640090033,-0.04804623085628709,-0.14320923384305773,-0.05720442007276372,0.2589086094571525,-0.012029248243893427,0.020182705856002986,0.10687954247832109,0.23862904206643912,0.002247029244139178,,-0.38971035835443674,0.0735432567074244,,-0.757722864547243,-0.013850272165975033,-0.014118326018765453,-0.10496495776191583,0.014849516877090846,-0.04425397387402029,-0.47416260667626936,-0.04624784175500728,-0.024405605042937126,0.004136029549957733,-0.49106905894953107,0.22871492116036732,-0.09240009118755825,-0.1117271093311645,,,,-0.43060592247985763,0.25665670423808107,0.04647338801424893,-0.024538320034853903
2022-08-01,0.04894558085596655,0.0019548010238136584,0.09916956002847407,-0.16929397767109622,,-0.2860839216453223,,-0.008843063978205378,0.07266444316462724,1.1822692531705998,0.10981691106841959,-0.048365964356029474,,,,,-3.3926918011538084e-05,,,-0.04081581740857247,0.014627588809166895,-0.5415049097103258,-0.03618284749586138,-0.02872465071231702,,,,-0.013251276844363485,,,,0.011238503603048615,0.09380446413641637,,,,0.09302006196598356,,0.04857425844155373,0.03204350181069143,-0.2362431086567892,,-0.10381706765011063,0.04777823619623986,-0.01864292459130557,-0.18333929684164196,-0.0400885687321881,,-0.058931979509728616,-0.012322839680547253,,,,-0.019689548281724967,0.049846185779915834,0.3547361048501325,,,0.06240069594856944,0.30326028268694566,-0.00994271522144234,0.31290947715928236,,-0.07832422175636435,0.02274423365818859,,,,0.012130423508613245,-0.010787628736618099,-0.0007269657661541206,0.022369341377673532,0.04096156830973598,,,0.1083899444826772,0.2377310042390891,0.01668461024540122,3.6382541987725267e-06,-0.03565442902800397,-0.05358368944740638,,-0.2394157454693509,0.2903475985588877,-0.03071383552532572,,0.11161716679379015,,,0.0832277106781231,-0.000872377769019439,,-0.002266238897890906,,-0.002704580448888494,-0.02789170636987861,-0.20721382354122594,0.06846665879702168,0.09920056343253704,-0.009274435961554332,,,-0.00797011572154661,-0.00423467955805287,0.004125640272508822,,-0.027416673087557172,0.008207646199739092,,0.4289585912786479,0.0182986876234376,-0.4337654709695405,,-0.04948780395261949,-0.027954121384335288,0.04676479566206239,-0.33814797755014625,,0.05070162414534182,-0.07060678543649555,,0.052210470411744495,0.007723186523881936,0.05351211288654536,0.03340864038616183,-0.7088318662557366,0.16301334935644082,0.04600270544733414,0.059862028321052016,,,,-0.08520315848283042,-0.6216268674803399,-0.4794064888842938,0.039202418981330436,-0.08115099198661264,-0.1885102192586736,0.012665904087675093,-0.002444184872834946,0.5488472934716283,0.0009851876232876543,-0.1712784022376599,-0.0042934583983119095,0.04973206300149698,0.05063629905233458,0.044645570961973476,0.01022657834400086,1.0168418499759673,-0.5903182751128382,-0.1224753542292473,-0.36267053663029003,,-0.012405755881856963,-0.12602278400798494,0.8461885987412948,0.1695517486495969,,,0.021888039349992314,0.21179173100495552,-0.01552271004945207,,-0.022807984830422325,,0.1443021300613394,-0.007052069429973332,-0.638083792518927,-0.7173553938687096,,0.08881435158312771,0.21469836881184823,0.008103267060372442,-0.011953899699464273,0.018451675936297186,-0.025132870785232443,-0.2007848503804457,0.02361167028747078,,-0.6843053086818217,-0.002701589993468671,-0.0033439990503849578,0.09149398547031498,,-0.11820044410773566,,0.25944987196880553,0.1742638215117771,-0.02423076936906763,0.49533679002985587,-0.1494471431284396,,,-0.291669476138025,,,0.03950105202987519,0.03787542385555802,0.0027887047424823633,-0.08871570757243595,-0.05653861213477182,,-0.013827251670268065,0.05356894763647038,-0.07140274246273853,,-0.021886764710035058,,0.9376549535712291,-0.06756631966860167,-0.30762817150823163,-0.009131258101743032,,-0.020192143540886817,-0.006115178432828086,,-0.005805735871096527,-0.05218752263512147,,,0.01690225490637946,0.036382858536151384,,0.013436180393623397,0.022497891989631206,,0.1476667711715658,0.5059320894595295,-0.06905252351239183,-0.10632715049570211,-0.07683782009250052,0.04821723439920921,,0.04532485448950685,-0.006767630452881856,0.0020459939301414416,-0.025422400182268698,-0.20607166784692726,,,-0.007244654690125436,-0.3187039858634324,,-0.0034954748376831244,0.023310099049265356,-0.015535579613367526,-0.38876776744846026,0.03300799610658693,-0.03122301212936722,-0.005252136527843926,-0.013246975123547586,-0.9555557598066365,,-0.016648881263930194,,,-0.05481301088242142,-0.07261558426074598,-0.27463142711408783,,,,-0.009150827015803756,,-0.24209510566875705,-0.017715333156020193,,-0.1809391293434141,-0.3355917966880283,0.26494116464231077,0.03472498432627499,-0.04504851194671819,-0.07403428887671762,0.05361858310916341,0.08347686553273219,0.018191836309585745,0.48750499018943627,0.0026724491188388584,0.04351155539840632,0.06515671218220635,-0.041873263933391906,-0.004472782242728423,0.35165017648737973,0.30863636062336897,-0.5396440772775799,-0.017993200297110372,,,0.010649580529177333,-0.016287134719605995,-0.07016134202043303,,0.015445322077898928,-0.44263249402736204,,,,-0.05563464794026904,-0.015403789569701514,0.008895153121348622,0.0018710925370757619,0.2277467450641778,-0.03377613479667907,0.1407422662179822,0.2808577060370495,0.005345102127366793,-0.01486433365225762,0.006571128044795938,0.0046390440946051615,0.2520923012209642,-0.2753635904991064,0.41887759291658216,0.10827473777353169,0.010319531891028813,0.2520355320426932,0.011791853336178243,0.07451211748267202,,0.7263497888447263,-0.2163732753749175,,-0.04523414052861284,0.014774625049547786,1.0046174022235277,0.12866788896587525,-0.2560362146285587,-0.006167760930506716,-0.004063322775264243,-0.011065314319493817,-0.036052023448728945,-0.03914589115722887,-0.1764344241401782,-0.08483272919480155,0.25183143549080766,0.46586354169487504,,,,0.593268095661106,0.025992091779063,-0.005026489451876604,-0.024150382195462568
2022-09-01,0.34530126839731057,-0.05654327614721722,0.29452053312804616,-0.011788081453128246,,-0.04992944042046939,,0.16080207337326974,-0.2796025679267141,0.12285012642820871,2.311442828185526,0.02729475764999906,,,-0.15718048913448987,,0.006823827949160105,,,0.017989781913637683,-0.01233864707954791,0.3712759074539538,0.01248874725838051,0.007498318808359099,,,,-1.2501570330818241,,,,-0.06841460798664833,-0.00555010530397562,,,,-0.0506113264740837,,0.28285628760031545,-0.2712148503265119,-0.08388049851665279,,0.021730822329352487,-0.014444185278482277,-0.044752823015087616,0.1818779331518187,-0.39328626072492606,,-0.006013822804440237,-0.010155168360800836,,,,-0.06824690208978582,-0.083607111977985,-0.16104093005714443,,,-0.06791298074519807,-0.06176794294671022,-0.038560538576472535,-0.45199771148331047,,0.1731312142612388,1.5745343477333937,,,,-0.09898633528221652,-0.042723974661433205,-0.08998563797448571,-0.24148089037276632,-0.12149165601133485,,,-0.03780975663902637,0.1271172929765058,-0.14108941785136625,-0.04383786405254412,0.11734865130698398,-0.04023943013666617,,-0.04552316818203846,-0.18117919929147464,-0.042300105019402894,,0.012221324926471483,,,-0.06128998468156853,-2.3109225928935477,,0.0005721598146836842,,0.04862041534042377,0.015510754199392537,-0.0859770633251896,0.18456076945702174,0.2183062623098465,0.3228038781476095,,,-0.025397660249164834,-0.027609667282067,-0.014988247488965338,,0.43809130317446265,0.1985785845272485,,-0.21412972791700433,-0.11883067630174608,-0.050503612037750924,,0.020283814012585503,0.006321256719053541,-0.31067395360633066,0.6018954559613492,,0.15299190172774224,0.043583723712974504,,-0.002978674423526299,0.19904070054678807,-0.04982370709152252,0.02820694555237009,-1.0245759369867073,-0.6068649705804889,-0.12351454153271993,0.3144718726020982,,,,-0.009697740784440816,-0.10007967356463808,-0.6755375921491991,0.007758610180888308,-0.23803784033505174,-0.059068571742670904,-0.058505591547071883,-0.6844099293634075,-0.7521501377766345,-0.08917282667312629,-0.3016781790471342,-0.11734651171305222,-0.4122533743504613,-0.10579228311595822,-0.007304090107910227,-0.11936278234937607,0.3067988331611837,-0.07327089610908187,-0.09004506112393829,-0.11689368322856925,,-0.12865239289878241,0.7686892748363041,-0.008109306673312909,-0.1997731603558484,,,0.4662295050797077,-0.3601252472222614,-0.11470134086581271,,-0.3753663936692458,,-0.11650672325734808,-0.025475636281894632,-0.09991902077414848,0.4659531617522849,,-0.022531295694135083,-1.0147396951116878,-0.11026480114504544,0.0026654522556527763,0.1676026061240945,-0.06236220168563968,-0.05075070113695572,-0.09997683870073344,,-0.08258000587142056,-0.11526658024894898,-0.042611983395713024,-0.12429250129352165,,0.0036836723364885977,,0.4118738024546341,-0.09321358101540662,0.06052027587902095,-0.23485000100203077,-0.03646883362783069,,,0.09767741714911435,,,-0.41617234567171035,-1.6772993996512544,-0.11606699523505305,0.24768789924036586,-0.08877042724045117,,-0.12800424090427315,-0.07835354613829205,0.164503189929616,,-0.06177846037432981,,-0.1185595916070405,-0.05543755798116989,-0.006854688753396973,-0.04801929259960515,,-0.014920417018821474,0.009579928708445292,,0.0341442312213105,0.20712215097729625,,-0.038124218653738974,-0.05521320601272472,0.10819157866115071,,-0.20068803542943284,0.04054520825844793,,-0.11962759441095694,-0.9727744723806488,-0.101865338245188,0.29623547379131016,0.1309026703350721,-0.057201192238334114,,-0.12522988503528945,-0.02615131393398229,-0.07949226727725042,0.2193921598205136,-0.2923587689878376,,,0.00853849328334279,-0.23112495343651562,,0.1523367041640582,-0.31689496155898406,-0.12177282707646743,-0.0818520482437711,0.11928798150196547,-0.0727982378659259,-0.003207773792031344,0.8506804259223268,0.49407171749806866,,-0.003589828440673676,,,-0.008713736964606996,0.041193086984933805,0.04638468530002906,,,,-0.07509485234135613,-0.0007854675933330622,0.026712078492540463,-0.050063398905441,,-0.07811319219035574,-0.1151740306961502,0.06979166829956966,0.5478028101886903,0.024030994554802065,0.18536192893943126,-0.15872605172389012,0.06900524385689596,-0.023190235643636717,-0.05356047131641557,-0.05140030000054571,-0.9197965398860276,-0.1381386380019427,0.013437441849082039,-0.03660443105970778,-0.2909537240520258,-0.11953718517513504,-0.10003286985729828,-0.0592532374372227,,,-0.07073402228676196,-0.003542993375642221,-0.07172381773269272,,-0.21394548043990252,-0.01492723463349784,,,,0.2713030259127853,0.477280378951586,-0.056433427236785134,-0.5957573923152751,0.37740011287228914,0.18149657393804153,-0.49535099334216337,1.970601568286597,-0.07385574200452527,9.294352856565822e-05,-0.09076748538368623,-0.12427564217677423,-0.2659702136692631,0.2997430534330206,-0.08266359280356536,-0.061139252176429404,-0.16700900717129208,0.09255188505066131,-0.05293979363132045,-0.04262971926519792,,-0.4891664835881847,-0.06927484455575744,,-0.1428380338549214,-0.06714519722408124,-0.25644795711499047,-0.05225205295621313,-0.3037654943175012,0.183910638122742,-0.07719214773946054,0.14767901334136946,-0.016484450606095984,-0.07597625571531844,-0.04851287037565107,-0.03241716709420724,-0.1486342780023067,-0.21075499759535316,,,,2.4721216331594316,0.19912135952038768,-0.17399539632804156,0.519056034820723
2022-10-03,-0.1211151162932316,-0.03156398636892103,-0.4579341284507894,-0.005523585464639231,,0.03185797478620818,,-0.019025413661660037,-0.4636419561299212,-0.20387853652923427,-0.6494242663953009,0.38770723522362066,,,-0.2599690956242099,,0.007922087654127266,,,0.03329085286213901,-0.05176897654470436,0.023648169017586148,0.03057457581468234,-0.010970164134346441,,,,-0.015495761755538372,,,,-0.1843412466574153,0.15330571869791193,,,,-0.3291335776308191,-0.1485784248446055,-0.1900953915748477,-0.0069921686089088435,-0.040422376978852266,,-0.0230050601370474,-0.16840348641920533,-0.09109384392563466,0.16621726767089662,-0.25626246805126485,,-0.007972885533713801,-0.15527408509349216,,,,-0.06498608801054272,0.17631952453781471,-0.04875563361590542,,,-0.9072310317741829,-0.21180530823674107,-0.31404543643680655,-0.08644270412198034,,-0.5365994788848371,0.07727237066065314,,,,-0.11659265605787092,-0.039432758836794084,-0.07319300100078396,0.3566225689653032,-0.22252970518595844,,,-0.33373288983101485,-0.048196537617151355,-0.1035742673946809,-0.10270156363462503,-0.013409327353082017,-0.03471275746320364,,-0.006541991496879408,0.21880929050358455,0.1258333329232777,,,,,-1.4448366218133608,-0.05191290730070568,,0.02333378888668544,,-0.025898609689894866,-0.010246908450838064,-0.04190254909094205,-0.5955105993803164,-0.16491639659953097,-0.01394783401169766,,,-0.11209740158079658,-0.007568388342709164,-0.02155289389860132,,-0.13404936233321366,-0.03533654340899289,,-0.11653009850532518,-0.12874982716508498,-0.08786101025910531,,-0.017231981123331973,-0.06504349252160273,-0.10664253113256925,-0.07055078738198038,,-0.012403889676469418,-0.0030122528787821156,,0.005209996444560945,-0.03645475194932952,-0.05398733172140036,-0.0051463033917652215,-0.03299711002691899,-0.03184149071355874,-0.023692976197144045,0.20672468222975124,,,,0.047373768307302666,-0.5334842558738864,-0.14779750029040095,-0.28446338799771737,-0.08048456900169774,-0.01329061004675127,0.17849793667801028,-0.04423086111603387,-0.23815485761919625,-0.16997919673570355,-0.25816055366015245,0.2538644136100256,-0.11916388114472244,-0.009167806788904772,-0.04942130369975811,-0.012421132934591754,-0.020589283133410734,-0.010457358285421329,-0.056004533658553624,-0.034391898826415135,,-0.31049500747496045,-0.10332297539188384,0.03494592846149989,0.2651207153634914,,,0.020384842408459877,-0.08383925946821565,0.8942654873407697,,-0.37956083346501907,,-0.08827480263084847,0.024377847755517667,-0.02363600747732482,1.3657773128375732,,0.018724649890970564,-0.3059842380613751,-0.1039096583854964,-0.007649533578336378,0.018890582846541572,-0.0007782369364778812,-0.30097544139622073,-0.01868577993888376,,-0.29402185880171927,0.030312825516199415,-0.24253117232012952,-1.2399568705008206,,0.008338353912767502,,-0.11081649017084988,0.006933129164535777,-0.03880495793764878,-0.09817271921338691,-0.05424872602868053,,,0.19284591305534615,,,-0.09650332851898964,0.9355250919134915,-0.2735900887861943,-0.6810905081644348,-0.033424567289561814,,-0.054286781535320947,0.0026059705276347683,0.3804817054365665,,-0.589212915738281,,0.2452537627960106,0.019164195806886823,-0.09115396785525175,-0.08568383030226401,,0.054341904965750455,0.005637423823851573,,-0.10200023779617334,0.0048669049512997786,,-0.03465558745753026,-0.049466254500098124,-0.07008656295384544,,0.33652937740322025,0.03033501830683627,,-0.021043022467810486,-0.07077748719147664,-0.11205678506247778,-0.00538281662478969,-0.2585464097107367,-0.10349584516167037,,0.09533295943814417,-0.0028180839551444417,-0.03957425811842289,-0.01263979076574959,-0.016852759500947098,,,0.03176430212391031,0.24046683679394923,,-0.04470884702897669,-0.013054717013455713,0.47625318102002795,0.27956730999446433,0.1447647187394749,0.019655418373779338,0.04088539421550056,-0.039171099832884526,-0.4766164809715052,,-0.005109256832362149,,,-0.048344869276606126,-0.017130250718841677,-0.01948286480431773,,,,0.5501805308567054,0.0011178058743843275,-0.0676940367557733,-0.17250775149002268,,0.45297269001045054,-0.10335963323189196,-0.051336422307012956,-0.006214240183370858,-0.21969846267870005,-0.002016150608841315,-0.0775871723366644,-0.18137004897588302,-0.3299009715359616,-0.09595300675099365,-0.1570739774542511,0.52052634010877,-0.030967427331537605,-0.0059426720692067145,-0.06317186364576213,-0.5184236385766051,-0.09234771737375325,0.0014121681105760025,-0.012386981232454877,,,-0.20466631735039015,0.02080395697999105,-0.08503398103914209,,-0.027402928659797456,0.27899413065263584,,,,0.13255369968809314,-0.0773927635787699,-0.009998249890912388,-0.6719633925698568,-0.9805476005092706,0.026084510140881072,0.0814113836937,0.3139248311670778,-0.06474346937860354,-0.06478301385658852,-0.04276065849122218,-0.004073979769154619,-0.02590683541350397,0.032328205958627704,-0.2555462510517924,-0.0013620080852744963,0.016381397251035667,-1.215338075232021,-0.07589218715131461,0.0015073836469738384,,-0.053837798084039185,-0.05474494077042754,,-0.03894829644761446,0.39952913200169266,-0.16031410883409922,0.011862333045794503,0.3228383087831293,-0.25124881181217196,-0.17927548837281176,-0.08384269988383095,-0.15687614572224728,-0.03852694393129983,-0.01194073894914773,-0.013990125563860116,-0.2620070496189182,0.5534935648618192,,,,-1.1591623945062282,-0.0010570547230169067,-0.09987412133060714,0.14441947304624597
2022-11-01,0.006188372108471271,0.03914712265562246,-0.06739758837446687,-0.0004116050165455286,,0.13620666088866698,,-0.00951918333223577,0.042825566003355846,0.10252642817060462,0.11884284882651851,-0.022967652039132473,,,-0.008709178552637926,,0.0001304796349720234,,,-0.17410683462798576,-0.17426419139244081,-0.008792572287582285,0.11827612776604939,-0.00399572854498377,,,,0.08352023650518278,,,,0.22417917470513815,0.425183016532378,,,,-0.01797014612796928,-0.08161529546854403,0.0024445795075999366,-0.031239736141953363,0.03036095547651846,,0.011565198004027194,0.025911174529271164,-0.00016692311783015126,-0.2931369144125195,0.013715581624985543,,-0.006597160136225373,0.03178132589990671,,,,0.12719164862210217,1.8350334942042028,-0.006930332103259239,,,0.01121251856013421,0.020369789415177107,0.008519109197590392,-0.06125136979064294,,-0.09830362262242844,-0.28299736283213067,,,,0.45802787538891654,0.11276729412251421,-0.13013522614388473,-0.48693774757305414,1.3609479043243398,,,0.049928794203740204,-0.018430367219338873,0.0481192576155999,-0.23241387858664259,0.13671293387564643,1.4802291588004459e-05,,-0.48639294678808104,-0.1059630493147479,0.05773060753708128,,,,,-1.021191118116696,,,0.010597045806917416,,0.1737121664799037,0.15966486725224974,0.15195313586449913,0.02847636934507405,,0.003284012321345401,,,-0.0007212464907815439,0.25582019189133554,-0.030865503609269547,,0.004246276461649252,0.2145345703148348,,,0.6771512520950767,-0.020142144295338445,,0.006760032421350285,-0.0022753962195799487,0.02647635711662652,-0.3023649329367842,,-0.005334316802923665,0.19270502202634388,,0.01142560773145756,0.00029332893282881314,0.01990440617199174,-0.016620641414286805,0.02646283975519471,0.3595111944906987,-0.011841312332215016,-0.025577043173647288,,,,0.0021885024348033254,-0.23037811205951428,-0.0058433314856830565,-0.0030808629630749477,-0.3343242202874017,-0.07727325375472777,-0.024832770786104595,-0.04412923953863534,0.9185694055485599,-0.036022709195134436,-0.027290864258428388,0.4577408008571506,-0.0022089382494634054,-0.03684994374733883,0.021723128981396132,0.04902463149004879,0.018620806200896838,0.006590527401707125,-0.09384804382861264,-0.5761942497603317,,-0.039212022940157375,0.002577878961045957,0.3052543521044816,-0.4762029404006693,,,0.12325759470849704,0.027504999535940912,-0.016327241334245166,,0.016462182117230606,,0.15346808794042158,-0.007043632790171891,-0.5351984507480233,-0.10179414156578973,,-0.12848267586065767,0.07283216772254798,1.6575119831434069,0.004046042084132456,-0.3544724089118755,0.14205086478868081,0.03464977212635938,-0.26277376284129567,,0.0186497561086865,-0.6884705199153037,-0.15946973281711435,0.008951801839341987,,-0.0025073624407649965,,0.021356948658647963,0.0794810774518867,0.16510001046942227,-0.024859954230431226,0.12476900728100375,,,-0.04564584994959342,,,-0.11876883246979777,-0.016455041919160467,-0.010357234652305196,-0.5868827500742116,-0.028716205649474663,,-0.04719066795897347,0.11506122632246654,-0.01373897863170213,,0.055375218023213775,,0.09518479252383183,0.1027072465853507,-0.26298883420005337,0.002051381891382733,,0.011748410999591431,0.05913785865649941,,-0.005767966241819543,0.21136655701915671,,-0.000288911789610847,0.03137961131476486,0.016616566934699605,,-0.24841724789048134,0.11402549521625992,,-0.07892757207256916,-0.8983647039159556,-0.0950619482919144,0.10702222301865129,-0.0015845036567460058,0.019516729594599127,,-0.0446978361431034,0.06529773144382452,-0.01886916215414661,-0.007018429912520713,0.17346161802642432,,,0.0029361938929622165,1.0635639677274036,,-0.005684727774518859,0.004067764797405761,-0.028489692135168963,-0.008167785171178749,0.013460052331252536,-0.15723308530599736,-0.00024000456522859856,0.05511075000009989,-0.0876474091568843,,-0.013250666577584341,,,0.006643592004668174,0.008497418879544303,-0.18958533225730467,,,,-0.26593285396759864,-0.00045260664203655796,0.045120968924466986,-0.42194536021246853,,0.03006057665978439,-0.200624339156769,-0.19456867683041185,-0.040367962341814084,-0.03819427196617432,-0.2482512565458977,0.22658786867989789,0.04327828361418463,0.8821894337457483,0.30319603069454215,0.25475981278446974,-0.04268514225564346,-0.007564645582252057,0.08114608849338739,0.3852890132296506,-0.011582019894198624,-0.03431699836045654,0.01454455144299854,-0.013054804261669616,,,-0.038901902653766626,0.0969253082329738,0.047997769150450224,,0.7179708073918448,0.05696389043053435,0.014445534574735186,,,0.011572155912751826,0.07418304715962669,0.0024859008491236196,0.02201067173758021,0.022520693249503784,-0.6663421882239231,-0.3765745564184018,0.14362807121422072,-1.0719803021861145,-0.022871958759791082,0.006737880648350507,-0.16941151206092023,0.36361860577375277,0.48717017208072055,-0.22817125911172043,0.024487736061297026,-0.01798322398033845,0.018742469123098855,-0.10608077809731661,-0.007490733896792456,,-0.8129065387855325,0.027049355917717177,,0.5090683163171156,-0.4058417977560484,-0.07055479503327847,0.15578012717151385,0.2717676077164655,0.6258972555674307,0.6868355833323051,-0.0917647956170874,0.11119031125416616,0.019768899587781868,-0.016853349662027645,0.08099242345976908,0.14770064195948351,0.09768657268031593,,,,-0.0781853997144337,-0.22039357734707776,-0.7680775743547822,0.7149209996690431
2022-12-01,-0.15399990402513117,-1.5090560982414345,-0.09076653319380024,0.0008477796570592472,,-0.1836862805215565,,-0.011827916558628382,-0.1322968552847109,-1.2709141775963277,-0.18586319855048586,0.8052264533736422,,,-0.08192426033577802,,0.03470610306171027,,,0.0714855481513144,0.0677221724629308,0.6802745394201932,0.007884538728916944,0.0024624217408909105,,,,0.08068473387298719,,,,-0.010098222606780224,0.10936439038941752,,,,-0.048758719676899695,-0.04960327651235783,-0.11778595784606831,0.3502875851725921,-0.04181770578429035,,0.05183297828795955,-0.013460801176944648,-0.19166092085560005,-0.08858901312672901,-0.10472477396985216,,0.4177483454522434,-0.0036996746774471557,,,,-0.24969097852993552,-0.3964902550304771,-0.25204608175004295,,,-0.030848848042382075,-0.25214356651763514,-0.7254358936953018,0.03030397509618937,,-0.01877259950542785,-0.06593757510682294,,,,0.3271514319995902,-0.1967920421316135,-0.011026691429306942,0.0046539146372885955,0.024867946228743578,,,-0.00239335593354352,0.006486772109013175,-0.07129475132969319,-0.01690497863306479,0.0069974672716978745,-0.04212543040182313,,-0.5562449535345542,0.03335739639966369,0.01754834900964944,,,,,0.294147990192144,,,-0.04608056739934823,,-0.3537342821368712,-0.028714183430421092,-0.0326498861611896,-0.02521900691554574,,0.4795944094560153,,,0.0251789794217789,0.000434345012644494,0.029444656681891057,,0.002008051261146655,-0.26309418864022355,,,-0.02843488371307039,-0.021492814142250995,,0.009162634988877007,0.006525395390906946,0.4305360129705956,-0.17195177334837147,,-0.015384366628248823,-0.02475788222898371,,-0.011570007999748885,0.04186542657286046,-0.05034443655202557,0.37076082506531055,-0.07145573689573066,-0.06615390290483841,0.25053461799515697,-0.3506130974554993,,,,-0.0007921758128116444,0.27817126545705856,-0.00815693347065383,-0.11482919870563887,0.4311028956676309,-0.3076876382934658,-0.27337543912068113,0.15366483351356114,-0.022505906672748897,0.2212063213524466,-0.3572090919372587,0.4872971208688255,-0.07826543812948031,-0.06363091883260852,-0.07420580585629541,0.0031889433173226678,-0.04466261571351027,-0.029608150537095687,-0.04081735168862235,1.4414726197581305,,0.132007495832747,-0.039660125149245225,0.8039184534119195,0.07068113707463362,,,-0.10278776628651554,-0.04495419490385553,0.19761343505500265,,-0.005674130660691298,,0.29174908693574847,0.12152316779744646,-0.22353367876896768,-0.11128843555327153,,-0.09676807607663147,0.05646492892645616,0.06586169307331258,-0.020066138076177666,-0.00736228751322883,-0.020592411119244446,0.021413328383333124,-0.04190491639593747,,-0.3242716336729902,-0.04125756927912422,0.012730729711691494,-1.7273795485173613,,0.04842942006341548,,-0.07622527969148088,-0.8197535864499663,-0.09559124213721926,-0.06889469617197437,-0.2902665436070624,,,-0.014003829749551364,,,-0.10427868198443074,-0.03675595108971952,-0.05810474218996545,-0.02592618998578996,-0.04168848352115266,,-0.09446341889531043,-0.07349526028266438,-0.07664247940989145,,-0.06823696755910023,,-0.013034042392209049,-0.03869868374788802,-0.01714267810409552,-0.025127318024162144,,-0.17683633040069863,0.04987599471133992,,0.1661775112454323,-0.15666645690452188,,0.02595571743787179,-0.0009029140449340952,-0.006263667617502694,,-0.08858916317929288,-0.09346969932565422,,-0.11355293742030372,-0.08991477036311626,0.38345356287746224,-0.004781511313582257,-0.03970422375282683,-0.004320785001880396,,-0.048245207361075584,0.004585827309386499,0.24520476129575058,-0.02380572983659273,0.15489777483366984,,,0.001352889671294196,0.03466680460985863,,-0.08053648332169312,-0.03294698987076916,-0.039989997065813035,-0.05934862849877651,-0.04044197049726556,0.008131518974296502,0.002999142988927371,-0.037999868919236346,1.44081306236396,,-0.16825063118537953,,,0.28037750589330646,0.03183796909157627,0.038867644435835735,,,,-0.04199991046294306,-0.0009584253342435863,-0.930693495092967,0.003967167887538526,,-0.22034643754619593,0.251082552504352,-0.6382289580161519,-0.032863096716445134,-0.001529868990403931,0.0618894649091576,-0.09769427241716522,-0.021183962006340658,0.5200223668637032,-0.42722969888330004,-0.05284485902211772,-0.09855144966883647,0.15203429384811087,0.05727721461961088,-0.09109121449115161,0.044207691612101266,0.06530243928760948,0.003429327360093556,0.7582173666599946,,,0.37996232184060713,-0.11447268685932033,-0.02685145750634229,,-0.07649321932307115,-0.07828504836294156,-0.04606085406068353,,,-0.06179863539944354,-1.5609715357194824,-0.009085077426369808,-0.056767784400213975,-0.08995575660707106,-0.0564710461501019,0.027080258034750133,0.10451755945038652,-0.032828279190539836,-0.020081494768794773,-0.4383446753185157,-0.03304532495551337,-0.07748523604473213,-0.0236060660186114,-0.06682454540522392,0.4208793043465812,0.08117328478877171,-0.4227760269116884,0.03790747419542993,-0.007556659642608506,,0.5721291195678277,0.25849861432782173,,-0.15301495629947412,-0.039902722677746943,-0.05833089673152281,-0.11217896135922664,-0.3124563058683583,-0.20730334326297772,-0.020416097538512014,0.17528408433836568,-0.006818001169384054,0.17077364421918767,-0.05752160449254004,0.45831083790841515,-0.4966392671157713,0.033549418060391224,,,,-0.31818170355599995,0.15025053043681877,-0.02437287725965108,0.32781533745729097
2023-01-03,-0.09958512090812408,-0.04252481163941153,0.3089247738518826,0.11350730272716544,,0.05280313358638243,,-0.01674108342929169,-0.10931471666290907,-0.16046637119122092,-0.07705792906196113,-0.08387405270577283,,,0.42693630605208643,,-0.0001654865727159119,,,-0.050698195780399795,0.006129652767016536,-0.13400490422485153,-0.03342387870888622,-0.024496381566494366,,,,-0.046630884648882126,,,,-0.027533297537047738,-0.13612197548327404,,,,0.02591712236530439,0.556838025664175,-0.7524948898705427,-0.2102445991221206,-0.04946598290644186,,-0.1963261840547952,-0.29268429192502227,-0.42911076105648327,-0.4349961151715887,-0.2912964199345626,,-0.011934359801216677,0.01300582322870544,,,,-0.014525932505708715,0.8968877798649347,0.011895466783333326,,,-0.024467499293868048,-0.05455355747642185,0.020734829405770247,-0.038887040367247265,,-0.15568651344620354,0.03195570213136198,,,,-0.01922814628359378,0.005503926248978205,0.0049091500149908325,-0.7199032188311567,-0.15789119802434165,,,-0.026924626640428315,-0.35942410100045596,-0.18936548271525488,0.03433298329857762,0.0989797843149518,-0.002945548752529667,,-0.003813782695154401,0.027331881250521457,0.121063768716293,,,,,-0.8555196879002248,,,-0.014431985081681246,,-0.052663325535101106,0.0016765447768854894,-0.06341693588750381,-0.03491939078547113,,-0.2439751021788637,,,-0.014906744583071192,-0.005528499699933631,0.0019891965312808222,,0.011536296054966961,0.004244613902521338,,,-1.1168993533721288,-0.3676072221004372,,-0.039028008480658544,-0.013723839818485925,-0.05681685394177367,0.31039052349978047,,-0.025378518384947944,-0.11468137945800357,,-0.011279249091607834,0.2831725950396825,-0.014473898473744577,-0.05918482305260845,-0.05333381863784081,-0.0595220976882118,0.5513231404245919,-0.9330591230798442,,,,0.0023007020574647434,-0.465002081508277,-0.09973747457254852,-0.024389692633565444,0.0705814629621487,0.1377965629517779,0.08277102920194973,0.033810465432139905,0.3335496517243895,-0.09446460833244151,0.035040220661506354,-0.010094723128138843,-0.07782296153049195,-0.0343279072572243,0.55406518102319,-0.07123296945135035,-0.059273839719631634,0.002175412748668731,1.3976421077834693,0.5175679142466069,,0.020692261102653767,-0.001422478523955298,-0.06062575449413409,-0.010003188458996433,,,-0.004810357610118408,0.19778493038809497,0.3095130295352515,,0.02129787331484935,,-0.4141471343559151,0.015876194840710872,0.2332695496154581,0.6826431671261728,,-0.4468668867929267,-1.39632439788419,-0.2698595031866531,-0.00882802199712761,-0.039956430487102935,-0.13652003215719585,-0.061500903701653745,0.8032533697260227,,0.04779806824924718,-0.0026407290387578733,0.06461733133812644,2.0652766186416818,,-0.02967205002795771,,0.25333213435984564,0.11621132529214694,-0.06160840429082104,-2.14047894960351,-0.025181907264653185,,,0.5782409071990912,,,-0.021907598751175907,0.00925154067750314,-0.034852811825500256,-0.013268986920967632,0.00565595715089148,,-0.0007291414709003196,0.31974141518772753,0.4805607796595863,,0.010402501745439628,,-0.04347635820255704,0.054302208413417916,-0.6710427150922434,0.06031652150438834,,-0.1259151766307735,-0.0019267383415236122,,0.3022540145141216,-0.00038223019726179837,,0.0002886846485502994,-0.0012889466286270693,-0.2569958494473945,,-0.10396618423053265,-0.21992862779063066,,-0.046501327366231714,1.0173500645837157,0.021351512328147953,-0.03262407814924013,-0.38874452430697476,-0.06406973271963841,,0.13520955442839894,-0.7951320708858652,-0.1503155118005406,-0.008638497941927725,-0.03386304867154252,,,-0.016399090313509532,-0.12048146446702726,,0.01198284315235555,0.02746440500031413,-0.21184360670196128,-0.049363404486625115,0.13588570714464365,0.023546783459855895,0.06077053163430087,-0.04007508493398885,-0.19402299383277188,,-0.16589848370682603,,,0.020162942904156485,-0.09304431898241171,-0.1600917219044443,,,,-0.619450922657854,0.002725378756062052,0.2795691848193336,-0.0006363661981775041,,0.03385442059645271,-0.02806394103531877,-0.07870621154168368,-0.007179031361458631,0.046286440103738107,-0.4015585816632856,-0.5868543630778638,0.028460189260089034,-0.24918910943019962,-0.34313001436140395,-0.20907876271823286,-0.3059234040146965,-0.6542261043433852,0.047401055095223715,-0.018747031297172572,-0.0814177575591009,0.07022057640116625,-0.20324414802026403,0.025773973766665483,,,0.5949523028339654,0.0424805801336766,0.04253126412761888,,0.046156601480704926,0.025254009677671885,0.020878415646263113,0.0057099850948039675,,0.47933587942156924,0.00719517953756069,0.037189391369820364,-0.18347642460883506,-0.40547713522168366,0.6117109075381537,0.047096815471740903,0.6882406915857603,-0.01600312438512012,-0.02479447007249265,-0.2063013506795714,-0.170738266840694,-0.061431670790247264,0.006510537194658113,0.3505142266217776,-0.27095107620699316,-0.024905097538956325,0.3435078951168306,-0.02435644063492583,0.035455571622891244,,0.006473582070576097,-0.1914780951312083,,-0.047391497592387845,0.06946007063709901,1.79598260015307,0.27773105784330504,0.0526309345751061,-0.4098217804664289,0.3282317450008455,-0.3757639027388403,-0.16362311596364512,-0.14628636736057196,0.09782739271673103,0.06991903363737258,-0.055979191809249186,-0.1180032602098347,,,,1.1747633354492026,-0.004992726479501396,-0.05303046133568645,-0.956262355835904
2023-02-01,-0.08959889993738122,-0.013933623035980626,-0.28905576616744866,0.019327066278712272,,0.026972943454730815,,0.017686719304788337,-0.021088754029710853,0.46688128549121294,-0.03060548868712335,-0.7041854255201063,,,-0.11586026866363874,,-0.015676576151884163,,,-0.04426062575259154,-0.18682332627441772,0.04867311588562312,-0.0003659030734823425,0.061587113673969685,,,,1.3444990277869575,,,,-0.0095660490483575,-0.026374474282594394,,,,-0.06167417317184661,-0.05690139540814814,-0.23861066952188267,-0.7916865130574786,-0.2588625353570117,,0.06511283066255201,-0.0542298246055985,-0.09499887191383022,0.1063384455698822,-0.09752638942358283,,0.046102780749260275,0.018109152270902325,,,,-0.06349325822213517,-0.06236994074324983,0.17590718829326338,,,-0.0448165137271838,-0.1415200218511795,-0.16204418074118163,0.47312232886567296,,0.24223088753017405,-0.12474938172350507,,,,-0.09207071291755176,-0.07141141396113009,0.04801050514908714,1.2587804455059368,0.5594517062613034,,,-0.8571654763063375,-0.0068918559081248484,-0.05979869264980394,-0.15154321954884173,0.011117925933296097,0.05509069979067255,,-0.04156590364527403,-0.04269317682813516,0.433886203605967,,,,,-0.33686830692281117,,,-0.0007530098745806949,,-1.2950738929616534,-0.5788375746632983,-0.18759022875310924,-0.030584189351644323,,-0.027733845943615262,,,0.4724098072250331,0.006647181502733876,-0.03500057622091782,,-0.2710981546217828,0.01766707655417856,,,-0.15237841943833855,0.2690836394443584,,0.020598088048878402,-0.07569422273692306,-0.056161035505729755,-0.12431647150278735,,0.19355040159583586,0.31550857396431586,,0.009611725073639013,0.03697984858754602,0.012347705119956023,0.37525230342177435,0.3115921357808988,-0.3267229113074059,0.17770302181758263,-0.048543458171595555,,,,0.0037711062840231884,0.29712551596158,-0.039132444382798164,0.02699840702736057,0.5067507686600558,-0.08572402118740599,-0.1136269188574874,-0.05553519979282045,0.04622356875822463,-0.09010918580707485,-0.4564190715708338,-0.10781742626728757,0.14605850320334565,-0.03726448891677864,-0.16927364544017487,-0.3298561465106756,0.9453259525564008,-0.0610874605605302,-0.06303552221040322,-1.1304658783228436,,,-0.08816293510789196,-0.040777037785401184,-0.05037998980120975,,,-0.2826720457695807,-0.0026051050302046772,0.5364630060953934,,0.6620832724752592,,0.0587231874260246,-0.11071759670325892,-0.012722362816350672,-0.19868582645588395,,0.3053642955831538,-0.2956280148570359,-0.14560282531495167,-0.00023424109378115845,-0.3036298730130277,0.03224052958502305,-0.7124160726977414,-0.07965932343940506,,-0.43354508973055783,-0.09402004088691102,-0.26326005853163176,-0.08590061253711463,,0.0671218665517152,,0.004020688597660763,-0.07926682023278465,-0.10854240581226299,0.02309294735048553,0.1559364843393328,,,-0.06994835466509566,,,-0.3006043184384605,-0.07542140478319882,-0.09450641856749858,-1.1389026795720476,-0.08360983585005229,,0.5424829308948889,-0.07435345010862471,0.27355936110193846,,0.691715519787571,,0.305789163337803,0.02927664878319898,-0.022502930272065184,-0.04569685397044758,,-0.004607990023069761,0.030624661080074226,,0.06225897659190202,0.8815384297831468,,-0.04953977157703849,-0.019016258984816032,0.017384029682881153,,0.797574275263879,-0.05853274147699952,,0.08087194002321119,0.39230211914038315,0.06382586298732464,-0.06731417572393714,-0.11346331316460852,-0.1304777787532975,,-0.08219023846431324,0.009268979688312855,-0.2938014416940717,-0.09318978005075086,-0.062182315846783895,,,-0.16220638326230852,-0.15279643441150978,,-0.33232967979891503,-0.05593337733784794,0.7264388821372741,-0.6990077621851306,-0.04058318989503258,-0.04064349960583012,-0.012100688285141636,-0.12857738428503632,-0.05554861668071344,,-0.01351241952406539,,,-0.02446560215065488,0.8200200177771813,0.036099245273042826,,,,-0.07614361780544478,-0.042199780372887415,-0.02542545564339166,0.019780779354026622,-0.14920519319832906,-0.329871266544843,0.24423047938559142,-0.9441339872592898,0.09352848600213971,-0.1190710422859814,0.0335045827542788,-0.44765642016703,-0.0591541366164732,-0.027246887321929633,-0.10286904688553139,0.5310580008124206,-0.06359555702976905,0.02054808424404162,0.026012279139397854,0.08479964525917816,0.08115331807498997,-0.5315108984870938,0.06732541050790489,0.0328291731162721,,,-0.11638069332604871,0.34194639439204016,-0.022106674646759316,,-0.04010085067191892,-0.04133752836063462,-0.09103116629744702,-0.14743949639739246,,-0.07651958327655198,-0.16376430205074163,-0.1251500931310577,0.5529192619149728,-0.6309836729104558,-0.09936270556431019,-0.027309638524763466,-0.044812456865570775,-0.6459967498993476,0.05794107181115336,-0.657042650565401,0.10775705664238437,0.3198344491774256,-0.503424551623786,-0.033582434198986925,0.6360719187561014,0.08797136549683165,-0.04893781423442352,-0.054837097078778464,0.06576387001596565,,-0.15823616769418988,-0.000865053195101613,,0.8812928981181921,-0.6197756773680466,0.18144139626806857,-0.04830816536272653,-0.03169681849220823,-0.032996641359027704,-0.07655020882459299,-0.0810226626988134,-0.040618969581316076,-0.32090328718372724,0.00734105780914369,0.016146967933750974,0.05300106971607792,-0.026952664486970476,,,,-0.2672925296011228,-0.048546096841647596,-0.04798247426032613,0.00547983255340008
2023-03-01,0.6055045100066629,0.9298526005234812,-0.21678774330851497,-0.035453864632965834,,-0.05971608116712304,,-0.16330686265494018,0.08474190468878624,1.085936573110393,0.08614979879809276,0.06148617245605789,,,-0.7983034642855135,,-0.00012775998276991733,,,-0.04276287721369159,0.01957877590275039,-0.025778882312325974,-0.022940078365343147,-0.008577424156780089,,,,0.0120473763392756,,,,0.022259277649103733,-0.06257357053193316,,,,0.01857390496020401,-0.27160549100454767,0.010016966616385105,-0.02843760968483126,0.09594735124694515,,-0.0072353896093139275,0.02253457050078633,-0.2722313939530762,0.03204032739714755,0.08320067537165543,,0.6923961276673469,0.005145132252939474,,,,0.04022373845243958,0.03675511109888328,0.027126540282724106,,,0.391899304873098,-0.06949304712797585,0.7765142823282277,0.3425392123593984,,-0.020523675577642356,0.010241282159907796,,,,0.14510177492224455,-0.16363158988033633,-0.07612393288864791,0.01797502015952613,-0.1503778251740669,,,-0.08966747200579357,-0.09184436819959627,0.2047818885117782,0.08491606462704976,-0.07544646139008748,-0.0022734860037476705,,-0.2017931302068585,0.11272614351430237,0.024399294746070336,,,,,-0.013780792031313983,,,-0.0016924440937380388,,-0.17204202173309946,-0.08389624458960228,-0.03352334663345655,-0.12294922381407257,,-0.030511407127851456,,,0.0005000718896817592,0.1664724872873077,-0.06907312688066589,,-0.2639790729010587,-0.41237081684262905,,,1.3044002537749346,0.0035479145720339967,,-0.056379736358576404,-0.17951226252200572,0.02269810390936949,0.030192530093964477,,-0.016834518043183602,0.005871110884222976,,-0.01273801050579718,0.032745526827329785,0.03772183815155959,0.07030551033358481,0.0741088488800787,0.04024628427941812,0.020682196058663706,-0.5138074773144777,,,,-0.0433637544794459,0.05725377438942656,0.6623529900849027,-0.02068399032471439,-0.7016711788345964,-0.09097280206496865,-0.20245394314895698,-0.015260130192971896,-0.34537491779318963,-0.6801960850602936,-0.04118329950624173,0.32964333672534674,0.0390860584668815,-0.34171012192476546,0.10617047147603176,0.0738372981737791,-0.15527772464600828,0.15322550301626897,0.0356000952881483,-0.1974364243869531,,,-0.09299667839205308,-0.07862354856742386,0.08054450436061408,,,0.003188881565307257,0.06263921829790421,-0.11846290464643405,,-0.22001918323780933,,0.01970096770848953,0.0015319639007673183,0.09095396356904079,0.1174910622286708,,0.10333808583548552,-0.03574978846355463,0.08051573653692402,-0.01864128731539575,-0.33803537736684025,-0.02431739941179361,-0.2294545106452102,0.19123216202366994,,-0.08352527496462224,0.051837115967395014,-0.009545094747327539,0.06236028643996011,,0.0051021844599666135,,-0.014106545763179962,-2.555963472069459,-0.2321176328614517,0.914418001849832,0.027300404374239102,,,0.030895499800537286,,,0.505140616709348,0.09761517151264124,-0.08504034589991474,0.01986605386095759,0.01679575107096629,,0.2923768595843163,-0.014977601031608164,0.01179583076602033,,0.05110447178032338,,-0.040427234712291406,0.5040359602974429,0.034950447774862226,0.020449769627093054,,-0.1484824396293004,-0.02908095313219034,,0.01242815547367139,0.012592550489041624,,-0.046672083776933874,-0.0781817498510876,3.9947670669428985e-05,,0.0050998846193303846,0.13168360418288216,,0.07421260059369379,-0.48873819530108265,0.4357491874590094,-0.11252225442752808,0.5041317303476643,-0.2316933529214128,,0.12480838724404386,-0.030535949083321044,0.02661612652185279,-0.021870547445895044,0.803461379050106,,,-0.03546675190344049,-0.0189924863927188,,0.39999212501756654,0.02071627181547559,0.37513498922638217,-0.12895452432628318,0.03167962875748374,0.030154611399692416,-0.008700702356253568,0.00850167525211705,-0.18215650079734444,,-0.007722813362544333,,,0.010322095385591258,0.00019773914183833854,-0.027511107218469215,,,,0.019799437781600697,-0.001227247561443348,-0.06355345375712391,0.0033650526795777585,0.156469231099021,0.31618269469038474,0.033211272411450755,0.037391344538236664,-0.048176322676202,0.030089942232250838,0.560350050647645,-0.24019523253772143,0.18912807597942732,-0.3300644987657105,-0.3383682150303809,0.2051986066098627,0.8692268076114529,0.38956488701890735,-0.025926592049011515,0.05244580129842071,-0.14339933705759494,0.059056654979652595,0.150921196620871,0.029955013428873863,,,-0.02690349865770116,-0.20480941583170081,0.05212148023358577,,0.08909719637708778,0.048069908450114655,-0.29283369957313377,0.005753210407311512,,-0.06375362261491138,0.14896167586604483,-0.6077770622630004,-0.12325717232594256,0.06112648439894485,-0.23437347956056648,1.1458017777274279,0.028318086886699234,-0.2781128126268395,0.0259306085878227,0.03850496376339119,-0.30226127591939334,0.03337451682245391,-0.42998165771549446,-0.22698537388376996,0.2569667030296239,-0.2688781157850035,0.3869491415232104,0.1630434552154818,0.007434643337604536,,0.06501316652123341,-0.020065953639816746,,-0.8429739525297331,0.043843381717875995,0.09681668080219044,-0.11502374046708434,0.0029750736960240556,-0.3484099523112174,0.07017592001815892,-0.20985942686673514,0.24259803471262315,0.03940651363154474,0.2967903108802143,-0.0630886910891634,0.2673526487277966,0.031146591230789986,,,,0.012211726212723102,0.04117422516472636,0.07731069783289013,-0.008666560038637413
2023-04-03,-0.5241365550856465,0.6043093808229506,-0.01753726122915588,0.038899752222568425,,-0.27336008440033494,,0.18917933056493003,-0.19207447022049845,-0.18621365347494792,-0.2018796875640837,0.2793943160570697,,,-0.11406136793024105,,-0.05959591988831823,,,0.010205582900821613,-0.008389124919210478,0.36119365028038425,0.011176053078335387,0.014290702080413822,,,,-0.007221836016518763,,,,-0.031916323660535206,-0.00535183873108633,,,,0.00730713645683845,0.002408586296555989,0.022756857734844354,-0.036705968911640796,-0.038000881026436145,,0.012025429678599651,0.23792579140075285,-0.35291721026518424,0.3159169967327145,-0.4205892922480682,,-0.06567332066736076,0.006384651049316162,,,,-1.0782393235645322,-0.15090004200078083,0.5204447926563411,,,-0.006557573737244096,0.002338612555192139,-0.03236030740787954,-0.4052315676977899,,0.019289357162805946,-0.05705001436079034,,,,-0.16589933727287032,-0.05257646745777815,-0.06240125504903968,-0.030561234414566138,0.15585518507326354,,,-0.10697712991106434,-0.19220871471660925,-0.8644475436905691,-1.177764548689628,-0.07494662645139466,0.0011353132852144957,,-0.014473734842610745,-0.8669170971641027,-0.0676905876033236,,,,,2.6446878172954595,,,0.004372871967420425,,0.088630542228944,0.01075665441942029,-0.03070750280648016,-0.03357948610671603,,-0.0077941394396538535,,,0.1452436295754393,-0.010157491567857273,-0.000798743752873554,,-0.012675036260027882,0.11303153143036054,,,-0.008295201832447122,-0.05054786657382527,,0.006286901371029365,0.011157585973153038,-0.06874371153704005,0.16193104844595646,,0.17721760188714852,0.020123378770288324,,0.0031471325528959525,0.4026140115892006,-0.027512784795202198,-0.009177765653894075,-0.04025076379139484,0.0006909053656315269,-0.7506450977223167,-0.4678153685914536,,,,0.004761812220888281,0.17404368795949243,-0.13198277788260349,-0.17096871351170825,0.044501203401603295,-0.015496377837651128,-0.028451401254090753,0.0017388044819414035,0.9515696763164901,0.030724047356811893,-0.009554005103371952,0.032660833412477316,0.0031469861658525826,0.9838406950928097,-0.001138569551169063,-0.014363858264407463,-0.01692929015273845,-0.019243510644379,0.0023776546470160127,0.021734774242354486,,,-0.04552759483342784,-0.07167038520439872,-0.06582496858443228,,,0.028392613289433277,-0.10841804302721236,0.11042269792537322,,-0.020581225468935434,,-0.06352063120626304,-0.26219108391151535,0.17814677668025136,-0.0300749530073488,,-0.24143983740365674,-0.33876368492717507,-0.007293286620900915,0.004733365125267029,0.0061549854690535425,-0.0680315688722421,-1.2250193454106693,-0.005541802107943789,,-0.006135250015444606,-0.0036239635244309258,-0.28111247036793113,1.2222789387868738,,0.2342896050082383,,0.0689967083245787,-0.7056113761700775,0.1847294645569278,-0.8919921073876459,-0.04137394342047146,,,0.07872234732295558,,,0.06785507326393762,-1.0617525065428193,0.42973907637181236,0.02801654224650755,-0.8180394168380064,,0.01950407291857651,-0.01750082775614631,0.3089754135140892,,-0.1549950176529017,,-0.025330771971994813,-0.0016622087547578318,-0.2013591211968348,-0.11048303994659624,,-0.11308506049829735,-0.010036265387535718,,-0.01581259612022115,0.2677846793678518,,0.0010182166758608644,0.0013399170070789522,0.10776337824660552,,-0.5350471136009337,0.33432399772920146,,0.05315981467928822,-0.25831810793478427,-0.38932193993209685,0.05061541023420722,0.08823686633788834,-0.2274631489658116,,-0.599892281271232,-0.034686018289003494,0.23239695011785655,0.003719665441373028,-0.016253184130773708,,,0.0024047516093677257,0.0061671849415768,,0.02928816991900659,-0.029338605869750733,-0.7020574610456308,-0.0019097827874315996,0.5286861444347856,0.018633037299103167,-0.00454859664703244,0.05452665164912614,-0.829819625578306,,0.017735988804436213,,,-0.01024903851580824,0.00650554080650006,-0.0008377708608110126,,,,-0.1927521651655668,-0.06311709614885498,0.0010868246895061047,0.1426921424496336,-0.017714111240751926,-0.03907854535846588,-0.034720203901837506,-0.019831543954286705,0.3474865622548228,0.003829094079909988,-0.8877579727304671,0.02120725377410946,-0.019847755632945142,-0.5931671692486091,-0.008676168715794769,-0.027715646695777193,-0.03194160785997701,0.05308265251579392,-0.006445248166078505,-0.1281346935608649,-0.022764295022329396,0.41017907346890686,-0.08543962447670383,-0.012948389954713441,0.13393779805676145,,0.03009248835482298,-0.0038787079967204517,0.0014207414151311895,,-0.10723716901879775,-0.004963219033537958,0.3416536148437772,0.028419937620492688,1.1586485059736344,-0.15951851066140807,-0.3026809707067568,-0.23253945835340836,-0.170184480446638,0.013942223760690084,0.297210469781317,0.2138199165334666,-0.23177298878978714,-0.01764475242423251,-0.027145946822637757,0.024111194254251685,-0.02279788184606246,-0.016598934840538607,0.00036986283665173,0.5651885757019148,-0.2683922670863279,0.24142074324997329,0.8301925491711654,-0.03694612445674639,-0.019889628174442824,,0.023198392142797543,-0.0734032439053416,,0.033236197551889446,-0.042446875379938506,0.07609562819499402,0.032289026880998675,0.17358140644348066,-0.23256573105105666,0.012992137802461152,-0.046027741270646044,-0.01212250589446848,-0.06700511262522606,0.06554156080668397,-0.7554839097661648,-0.7095361899243965,0.11187589309700277,,,,-0.9939646271524644,-0.05502360612475786,0.0666669641963891,1.8989956902137979
2023-05-01,-1.3984422193168404,0.031321095967417986,0.22990046304208403,0.018039879997132503,,0.09202637889987723,,-0.044366882505503316,-0.13603621188686493,-0.14378506370015806,-2.3690625740747913,-0.13599745583650397,,,-0.06276073586650212,,-0.0014433233526780997,,,-0.002932244437636361,0.05234169042879715,0.01520526496092908,-0.0346274857742903,-0.021928355583744952,,,,0.560734383950752,,,,0.07581367222107156,0.0015072404748966463,,,,-0.04445786331652668,-0.06750283714855561,-0.012827472949299715,-0.14227866526090643,-0.23544406120756325,,-0.5893544939873815,-0.23005684948384011,0.086484662530177,-0.07050969935990002,-0.09359995500046463,,-0.052925466095305324,-0.13344113354043677,,,,-0.35626017692142947,-0.21135994167983344,-0.07971283421644804,,,-0.13706314549954504,-0.08098445721984118,-0.5693718229200144,1.0201525554972908,,-0.09267698620777809,0.640396289271974,,,,-0.005588448412695192,0.009402308302624542,-0.0713503099094618,-0.1701121797324686,0.32547233837756373,,,-0.12223118580440814,0.0348057946559395,-0.008352928919771435,0.12926737500786242,-0.20608139352928506,-0.0007662818545310797,,-0.15594964291650112,-0.11862064868712699,-0.08293815969850041,,,,,-0.21312710340914726,,,0.0155792985694306,,-0.10628964019626869,-0.06738220401577698,-0.8669268164791404,-0.16178730704719307,,0.03716191107923782,,,-0.08104330510265725,-0.0209378860988631,-0.07321283713242846,,0.19882280775272146,-0.11430962995334758,,,-0.11828086554342968,-0.12433715178439766,,-0.020139443390202544,0.0007827001656334602,-0.1460315400046862,-0.5923060932386852,,-0.02551317500378505,0.0879498811478739,,-0.05850013737031308,-0.05975320326013956,-0.3072978993946264,-0.05784906481533982,0.30021572300812155,-0.06330497406245437,0.41126230461531194,-0.0787396697443663,-0.06087118883238178,,,0.00025454375575757634,-0.008143484756376084,0.3901667002874779,-0.01374205233602581,-0.6175356114031044,0.13522996053760417,-0.2823323150119887,-0.006401086408390036,0.07345001455533949,-0.1274773190956633,-0.055379020590805926,-0.15050728894493817,0.5886360298879716,-0.21548121724948546,-0.24928789842755006,-0.5785736930139834,-0.05529625098244967,-0.04913266266056826,0.31333082558439174,-0.09833961089103842,,,-0.10582548450778179,0.053737400136738396,-0.09324447714389894,,,-0.04071696362941569,0.16957569276084655,-0.12564470804142924,,0.3681503387510224,,-0.06498763454993847,-0.25158410279103244,-0.07623672537062984,-0.0890898548668496,,-0.1058917465005842,-0.21542929777587458,0.25510603294958717,0.004483743983222741,-0.03600464499987749,0.1103593647872856,-0.4419481693236213,0.6744959086418159,,-0.06651114646686246,-0.11824773844523154,0.09482086241953336,0.08000623159188754,,-0.011635792525610394,,-0.6121733885994393,0.018074229656196174,0.44412669878637123,-0.09861404460591076,-0.034955934313617834,,,-0.10290779876212794,,,-0.6265481202100617,0.33601763454054406,-0.10318765944402551,-0.2267266895045962,-0.07954513376485114,,-0.27252621381752723,-0.030976923947851624,-0.21945310757357894,,-0.11753200856657682,,-0.07009002033875766,-0.00709486707532653,-0.1484251574755974,-0.12379627810855366,,-0.15060228800647368,-0.0009461937781620991,,-0.11071181761536604,-0.031621594624011005,,0.028461404389764067,-0.002236917086604026,-0.014290182362663408,,-0.09089362835647927,-0.12481516277887464,,-0.019019495796206314,-0.07608895838397463,-0.47009698121813964,-0.00925292899747879,-0.062235000503398405,0.3067695148893955,,-0.059500761729968446,-0.041477936887071444,0.08994984789774305,-0.013850027480361436,-0.05852192195805646,,,0.003351947134833336,-0.05721209287151256,,-0.0025086514716706697,-0.01345843173646636,-0.6442438452570894,-0.07287759621749791,-0.35961445700814215,0.030983278190477727,-0.014038409319405773,-0.2639423214552709,-0.15498568666538254,,0.021905040835221132,,,-0.03458919181642126,-0.05522952960109749,-0.06661458222810165,,,,-0.08543929163094177,0.029495966934094568,-0.03425703695961786,0.06583522964361889,0.032082816532519876,0.17495754126690335,-0.08622151282282173,-0.08185714856286161,-0.05472483829784969,0.016625309742735885,-0.3006261304375526,-0.851801060064194,0.00879056968977211,-0.34340960037882656,-0.10847982603306994,-0.10630841517821665,0.43055549790633685,0.5113554749197523,0.06272653862615513,-0.10386429502882034,-0.05715160191756305,-0.1180148455020641,-0.06055702625527165,-0.5309678893988982,,,-0.03692512850430383,-0.016858748168669096,-0.08696299545641817,,-0.10065692287090248,0.18850436989263672,-0.07340781525749586,-0.09901130107069386,0.29225199234768473,-0.056821824912383134,-0.10109440043740463,0.013423947655293152,-0.04902521723784377,0.17413699165787389,-0.09096354334988417,0.23651116041027115,0.019129037897709162,-0.23877642242512018,0.01182270989622952,-0.07224520607909717,-0.2828526603056975,-0.059566561023662694,-0.14194152789897685,-0.07263383323777713,-0.08747661305399751,-0.026003848526855635,0.1832882844856277,-0.09251176425424912,-0.029763331606033564,,,0.6941617872230145,,-0.6851780413753883,-0.0649817773456694,-0.5240054053887514,1.132591018969656,0.1640023731401068,-0.09612204246033516,-0.6880346532909766,-0.05483174097204724,0.018870956513482685,-0.4062520752048115,-0.040761426978444266,0.2522322636569393,0.018329395799063036,-0.2317362882627283,,,,-0.26616166018113074,-0.2631042530782546,-0.037237700076851704,0.19880857118645648
2023-06-01,0.2146517112428744,0.062317008203115705,-0.016982694784892817,0.0034153254591852734,,0.6870230204360783,,-0.07113422169386978,1.4095387033409368,0.8112497469829097,-0.06136933511363665,0.10556683220009083,,,-0.09958167410343688,,0.024504254215565107,,,-0.025036908213242517,0.0040889455539250535,-0.015980644689616644,0.021982670748614444,0.20822858225061408,,,,-0.2337432386582151,,,,-0.12584285112827967,1.2542616687567156,,,,0.18489917863841066,-0.37756983893132323,-0.05665093583455317,-0.6384849410214736,-0.03000954714895429,,-0.2519080929993676,-0.21835684689733934,0.35234592726214053,-0.03544967229285078,-0.25940077476981543,,-0.17805619280145804,-0.2843883449010151,,,,0.05193200800785339,0.5417735450055042,-0.4806928806034212,,,-0.02573218922729203,-0.018659345617002214,0.7781333718096093,0.0021585163117552597,,0.2938767439621683,-0.023990399648999954,,,,-0.012269955657562753,-0.038822002334813595,-0.039689804409302774,0.024554670450008885,0.08816673224067577,,,-0.5331162492330158,0.4250045182452161,-0.17422159502244133,-0.07354380734891508,-0.0145142301711947,-0.01794529413473096,,-0.10703011244884851,0.2571952634460636,-0.0329881184507478,,,,,-0.010771412567495853,,,-0.003009058743040828,,-0.3292486071711267,-0.2345503099774313,-0.4941178788739058,0.3077897871408713,,-0.19771548007192558,,,-0.19562959761526758,-0.015618197695147017,0.17846810897434112,,-0.4631184011527635,-0.07106109416044257,,,-0.025503600094755656,-0.03493898393568416,,-0.0042219515711030935,0.0020046648163568968,0.4352304733401784,-0.061734022302636485,,-0.015614109151541539,-0.35192455497710984,,-0.004186897965715936,0.35645838486482734,-0.011673747728295774,-0.0768501045373042,0.0009334492830024334,0.12186493100439078,0.1236525469715294,0.9719604618028046,0.0007955771124761457,,,-0.001081227618086285,-0.08593316538161272,-0.0378866678369233,-0.012153578862033472,-0.05078084528947959,-0.08305241358206095,-0.09068798827583892,-0.08898991839997394,-0.25971641943651047,-0.6607055007361767,-0.13799780005259635,-0.171111377664719,-0.02804392807274905,-0.011998643977224391,-0.25110795533798447,0.007472145497273859,-0.05225550689365861,-0.05087348141734181,-0.10387164991224113,-0.14409328277097797,,,-0.027951540026072648,0.6099295454988776,-0.06612457106304588,,,-0.12002097893997613,0.6499849042858059,-0.015857927971847433,,-0.3404576379610393,,-0.30599254931904724,-0.27210892843215273,-0.2624605193206559,-0.05685578077621043,,-0.06654588659548555,0.7001861685342612,0.023783460244484956,-0.0029608831087744704,-0.014186873599852684,0.003954060106378986,0.010220187229065585,-0.42483798511481036,,-0.0828082070108186,0.010095375890773878,-0.02643852912422383,0.5885470406861898,,0.10501162090955586,,-0.05566258942066836,0.7195579333579636,-0.22810275035876068,1.2019532302719218,-0.09492736317568791,,,0.45645076896583336,,,-0.01753599021199688,0.05071964891103958,-0.18816870829333932,-0.40342077028706524,0.18610878865804914,0.10140946599964848,-0.45335741594214746,-1.0717202743132352,0.26865096918444276,,-0.04664721685454737,,-0.0624125035181584,-0.14423065013482236,-0.12523902971173329,0.1828703820770772,,-0.042677180953039885,0.1142283821155003,,-0.04871322244837993,-0.040251968792041515,,-0.000712113490460241,-0.0036802182450691276,0.14911053177745098,,-0.16243734941389615,0.08675877664805842,,-0.384283057400343,0.08612827710551918,-0.15153377349311736,0.1822095509913804,-0.08232144583190361,0.012569612741665747,,0.45974876955202115,-0.007452922645777195,-0.03558157363145758,-0.009666490644761404,-0.09876059273711447,,,-0.010339492260372892,-0.18503031232704176,,-0.11975986562663435,-0.059917159289867974,-0.06582921972654833,-0.2661082869713021,-0.3259704931613476,-0.0069505186727974524,0.002024330137411417,-0.06879708705272014,2.0724799250835493,,-0.008980179975348834,,,-0.016758917218060387,-0.1242139216352633,0.38535468241208837,,,,-0.05851901975901455,-0.00882857615438121,0.0006849564755989457,0.005435599931337467,-0.01356878863322375,0.024877471371487787,-0.3955183905314514,0.25139032371269154,-0.06465514183852421,0.02155653473339028,0.00785800051935867,-1.2571160908314747,-0.08054425981198018,0.3885709625286977,-0.020814529481727947,-0.45590986788857385,-0.022039317183586926,-0.010297061566634368,-0.009299502962290745,-0.0314761905121614,0.0014769770232604435,0.7540292249796869,-0.05000861286963707,-0.06705022291615241,,,-0.0908339722889512,-0.00041422599228090095,-0.6234283848300483,,-0.2037988102740696,0.6852907696975924,-0.07163008129671462,-0.2154274804156145,-0.03369851294765724,-0.03461507316467842,-0.11466671021057208,-0.08746192184667267,-0.7977829689982945,-0.5478892281788547,-0.09200896568406026,-0.03505933345946886,0.02080752167018241,-0.08830503636473533,0.012944058986476272,0.0814823324179141,0.7256743846967618,-0.033259113610845624,-0.5030249191440693,-0.06048171616817357,0.006735476407801541,-0.04244891003866226,0.3086096657171346,0.028274442079583136,0.025535886231336978,,,-0.07789426050194956,,-1.11707153040824,0.27903095508807924,-0.10542798602514647,0.20565996099986605,-0.05773748049079773,0.38943251081089364,-0.1679506492602845,-0.11751154025405607,-0.3109681964241921,0.5847103938956516,-0.0617927870930098,-0.15276890594622033,-0.8146801143935732,0.13268896370054145,,,,1.3663964605128975e-06,-0.7283255383171963,0.1558604462939349,-0.02420174854617059
2023-07-03,-0.02109390604068481,0.1710332818003965,0.21262198120564757,-0.08617031070304826,,0.09363923713970915,,0.0065553191771802796,-0.01897336351011206,-0.4084369815363913,-0.19323867818877818,-0.12220332644655504,,,0.10573325984694375,,0.0007563205659773005,,,-0.022015406289178807,-0.08282279402338344,-0.21448193626126366,-0.10523705673467476,-0.007952543407710077,,,,-0.005242669790341343,,,,-0.010205059891170588,0.013093558878178648,,,,0.00901111011073645,0.27613800828928814,0.06156130241149828,0.39724737590952147,-0.2205297934619544,,-0.43842622889507155,-0.02430627062599849,0.02609667016724253,0.017555988249163896,0.19409777442509077,,-0.18251088161430434,-0.0520599471062072,,,,0.010872358063087402,-0.07038963413860787,0.030391558628378203,,,0.1315899959989568,0.03816406018864184,0.010166406030232231,0.40447586073906266,,-0.21954933463441212,0.12930585908052714,,,,-0.01906575562971533,0.020177231292113622,0.04058073902485627,-0.004764997572067225,-0.8411562154081834,,,,0.01323805076386874,-0.018117407707294496,-0.049025235735077256,-0.02277905883506407,-0.033603825044481145,,0.1369109774383298,-0.09522356607105856,-0.002942434681548533,,,,,-0.17381366387227654,,,0.0017404903869247222,,-0.08181883558363473,-0.1460518116815426,-0.034782989283922414,1.889052688855903,,-0.3685544008990627,,,0.011094414581828565,0.059178659111564585,0.12744620595962453,,-0.014168753566666234,-0.061224649290928364,,,0.026878784678477326,-0.004352150332256318,,-0.013937113171045854,-0.009913995281227682,-0.02067625281631666,0.06878689323015795,,-0.04921011306635713,0.11526267408096517,,-0.005506959925212289,-0.01853834017516025,-0.17031229633370307,-0.05765684152179944,-0.5432699065147074,0.2607098640131758,0.33371409857007667,0.4848539770340596,-0.04419277389619527,,,-0.02522006775276718,0.001162152808987018,0.04457014690064153,0.12321150937569744,0.04819751187225112,0.3355246905466492,0.06604072904682527,0.259534423862466,-0.018945421937891133,0.12079714920109548,0.7820917811863661,0.9794768372745611,-0.04634629559659782,-0.10415717905082515,0.9425905974749942,-0.06257616999096828,0.5245066050606445,-0.14774509404851482,0.009336077833210608,-0.03460131822911933,,,0.014935714858847303,0.04040423389067197,0.08058650522444971,,,-0.21146564593245964,-0.07890275876386835,-0.0011627728306406598,,-0.2495667414687613,,0.041528622650473274,0.017082856061011564,0.11765483874816665,0.14407149624461374,,0.4840065049282536,-0.06518414844695423,0.01946546880144018,0.0007068529019490209,0.12666267557735883,0.1771748666603613,0.21162471377862643,1.9293320942264933,,0.015563536887609548,-0.025780507025374474,-0.6346896909945595,-0.12457895298033489,,-0.01651714069457924,,-0.33242395463393937,0.16178990734470072,0.049297391330455534,-0.13491759148502613,0.3288420873171688,,,,,,-0.5101218669016081,0.6539437534962766,-0.05840666442629876,-0.003793357947097377,0.01264261963104785,0.11913916638738259,-0.5442182304660294,0.12747083729495534,0.058027572753646395,,-0.44516046461339426,,0.001904095550782331,0.07393722112110547,0.017820902695872345,0.05311649390628903,,0.1262281253361386,-0.016782441154009297,,0.04008118622182203,-0.00658377921341734,,0.0010195019577549536,-0.005045582247802794,0.19300529553484325,,-0.07459758276930521,-0.0292350946466584,,-1.1120097091906331,-0.09201743875675698,0.6494535067624954,-0.12380712744111373,0.9875099189314197,-0.01102080433782598,,-0.1038167885600999,-0.021108293280886245,0.1655649912126516,-0.008876168996046464,-0.09159285775581721,,,-0.0055524430150891224,-0.042506318234060494,,-0.020094509529373063,-0.24179392131064786,-0.7523207382944254,-0.4852411179255684,0.02645097014357856,0.05285909054202545,-0.0011815085797294538,0.014627990527237247,0.007652267433679499,,-0.011358118844494502,,,-0.01667528115513193,-0.031119940950974298,-0.04774809541163651,,,,0.010759433366002975,0.0010215210115480876,0.020211151440878792,2.058004202648425e-05,-0.0011077892147388461,-0.025452808432371382,-0.7407773810053597,-0.027944052423649328,0.10998284895658028,-0.14158481139912982,0.09253837820222248,-0.07432084270478104,0.07408456136395401,-0.9844824134496503,-0.004548712973748783,-0.013596974031029493,0.030801873725414992,0.0390253128421438,-0.04346547203663971,0.6744052704780046,0.09965855873641638,-0.03137885374831279,-0.0583293080633471,0.07411474556135998,,,0.1941121777922497,-0.10242426763534115,0.42717434088477346,,-0.19694455038264885,0.07763732469836132,-0.04542479020413626,0.29922009498565916,0.045149814502856184,0.03563548008946662,0.3650839443176055,0.03442195714823666,0.019502945778279494,0.013851943248338758,0.2690462637976155,-0.005523270167810275,-0.64545649734097,-0.11651598728799631,-0.010864733329440789,0.005469821230318833,0.027128031893808604,-0.8641567556052605,-0.3802512074733643,0.011009042960824882,-0.0027432223048097053,0.04632731553316746,-0.32025516180256003,-0.026168433909113033,-0.14409893222637818,,,-0.19251227748136002,,-0.09410257248797622,-0.6691366156138818,-0.04687178295933632,0.09026989802408134,-0.011555108377345299,-0.06501497177707982,0.6562366520110905,0.05396116374672673,-0.0375000319547596,-0.02860537149646313,-0.0437066677878158,-0.38045982191873845,0.5524127556277316,0.5964041291444249,,,,0.22369004023035213,-0.009543643244622972,0.052274769318585566,-0.021188820761863732
2023-08-01,-0.5482440278345773,-0.5646352742758306,0.3114545129145819,-0.046847437547677846,,-0.08009648025780544,,-0.34369618860815077,-0.08748190255395852,-0.08036950800114273,-0.11565425901316986,-0.37792543811243373,,,-0.6948435650836486,,-0.028683619605019056,,,0.1439061746501041,-0.017788484550436558,-0.02640884816292148,-0.043948500763298974,-0.0053549059913453306,,,,-0.040554482614803024,,,,-0.037835927277077165,-0.06788265716663233,,,,-0.14534717802283925,-0.07976368472434722,-0.12061173044669789,-0.5282493480079068,-0.030037365198146704,,0.031051808542559775,0.39129846901688997,-0.24018054918434106,0.00562251877070672,-0.06462107905513224,,-0.0952669118039153,,,,,-0.23526705529300637,-0.08507688985101028,-0.10914131584605608,,,-0.10311287240654339,-0.07520183353084746,-0.26484850483226097,-0.5120361414430681,,-0.024110956418266615,-0.06380090343991462,,,,0.553952142083701,-0.09416039747840191,-0.09477208833567095,0.2525388324960666,-1.1980395698556303,,,,0.05470196231537557,-0.036569196878927096,-0.028861849675250954,-0.022728053609103294,0.011445281450897684,,0.16920550508800705,-0.058283759615489386,-0.057194829563177035,,,,,-0.0649391829804344,,,0.0014619364526549429,,-0.17268571564640098,-0.0032578607380633826,-0.08775098360963311,-0.030084242839731296,,0.01948494440567057,,,-0.040172714223254746,-0.02741397827591135,-0.05069540506120169,,-0.0181127010169633,-0.3324297553175236,,,-0.1322577090999944,-0.08484868896882906,,-0.04454063591973912,-0.026912314939883327,-0.03816846897832034,1.053104134640624,,-0.04282463446903332,-0.16272734149985002,,0.056102104194737906,-0.03525003931890681,-0.052403045222838965,-0.3266834254598641,-0.06373105426436305,-0.043625058837703824,-0.08551279792579428,0.43079823627308755,-0.8555706824990816,,,0.041928952066685954,0.007640480748238047,-0.08406547060887712,-0.043475354424200495,0.09546930401982451,-0.10570599286327802,-0.0992055965853733,-0.09561294688619619,0.22866158778488793,-0.13127634276038683,-0.10470708259399081,-0.11121078490774032,0.18873438199774714,0.3378581137096611,-0.5862175461300488,0.06289102422044504,0.6413204006852842,-0.08042012781614094,0.11966368920829762,-0.014044626541678838,,,-0.0557532907862803,-0.15016316837755675,-0.10450939817829014,,,0.17613586852770394,0.03179326774742333,-0.04203882850723557,,-0.07412319861959346,,-0.1234157282853073,-0.3972601579802396,-0.04488174380789316,-0.5397790674904945,,-0.037180164828851905,-0.07002212656923645,-0.020620475078031046,-0.015499546391553619,-0.07584874959521036,-0.018839990670277203,-0.026966608527467625,0.3732052298223877,,-0.06273149169297376,-1.0144898078798417,0.2673654858095035,0.026492440226731848,,-0.016213490839112814,,-0.21769413674288796,0.21371136779880381,-0.1264823761676871,-0.0710028464267562,0.030184763568169588,,,,,,-0.03191327411127794,0.3662222602808966,0.19775190611259244,-0.04448284489729377,0.37537477587389717,-0.20374619509733793,-0.16480567036145682,-0.4139113621160486,-0.1454955917237003,,-0.059819386590259205,,0.0037342929731888526,-0.15189012302679736,0.5195978822541099,-0.09388234328444715,,-0.04141419316848009,-0.14421697458835042,,-0.049656661774996,-0.06752352759558983,,0.0006499563979026698,0.02586180426508201,-0.09082850384889145,,0.16894522701392078,-0.15715741418946488,,-0.048836726048451726,0.6213025043073107,0.05512030376594307,-0.012004333182198382,-0.003136740492097747,-0.04333578686495994,,0.04916177543101807,-0.06926888540891243,-0.09131271523087961,-0.03225353198032624,-0.04316342848620633,,,0.21205799322588342,-0.06063040446780929,,1.1126150169557751,-0.07939046178435842,-0.08349234679214779,-0.08956731256905806,-0.09002406521133278,-0.018303321888266822,-0.017893776664162083,-0.3177043943408288,0.4274332542261948,,-0.026322297198973815,,,-0.13304739268180665,-0.05387769254422188,-0.04752732484575753,,,,-0.0771254757463048,0.0016324106361817246,-0.0934270031114469,1.140490236845551e-05,0.007232248277669872,-0.10744194288541972,-0.23823566181727415,-0.037281876173381676,0.08532682233247772,-0.04430415085325874,-0.07757801503805195,-0.11400490822179075,-0.21358239648114996,-0.1124566744668275,-0.03867230819394972,-0.12300106979786443,-0.06982467984530302,0.029095646483107522,-0.03495951077346316,-0.2531659079861647,0.352625664296433,-0.10374746870688031,-0.10591286760887139,-0.10264754905088487,,,-0.044414308546533776,-0.04570028241449428,-0.48677925558173535,,-0.061923064212200216,-0.22439595439103785,-0.07824806398260835,-0.015570624934898277,-0.21642305268764686,-0.04525124537115327,-0.08269843900566323,-0.07619488325572872,-0.11071260965054425,-0.5004121035987378,-0.22303339968712266,-0.1438698174731574,-0.4392848543608774,-0.014044467000989446,-0.03378245293288252,0.42635140668352334,-0.2578019173335515,-0.024602472809925717,0.13693321557640803,0.20858229690544672,-0.36617064649404996,-0.055727566261210816,0.23275866710900073,-0.07592693858802808,-0.09351706164563355,,,-0.3631830578856494,,1.2414679750403854,0.2032772550834856,-0.17193430944449195,-0.12276036924823751,-0.33554061240625077,-0.14944189268151098,-0.02735299475395188,-0.08981996858876344,-0.3534661387822532,-0.06913001479308718,-0.5129219136122146,-0.08837877340534847,0.0285633721582243,1.1308299180759833,,,,-0.1365023300031011,-0.013664500374011004,0.02131747374113687,-0.299383871901455
2023-09-01,0.12242107294368285,0.2061109408784975,0.06492501538597069,0.04758301646022475,,0.284411279855707,,0.04718776982921439,-0.34377664800157454,0.3837174740603229,-0.740197055437618,0.10950478795268123,,,0.09065430759207119,,-0.0007765576428573074,,,0.18386165642187965,0.015940037222343016,0.46544363087916973,0.04149027922123722,-0.16561365606279266,,,,0.07102491090280835,,,,0.2191514883892226,-0.06279067368265849,,,,-0.14958840951041832,-0.04702474334708161,0.2729358776023451,0.04907276899155268,-0.02882738227615289,,0.24955643624666737,0.07718315096448965,0.0782139883389698,-0.01766563569926623,-0.012546774175005132,,0.02163401683471383,,,,,0.07020993257201744,0.05647750906229989,-0.03257372617930206,,,0.07358827020051079,0.08270565890989093,-0.4645357325753364,0.676030592917837,,0.025137459469738634,0.46167893103189883,,,,-0.2811464499707012,0.07928561142037785,0.058859284653667285,0.12070756849596134,-1.7161939665142147,,,,-0.0006303438647292074,0.10022465420183962,0.1719906509766844,0.022189000223396562,-0.009671818779796632,,0.018886041341217297,-0.06580046063948752,-0.0010905052935204843,,,,,-0.8471646870075248,,,0.05707898909735894,,0.45685924983036197,0.014378519135716191,0.04490441069743842,0.05200220243712303,,0.07569702901190158,,,-0.0710707891010376,0.05379380185705058,-0.22935260286684442,,0.019541983391218425,-0.11991913822542825,,,0.06078811168809402,0.09227411533464876,,-0.016890913764434433,-0.09104716530867096,0.3363020027885665,0.2078548596851795,,0.042011465907219096,0.25270570659390257,,0.010424741240700676,-0.00048109577502528534,-0.6636207356684458,-0.04697679223346161,0.44998636908520057,0.06625833980621117,0.13188289928850735,0.44624931295885123,-0.0874488930802342,,,0.02769392307255325,-0.0008429877031781274,0.027532528440184306,0.017423975806496263,-0.6680289769671502,0.021763994777345287,0.018327367856125706,0.21776743071274302,-0.008480467842549522,0.027640500995367058,-0.05967837831044916,0.213774117231171,0.059939976487640906,0.3476584441027062,0.4021518849847599,-0.4792115430504272,0.05901593811218502,0.0612234697602971,0.05927914698658268,0.04627045273084211,,,0.12399641854655961,0.44103569197670767,0.051891648448436016,,,0.06506301835683544,-0.12750314679695515,-0.6646626511220177,,-0.08256985391719267,,0.056859599860703665,0.03332003735319221,0.09679689143852127,-0.23547876203730247,,0.07754904967022214,0.27015070464785074,0.032600260422300895,0.02129607839576755,0.06050721856552006,0.06014450403571114,-0.3810922710306149,-0.014180201660335044,,0.007740947809348938,0.048617670389099345,0.23061158661800735,-0.19577853780752247,,0.022275705775364397,,0.050967377180818174,0.09864199906159905,0.14300963352069715,-0.2711919863413671,0.08875195732134232,,,,,,0.024559278380537064,0.044626855020150694,0.18996425127948002,0.01648502754530467,0.17139785987568962,-0.007837528066787319,0.08635703515806609,-0.6517015795092327,0.05883819045411142,,-0.16448485562081067,,0.5130138346533577,0.3425128035716382,0.7618662735372888,0.022477221467304798,,0.23608530867989663,0.04758899193587695,,-0.582420993205727,0.47202685405278627,,7.966415671560416e-05,0.005318007995126817,0.0832734173824404,,0.12693276602658793,0.09614378862497147,,0.1248048352268638,0.031165900532238444,0.132491261118151,0.16178577049819723,-0.7780942251254812,0.06732911306653268,,0.037017296118116855,0.04708029425638852,0.045719294655435366,-0.12357502118230933,0.05592708329321493,,,-0.13930065747041703,0.6275470203369626,,-0.06751776227044794,0.039526043663045206,0.3635274855949,-0.18657028002964654,0.05905091119653384,0.008841271092954878,-0.0542172554723813,0.03281571880680551,0.06800117328740307,,0.03748505961466145,-0.0023596228326622833,,0.07900481733081571,0.06913997147430717,-0.03969271127734747,,,,0.06666596344518848,-0.0013238332966904053,0.038421764183083185,0.0031999977152055476,-0.36754762847790906,0.03261047213834928,0.05858635769232878,-0.36590677002136024,-0.5667613246351374,0.02812416617858519,0.06751241622248769,0.07124599498158055,0.021542190822206365,1.2931991249514496,-0.3258372553074478,0.43395283660851,0.06241253101470669,0.004789439940365371,0.025872469321498164,-0.5658183473365646,0.01582508216705118,0.8737601999938092,-0.14769428348739755,0.561340847745106,,,0.4348863877626874,0.001568221266928651,0.02456560114001615,,0.034793831979156954,0.03584570936916739,-1.138387891073475,0.010998342301448291,-0.040601246779061205,-0.16976115263535232,0.01058005899712678,0.025493034008137933,-0.2633237626393022,0.06008418036771018,-0.4432029071250153,-0.39925907837593416,0.11152424316426365,0.39209893636582,0.024866617811368896,0.059163768363833955,0.0567959583873391,-0.16858966132576575,-0.3641200516635504,0.053073505875245,-0.07410721837891387,0.044078844060240735,0.6093651788901149,0.07735633175526,0.05812621360981392,,,0.0713025549161441,,-0.27168768918265457,0.05025679048447791,0.06770508329883254,0.7840121298098309,0.03323199252130563,0.6356660054448415,-0.011492546975469038,0.25209764696056275,0.23571938171800644,0.015079436886182039,0.0051644536668811435,0.44621838439683537,0.02570518646077138,0.05561236890798589,,,,0.12749285342563405,-0.6454953902826324,-0.0383954482257512,0.1960104222454804
2023-10-02,0.06871714628139947,-0.10665998324562798,0.2576408359744615,-0.005932732776188033,,-0.03822218646930436,,0.011633141258927303,0.01798486796432275,-0.002692535938819636,0.010876500116968727,-0.35468481756248,,,0.13778135010263545,,0.013147211463451887,,,0.151519283685744,0.008133536218545605,-0.17861809549850738,0.16650025658857937,0.059770483023388894,,,,0.04610896788112645,,,,0.10024730395702963,-0.6089177239332811,,,,0.08067363414885817,0.23683457554834092,0.18127248450514483,-0.2361565234668718,-0.16923841009027704,,-0.04439020329369954,-0.4998227415864882,0.024655272697523465,3.262623203011659e-06,-0.0170759961515091,,0.26962510578474697,,,,,-0.09179323372422489,0.252843985073454,-0.12398553397365258,,,0.032920273289377126,0.053594081769735645,0.44851531756449736,-0.15175567073554405,,-0.009794264616189813,0.07676962480839414,,,,0.30652363186405385,-0.08894885027837514,0.03369147850514332,-0.11987220461399467,-0.040980002808019986,,,,-0.021260473727321486,-0.3884289410441512,0.318179295124781,-0.013922167406620126,1.208285219039532e-07,,0.04862105563017362,0.04387003599998474,-0.03560882700881458,,,,,0.5031892648715428,,,-0.008633836756158485,,0.05627860184417021,-0.01629240955575551,0.42866487452062585,0.018352667082125303,,0.03602066839557094,,,0.02635100766411846,0.029082959993265985,0.02830139155577269,,-0.2835908989404095,0.05797808244440639,,,-0.0074569392288164164,0.34420379835660575,,-0.0106096454240327,-0.3077574448469522,0.020292191443551315,0.03685412919816694,,-0.14890214571024415,-0.04228949742965886,,-0.0028473057397576298,-0.0016244416119527794,0.06738205237088524,0.5748065310161101,0.07440094847715908,0.05534955311873333,0.20136388047265757,0.0634048486325869,0.04056115597048334,,,0.06409922844974139,-2.278666788187242e-06,0.0127748032952151,0.009540190649162018,0.10908441700947785,0.21985590658707665,0.2193182884980899,0.08431840082508317,0.021626167614360155,0.09730340781682333,0.17121612953444584,0.12327917509682207,0.06025477838558103,0.06599242809680715,0.1690620396316243,-0.23201731878287896,0.14400144518135216,0.3602148177936985,0.07182693863660618,0.09231688866372166,,,0.06995469069746225,-0.24292271807811758,0.06782375156165033,,,-0.3428151112033925,0.8776038724666236,-0.4585021004219907,,-0.10538787256393331,,0.22229221386589618,0.16948617229179128,0.10050830585416548,0.07706116241815993,,0.05136370936019902,0.00019853945904576946,0.052168204659357356,-0.011939756682638383,0.04315448188707095,-0.12173434178744395,0.4281114624773416,-0.11895250869300805,,0.4141362299764585,0.10773344920526677,0.059271003640610775,-0.903186159755055,,0.007085997684415645,,0.05300669699535465,-0.0483559810222353,-0.45559810000060535,0.0799443151722724,0.05184591331785638,,,,,,0.6329499455404582,0.15824587007167126,0.07301030686171774,0.100197049612252,0.15409677933952146,-0.22045868219998918,0.055542475630179396,0.150794160374182,0.4783778847172852,,0.23436503754979762,,,0.05296720064031491,,-0.29399245637384974,,-0.15193155372817768,0.7359288490026163,,-0.1529822702169199,0.2973434995799077,,0.005199465654981501,0.0005745183851928699,-0.18041472439840697,,0.42487929928132245,0.03276091985247073,,0.016330029384225505,0.24866796255310653,-0.14486378946469766,-0.00353368463756932,0.010276943656728807,-0.4704182131960826,,0.030116321570867674,0.08963863713677866,0.04711774585473297,-0.006600015257031395,0.3936015173820535,,,0.001034217395111389,0.03348927921211695,,-0.059023807315751714,0.04336625119743309,0.25372716963461417,0.060352267578396006,0.06401174450260873,-0.004219746340561372,-0.0011734212271005194,0.0838278396982915,0.12207203173399195,,0.0238659681058012,-0.00031504735110948745,,-0.0037433508218664936,-0.007582669813879913,-0.039324946985794244,,,,0.05338388022877929,-0.0006111911936266225,0.13064165147219714,3.67965062778028e-08,-0.0009406553377287407,-0.15908702190634436,0.13913100613725524,-0.10025071825266428,0.09384161676000449,-0.08131784775273967,-0.7459495658298676,0.09589879845885563,0.13910358534657047,-0.022987430097502426,0.037356091500546744,0.16256942135626606,-0.2629318798434096,-1.2233172399442818e-06,-0.0020176518279908405,0.049355637539705566,-0.16728420510307337,0.10368172961962552,-0.15083030405905873,0.0705584276442477,,,-0.37446331225066926,0.13054185126830123,0.22326225359566415,,-0.5420252362826978,0.07480388594925827,0.06921195174573712,0.11755942588566622,0.06737471986084571,0.23035747728535416,-0.19622012846911635,-0.030526638217455188,0.05792767411835666,0.031117508916596485,0.02536461615642003,0.12374568498880045,0.049586601961208183,-0.36796484888231085,-0.07708722248072661,0.05917980637096076,0.06113849833395343,0.07114375737219061,-1.1920070629751012,-0.33055391330900596,0.012986541060907911,0.10862799878237726,0.0655411611667606,-0.4930092768049445,-0.2534919681465576,,,0.00841051905400296,,-0.12852404753411384,0.07930307268291062,0.03996345408381457,0.23199538737658498,0.3620251967768167,0.48263648383528823,0.06300650702718433,0.10678021756066154,0.017240764113794375,0.14279513487409254,0.0730782183684465,0.006778591980819094,0.6330348011369127,-0.3475510806063265,,,,-0.08935082623553876,0.0470517329497171,0.07219709923617376,-0.164606545468857
2023-11-01,-0.07457280612925204,-0.1354545235415422,-0.06575398677763516,-0.12570591774900913,,-0.06827306451420777,,-0.054102501361484576,-0.26046862357356515,0.01065297550841441,-2.2701475510750266,-1.6250892672391704,,,-0.699805281596678,,0.040448474607928775,,,0.005804734983323952,-0.2707983188159758,-0.06027680017512133,0.08892739776764622,0.02418584116153252,,,,0.020118168568499215,,,,0.011433848612833102,-0.29244785973698817,,,,-0.017351818589006956,-0.1388326338011998,-0.0930658737984173,-0.3092500154907505,0.010116846410003065,,0.0026504013951799445,-0.2811260725147779,-0.05211800866295258,5.602810567011996e-07,-0.02068956380829264,,0.28023160344372133,,,,,-0.7844676470417933,0.25665450486393526,-0.05531488373737536,,,-0.2635395685575539,0.026714444421352894,0.4774278327995672,-0.026506725178067157,,-0.07954423240046085,-0.11355446073501953,,,,-0.031173690400626418,-0.9111185377386668,-0.03249849772314934,-0.035732663275181945,0.21672739239946276,,,,-2.1096938972647754e-06,-0.059260891775017546,-0.0823887718618665,-0.005300256165907194,3.0450290619348087e-09,,-0.10981007638331979,-0.1013108816855684,-0.005040367632935038,,,,,0.7990043161240735,,,-0.00040406253139944784,,0.34204893741477627,0.01627884961612486,-0.8895450121025856,0.04514690241001942,,-0.22400529202436553,,,-0.06017021480216924,-0.05626693565793834,-0.0419459095849061,,0.4818989046268534,0.21821390494620774,,,-0.8635617791519383,0.13689885957919123,,0.022334854791602812,0.002792189933915872,0.20150886600239742,-0.05916050187424908,,0.09390199662774601,-0.014500359661153196,,0.05234034679219125,2.3479766541852775e-06,-0.05239074065086105,-0.040570997017934554,0.05049440425771549,-0.05357669705986544,-0.030255067561081827,-0.018986337331376384,-0.33102056221132475,,,-0.0610771072391654,-2.126519023292583e-06,0.13474160268514865,-0.04186357919437091,-0.07302492979191892,-0.041710293763499356,-0.043829805225131586,-0.3632438391722106,-0.07427902487458593,-0.42142727357980136,-0.029860242077409633,-0.08253347477087264,-0.07752669679832551,-0.34511002709053124,-0.028069208586123037,-0.04043076832334442,-0.030052589740255643,-0.12609118244020837,-0.053255176359282536,-0.4525916035076415,,,-0.04565815916337182,0.09127594339412298,-0.01938455275226436,,,0.11265903904673237,-0.21542853731889597,0.31499825309531243,,-0.04082959494062663,,0.21186292707905757,-0.05297933270585774,-0.008355751679169538,0.029747703895793606,,-0.8912955262667498,-0.03384911667829512,-0.2640553028515861,0.07304716528557517,-0.2217088486799262,-0.06242976761147913,-0.3813637965376871,-0.031839496198245706,,-0.06242070318085789,0.5236351845076475,0.0706710248844015,0.35135669762066896,,-0.002626072772677219,,-0.05801337336510691,0.06322550701564296,-0.3591211623728603,0.09830459394091204,-0.022439306382159917,,,,,,0.05077754618369012,-0.08468097417921337,-0.08460234385751239,-0.0811177194834881,0.1615058820814704,,-0.1676615431970701,-0.012616692279640102,-0.03367877149647394,,-0.29267227186519973,,,-0.03364142243099139,,0.11215135091052997,,-0.01386239326093218,0.002643157791298074,,-0.05396813967322438,-0.02291963439452404,,-0.0002989407336995372,-0.0027069737784915114,-0.04023888004227378,,-0.11877322071810112,-0.491615832441594,,-0.001913602554572823,-0.06391247259645476,-0.1342496004789893,-0.022342659876593726,-0.06306328724705285,-0.009548153780752102,,0.01106921519633258,-0.0182325310032854,-0.048989495555918076,0.1609073630555097,-0.03381829686060493,,,0.002176594797358284,0.0041340018254119,,-0.14479129172037178,0.032925722025947825,-0.2407955142617198,-0.0025352084473493773,-0.0417387196675786,-0.025334428925483068,0.22504312577412974,0.03831551038872352,-0.40021271277135556,,-0.006218897078936115,0.0019294333596464844,,-0.04429026022007248,-0.10240091526883764,-0.003091427044574416,,,,-0.05546847683329043,-0.00015192739177416503,-0.08226077141487828,2.032215569047699e-08,0.02201915164752365,-0.4108201486649425,-0.023224111498914315,-0.03003427179473784,-0.2541016183635817,-0.09920539676809007,-0.01811717854896298,-0.04935721636870441,-0.035717532533378935,-0.007334795712298232,-0.050203725559394924,-0.112310542868089,0.47574012215075273,0.003779737051602478,0.0035872869628219206,0.07418326573697862,0.007158355847509153,-0.17685122327388308,-0.07626453274737005,-0.04784102545446089,,,0.1136203162412014,-0.00921864157736297,-0.024465893345196728,,-0.27251752538471385,-0.0165038574870025,-0.43437513281904405,-0.07812721584539413,-0.058228286174715725,0.19304779689541957,-0.25579343923984554,-0.11538716346719888,-0.03686784417187702,-0.08638197581452076,0.03967530983767112,-0.03587107144809737,0.14691234689672983,-0.059937899982277595,-0.008453752022180343,-0.04988806950416544,-0.14331753793942625,-0.014877910249041903,0.22037192293039853,-0.05684818333140255,0.0010553930915004617,-0.017389821567553587,0.014660843226465912,0.2251507926765575,-0.024073491842817703,,,-0.012519444851772825,,0.21927011392089868,-0.1740426271355688,-0.08319791890657899,-0.022225922277568227,-0.014612450347898752,-0.085396332125903,-0.02292870169994713,0.14019760411010052,-0.04115829286834129,-0.0334105072500747,0.027535660834527676,0.13554966042727085,0.4044207252981463,0.5389021898462414,,,,0.008317575685181797,0.02786135853538559,0.08664454754112974,0.0455079119608347
2023-12-01,0.026245274370151044,-0.06721316394205135,0.004550035232016978,0.012926726842456066,,0.1932169605256578,,-0.2572098731475609,0.10524063658287403,-0.23443764163548658,0.11458194972313689,-0.01991429695765287,,,-0.08730356692944607,,0.001519608206935206,,,0.17333624432915193,0.01981530087077956,0.03762936927001526,0.00957954626216782,0.04249260144042029,,,,0.09931018718232121,,,,0.020793207481532114,0.04212539016854948,,,,0.059894190631039304,0.06361008406678359,0.01699212254584109,1.715312406984146,-0.09347218803253383,,0.06455517016761952,0.04295222276543171,0.02914194452232389,-1.8007828876999392e-06,-1.6807446304968631e-06,,0.03546966117090756,,,,,0.03301119368674167,0.01684103075139089,0.11491638448316933,,,5.703367971706384e-05,0.32799602895628305,0.03765522866889231,-0.013451339322130666,,0.1772553769705188,0.16667493167138864,,,,0.027303965132912906,0.8887179376427167,-0.016971671771790087,-0.002814886663523808,-0.0320027676979535,,,,-2.3416159271157903e-06,0.019101371176536652,0.15765654320135092,0.007438358262564656,0.024452791722985916,,0.03511258178634409,0.10111277195955426,-0.4312745282643141,,,,,-0.10446982157896996,,,-0.014115619673953226,,-0.2632177241868183,-0.05493816759836743,0.0862834258834365,-0.73089031623072,,-0.03900680489111596,,,0.04510515613715713,0.011353292894356933,0.018246635014394736,,-0.04737769815888651,0.2509845322128944,,,0.085185718357936,0.03237914296731459,,0.014693770864240691,0.051702398656714325,-0.1875193327400949,0.48062095844891717,,-0.0424635077151605,0.13457753028879893,,0.0016795702851445837,-1.7793832175682308e-06,-0.06939454076539141,0.00901854931354518,0.17613836780767583,0.010577348116304421,-0.004260628366807474,-0.016498209261702153,0.24609693279693917,,,,0.011977238343887704,0.04621044338088689,0.00748084965281062,-0.25874182614122937,0.006315787254033594,0.2726252039736716,0.04196855460356212,0.07461211310733734,0.04269919299342605,-0.15844383750803331,0.4969018154820503,0.019944564883579527,-0.25803766390414434,0.03271738941435477,0.042649129119042714,0.34763298564690764,-0.0145973349172636,0.16018658813632422,0.09780765087891222,,,-0.017453493289357077,0.06879240549160473,0.020978668720840553,,,0.4880283761699078,-0.0489095058412151,0.10578583271649991,,-0.0026557043761074864,,0.012726815356809732,0.008412518606428289,0.5157438215392641,0.1330194809749206,,0.034288917039637594,-1.0100541399628322,0.37336494148387755,0.03434625629311899,0.00670075465001309,-0.0019369704227178678,-0.007853103071671603,0.0038641994773492743,,0.05104604654765129,0.09038166694978222,0.10385155696116327,0.06268380427489348,,0.002982390648947633,,0.05823025102326563,-0.052301969242718724,-0.5349178176412566,0.057387282493893244,0.24891932357868715,,,,,,-0.08171390000976829,0.09501788788063584,-0.04660187956473797,-0.03593256961011828,0.008454460722749494,,0.01850695142245034,0.2494064445184589,-0.0021937501663675833,,-0.07302526725315871,,,0.15738624893337327,,0.09875613778306028,,0.0042423411365637605,0.042607823611972614,,0.13958431403468252,0.1545896228398332,,0.0006722686871449673,-0.031027335344542235,0.007361277434094212,,0.5828070189573413,-0.14195042075944775,,-0.045572486358212816,1.3988705501287868,0.08827942029867007,-0.20943481477503875,0.16239356572064598,-1.3074345135479079e-05,,0.04778478722505616,-0.05468548251265215,-0.17216216162040202,0.006582451916829071,-0.12948464261258355,,,0.012807543245879042,0.39560304740896046,,-0.002021598805286539,-0.011802734144742392,0.3684101467262331,0.03840580010187879,0.0064600446134536775,0.010371692530780166,-0.002257265580679897,0.04631395988060277,0.16581838938493573,,0.003095078660182183,-0.019681879629936012,,0.00480187121184226,0.17162236651657156,-0.005700458591695564,,,,0.03695563662347461,0.0003600557796968799,0.05056580832573889,-0.006808321016173023,-0.021856618471895177,0.24681644511757694,-0.21906953775366345,0.33185700650249705,-0.04436311824110856,0.009311096380086828,0.018668175707467982,0.012494719028195453,0.019332550552827236,-0.27729602515906543,0.0008139941186814268,-0.008297012892830443,-0.24428319778555632,-1.9608540287208787e-06,-0.10766702446874943,0.21790480845165466,0.042790857160323825,0.10220350682448678,0.1759631009883193,0.02627404291080566,,,0.019682221523555848,0.0032727978064684506,-0.05429169586406162,,0.0047782868345691825,-0.16571620551447477,0.23508525807544198,0.09008213766489849,-0.16942861559699893,-0.12471672649549019,0.019200099860576803,0.007690574174394494,0.029469804507589112,0.059394977571519916,0.03340954823792274,-0.07495369175448131,-0.014876889087577791,0.24983771516237074,0.006757611683060684,-0.1601916613764768,-0.002437393656378839,0.3713835922457367,0.6081048052078112,0.046866710874067505,0.9049981901206162,-0.006071819099450704,0.04322991418611992,-0.0463181029921315,0.11564011149078093,,,0.5668046035974789,,0.4086402573249698,-0.03529969763066188,-0.44190449560917844,-0.27957210576689306,0.02377393978279945,0.07598458451602351,0.009906479300681548,0.1003153885293002,-0.09886594149342715,0.20815103352089248,-0.0701094132440144,0.7714572045119253,0.0667360601217532,0.21553105939302147,,,,-0.15060553236173047,0.33817336948795135,-0.6615317310582988,-0.264777598521228
2024-01-02,0.33332965705003614,0.24226099627532555,-0.011688690108066883,0.08763027659298032,,0.02169570629044954,,0.10760825305679186,-0.26852989848626624,0.019784515572473425,0.046508233411130175,0.028367621133373967,,,0.004274219367648277,,-0.002723944270627075,,-0.1156675365491841,-0.006927456506900524,-0.31550077300893514,0.031297880703710305,-0.05067398378217706,-0.008334399502551276,,,,-1.3962353428014505,,,,-0.006482220803063352,0.45735431969592977,,,,-0.04630547090022667,0.29893836281535413,-0.039681514963681296,-0.02476071377014437,0.06019314932639165,,0.0792211692266699,0.16766046791778025,-0.07318674478762259,2.3408859028731275e-07,0.004915407312511868,,0.02698912140806804,,,,,0.21559167814502384,0.04231044144715456,-0.03384496864685389,,,0.006040761549623983,-0.0445462686379023,0.001865426713255118,0.006768151864049967,,0.13909475917772526,0.10315059382694869,,,,-0.31467762852734976,-0.007966142765990086,-0.019068651390893997,0.006984261949557511,-0.07689057479600059,,,,0.017340531959664226,-0.023264370059315358,-0.035555292716979076,0.030099687512654738,0.014056638832525012,,-0.08513868926238947,-0.04418641635329085,-0.08533284017814574,,,,,-0.24671541592773558,,,0.0508877616050467,,-1.0045559741697878,-0.039735606859390364,0.012850718262767976,0.056458487468514285,,-0.29180924818018905,,,0.04429763484430246,-0.17207752299502602,0.05126314826567715,,0.05936825209764484,-0.024393345956604605,,,0.3329200540155067,-0.012188051468143637,,0.06167291826842934,0.05332950790541433,-0.19177474250921095,0.10340126608336031,,-0.0024639402991678203,0.3925110836309098,,-0.043349247660141914,0.013716364902443835,-0.33027831450812345,-0.09190937920838492,-0.3943937197327177,0.1217789647723802,0.3557303771162737,-0.44400218767241345,-0.11864751885058297,,,,0.03468317323291681,-0.033220362347717886,0.024233679526872744,-0.011128023207823159,-0.03947025665072108,-0.1301349601700939,-0.03681562641671392,-1.4813890510390535,0.042719907382084865,-0.006401210982833819,-0.0247091779026863,0.011253050541311916,0.05712108678172303,-0.0028558963184621405,-0.031079361894396283,0.06407081165026507,-0.08280847546618614,0.09654806082979922,-0.03515463560820563,,,0.003780451726526815,-0.2738488944292311,-0.015885705216500946,,,0.2285303532551463,-0.11211950372240599,-0.04893677047433204,,-0.1144761361034233,,0.7857465673109475,-0.054057453923377484,0.05518987184150984,0.019158867344596153,,0.8290027187736076,0.16105101718698187,0.010191621749092307,0.036386145419882304,0.031951682153623165,0.03821037211122255,0.37457939281595054,-0.01701159333934016,,-0.03673750524056452,-0.5028067503804046,-0.1585833157323762,0.6939478050374901,,0.00803803665847794,,-0.24973729804437067,0.7590267921659123,0.0016435678653305575,0.08374745025902706,0.07523441926990566,-0.03523621403406988,,,,,,-0.14011682806654205,-0.038273901480063564,0.09212166762170244,0.03848938197283652,,-0.05463131291795395,-0.03188442929081803,-0.033490137834829535,,0.18101112851914336,,,-0.010220264908943516,,0.16122053766396893,,-0.08493193236940227,0.019654194771607115,,-0.09744701574615874,-0.4917872872497792,,-0.02536768276924008,0.08699857136064491,0.05773236725549348,,-0.036005327337487306,0.6547102455496695,,0.42962702235512784,-0.04279722370461836,-0.05396593135690884,-0.0323791376143998,-0.02608616338836278,0.046135858855698555,,-0.01856242585155315,-0.02303732069965456,-0.049354344761920466,-0.21335210329114138,-0.02030609550167374,,,0.03265496688628949,0.060186319483110415,,0.024191444896159542,0.07804343568071738,-0.3747426689746664,-0.13570380042466926,-0.14229195592088897,0.014186251207969477,0.009044880991590655,0.2801570112051841,0.09518713701796919,,-0.05556770739191731,0.0011168036882657061,,-0.1477983883252248,0.6144230388426296,0.05524650142265448,,,,-0.12737591294053444,0.004428210279355787,0.02917695269414495,1.4716218649858861e-10,-0.019934729892547336,-0.13743148495326865,-0.028175941189113773,-0.025604625535266066,0.21804084415164998,0.027891729433117712,-0.044786148716874606,0.5469257815056631,-0.16533351716033362,-0.3788572650687015,-0.1348489435016532,-0.012741667889432193,-0.02946106471063681,0.00897179331796363,-0.1187938278785038,-0.5693717107283036,0.06223049680588871,-0.04442461479649945,0.8340909703590229,-0.3472343739448185,,,0.16032921780285983,0.12289082255281895,-0.1414699397010047,,-0.02950397463881617,-0.027592506000146913,-0.037461617371041395,-0.03610240325552633,-0.285514972285452,-0.038033916015855034,-0.01154860944454501,0.09757862471408764,-0.05937999479671706,0.1108234791182625,0.011202316341022854,-0.32750470320569264,-0.021800606685684617,0.11085069574205177,0.002382462976078965,-0.03344011542074346,-0.03437586813063319,-0.280635808284577,-0.6103228274815621,-0.14931352114269406,-0.3862781904313333,-0.06379230990113738,-0.0143314592722268,-0.008032534366527799,0.03706087891191466,,,0.051533141951304665,,-0.13624135831491496,-0.055773989378772405,-0.7067528338465098,0.21145843317851465,-0.019226945522124676,-0.2671876875057073,-0.024095521990843752,-0.0523508461787812,0.28714113344824727,-0.33206585040247294,-0.04894480612698542,-0.06119172429720798,0.0029428063083503393,-0.047005642770031615,,,,0.6078165745117963,0.113048735065932,-0.049376314785110904,-0.001401630950170792
2024-02-01,0.035682632104476524,-0.2315281857627933,0.1398625701631693,0.02546551075234011,,0.6248954402916722,,0.1035080365354079,0.1531332182557569,0.2203027411017893,0.20984561261736615,-0.43585311318109005,,,0.016381993020370092,,0.022493742028106365,,0.15881904094481447,0.0048660827298773355,-0.008821448796031191,0.10551231054645853,-0.4274285468047991,-4.8869691462232775e-06,,,,,,,,0.10032783106945208,-0.015593803642530393,,,,0.015221960805891744,0.004548294709862668,-0.10240097957522766,0.24899094265438815,0.04365537339099401,,-0.13004695113200151,0.007003058768752729,0.03793340963268532,7.271422747169211e-09,3.695182504630983e-09,,0.28380242484326396,,-0.014884742180746688,,,0.0350299167565181,0.012589875368594121,0.1971561163915308,,,-0.08697979727053438,-0.3864289037328973,0.05204450602279066,0.02013683771180027,,-0.14693095035442003,0.006333051894017329,,,,-0.0014270928160166766,0.005081528770099963,0.005865417684874712,-0.04833178431598656,-0.031589448303357665,,,,-0.010857966463912213,0.06405353603176464,-0.2225551107899458,0.19883335307487696,0.01378901838664336,,-0.00786771569962928,0.3533865231646888,0.11173883188618597,,,,,0.23128572653289411,,,-0.003979439718394213,,0.10122292954614286,0.050231853154585115,0.0041414061509487425,1.4455349396623136,,-0.019693911542436136,,,0.009055073142411012,0.012491732462343714,-0.0013110941456311474,,0.08935072517932069,-0.3319156229921369,,,0.1043066094836319,0.005837069065968513,,0.010963147725285201,0.08707533850584942,-0.3713304199336559,0.3793128262400284,,0.011327534062487975,0.03633029708350202,,0.00391491491817934,0.0012950179630048313,0.03283869082288373,0.005291945648212905,-0.1717612067842949,0.11400352250626813,-0.030801897858528656,-0.03365516862557246,0.24718637493177126,,,,-0.006041787727518972,0.020295899427562235,0.011851523434234276,0.1049356525831157,-0.0597314036605004,-0.2113893858213343,0.2275553352530208,0.05399168779877253,0.02351766229381052,-0.1358466202733446,0.03937017408759163,-0.0006356746316539905,-0.009843435626307228,0.01036019950519455,0.015019250315119494,-0.14228805444824527,0.18306280963629842,-0.48640271696693593,0.045615115984200615,,,0.08689899510680121,-0.0358519493004959,0.5410261653510497,,,-0.009848486371666309,0.18505641156810856,0.06444561119203471,,0.006022550677411155,,0.05531255758104568,0.0023795605495450078,0.0183419732150644,-0.020648983148108396,,-0.4555555904569116,0.7002782948518941,0.004555739336741183,-0.0029570693488330108,0.01972249645375633,-0.6327348460463088,0.20607183419902603,0.20289062727464877,,0.028056881406897376,-0.1983231261392651,-0.044561633447907416,-0.39181371976530044,,0.011659033449452273,,-0.22317362735332263,0.12952911677169715,0.03811096817736629,0.4545696775538006,-0.06279312103407803,-0.030701262650632315,,,,,,0.054847496664589,0.0540215458075829,0.04102014802758622,-0.013520312811525785,,-0.023061949302039052,0.055429952442705176,0.00037541780260961187,,-0.03333606616367153,,,0.0031919961758373958,,0.03130736046540268,,0.057005289909315075,0.08094418935192028,,0.05273986708146398,-0.01655165729058106,,-0.00026000578051119946,0.0003188507617336036,-0.005241436695005406,,0.044492689383012776,-0.31313729683712077,,0.2039285772476669,0.13450520471907065,0.008382196468815065,0.008503964763007162,0.19848163698976806,0.01573694443806617,,-0.2878900753096976,-0.007783993691182545,-0.12110948962543443,-0.08494121257800571,-0.20318930112822667,,,0.005591391139665227,0.03512352707245032,,0.023656280586922207,0.3839997863247455,0.08789546057249426,-0.03614481389721749,0.02535097004627089,-0.014440425034735924,0.00802293144219394,0.012330954696726196,0.09706765354284572,,-0.06595598248700943,0.0008901189230902166,,0.019853794417205615,0.0253085077313505,0.0239034446326321,,,,0.025560019826152403,0.0008267202618147518,0.01630659228944007,2.9342390262876626e-12,-0.027914164562759743,0.20157937290689384,-0.0012942307906028908,0.018153746490006867,-0.013613001753874072,0.008119311054905614,0.1587297262132868,0.010024195185980867,-0.05555949941331209,-0.04251336871768925,0.0863639342847252,0.02111650744808261,-0.005471646345905377,1.8027356926083885e-09,0.024313580428091876,0.043500887887707486,-0.10019723483129578,0.04925761672130241,-0.0054741478607755615,-0.058966932509256845,,,0.17113728134263687,0.07525327955663495,-0.029254925281066477,,0.07542973596824204,0.002156332745552103,0.20209044282031224,0.13017329921268087,-0.16223390966315412,0.02407270452789195,-0.21870678451187656,-0.06088385755810846,0.00882409469120395,0.09487349914662205,0.0334316736767325,-0.06811926254424117,0.03346611973679729,0.021330235812839212,0.03413289772746669,0.018370060565952556,0.1513278735839779,-0.008325729013913695,0.034875089539544976,0.026103824025970595,-0.17174355651370718,0.030106303134422193,-0.1963537295808391,-0.0230859905869573,-0.0028696881850893505,-0.05907804060956767,,0.09245329835959505,,-0.4637786746194822,-0.01621384806793668,0.581660171155326,-0.037042844345697074,0.13378070097522343,0.04216785466028512,0.14601553068793927,-0.12415653107626796,0.017670614606408983,0.5987388022330393,0.04109420282291955,-0.011531264591278593,0.022537459889555616,-0.002403006007005699,,,,0.39803626236437173,-0.0381069196615479,0.01067811643607534,0.5523422924377476
2024-03-01,-0.001249859280381389,0.0019463617191245314,0.22545788547405812,0.07721287422336147,,0.03285734433397332,,-0.03505814298091026,-0.11921046833101452,0.5809505993959625,-0.15088842720309534,0.16687789924280744,,,-0.06112361148559447,,0.0006690429757831586,,0.01637449754235986,0.17214413649130883,0.05989795901769746,0.041561005910321226,0.11427511825605079,1.526863102384466e-06,,,,,,,,-0.026234202705316213,0.13214092142076916,,,,0.03934395320796401,-0.024038053643425122,-0.04283234340343087,-0.0484180523440267,-0.024455026642433104,,0.24022339353435604,-0.04515481319740772,-0.02823037431261242,2.5373543308069663e-10,3.717153241322761e-10,,0.002130778756741371,,0.12266276539097266,,,-0.03135235955274801,-0.050734951914179725,0.046864836134582935,,,0.34608928989327653,0.5108759359504721,-0.4740685063086542,-0.003683430162103367,,-0.015754189752822657,-0.10118371035446397,,,,0.35978992808149723,-0.26518068197786293,-0.03528795201545176,-0.06432484759052723,-0.9248616815399361,,,,5.900713962281542e-10,-0.6201221086859413,-0.05228064922073776,,0.01467850255616698,,-0.039250262578683776,-0.007806180661977422,-0.040237743392193825,,,,,0.7269580560349673,,,0.01650113904965794,,-0.1364973903883627,-0.008883943581572492,0.3751142736930072,0.7995718365647608,,-0.012125426358169652,,,-0.30155278020486165,-0.10534997100508083,0.026115329092500986,,0.2350936242218698,-0.1189560034246863,,,-0.11403823801223407,-0.03186799652421759,,-0.008299513994305027,-0.12642891148424898,-0.047648647273844845,-0.041012939264008653,,-0.011555476595325024,0.06520660019510952,,-0.017800183247227253,0.049733219575302384,-0.015767915567779005,-0.049301111220993864,-0.044854880512289995,-0.04110494760801986,-0.3900019018529263,-0.09171622631202409,0.11348006548367952,,,,7.89799226382473e-10,-0.03248188054665002,-0.10400269016004306,-0.014993332159201062,-0.04543558710428119,-0.04382277649891786,-0.046921649433566644,0.014129595267761443,-0.007191642786769863,0.22229189927530402,-0.01619334600260413,-0.0836303523330427,-0.16896403327343187,-0.07992328094650675,-0.056409247819311614,0.7512041706958814,-0.05176378702411567,-0.03260679998760786,-0.012822116840838704,,,-0.03680385701601357,0.01847660486232676,0.16957683832817727,,,-0.008182122315546169,-0.1052434842791851,-0.012458286478214292,,-0.16736601853499355,,-0.00559281098045797,-0.32732025398309134,-0.13627180567623964,-0.07496920251323727,,-0.5455206628814638,0.007533029496709304,0.24329560018643,0.0018194080797297861,-0.014727257493513866,-0.12080949525962967,-0.04260217026248023,-0.04468623729526055,,-0.02271680777120299,0.17901851958399517,-0.03021801922137736,-0.82161634955319,,0.03374090911613579,,-0.017996152651247425,0.38037884755858614,-0.914609310730851,-0.16188362636700518,-0.02725556842366546,,,,,,,-0.24418911996714143,0.01643062165983896,-0.1942365642192505,0.24731748447616006,,-0.3267417991562562,-0.03888696240982013,-0.0182023080531432,,-0.10328580667093583,,,0.3412666041529806,,0.07133366116752181,,-0.009708196930755458,-0.01566755822916123,,-0.04483936155345861,-0.05006128104138312,,-0.0003998730770750391,-0.006837595971484236,-0.02705866718496385,,-0.07423303794079533,-0.061037946724811824,,-0.11955898481168892,0.023491067310932628,0.019439913300145963,0.01908808769184963,-0.4182130653681423,-0.039721027353174544,,-0.38142395072727536,-0.05757677362012319,-0.012653562878041123,-0.11546433890991148,-0.04592251313811065,,,-0.014189981934492796,0.019090113771952057,,-0.02838866147040594,0.05435658634026384,0.4222240714567676,0.08290817920893723,-0.04740048411492603,0.043290233320309554,-0.009227394839049687,-0.03716729908395773,-1.0206295150888753,,-0.0008055728872733529,-0.02561554842994538,,-0.006646835099326742,0.0012948878465817073,0.23788310135859161,,,,-0.0284525226293083,0.009720939559442376,-0.00804866430280462,-0.012165680350401923,-0.04566443942378559,-0.1874879588147162,-0.04467019118350484,0.042701503548719814,-0.019587618960879655,0.026387494371333583,-0.18178814528103968,0.002836355879170367,0.07574761893630055,0.04642356905684932,-0.009440502696843205,-0.006468531817337987,-0.21957558823404677,-0.004624253324785504,-0.013172283901308666,-0.047021663779129134,-0.3021192631987812,-0.21325556834753892,-0.2994705207212098,-0.04952414038589731,,,0.05068022903391269,0.05467299509745481,0.15866448208488595,,-0.10343119108241501,-0.0471987959672742,-0.03197756957661481,-0.017848222419788395,-0.21979208186542593,0.03737009732720774,-0.013862160563482552,0.07296934490965207,-0.04112085154864698,-0.5914352169128777,-0.2721256400505076,-0.06865093014885738,-0.05483784757013936,-0.07260288845221197,-0.080958414758092,-0.032338052723175234,-0.03685721728842359,-0.14740909737713373,-0.43383119949754195,-0.23050541723874024,-0.4561462762139317,-0.0825574320553597,-0.05788453448609097,-0.2348941849215193,-0.03425972568369367,-0.02112445736966777,,-0.6003432827915488,,-0.03782760418572807,-0.010687576427394457,0.14937007602294683,-0.33651275356298166,-0.27653883023964265,-0.3147018921122788,-0.04104309308429503,-0.40943130791782006,-0.09090549706105204,-0.1127875796792882,-0.3776221091502053,-0.05312605488418943,0.004272614089828304,0.1437432347348451,,,,0.032482475950409026,-0.11945264767967385,1.1039523899957195,-0.37055244519224434
2024-04-01,0.2040813838513444,-0.04510108098832856,-0.02526170269026918,-0.0017278195651320482,,-0.1597175060816921,,,,0.02278161604147537,0.7120374385036485,-0.04190651593255233,,,-0.06580261196236872,,-0.0002009127703611266,,-0.4526739799003619,-0.0002895264828106386,-0.08982389646626712,-0.22332552863841068,0.06322492319103841,,,,,,,,,-0.17302117377256535,0.0522865683090386,,,,-0.0477000265108861,-0.04858269942473632,-0.05018843923695323,-0.037263742109458306,0.32287502877053537,,0.029329743932228886,-0.06686315956338812,0.011186156306196907,-1.841942743053411e-10,-1.7784976610788818e-10,,0.10531453779004167,,0.08512623238945163,,,-0.014626799260444252,-0.2603287612055026,-0.0443695152022498,,,-0.0565600931919333,-0.05045493026914129,-0.02838427221077293,-0.023380585291009538,,-0.20058950782355203,-0.09242569741512496,,,,-0.04340361412325311,-0.056540318066493206,-0.11999644459384039,0.30113617485887706,-0.15475240282637273,,,,-0.009417195897928317,-0.22273474669077203,0.5284514999230201,,-5.862208226475514e-13,,-0.060756388074342846,-0.041479558945712515,0.21557504456558638,,,,,0.2001619087510769,,,0.03045136617920774,,-0.12173213710059486,-0.440552420065313,-0.040780007941229234,-0.0432647070741493,,-0.6247015370802689,,,0.02641434525904308,-0.026650139807377238,-0.07255671627632881,,-0.3207976217948242,0.0028499625952262287,,,-0.007624155444246055,-0.044085084657988334,,0.10129659357178865,-0.09458658754197731,0.43737617775466314,-0.08587158384459659,,-0.04198271433171611,-0.31933273430955017,,-0.0035738695456871902,-1.550217907529934e-10,-0.28093061995653995,-0.04391606998753111,-0.040115767488341426,0.3953243634479772,-0.020506726008070242,-0.013697050925336525,-0.02463073098295278,,,,-0.01291348702571033,0.3213622095559645,0.0027466066968934266,-0.04269017107075222,-0.054336335902657226,-0.04980292927588994,-0.49925671479380446,-0.04290518145736903,-0.12981926107534217,-0.3187661115176347,0.09633398222458008,0.14498106939947775,-0.011979749422579226,0.4671322247569302,-0.03630114205347047,-0.06097606165463666,0.12116580351943923,-0.041611515433829495,-0.04278714209776426,,,-0.044368813186968746,-0.02656875515234944,-0.04115335401291428,,,-0.16571562150143673,-0.028081563346485858,-0.05077729768847383,,-0.04112804624565318,-0.031198392428347228,-0.035872795330691085,0.20175368713310463,-0.2358397198110711,-1.252398815494535,-0.009461544031396912,-0.0511023583548202,-0.03935018485378253,0.3266624965484404,0.017063327550034313,-0.019061648190006546,0.16187256669136557,-0.03741937999541035,-0.030992981768603982,,-0.12883414934117665,-0.2175349375964427,-0.1905930871940659,0.13266684383329572,,0.002741953349817014,,-0.28065523311385127,0.2133941945883844,,-0.24555630512679555,-0.056116015954495,,,,,,,-0.17092125896321012,-0.07410626667918412,-0.024540504632263208,-0.04771714372029114,,-0.043983766872420824,-0.05113254135443808,0.03791394486892856,,-0.0285856675904135,,,-0.11232056460284115,,-0.0334153286378983,,-0.010401607560942392,0.0060439177299587005,,0.43503064141961084,-0.03994146683171648,,0.004501723734642291,0.0072998950221547535,-0.10046728138888249,,0.08622534293628092,-0.08583304092438745,,-0.0017374816211881174,-0.027673394315254826,-0.7001442604682665,-0.2078535106268291,-0.05221166044804602,-0.04943119096257668,-0.11287175027346517,-0.039208814163217906,-0.0013589749287928497,-0.30119641538149294,-0.007095373348850783,-0.03162559274228177,,,-0.0005713244215736651,0.014082796922519993,,-0.04518822341472386,-0.035878257567343474,-0.013149241963976474,-0.04520364600158411,-0.3152052156386044,-0.013254020366264047,-0.003917843539148297,-0.04515692556943127,0.18013720130748834,,-0.06255889645339084,-0.0003102622170196382,,-0.07057268369340729,0.011520729957901741,-0.46544505401553743,,,,0.1346577186805169,-0.0009113361504345359,-0.012411971613659797,-0.0035512845427172223,0.02738316774821118,0.2998368626557091,-0.04018417830502116,0.5860004023781388,-0.04585504798692539,-0.015616719868101245,-0.02734183469398648,0.07841580649798366,-0.0573954196756639,-0.7873375697896381,-0.05151424692800987,-0.058489113346940354,-0.05590144066476617,-2.8471176384033295e-10,0.05032366099924242,-0.053783888945482174,0.019414826310972945,-0.2504295653117543,-0.15442824562211152,-0.03211796618335225,,,-0.053059234641459535,-0.0068201452947062825,-0.020488459776443774,,-0.18499149971392886,0.0048279226534070725,0.11414134590865195,-0.0396754521357843,-0.22264994471794203,0.031269393864649,-0.026656970595383175,-0.047253352733870956,0.09982420557469944,-0.0535928340767185,0.5359660941699724,0.0021875679547691423,-0.00735529863301939,-0.00765085793363619,0.17024963831384432,-0.0020368441438665076,0.24551431901681736,-0.0138456448016387,-0.12253344990000403,-0.15410008795117078,-0.05418312847412027,-0.10787573114203856,-0.09093670215456141,-0.046392625361171204,-0.04271004857894275,-0.06046596074722772,,-0.09347804885016883,,-0.4041121211790215,-0.0011269954145374395,-0.06287914950443522,-0.07877486773003683,0.009674428919695229,-0.29787078720591337,0.2520498140343413,-0.048961912890154245,-0.40046731818977827,-0.021255283578028875,0.02338051362220274,-0.18325127836083896,-0.0333712358389263,0.06094407751599659,,,,-0.09117219773156422,-0.051011078104688544,-0.06849080719521387,0.21400578064567935
2024-05-01,0.018257685373292015,0.03944487587645256,0.019610941837982204,0.0021026042256806943,,0.1697769085925768,,,,0.04104400433137715,-0.6659708228524506,-0.04702195918844338,,,0.0801999639936263,,-0.003781042211865357,,-0.0822255479886996,0.11924748089870478,0.006768257211615904,0.006104507059994057,-0.04559262028166754,,,,,0.031188525138824696,,,,0.14744628135659746,,,,,0.1349737421448168,-0.14807115708347848,0.16181336953695374,-0.09732636584655764,0.2552427067093921,,0.017638690381917628,0.020673515648182657,-0.3234982790842964,1.3132129936971506e-12,0.04302765468752549,,0.023455742541099882,,0.1916303011300277,,,-0.25702381661482565,0.0826631780594272,0.26087854754447004,,,0.3037144698634619,0.004796129701742546,0.14021130472541718,0.18106925498265006,,0.04173313359051259,0.014354906865254674,,,,0.0031230586376076418,0.20702993388492053,0.05968626874969888,0.03756124081232509,0.48657446732489773,,,,,0.2670058308078601,-0.26383658053321335,,,,0.04036193729762989,-0.25229092769603767,0.06017028290555631,,,,,0.02483920344791035,,,0.05429849011502026,0.18130533148101055,0.016964004236882317,0.000937464784913934,0.06665479035464826,-0.12283057740172203,,0.058273285049984275,,,0.001731683371745591,0.007677379919218265,0.001725554058301978,,0.0013943721475928742,0.020504897817047944,-0.1920507064621269,,0.010346282134092659,-0.4087111431111899,,0.034680709386166894,-0.0005131257920706661,0.22293816693002708,0.06692765263311498,,-0.06248648531493897,0.009381191249986383,,0.0019550525369121455,2.827435905702787e-12,0.04547351135673476,-0.1590405592218162,-0.09259851466389618,0.10631730967878332,0.07575094879605342,0.10292534170925993,0.011604788450075364,,,,3.326714113254565e-13,0.05201654032979379,0.013456657047173182,0.28344618300680086,0.18285646728733806,0.058253405433388895,0.06546692805015612,0.2661437598814976,0.05202086783410402,0.054693440791913725,0.27219269751113795,0.07356973850810723,0.01075453824922414,-0.14559610968418232,0.041872374770739844,0.058872521773072804,0.06496731725857416,0.16035794858712685,-0.016746652951775964,,,0.018418973771337922,-0.23910257901078752,0.022091372098772398,,,0.33308377307258885,0.04891770386230249,-0.17558438794735645,,0.045689158728249316,0.04570260595627369,0.13296021822041515,0.08241806434217035,0.33858076225787587,0.09908018437287852,0.08115891328395904,0.1474469205991731,0.011589347605484291,0.008287176181640106,0.0007340959020294637,0.05131630252613678,-0.1455042896367126,0.01399343458409243,0.06374500866008859,,0.25378316841434256,0.0673263668619836,0.044924101601795045,,,0.07077843867913493,,0.10709766764681543,-0.13856246726751903,,,0.021392497970790462,,,,,,,0.21479076491927554,0.04707987974613718,0.011958649356239769,0.06508233138889216,,-0.24151600694548478,-0.015625681110114337,0.06414044958659533,,0.06755486485275809,,,0.04321298046630758,,0.02946021971046646,,0.007846104256425615,0.0008568311843880506,,0.7759927053081891,-0.38328490469612075,,0.0014762368057523738,0.00032326218595328613,-0.11869746776040102,,0.04749270480891407,0.01994043266754507,,,0.6081929031520528,-0.004687218434922515,0.13690485498600366,0.08768335328213112,0.01897272981724336,0.0548663535185756,0.05107477114816381,0.15007267829703164,0.029531845711610265,0.0006141982731310044,0.06188063258562619,,,-0.00015222286907193945,0.01033080297240463,,0.05106857057625393,0.09030719862740014,0.08496621968272869,0.17792440196672282,0.05912363641727125,0.012714917766097466,0.002710209305957071,0.15065635150447718,0.018534371564099945,,0.0021262183387903673,0.009700866645639466,,0.05639152368813506,0.006898979480120872,-0.015013439678719985,,,,0.039063577179039674,0.0008598260282133267,0.004348754170092808,2.711013468494687e-17,0.041933579445358575,-0.016989422644817488,0.06561170976702396,0.1847561340511316,0.07385944723337838,-0.13966610882799008,-0.10702611359978556,0.06067297034430469,0.05047628440601182,0.02771536416121071,0.1664378621990846,0.01577761389275157,0.23645351000967943,-1.036751927751067e-12,0.001410091931734646,0.22218166107175943,0.007875883366576224,0.03585045592344082,0.04732272681713868,0.04069751214196676,,,0.21147261662606504,0.052580200527933774,0.4215758370298419,,0.05438702455465977,-0.04005054056638189,-0.058134493548497694,0.04909220002435018,0.05488098437903218,0.050516174015931274,0.5663736144939717,0.17164199210536626,0.2537531194539732,0.08543965721710153,-0.5949203945253017,0.10007905778635652,0.1683701311565946,0.03823646324441116,0.0009698534505364208,0.049519821957108634,0.050340616763765125,0.06968188214563803,-0.5154107517292217,0.04730509284952228,-0.080591112083789,-0.0919788844352114,0.059567366028789426,0.04216523512092718,0.1268151119681236,0.01909570341909561,,0.053027551391172864,,0.06933204010600257,0.07172455122561482,0.08805661368227852,0.03004634948112748,0.10662763243180357,0.051465683409575504,-0.14954483915234484,0.11368245379351993,0.04123639321980371,0.06858373870312803,0.12364654794269056,0.04376622043865765,-0.6653950706860643,-0.1497912996259559,,,,-0.03254467022907488,0.10557971465033296,0.3098747305072993,-0.4648266277029055
2024-06-03,-0.015681943653594266,-0.02393394940272909,-0.14339171846010035,-0.01280186869532398,,0.0096646739895179,,,,-0.10116654645540646,-0.06979536141975859,0.014631665382860686,,,0.0013974707594534294,,-0.018388519795505525,,-0.0459590562778765,-0.022652293013693894,-0.0071044820165625765,0.08317192736107937,0.01622720642088248,,,,,-0.019502513619249807,,,,0.015546879906818977,,,,,-0.011444627101487753,-0.028801413451460988,-0.01553108106564833,-0.08376648632023422,-0.348426865399314,,0.016672664389642818,-0.0005878272044821742,-0.23078211141359148,-5.221631576691706e-14,-1.8737734770644727e-14,,0.0172638957018066,,0.13817620484977447,,,0.2591474874610546,0.05671440258176991,-0.02540219429850478,,,0.004596098685329912,-0.3072626976202778,0.03019761734185518,-0.02683660410610937,,-0.006284014795680003,-0.05510334238388813,,,,-0.071068266800016,-0.017170140703974976,0.28877545661225307,-0.025044393328021365,0.011385050982045251,,,,,0.05335465156934788,-0.017918650851506755,,,,-0.01353736203647932,-0.057923481008396366,0.19824972599813484,,,,,0.027545972176838473,,,-0.0027296904874548134,0.093894283882551,-0.10331206576844175,-0.029908774936496307,-0.08741334278217945,-0.009949851333117828,,-0.014685511562425362,,,-0.09350996722928437,-0.009276548933726706,-0.0024039334494594996,,-0.0300991601083544,0.15899780266092242,0.07692535752115051,,-0.3844325320825855,-0.025942665671944993,,-0.022300629774219757,-0.11612030959152861,0.16038648845992842,-0.07959293941179237,,-0.07113428941991685,0.092599474945916,,-0.034492400900435455,-1.0017626176334808e-13,-0.12726543341520333,-0.0011772391699107765,0.014624943112262253,-0.006353230876546621,-0.6309045273386855,-0.0015537622008085312,0.5582107865721069,,,,0.020900474729194988,-0.6768409119575043,-0.03932086078982399,-0.04206438788739342,-0.13727139638642363,-0.007837740314181291,-0.09542147600630592,0.1750998285809657,-0.11681703290431084,0.6338715460315542,-0.0380379761750538,-0.4715816160763497,-0.03484805068624641,-0.02631697078143313,-0.013445724857338633,-0.12457678010465019,-0.0072292404933512276,0.03954307377361267,-0.04251088206763328,,,0.0902666817924588,0.04405974632105185,0.025656630693431808,,,0.03418176348176271,-0.030076210378861813,-0.03634501691386822,,-0.005880102634750056,-0.0418780292055555,-0.07526857193536556,-0.010134013120306401,-0.012264396320770116,0.3162617316975037,0.31073695710057675,0.2205629624965917,0.5669018871728423,-0.8699751885711714,-0.009411672509229875,-0.010820455691721551,-0.014825634499637875,0.09747680688317598,0.13834325253218288,,-0.05376537194787031,-0.021788319386535148,-0.019387227080665717,,,-0.1448979006422778,,-0.09114965041732119,-0.04630816911179858,,,-0.02558089791795079,,,,,,,-0.03720763725968025,-0.12699840975200175,-0.033361855471684326,-0.006304196341203741,,-0.003189523590950703,-0.016572853990571186,-0.010595345672772904,,-0.023772845351594324,,,-0.3363458613720951,,-0.021968034042196133,,-0.1300782862985386,0.03438821785691865,,-0.08957868118961931,-0.00015983747740274615,,0.0006906592600718388,-0.007069681699620991,-0.005368007566600594,,-0.021275270494458137,-0.051404743697624586,,,-0.019511959205935854,-0.041201984888547594,-0.01343493982489239,0.003196276365348464,-0.29601739773077423,-0.16157076177338509,-0.0334114666097899,-0.020807617007321807,-0.0314681639804696,-0.012634309068510242,-0.0021890890765431516,,,-0.01745832818159815,0.17959092380324107,,-0.3302542486333804,-0.015121090874962141,-0.044446657895242096,0.14313372361310087,-0.04169857601925989,-0.0014045357479903213,0.02651159584492514,-0.017143043225846154,-0.2260283597910548,,0.09747559954675425,-0.00103940942701255,,-0.017284174200186336,0.015989611679447964,-0.2390481084826429,,,,0.0802388851374673,-0.024946708323346292,0.007569699301123151,-0.015154650447327554,-0.0005859439625214057,0.0640115352274606,0.03516578649657101,0.01420422820307532,0.03782220948668053,-0.01757908430557029,0.06498828889979291,0.016644940409457656,0.005607895505145261,-0.19687295932787244,0.010348632668588124,0.011714770595595506,0.0234542238485808,,0.10113291271843894,0.8071826412507874,0.07918707991742531,0.21579840038317286,-0.019238605545035932,-0.018230281424524684,0.07397726821027031,,-0.024974436131384614,-0.01603320393069172,0.15558037921616075,,-0.011865679124286604,0.515372931252862,-0.02573197969083389,-0.03846946089750655,-0.011670404097556089,-0.08331652996733346,-0.12952292904041532,0.022864310206567685,0.2302652444784334,-0.41910082253529574,-0.007199901013523356,-0.04474566881572645,-0.1764011423136836,-0.021660356954673637,0.08268775964362694,0.07977809033768746,-0.28118152818241704,0.360919951891123,-0.042111686814335816,0.10050095515973058,-0.0037623221768692027,0.045865632027771386,-0.5566632315552721,-0.031592778552677094,-0.04940716169257067,0.007129757414328081,,-1.2875594120783638,,-0.05264235062737681,-0.3927526467894447,-0.27410502671073944,-0.42981127326747726,0.04642376864110735,-0.036202657784416906,-0.027441964940931655,0.4597741429354256,0.1000139658481048,-0.2853201483095301,-0.2893639096652315,-0.05432830019336141,0.1524910946396114,0.0072736096099349865,,,,0.027677803458582225,0.04324322472245011,-0.014334105085182642,-0.23869821747651107
2024-07-01,0.004276834661471123,-0.38712473041482764,0.0018335843369409344,0.0026850695459828297,,0.01010544562783144,,,,0.035471988327603114,0.16958230142061825,-0.0609664528953837,,,-0.025368556535953084,,-0.009981279882373876,,-0.14313542788324282,0.004122676090169402,-0.11754786923601182,-0.019296264379882768,0.014468284687503656,,,,,-0.11035111182143131,,,,-0.16951578372835766,,,,,0.12250230440651444,-0.08267055624334872,-0.02806224803561048,0.03885621450252107,0.0335844907641749,,-0.06869268814249806,0.0046344512378064095,0.020661535108436248,0.01705424008712824,1.597245407097698e-15,,-0.004949012209097601,,0.6480701897257559,,,0.055380700310176376,-0.06306183140809798,-0.0027970897909018536,,,0.0599883344503689,-0.01619930031161954,0.22196668111169923,,,0.2260541234429651,-0.10447247475543751,,,,0.012651972401851085,-0.13141474536856448,-0.027426403470536098,0.0434402376763421,0.022142977459703804,,,,,0.14172412725295405,0.014124850485883727,,,,-0.030903588019904792,0.010030874223788646,-0.04172255239569074,,,,,0.09356526932208387,,,0.002655960358959131,-0.07178572115494543,-0.059053664376132374,-0.13018897259481677,0.15122296420573073,0.29780513883176235,,-0.014141858597629862,,,-0.048578765817686304,-0.0004750355744825392,-0.0001272675548612272,,-0.04305874425330837,-0.014853016168431349,1.6722467330982724,,-0.1390953726112467,0.0012255552456939432,,0.006388441661542306,0.010230815425486754,-0.3611810654796018,-0.05608698689543094,,0.0022194167731339268,-0.01209220625671083,,-0.04872150602966966,0.043494555101853204,0.048435343869534214,-0.25564628952413293,-0.030640804911377304,-0.023557246756744206,-0.15064979961999603,0.5336811767966781,-0.16586498226953283,,,,-0.03335933608232652,-0.02992083764981984,0.002556643969358389,0.002652271333843952,0.06284638142421307,-0.015195447862390894,-0.0043147355460505295,0.15463100547277098,-0.08180171979754139,-0.05842346763884172,0.0039193519254889335,-0.05973035661193936,-0.020731281329062275,0.6296651005295995,-0.00845954060699133,-0.20257544895075005,-0.004229064914412547,-0.005201189585066114,0.005892990578526236,,,0.0044556373730709605,-0.007169498971353362,-0.014391679139608909,,,-0.01076565119267888,0.2545375435218431,0.018606237333061555,,0.05163988333223245,0.016620584126936323,-0.2508334828986736,0.0008502804583826735,-0.14698491054002227,-0.003433759668567789,0.051096229899623966,-0.3631066279445493,-0.08787525151422729,0.46237924167988737,-0.0006537528918877248,-0.005634927849806452,0.037406254144656564,-0.04223921695895678,-0.025925683175579216,,-0.004114206011318358,0.00989657933450249,-0.017840067820824323,,,0.16396865036903843,,0.26130485021609096,-0.07051550479659588,,,-0.27776627498026013,,,,,,,0.011702315982810104,-0.17868434454633197,0.08289176847709767,0.1575587899976285,,,-0.02529663657654964,-0.4333898282056678,,0.006395486494439252,,,0.0649480903732836,,-0.20985530395431423,,0.0472846316906416,-0.02310968696722146,,0.017829339554037097,-0.0280420990193676,,0.0005124417396560681,0.01521958661262041,-0.03871903788083994,,0.0355167914637651,0.16623493798998273,,,0.770979449455657,0.04607019608824359,-0.0023963324230427603,-0.000973663092360735,0.19611577594914636,-0.008727413908155115,-0.15211315037961687,-0.01806251521540973,0.027209695707185136,0.0013560307880282397,-0.07495388311158335,,-0.1462846142910579,0.010130889135572724,-0.11603483499746112,,-0.005245438946832038,-0.00815042353025403,0.7284761615156504,-0.0042325353791554075,-0.017962942323805724,-0.027674922477275724,0.008205565642336054,-0.0072019730153228155,0.057088694549915255,,-0.0011378260373197677,0.0021689371382581034,,0.012592345850059965,-0.006022099012957099,-0.00225157842870895,,,,0.17387416425883084,-0.02070496284632173,-0.0015034328146464374,0.007032974241114237,-0.10951654115139112,-0.6006816430581252,-0.030146913698129742,-0.02514693461550216,-0.033982060939668664,-0.06515244644169574,0.12760644567371263,-0.016117888643411536,-0.049941641179377785,-0.021358365739254953,-0.002812523095934407,-0.11440191555275638,0.10062134895334984,,0.010040715243524085,-0.017765549481318137,-0.0029217709342997467,0.012554882497852545,0.0004199605208456579,-0.07200092154383167,0.0022664970061742652,,-0.03424844776211593,-0.0019487464205744784,0.2382780437647928,,-0.21009390716571505,0.20476284644971304,-0.007977950222249336,0.002971991724473164,-0.01833673127739757,-0.005693826188036015,0.14592588158439243,-0.19600705508031233,0.2852814975988526,-0.0010391776828412823,0.1816747625686801,0.14049092729116852,-0.008610761904258628,-0.0006422787801377474,0.01852941119073439,0.12461933776193637,-0.01700712293536357,-0.1575812043913706,-0.64356022408431,0.06543769378050243,0.009405261428326862,-0.007160808485199859,0.7768988434579003,0.0037144209802427303,-0.021397326662854935,-0.09503643077705617,,-0.1828953355763802,,-0.0360286218893418,-0.015680451413164202,-0.005631132828455131,0.14866434793832065,-0.020041097497150412,-0.1071969173735938,-0.035923844324088634,-0.0786181976937043,-0.05133981998087191,0.0018067870400777682,-0.1507564620123364,0.07899183900043388,0.006358512732153331,-0.03675993713301039,,,,-0.28468256416741217,0.05023937332640192,0.024066082247426148,-0.21273504882327277
2024-08-01,0.445504089097973,0.33663626200572677,-0.01295579094062001,0.0001191322610338344,,0.5383470683293056,,,,-0.043814615119068374,-0.03585224381468626,0.006779899162795023,,,-0.4770009880891329,,0.033036450019993,,-0.81406811712446,-0.07418717079810284,0.004216701611879498,0.0031134454239730713,-0.0021132538031549365,,,,,0.2114272284968288,,,,-0.024067960846040282,,,,,-0.037918853311265745,-0.14133581272495227,-0.0426575498307066,-0.029998313362906627,-0.034581165533309324,,-0.3997014192370098,-0.20395707995807386,0.15854495251730294,2.8761399859355466e-18,3.792905394035938e-18,,-0.005404667534828895,,-0.2133325223247909,,,-0.014768546864053175,0.2629138822043027,-0.013285037415792868,,,0.04014322343677326,-0.040756135101886234,0.19354272365411956,,,-0.06969246315168823,-0.02634185317595997,,,,-0.5172815931748157,-0.023745379153582782,0.35164151155556084,0.025808756983748238,-0.015737426272871665,,,,,0.1291159331966631,-0.0021263215371072203,,,,0.13392072632741348,0.018582912327855455,-0.08499972584225733,,,,,0.08343844653377258,,,9.48013989884016e-05,0.0502704580072286,-0.915925829842229,-0.10811742260781022,-0.013968275159807943,0.12489372261024247,,-0.16165400481562905,,,0.0023290525832297283,0.1632362050244731,0.10755379363233092,,0.20302204203497115,-0.019432710376498998,1.3032382123726822,,0.26386826820719583,-0.008210492204282806,,-0.004298392270422623,0.015936223508163438,0.0009423158800507293,-0.0135818456333129,,0.003009619497030466,0.5155974074177943,,0.05329211380946696,1.6706107207459002e-18,0.1799939912480838,0.21756421513266114,-0.07464965532429273,-0.05464336344736295,-0.07590498383147418,-0.08801658732023535,-0.06952620100650556,,,,0.02456359645820856,-0.01771190962865312,-0.0021752629090699502,-0.18363551777832676,-0.041102995942800355,-0.18900023814367142,-0.012187427646021817,0.3152828569112466,-0.01396704248234362,-0.0379550059093748,0.004528377018657246,0.10595557444315178,-0.07855672401819967,-0.3762406266307594,-0.05983442993658512,-0.13882075511942177,-0.03269801878490465,-0.024282626201350785,0.025943085314588873,,,-0.015302136794900709,-0.05341215231257262,-0.06098674744022477,,,-0.06562653249013432,-0.04755176241192546,0.056564295205694594,,0.3000890213770237,0.21064578265790246,0.3129826276560961,0.01392480206754881,-0.3723092740921821,-0.06759548402678314,-0.021248860406132844,-0.7051040585137749,0.12812243654059907,-0.01726609839760743,-0.005355586750992072,0.1691198523116006,-0.20071888677242766,0.0636940452570032,-0.06301301860799761,,-0.0035486447802379213,0.018322083665420846,-0.8541583219253536,,,-0.002935880222505489,,-0.438979206164067,-0.053739657574782995,,,0.01814718958568386,,,,,,,-0.0009203889062412846,-0.04004607485868967,0.4550100149528285,-0.2295741984256157,,,-0.0722185061403035,-0.04052709115521596,,-0.19415444339140478,,,-0.03011355580722932,,0.0993142311813443,,-0.0037475304361468016,-0.00738364809853373,,-0.13032546073088594,0.093062497552302,,0.004316349981225438,0.01277271788780523,-0.0692044438762415,,-0.010524854833523879,-0.15925210286393063,,,-0.06780757253949957,0.29628497435545287,0.0015816685186204856,-0.031053118370717704,-0.006850411249585724,-0.1161613929983494,0.4125790593181396,-0.2955154485771586,-0.006349407457217085,-0.07419378305476741,-0.05995872083763957,,-0.07686895024229498,-0.005341759094941405,0.005970583051940013,,-0.11918042879330919,-0.047047920290405255,0.048427473247499665,-0.30233929160977163,0.0919386818605269,-2.8168322359431756e-05,0.03614289483826595,-0.1346908311228332,-0.07063125377333344,,-0.01412995957394167,0.05469241946234934,,-0.0012021153664555908,-0.15862740046112223,-0.005311027956791076,,,,-0.0121231459788856,0.02845983578211155,0.001228947583438506,4.84512745454838e-23,-0.011460162309390239,-0.4107470464871693,-0.25649439627891896,-0.0584022175348391,0.0880686181882502,0.0016822388473293377,-0.13110659040760397,-0.0240605174483784,-0.0021754775863058705,0.14313933935132264,0.08839989907241635,-0.013973445266190734,-0.05289824086130868,,-0.00266321183461528,-0.013712877435250473,-0.007705493845810499,0.009508588497588434,-0.020642385542611462,-0.023054731872012096,-0.02186976483698258,,-0.04763615859818292,0.01849959206160716,-0.1761296063739966,,-0.04062926834373724,-0.04852885547650399,-0.045795004329739215,0.005017887148401571,-0.010826637754095491,0.16687423044575034,0.007902883421418778,-0.035013419092069564,-0.029136768601623585,-0.04258067131767364,-0.012623807876127324,-0.017721459819048338,0.12770675408433588,-0.014105966684689653,-0.0037739582859650503,-0.09961132899053393,-0.13628943049851922,0.35959149788453626,-0.10628307668025536,-0.009434258737972018,-0.008656405247007337,-0.5071211585711841,-0.16710646737265877,0.04370165252306982,-0.19638518008630404,-0.01711971112039144,,-0.02868257845652651,,-0.08989580718276943,0.055188275626989844,-0.04467655568298355,-0.06046043679151407,-0.3386074179426837,-0.14379354056191618,-0.24392527653308935,-0.2800979158379171,-0.25142503983654335,0.9698374670988202,-0.013552362358446857,-0.020914204335952254,-0.4129115255795195,0.025218725962310465,,,,0.6319544124536228,-0.7266142342046641,0.15774744690395598,0.004178425034965197
2024-09-03,-0.1719426675596575,-0.06689419064019449,0.025540576188016684,-0.031174434864116415,,0.06257373964913723,,,,0.2052294981556691,-0.8302257669794745,-0.1028424470589382,,,0.08722496578935765,,-0.021593350014503507,,0.10670938591639989,0.08341159631988372,0.013196239503158614,0.01119925541103631,0.0012547575492860815,,,,,0.03589351981444046,,,,-0.0028354082213391902,,,,,0.028953233818935244,0.03974954523593787,0.06442850889123071,-0.06783097917921908,-1.171103798103691,,0.00030266467195068716,0.145204878252164,0.03773922613292859,0.024570081688851837,0.003086616201729948,,0.020369240200690295,,0.32473149189154976,,,-0.0688137123647923,-0.0013823537373850031,0.01683868520085984,,,0.03848030898163209,-0.1479915977219432,0.32608903815318835,,,-0.014311515829439604,0.025423282830225883,,,,-0.12356900689396313,0.06258812169726494,-0.0383049202836584,-0.41666817564250613,-0.05327115660736477,,,,,-0.016084768486454952,-0.19032229568865663,,,,-0.2158077077681354,-0.3298583950450364,0.02360471335592118,,,,,-0.09008241316570945,,,0.003621673898473439,-0.020950931316877985,0.02996171929551867,-0.13177151024678752,0.030175723517214703,0.0674440869419413,,0.06447917675962407,,,0.005132684623459571,-0.04245874238260042,0.10029206771611777,,-0.25433618990495277,0.14247467514677897,1.6232918595138586,,0.565964943593453,-0.15838614229722747,,-0.12288981296393778,-0.0006147845032058422,0.09902184315713274,-0.03406819086924623,,0.0036576671747039122,0.017987232833473393,,0.0010108817903610712,-8.953133500223081e-19,-0.03116547720070132,0.06112400159096468,0.058714621254658976,0.04907060883734557,0.2504107666784479,0.6235399826786132,0.06145735575593914,,,,-0.003892497285288311,0.021706674835246104,0.0059543104687044945,-0.0024650389774940468,0.034235275196667345,-0.018498699625440422,0.022006103917677447,0.006634441097436556,0.04488456423990186,-0.06510785353292857,-0.008697801765608259,0.17578487555911343,0.06477507555728029,0.011336376988147455,0.00980600590271632,0.0812068857065071,0.05133244593857414,0.028086049643640233,-0.010631937897555725,,,0.11104206361501841,0.08683641677753405,-0.01709964137544217,,,,0.7866418595529678,0.04161303889194834,0.002965819541446823,0.21110729100709907,-0.002009241727896018,-0.21108382089088998,0.026901323501455705,0.11755070137426941,0.13221753467714906,0.010367486662819048,0.1220462271648433,-0.06882474779743893,0.5133723008514083,,0.002332001575494131,0.0696900500096327,-0.10188078808712397,0.05578759493258185,,0.013698012906031568,-0.06740780153052768,0.05162565618720353,,,-0.012580337414834537,,0.06855933055644221,0.12215304290280936,,,0.03515933574505036,,,,,,,-0.3677523791394089,-0.012126377213456205,0.9665229006666342,-0.10820167201106716,,,0.07366580298875992,0.05002854039336264,,-0.11204800277937074,,,0.06430042231321899,,-0.09006673683529968,,0.005824946285491985,-0.004975816063479651,,0.6079368748956072,-0.007053550823985785,,-0.008732978120414615,0.0005203923239936869,0.019292423919381983,,-0.07552958266974945,-0.007766466102827467,,,0.7461132570262374,-0.47155988574355207,0.0001347841827092841,0.0027857070352795815,0.0035353567839942705,0.06535853864994365,-0.2351187359068244,0.07853477398937785,0.0397577912605813,0.10160233795722759,0.055056767212281414,,0.48310291254696164,0.05979586825100933,0.14640053645035336,,0.021082672107900935,0.07550776611836561,-0.004437173730939735,-0.09281634211549758,0.08477001888112809,0.004144737739533789,0.05814804535262998,-0.15841739248371203,1.797485744584592,,0.21722382391629289,0.004661674243816631,,0.012444099943882767,0.02363112846270085,0.005768243653618591,,,,0.1336790643428866,-0.01156460823513026,0.23168262326938277,0.016626080989543993,-0.07065351279499674,0.29624548685762114,0.11223729911763353,0.3402122956188503,0.06868518221040576,0.005900672154717371,0.01383391770307784,0.005092426026192725,0.058331755302679034,0.08721193203508158,0.039832578859238285,-0.03858904794424463,0.1222444047221261,,0.051256075698466415,-0.32033900257429865,0.0018754096032339365,-0.8475050487576808,0.16715458375878328,0.04821816915389065,0.062917854775969,,0.05611393120375743,0.15238409323369004,0.0932992484559283,,0.033081155996219226,0.05959872889754199,0.14671590983162092,-0.03867807694540858,0.08540744500123143,0.020757578980573628,0.12061234403891966,0.053417788883256156,0.0004993544946062948,0.008396867625596117,0.017440070780989067,0.24335663189648202,0.028157457808562877,0.14514238582965291,-0.017502117280447843,0.035823096035172565,0.05589367416798083,-0.14966009054749005,-0.016163106387277023,0.017512179223957165,0.00022165943277297276,0.09469685999380414,-0.4806959115655536,-0.46333896369332755,0.05798785709086164,0.03530373347470914,,-0.07381170927208984,,0.09060797654343541,0.054329387927500486,0.027477325158436858,0.09585908571981477,0.07131807970522384,0.13575928900953932,0.09118838786044163,-0.005940511808660936,0.043078224564992586,0.019072278175913712,0.07346285500193561,0.0828281095503246,-0.1682599625387185,0.1243801046530778,,,,0.0917811605451392,-0.3259026794148296,-0.3754796888245542,-0.007564273431166772
2024-10-01,-0.07079485699775641,-0.0497659734162733,-0.04119189653677133,0.14080274474310855,,0.2816388686588956,,,,-0.18791225706394862,0.09728134127244137,-0.09867138095417745,,,-0.026743141089372743,,-0.010408854856231733,,1.3545617902754885,0.08808362878312839,-0.004826392902368133,0.14060538447746057,-0.0287451888507081,,,,,-0.15905350257445616,,,,-0.13599090652356707,,,,,-0.05197535342312264,0.023940258271780084,-0.03295606938910041,-0.0439828956917608,0.10237990176188713,,-0.12177695391818727,-0.7214236614143369,0.22202171301022164,-0.00026703050661595873,-0.0029406529437995227,,-0.02648199049310861,,-0.05995058437487761,,,-0.02265762616769316,-0.06133432709722471,-0.02281375020461452,,,0.034376158431379325,-0.05230602699753277,-0.010462500093931425,,,-0.03228563027249097,-0.04297722860194895,,,,-0.10168723072198077,-0.02137661681976744,0.03479142187395319,-0.5604402601721173,-0.48477526193524445,,,,,-0.33201425799563306,-0.010246893285186343,,,,-0.03689234034434381,-0.4227106220613216,0.14452387827247734,,,,,-0.039537259641279604,,,-0.013007094073198522,0.06025866499726504,1.022987313337207,-0.0065103567615868475,-0.049044780212571665,0.24488502765659081,,-0.04052569019970734,,,-0.06396434909140261,-0.1288587836286612,0.1519865143568271,,0.25440794625415264,-0.12148403219427961,0.0542040043005796,,-0.5410696635859296,-0.03154855533088477,,-0.037549394073773286,-0.026604467428399052,-0.06212116757665833,-0.12314199543845425,,0.02167140321040227,-0.04109454563000276,,-0.013818989460809445,0.03481478375048387,-0.26165997508238326,-0.046911407052603465,-0.05261192681012976,-0.03658587748548246,-0.04455909353410446,0.11460794592053856,-0.03176464047852281,,,,0.0005749283496491983,-0.1700720846628923,-0.02879954014406969,0.069341459344311,-0.051337156545479296,-0.05203530613191905,-0.05381492104541681,-0.05623323720231216,0.44738934813215253,-0.013072005865110052,-0.22935522745544656,0.026112391460914673,-0.29130399060818835,-0.027085388488087263,-0.035424748028396555,0.10908352009979894,0.029364560946347987,0.27920661725008245,-0.021579340390304867,,,0.009992616673417718,0.022409081327791788,-0.05823546396554955,,,,-0.12338415142501867,-0.5969886024891152,0.001418048263698785,-0.01606824699922424,-0.1726398570664509,-0.5287723737660205,-0.01974520776341027,-0.10344456725034012,-0.0820143559916415,-0.17957471029203192,-0.10501526201548197,-0.028368331975301295,-0.12697835798848958,,0.20519764039664046,-0.04030778923751865,0.08972960815520181,-0.043815559014856634,,0.2554678617372187,0.06775244046854893,-0.03129796307699988,,,-0.024993348277580384,,-0.0628351187587996,0.1374382714549211,,,-0.021415862921667868,,,,,,,-0.07007440038991797,-0.07300331853379337,0.43124101181922275,-0.10470141818013616,,,-0.2720079030091369,-0.08216537678079196,,-0.1794829319542768,,,-0.04673616437957074,,-0.36057140725938264,,-0.018700002819349346,-0.02579195217218484,,-0.06024720953200449,-0.054960594749745545,,0.021571596887506428,-0.012159928911486536,-0.009322730294717243,,0.25948536593668414,-0.02685354661655436,,,-0.09648236364519848,0.04729609877997791,-0.026749975244740473,-0.03277347954019633,-0.3838414485353712,-0.20441178928303366,0.18293569424018094,-0.06719439736019582,-0.06307897089132333,0.08728313988950138,-0.04302821512356801,,-0.2415060849164809,-0.02944487280288042,-0.05048940464898559,,-0.05209474903510509,0.45997440239179593,-0.04320512418760582,-0.053665673557204266,-0.22620015361000773,-0.014386594531204212,-0.012371391113471488,-0.045475553995104626,1.7641247714181838,,-0.03602867714950463,0.02152848245566919,,-0.025092224348840536,-0.49998207962083957,-0.05369527404368765,,,,-0.048447853488258925,-0.0018033123868846706,0.09118804211864681,0.02437059863648873,0.042561814167466294,-0.05668055198910576,-0.7869127339880606,-0.14111903204335452,-0.04449529392684649,-0.02759021002813241,-0.04136380717483565,-0.3692478216781684,-0.008787712471405973,0.02725649381978032,-0.1387476599573156,-0.03990413012992729,-0.055777861794055805,,-0.11704655479317791,-0.0878373092548081,0.22640613838373955,-0.05495351856480735,0.11603851056421309,0.13710256152143752,,,-0.10865896232110758,0.0017694834140756575,0.0757002659459571,,-0.04845801136121051,-0.051358421382860425,-0.050975632910501736,0.496738189545192,0.007156230057975169,-0.05385203365569456,-0.053437883638787764,-0.052326200842645096,-0.034419407504199584,0.15860768151144647,-0.14005326604101284,-0.28239965866531413,-0.0693782496795653,-0.11629601595144744,-0.049330995781712635,-0.05401808231045654,-0.15386710935910392,-0.668282515775127,-0.0683501875816144,0.02610033020033238,-0.17735907611356663,-0.017103610640093393,-0.0473226974577755,-0.039164676254511005,-0.11938736518999928,-0.022635095998543478,,0.13970341532452019,,0.04753379826269748,0.0714325659319535,-0.08546934975286477,0.019334371571133418,-0.05554967975251718,-0.1507037420277539,-0.04433285280637467,-0.22450637419707772,-0.008436890988984366,-0.12432778312197092,-0.8323137493717967,0.07891466285227042,0.056481900091115,0.3020045812644559,,,,-0.04176139124249634,0.13873248611439995,-0.0720820725736604,-0.06993296186504133
2024-11-01,0.10811708650365368,0.014580473332456358,-0.11199382740017419,-0.036465062595909446,,0.033668172866637376,,,,0.13303048474776671,0.11337481663283766,-0.01870051821007012,,,0.10544523120922106,,0.0001044509249175749,,0.123955490367333,-0.008375134927646778,0.0003607492317114913,-0.02206214214790011,-0.006682711921250323,,,,,0.0627608882223624,,,,0.021519276451145687,,,,,0.23966144149103366,0.13459128505917275,-0.12292844612119011,0.021590950123967844,-0.013891285022812323,,0.40302775840685334,0.3453678036232908,0.09352912312413689,7.774134477828834e-05,0.025088646699647613,,0.003989992630967831,,0.1371656283457846,,,0.12503006873929245,,0.008401930004533507,,,0.06597913728254669,-0.20516977925318872,0.10256954784013049,,,-0.41378751447442513,0.0621513664978354,,,,0.005628015237290394,0.052817187481268735,0.026054309719205044,0.03690898634487205,0.13460361559432465,,,,,0.07096912632102448,0.01438659866511388,,,,0.014745222559918461,0.08528365554907957,0.019551628494500692,,,,,0.022305116216878227,,,0.00852368734129942,-0.025967184813740326,0.050606716236281823,-0.05089430776676716,0.20605659293818795,-0.2105622453938993,,0.15313486778812213,,,0.004596634778817155,0.057750313689666856,-0.0003820760150524882,,-0.09675093005774615,-0.008167730026344935,0.012842234233119379,,,-0.014854130082073562,,-0.01196530224471979,-0.562977656383224,-0.01140033616386469,0.025393338347305432,,-0.0644138781316024,0.1453000813969695,,-0.002350284350428629,0.0017393089902479463,0.03164535709656964,0.07395653764482961,0.35166893533102345,0.475752026931718,0.0912519606989403,0.0917991740089552,0.09482032153318003,,,,0.007807249164071238,0.021530659985689485,0.06870082576196902,0.1558321046642436,0.057207598488694285,0.02473772081141995,0.006723969419860211,-0.4205358176209694,0.01276716264356033,0.009887676870576496,0.012110542606040447,0.08507299870116013,0.09358208492986399,0.0731882283707431,0.05012026794530069,0.15256408017169115,0.04795780231006294,-0.39331292659856876,0.0020940302296515293,,,0.022034394408814925,0.42796320591065584,0.031321359129616026,,,,0.2388594832252307,0.0019086557839386612,-0.005835766135548177,0.001842658135953871,0.1773083893072278,0.12920272564260718,0.17236507516452254,0.10687427208743092,0.03729024775080127,0.04706145568397202,0.12113155879766259,-0.7889378055832418,0.04631715142697907,,0.02290968447218468,0.10271609839054226,-0.7036718782371034,0.06834380891278516,,0.005568042868330738,-0.2916153937001186,0.010958947367582196,,,-0.011912310022921962,,0.005071621995409031,0.09795925231981213,,,0.006097816675104303,,,,,,,-0.0018999806326538966,0.25620037742898744,0.287009742107105,0.03927845675571019,,,0.07371247489396236,0.029714078982834582,,-0.3465592586996157,,,-0.8373898830075925,,0.03466494535304581,,-0.01900916686597664,-0.010576058575201025,,0.04552752777273205,-0.07411459227854836,,-0.0002704389021976909,-0.0029088091606746403,0.005309248164737066,,0.19831277134367262,-0.015566143540283716,,,0.08346918837749234,0.3338230787185771,-0.0035196056422905496,0.027642007402867846,0.022931820190660597,0.11346548217811517,0.5608865136762706,-0.28603700761632617,-0.008035233040279212,-0.0031158145706346664,0.027815765170754368,,0.09494675046687084,-0.03376869289761382,-0.020728665960442226,,0.009221468592940608,-0.05020913633695334,-0.0008181078522090015,-0.13317748413823294,-0.1138023407085683,0.09102833266452603,-0.00593414293953025,0.011831089513055528,0.09930089819273463,,-0.0931549488800367,0.09450783143211104,,0.07287783921863422,-0.019595400109788108,-0.0711228616883878,,,,0.08094575113151514,-0.0035314941654540385,-0.0053972066432935945,0.0011950147102996146,-0.015251328157128364,0.0429466925895436,0.1829300663294852,0.8688419250341216,0.13318986506813604,-0.0070085169609943295,0.19652588892105569,-0.0037073511471199384,0.03737906000733493,0.11727798107825858,0.11350843684819965,0.02626201674018248,0.03896660364803217,,-0.02554946477919705,0.16388649152296972,-0.022834963908944874,-0.019100681444262586,-0.002936925717025359,0.010868783633783255,,,0.3043909199967209,-0.05889372130063547,0.02073613918606518,,0.03534834188153653,0.03166875850237315,0.2622408977419651,0.007778048153399691,0.19294039586342884,0.007082002755886621,-0.0015899737891668978,-0.150229997055325,0.03644967136368814,0.4146517604850115,0.02642179623199316,0.29832765272017325,-0.32236702400110484,0.021029809965432772,0.006220333786955211,0.020159451140677485,-0.17174595135061066,-0.013938654220863125,0.008162788235443905,0.013794337049737914,0.01927197910070467,-0.12956789824513085,0.07872743312361428,0.2844934673002536,0.20206088174935302,0.0231372560333304,,0.5703260631269241,,0.12200271141320122,0.5123424009963384,0.05390934707384736,-0.14438154177586793,0.02183806635657712,0.11621459378290917,0.28619614982721603,-0.24714910346483496,0.023484743998162565,0.007463031513905425,0.589124559657078,0.07879651342897061,0.22738125574544638,0.06679985764308141,,,,-0.2705547086179728,0.09579646547725083,0.23157715286097194,-0.02478993171398841
2024-12-02,0.09356136912457579,-0.4185789531470943,0.01566382903616192,0.004136777808487875,,0.03974515949469333,,,,0.23015880908343214,0.004421198054478612,0.6749438799966393,,-0.40924780662915883,0.05138561951007623,,-0.0004007714773301415,,-0.7488120614264556,0.0009284069158752798,0.0034605761510151374,-0.07651132082910958,-0.020627695438599387,,,,,0.1774996890471465,,,,-0.005713226243744497,,,,,0.1614178119574392,-0.09012875487088182,0.023468967772371143,0.08470060005809613,-0.005897971736164517,,0.043831020235683624,0.1282751020479899,0.14613805162732268,-0.00026399031080804664,-0.00011044769379514694,,-0.04160100282320808,,0.046640951543429086,,,-0.07255240851480069,,-0.07642432681864722,,,0.021711460895329736,0.005060816662515114,0.0007394349244486875,,,-0.031360058192226745,0.028894713191232747,,,,-0.0037888438191187356,0.03536058149395826,0.008426847874598591,-0.017987107320479374,-0.007559079205176933,,0.10609183327469646,,,0.010614247240264992,-0.21948954206724314,,,,0.030674188655180065,0.13857097861449877,0.3887584824935211,,,,,0.228119560933396,,,-0.0007098338581664593,-0.07599756600697789,-0.5161743198581515,-0.056444588179381236,0.02637919259783084,0.23615527254591542,,0.22211781026136002,,,-0.025010274382438587,0.030489379613697822,0.05035517350331643,,-0.056327653838663075,-0.045756365872417014,-0.03705183175552325,,,0.0147474001798671,,-0.029325920538466416,-0.0004919733601329926,0.045366282472677245,0.26295281734076226,,0.004316537098396445,0.014935321811420346,,0.007159151603985427,0.0003261929723495865,-0.041281177556873376,0.029185532761168274,0.025157433797110107,0.021561700026893272,0.027318605838732704,0.3382166610701025,0.03274271964861725,,,,0.027753297531559633,0.022118075620561096,-0.17726972201454433,0.03184067694766815,0.0741461486428555,0.015842239464059174,0.03883023353489541,0.027647274371308855,-0.0891770983861662,0.01937401386348189,0.196736341439927,0.36222614787363694,0.03553405241739391,0.0026630304735027893,0.1271712692724245,0.0332175573119321,0.022656208314732588,0.5028608243816126,-0.06977768362737963,,,0.013422227822400781,0.04874938368102232,0.04440127628803007,,,,0.0975672105635427,0.014471487333539642,0.0008975620408457224,0.01530557536289173,0.009825458110206683,-0.09131183558650613,0.00891355266490033,0.6458680445085828,0.03191743891942772,0.054539201644723354,0.08853216294789515,0.13251314422033794,0.05265176860281294,,0.006160602790849148,0.27782987366220635,0.5422323938248007,0.02538613116461548,,0.022340167192221448,-0.2488252615510084,0.009503197362107137,,,0.004215739015417383,,0.275434918354284,0.07662943171443838,,,0.0224997565767987,,,,,,,0.012992826776648484,0.010233225127208985,-0.10618740914687788,0.03350507481214629,,,0.007015361118917297,-0.056407914143595264,,0.6115542826970889,,,0.027832340598459057,,0.017109608285400448,,-0.007138217374616193,0.2475113341878158,,0.034913993369541776,0.01860248598630896,,4.461083305707709e-05,0.002544174853193311,0.04968366471331763,,0.0619425516267401,0.03408793288390996,,,-0.6998672783053047,0.22909209287449936,-0.04168388797785232,0.1401061191793677,0.022985957903222973,0.27210032162758085,-0.028213616313957874,0.0006062668571475676,0.03727593978888494,-0.027197067542229836,-0.11951928577604852,,0.026705931482676942,0.0027263711981891144,0.02254614691779637,0.535842191805397,0.024374252775279402,-0.44920589119505916,0.02909482024215112,0.020503834264892273,0.056795390351545266,0.006468432872804811,0.008894290763871044,0.01800395611399847,-0.23845977805195404,,0.001430943306062628,0.0011586733496399856,,0.15295511953755403,0.018249445696108934,0.030367315380654007,,,,0.14279600122221514,-0.0014249637302211386,0.003458282902963259,0.02317766677067224,0.02824197145473172,0.018879128421756684,-0.24523358035761691,0.251608289846204,0.030686794702944324,0.0040490109375204714,0.009733186404606225,-0.35030464473837275,0.01197064159247414,0.05143138330682746,0.009966981809010211,-0.21384359334536962,0.6244581369703728,,0.0009609969315617041,0.002568199826617445,0.35361545254770954,0.009101642419199418,0.13806783323389438,0.15212621935258194,,,0.2591282685294282,0.00010611952808485536,-0.036794615467228446,,-0.28989792542287374,0.053837520774737746,0.04236639238288923,0.2842580904069314,-0.03186338787462779,0.16572831789370143,-0.02790557593903389,0.015390349764935266,0.12320188057020234,0.049983421609743596,-0.0074465854578423816,-0.0725196882494023,0.023771279961844607,0.07087531873006352,-0.03939628704843351,-0.03458301041894056,-0.0008512989988287895,0.021112170125259157,-0.18017943560874597,0.022881550931884067,0.01949858092522567,0.024281119215078365,-0.03192487755429979,0.3097454781127534,0.0127979790175049,-0.36693906983159463,,0.21590969837191332,,-0.21016093296755528,-0.00444799358045166,-0.09648545267360539,0.06867113748049819,0.05429848064919489,0.033450198342922025,-0.3359697676736372,-0.012145879274629075,0.009290034287085136,0.1046719619553718,0.03849732863931442,0.011177270910796335,0.01644418450930068,-0.03955918709657736,,,,0.053312597349814354,0.006426173613865823,-0.11348452662629654,-0.060897123750645314
2025-01-02,0.2273447197437918,-0.0022349384073586213,-0.009170446876375507,-0.02084354049034711,,0.02642636319217422,,,,0.022733450542837905,0.018003956228232736,0.16645383280849646,,0.09368288011085389,-0.07915806835768127,,-0.00027398829561684645,,-0.2178851196597182,0.022698432679167414,0.0006840138406928783,0.395952485050454,-0.06140062812120692,,,,,0.027935918559903423,,,,-0.00011168196872414016,,,,,0.016277065119801464,-0.07851576427052417,-0.21703589846407706,0.13980627422114872,0.3629435540131653,,-0.37211227298982136,-0.10812915689257291,-0.024425046557352066,-0.0005046681802208271,-0.006476831310036571,,0.025515047906672052,,-0.048401359475978775,,,0.09730193254033762,,0.0014575539513801271,,,,0.04160955536364264,-0.03284305810080758,,,-0.045527461464445605,0.21018676576376655,,,,-0.0594476649078349,0.19868323249901784,0.10097282224638808,-0.06149208062935759,0.11626403674754363,,-0.06658191175932973,,,0.11707025206768445,-0.22005534054194878,,,,0.006236764599415239,-0.002045324455052038,0.022612331051769224,,,,,0.14561815280776877,,,-0.004132729703995997,1.9314796934269531,0.6925127587888715,0.2591483728846062,0.005298717550734656,0.02298849717641226,,0.0027348618154102704,,,0.03460375280392009,-0.008715115296315171,-0.006161527971486551,,-0.3162369164244665,-0.01319504337124015,0.017907205893859794,,,-0.01765266893434333,,0.14312186209391606,-0.014297768448544428,0.0440088676300491,-0.02928484605114846,,0.1396946175097242,-0.03157798584525127,,0.01626396979681496,0.0023348845508882215,-0.008670865471905802,-0.0400537766276944,-0.23573519688156608,0.013867446079686934,-0.3967748609602121,0.02848228368057219,0.016206399395571187,,,,0.025134732919070122,0.0064373050783798486,-0.0166258498147376,0.4782196722900325,0.6249763446566116,0.02826207411718876,0.003679673427946773,-0.0025284291461388723,-0.16703765845153626,0.15159580979933068,-0.0009760322729847806,0.011426843467193974,0.2783237975100899,0.011527721392059211,0.33434565675854266,0.011470979551152718,0.318250333167074,0.007129490982751036,-0.0027358866860520397,,,-0.03044407546062266,0.01101123711574328,0.036957265831555626,,,,-0.013265676815913828,-0.004084233267943238,0.015118792317699912,0.006573443660597908,0.15201621480604666,0.5176557885728571,-0.01205702387861247,-0.08462116227634806,0.046617126574178464,0.025319055631560578,2.562014628204376,0.47598291015529604,0.11367613403821217,,-0.02452245968381259,-0.02566210690374011,0.15479037774318646,0.10246122391710186,,0.0027253244904550736,-0.2642303398510951,0.011943591871839057,,,0.06128938268896604,,0.16342677097135205,0.3578868663912839,,,-0.0014907929856759353,,,,,,,-0.006559392533069681,-0.005345915679043249,0.14933856759364805,0.19998387385714034,,,-0.12833154907497565,-0.10996738322603448,,0.06337315834956514,,,-0.005350070938998393,,0.14336045460883307,,-0.02148799728608544,-0.012705869554518405,,-0.048567256768331755,0.009409632534542287,,-0.0026104060670613977,0.028281412367663385,-0.013875005706750147,,0.03518600428196609,-0.7379095846363682,,,-0.39635322957735386,0.05670052887649823,-0.04548283327731251,0.012533877222748985,0.3139799221127586,0.016255557904759018,-0.1066154937077824,-0.21776548252794245,0.5088354399772831,-0.010255810266621385,0.01098291021162933,,0.02582363518375131,-0.07127047366821526,0.025735912864803395,0.2514023188869738,0.003945832722526981,-0.1603891585968255,-0.0017990069846285511,-0.12259424498133965,-0.10134324091062923,0.02333431269083024,-0.006212439566543225,-0.07176523541995748,0.251158930613172,,0.02102387198704433,-0.00041354501736196655,,-0.019224448043472696,-0.11097980404222915,-0.04043661134762322,,,,0.0008496497558762232,0.0018761444882829826,0.0037377150472491854,0.0006136373871914924,0.02148940846307475,0.020837183395432578,0.020891898115024038,0.014776325215407789,0.019473035137678847,-0.02111707209341188,-0.036698855247663933,-0.377922936142285,0.13035305976045367,0.26167185848772595,-0.025890619326448296,-0.013241213385932713,-0.278457856471296,,-0.018591864946894413,-0.026602599976481085,-0.04003655867168079,0.004347608608195685,-0.24803390532825614,0.014040328278598474,,,0.014496551532273519,-0.04417787209869064,-0.05228811547989014,,0.0046730748329019255,0.005772387501261186,0.003322940321674082,-0.002969296495835159,0.012392914717074797,0.006024806680162096,-0.6829552691176174,0.044558631608760176,-0.0028300044329928574,-0.010620396643154964,0.1263069607040675,0.2159079815450963,-0.0024596982959065013,-0.0013312008775758334,0.0361079374120266,-0.0037277970417929473,0.013730622057792448,0.18468224828266855,-0.1381308129001485,-0.1484220891648755,0.0209470448736523,-0.008610127028741726,0.019577906255584865,-0.014729053538349263,-0.013754284626763539,-0.1159158040096678,0.08892966045621811,0.010006628610866979,,-0.03365888878284499,-0.1275125960291356,-0.016432317541981666,-0.32057716991387075,0.04046727124607784,-0.004446712672259994,0.014095669068254345,0.2628051554009195,-0.225620155241741,0.682565537971815,0.0071325694077319585,0.2316070567059553,-0.012900122114997883,0.03161510893268036,,,0.2613481552028675,-0.11022464432372381,0.03886385746424996,0.7726229454439218,0.958438959142324
2025-02-03,-0.010755242644566563,0.01012213235208457,0.29922949699361845,-0.023770753121805384,,-0.08673433302366629,,,,-0.7322510562497768,0.06669543676372325,-0.0036644580316730693,,0.014373548975629436,-0.007084985192218031,,0.02317175985028673,,0.29778086463661385,-0.02002262495337501,-0.10073419673142091,-0.020898885565207907,0.004446623178277666,,,,,0.3628293883991087,,,,-0.06121648576216319,,,,,0.008933079027173557,0.019214849348424705,-0.6185801965076269,-0.007099346982171961,0.39395093740144643,,-0.09419474107355899,0.053593098740078796,-0.031136644310602837,0.01313450822631113,-0.00037706479947238676,,0.0030323162156378454,,-0.010980983076862006,,,-0.10957862333877162,,-0.04598261868127288,,,,-0.11063374654721389,-0.04700908250949665,,,-0.022852638167765373,-0.3346194846407085,,,,-0.07793716944163251,0.1371811534319353,-0.0958449927889293,0.001227560126675329,-0.026627659458701543,,-0.010478620743133849,,,0.02991542759082792,-0.0480454752322961,,,,0.015555699319803478,0.15874112366036533,-0.27058742782478024,,,,,-0.036650305017874085,,,0.007594152425613622,0.4195940007087521,0.2896079467350177,0.04441646703458022,0.024893790279673974,-0.008108318272199343,,0.2744727067894593,,,-0.019396559193979653,-0.011333491703170284,-0.00857067755171712,,-0.15284077944892968,-0.11783511365631374,0.12385998766684769,,,-0.025980799136684912,,-0.15936257296507458,0.1658575983043764,-0.014237299795061062,-0.03926204899944954,,-0.37379498388306526,-0.05119347327605295,,0.0504906255354874,0.007402874376038895,0.02082662364537246,0.0009296394248913377,0.0022536572755918315,-0.0030790725788756943,0.2587185870001469,-0.013905816518063429,-0.04307400099447069,,,,0.043662468058408406,0.021006611768779822,-0.022877869272578056,0.0319463705044273,0.05988650732453509,-0.30821577282001444,0.024394239393974247,0.03283299359622274,-0.0877640022420337,0.006293346957525847,0.15294302377383895,-0.01102108221701516,-0.013450566197019086,-0.1763403031984937,0.013962490305539027,0.0024633965872821583,-0.04119480060890521,-0.5963536767032581,0.0385872685094074,,,-0.055709903407582854,0.004970800247694741,0.012623667424772295,,,,-0.0016256481182752823,0.05221943920585293,0.029519194976140476,0.13084866982229248,0.011843632659719197,-0.02265499233356324,-0.009277096765663103,-0.01742354282344706,0.12992465900463104,-0.16119838896450528,-1.0843320365225737,-0.6420314998048966,-0.05913270075399272,,-0.012417325046230897,0.24344065847602742,0.6193913253234817,-0.0005653093379309714,,0.02629383066339576,0.03557382406889511,0.01365840483067055,,,-0.009937658267272598,,-0.02701721528276487,-0.05292141282005852,,,-0.02981391669716437,,,,,,,0.02815348379051758,0.037555266138516924,0.5543445877043185,0.5305852266819681,,,-0.18933225746146984,0.0052216640615344225,,0.006290088112571854,,,-0.0034710998433309256,,-0.028595426591220992,,-0.014340243501154225,-0.07774419817641032,,0.1124855765719641,0.015439737979924845,,0.0016324387023441552,-0.0017729800415142495,-0.008377048121333582,,0.18928802160523742,0.3296780272736568,,,0.17781796404679082,0.05146441130688278,0.04255007577863531,-0.2812928205057911,-0.018221084841468553,0.016517629402975156,-0.4568702106802154,0.26835436844317323,0.03628535976013351,-0.010185538146328142,0.0002647394686953247,-0.08801598536011757,-0.0073173320074985185,-0.1136080103773133,-0.1435665218252545,0.02230847597944311,-0.03879883143951072,-0.12752244242101005,0.033533029250023494,-0.16141591698905772,-0.17991497467244025,0.0032960675045786165,0.013002971495074902,0.017184595364749006,-0.7515019806724874,,-0.007696299248535653,0.0018536294812819326,,-0.014436913061199671,-0.09388926756432092,-0.06353055654927114,,,,0.01320495332490144,-0.00213716453461045,-0.022531551746465775,3.2513999180594036e-05,0.0034950342492947664,-0.22779817250192488,0.11111477142219885,0.001597105725298734,0.604224994469158,-0.02000748601986702,-0.0518970821177782,0.08788804789890636,-0.1597535739983261,-0.036642950180530806,0.0033025782657079322,-0.022932377138596874,0.010147964087654619,,-0.017056787910875348,-0.16516951331853902,-0.35915477973279614,-0.13346636211434587,0.0033603044426193593,0.1635806489692695,,,0.007780775733775812,-0.03029513959238711,-0.1754713009090996,,0.010894577325654124,-0.003728909613316242,0.019005802132916104,0.035007434911932346,-0.1745490884934895,0.024921571869802935,0.37654405378872025,0.009560815834384515,0.013224099063465741,-0.1817543185696934,0.1765018927804381,0.022147547688098304,0.23830654151419353,-0.15881197580912226,-0.022655698579940646,0.07161709736297636,-0.22729266483997307,-0.009268088330572057,0.27059208514991573,0.026315652724637133,0.30833347613394124,-0.018892313309586087,0.0005149983392455214,0.07746285219635879,-0.10559065023689145,-0.03295369613811612,0.0032351199125483015,-0.03409971849261002,,-0.04232750804526617,-4.320418107454211e-05,0.02063100011956588,-0.002437800392901252,0.010298954298684349,-0.23039825900398236,0.00453977245335114,0.05195889666686521,0.016149849950174638,0.00494236810971494,-0.08950980286956078,-0.05989765892928433,0.30624515005734737,0.01784517333563464,-0.036528641831582206,,0.007463252498437813,0.17048473284413146,-0.003946601200297018,-0.13870962200667683,0.3444447787447743
2025-03-03,-0.2550183284766534,-0.07424891789116295,0.09021122934382766,-0.0052935224347733095,,-0.11682426923746264,,,,0.4597062923302742,0.09740464961135495,0.9027221658261435,,-0.05481065285026683,-0.08390174402365083,,0.015362201215258966,,-0.24796551929972227,0.048366640458551505,-0.007535316220888269,-0.015998752988891793,-0.0075637767056345815,,,,,0.02420879651133358,,,,-0.02396237524334702,,,,,-0.030265206132555143,-0.05691197615750084,-0.0398755780671835,-0.058926696237885955,-0.11958137777210096,,-0.013142491725783016,-0.03705253046447892,-0.02158010649880894,,,,0.03644690344341403,,-0.11181814458754068,,,0.013572864449370099,,-0.2108633191609415,,,,-0.09256146087047241,0.19139861063459054,,,0.21475232690428508,0.00120812540142483,,,,0.350889300486087,-0.3433910920014399,-0.10880021394384914,-0.0532264011255704,-0.40321902901568646,,0.05445434386267506,,,-0.04504751183179206,0.19475229298514504,,,,-0.18883060917526462,0.08583188171387153,-0.03017943362230725,,,,,0.46305336930755725,,,0.0009739112266226941,-0.549947976933747,-0.20332807571888625,-0.08178318327035367,-0.05728180820480419,-0.07041141261502337,,-0.19246839539980476,,,-0.11797020855336918,-0.0208002656008783,-0.020397963169711975,,-0.08247941129308009,0.026785218759680963,1.1949107472599523,,,-0.03192832491375366,,-0.06636508127042835,-0.005835008219605731,-0.009762075168530759,-0.03657333495431758,,-0.005109836824335569,-0.01480016804038185,,0.034250572079344066,0.018881549334976284,-0.012255108590483729,-0.05834543958952701,-0.41921838621926927,0.03423077304383489,-0.06428082386489893,-0.34283626491320346,-0.07032163312765458,,,,-0.0035757167625416987,0.2720488013896754,-0.009722257366268021,0.08020444768473577,0.02297241088785952,-0.04983314253698929,-0.03861789234341131,0.017332605169075033,-0.04148329955839624,-0.2230864299487831,-0.03237131285276562,0.06715759430269028,-0.21040522195216768,-0.8119636930535616,-0.03076534972053045,0.12635548617173567,-0.05360519865891948,-0.07424364652754968,-0.12451452497408907,,,0.016881656232496774,0.08709069872654203,-0.01217758538767598,,,,-0.07388176760011927,-0.22091804834096604,0.006881678330479476,0.03576347164966523,-0.03241638452465743,0.21068433237196052,0.07999428535613222,-0.06398157931986127,-0.21602878533173087,-0.06752949162857473,-0.6049532126479464,0.059590791657846115,-0.015999103212310333,,-0.012171926821466294,-0.010145825106923127,0.04212148864239125,-0.06287896772033749,-0.07920486152410527,-0.03384687719923715,-0.03143248367498408,-0.03665711182833306,,,0.002548355582152302,,-0.03774123217086656,-0.12514814937675037,,,-0.05829459862849528,,,,,,,-0.02154418490421809,-0.01831479832543691,0.02495923678072874,-0.2574939009163727,,,-0.12059442240485149,-0.040543522149967794,,-0.0664883203968695,,,0.026442017446923607,,-0.029173862166070198,,-0.017227956425592043,0.0666333206475907,,0.33361393313744286,-0.04145114926940875,,-0.0003281325593983086,-0.0022750264979459534,-0.007102683180633821,,-0.042531775441538286,0.14239787434454682,,,-0.24952615645670573,-0.28436712412114284,-0.008751699393348198,-0.032788096863052424,-0.03314394367625596,-0.06545005459044505,0.31319229181886604,0.1099194180871741,-0.22701296467253632,-0.008776963264384544,-0.1804877431120908,-0.042020343916404974,-0.06662007064793284,-0.006685484204773957,-0.008699330989080243,-0.040122071635954805,-0.83560197755631,0.21838159744445612,-0.6035820275713017,-0.21688417438463936,-0.045914570438850034,-0.0089463970305873,0.022738659107718228,-0.07842684018461371,-0.15564500458873692,,0.0026008261902102058,-0.011003682815505256,,-0.011022180605383746,-0.013165949497611797,0.2431388517565074,,,-0.9931043173468951,-0.035574238315613405,0.005524112252781263,-0.04915497112597632,,-0.011527618419678462,-0.0684379168008541,-0.21618041519176587,0.37693172893046095,-0.061757312037651634,-0.01301060122784638,-0.014193408429076031,-0.1775780250567081,0.08266053872066115,-0.11760370390440385,0.16633695054773456,0.06243245305362847,-0.0704358072097946,,-0.0066780202427593124,-0.07446545260051282,-0.01992676910082362,0.463344545463177,0.2033555285187085,-0.019184956465207684,,,-0.0667066914712648,-0.007017962974837902,-0.09988090790148808,,-0.16565494553110507,-0.08500025772777249,0.024378492568058678,-0.032840155955233125,0.05454147948972326,-0.03929318430307537,-0.03269518240620856,-0.10294885194465792,0.016545940339693373,0.525111351825964,-0.001294679862113051,0.11657259396595876,-0.0643087325074117,-0.1607650918837063,0.0005573097319320026,-0.04121044021707722,-0.0431711811367248,-0.0634330690645528,0.2742972681572981,-0.038200319756685454,-0.26325869249605904,-0.1524004880069529,-0.05856615844380642,0.40219876495669504,-0.04061974943928248,-0.031205852530906908,-0.07304267546773005,0.25705727794036276,,0.2908653432769718,-0.10486094738081105,-0.09153103577070679,-0.2658951792264374,-0.056518777278983086,-0.03354545148162656,-0.05483485125805805,-0.03554279256719111,-0.1431472454858314,-0.08257870281896496,-0.11108122034511539,0.2362575306489393,0.49513426834387664,-0.13981209696557287,-0.04152087824324542,,-0.0902263846217992,-0.14597027310977986,-0.05967310036212044,0.07253533174790243,0.18178902336482577
2025-04-01,-0.018483878001202752,-0.04915488258162648,-0.023153618498225417,0.011656424402598613,,0.063474080412368,,,,0.0854604237465802,-0.3560568297612571,-0.08282173811562202,,-0.04276355461565053,0.17730078951161238,,0.025099477199812575,,0.11533869482686253,0.012166127480147733,-0.022402342943449807,0.036144554375435047,0.010298334910264936,,,,,-0.7735034563648385,,,,0.4758504490436497,,,,,0.00040088072451604714,0.011978386732085336,0.3745728452779902,-0.2349718653657927,0.019736376522106976,,-0.38922156801098373,0.06661630295884577,-0.05235253294078293,,,,-0.18152985639570862,,-0.02050861667110601,,,-0.023982835182179627,,0.01228958522084577,,,,0.22210971748738803,-0.009456502745241976,,,0.13307491699836205,,,,,-0.22861268618950667,-0.027585674951833956,-0.14343100634824313,-0.2794989124851875,0.02100290766927393,,0.04492606308937564,,,0.013398209295376618,-0.05173374650973495,,,,0.01975361318587201,-0.011922420105632846,0.0016445884562749334,,,,,-0.2247630555231377,,,-0.0001745535531345498,2.4715785612140033,0.0016599377961845404,-2.0403422213885616,-0.04119166334104085,0.3575257488471935,,-0.030893812500930512,,,0.0041569342804638285,0.003501800218695067,0.009750450841301488,,0.00197883195523056,-0.16764653986751754,-0.37313460484438554,,,-0.024353327712252168,,0.0644667713421025,0.04304584008964161,-0.21857571400158488,-0.033934585370651624,,0.013470168917334144,0.0297896241173237,,-0.04873324365022899,0.020683387979087833,0.08032585436250828,-0.30856256299883295,-0.12235855001410953,-0.26352171028170435,0.03287651033296515,-0.6064188089755127,-0.48425582173325893,,,,0.0007082458199047518,-0.2895475026140424,0.00865906083976798,0.02016923745486658,-0.2518433579827031,-0.0950346270835927,0.00859314714395463,0.018864956923729477,0.264756546194845,0.011654982990133213,0.0203859158499054,0.036415931144918944,0.03560026611461762,-0.06876242498739854,0.024030144924330095,0.034792419086944124,0.031548070063659374,0.3029699746496664,0.06306332068842885,,,-0.02001771702387831,,0.010830611724863671,,,,0.0014984739286249171,-0.007261674530550398,0.0014818489683597652,-0.08018478776577903,0.015171136349298155,,0.005154391412254694,-0.0014219949985104542,0.04928601263274765,0.06740220169386843,-0.015296540924538946,0.0748722287891024,-0.07386366285816841,,-0.07127631344360544,0.006302400804754657,0.3523663847609064,0.03614947405226576,,-0.03305139567467044,0.010816246883602026,0.027546938188233713,,,0.012130296147739812,,-0.030357429300448643,0.027472433766764892,,,-0.04961249532129021,,,,,,,0.02003162806830027,0.022101625138258404,-0.8996663838726137,0.019006863177803583,,,0.0430074065240065,0.019635963492845743,,0.01177781087590601,,,0.008025970406393343,,0.26875064854905195,,-0.03283239479502651,0.03912565757828398,,-0.014370830971330167,0.08191472311816166,,0.02007994652561351,-0.022430051977629248,-0.007678819703273692,,-0.4286102028962928,0.03240056289074628,,,0.9175071973332064,0.02045197582546803,-0.048664992196026095,0.24234259774662278,-0.0667406171961518,0.032490414582169586,0.00959920722650848,-0.4431875115795651,0.020644840411788386,0.030398121679193275,0.03373520732754775,0.02378629362605887,-0.3418806383253127,0.007820705922737873,0.032825782605362314,0.43291688283444696,0.010513349430546512,-0.13427270660875681,-0.1848866032755281,0.013881261537807261,0.016140305776958068,-0.0009168615814143146,0.007983177506053749,-0.08174134898602137,-0.06391080270121097,0.0009376726836242739,0.006056704456185873,0.043866651059966615,,0.13407559176763975,0.030376422105763072,0.03992772106455585,,,-0.7696413233215279,-0.007328349786848189,-0.006941533967511085,0.3771237264330949,,0.012844245200942085,0.019783338579946082,0.035301485961798156,0.03513179699913399,0.03694883832093675,0.012588291830456087,0.03266235364558036,0.08538636914578025,-0.009117584822252195,0.05350625102068939,-0.39457757612266997,-0.004630947534212711,0.017497335031083812,,-0.015892402602174355,-0.48234624662358194,0.03312170177948822,-0.011160102960362303,0.09198749567440473,0.006006062323254117,,,0.03282558406459307,0.03888386425701574,-0.0002222951716346561,,0.24108990317315912,0.02153040968547794,0.03845451674792581,0.018934792968157678,0.11208991109829006,0.16933971665580927,0.021130513438973243,-0.06918233692354761,0.048054275723279256,0.028493237085370632,-0.030298117053046796,0.017944930420035823,-0.016104299843617713,-0.0016256329448241836,-0.0035927956514931617,0.014559207176506495,-0.3293312169213358,0.3054893988935589,0.017544964454244565,0.012118776742625275,-0.011691587962611615,0.05636216152640278,0.033683730387463334,0.14848583130368068,-0.5307575578265236,-0.024768875563074475,-0.1714090846673644,0.022018679998018067,,0.10788496943478493,-0.23802852660422444,0.025640756408036813,0.46546178590479265,0.12551692055185454,0.22060647210394685,-0.3361156473178558,0.06331556107293757,-0.1345703261089972,0.5178469907250933,0.18421177175349474,0.02170366634476842,0.09079252202102867,0.04293227077213764,0.6025959544338266,,-0.759369776606494,-0.5770567083625269,0.6899432349525279,0.7387188475705877,-0.18223200346449908
2025-05-01,0.48917819147865893,0.12904142077494624,0.09472189323779209,-0.02899847795872205,,0.03897208269682184,,,,-0.08918375321562569,0.1524041136800492,0.3311949337937159,,0.41747603188841875,0.09535666823455906,,-0.0012382820551433303,,-0.07530706903467034,-0.036394254671591394,0.05550101477141195,-0.0392155117367134,-0.00879608924671029,,,,,0.2020273091312629,,,,0.3661516512445382,,,,,-0.24040627754110114,0.015180107245899382,0.014829931238242755,0.03178723813744433,0.06342585527877244,,-0.05547115057566368,0.022082789392785827,0.1972171549609354,,,,0.09500406543147417,,-0.035417148732367836,,,0.05410900648693932,,0.04192662503904126,,,,0.07412088499763755,-0.10486208286692096,,,0.055153648007895816,,,,,0.1486025515126724,0.02366315066949696,0.0009830389748589187,0.10070947315298308,-0.2058633238615389,,-0.008562112488096855,,,0.344454406905806,-0.04467656475901437,,,,0.09620975255878036,0.022629004944310298,-0.042701904636379406,,,,,-0.6542827072232039,,,-0.0014210613651102824,-0.08222617726450308,0.10202572870319976,0.06955952616543828,0.17784859681730122,,,0.06619939403355092,,,0.018689067234120373,0.017740702536193587,0.03668001058319838,,0.14453651454556493,0.02984596462324879,0.02567926987179666,,,-0.39875663105762016,,-0.07814785004369676,-0.004224645352179635,0.023581210393797958,0.04516602191385662,,-0.008731660793775147,,,0.03639675131400636,0.0006791828392503742,-0.2721134226111821,0.06519605538191375,-0.053422893481969734,0.07764452128987102,0.08134344079949286,0.2252955684266681,0.0794954952705154,,,,,0.1573059882580527,-0.00689544658925391,0.049769182653727345,0.022506826852818004,0.11865213809081307,0.4182212354772029,0.6449682085551767,0.03896451217182805,0.035308790962224446,0.3101533038974874,0.08850199190296373,0.07882613679026598,0.09597956863919377,0.02757937299342622,0.04455374086092221,0.08026014239975583,-0.06021197475338865,-0.298435356709148,,,0.04203303028849594,,0.03416406865940779,,,,0.008483610865580124,0.05422435189874475,0.02425665833023834,0.005988143451994013,0.026710792348430552,,0.03794167179525773,0.0978931567208641,0.055180669023396266,0.01920562435706522,0.026755794225190803,0.11283447259001961,,,-0.1411117317149847,-0.09157839714824957,1.376319183919123,0.17295854281181322,,0.030748936783724375,0.4513418751830883,0.018268155570210918,,,-0.002230015885864775,,0.039398072690348195,0.15733252815407092,,,0.01141739417367115,,,,,,,0.033970968642215105,-0.1429775211558874,0.052602576580596146,0.3013549674787419,,,0.0481383481034706,0.03446225459144196,,0.1433190908257842,,,0.02213140471337045,,0.07204395955577561,,0.061450904933916264,-0.006359171921783729,,0.03560854073647107,-0.2187610950323403,,0.02649212003538311,0.043151970663197134,-0.026027819719148873,,0.07908935586691604,-0.39529530257804957,,,-0.46828337543875725,-1.664067678196537,-0.08272743012758263,0.032144550492329116,0.011850973018033832,0.16012647922969653,0.334468156560447,,0.006444817712618255,-0.0035409898284447967,0.4625244671730713,0.05226302830975628,0.7674450137840086,-0.0061467985544400305,-0.028408215917536096,-0.09219128049970943,0.22412608658708852,0.025265995890557093,0.04597347323661887,0.038683774616727326,0.019308715125298,0.055265024903387576,0.002744070517841223,0.24814832273559623,0.11090809985709602,0.007292881049366475,-0.1896266013060495,-0.000696896936712894,,-0.004403548620022442,0.29061858406659496,-0.03835747947120495,,,0.6118807391118176,0.038358894350995355,-0.024106974206851085,-0.012501574516562686,,-0.04885090354830402,0.023154630617249747,-0.01735741736736124,0.1463775712118074,0.05876248252801136,-0.008760534348235295,-0.3168732059012511,0.07057720003282733,-0.04495460687019058,0.19231790864793016,0.1742878289178794,0.037736723470519797,-0.14956075395951304,,0.05385645963565774,0.08000257976962633,0.2700528942378998,-0.36428223861228914,-0.10587028348727992,-0.002233153183651705,,,0.06792448726796994,0.019027037618846915,-0.15811437061553976,,0.03265512807706509,0.23048944552088338,-0.23895250148183012,0.9327217650055913,0.14714633977920646,0.037318694175387385,0.05117350710735133,-0.015943089447198782,0.20878759727820598,0.04076844097526705,-0.02558300878839017,0.19714381952628712,-0.42476113808787974,0.036857220577267334,-0.001529384818775334,-0.19829623457640635,0.3250024424973956,0.08961137032801486,-0.03568870679769721,0.21554443558389247,0.1811100777939076,0.004642031650025955,0.0704750341429405,0.03917211573194691,0.13616215768943918,0.04879533870700811,0.12035427425104447,-0.872451268292866,,0.03901915289018851,0.01683139831535283,0.013460050500835827,0.12114294667633052,0.030766181164500837,0.03565183700966516,0.06123531887928943,0.05113627122330414,-0.024463654484343202,0.0037846030369617784,0.3498662886019779,-0.005085698450013221,0.06030984025093453,0.08998747087073569,0.06515259441377766,,0.009630901950798982,0.17367385695366575,0.0911478969276669,-0.12980901371431908,-0.07308876917276821
2025-06-02,-0.023960001101686095,0.15196482675482093,0.144892715432255,0.3368347659672643,,-0.04228276981295176,,,,-0.27932007290797484,0.7432186563772936,0.054709404746653686,,-0.04945029615718128,-0.06736984748754216,,0.0008201278485590877,,0.18687323553523993,0.048876967600628374,-0.033911910635211075,-0.12846173126745228,-0.005880648604943552,,,,,-0.03205933938038732,,,,-0.010011171832499721,,,,,-0.05085681021331285,-0.755154007284283,-0.07450797741747325,-0.04960753067706712,-0.23672331787785592,-0.029294577080115156,-0.04192318159982208,-0.01830181488226769,0.0012714636491473648,,,,0.07236416925632456,,-0.01582315298676723,,,-0.00034616497017483927,,-0.03325926552335262,,,,-0.02061582876850221,0.025783457952200915,,,0.008578445350709469,,,,,-0.04714530176340837,-0.013782034115376342,-0.0361510006618975,-0.03838461042238837,-0.03619872727866909,,0.06723400077129038,,,-0.019269247418894884,-0.005024131960950008,,,,0.09201592261194873,0.41624438269537045,,,,,,-0.38767687487818175,,,-0.02748718566624523,0.001914324714790347,-0.012862905621724575,-0.010489261588551003,0.058720988330052855,,,-0.04685091359352539,,,-0.06162369531525354,-0.0802432660438439,-0.03486027366194534,,0.11195066880394014,-0.11815088142105021,-0.6858970009307529,,,-0.0003434114357909173,,0.003461229657256541,0.00494336343125608,-0.050800035778455224,-0.0077023451335373645,,0.04087118286584893,,-0.7892164116159626,0.0006105798191298085,,0.47301113049163857,-0.13735827451110666,-0.06091677824203688,-0.06329217927870018,0.1197174234493995,-0.0906476853126043,-0.8581909581873584,,,,,-0.03829741556179057,0.05671715378278275,0.21035912566235862,0.2415604214490339,-0.05934612902304135,-0.04341560092094027,0.12635935433199535,-0.03491840277219676,-0.0620707192400867,-0.012859653260801343,-0.07163848905621238,-0.06559318790091509,-0.0748671944501079,-0.022954040901762895,-0.05350920366377192,0.11097313275236578,-0.039800397034875534,-0.4714186153729993,,,-0.6275430939322026,,-0.2146506432974647,,,,-0.11305168962305205,-0.9278048072227955,-0.0016839245577188792,-0.029848503203207262,-0.04671528551676005,,-0.018319845438131206,0.061731241190849495,-0.0423369703777111,-0.1880891263973186,0.10848469920123696,-0.10791829328431034,,,-0.012964843791774056,0.16651214057683983,-0.34422764385150434,-0.06227659741776238,,-0.028677731112514863,0.1260617448594821,-0.14226191027540225,,,-0.007598260907611376,,-0.5981846115071807,-0.164466067782565,,,-0.03777597974376203,,,,,,,-0.2534788937330726,-0.009972347433660923,-0.8723585039689616,0.2909200488445089,,,-0.18949480552516024,-0.05977300498055482,,-0.026234294210774476,,,-0.033501818782935705,,0.013447070318848058,,-0.008301781755095649,,,-0.016140947200285662,-0.051134338699477984,,0.009814523119753577,0.007653429701031582,0.18666196447862154,,0.5996710842568374,-0.0667271326491994,,,0.70312244623684,-0.05884029101028729,0.06747527687651436,0.03877291247328542,-0.023111600033696587,0.32353819088460656,0.36674084819305774,,-0.03199087638590521,-0.0032532266783076545,-0.06555052972978932,-1.0551022565014712,-0.06418932097352886,0.003317581949354003,-0.016433428939264756,-0.04197227661147905,-0.36813308055388433,-0.2948611487073905,0.3089121667184867,0.7133262631771148,0.16430944295140504,-0.011229155385228116,-0.0025338677383615945,0.47389431622792066,-1.4089012056303376,0.00014048343734685253,-0.002437553330712174,0.0017222440450921207,,-0.012191682984576624,0.24201214173662014,-0.016235699208784656,,,,-0.8124729235764502,0.0016707805205413177,-0.041907775927337715,,-0.045179697508366014,-0.05661552863052173,0.09613524294615655,-0.06500225942247073,-0.4050494374465908,-0.08889816212418548,-0.026846459741436273,0.27802208349418017,0.03694409959043947,0.18038765121495454,-0.0027803575193889526,-0.010064818260290861,-0.07916504594177783,,0.009020333704923942,-0.18554989548527406,-0.01713113576544296,0.3503658271998023,-0.2735819576534255,-0.06465398272330944,,,-0.06687577618940356,-0.008067818954053887,-0.01271189373130407,,-0.05899304473862335,0.2687027014480161,-0.03553992576425651,-0.0042728190399444945,-0.06473282167306138,-0.01482669412276119,0.2409936115262221,-0.06437700535420657,0.6871894369588749,-0.07174650647017988,0.18545806952077368,0.07119593234847275,-0.031122831707487232,-0.02801275937251539,-0.01021420681460972,-0.04158580788292582,-0.05821122385753956,-0.07073259221969093,-0.12272939352825754,-0.03467632740883185,-0.02829035305116853,-0.01819231762770618,-0.2090260840283225,-0.010853152509829177,-0.047937693113644306,-0.1781400777036929,-0.048284455169962735,-0.11910367875550193,,0.4879712206006838,-0.1020871146176254,-0.2776661341451244,-0.09204933300291468,-0.33505132640958857,-0.026432331779898472,-0.07150647738962558,-0.024739030126185946,0.25593363601289765,0.00409082383251084,-0.2850662337331925,-0.052463363400676984,0.10198684696987248,-0.07113374278856986,-0.5226495742250409,,-0.14052776108673576,-0.9589416155727776,0.005231041651005859,-0.10360693533176268,0.2110870065249624
2025-07-01,0.07961446005084681,-0.31650717595154404,0.13530298293317727,0.056359905127686086,,-0.38681190342745875,,,,-0.17213445948150663,,0.14850618145640992,,-0.011067814038832242,0.2863578333979344,,-0.0008744728983626675,,-0.2119436652148806,0.0924858628467811,-0.013052700913415169,0.2622059818587586,0.017295157379999416,,,,,-0.0053583953814304915,,,,-0.012447372180936342,,,,,0.0015826441811765193,0.009868184748537307,-0.002375664376429101,0.02572435680571349,0.011006533798616375,0.4243374300349778,0.06025999537524262,0.07256109544334743,-0.080372585342672,,,,0.09800176626877434,,0.24079800642977323,,,-0.13310908234990868,,-0.006952378690903649,,,,-0.5965405401068499,0.07076721910000036,,,0.017069980985275204,,,,,0.07590624074296227,-0.0760047746574416,-1.3870009923371263,-0.0036684648833911256,0.012134334401820063,,-0.06765757081851255,,,-0.015069310427325927,0.007781492681032082,,,,-0.07841626514587013,0.01700093470094726,,,,,,0.19060753930484176,,,-6.068218148772536e-05,-0.26205865504935677,0.0708209563147982,-0.19078357680508984,-0.003711455703335946,,,0.02719337619950533,,,0.006430031174876388,-0.0016740574547801541,0.005981271415960483,,-0.04714244460008378,0.05755699736206038,0.6048469283576922,,,0.5260844840350765,,0.17254366573783,-0.0027935495475872388,0.07269498905464292,0.045521299007667444,,-0.04301019068867982,0.018407969079009382,-0.32774740547273434,0.008349093504560359,,0.09666414421105499,-0.013220512906491694,-0.012352828267653508,-0.017624068994951676,-0.3564555025807337,0.34722543874767703,-0.30021252017182387,,,,,-0.005978559828216076,0.017470374275403763,-0.010208502005396542,-0.0005455740011440532,0.14594744528743786,0.24204574481578547,-0.0969605479922076,-0.007585665033247153,0.5478338404384319,-0.012373195512009234,-0.0007585878113253184,-0.0027636860104773816,-0.6278763282347332,-0.03881325884237388,-0.012276972419997312,0.012436956395294727,-0.0035867112295749288,-0.00472520716951943,,,0.44702411340195775,,-0.010659061173207442,,,,0.34276965087388456,0.0066934661560847574,-0.017612766771376197,0.00278808746892232,-0.49815345523994664,,-0.0011733589863449877,-0.03766062683804995,0.32837955395254276,0.025324800206964624,-0.04465505314588693,0.2377690891199695,,,0.020921060147892166,0.06646451155555796,0.18447467469229226,-0.008215929910485883,,0.15171622531191373,-0.0841645859298871,0.13944247828480655,,,0.0029671241184872216,,5.519482525638379e-05,-0.024208582767006374,,,0.01822982379211369,,,,,,,-0.5106832664042682,0.14161695204931263,0.0022449426104009947,-0.013606625284809902,,,-0.14287088459481895,-0.0032872143157511038,,-0.08746021240385138,,,0.014001031264662277,,-0.34459174691941474,,0.01260447880733966,,,-0.6003601631361223,0.011142721293785986,,-0.0016940222348875277,0.002650785958239738,0.0005325347405064238,,-0.0034090046656243683,0.09015073990275062,,,-0.2377961049729138,-0.21166682248647312,0.017934649871947005,0.030135747457176162,0.08108615291386041,-0.09865845238044878,-0.008716643232027255,,0.00799070519545427,0.011455177900867424,0.12044882566901931,-0.013792267548040828,-0.37725192739696,0.01581937913152736,0.041049535074837794,-0.11639972097238813,-0.004122629361453472,0.4399039268200075,-0.008877885792538048,0.09589988935987315,-0.3265920889667922,-0.008615946957803775,0.008303951616150993,-0.001454826135593874,0.04067647313995319,0.018221984032950733,0.0920317165962684,-0.001062476860529356,,0.06753694126806258,0.13382858119327684,0.03705066136687646,,,-0.6202314831106276,0.0019411000860950012,0.02558020745636691,0.015424400631594894,,,0.009018086613299739,-0.017731607954691773,-0.024401893297082984,-0.42829913839486167,0.1050973877259622,-0.005658762412343481,0.13258530125589968,-0.011958048323653004,0.7668895825009354,0.130479032477787,0.043347845907040786,-0.018686976143402735,,0.01803755787201148,-0.10383794269804805,0.04227673935315699,-0.17998776974942782,0.014898391708313908,-0.001951014065593002,,,-0.03286712192667476,0.02512934948551777,-0.43888944949236064,,-0.011676351216990715,0.004260490314267924,-0.005811448203335496,0.1569270773311798,-0.002836367312822282,-0.06817209234939361,-0.007438375419893281,0.002376233848110805,0.6595642735247862,-0.04075413894260243,0.011047453035779193,-0.11358745471840759,-0.6733138951568779,0.012030975981090722,-0.023874074958298623,-0.007224384680228359,-0.9705395696455937,1.1130932048528384,-0.01526693130705136,-0.005615058044208413,0.3198518073853285,-0.1253314549202579,0.03599433878832952,-0.17500305239339378,0.2786999929940024,0.04806967336299795,-0.0410673213525573,-0.8495928848954103,,0.8803635588075769,-0.028642362429053426,-0.04164077612420567,-0.01301196990313528,-0.014618731827581975,-0.001033572583801972,-0.030309869716530786,0.01907064213229317,0.08538433894071594,-0.04223704718077115,-0.23035411835899042,0.013059433288745568,-0.029471992742681686,0.05411230720687832,0.020699327862177208,,-0.22638041202459125,-0.16691702441487058,0.43643016886888947,-0.021469984799186798,0.06743173819674982
2025-08-01,-0.5896118022060788,0.03281673661793137,0.1385837207654976,0.04864528306384911,,-0.02316880911796173,,,,0.41584596777727156,,0.2998267628926172,,0.17015289437743883,0.07573660567260676,,0.000555662978898344,-0.3471254591701011,0.2075046143507031,-0.011849004755437877,0.01109337149779476,-0.01026012065444377,-0.006990823549749524,,,0.2331943854847243,,0.08952005049425452,,,,0.03641788111606385,,,,,0.06111126537826369,0.03996706561671117,0.28223017275064716,0.058608751784499355,0.02706237382709826,0.12777066124859845,-0.05857628044244349,0.3428985940130014,0.5162107689430973,,,,0.015193798806806913,,0.01210634662372477,,,0.2617809386719248,,0.0422572385643716,,,,0.4531208895006787,0.07170864881181677,,,0.003817613911558701,,,,,0.6351235038215376,-0.10073002487288416,0.08588856326671625,0.031681969261709894,0.0126149265885384,,-0.006249828841794258,,,-0.09916096638987436,0.03069789521794896,,,,-0.6320672856977654,-0.7667250773174641,,,,,,0.14826712300416872,,,-0.0016518232254548587,0.6805718830075707,-0.09018409388675791,-0.12467015253906166,0.03883057154357185,,,0.052326296656164104,,,-0.12607587720028585,0.0006079479824244059,,,-0.3135611041789037,0.08658110837035032,-0.9813473584891145,,,0.013156595551316836,,0.062341574158396786,0.0063779977929089,0.18256400491243593,0.017748773200926906,,-0.00958338892840454,,0.04298186484156476,-0.004600873426345217,,0.06783888707198284,0.04548256949447713,0.09385224817555816,0.036296126094872865,1.249323784256337,0.349714323793696,-1.105019240652514,,,,,0.046420663694569,-0.22691015209723403,0.03239320910201701,0.23720824883760178,-0.10058148040841908,0.043909027358923644,0.5430486257924012,0.429868942006121,0.18154010199253387,0.135403860666431,0.06294816226877262,-0.029363694175057943,-0.12013506670269883,0.0557473822446512,-0.2361496506867314,0.04349355672317626,-0.46358149503327756,-0.2248542460278271,,,0.01819637596805182,,0.10431392294266398,,,,0.09387950423983461,0.6621205369122253,0.023343615353040713,0.11955771329226104,0.41574349504075864,,-0.11214691568735739,-0.10488221482053661,0.1484162421558855,0.26573743706074004,0.11694729631775398,0.20958801347700093,,,-0.009008160624419849,-0.0016743925998608028,0.09005067351734829,-0.09863327472847391,,0.043607497083623506,0.02866377707530971,0.06885404195685299,,-0.23237464674112995,-0.012954845748290384,,0.04431695652463716,0.09592061284413475,,,0.26958246240617784,,,,,,,0.03748631101352709,0.025907655501217278,0.4112708714688385,0.05268371619327015,,,0.06585945232996758,0.05133016713430162,,-0.0827442867632796,,,0.06317557277625722,,-0.14206978268998655,,0.026246288969804556,,,-0.7561781268902563,0.5367818491776672,,-0.008885376074402613,0.05712948247394533,0.006489950894184233,,0.07684397209177281,-0.29777055548755504,,,0.33224503980630016,0.07958578464779355,-0.005087292263563656,0.012265621345397517,0.03339425860659178,0.0704784946378707,0.07300556806481476,,0.04179385963886077,-0.015910991413301004,0.07809120357763616,0.053230479658601206,0.04948583240977958,-0.018173540216139886,-0.005005660652373992,0.04285797633773354,0.044840220872478104,0.033980351032626754,0.6178346665526271,-0.10302220298120977,0.05887058422099044,0.11256192744735412,0.0018929711937772475,,0.09858715241147006,0.012770031920848553,0.10662919720686503,-0.00041230282496547497,,-0.008722584919179127,0.3292900345725447,-0.004166908213848209,,,0.5742386588407926,0.49862530667697236,0.035753354525654035,-0.00821447509077248,,,-0.8777893020784439,-0.4706278906356066,-0.11147041334202601,-0.447057386498091,-0.13256979997764803,0.07396976529318483,0.08589177321545942,0.006849393867963072,0.2165164909942734,0.33208790875676863,-0.08280959877894792,0.09930735766943345,,-0.05516522464841182,-0.13344105621029428,-0.0055256823758413984,-0.2830436767627818,-0.02579554101477768,0.05740669449775685,,,0.06888232194868923,-0.0032914741588974264,-0.011065019488999477,,0.04426506332848319,0.043660480891786146,0.8581051778879965,0.4540409962615419,0.057095902060421116,0.041296150519794995,-0.8396662301243233,-0.40828105993198194,0.7181029513501236,0.17970795679247528,-0.4645067196063725,0.08396019457715921,0.15812274344483812,0.031858028094416194,-0.015165458954762024,0.4790077100173805,0.061703522441326805,0.06341024836668213,0.19156351522352733,0.23090986219586368,0.020569312380650268,-0.0005616293624411397,0.06643766630969974,0.21592666609191435,0.06866865186881932,0.5209483827374493,0.08464126189834684,0.22081041349518757,,-0.0026496110767101934,0.03433744498934278,0.019975064826105355,0.030098338573694025,-0.2097654283187566,0.03183512315836924,1.033471945810191,0.566290176629482,0.14975581043126318,1.0127415690379267,6.431686489609054e-05,0.0459937895686026,0.015219704938915266,0.03671470055400935,-0.017721873504757808,,0.8004434005830368,0.1032890205684229,0.5251211803687826,0.09280344352240665,0.4391911087607555
2025-09-02,-0.42751031885332036,-0.17009017863169582,-0.04811608338290293,-0.02811783476364571,,0.2158271953324834,,,,-0.39011351364441893,,-0.06691917160806041,,-0.10616126069775814,-0.16883133690856686,,0.0006659169070726989,-0.9569561010354167,-1.9268542642898425,-0.022685686357616298,-0.022235168950388913,-0.14774491089009745,-0.19842179154474487,,,-0.05105176508318547,,-0.12405682496407841,,,,0.05917014689070026,,,,,-0.05577980491872851,-0.005748161459585113,0.271313803761736,-0.0824207389753204,0.3240770902696826,-0.05115470671270336,-0.11515663617111653,0.36151696479160145,0.4608527203518812,,,,-0.10106614210149847,,0.1637539566215672,,,0.3445812681043364,,-0.0342499245042732,-0.4319526476193279,,,0.24034203890022235,0.23512336809835474,,,-0.28856922397415685,,,,,-0.6487924720205035,-0.04152003752716494,-0.3601657444505665,-0.023930580833334884,0.07459880016345799,,-0.059650098798250374,,,-0.20175213127257913,-0.22308449126306007,,,,-0.22516272863228495,-0.13307746846253038,,,,,,-0.08899154400775057,,,-0.007908634916531277,-0.02772587778030778,1.737591330612884,-0.0034046814884829877,-0.09049294508744674,,,-0.03156774505751429,,,-0.026983813033689536,-0.11690932140409807,,,-0.0032203193611138044,-0.3962222746253518,-0.17402552424789336,,,0.0024995111842821506,,-0.10837461402811568,-0.011450559520481596,-0.11866995695637056,0.13364679197830648,,0.12495789740673367,,-0.13322329548746467,-0.011126161347402175,,0.026767923644621425,0.08582839521573728,-0.1371692358095859,-0.5331630731200516,0.09266433919005976,-0.1973036416521931,-0.17768163889902494,,,,,-0.37675639709146236,-0.026320990620759255,-0.1186202393437129,-0.18147123248015595,-0.028035937301964284,-0.09098067390476874,-0.11184488390446974,-0.5230543293479964,-0.07017512102271624,-0.12188085043762245,-0.7921405370652985,-0.3403402303711501,-0.18793362350545686,0.09466533225894286,0.31476995100268235,-0.09864952544007488,-0.33092686996104237,0.109620288454833,,,-0.06391997184128739,,-0.02402580100176816,,,,-0.05627710611992426,-0.1409116480273399,-0.015663347779309503,-0.06626397200674057,-0.12067761711636768,,0.052724190283986214,-0.3227005199419405,0.005914540420260381,-0.11754863675007714,0.2869612361767402,-0.11152442062620534,,,-0.042869795793988044,-0.03355330287626049,-0.20910393429675625,-0.049596244263303724,,-0.09358794844740491,-0.3322835730385944,-0.10678721988552828,,0.3851168461998873,-0.027234082011048055,,-0.3469255891228166,-0.2498254061491454,,,-0.06936596024388567,,,,,,,-0.1959611368561273,0.43495462539183627,-0.13014853998960305,0.03843692258618951,,,-0.10185776148404856,-0.07622441623758079,,-0.01597480054529256,,,-0.04702716334777286,,-1.4615549162444341,,0.06723360070844812,,,-0.060480275817231505,0.026585691312111224,-0.002666120107534553,0.0010433684923626565,-0.0048881806253391535,-0.022795965527034768,,,-0.2451588644920249,,,-0.11352225660434759,-0.18780475046710424,,0.08312628411696749,-0.08334460968679634,-0.09122891798401728,-0.13437507954367883,,-0.23629848577282453,0.04117275284722217,0.4879137698636617,0.5936964951597915,-0.18833581852503056,-0.01686371259715469,-0.0641650967798512,-0.09756152534974921,0.34524571349487165,-0.0742004438963364,-0.2851350014074242,-0.09161183614299229,0.3219278156963498,-0.017417664805181893,0.01737597860687864,,-0.0998717095810257,0.035466607354948367,-0.022497526524611223,0.00020109322961952335,,-0.024066972258962968,0.1395862451891698,-0.08998650943586976,,,-0.2488973409238006,-0.5622281824373747,-0.0016363642948529877,-0.13818763303086118,,,-0.10977589589462328,-0.15115000906813675,0.09611890214838106,-0.14018960367458372,-0.09287435180535086,0.02531223850151671,0.001328995054501892,-0.06957910093317414,0.31118053326170125,-0.04340351472350701,0.2399838971175828,-0.5902479473553023,,-0.014378085488155726,-0.04588750288498006,-0.3420840112955215,-0.13803257156379312,0.013573214536009594,-0.1349914287166284,,,0.23968171331383628,-0.14770681658673712,0.14442149264724358,,-0.09161241981042739,-0.3281851566110019,-0.09295468522429748,-0.12274349999722867,-0.06343871520528688,-0.3458670185861337,-0.10917420582696638,0.002205159114600227,-0.35323768445828174,-0.12098620537409581,-0.8080298166957697,-0.07563884590929684,-0.07407687260638195,-0.08287888174218017,-0.02589656953132836,-0.10239733532267231,-0.05937496340953593,-0.18767623421977406,-0.6462878356109462,0.19798682573536866,0.1902490138278276,0.18078975015133533,-0.16588406915479073,-0.0538344928382075,-0.0651040867800872,-0.03748557296545453,0.341849280303348,-0.17455341201068256,,-0.14610076034703343,-0.021539971732920368,-0.5732153976495289,-0.02518751051282722,-0.06732902077609597,-0.1669406036407584,-0.0317483653714499,-0.1227206524408499,0.13779698573998567,0.16823082564494085,-0.5421887650532017,-0.09841950497651118,0.026030167747321076,-0.23846084053298264,-0.1253952127777142,,-0.11876282683130808,0.14131570380012387,-0.10096054472193411,-0.17458155809533207,-0.12765741689327126
2025-10-01,0.378776432155575,0.035153271875481826,-0.14620674386683472,-0.05079490587854585,,0.03877643484880855,,,,0.07062779386678855,,0.3201048070847349,,0.02100996049968509,-0.24057826296997714,,0.00994526787223564,0.393499565629915,0.07128386204542361,-0.014840282090392407,0.11725739337590739,0.058555332166583596,-0.015832582731237037,,,-0.3617726645821218,,0.0695404516167474,,,,-0.009859960035184606,,,,,-0.0013878556174684153,0.2580088065498628,5.523937717759678e-05,-0.04530771140345361,0.6243105401809369,-0.08702713548977711,0.007230550485008183,-0.017748832088015323,0.08529021805120612,,,,0.12425871827290282,,0.2879427660232707,,,0.004523158456041278,,0.009767217034879597,-0.04513657562069913,,,-0.10449227515702278,-0.25179310668866034,,,-0.009882543249637585,,,,,-0.645661003096133,-0.03947803624044275,-0.34056925320978204,0.4275265607462878,0.3942893200991804,,0.22663678889029495,,,0.029921717913099062,0.0263192718849003,,,,-0.013560981897479965,0.12830136960396404,,,,,,0.001964871275853179,,,0.03440765829341017,0.5335174244250488,0.09490034367683797,0.05977117098362721,0.03603910372478819,,,-0.085532553175697,,,-0.008994989189600348,-0.08834040166644298,,0.019504435464919673,0.03584895946178372,-0.0043375988657387305,0.0707513640749857,,,0.01342148621182223,,0.01848221550769501,-0.015488160151294075,0.152225969643907,0.07049659911774363,,-0.015433031272818601,,0.4179633846751248,-0.05299069653082547,,0.026285216583043884,0.07621785219877744,-0.6229319003631029,0.022214049233007276,-0.06074334030098336,-0.5097315528567842,0.06197596230037189,,,,,0.12049715957833217,-0.013953323091365273,-0.15908367323011172,-0.010000942916338022,0.007745699675608267,0.044389530576081915,-0.15595946905803382,0.12886232948363952,-0.01212275374687685,0.08431423831354384,-0.008560193819632175,-0.05776377588762361,0.012749287764329405,-0.20239112026706327,-0.00556529646454702,-0.02642022994479298,0.038381255561201526,0.09167772726201617,,,-0.377233609074788,,0.07432498168618587,,,,-0.0384951528253875,-0.3596973403499547,0.029517423025083957,0.005889226800121864,0.08992129818823977,,-0.010369354289717338,0.0801571221507901,-0.01884360068219775,-0.06662003430741181,-0.04843445915271922,0.35887673173643087,,,0.20377550126837196,-0.018960287296003315,-0.01298138551102792,0.007036002923673203,,0.11274254401924329,0.5158418567747818,-0.051966605731734804,,-0.9069779274057578,-0.0565984091734681,,0.06417556817249223,-0.10329790822956712,,,-0.0419933935122475,,-0.7215072384425841,,,,,0.13099831800535333,0.2835624638661044,0.10091229056039626,-0.016617287414502534,,,-0.4648573187647564,-0.009343458723624866,,-0.022279605992496815,,,0.3398435433564413,,0.04426394264651774,,0.04525745743986904,,,-0.6110499567815837,0.07600046951592475,0.03876163955638207,-0.0007549942973723868,-0.00433801719505851,0.023257300227909602,,0.05402703808128602,0.273577299094046,,,0.331344512306077,0.9784261592686416,,0.1904252747221552,0.028324763222694616,-0.012572491924074062,-0.3695186773392235,,-0.1252067937531679,-0.013632549921272802,-0.4419564040665276,0.09634631470775111,-0.012809737006282032,-0.014581434849073692,-0.025498654191089966,0.040878696297576234,0.44084074948247226,-0.1982347812141804,0.09024824982824542,0.04192884068251156,-0.009421604742305361,-0.010211217430387437,-0.015027031933446237,,-0.0672403286369597,-0.00040913094242168996,0.10582027714949985,-0.0458342490669781,,0.04520622980465283,-0.028666935801308014,0.03677242791857849,,,2.17195068331402,-0.20199060874744848,0.017720648909700612,-0.01725141943171624,,,-0.4779089686152447,-0.0016911190374385883,-0.5041228353671848,-0.009971499766919942,-0.014608551066707656,-0.020188652391414565,0.9976905740891389,-0.003852420248376705,-0.07911046936698926,0.012274646120844212,0.3801229273138437,-0.030071870151586334,,-0.01633371493139984,0.0066639490214747835,-0.0868259295181977,0.6837036120768476,-0.00020282426204902212,0.019041257438994742,,,-0.009358328096038097,0.029646301701400153,0.04462216289048307,,0.11575369775783055,0.09474421066266758,0.039327534256399656,0.08086383068500264,-0.012904840232553049,-0.28559759266922746,0.46406818779944764,-0.05712022257446621,0.37738036519052887,-0.014808333670353075,0.21990456955353294,-0.023004938913767384,0.002502770530407314,0.0315656217511887,-0.013977763185988857,0.036591335011144886,0.08000752978809712,-0.68049279848627,-0.11701623028182699,0.1900787529586001,0.0267216585750144,0.4644412372310838,0.0067657965373114255,0.017269045741369362,0.1569061487202445,0.026702714407117863,-0.02527476137318741,-0.02125567847861478,,-0.11186349326619088,-0.006414566952730903,-0.022341723071519055,-0.07459530876058106,-0.022603195663117616,0.07375178813128919,-0.01124962806113791,0.13745929124067385,-0.016005565596283248,-0.030754970878523163,0.10803281939477326,-0.1374195253279387,0.038204588250410045,0.45839670876323485,0.06918872611546892,,0.024510006910906372,-0.08048106666160909,0.8871076570621498,0.24987879545025787,-0.42338319733666474
2025-11-03,-0.04825176702544289,-0.038984843049401495,-0.1746163705572363,-0.09797663064596332,,-0.618970235212041,,,,-0.21337417051214388,,-0.12695471777631992,,-0.22618235289441463,0.41403473475248936,,0.0018603824828861875,0.029232658493947204,0.3673884394771226,-0.08288018982906815,-0.006602970069206324,0.3687786195717181,-0.020148773582112908,,,-0.04259503708166272,,-0.11133678780890138,,,,-0.03840362124597248,,,,,-0.027387676446749356,-0.5232641794894469,-0.015396861266526908,-0.015224120675853402,-0.040930910630548864,-0.383908857272165,-0.05259084017575624,-0.11755281350064921,-0.02906162642638684,,,,0.02228582423541868,,-0.1642399879414385,,,-0.14430535026236516,,-0.020875727919080666,-2.5179726662695785,,,0.06701295541381347,-0.10416094570227927,,,0.12360130206703755,,,,,0.03176142979464016,0.3763269182767733,0.17336034896884145,0.19891010932404948,-0.025743954660717515,,-0.021859280769110964,,,-0.0066373654446707925,0.09445529046363103,,,,-0.0521425526257704,0.025914970893974865,,,,,,0.4656710983856235,,,0.0015812838848164353,-0.2936212404496664,-0.04257613381473713,-0.12021200485072067,-0.02645760390577755,,,-0.0319446766983428,,,-0.009562051497013137,-0.04683378697287523,,-1.949060699058347,0.10558631486935527,-0.1885951736950271,-0.009527162856686845,,,-0.17383574527178722,,-0.027509853800244198,-0.01617047814856209,-0.2808442127842408,-0.102971357850361,,-0.018959855432443603,,0.02097881798238733,-0.02739829051630198,,-0.2779483659355814,0.02844320458994544,-0.038772087759939726,0.03903411017987425,0.01352425298362733,0.6972536413463735,0.01970196189638632,,0.010832479218853063,,,-0.061382100160488264,-0.07469441699510806,-0.006443469288641887,-0.03347449322594618,0.03392037921723372,-0.028596763402300378,-1.7152020593742663,0.03879892989095424,-0.2033426556485129,-0.7030096333370787,0.1999182633758086,0.014850631127014288,-0.4021950478127869,0.004164405449617832,-0.4221978400039509,-0.1739106031260158,0.24356821130657771,-0.022402779950058363,,,-0.0691584457079358,,-0.033626101981928724,,,,-0.08160525442441613,0.024124062085640937,-0.002322605283976776,0.0700556469322421,0.13009987269692402,,0.1796332566890272,0.06194642055874784,0.010358353100993502,-0.061265139699512444,0.22091446440231763,-0.20563905965720566,,,-0.03196524200562951,-0.26431126812940214,0.13444469039300855,-0.04016365908005788,,-0.2508625743107467,-0.3813196821598428,-0.07110943186804758,,-0.5595653027761166,0.01843943273026699,,-0.02057788622058965,0.2583587363854774,,,-0.02401613031836809,,-0.054361700985952215,,,,,-0.017282144025372276,-0.769640511227806,0.019710559207344498,0.05825674355891782,,,0.23723596014822468,-0.025914432361264172,,0.12911023849065856,,,-0.010534458491898043,,-0.07677918132884659,,-0.07115727588276646,,,-0.06997852496621015,0.47119987939518193,-0.25431047171091165,0.0007564284127695525,-0.023428136558379265,0.25355492202924873,,0.08022071455103032,0.28716365877858024,,,0.05274951889103855,0.032119583341055954,,-0.009138449215832218,0.18518098277990336,-0.6032162205234693,0.020076144403800594,,-0.051888927925667544,-0.04951381974396148,0.029869565116616932,-0.09794574494818648,0.010331124831472353,-0.01057014464998932,-0.04067822257056345,-0.024584077142177325,0.6261408678708191,-0.05066439916398023,0.04765865904872728,-0.027242794665927966,-0.035347626111591195,-0.0075180208070494475,0.03206679410729173,,-0.07464198335682545,-0.001425084927924597,,0.03781472187275105,,-0.08116115283610179,-0.03623189031951021,-0.07260376573041552,,,0.11530528585144506,0.19710985690563745,0.047449674537966176,-0.03089486851883605,,,-0.0314839389575882,-0.23198368313274662,0.028243071876548745,0.0070934748873334435,-0.10630257927008516,-0.04078213511209632,0.2342793064672892,-0.08911737113226856,-0.4892905213755831,-0.017894275121420132,-0.06107069402435909,-0.03425091894064765,,-0.01953045220487833,-0.09729138762211219,-0.4154689275063485,0.027851292280473217,-0.04379285084954758,-0.2717793193986388,,,-0.3591975931844459,-0.0054984700334333916,-0.5455202455104062,,-0.008274868470961082,-0.01880222467235727,-0.1337066000192266,0.33135390140705134,-0.027367496155474104,-0.024904900167677647,-0.10382703297714395,-0.11702613448416022,-0.025186086083910122,-0.06966511046144287,-0.06805473301122908,0.022477991690188416,-0.06078482564656668,-0.24620107965653665,-0.025862519420288617,-0.019499746232667082,-0.029158044773978663,-0.08593866771888124,-0.2201225185227488,-0.36840680149757427,0.17158598933234162,-0.02393040748527247,-0.06382791629396418,-0.06745864399994657,-0.018362782171799288,0.4427951985089545,0.057332166502330584,-0.03169913556096436,,0.08273985302199194,-0.01758088852929698,0.40228951270746355,0.0910247239310515,-0.10659648448577488,-0.021138917056268476,1.104766998232137,0.027315675739941047,-0.09311385931804286,-0.08854533748432905,-0.08504888210453224,-0.09773251830411618,-0.03052553167450395,-0.14521385205930484,0.06999720775062872,,0.02210754194795355,0.23520712028777027,-0.0015656992980365454,0.10632866005705884,-0.06500780380666661
2025-12-01,-0.289308285464303,-0.1322235750656817,0.10957952729811901,-0.017070359607221183,,0.49962540202445954,,,,0.13531911950078182,,-0.11540085669974563,-0.43341355173905044,-0.09390189850231027,0.0637703519815088,,-0.006008315857373195,0.07051738098902982,-0.021813167979256722,-0.018509011352964715,-0.0014032056567170482,-0.028101352855406443,0.23203606292785334,,,-0.18906306585513338,-0.14332390176141876,-0.45280018860089344,-0.029782439723612816,,,0.007768507083527483,,,,,0.1808657605281756,0.04188780500342231,0.2627768811079201,0.028171321169285078,-0.044752284929703276,0.14977799049971163,0.20947551271596523,0.007321239626895931,0.01118014794714254,,,,-0.24068685018521913,,0.013808799062468836,,,0.0035082568403438166,,0.22992532987499606,0.834230909377941,,,0.03293983016648942,0.028208886295126325,,,-0.3341420290705794,,,,,0.09763379743318618,-0.24713118256643907,0.30072477257989816,0.010979208100360467,0.09365800560598508,,-0.016893105988362404,,,0.0454594468512754,0.013280210939251396,,,,-0.32651263746224113,-0.0018604793825786337,,,,,,-0.017274346249340267,,,0.023279900220099965,-0.10358401308675416,0.010765106144541403,-0.10875277522295027,0.0450666198990596,,,0.045557353170877994,,,-0.0025280050952188084,-0.0019324075938741787,,0.5105323181772666,0.6855950757758452,0.08512961351785003,-1.1351953585522045,,,0.008489105789851042,,-0.06992480102643486,0.03376954293845375,-0.000525351384360738,-0.05625505357546677,,-0.0011535393919336109,,0.07225022359777923,-0.007964884609720327,,-0.07430719530211419,0.6324522539955079,0.04740768018813789,-0.16773948810000666,-0.2317145655901383,-0.00662585885857412,-0.10172616691279732,,0.05188874708217585,,,0.05091961327208211,-0.01593868677240644,0.912779371873575,-0.03577399181889851,0.031258010885828406,0.25748630419310037,0.06566910481938593,-0.020277560827497113,0.03585326779200127,0.057446316036220246,0.05079124291413445,-0.019329353605414955,0.05794128505735999,0.07579431246516934,0.04109097345146831,0.027124474902277596,0.04736022781136762,0.05585648182397008,,,-0.09617614893987383,,0.06173262918046847,,,,0.4166244454989842,0.08229366894361859,0.026748132284091335,-0.21383828697760277,0.27111718554646136,,-0.01107304924693658,-0.28543257965556196,-0.6988284458818631,-0.17880798425239514,0.4838992088103536,-0.08587462160356042,,,-0.01930772198398563,0.023832787034888985,0.5264920966428904,0.13325450215229162,,0.4091891802856922,0.06345691149448604,-0.17332302024028196,,-0.24520126052004695,-0.0614182629821475,-0.07568656208732506,0.04744010521585745,0.16709395367683363,,,0.0015290470141121624,,-0.16647366403563973,0.06346764600414828,,,,0.3196421362425335,-0.06943015722546858,0.07755794311810948,0.01812584523991872,,,,0.029861333132383313,,-0.008368635061421978,,,0.26987740481993805,,0.009137837553261915,,-0.008298905557000403,,,-0.0042960259634509945,-0.05937835447805269,-0.03359997220930844,-0.012471665416010773,-0.02795665013340773,0.10892818656263198,,,0.025239707118666348,,,0.11482708331823452,0.1041910366509192,,0.1919089215291959,-0.02232143707136076,0.048119266916296935,-0.06521677231409123,,0.03663915341708583,-0.04362492884130843,0.05874445237279541,-0.5326600618146384,0.04919876191709227,-0.012443337578422618,-0.11664426665140055,-0.05716380284048772,0.04867262683726521,-0.005003942486943823,0.06570645725328053,0.04820758636005043,0.030382003051192086,0.003999107137545908,0.04207992701213996,,0.08641786134395191,5.2690375072817814e-05,,-0.000829554755278963,,-0.07494196181508347,0.21001189930851438,-0.026465188790547878,,,-0.13296368068047681,-0.051422957075209996,-0.0006381347020451478,-0.0169288640227087,,,0.02881030858180975,0.32096414250790006,-0.1055903666635097,0.6861942362951468,0.22144601232771344,0.0031741883103673565,0.019483507646068158,-0.021611381862561545,0.2510842046181381,0.013746505190211318,0.007327085077503265,0.0922624538487322,,-0.01844774590710421,0.299872096471276,-0.0661650631903273,0.08164792880391351,0.039569325386312575,-0.10472032428138045,,,-0.03132143836954479,-0.036624595963022706,-0.021663467711713014,,0.035103953450163,0.07597510836377479,0.15051539671668443,0.05802623833330455,0.03634118089632377,-1.7571861432784373,0.09058770476303582,0.030970161790578474,0.05917172287618197,-0.6327135758008601,0.004098852821580304,0.009112467769807673,0.0029830501557683194,-0.11817866346957984,-0.011140471866882034,0.5925314851607759,0.03794059782126673,0.04991296216138455,0.05841339040275065,0.3196482158630128,0.005091896896135614,,0.05326417092963616,0.008421703193818724,0.030445021819559416,0.007440785200570368,0.075130839942061,0.10725694433649631,,-0.07939960224620625,0.01620323363846219,-0.17998242946946943,0.1181225913116321,0.06465887609861948,0.05022177087808441,0.07111693545738595,0.08492240598802342,0.32044722045913904,-0.021165052046112957,0.011002336986648974,0.029242995667869066,0.1471760771293042,0.5615915862862851,0.31314700228488734,,0.08998726425962894,0.16100259584872667,0.013125165946573147,0.0726497354686163,-0.5801819376065767
