,AAXJ,ACWI,ACWX,AGG,AGZ,AMLP,AMZA,ANGL,ARKF,ARKK,ARKW,ASHR,AVDV,AVUS,AVUV,BBH,BIL,BITB,BITO,BIV,BKLN,BLV,BND,BOND,BWX,CGDV,CGGR,CIBR,COPX,CORP,CQQQ,CWB,DBC,DBEF,DBEU,DBJP,DGRO,DGRW,DIA,DVY,DXJ,DYNF,EDV,EEM,EFA,EFG,EFV,EIDO,EMB,EMLC,EMXC,EPI,EPP,ESGD,ESGE,ESGU,ETHA,EUFN,EWA,EWC,EWG,EWH,EWI,EWJ,EWL,EWM,EWP,EWQ,EWT,EWU,EWW,EWY,EWZ,EZA,FBND,FBT,FCPI,FDN,FEZ,FIXD,FLDR,FLRN,FTCS,FTEC,FVD,FXB,FXE,FXG,FXH,FXI,FXL,FXY,GBIL,GBTC,GDX,GLD,GSLC,GUNR,GXC,HDV,HEDJ,HEWJ,HYG,HYLB,HYS,IAI,IAU,IBB,IBIT,IBUY,ICLN,IDEV,IDU,IEF,IEI,IEMG,IEUR,IEV,IGIB,IGLB,IGM,IGSB,IGV,IHI,IJH,IJJ,IJK,IJR,IJS,IJT,ILF,IQLT,ISTB,ITB,ITOT,IUSB,IUSG,IUSV,IVE,IVV,IVW,IWB,IWD,IWF,IWM,IWN,IWO,IWP,IWR,IWS,IWV,IWY,IXG,IXN,IXUS,IYE,IYF,IYG,IYH,IYM,IYR,IYW,JAAA,JEPI,JEPQ,JETS,JNK,KBE,KBWB,KIE,KRE,KWEB,LIT,LMBS,LQD,MBB,MCHI,MDY,MDYV,MGC,MGK,MGV,MJ,MSTY,MUB,NLR,OEF,OIH,PALL,PBW,PFF,PKW,PPA,PPLT,PRFZ,PSCH,QCLN,QQQ,QQQM,QTEC,RDVY,REMX,RPG,RPV,RSP,RWO,RWR,RWX,SCHA,SCHD,SCHE,SCHF,SCHH,SCHP,SCHR,SCHZ,SCZ,SDY,SGOL,SGOV,SHY,SHYG,SIZE,SKYY,SLV,SLYG,SLYV,SMH,SOXX,SPAB,SPDW,SPEM,SPGP,SPHB,SPHD,SPHQ,SPIB,SPMD,SPMO,SPSM,SPTI,SPTL,SPTM,SPY,SPYD,SPYG,SPYM,SPYV,SRLN,STIP,SUSA,TAN,TBIL,TFI,TFLO,THD,TIP,TLH,TLT,TOTL,TUR,URA,URTH,USFR,USIG,USMV,UUP,VAW,VB,VBK,VBR,VCIT,VCLT,VCR,VDC,VDE,VEA,VEU,VFH,VFMO,VGIT,VGK,VGLT,VGT,VHT,VIG,VIGI,VIOO,VIS,VMBS,VNQ,VNQI,VO,VOE,VONE,VONG,VONV,VOO,VOOG,VOOV,VOT,VOX,VPL,VPU,VSS,VT,VTEB,VTI,VTV,VTWO,VUG,VV,VWO,VWOB,VXF,VXUS,VYM,VYMI,XAR,XBI,XES,XHB,XLB,XLC,XLE,XLF,XLG,XLI,XLK,XLP,XLRE,XLU,XLV,XLY,XME,XMHQ,XMLV,XMMO,XOP,XRT,XSD,ZROZ
2019-01-02,,,,,,,,,,,,,,,,,,,,,,,,,,,,,,,,,,,,,,,,,,,,,,,,,,,,,,,,,,,,,,,,,,,,,,,,,,,,,,,,,,,,,,,,,,,,,,,,,,,,,,,,,,,,,,,,,,,,,,,,,,,,,,,,,,,,,,,,,,,,,,,,,,,,,,,,,,,,,,,,,,,,,,,,,,,,,,,,,,,,,,,,,,,,,,,,,,,,,,,,,,,,,,,,,,,,,,,,,,,,,,,,,,,,,,,,,,,,,,,,,,,,,,,,,,,,,,,,,,,,,,,,,,,,,,,,,,,,,,,,,,,,,,,,,,,,,,,,,,,,,,,,,,,,,,,,,,,,,,,,,,,,,,,,,,,,,,,,,,,,,,
2019-02-01,-0.01737679751602655,0.008542218580839988,-0.01120170204192812,0.005648739402582598,,-0.02833261605003604,-0.09730077287180586,,,,,-0.07153952641761709,,,,-0.00019026831424638502,0.0054306427574642826,,,0.004741572986268176,,-0.010939777637744046,,0.004889917828766783,0.0007017610148640692,,,,,-0.0003683160765681363,,0.021572688706283233,,0.004792290871161772,0.005904140667057902,0.0007066488971746068,0.030764766490597787,,0.029288879012645944,,-0.012477212805074231,,-0.02074631568055979,-0.01646847720753439,-0.011008829484411137,,,-0.013844682974927119,,-0.015862753448460963,,-0.01383419765931499,-0.006783621962979687,,,,,-0.040991485729427776,-0.00775300053392279,-0.01101505211263299,-0.03556168957452251,-0.004090659868522166,-0.033867023651098616,-0.004990770536922987,0.0010367007248464923,-0.0025538435333807754,-0.02126348436816683,-0.00700197107917688,-0.0012150332188105568,-0.0137913754299886,-0.03664616385793426,-0.037802383985396794,0.0311314696864813,-0.043460526049930864,,0.038682405929404876,,0.05529141055907907,-0.02069699238998346,,,0.014210646671227659,,0.04047906802367428,,-0.009520082937450084,-0.006547093376365903,0.003797027359460181,0.038926877034149245,-0.009533320420916844,,0.00663756304858702,0.00571261926440213,,-0.03272400366260447,-0.0043563008753373916,0.026781355995606892,,-0.025344371524733962,0.02622640946428928,0.00286528534505308,0.0014104830727192943,0.01473912189323407,,0.017691266498658133,,-0.003884959196332891,,,,,,0.04288650128486226,,,-0.016009564387886067,-0.015209577602529072,-0.014915393670639198,0.011286441465694182,,,0.01590696204570217,,0.08032144988949813,0.03055434345542515,0.0150560550933665,0.02149079488857125,0.025329162125563177,0.015902709398646585,,0.014026377025589235,,,,0.024470963856045243,,0.03611772835708523,0.014186096343768481,0.012553696184912557,0.026237791534051,0.047094308674843016,0.024886607060762053,0.015078968909481716,0.03366311214092147,0.01518686374673744,0.010176081752798207,0.019567163637047587,0.02741680481465555,0.02266946389031557,0.005146052739080354,0.024124766729449767,,,,-0.012371001526419248,-0.009776392603395103,0.019118756188506336,0.019333938556541756,0.06343674405720219,-0.015851720416638095,0.020178746248845705,0.044164948037261065,,,,,0.001109862818289526,-0.007221063612366588,0.0018804288446894084,,-0.00462138675010195,-0.07481425431306138,,,-0.0034487805057646457,,,0.011844988194821904,,,0.029763014420068942,,-0.013896351186090299,,0.007471914153288831,,0.026608294498124185,-0.09294344782979161,,,0.0018066843742940816,,,-0.02880826438513175,,,,0.039499267067261784,,0.02726570845560217,,,0.024958661201840867,0.012529429576941467,0.018091443926948923,0.009964457158795445,0.020248464565338978,-0.002181987459370559,0.015467887489560206,,-0.012118306974552098,-0.009680398612323747,0.02060698846442491,,,0.013561354630925926,,0.02751080032340203,,,,0.018971890389966665,,,-0.03469755077962871,0.03933003319727967,0.013163948776843288,0.013777453471636733,0.0277548606687498,,,,,,0.014172182073649536,,0.0061532014452531925,,,,,,,0.025719678976207628,,0.03948974079561118,,,0.01080941435403519,0.011214524566634711,,,,0.007120163751871246,,0.009658571490763684,0.005270141235986891,-0.0007837605338036581,,0.009325151354193945,-0.12726625903809555,,,,0.007906395797674349,,0.027821437231545284,-0.015263977587063566,0.0179452880170706,0.027705157746842665,0.009490432036608404,0.002230774850735051,-0.014126928184040169,0.031172592001096688,0.012709108823622996,-0.010632108134033685,-0.01278150975064676,-0.012038816128655134,0.0066909473702106495,,0.007755064563434045,-0.015621496492862015,-0.00978161413516648,0.04866545245547189,0.05027009139717251,0.03234092327333608,,,0.0032730615659438676,0.007486092305080265,0.014782224235385888,-0.005521629458340437,0.013408423409898776,0.00559916861624475,,,,0.025917183509544528,0.037234693863147345,,0.02158931622051069,-0.019152892471879804,-0.00921791411810853,0.03648645806340777,-0.024765844737037142,0.006775292135295944,0.007675716642277003,0.02463993733003964,0.02396656829812828,,0.028166660564222616,0.026117989248350685,-0.015903265645687895,0.0011108093417626702,0.01632431097843594,,0.020206208468824156,,0.034387347245939656,-0.006561803781531069,-0.0928733550466545,-0.050375323532000395,-0.005028855421490922,-0.021258787469120844,-0.00043516223822555544,0.00750542052998069,,0.005729944817657932,0.03987104929016068,0.011702110106988519,0.024321791988489074,0.04327939897887539,0.0499850029177742,0.04301244852818459,-0.03178736831169678,,,,-0.023617617054840584,0.01605107794006958,,
2019-03-01,-0.005987438073605212,0.006498609677300887,-0.004576363288650261,0.028550912854882544,,-0.02603492272657452,-0.08909690934337583,,,,,-0.04551388477496594,,,,-0.005159774189883326,0.005447302520553971,,,0.028538397497283652,,0.0236691444103428,,0.026793101904050837,0.019495381642372748,,,,,0.023961792324996168,,0.023007600136803332,,0.009421075575146954,0.011302653276278442,-0.002709587072082131,0.023241204690252475,,0.022222495124013322,,-0.013949691718510472,,0.026772427498608833,-0.007666380233206732,-0.006151503606003668,,,0.0032310055518938504,,0.005189743976764952,,0.0063069019431863955,0.007819770167130966,,,,,-0.03779403943662869,0.006461398465133904,-0.0019860852673863386,-0.027254551943686544,0.011576650089951703,-0.02485474647939447,-0.005908485641704214,0.0029751699402572706,0.0024471140970713855,-0.016520361575565128,-0.00536143908381316,0.006839233024047799,-0.007378165269530224,-0.017247814959508587,-0.012869201320575346,0.021374320009101846,-0.02322034028601807,,0.006552615622876032,,0.03843587392123003,-0.015561343966721061,,,0.027791481136639515,,0.0291899365876731,0.024432019094871645,0.001216720473847323,0.009600919957544859,,0.01719216618207596,-0.01193755387009923,,0.02392270448135162,0.005945339206810559,,0.018628134259707003,0.019306863571600403,0.017727305751807497,0.01408358259007231,-0.02312171428076495,0.023205651116900303,0.006056692447069272,-0.0025420167674631766,0.02787639724612713,,0.028980899424680157,,0.019961342232685884,,,,,,0.05703818738075341,,,-0.006511918906111474,-0.010750098790519028,-0.01023993610432288,0.031927619939366055,,,0.021816938401704643,,0.05669009627341093,0.023480121151301554,0.013117265993641736,0.013537366562282292,0.014518859754061395,0.010582682872794937,,0.007676970632825299,,,,0.017212386467629442,,0.024596440674297917,0.009538045921363664,0.008486539316983028,0.01836406908595918,0.034940826753390934,0.0172205784732887,0.010351442678593559,0.023122408614821253,0.007462650470818695,0.0057083009732979825,0.009455771094276234,0.019446526083122306,0.017683285729022488,0.004902688484519905,0.01647714783538475,,,,-0.006451637807502771,-0.015881990182409884,0.01503661592470294,0.008663087118026332,0.049736688936188114,-0.005989691824080275,0.033966299002032845,0.03504005158216086,,,,,0.015394734078988628,-0.01702915512592029,-0.015577769337624515,,-0.015485476952124122,-0.06479015718210134,,,0.023178742797539596,,,0.006991775693491006,,,0.020214294565001185,,-0.028528042896153533,,0.02928908626184142,,0.01792737426451679,-0.11367702109234847,,,0.02248015200348518,,,-0.02069180599937388,,,,0.024907520430350414,,0.02276520023841627,,,0.01320762723723683,,0.011984150665261633,0.023908018513491815,0.03451339666366145,0.009225922397539502,0.009647077299049133,,-0.004809555752320217,0.0016054936029176528,0.03458767378788047,0.03169913028150948,,0.03544547810441033,,0.02556710115956904,,,,0.030507036437455018,,,0.009141719883375416,0.023804562914495266,0.007162927240452384,0.01228560862130017,0.026118875674271968,,,,,,0.020831172518833197,,0.02707864357061247,,,,,,,0.017613904816539037,,0.027830909253386722,,,0.01929069234776853,0.026988838885391105,,,,0.029603357679180944,,0.008233170062848474,0.025547461262278658,0.029867006169950194,,0.029479670618943046,-0.08997730507779506,,,,0.031166269722594057,,0.043027475564362844,-0.008126142598794857,0.011795015398084828,0.018738529951830715,0.005674131972571871,0.026710891598143424,0.018707809253667527,0.017392154686118023,0.010446609200939604,-0.016860032903071438,-0.007372971237775967,-0.006001842173796251,-0.0012004383676478445,,0.030152420721785863,-0.010538137216323818,0.028168306383985053,0.0354070422007736,0.029543721178077565,0.022398454257877672,,0.01386418111763316,-0.0007790037046215366,0.029525521298985363,0.03146532019775062,0.004783866765499248,0.009474312920030446,0.0019505246121950173,,,,0.017639711688116348,0.025201214623876898,,0.016703756396271755,-0.010258537680709695,-0.0038376801513758433,0.05047682754557577,-0.014439020536190766,0.005671879202792846,0.029348637223845085,0.01670187390929667,0.016416922332857815,,0.01951507511489726,0.017798890708698206,-0.008040927312682678,0.025367536591350968,0.01117534660954363,,0.015118052137600082,,0.022009565369900494,-0.021219434542189258,-0.11168874801782311,-0.028953656781411763,0.002824736006066538,-0.009677741414256107,-0.005073213619504643,-0.0010380378365381665,,0.00026795836169476615,0.03099712567627643,0.01002704488971607,0.03643582091511831,0.05826622290200793,0.03077360532962225,0.027884404997306503,-0.015515421353845716,,,,-0.03229038634067145,0.003331817080735027,,
2019-04-01,-0.01171364360888003,0.0031042045129554864,-0.010047407020179148,0.018721314237245767,,-0.0049382936071375675,-0.07768831754678751,,,,,-0.050834813011273086,,,,0.019318095726768056,0.005652023447851522,,,0.019876746278327913,,0.017949320926024318,,0.01736284905172848,0.003960571289990178,,,,,0.016477312198820544,,0.020439451264197838,,0.008453305643807276,0.011793613572405846,-0.007106326918465443,0.020194667152879143,,0.01893076967033786,,-0.018621889040066918,,0.024633985266478958,-0.012839789818878436,-0.01142302318921674,,,0.0014505353080821921,,-0.009695522154198359,,-0.013052061240118507,0.004506151511255713,,,,,-0.04680133870251651,0.0007957388361673046,0.010470333670549416,-0.029974850694905658,0.013286355847910894,-0.02888496694149143,-0.01505668633977066,0.0037235784111915656,-0.013616711688785777,-0.015319759321835835,-0.0125425502244773,-0.01037261907151399,-0.009355853519554305,-0.01678967731548486,-0.014714214475862322,0.02660759405659894,-0.040868821855209195,,0.02573280367956959,,0.03609930967154235,-0.01817557756236364,,,0.015398471008912255,,0.01717862214260608,0.02773519974217992,-0.010824277824220319,-0.009485398878051639,,0.020647424458752416,-0.008486637944807343,0.03457982315338278,0.005687066444518055,0.006077584605064898,,0.02849878965029659,0.010252182688348797,0.013912638759385861,0.011828615029502393,-0.025023155466608465,0.02338612393288416,0.007503308365754669,-0.007000057480440131,0.022051256750643712,,0.020323104556661947,,0.011330701330776521,,,,,,0.05578960190033706,,,-0.01232597538483537,-0.014127502597912598,-0.013604629671335078,0.02506683460001998,,,0.021633316340719546,,0.060562304566665795,0.03268277602957,0.02461014485813377,0.016502233311976356,0.017485078389875987,0.016646484074939252,,0.006184227687179753,,,,0.015201577385574918,,0.016535445839413705,0.012799364742984062,0.010743366599337771,0.01500290023567199,0.028769693913930333,0.014648922966643283,0.010484481601329892,0.01806247419004607,0.01213785436885538,0.011691737604376083,0.011820228890326313,0.025292898816791195,0.02376475430331052,0.010411381604222412,0.014613671864780612,,,,-0.010362577510643874,-0.00259587945431455,0.015211044755097188,0.0075168672503939755,0.055125990294722704,-0.013148325181754501,0.052842245005226884,0.022416407597741002,,,,,0.008512176065358455,-0.014642560035634997,-0.014073975514456372,,-0.014401770356177915,-0.08087963297024084,,0.007900856374571854,0.01806938510026425,,,0.012317287863110178,,,0.012585898878202934,,0.0385004633903745,,0.017675182547386568,,0.011884337842671481,-0.09550162584205221,,,0.014837945995635435,,,-0.04113166860361018,,0.03801120167735138,,0.015409223841976136,,0.014914438408704028,,,0.007385206045937679,,0.016082194570851034,0.04027288799134318,0.056414741437055584,0.018990568923522647,0.016975755784193948,,-0.012380644831883713,-0.00012834973491984708,0.05673097014411147,0.021718966343420545,,0.02630904153951484,,0.02880041165027268,,,,0.023158708132272682,,,0.0020000710802982767,0.02554111077223476,0.012548957049948165,-0.0001556436724170377,0.014717699863894701,,,,,,0.02913777179501805,,0.018619956371218566,,,,,,,0.014258739471753615,,0.019224521272075946,,,0.00817503603550526,0.013433233517788312,,,,0.01942329406669129,,-0.0026559928438240374,0.013519495986876651,0.021348979127162545,,0.018647259713989846,-0.10235610869314804,,,,0.024244854233834007,,0.03254480141391099,-0.01218108297122083,0.01986215998419697,0.026859001154834222,0.01353661244920377,0.019281780159545868,0.015310457863726415,0.01826591961501323,0.012363338768917504,-0.004118871427349166,-0.010517658723143976,-0.01054308590275461,-0.004850629269590186,,0.01881439323905756,-0.013361334230630318,0.023410058505512723,0.02494973389126657,0.03156717809669653,0.021631461702594206,,0.016848188431730172,0.0005071697803699129,0.019038846797442464,0.05408505774210943,0.015343508370908178,0.012730520550741293,0.00435308651531287,,,,0.014529079505514398,0.01710271977389079,,0.020728031919420097,-0.01625564522520901,-0.010302497330227024,0.04856912601840527,-0.023238629664215325,0.002152476839307207,0.018237572425224655,0.015268259988621554,0.015081567002596098,,0.014460987797021815,0.014838756250181386,-0.014452139376292302,0.018774861644322495,0.01657437748668932,,0.01270605573701684,,0.029768574485402856,-0.013356079824627174,-0.08537009438932153,-0.021267235507104288,-0.0015317658587176322,-0.025069336092337177,0.010814056666799889,-0.0066117670911815555,,0.00016781052924813054,0.017073962464360874,0.010461077830335286,0.05414139004752076,0.05655693139388992,0.030966341192341658,0.030978268626957024,-0.027813291504356727,,,,-0.01581379303166814,0.00881758226638578,,
2019-05-01,-0.018250312608004485,0.008850305543034643,-0.012178200305540489,0.0015272899008656287,,0.007169425433377326,-0.056091131224988815,,,,,-0.02242555743551555,,,,0.02332792373892083,-0.0017773225200956638,,,0.004235760532670207,,-0.001843265770379626,,0.000855341544523412,-0.019551934846719642,,,,,0.002173073324797896,,0.022262356927707002,,0.011542383815005029,0.015436629883170249,-0.006472459834985032,0.03240693527069477,,0.033165024878832466,,-0.017389500965491706,,-0.0052756251997531384,-0.021839557141113023,-0.010992119622459093,,,-0.007786471626963458,,-0.030284585764336916,,-0.015707047351832287,0.010793999758187333,,,,,-0.03923441656108233,0.008961656937668535,0.01348374379791261,-0.034542622691266865,0.019726942456863104,-0.03086567217992523,-0.02199125025329065,0.009449893995574398,-0.03901764924585318,-0.019220203923125866,-0.007151369077750555,-0.022970253269741375,-0.00485262361397646,-0.04198233277027768,-0.040498982368329654,0.013624996781315022,-0.0553325880608449,,0.04170076621307187,,0.05198191278042898,-0.016375839416023018,,,0.00024714568027456166,,0.042923113663933046,0.027928914791945394,-0.024805658604615595,-0.03060362233856035,,0.026910064132837083,-0.00851314142866417,0.05486097515016329,-0.019698209185608304,-0.0009838813321145761,,0.006167992297090857,-0.009575792872853348,0.02343108528107694,0.014477551352976036,-0.020607080803575182,0.0334036918742567,0.01132149630504814,-0.005831694510105635,0.012919544414898575,,0.00966068676853575,,-0.008859806197202225,,,,,,0.04718287042764922,,,-0.021785021694310052,-0.012641204306181762,-0.011951121300005217,0.011189986719807506,,,0.007291980746318297,,0.07203883455587651,0.030145819845543802,0.023029882555181055,0.0170390923210304,0.01923693301377059,0.0172736743263298,,-0.007791098958671868,,,,0.025539722324407047,,0.03222503365269598,0.018834659716259593,0.016878535378295062,0.02658393771579404,0.043797151968440064,0.02618829157973398,0.017646572757287537,0.03354839970318839,0.017265831740219565,0.012063918037748535,0.021499920722900825,0.035462299532765834,0.02629471092487072,0.010449001901414295,0.0252260103748205,,,,-0.01312133806074919,-0.004196155824749161,0.0206849075253058,0.020321546103860146,0.06081234068940662,-0.003430472538543079,0.03642086568008557,0.04633236735513489,,,,,-7.175791645297809e-05,-0.0034150695424506406,-0.0004190455484193162,,-0.006141669890297837,-0.05734423327806906,,-0.007526801115104708,0.002493139392532705,,,0.013093110385684033,,,0.030099821213288046,,0.06933286647720696,,0.001602850431739633,,0.026852968011521015,-0.10087350431733468,,,0.0004563157802686507,,,-0.03241496468730418,,0.03277417133464082,,0.03465926368598727,,0.030896286648954274,,,0.018137045136159245,,0.02163565422071902,0.021478035363890126,0.03831646347116235,-0.0016504646022896545,0.02046961421129251,,-0.018022196402191697,-0.0009001040419693254,0.03862412493004661,0.005800544135382874,,0.010539187480999123,,0.03160773583640489,,,,0.011929084988393951,,,-0.020036886444478087,0.025160032167501945,0.013098223062522202,0.01909770990983271,0.03392896123100906,,,,,,0.026052564094078703,,0.004249203913941353,,,,,,,0.026417394939735175,,0.035836529386712467,,,-0.0027598888316287475,-0.0023864734402542125,,,,0.0033460116216547293,,-0.019347974171861747,-0.0030377717775252598,0.00020260860636421427,,0.0029863314340932445,-0.10889266375737428,,,,0.008582864931615888,,0.01890756833689332,-0.0028399561960411068,0.02308615373411213,0.03382259003536414,0.013623570713210914,0.006076509716863761,-0.0006361170481934226,0.025719052315538515,0.014703071645557498,-0.005172272426518546,-0.011608194661662984,-0.012333514858027533,0.0034063916074211307,,0.0015288216850046555,-0.012447131864452756,-0.002295337833883289,0.05101493108278344,0.04030293899845138,0.030822370030018045,,0.01838856146852777,0.01668831401194553,0.0021453507389279152,0.0360313782088745,-0.0032387715638283673,0.017553370607292885,0.0072676938805662575,,,,0.02623118872618603,0.03364159132314757,,0.028318075926148507,-0.007553830302615167,-0.016968361160992387,0.04163817874635229,-0.027371534183725538,0.007033327801639894,0.003129218528659902,0.02630738124948981,0.023206656453160494,,0.029782955447294285,0.026516425288751876,-0.01975180550737254,0.0057398212648193635,0.022670409895531537,,0.022135565930907847,,0.039708370752889605,0.01695479083264104,-0.07649782004090469,-0.011533745304263819,0.0060659133013680165,-0.02791355902880945,0.00898433331175677,0.0032286443234083567,,0.01901632175433064,0.041485767505989535,0.01365854650502912,0.037906439479398514,0.0492402336955135,0.039199475045136156,0.03705341207236754,-0.008118130042723456,,,,-0.04230155085875093,0.009591683027961756,0.04605015546277935,
2019-06-03,-0.006730860738071385,0.01072534729575077,-0.009004209397065878,0.006980602067704997,,-0.005673702275332724,-0.06464519046248404,,,,,0.004283973842166466,,,,0.022732885203823817,-0.001026285390286609,,,0.009961652285322574,,0.01108827829716915,,0.005408333857097813,-0.011125401861420919,,,,,0.00799589566997845,,0.02049866327643094,,0.008510944833596542,0.010884784366134478,-0.005364574351251718,0.030957296451894687,,0.029847901757413094,,-0.014297776067230159,,0.012261395887657373,-0.010769552288437201,-0.0094569771623675,,,0.004653471774909844,,-0.02340615466499254,,0.004965437408669829,0.011085533024072107,,,,,-0.04084090695239172,0.008046314642439375,0.0037430949894979963,-0.03578164456605231,0.022074743018092004,-0.030528641382033542,-0.016564814510971214,0.01624296387624435,-0.03847204289547699,-0.02316103203408598,-0.012193585518391118,0.004061292436340982,-0.008604581393928156,-0.03668485420758242,-0.04377154419646607,0.007384031986767479,-0.0420177947998875,,0.03440234131456547,,0.04401968891029269,-0.018952746647984502,,,0.0011581208565695181,,0.04873883269724484,0.027760294725269356,-0.019487847963642984,-0.02668454721028744,,0.020257144710248,0.00029604998389088077,0.05632831579388869,-0.013828037183166062,-0.000333266822624679,,-0.014701893006426341,-0.013531867470423509,0.02387694087891809,,-0.004889577641371235,0.032978226580147145,0.009282666308974799,-0.0042590998880091616,0.012831660088042419,,0.008111215983087934,,-0.013369283164746611,,,,,,0.04314694219425092,,,-0.011274065185790515,-0.012048915511055445,-0.011641854756771756,0.015495486898852471,,,0.008200545112497487,,0.05937636938495102,0.029227136812958115,0.015676859146310628,0.019697533803457526,0.0072454162902899025,0.0046807132871494374,,-0.011984811343680669,,,,0.024713899776246787,,0.033387537451355115,0.016657664307702748,0.01619941122752515,0.026545780415850928,0.04655033161441965,0.026017747397168865,0.015616408829184539,0.0354285147635742,0.008180160824114846,0.000943665352488618,0.014127725624421956,0.0371225679153904,0.02546773997220621,0.008182776577213089,0.024708024471670097,,,,-0.010137292960588334,-0.020459528166015928,0.020014940542898995,0.017197256275652113,0.05082869167230611,-0.009113251457802216,0.03813369885251914,0.053564119283532725,,,,,0.0010462176183127264,-0.01687304828942699,-0.012512498643050398,,-0.027001422287993848,-0.03490363424105659,,-0.005444015264942175,0.010276424976919286,,,0.009985317383887138,,,0.033713941054484206,,0.05871059199179063,,0.006640854923622948,,0.027895337889059277,-0.11640709457687702,,,0.007420620565522064,,,-0.03107083225693019,,0.008236094370361905,,0.03899081462235097,,0.04342649731978223,,,0.020747318770373904,,0.019716295913142744,0.020248574674975945,0.03449159522704962,-4.7835012781827305e-05,0.013209358448759565,,-0.005157201241236942,-0.0017099870096147917,0.0348081319013029,0.00835495376715492,,0.015736837399488116,,0.028688817165461632,,,,0.01144758834659779,,,-0.03324818138616819,0.014396732244940478,-4.604307982857621e-05,0.04412811882294559,0.05821933755485154,,-0.009843611889865201,,,,0.02357821166112814,,0.008333162388808097,,,,,,,0.026449313595206244,,0.036933735483527894,,,-0.004735060651259267,0.00013864038167980513,,,,0.008314028158096749,,-0.015006121256894163,0.0013105795944000878,0.010006432562634258,,0.0068076152328703,-0.11372320030941409,,,,0.014143217044507668,,0.016961017026691595,-0.005421442114643378,0.017011544745659767,0.029128598392175964,0.006582549460118973,0.012183178879060182,0.011294838698758608,0.02482398780853044,0.026073883552232592,-0.022115926184197103,-0.011067031008376967,-0.00866183460537606,-6.094985397320367e-05,,0.00644329296611737,-0.012231109177900443,0.010666105293113407,0.05605407190109779,0.0294964105222988,0.03124027983726975,,0.0065948489865370165,0.018134014577430958,0.005500511040148997,0.036338385535823595,0.004967815713473388,0.01847711683194939,0.005467895191027201,,,,0.02632195934939266,0.034943521338982354,,0.032365647071575784,-0.008325319618877464,-0.013396054991698214,0.03587081864426849,-0.023719296943631143,0.008082328648551561,0.0072217393665360875,0.025319705426225858,0.019949832155140977,,0.03310217911652507,0.026448283231970786,-0.006230414130353293,0.010306352577779268,0.016892032987817242,,0.019392506946968754,,0.030540193881105515,0.015198392308811402,-0.09972153451184664,-0.0019269995311981451,0.006594625022198218,-0.014162821741040547,-0.007125768344844295,0.001429106625799686,,0.021064037130798664,0.04958056613909524,0.027181724647731748,0.04241629704367314,0.04541402865557921,0.02834095699806207,0.03686700790720034,-0.027788965596427052,,,,-0.05639627622025636,-0.0023605075347998476,0.051850137507744525,
2019-07-01,-0.004957191819745376,0.012087954645313693,-0.0028656718102714317,0.007146989369319349,,-0.015544702825459328,-0.08534102870709057,,,,,-0.0012439568316421554,,,,0.0065138754351013375,-0.0001719228657303238,,,0.010688554017125864,,0.01210546747255237,,0.006127121033596776,,,,,,0.009925188922178032,,0.01480261882758669,,0.009591610365356317,0.013518142558684153,-0.0066577026536471335,0.030523772047646894,,0.026603587233596564,,-0.013455682702313086,,0.007130325130319539,-0.003245972481569844,-0.0044963943110901275,,,0.005294232930302933,,-0.01133267969765579,,0.009831759943398133,0.008048049671400855,,,,,-0.012211564525541316,0.005143020026754224,0.0011577147179570085,-0.02111222321574995,0.013806821218171526,-0.00659857082978653,-0.01628867017594532,0.02322845606993079,-0.01600012042961411,-0.0004553476135309045,-0.0003358369103875245,0.0038214862717856945,-0.008689613367999055,0.0012422384222917082,-0.036417733809975046,0.046657322273362625,-0.019096298974420944,,-0.0010692225839527287,,0.03375248033289828,-0.0025084881181697835,,,0.0021078155770550304,,0.04240344398810843,0.028163576327207774,-0.01291509183683754,-0.01606122397064501,,-0.0006490840836671112,-0.0038489669067481185,0.05112956320103843,-0.010966380478867267,0.000254921627279085,,-0.024400489567260167,-0.008779302419687284,0.02230084612687046,,-0.011946152069340719,0.0319241298413777,0.011995430407188095,-0.006728982047339785,0.014828981888816173,,0.008918737774181958,,-0.008539640369192953,,,,,,0.045110001335582454,,,-0.004307096700249801,-0.0036582989936621985,-0.0027949817368559146,0.016704147238006287,,,0.008722709457597152,,0.03992589786835033,0.022588151404677858,0.009563127520356558,0.012007507752886422,-0.004938789611352068,-0.006520441274484306,,0.02300023142405018,,,,0.022088685934723334,,0.02763818204489525,0.01922853448715481,0.019389949775153258,0.025495642186637062,0.04097138559357064,0.023971784517785335,0.01651718120801972,0.03127033656556056,-0.0034733476854617294,-0.009604745510979902,0.00227248807114686,0.03247775834249715,0.022566474664624067,0.007037859052046847,0.02183563682220035,,,,-0.0049579415347891734,-0.0423376703497463,0.027875171823923822,0.02698026831816043,0.0423039524312333,-0.016015088152179408,0.03217550830711074,0.04663751155899198,,,,,0.00365118695755081,-0.009662755096613672,0.0010026968441826894,,-0.022048829399483605,-0.04431508343558885,,-0.004742193858938885,0.012086643865301143,,,0.00322623793208667,,,0.028703148609875488,,0.04074083479534995,,0.006339650188035655,,0.027365274508697236,-0.14654511915060647,,,0.006204479970612854,,,-0.02381221240008782,,-0.017559149994228907,,0.034502189803102594,,0.039915470140531845,,,0.010931030707092611,,0.018083530807958565,0.0158888049837333,0.027521811268453013,-0.0014851294998533373,0.0034503944395846125,,0.004062005646371985,0.003285249094405051,0.02790751230020785,0.00903831648307661,,0.015543005556045915,,0.025451622431768857,,,,0.012213276954148575,,0.04778796568283851,-0.036499021330598506,0.0014083819926054765,-0.011456670213673421,0.030913620089169886,0.04864821070249739,,-0.005563102672014517,,,,0.017276330827244585,,0.009218963087555493,,,,,,,0.02495473297910504,,0.03127895849007319,,,-0.001516263764698301,0.0011094080980641294,,,,0.008070063785334128,,-0.0006980167917847211,0.002514889880568311,0.00831507638047467,,0.007418297271599514,-0.09926273449406404,,,,0.014707210426662202,,0.011276274604025192,-0.011330287374231226,0.00789721971816717,0.018036302343607636,-0.0008267142370543705,0.01378569536745147,0.015346491912370223,0.025778351223691848,0.029939357118295647,-0.044262612559279844,-0.006723366955219936,-0.0032267778485112353,0.011639394574554303,,0.006327026121886061,-0.003385408277190155,0.007211824879816194,0.04932846689212274,0.019269142110839247,0.03022803782986079,,-0.005680019486363103,0.013603711430828105,0.005507536741442224,0.029944008523426702,0.0004920365617967043,0.01648503962012499,0.006747807074903665,,,,0.024930568212903764,0.029237870542361447,,0.02630044186528503,0.010874216695546167,-0.013637703975962404,0.03765219628827811,-0.023512977488184053,0.009694119512738955,0.007225787614996858,0.022707174802772283,0.021190925444690926,,0.028467358196127827,0.02508642209750456,0.0009447955892701389,0.012918697202451972,0.008896475824671403,,0.017060787128084932,,0.03228376321506131,-0.01971752459326804,-0.13470179209599856,0.006642517482949698,0.0025873942534683867,-0.003987072450262368,-0.026872345998466135,0.015477373265383707,,0.015712682135471348,0.04463626838642107,0.032626641534295696,0.038940098536834264,0.049121560237214305,0.021563575142897612,0.0386023202799288,-0.05821111764508053,,,,-0.09114969544333969,-0.011129358728339223,0.0411081026538032,
2019-08-01,-7.201390355825123e-05,0.013119652232675992,0.0036841251235932215,0.013132424785137476,,-0.013425760002055377,-0.07623360405935112,,,,,0.01618403184419883,,,,0.011389522475845517,0.004405956372171804,,,0.016134122426775213,,0.020665739204349172,,0.011733732751431582,,,,,,0.015852879129484073,,0.01415153024255837,,0.013539514035559782,0.01738261569723662,-0.004863620807467983,0.028881417785157536,,0.02608790320020079,,-0.011761689586619628,,0.0184177615812995,0.004491268878781801,0.002269601952457281,,,0.017825859281565378,,0.003701353566043394,,0.020319978263768856,0.01576159186840538,,,,,-0.006448840469871284,0.01275359333943877,0.006009163331171119,-0.009926728829010158,0.02222922155681755,-0.003809398905916071,-0.008889265984919674,0.03200283913434296,-0.002153221423688443,0.0018196457128425072,0.003973310980520688,0.00206206787138053,-0.00499224630518691,-0.0044568027575961865,-0.025868712048352446,0.07476288244482261,0.005931364303400444,,0.0061381991446599286,,0.024964154366196888,0.0035628547236188435,,,0.006616822022542119,,0.035220174086968065,0.027535027599720853,-0.010463970620309227,-0.009144603108560556,,0.004057195287608552,0.006119383189952163,0.04631339961182603,-0.0009216361494146761,0.005020391828306136,,-0.011702300827482482,0.0063692337088684815,0.020193994916949235,,-0.009866505194558057,0.02756850712111384,0.01464027500227649,-0.0042440372160195226,0.015227305806060071,0.016974407245689584,0.010821143155799129,,0.007123611533614147,,,,,,0.038982962221754895,,,0.004116607829557819,0.0012542866287831866,0.002601693939917462,0.02113577101676481,,,0.013019496874052357,,0.044136484233308015,0.014693491478832098,0.0017475931470908254,0.01061775812971429,-0.009212098437890354,-0.013998415156301756,,0.03813621939554785,,,,0.01965150363139368,,0.027645123103212255,0.013671969057246885,0.013760660859706847,0.022218811623844183,0.037625467963729856,0.021096305246142335,0.01459592139619087,0.02735054155956557,-0.005153612797984432,-0.01328406979010407,0.002052140280881985,0.031979784761755774,0.020952367788090932,0.004827935508506706,0.01915482891578892,,,,0.0017258273440397527,-0.04659230106042506,0.02833448160563346,0.027121077481126993,0.03962886579822197,-0.014034369833989126,0.02615536147563807,0.03756633753805626,,,,,0.005364032944157648,-0.007060423923182842,-0.000267980783935071,,-0.018150932438419608,-0.05216903043631427,,0.001173255782718825,0.018425584201889562,,,0.0008901298096775409,,,0.024121961421960676,,0.022813354245721736,,0.01143690393245136,,0.023180928005860038,-0.15239582598067855,,,0.007990086713754237,,,-0.022239123453214067,,-0.014826709355579634,,0.02621347058566973,,0.030670022729368262,,,0.014311193195269144,,0.01493254244411364,0.01590154383367621,0.020449496872304584,0.010306773364998446,0.0017333180358684362,,0.012990607086254121,0.008570515042844935,0.02057021348015224,0.012702316815536662,,0.020596205648565565,,0.022299819792949267,,,,0.013108185387831055,,0.039872097084434455,-0.02705262118730929,-0.0013677967337970924,-0.017271483812008874,0.023153949097747366,0.035503234407946276,,0.000395865534511966,,,,0.011113231558902524,,0.01463392747798591,,,,,,,0.022057453299625832,,0.031254802543067166,,,0.0013846136627583597,0.005374110606131727,,,,0.013247564019803511,,0.026539650365102856,0.007076409438628873,0.016844571672015238,,0.012048405299060103,-0.06049568787522183,,,,0.01957528614250221,,0.013546955282180776,-0.009405133235021804,0.005500506596351234,0.016144136216114026,-0.0037367284752595244,0.01906990782569028,0.021964675528780214,0.016664251634131804,0.022887370061643278,-0.04921478598877991,0.00014740422155745696,0.002979990456331782,0.0148911478565816,,0.012606751831403522,0.001652522128191906,0.016802756761654505,0.042458109604139746,0.02149389426398247,0.030281178526515986,,-0.009815646766195929,0.017414221231628713,0.010608267530041297,0.02385895494527715,0.013936296778881856,0.015459170758486566,0.0040007834239608525,,,,0.022164789137738918,0.028780285364651718,,0.02621422256898461,0.003043069462963207,-0.005058296973230705,0.033787800293057356,-0.012898652549648332,0.011046450598534248,0.012759512551400056,0.019663009524042083,0.019229873378337994,,0.024819834201885157,0.022216861049637746,0.009783621261887252,0.01935284139655187,0.006310910806407372,,0.01703235873661465,,0.04437181664182642,-0.012374629098534538,-0.14941430995085403,0.008640631188693277,0.0027121625183418466,-0.0018134300731916732,-0.03385139659227259,0.018390357383980503,,0.019836434832967636,0.03696190467362821,0.026411089436126467,0.03392647140405592,0.042039737386966196,0.023887442848378907,0.027159768621904837,-0.06063917961761846,,,,-0.10445412581515245,-0.030725166223863717,0.03193872384429718,
2019-09-03,-0.0043352244479003205,0.00905545892966143,-0.0030208281550290804,0.010898714970376358,,-0.03141471573911655,-0.09399506006528173,,,,,0.02091431573312216,,,,0.0008141232509844991,-0.0011945543854478716,,,0.016040540937116148,,0.02417797408877544,,0.009496448961180372,,,,,,0.01387995299837605,,0.013728555598478676,,0.007552654791274487,0.011819768768045476,-0.011409035160627351,0.02462726284727957,,0.022125146178446742,,-0.020981624909573993,,0.027256598204038807,-0.004779555316998672,-0.004331925392467904,,,0.015489395758269676,,-0.0005169929650370669,,-0.005259947720564725,0.011453504614853479,,,,,-0.021082034349623184,0.00685602728505736,0.0008398631297363217,-0.020086806901014023,0.017774299355182554,-0.005528171062361467,-0.013967426827939874,0.021016585947649227,-0.015933454115543522,-0.012754891330025159,0.001242402431666728,-0.007034218244726728,-0.008735321686085134,-0.04190330326606479,-0.029348171562785783,0.04434308150451744,-0.0185988887116414,,-0.009544005571179412,,0.023194504547288244,-0.002859670708805233,,,0.0003919634052194323,,0.03770809391387618,0.02375536326133138,-0.01799097910982545,-0.016582364690809464,,0.005365738848236211,0.001175336632357133,0.04908742994867722,-0.0060145652018091375,-0.0008759185610865594,,0.022717095690922267,0.01949561532617427,0.017827278052682867,,-0.007713140480869853,0.02341197192229591,0.009344349609118218,-0.010872187644510931,0.01207473533941354,0.014956097180872726,0.005994678258734904,,0.01972207399547193,,,,,,0.042849636008463296,,,-0.004862361202888109,-0.005224971599174069,-0.0042663085973815885,0.02104740763650208,,,0.009495384940238062,,0.04918575406677641,0.019976072138358753,0.002974365457054341,0.011327728090862197,-0.014729637842224195,-0.016933246870046704,,0.008168833804117455,,0.006221040892001124,,0.017158485412625595,,0.02401846879590414,0.011734690344089336,0.011915670137989269,0.01986076023179635,0.037291752481970634,0.01888641558039745,0.01101533274237293,0.0257679022241391,-0.008667140231085385,-0.017937866520526292,-0.0006756494468431338,0.0328418534368545,0.01754924313892067,0.0035865344436637543,0.016730982138169995,,,,-0.005061869547400474,-0.046290364424807905,0.02185336314680582,0.02056913580420258,0.03485488967327636,-0.010208588808780495,0.025373491732031378,0.040061420634457556,,,,,0.0021081881952302404,-0.013842029525718925,-0.010428689359772871,,-0.0217421469922391,-0.04536235342482904,,-0.0036847508064010814,0.01936737392173583,,,0.0013118200605125431,,,0.0226385123958888,,0.02969553739645906,,0.007459815422967098,,0.01906854488305768,-0.14612811942459564,,,0.0029455960438631683,,,-0.015105721664646752,,-0.01643513785993602,,0.02542736672968468,,0.031881252577683594,,,0.013103365590999776,,0.014211177555788919,0.011805597863435343,0.019119623619812825,0.001440783066466645,7.58234592255052e-05,,0.002254756619348432,0.004988653659370169,0.01945671079085538,0.013212089513575137,,0.01954247037161789,,0.017538460380601698,,,,0.008438518865951405,,0.029772789099959986,-0.020563686450087385,-0.007960107073779005,-0.022347148229620254,0.026366041178921808,0.042387673990509835,,-0.005331160257568789,,,,0.009200303834985445,,0.012532450034925457,,,,,,,0.018956368266184177,,0.02728160463848004,,,-0.007582846583617377,0.0017416374234607815,,,,0.009562998935898228,,0.022700906922865232,0.006285499682378083,0.019846158091431552,,0.010213918164969023,-0.029841510482098918,,,,0.01896514825028651,,0.008917174569931269,-0.005707121796435148,0.004793747201050193,0.018007045223268233,-0.0071286412604307245,0.018356104950459314,0.025908672031983843,0.0166839838104224,0.021119098569828458,-0.048937428361067334,-0.005761043071626187,-0.0038735220351180395,0.005560273476018915,,0.011190737016987593,-0.005093124092035189,0.021969395642744936,0.043813328297719785,0.014277666256385817,0.02729987190217117,,-0.014795661647054195,0.012133015152706629,0.007575969053904065,0.023707137872190566,0.006686353726444489,0.014768826332452183,0.0028158320884146934,,,,0.019241721820190374,0.025127187450786154,,0.02607128047005393,0.00031188955156815024,-0.009969124211073545,0.036163510262511626,-0.019299842653946016,0.007249303692767251,0.00893816920910782,0.017171113787358996,0.014729774868533897,,0.023571426019120614,0.019592244270046705,-0.000320276532943305,0.018011133058343464,0.0052115406269365614,,0.012411369017239061,,0.03827537582844612,-0.01409647160031392,-0.14748825072297064,0.01481565781264922,0.009864829116507146,0.0021805738141225267,-0.030030759631720593,0.00786010196799631,,0.013489649532302438,0.04082955936414871,0.02502251767848454,0.03399173043012063,0.0462226731489602,0.015345044436401285,0.028799217344609235,-0.05371159535783481,,,,-0.11357412122323704,-0.038292473380061046,0.043167848789829044,
2019-10-01,-0.0075378223723142285,0.007276670238497393,-0.0020329056505798927,0.016541512663047722,,-0.02834884764054933,-0.09636410093657806,,,,,0.020611596257765916,,,,-0.005626104067527669,0.004610797321673059,,,0.021014879970602,,0.030807900845631224,,0.01456202103785396,,,,,,0.0186229028982967,,0.014851851038615858,,0.009504674755347962,0.014072923262029411,-0.010632755473312196,0.020290331319475826,,0.018284608173224016,,-0.021339179708326408,,0.033653589341495004,-0.005185990108061439,-0.0028014631535998205,,,0.015636812263586878,,0.012405777249243017,,-0.019027204009186637,0.011003462617152243,,,,,-0.0211277145950715,0.01194147554772377,0.0006241319628743078,-0.022187221841175477,0.00860457713530574,0.0058084753448227845,-0.00850512555580057,0.021445740385218993,-0.01863827179825245,-0.015848012730431845,-0.0017820597809266835,-0.006180191052700975,-0.007589494757169641,-0.04625565483359908,-0.03666994268654469,0.0680396864909848,-0.01733664095280318,,-0.01371222589702488,,0.015135187381076831,-0.0032064122789936373,,,0.0063229423408212885,,0.030980649885573208,0.021289500935633945,-0.015997994354930475,-0.013544995146789694,,-0.0056420298056813955,-0.005693917368740584,0.035328587340385555,0.0048877907423728285,0.004995196858685289,,0.07592053471770385,0.03615595910787707,0.014428756649289338,,-0.00688901088908145,0.018312342373408567,0.011039688004102014,-0.010668410345110638,0.014876417702750153,0.01813906638495708,0.009971093796425865,,0.03635168646378105,,,,,,0.04150620212369229,,,-0.0044670100383962024,-0.005528478121198091,-0.004357409513431255,0.0253988115787047,,,0.014281441385456898,,0.04289963769632849,0.014138153504098746,-0.0015560571968666267,0.00668651511213351,-0.01786729068486254,-0.017791711731831097,,0.019468208168581698,,0.012140709616130146,,0.013400950733547492,,0.01866473290683982,0.01020054408882658,0.011000537339592114,0.01616073148148078,0.030412958422544503,0.015147538236428419,0.008747674434035074,0.021258938679668698,-0.012518781780917539,-0.020408090917087972,-0.005143472963456381,0.025944549066209736,0.013521504066473605,0.0013473012143531702,0.01325852845360124,,,,-0.003405485205215559,-0.044008223772277616,0.020116388345091198,0.02042647200435144,0.025359995751299446,-0.011349731501815329,0.024135883797695146,0.03496298183399304,,,,,0.006550153717371673,-0.015109880742923737,-0.009995752019182961,,-0.022956385218416562,-0.031607268778770625,,0.0025419547407763846,0.024373726621965356,,,-0.0026103362215372304,,,0.02018870221027858,,-0.053423602442823966,,0.014691725032879745,,0.01494721492481449,-0.14257880226573916,,,0.009766865935510707,,,0.0076496051486246545,,-0.02155205841979834,,0.020554535108466745,,0.03152007284952816,,,0.008975870447078378,,0.01018974314683476,0.01003983603768371,0.015366845184075967,0.0039122762182802326,-0.004055035579123487,,0.002044723646789138,0.005126663430810313,0.01541407273269629,0.017827874961355093,,0.024344497045521413,,0.012617606726413077,,,,0.012032456233654358,,0.024127532180348587,0.017044801817365295,-0.014572520442468217,-0.02248166261483113,0.028653643899405928,0.0422641048289891,,-0.004197279034322573,0.0031170663482425146,,,0.008070337912995145,,0.017586439692157303,,,,,0.02989819169163701,,0.015938967251678402,,0.021481272106466647,,,-0.0004272116696748065,0.007137781894670544,,,,0.01622301376214874,,0.011274370863830848,0.01128155896001854,0.02571684276059169,,0.014303911717621473,0.029888752782291996,,,,0.02367536680423775,,0.016644056230240477,-0.0058575511832070154,-0.0010487364882351686,0.010000123153543282,-0.010622567924891652,0.02326244296281727,0.03216576696683107,0.010191481584926833,0.021805505630326044,-0.04776912040385068,-0.00470610119287744,-0.002693193421216205,0.005464231099982434,,0.016965457438404944,-0.004659047003785338,0.02812147410480502,0.034365339014634275,0.006979486675004999,0.025989865640371614,,-0.01865309146647456,0.007315514907374415,0.013294131007435839,0.021495595721162195,0.007450917212357579,0.011811254625862846,0.0030588048580501856,,,,0.01565499768156625,0.019454702176946635,,0.019974073334726377,0.004304891089700468,-0.0068903612322200386,0.03577006368967814,-0.015862223257695467,0.005921468401740705,0.015566767803115248,0.013468442480171051,0.011323668437851897,,0.020669708847776982,0.016159998434380936,0.0011066746470044318,0.02530382349663174,0.0011391606463944709,,0.010617705063999379,,0.03344585960578838,-0.015587545667643464,-0.15032596128253659,0.010217475926229461,0.008429942732048439,0.006331526170014786,-0.02823565226662764,0.006413211004712737,,0.009088443789400406,0.03472785631761704,0.026225038709823085,0.031233825602568654,0.04482155756074109,0.007641223338088092,0.021557791718596904,-0.03686311905539931,,,,-0.12481350652599264,-0.042068912402878425,0.048162683379827535,
2019-11-01,-0.007608521943279295,0.0051136476537454794,-0.003586702218080394,0.01770168092769177,,-0.030732724989486232,-0.09081438749145011,,,,,0.017527852690683406,,,,-0.010291656273517759,0.0045666369609003036,,,0.021774191980932247,,0.03739530149511627,,0.01568656007354348,,,,,,0.019963439766569162,,0.012248028388606398,,0.006072840026662117,,-0.015524403166447109,0.018204444594212568,,0.014913252236825705,,-0.0265119584055055,,0.05123966318487701,-0.006660538718540983,-0.0041038875053543145,,,0.011897226434262779,,0.0036977464791069924,,-0.005066554537903628,0.0070944424026129355,,,,,-0.025401688307485126,0.01112603329921105,0.005293070725265404,-0.01649651926333773,0.0011505756924732838,0.005356003170023834,-0.011246327103444509,0.01956329509260596,-0.020694404927665087,-0.011205393198551034,-0.0005157802241857469,-0.005254521130761241,-0.011335050641321186,-0.03450145402254257,-0.03937883153452446,0.03776507975318372,-0.020256442689061765,,-0.022890209367838355,,0.009856317520738286,-0.0002296213693431203,,,0.005970399426481599,,0.025314544581738912,0.02134419626370546,-0.013109408684508432,-0.009814421488019545,,-0.011499126539623249,-0.010047673427955062,0.02491306983851233,0.00757930153519041,0.005258281531146676,,0.07439723645728834,0.04122063434430711,0.012992292497091792,,-0.004257791694112779,0.01392328004093935,0.011042572177700355,-0.01532300287823609,0.012995346835213062,0.016036639834715826,0.00859390799994296,,0.04141061555163167,,,,,,0.04539946342870476,,,-0.006307398963014205,-0.004581963469784398,-0.0036853408964343816,0.024972645647678895,,,0.013672052006788124,,0.03227670956777057,0.01011032901195357,-0.002302775169797725,0.005542419623444124,-0.012982531583580849,-0.01271444231702551,,0.00242259537672912,,0.011455749779687524,,0.011172951904843662,,0.015634194333740567,0.008910769325895816,0.009722961449765557,0.013770062757571639,0.024431774323432718,0.012873407575448003,0.00697708734011743,0.01798606194393504,-0.010952238838998601,-0.01602522193131644,-0.005911130227866722,0.021579680086183706,0.012020183612307944,0.0014477995606028723,0.010986727993378376,,,,-0.00458806660699896,-0.04706723112658413,0.02083711487938997,0.01981042689644343,0.015994652456704086,-0.00969324812167307,0.03252044018827769,0.027129642511106358,,,,,0.007107178451326426,-0.010383562105512452,-0.006528279874901429,,-0.01733629230323875,-0.016985220488434625,,0.0035792413280815393,0.025424555234100688,,,-0.002289871683016303,,,0.0176272670785302,,-0.07996626674884191,,0.01589377633499927,,0.012701230031142713,-0.1437406354584651,,,0.01285837610623769,,,0.01306755461562315,-0.015054715475072302,-0.017446569590650864,,0.01595815907764558,,0.028049914949768873,,,0.009216965287834058,,0.007935650251896383,0.018144064612183288,0.024162664033676323,0.009883523136225997,-0.003462444753650065,,0.00025429869171483393,0.00293123614727075,0.024800401325540657,0.019451831308279634,,0.024563069366436676,,0.0118523945170735,,,,0.010288396473359215,,0.01946349570431775,0.030856098907331663,-0.010095763430427453,-0.016305417375476295,0.0276056810621326,0.03790268991680927,,-0.004964029487984,0.0012377081632181939,,,0.006933007631694117,,0.017423375798678274,,,,,0.041218808937378885,,0.013590883801844776,,0.0174830697148507,,0.011923371255044378,-0.0010474207399124489,0.007411052286795878,,,,0.017393629839920193,,0.0031495127558003326,0.014392294952893734,0.0320222676467338,,0.015030720484847625,,,,,0.02397954580739243,,0.014461772446055546,-0.004465548859426164,-0.00035078352357606105,0.009464387739394467,-0.009638226174087373,0.022982456452122914,0.03503430791569619,0.010667014927107891,0.023431443806473364,-0.05054718331083887,-0.00540279331512793,-0.0038310029604748754,0.007104228089401372,,0.017653186856031688,-0.004043969294321832,0.03984906938537755,0.027218349501332752,0.0014384950955701136,0.023125724567802344,,-0.012682564050296184,0.0036209769156641466,0.012930174018095696,0.03071645910478139,0.012114752478080412,0.010223590113016469,0.002892694231081932,,,,0.013449672789112934,0.016051501457094317,,0.017671234473669698,-0.00018163359533643738,-0.01032669421048835,0.04067688282307663,-0.012840444709873961,0.0040529829647889745,0.01652157525213321,0.011341328935651415,0.008314022139351058,,0.0183174827429259,0.013592894279156754,0.0006128514236965203,0.020160123027150575,0.00019542337571292753,,0.009642121917182299,,0.028485249260023635,-0.018082381474862422,-0.1521733461663995,0.019104211019090198,0.0071717732456938734,0.00392949807244542,-0.034342733584910155,0.008321621744998725,0.013392375007071721,0.0047079751851539,0.028817538094508863,0.027122299556243897,0.040704618444745724,0.04813665093378597,0.002233005410295615,0.02030642281728209,-0.04122745696439626,,,,-0.11798428936997227,-0.03608845618639267,0.038793245683570565,
2019-12-02,0.003884687523592183,0.010067629323256173,0.0037352526688517493,0.007185533456046155,,-0.038863189095430024,-0.09052710286712023,,,,,0.02425452948001095,,,,,-0.004898419370768245,,,0.011274857126639877,,0.033719348941093165,,0.004203270541286892,,,,,,0.012476555237762407,,0.010995309272772124,,0.012379335775677975,,-0.0040361601563121624,0.020101094145528162,,0.013282310869068883,,-0.013627899761162179,,0.052186339449383744,0.00012104338611984947,0.004085297247033405,,,0.0034608228236805874,,-0.009161550903268822,,-0.0007153157450006455,0.011389629055694381,,,,,-0.010223309538676145,0.01514926345255914,0.010172319826893263,-0.008712091280883308,0.004721988041817392,0.01702714491810151,-0.0004070751259642446,0.02240392008915402,-0.023661469299738253,-0.0068957368698189265,0.00967069907939674,0.01719962035883287,-0.00460129887803537,-0.01705884462636756,-0.019790270423297944,-0.004619037939198613,-0.014874485469458519,,-0.022080772175843085,,0.011928555143396066,0.00996167344309929,,,-0.007958837962868056,,0.034201953230665695,0.020050266721986745,-0.020102785427762924,-0.024092744496999163,,-0.01307932935138241,-0.005161625468494182,0.035394571734939054,-0.007973913529589044,-0.006532971223037619,,0.05464849519881489,0.02452050034624713,0.015962544744721804,,0.006627118640908682,0.0066187608853457225,0.017754703238567333,-0.003779724429185269,0.004556691869932432,0.007614297118185387,-0.0020848864724700125,,0.02507962511026033,,,,,,0.03911885243198898,,,0.0009632750937483434,0.0037552703448658436,0.003801079685287313,0.016154513893753407,,,0.001390985389367494,,0.03984265124490545,0.019632004050856758,0.004739456735604889,0.011723512188938011,-0.009109722664872396,-0.006591764964067407,,-0.021092866745373088,,-0.0012440821916904854,,0.014478228170872824,,0.018899986353990705,0.010918055910799283,0.012075811171163365,0.01652740605981104,0.030903630721688204,0.015482965437016308,0.00756109212655592,0.023375246892611858,-0.00732746467171554,-0.012707448105276908,-0.0027740050049077504,0.028328399589460627,0.01694353221387514,0.005507978318072177,0.013837299313390823,,,,0.00382023139468729,-0.048737312505417935,0.02556834632036437,0.028178866239835544,0.01767537321917424,-0.0008088401548412655,0.02828500702986084,0.03746354242113404,,,,,-0.0023598366634098164,-0.0008609313239070381,0.001959506181224366,,-0.008714805976609279,-0.002440806148200999,,-0.010813812758982275,0.018667104619507217,,,0.00256365916363823,,,0.022865032749439924,,-0.10409072471149527,,0.003307222833508944,,0.014900352863583499,-0.1608009843211344,,,0.0056372734816982914,,,-0.009663073450927257,-0.011252601300460597,-0.02036969035306121,,0.022565010228532963,,0.0406302703588783,,,0.014066731097760892,,0.01149554164815928,,0.01989345367863982,0.011878890088913501,0.0009518274417561848,0.030764108812167984,0.0057548841598299115,0.013183164251823054,0.02020929208103473,0.008340348602074062,,0.015386138170519132,,0.011940043752456456,,,,-0.0006256637457318447,,0.017600702491524,0.01717311849742873,-0.008788239700613503,-0.011438636989788916,0.05029470385820761,0.061527729379675836,0.008509065353287234,0.004127704752365376,0.006040483310925968,,,0.003491165957312429,,0.006796902405038196,,,,,0.036994218629724525,,0.01634616697759523,,0.020607057019801176,,0.013727647169084575,-0.01599544679222038,-0.006272637193083899,,,,0.005920011420421637,,0.002476953594328051,0.0025229041953767025,0.02320819906887487,,0.0027667885457435273,,,,,0.015776188550047546,,-0.0019333303389153637,0.006760670706422857,0.0034663564108653143,0.013114040796951892,-0.005410283290274533,0.014160354566591314,0.032323327397204525,0.0194773327701732,0.009561412220858908,-0.05233733698218175,0.003541453956399527,0.00418334258160401,0.012056038602691528,,0.005353378823810225,0.004125014376361993,0.035280348339339934,0.03513376630893784,-0.002203924801630598,0.02434633807257722,,-0.009276224129596361,0.014216753238689947,0.0019953655345934856,0.027515393437766815,0.01632302947018497,0.016095562130565785,0.007936322489037913,,,,0.0160957426681792,0.019234697887878047,,0.02411665332933503,-0.0001841000110207351,0.0009273470320594349,0.032712649077417874,-0.003979132556102667,0.009533402676045872,0.004314928607888328,0.014192490012865674,0.008625656744459979,,0.024170845889998523,0.01633097580699679,0.0051802841665278465,0.01046879996385876,0.004396068120737134,,0.008546928094990832,,0.03546689535976716,-0.015252416993266675,-0.17510276800789387,0.04378157785924119,0.018297663624408524,0.0034388752795136194,-0.03260169915053107,0.01250879229037438,0.015314595454754132,0.014366771881045192,0.03757043722282173,0.013579855906346788,0.0345180640116044,0.0417974167243298,-0.0011895456895288452,0.03024249148099573,-0.04344571385043432,,,,-0.12939717656137445,-0.036971917121645465,0.057379129028633256,
2020-01-02,-0.0007946229391588759,0.012445658779635346,0.005650067885331186,0.0049534597017481296,,-0.05181804783231847,-0.10957274863533034,,,,,0.029562863140415268,,,,,-0.005069097817286323,,,0.009720550170656391,,0.03269874659089163,,0.0014896782994031305,,,,,,0.011905211644320924,,0.010204324020168618,,0.01426743194379315,,-0.003459018584323238,0.02003165339519138,,0.011574672436327689,,-0.009121525769577631,,0.046915400150442994,-0.0007041856189287851,0.007710627108638476,,,-0.004628383244057248,,-0.0034332868530100188,,-0.00801338689633786,0.008823083158736053,,,,,-0.006098871069258892,0.01591813460502287,0.010579767250031008,0.0019520156206543377,-0.003973316692614591,0.02497056529035441,0.001954912672318905,0.0251732218568173,-0.027612773334798415,-0.008396677958902145,0.016807250603066207,0.026330760593618757,0.0008666910482533789,0.013608118022827891,-0.021725724548466222,0.018260869307123027,-0.024826692447434247,,-0.021870498078313337,,0.0107863229335497,0.016105388672920128,,,-0.010215696350976146,,0.04554440875393523,0.017750095703440393,-0.017064630573369585,-0.024695405773019288,,-0.00999032614676363,-0.012311100086341982,0.03665187696064361,-0.009135876511369434,-0.006674711474635533,,0.06217058300427126,0.028591365542819065,0.017703510672370863,,-0.003118147716070283,0.004747337557164104,0.02035337284683668,-0.0033681868010013868,0.005262979589711756,0.008736017753407285,-0.003262451672214022,,0.029074911909014154,,,,,,0.033960957717053555,,,-0.0003119149334739752,0.010307363626169845,0.00888064333903749,0.016105887225231867,,,-0.0004954018638239127,,0.037415555094897274,0.02145966256476334,0.006493672156907031,0.011310885455019067,-0.00488672098960593,0.0005490987774363246,,0.0024820425355231556,,-0.004051335983955093,,0.016349984637109037,,0.01974362910800663,0.01380111881680103,0.014125122793623846,0.01810144470290206,0.03279788877018807,0.017465681625933198,0.0065289635662713,0.02766396734940387,-0.003071993541684662,-0.009275744665479176,0.002140115897028275,0.028645350267188216,0.016181150572736638,0.004377514364301533,0.015884406575172278,,,,0.006230753422699485,-0.04299869088866898,0.023037107684854646,0.028244884323246823,0.01791725819099799,-0.0012793079681055097,0.028283283281275055,0.050640864406426234,,,,,-0.0011592245871383982,-0.0031390151801458026,0.002815897433537966,,-0.010024184599743358,0.0046501074957410495,,-0.014262826294688086,0.019477685144165376,,,0.003038513495376008,,,0.029621940810615255,,-0.11266621300803951,,0.0008603823361213391,,0.01805453514742083,-0.1399922210089323,,,0.009829169516538627,,,0.0006134804374003239,-0.006489433447603136,-0.016797551985712214,,0.03097561046835319,,0.045027815425620836,,,0.013763368189530133,,0.011129253957041093,,0.019728799607017143,0.012631035729919438,0.0046200175805557134,0.03521834483147985,0.0046110274082800055,0.017237615006522506,0.02031724476734255,0.007064535742956978,,0.013093967954149887,,0.011581984639666278,,,,-0.0010175370395522144,,0.02290605120796262,0.026892066631942983,-0.00623349966148956,-0.004795442531649274,0.06646579209776649,0.0747116580657335,0.00628688528223057,0.00735650126962,0.005107675780834992,,,0.002036719740918961,,0.005953165774186872,,,,,0.03155412058216822,,0.01779392527740031,,0.022515268195709308,,0.01646978547360719,-0.01800211315180048,-0.008068446051753822,,,,0.0036297243810350203,,-0.008009094836750242,0.0010826685806315834,0.01835544939226094,,-7.868155204044572e-05,,,,,0.015958285527018414,,-0.008317820228991602,0.00595250166431175,0.005364454363575127,0.01582103036525959,-0.004198853727791511,0.014583760470528109,0.03407474975739962,0.014281174975091657,0.009875196459861861,-0.04599029575432704,0.0066343385312168275,0.00665794249296408,0.008761914819839754,,0.0015611227411003394,0.010418000431605678,0.03093054034817031,0.045994835412479174,-0.0026513702200651433,0.02039683048502908,,-0.005239290081736292,0.014879328990642277,-9.892579477860134e-05,0.02892547112628907,0.016317230168540996,0.015175453921496282,0.005096808832840914,,,,0.017916558445619207,0.02058966763761455,,0.024346876912847235,0.004366396890185116,0.0005610250585925909,0.026914724292324957,-3.367238675098638e-05,0.012106619200109374,0.0026428168132909837,0.016042868428848733,0.007290162441928583,,0.02921851838587186,0.018022343880730082,0.004057988867614643,0.01316584555408103,0.0069255988866546575,,0.007173367728497067,,0.037312880200257297,-0.0069472141234234565,-0.1587852806106099,0.042962075318655174,0.01623732037672333,0.012138361028101199,-0.025640818043871486,0.00879325810322678,0.019256068845900844,0.014927826093449746,0.049716181413293155,0.013341774241798663,0.03140187486774306,0.03851627669750859,-0.0025376582411898337,0.02412479493071858,-0.03153244434587804,,0.01627489216509569,,-0.11802524499943093,-0.027577304049128473,0.057098225023084516,
2020-02-03,-0.003964236307234029,0.017794264956944854,0.005806044697185961,-0.013894851227253419,,-0.05584290279610656,-0.09204550045569418,,,,,0.019609864352839637,,,,,-0.005097863283803582,,,-0.009423965900993028,,0.01112542662334781,,-0.01611220330665118,,,,,,-0.005369194650839552,,0.011527961217127342,,0.016062702124970157,,0.00862857496083314,0.026715237332872108,,0.021156700888178843,,0.004714862726267455,,0.018225345786594894,-0.006043832378913281,0.009555458497543183,,,-0.03065197996604893,,-0.02650807634835277,,-0.02709092529019019,0.004469783672730961,,,,,0.0003137757135276181,0.013904501518351146,0.017203862178449582,0.0062273546775704035,-0.011392578891138653,0.020001666826315073,0.006649935786883453,0.024419675533929836,-0.04039245227435075,-0.01093995638271456,0.018795293512872516,0.02207846941231773,0.0022221260754169496,-0.015443053454567033,-0.028140968243336673,0.003104557592225325,-0.029516458525913787,,0.021125999225450536,,0.01689178962269263,0.016526793980871483,,,-0.0222410845802881,,0.058137621090899594,0.019899883355935056,-0.026378828428729496,-0.0394581520950513,,0.018360614078105384,-0.013168673964283477,0.046130356636820684,-0.031349336567936946,-0.006443826485138939,,0.031648342363359803,-0.0011643375760024572,0.027709978864057825,,0.0039724335803187315,0.006499656725217335,0.02084711483639238,0.008413023641256888,-0.00568909468115954,-0.00243870336491752,-0.013813744880150936,,-0.0007835154351248009,,,,,,0.02021691470761635,,,-0.005680535289417681,0.012032452951805621,0.010666523506098667,-0.0013410190925364524,,,-0.01703572621694835,,0.0442896257356939,0.032263798449351046,0.018315097165931882,0.0239580282065928,0.010294069241686486,0.014443999991593882,,-0.016316171426975324,,-0.021111944376459996,,0.026786767561559212,,0.029224676635656154,0.024936286570788814,0.02509470168440821,0.027698890431595964,0.03953746334077459,0.027468826966180835,0.016533243795370134,0.03832221804426114,0.015257456546923722,0.004922800951628698,0.024681727130762075,0.04084827773993902,0.028270319771877807,0.01635995650729833,0.026714038751027055,,,,0.00646102240976064,-0.02670726824777983,0.0315756337413193,0.0437537140311656,0.02557283139421771,0.0027805900477054493,0.02217178670838531,0.05941248438225912,,,,,-0.00933998067413419,0.017475372426497205,0.028184269004353536,,0.010501580416268315,0.019269788199340443,,-0.028155936197354403,0.0023326930560048555,,,0.016405902387015902,,0.027921947142715793,0.039226235248234334,,-0.11510627673615892,,-0.017345639006766746,,0.02793746373665886,-0.08946653474973715,,,-0.0011623338242112908,,,-0.010231395738339623,0.008883102494541805,0.021732812669735084,,0.04164948716533995,,0.05412637229178758,,,0.025759914346296785,,0.022531879062527037,,0.014697459135745808,0.005903421944131002,0.019755473689989103,0.036457696150140294,-0.0008352195358171627,0.01317175046479,0.014964059496062857,-0.010447366755038632,,-0.006156102906923588,,0.014227325519375736,,,,-0.012921619072903076,,0.031293158720452026,-0.012659765964310397,0.009000542983575438,0.010384444578983278,0.07053535343847471,0.07593730462312002,-0.012643902284993194,0.009195355290713034,-0.0009559311768971659,,,0.004487933737840616,,-0.01085812236190942,,,,,0.005850476203150319,,0.027455587458246312,,0.030631956484079712,,0.026535400183832734,-0.02441355554292871,-0.02323950010370718,,,,-0.015724729861998014,,-0.01128439953382085,-0.015261904057947489,-0.005576466068075757,,-0.01732711847775632,,,,,-0.001595867952444418,,-0.022984790002300314,0.010786796034162856,0.02103720672179617,0.03471057128573376,0.009242676024184987,-0.0031678200868830737,0.016462043025920553,0.02344742958156695,0.01564550695165927,-0.030213774778364545,0.009300845923747969,0.006621758332037395,0.0251239733783824,,-0.01781680039751271,0.01255130819171772,0.005494135691087674,0.05854940394209439,0.015615326778773992,0.0274510983670001,,0.010055097770094008,0.029371697321881444,-0.019032612814604877,0.021627066117453964,0.008413228782827723,0.027462138318811224,0.019571991284930854,,,,0.02785024501312694,0.029604771169506685,,0.034039215669418865,0.012342823278081309,0.0025315499225088724,0.015203146322879231,0.003491775663478656,0.01817150904163023,-0.0165503574617025,0.026877902362806117,0.017473936497651155,,0.03887777251338194,0.027957627050336643,-0.0008749506315815565,-0.006487126663977431,0.022513629468181504,,0.013662930574601613,,0.05500213309857994,0.040087220827254744,-0.10815526622220789,0.047358718495548104,0.017089680933035933,0.019663012768717365,-0.014059646390801027,0.025880330325337576,0.02942448584888607,0.02881498350531196,0.0607032358503497,0.018264018259356127,0.023214975058049224,0.023201525588872667,0.011982921993012905,0.029425326668231003,-0.014992422954094281,,0.01706421716898482,,-0.09499730107906133,-0.00804641479893682,0.06819613909062365,
2020-03-02,-0.00028297610600082064,0.016053418876754294,0.0042747791324724595,-0.0064572716702571125,,-0.06674191853353224,-0.10728885630874016,,,,,0.024569465759796533,,,,,-0.004883698394298174,,,-0.0032283883279598806,,0.015698534339877005,,-0.010522965074526791,,,,,,0.00012079542809358955,,0.01117513431488434,,0.013474957625719451,,0.004992660416976073,0.027103343388033836,,0.016301799245594085,,-0.0027842284583396407,,0.01845470464369803,-0.004079080916394199,0.006969730333187526,,,-0.03018981872165602,,-0.021985079957084548,,-0.008549678798580759,-0.001839255600978641,,,,,,0.005449569598134355,0.0036550467944775206,0.0004292080248114445,-0.015478346984822628,0.012780715240641465,0.0014299265143071771,0.027068424713007147,-0.03299228446245708,-0.015123761385451837,0.01723248633795008,0.03201333695887462,0.004272157701677912,-0.013460228113810502,-0.02776210638807535,-0.001989388882603599,-0.03335867892365485,,-0.006287779957559295,,0.003941128691012775,0.014306200260513184,,,-0.016586397030583545,,0.058098531023855454,0.01818683723886655,-0.022413567475795437,-0.031212409603215287,,0.008924183380428868,-0.008990376432161173,0.03660268783324933,-0.02445108328667677,-0.006176434202663957,,0.03459719949467208,0.008318730307291054,0.025545043977977418,,0.0030916981024943606,0.011124099932090632,0.01616070794854247,0.0048817485574256135,-0.00380830458533077,0.0005157632441115844,-0.010458050834155375,,0.008957391954189646,,,,,,0.03502099491162271,,,-0.003851796208519978,0.012120431337643924,0.01044688200516097,0.0035284319558918534,,,-0.009861571839980167,,0.03861500958121615,0.02670830443123737,0.008226637531979882,0.01860411560534061,0.0022092151865675913,0.0041627760099310915,,-0.020708281884018655,,-0.013212727278661183,,0.02379644291824314,,0.029181599296600313,0.020708726982385926,0.02168940027726972,0.026517532435632814,0.04593508775116191,0.025024525203478858,0.013910106522250916,0.0357160139471092,0.005454879270221967,-0.0034056827494040424,0.013690708953252546,0.028503355230716097,0.018327115685113856,0.008253748472444295,0.023753293853826553,,,,0.0050093266099085374,-0.03322867936620991,0.025782664503805713,0.03778065785210436,,-0.004082037533494915,0.011925922341460043,0.06251003734454998,,,,,-0.007969288272780768,-0.00037899640732775533,0.013869918851389681,,-0.0042812810307814135,0.009348942933881173,,-0.02167324437955991,0.007206596102991725,,,0.007391943030927048,,0.027764496779223,0.038812352141213494,,-0.17300853025023444,,-0.008314515106541055,,0.02918463304106717,-0.10087984579959829,,,-0.001755372894064896,,,0.004816400478322652,-0.0007698398014074785,0.01145047429128574,,0.042288094607444156,,0.050264884609104936,,,0.019540389316257654,,0.016021235064521546,,-0.000442220692539644,-0.0019124342655190455,0.00961420177933415,0.03975141070673291,0.001530510860822036,0.013795389805938394,2.8597275266483883e-05,-0.0012444221154274185,,0.00184504895487944,,0.012707549726032687,,,,-0.009799978209890299,,0.019328235645653332,-0.003926846493557109,0.0035470635991728984,-0.0007302724897205069,0.07109265893257316,0.07864785802345246,-0.005528620968330391,0.0059547798161681395,0.0016105253002881314,,,0.00048785332912571307,,-0.004962432648041499,,,,,0.010142713254869547,0.02569786780432882,0.02607270602448113,,0.03091823306831648,,0.023235291916955333,-0.019164449203889537,-0.015047653635906268,,,,-0.00723278411517576,,-0.025652469175242425,-0.007527159079904803,0.00017002890170951805,,-0.010031499057434194,,,,,0.004368136986789133,,-0.01472141115843082,0.0029584623612473205,0.008883641604071001,0.020326559219463147,-0.0013979227446092204,0.002363776501032629,0.020199020775077674,0.016615417633145793,0.02026244610279669,-0.03533612400169098,0.006323756276370215,0.005461652725228136,0.01785011217223016,,-0.01036608565276022,0.011796609111158637,0.010055755587218669,0.05885368686052159,0.016228707515806528,0.0263604422561925,,0.0015463186755451312,0.013647074243188166,-0.011134106512154242,0.010739189830016895,0.003564508701226329,0.018153894812566993,0.011919775545002098,,,,0.026321659544087554,0.02968369770454292,,0.023829459484170964,0.010083369757161493,-0.0011432099646903453,0.02795681753315182,0.004111279010584597,0.01579046103637167,-0.00701406250861085,0.023670846454478936,0.015874166918874052,,0.03655928765751405,0.025981969462846564,0.001410350097855668,0.0010923556633514416,0.011445491743887776,,0.014758878077402069,,0.03129025294759826,0.011520885038282195,-0.11804701973533688,0.031342349724004036,0.012840796411547182,0.01964330566672102,-0.011748701059042172,0.019685008944855226,0.03071760836073769,0.012444170608488295,0.06419359288641834,0.02353678581392276,0.014430364312638697,0.03950705307634872,0.015676454721614132,0.022414240608950333,-0.03463914608979146,,0.013111085830393204,,-0.09412196984088105,-0.013311854825990206,0.06982627096970097,
2020-04-01,-0.005352678540704186,0.012506305747559291,0.0005329678579738083,0.0023711690847796544,,-0.064345037545627,-0.11441562870858737,,,0.03028488287383998,,-0.012854716565133569,,,,,-0.004804312766409908,,,0.006147905696940242,,0.028510588174531892,,-0.0024226842794598013,,,,,,0.008283361337145514,,0.012048338053274068,,0.009451000071313631,,0.0020420559691564227,0.019492999917327277,,0.011439931923720581,,-0.006582311148166629,,0.04079188449552935,-0.00616493239898097,0.0031787925280718126,,,-0.02490174915313524,,-0.015688553027627148,,-0.0037640714909277537,-0.005181811813788804,,,,,,0.0038773148233578274,0.0029991033029594942,0.00023836445678489953,-0.024496548903753974,0.01353460443257895,0.0010509276718834097,0.02404643149967829,-0.03384256557731147,-0.013037245142304059,0.00873302512212039,0.023796038030291747,-0.0070733946396313,-0.00017193067967169896,-0.024760347644987742,-0.005651545638065308,-0.02766700736000245,,-0.013222029452573126,,0.006247437357446452,0.007329350054979873,,,-0.009504928226646243,0.01737941678360543,0.05202187792029962,0.013078183184819382,-0.02050167312739804,-0.02270968719483083,,0.00977914855393807,-0.020725617250744878,0.025668446216033283,-0.013482559893420665,-0.006462256797228407,,0.038020979951146894,0.021895337003331548,0.021840381091415683,,-0.005374525904291269,-0.003121723301116956,0.007650922093927382,0.0019297344343450074,-0.0011258652890380248,0.002197930770285229,-0.0068976932269741225,,0.021759215036157936,,,,,,0.034396683234673896,,,-0.005645468587558196,0.005518587438919884,0.004448181390318687,0.011031164629109738,,,-0.0026447220824591805,,0.03377720533185521,0.016624302490345935,-0.002054692474539507,0.011475202640998376,-0.006825138778465473,-0.00981197199163356,,-0.025570333139961477,,-0.00540052477188622,,0.019062590985843824,,0.026690175975748815,0.013075199819096089,0.014341643224926806,0.02226548077065702,0.042043690224265434,0.021115906679556207,0.006570744479597731,0.03406198611776114,-0.004334054810059497,-0.014589311599196148,0.00572591395065363,0.023159179636780675,0.012837106067030885,0.0023946949275334526,0.01889979946669164,,,,0.0012727657916964663,-0.05135444080025627,0.022103793517816616,0.028859126202226117,,-0.015294083578903474,0.016680724612924677,0.058590019708315434,,,,,-0.0046587767718664465,-0.017035690644663565,-0.0022766598522282857,,-0.021597701106406714,0.0019119702424729437,,-0.013341073918381111,0.01473740548564771,,,-0.00021923823108097683,,0.02389487034658377,0.038484236372525994,,-0.1670479075930406,,0.0001807499170108367,,0.025575186697549872,-0.12562458795292225,0.0832066047627756,,0.0037323456914806086,,,-1.4527541513456123e-05,-0.010798415612051897,0.013874963428211954,,0.040895196405599125,,0.042005095581122226,,,0.017144680422987755,,0.009399737768489543,,0.003454462489766351,0.004818382327246851,0.00018116286147581265,0.03015239172183641,-0.0021104265534716772,0.009678998426238894,0.003958968379633549,0.006610782978046815,,0.009720104262512528,,0.003197797634346243,,,,-0.005475065454570052,,0.019065309510594625,0.000874896345466537,-0.00010865977218165387,-0.014649006070364632,0.05932543161802033,0.06543931652924626,0.0036333201704540482,0.0021382745554655645,-0.001997678448814989,,,-0.007105004918531881,,0.0023756563084869255,,,,,0.028270200889663026,0.02135841959647381,0.02153943681829302,,0.02912172489870157,,0.016091850345261324,-0.01601602518664136,-0.007698893410435391,,,,0.000981555610380373,,-0.037027208090353377,0.001316319224379888,0.015218942899575393,,-0.0018561879549223563,,,,,0.011703133233830595,,-0.006519318020466421,-0.008757819037121113,0.0010761577703574565,0.013089270313079446,-0.00914193812659089,0.009023891181531705,0.028843494288487398,0.015218817876091325,0.013822774745196767,-0.05498669904268491,0.0022194380043882318,0.001981017097625737,0.010829917120853187,,-0.00021790512923928617,0.005762937823567219,0.027668265325403136,0.052823972737978654,0.012690280653137615,0.021529799769306034,,-0.006516375895553368,0.006473382469954479,-0.0036042735403766517,0.015190927444041213,0.003460668457825645,0.013299610646138788,0.005461809243105157,,,,0.022019654330205845,0.028169030979656878,,0.020208630641581266,0.011263500562229155,-0.0035540782544468243,0.02812287240725123,-0.0017532677328064598,0.011460912969749703,0.0006588268789279691,0.01933075668545422,0.008118757621585239,,0.03565612543762087,0.021804835684639635,-0.0016688942266478144,0.00627729798080766,0.005174795915789447,,0.005665252049495873,,0.030395038573066805,-0.005434997890005775,-0.15018818588415533,0.029368084836998393,0.003686344398106296,0.021619835735870816,-0.032455947630261606,0.013688666781995007,0.027577708799788617,0.0053612605418077285,0.05959810051942468,0.018280045969294164,0.01913885893786215,0.03917693947962148,0.012765510557539899,0.01967254906842076,-0.062214389576291586,,0.008568317371893426,,-0.1162949214689447,-0.02063142978575068,0.05231788620355155,
2020-05-01,-0.006780762836825815,0.006847128990837333,-0.008510256443783141,0.014674160090931846,,-0.12682260949554025,,,,0.04468654432629299,,0.004250467677956087,,,,,-0.003303050411321946,,,0.019831696034058,,0.04604180002303016,,0.007809609847740636,,,,,,0.018827355242321424,,0.01919819998510636,,-0.000682894066190835,,,0.015409946435990423,,0.0070918172008700075,,-0.01881585787509607,,0.06870055917086972,-0.011259710840701846,-0.00892451525632391,,,-0.05539220763203284,,-0.011708642912547529,,-0.056820836531545744,-0.020129392844161487,,,,,,-0.016794116564186376,-0.0015520012220858923,-0.009879693990170156,-0.03181160857245371,-0.005810619528210884,-0.00891196302665593,0.0221964868716762,-0.04107069164618623,-0.021915068337570436,-0.0011756281771979253,0.027567746239343834,-0.028948771507869776,-0.016485151552446793,-0.026096378564865914,-0.021556676274579533,-0.04743463979775748,,-0.008323092620008027,,0.004698403070485504,-0.003938638843086351,,,-0.0016290419773442614,0.015486611537140045,0.05595107265391665,0.006155657788192268,-0.013489172342274628,-0.012620362467647011,,0.01312963700226964,-0.015113237796481906,0.024762609152567266,-0.0052377618828700866,-0.0023166928159500067,,0.03986027052527986,0.044777261350935876,0.021453864591296702,,0.002397429503419846,-0.015994766345553163,-0.00922129876017894,-0.009055637731009723,0.0031760024915360677,0.00836937167938657,-0.005193283556273222,,0.045023382264473,,,,,,0.0323608018452183,,,-0.011786235625564873,-0.0047163363776447234,-0.007471235749120504,0.021372701388373393,0.04013034380388487,,0.007264054728103925,,0.025553371296627804,0.00723362528664407,-0.015540147004266648,0.002506386643714418,-0.01733002085322286,-0.02316183267518316,,-0.0452594600430122,,0.005022672062491046,,0.016887369469570954,,0.02694807796898844,0.007909464311060231,0.009990704108333885,0.020186184225717246,0.04402365221932338,0.018725709347526043,-0.0007067642344361305,0.03701542191609067,-0.01336264988877059,-0.02640514086516587,-0.0011369882933171037,0.02017239537500794,0.0042681597516918066,-0.009385689967767017,0.01648671615377564,,,,-0.008110338590168601,-0.10148058811563535,0.02113028296607091,0.028507150667535588,,-0.024136592331230465,0.008576571457816115,0.06232400707545898,,,,,-0.0004272856185051957,-0.022292135391672456,-0.005109249398672502,,-0.02422680789018168,0.008303929714428497,,-0.003049784053220229,0.026684219197557753,,,-0.011265497581896178,,0.02372558890621368,0.04344138252568403,,-0.25390375682083016,,0.009931519128784884,,0.025155787851991778,-0.20042221398750076,0.16074080308259384,,0.003495917822459805,,,-0.011758339078471453,-0.02219786084064804,0.0132561209917811,,0.04663782161537194,,0.04208668149411524,,,0.01301075882710099,,0.001263296615233577,,-0.009959070878282022,-0.012046906401732147,-0.008780178128247666,0.02300216286227919,-0.00941550457636964,0.001303371567218031,-0.009043934788582814,0.019380955128805808,,0.0241737096145031,,-0.004460265222904144,,,,-0.0017104374483815933,,0.01599058765023914,0.006600489837656284,-0.009340363211729766,-0.027340587158560695,0.06525842498381881,0.0690441401513421,0.01658176554402062,-0.007655263675701676,-0.00936139541977216,,,-0.02201236726150074,,0.012515779946875505,,,,,0.052450962973872445,0.018480390525165532,0.01995112003068364,,0.029408993246515112,,0.011211659717738576,-0.011851147329346652,0.0019627345875738497,,,,0.011329325113722576,,-0.05895283272113281,0.013032606187708837,0.036062693998848594,,0.007477579893414291,,,,,0.022817207709410158,,0.0008740442790733089,-0.017488402216906326,-0.008583226486755633,0.0063813547916881826,-0.02265968031729339,0.020342946738813674,0.04111717072786844,0.009921606343820692,0.012781104163832838,-0.10604349591249658,-0.008552235227402234,-0.007306854638215389,0.009706598209282978,,0.014479567269010188,-0.005405818892886146,0.051791604187807795,0.055955698631726586,0.01533216895109188,0.021548705498660087,,-0.01736962322430347,-0.0022466827821513184,0.006668963182920044,0.007352013693996598,-0.01030205769299742,0.005255638347439345,-0.005740361108868755,,,,0.020074353678282187,0.028429254811981716,,0.015698389288833044,0.01055842208534863,-0.014652700246186123,0.026365982069116778,-0.015505195719727985,0.006554345751701217,0.011248693951211761,0.0164690253919389,0.0020933232741322774,,0.03945010891946062,0.0207269983639458,-0.00918352833804996,0.011957200178537353,-0.0005028928714484919,,-0.0004344849834541258,,0.024896304346009365,-0.0004367019420894869,-0.236084836212801,0.020618865466048724,-0.004255551085731623,0.019722925328560872,-0.07639379225513158,0.013045597167435058,0.027353284378569594,-0.003566641671066342,0.06369258355719597,0.018347048496614896,0.01418236004819761,0.03901130427243185,0.015245653242640825,0.01337099334451765,-0.08059760815586511,,-4.634702619664189e-05,,-0.20650496011936312,-0.03643599545826236,0.05268475286547123,
2020-06-01,-0.00023696202594881088,0.005518487877940872,-0.005726149150134884,0.044138302385529085,,-0.14229195220769209,,,,0.032484557759536424,,0.015003094083417297,,,,,0.004974785758459954,,,0.045943832581376264,,0.06243676201717642,,0.034596402359391376,,,,,,,,0.01786812138967013,,0.004079791729530601,,,0.012751768416223464,,0.005841462927146336,,-0.004101783809816175,,0.10006636590986565,-0.008627889119550048,-0.0034423252253212903,,,,,0.004659621796658544,,-0.05287400933729445,-0.016399994444724737,,,0.01667056296823585,,,-0.019600119738466513,-0.011218649148685728,-0.01852562579971291,-0.011779313571349476,-0.015603908787714286,0.010990115473366736,0.03130441211456772,-0.015114557003299047,-0.03326372770037194,-0.01543972028115654,0.022084263250867445,-0.023428746799057598,-0.054798643130590324,-0.02030581151109904,-0.060236152872964806,-0.06796608061571902,,0.027865618017947874,,0.012125799729662162,-0.01359210941924951,,,0.0277242141374645,0.016496059917377154,0.039677017248103436,0.0030755947128803993,0.019705722140336134,0.023621227006749592,,0.03166791418007363,0.00439491934335384,0.017850165994492316,0.03334700959494534,0.007398580329129329,,0.05985453257076532,0.06510037747956299,0.016826433250902443,,0.016011767317651894,-0.007524306856770961,-0.013202174909397409,0.009235270503780703,0.016594628168149314,0.01966590331424513,0.01047017100925149,,0.06540555543655975,,,,,,0.025882215272631758,,,-0.010423403152528442,-0.008254666565810462,-0.007436923788868448,0.03639503407035464,0.043741333113195224,,0.03425319994702343,,0.03870036185751998,-0.0030382512951193114,-0.028485157774423724,-0.0014431438841046498,-0.02780173028112079,-0.03562999634858678,,-0.06863592580301048,,0.03635502640060069,,0.010952968428171566,0.041688882988869524,0.0231286971808918,0.0007790800969864233,0.002981562821768514,0.015326093998494767,0.03762235801389065,0.013078622606067783,-0.006372472391185457,0.030351673737118626,-0.022620250195106762,-0.039158568357282486,-0.008653154546542278,0.01346907081764761,-0.006370183264492344,-0.02279161030712738,0.010627692875890538,0.034850591856098484,,,-0.006258603381738146,-0.09736625814086397,-0.004903901382617879,,,-0.018008775226410714,-0.004133510202617903,0.04648529892992328,,,,,0.011699743530337947,-0.05503218183910354,-0.04241850031785034,,-0.058152717457519355,0.01805714686606898,,0.02865312085345378,0.04150452850825265,,,-0.01960502177014562,,0.019012124506144933,0.033466087444576825,,-0.16144023650510894,,0.0322901001692406,,0.021625691725120792,-0.21849980438129837,0.12106938335077752,,0.010581087253865189,,,-0.006851099932769482,-0.03242000195234396,,,0.03948504756929406,,0.028796419892973896,,,0.007250679338281814,,-0.005743485014826379,,-0.020016689706758867,-0.016902356662049325,-0.020787211560203616,0.026251622454597216,-0.007587876627961066,0.002821623059221644,-0.019815349136716245,0.0463958618766351,,0.050502042469151444,,-0.0036448170232744083,,,,0.01498933900525368,-0.006010955984514022,0.022656231305752,0.013419519795874439,-0.01756362126140355,-0.040580942469221046,0.041684514868738906,0.042612401417913164,0.04598084227996715,-0.0043175344889578565,-0.006690982211954433,,,-0.024103913924067463,,0.034412453414233476,,,,,0.08528485750119565,0.01346500205800862,0.015402677473113715,,0.02586114553734145,,0.004315024865463093,0.0024905682473061737,0.033380906409894835,,,,0.03223863012097219,,-0.04247264517311411,0.04134295135164339,0.07078642040237776,,0.03450901579100836,,,0.007860220958964898,,0.03841861848486319,,0.03861400987730433,-0.013705610079489899,-0.01907891949068011,2.5126083995577478e-05,-0.03657257321628287,0.03610260354393907,0.0458956996458004,0.0012407502673540706,0.02354189668352516,-0.10201396391587526,-0.005180777635649937,-0.004124511391773771,-0.02048797488404811,,0.04881767321548728,-0.007467139159936747,0.08363908138802983,0.04015647779869714,0.03458065253194442,0.0215587908479435,,-0.027492531790766026,-0.012860752974773347,0.04119630040547235,-0.003758686673664254,-0.009348922241101766,-0.003995831919556639,-0.019074062537345997,,,,0.015268957569292599,0.02533843007258824,,0.010215356917710559,0.004088624253492011,0.0001475313864286033,0.020595710266773346,-0.017198160795852655,0.004167324944490128,0.0329460929308104,0.01080485136623806,7.922691472992946e-05,,0.029529710899309964,0.015741817300742967,-0.00801053192178427,0.017230621620943968,-0.012920749355075499,,0.001067518779036266,,-0.005059380893576146,0.017274702536633678,-0.24955556656944133,-0.022282557384338392,-0.0017902674756101091,0.009864690081008423,-0.07581428505625534,-0.015398854266408801,0.0243249614994784,-0.011093921625374821,0.046581263183232344,0.02785873047551049,0.00968285373693326,0.030106243317221445,0.03646584265452569,0.009360002871473955,-0.0631555314912078,,-0.0071058252948278215,,-0.18810193000679637,-0.03700198407893591,0.033062325398000754,0.10801581215712741
2020-07-01,0.0031837023158550765,0.007854257286176948,-0.012189973968354206,0.02294559616070017,,-0.142054026095861,,,,0.08484334041379518,,0.012477999604166044,,,,,0.004987012399805253,,,0.02583190279178337,,0.049452382976324455,,0.012761969293054521,,,,,,,,0.022869062457381933,,-0.004489320579854846,,,0.016633249020201146,,0.0071453121923803035,,-0.003818175149521469,,0.08481475699087707,-0.00999360486117145,-0.012983394806946554,,,,,-0.017690629767509666,,-0.0719362279428256,-0.03336695061991996,,,0.024922662786727844,,,-0.03961076332668248,-0.011805745720183253,-0.02141718847381322,-0.02624385503677706,-0.03214368636173558,0.008464978783571185,0.01672595554177758,-0.03623862693146845,-0.05867565439358508,-0.025609385558646558,0.03588519589042152,-0.03551168382245337,-0.07933367092758555,-0.007631061612518297,-0.09296465438485993,-0.0751785113600601,,0.04700662619480688,,0.027103875110391386,-0.023567538499466658,,,0.0037549820663727047,0.017976443716946944,0.059991095296118714,-0.002040884615093016,-0.0028680502054368884,-0.006152454408531673,,0.04457953743237669,0.002027702469521463,0.038089153142902496,0.0060917794804402885,0.00679602853883147,,0.11396658524488144,0.06705086188988459,0.02423020612881379,,0.023347962076834077,-0.005018446784810751,-0.017986780391153166,,0.0010148053571330021,0.0031572789126913547,-0.011524107109339347,,0.06751191378434367,,,,,,0.02046925067344329,,,-0.011678552577877623,-0.01642846846219484,-0.017842205571782403,0.02171831626400907,0.03521265218166093,,0.012623851951641145,,0.05009451372402167,0.010739100314721965,-0.020747153599588366,0.010870513281072056,-0.019810058515573846,-0.027629240930480567,,-0.09873533373185274,,0.012876073602902487,,0.018551686863645646,0.021340805806739964,0.03232518388741333,0.005109930507374072,0.007179244506396493,0.02236550930339481,0.04987314905873376,0.020739504495049795,-0.0062299956960163065,0.04396252607541294,-0.013683232910630757,-0.036890087356724416,0.006447577405761894,0.02679158648392899,0.001563837042140131,-0.019298289900873882,0.01835036844900098,0.04824598290080504,,,-0.011870562585272791,-0.09128214541298643,-0.00632742310317158,,,0.0010967649738309727,-0.012416368108078784,0.06960697666557111,,,,,-0.004282925182070472,-0.05135703099840572,-0.035868677162536264,,-0.05191943637534118,0.03886282890788784,,0.0024532887965733764,0.02916756258017016,,,-0.01035564464644374,,0.026274086754561353,0.048432555217278135,,-0.20467074390624299,,0.006570394352839785,,0.02895623420911663,-0.20836698153847444,0.10329805131149696,,0.0018055711410628907,,,-0.007164690676766116,-0.02432374340918619,,,0.058522913516605865,,0.05617467382560687,,,0.019694298376952094,,0.0028132793455845784,,-0.03467270625093699,-0.045052104538787933,-0.011058792037232148,0.036025815026698105,-0.011516173990816834,-0.0033670961174077124,-0.03368445047868732,0.027746556745593544,,0.030879570641838484,,-0.00457944437979252,,,,-0.006048917210372444,0.0023606438297276966,0.035347160814547245,0.013494733599384329,-0.008534073501741936,-0.03426010870926351,0.08262935580127014,0.0866505946794762,0.02396323712829637,-0.010738855111939442,-0.010512844705040107,,,-0.028810945313847158,,0.01635685859296533,,,,,0.06664749991090217,0.020139932748593107,0.02235329716055937,,0.03514406460325316,,0.00783293404685615,-0.015915527562950574,0.009766628201003944,,,,0.007462381453982662,,-0.05189425372221634,0.021887718270201813,0.049782585128076644,,0.01280794843440156,,,0.009661443488656676,,0.023469016485142248,,0.011525982096183933,0.0022442401739553282,-0.011190369529225768,0.01509038495855251,-0.033430631417161766,0.020941946657493042,0.036469282413803164,0.022955963331518534,0.016846796085523856,-0.09585338804646315,-0.012278020837252048,-0.010850262344192575,-0.022366785302174053,,0.025223649667136444,-0.016928478076055176,0.06577156204579868,0.06055327005216596,0.042158634223394185,0.023346488178293927,,-0.020191969899788793,-0.014181582011987512,0.01695282586389282,-0.011956733562417398,-0.0335301670490397,0.004065665619397471,-0.015055494142526514,,,,0.022130518157287865,0.03426093487314257,,0.02196856523444147,0.009198334351126894,-0.004484679901258634,0.013366417984014733,-0.020354971266416888,0.005410351872728292,0.006216791101059155,0.018099568199505197,0.0005448582280454782,,0.04394717054148713,0.02294950333122794,-0.011941339294312611,-0.0026698654876490635,-0.001409433890498942,,0.0007374303325691969,,-0.018685743443191672,0.043977084361542365,-0.2565160010907601,0.0018793601970369578,0.014819567205173271,0.018516783962497962,-0.06337027889559094,-0.01757175778192821,0.03384132945689663,-0.013973373031443938,0.06831613842310331,0.02027625476529201,0.0024399241757385036,0.025643566816470904,0.04105154803667125,0.026815299011205725,-0.04501920200886513,,-0.01769638368738581,,-0.1637042360301945,-0.007948087524950208,0.07795317645164768,0.0960954805453369
2020-08-03,-0.0008103595392954156,0.010754531350433982,-0.009114453294565238,0.023962147757646702,,-0.135873552920226,,,,0.09565803613566654,,0.009475836020631767,,,,,0.00485898206043806,,,0.02829734024160975,,0.04396442009864644,,0.015188782814594575,,,,,,,,0.03743869645993842,,0.00041076037436531054,,,0.013618401396806737,,0.007753340802095323,,0.0053707498202106374,,0.07197583479500042,-0.011364379127266724,-0.007737649046986592,,,,,-0.014404847004582904,,-0.061142794333591446,-0.030448946883422465,,,0.029576273264179526,,,-0.02449384615103768,-0.014220468988911657,-0.00803048550821164,-0.04216832711109339,-0.03291662037748105,0.01586841064049194,0.01599671465213957,-0.025602916953378865,-0.05251092611640234,-0.024821300600105636,0.032908730076112516,-0.03678881916145091,-0.06407338394918577,-0.011679878312933793,-0.09124904335786856,-0.07890837911721925,,0.04664277922187975,,0.04938884315828262,-0.017801706971741497,,,0.007660186472855223,0.02081686648344984,0.07063649322178522,-0.006750404631494681,-0.00023611238489737842,-0.0022186462989303105,,0.044245945196469336,-0.003427478305025446,0.0621546090460942,0.0044700780353200764,0.0073813294087614325,,0.08690798045563371,0.056370475198636465,0.027570336355813692,,0.023035991626499067,-0.01158234018682451,-0.01549950866786066,,0.006221109998060701,0.009007440469240431,-0.004520701560483144,,0.056921012469307114,,,,,,0.01817431362796277,,,-0.011761499635354045,-0.011582615298512362,-0.013420362447824729,0.02475302035068053,0.031563990263946365,,0.017127186618284364,,0.038477418278549815,0.009348057410215847,-0.02221708684323879,0.01671094429971133,-0.024754074430110774,-0.03764934031226644,,-0.0968383682927354,,0.01572030152278044,,0.021375699360910678,0.023079443009101013,0.04136303975446872,-0.0012183305861666219,0.000765209680688591,0.025263397643838774,0.05633323339616183,0.02430425264773254,-0.01037685258874919,0.054172260286950526,-0.012546640485972529,-0.042425673429377246,0.013251086954147381,0.03747171356607134,0.005107893164973131,-0.021997242848875297,0.0215908582740568,0.05801976865311936,,,-0.00803999722657224,-0.09832639811655096,-0.009028991408006557,0.001981760141713816,,-0.00491203093783616,-0.008740875062215303,0.08288048734532796,,,,,0.00260804108464667,-0.060341415544738465,-0.04493960633037815,,-0.0652178775115298,0.055687883993832836,,0.0043116188517373566,0.0283158415198907,,,-0.007971540470437188,,0.030011908451631805,0.060227117456729595,,-0.18730346122322902,,0.015410142520892326,,0.03229629408142266,-0.21759542215288674,0.08282658325483823,,0.005558267069527356,,,0.00844975135825169,-0.02496422341479768,,,0.07020773377922213,,0.06089281640193633,,,0.028572342908838266,,0.0013544989639562074,,-0.03695240167677692,-0.03874227747475661,-0.008934756565917289,0.030342043260349595,-0.011815766628590772,-0.0001501387106937701,-0.03607910093186132,0.027702020476670496,0.032773920939734795,0.03275790299615048,,-0.0077049665421643964,,,,-0.0005266742899701834,0.004328567476415351,0.06752070092029204,0.04345809908448705,-0.010306348861729894,-0.04203043210185822,0.07822644349475306,0.08279231778254431,0.024724070194165063,-0.006206167571266517,-0.010207843904216325,,,-0.036277632649539156,,0.020370589815955225,,,,0.028397638041259634,0.05897225093931206,0.021350722493003044,0.0250402964219078,,0.04389751814348423,,0.0009495913484274828,-0.006217120206384187,0.012797168957718178,,,,0.019116019963841997,,-0.054316161702244695,0.02311151894527303,0.04683734900754593,,0.0143458458728358,,,0.013738628725579556,,0.024559601509156856,,0.014028871273776897,-0.0044227246613893125,-0.00665096334710796,0.025242005342437316,-0.03592231490022444,0.023982479276877054,0.032231371090405796,0.03339180302202345,0.016460067984042894,-0.10223334297870339,-0.006569508963036622,-0.006883718690315281,-0.026145825941874805,,0.02599397366413727,-0.011060324954977831,0.05799595586252727,0.0716864648697963,0.03699534505310748,0.01982004208165817,,-0.02483227334447805,-0.0166400473227545,0.018826510620636568,-0.00955610492679665,-0.030478120353085336,0.007836277277143677,-0.0199942269872484,,,,0.024729416486732176,0.04338573026098596,,0.033483160313752286,0.02660964784001478,0.002417739527305544,0.011690656645373873,-0.011266349696775256,0.009354644514832786,0.014823577033224768,0.02169867879035406,-0.005937087046261877,,0.055783193380283806,0.02605410570720811,-0.009835367931548232,0.005893245998748593,0.007116508105096715,,-0.005413689884521322,,-0.01669068483869592,0.04797906587156635,-0.26017578782816964,0.013846712850162401,0.0070701066751689585,0.03230257558108347,-0.07215759765901082,-0.021499720372917433,0.03841333513887495,-0.01699457501731538,0.07665614749686364,0.01849984399507363,0.0050896174203213735,0.024201187582848484,0.03458586994310648,0.03275631970156443,-0.05726839222952843,,-0.028551616160040514,,-0.1658506988503141,0.004665218452101782,0.07412353931130579,0.0801008056959117
2020-09-01,0.015600479018682228,0.013413384722243722,-0.0025056285745384305,0.021197373684355758,,-0.1539216715740083,,,,0.11668777829931132,0.13662405122536164,0.0293243929191922,,,,,0.004217538246144127,,,0.02603332379241178,,0.04423588364822895,,0.013978112910053398,,,,,,,,0.044472027517736365,,-0.0016134682401124508,,,0.009768803840910119,,0.005733964830442046,,-0.003739479588641744,,0.06997059539235391,0.004407311991756779,-0.0033917801152876783,,,,,-0.018835257284069765,,-0.033699998843610426,-0.019582492063052452,,,0.02933583907231457,,,-0.017740751171633325,-0.011878939311836778,0.005062970688747968,-0.022273171107857294,-0.019744328007570252,0.009033705739858662,0.022315980145846806,-0.014585795422294452,-0.039873943171560136,-0.012379573406475414,0.04387560112117941,-0.03568568778961925,-0.058009102665098566,0.014526860996945388,-0.07339507515271826,-0.05484903381213964,,0.05466991774715111,,0.05532831431771634,-0.004080496654179621,,,0.005158145209969888,0.01993503230701414,0.0743114983804057,-0.011014515125026313,0.003890583643038397,0.0013102672386726673,,0.04407669201672231,0.00661631410732443,0.062191503816736396,0.002380382985900872,0.0056379293888006105,,0.08461639989866002,0.056185434822111774,0.026343692596516945,,0.03630746736904606,-0.016610316269063227,-0.012068875353770709,,0.0018333565379310217,0.006128175952068344,-0.005936337529387897,,0.05651292579512534,,,,,,0.011996343589283176,,,0.003702607065910509,-0.0042872561018376,-0.005496467516008488,0.024703625429258243,0.03398101243820265,,0.015412206717714058,,0.03897869500484893,0.008408788575918966,-0.028848944996589968,0.015533023873535709,-0.024729587126684972,-0.0379602689091266,,-0.07888851023398652,,0.012893630501070577,,0.022261871335075376,0.020267412894127843,0.04622561212319626,-0.008048310135550612,-0.0067353262897281805,0.025091415084915362,0.06383472007661298,0.024494581962374692,-0.016014510169272765,0.05806428057570236,-0.012130921713984319,-0.043436193153071255,0.01422711950966301,0.03633550465805785,0.0018074597454139055,-0.025613394529856486,0.02132099407459056,0.06374500201027833,,,-0.0010212846495427025,-0.10447241405051022,-0.015665758516443175,-0.011343910770129806,,-0.0001519174130401356,-0.009784734486463944,0.08637926629214582,,,,,-0.0011367681046750063,-0.07724554672441755,-0.06444742497165482,,-0.0809570792805813,0.08824899330795415,,0.000524990018228944,0.02911257094809976,,,-0.012345382401648484,,0.03088061775255611,0.06511226803477196,-0.00789217195411457,-0.17185727306971432,,0.011276504667145616,,0.03442271597250845,-0.21014071050346994,0.07146298394497391,,-0.0006556029626226549,,,-0.01121942985259945,-0.025569731308249518,,,0.07649477563510175,,0.0643383880351264,,,0.030669853225712872,,-0.0011494319404045793,,-0.038370183257368885,-0.03614866079089879,-0.009503724029235903,0.026396691949541445,0.0030552674415298903,0.006190143923079197,-0.03976586830000816,0.024702253009838453,0.028170878511293528,0.029288363277355747,,-0.011201764349238197,,,,-0.0025342826031827127,0.00199628463081388,0.07205953872322017,0.02898863519080177,-0.008961287622579644,-0.043862490335995846,0.07733920982215435,0.08295776741789906,0.02135202713338376,-0.0018876890087895747,0.003240630415860548,,,-0.04065430056001176,,0.019981145256010614,,,,0.024150096416016186,0.05564519847177464,0.021710872986613717,0.02464873601154016,,0.049379627960105095,,-0.005298312284918176,-0.008642800205794299,0.010121117653894278,,,,0.012286447028216132,,-0.04582310990016529,0.02051712106163143,0.04226460266915784,,0.012099582994624603,,,0.014249545273541976,,0.02500565821983788,,0.004012228205855117,-0.0012963280498556897,-0.00799187569262272,0.02526423132639871,-0.03884262362037603,0.02362436007186062,0.03530443520878651,0.038575847036131025,0.008776509942390386,-0.10724658050344515,-0.0018895535812960707,-0.00048242224036990116,-0.03774832290609342,,0.02195842342700753,-0.0038121278267356884,0.0547490377929316,0.07563420292387928,0.04066582948608894,0.015237859807846857,,-0.02450576534274347,-0.01642664187729281,0.013995176856151077,-0.009279125324618824,-0.026563737471407035,0.006490941653141429,-0.024775480438590274,,,,0.024622065832236337,0.048739192648211555,,0.034161931584905506,0.019474247636431807,0.0038461812273044953,0.004590246954119359,-0.005251024028524828,0.012464383211126175,0.011014948887693506,0.022019166930974943,-0.011230494392222049,,0.0602296639680254,0.026304734954322548,0.0035378121000625242,0.006064409421839621,0.007699099891178711,,-0.009971834846116466,,-0.027572477277269018,0.06527821322693733,-0.2494620028915364,0.019645590724828743,0.012175767098267391,0.027488652694024795,-0.07719387754329829,-0.03272565214348805,0.04160888730358068,-0.015032588347038259,0.08154827570750785,0.00984894708759401,0.004860700194906643,0.018874439926500453,0.03722317966646446,0.034375878349272346,-0.062388438185986377,,-0.035686210062019615,,-0.15666316832028182,0.013630349375791878,0.05899051936708774,0.07691399127039297
2020-10-01,0.027800007017805276,0.017444003525826375,-0.000841489061948776,0.0063051858686268124,,-0.16303710644344077,,,,0.14906532670913594,0.16799818299643263,0.045686664266908886,,,,,-0.004850503129908132,,,0.010551695168891847,,0.02469858946901313,,0.0008589729947337162,,,,,,,,0.05258301068318215,,-0.012114209996622506,,,0.010918629527126685,,0.0038528299344631365,,-0.012622625712741371,,0.04044896921992407,0.016486651092332955,-0.00672682582329549,,,,,-0.01685164263949507,,-0.02156706569508524,-0.01906941282331674,,,0.03524212896739369,,,-0.01598310917413686,-0.010778640669148796,0.008453484406589417,-0.0244770361141958,-0.026979431019956403,-0.0009340702304464247,0.01801066284718411,-0.007392036817126838,-0.0465004283207044,-0.018079411884359645,0.056033084236872796,-0.03982807384645879,-0.06749126340658143,0.025023298008026544,-0.05276168753683801,-0.03970902765556379,,0.04880068054334079,,0.07032150374683664,-0.007087204377052219,0.007703057138297117,,-0.00656360018303821,0.02106107160102789,0.08472708264544,-0.014811261273838862,0.0034352479233574883,-0.00032394393701375303,,0.04844259884969942,0.01074508101395505,0.07221648869878342,-0.011185625891562972,-0.006901503421653177,,0.07626941394360508,0.050143199272568495,0.03011080164241738,,0.05243267358600431,-0.02092225241239008,-0.02135640044266603,,-0.003001048165424281,0.0022166298119466097,-0.012667359191070753,,0.05047217323155064,,,,,,-0.0024574154723685836,,,0.01610559554166674,-0.005876127572391168,-0.007705920209364937,0.011426270551678528,0.019526602081139016,,0.0028942964284071615,,0.046314322244753035,0.01586790924196243,-0.02277710409190226,0.023090304026811427,-0.01630053004581872,-0.03189725507896732,,-0.06640815716130063,,0.00027974066257411347,,0.026821921269455772,0.007001114100131794,0.05195738291165248,-0.0065176377649845164,-0.005455528178118083,0.029313852455511498,0.06999669301624672,0.029013181280068648,-0.013288536280366425,0.06438524935563213,-0.0060871945692930985,-0.03753037364949581,0.01911397791921233,0.043254979320473654,0.00734173204480871,-0.020688747439703777,0.02664837456626672,0.07089049600379663,,,0.0007238508241664936,-0.10779641027311263,-0.01765119231099345,,,0.014233603233678295,-0.0286842119667247,0.09842763077707131,,,,,-0.004870856381695772,-0.0700733011032388,-0.05488214067093309,,-0.07286054532619347,0.09792404161493375,,-0.012901563038454576,0.015028066815960053,,,-0.005365047462730512,,0.0351145193359993,0.0717380469474564,-0.00711655110765082,-0.16453048070188586,,-0.0013427650559997041,,0.03906898935097683,-0.17209449474628463,0.08639672384050737,,-0.004301144703778439,,,-0.018485833430595087,-0.015864882984332283,,,0.08683869104905055,,0.0744585787418474,,,0.03492196345090691,,0.0042110273975763165,,-0.05789988727999858,-0.052245157099775244,-0.0027560204254949536,0.03203298214843739,0.014836423623542755,0.004762442276944854,-0.05863355276371362,0.011569796362471534,0.012328480060830949,0.014571230693432772,,-0.012021835316912957,,,,-0.008288047799824937,0.008420857014737656,0.07436851513987,0.056387671902110054,-5.869081253532857e-05,-0.03713328787456848,0.09717121356185779,0.09996892141547327,0.006607079574120798,-0.0038154350137468416,0.013525243842190473,,,-0.04422062561463252,,0.006788746560842941,,,,0.008337816035146259,0.031177655417362164,0.026370579780440287,0.028780912682835374,,0.0550743281844924,,-0.004145537301761052,-0.01523326455452176,-0.0015743274604579198,,,,-6.495672756073261e-06,,-0.06354090875302366,0.00773241148958696,0.022603809142398717,,-0.0022569700788180247,,,0.01795416744569417,,0.011815240145057982,,-0.017471078103623493,0.00977769721431199,-0.002226866610296877,0.029402462124478022,-0.03182028335316105,0.010336793041470511,0.020428676132387993,0.04976452921268846,0.008068064117927617,-0.11018378518062537,-0.0033585622235344894,0.0013062244972129307,-0.0320287156746362,,0.006311797080335942,-0.004850044801216612,0.030385466011364895,0.08579464986780468,0.04166539253468458,0.013332563790758553,,-0.01672812213295329,-0.01024562632875897,0.0003573664190624304,-0.02979204398639275,-0.039957615082096304,0.01242644335512617,-0.018765568496651824,,,,0.02869380738347316,0.05458690384672894,,0.04059692621807492,0.026248951267583732,9.160898973644485e-05,-0.01023319283570547,-0.00038323617462770684,0.016142087340180238,-0.0013926532452294457,0.026808018430218787,-0.00922268209130423,,0.06657297495479116,0.030820567398261372,0.014108764785894479,-0.0003575484472984671,0.017084484708440765,,-0.010883502375269943,,-0.048611324896861485,0.060811614162581164,-0.20921770795540243,0.03633885500267104,0.021584911330544534,0.033897175840194985,-0.08094372262465081,-0.026569713392681837,0.047939805039408846,-0.01031526736361975,0.09056777806604518,0.007877768647431865,-0.01754593666134495,0.0050151061787332574,0.03764705839876914,0.03931100208698482,-0.037091203254278504,,-0.04362289081556616,,-0.14647455333796408,0.036716705646753084,0.08193791405733614,0.045235036221685204
2020-11-02,0.024421827524834683,0.018862709385782564,-0.0023822709886647466,0.0027942403562252233,-0.0005625726410215322,-0.15768002623512886,,,,0.16730575787382437,0.17461580161203966,0.04562547758178826,,,,,-0.004240923461824299,,,0.007305371025283251,,0.015983042143860267,,-0.0018087896108560447,,,,,,,,0.06145351488524554,,-0.0157586048118583,,,0.00870675787784959,,0.00996691135552016,,-0.015783313927022608,,0.026414239591091473,0.010893890465808817,-0.00734064558058657,,,,,-0.019911665794818432,,-0.017380556726268072,-0.01494118304119191,,,0.03802976665845955,,,-0.016785024629682926,-0.006991039823273716,0.010889342208716011,-0.006495010658935754,-0.026638292941932883,-0.001703470432584962,0.0160994176085116,,-0.05072661509575206,-0.016734730868040767,0.03631299084641422,-0.04157721243132391,-0.06677681204976176,0.013647842909943446,-0.07616597715518245,-0.04113544563177422,,0.04150680627216768,,0.07690505986137994,-0.007784921573689313,0.004089119889361722,,-0.00992495458084508,0.024461053799959123,0.0881312930821199,-0.018031335245640028,0.002109760336752037,0.0005300315448586542,,0.0417294062381387,0.012748662841317803,0.0737390194339618,-0.00921360192779346,-0.007482883471336182,,0.09128318040854884,0.051097021912622435,0.031465155482110416,,0.05216379033438658,-0.024458783399707664,-0.024220072717701824,,-0.006248070821023593,-0.0017066964703235797,-0.012876277000825966,,0.05118852079845507,,,,,,-0.0153032862699404,,,0.011905462923221097,-0.005698232742248637,-0.008490475921157687,0.008470353016811493,0.010733898799341814,,-0.00015716832367779698,,0.04488926783887749,0.008273925998199153,-0.026385341376446363,0.018987475680253253,-0.018550115027440632,-0.034831533699992784,,-0.08173415425904884,,-0.002167242763318344,,0.030140971300430468,0.0031404789966373967,0.0583450251516809,-0.010521597449194751,-0.009401090653672528,0.03127853059061349,0.07272608747153429,0.03232068875546457,-0.014897783906089696,0.07235952687444253,-0.002913101121574776,-0.03692759250854755,0.026059031570242072,0.04351024963371199,0.0069692887349695485,-0.021192850600087215,0.029791163597853446,0.07948335673320257,,,-0.000616760755973884,-0.11454278983633522,-0.017410931697768018,,,0.01076832402210903,-0.026840172466733186,0.09841787070189219,,,,,-0.008090809421865335,-0.07357677071959634,-0.06174432157655055,,-0.07486486514292835,0.09268507518395937,,-0.01519067551038361,0.008861018189251878,,,-0.007177436086529515,,0.03902881408293398,0.07974462908480263,-0.008967465630567802,-0.13601001522399137,,-0.003821563576710799,,0.042551333391641646,-0.16877978489785395,0.06724039788309344,,-0.004920154124008497,,,-0.0037914832944056683,-0.016596178042731936,,,0.09057104342778982,,0.06513637092650733,,,0.03782462598466988,,0.0031955451318126417,,-0.05298418159788978,-0.04719130546073557,-3.18129315766576e-05,0.024256616472741938,0.010642253865929305,0.002559856145716845,-0.05445834544650469,0.012193291621359563,0.009039221717610886,0.00999718718649836,,-0.015992775121538995,,,,-0.010789066554990685,0.008603316469320237,0.07937784858950168,0.09103563067541334,-0.0007668585818568926,-0.03908055384932542,0.07882926094995878,0.08183691244247138,0.0022565829760897425,-0.0036995501066548458,0.010734985316846605,,,-0.04931840549276306,,0.00371468157791693,,,,0.005196364556674576,0.020632043984173527,0.028261248356793785,0.031108749254806656,,0.061387167985300445,,-0.008741557300353179,-0.014473240195087018,-0.0012217902247893696,,,,-0.0021189653737339665,,-0.06131270602779634,0.008925114784446698,0.014622307103540873,,-0.004734438734533088,,,0.020221518230865484,,0.006561939199251758,,,0.007800838817694493,-0.0005149529512696605,0.033020026971481355,-0.030616879281586098,0.007258875144055473,0.010756178485875205,0.06301065243506948,0.011021010165414617,-0.11609983761658851,-0.0038590056852096754,-0.0007809663763077326,-0.03363867694926356,,0.003998198389318081,-0.005350262595464388,0.02014676682892626,0.08909342818203451,0.03841475504561071,0.01696520223499385,,-0.018557791484628033,-0.003945184902464283,-0.0030807956397117526,-0.02824688693288509,-0.03214952890081684,0.01073591270791242,-0.02206251081153884,,,,0.03094661309475712,0.06087362833001773,,0.03989431340518135,0.03458802512543234,-0.0011085685959562593,-0.02100381766750604,0.002714339331797926,0.01718093028546942,-0.004457091527072731,0.030183382329150573,-0.011204768528028273,,0.07368858531087974,0.034666228363181895,0.011231773022694517,-0.0009885191195004965,0.023378315558303997,,-0.014827719311047571,,-0.036690592353111735,0.06507336070038862,-0.19660818202513555,0.03355697401486984,0.01818532157853611,0.042635159322857365,-0.0934565940355873,-0.02786310054236182,0.052154242950166865,-0.0035674296653440437,0.09342260269854118,0.011702015452214814,-0.015318329110091376,-0.009256523320333825,0.033767153673143396,0.04745864335606526,-0.018658148753995057,,-0.04109581850342732,,-0.1426415802618257,0.034002544387930135,0.07072353867501746,0.030326464906239067
2020-12-01,0.020903069648459914,0.014532163707734403,-0.004845846642832698,0.010697847366947759,0.007634084399158337,-0.15543077685356405,,,,0.15503215221987332,0.1582336415838282,0.040890408710595634,,,,,-0.002728777910794489,,,0.015155147781962646,,0.025513081379509705,,0.0075694821145599065,,,,,,,,0.058456846952853886,,-0.013526730074441003,,,0.00677966193980264,,0.009989965049463164,,-0.016592591757020114,,0.04085967575051866,0.0073579394754799765,-0.01037130618554439,,,,,-0.019344749913011907,,-0.013611483385824531,-0.020227861021483214,,,0.031159951769743396,,,-0.02127606399715498,-0.007190585411985881,-0.001498674188319556,-0.01305760878367483,,0.0015123825773147323,0.014939311891103367,,-0.055933102655658984,-0.024868506487488867,0.032081885975506916,-0.04794635077071745,-0.06253308287897062,0.017532327478345447,-0.09418474335203206,-0.04261981571801518,,0.036914862474625186,,0.07037346020297798,-0.01628138412502144,0.012258746801603888,,-0.0014656709210542761,0.021397593688440204,0.07485853488410543,-0.016419786194330408,-0.004654322197665827,0.0029498583944869354,,0.04159524010409263,0.004432894549600532,0.06676436657956689,0.0012438175748325103,-0.0017552235464354526,,0.0732659121975703,0.04577245977689887,0.027103571639696997,,0.04508407186405999,-0.024911254450544845,-0.019528589041428502,,-1.6480950520683164e-05,0.0041058343259221634,-0.005520343166425755,,0.045671865748333006,,,,,,-0.004945115749377287,,,0.008046615902820048,-0.011931458625681002,-0.014619353244023274,0.015100324845801077,0.019054952729284504,,0.006851629393574665,,0.047727375001655865,0.010720872018200177,-0.029019912166404257,0.01908424349380752,-0.02378794970128341,-0.03865040620162951,,-0.09088492317704432,,0.005213165601641242,,0.024953925581380015,0.01072560079857045,0.05136966714200168,-0.011772123124550343,-0.011300690841701095,0.025892863023612298,0.06460829583443403,0.027079508681109858,-0.014362502519694969,0.06194992074859085,-0.006341403356542475,-0.04078035573595584,0.022808357591291496,0.04200436802357851,0.007966449397459842,-0.018524182690749166,0.024467420287939825,0.0673023763321796,,,-0.0029109559296604816,-0.1248330651244766,-0.02080882191957793,-0.015077325876510657,,0.013739920925585953,-0.02596812309928668,0.08400614388243295,,,,,-0.0018237151791773878,-0.07871058587810063,-0.06668825225105204,,-0.07978154714018576,0.0747473799049472,,-0.006237092272323371,0.015600187393414127,,,-0.0080894523917465,,0.032261994972501706,0.06859247749869858,-0.010058841753101969,-0.14435952807175567,,0.0040124616150357065,,0.03435734809830358,-0.187104496242125,0.06280536156519051,,0.0016605598286732503,,,-0.013593799063322117,-0.020933690545588517,,,0.07582496989235611,,0.054897428228340865,,,0.03620402811712773,,0.0030864288247756237,,-0.052640465322847704,,-0.0032167277350930784,0.026776354998576724,0.006974291488426676,0.0006480054558283601,-0.054121443071356204,0.019675375622123525,0.016961034638200034,0.017268839094169104,,-0.018387064841292194,,,,-0.003486368010755162,0.008203244843163359,0.06629050009196563,0.051238524156472114,-0.006780722888029846,-0.04379190657695496,0.06997049984288846,0.07521173343408384,0.010921003466850189,-0.006624096532060661,0.0063654586692486435,,,-0.04559327695011989,,0.01087720079669632,,,,0.013466385695098913,0.032330966797833566,0.022919213243033504,0.025664940745294882,,0.05360460300259195,,-0.01058317613177778,-0.0043559654457920255,0.005961877074520379,,0.18080788824722427,,0.005782476570256847,,-0.06650128628531017,0.015956060479814325,0.025071266901589933,,0.0034479143043935224,,,0.014859029304959286,,0.013956358284069641,,,0.012313579529563403,-0.0014078724856949668,0.032474734949888354,-0.03212141461235678,0.013977287260871158,0.018907680583383487,0.05957446856331497,0.01467283901725519,-0.1261612904496126,-0.006240541939244943,-0.0033477119769079124,-0.03663568865113323,,0.012255526423733192,-0.01118262806683713,0.03228912657570097,0.07577338081308893,0.03366805521864254,0.019968260403953175,,-0.024003417900535746,-0.0023808313581823648,0.004511307544553249,-0.02857128326630851,-0.03374814191698701,0.011875969422608105,-0.018352341259037452,,,,0.02544477547061165,0.05292999608672359,,0.03878080224698839,0.026839017315114046,0.000525942246270501,-0.010920516057954415,-0.0004725438201752501,0.012875974747854558,0.00379859997749539,0.025316029035515778,-0.01157348253684519,,0.06398522649336891,0.029182000930182653,0.007520937586335525,0.002516312412042923,0.020196230381333023,,-0.013992574915329518,,-0.03372329168831548,0.061090677670207205,-0.20292257815469722,0.036953387382777515,0.02579227617877019,0.03412313168085084,-0.10207127838426362,-0.03125016356734173,0.04200340783750721,-0.0011978152502531087,0.07954376000439804,0.01553996940950682,-0.013885959696877823,0.0030371627677893,0.02714649011126997,0.048598228598281085,-0.02860816224035872,,-0.04292686391334287,,-0.1514872655472742,0.030593218841983145,0.06913433461329234,0.04397525706594249
2021-01-04,0.029558577995733862,0.012868356951963639,-0.0034897178052402324,0.014795833566887611,0.01253410565217672,-0.12899895505156236,,,,0.15049046506639152,0.16506982994177247,0.05237286050045902,,,,,0.0023762793651113394,,,0.019688788584354258,,0.0263291475722006,,0.011936627538848088,,,,,,,,0.06535044244325092,,-0.01742624775087995,,,0.0032358106377037574,,0.0019558603633872654,,-0.01832823722681194,,0.0422449815182833,0.017002126216587574,-0.012313644994452151,,,,,-0.010755907414234435,,-0.0029760752285346937,-0.015598247773149755,,,0.0279902074289969,,,-0.017633852335470355,-0.01290361994753822,-0.016860709007522928,-0.009407174671406088,,0.003735195772166004,0.010565947599058045,,-0.051436810999556735,-0.028375507868096676,0.03954255521741709,-0.05447354036718212,-0.04691911218376985,0.026110065701450465,-0.07306483459873132,-0.040878751341980026,,0.016544533612017923,,0.07901996469656374,-0.025057844929986178,0.016992144203659878,,0.003222505357468935,0.015764427763729345,0.06704117054788063,-0.012328492827985855,-0.0014452418556501684,0.008871512529820281,,0.03932267577414881,0.018204060183642654,0.06547552547455118,0.008585669457075899,0.0032254237047769745,,0.07044867346807782,0.05250273842100482,0.023315592225882795,,0.05443795023175475,-0.028084561046109617,-0.026536601699299257,,0.0047349451875032,0.009050443036918826,0.0011823897905990988,,0.05288323543122703,,,,,,0.01221990649716244,,,0.01771935989763557,-0.017765342741898418,-0.020513677831520173,0.01958710899860467,0.020943716227246986,,0.012567178489989242,,0.048711465736234756,0.01613357621397442,-0.02188791250077272,0.022250083677494016,-0.016107252492365328,-0.030377079305106112,,-0.0692110268181974,,0.01058224723519153,,0.022163953016173885,0.014938390327632212,0.047545510175406716,-0.015136748855025153,-0.015090158903340953,0.022334377253789447,0.061618923783732404,0.023920689450754942,-0.016239666628571247,0.05761017898312067,-0.0014162078152463425,-0.03227853433335177,0.02426887682383811,0.04410391215575903,0.009950025958493345,-0.0166060492947309,0.021790749533157298,0.06091906676391134,,,-0.0021833099824510715,-0.13389457486613066,-0.0243270048778449,,,0.006802824031049633,-0.024632121540626096,0.07791282304231738,,,,,0.003795106563107108,-0.06357842389123707,-0.0645563997843971,,-0.06063146029749279,0.08548793072315772,,-0.0005924187694716953,0.018842241869482905,,,-0.0034656585883989653,,0.027342454427824247,0.06371682690098754,-0.013908243584375032,-0.10542865858511913,,0.00913006083234996,,0.02889679078913258,-0.20418729319421294,0.05963108352841115,,0.0077355652817753355,,,-0.0076669383114387835,-0.014049912319263447,,,0.0718781244309583,,0.05351360562760419,,,0.03508107778291225,,0.002352748858041558,,-0.051733308357434615,,0.002415732632637456,0.0282283251597726,0.016366086554741196,-0.001188026465122872,-0.0535563128305843,0.024127896901931654,0.021942419147867636,0.022027551006711464,,-0.01639193689554523,,,,0.002372186014787971,0.008453298090903364,0.06312777242440643,0.0649829853536101,-0.0006774790828122113,-0.035809910916047995,0.07259113206613889,0.07739643474561932,0.015053704298609808,-0.00779836741887342,0.014719448185769361,,,-0.04725510683135648,,0.01557887591691164,,,,0.018343373126261345,0.03522372357488529,0.019255533322237516,0.021893349764658777,-0.05696518486570054,0.04998598635424373,,-0.014944564631701086,-0.0006408276760549598,0.010535174022825127,,0.19810567384687133,,0.010708741186063308,,-0.06440885641614358,0.020513973740761023,0.028502342432122397,,0.009484213565186994,,,0.011419308283561443,,0.017791195561476666,,,0.00994580264313547,0.00273940745735943,0.03362967855386246,-0.02546352874992515,0.018432771452053583,0.021328822824284006,0.06463833900473838,0.015063449631099297,-0.13496431823413982,-0.008654686121368996,-0.0021211515242080575,-0.03793699384730681,,0.016953471775454833,-0.01796510588137351,0.034742520360906776,0.06728653565157058,0.028059814573824338,0.019784294182160836,,-0.015574558686497021,-0.006080976468142724,0.009610678624450742,-0.026311564075805947,-0.035378245876280516,0.01382076701959891,-0.017999438743378636,,,,0.021777258637848945,0.04955872264111424,-0.015172152407720152,0.04321322350842509,0.027401100714096186,0.003645563712330595,0.006909446007103866,-0.003278722808945687,0.011571086527223223,0.008618226633002444,0.02231452627624345,-0.014966177863823807,,0.06041647089064834,0.024941460748325234,0.016395018609304087,0.008905028655609687,0.023595590627796096,,-0.016083539562909168,,-0.03898185625599099,0.04980874159512772,-0.21466135892313074,0.03438355809142123,0.022099731847650517,0.03199428900141331,-0.11107016256085533,-0.03557324141674169,0.03584188539764311,-0.005679507563959754,0.0694291391989181,0.014119818761554395,-0.01127351733103015,0.021554958476498236,0.020838983471057202,0.05217244157278236,-0.028441360650037086,,-0.03831472233657952,,-0.15438504123790886,0.040655525944368956,0.07345558042850747,0.04367524281815313
2021-02-01,0.023296605568354257,0.016837667998928066,0.0005994502530239983,-0.0007012855499444823,-0.004338799396132934,-0.13028984410017658,,,,0.18878126364935205,0.1976336309716354,0.051422529241225805,,,,,-0.0040055730976326365,,,0.004937073572612201,,0.017740893302809268,,-0.003624731768188037,,,,,,,,0.07631542802353791,,-0.011758793520895476,,,0.006700463980286475,,0.0048648596664987815,,-0.015807280876798186,,0.03301107401553796,0.01033577159855775,-0.003323512941443916,,,,,-0.0243419598995729,,0.005647397628356219,-0.00895026277094566,,,0.032220843648762966,,,-0.003511223707047831,-0.006610924589916554,-0.00040388923427289974,-0.012090859706809379,,0.010221715547821607,0.006643815326692855,,-0.02822337325790517,-0.007616230697101195,0.037561115314261394,-0.04900905819961366,-0.03223924561334088,0.037547696131063873,-0.07957691095498585,-0.04716701920836032,,0.01196519528966482,,0.08407524401487303,-0.00665398342896877,0.0021044081139809496,,-0.015222540991243236,0.013674515121017375,0.07430630082079533,-0.014811293573841307,-0.014554476442386544,-0.003685702915814609,,0.03625315980294074,0.004046457489024092,0.08162275942989046,-0.009177074010475695,-0.006851837498707306,,0.03668036989311993,0.028200364338199474,0.025036302589638064,,0.038348520744530705,-0.031238836872524788,-0.02321177647876358,,-0.007794924027404917,-0.0025691070990721027,-0.011364146746340033,,0.0283549171481081,,,,,,-0.008363903988560316,,,0.012207967642700256,-0.007388681133211683,-0.010090115013161939,0.006205964166498452,0.014388256921758618,,-0.00464641668649635,,0.039128269616642536,0.023834292385486802,-0.01170980001993848,0.0288835728993021,-0.0027435982934201266,-0.0163464717014556,,-0.059224517629969366,,-0.0071108323907751875,,0.027231228535332042,0.0004702095873859439,0.05222206359058954,-0.013610661715693003,-0.014150391765812814,0.024316585373183663,0.06009048595570815,0.028001862376243646,-0.012074979876091397,0.061394282177994385,0.014130636490714898,-0.01729709634385103,0.03972510892629036,0.05376269522316104,0.018143358017899992,-0.009557609800683094,0.026685750611657295,0.0638840886199227,,,0.001601685693095443,-0.12345043787394523,-0.01847959015170019,,,0.019079694146518875,-0.0266380850329035,0.0841549617142814,,,,,-0.008328314078552244,-0.05144555938511664,-0.053587233304810966,,-0.049748315605572996,0.08154724457338881,,-0.01955159746311133,0.007935818223647138,,,0.0058566961742136095,,0.030859048175641307,0.06793701650612922,-0.011809866646667335,-0.07366122652560743,,-0.0070084470050708215,,0.030382625315652795,-0.17708925328094177,0.05021988298978107,,-0.002201655830708993,,,-0.007377664206666999,,,,0.07934520871943158,,0.062261078054144464,,,0.04300381315947955,,0.009468340734409419,,-0.045154330021490476,,0.017490006838046253,0.03640005995364097,0.008052096958913343,0.003985124999150784,-0.05312266598677257,0.008032930343372005,0.004741147011252231,0.006924651404966086,,-0.012660364470615292,,,,-0.010897412305517419,0.01700431950568859,0.08556849915483487,0.05522494780954635,0.013813415398280005,-0.020201446433214174,0.09223850322564643,0.09534821857623463,-0.00028770753845830654,0.00012757400380299599,0.008357160181191042,,,-0.04555854718015577,,0.0005484859849794498,,,,0.001568438058811798,0.022128798626832,0.022941794937225247,0.024392473104711144,-0.04844963174321534,0.053942185378341743,,-0.013570993307822325,-0.01778592712632865,-0.006748238969635514,,0.23470666893747708,,-0.003378208472678505,,-0.04506399284879081,0.004929506523602816,0.01355635818156333,,-0.008669917580997602,,,0.01671028887996316,,0.005701516680144714,,,0.02184726585604212,0.01587719781916652,0.04512933243156365,-0.011918046513082032,0.005014036412447657,0.014323530962286356,0.07495690961570733,0.007453351708031054,-0.12389531327043933,-0.00014864491637819045,0.0023455376096254968,-0.0293049240207332,,0.0003066772584626109,-0.0068962191918947174,0.021531350929371463,0.0753485142779476,0.022736042417932815,0.02009099750807599,,-0.0024649925774669,0.01007881877927457,-0.008922309087663461,-0.025774909143504568,-0.036779753262628036,0.020737456547630772,-0.012880578705406773,,,,0.02425919368262255,0.05360675585998344,-0.014398540132672336,0.050873066347867396,0.03977172220055238,0.010266748277566306,-0.013359890123880853,0.0010423711691455416,0.016554914200251052,-0.006886111514794211,0.027770456102950692,-0.012677164832224676,,0.06562688721047184,0.029098709797671665,0.009338761315078867,-0.005749617803105079,0.040541353934665056,,-0.014743559643485305,,-0.006933122499392168,0.06850499115814548,-0.19453200577111773,0.04108709747479833,0.03226779584572306,0.040742327098465,-0.10489861951362364,-0.027029142982434532,0.03620858330048686,0.008902920477930135,0.07544983652177309,0.007017439114937824,-0.015704043551877933,-0.0013227745948188924,0.013269012424156384,0.051605616166077235,-0.003599013870641822,,-0.04273122169466223,,-0.15411175628053714,0.055457864017559186,0.0953624759002366,0.03412921708331499
2021-03-01,0.030208732594705395,0.013895364943723846,0.002651969252349755,-0.011190470812227635,-0.013480697999950669,-0.1313379123336542,,,,0.20190720690126568,0.19561744476287543,0.06126232466957394,,,,,-0.00416611416015751,,,-0.005206573102183766,,0.0005638516573968201,,-0.012573698472587908,,,,,,,,0.07455800833396926,,-0.015216972617520075,,,0.001277118030076333,,-0.001630978393085844,,-0.011445783079349974,,0.009169828895431772,0.017477043302131817,-0.003020574408021752,,,,,-0.029201485121970253,,0.013418191107719735,-0.00893574044485885,,0.020149890942222005,0.02414537262074737,,,-0.005729616111582041,-0.013146865951325467,0.0017217289013505615,-0.010853823602743624,,0.01136393119442971,0.003967477500210636,,-0.03044762387884248,-0.009056290401447594,0.052913871503788165,-0.047494541161035395,-0.04637677831395625,0.0571168649339638,-0.06773014413482388,-0.029528264944747046,,0.012851569098241762,,0.07492249270552007,-0.006273507704722798,-0.007584634676232173,,-0.02298643095267462,0.00314037088897349,0.06634169434605183,-0.024471952127602375,-0.020285434253703636,-0.005617070782647686,,0.03517216164756981,0.0034452561593210267,0.08244834986546806,-0.01587627164808125,-0.006978617759320921,,0.023337157976272706,0.016786969400781893,0.01755601981057157,,0.03955285110031722,-0.032782698976046666,-0.025233815403942934,,-0.012501520897347199,-0.006424990385163352,-0.016178530659117594,,0.016855255898736394,,,,,,,,,0.01896434664160739,-0.005720721623775976,-0.009828084935570476,-0.0038610925662113755,-0.0009376287698993942,,-0.012054052450344716,,0.035652771080395274,0.029169784403304637,-0.00667309890902472,0.02873808408520548,0.0061215167350791135,-0.0049393825876444955,,-0.04637903669280994,,-0.014113428008130124,,0.021959568841985362,-0.009571998140445112,0.04270556280408874,-0.016588820744400136,-0.017934190813821357,0.017440824527684397,0.05055481213377906,0.02206004722423333,-0.01644783776553905,0.0536758281215987,0.023298963688432355,-0.007269302502988815,0.048129421840334044,0.04917752422265147,0.013490678415731244,-0.01436702414232888,0.02145928294303082,0.0548024409830221,,,0.004148207487990706,-0.10892993174394948,-0.023699896899655383,,,0.020138804425087045,-0.04264122485740918,0.07387883280014765,,,,,-0.012574188948086627,-0.03753044756473959,-0.04005456067035784,,-0.033269396716981536,0.07494249556545912,,-0.02751437107673697,-0.0036448949896606734,,,0.00794963591292005,,0.02345289999768017,0.05660128991011217,-0.014405575135269064,-0.08281025798610421,,-0.014947250174376479,,0.023649976721192616,-0.1376595682862627,-0.0026946655335996104,0.24110045912679717,-0.008832532879108311,,,-0.01234000001554126,,,,0.07111014844267972,,0.05635575308038825,,,0.03456049277922819,,0.0057567064641292805,,-0.058511294229347026,,0.026220040328890325,0.03418261131973998,0.012518081539982602,0.008139852437970411,-0.06880573499228693,0.0012826355833288534,-0.004187908901857174,-0.0022142114547445903,,-0.016235527551525228,,,,-0.016491322947625554,0.012829674536588452,0.08234953100945176,0.06856395163592474,0.01902607708186535,-0.008781938380673968,0.08906035669352343,0.09439849015957873,-0.010367980939812857,0.0019630092484985194,0.012381485277239927,,,-0.04955764430092028,,-0.008177881839395629,,,,-0.008502174608774365,0.0028545942581484356,0.016420463351624056,0.017317844586217778,-0.0526028610387844,0.04399547613729917,,-0.017346609611224646,-0.022172079433200445,-0.012973948335608412,,0.25428480788942404,,-0.01391627273469916,,-0.02905743451912166,-0.0028798882663911528,-0.0032792538268358496,,-0.017392545795817116,,,0.012940488800469387,,-0.005286069601670796,,,0.021644511463977785,0.01989807644939249,0.05008222507027123,-0.008355622954240326,-0.004871831034148375,-0.0006813970383565945,0.07550239191756179,0.001333439586388588,-0.1062619626819734,0.0016729608461368646,0.004417872891549342,-0.02745230332055199,,-0.009628474757460813,-0.005685007812314903,0.002314860791156775,0.06682577638322172,0.02120143057835667,0.00929138703881965,,0.006924933455370607,-0.000559771003039322,-0.015939791631991083,-0.04050272628736917,-0.0395478609339838,0.014497222628293853,-0.01993188847523229,,,,0.017143713729444527,0.043666714610619786,-0.017898389112830405,0.0462179239441578,0.03291845422297163,0.014523193242969405,-0.03823936170855628,0.005071785451959823,0.01433336970717849,-0.015010393952252229,0.022104916315802258,-0.016052319324968745,,0.05520044384384398,0.022080977223554298,0.013308381417180014,-0.011956947868982245,0.044547313602198955,,-0.018730531731361855,,-0.019492116105141063,0.08414428403262657,-0.1468840507424014,0.02570814597516968,0.03024334799036551,0.030316785903815195,-0.08615101729487332,-0.025332116525772583,0.029431304843508057,-0.0043180916831718355,0.06603412616240237,-0.0019834814825421703,-0.03455260789472045,-0.024867191912764243,0.009811391788418595,0.04816474825219581,0.024331633613143375,,-0.045845583931904015,,-0.11001157016627387,0.0774796215592464,0.09924110454432741,0.008011006646119563
2021-04-01,0.03444860522666758,0.012713882256462753,0.004466931139438604,-0.025906442855595176,-0.027038339630911096,-0.08806904921306352,,,0.1332535585715629,0.18330017553644798,0.17464220761822033,0.04352324573140695,,,,,-0.004129701471661383,,,-0.021490492752144656,,-0.020190334206852917,,-0.02619973889729251,,,,,,,,0.06252047449119218,,-0.014805872813447469,,,0.0013138726666559015,,-0.00033135896451675446,,-0.005062909375523235,,-0.02108884893763126,0.022429519328456674,-0.002048091979730941,,,,,-0.039871712112906625,,0.0124878080399807,-0.0038927572763752228,,0.023483761394293038,0.022223297306211292,,,0.000828539225832288,-0.015323468784471427,0.0007511971319328095,-0.00778199875777831,,0.012900662808779512,0.0012963717739953187,,-0.03907309847099235,-0.013308370998010969,0.0573910136430168,-0.0362025412337029,-0.047751342133570435,0.06679571368666705,-0.0636576081277525,-0.030140348244859946,,0.0028796283602354556,,0.0624791494792631,-0.007454429184449298,-0.021421104119089145,,-0.03363042934088858,-0.002970756836221463,0.05881245055001084,-0.021363416015317372,-0.026876085043360497,-0.01835502875420872,,0.02489809368202216,0.010502241141155663,0.07137576605735582,-0.02656556445456421,-0.006778672621374803,,-0.0026124630383878205,-0.00836215908497697,0.013947214053048754,,0.041570127062256726,-0.02535118875987275,-0.022856723572792413,,-0.022009433254891565,-0.01706095171047745,-0.02540404954510778,,-0.008081429148899451,,,0.16953283357335489,0.15631868785388836,,,,,0.024441216840538973,-0.006917005818696959,-0.009895994125005874,-0.01838021242196375,-0.01847937605639965,,-0.02493598610064312,,0.03285838748233272,0.03513081518592372,0.0067897689745471165,0.03224024487948946,0.03231219202017674,0.024156982454173158,,-0.04749924977404174,,-0.02639056540401385,,0.020673554488747903,-0.023935394961345485,0.036798209272144736,-0.012494279339066909,-0.014433864569674451,0.015555636383974128,0.042046407096107005,0.01935723003547658,-0.011741316065939174,0.04424391310929984,0.03845521559386036,0.015546481558076055,0.05591239551464542,0.040524955091163904,0.014971745406832717,-0.005640278918763873,0.020458226784564493,0.04482375770632697,,,0.006070823025929387,,-0.022634126763407002,,,0.02073730110942563,-0.04363760030717112,0.06598678760975772,,,,,-0.022311112963139396,-0.0167810362049484,-0.022841688349814405,,-0.007408332081671267,0.08397479444209709,0.1455478887757964,-0.0388992953509815,-0.019747313092098238,,,0.016820643742405234,,0.01917389924690375,0.045135452134742446,-0.010726071976058491,0.0012416543869438758,,-0.02804629931504724,,0.021349533822206907,-0.08243273732853698,-0.057115241241974195,0.2291202641761225,-0.020398068950082213,,,-0.006593520705257304,,,,0.059483987432380286,,0.051617942367085244,,,0.028858107084484233,,0.009900626741457167,,-0.05254723885851645,,0.038660523739560165,0.03627366368354146,0.018594683619281942,0.008524539179899043,-0.06262444964479996,-0.012573698813060516,-0.019650691325598536,-0.01842089550563269,,-0.008858572858876422,,,,-0.025513239306509214,0.013965425739537993,0.0743960554011866,0.040736346646122204,0.04029639006075653,0.021872280930841197,0.09100009525633813,0.09427429223046543,-0.02527198629324027,0.002980608747519443,0.015896268567792228,,,-0.029340409190119095,,-0.021647839315373205,,,,-0.023449675145494512,-0.022942081873058958,0.01585570714106823,0.014807563653577759,-0.028988127411707088,0.0366683009556881,,-0.013483386930755131,-0.029969329300191905,-0.02418587153485602,,0.21186412730784626,,-0.027765127310881186,,-0.01676178786199051,-0.01653300325326004,-0.026311133933075718,,-0.02909087497626886,,,0.010906751906855541,,-0.02069568287911775,-0.023292774720709536,,0.023079936754726672,0.027834234513509897,0.049662504653466825,0.007114432930431846,-0.019649099726663562,-0.018451555032991913,0.06931758255793838,-0.006946682023185317,-0.057646245672553525,0.002437205643842641,0.006836051571941681,-0.021577775924739778,,-0.024475500619504712,-0.005986517111432168,-0.023251693982943602,0.058849358346436155,0.019300298386325798,0.002773398869022424,,0.03191278293972609,0.0017241806862419724,-0.027716002878632635,-0.040222248070539285,-0.04387100317757803,0.014277218044926916,-0.009375418221141317,,,,0.01466595489329581,0.03629892713410139,-0.014055039982427514,0.035991571014800876,0.02867378978738848,0.017867193524414075,-0.03989752151254407,0.004999215521814825,0.014009282987715078,-0.027400969688466687,0.02074008426175046,-0.01051262774872987,,0.04350375508401422,0.019487386512940304,0.01761049780895141,-0.028509725807419537,0.045904168466576314,,-0.012600628197062291,,-0.009253170410932517,0.0733987126204931,-0.08497935391186821,0.037133662988027734,0.02971525611471486,0.027249032676264915,-0.043955688860695584,-0.020103584021564466,0.023969627529622187,-0.005229830290875067,0.0575706886078153,-0.012531050499487285,-0.03625074396186267,-0.0283425823518576,0.009842840710397606,0.042717698752567757,0.033004218878123,,-0.0362518485753257,,-0.035254056215704925,0.13610848852904717,0.11001355862484395,-0.023050610392487535
2021-05-03,0.018625087849701422,0.009311149913258782,0.004316092465598131,-0.053269441380797075,-0.053139219778522935,0.04069006234602311,,,0.11562304706267339,0.13381203143690332,0.1399867037183323,0.01630130353543394,,,,,-0.0040610782923280134,,,-0.04832793109706935,,-0.05366935283239528,,-0.04873172169839333,,,,,,,0.0531832585332036,0.04790683195019347,-0.004057356569255724,-0.011336478493563175,,,0.0009680418916334304,,0.0020000474328533352,,-0.009220867242494784,,-0.08259793296031182,0.016887507883446493,-0.003431145097694452,,,,,-0.04512775244838268,,0.04796904899665297,0.006000111838707569,,0.017831961319350387,0.015968652806833183,,,0.019071557477040556,0.015560752195938374,0.006180618537019325,-0.010118882532187986,,-0.008762298438298384,-0.018549570635801566,,,-0.0008715329769043759,0.040600810778104096,-0.0179601359458958,-0.005327646327091312,0.04468073438477845,-0.02235793026173298,0.02293742433495672,,-0.02122566407981068,-0.03839052108436875,0.04190594054640408,0.0008538436101017675,-0.04931113075159863,-0.0045228741663788435,-0.04912308721939712,-0.007026188971678961,0.035652277048981565,-0.01449174027093697,,-0.04934852594117963,,0.006524999100286908,-0.013445858141185374,0.05613268052130878,-0.05957950188505282,-0.006887570567423978,,-0.005774846632189011,-0.044550740889455605,0.008199565225033456,,0.012220660530994626,-0.017764542032006413,-0.010346117351594027,,-0.03165104057016694,-0.026486833147402272,-0.03158975048607762,,-0.043254316861654145,,,0.13917396232607143,0.11362868165049986,,,,,0.02009327598296172,0.0003202014804108377,,-0.03551004713516258,-0.03778149831422416,,-0.044483468775872566,,0.016298663741905632,0.042758672984037745,0.03261537866644192,0.032555097795783965,0.04392041939855493,0.04822451683321848,,-0.006044534511901508,,-0.05022639216453835,,0.018157571024746827,-0.04883265762478231,0.019161804995623147,0.0009648969209437797,-0.0016143834536533961,0.010323030590664176,0.020952283824541885,0.015463270241853613,0.0032843396005794155,0.023743735155861697,0.046881018861757114,0.04096246322805279,0.05104702283195551,0.032536904196681773,0.02654589664957289,0.020417570591264686,0.017049126618685073,0.022402704986289265,,,0.0071911278042515675,0.01926648409043402,0.005731465467887383,,,0.027621880570095698,-0.02358139172766981,0.03985446970128985,,,,0.01813642052524524,-0.029363712161268887,0.037759017058923254,0.02793205026523965,,0.04713945326130509,0.05085429802435169,0.11413183628393848,-0.052073271044997246,-0.0405353824374197,,,0.031077295738963322,,0.01197103427041489,0.025189609216068456,-0.00440188466609829,0.03492445882484564,,-0.05057524177291668,,0.009569463704420649,0.05486222918775203,-0.03646623871240468,0.18439810173038612,-0.022796633996952847,,,0.018117203950414093,,,,0.03286741751233793,,0.03499097550031878,,,0.023418748052614072,0.028130534485918735,0.02013179126349657,,-0.020622008172173162,,0.04910766765909285,0.029559776778684786,0.015428107883539172,0.00669073962806851,-0.03204618657812799,-0.040358248362783324,-0.05315315290515679,-0.04658225790200431,,-0.00030381506938804097,,,,-0.03292352718797725,0.023030960240339928,0.04727027773158201,0.042491783873774065,0.04174323904490083,0.04596955388429586,0.06748019152880486,0.06975505700099273,-0.05270726242728292,0.0035263457836385787,0.015133393877463057,,0.07707377626965282,-0.011599267030361264,,-0.04004078170244421,,,,-0.056194770701931934,-0.07447159764634537,0.012461521051179501,0.009993646249599078,0.00882751465210819,0.01816790643637793,,-0.0018891527801767898,-0.03260631094840774,-0.045811778163186684,,0.18224284917629763,,-0.05013147421758902,,-0.007472453465936118,-0.042956560157031955,-0.0721623655311244,,-0.049003548626084435,,,0.00927848567177023,,-0.03982126593790627,-0.020908033798767805,,0.02713179923697845,0.040309117312454464,0.04654169179975679,0.034241332204753616,-0.03662068893464009,-0.039413365575441305,0.05659543503385167,-0.022981297065544234,0.025816395647290585,0.002968839277803867,0.005123922480702765,0.015765525380781013,,-0.05673247472603632,-0.0003705892485418495,-0.07510630035772886,0.03638466663894384,-0.002563945130963918,-0.004179855465777776,,0.04492597663787099,0.02001014678862997,-0.055462714924506794,-0.01990689445540861,-0.02099019772451307,0.024035186350461677,0.014561049736611263,,,,0.01037393518702633,0.01844842150080994,-0.0011610025870037685,0.03194106619018331,0.029010864454712768,0.004012963288682049,-0.043437495330430426,0.01828271627685735,0.012091748897415327,-0.04933513303599594,0.01822104618547966,-0.0012047109187954023,,0.026666589154703945,0.013679528096076822,0.01601272283120306,-0.03374487158382709,0.05371250113683103,,-0.005820354425583326,,0.016455432469777688,0.0402239238182215,0.053480938795079175,0.06328654315164249,0.029356989524725156,0.025477919267800405,0.03138258186858869,0.01378863509320488,0.010034440057979621,0.01366102570538272,0.03309946512713686,-0.028625994964231325,-0.027117196944606996,-0.036074896551294686,-0.012665952926893851,0.028151598949454598,0.07055883668632094,,-0.020601188166683094,,0.0646008914504937,0.10656085705214262,0.08259506521096446,-0.08688402824362416
2021-06-01,0.013399754425097868,0.012148747483648876,0.006446096623866706,-0.055360915501020284,-0.05304003049067142,-0.020259244595732993,,,0.10806615348936835,0.11413143760580603,0.12598637902638066,0.012396175296594213,,,,,-0.004198175987791,,,-0.05246431509694184,,-0.060314341394352634,,-0.051824615983902686,,,,,,,,0.04533424557014095,0.02515638889313493,-0.006461827003030126,,,0.006568667423259394,,0.008256955725163268,,0.0033700447289281912,,-0.09389149317411602,0.013623535479180276,0.0017803733698945835,,,,,-0.04835507780450298,,0.045988962823450996,0.006401206107618731,0.003008564395986766,0.016673466877365692,0.018606358746531982,,,0.02025482032310597,0.011339503578981336,0.010820452695101916,-0.012946228008155878,,-0.006256912476696743,-0.011913414671177005,,,0.010134739388666464,0.04683189159974291,-0.018501827703731343,0.012211087250191613,0.04327118829763099,-0.015555631319293212,0.02587641687494494,,-0.041170488192778264,-0.021776620901741216,0.034021649178383975,0.013852840721628946,-0.05142383089287267,-0.005173400796748451,-0.051411715524438545,-0.0007042847599569932,0.037940504772156665,-0.005424946733801137,,-0.04485219052660714,,0.0005295843924358112,-0.022948203220785557,0.05639012286579115,-0.06475581929028258,-0.006593924809430414,,-0.04933793524446249,-0.04908041214754321,0.011151843091918646,,0.0048709285145546845,-0.020612540469375575,-0.004417574861905911,,-0.02985782571433801,-0.02423706670686126,-0.02693696854166904,,-0.04894170923365818,,,0.12244152534343437,0.10887323923058534,,,,,0.017937584056397737,0.007104280688832215,,-0.04193522966383821,-0.04340446159829377,,-0.0458682650482818,,0.006675000702534307,0.04928178261597099,0.0382446225635316,0.03194704197384999,0.044808446194864716,0.0510276191474957,,-0.0029902126824568275,,-0.04955665675624777,,0.020790703470988756,-0.05143295546258993,0.021137140500483244,0.0057456838593472484,0.003030352541842911,0.014272551975993515,0.024627203311111387,0.017974692943367638,0.008607295120272246,0.025802530974057773,0.044146214468640435,0.04505555638470201,0.04069794803692025,0.026651595173970068,0.027539016122740005,0.023946694214513585,0.019793600587968727,0.02492897517910428,,,0.008544134767472053,-0.01178126997887207,0.014565153916313212,,,,-0.009033056210843795,0.04435320508094394,,,,0.03622384380531583,-0.027773011732538738,0.03479427287422867,0.03144887224271043,,0.041857167719553036,0.03268228615117894,0.10973999203900321,-0.05159700981716657,-0.045481790582944534,,,0.03318795656409959,,0.015326677977066895,0.027352435393550912,0.0011507769975100733,0.047085021778872596,,-0.041983155849605165,,0.013289250474755437,0.007966255208447286,0.025425946220867378,0.17638370616167845,-0.024843748301897027,,,0.031862087982143905,,,0.15507091647513482,0.03395287993360716,,0.035321226434013246,,,0.016552538256373397,0.03133946790538552,0.02321235399880127,,-0.008334637425010179,,0.046527966561291635,0.04182061185391916,0.01232887535876009,0.011916309667259239,-0.02037871216861443,-0.04138623215961851,-0.053504011086659,-0.048462668962204636,,0.005893965718897731,,,,-0.03053903085603634,0.02487777631225327,0.04281372162347626,0.04351929998090549,,0.04872840585962231,0.07428467965218019,0.07892437978081938,-0.0542325746781827,0.00713808205612299,0.012464009047687123,,0.07973762516115057,-0.0032150635647744466,,-0.044260722217570984,,,,-0.05733009788187746,-0.08341707455138839,0.01625904324023112,0.014525746722226333,0.013408639902574553,0.02043992541022556,,0.002862440323639973,-0.03459069423393799,-0.044228042269271226,,0.16864790668002957,,-0.04212525104941122,,-0.02005598910157074,-0.04537000484908302,-0.08038158535837475,,-0.05242570594462527,,,0.011866714792250401,,-0.04398744432914613,-0.017332071087429936,,0.03006104702204592,0.039112887150303415,0.037006024226239685,0.03914117448040191,-0.042967388278987925,-0.045497944680538055,0.057325695728070974,-0.010998012564187268,-0.004667366491050116,0.006847509954151728,0.007592701804752019,0.024052119741220228,0.040448550595425035,-0.05840722814856899,0.006705368627706567,-0.08335628119963148,0.038642306136528304,-0.008303183670416334,0.0018812264927008469,,0.04547646546748003,0.031075637020266788,-0.055404677257320116,-0.006222851418340871,-0.015844086620488036,0.023894389574350812,0.019615835085305792,,,,0.014528471438130191,0.020813280915834835,0.0030584760054834697,0.02775805756626495,0.03208548676089086,0.006021890375106495,-0.027467063029880404,0.018451950884794868,0.014996822666421886,-0.041963966958512844,0.020891519592013595,0.0044470579054944675,,0.02826698236098504,0.016786424028569117,0.014294766849204835,-0.032749168237188306,0.05036097781066879,,-0.00023570761140538987,,0.026254341291932794,0.021007710429323093,0.013482345461007246,0.07627597709122809,0.03210048304312223,0.02810054698587221,0.0035880744557732413,0.02276073894054203,0.012791616200342549,0.026909368072689226,0.03698078540626302,-0.016072659091559586,-0.011626944014862266,-0.017455442229416963,-0.015444712259255831,0.02729730721893196,0.07093359165904517,,,,0.009436863049060419,0.11968929996049762,0.07545925518917601,-0.10023532048728662
2021-07-01,0.026530748143424845,0.015548621024011501,0.010859119414044851,-0.06087754955518231,-0.05305191891754953,-0.01695590494200267,,,0.0937190103849629,0.10609838459331589,0.1133499243479073,0.030017664970583672,,,,,-0.003929905164079063,,,-0.058705527428877684,,-0.06620582757367896,,-0.056499549631473245,,,,,,,0.03648556940051672,0.041859934929973266,0.027470499831547045,-0.008298904636749076,,,0.010128210330009569,,0.008324104580598101,,-0.009122837786910015,,-0.09624801704344471,0.02416913157043316,0.004083465468494699,,,,,-0.05570144460996775,,0.051953240687326735,0.015802258227836402,0.005438456816463608,0.027932259201959277,0.02169306322725712,,,0.020083404044522454,0.018351420494692565,0.008273619300098678,0.014323189934505206,,-0.015705848258309195,-0.005708049641086266,,,0.020054056752432624,0.07057319412044753,-0.009769725628451154,0.017401562995161473,0.059528569850865014,0.0029400861779965357,0.02884670200695261,,-0.05707152513123415,-0.015391093554793508,0.026120172603041034,0.018911643919888976,-0.05699695280175221,-0.005441420230956607,-0.057416633792836215,-0.0008147976773167751,0.03633117049927313,0.0006719518125134639,,-0.04542598400248185,,-0.002929492822810878,-0.015114093258699973,0.04952593785177516,-0.06620388498884132,-0.006450257987302536,,-0.042651555268994244,-0.04744288289024773,0.013611960279918872,,0.012133452162339622,-0.021206117293435175,-0.004639592264464346,,-0.037044621231676844,-0.031429779802884285,-0.03264491470607838,,-0.04792691047299402,,,0.1046626529724248,0.10125617066186444,,,,,0.028168422800907762,0.01246702394885907,,-0.04984275660754978,-0.050938113556930245,,-0.05287221033533282,,0.017477389773721447,0.053305953507068404,0.045810549872738145,0.0312308618932717,0.0491512527405446,0.05924911686681797,,0.009387946319312007,,-0.0556791398261423,,0.02320135006830282,-0.057344410009328356,0.023010464353134478,0.01236145978747484,0.00925816566518085,0.018146897433394763,0.02663091479180527,0.021400486449051084,0.01483657998843167,0.025386853781429165,0.04489412050861013,0.05292949232241294,0.03644631003851838,0.023423080019501382,0.03007966053103007,0.030808746369859846,0.022978622090732457,0.026276587974083478,,0.04801030783758278,0.013255783159323856,-0.007749328362527344,0.02471284132110289,,,,-0.004399316352976754,0.043726649787760336,,,,0.03842566911748629,-0.03498245695104303,0.05061800128995794,0.05309674375428028,,0.059654305534808584,0.023727262633199037,0.11990252910675052,-0.05158896518843588,-0.05318829814749628,,,0.036454537877371206,,0.01881241328118702,0.029145519551684054,0.006333279163428915,0.00964405152930524,,-0.05253521322069773,,0.017349737776851212,-0.0007521937297792069,0.049116527902938044,0.15958292817229572,-0.02829064106936761,,,0.015682805525317197,,,0.1501464735131757,0.03454852394663244,,0.037373179698082584,,,0.016110272878646813,0.042576395910722924,0.02916365151349092,,0.0006270260685720709,,0.04862946700552878,0.0474883129600656,0.021766706787440554,0.015713996807512853,-0.012148915433538849,-0.04337342177735785,-0.05938165927190797,-0.05388333098673537,,0.012311450564314345,,,,-0.03613090384027185,0.02876096590560773,0.03343010573011507,0.03075573670626441,,0.057112969058643624,0.08228326885674102,0.08333226685412377,-0.06007027747944152,0.010839632294856922,0.02177576970490647,,0.08167333580002246,0.004620157914425627,,-0.051485100419872525,0.036520405727680956,,,-0.06233282037162446,-0.08689637725616363,0.019786051181910472,0.017508488807974093,0.024330576763336175,0.022464169638273655,,0.009361025278599023,-0.04287987210485347,-0.047988909051258105,,0.1585589907087821,,-0.05372594772911852,,-0.030551659274262725,-0.04799166140990634,-0.08483782456683621,,-0.05783983812392803,,,0.015050237720811844,,-0.05099789387127795,-0.01799000991802148,,0.03629631858081953,0.0408858800927675,0.03186323913941233,0.04609509477256949,-0.05054875717513532,-0.05205335896203076,0.05939941665760187,-0.00986801161356666,-0.0023376558773969464,0.01055096497785553,0.01253289563122923,0.03770229909147319,0.038625456245492,-0.06320963346954415,0.01286155161275341,-0.08669683238365468,0.03760673048512131,-0.007072181349612343,0.006880906983158134,,0.050108409145401225,0.034322218631911594,-0.059853462905004325,-0.0019595955596644434,-0.009876454115842573,0.02634055622407442,0.02746512355155778,,,,0.017523457805116622,0.02235672028993257,0.00942290211318044,0.024581490909221456,0.033684788198149025,0.004016334750371488,-0.02911913905018554,0.022996877470613703,0.018804212583401154,-0.05134316878025206,0.023173119888938717,0.010386756800253529,,0.02822045129525066,0.020530378504452575,0.023211538273785665,-0.04369719938756192,0.05027127772396477,,0.004212633955336196,,0.024967113319692896,0.005420888459556049,-0.0001227428019623354,0.07546052559941145,0.04015496199582449,0.028696013683302997,0.007105102435358107,0.03589826243176142,0.016885254678017998,0.03110083476007457,0.03707366680037032,-0.015330895373900508,-0.00743334924991145,-0.01843900537523083,-0.013045980813280962,0.028161914130010558,0.07906173681073793,,,,0.012674761942506987,0.1241310440458049,0.07557804233872838,-0.09990437268999476
2021-08-02,0.009357183433463352,0.015469575960293684,0.008361295734571892,-0.0614466539424639,-0.05287703249028461,0.010497297327416154,,-0.020593672347305185,0.06293040640905138,0.07052345041346227,0.07537219315109307,0.024668562397670384,,,,,-0.004048950031504106,,,-0.06019179945049851,,-0.067913188762254,,-0.06035934520467351,,,,,,,-6.884016902968474e-05,0.030355316242971806,0.028330071944568047,-0.0071215851858845,,,0.01812407004188504,,0.0157730227714521,,-0.001497583914172718,,-0.1006087965554775,0.011253429925714152,0.0033755899768658252,,,,,-0.052802785399265965,,0.05002301552049612,0.00831276097577604,0.005348073108212944,0.015214848306200193,0.0236960866418246,,,0.015583099874174462,0.030794414745351766,0.0046327947476886185,-0.0030590165831875906,,-0.013895755920755062,-0.0046092322063224205,,,0.019383706119569202,0.04759858216539852,-0.0025087611289187376,0.02797317209401574,0.04410119555018407,0.011329841690022786,0.025162312440242987,,-0.061342660306542916,-0.011365908249275811,0.01439415422382028,0.012821982107256054,-0.058293445766735126,-0.005700564114041367,-0.058553015433843114,0.005200805551074933,0.024500994279438505,0.011739969307799535,,-0.04830033512042941,,0.0022003430101080624,-0.027776606406320695,0.03612085399164078,-0.06892873321845118,-0.0064151647383489515,,-0.02772800501625364,-0.040259082595058816,0.016310932239757388,,-0.007621712782596057,-0.008148547803659716,-0.005950619056738552,,-0.034679486393220535,-0.03004769322286778,-0.034537485529158106,,-0.04018068536864602,,,0.07488597940993097,0.09621114687948658,,,,,0.01588056646689591,0.012957071224233115,,-0.05192911873260533,-0.053594595120330775,,-0.05362298389381729,,0.017211448163542753,0.054918059409961285,0.05619951926674648,0.027795155130935004,0.05984300059648858,0.07118736861336815,,0.01610726919818729,,-0.05621496903558685,,0.0253046072665292,-0.05800722960303752,0.019748183108120418,0.023620717438857346,0.020840610267624758,0.020818654804296784,0.020691195518180275,0.02370854761869614,0.025908592646079105,0.020218670035153458,0.04965874498562001,0.06693549390495225,0.0309444417479961,0.01821237632921637,0.033187899882821115,0.039309855428835846,0.02491712985841222,0.02019283791239247,,0.03248694063727563,0.009975845014303588,0.009619567973605917,0.03622041937388493,,,,0.0032693118931893315,0.03305468337663006,,,,0.035645423825182404,-0.03368083743427818,0.06824750359152053,0.07246799975591722,,0.0799908064719208,-0.026974708191577396,0.11231068703822138,-0.05154731413190256,-0.054656578651032,,,0.040953498825605714,,0.021439872756088933,0.02154001897098639,0.020263600063145683,0.029264340215885427,,-0.05304897390534502,,0.018384572723673213,0.03300229706110552,0.04278270258117607,0.13369430926926448,-0.02402547720971702,,,0.01818517326790969,,,0.13276277294463715,0.025835376862549796,,0.025549781567510976,,,0.0123087649951928,0.05709152987688998,0.03667718716784067,,0.010643583501770767,,0.051896212657692564,0.057604008724115335,0.009850271063492962,0.014189530679817614,-0.0014692824192900555,-0.042036354056865656,-0.059357859472536016,-0.05511586318736624,,0.021541681570613987,,,,-0.03545838806365118,0.03375678762956151,0.017318613408296026,0.03628138395954908,,0.07197820829089022,0.07010400574344089,0.07132108739292907,-0.060499151188057834,0.010499930615395415,0.009668343558757776,,0.09409826699590614,0.017494479098898213,,-0.05319279006977864,0.0412648606613994,,,-0.06260887043708507,-0.08942066005401399,0.022936439821297647,0.020424117106105793,0.03846886006578885,0.018544089241409368,,0.02132757465090292,-0.04218216119962186,-0.04711185315215626,,0.14033805917262115,,-0.054159185635760616,,-0.03182595992474208,-0.047728799730723435,-0.08663805690337288,,,,,0.016692844213169303,,-0.05320304220191232,-0.010370238825386234,,0.048093128165412044,0.04298332078053348,0.0241251275152955,0.05669663419471665,-0.052520966627371914,-0.053904507527709186,0.05042022110088914,-0.0019309803622701801,0.01712275948733261,0.010645441043241242,0.009409825225983657,0.05387611816372578,0.03330032643045281,-0.06309602907524635,0.01318998255225505,-0.08938111207403306,0.026264028157413313,0.0010091678468418087,0.014339920177010659,,0.06024452899616541,0.04376288117773909,-0.060452809642554596,0.005586228943498969,-0.011252279928069606,0.028993566657177963,0.03735859881304435,,,,0.02038478181558342,0.01868802129777888,0.02124387812029664,0.020668030168604645,0.03994173408411056,0.0002284695570219678,-0.01943222313391532,0.020554501534967774,0.018691525634669016,-0.05208561457953323,0.025318430911728335,0.023215293852816343,,0.02185143490542893,0.022823255629769515,0.011645099941107294,-0.044522288992245834,0.04834141196330096,,0.016223876065791686,,0.037100249513155145,-0.020732192757454995,0.03214993693078924,0.07075627203937239,0.048430169965157026,0.035987673976925094,0.02325710535220741,0.05327174205671042,0.015219652104955593,0.04200257512476263,0.02588473040223482,-0.007233694725268023,0.002410026303368707,-0.010664913381838614,-0.0015618621166236816,0.021646456960869153,0.11249517029402457,,,,0.0416666636922016,0.12203685945577109,0.06747692689071694,-0.10354935119574024
2021-09-01,0.0019915126401296923,0.014290729575032749,0.0031133794824871525,-0.05543641120407691,-0.05281273384560523,0.03829329519562622,,-0.01964817681926751,0.0633584136182169,0.07822529776214675,0.07609008775437939,0.00016417949288947845,,,,,-0.004054100242298086,,,-0.052994432055631285,,-0.06242943896637117,,-0.05400210776585004,,,,,,,-0.001747917421832128,0.02906702173777978,0.03493149852850993,,,,0.016461602932125802,,0.01683472442621617,,0.008349864252788967,,-0.0917899738609752,0.0021661921960309002,0.0002887351131583715,,,,-0.01037651679758023,-0.05431532442038753,,,0.0038946917350331576,0.001252315002029556,0.0062977708904463255,0.025651448569942812,,,0.00813576972641981,0.02349092520515591,-0.009071015392521156,0.0012348370883023781,,-0.012132891246906925,-0.005947777674851297,,,0.013724834229133752,0.04304867395696373,-0.00395210819926973,0.02699737980576597,0.048574730107731515,-0.0008008815253909469,-0.0011700026377978916,,-0.05194689098061233,0.012370586814243955,0.02640203979933137,0.0008726619379138443,-0.05254768615487011,-0.006272007821175455,-0.05251634678529847,0.0027481310448323284,0.039763053657014255,0.0075050758219426614,,-0.05578814497518932,,0.0020529281816609366,-0.03293201014401662,0.04353536707956958,,-0.006306246739746503,,-0.09264951911742662,-0.06801714544704064,0.019205725708725193,,-0.02006284800848925,-0.011098498238274232,-0.0004741842715240928,,-0.033262330260001916,-0.02995930240894076,-0.029917060174691576,,-0.06786133447214461,-0.04998095746188616,,0.0756936822413928,0.07306340057839233,,,-0.01583042354921467,,0.008128678054973313,0.005733712530342955,,-0.046553943452504534,-0.05019882343664218,,-0.048663231693522525,,0.011882355678599498,0.054107170856081646,0.050844801713860036,0.02699489548455993,0.0577967443241617,0.07129910465856147,,0.008536225029041795,,-0.04983942321763625,,0.02772078742156573,-0.05177416958474808,0.026213475185669438,0.019616460250478616,0.017143964993531588,0.023247004125879937,0.028855183496584717,0.02544744249486849,0.02214991517378135,0.02767417093625766,0.052064951117046676,0.06598786783482082,0.0373085498817653,0.025866583286328983,0.03337557547772695,0.03587382387406899,0.027197947540927643,0.028509723794156994,,0.043958700183688165,0.005212089029271264,0.03025534770759485,0.03620797184940876,,,0.022525564934655854,0.008615495114970477,0.0480177017601846,,,,0.02492996202093188,-0.032708710932225486,0.06578692941836228,0.070946197373082,,0.07678554754294019,-0.046678492557712586,0.12340086388275875,-0.051619758856367395,-0.05011443021794941,,,0.03715900003071539,,0.023779861811595256,0.028895516004475885,0.01798624300804867,0.018275083147979685,,-0.04818698865437721,,0.022736460220305874,0.0365744838393211,0.011391540560406043,0.12100483342087102,-0.02135552054881792,0.051775277648020104,,-0.02757956154627556,,,0.11972691674895211,0.03384191764105792,,0.03817720331601165,,,0.02334672577221983,0.05277413446471454,0.035130263415907484,,0.020514231277778783,,0.03867382658772136,0.0582177344257431,0.0001709077012555025,0.012945705735877914,0.006569463099406995,-0.03450842192629323,-0.05308785343754598,-0.048198219538972444,,0.017415754826279252,,,,-0.03408238339656662,0.03399050850277612,0.03367637724571024,-0.02646291183181676,,0.07084731292870691,0.07391428275730015,0.07908143635641793,-0.055014534208663445,0.0071112567747063,0.002876832717173083,,0.09685129387130668,0.014035421127048302,,-0.04813179437943125,0.036792704854130324,,,-0.05618157509084845,-0.08062319834201664,,0.0227412407137791,0.03634231701412093,0.02659194959451485,,0.01751436692463891,-0.03920457703912922,-0.04084255922645187,,0.11979067750958887,,-0.04855811079683424,,-0.030551141527433455,-0.04086525917044642,-0.07802992850539522,-0.0406917091707672,,,,0.01746877649206097,,-0.04884059199333974,-0.009691018496882524,,0.02951062642871049,0.044062309326609844,0.029504737892384836,0.055462693180700656,-0.04704696329977398,-0.05047139209999529,0.04643021666303858,-0.010605190898335622,0.03865273981906613,0.006324744116915776,0.004053368692204986,0.052026474884351775,0.03428382194975753,-0.05701582312029743,0.005679314347509926,-0.08067551720685784,0.04141830268076667,0.0014396192257021946,0.010696813770486683,,0.058067155173396445,0.03757433211419966,-0.05393017489445671,0.012504008330435261,-0.006422893037101309,0.02864674490179375,0.030671174190673035,,,,0.022569446152827136,0.026067607994823796,0.017241129827381626,0.026437351987097783,0.043094398274018404,0.002015473208775897,-0.030691372747688652,0.017093461078512496,0.017332247552958903,-0.04614965702844712,0.027918340866352687,0.020181595099213082,,0.029044081203453607,0.024528155891851228,0.0035678788585365062,-0.04286778594615603,0.04988422658015629,,0.013750846877260935,,0.04481266965997779,-0.010517713358939884,0.04297091849607996,0.05056384268014317,0.030772707606160164,0.0375613817565832,0.04536585988735163,0.05068340343357864,0.020729223549039083,0.034600695660601005,0.04193047589792533,-0.015685655105500507,0.008794598783753747,-0.021061811820475278,-0.0025387685900938248,0.02154909357192922,0.08751355329150338,,,,0.06830353122026689,0.12496739629224637,0.07337546430895261,-0.09402341500024314
2021-10-01,-0.012059902055082465,0.0178371208845439,0.007297989047559049,-0.049387568671882154,-0.04978279608853145,0.043618358309061515,,-0.015576334825634124,0.040401828507596646,0.054141408587867146,0.060937086665231927,-0.010857304866345691,,,,,-0.003621540921513295,,,-0.0474413183312884,,-0.04390897092049006,-0.014112566447593369,-0.05133280645945064,,,,,,,-0.03789389679816791,0.022962783296769266,0.0392930549767565,,,,0.022959325293981273,,0.011743773229631538,,0.012923567227862236,,-0.06448631077690625,-0.0049006164315445085,0.011806445655416397,,,,-0.016923871127337106,-0.04760131493100197,,,0.007307152442652988,0.011899706210899134,-6.908518416876591e-05,0.026343958039367538,,,0.01518465579011519,0.024382866573533737,-0.004770810770719868,-0.005461022350142922,,-0.004828234664432068,0.009986086371191498,,,0.027172561416145144,0.062052728037127386,0.008256302862319851,0.051675730338617526,0.041425029235214905,0.01950693176981135,0.02408769421154453,,-0.03197083069143081,0.02713528839213809,0.01610773420725964,0.012734644751010396,-0.04727757329140147,-0.006957563414297978,-0.05177729156161809,0.00906595805417101,0.03283346106717025,0.01843099757521085,,-0.05736616253128926,,0.027075071982003537,-0.06689654162110299,0.04977817766770889,,-0.005853472096919819,,-0.08192952107400447,-0.0627818918395921,0.022322880099794815,,-0.05409764507974878,-0.003907965586271074,0.017701951277741487,,-0.03140532223675813,-0.026696618735556284,-0.02979253481241099,,-0.06277316711522338,-0.04629555804220853,,0.0433607332049326,0.05443383175305531,,,-0.02161337949433514,,0.003147692174574466,0.021020306297627432,,-0.040966725018279096,-0.03135835737275502,,-0.04688146598837081,,0.027463466692374157,0.06312510416801698,0.058363566837297015,0.03301432489339921,0.0569488770663911,0.06547363027580694,,0.02724060135410127,,-0.04875289335239242,,0.0285510974941659,-0.04692142574381052,0.024099280596257277,0.026865274271007926,0.023765433760199756,0.023710600527623974,0.02571083277175231,0.02629768093313362,0.028909343065149737,0.02351335539962592,0.04704050462081698,0.061797298317124195,0.03155598867152189,0.035443492724592865,0.041406308711482855,0.043655184738925414,0.027923336127890743,0.021435040414469624,,0.04060953998328398,0.010743052628901113,0.029336707639811933,0.043991306968825236,,,0.028639662953492313,0.028457247100338638,0.043338468216394595,,,,-0.0008150343681686868,-0.03026895775808882,0.06394467710379717,0.07333122080204041,,0.07397515683746243,-0.13239609463724,0.1722963488376617,-0.05145448705469252,-0.038997028926187755,,-0.07768097399563512,0.043839668401421214,,0.022938042766432482,0.0221877605797985,0.02409978010748875,0.02608902010840542,,-0.0431209158163154,,0.018409308257974707,0.02355870241456434,0.016527594163338464,0.08561765617684061,-0.01935959083799431,0.0605614675381755,,-0.0200397134654521,,,0.1006767540755077,0.02731361705292937,,0.04774924295463667,,,0.037698891064463794,0.053371511292312296,0.0439553849807075,,0.04094023674187773,,-0.1425648928091879,0.06406628543135498,-0.006096200243664302,0.023543145430664048,0.025419621238986757,-0.02245644269362147,-0.04843155342350133,-0.040846140248156464,,0.024732606171535405,,,,-0.03312416450489787,0.043176562553696896,0.03529974283056021,-0.06481503586128494,,0.06540537825993267,0.08858658133335247,0.09304798282302155,-0.04851275747022199,0.01602522885681133,-0.0030260039738646523,,0.09555615339584521,0.022632300639293827,,-0.04456170996239076,0.04419720915306895,,,-0.05137491493815769,-0.06078921846154367,,0.023138462392926537,0.04692066249356074,0.023842029184902972,,0.024202285230923135,-0.04123957195320267,-0.03751074844268883,,0.09729555002030851,,-0.044052074852744955,,-0.034837201249999866,-0.03350848972149958,-0.0624069258461464,-0.04338373066812099,,,,0.02137037327206089,,-0.03992597926989756,0.0016361844471120437,,0.037813305718937915,0.04546381530359578,0.03166561909728619,0.05620929847545081,-0.04162496319015406,-0.0314518727913439,0.03447196236388781,-0.010015035816370645,0.036508983758094936,0.016155786508790078,0.009579962811999526,0.05936246113611877,0.03696068580349624,-0.05224512127267296,0.020683288447085002,-0.06116286871927636,0.03357351346575179,0.01778897234485721,0.014795451635460987,,0.05742841424982592,0.03435488671651696,-0.05169954720272769,0.03316340004557279,-0.0022275386639536527,0.03959686753324739,0.04002157376759096,,,,0.023341043370110275,0.02324826212050772,0.024126634484527735,0.038177546090459535,0.03844100841627475,0.007406509740168662,-0.004187427930025131,0.025709775900682196,0.02019225990029689,-0.042097358126842836,0.028932408093701758,0.026273009083258064,,0.02512414035740538,0.025151494176808235,-0.0019894877685665293,-0.03977016060169829,0.049768026694464576,,0.02084374868180499,,0.04295093915025613,-0.011140360794193428,0.021900911671605156,0.05587136484514955,0.040989792767904,0.03242936307247278,0.04815374204449883,0.057218564601179966,0.015334522459998293,0.03158988375967632,0.0335986969032799,-0.01343665781667563,0.03247080608716306,0.007564760073723458,0.014119166107920005,0.013932169506326786,0.10728871703961927,,,,0.044239560874353434,0.1217672058718129,0.0884626927191788,-0.06473666680582435
2021-11-01,-0.01503534611551471,0.015656161695122107,0.002205960515328394,-0.05268037628306023,-0.052206691494194477,0.05400089035014968,,-0.012687595047883336,0.03565693866137357,0.03185221305978166,0.04600449186552295,-0.023214569033756665,,,,,-0.004055905910192279,,,-0.05062918082145123,,-0.05114290416512171,-0.01919344066419617,-0.05358820011381847,,,,,,,-0.03890293429444985,0.017594434813202383,0.03457777936470997,,,,0.021356251946538604,,0.010564138470517152,,-0.0036879485680139656,,-0.07290179567338935,-0.006725186018698477,0.004883691362731159,,,,-0.023905899933983225,-0.046399123475920144,,,0.0007505110643798614,0.006504886547381133,-0.0012422819271652042,0.027288405410145343,,,0.010878980497959236,0.023782848286688366,-0.006736963594249534,-0.014882751344671655,,-0.01843589396942582,0.0031751666696383228,,,0.0243062709273322,0.04856565396710416,0.005725068749159806,0.04644689129061182,0.01485274625401778,0.011356751019792824,0.024656854559638477,,-0.03452724322746591,0.016311926615955295,0.01887843129146479,0.01342868317166598,-0.050391108358222955,-0.007062490353341166,,0.006834085772435157,0.03349362032016526,0.016134659446958525,,-0.05639984633875423,,0.01817551769708801,-0.05815517488355313,0.039342528515290104,,-0.006091618960371694,,-0.08040695493894992,-0.055190571249150853,0.022344416012935152,,-0.05336734465436917,-0.0036587021222395126,0.00818436790306905,,-0.03068857738948276,-0.027325928313276376,-0.03029167071501049,,-0.054094047725585,-0.04195454158757181,,0.021963584579438377,0.03254739094048083,,,-0.027750799419868622,,-0.0003021976982902038,0.0169191573172532,,-0.04502324311417963,-0.03976331058481116,,-0.048726835734137,,0.026187094982528258,0.05273092405264929,0.056835487281911665,0.026390586190723066,0.05396646624858855,0.06365213005243589,,0.02104166826074749,,-0.04999390389969237,,0.027992469127615282,-0.049641325733017556,0.028955516532684654,0.02417670880291833,0.02124448508772412,0.025437704176508803,0.030437929966401794,0.026236225309574885,0.0263031865259154,0.02675039719408933,0.041285160030280155,0.06002822341231577,0.022588086962596714,0.028555495476779106,0.034412584629968795,0.03718927832995825,0.027341166682995164,0.026594237665150757,,0.04091106752482945,0.005413187173535762,0.0462209188606294,0.04566606363834418,,,0.021852201305418227,0.023675082927550536,0.04675546386596089,,,,-0.0027326523537209127,-0.029885449682764513,0.07742690975353124,0.08119792498751477,,0.08632623472106268,-0.12233770446704609,0.14950434745645041,-0.05154689388934381,-0.043448946886138755,-0.007856319223020596,-0.08285200130706331,0.04044853674329896,,0.024954429936719008,0.027169659374229348,0.021101236287751235,0.022791921862998596,,-0.0462693345653152,,0.02370572944050847,0.056909565579283485,-0.025367443168107514,0.045011763078954395,-0.024729015501183817,0.05811758701270284,,-0.02190991299666806,,,0.07568140562898223,0.03258204842445608,0.00560809870920764,0.04013873950194629,,,0.0375762559385345,0.051370424836142216,0.03832075421233428,,0.03478776731445173,,-0.12570904456246837,0.05143758595554561,-0.005102387637938182,0.014510931878098888,0.022390931618238796,-0.028674203117872808,-0.05143805771364958,-0.04521483860628816,,0.022483036974666398,,,-0.0026963497206443196,-0.03332678924322329,0.03650414269086241,0.034677399886542656,-0.04190919469583431,,0.06257374421728697,0.06641102276509595,0.06735583304706906,-0.05228892971448127,0.008268792163618626,-0.0020303136827033333,,0.08830426218950944,0.019194031664772255,,-0.047690844041929935,0.0400454950182483,,,-0.05417922754667359,-0.06778259784221281,,0.024530462722167183,0.04306660018830882,0.028526282770568366,,0.021941791979618454,-0.042624675597449604,-0.039694929578546416,,0.05421783438509937,,-0.04822624511892468,,-0.007320463660625379,-0.038201512853964004,-0.06710892341709208,-0.049347799250651164,,,,0.019899825943278517,,-0.04425851318607573,-0.0010321538471961924,,0.029759089471047787,0.03915829811120452,0.021997022984184406,0.052560739429491986,-0.04557245144517922,-0.039755374021907756,0.0287802487799883,-0.010721940948133911,0.05399227271065545,0.008779945027223445,0.004435065023849627,0.06469895403321876,0.03461882271756308,-0.05518516636965498,0.016385880485036915,-0.06749073859502724,0.03452905124230355,0.014481501016497604,0.010040029098092675,,0.05422510351314215,0.022161310014465276,-0.05365006945386231,0.028875257513074164,-0.007594643188906075,0.03314146768868536,0.03557546020608556,,,,0.024821448014515506,0.02828267023171288,0.021779349400822084,0.02996930349732928,0.04401522903667796,-0.007518551605846854,-0.007616005948940095,0.019189738721502193,0.017927974978899055,-0.045325141299299467,0.028042464973278943,0.023591741838513574,,0.028619354149736834,0.026144078382889926,-0.002346293129103015,-0.03865770189153155,0.04210987640851809,,0.019238665737555737,,0.019244396991735337,-0.014624776985185517,,0.045709052321989414,0.02889271980134624,0.039383277731069775,0.05876758853449594,0.06091456692822856,0.02304704263785192,0.01892759100411471,0.03563388289349417,-0.014606052952175177,0.028296739850800758,-0.00023790744189894486,0.014768963998968477,0.008694169583214255,0.09112308843376828,,,,0.07141274202259894,0.10393016983448111,0.0755160919055036,-0.07275262484836366
2021-12-01,-0.022345553193026717,0.020082204674487562,0.008618425124579842,-0.04159018858608119,-0.040113008530134366,0.05931619524501967,,-0.005752567990244484,0.01279298905869466,0.010238051358913815,0.021184543660192436,-0.01589865116704767,,,,,-0.004107048130668543,,,-0.040297196253731675,,-0.04061877812403181,-0.021653883235258846,-0.04179459279673979,,,,,,,-0.061776676982501735,0.01856235414989011,0.054854170663731806,,,,0.027213879995234946,,0.019925520129465378,,0.029002835110268216,,-0.05917031639983706,-0.014281134264592817,0.016904156044744247,,,,-0.0288536775609602,-0.04406554971957764,,,0.0055587814560578395,0.019194580929013366,-0.010102307497159891,0.030441680632226308,,,0.01424735227614284,0.03367249480881129,0.010790583247348011,-0.014202612750632584,,0.00660125159374706,0.005037759049172506,,,0.03628851489885462,0.04069916257881372,0.021934232709474543,0.032003560770394894,0.005517490731356802,-0.019362211042963744,0.010097070021225533,,-0.028263050656554625,0.025748149108572944,0.008121078361516992,0.02902274700016247,-0.03889592369095784,-0.007264221808664955,,0.011456666832927495,0.03458938095716483,0.016578721459400095,,-0.048402688777036615,,0.009115532340404612,-0.07039671204634103,0.03551781948955816,,-0.005766601218986715,,-0.08963266727399187,-0.054001540741839604,0.024876602923195653,,-0.06620938439736615,0.010226096632630492,0.021447927961838247,,-0.020795405289318645,-0.018101882457680418,-0.020769912774323905,,-0.054298347648535916,-0.04383105203701831,,0.011849640168799703,0.006894088928536587,,,-0.03085146760114112,-0.01427350213837258,-0.007334697325201828,0.025543605954286196,,-0.035693687328063876,-0.0304525558358799,,-0.03701188998824416,,0.020174560866760595,0.05543275293912699,0.05564293787615644,0.0272180200810992,0.05789096462491945,0.06856477306641402,,-0.005855953921622412,,-0.038165282539927806,,0.030841090533734086,-0.03850898621463168,0.029358286170339313,0.03216010507179262,0.03015241099943711,0.02987025642988163,0.031254967272753516,0.02969086854017056,0.03301410956979165,0.02671547675228193,0.04277570551703903,0.06254966655311844,0.02163585026741015,0.022278911581904665,0.03479536780431824,0.04085003591290494,0.030332292496131855,0.027382012093252472,,0.04334678102334915,0.011622342499318703,0.09371710415210219,0.05868733021897179,,,0.02638911320095238,0.033677985856934003,0.04370238938092126,,,,0.023895726326833754,-0.020202418134619274,0.07752638409604838,0.09181892060210889,,0.08600334084112769,-0.1393833831509732,0.11760400741545021,-0.04699981816432783,-0.034687458951374435,-0.009735602532523946,-0.08126927360258958,0.03945554102647592,,0.02823846811491959,0.02784631242517956,0.029278725254955795,-0.013978052262958243,,-0.034478637960197143,,0.027177138213841663,0.09463286644648378,-0.0723631616776266,0.027043823243672323,-0.01549313675036182,0.06428061949123935,,-0.019602254036947656,,,0.04846621311851192,0.031172545407808543,0.017693233426035817,0.03789524713915301,,,0.037815086158089775,0.06083671377676262,0.043635070553527285,,0.047097471774793495,,-0.1186132354322156,0.060264866429235765,-0.013169253027106632,0.026565170221550187,0.03393413932601202,-0.017644652145012284,,-0.03463879778202821,,0.024269364751807514,,,-0.0033709726333590864,-0.023181796538274967,0.03767017468353949,0.0350609949020427,-0.055701389111569855,,0.06776560452283875,0.06366501819460624,0.068609873154502,-0.04015250448766345,0.01917250450981181,-0.008051648233841047,,0.09828511672186002,0.02750454101234126,,-0.036809724122352006,0.03980133092226661,,,-0.043620581515038226,-0.05492859834791435,,0.029306761312157953,0.053021236962674995,0.028700245659895644,,0.03042882857966102,-0.029805740418301845,-0.02770774589631007,,0.020915402619532564,,-0.03546850013156277,,-0.00041947464230793197,-0.02690169303559744,-0.05565552115733804,-0.042529338622608416,,,,0.026069672323264754,,-0.03384930176282118,0.0038485182120405067,,0.0284961330597442,0.04006974813200066,0.020393611081753492,0.055597853760510324,-0.035579588709001214,-0.030279944245355506,0.035816336640591834,-0.006412661391242314,0.10348759908916531,0.019731907422645537,0.01109698690518287,0.07285059468016164,0.031469842721596884,-0.04393691326574322,0.0260297216671069,-0.05486756103697688,0.03506471685812774,0.013053572211368273,0.013977626086356955,,0.05795649562619622,0.030852122237922025,-0.04094996349302575,0.038338184562109044,0.001397738464451466,0.03282314329731667,0.03907011210667217,,,,0.029491002498544694,0.028880154070525788,0.030188823288402795,0.02666888954848163,0.03610634864132612,0.008576901281644875,-0.026795813550261588,0.02337256049542611,0.022918545601587688,-0.033151922870629624,0.03117615783827602,0.0314368016256139,,0.028012941318759914,0.02997021938794233,-0.008551877577117516,-0.033058493859836675,0.039318581388207874,-0.04879645957636597,0.028934537663161303,,0.035855888614627816,-0.019579339564300576,,0.05197186345687052,0.030864426740186756,0.03203066605669324,0.11085716275886583,0.07290994463211874,0.026957538765014652,0.02735522247545409,0.03923044493265105,-0.009775922017247586,0.0361365841359603,-0.018939299797261815,0.014717878212296967,0.020653313879262853,0.08122122954057857,,,,0.1301642650580246,0.10501108642441133,0.07074334036582462,-0.05900333166336787
2022-01-03,-0.026104075028625835,0.025770767929193687,0.002923891729226483,-0.040521662084343824,-0.03980294182090755,0.03655081427628027,,-0.007495718118814912,0.02639816641797003,0.02500455285504739,0.04114477108032878,-0.016213723203454586,,,,,-0.004100813686806313,,,-0.041420912899550605,,-0.0401168317822486,-0.02725281512152588,-0.04316033370260805,,,,,,,-0.05399129473850572,0.01582501209013281,0.08103279126595063,,,,0.028595776710250802,,0.022934253162573255,-0.03157091805433623,0.015382540095235774,,-0.0534155296727304,-0.018244749813533648,0.008352477818033941,,,,-0.041643409587498355,-0.05831789139421016,,,,0.010423929812331888,-0.014138156688760582,0.042745847340763456,,,0.010352733037045463,0.04704191091234778,0.0026555496328728727,-0.029640150984712666,,-0.016197294796087534,0.019052003233869557,,,0.021634536411523738,0.05183936325373275,0.013890165552037967,0.011292804707107126,-0.015947861477583744,-0.07391170528607532,-0.0002969771501290914,,-0.023610960183324276,0.051439353454397485,0.023687937912169173,0.01737949729899642,-0.03819097499684454,-0.007836825732468262,,0.02577890902965114,0.060318600845678506,0.017271701000497585,,-0.04899518516899483,,0.022386206342142684,-0.07118076585753616,0.0496076776503991,,-0.006266767147072697,,-0.033470177480906076,-0.034005355667485776,0.04039569648382219,,-0.06527769387261544,0.0033003274269256875,0.020359942062408373,,-0.0236156182513649,-0.02042319617098135,-0.02314239536224285,,-0.033197001493736084,-0.042734840454208084,,0.00022154176990801021,0.016458139289553142,,,-0.040570372880945636,-0.020002356647881685,-0.011412844439005487,0.021314701633203852,,-0.03667703958626444,-0.03284963127123268,,-0.03673044241171909,0.04954941098360785,0.04317040550107656,0.05560619644594633,0.0433948399227684,0.03341850064726414,0.04335218049261907,0.0474172807955152,,-0.054909154399385096,,-0.03791470309796424,,0.041406503435842956,-0.038908281065619776,0.05349292506738053,0.02840897619733902,0.026680079247993743,0.04326511997105971,0.05667374555850027,0.042103973185147775,0.029693170436569237,0.05301083690789483,0.032058028221257,0.0459126867642156,0.01755879510029993,0.03744259582364922,0.03802154431936703,0.03687687114406339,0.04154311265361746,0.05652113685158495,,0.06545512261805017,0.007360132485466154,0.07841750316310517,0.06243321820696803,,,0.027732653120023328,0.04409078399136499,0.07407616187495407,,,,-0.06138579822616323,-0.022525398641518205,0.05915931192673368,0.08073905361470705,,0.06899890372147577,-0.1466999966634112,0.13882142891305432,-0.046364945755305705,-0.036240886043478096,-0.013843051961681112,-0.07406971903075857,0.037796376681704484,,0.04285204798119266,0.0547944437793977,0.028183854130152654,-0.06886037689553251,,-0.03541160298374315,,0.044838802083006904,0.042898747896945,-0.07643763011266774,-0.012899644436591449,-0.011778586954768295,0.05736160613248632,,-0.026322139752497965,,,0.04886475006180008,0.05624182168471135,0.03842962902415349,0.05614197103274252,,,0.060934775472908764,0.04318305019296644,0.041937621419221076,,0.05021760584962295,,-0.16296172415548316,0.055826035845031284,-0.01454616430510178,0.018927976010621534,0.041698250982061216,-0.0062513038862964665,-0.039988164903024266,-0.03306353102542451,-0.03476827820450618,0.016481413237814605,,,-0.005614408499053816,-0.02369989734179664,0.03865358411085703,0.049651541765392326,-0.022344715964132005,,0.047805697943768724,0.07349871513138964,0.07868138983868365,-0.039921082160110186,0.012711333515325518,-0.009287622756423334,,0.07767280659607054,0.010863664537497429,,-0.036754710896667334,0.038187227954164626,,,-0.04306271857437728,-0.0500482556916071,,0.04292727650719112,0.033526301214937805,0.05532004234105396,,0.027243079752793997,-0.029750904180605893,-0.020600325425010994,,0.04682043450977264,,-0.03781954312761945,,-0.03559119199055862,-0.017989464551832375,-0.05420256621336288,-0.03347770315339326,,,,0.032663645622808705,,-0.03553293119615417,0.014832886723535946,,0.030748097937821274,0.03505605195090475,0.02551012554803317,0.04269827681718635,-0.03769635315528629,-0.03275265869862503,0.05091373693505572,-0.0036096649159168136,0.08430191418307181,0.012567687272955909,0.004949926788730025,0.07042223786240465,0.047370090348888054,-0.04398554434355564,0.02212534059430952,-0.05047715479416477,0.06080055208328996,0.02708712186492171,0.023549784745064865,,0.04294897785570027,0.019648718352023923,-0.03976876250268481,0.047025589487705015,-0.011271394092170364,0.04078012440137292,0.03342233976915868,,,,0.0429755824027798,0.054891330544941865,0.027399415508496,0.045361221527104964,0.03136158373725952,-0.010250376170911197,-0.013350427593002564,0.023749160316158043,0.02675795904634188,-0.034814706023853524,0.04173927631199525,0.029399764292154674,-0.03459749021384332,0.0531950730553805,0.04289850510820608,-0.009826724769400427,-0.036769856690624006,0.037196182145802247,-0.039824136102044674,0.025529854263194356,,-0.010427336003980022,-0.026610995398804252,,0.06176633541086771,0.033872622508679416,0.03217775961742712,0.09217109761938092,0.06949726599754866,0.0500033811649074,0.016841295125798364,0.06641360310573143,-0.007414325599074833,0.05319192590487666,-0.001845894234568649,0.029869787316966698,0.0481273881695084,0.07551473184229834,,,,0.12097826445531984,0.09958712936335519,0.09220367057442899,-0.04913952435273753
2022-02-01,-0.028991581796067624,0.024034223962228617,-0.004070646925939916,-0.02458647394120455,,0.03398032081589895,,-0.004676720388306301,-0.021342388225342093,-0.05023757040608517,-0.011877584165240665,-0.01176785432521807,,,,,-0.003992419908459252,,,-0.026038508138105085,,-0.021631909278752533,-0.02428248935650261,-0.028803630473401082,,,,,,,-0.05620247938193652,0.0009063661845709872,0.06095909867195514,,,,0.034377022689735394,,0.022524735560466785,-0.022125532488257594,0.013023342644917744,,-0.02512178903499348,-0.025743350920927797,0.00042196114605717297,,,,-0.03169944403249158,-0.05638256582696357,,,,0.000836383842784299,-0.02152941235034635,0.04435399086000653,,,-0.010470036583911081,0.03976827906877891,-0.017469426652651977,-0.03152491829041376,,-0.015549146158361652,0.020330625441832076,,,,0.050965817940883264,0.005598957405741677,-6.1038497105696915e-06,-0.0413953741142982,-0.09260463057920318,-0.017432588166980855,,-0.043083702236410296,0.04338911170910452,0.00762079296547287,0.0026170169124858102,-0.02308083477271811,-0.008193568302397574,,0.032482334978906194,0.06036344097851875,0.02524265054367655,,-0.04644204290311395,,0.013638806167490157,-0.06865214934568312,0.03701512736052257,,-0.005482025121946549,,-0.042859318863735646,-0.03024441338029247,0.04217455040579986,,-0.06004704104592958,0.008939460488137227,,,-0.01645369342333485,-0.013112382551409764,-0.01573184440322918,,-0.030786342219824226,-0.036858492416130845,,-0.044934295088971316,-0.04333274525832004,,,-0.024014663656652772,-0.02173314077726545,-0.017697028854855683,0.009522832432758888,,-0.02351299118098612,-0.019221334905130533,,-0.02301896403805735,0.030605005792498502,0.02833622206812904,0.04455920213030996,0.039287918763959255,0.022335773829539243,0.033918241049599805,0.04288308507153623,,-0.08246484231994015,,-0.023701944563878488,0.07317965868379257,0.04088343263914013,-0.023087913408530468,0.058010996546557655,0.0298276976914569,0.028728757072896068,0.04623558950127508,0.061618345783922765,0.04277232409429449,0.029676891802533467,0.05331202749020886,0.012098026225891132,0.036566670939405334,-0.011479989379935829,0.020305070098380472,0.03172831980266129,0.03611529189639477,0.04041593413960783,0.06016168744870338,,0.06058746830385795,-0.0018946856805885344,0.0813509727137955,0.053829134377856774,,,0.032891480996854544,0.04871716454096791,0.07452486325080404,,,,-0.06445845367959332,-0.015597887428814865,0.050605341324139866,0.06593959428749958,,0.06267468831262746,-0.15601144580630272,0.11746648939520775,-0.031009508447600947,-0.02261829711927419,-0.014391055610544358,-0.07741054223099453,0.03025687565878729,,0.045852991970850326,0.056646809474146624,0.031223598767096187,-0.09684106202719193,,-0.019313782804621933,,0.0491198108021024,-0.002808306729203562,-0.09594340893792107,-0.04273178919389356,-0.006432926663321714,0.05176822696320984,,-0.048126932104185685,,,0.037036923951304535,0.058589334870063924,0.042156156284794175,0.05652574816680697,,,0.06295132796044195,0.04502825019478985,0.04227797220564581,,0.059851569243440234,,-0.1767366618200775,0.057937522097314426,-0.01824290879766314,0.006671033540005968,0.05030257591572404,0.006752313655106103,,-0.017604572474005813,-0.03464976436010207,0.02399617705080854,,,-0.006566202999403527,-0.015307842400751113,0.036848965911571614,0.024610473991104834,-0.05317884597842743,,0.04260671284079518,0.09616097702764588,0.10145062312991679,-0.02435915093313616,0.002316489421145779,-0.013654794608582512,,0.07486709934002463,0.01763146330510062,,-0.0239328950131993,0.030622790030656075,,,-0.026513286908365775,-0.02571387307873942,,0.04593228660431511,0.038059800994125204,0.05994607878978386,0.04049428161304592,0.02909283502785351,-0.021107186861327194,-0.007424226340145614,,-0.022951752580974996,,-0.020752333444584905,,-0.03581300202313286,-0.004340888938356742,-0.030707064063523075,-0.010677605994660212,,,,0.03132519786789755,,-0.022281631237380483,0.021003641141807427,,0.03803906897633578,0.01986803751207919,-0.0018301088120731314,0.03630021293496737,-0.024233018565056684,-0.018682868517117222,0.0517426166827523,0.00554455013126851,0.0828227534346275,0.0025237484790410374,-0.003336927896400728,0.059767397129372124,0.026574292228049846,-0.027689091896569578,0.00990722770679515,-0.026091385389077994,0.06136084687699263,0.020787043107029952,0.029972742860904986,,0.03418763555361668,0.024737878965116134,-0.024579371300487905,0.05192150099311875,-0.012298083347901624,0.03841029446091865,0.03876247624598688,,,,0.04649570830668137,0.05982380904690276,0.02870825769525437,0.03614063089951218,0.015143194450482247,-0.017997434816440974,0.0040183536257084075,0.009613483287616697,0.02326575645579572,-0.018105498518756064,0.041411735554395986,0.03236510444326319,-0.02909322895957295,0.05448997861067309,0.04459996066981532,-0.012593356231391952,-0.031366120403948795,0.016779085420338215,-0.03566894644701356,0.0311278500292674,,-0.021227502346255887,-0.07326852997944867,,0.0820339635652426,0.04379118160743725,0.0186270478182733,0.09006954353611896,0.05823005396828132,0.05469084961274585,0.024173428892198753,0.07068584416094696,0.0033902435489662586,0.06370537352109781,0.013885697005754007,0.030142377031367313,0.057804863238357596,0.05003659409461632,,,,0.10525314764932846,0.09114404230557115,0.09646757193297649,-0.02002696205421191
2022-03-01,-0.037912626825694136,0.02723908739106605,-0.00029028097639924555,-0.019783576570651315,,0.023361291160816415,,0.0012664266642057873,-0.04920540402278594,-0.07382926434526418,-0.0491590709630554,-0.023822394676687536,,,,,-0.003718029571320401,,,-0.023281473685371337,,-0.01729915542532829,-0.021546403051601406,-0.023226906939510003,,,,,,,-0.10575437651250616,-0.004762508431285458,0.056212308963207676,,,,0.04461217628897374,,0.03307174904292923,-0.00445578217923211,0.017591060790017314,,-0.021347391280904838,-0.03145993760262366,0.01016698181026236,,,,-0.02267269249965663,-0.039317229731385774,,,,0.011403169624916457,-0.029140757803439138,0.04601519109687699,,,0.004302197872790668,0.04052505310728681,-0.0005617302922346786,-0.03349619798014379,,-0.012340132864307974,0.028448433268280778,,,,0.04114618327660292,0.0180612287100607,0.028340593956161106,-0.03487143704859863,-0.05598677390038726,,,-0.03319527081887327,0.040784252631531376,0.0048263316144466556,0.019860730614077088,-0.01924778949144114,-0.008789565264231998,,0.04514221183071369,0.06036014194475686,0.03638854278237137,,-0.03688899027705195,,,-0.0879368101914904,0.03993539954153764,,-0.0053354505166884605,,-0.02331096847628491,-0.01777336269723782,0.045370184725918514,,-0.08580332226392651,0.022981152838245797,,,-0.007157873125774713,-0.005547600456077413,-0.01053268697221309,,-0.016578283968368808,-0.03651332320947803,,-0.0807620350007962,-0.06894839046341275,,,-0.021402213931449057,-0.023435960427428727,-0.024194570553339182,0.022577982982862906,,-0.017989640411379258,-0.013856337382572881,,-0.01863541592687072,0.01755322261616148,0.03430802388518184,0.048604911604555386,0.042471087087445694,0.024606866423616675,0.022691516707740573,0.028675873211210377,,-0.04458010556897999,,-0.01976451905485862,0.06655371434182651,0.04311346935128054,-0.0188001536198284,0.054759072558853594,0.040154870782367506,0.04008762250931838,0.04926791514874026,0.058571580414269964,0.04488197124996921,0.038917832230904205,0.05087694997509293,0.0070264553381135415,0.028017044139164952,-0.01518531094329427,0.022457822995740416,0.03577563291228509,0.04267387610625573,0.04291107231462681,0.057271229241322746,,0.05919404817938999,0.001969153498935921,0.06291474916730987,0.05685226285296972,,,0.0434654871206933,0.05646498374300086,0.06674725367854838,,,,-0.027937629333115804,-0.006862560689589628,0.04867852415605235,0.06221317280875012,,0.054615912569570206,-0.19972553061533677,0.05315227089135453,-0.02604429386487416,-0.016339647094366368,-0.019746499979527772,-0.07540192781751087,0.032556546422713564,,0.04801870606471035,0.054221701488161494,0.04073263776891477,-0.15775632323057479,,-0.015991889185902216,,0.050047002221472,0.0013828448948654682,-0.036991101234014986,-0.1054398459788776,0.0025977655355165353,0.05084930144426046,,-0.0364508272457664,,,-0.023829876286543854,0.05126039455165667,0.03189359075546865,0.053017752473459294,,,0.05195038195504095,0.04260770438261254,0.0473022536944028,,0.0640252588656315,,-0.139237924934503,0.06576790865112583,-0.025102008180005318,0.01885617135119673,,0.006428353596206083,,,-0.02284314083592134,0.03481027559458845,,,-0.0076560649394607615,-0.009090052280636321,0.04161586606038045,0.009793403652272298,-0.03342080191701887,,0.028874215261047734,0.07898056973636523,0.08727451308577341,-0.019979007827285882,0.01004010538322151,-0.019269129148132055,,0.07239100741844665,0.021784008536274213,,-0.018733867474270954,0.03302264297451236,,,-0.022182434603496327,-0.02158149502638067,,0.04882917824169532,0.039013384473570736,0.05640819474239536,0.0408112236581906,0.040123249341979035,-0.017019232892475915,-0.006537585511336902,0.05232344027953594,-0.06307661481913766,,-0.017156573887080175,,,-0.004263353246083385,-0.02521951375426759,-0.01564323931715167,,,,0.035116124031047795,,-0.01691995718011942,0.03318014949709462,,0.049199341038721485,0.02009189290123709,-0.0013488597738276957,0.036206431804244196,-0.019721645036115086,-0.013556702399100866,0.03753168572807353,0.027908947374651723,0.06496455828984114,0.010373374815433446,0.0013532573458127479,0.061011684620313325,0.01241341089240425,-0.02460963725335025,0.022038505385625642,-0.022007613068245314,0.060976724846017405,0.027283889651879563,0.04327958470532351,,,0.03476659676448478,-0.02084168697092363,0.05840835403287483,-0.0030598468459194527,0.04136646861496859,0.042975496358816756,,,,0.04940263416745192,0.056518143085986225,0.04017090556932636,0.038411507192115314,0.019948201759479166,-0.012490668725651893,0.022872045946919935,0.013696593629380402,0.026863675675392412,-0.01579886663563498,0.04287560865775996,0.04130308536830361,-0.022960357695805896,0.05194312414219102,0.04708617668286974,-0.020573158799026547,-0.01731010771713683,0.013656819248748566,-0.023367957094006686,0.038867643340009424,,-0.0048241148916123525,-0.07398686156170471,,0.0710268019247153,0.056087418320663746,0.024843021544853,0.07800011553951657,0.06098782105490181,0.05434000734832465,0.03849503545719096,0.07113841431469346,0.030442765814824465,0.06645371371179803,0.03303697872273071,0.03748266087448818,0.04519960816542863,0.06030046324671726,,,,0.06264542711974368,-0.0025016200212785336,0.0753376500862898,-0.017136833194224182
2022-04-01,-0.03419726535891564,0.019748558525969087,0.0002551062120025113,0.0019206207176832766,,0.04068171974030263,,0.011326012945405478,-0.1300220463156747,-0.13878430715118462,-0.12351344775217417,-0.019141668452017504,,,,,0.0031647936513307293,,,-0.0020794460677996092,,0.009835955896294135,-0.002820061433446472,-0.0023836906120890036,,,,,,,,-0.0203691183121301,0.06805522960682532,,,,0.04381494485811107,,0.028806678600130642,0.018884753015533714,0.021740366442295288,,0.020322487138810033,-0.02553200106687163,0.009216212869692889,-0.0004086563764461183,0.015227289278275715,,-0.008463186328788244,-0.02040825535365486,,,,0.010576972156675158,-0.0219103421902876,0.03346696348586176,,,-0.008705972911507215,0.03714660089379959,0.0028977141520140242,-0.02248491174015979,,-0.0141211627516423,0.03463110352568265,,,,0.03353729583270418,0.02851775116695049,0.03399348808541273,-0.044508125583336625,-0.011097475764217353,,,-0.04065607701459062,0.04825570154693558,-0.038170682608301025,0.0162220285633136,0.002573878217769928,0.0024425098002787793,,0.03864638278022555,0.03700169464481533,0.04153113238875249,,-0.018526243041010467,,,-0.06858860556845224,-0.0017820549749803462,,0.0035713667081990258,,-0.008550897938379692,0.011652628582234594,0.03508353456597662,,-0.07179113687200155,0.03627249638024003,,,0.006373536251634235,0.008597723527593314,0.0057082824697908385,,0.011475975522052389,-0.05886559970631672,,-0.12245749038145673,-0.06195867168314658,,,-0.002811986831050488,-0.0035869418420647285,-0.01969016645506255,0.019751286564385045,,0.0011444263745341119,0.007796955901867629,,0.0019679515843640774,-0.00829714135491565,0.016623660682373847,0.02563738615064576,0.02540928894090965,-0.003591122327676599,0.0024581345466014276,0.01294830079280057,,-0.012774276231141498,,0.001136487362443359,0.03446675238759675,0.028371881840806735,0.002308498919334361,0.03700723535941434,0.035085110269752806,0.035743255335612914,0.038695700346834755,0.04135112279344365,0.03196509735816633,0.03159864292572701,0.03240874673306358,-0.02248401620194863,0.005927802909353417,-0.05327902954708219,-0.014299772978914441,0.013359919749761973,0.02657356622368901,0.028962790418239775,0.04243464366356644,,0.03847159641491993,0.001968570771252547,0.06724271975683412,0.04551306582795871,,,0.030029373356753288,0.04226264431062841,0.043299741852643694,,,,-0.06260692750698205,0.0065294707493379,0.02616099823337223,0.04111988344444239,,0.02811822704717475,-0.2010422456532481,0.0537610754343669,-0.003072784037303909,0.0034492426814764477,-0.0016293729835183545,-0.058535319175927636,0.010453311876077247,,0.03777511053030596,0.03385827154565145,0.041800639681699,-0.2333354422709181,,0.0051501946813847805,,0.042695278837326114,0.016307070276091434,0.010792442782850471,-0.1414085140356451,0.01324312942179661,0.03490222368449317,,-0.03977609382195945,,,-0.05200647272570473,0.03180710736961856,0.018599830196517106,0.009297894976087606,0.038628730980386945,,0.016815237875266762,0.03876597601255098,0.03571019575668397,,0.04926342286630979,,-0.16929232243370385,0.060747904524057275,-0.01632995710167102,0.017888323854107515,,0.02939229888113862,,,-0.01954452396201447,0.03493477334743326,,,6.07959399438532e-05,0.007957624247517378,0.024527053630772597,-0.02442542015334206,-0.028053026999442905,,0.011939990823084811,0.033004670213649,0.0393552191039767,0.0019635126172387438,0.006683096552158933,-0.012922596145629251,,0.027863116963374665,0.035396245932823533,,0.001380011240647743,0.010529327521685622,,,-0.0007199550918610922,0.013770198625086862,,0.03876446863985526,0.038031378501316736,0.03933079318711366,0.033864817940829406,0.03557584430322638,0.002925789292591434,0.015121279314529678,0.037041028559799204,-0.08311114708843799,,0.0037785626599309034,,,0.017837456848960213,0.00682309335454872,0.0026079488569449305,,,,0.02651920529293494,,0.0037690991383451497,0.032193705193878326,,0.03280053401651889,-0.004959109812260242,-0.038534976509101475,0.018228839305036326,-0.00016050392705855803,0.008750452976741855,0.017438349693819615,0.043811942916181235,0.07149749654954947,0.00885788977577347,0.0030859406816176895,0.044278053164283494,-0.009038664705113029,-0.00201536169286861,0.019715036921383357,0.013276561683617264,0.03716446048141572,0.02118164880505108,0.03848025038875236,,,0.019152574166705093,-0.0005886706458996708,0.042466482931139214,7.944439966350134e-05,0.01737522479008341,0.032223684045291245,,,,0.03887023467850946,0.03976598180952361,0.03518786047049331,0.0004327706089469154,-0.0033541138353320493,-0.015459142156849178,0.0388432224759984,0.0027385037255331203,0.018480619354968496,0.005090535990205275,0.028026453346095655,0.04039777700734438,-0.030280140836352994,0.028631110711808412,0.034677179690188194,-0.01356975410186776,-0.001859578654901649,-0.021269507015293704,-0.011628423040822185,0.0407787622726418,,-0.020332260710171742,-0.12091583810489714,,0.0402480857537445,0.04042580889186588,0.0071224703611840415,0.08738151635582829,0.04627882892463774,0.04551205168909029,0.026885298611704366,0.05099358853899706,0.04780955886115611,0.05370811736020318,0.05038506588332379,0.0386752529884667,0.028429333672688593,0.026241268821544324,,,,0.04673448893961685,0.00778434806150263,0.0187979555922969,0.027352656616998594
2022-05-02,-0.03881047577311729,0.016102774878945368,-0.00798234798501959,-0.009116293203304428,,0.06715153434649274,,0.0023750132792655612,-0.1232300256532328,-0.11810692436421635,-0.10293783770870786,-0.012231672435911126,,,,,-0.003665227159932139,,,-0.010435709319082566,,-0.004111966894442639,-0.01682843201416233,-0.014620650334273334,,,,,,,,-0.003542449681225797,0.11436099094952717,,,,0.03204616841487843,,0.014729995741806856,0.020461886290158722,0.008467393731646906,,0.005259770140836869,-0.031860914069505065,-0.0029319003543172,-0.008943698607172585,0.001359499326852192,,-0.0353635236692546,-0.02930980323624924,,,,-0.0028612165768919793,-0.029656503141089394,0.03254356407373974,,,0.013229100377722762,0.04445481352547368,-0.03310685737475575,-0.045952213365886306,,-0.023630663931230637,0.02689511787259262,,,,0.037443853065357184,0.027800160363254826,0.040940799568309046,-0.04762654855111583,0.031165286963985822,,,-0.022722297786532546,0.055852520180973184,-0.033350286093768874,-0.01188025547509914,-0.00937273816036162,-0.004735202299013595,,0.025050201177839668,0.0478666353786261,0.025631467214646896,,-0.022043761627661095,,,-0.08320657031785647,0.02206941713430644,,-0.004379708673310275,,0.03486570495186807,0.031804270749626905,0.03460813061235381,,-0.07792631467548469,0.03120963068650551,,,-0.002591561674184984,-0.0013656150445291646,-0.004158094767671512,,0.03179325344581931,-0.07217929108903398,,-0.14080972147487558,-0.008321652526754732,,,-0.015132704134815038,-0.0148765614294511,-0.023822761099090626,0.0023934407516237105,,-0.008293411504134693,-0.007720449691526707,,-0.008784612044381733,0.013547628236433738,0.02713677242612835,0.03471365910966947,0.029932795293225234,0.010419407622034827,0.015251550007213394,0.021052543773075028,,0.020463109559463517,,-0.009729477411934561,0.019001043498809433,0.030003414716005837,-0.009077127830871393,0.040856716095001445,0.028568384449969165,0.0288225719058897,0.03737225907475455,0.04521023891293276,0.03325745258438742,0.026781457151517987,0.03789409267986415,-0.005022784407886497,0.016785558798344064,-0.027380007927513654,0.004313722945830412,0.01947628367941713,0.028053801488094353,0.03032521218446671,0.04571817756461621,0.02364458727086499,0.043134403797544726,-0.005475572724924625,0.10522648065966823,0.040233471618462184,,,0.037436488983760195,0.035807218387979255,0.053581892130765245,,0.02972358563581822,,-0.0637719456353136,-0.0028702489870354713,0.03391517399974504,0.03915300610170894,,0.04216139206200902,-0.20181875680766628,0.08655612766995766,-0.013656474616262319,-0.00917481342176852,-0.014785690741284472,-0.086942051314048,0.01890755257370648,,0.035467084850711844,0.03588425441742964,0.034513991862393206,-0.25114067120902567,,-0.006675274375322224,,0.039544469072783285,0.06756305721348889,0.023694578431656257,-0.0814320443858134,-0.003236296036775643,0.031306580847526584,,-0.023717973143572442,,,0.010117990954620447,0.03738894309817475,0.026460117999707107,0.02890092770457218,0.03427694280016807,,0.03481692747540704,0.04132718576059053,0.034468415819570886,,0.049337534321554424,,-0.18096433370777126,0.045620286906585206,-0.018908273197765873,0.009846394199548598,,0.028151907193180704,,,-0.03362092079874456,0.025039261120162352,,,-0.00986232937874555,-0.0015115460891158695,,-0.011452828182807948,0.01197578791903337,,0.020256760701036103,0.05352124045429894,0.059756533889642374,-0.00832021249308567,-0.0020464904195553564,-0.01713536692117422,,0.041848214043332756,0.02356785157916916,,-0.00878863864373843,0.019396747701584133,,,-0.009049710741432414,0.002022257031801771,,0.03682204239119282,0.03864633403346496,0.0428936112722346,0.03181667484906874,0.029116319602358012,-0.006659111657695686,0.010413534847663775,0.03115678199538057,-0.020568218954731817,,-0.008944091530920774,,,0.014114224112629668,-0.0009624928350120438,-0.019972709551043993,,,,0.023367594970165165,,-0.00830679143947852,0.022875021495761202,,0.027714609201282003,0.009841903819450017,-0.016130607404825657,0.027716450670289373,-0.009951568740201956,-0.007567308544694932,0.020831887921197088,0.028847012171828723,0.1112778022326342,-0.0005747747984351196,-0.005205939037626351,0.039135450657007645,0.0161533844177658,-0.011257079320565118,0.00361305999396956,0.002650455713921063,0.04796978394663876,0.025200712154065052,0.02812922040281568,,,0.012583915192681509,-0.012355540723055407,0.0399177870577786,-0.010706096236057186,0.02447223640188703,0.030204024697896337,,,,0.03679274203756142,0.043072829652789114,0.02877971783442917,0.01762196399547211,-0.01282002838799967,-0.020297706962674883,0.02460001336102505,-0.0015107001831612637,0.015860990441155652,-0.006082546289922298,0.030346836162627955,0.033776809971949665,-0.027331914958104886,0.033314661225562994,0.034302908753050775,-0.016769451993350493,-0.019637664918935923,-0.003320896752866434,-0.024606457134720705,0.03315702798662335,,0.006418587107303289,-0.09987045982963881,,0.01949414269050839,0.03082360887652179,-0.01035281698414397,0.12419521338339926,0.04157700705529362,0.04390912646396763,0.015029270732816789,0.058100056703059136,0.030518970263182506,0.045937406816596596,0.03360281251598631,0.035903246664976254,0.03208387450044937,0.10995227798121357,,,,0.1065660085700444,-0.013778400248185394,0.05996393122209015,0.011421229129591677
2022-06-01,-0.04496508478678391,0.013675303924250823,-0.007982751399734192,-0.008791860851034033,,0.05365448500492807,,0.002011725044908889,-0.13755077424877846,-0.13867533515310634,-0.11425829710191392,-0.033341743452236006,,,,,0.0031809757549428248,,,-0.012123582682792766,,-0.009498059715142776,-0.014212338775685675,-0.015108375459632747,,,,,,,,-0.01046771487326959,0.10100908887832369,,,,0.03318876619623278,,0.019300517945016585,0.03268137235291706,0.03247496850489255,,-0.005899713436643689,-0.03604933008365254,-0.0017423811272531495,-0.011993184636901376,0.005907206773212674,,-0.025489231526299998,-0.023937644225430224,,,,-0.0019369954604806865,-0.033150885006242956,0.02865576558062284,,,0.02240853305226798,0.0457097940693886,-0.0374601799938655,-0.03946052856952548,,-0.013480077640588471,0.026835421804256052,,,,0.008494911194650604,0.0221966483302974,0.05100315364498787,-0.05009355004922029,0.03595476061999536,,,-0.021137771709419346,0.04953179310122015,-0.0457182321724017,-0.017651687997965786,-0.01147044044963203,0.0007141971337809496,,0.02703046055929078,0.034690877209008465,0.03119416674068301,,-0.02145508359379196,,,-0.09009960794658106,0.002788326544339015,,0.002836793312280584,,0.039568851077499995,0.028723318224035906,0.029685084049515392,0.07030241753829584,-0.09286060608040826,0.042373148140058,,,-0.001311287317445571,5.9467563099659517e-05,0.0005907604715060231,,0.0299878072136422,-0.05547234252634002,,-0.14373819229109064,-0.009480289563539432,,,-0.01592918103727791,-0.01352977087898819,-0.029667104538303485,-0.0005998535794585955,,-0.010271319826690694,-0.01176911561492079,,-0.005642154461385267,-0.008958826792289671,0.018637330868010837,0.025369913467182915,0.02221012044029167,-0.0043263451895688325,0.0069577972923789075,0.01667968857942592,,,,-0.0060484635576603454,-0.02940442728492349,0.02499156871726153,-0.008344456120864374,0.03228599137722434,0.030740302972721918,0.03163345665658067,0.03418758099097803,0.036468069054028864,0.02850704081816862,0.027478085678437104,0.027968511858603308,-0.012613322105264358,0.01203403872541002,-0.038370708510425205,-0.0111095121087419,0.012291058515504277,0.024807859913153135,0.025523265400468086,0.03709905570212166,,0.03225161164513725,-0.0075337304293983005,0.1241916840695828,0.028868619869219965,,,0.0481238785186769,0.03463548492944108,0.037603998502233435,,0.03559027306071021,,-0.03626457695586536,-0.0010786063404783235,0.010394109804926952,0.013354668868743803,,0.0196798366755708,-0.2206099562615581,0.07131064626204894,-0.008327636935689003,-0.010302675053195034,-0.012351224165685083,-0.0948016951570519,0.00855548574565822,,0.03166094730974825,0.02677942376490624,0.03846757223778952,-0.19414083979522018,,-0.008911874359642346,,0.03692756931754443,0.1054047643611428,-0.046608883972150884,-0.055483013854980785,-0.0008628437649678547,,,-0.04728634961539016,,,0.012560401055133648,0.030435572333567685,0.019138678012167815,0.011988252234196126,0.0234020512389131,,0.018806648466484083,0.04380200935227433,0.03098116045748301,,0.04681016754130642,,-0.17259621481422888,0.05376771134100244,-0.02523805422046135,0.00892257737315185,,0.026540090981273644,-0.005833169719890896,,-0.025366436734464065,0.0284614542950404,,,-0.0052970645682954304,0.0033503405276441257,,-0.020479694097652504,0.0010667060025525681,,0.014796903918188746,0.037834796954075496,0.045559865944019194,-0.008483423761724234,-0.0019725857022232316,-0.021714097154715856,,0.03356745367463506,0.033163993698024384,0.03203372175158333,-0.007936600823953706,0.008747827629108864,,,-0.009504554755570568,-0.005397205821641567,,0.033546330161553686,0.042437901019435224,0.034344066217636596,0.029636898633884044,0.031987189300347295,-0.001386648499183806,0.013356554345363363,0.026450142843452266,-0.015240159382207767,,-0.012916668322314348,,,0.013502217387664502,-0.008399237403854305,-0.021137881579155,,,,0.020997296645704423,,-0.008803867548236737,0.0304635832058564,,0.03297727739418745,0.00019312067994611595,-0.028385715048555343,0.019966440766693395,-0.01161455550645868,-0.010985772214845544,0.010858351058003457,0.036142264136543076,0.1294884850313844,-0.0001940579989225033,-0.006119715299520136,0.027828929659702694,0.007057067260027633,-0.011148395520974469,-0.0014342563710150929,-0.004861316499009261,0.034802650575160674,0.027699423741418854,0.02987156646129259,,,0.011664044344382637,-0.010498684827161577,0.037747571177678615,-0.007256429518803371,0.01842082983746941,0.03106971639740272,,,,0.033549962974578434,0.034543156133250374,0.0318467616349881,0.004355845706381219,-0.018908457167936696,-0.013831488185810592,0.042818057105862034,-0.006487707141219055,0.012775400825060013,-0.008672318108160236,0.025421447814213266,0.03721582071639869,-0.019690172188070995,0.02298812204089144,0.030513209516982276,-0.022840719191961786,-0.01544984943504875,-0.01550905477094464,-0.01646100364693097,0.03779204260847889,,0.0052050972320206315,-0.10210885550030509,,-0.02298059268221996,0.038551180260571076,-0.013924830877086979,0.1429362305785217,0.03280819408109968,0.04153922327220208,0.016765802695240632,0.04606171292624403,0.03950495621048092,0.046179204869290974,0.05310175612114123,0.04201546136305068,0.023935421933178925,0.11176875397048203,,,,0.13367361426785376,-0.029759067913869345,0.042668119049544984,-0.0008726652174507874
2022-07-01,-0.03738001952411475,0.009684283011507755,-0.010428626238109896,-0.002069493419040891,,0.046836842220279326,,0.005161273981053422,-0.17721204289655687,-0.1727403226289769,-0.14297276784441357,-0.048420134907335016,,,,,0.0038547207867566146,,,-0.0064231322036841995,0.02007559623762843,-0.020620969255821946,-0.0069616164428066025,-0.00844364626304662,,,,0.0402253498828528,,,,-0.005671074515888369,0.12553530270190233,,,,0.03409491045031485,,0.020953966343906543,0.04240881656639422,0.04522049398609598,,-0.026782205552793467,-0.0325052332718,-0.005136376701560006,-0.01871278230172158,0.0049570595100234555,,-0.024791313423045976,-0.02629317045166664,,,,-0.005547831574205356,-0.0321649220145587,0.023003864393789656,,,0.017926412901893177,0.028837286946867796,-0.044550688830572574,-0.03666512368190909,,-0.015390780280341266,0.018848373953946562,,,,0.01984220808628889,0.023565184524250198,0.035487974011613146,-0.043056063987374105,-0.001642196135748766,,,-0.013902562787041156,0.054000210212028166,-0.06750695332000768,-0.024481973747913915,-0.005483849641663638,0.012849869863722437,,0.0278051660427712,0.03101862685513793,0.033291320135082764,,-0.018090693810177232,,,-0.07583664729129788,0.0029623898227209952,,0.005765369936064871,,0.008933859160132306,0.028285283793711348,0.02697980395042166,0.07069708116233861,-0.08014802475609117,0.047234682138272185,,,0.005899098378499015,0.007123327517215298,0.012008328311735959,,0.02843545597118617,-0.06077350609386361,,-0.15834326069950722,-0.00830080024440574,,,-0.009273986047387042,-0.0011994527652300945,-0.025370593600091293,-0.006100420850827361,,-0.006440404854342408,-0.021892877979973333,,0.0065275010714474935,-0.015561779660768122,0.021491970178529912,0.027919310230072856,0.020667255130849774,0.0034681066825087755,0.0035222012946245613,0.010018543664347629,,,,0.008020661575528078,-0.018997311333855894,0.02099709510408617,-0.0022812814405715775,0.023032981504627896,0.031054079767483325,0.03126418776170154,0.02803690110176147,0.024268238319393797,0.02344666563157608,0.026524840404468012,0.01918050928558359,-0.015622394639444015,0.006940860786268211,-0.0389912820267372,-0.013129641157376568,0.011940445446668484,0.024305429783684822,0.020762727360954712,0.027028947031219826,,0.028410123236689785,-0.008992896103034598,0.11870906514479762,0.012739176555041299,,,0.03972842996293505,0.03591833705680069,0.02728209169965263,,0.0385884167369423,,-0.040879828431881315,0.00580255078883509,-0.0026031769576976877,-0.010221289833647486,,0.004328314471005135,-0.18121692154968166,0.05315635138016469,0.008450417355295808,-0.011222869778465825,-0.003725056823369648,-0.08810854018853591,0.011750965167767866,,0.02564266800026363,0.015349770249932577,0.03735664321402025,-0.23763769960932155,,0.0029688308312880544,,0.028723520891985512,0.07127238706996349,-0.013733688516063684,-0.06907950576042374,0.0009221041772491431,,,-0.034190187628249075,,,0.004407094872551293,0.018233930602060383,0.006727284582712772,0.0006833945442402413,0.01923038337682961,,0.01157569945452505,0.03811134775865002,0.028328408357621578,,0.04523260137913769,,-0.17533547139823816,0.05582334516337524,-0.021016672454739205,0.004829147897132363,,0.03418063570237925,0.0028440182335284898,,-0.024119153887003694,0.03257294290423091,,,0.011261025778011791,0.014293058209462675,,-0.03473406726732261,-0.012670426472126874,,0.010509082562608546,0.028447314042180483,0.03291594695492134,-0.002064929123643181,-0.006341649491725135,-0.019819396186048256,,0.008372764026360346,0.04070820112146602,0.031726755317928707,0.0010401967095258337,0.011323717318482408,,,0.00046979990085150436,-0.015251499112398492,,0.02822506726379536,0.043539230754909966,0.02327031353669208,0.023224845185320687,0.03151219964275489,0.011382630686597265,0.02792829648947461,0.022897127127297523,-0.007433759729066437,,-0.004057579616960461,,,0.02073936620685528,-0.013346903987786206,-0.027659799267811456,,,,0.016269547291392822,,-0.006604174440082438,0.045313493368575854,,0.03079139835147901,0.0010368256568250441,-0.02537175747017093,0.01874406216151666,-0.008023053779602982,-0.022451796278222313,0.0031128885121713195,0.049846780234082316,0.1237918026179633,-0.004539592006601123,-0.008418135046336326,0.010042354537642585,0.006005516689188667,-0.0012264003097379825,-0.005555743407561951,-0.014305759808884518,0.030966587357648085,0.03374428332966434,0.03070348984719182,,,0.005681681179346049,-0.0016146321757448236,0.03932530051382146,,0.016218138524226367,0.031687939257001314,,,,0.028555734152134197,0.023051564761358185,0.0315294707242856,-0.0007646398275442558,-0.04215064655034494,-0.012481017462494751,0.05024333603808585,-0.009191117426997318,0.00908984058646519,0.0018749259343438154,0.020714191312435938,0.03580357302738271,-0.026955629730099826,0.013018384760434955,0.024138549779442225,-0.019110544452494174,-0.020283165945752836,-0.0186099546839073,-0.014364110013481169,0.03780618693117879,,-0.004595395695565788,-0.10559801176008282,,-0.013416048515809775,0.03669016051516371,-0.03826601140094268,0.13879917673959558,0.012776592851751567,0.0323421468084656,0.009992359529473374,0.043131915143677924,0.05307374784063727,0.04871246268681707,0.06173285573958153,0.04711912055046878,0.015404965695070976,0.08829004508658814,,,,0.12190667067356399,-0.030739366401331777,0.03438512378959675,-0.023128549797025198
2022-08-01,-0.032875614515059444,0.005675969904984316,-0.007605914551670159,0.0007295420438402236,,0.04992586640795094,,0.003437906749139372,-0.19898424784549773,-0.1946792974597236,-0.17173601098123098,-0.0264901542419435,,,,,0.0035346739344052475,,,-0.0028772710025843275,0.015106114681173032,-0.020866231401575237,-0.002709194998929096,-0.006178315295799868,,,,0.007078145763938509,,,,-0.01638731638135681,0.11083802150826935,,,,0.032954385024136806,,0.019422418370929145,0.04726077266800326,0.03885902004836827,,-0.03573965815035041,-0.0315004602568048,-0.002210537737803156,-0.017873879163894154,0.012797770209804568,,-0.019495531489794337,-0.019813412098134666,,,,-0.003469426687048322,-0.03178056836721341,0.014230061775296465,,,0.014353585946134973,0.029017084280343445,-0.03221761976088226,-0.017900833419859055,,-0.012335222096697853,0.00833638235143757,,,,0.012113559279803876,0.02486512292230675,0.03579800279170397,-0.03995110183729772,-0.011331452027675076,,,-0.028815834477333265,0.04548759103995431,-0.09635152841452334,-0.013882631777331797,-0.0031190242353905653,0.014000316643102714,,0.022452529470650167,0.013034104333926455,0.032942740001487565,,-0.0061818325815773695,,,-0.06169480382753701,-0.007120402598986578,,0.005595282872660021,,0.01412530968725763,0.031115093461369207,0.017275286832174382,0.07175274130200099,-0.06724907536987179,0.051595448694518306,,,0.005470052166860463,0.006821677706194343,0.010611908403868104,,0.03246178309377263,-0.05325910405075297,,-0.17864073619846177,0.004270988611762414,0.0004172673246959366,,-0.0051389782744613146,0.0023513664231372537,-0.02610138886251749,-0.002295887149527069,,-0.00289350637235272,-0.02063253114936083,,0.009550120115769188,-0.03753847422960779,0.0049185356729871225,0.02518322100158727,0.025237988356866775,-0.0017712337429764795,0.004611435574606728,0.013962584590336028,,,,0.009588799346236916,0.004799663735446989,0.012093442108988828,0.0005271558754959551,0.0081932625412371,0.03126023312718596,0.031323807446526714,0.021400499814356613,0.009740549889969969,0.015514091916707117,0.026904400961313316,0.0028889013205433125,-0.019354191096925998,0.006014052644985781,-0.04805140385728715,-0.03275283816530392,0.00536462002750612,0.024150138592279945,0.013115864230132166,0.009999578388187625,,0.013798854915858862,-0.007798386207951486,0.12201065257179416,0.01811791371774799,,,0.04496307803732295,0.016254248587145595,0.009059073225667328,,0.032773940871219126,,-0.031681717445477785,0.003885497164000696,0.013334677461102283,0.010206226649432588,,0.02043592975194392,-0.14834754159988053,0.053204931480744976,0.00952200802887126,-0.008554090920749184,0.0011828399315347536,-0.06949105685238958,0.011618596908889212,,0.017216569150648453,-0.0018128153911011104,0.037931215417743566,-0.2347321489344113,,0.006535852404765015,,0.019943038676268874,0.0721596262026054,-0.035499351962179175,-0.07332254502865568,0.0029808934641885987,,,-0.005928999390847712,,,0.002062038629626518,0.0024120881199386655,-0.008463314261665487,-0.015309209086797324,0.025886951995427936,,0.001494240435637926,0.0457035648370434,0.025215940291023975,,0.018065422066519867,,-0.159749479070998,0.05604414713405569,-0.021994866004988626,0.005126187953191109,,0.03080434451976986,0.006107647434589646,,-0.021854709340665548,0.03577333010143834,,,0.012687218675959845,0.013251819351483583,,-0.05908304211717302,-0.01313783905007792,,0.012820744149422754,0.024561808850814635,0.02844228327592233,0.0005643796175310593,-0.0034216403165592646,-0.020976979092069303,,0.008751940654010996,0.04336579584879508,0.0225755521919898,0.004130831147574447,0.011900067874936993,,,0.0039176345735708485,-0.019256284366090105,,0.020831548716105912,0.049089923796986124,0.008803813906271002,0.017961315336811983,0.031339545723959646,0.004210172016713503,0.027770843411918194,0.014321599316508143,0.000816921014502045,,0.00043681896769145876,,,0.017834271527452313,-0.016057210713971343,-0.027592217274537516,,,,0.01084916724535912,,-0.004457637326999503,0.03755946985057246,,0.037282536266275874,-0.004614380554156094,-0.03935983446172445,0.01869620715002495,-0.005295685350889495,-0.020390046795297215,-0.012979679112920865,0.03977082238825049,0.1254223288966856,-0.0022584437974782485,-0.00657999814130525,0.017004567891491306,0.008835819985858211,0.0018798214524388237,-0.0016169789424693066,-0.01900074458753725,0.012608416382314143,0.024962777665582178,0.027819554967359394,,,0.006433232783215672,0.0023264854351405105,0.01771338970076166,,0.00843952648392598,0.03282327130723005,,,,0.021444541743309033,0.008034627018646785,0.031345336902785466,-0.01901288218588152,-0.04599505991186872,-0.010105101564786351,0.052981086655213575,-0.009018124984075504,0.005202090176909285,0.006114372083387174,0.01247060102079547,0.03794716526318074,-0.023741047874841,-0.004259855593549089,0.015440163978502569,-0.020428740869548816,-0.01662210747110916,-0.02928791940168785,-0.009898707890371665,0.041472905561660764,,-0.023329533567623864,-0.1203072450646298,,-0.001505855747715891,0.04273864348014259,-0.03927821701750503,0.1397762362136814,0.018318633509117895,0.020500700246139755,0.011992552073068838,0.025845952392520233,0.04318092197686835,0.023954181771866187,0.06264353372446031,0.04019186726398349,-0.0038185728344820656,0.07532113791274914,,,,0.11932253711257954,-0.042924274606431986,0.025091222030382127,-0.03426809983207497
2022-09-01,-0.007076820649554366,0.0037126119059540646,-0.004256649928506341,0.006696595850461163,,0.04835405818186439,,0.0012841800716896267,-0.223622021836999,-0.19822032835334716,-0.1893310953758631,0.02209178315590391,,,0.039554337931702745,,0.0034732778249391702,,,0.0020221883561605367,0.024208275481288465,-0.025994437907654898,0.0038898853390713535,-0.002688699034797983,,,,0.0040468753199388715,,,,-0.012965237503470197,0.12715589277695127,,,,0.03160035905753314,,0.018685848810787144,0.04612094004162812,0.06065430637101243,,-0.046061273928335394,-0.010770622466158411,-0.004698396304005356,-0.018963307151442677,0.022426424796919583,,-0.02299460875114847,-0.013469552505681272,,,,-0.006271663945148658,-0.011985810909878047,0.008503171645766467,,,0.011171981794052918,0.02705068302325785,-0.04675875257595539,0.005738267217172679,,-0.01160268609999062,0.0033210336360025993,,,,0.008856856170465228,0.027608926476922434,0.03740925991957725,-0.05159798870871288,-0.016500586583243427,,,-0.007133721608594153,0.04631150804100947,-0.10886976316169354,-0.01988013438887973,0.0005812021559336805,0.01385224618751377,,0.02145100997798338,0.0032723762981168377,0.036288538788674204,,0.0020965940113565023,,,-0.0017500706827740468,-0.014423224936374516,,0.0053955813998921845,,0.00037049704820729467,0.041243155523366104,0.011721707042020952,0.0711021520635917,-0.0065920184070244955,0.05420233759374954,,,0.005638986687661858,0.0065627628667362875,0.014917486009073595,,0.04146751130069224,-0.0441612291516437,,-0.1968232246706595,0.017240880352147013,-0.004297898123649777,,0.002743097784178741,0.012001085917502064,-0.007507282382557143,-0.009740990427704528,,-0.00038586738009710334,-0.026759476775890023,,0.01957168839659322,-0.037128898638515435,-0.003936400681251603,0.02789900259404528,0.02847538060805709,-0.004542716348981589,0.012447603608625978,0.022933617883249314,,,,0.01934823281051982,-0.0026093612064639216,0.008645762957704336,0.005691749079887667,0.0001261985122558653,0.03021684222824164,0.030708514265932928,0.016109335660510548,0.0014922753126639912,0.009977579375853808,0.026157308806658505,-0.005708115726009645,-0.011685270691365357,0.014247240671942876,-0.03944415164419912,-0.036575897429665584,0.0009404727203782717,0.02035401760685838,0.009015196236317436,0.0012290299966459892,,0.0026145855192987637,-0.005252772842408136,0.13289580216906619,0.01060666089801968,,,0.029322432709996592,0.012603682085857595,-0.001308476451995852,,0.03650069162945158,,-0.05169404563458478,0.0030512396519703027,0.023063217715764413,0.008267274158948106,,0.033141412386434754,-0.04064025624946719,0.050495401720350906,0.02080833230659808,-0.009573002808841352,0.009161960959433392,-0.0196564478482842,0.011949075967080844,,0.01126775834147766,-0.012033535778287686,0.03843298655626325,-0.2431729567738298,,0.014527175508854084,,0.014726225264740956,0.07693488384053031,-0.017204947407591684,-0.06653058227276387,0.005799220221472346,,,0.00533615772210796,,,0.01955361886223067,-0.0067022754790263045,-0.0183778597111707,-0.023032836633206273,0.01571234912910242,,-0.010973444035023676,0.048753608664477234,0.021921541439628812,,0.01400989149392726,,-0.02192195050374343,0.06076715908076329,0.0034670512818144395,0.004980829097358153,,0.03544247786952036,0.015086648562221177,,-0.032643107679015244,0.042214283434286244,,0.0019822473582098623,0.022113925200164974,0.01879289469109628,,-0.05813419650736941,-0.0013709451148470138,,0.022355546222122078,0.008697018838780298,0.011804887655757901,0.006306573402712178,-0.006686659891233108,0.0034623965926845568,,0.007873961667686582,0.04966020036592447,0.01179829204953459,0.010267821890693824,0.011899768727337987,,,0.011400883622286875,-0.023880724927631714,,0.016090298403343774,0.05297510443514024,-0.00022981274295431791,0.013784861002317041,0.03023260482165785,0.012854083875910593,0.03708774129347469,0.007595254987293368,0.027964679105940325,,0.007359716184406387,,,0.020520323998308783,-0.0188184924831108,-0.026914326381720134,,,,0.005894243646979154,0.011458478754701445,-0.002698290991820745,0.04784554554268023,,0.02627222709499989,-0.002598030097200881,-0.0376276418038467,0.02170331686915003,-0.0023872717569983696,-0.02706243828051331,-0.02406378266820354,0.047655105518408195,0.13781482723112168,-0.005772561550145464,-0.0022631029701571134,0.014497045089647291,0.01789580490241482,0.009942529082821176,-0.009511113938560358,-0.023468720962628663,0.0033404119938723544,0.031140871321671114,0.024498420099001914,,,0.003662058818018718,0.01048369308835508,0.012518307394823715,,0.004077269347738498,0.029719403305058945,,,,0.015829181161819864,-0.0006426521750258522,0.03057004870786545,-0.023789163197157875,-0.05418501565104834,-0.009964631514263772,0.05603131177763088,-0.01706303741292587,0.00375372594866385,0.013064746862509942,0.008308419791753566,0.0373797334213411,-0.023518824442783866,-0.014194005648989533,0.010014320415445232,0.0027870727839804134,-0.01931111577172815,-0.031357908984498375,-0.010434000369398705,0.04227963765300361,,-0.01774354302042141,-0.08213287227559013,,-0.016427217040213417,0.03288460335339791,-0.05071830393709573,0.15387029977523164,0.014883089245331932,0.014535532732111589,0.008667357832440393,0.017167789781056306,0.0498489699479967,0.019547494709326894,0.06582536209547087,0.04395855279031362,-0.01463140137192787,0.06202729886588533,,,,0.13641959390188518,-0.047887964019153,0.018080576475819014,-0.045329606765707
2022-10-03,-0.023642202788099,0.004401766746654895,-0.011762142968528629,0.0059873006639551704,,0.07991817602819831,,0.0048374872564482425,-0.2175257063009539,-0.18888505875868225,-0.18474167895133717,-0.012136124297045118,,,0.04114742452054167,,0.0034648200255987193,,,0.00036501406244038396,0.0225810964286642,-0.02543234636822343,0.003819994486290321,-0.0027512041577427812,,,,-0.002169708008300762,,,,-0.013139609493539064,0.1098809073777481,,,,0.032775480736126676,0.03832458475255081,0.020781790647234302,0.0435550529562178,0.06117122386127452,,-0.04629732169853323,-0.025092635253855345,-0.009087114922195726,-0.03538860807809636,0.012390264006580673,,-0.024649689408446473,-0.02261941894761418,,,,-0.010045759429158519,-0.030279316523052203,0.014370647058890882,,,0.01456347139525722,0.02277861822345451,-0.056939760052369975,-0.014849838017673842,,-0.010227173631690956,-0.0026751238343028943,,,,-0.008322570017293793,0.023805651925293242,0.015397462699872126,-0.04454041701609179,-0.008495186559883374,,,-0.01509316359141844,0.03140609978049657,-0.09503259164159632,-0.02729440380840238,3.072629025372391e-05,0.014380275365805559,,0.02185660205081549,0.01299714676524911,0.0366792707853792,,,,,-0.03996922437079811,-0.007693090065186628,,0.005452111729209364,,-0.023555628335685034,0.025394001061509602,0.01627644735798835,0.059370306087885336,-0.04311741104926954,0.055175896076928375,,,0.011707396303065644,0.013126757448884595,0.018474940125931254,,0.022775134193246664,-0.05366518019451972,,-0.18487166523447143,0.042450070349777616,-0.015155407756810974,,0.004317656406345165,0.009997975226311608,-0.020790436471148192,-0.016005579640852426,,0.00015740947283938186,-0.02507752640418589,,0.017170990808098776,-0.05844894594863326,-0.003755327367768777,0.035007092902181326,0.031136229808227417,0.005931185216181167,0.01844469705785211,0.017328966665465125,,,,0.016813617384947584,-0.028659389308013945,0.014050690522490014,0.0050040250212809645,0.010086836907632547,0.03132127888959179,0.03167934674846914,0.021459957006711692,-0.0024120848596932,0.015393293863173776,0.02734859308530425,0.0038682746721623133,-0.004287371740956239,0.008719272577937946,-0.030194895641217207,-0.04382413150806333,0.005886613250058094,0.023572239029910274,0.014529407818646296,-0.0009744569149037408,,0.010716525752418951,-0.011343354639150425,0.13208003565591,0.001581027268595016,,,0.024298081774303863,0.019404700623704717,0.0019869867460955482,,0.0374825925762875,,-0.04605628328446142,0.009509682990336298,0.021066272990069194,-0.004839164678600841,,0.020848116989796578,-0.08484964817259803,0.03344422016712767,0.018307891385687045,-0.008180842722256325,0.009621218481197681,-0.056755017818566095,0.017280259385646292,,0.017009685658032868,0.000368049844974665,0.031911865384636376,-0.2360476033045301,,0.01573806874476654,,0.020077882988068944,0.07998338901356292,0.0016039272180353693,-0.02977246651880701,0.013249875081778112,,,0.0016575984693386688,,,0.044111032875427,0.0033112894005300946,-0.00680163023838959,-0.020697886186408953,0.009361797134353098,,-0.0057356776438888,0.042308753153031745,0.026209122008276953,,0.011649150254413702,,-0.016267229123138497,0.058062817952833405,-0.014327152204903666,0.001492969835632452,,0.0388474563282931,0.01502391656605354,,-0.036667528518698256,0.049148675340836626,,0.002607166289474474,0.021295034386417316,0.022254521107873532,,-0.06799998000772374,-0.015086518962266832,,0.02761099897973866,0.01876330784543112,0.02036939029546452,0.005752504471136018,-0.01041291144138957,-0.013160855010515794,,0.004965056110502845,0.04787218229537236,0.014049499342327692,0.009713933363304552,0.01749080054920548,,,0.010480011340703902,-0.02414124299199056,,0.0213703944745478,0.04967263435434812,0.009588790427332867,0.018751245281815977,0.03133177551780791,0.012022806556227643,0.03504057008119954,0.011567358063927993,0.05587277287621846,,0.010421517998451408,,,0.021026732301263267,-0.018279760206256365,-0.02592203469788766,,,,0.00897080927221398,0.011264477312584242,-0.002921929093996052,0.04043518401042782,,0.020875480294184935,-0.007792599258684672,-0.02891186194556573,0.02625709905951632,-0.001542178532230573,-0.02472357415274929,0.005012408221966262,0.05152222990856602,0.1522739047215939,-0.007998955515256154,-0.008327892251512778,0.006279624666765276,-0.00222631057425754,0.008846663866530572,-0.01639377079562254,-0.023777903920961668,0.0129180219969191,0.026534070726896765,0.027423013479895376,,,0.015948290519529198,0.010739088871488582,0.018192236257464346,,0.008088721788862132,0.030627664254766648,,,,0.020908438196105748,0.00879108338353096,0.03164147441734857,-0.015406287514227455,-0.05989846861389101,-0.008760839758942733,0.06170195944618287,-0.02020826187143901,0.004358065886585182,0.015204189551731017,0.013875082016638047,0.036180722728331574,-0.016686616655208014,-0.01608742169906134,0.015529832459070768,-0.013992858075288014,-0.02069098059961748,-0.02475089586966308,-0.01693749903168898,0.040235676905088905,,0.006064157069943396,-0.08227190233665799,,-0.009452437027361179,0.02572205353556094,-0.05739905691752049,0.16807869082451693,0.004666721409439378,0.02043649216949039,0.005662737906040304,0.027421383057233743,0.053730880698626,0.017675061619616447,0.0711888109353559,0.03804647371930616,0.014850251443588118,0.06201757878887414,,,,0.15676120220426082,-0.038688095668841356,0.023263536063651318,-0.04561239260780573
2022-11-01,-0.027523543058589454,-0.005029582894954137,-0.0230244857036558,-0.0014295069260512074,,0.08330714798566707,,-0.006137904969334229,-0.23573874011263396,-0.21188184575568114,-0.21002389006841093,-0.027418741689273506,,,0.027388668679601987,,0.0038166510280606436,,,-0.0060473872160956964,0.02216125449345216,-0.03575963686578529,-0.003859877398109845,-0.010768407881525366,,,,0.006370154500578439,,,,-0.01662400370903981,0.10156833661711083,,,,0.026299290835669974,0.03422018852376358,0.014365170240138048,0.040271210787140674,0.04527814032896194,,-0.05855962006469441,-0.029871896709589656,-0.02348522949163039,-0.03406555956617857,0.010307547460036393,,-0.030382107559984536,-0.02151343112128876,,,,-0.024574949846593395,-0.036825136622855824,0.006006455668672926,,,0.012949198432556198,0.015436829993146472,-0.07251783714666511,-0.004289322696933783,,-0.03849811843457279,-0.00087875712958144,,,,-0.01248564682082459,0.00941803271696759,0.011154687598957517,-0.05377096489152343,0.03290889051426238,,,-0.01701885221708501,0.03223326228640554,-0.10462274845282132,-0.04288232909241337,-0.008118833936789726,0.014114351541285552,,0.019726187884383448,0.0043073678526249475,0.03184977238165113,,,,,-0.04038626019433638,,,0.006438675960274356,,-0.01754124626133171,0.028543178458857496,0.009734129400123063,0.07334703224826353,,0.04927338525146744,,,-0.0027842683538649602,-0.0009769484255063789,0.008400713268632554,,0.02886984739067864,-0.05232464702120213,,,0.04961730849994203,-0.02147384293833005,,-0.004884893958355871,0.0038868311216742443,-0.025575908267270926,-0.028044669031635956,,-0.00894082891283348,-0.03845374441942743,,0.013142942971044166,-0.055831846420524925,-0.009402931633072762,0.034550941316787126,0.031243006140091813,0.00857842225741595,0.01449822069708092,0.02218956461868051,,,,0.012405812171520121,-0.02041664766538856,0.006522140785793304,-0.00241510200294,0.00046624562246564853,0.024615445129504566,0.023592704106839443,0.013886384398397098,0.00012050068060233099,0.008847674852466876,0.020171733584079247,-0.004030517519115926,-0.01208474916599071,0.00592138097348021,-0.03492833527699584,-0.03624727485595219,-0.0018194393185662525,0.014554777066274975,0.007097315171781548,0.003469474984713958,,-0.001368531445916996,-0.022183591099701052,0.14303851398404682,0.0012774473765062566,,,0.02300400982210751,0.007967169370957115,-0.009250725364207481,,0.03560478289843683,,-0.07773033934359898,-0.0050041835149521674,0.008204379770425213,-0.020964833851902853,,0.015393538458900314,-0.08849657563462991,0.030909605388007542,0.015147023161118286,-0.018773537194361523,0.00029419613616874234,-0.057818806040060275,0.009938054833114896,,0.00873695131194406,-0.010868302997262576,0.03334737735024392,-0.23741823690489977,,0.008253857450389736,,0.011399344363427667,0.07005171417173338,0.0555284487368898,-0.025956776742906154,0.001673795758818593,,,-0.008455420377534762,,,0.057403741943204085,-0.007067977351433464,-0.001747626855174117,-0.03690260803362173,0.017500769757956423,,-0.014945257115116071,0.034411947311770004,0.016483388669655,,0.0049240385952208756,,-0.025975913475034314,0.048536146133121356,-0.016492731739708253,-0.01074789312225415,,0.0335912514880746,0.00798378567786744,,-0.049018242250082715,0.05367821335845141,,0.0031383012851574285,0.01743312416386645,0.012254052483735697,,-0.05749721554188703,-0.024559774833605726,,0.021011176736690954,0.01671240787202583,-0.0017141961474232493,-0.0006177688972963707,-0.024234072218570855,-0.015845367162962625,,0.0017276141976536523,0.04043151254854545,0.007569883891132191,0.0025153766867566157,0.01030217015639506,,,0.004430251300281265,-0.03327084024956325,,0.015180826858568273,0.03815578299579737,0.0009719528394238139,0.010293734664745516,0.024555091683803962,0.01025987166043351,0.030814924357909782,0.003592376513859368,0.06472281438206712,,0.00025599140529678844,,,0.015510127931243473,-0.02818132047638805,-0.0379198562849333,,,,-0.0008366033038201257,0.011748215943768809,-0.011377561088311935,0.04740883205283802,,0.019847102424163474,-0.005540485393181658,-0.037578158652657595,0.015574584880604125,-0.01103713012136371,-0.03944649324661733,0.001259341947617961,0.04573148184400381,0.13866077728885107,-0.01097121136941222,-0.011132066238190717,0.008350320110856286,-0.0003911011571548656,0.002861575013312117,-0.028837552429878906,-0.03233758934004523,0.004435071227503718,0.02129555204365581,0.023553695279622117,,,0.011082781135688185,0.001678805887056721,0.004315919211659544,,-0.0003609626274246572,0.03230066404380692,-0.002212857926650891,,,0.012900801363747473,-0.0002761931208528439,0.023827205889840934,-0.023894621883140295,-0.07077539467896138,-0.02645223030282857,0.06941387354615078,-0.02940901693306529,-0.004235375884742158,0.007196693738894562,0.006006110663037502,0.0318103366658869,-0.024795342961202584,-0.01274964320378317,0.008021428730171911,-0.016299188130516295,-0.025117883388746622,-0.032138425381302446,-0.02673506026891323,0.03565217354502141,,0.0021091710491794083,-0.05891103018342287,,-0.017252596962656516,0.024229653598825836,-0.06707512572564993,0.1594186328743069,0.00015584496259182166,0.01034623552820853,0.014990773413732702,0.017109148463142203,0.04784707897717462,0.013391996335805161,0.07913732508535913,0.03290551417201785,-0.003647058856851595,0.07595947716850181,,,,0.1342357356555689,-0.05873063963501303,0.00510138342827232,-0.05670383407381978
2022-12-01,-0.03882314919151596,-0.007885967303643026,-0.02578069883944491,0.013303569671555087,,0.07370594504113037,,0.009894823206402257,-0.23884418101992003,-0.21200289605523448,-0.22060481932192455,-0.02803107970970744,,,0.027912838808153193,,0.004094134691680926,,,0.009617220071586096,0.039336259093567305,-0.03337982548107341,0.010896999977998216,0.003821614920952933,,,,-0.007880935676306773,,,,-0.008520673452967727,0.0935796933214116,,,,0.02674537141049908,0.03524220953137571,0.01659637706830429,0.04093158088246833,0.0650258658090724,,-0.06193874605061284,-0.03747572340594939,-0.023231318419267226,-0.013948708137457168,0.030165320453279385,,-0.021029239934818953,-0.00516928941122035,,,,-0.024629833949788744,-0.04366256876386186,0.001745120225454066,,,0.000644940229766833,0.0076279384168746215,-0.06973870922344451,-0.01886063009853257,,-0.0214134356704258,-0.006398816087702304,,,,-0.023555340095851914,-1.9492866014384115e-05,0.03762056810076282,-0.06678546183362448,0.056116528309738296,,,0.007482965753857675,0.04677761222482935,-0.09663237580311945,-0.0406485906202472,0.004150489514484753,0.014131468246712518,,0.0230114109430983,-0.00689860048997049,0.03014706451924633,,,,,-0.06684038021907995,,,0.006443131899873466,,-0.021463642127509116,0.03570280134209866,0.007702996136821363,0.06413134513379963,,0.05306374035443622,,,0.01545352558800955,0.01732660104760104,0.02943974651253758,,0.0360412993320113,-0.023660934516666777,,,0.013759879757632851,-0.02281370051894186,,0.009032810610090364,0.02283236225813387,-0.03216788660465015,-0.03314595553187745,,0.005305935556648298,-0.03529575208489955,,0.03343973431092003,-0.0441423143583335,-0.013571404308830892,0.028839308206787352,0.022540522831289513,-0.0042009964689215615,0.005027250876466506,0.01207657757120831,,,,0.03289845179827971,-0.0064303901584399125,0.003756730489064784,0.01772290127183438,-0.007290482511932852,0.027094136771201423,0.02601127578936025,0.01057901952673402,-0.008263777811480416,0.00555614911347961,0.020641365413437092,-0.010991555025076757,-0.010510269252916165,0.005969026562539305,-0.02820934194987474,-0.035185470248098365,-0.0033504366188229287,0.012298465913173531,0.004281148300278156,-0.007150851592854035,,-0.011638015499476021,-0.02489991848387546,0.12463593899357539,-0.0009613854506255534,,,0.014450336169524722,-0.017579543913734848,-0.02277828719464451,,0.04051633229988278,,-0.056015640647755174,0.013196853901965053,0.012927741026225336,-0.023746038352672288,,0.022366733203617258,-0.11342877932771182,0.008532684687371637,0.03631480318495288,-0.008081663291673293,0.01382062609379414,-0.07827011878738706,0.009827438849049646,,0.005424548481771425,-0.019581249556969042,0.03600018493350258,-0.23057587786471945,,0.026080792069834123,,0.006521179432144314,0.0573138163259449,0.07677587914835475,-0.05298936406437238,0.010260915568287897,,,0.01365645606387375,,,0.021222585540847203,-0.016023650323350735,-0.025175927721843478,-0.04715334122481203,0.007543820312562943,,-0.01968448032150067,0.03464160373531755,0.016290685767978305,,-0.018622714627822164,,-0.0236517408449096,0.07005591090775828,-0.02386467460170812,-0.011889019740730231,,0.03747676760756411,0.026085573883248288,,-0.05080688839199983,0.04304906784728414,,0.0032958398618990947,0.0253257972554555,0.03275123993372821,,-0.08666510582207353,-0.004768872949766864,,0.010905400952622508,-0.0172824273431926,-0.009774396279591745,0.013325018984115424,-0.02551356218138236,-0.021323176664698098,,-0.0008403437199591586,0.03907659079998636,0.00727072290422721,0.019800032739283834,0.010166810750573881,,,0.022327873376934447,-0.029655298250463424,,0.0091322108357119,0.03394336677557771,-0.007671122646529735,0.007330490703710319,0.026911211443782196,0.026697119084935106,0.04558899913446062,-0.0015274664013259942,0.017012017007524433,,0.016999221345449792,,,0.020189664114972493,-0.02174585224416476,-0.03577584309905013,,,,-0.0035157205846633203,0.011634154230915676,0.001618428714578268,0.060650766882205276,,0.01154457766042614,-0.004264630724838815,-0.03373405060884227,0.015630382044957557,0.003418148883269157,-0.03631898964352893,-0.016956391707600153,0.048738415353541974,0.12827044397571796,-0.02383287073038481,-0.022408415515243595,-0.002194807010078374,0.01793457289305763,0.02072687961387355,-0.03404924810806292,-0.0286141285528907,-0.00703592033707965,0.043324102870366955,0.03582102503377492,,,0.008741458795191854,0.014631039002363037,-0.018413183340247673,,-0.004956523464416517,0.020963323515039718,-0.005112940347822651,,,0.009553678226495332,-0.008910156620825595,0.026268895988985252,-0.03102601888081872,-0.06769902839054326,-0.020168832361928974,0.05563447886608796,-0.03585230922081649,-0.007248537606872876,0.024650557741813545,0.003209237499948725,0.0337323319355234,-0.020823348779626553,-0.021082411285696295,0.0046524152205638745,-0.02204808500687924,-0.015838317839433774,-0.032480549182212534,-0.028814799226159368,0.03870568529842223,,-0.009456321482008647,-0.048761466006932076,,-0.004095564412355477,0.018378792149865923,-0.0631668606901487,0.14397871354232075,0.00029830008813776785,0.003834439646836611,0.011915976462221672,0.005438524428573369,0.05140957818128024,-0.01141406868242714,0.06665416322552185,0.048057438401702214,-0.012424972227565903,0.06582484437342538,,,,0.10577285165349294,-0.043273232453173584,-0.002879265631569113,-0.06317678372557993
2023-01-03,-0.04094770514814866,0.0027292503163866447,-0.011183410697822277,-0.0005756242138345377,,0.09522694557014241,,0.008055873840787755,-0.19059964990494832,-0.1783886572100141,-0.18350913975237612,-0.04747192379294973,,,0.04512978824923635,,0.00401988329013626,,,-0.0022298836053333587,0.03383962394188418,-0.04535730498739049,-0.0025094051875756535,-0.01009279467933758,,,,0.0020731623494809615,,,,-0.005915622581799035,0.10095064850305532,,,,0.03526851937914213,0.04332541204799423,0.036246676563150414,0.04769112973574126,0.06531571020196737,,-0.09097110709646766,-0.030553045301358498,-0.005420474052872001,-0.015001906541656576,0.03143151983177693,,-0.020304577490669256,-0.0035556458398446874,,,,-0.006905355097127631,-0.037511765075209855,0.00941535026368381,,,0.023257962915424608,0.01825858888864376,-0.03357097435652714,-0.03428952422123178,,-0.01757165416348677,-0.0020256394842112987,,,,-0.034205677937303954,0.020710491912409767,0.07375695332423964,-0.03396619050321616,0.07412739118429262,,,0.021549421845995353,0.03241126731739481,-0.0856975345566755,-0.0062582792920844255,-0.00955704261438714,0.014371408910467481,,0.033376870389608536,-0.004619603724733312,0.03718597254389578,,,,,-0.08813609488076106,,,0.005576540445644939,,-0.01896187442699284,0.024773126550137158,0.012106540655480655,0.08120600146803772,,0.0652889469472653,,,0.017697524313562505,0.01924385844977929,0.027404230263825685,,0.024519983081653082,-0.007174154591582803,,,0.012694003720320346,-0.004422439553964459,,-0.005729773548541937,0.009956141265935652,-0.025775402398249374,-0.007145142151504829,,-0.003590451432185261,-0.04201034880124586,,0.020533921898145645,-0.04278502913297858,-0.0031672824467336032,0.03801893710718617,0.03443517969023168,0.00555630120768599,0.01760140354831324,0.02829452231621763,,,,0.020457796070905677,-0.030328352798766733,0.010165356574571752,0.00036105609762013816,-0.010649539486332482,0.039274362765292885,0.0396927581096925,0.015747716805702208,-0.009242615742306002,0.011467377439681162,0.03244462107445963,-0.009693949785342916,0.004905772223992736,0.021096612178657763,-0.016071627227587947,-0.02173455619372971,0.00812860318571421,0.023294031156085398,0.01103144779126647,-0.006295171426904376,,-0.006343410104409226,-0.010769606714122092,0.15591193492430971,0.020535827696405495,,,0.027952852364683593,-0.007779030802447487,-0.0249770455387071,,0.041108565019917775,,-0.012121281026121863,0.013481162017593423,0.020828496016970094,-0.0073181928080649885,,0.02552299264949676,-0.13929596131965,0.002011705638515701,0.021272976745640205,-0.01625453067061793,0.0018706091918158725,-0.09847044102866212,0.019404944040558446,,0.012083911927944047,-0.02045501208202698,0.049598541503134023,-0.1860593949048969,,0.012764484657328736,,0.009868642918591406,0.14429483458991907,0.056309336096738695,-0.07943039203116169,0.00012878098003491864,,,0.03924991330525833,,,0.0003916976100924807,-0.018443751100454722,-0.03314697118611791,-0.05212133180446585,0.024282930632769668,,-0.017963941874594862,0.050865364894744344,0.026881771153130264,,-0.01071858899209715,,-0.009409711582234468,0.06713538191884977,-0.02210843655027158,0.0036187696396223434,,0.025625675332917756,0.012283838289844522,,-0.03208359154996027,0.05165347770793881,,0.0029969049284348584,0.025511917658996477,0.030654083609564182,,-0.06954586644318218,0.006856551837668868,,0.028210901817321457,-0.0350891717870205,-0.027753058581629853,1.9778937606053814e-05,-0.006827706514926618,-0.018211122517755907,,0.009836149583283,0.05149940871425949,0.01753834789149427,0.0100832597458779,0.0204117627048711,,,0.00847264778689207,-0.05203511099705593,,0.017085601703628092,0.04747031040005166,-0.010217615139697152,0.01228205240244712,0.04071826215812196,0.019611881177149213,0.03336093175337082,0.0064324787073215565,0.016158705091995892,,0.004249558744431874,,,0.010273008172767814,-0.03883593947733253,-0.06038486937549399,,,,0.006089342899198652,0.011313063158380708,-0.008109209635447487,0.04836389408873006,,0.020854723788723654,0.00876989933386865,-0.021717808958314152,0.028965512719046353,-0.005104935107768011,-0.04321643931693063,-0.025237529798976453,0.053600967201086674,0.16107402005692806,-0.00603611240882639,-0.008393467447476918,0.018854635429342646,0.00868303728264625,0.006330179080475262,-0.008491735229119156,-0.05270495519947591,-0.005899474473157406,0.041898196393219955,0.030410350547821666,,,0.023553405829343246,0.001811099846467309,-0.010041257701370212,,0.005557301164785575,0.03164282918749301,-0.0012810082357335656,-0.027709023693461912,,0.015461979502925048,-0.010102406683260203,0.040836393313586794,-0.023320858947788826,-0.05781113900710222,-0.011046535842228316,0.0515185280493055,-0.020130708833159823,0.0034097674507117693,0.009890108847840988,0.009167789775969163,0.04657549635238803,-0.009610197832434827,-0.021805342554768112,0.010518491860563566,-0.020655502004557135,-0.014292628668354918,-0.018780868535249413,-0.017744553850474448,0.04960292814317754,,0.023290991928509093,-0.03444094149262712,,-0.024549355901584427,0.026744774523725034,-0.055939876863141585,0.1755278991442155,0.021383558682198156,0.0033024885968355885,0.0288276988443125,0.006047424754221002,0.05476145654897148,-0.006867692991782566,0.06101200129247472,0.05409373027670642,-0.02331029769707358,0.08429272200093386,,,,0.14542901715424866,-0.0345771544191308,-0.02177748519834674,-0.0975450542827755
2023-02-01,-0.018702638199893318,-0.0016237352469611608,-0.006376786797351529,-0.0019424625213417034,,0.0999514734469558,,-0.0003945535920453368,-0.20196022942411482,-0.19866371354935403,-0.207137152994551,-0.040936645190930994,,,0.04727242638329458,,0.004166464747078124,,,-0.0027739377063018033,0.027612546409219403,-0.04265728086144508,-0.004216689897407898,-0.022513871581784414,,,,-0.021789382973041806,,,,-0.009570595794389163,0.09313143035706542,,,,0.030042593249459057,0.03643688600632176,0.03116294403331949,0.04619635106319366,0.06582092914746525,,-0.08841770592659833,-0.017399464878766674,-0.0007572144070792865,-0.037096691290306544,0.013081231659217044,,-0.019960757405111513,-0.0027930867862314755,,,,-0.002600213724605676,-0.022216141859488038,-0.0005204659048458149,,,0.03372251366903147,0.018957971030750684,-0.0256456623580599,0.0008731404178760767,,-0.011030508134752258,-0.011149877021417974,,,,-0.025956254150140294,0.022511771862079203,0.05576209567571538,-0.02945606514320326,0.06771712004442403,,,0.0254448173877003,0.014692270867750455,-0.10024070461905818,0.002752640188281688,-0.011616784528018096,0.014375713702747966,,0.024644467303563698,-0.022514600165968127,0.033494715170222164,,,,,-0.03048951932124411,,,0.005730883224560425,,-0.022567342157964406,0.03239019204747005,0.002288499305277362,0.08616879512433796,,0.061394405059511915,,,0.00732780772418536,0.00735609411104334,0.02049847905502058,,0.03217464117526665,-0.0018318460605992945,,,0.05245382542300854,-0.0003454432301773394,,-0.009229137224727268,0.006830395625340633,-0.014479495084837606,-0.005174303179497847,,-0.005679962174107945,-0.038224715637934295,,0.01789551910557849,-0.04996025062496799,-0.011909251860411797,0.0351274038171664,0.034751141570436246,0.002628852957816384,0.011004847812965148,0.02441540622121942,,,,0.016987754805619298,-0.060238450054366365,0.0008080958797723116,-0.0010273037506014747,-0.025886266453686694,0.03373031012281436,0.0338503766319428,0.005271206466070114,-0.025785410327866555,0.0016376116003021344,0.028083106167956406,-0.024816482789338016,-0.00294470304204649,0.014663110121906912,-0.024864994319675836,-0.0234865226322608,0.005102247359024038,0.018568950579505684,0.0015006084503962752,-0.024175990379310282,,,-0.004561635188176942,0.1695560317329631,0.020604733119262565,,,0.033151083967528194,-0.022218282171192545,-0.041364035469368725,,0.03879886616509727,,-0.021328516301036222,0.0033495214198120083,0.0113328406837484,-0.011268702312319427,,0.014055142882988345,-0.02903038490625521,0.011722925916045535,0.01786168687020736,-0.015455616314142995,-3.2143066275074855e-07,-0.04453847091415235,0.018193251032681993,,-5.08303853238217e-05,-0.03809490916530304,0.04408491636099465,-0.16174359826833334,,0.013626845268735357,,-0.0022022786376038332,0.14912502723413684,0.019533365850446304,-0.051097635062000636,-0.008847436738040513,,,0.05100183551193833,,,0.022619994129965796,-0.032756773734039145,-0.04524018924449613,-0.06820940196240995,0.020059072857282926,,-0.020947063911875608,0.04770985651428216,0.02229936860946481,,-0.024593411109525343,,-0.017323713792950723,0.062399284575632624,-0.00789651873317601,0.0031207414905063575,,0.0218349136455871,0.009183322556657159,,-0.029648169658491354,0.04944630724358964,,0.003808640733858071,0.021238040059298992,0.023944578573899818,,-0.08925312595314303,0.028661156279885892,,0.025932684865101568,-0.030610517958844535,-0.03000336519837781,-0.002242463227856395,-0.0027504801772682288,-0.007498759817310967,,0.00732950169762033,0.047159834292264904,0.011447407012822349,0.00744567479223228,0.019252283726743105,,,0.004670648251039358,-0.05165037152841685,,0.0068834724043718406,0.044812768514513705,-0.025585557980777402,0.0038070050264967887,0.03461898927984885,0.013265472304456708,0.028742784171075914,-0.0020784380440046248,0.08275820866792499,,0.0061133341931280324,,,0.006044032034015266,-0.03910152407942468,-0.0596814281980779,,,,0.0004473424750809091,0.011000809415925019,-0.008279125170229976,0.0308114659948078,0.060646654192662186,0.024486084304472244,0.004713611357612425,-0.030565776031211744,0.028405360184008265,-0.005407645319360883,-0.03852327201480429,-0.03771354604739364,0.04649239209547435,0.170514181216896,-0.0022975722010188005,-0.002308843814855247,0.01741295278031439,-0.00010077887327090446,0.004489662313892928,-0.00644580478747551,-0.05220055304687006,-0.02404592133304096,0.032904237639560664,0.02502599860713156,,,0.026349157699264696,0.0006266494776519849,-0.024397074923528664,,0.002300767741703339,0.029956690874427254,-0.009123466101194256,-0.04080830106001753,,0.004861732762250462,-0.02612070301190985,0.03488494242685325,-0.0289672209069366,-0.07274358717240517,-0.0024949763798234564,0.04723564993599215,-0.019036369421138233,4.7558624425502835e-05,0.011836031774320323,0.00018733320903693753,0.04262664178906362,-0.01578741638387054,-0.03787242642435356,0.0007635995725293137,-0.008103789980564319,-0.015047960716107122,-0.022643869098736835,-0.010339296167164586,0.04712339229636009,,0.017519687233842993,-0.04307279231492879,,-0.034446778598824605,0.02879966966857927,-0.06968547434654548,0.1826485406371379,0.020474687145343253,-0.011329453052072311,0.03196484283878902,-0.012496197724505621,0.04695741286152154,-0.02177784524483333,0.05466871434645368,0.043444464674628515,-0.040558380285975186,0.0940885572963611,,,,0.1565142103726633,-0.021547389784001194,-0.016976387960186946,-0.09652530477764769
2023-03-01,-0.01737735368567251,0.002715073249686677,-0.0013671846348756959,-0.007533843986343744,,0.06072575338636548,,-0.0010796382300638427,-0.18878117578236486,-0.2018126325142677,-0.20946427257123448,-0.03852014071402077,,,0.0461967226511887,,0.004326152857312914,,,-0.0075983941388093005,0.024942419414750797,-0.05278230058718647,-0.008473444336507869,-0.031219441759741843,,,,-0.003803873846589946,,,,0.0009915192169579054,0.07305495566870839,,,,0.0314455667477397,0.038084112795169524,0.033770383954114934,0.04131338824842421,0.06814478977199996,,-0.1109695911546487,-0.022075400608562112,0.005675740823254515,-0.01803091544471616,0.0029615952768717335,,-0.024270881202669,-0.006825734602390229,,,,0.003548365088068301,-0.03146091737135535,0.002877392086310148,,,0.05080756214482986,0.008122015029467983,-0.02851339468861978,0.007952185332375714,,-0.004012361206734728,0.0013200158456255543,,,,-0.038020500258820075,0.01258935216592989,0.06583848663379116,-0.01921989713093447,0.03203137151012169,,,0.060602271369439416,0.02289146701696914,-0.0893482275742078,0.005710754219040247,-0.01708729347651856,0.014387989258192641,,0.03613859994008232,-0.017003506427245827,0.03526808256647156,,,,,-0.03169389503273193,,,0.005816321366358422,,0.02380824599477233,0.036919296548914717,0.008248418590876543,0.07351158594839007,,0.05440680350387496,,,0.0033306591892163047,0.0027958541437261434,0.017709113055839564,,0.03679590435053581,0.04130504171036178,,,0.08394006168505548,0.0052841188951451195,,-0.015134303731563,0.003004488587780689,-0.01762674300086726,0.0005562672112955418,,-0.008629770438165091,-0.04393076043119757,,0.015778065083446285,-0.016590164635823263,0.017848784026882822,0.05577167731161155,0.040051223454647046,0.022234446998013805,0.01898032089611041,0.025616654336446724,,,,0.014023755838680213,-0.031024006147121943,0.005557228162870474,-0.006923763077722549,-0.020252479090694064,0.03337291103227996,0.03310106599248859,0.007521038368119716,-0.02148215552439425,0.005364838612995473,0.026871567546202582,-0.01782763319502568,0.012593948774389699,0.01795419683163921,0.004241945236060342,0.005100972674429919,0.016434645454287872,0.020775988244235925,0.005975027971825159,-0.021579308288139584,,,-0.0012554888190739726,0.14345050358266476,0.00944811614196809,,,0.042003008971113344,-0.014036552240419498,-0.04034613922308888,,0.04820250782045413,,-0.04100685280317848,-0.001584235860203803,-0.01348011068438287,-0.042487674655283685,,-0.013400367712610798,-0.0027250352152606676,-0.010051506788437688,0.01468297708735335,-0.019308549216656805,-0.0038720219849178385,-0.03844302624739119,0.030751472808113765,,0.001973763951275203,-0.036053664922244995,0.04245525108479267,-0.2376871828270223,,0.01248036521708355,,-0.0038487196841977657,0.12576398326227006,-0.05922157103126545,-0.038206199751349645,-0.012019396110701488,,,0.04134681160927367,,,0.0250799049344027,-0.03280000695470153,-0.043303398036926004,-0.05685521670316907,0.017236051809181203,,0.0017791774340891481,0.034407162938180996,0.02616853519894568,,-0.025544392961010694,,-0.0012531552426959872,0.07258432929508532,-0.016214784204629015,0.01424000547769234,,0.022615131434282766,0.006494381226762269,,-0.0171803948932968,0.051149326825004324,,0.004008896540036936,0.018537192395093605,0.020683868191444355,,-0.08675992396633936,0.047800221689509086,,0.02676817325668892,-0.01922532868950612,-0.016632435712715516,-0.007181644540491055,0.00277236937470213,-0.01454104080288383,,0.006763604602181177,0.04018520769110255,0.012801985835690758,0.004728361480929336,0.03148904699122556,,,0.00016334351102574352,-0.06715728949149342,,0.009459732414433762,0.03355086285583797,-0.02086680017587626,0.007174950216508443,0.03416926083048806,0.0026929821156420957,0.025523152764843036,0.004268870189028109,0.11402076288450448,,0.003473621719958187,,,-0.0002568329606949566,-0.05103592308279621,-0.07451538928688341,,,,0.004706796404307845,0.010923322414581292,-0.011954805359156221,0.052462991450105655,0.05441785969459478,0.0328201356975983,0.017195246644122,-0.0061338525004442975,0.031736535708043204,-0.00916294394710139,-0.044459517116882556,-0.04177427844104,0.04480669660964338,0.14329094094511982,0.003668059797979242,-0.00042879738996603556,0.005769909320445194,0.02822839998184608,-0.0006133044705390025,-0.000533612137353056,-0.0676685602995659,-0.018544455619642918,0.0565439431497298,0.03316451902087649,,,0.03707630941461727,-0.004145585687592697,-0.017668394686396704,,0.014924826956062155,0.029261336991729774,-0.005019528148379996,-0.03148602394681125,,0.007627554918394323,-0.02133552779807084,0.033896052980101524,-0.003865156607014628,-0.08174209364076565,0.007920602176902138,0.05948863055418327,-0.011311862235700104,0.003913508915449194,0.01004879689575441,0.005187677824382861,0.041116635131377754,0.0006509162029096576,-0.031816036983218624,0.0043474818189321255,-0.01418434042816035,-0.019499907896449425,-0.006959827462648446,-0.007728792698768911,0.04355898829408243,,0.03630068028231151,0.01754552946332044,,-0.005660348441774688,0.0384997003802604,-0.08064496373665665,0.1579915624750447,0.008491729667370761,-0.014593985505029715,0.03929688316369547,-0.009461802356159198,0.04466374752993936,-0.012824473251104827,0.07108115368204156,0.06350640670798836,-0.045698093519183386,0.11550658815484587,,,,0.13193110607286399,-0.02507412201318181,0.01446904166767537,-0.12194046318716227
2023-04-03,-0.004811276966370626,0.006184131010987246,0.009951933992782467,-0.015267276087397965,,0.09389324111254749,,-0.004102673587187251,-0.14403823183240672,-0.1659160268083727,-0.1686386093697689,-0.026199724982190833,,,0.057082355309814946,,0.004458733221196134,,,-0.017063607549122835,0.02095493492223031,-0.05315152475895417,-0.01619570961372954,-0.05180622662362767,,,,-0.03869812079829716,,,,-0.00565220637911261,0.042935509362761005,,,,0.03074960730596219,0.040018090793959585,0.036427849897870304,0.04162256032896368,0.07953865384367187,,-0.1099189416395128,-0.012191020158021997,0.022367486739810878,-0.036061869946024463,-0.007446040850497609,,-0.016826633274896932,-0.00879802141540362,,,,0.021874516207630187,-0.01824713105374548,0.0056015081884350755,,,0.05559064057730971,0.013780052650776854,0.011040988180689024,0.00900519480644207,,0.0009082403786713749,0.00876040358734021,,,,-0.036755240512079616,0.025927125078659897,0.10094315722023965,-0.00813778551551515,0.019076940930387712,,,0.06055066208980204,-6.139042810241235e-05,-0.07929966593627266,0.04451436267726991,-0.025606639743880017,0.007303784261681572,,0.03140961062234384,-0.01590435619584345,0.033538209165469006,,,,,-0.006352169350846306,,,0.007553850555839043,,0.006611989068263026,0.021233084473282895,0.011682324775095305,0.0704643830065506,,0.052323532247491665,,,-0.001286604418497669,-0.0026070136034582873,0.012221287957827849,,0.02189261039854078,0.04250771270998672,,,0.06184992746373502,0.019321575998162723,,-0.025874189581754168,-0.01066006599306331,-0.01001325313487366,0.02420989018918609,,-0.01259626632174208,-0.03776330185439368,,0.004948716067989964,-0.05230988542726245,-0.0036094702636601727,0.06361406538854107,0.05372211629229715,0.014011153366338508,0.01982817625987713,0.03240500508205288,,,,0.0019003365039312436,-0.04073286319459573,0.007641288868106156,-0.01403632411750215,-0.025163557837183746,0.04488448500102697,0.04402282859962537,0.009922936350719912,-0.029457852910674345,0.0068667642424671774,0.03043938076394634,-0.01778531615100284,0.010826113401789196,0.019607095358885284,-0.0005728088392139328,0.00036830391549249524,0.019077332274399738,0.027218128766919057,0.007909100391429653,-0.021113691803674336,,,0.010045180633245545,0.15640420245292252,0.01483957422313873,,,0.048335770238207204,-0.010346850131605696,-0.032555180657264204,,0.037658523691015244,,-0.01622064478728488,-0.005808260555165788,-0.013899796226025374,-0.026091125750725988,,-0.02324888539128252,0.02021899303318315,0.02961055244719171,0.004473831275493405,-0.019427562595333982,-0.01125618568306412,-0.009771803116018269,0.03294563615341603,,0.004370037591887264,-0.028503111677026606,0.04059317837978149,-0.29330310745472293,,0.0030346519985708534,,-9.912317834038382e-05,0.14516562872984332,-0.15255796777821282,-0.031100271423321467,0.007783244141081365,,,-0.004218642227522292,,,0.03990542484272668,-0.024370347161544854,-0.03291038972046356,-0.05788790765094833,0.027357246411086444,,-0.013513276280226458,0.05752120575380586,0.031268680690904896,,-0.021180595807955054,,0.0017438160406785471,0.07508836648685706,-0.007163083720960444,0.031321133883738625,,0.012719957511062835,-0.004634649328236067,,-0.010087923304861834,0.050439289685914095,,0.00432547051165302,0.004615044024478039,0.014123361578183608,,-0.08474910866818068,0.007392927777687278,,0.03312713713983301,-0.0025185746616415575,-0.005304039564778021,-0.01614175185778336,0.01678076315197543,-0.007186700662485995,,0.024161002188600234,0.042270818414382114,0.009913485888781201,-0.0039813227476780625,0.034605367119191176,,,-0.012572261916302896,-0.07244502347547245,,0.010162316633369032,0.03956480370804012,-0.027666742529400892,0.009981975229016131,0.04569379818320831,-0.005489141840247609,0.0070125594960777715,0.007164340883998249,0.11517274938128252,,-0.003864879949693125,,,-0.014773298087193182,-0.056335055350831255,-0.07720564323312713,,,,0.01142156049553356,0.010871601142816626,-0.015471247541667423,0.044890075519654356,0.03872346492487587,0.04381029472477733,0.02014760118440933,-0.00354007724318329,0.0356786213124853,-0.013570126070346942,-0.03876282434748856,-0.02051656563208003,0.02864070383456472,0.16111597014269763,0.01855241516058692,0.012261248163741129,0.012388385215719083,6.27686695563062e-05,-0.012644019266606422,0.02388665927842293,-0.07209269189693167,-0.015001295299064127,0.03975415848526699,0.030431480097784944,0.007087145740047494,,0.04437775007242573,-0.010400811854193844,-0.015389046693351411,,0.014200295770969996,0.036124788659206854,-0.005423936272675829,-0.0329671490944707,0.021923338895799796,0.009851714327710738,-0.028122805420731124,0.044273719442114515,-0.00837658658618912,-0.05979619491698979,0.010862688199698694,0.04616787840463797,-0.0024621474681167615,0.009160391760874373,0.0015929584383644563,0.007707712364545783,0.040947042567804785,-0.0032737135660883807,-0.027235976435139583,0.006401007974684908,-0.007787422569238482,-0.013971267676627867,-0.006898817842465483,0.00262810753745368,0.0445140585540027,,0.029070531086685638,0.013929499312070909,,0.02845128678294479,0.05319775096783582,-0.052786656749663735,0.17995812455858412,0.014372315874264057,-0.011207737999051628,0.04621323509870735,-0.004695974653869744,0.026892266741356204,-0.009866180136126827,0.05920284936413949,0.04574339467676282,-0.026372213603922428,0.09949375214962321,,,,0.13942660162927908,0.0035553565474606844,0.025642227417277112,-0.12247134727071268
2023-05-01,-0.005353342645691818,0.00627810819589474,0.015593650507821185,0.006245685229140217,,0.08405442673024265,,0.019025753005563868,-0.14149038365598224,-0.15452434897211526,-0.16039670959092783,0.015504659000063868,,,0.054327137781594995,,0.004431283329774435,,,0.00650810140644976,0.03987541455889334,-0.03362176498138756,0.0054717240158914555,-0.011126370374712247,,,,-0.030847141143438308,,,,0.005494098654339618,0.03125489302555731,,,,0.027293373869618023,0.03727453632933055,0.031508527615048194,0.022565559776434038,0.07825217011804338,,-0.08176164658459849,-0.0033951363206684206,0.027835984724410224,-0.01672673318045143,0.013675818693306164,,-0.0026873565187439546,0.017697758856030574,,,,0.028223895189112395,-0.009286367511738525,0.002350065013838475,,,0.016897135896168626,0.002422792224431089,0.028015280374799993,0.018398676105918575,,0.005160852840229641,0.007849468333966663,,,,-0.00493880448419149,0.04143207747891147,0.08732366073612162,-0.014561761424597695,-0.025211746308342418,,,0.04696112505385741,-2.513635811162795e-05,-0.06938035808587957,0.05908958016099158,-0.0019322592471383085,0.01433297140615432,,0.02484045556177022,-0.007703749770414884,0.029457313849603144,,,,,0.000684074296631177,,,0.007443885529827698,,-0.04929743851698455,0.022649035649632044,0.01095361650830071,0.03867027915706923,,0.035938267212819355,,,0.01850360444829849,0.018105116191762145,0.031873108437199246,,0.021483646501242817,0.016425498663547304,,,0.0222195691001613,0.02385463398466672,,-0.0014929848503563942,0.013805246775550874,0.0004193094560516772,0.03662278346507387,,0.010394037620624842,-0.01920972111407627,,0.027824920963687685,-0.03566847777156625,-0.0034701928048541577,0.05611678348484112,0.04949018349755135,0.021264133018948878,0.027815978564514756,0.04228559131758192,-0.004528303996025886,,,0.025083274684407877,0.0016634064703351292,0.005251798422907897,0.008258275477871965,-0.024386313429118147,0.040204232362027977,0.039354240953662585,0.006347515990754842,-0.02758488110836877,0.006167017560609159,0.02585763305234812,-0.015772298142408,0.013939382451204513,0.020457063208949806,0.006729961019933681,0.006299204436794297,0.018025110955588227,0.02350405276295177,0.005016609637014117,-0.021972737340883487,,,0.016694875124111355,0.10301273437292993,0.0196054096095773,,,0.031561129189574676,-0.023784252162200266,-0.022203740598086066,,0.03659370992343569,,0.013008038799899986,0.016340433312848707,0.006433048910788192,-0.008916816102838053,,-0.0070592050772928655,0.022137760681406618,0.011584866029028218,0.025256012764874953,-0.0008151019352544711,0.00669891176791996,0.001933305438478214,0.03495903218543358,,-0.0007182130639568449,-0.02812818456307753,0.034179060743149234,-0.29860705873553095,,0.02717196429185581,,-0.0041035561151270715,0.10425337704619526,-0.09981238070145032,-0.0885503221362498,0.018289857590014724,,,0.03126628206536348,,,-0.014276790397720372,-0.024456735124041902,-0.0330350813367022,-0.03562157177470929,0.02930758806975253,,-0.015062184399471646,0.03979627358599168,0.026953823879887838,,-0.02750662687385536,,0.003634616804226888,0.059159713045865446,0.004746642417633392,0.03328322737020282,,0.02775287279381525,0.017876456413874593,,-0.005423230020547367,0.04442864839193225,,0.004507244485860617,0.026857634219469694,0.03286772389248545,,-0.08221894952695495,-0.009445240323799127,,0.0419778536383916,0.006708071038518626,0.0028625526583900217,0.005253515254571999,0.019780428618572096,0.006699841861651332,,0.02740352592576676,0.029227687533783086,0.015320312350555984,0.019483211594309456,0.035647048293987196,,,0.01029530503140386,-0.04744333291452912,,0.005331554018279055,0.027195566302312017,-0.029206719324951794,0.00590599270970345,0.038971453123436216,0.018698080629898476,0.028529643853568758,0.006750138974817403,0.05230736288453778,,0.022729501785715107,,,0.005623063177801576,-0.034311116801668554,-0.04709579230403706,,,,0.00965934761225425,0.010383591673004561,0.006538407998425971,0.04122657673335684,0.058860279631281695,0.03650163743864996,0.021546731625880985,-0.0017484534646124944,0.037082163371561734,0.009944276795627817,-0.02140400206476245,-0.028941711298908032,0.03716710299318859,0.10577326741166912,0.022385211619126436,0.018835708794242654,0.020778439671002093,0.0013912893004061062,0.010327366818399294,0.03596911981933226,-0.04674310291149781,-0.007208406217427203,0.02208918992175122,0.02687353665349065,,,0.047617725693470794,0.006467006974459089,-0.02621362955113331,,0.011957307564473916,0.02740781345969918,-0.009626209046980526,-0.03231650991030503,0.011673825992503366,0.0043670935469899835,-0.029067335254209185,0.039264856504106646,-0.004101337858713831,-0.04954664921592691,0.008559139028251134,0.012233715652599845,0.007333639785027854,0.009170320432915893,0.02671635523927628,0.004786284198238491,0.03309283852343372,-0.004867658428489393,-0.025314498030999347,0.0027151037548295174,0.004546371166204101,0.004729825290238457,-0.0004322763618029705,0.005058760192035136,0.036016682300127764,,,-0.009682360551123878,,0.05074158569159165,0.041084230325450485,-0.04043603005507337,0.11909252223529615,0.019935761017420353,-0.013434393348116093,0.04879019548880062,0.0032307072973484486,0.03580039127869579,-0.02503204205988873,0.018863451561849123,0.02551735706460362,-0.03966890763676715,0.049375651832406324,,,,0.07785496054446447,-0.004021165238150152,0.0244815151013593,-0.09190870667860906
2023-06-01,0.014985493102963739,0.016955815983565718,0.026389705661453402,-0.00285439786502233,,0.05496799526061886,,0.011087065023206923,-0.06271140180084885,-0.08816501877903533,-0.08380284576860741,0.025774213317451382,,,0.024691733402864412,,0.005181859846396128,,,-0.0005871761461816536,0.01701991564622061,-0.025422407214154796,-0.0025978135767747977,-0.031923808655479204,,,,-0.029784266924154448,,,,-0.0020637497194926297,-0.02015572096120475,,,,0.01752895250090318,0.027735389496839662,0.022220762637531245,-0.004250038842119761,0.07920584496702171,,-0.06900180531351965,0.00606949869498322,0.04095769331687102,-0.008464936802931606,0.010245234624994088,,-0.0077021153513044715,0.019317739196161064,,,,0.04108114755631323,0.002182286552796647,0.012666332210125232,,,0.014931072394759248,-0.0021554438443320083,0.05768174578887261,0.011399177768576789,,0.02850358239649411,0.015020219255666555,,,,0.007794924096198879,0.034830669839217364,0.09522987340038153,-0.006009574949629376,0.0016044438983711146,,,0.04247404929175415,-0.006699159395485993,-0.020901914283707593,0.0886400765891903,-0.009503067385446328,0.00551359057882223,,0.011409015833207177,0.038191197187639636,0.01394957304545312,,,,,0.02420027947370372,,,0.007514817414050678,,-0.004566130069656935,0.02462670575330555,0.015527836815054907,0.023994953980197724,,0.017485459485987138,,,0.0068483395257984995,0.007077113325127971,0.01507019499765201,,0.02532246691108933,0.024842464419458667,,,0.0411027590372841,0.03313878624981109,,-0.006443842526200993,0.0010581976710939192,0.008096458799171383,0.04619540501482156,,0.004960775846118147,-0.013982864745483962,,0.009550540930823893,-0.012922478558536177,0.001769483295111495,0.048011460350773805,0.022664057134111997,0.016392340346395595,0.007690741566177686,0.009824461853098593,-0.012661262166901959,,,0.007379066012171445,-0.0028195058998407574,0.012565416234122983,-0.0017377797119208155,0.0015650479351619548,0.027317906392095276,0.027471056113313252,0.015378572373556651,-0.0013177215522132341,0.01305902339142952,0.0094002755634108,0.014706654826949396,0.0011471306878111517,-0.009252135473125414,0.011089990832791231,0.016603576005016163,0.005478219024611085,-0.0013356670549986027,0.012775602508175572,0.013805102080170092,,,0.026217007204819592,0.07951498770984446,-0.0073656693863303705,,,0.006021426655080651,-0.0614155815829023,0.033140677029244815,,0.024299264955678065,,-0.041086361431395796,0.004143839603117328,-0.062158322230102314,-0.08613759954504709,,-0.09905440750427273,0.08020737812720714,0.04745573080613451,0.003405391143679668,-0.0015438664979343171,-0.0018162752476443683,0.02781562696129803,0.01974275866060255,,0.0156598714827993,0.014501757051974323,0.017640261760317,-0.3041098388716046,,0.017515929511062338,,0.015423396119907833,0.0450416555639459,-0.1351290656563885,-0.05795197165217295,-0.003214340808921285,,,0.03879621752325641,,,0.024811137845336638,0.020071788652040814,0.011395446421309638,0.012652323487487162,0.019868593878661907,0.006757856269125237,-0.002942858765751291,0.0004116364109459846,0.01321909520400166,,-0.06937409905195223,,-0.00811249120075701,0.04344355128069085,0.01086925936472173,0.04527413153010968,,0.014388847408911406,0.008158885412831494,,-0.0011912303019175339,0.018705396806104245,,0.004416553440830497,0.007960194538806973,0.01591613633932532,,-0.04506293885526353,0.024939124137986726,,0.009472861655431384,0.07426415963526045,0.07266720990683784,-0.003174030002316277,0.031172910256010843,0.014101644027803971,,0.037310308691767276,-0.012630323109552406,0.028722227894259295,0.0062072996908545145,0.020214296659756995,,,-0.00027481457537194477,-0.04131157715428072,,0.015312943772631465,-0.011783997512477636,0.0010227208539427806,0.015613809472836524,0.027781643134502168,-0.007002393988804162,0.007834702713704482,0.015140986169046427,0.09932617634882232,,0.017594534450256622,,,-0.008557572277265293,-0.029357741345995197,-0.04206364259771056,,,,0.019711503118431003,0.009981231753439524,0.00042399790765972365,0.01442103522271388,0.016487789200795615,0.013151137339378385,0.005658284582780893,-0.00020779989726393448,0.008329346538849307,0.0043519570759610006,-0.014143407609423606,-0.01622980595767522,0.011634994450686257,0.08062421099679765,0.03176158309535044,0.027558327154225872,-0.007999096445508154,0.0016442006018727486,-8.639457732032453e-05,0.046040575571807345,-0.04042235066024673,0.03918003617084047,0.012001336572440987,0.02028645153958615,,,0.04054548993435412,-0.0025034995337674133,-0.06468558449374774,,0.0019958315993542767,-0.0008178439865337355,0.00010096351869483608,0.001970939587721471,-0.0018116568810879047,0.016295421504111528,0.00024081404885144896,0.02743854916364852,0.00623191899527241,-0.01530723696131349,0.02172752150754254,-6.437346314943669e-05,0.009755871210364198,0.018862828780694677,0.017711557268146955,0.012916495741287769,0.014972123987318986,-0.016319849826775364,0.011338825519828004,0.013665530406294424,0.011858811127699435,0.0005021855289141645,-0.006145127350105257,0.015058109134269573,0.017068138111628547,,,-0.002658861810635466,,0.05876910269965643,0.02007529981748518,-0.0008332799504791573,0.10201718139379917,-0.007124204283039806,0.013501182388848893,0.04055161128774535,0.0507387054872571,0.0089669680214473,-0.06652665644686176,0.010605618357748064,0.013069079076714648,-0.02228662473366951,0.017116893249203548,,,,0.03443529074926735,-0.015110044683799534,0.09094596522952286,-0.07989303933761599
2023-07-03,-0.005274782268698779,0.024435955759814883,0.021202341699801102,-0.009446926558124485,,0.028395288122370296,,0.004033447573978371,-0.020232205421393888,-0.06678990326951863,-0.05577583219794732,-0.0020016969798258557,,,0.004586118806321531,,0.005268651520031393,,,-0.00700031437480681,0.023171681667133116,-0.026618222622289793,-0.008500814266446378,-0.036509791217445436,,,,-0.009060639166681235,,,,0.007582732293671053,-0.044947151236891816,,,,0.02180427637258241,0.03535895326573481,0.03229157245650173,-0.017782253031293563,0.07781728709148474,,-0.06471892485371228,-0.0073736034036978385,0.036759574592276155,-0.012833207733442452,-0.011214128900911682,,-0.011469398511594741,0.00814421640063923,,,,0.03770097695499973,-0.011165605089528146,0.023167406660234962,,,0.011414641028859765,0.0030027363616955917,0.04616126326235087,0.0014906681109902746,,0.015054226439830731,0.03667021476074822,,,,-0.005081514838161082,0.028856244464481682,0.0870658241380563,-0.01953845818265319,-0.02666642183089654,,,,-0.01328566622165851,0.015154525849822603,0.07716707938911806,-0.014375905312208868,0.0008026262843812247,,0.018217493676696637,0.050413244851753046,0.019947231671341027,,,,,-0.02186179577456909,,,0.007889161337772864,,0.015084124714908692,0.025244592130393807,0.02928298320765227,-0.005335849535184005,,0.005647387817227899,,,0.0017090111400131151,0.0017734469910297187,0.009349654027038648,,0.024712826239084683,0.03702132863148068,,,-0.0016129028739187694,0.030067137585595857,,-0.0127616069629058,-0.004372290050329742,-0.0027342003216848897,0.04533277935423827,,-0.0013401863876552702,-0.01815404835985783,,0.004404720184458985,0.0018307043840128114,0.031007686989226,0.04690844996380865,0.016322158017688087,0.0207843511304895,-0.0030446971296822544,-0.0032219700744199045,-0.01869234608624956,,,0.00209239361971174,-0.02159633323716924,0.024090612575510744,-0.007456459671320601,0.019625525174285244,0.02983313137079019,0.030841077987454925,0.027525761966129873,0.01998410229118918,0.024934621281582307,0.011174511732717897,0.038545480766025056,0.002208193981318549,-0.020011983159988155,0.021898742035722778,0.03203661294391265,0.009436538916619159,-0.0029788228821879662,0.024049648941764378,0.040495723219306806,,,0.022144326211299536,0.02584128780528415,-0.0028373096237159267,,,-0.00228097456972813,-0.028912274388063004,0.04809693651145362,,0.03510694928798327,,-0.032510066206838474,0.0006852593594430254,-0.08789618357483757,-0.10882458803311744,,-0.13046284143136255,-0.0070020615228058155,-0.038550191401435965,0.0003806271796081012,-0.009291684245914452,-0.011644458315873773,-0.022065102129968286,0.018075315198595156,,0.030777102483868855,0.041298356728946,0.019936955582459566,-0.3073242091335598,,0.005737075609640376,,0.03385622083312506,-0.0018829667687702263,-0.1043192849547104,-0.11372883472166156,-0.009406432223596892,,,,,,-0.04245340527434258,0.04191211300412418,0.0343747257875296,0.006918768866925997,0.012867328452419852,-0.052534286283100924,-0.003130330258115126,-0.01211215556600239,0.015522225815080483,,-0.025296551737522887,,-0.00679851135047485,0.03245342965447714,-0.0029367935033800486,0.040807437123936696,,0.010626063876806232,0.0032358473029265797,,-0.0010557679752379618,0.01806684037712952,,0.0048232727570207854,0.0019688497515452526,0.012680394469398365,,-0.024689890563963375,0.04520442930584282,,-0.0010578400881489213,0.04583939657276198,0.04015957394588223,-0.008808861262042451,0.027885796415655025,0.0032825962903793686,,0.023588736085112128,-0.01773955129454161,0.03279239202588532,0.0008479025198750217,0.018850045050181584,,,-0.006489127731498631,-0.040602778736516694,,0.02968218749684208,-0.024138270953651075,0.02223370416431186,0.028533275532773336,0.031941008456066136,0.002715237472686191,0.0019348825252021881,0.024738403905924623,0.030611256812735705,,0.0047398156485946785,,,-0.011728702335476857,-0.030261457486029927,-0.04255429888916423,,,,0.027164825437819742,0.009714914582580229,-0.005075411396496071,0.011479360791225404,0.017661657319479433,-0.00035496081593793037,0.006683034740159989,0.013829939497220533,0.001966499094894306,-0.002946201035450754,-0.01947484906329255,0.017710310946148472,0.03881727834570258,0.025723875136857956,0.028332905115300386,0.021643236312081537,-0.006850071149451288,-0.00381717861915102,-0.006671304236584371,0.04421707710117932,-0.04090988157410455,0.050511973722946066,0.0231036421776323,0.031993856155654664,,,0.045301506825809724,-0.010564014834253756,-0.0344786528364628,,0.007753909721631375,-0.0016682212612713896,0.013879891162718703,0.0253924462429419,0.002237906993916263,0.027985570477374808,0.02200341920682303,0.031114509996305356,0.017544771358223615,0.003483065122892106,0.011269092831813755,-0.004544883589871356,0.008438728016802578,0.023917129268800817,0.006626390689667967,0.024052147620726702,0.01637326859036277,-0.013970155210922396,0.03652504417409571,0.027318293968611233,0.0003452602126358427,-0.004763076445970732,0.00011647782673323343,0.010439615200478761,0.011313378461346467,,,0.05940421310726946,,0.06379241515426085,0.0094300939462031,0.017083655658581616,0.04638633875524871,-0.0005503878579324924,0.03473479625699781,0.04301503110630613,0.058834935649407595,0.035356955376329914,-0.03088633384505592,0.007834161379328198,0.02286447023044487,0.013995159958636335,-0.008185627064933372,,,,-0.020449474585547432,-0.005113278981674587,0.03131854790476343,-0.07680776162662042
2023-08-01,-0.02865112233635933,0.019643015147389645,0.009798314744413908,-0.012408431504563198,,0.0453488098787769,,0.007176458916671699,0.020196671144304748,-0.03618790869846306,-0.01706754849104639,-0.07553055359903962,,,0.011028674526389967,,8.89801171973026e-05,,,-0.010185944803840179,0.012362956008975894,-0.024530175061781716,-0.012006086489767283,-0.034118611379646696,,,,0.019890032124038257,,,,0.007857839843777708,-0.05931549445401511,,,,0.012437651744475258,0.029488706506661192,0.021801973344917017,-0.02690612162249344,0.06517232836045471,,-0.05137259971316417,-0.022669439316627935,0.028613173314222903,-0.016382988145980576,-0.010879056746576724,,-0.001144967849906524,,,,,0.02854737076316328,-0.0238758907893554,0.02523220037888546,,,0.005769587376492179,-0.00639835673576515,0.03950132499586828,-0.05030124009596456,,0.02501723747032247,0.0275554701090637,,,,0.01304524468078513,0.016504436302483324,0.08248107802419267,0.011226893234116582,0.028746561661785252,,,,-0.013913967338327775,0.03681791247829506,0.06363791849204418,-0.017060782904324494,-0.010509419033429827,,0.0038340976832600903,0.067991680187831,0.012010085314645189,,,,,-0.06888389697679748,,,-0.0007529784778330577,,0.006174357728192129,0.012770582083172943,0.027798750575440494,-0.008973224497474305,,-0.002309600651913456,,,0.007199355786509394,0.007261453488171404,0.0108516798392131,,0.014161433742967217,0.0008138505915817054,,,-0.012886154391362387,0.023348646701957396,,-0.014965404352912475,-0.011026295173758317,-0.016166434281931485,0.03364831030358661,,-0.003957516852336791,-0.014600777023961599,,-0.0036748178468504235,-0.016531047648312692,0.011663117679409253,0.03661146072144994,0.013089020080118675,0.016292451233647153,-0.0009703842311518076,-0.0011137415844967686,-0.015060220976144501,,,-0.006123961112226192,-0.016534497137539586,0.02597137168501534,-0.009796844047439338,0.023200629891348655,0.030098090198663916,0.031789121649151354,0.028634044082942015,0.024051901082008217,0.026019989229929128,0.008468954410273621,0.04406275091615971,0.0008739619544838637,-0.01011830010096833,0.013407304328797963,0.026640718864615734,0.009275869997448343,-0.0012411307667483263,0.025278821948408133,0.04824389284547259,,,0.01209982769842182,0.022333817737840392,9.020540618684275e-05,,,0.002931637770270134,-0.034866432349277346,0.06891962770388903,,0.02099512293050524,,0.015382032537659532,0.0074699645729837975,-0.07695746577184955,-0.08638817622120196,,-0.11863298428885953,-0.11444643761033113,-0.053614903673619534,-0.010624133409168943,-0.009121709494442983,-0.011913110525363372,-0.09456402577643191,0.01437615376880435,,0.033278532075381645,0.03964593216170101,0.012414145731908074,-0.26099989250702893,,-0.001723471547924683,,0.036345812529858273,0.017367387959227196,-0.11580784249476593,-0.07590448933743063,-0.014257174767513479,,,,,,-0.02827975774600712,0.057417963883704556,0.05115463498094262,0.0449299217819421,0.023065384615297273,-0.01789427834698564,-0.017511030274916083,-0.010400992278483628,0.011635495667668602,,-0.024161115282114152,,-0.009235634303667554,0.018835088042436405,-0.024284393179792307,0.03158224378119771,,0.0024212099463854254,-0.003769325362004996,,-0.002262860581286755,-0.0010993956725851017,,0.0007365106563074688,-0.008336903730881607,0.011818168870494502,,0.006007813985183492,0.027530968377194313,,-0.0029710878277998936,0.09748018653276434,0.08969128763817634,-0.012441192449646575,0.021658182377453858,-0.017661467953474633,,0.044785740923304104,-0.025608130469312398,0.03721162069628836,-0.005017335087330093,0.01573434007843661,,,-0.012371982664850593,-0.03550088598820357,,0.028942091697316426,-0.02983023492319768,0.024192466305438823,0.02934348688899566,0.03201974566318173,-0.003685291695866944,-0.006987604085503212,0.022929614608785173,-0.003477118796580897,,-0.004561909570653912,,,-0.014706170053108949,-0.026815838243289293,-0.03462257649410734,,,,0.026042135069662298,0.0015438912538871296,-0.007543479007972871,-0.0023525981579952935,0.003068074265994819,0.005957462029748511,0.007897390845808714,0.009894453967244721,0.004782367543415599,-0.005332930475693482,-0.01566205921761688,0.02405729063944739,0.011057445654719169,0.02366695305717585,0.022652581760962406,0.011770181146065083,-0.001956182762738377,-0.009786896676298236,-0.012097519194479997,0.034549518686440614,-0.03470499280275154,0.06940718246004211,0.002354492543116696,0.022170693009159897,,,0.037345443630480146,-0.01157955252888879,-0.037254032333878466,,0.0050656531717311075,-0.002439398662352857,0.01735383283132808,0.03461643160337567,-0.001303390693743357,0.028743921806792697,0.024031527050947948,0.030876182247721005,0.014187047255928785,0.011928032854272956,0.014235418121308931,-0.015307852319391687,0.013856132958720967,0.020533333851862845,-0.0018169021864270197,0.025360519639410224,0.010491285125122358,-0.012638524704507088,0.04588295269714535,0.028621578014115998,-0.020362232913861255,0.0019629709663341608,0.005616459145726467,0.0038060144881298073,0.002723892124229389,,,0.018841941700935498,,0.0693020083898642,0.009942639371179701,0.030731712894639558,0.03693770776384403,0.004382296479115393,0.04119719701859483,0.03424914198725513,0.07692816554883775,0.007105261403850815,-0.03587633985603142,-0.006753393172113711,0.003046417307848026,0.022776894448688616,0.004586319189797358,,,,-0.01155052006108696,-0.016368622250752415,0.07977259837697483,-0.05988802247468451
2023-09-01,-0.017074127810642922,0.024620168782556275,0.018070814483473387,-0.02453433576801171,,0.034119171176022006,,-0.0011004433054723607,0.020254720549031404,-0.04025319770390412,-0.0041337409855183626,-0.061765846913294786,,,0.02714631377503044,,-0.0007353733384287753,,,-0.024172280902047566,0.012027074596281965,-0.0378473141784832,-0.023224083387931502,-0.0431708830356208,,,,0.023477495189666683,,,,0.010680988837587078,-0.031156655422293414,,,,0.01313719843834281,0.03418652026348422,0.020486938538163614,-0.01584433973338495,0.08664902197872235,,-0.06957913265677466,-0.008412152377190214,0.0311942079103713,-0.011838898034563372,-0.005981885352374267,,-0.0056535602415258655,,,,,0.03144570285120583,-0.009436526615412269,0.024390799303409316,,,0.007063482704864877,0.006635269086933124,0.055578213665850335,-0.03370365213647219,,0.027449125955893747,0.01943086626261405,,,,0.017830790149510698,0.018603128912882086,0.1039419045009435,0.009029566293344395,0.0643231206615427,,,,-0.00677951371544944,0.029822804734813513,0.07524134847579314,-0.02950649155168819,-0.011859141169731826,,0.008419094907747456,0.05942795422550056,0.0026224681032931503,,,,,-0.05472458014210584,,,-0.0014539279853370457,,0.0345046811593732,0.014310972540630455,0.026227315036772666,0.014009532358946855,,0.004089201544721798,,,-0.005159178132433146,-0.004835403986830171,0.002622425818848705,,0.016273320070954268,-0.018438468445055017,,,-0.03716831862142438,0.02643348464026351,,-0.03145254494689057,-0.02212492628610806,-0.0025784452951156766,0.03664314205520233,,-0.016477913080781195,-0.02864573513529627,,-0.010599432673355466,-0.012251822390174355,0.005573378449367384,0.04706788012372153,0.025376443516796295,0.018788793083176127,0.005638561759665595,0.008379629712574803,-0.013121687137586843,,,-0.01242635359261874,-0.007954563290827976,0.026044711937255077,-0.021331761194950526,0.016365034388849557,0.036868920785678244,0.03670710437108189,0.028614544949236063,0.016914467513768815,0.027570099686485768,0.014317477544179424,0.03933696903640158,0.007291128961387472,-0.0039799396557897125,0.01605240841767545,0.024971768459136758,0.01502493148436309,0.008949828129648708,0.02610602899594157,0.0437432969139085,,,0.018256398117771435,0.04053684525832719,0.007873275513047126,,,0.033793174672700724,-0.03020133740294384,0.0639265607895018,,0.017112741063907463,,0.04734022454415335,-0.005000870687522761,-0.07209689339875659,-0.08129633412699576,,-0.11437680640595424,-0.062397880671589405,-0.030022986966281556,-0.01464354019563849,-0.021862931088600747,-0.025822729707935664,-0.06287785694080962,0.022278635818926484,,0.031734898308713656,0.04331567444029811,0.018650438961125754,-0.23771068093264033,,-0.009335577166418559,,0.03385280366951048,0.07590039784293967,-0.16983290609151758,-0.06848185576813462,-0.024089484244540982,,,,,,-0.03420916836279093,0.04826059423520283,0.04462177531397157,0.04080191276867532,0.029106949902214848,-0.014254872438765838,-0.01885645610975183,0.010067370262184253,0.016285423667422232,,-0.021912537304909732,,-0.0018426098245223278,0.03077460805558733,-0.00838964143719709,0.037565657226839404,,-0.010615748953928344,-0.01657680344441308,,-0.005320282003342422,0.002012792413081137,,4.464891414174552e-05,-0.012686127316224665,0.0034479045400649874,,0.015451314169710902,0.03706955185965196,,0.008606355043603527,0.08639158077645347,0.08535820839687996,-0.024433105249449274,0.0258256720261641,-0.002248059356431748,,0.04751217068515993,-0.012623791928775729,0.03803253831232604,-0.014373728249066615,0.02291408558800463,,,-0.02466917730949448,-0.052318955126217946,,0.030292243792051556,-0.012521204316602337,0.016873173812341408,0.0296902073456391,0.03825415718996089,-0.0022132975189071567,-0.012683791909919681,0.024800140477001326,-0.02851700025858687,,-0.012092462876900514,0.0006445123569699824,,-0.02623420769603197,-0.04380094724441075,-0.0509891366020927,,,,0.027527280959471996,0.0006040559859304669,-0.018395226397484504,-0.0038787792311070833,-0.004090617148398352,0.02850501086592838,0.014832692888140726,0.011160123874780267,0.016527039973187302,-0.017401415528839746,-0.029784359650055034,0.02597902440506598,0.008640099171715425,0.045992170571396804,0.02563236785212417,0.01867231464103849,0.004738126259603759,-0.0037029059975831912,-0.02526907022925303,0.03607228253675749,-0.05255595304311741,0.05831065897400174,-0.00325568127157764,0.02368110399493499,,,0.051957816255433165,-0.02556634874001953,-0.03332329624786058,,0.012864318596840974,0.008558525793609361,0.017788316904161678,0.028389070583042113,0.005296098654418655,0.028891541360412287,0.01742530277661955,0.0374387742726317,0.015736071909440416,0.015001704015613121,0.015612419127114679,-0.024896594629040907,0.008351373191716855,0.023476795419372188,-0.009673541262234851,0.026355125543857185,0.01712814037611216,-0.00841450105356498,0.03886489924253434,0.028680325204908815,-0.005051319768401333,-0.0037822622538546736,0.012553652468615895,0.00914824470816788,0.009593629899366747,,,-0.020873787479005576,,0.07767314137972733,0.03564523960527748,0.029960170622121002,0.06292207945149648,0.008692417510626677,0.035830780101850514,0.047443081729703344,0.06648607682649947,0.002049882470300475,-0.03171349756178766,-0.01360340543722464,0.0001293856507742339,0.02610590144408334,0.04248360374251264,,,,0.018970709692694234,0.013473620135571494,0.07111166274473416,-0.07932853339615738
2023-10-02,-0.013038211125940129,0.020253599169652817,0.018292273665392805,-0.024232612387366605,,0.023121684352147256,,-0.004603802332865685,0.024944867120746242,-0.013607209392506838,0.01253309945584554,-0.03784185842018843,,,0.027623777830219017,,-0.0043611083858326825,,,-0.023030585740178765,0.004799428539247332,-0.04154590352461944,-0.02343293319606074,-0.04125455351585305,,,,0.0058362014982217,,,,-0.0028780136306600593,-0.02511841096391785,,,,0.01410366285604022,0.029733712815238417,0.019178330565429832,-0.018557445532088473,0.07314033202228164,,-0.07967706396428907,-0.009298784308739334,0.030040704863872187,-0.01843206835974872,-0.011670664255743509,,-0.009506297305985933,,,,,0.030897253974103193,-0.007206257383871519,0.019915166580338955,,,-0.0018073845126890457,-0.004532559816333837,0.058195804510338116,-0.029622917657951036,,0.02169660771089757,0.025677571253034256,,,,0.010615439286132091,0.02142705042351962,0.08633065941915384,0.017926210245281942,0.01904153806337888,,,,-0.011976065393640073,0.02260915389859472,0.06975866072864342,-0.030119739045993202,-0.01413256400717772,,0.006621354240213173,0.050759123632550314,0.0008766810028717132,,,,,-0.036060626223912075,,,-0.005085670141663513,,0.026220542490425314,0.011509325182309184,0.02307997499146477,-0.006444676118147878,,0.003571296733571642,,,-0.004600459066731639,-0.004765770370485482,-0.001398229076057638,,0.012721052407744338,-0.01641957587922201,,,-0.07930449580868909,0.024523893647201304,,-0.03063168254352129,-0.02050539002717409,-0.003849652095385791,0.03992554615815757,,-0.017129137506443234,-0.030203457264105844,,-0.011402211166726975,-0.021889705193659785,0.007526969147426263,0.04006307690133826,0.020500187108916497,0.012176891569431516,0.006318293864614386,0.009637095058163226,-0.010617774978524208,,,-0.013562435078417633,-0.018074293576154796,0.013069565156846315,-0.0219872656340307,0.01403778603822326,0.03364410836618108,0.03456786633953848,0.025064717024254494,0.013618733623116774,0.023487518857802973,0.013149616120700532,0.03166552447951811,-0.004381888809109017,0.0005822239840328855,0.00399177177740473,0.015353794728574212,0.009669452572305497,0.006455349468326952,0.021059858390239498,0.03430850743106993,,,0.016646536228468335,0.0207297966703311,0.00817181880435452,,,0.018199245474443904,-0.03137217150500708,0.06129540918380265,,0.01431497422309504,,0.027194059015391663,-0.004666999852067422,-0.044080885280318234,-0.06024475925943013,,-0.07809183510859194,-0.04452051918602867,-0.05050244728726405,-0.016733833298937774,-0.021760938558415058,-0.025430388383338796,-0.0394108367063586,0.01603786334990181,,0.027223572225570463,0.0357143812665876,0.017643366727291287,-0.22420152711634272,,-0.00977355748968357,,0.030057066292045714,0.0889309820090202,-0.17292491038244348,-0.104593301189165,-0.022962756732114856,,,,,,-0.07409066446324478,0.043346519252594404,0.04267132303321445,0.044027551901612665,0.027750045398634626,-0.055383915044425976,-0.021543438973690508,0.004457666996724824,0.013147998364861628,,-0.01934312053796457,,,0.02978931485111394,,0.035800369167045897,,-0.014398208464908937,-0.015101432641310728,,0.0031530637953402093,-0.0008225061567576505,,-0.003886057662383235,-0.014059520191936535,0.0015845255933259667,,0.007880637150466045,0.040104389379733214,,0.01048951646400556,0.09036132432905712,0.08569309207235563,-0.024711377641711513,0.02468089612554458,-0.0060114454054697045,,0.041854510282044545,-0.013397057610505454,0.034189014468158696,-0.014730492980625837,0.016855582803545568,,,-0.02391198035586319,-0.05679074888473339,,0.024140789325238117,-0.010934423929562285,0.012412917026077093,0.024253108867137958,0.033803359817072054,-0.01297267673322549,-0.014593400430187432,0.02002389490052866,-0.08692068496026213,,-0.011897505558470998,-0.0028339496017738652,,-0.02913880574142679,-0.047529592996594525,-0.05591920295584046,,,,0.023152104801241243,-0.002740701809122827,-0.019030233390352588,-0.010150343561580323,-0.01423495981952861,0.018153952993876267,0.009437696720161775,0.0027061449083173057,0.01467696703928331,-0.017602565934701518,-0.03077011799612339,0.008455518707117964,0.006612679035914597,0.02735009422266803,0.02493121979122306,0.01724492210052026,0.006861973853084749,-0.012687564295102125,-0.02411143490489643,0.04052191266149822,-0.05699165001263021,0.05054332658604217,0.005534161561102352,0.020361260709580685,,,0.03875761479652319,-0.025072863646032725,-0.030601208129172087,,0.008006300170011506,0.00680971494526337,0.01556349686758953,0.026042621765669283,0.0050597636639796205,0.024914543850562472,0.012298648359704336,0.029653296085284855,-0.003675240807104415,0.02391774446588403,0.012009893917391538,-0.038072718846530636,0.009646701089546003,0.02026229257503216,-0.009580254203663579,0.02219226768636156,0.015676355050563192,-0.009888944718405467,0.03043750413396168,0.023719391841523572,-0.008123011370324068,-0.008660068315123814,0.0072962452073573915,0.010981436277579582,0.00963936858270118,,,-0.03370622910750559,,0.08065462613165286,0.026423133214687897,0.04204502955070491,0.04169678912507637,0.008312722114809603,0.03407068270544869,0.035047066217851815,0.06063956513819944,0.0015910230582695454,-0.0340157100831488,-0.027755661782274166,0.009978919840116231,0.006926442203254255,0.009149918375103188,,,,0.00393103930950562,0.0005893038688328975,0.05249699640043923,-0.08893003285332285
2023-11-01,-0.014584525707860695,0.01978992876513084,0.01997021156938173,-0.030832642735254864,,0.045472776849778525,,-0.010119174152162081,0.009865006939189446,-0.030506431714374015,-0.0036982861381189796,-0.04597228457470455,,,0.03564665054708225,,-0.0059968504317096955,,,-0.02874399298627004,-0.0055991360534275005,-0.038644539608667115,-0.029418504469611268,-0.044144026899216336,,,,0.012149187019959441,,,,-0.009029418969841826,-0.0031509534437296335,,,,0.009413585436049898,0.02328388270512824,0.01737117637023594,-0.0189491718167351,0.06424995521315624,,-0.07098552492901891,-0.00860444208362187,0.03205181650152382,-0.03659501087750528,-0.029641569498466806,,-0.010911718268680617,,,,,0.032883346745489095,-0.006261766534245329,0.021083565265640456,,,0.0075135413435436105,0.006125486969167037,0.05217469653156666,-0.040402924917621104,,0.018056569719482128,0.025165036200480488,,,,0.01625785380557177,0.0336470124299962,0.07199137435876823,0.019451938684738435,0.020758364318435567,,,,-0.029013284984555417,0.021629534450330952,0.06566204947162706,-0.033978634804162945,-0.013789893843983712,,0.003368377834561689,0.04818349686176628,-0.005535336997660504,,,,,-0.033468179999896465,,,-0.008077975870234039,,0.03138756451272359,0.0073586762074364055,0.02417945811154949,0.012213666727967113,,0.0073843196552420805,,,-0.009864000416797254,-0.009102635975871708,-0.010277934253926896,,0.008736681485724327,-0.01790641849841087,,,-0.07920925412480492,0.027221229019132785,,-0.03357392692787584,-0.02998521005961447,-0.0030498603246802733,0.043439557636017555,,-0.02105812836029091,-0.02486356402552146,,-0.0236603140434957,-0.03769350385748966,-0.007626855758752646,0.03217568889090505,0.019233090300098305,0.01539335343934961,0.009244671247772741,0.012271866978547444,-0.007743470796884454,,,-0.025711408524535313,-0.03660484259708804,0.022146777532526755,-0.028083711013531007,0.016893646568433365,0.028829636493716823,0.02956330377692105,0.0240819352600838,0.01565921782218587,0.02211103063033193,0.01153095334066334,0.030987211312461228,0.003281920894383749,0.002716705944465626,0.002866713568474367,0.014049833281239208,0.010651958479629837,0.007980600120087892,0.0210696834758562,0.0349259188535439,,,0.019042120600459837,0.05538736694500284,0.005590527001201296,,,0.02742428862876054,-0.01642035865956512,0.05852252461263159,,0.01055097478915799,,0.01476271048714573,-0.008736784011039897,-0.05260180017687908,-0.06222098493241638,,-0.0877106169843152,-0.03548954087296403,-0.055468309498080307,-0.030149182622218565,-0.023395015680833,-0.02958519683496772,-0.038113077824813185,0.01747211254439768,,0.0261848077089798,0.03743349797446221,0.014318699498056404,-0.15628178304300952,,-0.024599392606535233,,0.029349993446149407,0.12417471346137555,-0.1677045655127758,-0.11107459103742612,-0.029897785995138773,,,,,,-0.08261999040098958,0.04196170334607557,0.03795586264625571,0.044382303412056644,0.024675743015768664,,-0.014298896891234855,0.0039897120209411155,0.012112745902131712,,-0.003923054752075008,,,0.023926116648780426,,0.038943532231996335,,-0.01808388048669007,-0.02448338507390131,,0.007583693812097014,-0.003528147074329247,,-0.0046919102214065716,-0.028602161527159387,-0.008609737135941743,,0.02224982523272616,0.03494227214166122,,0.012018918182642445,0.08702508803380524,0.07602391319924569,-0.03105860528167676,0.027564038687989838,-0.005521455792704766,,0.03754480064054703,-0.0073563958725417575,0.036044531235072605,-0.02316262042929264,0.018328429007462618,,,-0.03207313403877929,-0.05329926899945917,,0.023287678453354454,-0.0062254453933737845,0.015424236156626449,0.024152510113280855,0.02900390716853239,-0.019839977200405246,-0.024576346326082788,0.02212994810630839,-0.09555494829681034,,-0.026496204170118557,-0.007612352895863453,,-0.03033662414999289,-0.04525265982419771,-0.05104330093071626,,,,0.024799840553584803,-0.011138420894159118,-0.02331418192291762,-0.02709605598119457,-0.04032071366022359,0.026893156180254847,0.011345798626023092,0.00305373761740852,0.017035288587472826,-0.021454460964322266,-0.024453152616338077,0.009094993989321589,-0.0035487123328566406,0.06410591829151667,0.027707822288582915,0.01857820412151148,0.003899040183770828,-0.029185060459772663,-0.03160037908783632,0.044968649084176866,-0.0527733997272497,0.04831179109047617,-0.003722836118267141,0.015521546948500081,,,0.03851824260138889,-0.02959445739561958,-0.015930781919722265,,0.009394813020336954,0.006322940643985765,0.015366770032323172,0.025676522391657124,0.004122902377349879,0.024632166160500946,0.01582475421990304,0.029599841902047928,0.010254293906439954,0.027935135337544336,0.011388114739774663,-0.0449044958694766,0.015901406271161805,0.02095207015326841,-0.02422278754808826,0.021057647771731868,0.012523027788252606,-0.009367124467435569,0.03244920695762653,0.023308701046869686,-0.00790886619561543,-0.010945597485817046,0.008763243684867474,0.012926279855158455,0.0064690833376770005,,,-0.04316235793925172,,0.07204297492198614,0.029313395294457114,0.04473220553217927,0.07390364191726168,0.00689143388292842,0.033060343535936135,0.03745412323037235,0.05624181108044048,-0.011121389968631674,-0.017450627718517037,-0.036690567892492136,-0.0003760226516737277,0.005050915371160346,0.041603575983374524,,,,0.060914571220931454,-0.0008442917428461036,0.04209745584660364,-0.07658410696821132
2023-12-01,0.01056365483022625,0.022558321563940706,0.02344432017076915,-0.02010136486904327,,0.04249212561657837,,-0.0016370257492646105,0.0005045539664188678,-0.030206974852739127,-0.005647314311867198,-0.018958075586119907,,,0.0179746443424207,,-0.005672894853915606,,,-0.019438871065882782,0.011027203856083183,-0.030077559828472676,-0.018707794137611335,-0.025974119292519634,,,,0.017717921025880132,,,,-9.636297822995259e-05,-0.001149032700528572,,,,0.00588056108831044,0.017806294700334856,0.007420747957597883,-0.014260210112463565,0.09537771670065276,,-0.06845199598616007,0.008402604323759475,0.033027865803359355,-0.017526973271107166,-0.009554380643411796,,-0.0031787138997888885,,,,,0.03367647823959962,0.010075848035947204,0.022732797136175393,,,0.007708293489760083,0.00043565118282014087,0.03791222549342741,-0.009213216510013916,,0.035802267447507384,0.02209525589443101,,,,0.04576030065044972,0.03400694660728622,0.04870912384676404,0.017639043757492128,0.009331917956041762,,,,-0.009752303506477567,0.02835971360211981,0.0526698467896425,-0.023637287178066173,-0.013920029610319693,,-0.003692115819710135,0.06010415922906139,-0.009210362150638024,,,,,0.01996981816865117,,,-0.005886187428951438,,0.004322153063126253,0.008654856349762737,0.024317134357764645,-0.00010057910544834321,,-0.0026973013241407013,,,-0.004551992270900789,-0.004990838471022166,-0.003012197656683117,,0.008391997990625654,-0.03242333541585867,,,-0.0911002676693851,0.02735918330140066,,-0.027940595121031832,-0.019005620693847803,0.014096309521982608,0.034612769629562216,,-0.010023428616780265,-0.015956246645657736,,-0.00831876981071482,-0.019978225111131256,-0.024021852375557876,0.02921031264412343,0.0071743453645591185,0.00833743750152747,-0.00739458528381355,-0.009303154589412745,-0.018520656449362804,,,,-0.01517774679539818,0.022552326649186764,-0.01766332557651517,0.02647140284548362,0.020730358744389162,0.021143346146418864,0.02605881274366213,0.02716609575119364,0.024712495445521628,0.005726135484088069,0.04147455528917034,-0.011074158358735847,-0.01258214273646688,-0.01122591422549704,0.009307492965093823,0.0033919169886634125,-0.0007939742740720729,0.022131997923401942,0.048019164630030794,,,0.024000157389324615,0.027523475030240073,-0.0003702940316058277,,,0.01451093470491269,-0.02246251099709428,0.08180658681342819,,0.012051165855924301,,-0.021043314221319543,-0.002866505223299068,-0.0634527987550263,-0.07494533078451338,,-0.10484167875032595,0.035692302243052004,-0.06078126253870436,-0.013783638306425707,-0.013713406342633733,-0.021923108844976242,0.00752585104301031,0.0075160468938317015,,0.03078394704105308,0.05360241960207155,0.005779072106782131,-0.14206208605991708,,-0.011622776142495652,,0.036296081128504375,0.06864569424473203,-0.15348940196962288,-0.1228415022090689,-0.007831717742841908,,,,,,-0.09161711983524828,0.060717780385206706,0.06035097689837841,0.07159333144058719,0.01948594054924107,,-0.012953301211818579,-0.009625232072111736,0.005905705584827626,,-0.01386301317691977,,,0.019146738222731656,,0.0389618697436482,,-0.008437479927069138,-0.012986527128617822,,0.00541201056353395,-0.013406869769405649,,-0.005262361532480352,-0.01262978464896397,-0.0004203155929876486,,0.02590306004699627,0.011558472296133491,,-0.010534813611001757,0.114489736145437,0.10429540423916346,-0.019221479387188784,0.027779406816815212,0.013001891710503668,,0.03674741444702916,-0.016183192474922625,0.03733714485998583,-0.010030195044946358,0.008272929358078015,,,-0.02179529771954445,-0.04763494350603453,,0.02600721282690739,-0.017094656079119613,0.027819263279512032,0.025851569909643275,0.02228983147007555,-0.0010021145852371456,-0.011377292802030363,0.0201571491373909,-0.11036632213923699,,-0.014273154672180877,-0.004828486730722095,,-0.021908868579084646,-0.04101566687937319,-0.046745284249269756,,,,0.026318554383522243,-0.005513481096488073,-0.01143596481112261,-0.010543335729692955,-0.00945132901518953,0.012932043679396875,0.0001442047154023225,-0.0055541829961808335,0.003864997993729961,-0.012033681728931902,-0.016417345127960448,0.019091037014299327,-0.00776206324867996,0.03739941476529852,0.028548418568566176,0.025026854878121577,-0.003749276131100607,-0.01098666234468356,-0.02177593779457226,0.0352904174476425,-0.04794058892738931,0.05897224985268792,-0.015223872135468986,0.011246232574640061,,,0.02558422089252108,-0.022359084796931626,-0.023293826006691824,,0.0017515046404189022,-0.003433805020249765,0.01632698490826388,0.03496300220613204,-0.0042678212792111305,0.02560919680720338,0.027813192398330917,0.022349439531049654,0.008406479471857018,0.04568833188782245,0.02589973926962352,-0.03686709388806639,0.017685064961951033,0.023859430791364142,-0.010619781683892712,0.022383891561299354,0.0047000500705915845,-0.024127035936402703,0.04651427459935094,0.025607150839619335,0.011443804399284073,-0.003420065147731048,0.003385178734143615,0.017885226830977156,-0.0017253945351828218,,,-0.058438736976847004,,0.06735096721797668,0.020016620674085023,0.06804801482003031,0.04876318509579971,-0.002006926632270373,0.043815238166987076,0.020057154013343584,0.07109848023556688,-0.015089408588558539,-0.020688706217903845,-0.025240794797419648,-0.010356398758049246,0.020077553800158958,0.03161269446763221,,,,0.028908163847307836,-0.012085837669664989,0.055751715964718604,-0.07684504462503879
2024-01-02,-0.004987106763694493,0.012580063058360723,0.007360906523854363,-0.014093024791577792,,0.0432076686135885,,0.01080734929384929,0.006894167692878417,-0.03063167055131108,0.016302807959983193,-0.017218826908949478,,,0.006242010353278364,,0.005691739758861654,,0.15718190147592553,-0.010345890239113559,0.02266682285813255,-0.036240327670796366,-0.009171797805815615,-0.005546097810551335,,,,0.02250931381527724,,,,0.0002785626017254235,0.01647518151862294,,,,-0.001960119412581614,0.014236575985111057,0.005148321997098909,-0.02773067870188875,0.07412794008696583,,-0.08283687135063492,-0.003851596419189407,0.01099206532390069,-0.002536527053369592,0.003425234244281911,,-0.00433728715482842,,,,,0.011392913526497218,-0.0013004899315925546,0.01760848329143361,,,-0.008798695297036382,-0.007216607895230543,0.0077272280617334856,-0.025329658363990648,,0.014145573148342456,0.006060008836109537,,,,0.01951908985707986,0.013283218058275223,0.02475745010633456,-0.0032561743729484075,0.028044203904557672,,,,0.0073517014934878075,0.03155486056104211,0.02188364775042536,-0.015005826367305573,0.001491056096305785,,-0.0043867557091150445,0.053510191093449254,-0.014389896290960167,,,,,-0.009302659064912091,,,0.0083254519450797,,0.014717416944739773,0.035172565041437155,0.023034422088122626,-0.0052462502806394935,,-0.007681655399756309,,,0.007376908635129878,0.008487584896327302,0.01078379615175105,,0.03434017686578902,-0.04477388870349991,,,-0.11303376303145585,0.00827326227462197,,-0.016253786374770225,-0.003106666793264174,0.0013853474576422861,0.01222937947394561,,-0.004647864770543221,-0.026685939747789364,,0.0065065797599713855,-0.0036585081858396627,-0.03490661409700054,0.013424166196145004,-0.00887669472968931,-0.0035263348648317994,-0.016250233224778064,-0.01939325431833208,-0.022893364953697593,,,,0.00045440317483722107,0.01821928137667612,-0.008019493056347228,0.02403893835280981,0.014142271856986363,0.015741754651067436,0.02097194560567905,0.023675837357161354,0.017955546845554744,-0.004411433808440485,0.03839979648525232,-0.01757156918298079,-0.01821903151464616,-0.019682755521082493,0.00020604303731070557,-0.006709996393691207,-0.01147935490031225,0.017122909058837895,0.04973742373245413,,,0.005754460475658317,0.018949906472321032,-0.007223976068823925,,,0.001010398746861393,-0.020887962164601242,0.07079414980160882,,0.009185887843800996,,-0.04780064733063969,0.008129635173862773,-0.05835284629699588,-0.07548108877080623,,-0.09211115749524666,-0.017899781008849938,-0.06253604599759353,0.0021343565331296325,-0.014267796707082734,-0.012780762617765475,-0.014689332916648503,-0.0053682885513808365,,0.027932272614556494,0.0521432998475155,0.0002876061703414501,-0.2013046432183169,,-0.004410263191964467,,0.032711935755496295,0.05344898539160975,-0.13280400850683413,-0.15229137326029568,-0.012539631537901977,0.004467391243462509,,,,,,0.05289512621506009,0.05160588685416592,0.0541421350842692,0.0050351891710398704,,-0.01684325181095911,-0.020898136465190644,-0.005376138564251988,,-0.015793040765658045,,,0.009006374911906546,,0.019376461771129373,,0.007023320442290355,0.0012409479639329216,,-0.013296730428853638,-0.019938489646616733,,0.005399171804484973,0.006215574885400966,0.01227856038683619,,0.031854093586460845,0.02651195150092653,,-0.019230187984547054,0.06617802017501064,0.05737118215002837,-0.010329833941825206,0.008274779208376439,0.003521642968956051,,0.0068673957469541184,-0.019810514826436715,0.02612116250875973,0.00037316518845412384,-0.004811477148459933,,,-0.006430498233087002,-0.04962297532276538,,0.022631275850160684,-0.023720513178451804,0.024712603611440544,0.021307604887220655,0.01571497534322164,0.011467964264175535,0.009017940348008084,0.01167132486626884,-0.16116469619285395,,-0.00826884456464499,0.007813855898357315,,-0.004941288122605101,-0.039744766905586024,-0.05029283618557067,,,,0.01675261920083193,0.010513231935480096,-0.006755120881779737,0.007112828619211915,0.017606724263913458,-0.0011653528752590082,-0.00832933941453495,-0.012361615179656182,-0.006602846507503594,-0.005688081048013573,-0.027245975242259145,0.018618541854678605,-0.010366636012453053,0.026772847517025133,0.00777684391832039,0.00667867420499687,-0.01202130873622602,0.003734202331494658,-0.006291156604958455,0.013284879038858397,-0.04876974135231229,0.05246459118385449,-0.01559771636308444,0.006769124450200025,,,0.01033100724515819,-0.013501199496591839,-0.022371872915323398,,-0.005194730693619409,-0.00978925301143894,0.01411810996084521,0.03617691293522474,-0.007887786134847677,0.022863134489445623,0.02456803679718637,0.015526515661523228,-0.0033616769134838876,0.041446143693788504,0.005125381732404202,-0.03214971430224632,0.0010686366649142467,0.014537101362167161,-0.0038582291930763135,0.017259927949126768,-0.0019604670896165893,-0.02719336434828479,0.04359019157351552,0.021716713232286522,0.00048206138806106185,-0.004597887315900656,-0.0050762152786476885,0.0028101895925918877,-0.008615669541134083,,,-0.060607122266117704,,0.04891826637711772,0.0043468391836402375,0.061043197874035005,0.03577589188519242,-0.009840135139982695,0.04262632438447951,0.007948340199210275,0.06273068289571994,-0.015675411066857704,-0.020419134760592813,-0.020148625126955047,-0.010488482724201017,0.021962143834026157,0.02080665377451664,,,,0.02803465432522794,-0.016576583985516893,-0.004115134357617161,-0.09157261279953867
2024-02-01,-0.02545947143852807,0.015426056780001871,0.0009120344084217244,-0.017746592791304337,,0.049564925047500444,,0.0008816360616350924,0.0669460422095982,0.04558712950067817,0.07854424191792073,-0.05336160849518092,,,0.011216471034608733,,-0.005760813362154605,,0.1337617861932943,-0.015379282560798376,0.0034926018525356824,-0.026149809430846795,-0.014649836105286265,-0.02289280041300381,,,,,,,,-0.006432105846631532,-0.006406296373135265,,,,-0.0026884305331094514,0.014021364628384934,0.0050958616882084895,-0.026638913611618513,0.06351047226972194,,-0.05396085481294268,-0.016517745897018467,0.0067260830027292195,-0.021545968452547873,-0.01533833873586457,,-0.008848220973117616,,0.004443256622513593,,,0.006955216951348759,-0.01576211663906162,0.023401831206934537,,,-0.011338628601497583,0.0005370394286333441,0.013781306499200443,-0.06723526337388486,,0.009477763077418308,0.003163255923510491,,,,0.02153288335418569,0.0025367520751957396,0.0319084047109468,-0.007115550820725634,0.027224854847347716,,,,-0.01152171859710349,0.04385187954938359,0.024987431390173537,-0.02168498280856771,-0.013790691352706875,,-0.0047791724278912415,0.06773594659422137,-0.01586682057182689,,,,,-0.062020932581792254,,,-0.00585123136634301,,-0.010025707884995684,0.008766838840116415,0.022007329201046966,-0.022122567591741544,,-0.015289637200551189,,,-0.00210364145648669,-0.0004459299160932935,-0.0010205823156445731,,0.007787759856030638,-0.0392850273715086,,,-0.09741957431510542,0.00430108842056657,,-0.019562919886355883,-0.013561599453131479,-0.01027817860297106,0.009888822303813986,,-0.009628503505014195,-0.01749316530856691,,-0.007765122712052655,-0.02243940249178145,-0.026361198611331946,0.012064708008788644,-0.0020251900033583323,-0.0024000821704346946,-0.009002221219099802,-0.010186383911392394,-0.016062114588761733,,,,-0.017566945972583316,0.023774312952657174,-0.01487744863513339,0.029953748544268344,0.01905600767063372,0.02014851932992138,0.02670640731032525,0.0309528609767614,0.02486206371578427,-0.0016378736353881642,0.04969314562900253,-0.008098181827953957,-0.009674143409260736,-0.009676285697235507,0.011903738841183013,-0.00024272252737108553,-0.006095048829905727,0.022582859408639935,0.056507344383246616,,,3.4032084695277764e-05,0.003183430736097084,0.0034044798959255097,,,-0.0030391500361653598,-0.012640910365102877,0.08421227057630559,,0.002945512090717873,,-0.028638317373132452,-0.0006420131322556942,-0.03289131607392491,-0.04805175556446084,,-0.06483645695563821,-0.07082163602560454,-0.06405408408152177,-0.012897551355752957,-0.01240542542223449,-0.0173047233529869,-0.058076821657141106,-0.0015920969962606847,,0.03285652280169402,0.06393040242638169,-0.002896936627351288,-0.11282397172792873,,-0.010113805882210709,,0.038619822417626765,0.01128932827476372,-0.1547169020263488,-0.10878980389020122,-0.008846810177404536,0.00540989240346798,,,,,,0.06521268858234108,0.06442207753705077,0.07355147854242806,0.008312320707834846,,-0.016494237482244968,-0.011124977998007192,-0.001347234169906763,,-0.010691545254083896,,,0.0009804660161473458,,0.010025944732925571,,-0.005657796329223388,-0.008914238722092458,,-0.010965032440618508,-0.01919724728260142,,-0.005314490179741889,-0.010484610425440665,0.0005991473229010357,,0.052320108908837745,-0.014572129900126948,,-0.009810870954082456,0.08747183528741406,0.0774396651715434,-0.016522810972555004,0.004011897578385704,-0.009738416693857723,,0.024563333622798802,-0.020473395663167627,0.024275373407237087,-0.00946039148864136,-0.0012628097100278297,,,-0.015993914354563946,-0.03736002735199666,,0.024768996831460586,-0.020514833391515528,0.03106903361606653,0.026182151890305434,0.019745080685050438,-0.005070409996715866,-0.007497717927705178,0.019274335419691736,-0.12490789419356596,,-0.012342536524401794,-0.005139097154667441,,-0.014878751730885606,-0.03297960666934302,-0.03496872834703156,,,,0.019619833726964193,-0.0060392636204911546,-0.011639100225164664,-0.011718980407891738,-0.003195676669274785,-0.0019582122638032626,-0.0028214103911387957,-0.0028871660889461764,-0.0012818441284251875,-0.01073349729518091,-0.016657474061293757,0.03646160123009446,-0.018757636273388847,0.010162499731098994,0.004346781513655476,0.000590773858403451,0.0007972571119999897,-0.01636632287914778,-0.015943515774006083,0.010973403922451176,-0.037096299102525154,0.06547443018155859,-0.019963334776586305,0.005540275454305995,,,0.011712394547614642,-0.017683472482313067,-0.012800040282272327,,0.0009765008591965274,-0.007702681196438563,0.02104309169067819,0.0472297259525305,-0.005889665979440083,0.027538531993913054,0.03047777083127511,0.020883597695845274,0.00826761908158532,0.04561203367614152,-0.001640321004382961,-0.03757829649882088,-0.0012518375147982683,0.013848641337090777,-0.009731259912408217,0.023817096098489983,-0.0034772957589505856,-0.015123578253686971,0.054884293499209064,0.02681756904424481,-0.012320381351537351,-0.011005502621164804,0.006832246101031179,-0.0007579120527532703,-0.009999977139254943,0.007799563492171048,,-0.04289620348190474,,0.055739321686065435,0.002566390131309076,0.0613460439882634,0.01577952447482964,7.255774476462823e-05,0.0488238331495717,0.005754515812556677,0.07617710956154462,-0.024005932167277602,-0.010931489435657419,-0.02788260083384006,-0.016193935484380275,0.039723158135405445,0.008895544415192651,,,,0.014050885386120811,0.003186257274901361,0.027380200834361247,-0.057820155915288766
2024-03-01,-0.041928016709802,0.017238595689628967,-0.002826936820028898,-0.014293033367281579,,0.03783988233892341,,0.00427582643430877,0.052094709220668514,0.013471842377093157,0.05436433153953711,-0.09375272096144953,,,0.028288233894018588,,-0.0040707652415290126,,0.10726294405201187,-0.013495217128636288,0.007152486460558715,-0.023947924623436,-0.013681630580511927,-0.022440339396200097,,,,,,,,-0.0017693101015443127,-0.01565448354303533,,,,0.010375312635964569,0.027499561631559623,0.020878238798461513,-0.016873876094665185,0.0665612238054527,,-0.051766031152671796,-0.028886906588249887,0.007383340476929062,-0.02036374274274626,-0.014841765498579958,,-0.006769928389423548,,0.005859660377828809,,,0.007649301510481843,-0.02862474940969098,0.030420680700094037,,,-0.008395273138796589,0.004232357609368348,0.004431981432237545,-0.07587848989527733,,0.010607052269943292,0.009392999997229588,,,,0.017497863491034476,0.0046012781688306225,0.04212887122531617,-0.01920285701750291,0.04060530045606586,,,,-0.011258571293583094,0.04183675789187646,0.020819656049091896,,-0.013552277611060195,,0.008883784773052296,0.06863397026538634,-0.003997446897800026,,,,,-0.10328529727708294,,,-0.004154884154168062,,-0.022829836387636644,-0.00030016077006677944,0.031516013918879204,-0.02316677366313501,,-0.0034972055680223347,,,0.0022277288919325166,0.0030005113297977715,0.0018719244115905274,,-0.0004759351574907966,-0.02396208216018004,,,-0.09528554882410895,0.005300559013211444,,-0.020051254191939743,-0.013201433646401244,-0.020091402921499496,0.009243588810615828,,-0.007184323656401611,-0.01395680941162824,,-0.005501902891722459,-0.022282108008589416,-0.016645462423578814,0.028687275452318303,0.006364855518133725,0.012271282241763595,0.006491539060330505,0.0014660921997675133,0.005933573497938511,,,,-0.017689335075339846,0.029912484997301217,-0.012957965358591804,0.035824728524083804,0.02494469360415889,0.025919724079586644,0.03269861902845163,0.03735013252704765,0.03188985014118452,0.006652185857780887,0.05391657552562604,0.002131976685272462,0.0034124867134175145,-0.00011957975489670503,0.02014388424727172,0.009020994247820033,0.002667462147695798,0.029849058051513375,0.061032219404591914,,,-0.0013713575781363493,0.001963124191820016,0.012488489679742252,,,-0.00037633459259621085,-0.009326547523128864,0.08397434550120209,,0.011068128120837692,,-0.029850532689701486,0.0029232594944400407,-0.010048549587118039,-0.03948464977614928,,-0.03776718346694955,-0.11081626035566154,-0.09752346417226196,-0.011500098569717438,-0.010102545138285917,-0.016452113326521172,-0.10119353346714749,0.00838076235541823,,0.03881159719276327,0.06306799207999494,0.010735432635227726,-0.13265092412067997,,-0.009865595832230192,,0.04395030842064911,0.0017760911278655975,-0.12937410081082545,-0.14822267945060813,-0.01638072846025047,,,,,,,0.06672000409703865,0.0670555982456253,0.0773707468114971,0.02009409877249778,,-0.003958404743238997,-0.008861295103820664,0.0069694283268763495,,-0.003357187363570382,,,0.022509975774744496,,0.01454304468907919,,-0.0035136647477619727,-0.006581235791190152,,-0.009608277345424868,-0.006667636033795431,,-0.003181919363885654,-0.00896990267347009,0.0038336277114509646,,0.05259874947765341,-0.021809823208313373,,0.0010062421680721821,0.08563345121778768,0.08163029362098757,-0.014258557009185508,0.005671819306405383,-0.018662303166739235,,0.027606237760065055,-0.011738116807864367,0.03319580175936594,-0.007128065327708931,0.009575253641183688,,,-0.01519030536645778,-0.035328921683333105,,0.03291712675198857,-0.009224076886829639,0.037383858074546646,0.03245769917810144,0.026616700363366812,-0.005424608956455595,-0.005764209473052614,0.02637232440802032,-0.13386330482911724,,-0.012042958639075252,-0.0031719395952418184,,-0.014898602205886374,-0.03083989284087529,-0.0353274391109915,,,,0.02491078582468618,-0.004320407474367649,-0.008784454765674504,-0.01134604212999911,0.0001742465529007871,0.005678557855877402,0.008137240641630693,0.0022168491722212376,0.011386357043409267,-0.008538714982439424,-0.013974128440269571,0.03413327128812247,-0.0003744274174837761,0.006984109462154336,0.005786016810719858,-0.0003992713404296822,0.010489834005008056,-0.016772548898654798,-0.015302860950271864,0.01065956885966276,-0.03597083646984357,0.0670672320824752,-0.005306469918705403,0.017342192869816732,,,0.029860586916024192,-0.01699462305854457,-0.009414845341671496,,0.006244866678194727,0.00027367567229018313,0.02617763950292222,0.05043228251562574,0.0008132996860742662,0.03193308565019278,0.037341003251864714,0.026680601759424955,0.014144194953070727,0.03629168295082294,-0.0030374667744022944,-0.025047079919155477,-0.0008710566480846444,0.018156264701909834,-0.00886632522495213,0.03082315035446993,0.009299234160786847,-0.0017070945144861606,0.05486570481497253,0.03364613091303582,-0.022519221531482777,-0.0054237934100089084,0.014991500982132193,-0.002576533755739066,0.004579724592682717,0.008633054694325772,,-0.03146530405095957,,0.08003032747390783,0.010056402745060448,0.05122653956872271,0.016188427977169576,0.00713589164557898,0.05140384413378146,0.02436222204882707,0.07840047675630007,-0.006049101720608327,-0.00658146816884124,-0.014491600394174863,-5.5997820616316096e-05,0.03610755924951895,0.0204091729311709,,,,0.011932477400172854,-0.0032959727181360683,0.021996732703572743,-0.05625651316919301
2024-04-01,-0.03353831645628813,0.0448064595766663,-0.0034647382198218133,-0.01601600763551215,,0.0411909526491343,,,,-0.007837314735679645,0.03623839033682838,-0.0930431103218249,,,0.014228857284487858,,-0.005987423609067862,,0.09611645229228141,-0.014493620646506084,0.0008228320365764142,-0.021323416488157134,-0.015797327117359837,,,,,,,,,-0.007676976071019702,-0.01185746875887534,,,,0.012867804587672615,0.02805554822796098,0.023955315733241663,-0.01927911224106608,0.06934102682816325,,-0.05061408028635691,-0.023771951874646913,0.00295168711395133,-0.02609524350494322,-0.022029067443175197,,-0.010171516365479463,,0.007642918391342255,,,0.003041229073416703,-0.02488850495223771,0.034103071567643355,,,-0.0043083297960736094,0.003985143156245287,-0.0031330901902639164,-0.08039534424225984,,0.017695591574928754,0.004249488243871032,,,,0.010875901605855139,-0.008537379987807552,0.029651024737532772,-0.02261064478402507,0.03537422133838639,,,,-0.01669416020069313,0.05347351734050684,0.012628342611985761,,-0.013399245098096516,,0.012694473863357257,0.06666309626576114,-0.006430362943174015,,,,,-0.09040754760794702,,,-0.008326185031907855,,-0.01852629348039811,0.004150962733232165,0.035168231904452105,-0.029157812964600793,,0.0024074637774901325,,,-0.001020896681978351,-6.756305758054678e-05,-0.002595703742510675,,0.003989633669240096,-0.012058979456317911,,,-0.10554286967801704,0.0004913506932870291,,-0.020009837609390468,-0.015072993718220455,-0.017622562860259188,0.00024989477452805786,,-0.008594190553944243,-0.011010371781531327,,-0.00936705435705387,-0.028351664542817092,-0.00505451859770819,0.02003762386627581,-0.0035874668958600668,0.0058953813302736555,-0.007388935783861442,-0.014608405838337292,-0.006231805817896412,,,,-0.02392528016648505,0.031827120887796254,-0.01437830136356357,0.0423285556756013,0.02351140006288462,0.025376875183315706,0.03593029290894797,0.04345293053546471,0.034095971561852664,0.0074005163169232665,0.05732359465423049,-0.007554664136334678,-0.009060088034235908,-0.009621384929950629,0.015991641626192016,0.004979984089871527,-0.001570192687383973,0.03177895855885635,0.06729155928547637,,,-0.003366626892018115,0.0029238306855765115,0.0156950321671481,,,-0.008935330417522713,-0.010100916790676505,0.08550703846385681,,0.012303381293297663,0.044825169539593944,-0.03602495498306689,0.00024336331436899182,-0.02058841514791092,-0.03998728871961519,0.016621271055553027,-0.050368939957473026,-0.10211097577098059,-0.11513756028719656,-0.01524101759694317,-0.00973356618864668,-0.01688161756617436,-0.09375689920585764,0.0013099579096390427,,0.04369322732938456,0.06785736933583351,0.014629885386754365,-0.09060277469258236,,-0.011291733623966651,,0.048081048711704044,-0.013481238295873782,,-0.1739089304625675,-0.010809891368382974,,,,,,,0.06724546425772752,0.06722088816737062,0.07459722206675025,0.016917891855706177,,0.004173554478042796,-0.007281814317421344,0.005701079285906865,,-0.0075438447429092385,,,0.021116235895590346,,0.010726905701743781,,-0.005387120272624681,-0.008611426889769042,,-0.01658193547859605,-0.011733860108359149,,-0.0052841528163180065,-0.012960826038201449,-0.0005507707345210001,,0.06029169188419383,-0.003838111765754892,,-0.015175301372272201,0.09246348572723205,0.07998816950366419,-0.01542555745784622,0.00012759837785275053,-0.01583875195197334,0.015345574629324848,0.019174703906295647,-0.010907810057712103,0.03899883823761238,-0.010030819876641063,0.001902063628469119,,,-0.016781951786038397,-0.033853072799885905,,0.03634487255537129,-0.010341855618704522,0.04422747602327308,0.03584086088297808,0.02620944570251782,-0.010694737900254086,-0.010517172962359432,0.027419990641232392,-0.16095693209587617,,-0.012706019889545395,-0.0076433269494488466,,-0.015944230848616393,-0.028752077980456918,-0.03626067193106168,,,,0.025467746451510138,-0.010177564937732725,-0.009913665467541927,-0.016046727132069036,-0.005573971036518831,-0.005913929769026203,0.00024876017313393194,-0.0030861709038191017,0.0014099532567615172,-0.009339439617548654,-0.011198995938958234,0.024300887721609182,-0.0019783792859937575,0.008063131807788788,0.0009958455201552184,-0.0030241951618858167,0.011313017143032051,-0.02389893274938999,-0.016338989084225562,0.0008135506119748841,-0.03398465403555077,0.06638729349186714,0.0044086901669488626,0.01981449038551031,,,0.020791181708584933,-0.018118074628316046,-0.011651482071412122,,0.0030850563866658353,-0.0035189704918854206,0.028954085677880843,0.05322423138068748,0.003419883865760585,0.0361751107157354,0.04391618444547267,0.025144402423810584,0.009953931691870142,0.05013860202141035,-0.0002482061245807779,-0.02798203871486294,-0.010205851616713989,0.017976663225425592,-0.011419696819916569,0.03260088247507001,0.010742570820627418,-0.01341444897399162,0.05932419552757167,0.03703130576276358,-0.019309699792070076,-0.009810524656804175,0.007690795338497857,-0.0052429133451494395,0.005955338507461669,0.004091075842930008,,-0.01966395740277254,,0.07062170639219585,0.00032528423731334336,0.06335259611143589,0.018965261435493524,0.011149617260876557,0.05708242852014673,0.01819333717253973,0.07775553772223594,-0.0067931259195894746,-0.007945115463580203,-0.016028771423709728,0.011203223572783732,0.02552950810094725,0.007921024561263342,,,,0.004358334244319097,-0.00409555402537277,0.003742751475197719,-0.05617762547760201
2024-05-01,-0.037360212187573766,0.01710108148292807,-0.0052976698498698955,-0.02844356886540534,,0.039533282889326185,,,,0.010431581031730426,0.05047233700020901,-0.0801650269601037,,,0.022803706438968518,,-0.0065183335230975135,,0.12921090723828704,-0.02882468046951768,-0.0035160724170423385,-0.03768419454860438,-0.02823549233463789,,,,,0.047280859854176176,,,,-0.009953136889045786,,,,,0.011801178377484695,0.02577522539852565,0.020446784071173334,-0.014659210523051002,0.07770696520752823,,-0.0661417799475404,-0.026432313089887412,0.003013450343707145,-0.0338107039792445,-0.0305319935996648,,-0.014074356099158325,,0.0019475413575336035,,,0.0015811356245635782,-0.029449468355955098,0.030906666908807143,,,-0.004190504222715872,0.00033935351398915216,-0.0011644474235982072,-0.07836682186441375,,0.014020261044784033,-0.006022963759719245,,,,0.0019997014142654895,-0.0058149674217637635,0.014172610509558831,-0.016045839813197276,0.03322470727625865,,,,,0.04176137373803202,0.015974422043454957,,,,0.013239723288799563,0.05189724771645854,-0.009858950130178852,,,,,-0.09185136965058525,,,-0.015896208233194938,0.06217685280608646,-0.06675213010562571,-0.016814374412763313,0.03206622803361559,-0.029870381005593215,,-0.003710557983914308,,,-0.006599006266604662,-0.006525404762184996,-0.007437820340236024,,-0.017803158407352703,-0.018063532131810164,0.05213043058051291,,-0.1047033491712922,0.0011621728532074291,,-0.036152908255270226,-0.029133548335789468,-0.020176054189257924,0.002322272549922904,,-0.02193608416218625,-0.026788336534748807,,-0.019582401568706245,-0.0349721065414996,-0.01045294951118737,0.027046475211106286,0.0031308168754534253,0.020365708572866313,-0.0006086675018556633,-0.007268585613821711,0.00281281629784461,,,,-0.03460897167137458,0.03127329613593849,-0.025930190161737615,0.03905274274763342,0.024190403771766966,0.0253524557967256,0.03351093763045018,0.04000135508479191,0.03299056057276741,0.010901689510729591,0.051483030663355536,0.005103076631185573,0.003146706507197171,0.004942405904030247,0.0225997721462058,0.013964163037213899,0.009972277107060938,0.030903823853279663,0.05768868158834608,,,-0.004748714640493181,0.005122253015654071,0.036069056462334964,,,-0.0031093546499786485,-0.0020090255876257807,0.06566693960367795,,0.006721879320539326,0.03203616786977253,-0.006991993124808141,-0.0054273074011212475,0.012313815442184435,0.009286041072728516,0.03769083529810738,-0.012325497323088259,-0.10354576379233575,-0.0909323357035347,-0.02386128748752669,-0.024280511380495345,-0.030228977069357944,-0.09386503743305831,0.012535949388607899,,0.037638513148657245,0.055914943664460454,0.014462158352049427,,,-0.02270229136201121,,0.04145147213412667,0.0016106317188929137,,,-0.005449728587258332,,,,,,,0.05259226008560509,0.05221988293063366,0.06456972185343736,0.019891872092679987,,0.01484957592316877,0.007969905725828326,0.010643548711797235,,0.0032017260296104636,,,0.01751020827608697,,0.011742667159886925,,-0.019055994964266486,-0.022881292038726398,,-0.013878633143218133,-0.011200731448471724,,-0.005985683831839603,-0.024007378376915633,-0.006052658540131182,,0.05077071482407388,-0.036135442579727776,,,0.09111362002543619,0.07675644558030213,-0.02845428892274138,0.0010169123280412262,-0.019179846533411992,0.022702479854822,0.02860220698589457,-0.007130539602812868,0.03221833562561437,-0.020970829594226394,0.012900907452992622,,,-0.03038914529542903,-0.049731986316964856,,0.03425113951451759,-0.003341741412287443,0.03971100807393932,0.03264273146070799,0.024557035159113286,-0.013303834353500748,-0.02130142331792693,0.026486284255857532,-0.1568563902307718,,-0.024169460471311292,-0.008426109442081576,,-0.029666561574958512,-0.0453925601309874,-0.0514740106818059,,,,0.023882302476252403,-0.01046890142332178,-0.022546971417146167,-0.02490426865551003,-0.008802243064505225,0.00410955730479671,0.012954275674418184,0.009311355362564758,0.014007214102178775,-0.022215067765012718,-0.02677691875931689,0.03020357412961553,-0.008317342517818075,0.01000658378395034,0.0007415238542783181,-0.004603703421257618,0.03181686946231088,-0.031805231841938904,-0.03098240153494607,0.002594065493330825,-0.049665456209892024,0.05169085119832582,0.005019935235299867,0.01871167182097458,,,0.028685244743742854,-0.029769933063047704,-0.003159738285275001,,0.01141571001671601,0.007550267467601091,0.03018449143556641,0.048900566315512935,0.009261168288837164,0.03326300192244248,0.03990250647528498,0.02577488855231935,0.015069189818684924,0.03748542498878953,-0.001755191982087483,-0.03466719258177504,-0.010506257488613748,0.01772588389846792,-0.02287644875934961,0.032136995913328865,0.013441455563655768,0.0012353595379445373,0.05202395611603675,0.03370780759031401,-0.022695621874894618,-0.014616275784441236,0.018631443633145565,-0.005973628349691097,0.007206929438511728,0.004500094162723121,,0.01623305573698427,,0.07425341791498584,0.010532881934204217,0.04653260591164128,0.016897508647658165,0.03242756502280181,0.04811727768932111,0.024908258870944288,0.060708892527163764,-0.014436264750071577,0.0017970499192782124,-0.025236662214320416,0.009077350080421098,0.03215364444569404,0.0032577924829441537,,,,0.01595108189632522,0.016504038563123356,-0.0008902894587545119,-0.0721516670069206
2024-06-03,-0.029429053212343764,0.012137469874716767,-0.008759435787260064,-0.031563401515709626,,0.036412621240536444,,,,0.006335516802006329,0.0587465248071778,-0.07442482577941356,,,0.03153730336618808,,-0.0069824564668077614,,0.1329221584480576,-0.031991797669869954,-0.007329693088397765,-0.04341445043010594,-0.03121300079937785,,,,,0.043481151317152564,,,,-0.010007312197805762,,,,,0.008439667209904314,0.020519526934851533,0.011849637894406285,-0.009136667295529746,0.07253694276315698,,-0.07446442026436646,-0.0216968683958492,-0.005457501168229206,-0.03593167573826685,-0.03214698938624306,,-0.014970530880396439,,0.0013448943724978179,,,-0.006360968188770724,-0.025066647045466517,0.02555286660645242,,,-0.00892425258334947,-0.004688460414777215,-0.009618051000575027,-0.0919268743157558,,0.008891000694905529,-0.024299910967539164,,,,0.014853105927358818,-0.0127898803205971,0.017343231350517973,-0.012958651283509218,0.012138872150171566,,,,,0.03713886180677338,0.0060925167157832635,,,,0.008401440198176312,0.04410267775937577,-0.014238899339686669,,,,,-0.07439374520312177,,,-0.01600218948501687,0.07953506676613817,-0.036496335500382275,2.438675054806168e-05,0.026733635772858467,-0.021237486910822067,,-0.0005354132645098109,,,-0.012336874554084071,-0.012237272154467745,-0.012741407488975176,,-0.0004724635358642417,-0.02590225543549256,0.07016785169982961,,-0.10625621879809584,-0.006507894747069354,,-0.039592628665119825,-0.03201325739587803,-0.01691403372103782,-0.008279845546176548,,-0.02498290489636085,-0.031881889847989994,,-0.02178154659562761,-0.037528759585579406,-0.024914268744633854,0.03027340434339807,0.00643882645906218,0.023671670391321283,0.0037200731087325065,-0.004075075036763639,0.008683675353879232,,,,-0.03764711412666859,0.02636468966881615,-0.029048936811911168,0.0324135944326841,0.02100687294821725,0.021656371410728393,0.027914250196013526,0.03259971639784444,0.027611197540497855,0.009659994010511692,0.04281967320290309,0.0068875915176992075,0.008390113452287854,0.003491856183446958,0.019059405523966053,0.013245753549338128,0.01016085367199205,0.025777438001324756,0.04746334099016876,,,-0.009416566184795855,0.0196195621239425,0.03399042018584278,,,0.005872758280842404,-0.017405042256730126,0.05671067297893651,,0.000610206242408754,0.027652786260304735,-0.0012385427715058787,-0.01126793646951067,0.022118803649971167,0.021979304471763692,0.033050501174526015,8.740912151911587e-05,-0.0687255006499577,-0.09381978052772241,-0.02536266715762672,-0.02793938319929059,-0.03274943275620052,-0.0777381145293384,0.015564232724322,,0.03087793942651149,0.042736939988080015,0.014088309828086861,,,-0.024901302976150494,,0.03361221055187552,0.03211854692802362,,,-0.012195639011971113,,,,,,,0.04377774329235084,0.042876875617827735,0.0636877025079625,0.02210453120336348,,0.011705515147977415,0.012440828074641707,0.009524757780095131,,-0.011452103367624275,,,0.024091866099517426,,0.004049380019108184,,-0.022253219903707516,-0.025146943568237975,,-0.019387637476187526,-0.01044549596455724,,-0.006499301641235973,-0.02545169144205508,-0.010911875897023464,,0.046844138963196454,-0.0301665825156539,,,0.1081835901108573,0.09162593251318939,-0.03135415390406347,-0.006056673544037786,-0.016681011771865477,0.024831622986266837,0.033295631629067984,-0.006438921161467691,0.029062154986027027,-0.02339279107330129,0.016177401073751325,,,-0.03319618724784067,-0.05545463732244438,,0.028553132650216438,-0.0032763529528835535,0.03226933425208617,0.027246546172734237,0.020918640734981245,-0.01617115615847266,-0.022770325992521174,0.022312391886707902,-0.1489585915329819,,-0.027127185601692153,-0.008771473851406924,,-0.03298987139838695,-0.049757817553980455,-0.057365259537332076,,,,0.01751531382580147,-0.011556587603104273,-0.025956975280287713,-0.027109259230708015,-0.004958652925960168,0.009656789501728106,0.014018163764708108,0.005973219284158438,0.01826843309564944,-0.025071241886443253,-0.03205426509543858,0.018234145983410822,-0.014362348654745269,0.02474300537127792,-0.0064623093283882995,-0.00899558727617336,0.029853136682866533,,-0.034424441883305776,-0.007168135659746862,-0.05495697011220363,0.04393877576685682,-0.003910148832553572,0.011006285096402868,-0.01294199468712898,,0.03182901362556192,-0.03260276844311068,-0.017250512507167196,,0.011110655001989671,0.007303005072679866,0.025963202314733386,0.04141865606644251,0.009003097805895862,0.02774062601301468,0.03273232601447265,0.02202426569921733,0.01483693226021341,0.029944025152519416,-0.005415112046053475,-0.031749492072870075,-0.014661269513261781,0.012688128766238697,-0.02467360927981792,0.02760521177262577,0.013034497597436249,0.0037596402293751455,0.04143604836997804,0.027638288212843583,-0.019465759901827764,-0.01606443633020325,0.018421989772356744,-0.0096547790434063,0.008844987795419795,-0.002082514497577298,,-0.008524402734411156,,0.070714904483473,0.015377601109330608,0.03889565875967735,0.031927190197375346,0.028778205255566146,0.03849705403052776,0.027698251774600897,0.05166132578358804,-0.02068820575273448,-0.015040648566383869,-0.022436405521969634,0.000571815863323513,0.018959580348123468,0.025127373908078496,,,,0.03959321222551161,0.016385884199920594,0.02965090832067261,-0.08094476506478356
2024-07-01,-0.01913098691869001,0.012739981415385213,-0.0034571390822290666,-0.03287831660522254,,0.042140108550003864,,,,-0.02936560393054411,0.04309191980325069,-0.05790893544848079,,,0.035053800747674356,,-0.006968326372451443,,0.1509122204481787,-0.03394648078720354,-0.0009588133203278308,-0.04632846736714443,-0.032126363538084894,,,,,0.031432890005848986,,,,-0.01783335992984853,,,,,0.013647277852892563,0.01960058854612018,0.01386272685806374,0.008904518640929485,0.08588874117343513,,-0.08613200242618949,-0.012358779889301223,0.00014476476942071944,-0.03889515450454891,-0.03463000196708361,,-0.012836322849870047,,-0.0005859172985095438,,,-0.0015105531494513688,-0.01771415755206712,0.02402141445823935,,,-0.00584225487221295,0.0021860498003258887,-0.00796480776680716,,,0.006986614749627249,-0.03220850700980738,,,,0.003473649185388366,0.005126405067699926,0.008149595753600284,-0.03408105671449328,-0.0016826419699966892,,,,,0.02710793774326417,0.012614632096204897,,,,0.01199092871673344,0.021513037753106232,-0.007993053010930654,,,,,-0.036458667948311936,,,-0.016068269262906013,0.06026795418675581,-0.0007146856998382962,0.015582519832394793,0.027673450703297395,-0.0022880638801614033,,0.00934516698937726,,,-0.007568333309942793,-0.00686518804406591,-0.007542603273609443,,0.016412839932529743,-0.030005394740423998,0.04836740533818041,,-0.126968649165297,-0.0007225141050437825,,-0.04363764312752527,-0.03295015668909298,-0.007170666344182718,0.00015241629676704648,,-0.023627745431613438,-0.031438548186929614,,-0.019826849669441832,-0.03869078943539745,-0.018923462384574416,0.03675715346064782,0.006416393563124486,0.030026582550199275,0.003361144418364248,-0.00523059050051755,0.008479812664050174,,,,-0.03909184224466412,0.02458182507665277,-0.030073635448370318,0.02811704530086673,0.02291077948044927,0.023135938764524192,0.026320303814069246,0.026442195780027388,0.026960408542558642,0.014941662606019576,0.035613794401757666,0.0009154795934424756,0.0065665803885712965,-0.005946096353731674,0.017459874048281282,0.015950922146977176,0.015682095354819136,0.024117658684488695,0.037655253183781656,,,-0.0019588919724867447,0.03331806916670002,0.04521755550548789,,,0.015085057344361332,-0.02029401961471481,0.03254886088801436,,0.0017948639730847777,0.025836462927258965,-0.013071794615006776,-0.005910352021688346,0.042652160828789316,0.04089487423266646,0.04389360419806954,0.018125928083316013,-0.01752734780645779,-0.12633262696190373,-0.02564530195298778,-0.02794620955687197,-0.034285618098019686,-0.04019214063723265,0.018719083392510306,,0.028732607373596043,0.03142972835297161,0.019962089433584265,,,-0.025018108750809447,,0.02912363085269242,0.03540381228708098,,,-0.008744426472339086,,,,,,,0.029699438254063515,0.027606665651649383,0.03441125784340944,0.0255551097260052,,,0.014281244592579755,0.011530114742947552,,-0.017428709987116025,,,0.02963154086205959,,0.009853464493179741,,-0.020464383734761737,-0.026358151187715888,,-0.013324252601906533,-0.0009162555363098064,,-0.006391490206363712,-0.0243107749127199,-0.006904228887952661,,0.029128482544560266,0.003127483696205749,,,0.07672704375957527,0.05216869299945303,-0.03251878498212766,-0.0028815089619884104,-0.0026670115909441707,0.017779236793635012,0.013765681763334639,0.011063064738449415,0.029484891037561856,-0.021805268974181318,0.01879887010312559,,0.0030907898601971505,-0.035108608815348843,-0.06264032898509525,,0.02532370186851377,0.012523800799938761,0.026957585417003608,0.026203825299113845,0.023892906561919985,-0.012077580925341207,-0.020928796765102897,0.01980826138968667,-0.1934645973510986,,-0.02795208980574289,-0.008715511971913165,,-0.033434351306353416,-0.05521403826343677,-0.06754116077434459,,,,0.01813596999426828,-0.011808943755535406,-0.02432938683637672,-0.02958109883873997,-0.005338827266675445,0.01822270923408041,0.011228180909188363,-0.0004968447101138404,0.020542048508064268,-0.02430973498397053,-0.03218159438236575,0.013454327736145438,-0.0038534893461832026,0.04065611586807389,-0.001577850053799712,-0.0020176256399945347,0.038857150737945226,,-0.036405260660712084,0.0009349168894828886,-0.0624081025672379,0.019761118662740395,4.846863696998587e-05,0.012132105845286768,-0.01027800830077885,,0.03715455354635761,-0.03418662837470704,-0.020082335529861974,,0.014095096449422612,0.015925829201309638,0.02392765532206648,0.03134348818557309,0.014757622173734976,0.025778939535246768,0.026448786622170106,0.02338561255128773,0.01069459503568993,0.029688380969043908,-0.006524355183869199,-0.0048287928931185576,-0.006987476026730799,0.01341786586587069,-0.025020151407501454,0.02551731989358033,0.019177370818038626,-0.002582096071035701,0.03241669652338874,0.02600695412810642,-0.005201028361537907,-0.01352985155390416,0.016725314016645756,-0.002696429816389167,0.016719213055416005,0.010522742408697851,,-0.02826224778563515,,0.08033632836626366,0.026797038618266954,0.03380514557823766,0.051689573046146284,0.037448138575981955,0.03176641212735698,0.03543362272000922,0.027127915703325147,-0.009101768342895503,-0.018107389403653213,0.00696479283810091,0.0060085326884790095,0.00961465872780164,0.05533613298576103,,,,0.04793306018686255,0.02245257899006022,-0.01504071121081153,-0.0966518665817094
2024-08-01,-0.013781232724040155,0.015356305469141471,-0.001499763743963529,-0.03003215157070046,,0.041649057753141476,,,,-0.05407406167985807,0.02553267865062443,-0.05572283678123628,,,0.024937731194685127,,-0.006978072120784936,,0.16490874175231954,-0.029632258324785343,-0.0019611851590150015,-0.04552088385493691,-0.029010629736788498,,,,,0.029265046072595568,,,,-0.0198363187950167,,,,,0.009517808401038993,0.018615628129119446,0.011906701146160839,0.002152326101011893,0.06776699665175692,,-0.0884955111797808,-0.01221888746916471,0.0041407791316135315,-0.0368867198928997,-0.031948056821795086,,-0.014002593806071018,,-0.0012648349960397442,,,0.002734802459680373,-0.018205063204759595,0.027306453109641,,,-0.001260042262210451,-0.004265502407431337,-0.0005661726803255233,,,0.0022092156335567774,-0.017898922893375864,,,,0.024203837021882998,0.008561594382941852,-0.011772405283417962,-0.03536827170348982,-0.046729400026420065,,,,,0.02292413083567582,0.015322177382455135,,,,0.005138069035939226,0.04357160114920269,-0.014829603418532348,,,,,-0.03718138996914839,,,-0.015159033061994924,0.09871687078835707,0.021435907388235653,0.02722791961850486,0.02951345284770573,-0.004896596538227806,,0.004049000132862865,,,-0.00721017862295361,-0.006678948837208848,-0.007698566834058614,,0.027976587114733293,-0.02039177094975775,0.0885251292461764,,-0.09015654643786632,0.00283319842812604,,-0.03861822137350561,-0.02793282003767794,-0.008195644681882138,0.007750247612431501,,-0.02001201571144539,-0.031980485676741714,,-0.016370729734320248,-0.038682594541125645,-0.028948702129465986,0.024817291307681722,-0.0035209804284372375,0.022853155336960283,-0.002680859076192799,-0.014183319239631629,0.005869537045615933,,,,-0.036129121598395965,0.026065016162258526,-0.027434069750980197,0.03962443654851669,0.014342930965160624,0.014789434435115375,0.0294531057380665,0.038878170669032174,0.02861583209195874,0.007881163360364417,0.04395073927805383,-0.003262028933602315,-0.0005578959738089573,-0.006397649018248458,0.00901848205154299,0.0065605723871149085,0.005706778410536662,0.025348912662628224,0.048604406158265605,,,0.00045783587990860173,0.025705098029351628,0.042003698459675186,,,0.0013918576688487134,-0.026871412473367856,0.054174983994662744,,0.00031259718037015107,0.030272007827251424,-0.05369678188194203,-0.005860126573675226,0.035029613178165914,0.04079518396858209,0.03777370889134056,0.009183380058658366,-0.029248723732971323,-0.1392558794097003,-0.02349785752507016,-0.026399454481598826,-0.03182875941361219,-0.03856481231692623,0.010431631676295896,,0.03413485795399022,0.043672467247945636,0.014987463737340634,,,-0.027264125237180355,,0.0369661290683798,0.01854075220479904,,,-0.011397774608407551,,,,,,,0.044842334814328845,0.03820595792058373,0.04429075266500639,0.019530050292640943,,,-0.00036003692444887443,0.002858985462264536,,-0.022027395682271397,,,0.01638206682353073,,0.009177891208993197,,-0.016735977609122647,-0.022027833607657872,,-0.007411084716744852,-0.008687904967951752,,-0.006403848339964223,-0.020811057413421825,-0.006591497073285795,,0.031403684926665225,0.05569288338023914,,,0.11372844157527076,0.0795834938903196,-0.02971179929031523,-0.00024898261344483353,-0.0035754569564286766,0.014314144748865503,0.0034514984127483822,0.0018804753579406252,0.03666129292001011,-0.01818919024320556,0.010670219791895306,,-0.0026648068324071255,-0.030168168635326627,-0.06148079104508323,,0.028480921225318954,0.00260936581120154,0.03923472903404421,0.029348152712261842,0.015093115650330778,-0.013472406705506562,-0.017198526304265372,0.022419996773411274,-0.14388481217239804,,-0.031188010466394963,-0.008738136441773646,,-0.028655516818592304,-0.05335180548558926,-0.06616517097310641,,,,0.020770055797444457,-0.012805741357757123,-0.022276895747780415,-0.02792408581259577,-0.0028324836842890592,0.002691999078645411,0.00353074480991308,-0.00442348046453632,0.009642574807948352,-0.020826692058513806,-0.033413231011486945,-0.006741059459232047,-0.006839806108228057,0.030497699639142086,0.0010140616297527913,-0.0002496788739677825,0.034796758914774226,,-0.03127667414179275,0.008619527937021415,-0.06153338137904156,0.04180568488639854,-0.006994483337807496,0.008525974223371242,-0.007822059237940743,,0.018754124843132446,-0.031923851420251635,-0.02649915102889492,,0.003635636678139498,0.0037571276323221364,0.02614917033465986,0.041436753445014664,0.007523376149910655,0.02881057437982536,0.03901108732863141,0.014804467291632014,0.0029251353134555676,0.03150180154334663,-0.009124063689955081,-0.00019153025517982,-0.0037895798184766484,0.015400204534757751,-0.026417075909085926,0.0269089233604446,0.012849892258412215,-0.006232529908625138,0.04237245401916617,0.02840174860233163,-0.005947496745845946,-0.014898863689914691,0.008996070856577264,-0.0010451450711794147,0.011867554873614095,0.01071343075657214,,-0.025835906180096933,,0.04649572873097329,0.008185815471357539,0.03741467041688489,0.03876691548889399,0.03313153026932522,0.042389671376412114,0.016724594107878164,0.04490237201866329,-0.011290712025725867,-0.024068646145604496,0.00907725499516609,-0.0007389690761299039,-0.013456950925599615,0.04374549687434683,,,,0.034801832970629325,0.013641062963883841,0.006225197817582244,-0.10060517476004918
2024-09-03,-0.014916338070118745,0.018064630056031383,-0.0021092401234213843,-0.018967390607403246,,0.045048810577593676,,,,-0.07337595126731676,0.008917724122520818,-0.06985120921581524,,,0.009198256889692957,,-0.00693344038948913,,0.16257159442194596,-0.017758542824345434,0.00201637556542202,-0.03267537265875055,-0.01872117232112877,,,,,0.032652954279023975,,,,-0.018177605762403605,,,,,0.010492326760384257,0.024015942119291034,0.012995321179414458,0.0005047634975617424,0.07390124525144101,,-0.06677581232546026,-0.013032228993591265,0.0016717131339883452,-0.029370443593334253,-0.02379266429026271,,-0.010586769437808402,,0.007275028347920614,,,0.0017716560168548818,-0.018028645737653684,0.02934154161640322,,,0.004215671200015306,-0.004579733923256587,-0.005927883724085911,,,0.0025024767824948996,-0.013653957232059054,,,,0.03812260570312319,0.0062583503287432975,-0.04123642294178166,-0.024651206582955516,-0.054770310882457325,,,,,0.01649288090773251,0.006539386041699987,,,,0.008137089849544359,0.0528112119149072,-0.013025285233807683,,,,,-0.056669188024321825,,,-0.007399394128798524,0.08505650782280465,0.010991082943913951,0.028713001824026647,0.03187341773237244,-0.017249979701011414,,0.006028104567170156,,,-0.0015577388442354454,-0.0009913352929784539,-0.0011720598434487185,,0.02929679358845613,-0.013133472972948689,0.07872932766279131,,-0.10605638848888654,-0.000532217953548298,,-0.02545425550595665,-0.017242393827969243,-0.008685842118019546,0.0027742972114221027,,-0.011200770411411057,-0.0243569718570823,,-0.008295716197345192,-0.031925163515464434,-0.030327965470588684,0.017445210473881513,-0.007785555032669166,0.014079289375466562,-0.010838837995301264,-0.021883572651804253,-0.0022532963220222575,,,,-0.029087368649384236,0.027974294733665545,-0.017527176312782455,0.045879074683622144,0.010825990595805406,0.011644126783813293,0.032455930962036354,0.04733927618631702,0.029828029206474406,0.004930658384439007,0.050039468979536685,-0.009625589283371334,-0.009986782119200234,-0.012211162297351329,0.004483199636146829,0.00030746293887689647,-0.0012532312170102757,0.02772698075257013,0.05835706270207146,,,-0.003224532537689117,0.018424592246967082,0.034566985670676335,,,,-0.01533588593421762,0.05984739707152358,-0.001799829778907843,0.0035492524439250665,0.0335287523279418,-0.049990528543394655,-0.0013411371029078438,0.01573534808208663,0.027161730741369693,0.03307299018090866,-0.010000267545726315,-0.07313752732349711,-0.16346561737945253,,-0.018259601463693858,-0.01946084911922566,-0.064064811322389,0.003269564965639127,,0.03963491972227256,0.05087928946590944,0.017158855770512755,,,-0.016588361097289762,,0.04323894731278402,-0.023823863624116367,,,-0.004386326666833353,,,,,,,0.05222415630550714,0.04276202891828911,0.0402475432545323,0.01623869836458526,,,-0.0010730752386284629,0.0007642654116449795,,-0.01175216516675975,,,0.024324053932035804,,0.009138957491974777,,-0.006054299491444907,-0.009792048179846724,,-0.01583144561680513,-0.011021869299707509,,-0.006422179876306912,-0.011806362441050258,8.526085734232074e-06,,0.022953416944341064,0.024409873208546564,,,0.11562147984719709,0.07826104878748212,-0.0186996370424243,-0.002015516463456653,-0.004843269185329761,0.004028038944478889,-0.002950788931734812,0.004088522368002693,0.03811323884485882,-0.010463224093132549,0.003703940772618135,,-0.010208254450064265,-0.018622565092261092,-0.04515510122609761,,0.0332012253935773,0.005046119526241866,0.04812080238822287,0.03299941747529055,0.012596152934144678,-0.006167120357847197,-0.008541435003089431,0.022393233350543433,-0.17401371799017945,,-0.019502534679411716,-0.006502510309422957,,-0.019152299741581284,-0.037018948364721055,-0.04843783444758728,,,,0.022029146989262203,-0.010500770201672421,-0.014545397241340147,-0.020568132569685725,0.008445145448848055,-0.010102346939711609,-0.004502351412786212,-0.011180265186380964,9.918982170804746e-05,-0.012390464378086824,-0.02533973129807248,-0.0004473002704250596,-0.0066340109272703205,0.022072116211478483,-0.001519134465748218,-0.002266940854260542,0.028630434514690113,,-0.019793324997664417,0.0020903383247884723,-0.04536159006789869,0.049936214079971446,-0.000670841509605196,0.012280185693345573,-0.0009824792704445093,,0.013039335346227482,-0.020655199246100986,-0.01661280737213571,,-0.00022392991185457423,0.00013908959501899144,0.029456371240571964,0.05028418819363843,0.005088383135642604,0.03259157936085292,0.04699559649553673,0.012020460189061171,-0.001146344170399177,0.02949058136789469,-0.008322704209982124,-0.005768081471164654,-0.010482959567819312,0.016220348763298947,-0.015871737929113963,0.02899959147978,0.013468645621690135,-0.013196495982464621,0.04743826660181186,0.03269865506806732,-0.008768984811678903,-0.010650027321394286,-0.0006989222164002369,-0.0029933416891723087,0.011804627697179725,0.006632644378058442,,-0.006234657166390969,,0.03128389454858408,-0.00027817860705679363,0.03574658757910488,0.03387934547105051,0.027443092482191973,0.04983587299535266,0.0122972298909438,0.05272657730894822,-0.009844477699325442,-0.011826150432408667,0.005146996421516278,0.004950679462304058,-0.0016468769644446299,0.026333107202887222,,,,0.011080214098459993,0.0013420113416750122,0.005647346246221018,-0.07559950118782881
2024-10-01,-0.014704131574400672,0.01727325002685156,-0.0035602150495968802,-0.02124514821626741,,0.03672086982009082,,,,-0.061876024989902634,0.019431679436901342,-0.0754717773307217,,,0.027875261744976874,,-0.007053885714270287,,0.182596698591478,-0.020088247546833908,-0.011071926320449715,-0.026546128057601065,-0.02142536601157828,,,,,0.013923567175012946,,,,-0.02017473604624151,,,,,0.017873097253577754,0.024347127402025544,0.016590098580454106,0.01934907011888575,0.0482863607586845,,-0.04742428317085389,-0.015810690878506995,0.0004184175172689839,-0.04487125664958499,-0.03910995966149168,,-0.010216007268500851,,0.006539124139991241,,,-0.00014797787527976185,-0.019859083799536416,0.027566263176005183,,,0.006751078118192093,0.003243188520411202,-0.005023806398892086,,,0.0007461387045984707,-0.0057951248733652495,,,,0.03224624095177769,0.011917350655610864,-0.06684329227263583,-0.028570483472551048,-0.05998688614910181,,,,,0.006336108058458255,0.0007816111616099076,,,,0.010729181149322227,0.04064635833600114,0.002092768219812751,,,,,-0.06862042972332738,,,-0.016504393478990367,0.050328530996369344,0.03614570959891095,0.034620587087356755,0.029473392228040952,-0.027351846352720862,,0.012560400163235804,,,-0.007783278264059661,-0.007225994710267447,-0.00991021009171746,,0.03502451928955205,-0.003022392790674675,0.07337428631959965,,-0.09040107560224472,-0.0012346688410767327,,-0.02630146167215406,-0.022668648538978715,-0.011690289574387534,0.0008351629911707284,,-0.01332172663424437,-0.019550809568679623,,-0.016302640390632298,-0.04852764646038722,-0.02181224956806336,0.02785425561260165,0.0068622323757832025,0.019367854279075364,0.009953949270856542,0.002047584511084363,0.015438586535181306,,,,-0.04505713838801582,0.027516423510179563,-0.019788167604034314,0.03365293932706477,0.023545153057701704,0.02421633806996108,0.030567159806721138,0.034580673956406884,0.02774412015354199,0.014205728016983903,0.03740710941777738,0.008857692560081636,0.01413329670064912,0.004988810895072253,0.002609556071335163,0.010679785688190101,0.013243732665069357,0.027097311666948436,0.0423708563296003,,,-0.003843203450379983,0.0006882771773402222,0.05118431989197769,,,,0.002807197311281468,0.04685484804815259,-0.01425743954528507,-0.0013353879771532105,0.015748616035407663,-0.05843467062385372,-0.008160473380478818,0.060120313613795516,0.06005245660564413,0.04780358120553434,0.03959226073982618,-0.08182788746676586,-0.1809900769553588,,-0.017472496255754547,-0.020506264500395787,-0.07112771371957453,0.012233773999287571,,0.034718673874232574,0.038741012579447946,0.02352572731164744,,,-0.02289173555250974,,0.03752187605086458,-0.028677644423655047,,,-0.006520071419870484,,,,,,,0.042050587988714035,0.030684905206332526,0.02544763056055523,0.027063190276963568,,,0.012973756315667254,0.009279047385466586,,0.0030465169565582,,,0.034741130531937406,,0.010404457208286706,,-0.0100918016625646,-0.012534059580614742,,-0.012197854883722754,0.0046375949322401445,,-0.006528936826024087,-0.022316007328435597,-0.008753216982500084,,0.006160943579702273,0.0036753397900627623,,,0.09874308832879503,0.059394135146985945,-0.021658531484447574,-0.0008543278939013764,-0.0077922701687441545,-0.004197417219256523,0.002661457595023176,0.022637713638434264,0.033317418813429506,-0.015340569023283328,0.013957503946480779,,0.010126606919142456,-0.022706878280737836,-0.035229392809111464,,0.029347196940438244,0.0272199699427993,0.034372894531016836,0.030044594525232535,0.02442114208810117,-0.01913038223080282,-0.01945501705452237,0.024170150918743007,-0.15409963390447526,,-0.024854923801057027,-0.008732444573626404,,-0.023522667562116795,-0.029785452010956708,-0.03856842918624671,,,,0.020879235577041404,-0.014718732499605784,-0.01663324012526295,-0.036174015938111655,-0.013054940297924204,0.0040916735500008475,0.009881240730260973,-0.0029711330164733755,0.01901000674589802,-0.01430796546084316,-0.01951734768658608,-0.003066858710133858,-0.0004260550234710449,0.0035278011833310783,-0.0009380995723409549,-0.002305610611711657,0.04323475792265993,,-0.02396661555495843,0.0017696495486688852,-0.03480053115419642,0.03807390455388942,0.003983049051827011,0.017137267506041075,,,0.023447619518761526,-0.02276905005620788,0.003920450777903294,,0.008354112345494161,0.01581588861224752,0.0280687222687832,0.038285046158807,0.014593166548994738,0.030629989033308717,0.03419311408269871,0.02446647403974051,-0.002388723114183969,0.030318294107012953,-0.007321533062184448,0.02321400931444001,-0.012307139573787393,0.015327471978485746,-0.022052764670397913,0.028818344331950133,0.02067611589005711,0.00916332186191718,0.037393421529449536,0.029967973615256664,-0.011412372976579915,-0.01122644438998751,0.011504050260658231,-0.0035084613709122255,0.01798553038824757,0.006049541454663054,,0.018186466622523857,,0.07489658090335286,0.01195723314498986,0.0378132193342202,0.01602642378801364,0.04101537927504183,0.040784384712449676,0.020100651606385984,0.0347999121230112,-0.0024235095473272746,0.007134962709054135,0.03367065685884318,0.0067723430000612515,-0.006294582427131546,0.021050775668498358,,,,-0.02008693502811183,0.017892114790611823,-0.004721458799770332,-0.058789074308429654
2024-11-01,-0.014806774936858405,0.018503061312698448,0.0030165648682910413,-0.02528431382877897,,0.002403951170929816,,,,-0.04095272552421561,0.03649207826255337,-0.08039451212993093,,,0.014940481761233575,,-0.007255009298634266,,0.14525527606179833,-0.02373658002493044,-0.024753193770555588,-0.01648436856323417,-0.02583145157723801,,,,,0.02279899623156597,,,,-0.02561804659708834,,,,,0.017717756513428277,0.028457995110249542,0.01405601359898695,0.01788395486982471,0.016070310082069484,,-0.018283776888786938,-0.011885642488033641,0.009614246161291837,-0.058020666943008885,-0.052567513930220966,,-0.010646971649481052,,0.007222926406030168,,,0.00920341296696802,,0.02804447642876138,,,0.015978877123575024,0.008485915971050279,0.015762760820462973,,,-0.002220017817558996,0.009689429297888305,,,,0.03429933695970962,0.012323248248423659,-0.06270752629141696,-0.023859449543095376,-0.028973492526129685,,,,,0.006851267526021435,0.02275175884978935,,,,0.009278732865345765,0.04594742975762625,0.0036049211854983043,,,,,-0.05377072649527579,,,-0.01627586286649169,0.011191603910963863,0.05560837056871981,0.035440727956712464,0.029793934433587913,-0.035369303780145286,,0.008061908006901078,,,-0.014245704473474705,-0.013699094399291909,-0.019319832954933468,,0.03638181340635879,-0.009288968043049184,0.03360254805814168,,,0.00889374237016773,,-0.027294713697227437,-0.029906817641160117,-0.009792216905107079,0.014858405156649155,,-0.01657399145194576,-0.01399770238713981,,-0.02707034767567243,-0.061275468884297045,-0.002558611022157931,0.021155761485892214,0.010490452033960417,0.01388798580769913,0.00950750205592395,0.004916386226099645,0.01266874127627949,,,,-0.056586651297309026,0.026110864022382965,-0.02446191953301763,0.0325884926454926,0.02309760220643236,0.023106229855947926,0.029988989932584777,0.034923533571550265,0.027272579383186318,0.012588738005083474,0.03759565314382315,0.007527032200501106,0.010457472291871935,0.005357604512373817,0.006565755866794717,0.01249878322405344,0.014656921673338636,0.026437792908159032,0.044350363348443174,,,0.0024199193384292447,-0.0290997429995789,0.04575020844360664,,,,0.019958363199483676,0.04721414349431781,-0.030794120135575576,-0.0037586381865314547,0.013530775489477162,-0.03320481449485571,-0.014688914541096106,0.0599344356468012,0.05941668149856291,0.03436157090622567,0.0439320554517758,-0.08237265663725495,-0.16262909065650624,,-0.018404033025975017,-0.022630029796961125,-0.06403583832587051,0.011195586734862787,,0.03382756128689617,0.04104595939663631,0.01863275737141343,,,-0.03093263124468143,,0.036830062111140004,-0.07764495917193698,,,-0.014929727407517591,,,,,,,0.040378836635634664,0.031178605935310084,0.021786745231756135,0.023695413147346828,,,0.00987763965988604,0.012824979415522913,,0.02067924996805043,,,0.026377035902768017,,0.01643624553852614,,-0.017173270499602898,-0.020304281976959885,,-0.003364757583498157,0.009331026816785755,,-0.0068422090945727525,-0.03501688684716489,-0.017821175239542537,,0.013724068940488398,0.023051612883582904,,,0.10115456565021021,0.060888816676898265,-0.025083106443831476,0.0054786910573594375,-0.007246298161639305,-0.010074694948318986,0.009963833885828988,0.026042244671982406,0.03248668041725957,-0.022963203522470492,0.01242357813552602,,0.009163837203530959,-0.029306154248126298,-0.022044385574478135,,0.029339598678385006,0.03135636232705899,0.034822545612110546,0.02983607534542489,0.02395528264249267,-0.03251335899039097,-0.031383293072749306,0.026316890099321987,-0.13886627814421812,,-0.02957210448297571,-0.008860249226932784,,-0.028999273922165735,-0.020534376914412324,-0.0224145131381887,,,,0.023253630757139227,-0.014902022304163253,-0.020462749283514048,-0.04924418241651945,-0.045272170095081554,0.0031085425951174984,0.010029835741310746,-0.0006819503128040604,0.016049216814112796,-0.017307358706870394,-0.014390544348243373,-0.0026566561319986805,0.005553905028880352,-0.030351703026751362,0.0070456638099492515,0.003641820185263299,0.0408670830687869,,-0.030543613972714975,0.01444079647155857,-0.02287830793327827,0.043131319926082615,0.004132023379946935,0.017823043603635236,,,0.02543389480795177,-0.024226705419779674,0.020327959875646468,,0.010519689887272931,0.01765343218241274,0.027952587089013436,0.039461792665108616,0.013456643380031528,0.030816603924135585,0.035184721898370463,0.02409138757082505,0.0018855268095478806,0.025019296893468955,-0.006212987518001492,0.021106526931120626,-0.005925507482453742,0.017178707421711306,-0.03035279905463535,0.028011383847383185,0.018169922076227966,0.007460960697169313,0.03986215420582035,0.02939589257667116,-0.010436783924327385,-0.011800432353266858,0.009922577558936517,0.0023020858232205357,0.014529057511813685,0.0065589915874381,,0.018114042646178382,,0.07247803896318136,0.010163123797274598,0.027259446161335712,-0.018792017124564624,0.03922484820815998,0.03944003846754856,0.025379359511808128,0.03813316618223944,0.006752448300107307,0.023716994908665447,0.02975370813012722,0.006758643083781859,-0.007624192824904319,0.0008304888284428365,,,,-0.05119547558012671,0.01143220017587335,0.005441577523176806,-0.02379426430493797
2024-12-02,0.002334375853308508,0.01754711308578358,0.0039659369200917395,-0.035836921599480695,,-0.009933647128118322,,,,-0.014671434777477123,0.052038767943599885,-0.02234540750208085,,0.022471226414702988,0.013361910902430689,,-0.007068543272299825,,0.08039101007968687,-0.034839981971274726,-0.03970709281975709,-0.0198477718367168,-0.03642132327039784,,,,,0.015482074921552454,,,,-0.01934878133163614,,,,,0.016931571769483067,0.022315052313302053,0.009992033041267967,0.018707117821768898,0.0166329030168988,,-0.01593786771874914,-0.0017671704456500106,0.0016756232627092025,-0.07644068421988155,-0.07068787511413865,,-0.017928600225166735,,7.093483900880753e-05,,,0.003910359427220175,,0.026265382129631826,,,0.015755203515386652,0.014475857000617483,0.016363332700226708,,,-0.004390659214160359,-0.005425093391192697,,,,0.02403438631129053,0.0026519432357764187,-0.06283691416953634,-0.03188623412035441,-0.043768875434264484,,-0.0333112323442417,,,0.017165833689675877,0.010422357967821578,,,,0.0020379651102815526,0.038055651274407964,0.0022286143499099117,,,,,0.002598249428415614,,,-0.01621678502231541,0.011782405100348125,0.03563373297332942,0.02099367385203046,0.02794660488784905,-0.03596963496773957,,0.009364731292198848,,,-0.023474542306665604,-0.022672327275322673,-0.028904428053798805,,0.02106282820596306,-0.004725906341412708,0.03545325764652043,,,0.00411568029252849,,-0.038892512333794475,-0.044969021503371766,-0.0003242564430433141,0.004835647425856216,,-0.02520207282762721,-0.013999363367984864,,-0.04131639793507715,-0.0811461775450503,0.004749422621244548,0.025740406678708472,0.014822943981050501,0.017352225630820863,0.011411597590323133,0.006912218291129825,0.01436876979088703,,,,-0.07618221492924858,0.0263158181706355,-0.03507117173822937,0.03272209587515657,0.018653561395207043,0.0184232215614997,0.02743326924003424,0.03399152754271497,0.02651865442379228,0.014527460410381056,0.03498658456379895,0.01503630684019441,0.011152934384982377,0.01721544784885757,0.016186488782121047,0.018416343768079928,0.01933100797388381,0.025145097894578174,0.03822591556893525,,,0.0021827686841104136,-0.02917218311965804,0.04162659586848405,,,,0.02309659713065549,0.03972278883942193,-0.03761792621799737,-0.007899423089565892,0.008727101668648029,0.015755363990827588,-0.023468171355832207,0.04737255120176015,0.05750393577360584,0.026315298842553875,0.02982301283505176,0.008217138752518217,-0.10447504129815517,,-0.024814886826064492,-0.03189739716056227,-0.006879311359120021,0.015232259319686565,,0.02972110330162494,0.034167999883984536,0.018090696484208534,,,-0.04079456712316009,,0.032894968325721814,-0.08792710238595106,,,-0.007991369841801911,,,,,,,0.03800738908635247,0.02753539605731188,0.0173865487920146,0.02283611956842596,,,0.01148098265285337,0.016837074045976,,0.02483733198305854,,,0.03531980460874838,,0.01191918286926219,,-0.031015055609164805,-0.03300068864903407,,-1.9875878300837653e-05,0.01066641217003927,,-0.006440162598897058,-0.046651023122352836,-0.028257495309861064,,0.018364666086918533,0.016265820387844843,,,0.10085354853659466,0.06395690500269695,-0.03622935074628336,0.001313179344096588,0.007162174143100739,-0.009869088720525965,0.024831786489058125,0.028404242691004174,0.030510169396109458,-0.03534115361170252,0.015983096640546625,,0.012045299421848975,-0.043065030152324706,-0.02665028319410383,0.026858673784337303,0.026791467084456677,0.035308957372595776,0.03482873651868738,0.02776865965678513,0.019481080004169628,-0.0473902618630689,-0.047835457465034814,0.027254383849959825,-0.08140982053656486,,-0.039388445154114424,-0.008945586045984593,,-0.043193562996308416,-0.025258417832922278,-0.027230316246790873,,,,0.020062893705354096,-0.014639020253391446,-0.02877196576290105,-0.06802397354829187,-0.05960062772376972,0.005086829377986136,0.015513358538591777,0.011454516461750002,0.01878226481161432,-0.026448617782534427,-0.014181850972153603,0.012285563000658918,-0.0007477887997642319,-0.0320847240267384,0.0009063994507155794,0.0031657594052094196,0.03708017796412528,,-0.044339370061204766,0.003325203666373425,-0.026946655553026458,0.03606135726440365,-0.0015549661789000496,0.013811139848719666,,,0.034488353535609306,-0.03283701127349065,0.023248118887563556,,0.017910408708107867,0.022101819016998512,0.026430136155477818,0.035397459889702054,0.014667976563756025,0.027525123596710426,0.03408962418732129,0.018821363409411776,0.011630170062752049,0.030102737912156653,-0.007397536185341018,0.03313375017022722,-0.0009112676099433655,0.017309188344717487,-0.03903431162325851,0.027004250940165793,0.0186713885776458,0.014146470561324833,0.03427720215579437,0.02788156755204077,0.00413107810472283,-0.017615274606191493,0.017193720880313963,0.0023304108512132884,0.015145981988272503,0.003838955958362473,,0.0321407868605305,,0.09940935502549725,0.012267305255651739,0.03116838253066934,-0.016040467207437414,0.03404265569233747,0.03504388846757849,0.03346941845475257,0.028037572057748,-0.00020891086428288309,0.02553382176998628,0.044461445222336776,-0.0023286338214278724,0.011444909981470687,0.013879723061871017,,,,-0.06961652130762867,0.004857031355018197,0.024647451964269956,-0.01785968244568857
2025-01-02,0.00035154775403695116,0.014907109998984478,-0.0068911923403881985,-0.03395670015417923,,-0.001563742056593122,,,,-0.057767006626598075,0.02420709577033691,-0.0202604544004193,,0.02601089491129377,0.017476850676536128,,-0.006967819746049276,,0.11482035213451618,-0.03301192449455596,-0.02002718451557832,-0.03447540424745166,-0.03356187952141827,,,,,0.018965826579678872,,,,-0.006378956128287886,,,,,0.021271159059734396,0.025336777536054348,0.013384601378196283,0.022504291891553323,0.026136594325357886,,-0.050338631948922095,-0.006200473777510159,-0.008869152341280455,-0.05601299920180621,-0.04961262370000372,,-0.018640338872113523,,-0.009091910227412332,,,-0.008144860607147177,,0.028497492444589843,,,,0.011750374357500695,0.00162235551051387,,,-0.017295410834168898,-0.009102180817293175,,,,0.0208865551594462,-0.00045242406838544156,-0.08538392724580363,-0.05630737380238653,-0.07537797954231427,,-0.03092366152875021,,,0.023186637128720704,-0.004448115993201308,,,,0.005444366101581712,0.036351880801688795,0.0060309056184979695,,,,,0.020525531668930293,,,-0.01618998298228319,0.08046743589162828,0.04457779348019248,0.0436094771603252,0.03132607969647952,-0.03493176115236687,,0.017575446506845054,,,-0.01657873032905001,-0.015937396031731926,-0.01809429593775102,,0.04454729062162505,0.002558117445371919,0.10551922849335911,,,-0.006824275201046261,,-0.03873140685768584,-0.036709323940572205,-0.005888857809556621,-0.009165089739668212,,-0.025718447532833175,-0.029335051173786708,,-0.02889831255091443,-0.06028466819731143,0.0016983008358820897,0.029796261831191845,0.018651495470301267,0.022430462638787167,0.012548501900103924,0.008649985077413273,0.015134888519465107,,,,-0.05777725381331863,0.029577834942586846,-0.031864890856086035,0.039561923610331604,0.017292720602554115,0.016511978139448144,0.029877813966668977,0.039667534911887174,0.028478387346376494,0.019017667161702802,0.035250957822851196,0.019772859326531642,0.014433102000218878,0.02316484976634618,0.022771090517732625,0.020800352747505548,0.020176453477661723,0.027904347517205677,0.03881761561929538,,,-0.006962505872790467,-0.009779704781415377,0.05346541558427181,,,,0.009971994764887311,0.039139882595144726,-0.027206868965219417,6.508573348265428e-05,0.015120181417951776,0.04190763955995653,-0.016365001289372575,0.0586004146993759,0.07307790749015095,0.037065467959101116,0.043573136107878545,-0.005919761806234736,-0.08976523568911968,,-0.030274142601834465,-0.03308657721441836,-0.0033078369678918975,0.020491867105014026,,0.03256284884664853,0.03390063788873376,0.024632767961126116,,,-0.03851671203105738,,0.03578633562294502,-0.06904679991666056,,,-0.008239868677384054,,,,,,,0.03757023237328981,0.02644421755660459,0.008038720732478721,0.029459285329862896,,,0.012605311679815986,0.01702239479876205,,0.01661460357340713,,,0.03908816054839783,,0.001391000163997064,,-0.02343287086624979,-0.026859197224447205,,-0.019405919256454327,0.009887237409183413,,-0.006310125910115549,-0.03497490895390577,-0.01763006864957497,,0.028415306212459798,0.04281346299999968,,,0.0914678352375381,0.04837482479213435,-0.03330918061504846,-0.00944994212070787,0.0030110575214012396,-0.003560884349307753,0.02135845259849555,0.030964934183872486,0.03259163466441546,-0.02808535336230039,0.02114922393912433,,0.013005696229907864,-0.03722793002387269,-0.0425773232681627,0.02967397328390545,0.029062750753916167,0.033983288991448944,0.04071049681099205,0.029958232025839252,0.017161776069030108,-0.02522471223079895,-0.03215489083706854,0.02456739321817565,-0.11435056787018902,,-0.04049927326606603,-0.00848865641809587,,-0.03538899482822523,-0.03830107662582506,-0.04520593080624285,,,,0.01872906304575721,-0.014112210487025446,-0.02778644615182364,-0.048000424567017745,-0.023882944535676114,0.00672975935908746,0.021556561173215198,0.018321323938491504,0.023186487727203636,-0.026488766893308764,-0.03031297457693689,0.003181253556870405,0.003906432415874,-0.010728620179473215,-0.009571210390312284,-0.005673648456945448,0.04694846613617711,,-0.03783705078686762,-0.008256492113820681,-0.04195944025361207,0.03663896961812467,0.0006161365774595093,0.015781577266311526,,,0.035902861663100395,-0.03324968044895459,0.010814934112711509,,0.0185631153915241,0.023605119047084764,0.02918410171708641,0.035684322539588226,0.019221604182754752,0.030059368957885194,0.040085828114067995,0.016329503742647977,0.012635283684058203,0.032448106862233844,-0.019655675881349487,0.032066598082734786,-0.015895525463117316,0.015178538715974712,-0.037113794176245746,0.029610688727389697,0.023920800127084748,0.01949692203847915,0.034282071373748974,0.029682770820660665,0.0005895667074154511,-0.01857071031633369,0.02251510361687437,-0.006626018246503838,0.02343791713135669,-0.00043912930809185467,0.02847145106995172,0.029326273471066897,,0.05960665847556398,0.010859429970900945,0.0342615629306739,0.0023042178523495814,0.04489466192652566,0.03806603141043313,0.0358942556025487,0.025496018159739252,0.002692230820187535,0.01203109387586139,0.042563326962344696,-0.0010552834161241087,0.0030754689640537522,0.023014447072305832,,,0.07293425367495489,-0.04412914932438575,-0.0003500887841139026,0.018189583798374067,-0.059481145416112706
2025-02-03,-0.009441705298365636,0.013973880695569561,-0.014576660048759585,-0.02948166333211711,,0.03970085395113074,,,,-0.03380033186069054,0.03754253956356261,-0.011649307974559441,,0.024056549278632718,0.008992336725695627,,-0.007061680864939804,,0.150682616743745,-0.028938346273398228,-0.012144705162562898,-0.039624489279380275,-0.029706748603367594,,,,,0.00781281337008767,,,,-0.002914194442418739,,,,,0.017214453761972656,0.020189584845220043,0.013993080108312394,0.0218329574042739,0.035313891974757775,,-0.06290670591087572,-0.017620353934658987,-0.01761446190176365,-0.042201483979604396,-0.0365093286750436,,-0.017968839796245095,,-0.023180935314088356,,,-0.016818387303607747,,0.02767969817511386,,,,0.007865750588298021,-0.008041944964966062,,,-0.01211444987947931,-0.030854701026580843,,,,0.003161080314282412,-0.006720035584490109,-0.09920125846569011,-0.0718364449877717,-0.09926255090817036,,-0.026423718112991282,,,0.02484131046266633,-0.020488184599493434,,,,0.0063675893069154235,0.03421180275347686,0.0032026561603274105,,,,,0.01757285572188233,,,-0.016160385588048633,0.1375471231134609,0.010300092836356186,0.03132585605282588,0.028822423461387192,-0.03524908651139313,,0.017089411832332896,,,-0.013982595244838822,-0.013239785084441957,-0.013524140824451846,,0.03139960574515022,-0.030169606961836626,0.15919737174804538,,,-0.015798019385437526,,-0.034438598807310254,-0.02933130449240885,-0.016417124582312405,-0.02299288659925456,,-0.02384392784085644,-0.034381658772587365,,-0.02125653321388216,-0.04403332771732117,-0.008894164924391039,0.017091828085407813,0.008096309734289805,0.016868515342734133,-3.0582869794350286e-05,-0.005154220099435976,0.003389082779789226,,,,-0.04522873646481048,0.027556480027984175,-0.027775635160644054,0.0393631820979481,0.014216549465161047,0.014301440727839336,0.029183728614819743,0.04033548201689957,0.02817330246686044,0.01586249280218292,0.03801139830163813,0.006287665824245966,-0.0007318981320611514,0.012344041736767213,0.027665756418192543,0.015907648287830378,0.012042679602738596,0.026121494320103193,0.039476265002970246,,,-0.015096782905400855,0.017971122883792164,0.05234798623407231,,,,-0.010366311742282317,0.03507845740275553,-0.015085994135250264,0.007063170546967781,0.02273353047757571,0.024860152622139062,-0.01431172968092738,0.03819166038274395,0.055936629230895756,0.04964036395611025,0.02510645596210738,-0.001151979050643868,-0.08403201774974771,,-0.029259784758094123,-0.028828843335004333,-0.0011153765695655678,0.012919598122034918,,0.03217481114218249,0.03691557150589129,0.0212500161353408,,,-0.029119945393605608,,0.03610685897155462,-0.02705626068263913,,,-0.008694505587839638,,,,,,,0.03398892289649991,0.024363779902273508,-0.005723399268907183,0.02242828635316985,,,0.010406937989843316,0.010659132790045165,,-0.0068519583108182245,,,0.027424874985193866,,-0.012408561840856017,,-0.01982473507682227,-0.023293902861992812,,-0.027081748295597608,0.003176284842399521,,-0.006581991245851475,-0.019985215490924885,-0.012954742824761896,,0.04018875992537055,0.02696021810211965,,,0.053790659995693275,0.002556758517272255,-0.029614758556551355,-0.01827224391987436,-0.006384264122810701,0.0019306556884081207,-0.0013028560780641042,0.021724389234417087,0.03157360098499602,-0.02237855978071678,0.013635319471517852,0.06860161544147265,0.00018846271975262303,-0.03020075856488716,-0.04781312494285086,0.02783973332933181,0.028022190471553143,0.01809897291945683,0.04048424569572516,0.02896162452740589,0.014775504999033722,-0.014518802743785498,-0.021076940197748414,0.022452098741234237,-0.14355479010512162,,-0.03265344396118976,-0.00854434548743015,,-0.028490506370363964,-0.04181654313660873,-0.0458262159294563,,,,0.01640003128083136,-0.014361690174621718,-0.019773125330913157,-0.034813306744557064,-0.005961410815769367,-0.008044469127828252,0.012130128656466328,0.012912920295236895,0.011583937292910164,-0.024082984564633775,-0.03530168037438446,0.015834015391847228,0.008761450670474997,0.018380423611128318,-0.01887149121056853,-0.015405132705488555,0.04579237114310481,,-0.030794535194346283,-0.022478132370641696,-0.0476819448889154,0.03334306511096655,-0.013806465071165827,0.015065664952466695,,,0.02749322415221949,-0.02959538615172622,-0.010191213742724716,,0.016614215350434603,0.016347978714510727,0.02845482434727708,0.03823199786124566,0.016458537017971363,0.029564762870625188,0.04082400930204189,0.014537994010289983,0.015447530283701317,0.03499267606238289,-0.020494169235278907,0.033633220703020494,-0.024264529513780633,0.01112249609348745,-0.028968085006310856,0.027195840482342217,0.020251573884321937,0.005568187528607677,0.036549526764520404,0.029292177327397598,-0.008384315216461106,-0.01828411901168506,0.016715288056973265,-0.01564009123799878,0.019314807635296253,-0.00787681614351884,0.03311561641260216,-0.021373455145722094,,0.03010457372981776,-0.004297092327820648,0.04278956366320404,0.026743527671588316,0.04579539093963605,0.03979117496747182,0.027252936317338997,0.02341158801125513,0.005713578644862417,-0.008565079152240768,0.04278119817077579,-0.013137685658490758,0.020752912194913348,0.0008394675304071748,0.016461501098353107,,0.0672932186435622,-0.005066694827696902,-0.00942619176878786,-0.01203398012976817,-0.07239558621872741
2025-03-03,0.004394799030449158,0.013132644852343663,-0.01109918741216383,-0.025327371109762038,,0.017562529943673535,,,,0.008490756333473386,0.07552980876492456,0.003580610186857814,,0.02157412371113646,0.003492169984959246,,-0.007198686429122201,,0.16408674746023869,-0.023954308127188528,-0.004343295896488154,-0.03882759601693299,-0.025044036874206088,,,,,0.007164570965491334,,,,0.00012140392851494239,,,,,0.011598836910681932,0.014678366267185486,0.009508943218911986,0.015272991296349007,0.03316634551787172,,-0.06603195950741611,-0.005476137783515721,-0.015686185000646568,,,,-0.013244647572886433,,-0.017964148679668925,,,-0.015562239899666895,,0.02736978875568763,,,,0.0032568637724832853,0.0022797931645912022,,,-0.014974241515954544,-0.03247683302038458,,,,0.042065327418616426,-0.004896761332348539,-0.10777937360218992,-0.06216276277215467,-0.10389102179842075,,-0.022434725008452647,,,0.031044341551664096,-0.014151888279835122,,,,-7.15148624833114e-05,0.03795523783645052,-0.0005114788175584792,,,,,0.049892759073505835,,,-0.014103392106330844,0.14105860949381435,0.02709846371620826,0.04539956060205943,0.02743005042587022,-0.03654057868302954,,0.0049894504215315764,,,-0.007503078655973399,-0.006415162728175819,-0.007974585667334859,,0.045412010692250065,-0.03544240177129703,0.17877530439455935,,,-0.01376909456103265,,-0.031193398750486757,-0.023917180539706557,-0.005603501056217626,-0.020073576822230398,,-0.018472219086590337,-0.03431601427553037,,-0.014711920976915684,-0.03593252294226709,-0.01324866487910284,0.015084337616634696,0.008396149583970905,0.011839336422257936,-0.00039529200039586,-0.0011640209909146175,-0.0015751680739918084,,,,-0.036315408716749,0.02744839732493931,-0.022903983264266087,0.04462918059088626,0.006947814169907617,0.006329596076171095,0.02953688885482253,0.044669472335066046,0.028399961099947576,0.009458683294395125,0.044035849194006986,0.00703507027780365,-0.002058463575057429,0.013545425376809984,0.025864806379991136,0.013698283042871084,0.00912072368796867,0.02587591333813087,0.04610128698165738,,,-0.011071075646159528,-0.003968610875041553,0.0430446899729245,,,,-0.005808123925475481,0.03599317735639239,-0.008074598577688993,0.0021826512924418948,0.025158057820434725,0.049063588234918014,-0.007975559339580093,0.02467075746598365,0.047347902883818516,0.03044339146604044,0.011513854438318573,0.026440948032994904,-0.056096878699871504,,-0.02624194180032215,-0.024381512154317844,0.028614108266322692,0.011260635063010213,0.008564009478204779,0.03269179472598927,0.04191904674145073,0.01371761794433646,,,-0.024924549839223462,,0.03870407430864602,-0.041529292327613765,,,-0.015689744822574757,,,,,,,0.03997258846791817,0.02941011956556291,-0.01442256145602329,0.014959599511518828,,,0.0053444788349403536,0.006284741974445902,,-0.0016363805709448255,,,0.01981263062915858,,-0.010769292182556746,,-0.01590011025345319,-0.017922181669371273,,-0.018439737385599984,-0.0029507803173414032,,-0.006729229983704759,-0.013036020081419778,-0.0065620882194300486,,0.04054020548399644,0.03337658374892178,,,0.05022291483923309,0.00642507697251963,-0.024856687591138186,-0.015059221338632005,0.005522851916575224,0.00025910026827052283,2.8256208926024095e-06,0.019199240327806132,0.028066817848150412,-0.01745921598399054,0.011534189113560004,0.06541059742351261,0.0005125480620071448,-0.02505754656023995,-0.04743849361946311,0.027335223201143413,0.029184344198650743,0.012932684968027002,0.04615547147321893,0.029202630644464884,0.0064332589681156465,-0.007474247711727893,-0.015819687880329746,0.024648527507768574,-0.11160423072825625,,-0.027830861370462118,-0.008432824217128336,,-0.025396534144145295,-0.04091735162113143,-0.04613251329251572,,,-0.047005601589647325,0.017246921462035804,-0.014248927835053535,-0.01467857707043957,,-0.00919500370617464,-0.01396651242518612,0.012956730037791828,0.01705180485332373,0.009906841366114371,-0.019699913141987282,-0.03514544455275818,0.0393488051302878,0.004240585162960825,-0.002340432270873891,-0.016081816554848867,-0.009936519582116757,0.039798821266330546,,-0.026156440966973785,-0.01835131550862013,-0.04742857596425389,0.037354807723351965,-0.025094588123767882,0.013083558774765797,,,0.022056449817995583,-0.024760402509249917,-0.005417297048685457,,0.01436048214846859,0.011976419009595621,0.028734633204528768,0.042935609350706665,0.009724495336243453,0.029802849899737468,0.04551059150846958,0.006482817367326022,0.014370114180651965,0.03332320203361247,-0.02088989826224715,0.03612753740900759,-0.016009324213765587,0.012897677183457246,-0.024087953100380585,0.02743219572673322,0.012329956280912185,0.0069511538318050275,0.0422034976879058,0.029327684288521578,0.0030424025893183095,-0.013332293279681105,0.01674361246340459,-0.011391334475685308,0.015439633746713163,-0.005674298555647546,0.047273768505260584,-0.029355440607611943,,0.008867876008647885,-0.009396825714704968,0.0371288838159675,0.004549624575798768,0.03842338251195411,0.04304051944036603,0.022740186544570006,0.022563253687876206,-0.0007703281751114135,-0.005274632914072694,0.04623230208117369,-0.02557856421805934,0.048543088361428996,-0.0224032962063577,-0.00076184254648866,,0.05378013462627377,-0.021651494337940537,0.00652671803506741,0.014081583025510665,-0.07860802735100747
2025-04-01,-0.00538479662784442,0.015209958595996552,-0.009727516610065967,-0.02292149952217099,,0.03435145711465819,,,,0.00962320099829047,0.08764545378620114,-0.012068443973007947,,0.025587046857079757,0.01151953733799781,,-0.007184434684562267,,0.12824928057502652,-0.022275541536795576,-0.0077364103468857805,-0.034116500665282205,-0.023365141256769934,,,,,0.018342042193840804,,,,0.006453666532056303,,,,,0.014207594762775073,0.015736234083326864,0.0185473910817878,0.025880175170801576,0.013420073715738992,,-0.06315299814615603,-0.012525093251312486,-0.011909731606683988,,,,-0.008878891212860649,,-0.024498802245566668,,,-0.011161868554167799,,0.027790291971812365,,,,0.013272206072786777,0.018784953180634525,,,-0.026606299656199785,,,,,0.039522924285260407,0.005543975457452315,-0.09702477215559761,-0.06390105976479915,-0.10090602349307558,,-0.02130257555700242,,,0.04498966403489568,-0.007821810680976081,,,,-0.002166026316230563,0.03340801437674661,0.0003776736468301752,,,,,0.04762731839460698,,,-0.016188911917897526,0.107344431256574,0.07807581849331525,0.059170845205245154,0.027226898760048784,-0.026756843627919226,,0.007913858154942882,,,-0.005116172197185155,-0.004162780730926596,-0.005995904913191007,,0.059956642483620495,-0.037302403003293655,0.1486469720319615,,,-0.009378170114275197,,-0.0289558384374875,-0.023288774064711294,-0.012782398701081991,-0.010495268798374136,,-0.01722857618238259,-0.02901719617152319,,-0.014934492991554036,-0.03972592384996296,-0.0011042044836480258,0.014550161388488735,0.018490431261131583,0.001597803602887106,0.0032292781311665207,0.004304805429244069,0.00043922217983842217,,,,-0.03885795369849768,0.027520568454749532,-0.02133836075344052,0.03964999745150266,0.009269978190379759,0.00842844949676148,0.02877908834670355,0.041866408335065136,0.029072215557423953,0.014276852089527083,0.04031575856206923,0.0037467085879037626,0.0011330575211421442,0.00471132072851347,0.027624824679729952,0.014036517641246832,0.009268746412045815,0.02679233984722186,0.041878658336596604,,,-0.010306187900112623,,0.05743170927252728,,,,-0.0032412511564748115,0.03312600350206144,-0.011002894428914788,0.003243507449320019,0.02198269156210585,,-0.0064294058588906765,0.05875759672059674,0.08096020100785453,0.029842757440431245,0.05410908628900837,0.024340504939696687,-0.0697092983831878,,-0.02243096260942258,-0.021566250980991283,0.0213638074561071,0.010296632217007698,,0.03226935239963434,0.038526794287293414,0.01940976420218621,,,-0.027449059641026258,,0.039546023685878895,-0.04102557468128416,,,-0.01252652060143972,,,,,,,0.03951276259889826,0.028717006995477357,-0.01604339535910384,0.029040678750113683,,,0.015036040805159112,0.00903500285975235,,-0.0013654796376633012,,,0.026277891372902932,,-0.006272496781066092,,-0.012034491364469081,-0.01705551015643857,,-0.01747549381617983,-0.002093618716747316,,-0.0064469836873931406,-0.01375450574925589,-0.005539948275191215,,0.06107801981971801,0.05618318342698605,,,0.022392794484480418,-0.01781219203598949,-0.022969675801793734,-0.011650485466281925,-0.003097337546693243,0.0017278039980503303,-0.0014285315948421504,0.02314739842615112,0.03083613900781181,-0.016010927375589474,0.011336960495960592,0.05656757004549446,0.0037746640240031008,-0.023824864794820412,-0.044213444261132495,0.027579204763811004,0.028168063765399962,0.021527938720812594,0.04339522126237958,0.028983511039954682,0.009199048596371115,-0.009409447098120999,-0.01607134489869101,0.02418937411113418,-0.1150748448314157,-0.007378426609040378,-0.03133092679167354,-0.008800881470346347,,-0.023032847965790845,-0.03739718381383602,-0.0418837848578223,,,-0.007991866478263646,0.018031883842400148,-0.01442064648319721,-0.011765751198905801,,-0.015276214513691426,-0.015702656794594042,0.012678831464563816,0.012253976440373638,0.012912733580593605,-0.017206918503440423,-0.02962047091031173,0.03609041838350671,0.0010014593378677961,0.006029700733899675,-0.012237929448962036,-0.00998243948713189,0.05353930774755467,,-0.0240432092326427,-0.007968577482119306,-0.044498855910282686,0.03283121051726038,-0.025156453715010393,0.014725760240472032,,,0.018273568081640636,-0.021838466492068793,-0.003544782558240514,,0.01580068172653815,0.010396697151983408,0.029875838291337296,0.041338521102760865,0.014544107287549384,0.028923125502014695,0.043921873734352426,0.00876830088898468,0.021334142795826693,0.05047853332292093,-0.02653078659151896,0.04292688050931115,-0.019077796619545073,0.013599116573738664,-0.026833752688459923,0.027442995127253934,0.016845395193155012,0.0040273727190532375,0.03916358310769084,0.029571983071575443,-0.0062626692698711075,-0.008880836920927282,0.019501577215938554,-0.009725009754972643,0.021676859318759498,-0.00031978073063814735,0.04494785401400829,-0.06289479585313507,,-0.004287822998383484,-0.010849004719268336,0.05081013582964928,0.01515864356672862,0.05042368900497133,0.040457492119931326,0.02042550925018594,0.016622612257049918,-0.005018865737220721,-0.003066914425284862,0.05531453484973344,-0.02543758437769827,0.043856402487806985,-0.009445287146566813,-0.020306635475311436,,0.03926567153982494,-0.02060527439255417,-0.013580085955267437,0.0026812917680860263,-0.07485363872718391
2025-05-01,0.002765165294866784,0.011697521770753425,-0.005873265540315679,-0.011800812028248536,,0.0429803486776211,,,,-0.002142105692226599,0.05633335385279973,8.06406040722058e-05,,0.014238485913460925,-0.019215158659869606,,-0.006941412902350528,,0.03497695989100832,-0.010266016060762311,4.9624408838453954e-05,-0.02003683768267139,-0.011489116878502535,,,,,0.033359168538328016,,,,0.004731801419411162,,,,,0.016503902100873612,0.013592557371600247,0.014316005387602113,0.024822358461493468,-0.0028573845591728817,,-0.039678104808958954,-0.004507318476758925,-0.007853890284838157,,,,-0.002539891521172275,,-0.03596781282667523,,,-0.009094270790113873,,0.020473362574689777,,,,0.007565583617620077,0.02758133012252916,,,-0.03218713040336293,,,,,0.034114943240427714,0.01894490112298683,-0.1146407149470181,-0.08577284679524959,-0.10156997291696732,,-0.009271195954775187,,,0.03465371624519585,-0.004634295846187746,,,,0.0022646190746801504,0.02282258673085347,0.005770956780940091,,,,,0.10198336508587355,,,-0.009170589467741014,0.007325483748021372,0.06133825455073297,0.06901712486294385,0.019328693318451277,,,0.01907375401122992,,,0.0028419023046623816,0.003333152461103917,0.00010697718876340408,,0.06955266736765958,-0.028674661701072187,0.05392677736535994,,,-0.00645500874952818,,-0.015576862060213154,-0.011944640768896213,-0.006149762603207517,-0.001410872480939606,,-0.0058017850159875995,,,-0.005735270250975271,-0.03317301248096291,0.001369907689702784,-0.01128302232727761,0.0013965699608253842,-0.029358503026876263,-0.016475091718958324,-0.01678776642678673,-0.018455997499679473,,,,,0.020354439207587376,-0.010335940519375104,0.03286162749902271,0.0026886062348519435,0.0020346423200657926,0.02376226622448213,0.03726813754877953,0.022814442422554593,0.009058139549501569,0.03287081548401043,-0.018038346979783012,-0.017654201331851284,-0.017625257572870676,0.011598910484293543,-0.0009379064689241434,-0.00528663513029099,0.018739294918481593,0.03314619691230718,,,-0.0067426643844853106,,0.05564588059245688,,,,0.007158169490874415,0.023912341694223155,-0.002566078168402692,0.008887059003679589,0.01898040848328497,,0.001416056256920615,0.04442364580821036,0.06500933382884118,0.03448037300276569,0.04340058702115585,0.06366596294350545,,,-0.01221502222470095,-0.01079290560498524,0.07340368394032779,-0.014445255046909779,,0.027985974059954438,0.03281689175212359,0.019407568544475232,,,-0.01690604717837125,,0.0342696797556377,-0.09579265246127452,,,-0.010630235258894455,,,,,,,0.03579317718339044,0.024728689904465785,-0.027028970998021012,0.012685066800939714,,,-0.0012236443574273697,0.0003357355948769027,,0.012326315334097105,,,0.023974288161123482,,-0.006370248941118386,,0.0011545165626796277,-0.005585025304613556,,-0.02072227786597423,0.0006184384083506449,,-0.006634367260118116,-0.003816077608346024,0.0026988483296454167,,0.043560744215538655,0.054695966736629735,,,-0.002820931474154878,-0.04759167097553352,-0.01208603917653922,-0.009760989507476973,0.0061983924905076255,-0.022995440304334536,-0.027900007541381274,,0.033198348293386006,-0.005850668757712057,-0.014153999681798738,0.05789233878636987,-0.016962126944857794,-0.011481914098851177,-0.026045883150578802,0.020283977407709895,0.021791629579679915,0.023621268037831798,0.037456172107965015,0.023606873732375928,0.0026874001869033478,-0.0025466455889792783,-0.005766157849933255,0.01655102575265035,-0.16311232761106773,-0.0075935709690332425,-0.020015268614057804,-0.008538053469332181,,-0.010573419463600653,-0.02090668831256818,-0.02212250776009307,,,-0.060842719594346124,0.015282819030809787,-0.014217113572176695,0.0002933964392164996,,-0.009820192286110375,-0.035947056706903575,-0.009173681932879945,-0.009536996908240686,-0.007960580698354418,-0.006890949285957254,-0.01731908634782148,0.016250326987266007,0.01718904577599628,-0.022998944308517927,-0.010814546772295234,-0.005350934868246316,0.05418203570589264,,-0.012944708185164753,-0.001351735566444042,-0.026666288725433585,0.02271626294261708,-0.020720234683274386,0.017924642848099536,,,0.0017933850736801312,-0.01181807350105387,0.006962474578406527,,0.004144077333768285,0.002172874342909493,0.022182959732650075,0.03089521717402868,0.008567285081416026,0.022418056088716234,0.03670353118590458,0.0024147001820871046,0.008199894886274359,0.04374293443277283,-0.033488979660736044,0.046028424217340956,-0.02302034433951105,0.010819433473559738,-0.015676411580843267,0.02002402886689361,0.013791356848617039,-0.0166383607930903,0.033205195558149846,0.023649774957172666,0.005197432074614233,-0.0017179660508653016,0.00011892371186662862,-0.006582831679040978,0.02031130688390804,0.006097157073217002,0.03749495485892312,-0.05026939325816521,,-0.04363685308314003,-0.0310356428614638,0.05400403583609108,-0.010275266841453797,0.05483267221196387,0.03403748097821996,0.00852880129968303,0.009283823450757409,0.013233845386065894,0.008484225149699503,0.05701165996518595,-0.01781572070439672,0.030937485004073482,-0.03453356999960061,-0.06396932532814505,,0.002137125014878003,-0.07327903873626085,-0.0428608814927405,-0.036231422179254756,-0.05340201047582394
2025-06-02,0.008624505145132176,0.013015763536969661,0.00589384145588829,-0.002972879396189783,,0.04449375087414438,,,,0.018237543088727857,0.07410990125134566,-0.0012173567178567584,,0.007412969712495435,-0.032880911620104016,,-0.007314233309435963,,0.07545819216804853,5.3714964324962914e-05,-0.006066514882846848,-0.0021555663203943376,-0.0028462549891774764,,,,,0.03372032824166506,,,,0.010270964261138051,,,,,0.016211072399331783,0.012170050592004749,0.015390964961906454,0.028685738565979883,-0.0005154476788766856,0.030040713488460328,-0.01402300313831052,0.002498382272814845,0.0035038260060370847,,,,0.0028587244467696477,,-0.029772855417703723,,,0.0037036011969365573,,0.015335117422555326,,,,0.014961663800636375,0.05979144253288861,,,-0.014357914602940959,,,,,0.03297730060465113,0.018302968181850194,-0.11238070152596855,-0.07300131009950522,-0.07719155468753994,,-0.001377691610786279,,,0.01687108247128708,0.009051609433522437,,,,0.011541794657325175,0.011159773478328585,,,,,,0.10442007806518987,,,-0.012060356941723568,0.04224266811239071,0.08495998081362834,0.08968783636556411,0.016952109508475838,,,0.02600140771116507,,,0.003958088050238379,0.005239847169893832,-0.0011546993895258618,,0.09102474204808363,-0.03874378221662213,0.09758300362779224,,,0.004575664273446477,,-0.002840928199240446,-0.0035547707318332885,-0.0012561252529898397,0.007642941782453237,,0.00327325978468844,,0.015254489198669407,-0.0025211808616838745,,-0.0028538055773915747,-0.015863718571189588,0.0034352588828181737,-0.04157275345611738,-0.027894065424070236,-0.025258670145155173,-0.03255052714215014,,,,,0.013765241500004478,-0.0022629936601909076,0.022381295957061863,0.003403849235116511,0.002641465888770526,0.018839542504775892,0.025170117120185565,0.017112568501038577,0.011608560710837115,0.01978090687632126,-0.024967866973869636,-0.026473421919747105,-0.02371435098197626,0.00831129252210171,-0.0016124850102582557,-0.005460222906919341,0.013403758194698722,0.02202367468483707,,,0.0026141607565189824,,0.06283056783279542,,,,0.029395138846448326,0.008803033073562422,-0.006929904455317147,0.004556110971745871,0.004488831038021824,,0.001731626269334669,0.038881249830361106,0.044966081488356874,0.07113327832790148,0.03731708696407853,0.06204905621818002,,,-0.0019634580896593264,0.0004276592772170052,0.07701757495477314,-0.01990490277034349,,0.020880430716708264,0.02307061203661898,0.021362318479958838,,,-0.022076797271279456,,0.025116963623118663,-0.10618358874525895,,,-0.011172321766370738,,,,,,,0.026182301607978496,0.013768656659202617,-0.047979295586408975,0.011409709853786322,,,0.012051638754737127,0.0023341232895455187,,0.02493728826533345,,,0.03450084665640003,,0.007705729037672281,,0.008310690986833106,,,-0.004418177054053993,0.003211330616767782,,-0.006369703234743601,-0.0013404964430007713,0.0012174100052262252,,0.012889635000784902,0.05114016903788327,,,-0.027717780469665974,-0.07762228732552799,-0.0027481219638996767,0.0011483849636535518,0.01193621463105932,-0.0310283098519282,-0.04910351143065925,,0.02318396567936708,-0.0008600502057365867,-0.018725409869436677,0.05698968012499451,-0.02655591760523211,-0.002942677342290853,-0.006227941316147812,0.015296868645584789,0.01713869037967292,0.028795450370247437,0.02574299758766733,0.01791372367459692,0.0034933369364840415,-0.008880707143655929,-0.003450597754216396,0.012540694866196283,-0.1672742584998346,-0.007569488517250453,-0.023886731633215277,-0.00878998572556799,,-0.004235059841937383,-0.0013280516935402682,-0.0003705806850024561,,,,0.01342707594744415,-0.014053779459984744,0.009344580003980647,,-0.0342600826041334,-0.0405917254429696,-0.014431312334142807,-0.01783751854223388,-0.011648900366878885,0.002381436370821474,-0.005234303142358964,0.005730472635238166,0.014403529235057956,-0.023611925380279047,0.00024168472061296474,0.004441164397694596,0.0563704506677204,,-0.0033475871092937637,0.009065754255903231,-0.0069859777572747915,0.009239817914479568,-0.01925595918712611,0.015663299925407752,,,0.0011023752698730044,-0.0010387555242228205,0.026501629805607867,,0.008019614324550685,0.0050088154408664464,0.0183093755388414,0.020422740291996266,0.012119714855262843,0.01867543054615624,0.02513685771760556,0.0036588572240369853,0.006908202579134361,0.03708184089786551,-0.016371283286244955,0.05256409403955389,-0.014364569227327291,0.010043536787647706,-0.01950838183068225,0.014708131146400795,0.015822656439593998,-0.02448745897546524,0.02143518582060708,0.01858051505932807,0.009826916667325884,0.005119748279431015,-0.01007372637269206,0.0031696521085721073,0.019197454813982242,0.023098694740685193,0.048012426423577906,-0.06106566218660115,,-0.046023279114260546,-0.03175957569750253,0.055414487901065755,-0.005862795429072251,0.05876232658210341,0.023803710621787058,0.009421493225657078,-0.0013632149190548437,0.009807519302003801,0.03154632939480195,0.06592008716576575,-0.0154018059333726,0.027510112139224552,-0.06233720152356269,-0.06920389064059146,,-0.004223168276615607,-0.0900182902390242,-0.04689525834063267,-0.07409247077415927,-0.023171123328921763
2025-07-01,0.001140475792714411,0.013398354774975873,0.01451631495371672,0.006157858542132689,,0.030717407423154347,,,,0.028861546968914117,,-0.0007122663488014911,,0.0037344683640095186,-0.038275371224358465,,0.0026764677719166587,,0.08452188170644394,0.01072610891452384,0.00872687897470197,-0.0055690303925757184,0.006767773677371891,,,,,0.06002756350136661,,,,0.018970195049241457,,,,,0.01573477361424706,0.0062309138932694404,0.011945430631941615,0.016351462173362117,0.007956504387756145,0.020762270412143305,-0.02478398279494412,0.0005730399948196155,0.01710251306262903,,,,0.009341408175539105,,-0.01544110253421413,,,0.014880939283958642,,0.011587754728262815,,,,0.03220787777695061,0.07156132240812624,,,0.011611510368961759,,,,,0.00281222678460804,0.02133823904097201,-0.03697756104356821,-0.047509024755552326,-0.029689472615221615,,0.007019941570380481,,,0.044348510057780156,0.02229029534420521,,,,0.016374272927510303,-0.0005418152398212655,,,,,,0.059871239811325985,,,0.002714047266768871,0.05499898738589988,0.09775289788818768,0.10443920420660159,0.013260937237151372,,,0.020476443491852715,,,0.013619996864711395,0.0143131595389962,0.008503416490978296,,0.1054837585657712,-0.030009093267225888,0.10172906033339534,,,0.0194132321879774,,0.007831181635050657,0.010005402040011034,-0.0008130179394935365,0.018004960129045736,,0.011457914180846993,-0.005037299520071916,0.011369485851052432,0.00984073717366893,,0.01132102641152958,-0.015047209642482936,-0.007215388324633406,-0.03053756406653309,-0.03223202019539409,-0.03287381846090535,-0.03311699735698555,,,,,0.010907473989087358,0.0071053162110737535,0.017969727119448105,0.0016591378148246559,0.0015737338053397043,0.014566242280121822,0.020156142045572038,0.01436827378777668,0.009524849213102784,0.017869293583043608,-0.026050862387134836,-0.02861691523271584,-0.021220987061797942,0.02755737147756452,0.004202725788148289,-0.005429452969906161,0.011133347045816111,0.01698031835232618,,,0.012788259568124906,,0.05332799464343618,,,,0.024433487385536194,-0.0005510109179650526,0.005971524143005431,0.00748644736960707,0.005081900754356313,,0.011098191883077094,0.029722840392362917,0.03774423682259317,0.042396529060863844,0.02983283959017153,0.02357431308855072,,,0.003872255322295299,0.008605670981907053,0.0376810963210005,-0.01850640914267884,,0.015595499506979936,0.01921503625428727,0.01615920412732457,,,-0.00851184183708576,,0.016565327785842583,-0.15296071643571293,,,-0.005512829187506985,,,,,,,0.016139582025862104,0.010563998473917643,-0.03133304383333406,0.011302857693392773,,,0.013288962816835266,0.004219465232165545,,0.019581155637697578,,,0.017736352306343534,,0.02158543830769736,,0.015637634073016084,,,0.011683390725650035,0.003563998687241474,,0.0030438025073020285,0.012652662170848887,0.012026343154612727,,0.024891729293414214,-0.005488481871467729,,,-0.054582752815304905,-0.09328404660178886,0.006248651668301864,0.015840943487361463,0.008796636295977088,-0.028537657054238764,-0.026253758823182313,,0.021107799490116635,0.010212389301622294,-0.01768262543830593,0.04577526991091653,-0.03090648760504493,0.010471344013353787,-0.0062533702153035565,0.011565308635097369,0.012606504514714022,0.01637796272876099,0.02164634524907242,0.013698499530080682,0.002829770641853851,0.0037078985185777435,0.009725863937712255,0.011823927231998571,-0.2064596879315678,0.002482833507369764,-0.00970704742550559,0.0025943165173298068,,0.006226894784813824,-0.00041847968528125164,-0.0033455557234446523,,,-0.08532235166504945,0.01614366128154937,-0.002368735693874272,0.014746256094316332,,,-0.033876743633152885,-0.012479649770703122,-0.014606718598423933,-0.01309912586741195,0.010784585338527034,-0.005616541579225202,0.01856100561610189,0.024484271916203924,-0.04933186605796663,0.014806029030381952,0.013939927978759379,0.050607051912775244,,0.00988510568995518,0.01725152408565207,-0.007073119880133098,-0.0012113275324432886,-0.014596217859445032,0.017460937114676636,,,0.013106069855858254,0.007066380642713026,0.02235744829462002,,0.011833151077411596,0.0029755284243894032,0.015205648041198627,0.018319743342781265,0.009528543042988107,0.014198727486840054,0.020788400037170255,0.0024518662578656395,0.01868609251746132,0.03236228719889514,0.006137265905115075,0.0317083075044344,0.0013646162293299367,0.012778655627896852,-0.007718206719634982,0.012270790785398321,0.012427694320743954,-0.02404401278190192,0.019578344990981076,0.01528816639223395,0.007112647103492619,0.01125606028761644,-0.004476504323286047,0.011985737073868073,0.01537994711625113,0.02861974008480308,0.05860243481836706,-0.03491018154496408,,-0.030732577931067376,-0.027302790770210042,0.04912941304652431,-0.033619100245708446,0.0544603580518454,0.013474461167548817,0.022916068158387246,-0.0061833158960767284,0.019506930864863894,0.030041707236537478,0.0422596730802391,-0.013226222687667726,0.038258211588625954,-0.05195658189700976,-0.047606702435799564,,-0.0009852096273714529,-0.11084094567064354,-0.03424540915132665,-0.09257375976044532,-0.035149463096330644
2025-08-01,0.008406399006458632,0.015017821689768826,0.020259000850018288,-0.012947006899178496,,0.011417136414936375,,,,0.017694161486384422,,0.003986899257250429,,0.009157703837352213,-0.012085080856627897,,-0.006800543871507341,0.11809711623775698,0.1428304455802702,-0.009005506124466572,-0.00044535561124311616,-0.027195908649018965,-0.012664959809415026,,,0.026257529607153784,,0.06251182166245868,,,,0.015487256827258098,,,,,0.00913045464831527,-0.0009985751765480418,0.010304182507403737,0.010043923989568708,0.008305674654607593,0.02136784828193331,-0.062366601533865154,0.006326465535207025,0.022756678576410266,,,,-0.00135914949068735,,-0.005805714121351416,,,0.02117797393575978,,0.012750991260671076,,,,0.03948553320028655,0.07606796548308853,,,0.014689582504242096,,,,,0.02481682150795366,0.023496620739170863,0.012190919373077253,-0.02007136171454246,-0.006317655752770303,,-0.013499198533233623,,,0.04896047114021079,0.037107487990373944,,,,0.004846362040532667,0.011567526480095024,,,,,,0.05939136206183599,,,-0.009840784260064092,0.09597737809051707,0.09875322772182822,0.08861354853887111,0.01147845341450474,,,0.005804035541150077,,,0.0037271734684696384,0.0024685299222734916,,,0.08961776343945237,-0.05126440931497333,0.13891862928962787,,,0.025486995781840605,,-0.014715369416357059,-0.009526340710168458,0.006410747603403927,0.0268061074971332,,-0.004798766627500211,,0.022165108339826968,-0.004591638789567501,,0.007256878486210993,-0.0011581522322330789,0.003424295500879953,-0.012570737856165984,-0.0144309906773593,-0.016723821980124808,-0.013947455929205023,,,,,0.011890089771037105,-0.011265948081432723,0.020014730448492796,0.0002791477455010365,-0.00042851467481645473,0.012570650826211945,0.021358489924279727,0.013744354096920756,0.008951222055686759,0.017400597257748902,-0.00842034337319427,-0.013473636406968633,-0.0031553309754106507,0.03943968552197297,0.012755038069346402,0.0029031804947727015,0.011962185861204983,0.015117312535052323,,,0.019485863023300545,,0.051141176535071144,,,,0.0050837525445906135,0.009264196095189354,-0.005461205360503785,-0.0015777083093738726,0.0017446386975608198,,0.0018102601017543347,0.03475034587465715,0.05088744024577483,0.035273628625011065,0.03453939681857874,0.03236939045392829,,,-0.011951782373854653,-0.01229538373266129,0.038017468394761465,-0.004730818448237328,,0.013359460325851452,0.01870688744785125,0.008177338287296861,,0.20678508738904636,-0.02286263842634349,,0.01573173326348579,-0.11233053930861225,,,-0.016067961891623864,,,,,,,0.015900497230629387,0.015432165729671866,-0.01194989491127796,0.01767969184413011,,,0.009642115654583151,0.006375456713912364,,0.0020738352300941594,,,0.0023202220489861878,,0.02431303436892996,,-0.005846719044148484,,,0.024351913458018792,0.0002028885063184377,,-0.0063957737097925975,-0.004092053676537327,0.0019896137391830996,,0.04513302664716541,0.026488031656752942,,,-0.015083965293250986,-0.04586496084498773,-0.012200122303375917,0.022442333027651088,0.011752739969561088,-0.015693521470989645,0.004179958110598237,,0.01793291491849875,-0.005182694497230826,-0.0041924828708839075,0.048498661118631485,-0.014289137297149573,-0.009970940561465459,-0.03539799903782369,0.011121841757581689,0.011928119621021754,0.003659313441818878,0.02211738863150342,0.013251709142123055,0.0006990494050565686,-0.0025884105604822454,-0.0061671625766361975,,-0.11840844671100723,-0.007601873668483182,-0.023838065936043734,-0.008677405817648512,,-0.012416076300458937,-0.028329636393747734,-0.034590973090745374,,,0.025537247625362178,0.01699223481501287,-0.01247080208450208,-0.0018571223907756721,,,-0.02052916795619459,0.0010222108822349105,0.0012974007424500463,-0.0006866043983944011,-0.005493457412840454,-0.021508827071386686,0.02285899824610062,0.007653396399291209,-0.03677111934251762,0.022420172390802524,0.019554657856620052,0.04935150944322179,,-0.01047424732358526,0.026155693268176794,-0.03645371559626497,0.009508571521024101,-0.04475593687573349,0.009938287668819622,,,0.030711372269331412,-0.01386135951878784,0.004444178910491317,,0.018468957190649657,0.005630492487635762,0.014349773576286001,0.017758722559272754,0.009318719365568964,0.012740610566109072,0.021200256253848842,0.00019443587233470435,0.03031965089864575,0.03059909819568914,0.0109297211933968,0.030741392536543892,0.014364492164059335,0.015289902828135997,-0.022294726445176563,0.012806651892378904,0.007100466053588509,-0.008266790242304162,0.020473288663130897,0.014395174397431149,0.011136016933733362,0.00016205444298101403,0.012776012870044047,0.019836570908637326,0.012350413570477215,0.034332484299570254,0.07889513698794379,-0.06120028279835884,,-0.02480654922429142,-0.01870012506171449,0.03961877031921219,-0.026983797455249224,0.04929270593829544,0.011660463707611143,0.036395604124935914,0.003289246811070023,0.0005758100920631836,0.009149431992092876,0.0399287995386796,-0.045816674265238375,0.033012500879943917,-0.0063052091494608655,-0.009585437141022645,,0.01711465501571505,-0.06517929547552329,-0.013062589419420902,-0.033059797972070586,-0.07411785360811018
2025-09-02,0.02394205091705435,0.020502472024536245,0.02183739309425213,-0.018062671489245702,,0.004092215298512186,,,,-0.0033681697041183763,,0.01405172336082384,,0.011305516456571392,-0.03249464244849479,,-0.006762333661769896,0.0907430692879457,0.11254631868309634,-0.014635805723988838,-0.005029384891336875,-0.027573910298424095,-0.017545490824984057,,,0.027190074111666317,,0.06545165429346701,,,,0.014792540638071462,,,,,0.005840905412846332,0.002845952171480762,0.008876721578750971,-0.0031004461333096,0.010924820091238642,0.029983219198633834,-0.05657793787616192,0.018905458160910826,0.019452679447275693,,,,-0.002763827096535642,,0.0041999015784439184,,,0.01787446569093909,,0.018543729700166555,-0.054963514626620066,,,0.03268594309851777,0.07027103513722532,,,0.008275351031026962,,,,,0.05069619075690882,0.016911276642089836,0.01330287205334005,0.01623961418498073,-0.007542481296426877,,-0.01877677451356196,,,0.07019351745014271,0.037068143420367634,,,,-0.0036389781149586617,0.033813611488595775,,,,,,0.08057626662088219,,,-0.016295121696333844,0.0705262765199366,0.08310983135210931,0.07493595061379785,0.019417905897171128,,,-0.0038174068875583304,,,-0.0028223601375186092,-0.004796674533733028,,,0.07520789080966533,-0.06569693200147385,0.11149516634613751,,,0.02230042109186081,,-0.019894358078472365,-0.016376928251924886,0.01924921587344536,0.02416943783594492,,-0.009475947962971236,,0.048594717085061974,-0.011222494585256839,,0.009493821988817383,-0.010610886014075954,-0.0090476068179567,-0.01840973951469351,-0.03552638117789133,-0.03781747863305312,-0.03549657616511665,,,,,0.01845250712000768,-0.01583583323134687,0.03548199292434553,-0.003491109551085635,-0.0036990293841272677,0.020164745693899554,0.03667374464928291,0.02022943025873144,0.0031411393381812194,0.033599077936528825,-0.025591622235915833,-0.03563972061677918,-0.017262415028776068,0.0434530826225452,0.006840128785916363,-0.0052072602914202066,0.01742882767830924,0.032371776554092756,,,0.021213123295545918,,0.039376359485108314,,,,-0.019994341528470426,0.037865484892312506,-0.010601375095108898,-0.0011356411294923127,0.029992159166846964,,-0.003392900096046285,-0.001156694631176687,0.04219766192630755,0.018487288788574537,-0.009092517049553609,0.0534240201974568,,,-0.015202333632825795,-0.018253949554345048,0.06081001808860484,-0.013673879107806687,,0.0239194952961862,0.03660948867581424,0.004967248741701586,,0.18236897862231846,-0.028166823855320912,,0.02674563993077498,-0.11369600166383839,,,-0.018562858056690775,,,,,,,0.034066186917321856,0.03301203412304429,0.018476544639012573,0.00914894996946019,,,0.004280851459244243,0.0023709446793543625,,-0.024514326749165722,,,-0.010152500627985854,,0.022214787270410406,,-0.012384165275367027,,,0.02235735198440183,-0.010941064298267657,0.07527738916485875,-0.006562515992294754,-0.010394349221989516,-0.0033703497202247222,,,0.051605558285874834,,,0.03510929446924151,0.002452503279534643,,0.02170724233696608,0.02061469759657598,-0.004377244597277707,0.018757851053149897,,0.018206244877812732,-0.010715940748251072,-0.012867941592422799,0.06726527259771749,-0.034833253863941614,-0.01654920130236232,-0.035953271657780124,0.01737439273345491,0.019492314613049316,-0.013517597562603012,0.03789244663199277,0.020753772919105663,-0.0029168643964754045,-0.005972532748136398,-0.011972901530336427,,-0.10215555753324637,-0.007622544439378662,-0.029709069424455312,-0.008254421575717642,,-0.01782792591905349,-0.030626964496182792,-0.0340514309373359,,,0.07941059730760072,0.0215282134911812,-0.01379163822503047,-0.0059242140330365844,,,-0.024807746286496193,-0.009912197834630149,-0.004740404822015964,-0.014910950830823184,-0.010328684584851016,-0.02106837414187524,0.017535850951551104,-0.002441999457355747,-0.033611004293469846,0.021128736565626284,0.020645841814562138,0.03849033794478883,,-0.01668181904851219,0.024203796185661895,-0.03627282554417856,0.03239510351717512,-0.049349535538971444,0.00865572628902904,,,0.0245933147071032,-0.019257407299720464,-0.02127347035097001,,0.015107282465591574,-0.004419080535868013,0.02042580426303867,0.034543029121857145,0.003867105174960779,0.020789466505125906,0.037034056919267984,-0.0031751576800535903,0.03747612427107606,0.053093488246561724,0.01271561876396227,0.017903059294998133,0.01814500252195415,0.01969952070490771,-0.029101206129574113,0.018601707226836926,0.003353485766372503,-0.025596387552647575,0.03715233804750166,0.0214092493533603,0.01985364749785068,-0.0017910081547804788,0.0050722960983386476,0.02053204004263574,0.009028563932347074,0.030041494722404263,0.07901052827572966,-0.07825063051838718,,-0.051862083459288444,-0.018942705248767438,0.05919036025077419,-0.022563884746685234,0.03886013600110053,0.025547331516438405,0.03101192097915431,0.03319277170212271,-0.008365544977368728,-0.01710841691714497,0.030014518712920393,-0.04907494089353358,0.027860569772170635,0.00326864892380406,-0.023443868714654186,,0.010212858075451343,-0.056407893092078325,-0.012608209733473855,-0.0006249107666857865,-0.06969523474305328
2025-10-01,0.021799020873010107,0.020063034268346384,0.012771330147104376,-0.01594832724227018,,0.024312671526105382,,,,0.01431807837035982,,0.026354829465516802,,0.018080336803317512,-0.01285542709881887,,-0.007255154455430963,0.11616801897955271,0.14364374534212077,-0.013513369579755132,-0.0006056316822099589,-0.029018560934407616,-0.01619851843147518,,,0.03127895509169606,,0.04184447245717992,,,,0.02181483338797641,,,,,0.006278695038314268,0.004378449859644969,0.008637273512114756,1.8342463738484162e-05,0.033280502620232584,0.03126850557245852,-0.06143054585307892,0.01723634133322865,0.010461671143176131,,,,-0.0019447522171522446,,0.0003442610756903824,,,0.009122666119350378,,0.021739572472758158,0.06353032196268685,,,0.025000743184610364,0.05468024186084463,,,0.0008194572125440436,,,,,0.042807681363198735,0.012370624865981075,0.0291226302383267,0.026092266601062175,-0.03678240309623922,,-0.017526361957110145,,,0.06577690215671636,0.024899866760381657,,,,-0.007673112702002129,0.040732989868720045,,,,,,0.07034249505026659,,,-0.011276055737321372,0.1246853462178,0.0698115807410551,0.05590909630713173,0.021039431943129808,,,-0.0034185117776636235,,,0.0004350858588687376,-0.0022005452332419435,,0.07385468558921184,0.05615146431376458,-0.04008228277424873,0.1381288378556735,,,0.013272085880975733,,-0.01912212037130647,-0.013864169256226664,0.017125948832757906,0.012880906035955741,,-0.008294391141488531,,0.051531272448385644,-0.008017985348822065,,-0.010112098892063473,-0.0005537551173046953,-0.0026835825401125258,-0.004814155776434581,-0.020215610814748715,-0.023190509109286384,-0.018692174855394896,,,,,0.021926304518481946,-0.0148668549270271,0.039189694958297695,-0.0011398603613463135,-0.0014842812910061704,0.0231319285278127,0.04131897450951672,0.023440844832178166,0.004559624160838432,0.039437047177459945,-0.008461401442881522,-0.01741123355184426,4.392012130981416e-05,0.04322147532629056,0.011378421017899947,0.0005467475662967397,0.020538823735249748,0.03705228036958759,,,0.014951434053866413,,0.037196317072500956,,,,-0.021376919590436697,0.04575256204824594,-0.006920175010525028,-0.0030918874268292765,0.031973269467218894,,-0.0005293124920057493,0.008211985132187445,0.049063847233473554,0.00010915871554320356,0.0016688612729065524,0.06742761539097805,,,-0.014504321006915793,-0.017118662289923245,0.06259245683236238,-0.003052938375978273,,0.02613029514384385,0.04021701162812497,0.003384373226838547,,0.2060878200084522,-0.02232153002636573,,0.030421167283035358,-0.06385668041177474,,,-0.009996774094990304,,0.06132888520484164,,,,,0.03691463881375367,0.03533965498103228,0.02282062653319559,0.015366381042517457,,,0.0035413769875662225,0.003264356117781979,,-0.026821074219520992,,,-0.008189588220733637,,0.01430406363891813,,-0.010434336372663035,,,0.01668700324229224,-0.01219877726850635,0.05622726335108588,-0.006255832112778014,-0.00799860709003662,-0.00013526720875768456,,0.04857178082257823,0.044191544286072436,,,0.04389444041508496,0.011433843171512238,,0.01418347865387737,0.01780226315414244,0.003858105861692926,0.036624611967467524,,0.012987769649363181,-0.008620047292455513,-0.002314051993197187,0.06054743672607614,-0.01950822814056001,-0.01457843351470886,-0.03778371519361146,0.02053357828405083,0.0220358351208268,-0.014176759735231118,0.04067619115874456,0.02297938051473063,-0.0006821501776170138,-0.002550528285255142,-0.007639917524402687,,-0.061857081962835764,-0.007690266358184045,-0.02393711007706742,-0.008064742377200815,,-0.014467382371994547,-0.03124730505322026,-0.037573984448567,,,0.09183585656681074,0.019927113441283444,-0.010028648611069429,-0.006133866565266293,,,-0.02058599423715748,0.0012270891724929464,0.008684275138434009,-0.0043139808188628285,-0.008893181167991841,-0.02177182496391413,0.02569576156008289,-0.012166753024117,-0.014054062536134618,0.012799421679610455,0.013408378647736065,0.03332894975317011,,-0.015151309834816867,0.014252499137510543,-0.03754623032280626,0.03922000808979499,-0.051303656373551526,0.007145877889008232,,,0.03215766192054037,-0.015805667894850075,-0.022009230185914448,,0.016581238270641927,-0.001625280491080668,0.023795852526743867,0.03913644021477461,0.0049455109920732414,0.02325157934684554,0.04060112099900346,-0.0007242876295448925,0.03979539069707443,0.050986406288124814,0.006853683907142065,0.020178206685520193,0.0148884788877724,0.019671752465392146,-0.023854413978757413,0.021860200820253854,0.0029149418690684902,-0.007872529158705184,0.04051379035521087,0.024360934171064306,0.01698898584711111,-0.0018519718489867067,0.0168284317929698,0.014275112622464973,0.01037436454015321,0.024406210575599968,0.07955774342543227,-0.05485929908257715,,-0.030761666394750024,-0.01776152316557361,0.04739307460945246,-0.005362845389154204,0.03168967304916389,0.030405456902389234,0.03375549835930431,0.03882606859804493,-0.0181349857706713,-0.020508991275665325,0.028687920995897093,-0.052687442279556185,0.03507309389046675,0.041180119468565264,-0.005488290617691317,,0.01755748041971913,-0.032555273816936445,-0.003218078241557337,0.02221919548451772,-0.07863587044121674
2025-11-03,0.011927919267631018,0.022839708814645508,0.01654332044127387,-0.018026495326785404,,0.01737007836478901,,,,0.005067078321093011,,0.029112505248983376,,0.022680588747650773,0.005228030564585078,,-0.00720951908912743,0.10269220425428466,0.1313433456661357,-0.01454253629791627,-0.0028399111611209595,-0.03469185514503776,-0.018386468876318198,,,0.033084379992042535,,0.04829302454524952,,,,0.02248214995099863,,,,,0.011033307689479724,0.00675102418394281,0.011910648377819374,0.006177536257363191,0.038505663115965746,0.036773412882577,-0.07159250236611271,0.010427966436874507,0.018010777266766028,,,,-0.00204131717584189,,-0.004140859791153231,,,0.014978200354678778,,0.02351099681107058,0.10432800782922695,,,0.034740709113463615,0.056337379865389205,,,0.011980882950741564,,,,,0.04255005866845368,0.02408030146508938,0.029666119387631536,0.028306880246536558,-0.007282268738369651,,-0.019748906558550057,,,0.06406971950009378,0.028586397497262037,,,,-0.005691785861916198,0.04385935717526002,,,,,,0.04566704078634213,,,-0.015134274762820003,0.11111971088110258,0.1167818651650139,0.06193585485107541,0.023377854366162323,,,0.006851492442844577,,,-0.00218189634161667,-0.005111647999616755,,0.07845811527856267,0.06215701481020735,-0.03038644139858649,0.12591587350369507,,,0.02110324086643974,,-0.019951663813603065,-0.015152890447444499,0.011816687461927223,0.019761684214705543,,-0.00951820764867519,,0.05396355474573206,-0.010219093526739297,,-0.0034348242016186037,0.0037859554790943763,0.004510255737339271,-0.002445725503454763,-0.005598803068701202,-0.005269968264815451,-0.0077313288570867505,,0.0015518634776012584,,,0.02530295235861515,-0.016455257815244657,0.041184955127465735,0.002986062523405571,0.0027441133896823062,0.025993641129677517,0.0421649327229696,0.026655378036671593,0.007769769853767131,0.04141346722291903,0.006077329933434013,0.0024231833779102944,0.011686723234498021,0.04357014527956665,0.013709270360478447,0.002720749012668992,0.024391342169885203,0.03752007392576972,,,0.019008630244561942,,0.04707131306008481,,,,-0.024754355767137894,0.04639165061292204,-0.00932710076399228,-0.005579654263470792,0.03443927783736838,,-0.0024344032940023987,0.0321037768292967,0.07048667945401249,0.002396036019207164,0.027282091485365884,0.03604547068608692,,,-0.01752040066129909,-0.017163724234045618,0.045583928218349404,0.0008945783640381218,,0.029543602953022562,0.042785283284752444,0.007307969487391386,,0.1617496203752938,-0.026081216683647084,,0.033820952579085156,-0.03533373369905757,,,-0.018886941449214194,,0.06459414616336065,,,,,0.03837712430975631,0.037116826545888604,0.02120002290392208,0.023788106848311282,,,0.017175870312600098,0.004275823038266622,,-0.02337846156467266,,,-0.0052793455697900645,,0.0214276409058329,,-0.01124978800308441,,,0.023205765670366894,-0.012134483269700019,0.06266303343895649,-0.00632042922153866,-0.01004031847507693,-0.003002549606018307,,0.053319678209742906,0.05275884123548542,,,0.04551501720150119,0.010442318303932193,,0.022496460376936325,0.010159490630583653,0.010622171744097752,0.03500510102058201,,0.012538173925172693,-0.010448032468275761,0.0016369768070058053,0.06360830610242009,-0.005650338282241158,-0.016067040381386094,-0.04259456775648821,0.023481099999585864,0.023641729554863492,-0.009113943540793763,0.042977928555722744,0.026006014450400183,0.0027120041843289016,-0.0038496886049338994,-0.008665586482551705,,-0.04245529728232025,-0.007522213124227907,,-0.008055804768321233,,-0.014699818684799191,-0.03445748380938126,-0.04257142194710335,,,0.09363025781889407,0.024022653585783083,-0.013457019592114032,-0.007706496484838603,,,-0.018199456714548198,0.007576804107864633,0.013457743677321662,0.0033470976480352694,-0.010388775548097674,-0.02609032480979192,0.025600309243977937,-0.013080672389568905,0.004856448825570604,0.02178535282970264,0.017790468715357558,0.0445974100879611,,-0.0160979917748512,0.02175438834874074,-0.042225487299980206,0.04236898820775029,-0.042610799473591664,0.00909895620523662,,,0.025755954588088503,-0.015814237210460616,-0.022377870867761548,,0.01548275880531235,-0.00031208391070812214,0.026588992087118665,0.04137900285196565,0.008213426757404482,0.02575711460737204,0.04222876298402987,0.002657889953355215,0.037315329235361246,0.057371740865901646,0.013888685926411988,0.00465190338446758,0.02260107130054774,0.023032314182850608,-0.02731817142598596,0.025203929162725163,0.006333367181070383,0.008306247328417353,0.042835303932298535,0.02724308329699804,0.009905368817555745,-0.002081282974539873,0.02497612357516966,0.0182613882040198,0.0161319933779882,0.03228575257110917,0.08640574049186116,-0.04273214603100528,,-0.020957785440579038,-0.021329425253451696,0.05812429367007498,0.012591037368880302,0.04148922404827643,0.0346178531986468,0.02632312535938605,0.038007273083789934,-0.020996723484808834,-0.023227075841778615,0.010709577444018913,-0.045395959224567496,0.03209918626675076,0.06228930098654412,-0.0030045344072764137,,0.017678900711872277,-0.008443360273518162,0.014695293154096341,0.038433781382123215,-0.09160233721670184
2025-12-01,0.02637711787767995,0.021349706819289244,0.027799629878556137,-0.017202068163053787,,-0.008452834939724886,,,,-0.018242085807374162,,0.01877231238607884,0.06529176782974169,0.011961006224379313,-0.011301996294812733,,-0.006812455482119406,0.0838452580580301,0.11818457993655739,-0.014264908167932926,-0.01410409354945375,-0.021153430272614803,-0.01792843476451708,,,0.024686821269830964,0.03926186458055466,0.03375627704770924,0.061828364702593196,,,0.021930924429508482,,,,,0.0031425419576674414,-0.002800096938339826,0.0038956288535973954,-0.0028210318756840816,0.03646979027455466,0.026767247003313392,-0.04445036853575374,0.027226767673528673,0.026452264273209892,,,,-0.00311239871903434,,0.016817631739403146,,,0.02416900043774057,,0.01705870016705572,0.08592527970845466,,,0.03304505215613167,0.04902623497268604,,,0.026019620021279628,,,,,0.057580260326776884,0.02927606449434702,0.05171976635806667,0.0669885725583763,0.0037536139593950606,,-0.01965405446658329,,,0.041813471450393644,0.03948440820987731,,,,-0.01607180239068721,0.04201436725290743,,,,,,0.049176286317274984,,,-0.01725396240792271,0.09318526018755073,0.15333344066513813,0.0723339602065083,0.015106070530775373,,,-0.0076678852394466935,,,-0.009470501382653058,-0.015120001485996879,,0.044626927869179094,0.07307566352471505,-0.017067589136728754,0.10769691853638472,,,0.029416603912756002,,-0.01804072436197242,-0.018206429863073664,0.027412526990740035,0.028435326448358226,,-0.009662764577099699,,0.05328073285363409,-0.015523103325767102,,-0.026631927846308887,-0.01087447764036772,-0.013203124549005175,-0.013703191189687262,-0.01604282163596983,-0.015671979935501228,-0.01770494747429466,,0.011852409278126573,,,0.017716459251967825,-0.016461621635719955,0.03550204325124328,-0.006334825902354323,-0.006103763737537059,0.019066443135542552,0.03726384688413524,0.018082635436255153,-0.0027483758799051756,0.035920764194619155,-0.001051946172932022,-0.008324941569344107,0.004036416271233357,0.017233205572364917,-0.0006522595183362793,-0.008174040244558083,0.017117590778288984,0.03632378490259105,,,0.029321109603588767,,0.01843714287628416,,,,-0.02903798067153973,0.046266768003734214,-0.018082521987370096,-0.01684094188439294,0.027017387047913146,,-0.008354225176315597,-0.00496524669754396,0.0327390905694243,-0.012489976236882387,-0.01318298066242331,0.04919345643110688,,,-0.013803565310916886,-0.015635184856747218,0.05377396740731199,-0.013650555728999493,,0.023720939214488413,0.037589862573986374,0.00013330292815283293,,0.059415886223545995,-0.02621001218076767,0.09296474654427661,0.028356906869739493,-0.03702214897877434,,,-0.021027766646102175,,0.060304974202157725,0.07755323198013567,,,,0.03536905965767109,0.03469236182727411,0.026764572967464553,0.010433395754329751,,,,-0.006445385461294968,,-0.02914657836670331,,,-0.022133022058746753,,0.030459568142866433,,-0.014347636654112917,,,0.032594696120962496,-0.022959271407079335,0.07263459048881599,-0.006622209499487387,-0.016372778742698182,-0.010974133116743974,,,0.06656913258126543,,,0.06637310329407262,0.033882080145770016,,0.030939851756778387,0.021143584008348155,-0.003567621126918454,0.033118081066365705,,0.0075277787106398245,-0.01339822839056385,-0.012826169192752444,0.052895361210174525,-0.016218272203153816,-0.0176426235360563,-0.0276363631858254,0.016020950411230105,0.018410443890585222,-0.023090958735614196,0.03777202224170646,0.01873217938885813,-0.005472909538245643,-0.013496920942936464,-0.016513989016674273,,-0.00954669705483493,-0.007814163260363858,,-0.007875873782323873,,-0.018041683738162305,-0.022966697563463485,-0.024300694901440698,,,0.10283027940018787,0.02154577300936364,-0.014066454216653314,-0.006811116696629029,,,-0.03185304870587703,-0.006429344474983292,-0.00016373050089377625,-0.01104296821331539,-0.010666923425881452,-0.015350469118356816,0.021646391978188823,-0.02483849146655561,-0.020238048213133356,0.031053037963305274,0.027089742886589527,0.014866974022876154,,-0.01803627484697428,0.02914587470236169,-0.027778116468931465,0.04152525948902129,-0.03339919828243119,0.004471832480901673,,,0.014137869331625348,-0.01524198506774775,-0.028785063302793405,,0.002688455670854278,-0.010221069239521312,0.018328105643712886,0.036062152362291315,-0.0021334201334327735,0.018813569660137745,0.037696293011757476,-0.005329813943965771,0.020659466055122856,0.04367407484657072,0.028560733221091206,0.010529359872718165,0.02778857757691256,0.021577103283181506,-0.026408616900188808,0.017709825713134387,-0.0014348315453988555,-0.0007179339701775332,0.036403229999962754,0.020140364719652654,0.021976393196267714,,0.010329246581033645,0.028692213721903722,0.004136013067680858,0.03493650954794495,0.08998512624451728,-0.018348244749651296,,-0.02324372403128678,-0.03488420002634211,0.04916834348388235,-0.011469863622429112,0.013399498345880227,0.029408567915076796,0.01470360491132596,0.04069271581412142,-0.03213233420173039,-0.02994080820256555,0.018965604897119247,-0.03604784819160914,0.03005923216260471,0.07896315011064386,-0.012655517236443955,,0.0059723920467803105,-0.026593180044135575,0.009251728514560147,0.04519527813779617,-0.05968188625070319
