,overlay_fraction,backward_vol_timer,forward_cvar_timer,conviction_timer,portfolio_kelly,portfolio_risk_reward,portfolio_garch_vol,portfolio_realized_vol,portfolio_vol_regime,forward_model_cvar,historical_cvar_target,composite_quality,selected_count,forward_model_cvar_raw,portfolio_scenario_mean,historical_cvar_target_raw,forward_cdar_timer,forward_risk_timer,forward_model_cdar,forward_model_cdar_raw,historical_cdar_target,historical_cdar_target_raw,asset_mean_efficiency_ratio,asset_median_efficiency_ratio,asset_dispersion_efficiency_ratio,asset_mean_atr_vol_regime,asset_median_atr_vol_regime,asset_dispersion_atr_vol_regime,asset_mean_liquidity_score,asset_median_liquidity_score,asset_dispersion_liquidity_score,asset_mean_breakout_strength,asset_median_breakout_strength,asset_dispersion_breakout_strength,asset_mean_normalized_spike,asset_median_normalized_spike,asset_dispersion_normalized_spike,asset_mean_pullback_ratio,asset_median_pullback_ratio,asset_dispersion_pullback_ratio,asset_mean_net_move,asset_median_net_move,asset_dispersion_net_move,asset_mean_garch_vol_forecast,asset_median_garch_vol_forecast,asset_dispersion_garch_vol_forecast,asset_mean_risk_reward_ratio,asset_median_risk_reward_ratio,asset_dispersion_risk_reward_ratio,asset_mean_kelly_fraction,asset_median_kelly_fraction,asset_dispersion_kelly_fraction,asset_mean_signal_quality,asset_median_signal_quality,asset_dispersion_signal_quality,cvar_model,cvar_model_centered,cvar_model_raw,cdar_model,cdar_model_centered,cdar_model_raw,forecast_portfolio_scenario_mean,vol_model,target_risky_exposure,forecast_backward_vol_timer,forecast_forward_cvar_timer,forecast_forward_cdar_timer,forecast_forward_risk_timer,forecast_conviction_timer,forecast_overlay_fraction,robust_selection_score,selected_alpha
overlay_fraction,1.0,0.965784026188177,0.4092345286778729,0.3417407388748745,0.20180590610265112,-0.023410673993877307,-0.7302054943123264,-0.7275874578728837,-0.6541326658086171,-0.3852308034929822,-0.14322009824277676,0.5518580781146414,0.3319160383258115,-0.34501568705049257,-0.11847316802650917,-0.10826223282555697,0.5076172400734638,0.5076172400734638,-0.3860348966543804,-0.38476103062718725,-0.1053635120159414,-0.07884678810679162,0.3442311908684464,0.28347622802116434,0.42021967756977,-0.5075363099027317,-0.5114607844495246,-0.17301992675341946,-0.26648811326109156,-0.2634573472824681,-0.2537568990185386,0.3767310940215803,0.3776995218226824,-0.04752702280986468,-0.015184473072166138,-0.03564962754754756,0.22541985894381128,-0.37517322731492486,-0.37642356273831645,-0.04550647457331634,0.2152952779741773,0.20890629545059333,-0.3959896228274123,-0.6006581029101399,-0.5863699003831355,-0.6601228167429464,-0.007542442825739231,0.30628338678135975,0.10312262551326024,0.22872843767309756,-0.060521114196880846,-0.2665251818198388,0.30138393977029126,0.2095262196008924,0.19004282386860263,-0.3553437348712501,-0.3553437348712501,-0.24806580320463334,-0.3518547716895996,-0.3518547716895996,-0.2927325937488164,-0.23515501697113683,-0.3577686352108469,0.6447824961123088,0.5902068966493841,0.3851516232525602,0.523948947646059,0.523948947646059,0.02106265661624887,0.6447824961123086,-0.018962150245292304,0.05083220095632913
backward_vol_timer,0.965784026188177,1.0,0.24020806306121495,0.21414633361234398,0.08772970520848569,-0.07226341281373559,-0.7431913504768042,-0.7443563660845427,-0.6949785566805895,-0.4089952309132491,-0.2744126585091842,0.5167614681472413,0.35065226120303755,-0.2940046720106632,-0.23044761227803254,-0.24889835528165472,0.3328049183084655,0.3328049183084655,-0.41036159127369515,-0.35725367261377444,-0.2430914702452363,-0.22386158386676636,0.37271759503840224,0.30179194000418486,0.48647401126304013,-0.5266476592494298,-0.5321039708458609,-0.22828516894057985,-0.2813369350015758,-0.3120349009660082,-0.24654837723944492,0.39844721150508566,0.39917061056557146,-0.06938348713581613,0.014681709281120033,0.0008777916521569717,0.19094180482565373,-0.3976950187733084,-0.39907980399334936,-0.0650642113880304,0.21951709375857614,0.2169480097869561,-0.4201979895830692,-0.6178510404983621,-0.6049068260968741,-0.6841473045693223,-0.002695169757014301,0.29145356630775743,0.11122049664855252,0.2585268463296272,-0.012514453142751644,-0.30016912063800794,0.3243243052355944,0.24335418145336848,0.16848894537815212,-0.38479209484021076,-0.38479209484021076,-0.20694540774263134,-0.38015658677405656,-0.38015658677405656,-0.27310323225072725,-0.34601283362513247,-0.3858911977417009,0.5611868621531926,0.5461352216820444,0.24094700100541622,0.36620436979227877,0.36620436979227877,-0.03819212344302701,0.5611868621531927,-0.05578985121015089,0.08439743576989146
forward_cvar_timer,0.4092345286778729,0.24020806306121495,1.0,0.11565359628678909,0.017705431486773185,0.1422267623142699,-0.0768839534214976,-0.05530903848481224,-0.09451060499154386,-0.19417035897411772,0.44986735736287814,0.329367489148843,0.1991155012086093,-0.2705020598285649,0.08014207567648751,0.49241428667964404,0.8754512053400085,0.8754512053400085,-0.18051807376077744,-0.23932620069022592,0.4425136634397851,0.46721956165372397,0.07242954979900867,0.07532184081296174,-0.07342623747648817,-0.008509473045783185,-0.009581109279903341,0.13858197316473775,-0.1254842133482553,-0.009126691207411367,-0.2012320685684419,0.21714035449095206,0.1879401773603171,-0.08533959243311845,-0.026930425403118196,-0.05209577503733703,0.10607815567928726,-0.21390056377247232,-0.18465780393282238,-0.0921552723167547,0.14473570496837407,0.12551686631050893,-0.01005586636137542,-0.036587890465124416,-0.025089020043332844,-0.05045913912518382,0.13341974698745912,0.26032366425719217,0.12518096708112067,0.07627963541927887,-0.07447396122213469,-0.08014879728215626,0.151741218935479,-0.04311251647669496,0.22951181255895825,-0.15134999932880513,-0.15134999932880513,-0.17545725283427088,-0.1517488114045124,-0.1517488114045124,-0.17099859887775626,0.003242206661456278,-0.16765750476066346,0.44413056148171537,0.28848622418064523,0.8497589101280342,0.8927937865345054,0.8927937865345054,0.019230779743560928,0.444130561481715,0.09378675808213055,-0.14725601471852134
conviction_timer,0.3417407388748745,0.21414633361234398,0.11565359628678909,1.0,0.929073574468144,0.07834178184817277,-0.19708188100640214,-0.17497572734973832,-0.08846677787052828,-0.04171316289816685,0.10196674328465243,0.33760250167431505,0.07275242129265762,-0.3343153000976331,0.4170965436455007,0.10395704758140364,0.03268536888328993,0.03268536888328993,-0.03911401077716207,-0.2622750559974915,0.08184575116801432,0.08356090962829353,-0.0034513087387374325,0.001578335417924114,-0.04579019951143008,-0.07637306915731648,-0.08059679806966086,0.020303177547113416,-0.019785232847853638,0.08600114581589308,-0.0654191266498608,-0.10524630931846744,-0.0902945420793767,0.017032292117876494,-0.12214592788366996,-0.11843377340995495,0.12992700212231686,0.10431241985583588,0.09058547810120376,0.016780784133780424,-0.049925740408303075,-0.05604592112595039,-0.01534461050342069,-0.08070187217732087,-0.0994458745636238,-0.034284742934354434,0.00944202069736402,-0.03205573246879951,0.007279424752467779,-0.18333727526765514,-0.038488529728605565,0.24201778643762017,-0.03977414024562526,-0.1172993331075566,0.012767859827284908,-0.0353386657209307,-0.0353386657209307,-0.272390763373681,-0.04685641774578044,-0.04685641774578044,-0.22633484291155181,0.34358590086025614,-0.030294716987655203,0.31547199999952913,0.2528296792116418,0.17950984019548458,0.12093405149209654,0.12093405149209654,0.3495797955207087,0.31547199999952885,0.10208681710241164,-0.02599778577734677
portfolio_kelly,0.20180590610265112,0.08772970520848569,0.017705431486773185,0.929073574468144,1.0,0.1003480631099092,-0.09485790655631748,-0.06862431457375569,0.04937391608816509,-0.020450257310630625,0.05723699143084996,0.029377483010016765,0.04931796438731751,-0.29108133748851284,0.38861307267750267,0.05479422083802912,-0.0636514607007455,-0.0636514607007455,-0.022397862262564846,-0.2317352086079399,0.03618743731412243,0.03467629470983679,-0.04837681655208386,-0.03531757837837375,-0.08110742626599352,0.013817854357768588,0.014826142872548242,0.03386810578549385,-0.02832535098060549,0.05210369136208121,-0.06501739345874341,-0.11608863488991433,-0.09992425058385214,0.10247662845168674,-0.03431538106888791,-0.028314868470825403,0.09675468166400157,0.11474090682131506,0.09887604517363181,0.10193525172754371,-0.08735825753920945,-0.09179934141965493,0.022570404398895866,-0.023719154521248766,-0.046766964638788946,0.027353694235182753,0.04107458879687051,-0.09803383319645355,0.049136697817966125,-0.22275813814794726,-0.04020701262545687,0.2686565045403214,-0.08416638148022541,-0.13527221589482696,-0.06770789547592887,-0.01359608023397626,-0.01359608023397626,-0.24313636788399284,-0.022262223135471926,-0.022262223135471926,-0.1961818191965805,0.3371225375162834,-0.00900543742562942,0.26675017098764153,0.22341948178267745,0.07966714101095092,0.002742690990235479,0.002742690990235479,0.37073812545069096,0.2667501709876413,0.12239224935987805,-0.028781219166875437
portfolio_risk_reward,-0.023410673993877307,-0.07226341281373559,0.1422267623142699,0.07834178184817277,0.1003480631099092,1.0,-0.003795223103815837,0.01459835877554081,0.10249479354580328,-0.15088237194532997,0.027038842971430863,-0.015682804812190806,-0.01623662670782718,-0.5158782897198434,0.5048317807668128,-0.007524564253362412,0.15620947786708994,0.15620947786708994,-0.13987129263278494,-0.36752103590498875,0.02226683638631096,-0.0076827216186928955,-0.10934603054817246,-0.11919367747131702,0.0028381905988759224,0.023523032052026466,0.028408210698657316,-0.022546140438386892,-0.12689560085663845,-0.11596270146479415,-0.13078923318844315,0.0020003414951638406,0.013063867047647027,0.06728301407096211,-0.03629088180615305,-0.03693651903016069,0.05359125821351601,0.0010051372980005204,-0.010817632534969536,0.06409270476576447,-0.0364873443509025,-0.04439642736253515,-0.05612850764442165,-0.054913207541841653,-0.05714893714088898,-0.04053999782317987,-0.08022667245519201,0.2123868608642847,-0.08615980841302788,0.05153347843592166,0.08317036558872432,-0.017595948387138446,0.022692994338368654,0.0016361024353132678,0.005978964649013907,-0.16472660459644523,-0.16472660459644523,-0.2685993889873127,-0.166522275015513,-0.166522275015513,-0.24140202329246035,0.11853654108036246,-0.18564343455269394,0.2996547504873287,0.2916068595427211,0.15881171582001435,0.17698926733780854,0.17698926733780854,0.1629898481526321,0.2996547504873286,0.20116547619222697,-0.11716110005671014
portfolio_garch_vol,-0.7302054943123264,-0.7431913504768042,-0.0768839534214976,-0.19708188100640214,-0.09485790655631748,-0.003795223103815837,1.0,0.976033848304785,0.7021062895840275,0.18608108334346088,0.2547777345359462,-0.3867985996477936,-0.24516240722354135,0.15950261707786748,0.06758298848066412,0.2587673860293959,-0.12494734120895815,-0.12494734120895815,0.18756049762184077,0.18023920082273207,0.21718564192647333,0.21852022838509716,-0.25254763451278056,-0.18964792748537537,-0.4776321158959926,0.81811140742266,0.8188791990078099,0.42256128683131705,-0.01456064636037253,0.02442273116025493,-0.05258093797969205,-0.36292576283735517,-0.3792043695769499,-0.07369870377531643,-0.04307081376405088,-0.03324384944239194,-0.24980281786674202,0.36372404159597765,0.37938908292996776,-0.07394538790261825,-0.3568774877265586,-0.335007456884078,0.6972041760232793,0.9343861782673974,0.9308938888364477,0.863383910848467,0.19615870671443486,-0.24858373504758116,0.014045031259950902,-0.228585010776874,0.04242450964027175,0.27323850971787506,-0.3042268673975457,-0.3167916262719009,-0.15926382603575287,0.11320967445879486,0.11320967445879486,0.027531295182435453,0.10302435471432445,0.10302435471432445,0.04688073247027535,0.15121097520290078,0.1124760056072615,-0.48483810637516245,-0.4945012826353754,-0.07780639357112516,-0.1789346433670889,-0.1789346433670889,-0.018000811227122857,-0.4848381063751625,-0.1587280721644802,-0.3725876653331386
portfolio_realized_vol,-0.7275874578728837,-0.7443563660845427,-0.05530903848481224,-0.17497572734973832,-0.06862431457375569,0.01459835877554081,0.976033848304785,1.0,0.727980781796431,0.18096151704353788,0.23793512862046814,-0.4002538792297829,-0.23784944197383495,0.1652298390959524,0.05107862336953132,0.24416762061173095,-0.1065829180584528,-0.1065829180584528,0.18517106329396377,0.1869023266733292,0.2058076775474202,0.20671356897939067,-0.3016327851003729,-0.23915936957004355,-0.48376465465825097,0.8193544166972626,0.8227350245730872,0.43253170605554275,-0.0043166778119802,0.027440744582964912,-0.03808705754432522,-0.29840415767419826,-0.3156365982167443,-0.07626021078897814,-0.02261170531413532,-0.010711815929499116,-0.3287424853116753,0.2990697511643005,0.31627077589737534,-0.07841412192439326,-0.302774341389979,-0.27805340550675833,0.6631597195647672,0.8987685361073917,0.8963658872953468,0.8393184860541266,0.20520047897622498,-0.22441777293301995,0.02716314773745399,-0.2088398540950626,0.053769973340245976,0.2558393316575277,-0.28993804285094343,-0.31554869742838754,-0.1378326304759933,0.10762658729309747,0.10762658729309747,0.03872289395899212,0.0957428530848986,0.0957428530848986,0.0500969867726871,0.1251632950469223,0.10687971282331483,-0.4454801479331581,-0.4536515311361083,-0.08445495593687175,-0.17035191838172822,-0.17035191838172822,-0.009522685231125306,-0.4454801479331581,-0.15182123842249345,-0.3442303063695476
portfolio_vol_regime,-0.6541326658086171,-0.6949785566805895,-0.09451060499154386,-0.08846677787052828,0.04937391608816509,0.10249479354580328,0.7021062895840275,0.727980781796431,1.0,-0.006934993144070825,0.010453885248818528,-0.48050999693419033,-0.06261331878213044,-0.02097380069459366,0.019240315330384693,0.00944792419756605,-0.1410240398957353,-0.1410240398957353,0.002054197318638371,-0.004494512286033282,-0.055445110915263655,-0.05531173361024193,-0.18854220829519824,-0.12219864375322978,-0.407578002484145,0.8492049341351121,0.8570217683401241,0.39099442908746623,-0.08721411931137969,-0.07370465424734665,-0.08090878903869263,-0.44694686568144143,-0.46498103013823183,0.24359023897374543,-0.01568974646655854,-0.015058735168891535,-0.12556325797988308,0.4444574091300773,0.46304001473569617,0.23685332859331712,-0.39425344488862923,-0.3879578915016619,0.47710846655732986,0.5688791509966078,0.5839868336653459,0.5098960456384877,-0.055049518840135814,-0.12838522607236977,-0.2048114155376683,-0.16673675682933495,-0.08432495067977641,0.14293042370387274,-0.41364192906123753,-0.3898944606348248,-0.17021473191012929,0.007240318457906621,0.007240318457906621,-0.11189984237520932,0.005687841478357522,0.005687841478357522,-0.07733011419410724,0.17804672322067377,0.023027617574672664,-0.18271057028358126,-0.19101367871095332,-0.1263369192148131,-0.1910004158600709,-0.1910004158600709,0.15280801798991933,-0.18271057028358118,-0.15721925722902963,-0.2282684562883696
forward_model_cvar,-0.3852308034929822,-0.4089952309132491,-0.19417035897411772,-0.04171316289816685,-0.020450257310630625,-0.15088237194532997,0.18608108334346088,0.18096151704353788,-0.006934993144070825,1.0,0.6063120436565886,0.01749197217857931,-0.7328223746374011,0.7899784531667283,0.46046504411815026,0.5746331631071945,-0.24621244159477385,-0.24621244159477385,0.994809845728928,0.8961832907411886,0.6611709186127442,0.6366846115825879,-0.27171268511536295,-0.23351136863291364,-0.15221278937806665,-0.09527777499856432,-0.09583943471931877,0.15400889818504537,0.8863342330531161,0.826623616051153,0.8436393084149951,-0.07268776675880881,-0.022622535361045783,-0.034044075107351565,-0.04812143214390945,-0.014615790130282184,-0.0792559599236004,0.07116541406838482,0.02186519281312121,-0.03468848282284589,0.055113099578134685,0.06148397946481165,0.06193668409957194,0.06390428613252229,0.022187966373892525,0.2520301819130879,-0.11479734259673569,-0.5546189488399522,-0.056798792579388704,-0.4613834956460658,-0.12340605900402978,0.4848560496313522,0.16014043492687163,0.18924523897402543,-0.15452384985893003,0.9602434514014934,0.9602434514014934,0.7541341220315921,0.9656321326869187,0.9656321326869187,0.8618235531766283,0.5113362848834738,0.96821165260009,-0.4210901812403202,-0.45362187915072855,-0.14702493531476366,-0.2334658579708894,-0.2334658579708894,-0.019405193760414205,-0.4210901812403201,0.49505422345751976,-0.018814801738125046
historical_cvar_target,-0.14322009824277676,-0.2744126585091842,0.44986735736287814,0.10196674328465243,0.05723699143084996,0.027038842971430863,0.2547777345359462,0.23793512862046814,0.010453885248818528,0.6063120436565886,1.0,0.2619305785235477,-0.42797968089842614,0.29236030934153884,0.5493583941548117,0.993447136654495,0.32642767285591856,0.32642767285591856,0.6102002005063785,0.422384829814427,0.9762720883188444,0.9672831225008472,-0.2364031117278708,-0.19996500276888174,-0.3031076991512063,0.05218378292442914,0.03732978353745017,0.22026595876915156,0.5447726223048662,0.69155950227724,0.4056018980401082,-0.05289290449212283,-0.02868104091014206,-0.006372151098538633,-0.08405127652665285,-0.06822004059689483,0.050226141080656775,0.055585256726367806,0.030941218820061643,-0.010049527142807798,0.05679436636166094,0.06017396558829842,0.16967860103567117,0.1895041172054053,0.1610298614861333,0.3126925696773411,0.0037902572024700026,-0.05444857155625168,-0.03264805266216935,-0.2091478953365008,0.011920051551634656,0.27767986005985723,0.30633050174561055,0.11073601703550547,0.12121485955374735,0.5654269971065575,0.5654269971065575,0.27162191599688706,0.5684565390062748,0.5684565390062748,0.39187864555059276,0.5565455912516816,0.5711859995932188,-0.1366676295415959,-0.2685483478790958,0.45297539158738126,0.34841153593417495,0.34841153593417495,0.081059252548799,-0.13666762954159625,0.5606577597961278,-0.3929188595381271
composite_quality,0.5518580781146414,0.5167614681472413,0.329367489148843,0.33760250167431505,0.029377483010016765,-0.015682804812190806,-0.3867985996477936,-0.4002538792297829,-0.48050999693419033,0.01749197217857931,0.2619305785235477,1.0,-0.020195102095608528,-0.11498218174592686,0.19452787752869277,0.25845327256057404,0.2788568537781669,0.2788568537781669,0.030681005171216497,-0.0584567206113182,0.25356257836083235,0.2490530169336471,0.1213097205071831,0.08414271445793624,0.15246507309967558,-0.300001625828957,-0.31517112333397085,-0.03333109317942933,0.1019283718712101,0.18655272314520674,0.05412220966654656,0.10979457367308745,0.12069608937116984,-0.0820199201227882,-0.1850536624885625,-0.18195998878608774,0.15625061363400372,-0.10813918229054112,-0.11827785358572764,-0.08245992690466725,0.15478234718707384,0.1433667082040434,-0.12993264584946984,-0.26674125064406107,-0.2684859564554112,-0.2541953039127126,-0.053143722489126556,0.21792106989865315,-0.01358815312088043,0.12205000715459283,0.08309607438369815,-0.06323327281609173,0.2633681357151675,0.07506253253551248,0.3875945998486339,0.024813442513258697,0.024813442513258697,-0.027835002518406437,0.02229759398049798,0.02229759398049798,-0.013290764599140492,0.08331643344396152,0.02976477709732451,0.2648962007962791,0.19693154084736686,0.33384745792050247,0.3636212544329209,0.3636212544329209,0.021921607234052416,0.26489620079627896,0.18933087675585067,-0.119460776879133
selected_count,0.3319160383258115,0.35065226120303755,0.1991155012086093,0.07275242129265762,0.04931796438731751,-0.01623662670782718,-0.24516240722354135,-0.23784944197383495,-0.06261331878213044,-0.7328223746374011,-0.42797968089842614,-0.020195102095608528,1.0,-0.5484106258433388,-0.38160078952092946,-0.3956426942085112,0.1549474584643625,0.1549474584643625,-0.7362773019721965,-0.6520702110115488,-0.48852429249655516,-0.4612997112767293,0.27391806059427476,0.25337884963042456,0.0453753107965409,-0.015289739787609134,-0.016349653330279254,-0.08685501658702514,-0.5557020702736633,-0.4820037537469546,-0.5282840759535148,0.08397833879076332,0.03877268679906842,-0.09333988378970628,0.14302341636049695,0.11861484642829138,-0.041740003143844406,-0.08123180193390611,-0.03676637438383806,-0.0939232727944609,0.024664698559172596,0.016576472623583124,-0.04298331803827026,-0.0755775377469656,-0.055551928612359594,-0.17013978239154867,0.12311559655612803,0.44787293252618154,0.054071099764416874,0.31932333179128114,0.08629231501094166,-0.3315692902665045,-0.1263852373154984,-0.10983998236589655,0.03200190855044335,-0.6644818136189863,-0.6644818136189863,-0.5229220265375893,-0.6686326232029216,-0.6686326232029216,-0.6028916215645543,-0.3522613479361342,-0.6685971802744675,0.28876056873486755,0.3039448283801059,0.18290711403304452,0.14129941362181891,0.14129941362181891,0.05955314749512462,0.28876056873486716,-0.4729317556934406,0.07362191051437651
forward_model_cvar_raw,-0.34501568705049257,-0.2940046720106632,-0.2705020598285649,-0.3343153000976331,-0.29108133748851284,-0.5158782897198434,0.15950261707786748,0.1652298390959524,-0.02097380069459366,0.7899784531667283,0.29236030934153884,-0.11498218174592686,-0.5484106258433388,1.0,-0.18050853672912515,0.28470347124912226,-0.28951535240241494,-0.28951535240241494,0.7856945459822231,0.9652109854492407,0.3536964290758383,0.3467793128653792,-0.1797091014166967,-0.16679842920859847,0.0029902794482923145,-0.06299720256704609,-0.05653604498312021,0.13755891788741853,0.7151902959366001,0.5590952061556596,0.7379912985310922,0.046101756596983255,0.06551747322768624,-0.021887505729566714,0.05081500805412944,0.074591479270366,-0.15828989349150444,-0.04983538102893179,-0.06800095254270672,-0.01909421323783374,0.1010975402562026,0.11282361039493231,0.012944990250314932,0.021281896388650145,-0.00432583974919078,0.14977764609250765,-0.03486859126038614,-0.5363141605982256,0.005211485945471527,-0.3316500260319949,-0.13569588112962447,0.3212192163446827,0.09695849855314025,0.15563458878537942,-0.14506863203768222,0.7651237137535745,0.7651237137535745,0.8692266276439906,0.7755046543876734,0.7755046543876734,0.8796117511907682,0.009929691749412203,0.7750068418583939,-0.52156504895511,-0.48957502668792274,-0.2859706607202208,-0.33705490618286565,-0.33705490618286565,-0.31980972560622406,-0.5215650489551098,0.18272673576851356,0.1419316367930827
portfolio_scenario_mean,-0.11847316802650917,-0.23044761227803254,0.08014207567648751,0.4170965436455007,0.38861307267750267,0.5048317807668128,0.06758298848066412,0.05107862336953132,0.019240315330384693,0.46046504411815026,0.5493583941548117,0.19452787752869277,-0.38160078952092946,-0.18050853672912515,1.0,0.5096253581374548,0.02418449251105772,0.02418449251105772,0.45834125547589105,0.04022878789042691,0.5485608808766738,0.5192950234344951,-0.1756964734991173,-0.13310667082215533,-0.24850474446299717,-0.06163649215036147,-0.07189176059260768,0.047903111933014435,0.38640163805568184,0.5166053086320016,0.2849010260492869,-0.1833484228622758,-0.13114466669092253,-0.02292448256240618,-0.15076349830561414,-0.131437542493207,0.10202714784531143,0.1863117363155619,0.13352526556462735,-0.02800226827796132,-0.057955081832359576,-0.06471174577918952,0.08061573222598173,0.07170218255277719,0.04185613696462,0.18745621195415432,-0.1336729949516131,-0.11324472677443968,-0.09866007015338228,-0.259985593018654,-0.0015081401489955933,0.3127410214083844,0.11651921785703415,0.07825885362885975,-0.03785684478147965,0.4018200277714699,0.4018200277714699,-0.07539791320933989,0.3952055989121928,0.3952055989121928,0.07955855159774487,0.7931524526031624,0.4000051073492931,0.09485991177201104,-0.0031325114266512735,0.18445587085445025,0.12236034381928163,0.12236034381928163,0.4353274448416816,0.09485991177201065,0.5296058946701712,-0.23566653415212377
historical_cvar_target_raw,-0.10826223282555697,-0.24889835528165472,0.49241428667964404,0.10395704758140364,0.05479422083802912,-0.007524564253362412,0.2587673860293959,0.24416762061173095,0.00944792419756605,0.5746331631071945,0.993447136654495,0.25845327256057404,-0.3956426942085112,0.28470347124912226,0.5096253581374548,1.0,0.3834106710582741,0.3834106710582741,0.5780098206346622,0.40346749079969724,0.9747476706187749,0.975357087173819,-0.2121687883573484,-0.17570399851200955,-0.29696334252703255,0.061496531055028544,0.049676020383694945,0.2291303270610384,0.5096417696470542,0.6514872259230114,0.37499149811215327,-0.04205415746760008,-0.020548152913553674,-0.013641161805945204,-0.0655349753062439,-0.052271823038171565,0.034436003086029586,0.04480365416456977,0.022963106151795074,-0.017827307032045988,0.061862556220470606,0.06807076711764912,0.17761852932452274,0.20219369959308278,0.17798174596305483,0.30155180388018993,0.019970042597859557,-0.05368656507096775,-0.03042962287848506,-0.2102950351271087,-0.01350092576905399,0.27049857303320857,0.2875281404083003,0.11046860047207833,0.12800659111378485,0.5349743071621618,0.5349743071621618,0.25436372702288196,0.5372617943393262,0.5372617943393262,0.3678505316462366,0.5304661327094031,0.5403490031215539,-0.11542225816414774,-0.25505144491417575,0.4762770448249357,0.39168226232810993,0.39168226232810993,0.07639530007800849,-0.11542225816414807,0.49108849038950053,-0.41099493019275474
forward_cdar_timer,0.5076172400734638,0.3328049183084655,0.8754512053400085,0.03268536888328993,-0.0636514607007455,0.15620947786708994,-0.12494734120895815,-0.1065829180584528,-0.1410240398957353,-0.24621244159477385,0.32642767285591856,0.2788568537781669,0.1549474584643625,-0.28951535240241494,0.02418449251105772,0.3834106710582741,1.0,1.0,-0.2463308582959294,-0.28448172061222754,0.3704009757090339,0.41184795164334714,0.06805949791950783,0.06320579728626646,-0.034318659854038855,-0.06874296619197257,-0.06514483024671547,0.1289958501464878,-0.24629973439096037,-0.15113659494015597,-0.3072078842013617,0.2304055012973308,0.21296808510150175,-0.023672418024302606,-0.032682152193252406,-0.07036093508539919,0.11005735940703446,-0.2244647450091169,-0.207353594407272,-0.030268345249099195,0.1386194108605058,0.13193159454058215,-0.04885292928514772,-0.09486849016275006,-0.06930377209919067,-0.171064466616568,0.1005523436992735,0.3476354860425185,0.09230710528605625,0.21628111516563323,-0.10223028199885421,-0.24216307685616073,0.10386322937196162,-0.009615191504488396,0.2299872097837075,-0.24781397493365578,-0.24781397493365578,-0.2598460937701617,-0.2460745561564844,-0.2460745561564844,-0.25664251771452534,-0.03534086614284711,-0.26068438029393926,0.48519339838467773,0.34070626900752715,0.7310717715779256,0.8935748787904197,0.8935748787904197,-0.014636015246325351,0.4851933983846774,0.016624627277890408,-0.11428083652908824
forward_risk_timer,0.5076172400734638,0.3328049183084655,0.8754512053400085,0.03268536888328993,-0.0636514607007455,0.15620947786708994,-0.12494734120895815,-0.1065829180584528,-0.1410240398957353,-0.24621244159477385,0.32642767285591856,0.2788568537781669,0.1549474584643625,-0.28951535240241494,0.02418449251105772,0.3834106710582741,1.0,1.0,-0.2463308582959294,-0.28448172061222754,0.3704009757090339,0.41184795164334714,0.06805949791950783,0.06320579728626646,-0.034318659854038855,-0.06874296619197257,-0.06514483024671547,0.1289958501464878,-0.24629973439096037,-0.15113659494015597,-0.3072078842013617,0.2304055012973308,0.21296808510150175,-0.023672418024302606,-0.032682152193252406,-0.07036093508539919,0.11005735940703446,-0.2244647450091169,-0.207353594407272,-0.030268345249099195,0.1386194108605058,0.13193159454058215,-0.04885292928514772,-0.09486849016275006,-0.06930377209919067,-0.171064466616568,0.1005523436992735,0.3476354860425185,0.09230710528605625,0.21628111516563323,-0.10223028199885421,-0.24216307685616073,0.10386322937196162,-0.009615191504488396,0.2299872097837075,-0.24781397493365578,-0.24781397493365578,-0.2598460937701617,-0.2460745561564844,-0.2460745561564844,-0.25664251771452534,-0.03534086614284711,-0.26068438029393926,0.48519339838467773,0.34070626900752715,0.7310717715779256,0.8935748787904197,0.8935748787904197,-0.014636015246325351,0.4851933983846774,0.016624627277890408,-0.11428083652908824
forward_model_cdar,-0.3860348966543804,-0.41036159127369515,-0.18051807376077744,-0.03911401077716207,-0.022397862262564846,-0.13987129263278494,0.18756049762184077,0.18517106329396377,0.002054197318638371,0.994809845728928,0.6102002005063785,0.030681005171216497,-0.7362773019721965,0.7856945459822231,0.45834125547589105,0.5780098206346622,-0.2463308582959294,-0.2463308582959294,1.0,0.9053163542366519,0.6666534131424147,0.6413053156432269,-0.26098855685450034,-0.22345118316828502,-0.1511397653485471,-0.08735748113238516,-0.08839582484680114,0.15841297039566282,0.9011142032026873,0.8389973935262176,0.8601944145165621,-0.08251207679083278,-0.03220985913770298,-0.027119594459764126,-0.036937286157785854,-0.0015795077515558715,-0.09170619379281533,0.08061118002536605,0.03110134587886206,-0.027114719905906602,0.05612951204436853,0.061822119896486165,0.06859426666245186,0.061608052667869236,0.020456811618836692,0.2524585338860736,-0.11480153163470617,-0.5529992493034415,-0.05883756749516624,-0.46665624403354156,-0.12010237677302242,0.49119731856021787,0.164852715867013,0.1873408477021947,-0.14896565846281323,0.9703825610253867,0.9703825610253867,0.7643478045041686,0.9754140634105218,0.9754140634105218,0.8721749551286435,0.513401023128844,0.9767299893500235,-0.41449666244258754,-0.44745320956257334,-0.15585688004530865,-0.23673300479565584,-0.23673300479565584,-0.013196039009818243,-0.4144966624425876,0.49812673792619805,-0.01947944733968817
forward_model_cdar_raw,-0.38476103062718725,-0.35725367261377444,-0.23932620069022592,-0.2622750559974915,-0.2317352086079399,-0.36752103590498875,0.18023920082273207,0.1869023266733292,-0.004494512286033282,0.8961832907411886,0.422384829814427,-0.0584567206113182,-0.6520702110115488,0.9652109854492407,0.04022878789042691,0.40346749079969724,-0.28448172061222754,-0.28448172061222754,0.9053163542366519,1.0,0.48813020202473395,0.47218170360440964,-0.21124235360670837,-0.19104891662995016,-0.04378253683164793,-0.06947094047058083,-0.0654212747934801,0.1527181367060227,0.8328392639054226,0.6963869098963373,0.8369051365102104,-0.00289133412411929,0.027929062274959757,-0.020742150911742523,0.03158116526308873,0.0625235274353637,-0.15380299210662213,-0.0005460331833589913,-0.030237051227314682,-0.018196589218314768,0.09195763818108123,0.10104599592104863,0.03610383806897537,0.03029958305302548,-0.0007494562659509274,0.19002929859611004,-0.06987411618871675,-0.5623545754097781,-0.020144246304706348,-0.3977017058549599,-0.13063315769821113,0.4010139884977196,0.1318800501642239,0.17331384089994892,-0.14968574959167957,0.8839096101331643,0.8839096101331643,0.8895866739125435,0.892985851486269,0.892985851486269,0.9343978512378627,0.18122098566260875,0.8909431022623815,-0.5021223045997337,-0.4882497141761052,-0.2664779871504103,-0.32329050951414234,-0.32329050951414234,-0.23328833834510251,-0.5021223045997332,0.31338088529414826,0.09202168207255564
historical_cdar_target,-0.1053635120159414,-0.2430914702452363,0.4425136634397851,0.08184575116801432,0.03618743731412243,0.02226683638631096,0.21718564192647333,0.2058076775474202,-0.055445110915263655,0.6611709186127442,0.9762720883188444,0.25356257836083235,-0.48852429249655516,0.3536964290758383,0.5485608808766738,0.9747476706187749,0.3704009757090339,0.3704009757090339,0.6666534131424147,0.48813020202473395,1.0,0.9960521804012642,-0.22409009661043924,-0.1867482723819675,-0.27387133014990694,-0.030154869405444377,-0.041806275874204546,0.21317681012421932,0.5866756251769008,0.7055248677127575,0.4540618435202678,0.004420335158340517,0.03363884773981947,-0.02946133652345855,-0.08186821063411105,-0.06572951390148306,0.009602836447161088,-0.0014371582392048703,-0.03079256047370707,-0.0327732039503584,0.09981888539096948,0.10743285500882356,0.1328459020119183,0.14203895151694781,0.11417902624116964,0.26922348675088176,0.015185354344952155,-0.11670486099574293,-0.010759435092143308,-0.2524184909768574,-0.04150132857372842,0.3174993312576674,0.32252772684367753,0.16052456241957064,0.09187351930622721,0.6242235329758395,0.6242235329758395,0.34564728583817783,0.6253679801480792,0.6253679801480792,0.461298673317824,0.54659970994046,0.6258872566141308,-0.12842175914993936,-0.2614461733493653,0.42588080426049285,0.3619865635333224,0.3619865635333224,0.06120333390806849,-0.1284217591499396,0.5604555591807527,-0.323534960344544
historical_cdar_target_raw,-0.07884678810679162,-0.22386158386676636,0.46721956165372397,0.08356090962829353,0.03467629470983679,-0.0076827216186928955,0.21852022838509716,0.20671356897939067,-0.05531173361024193,0.6366846115825879,0.9672831225008472,0.2490530169336471,-0.4612997112767293,0.3467793128653792,0.5192950234344951,0.975357087173819,0.41184795164334714,0.41184795164334714,0.6413053156432269,0.47218170360440964,0.9960521804012642,1.0,-0.20383472650843787,-0.16611225769138255,-0.2740934127024123,-0.023727906215752114,-0.033232533676661,0.22350039314423265,0.5580688253559861,0.6747552534376458,0.42816844670238535,0.0018700470583366416,0.029857537681779844,-0.028518818483851505,-0.0738362045451967,-0.06040305333138911,0.002982803445887399,0.001304949230315795,-0.026769661431852793,-0.03218717627250143,0.09542094141224913,0.10511514278438129,0.13936334617122823,0.15101940397679448,0.12653839137978629,0.2590853736507774,0.023883609014334808,-0.1156952174577896,-0.012821393107465,-0.2522929409766195,-0.05958084902205685,0.31106013060638565,0.3036179573309366,0.1580632852488516,0.09292801913653288,0.6007310593616662,0.6007310593616662,0.3292074077867525,0.6012654014342047,0.6012654014342047,0.44061366028414767,0.5311120486165716,0.6026009306322283,-0.11125529562583725,-0.24909471606233674,0.43660260065698264,0.38996246609308827,0.38996246609308827,0.0588418165366202,-0.11125529562583779,0.5070615551340143,-0.33469965268631574
asset_mean_efficiency_ratio,0.3442311908684464,0.37271759503840224,0.07242954979900867,-0.0034513087387374325,-0.04837681655208386,-0.10934603054817246,-0.25254763451278056,-0.3016327851003729,-0.18854220829519824,-0.27171268511536295,-0.2364031117278708,0.1213097205071831,0.27391806059427476,-0.1797091014166967,-0.1756964734991173,-0.2121687883573484,0.06805949791950783,0.06805949791950783,-0.26098855685450034,-0.21124235360670837,-0.22409009661043924,-0.20383472650843787,1.0,0.9806660457467844,0.483354896866403,-0.10903372366934493,-0.10540118805006204,-0.19088069291514315,-0.2074580132098355,-0.2567064920738797,-0.17710524380136408,0.13657174652852316,0.11308919985992108,-0.11702037984499294,0.1985217664386175,0.1698784758440852,0.10570002966912487,-0.13664501835054732,-0.11254202813245023,-0.1137029951196284,0.2267763405148679,0.20944362468269836,0.18357342789128783,-0.1562814810220496,-0.14236636637879516,-0.26545942924477905,0.11885170337462814,0.08877803078629942,0.10471241965568341,0.088894511200356,-0.037569949062177935,-0.1290193375468614,0.18233019364032432,0.2254497528925942,0.00681367615699939,-0.20335674496858397,-0.20335674496858397,-0.1293419582838056,-0.210383830477766,-0.210383830477766,-0.16743017965469162,-0.15327245442845952,-0.20681598967505135,0.13779386562725326,0.1343890880325206,0.00888090506158289,0.07072127533102315,0.07072127533102315,-0.0534002758255629,0.13779386562725326,-0.15058631394800792,-0.007914366606131141
asset_median_efficiency_ratio,0.28347622802116434,0.30179194000418486,0.07532184081296174,0.001578335417924114,-0.03531757837837375,-0.11919367747131702,-0.18964792748537537,-0.23915936957004355,-0.12219864375322978,-0.23351136863291364,-0.19996500276888174,0.08414271445793624,0.25337884963042456,-0.16679842920859847,-0.13310667082215533,-0.17570399851200955,0.06320579728626646,0.06320579728626646,-0.22345118316828502,-0.19104891662995016,-0.1867482723819675,-0.16611225769138255,0.9806660457467844,1.0,0.34947377290760623,-0.05974688528959649,-0.05619271180250473,-0.1525970321731034,-0.179496931467759,-0.21567035155110154,-0.1571218941066716,0.08620463316232047,0.060519455962340235,-0.1322533057014409,0.19093425978679218,0.16347237146508886,0.06837473873331264,-0.08608710726753982,-0.059448621985842005,-0.12910316971927435,0.19364185568150455,0.1759898196081824,0.21503193420828656,-0.09485247249495014,-0.08116024300677045,-0.1999367129449509,0.11884144980100837,0.05803452677537618,0.09019421095047009,0.05859689986932753,-0.04608103700297905,-0.09403749369226964,0.16764391352439556,0.23677467879728922,-0.03616128518455769,-0.1624244227419167,-0.1624244227419167,-0.12468347014877187,-0.16833660612128545,-0.16833660612128545,-0.14855209323388804,-0.09075516695109732,-0.16359308931485778,0.09152249321438252,0.08463846150821933,-0.0027418978840256,0.0543264614825153,0.0543264614825153,-0.04632706902488628,0.09152249321438242,-0.15090303298367616,-0.02536298096937452
asset_dispersion_efficiency_ratio,0.42021967756977,0.48647401126304013,-0.07342623747648817,-0.04579019951143008,-0.08110742626599352,0.0028381905988759224,-0.4776321158959926,-0.48376465465825097,-0.407578002484145,-0.15221278937806665,-0.3031076991512063,0.15246507309967558,0.0453753107965409,0.0029902794482923145,-0.24850474446299717,-0.29696334252703255,-0.034318659854038855,-0.034318659854038855,-0.1511397653485471,-0.04378253683164793,-0.27387133014990694,-0.2740934127024123,0.483354896866403,0.34947377290760623,1.0,-0.38897852252487525,-0.38091135356712225,-0.34543903098830275,-0.08551044595779057,-0.2573786912029953,-0.00020672268166874134,0.409656968682686,0.41785349172958935,0.09354336860411692,0.17300859030427293,0.15133834824912942,0.20878857479195603,-0.413661306571893,-0.4215727623352589,0.09823917513746125,0.2760094614388849,0.27743874427355497,-0.18192849540037848,-0.5048046554622296,-0.501791241132508,-0.5318210821927019,-0.08818861355271047,-0.03158295245368044,0.05543057355943654,-0.028514047259113905,-0.1542328684273845,-0.029561798341080487,0.2547991360273152,0.2535731370524732,0.18669816730343072,-0.15085601264289758,-0.15085601264289758,0.06615074209495637,-0.15197108683168045,-0.15197108683168045,-0.008730584739049923,-0.35383643887123095,-0.16160570126195029,0.2773699877752547,0.31341073180640433,-0.04913408852327604,0.01448117212579005,0.01448117212579005,-0.05922862800878949,0.2773699877752551,0.013928444105678735,0.18431597389244125
asset_mean_atr_vol_regime,-0.5075363099027317,-0.5266476592494298,-0.008509473045783185,-0.07637306915731648,0.013817854357768588,0.023523032052026466,0.81811140742266,0.8193544166972626,0.8492049341351121,-0.09527777499856432,0.05218378292442914,-0.300001625828957,-0.015289739787609134,-0.06299720256704609,-0.06163649215036147,0.061496531055028544,-0.06874296619197257,-0.06874296619197257,-0.08735748113238516,-0.06947094047058083,-0.030154869405444377,-0.023727906215752114,-0.10903372366934493,-0.05974688528959649,-0.38897852252487525,1.0,0.99726837977401,0.5721797986164386,-0.21707514706956355,-0.18381440522669387,-0.22255913192880417,-0.4239396043492959,-0.4452704349585474,0.10328000179353665,-0.02972420121600541,-0.02762125976765326,-0.22971801818645113,0.4232381080827992,0.4444885149889092,0.10090422818109736,-0.4831109152215005,-0.4670102584319006,0.7137695016160933,0.7921574721408593,0.8011646266006512,0.6944019100270511,0.04821373997806619,-0.05821642306180542,-0.09015546192058854,-0.10080435018567299,0.0015301070596383155,0.10234075968599102,-0.3520439420093837,-0.41346791593259746,-0.10881584236347536,-0.1045703936747864,-0.1045703936747864,-0.15613805100431438,-0.10992592693961968,-0.10992592693961968,-0.15132115079710784,0.05395779572754744,-0.09138960766109117,-0.17410179041792614,-0.18754720571351646,-0.03475071566483047,-0.09478778470225814,-0.09478778470225814,0.07480335595450457,-0.17410179041792617,-0.2638727855961637,-0.45745498531291184
asset_median_atr_vol_regime,-0.5114607844495246,-0.5321039708458609,-0.009581109279903341,-0.08059679806966086,0.014826142872548242,0.028408210698657316,0.8188791990078099,0.8227350245730872,0.8570217683401241,-0.09583943471931877,0.03732978353745017,-0.31517112333397085,-0.016349653330279254,-0.05653604498312021,-0.07189176059260768,0.049676020383694945,-0.06514483024671547,-0.06514483024671547,-0.08839582484680114,-0.0654212747934801,-0.041806275874204546,-0.033232533676661,-0.10540118805006204,-0.05619271180250473,-0.38091135356712225,0.99726837977401,1.0,0.5559758521652074,-0.21951245527434646,-0.19721711710188364,-0.21970763466410032,-0.4270613118328326,-0.451599649221464,0.10931257900323679,-0.01701311717067756,-0.01670531958217934,-0.22960824078340644,0.42632755459794547,0.450814166522993,0.1068183883692915,-0.48402271438757555,-0.4696570797253608,0.706211997739635,0.7903987978317877,0.8027739191659474,0.6848408912211127,0.05476386678250674,-0.07365728675329326,-0.08305437399913257,-0.10831553541976006,-0.0025821792341051714,0.10972113486695094,-0.38277839083667503,-0.43409592537355135,-0.11402910700387307,-0.10371453900713824,-0.10371453900713824,-0.1473117114784749,-0.1092105071625286,-0.1092105071625286,-0.14523898863134138,0.04233398673675928,-0.091657051657949,-0.17517324501372444,-0.18808408967589255,-0.04881867484168049,-0.09945430094418402,-0.09945430094418402,0.07291373132505141,-0.1751732450137244,-0.28915176544041016,-0.44968733694783725
asset_dispersion_atr_vol_regime,-0.17301992675341946,-0.22828516894057985,0.13858197316473775,0.020303177547113416,0.03386810578549385,-0.022546140438386892,0.42256128683131705,0.43253170605554275,0.39099442908746623,0.15400889818504537,0.22026595876915156,-0.03333109317942933,-0.08685501658702514,0.13755891788741853,0.047903111933014435,0.2291303270610384,0.1289958501464878,0.1289958501464878,0.15841297039566282,0.1527181367060227,0.21317681012421932,0.22350039314423265,-0.19088069291514315,-0.1525970321731034,-0.34543903098830275,0.5721797986164386,0.5559758521652074,1.0,0.04794392661834238,0.08721112662233055,0.021470363697202167,-0.26518281029861995,-0.2586882762275111,0.16972477044966972,-0.0671632699216352,-0.06104920508902709,-0.23863281703809403,0.26702419496655017,0.26054270615883773,0.16403380843307713,-0.3552803430413378,-0.3246464549102141,0.480581227484527,0.453502000461953,0.4359612966607303,0.5428013913763848,-0.04727116279325314,-0.05783499932387069,-0.11415633109178065,-0.05365274532437011,-0.028453696226646747,0.08760430234358754,-0.03788608972248407,-0.17659054509246055,-0.07015195526752667,0.18169308586159819,0.18169308586159819,0.13693138606736543,0.19294815522598197,0.19294815522598197,0.1694356140267834,0.10528948645574,0.2048444214278004,0.021207108376617195,-0.02093482899836111,0.07628050133264877,0.056822343150093775,0.056822343150093775,0.106969049429547,0.021207108376617066,-0.1068848941212089,-0.2634006037465254
asset_mean_liquidity_score,-0.26648811326109156,-0.2813369350015758,-0.1254842133482553,-0.019785232847853638,-0.02832535098060549,-0.12689560085663845,-0.01456064636037253,-0.0043166778119802,-0.08721411931137969,0.8863342330531161,0.5447726223048662,0.1019283718712101,-0.5557020702736633,0.7151902959366001,0.38640163805568184,0.5096417696470542,-0.24629973439096037,-0.24629973439096037,0.9011142032026873,0.8328392639054226,0.5866756251769008,0.5580688253559861,-0.2074580132098355,-0.179496931467759,-0.08551044595779057,-0.21707514706956355,-0.21951245527434646,0.04794392661834238,1.0,0.9262623056929913,0.9778969592411423,-0.07102316226476119,-0.023256445875752808,-0.02695535730561367,-0.010881601175366611,0.027899727054975537,-0.014589458854385885,0.0681700075802434,0.02129265818126268,-0.024762600534591683,0.05085616362873641,0.047271233797595465,-0.0884681857714871,-0.1329567310044074,-0.16897716449490136,0.07391112078339786,-0.210931490480811,-0.49297614457908295,-0.0774809873890893,-0.45687932588705044,-0.12798315230704604,0.4792097741241953,0.19512068621065554,0.20460014684721,-0.11831164251053232,0.9050551339545418,0.9050551339545418,0.7473300191656139,0.9139443014086847,0.9139443014086847,0.8443026190254151,0.42782033100893035,0.9128293674302608,-0.29403570897794074,-0.3196356431339604,-0.10294534595637803,-0.23297392178110518,-0.23297392178110518,-0.014245381247490668,-0.29403570897794046,0.45515835529087983,0.028412459028622297
asset_median_liquidity_score,-0.2634573472824681,-0.3120349009660082,-0.009126691207411367,0.08600114581589308,0.05210369136208121,-0.11596270146479415,0.02442273116025493,0.027440744582964912,-0.07370465424734665,0.826623616051153,0.69155950227724,0.18655272314520674,-0.4820037537469546,0.5590952061556596,0.5166053086320016,0.6514872259230114,-0.15113659494015597,-0.15113659494015597,0.8389973935262176,0.6963869098963373,0.7055248677127575,0.6747552534376458,-0.2567064920738797,-0.21567035155110154,-0.2573786912029953,-0.18381440522669387,-0.19721711710188364,0.08721112662233055,0.9262623056929913,1.0,0.8355203743186365,-0.12487985160352795,-0.07655991432477705,-0.013275741885223302,-0.06974508828225348,-0.036360418018825814,0.021447894778387565,0.12422837265531271,0.07633154475262836,-0.013573860715158355,0.03667312083967171,0.03539279899888047,-0.02723858441707134,-0.047453493493899664,-0.08796116525769077,0.17767286195265047,-0.24471022790728197,-0.3327005492939081,-0.18169063030312896,-0.3407892642701162,-0.06593437114960794,0.3817034930952202,0.24860557694981628,0.1408516801377313,-0.009979856369013175,0.831330287287561,0.831330287287561,0.5489103762128952,0.8377808450254633,0.8377808450254633,0.6788716810694732,0.5967256627805686,0.8428265799500726,-0.2974804365441304,-0.3614676200606166,0.03133802122896943,-0.1154817526044529,-0.1154817526044529,0.07983930380840355,-0.2974804365441303,0.5472846016614318,-0.03047443504390096
asset_dispersion_liquidity_score,-0.2537568990185386,-0.24654837723944492,-0.2012320685684419,-0.0654191266498608,-0.06501739345874341,-0.13078923318844315,-0.05258093797969205,-0.03808705754432522,-0.08090878903869263,0.8436393084149951,0.4056018980401082,0.05412220966654656,-0.5282840759535148,0.7379912985310922,0.2849010260492869,0.37499149811215327,-0.3072078842013617,-0.3072078842013617,0.8601944145165621,0.8369051365102104,0.4540618435202678,0.42816844670238535,-0.17710524380136408,-0.1571218941066716,-0.00020672268166874134,-0.22255913192880417,-0.21970763466410032,0.021470363697202167,0.9778969592411423,0.8355203743186365,1.0,-0.05592359371568185,-0.012453853035048834,-0.0304314697085075,0.03262823955199668,0.07227766021853749,-0.0410790803127332,0.05186547559706182,0.009521809081658903,-0.027201273907701422,0.05495248251749018,0.050129965225245224,-0.13115506410859845,-0.17898239681651681,-0.20973278222312913,0.004939666619470334,-0.1934755338207165,-0.5289919713661365,-0.03088257722987999,-0.4741630771236033,-0.15704460835704512,0.4840115424760496,0.13586253650340088,0.2186497416676702,-0.158713545538451,0.8708350603279797,0.8708350603279797,0.7887979250224447,0.881595779138259,0.881595779138259,0.8627680541732334,0.3083552241094135,0.8786272209900844,-0.27750002241422944,-0.2780542940620895,-0.18875624555623532,-0.30283199389004395,-0.30283199389004395,-0.059889846442174426,-0.27750002241422883,0.34932678441967496,0.06759505530648899
asset_mean_breakout_strength,0.3767310940215803,0.39844721150508566,0.21714035449095206,-0.10524630931846744,-0.11608863488991433,0.0020003414951638406,-0.36292576283735517,-0.29840415767419826,-0.44694686568144143,-0.07268776675880881,-0.05289290449212283,0.10979457367308745,0.08397833879076332,0.046101756596983255,-0.1833484228622758,-0.04205415746760008,0.2304055012973308,0.2304055012973308,-0.08251207679083278,-0.00289133412411929,0.004420335158340517,0.0018700470583366416,0.13657174652852316,0.08620463316232047,0.409656968682686,-0.4239396043492959,-0.4270613118328326,-0.26518281029861995,-0.07102316226476119,-0.12487985160352795,-0.05592359371568185,1.0,0.9879310904289224,-0.34462832392721454,0.28520184216637784,0.28642265346187357,-0.15322754870388303,-0.9998705583760048,-0.9876022064567347,-0.3557398924196851,0.7134191285426235,0.7098483213409537,-0.3157548321386176,-0.3824269081636831,-0.39067896679275543,-0.32677355910423117,0.09906928473559239,0.1251557377557112,0.16454591580524922,0.12747508708557803,-0.11782205794311172,-0.18304383812001335,0.5458011845895799,0.5360142608020368,0.2854423167510475,-0.1155236830851054,-0.1155236830851054,0.1007384088340377,-0.1309446227952983,-0.1309446227952983,0.007956170845387883,-0.34515322322128483,-0.13911141505052824,0.14728739007413408,0.14259381882348926,0.19105381137530839,0.26251813074277386,0.26251813074277386,-0.20953231433220504,0.14728739007413408,0.24039807469930152,0.18027886186768508
asset_median_breakout_strength,0.3776995218226824,0.39917061056557146,0.1879401773603171,-0.0902945420793767,-0.09992425058385214,0.013063867047647027,-0.3792043695769499,-0.3156365982167443,-0.46498103013823183,-0.022622535361045783,-0.02868104091014206,0.12069608937116984,0.03877268679906842,0.06551747322768624,-0.13114466669092253,-0.020548152913553674,0.21296808510150175,0.21296808510150175,-0.03220985913770298,0.027929062274959757,0.03363884773981947,0.029857537681779844,0.11308919985992108,0.060519455962340235,0.41785349172958935,-0.4452704349585474,-0.451599649221464,-0.2586882762275111,-0.023256445875752808,-0.07655991432477705,-0.012453853035048834,0.9879310904289224,1.0,-0.2958766351610405,0.2793887430970078,0.2841054099658584,-0.14877155084582888,-0.9881270975927355,-0.9998682015735302,-0.3072866665935147,0.7008524468849927,0.7019473168479529,-0.32348908911690993,-0.40504672302291783,-0.4196962359278556,-0.3359971371023491,0.05738120280125481,0.11170898400519902,0.12330381554080107,0.11525039911939028,-0.12769506231645963,-0.17117138387193623,0.5866962214170637,0.5866212551839367,0.2934372450271368,-0.07094087585640749,-0.07094087585640749,0.12204972731594878,-0.0861903106683405,-0.0861903106683405,0.037976585337895004,-0.3011143576019001,-0.0938122999140874,0.15232328682988247,0.1446555329554453,0.17788961621239496,0.251968596364162,0.251968596364162,-0.1861621946901612,0.15232328682988258,0.2821269470616607,0.16526293594042504
asset_dispersion_breakout_strength,-0.04752702280986468,-0.06938348713581613,-0.08533959243311845,0.017032292117876494,0.10247662845168674,0.06728301407096211,-0.07369870377531643,-0.07626021078897814,0.24359023897374543,-0.034044075107351565,-0.006372151098538633,-0.0820199201227882,-0.09333988378970628,-0.021887505729566714,-0.02292448256240618,-0.013641161805945204,-0.023672418024302606,-0.023672418024302606,-0.027119594459764126,-0.020742150911742523,-0.02946133652345855,-0.028518818483851505,-0.11702037984499294,-0.1322533057014409,0.09354336860411692,0.10328000179353665,0.10931257900323679,0.16972477044966972,-0.02695535730561367,-0.013275741885223302,-0.0304314697085075,-0.34462832392721454,-0.2958766351610405,1.0,-0.025960992887695402,-0.07219901556416598,0.24950682638220328,0.34345111772453596,0.2933547564324494,0.9986061947219572,-0.2490358730217791,-0.23389988681195975,0.04288007889439067,-0.15511722893885935,-0.14117711609933709,-0.15433583265174514,-0.27387173964613676,0.06745445333224738,-0.297961775977037,0.09916714346021861,0.09430647187513283,-0.05671416708685062,-0.088465855083781,-0.15631906024995834,0.254476365013374,0.02522993436939424,0.02522993436939424,-0.03701152378282657,0.030928380544897674,0.030928380544897674,-0.01229058110599026,0.09761680945510191,0.03766682862318665,0.1409792850272632,0.1326336982775547,-0.14919809990033134,-0.06882271156882216,-0.06882271156882216,0.19324770485804774,0.14097928502726328,0.10543425418332995,-0.01896394315195405
asset_mean_normalized_spike,-0.015184473072166138,0.014681709281120033,-0.026930425403118196,-0.12214592788366996,-0.03431538106888791,-0.03629088180615305,-0.04307081376405088,-0.02261170531413532,-0.01568974646655854,-0.04812143214390945,-0.08405127652665285,-0.1850536624885625,0.14302341636049695,0.05081500805412944,-0.15076349830561414,-0.0655349753062439,-0.032682152193252406,-0.032682152193252406,-0.036937286157785854,0.03158116526308873,-0.08186821063411105,-0.0738362045451967,0.1985217664386175,0.19093425978679218,0.17300859030427293,-0.02972420121600541,-0.01701311717067756,-0.0671632699216352,-0.010881601175366611,-0.06974508828225348,0.03262823955199668,0.28520184216637784,0.2793887430970078,-0.025960992887695402,1.0,0.9881025369316752,-0.3641970916733567,-0.2844138317479132,-0.28104319269262595,-0.03588686845349182,0.2463836653290811,0.2372018731529657,0.026508632765781307,-0.03477558167136801,-0.025714129437447244,-0.03973753160782605,-0.011668931060949074,0.0028244881617386836,-0.01558815009804018,0.04017251040420441,-0.04404081274259232,-0.04948338940669435,-0.0033097987065806743,0.24444525944536724,0.1755926072472242,0.01998402076217758,0.01998402076217758,0.09476233232098519,0.02338366683190535,0.02338366683190535,0.07867051021647901,-0.10648876985894833,0.011111540241797002,-0.12763024221165983,-0.10680914002756525,-0.17665550201457803,-0.08336243329635354,-0.08336243329635354,-0.15360104052286133,-0.12763024221165964,-0.030491984398162086,0.07715263842311036
asset_median_normalized_spike,-0.03564962754754756,0.0008777916521569717,-0.05209577503733703,-0.11843377340995495,-0.028314868470825403,-0.03693651903016069,-0.03324384944239194,-0.010711815929499116,-0.015058735168891535,-0.014615790130282184,-0.06822004059689483,-0.18195998878608774,0.11861484642829138,0.074591479270366,-0.131437542493207,-0.052271823038171565,-0.07036093508539919,-0.07036093508539919,-0.0015795077515558715,0.0625235274353637,-0.06572951390148306,-0.06040305333138911,0.1698784758440852,0.16347237146508886,0.15133834824912942,-0.02762125976765326,-0.01670531958217934,-0.06104920508902709,0.027899727054975537,-0.036360418018825814,0.07227766021853749,0.28642265346187357,0.2841054099658584,-0.07219901556416598,0.9881025369316752,1.0,-0.42002066326130666,-0.2862839468922771,-0.2863841306743851,-0.08117667186509628,0.24449430791772406,0.23608714543354958,0.00660198461238908,-0.03480420252666475,-0.026992400456929848,-0.031590458907288683,-0.01863375370734611,-0.010805748977453646,-0.02392337054502137,0.017586274609360436,-0.03755253041443829,-0.0274460213543156,0.01969106100383005,0.2546011409830268,0.14646175080204063,0.0535570677916062,0.0535570677916062,0.12131947690337735,0.057005352471144674,0.057005352471144674,0.10801548687430076,-0.08889281367358924,0.04576204193598298,-0.14700365179779998,-0.12023491607941075,-0.1921084802612861,-0.11817175107538695,-0.11817175107538695,-0.15753601509500811,-0.1470036517977998,-0.024958329704964217,0.050153044735531616
asset_dispersion_normalized_spike,0.22541985894381128,0.19094180482565373,0.10607815567928726,0.12992700212231686,0.09675468166400157,0.05359125821351601,-0.24980281786674202,-0.3287424853116753,-0.12556325797988308,-0.0792559599236004,0.050226141080656775,0.15625061363400372,-0.041740003143844406,-0.15828989349150444,0.10202714784531143,0.034436003086029586,0.11005735940703446,0.11005735940703446,-0.09170619379281533,-0.15380299210662213,0.009602836447161088,0.002982803445887399,0.10570002966912487,0.06837473873331264,0.20878857479195603,-0.22971801818645113,-0.22960824078340644,-0.23863281703809403,-0.014589458854385885,0.021447894778387565,-0.0410790803127332,-0.15322754870388303,-0.14877155084582888,0.24950682638220328,-0.3641970916733567,-0.42002066326130666,1.0,0.15176489638669455,0.14586194443185635,0.24978296793370008,-0.08740937879654725,-0.10050955526155614,-0.12418041807606699,-0.26766522510302454,-0.26503638720745926,-0.2736659967788431,-0.07863254501524475,0.015354751426580614,-0.005009657420540818,0.04633165538924049,-0.005180575573955978,-0.05333188811201763,0.00830086481796604,-0.05169135227002935,-0.04112044785372807,-0.1201998698343825,-0.1201998698343825,-0.2017194314850325,-0.11064233230007338,-0.11064233230007338,-0.16727960737040615,0.09497524514598014,-0.11877878284653318,0.27216378510403344,0.2419009675664294,0.2095740006283835,0.1473149650623584,0.1473149650623584,0.1351799557157511,0.27216378510403333,0.15240580414751223,0.06876777065051935
asset_mean_pullback_ratio,-0.37517322731492486,-0.3976950187733084,-0.21390056377247232,0.10431241985583588,0.11474090682131506,0.0010051372980005204,0.36372404159597765,0.2990697511643005,0.4444574091300773,0.07116541406838482,0.055585256726367806,-0.10813918229054112,-0.08123180193390611,-0.04983538102893179,0.1863117363155619,0.04480365416456977,-0.2244647450091169,-0.2244647450091169,0.08061118002536605,-0.0005460331833589913,-0.0014371582392048703,0.001304949230315795,-0.13664501835054732,-0.08608710726753982,-0.413661306571893,0.4232381080827992,0.42632755459794547,0.26702419496655017,0.0681700075802434,0.12422837265531271,0.05186547559706182,-0.9998705583760048,-0.9881270975927355,0.34345111772453596,-0.2844138317479132,-0.2862839468922771,0.15176489638669455,1.0,0.9879753602339284,0.3543913767048962,-0.7127641687146202,-0.7090358791824015,0.3178265765787042,0.38483170161162167,0.3931554177064427,0.3286378231649364,-0.0968190772431901,-0.11812533818425293,-0.16175320622460754,-0.12058290480756416,0.12319464255480933,0.17777395090136763,-0.5461438719246322,-0.5373629791906356,-0.28319338160417534,0.11358218470565296,0.11358218470565296,-0.1042946513847188,0.1287778443241717,0.1287778443241717,-0.011188823496682857,0.34712877163456873,0.1368288225938219,-0.146813708435136,-0.14260173675147572,-0.1889555885927762,-0.25809149119663566,-0.25809149119663566,0.20821059636638184,-0.1468137084351361,-0.23876345155622147,-0.1813086323629584
asset_median_pullback_ratio,-0.37642356273831645,-0.39907980399334936,-0.18465780393282238,0.09058547810120376,0.09887604517363181,-0.010817632534969536,0.37938908292996776,0.31627077589737534,0.46304001473569617,0.02186519281312121,0.030941218820061643,-0.11827785358572764,-0.03676637438383806,-0.06800095254270672,0.13352526556462735,0.022963106151795074,-0.207353594407272,-0.207353594407272,0.03110134587886206,-0.030237051227314682,-0.03079256047370707,-0.026769661431852793,-0.11254202813245023,-0.059448621985842005,-0.4215727623352589,0.4444885149889092,0.450814166522993,0.26054270615883773,0.02129265818126268,0.07633154475262836,0.009521809081658903,-0.9876022064567347,-0.9998682015735302,0.2933547564324494,-0.28104319269262595,-0.2863841306743851,0.14586194443185635,0.9879753602339284,1.0,0.3047531867545983,-0.7003468273788033,-0.7014004506316847,0.324461090980448,0.4066505804560189,0.421293051580186,0.3372987405631089,-0.055733779714119455,-0.1054966045024465,-0.12120463959200026,-0.10951688769180332,0.13231632309178507,0.1669850220631639,-0.5862613407034846,-0.5864008680444841,-0.2927039228769421,0.06982045569006037,0.06982045569006037,-0.12467208928188563,0.08488073532475919,0.08488073532475919,-0.040302015837909884,0.3030989526775816,0.09241966404717082,-0.15266590723065931,-0.14584484932102362,-0.175959582573748,-0.2481766270259936,-0.2481766270259936,0.18560900609422387,-0.15266590723065931,-0.28110350417447133,-0.16593464147760348
asset_dispersion_pullback_ratio,-0.04550647457331634,-0.0650642113880304,-0.0921552723167547,0.016780784133780424,0.10193525172754371,0.06409270476576447,-0.07394538790261825,-0.07841412192439326,0.23685332859331712,-0.03468848282284589,-0.010049527142807798,-0.08245992690466725,-0.0939232727944609,-0.01909421323783374,-0.02800226827796132,-0.017827307032045988,-0.030268345249099195,-0.030268345249099195,-0.027114719905906602,-0.018196589218314768,-0.0327732039503584,-0.03218717627250143,-0.1137029951196284,-0.12910316971927435,0.09823917513746125,0.10090422818109736,0.1068183883692915,0.16403380843307713,-0.024762600534591683,-0.013573860715158355,-0.027201273907701422,-0.3557398924196851,-0.3072866665935147,0.9986061947219572,-0.03588686845349182,-0.08117667186509628,0.24978296793370008,0.3543913767048962,0.3047531867545983,1.0,-0.2566669627315454,-0.24067427209061437,0.03988281259666271,-0.1548248314773369,-0.1405191513467754,-0.15609165856116672,-0.27187168113762616,0.06241820929102991,-0.2959228322580843,0.09299703927773337,0.10705215968927272,-0.05014547039466071,-0.09120711811196357,-0.16270900961024568,0.24145717234596897,0.025280486773883462,0.025280486773883462,-0.03430177081433579,0.031324021323392966,0.031324021323392966,-0.010004746741134739,0.09368833347652768,0.03789924894005014,0.13765510564915234,0.13030818677255138,-0.15579376580319768,-0.07548927088116082,-0.07548927088116082,0.19320372734873775,0.13765510564915245,0.10152210999246816,-0.01785133086251343
asset_mean_net_move,0.2152952779741773,0.21951709375857614,0.14473570496837407,-0.049925740408303075,-0.08735825753920945,-0.0364873443509025,-0.3568774877265586,-0.302774341389979,-0.39425344488862923,0.055113099578134685,0.05679436636166094,0.15478234718707384,0.024664698559172596,0.1010975402562026,-0.057955081832359576,0.061862556220470606,0.1386194108605058,0.1386194108605058,0.05612951204436853,0.09195763818108123,0.09981888539096948,0.09542094141224913,0.2267763405148679,0.19364185568150455,0.2760094614388849,-0.4831109152215005,-0.48402271438757555,-0.3552803430413378,0.05085616362873641,0.03667312083967171,0.05495248251749018,0.7134191285426235,0.7008524468849927,-0.2490358730217791,0.2463836653290811,0.24449430791772406,-0.08740937879654725,-0.7127641687146202,-0.7003468273788033,-0.2566669627315454,1.0,0.9927374148800893,-0.28105136535473735,-0.3638917832925444,-0.3753460753891933,-0.29993311214497287,0.3857289317679738,0.12478784405744989,0.2806869662583175,0.1404705420009179,-0.056130445059705894,-0.1711552520011995,0.3706403282897933,0.5046948523939657,0.3413202973048106,0.00491760420692865,0.00491760420692865,0.10488764229050912,0.006246121726147714,0.006246121726147714,0.07393184800956878,-0.14703991679944295,0.0032129634279158725,-0.013490897128217116,-0.03718098773467008,0.12244770568844518,0.17639949182085438,0.17639949182085438,-0.10666387539285213,-0.013490897128217121,0.2389808232450566,0.29958113356403954
asset_median_net_move,0.20890629545059333,0.2169480097869561,0.12551686631050893,-0.05604592112595039,-0.09179934141965493,-0.04439642736253515,-0.335007456884078,-0.27805340550675833,-0.3879578915016619,0.06148397946481165,0.06017396558829842,0.1433667082040434,0.016576472623583124,0.11282361039493231,-0.06471174577918952,0.06807076711764912,0.13193159454058215,0.13193159454058215,0.061822119896486165,0.10104599592104863,0.10743285500882356,0.10511514278438129,0.20944362468269836,0.1759898196081824,0.27743874427355497,-0.4670102584319006,-0.4696570797253608,-0.3246464549102141,0.047271233797595465,0.03539279899888047,0.050129965225245224,0.7098483213409537,0.7019473168479529,-0.23389988681195975,0.2372018731529657,0.23608714543354958,-0.10050955526155614,-0.7090358791824015,-0.7014004506316847,-0.24067427209061437,0.9927374148800893,1.0,-0.2584009160386574,-0.3451598757451827,-0.3585291987868281,-0.2840323949320756,0.38845747817617843,0.12936371889244666,0.2655566286016488,0.14170132668690347,-0.0518529965039425,-0.17384708897266765,0.39085751133069163,0.5116081954569494,0.3269965785915796,0.0015072026137713326,0.0015072026137713326,0.10106199545241344,0.0020730131290453563,0.0020730131290453563,0.06827018449000115,-0.14715643127552608,0.001199784784672649,-0.021833939848695538,-0.04505443298013065,0.11668123432563088,0.1712428672392215,0.1712428672392215,-0.10494520177112739,-0.02183393984869559,0.22277645763158868,0.29421208172378277
asset_dispersion_net_move,-0.3959896228274123,-0.4201979895830692,-0.01005586636137542,-0.01534461050342069,0.022570404398895866,-0.05612850764442165,0.6972041760232793,0.6631597195647672,0.47710846655732986,0.06193668409957194,0.16967860103567117,-0.12993264584946984,-0.04298331803827026,0.012944990250314932,0.08061573222598173,0.17761852932452274,-0.04885292928514772,-0.04885292928514772,0.06859426666245186,0.03610383806897537,0.1328459020119183,0.13936334617122823,0.18357342789128783,0.21503193420828656,-0.18192849540037848,0.7137695016160933,0.706211997739635,0.480581227484527,-0.0884681857714871,-0.02723858441707134,-0.13115506410859845,-0.3157548321386176,-0.32348908911690993,0.04288007889439067,0.026508632765781307,0.00660198461238908,-0.12418041807606699,0.3178265765787042,0.324461090980448,0.03988281259666271,-0.28105136535473735,-0.2584009160386574,1.0,0.7806830022541797,0.7728330255803625,0.733466249436177,0.25330187306059626,-0.12615818037142754,0.12047416574371318,-0.13701970088075302,0.015183090175333402,0.16234511625689713,-0.23952035308841135,-0.30494578409285633,-0.08493243959506062,0.04514177122968356,0.04514177122968356,-0.08626779754647566,0.03495618150751905,0.03495618150751905,-0.05598117572825937,0.20435378748711655,0.04798007883890631,-0.23984507301374683,-0.2666000926245931,-0.025493980828962218,-0.08219244495593835,-0.08219244495593835,0.0753179554625551,-0.23984507301374702,-0.14749529557106936,-0.35573647106451345
asset_mean_garch_vol_forecast,-0.6006581029101399,-0.6178510404983621,-0.036587890465124416,-0.08070187217732087,-0.023719154521248766,-0.054913207541841653,0.9343861782673974,0.8987685361073917,0.5688791509966078,0.06390428613252229,0.1895041172054053,-0.26674125064406107,-0.0755775377469656,0.021281896388650145,0.07170218255277719,0.20219369959308278,-0.09486849016275006,-0.09486849016275006,0.061608052667869236,0.03029958305302548,0.14203895151694781,0.15101940397679448,-0.1562814810220496,-0.09485247249495014,-0.5048046554622296,0.7921574721408593,0.7903987978317877,0.453502000461953,-0.1329567310044074,-0.047453493493899664,-0.17898239681651681,-0.3824269081636831,-0.40504672302291783,-0.15511722893885935,-0.03477558167136801,-0.03480420252666475,-0.26766522510302454,0.38483170161162167,0.4066505804560189,-0.1548248314773369,-0.3638917832925444,-0.3451598757451827,0.7806830022541797,1.0,0.9944618638531778,0.9113579109305567,0.2591945125405312,-0.17513864780272245,0.07150377100297689,-0.15947784295138667,0.1001870326912538,0.21930920988549482,-0.36597632956601145,-0.3740848604558308,-0.11262190660028704,0.003344952025631891,0.003344952025631891,-0.10571441400809167,-0.00747386803858905,-0.00747386803858905,-0.08593806028370286,0.16227740493595288,0.002903938761759654,-0.44514587204623224,-0.46507303077709455,-0.04386315894503063,-0.132805184594675,-0.132805184594675,0.02104507086937149,-0.4451458720462324,-0.285860161729818,-0.37629072147850134
asset_median_garch_vol_forecast,-0.5863699003831355,-0.6049068260968741,-0.025089020043332844,-0.0994458745636238,-0.046766964638788946,-0.05714893714088898,0.9308938888364477,0.8963658872953468,0.5839868336653459,0.022187966373892525,0.1610298614861333,-0.2684859564554112,-0.055551928612359594,-0.00432583974919078,0.04185613696462,0.17798174596305483,-0.06930377209919067,-0.06930377209919067,0.020456811618836692,-0.0007494562659509274,0.11417902624116964,0.12653839137978629,-0.14236636637879516,-0.08116024300677045,-0.501791241132508,0.8011646266006512,0.8027739191659474,0.4359612966607303,-0.16897716449490136,-0.08796116525769077,-0.20973278222312913,-0.39067896679275543,-0.4196962359278556,-0.14117711609933709,-0.025714129437447244,-0.026992400456929848,-0.26503638720745926,0.3931554177064427,0.421293051580186,-0.1405191513467754,-0.3753460753891933,-0.3585291987868281,0.7728330255803625,0.9944618638531778,1.0,0.8774405891352313,0.2628505191181887,-0.16045523175336046,0.07551672630931183,-0.14004034068997107,0.10995559364046013,0.19630114656041386,-0.395747723380906,-0.398455230720945,-0.11431242392549064,-0.03016853456763676,-0.03016853456763676,-0.1301206213792093,-0.04236775450685466,-0.04236775450685466,-0.11513172104775685,0.14159607555693415,-0.031213400191948782,-0.42598764376438314,-0.44273700216173256,-0.05376482938952616,-0.12248649062774208,-0.12248649062774208,0.004640341737253271,-0.4259876437643832,-0.32460214556144856,-0.3853910681324546
asset_dispersion_garch_vol_forecast,-0.6601228167429464,-0.6841473045693223,-0.05045913912518382,-0.034284742934354434,0.027353694235182753,-0.04053999782317987,0.863383910848467,0.8393184860541266,0.5098960456384877,0.2520301819130879,0.3126925696773411,-0.2541953039127126,-0.17013978239154867,0.14977764609250765,0.18745621195415432,0.30155180388018993,-0.171064466616568,-0.171064466616568,0.2524585338860736,0.19002929859611004,0.26922348675088176,0.2590853736507774,-0.26545942924477905,-0.1999367129449509,-0.5318210821927019,0.6944019100270511,0.6848408912211127,0.5428013913763848,0.07391112078339786,0.17767286195265047,0.004939666619470334,-0.32677355910423117,-0.3359971371023491,-0.15433583265174514,-0.03973753160782605,-0.031590458907288683,-0.2736659967788431,0.3286378231649364,0.3372987405631089,-0.15609165856116672,-0.29993311214497287,-0.2840323949320756,0.733466249436177,0.9113579109305567,0.8774405891352313,1.0,0.1909196393132485,-0.21189652492043487,0.03983706152552009,-0.20455724006495765,0.08583010975420402,0.29282090087135587,-0.2358168415164318,-0.31204754315991673,-0.1368658100969206,0.1959437861311704,0.1959437861311704,0.04894736870931924,0.1896976145416256,0.1896976145416256,0.09188350597866297,0.25979658643533365,0.1955194711570311,-0.49867631500639403,-0.5321094426054388,-0.02181964173100553,-0.17265797522575813,-0.17265797522575813,0.08630124321177109,-0.4986763150063942,-0.07905049174013642,-0.26067161540559797
asset_mean_risk_reward_ratio,-0.007542442825739231,-0.002695169757014301,0.13341974698745912,0.00944202069736402,0.04107458879687051,-0.08022667245519201,0.19615870671443486,0.20520047897622498,-0.055049518840135814,-0.11479734259673569,0.0037902572024700026,-0.053143722489126556,0.12311559655612803,-0.03486859126038614,-0.1336729949516131,0.019970042597859557,0.1005523436992735,0.1005523436992735,-0.11480153163470617,-0.06987411618871675,0.015185354344952155,0.023883609014334808,0.11885170337462814,0.11884144980100837,-0.08818861355271047,0.04821373997806619,0.05476386678250674,-0.04727116279325314,-0.210931490480811,-0.24471022790728197,-0.1934755338207165,0.09906928473559239,0.05738120280125481,-0.27387173964613676,-0.011668931060949074,-0.01863375370734611,-0.07863254501524475,-0.0968190772431901,-0.055733779714119455,-0.27187168113762616,0.3857289317679738,0.38845747817617843,0.25330187306059626,0.2591945125405312,0.2628505191181887,0.1909196393132485,1.0,0.04450729479213838,0.8250097719721012,0.04379115459306107,0.07476321014830742,-0.01958740885360948,-0.18104383401477256,-0.08353626209594799,-0.11975173023513495,-0.1515319673282811,-0.1515319673282811,-0.06458924994825967,-0.15472008666884662,-0.15472008666884662,-0.10294563725471662,-0.16130549074113534,-0.1610621026508684,-0.08114211161659035,-0.08894491457057233,0.12114637429418974,0.09150677919273037,0.09150677919273037,-0.05236813424910762,-0.0811421116165905,-0.1322018578868604,0.05351743792938907
asset_median_risk_reward_ratio,0.30628338678135975,0.29145356630775743,0.26032366425719217,-0.03205573246879951,-0.09803383319645355,0.2123868608642847,-0.24858373504758116,-0.22441777293301995,-0.12838522607236977,-0.5546189488399522,-0.05444857155625168,0.21792106989865315,0.44787293252618154,-0.5363141605982256,-0.11324472677443968,-0.05368656507096775,0.3476354860425185,0.3476354860425185,-0.5529992493034415,-0.5623545754097781,-0.11670486099574293,-0.1156952174577896,0.08877803078629942,0.05803452677537618,-0.03158295245368044,-0.05821642306180542,-0.07365728675329326,-0.05783499932387069,-0.49297614457908295,-0.3327005492939081,-0.5289919713661365,0.1251557377557112,0.11170898400519902,0.06745445333224738,0.0028244881617386836,-0.010805748977453646,0.015354751426580614,-0.11812533818425293,-0.1054966045024465,0.06241820929102991,0.12478784405744989,0.12936371889244666,-0.12615818037142754,-0.17513864780272245,-0.16045523175336046,-0.21189652492043487,0.04450729479213838,1.0,0.049628863933202365,0.866457389164698,0.40165685579975674,-0.7896778319818673,0.1724566754513678,0.00458091083760737,0.27623322294148145,-0.5243595588525584,-0.5243595588525584,-0.49617732955413935,-0.5303521799656562,-0.5303521799656562,-0.5296182766182898,-0.15424326826415444,-0.5351069743424063,0.24598686732973055,0.23409308205897544,0.22581474604104762,0.3132495624509794,0.3132495624509794,-0.007761647459849151,0.24598686732973046,0.032092730740349996,-0.13397669269029913
asset_dispersion_risk_reward_ratio,0.10312262551326024,0.11122049664855252,0.12518096708112067,0.007279424752467779,0.049136697817966125,-0.08615980841302788,0.014045031259950902,0.02716314773745399,-0.2048114155376683,-0.056798792579388704,-0.03264805266216935,-0.01358815312088043,0.054071099764416874,0.005211485945471527,-0.09866007015338228,-0.03042962287848506,0.09230710528605625,0.09230710528605625,-0.05883756749516624,-0.020144246304706348,-0.010759435092143308,-0.012821393107465,0.10471241965568341,0.09019421095047009,0.05543057355943654,-0.09015546192058854,-0.08305437399913257,-0.11415633109178065,-0.0774809873890893,-0.18169063030312896,-0.03088257722987999,0.16454591580524922,0.12330381554080107,-0.297961775977037,-0.01558815009804018,-0.02392337054502137,-0.005009657420540818,-0.16175320622460754,-0.12120463959200026,-0.2959228322580843,0.2806869662583175,0.2655566286016488,0.12047416574371318,0.07150377100297689,0.07551672630931183,0.03983706152552009,0.8250097719721012,0.049628863933202365,1.0,0.05011883308974964,0.0894377126686563,-0.010117224524761234,-0.13540627175874215,-0.05403528865100379,-0.1620537436347065,-0.07438568978836475,-0.07438568978836475,0.029969599440938875,-0.0814286630562493,-0.0814286630562493,-0.012163701310926998,-0.17054965533380445,-0.09080540927512776,0.05272500379540038,0.05874283310785973,0.10076047080918973,0.07432899322721519,0.07432899322721519,-0.04508249033614095,0.052725003795400405,-0.004389748910969329,0.06402182718254813
asset_mean_kelly_fraction,0.22872843767309756,0.2585268463296272,0.07627963541927887,-0.18333727526765514,-0.22275813814794726,0.05153347843592166,-0.228585010776874,-0.2088398540950626,-0.16673675682933495,-0.4613834956460658,-0.2091478953365008,0.12205000715459283,0.31932333179128114,-0.3316500260319949,-0.259985593018654,-0.2102950351271087,0.21628111516563323,0.21628111516563323,-0.46665624403354156,-0.3977017058549599,-0.2524184909768574,-0.2522929409766195,0.088894511200356,0.05859689986932753,-0.028514047259113905,-0.10080435018567299,-0.10831553541976006,-0.05365274532437011,-0.45687932588705044,-0.3407892642701162,-0.4741630771236033,0.12747508708557803,0.11525039911939028,0.09916714346021861,0.04017251040420441,0.017586274609360436,0.04633165538924049,-0.12058290480756416,-0.10951688769180332,0.09299703927773337,0.1404705420009179,0.14170132668690347,-0.13701970088075302,-0.15947784295138667,-0.14004034068997107,-0.20455724006495765,0.04379115459306107,0.866457389164698,0.05011883308974964,1.0,0.4719807727660996,-0.9313085032112836,0.11436541965567154,0.009325685877676957,0.244113852643225,-0.44423162024739504,-0.44423162024739504,-0.3576102347191851,-0.4495095865119601,-0.4495095865119601,-0.40391864493100027,-0.2236242557493285,-0.46221207800334785,0.05353245889505604,0.07808304531589798,-0.007822329719818447,0.1280007771824251,0.1280007771824251,-0.14919607598779136,0.05353245889505584,-0.029743023174003257,0.004093558314533063
asset_median_kelly_fraction,-0.060521114196880846,-0.012514453142751644,-0.07447396122213469,-0.038488529728605565,-0.04020701262545687,0.08317036558872432,0.04242450964027175,0.053769973340245976,-0.08432495067977641,-0.12340605900402978,0.011920051551634656,0.08309607438369815,0.08629231501094166,-0.13569588112962447,-0.0015081401489955933,-0.01350092576905399,-0.10223028199885421,-0.10223028199885421,-0.12010237677302242,-0.13063315769821113,-0.04150132857372842,-0.05958084902205685,-0.037569949062177935,-0.04608103700297905,-0.1542328684273845,0.0015301070596383155,-0.0025821792341051714,-0.028453696226646747,-0.12798315230704604,-0.06593437114960794,-0.15704460835704512,-0.11782205794311172,-0.12769506231645963,0.09430647187513283,-0.04404081274259232,-0.03755253041443829,-0.005180575573955978,0.12319464255480933,0.13231632309178507,0.10705215968927272,-0.056130445059705894,-0.0518529965039425,0.015183090175333402,0.1001870326912538,0.10995559364046013,0.08583010975420402,0.07476321014830742,0.40165685579975674,0.0894377126686563,0.4719807727660996,1.0,-0.2269356869934446,0.045129583883005836,-0.1118150419243778,0.09811572491599586,-0.10741892492337872,-0.10741892492337872,-0.12529185823364639,-0.12235419794406302,-0.12235419794406302,-0.14202753777480137,0.003431550505925669,-0.12425624707458652,-0.15830644270969788,-0.12659058976581397,-0.13179558894598986,-0.11214968396148282,-0.11214968396148282,-0.08830583247118748,-0.15830644270969813,0.04356825677334336,-0.05238704325596908
asset_dispersion_kelly_fraction,-0.2665251818198388,-0.30016912063800794,-0.08014879728215626,0.24201778643762017,0.2686565045403214,-0.017595948387138446,0.27323850971787506,0.2558393316575277,0.14293042370387274,0.4848560496313522,0.27767986005985723,-0.06323327281609173,-0.3315692902665045,0.3212192163446827,0.3127410214083844,0.27049857303320857,-0.24216307685616073,-0.24216307685616073,0.49119731856021787,0.4010139884977196,0.3174993312576674,0.31106013060638565,-0.1290193375468614,-0.09403749369226964,-0.029561798341080487,0.10234075968599102,0.10972113486695094,0.08760430234358754,0.4792097741241953,0.3817034930952202,0.4840115424760496,-0.18304383812001335,-0.17117138387193623,-0.05671416708685062,-0.04948338940669435,-0.0274460213543156,-0.05333188811201763,0.17777395090136763,0.1669850220631639,-0.05014547039466071,-0.1711552520011995,-0.17384708897266765,0.16234511625689713,0.21930920988549482,0.19630114656041386,0.29282090087135587,-0.01958740885360948,-0.7896778319818673,-0.010117224524761234,-0.9313085032112836,-0.2269356869934446,1.0,-0.09138567325168431,-0.02775905678853153,-0.19933289175470384,0.4790221179705947,0.4790221179705947,0.37600265462443444,0.4775522244754157,0.4775522244754157,0.42037403945344765,0.2553800893353814,0.49097628232304136,-0.14002188378469418,-0.1628498589064838,-0.018761705224966795,-0.16276680830858478,-0.16276680830858478,0.12224000566172753,-0.14002188378469396,0.05777413063629748,-0.043345846881602944
asset_mean_signal_quality,0.30138393977029126,0.3243243052355944,0.151741218935479,-0.03977414024562526,-0.08416638148022541,0.022692994338368654,-0.3042268673975457,-0.28993804285094343,-0.41364192906123753,0.16014043492687163,0.30633050174561055,0.2633681357151675,-0.1263852373154984,0.09695849855314025,0.11651921785703415,0.2875281404083003,0.10386322937196162,0.10386322937196162,0.164852715867013,0.1318800501642239,0.32252772684367753,0.3036179573309366,0.18233019364032432,0.16764391352439556,0.2547991360273152,-0.3520439420093837,-0.38277839083667503,-0.03788608972248407,0.19512068621065554,0.24860557694981628,0.13586253650340088,0.5458011845895799,0.5866962214170637,-0.088465855083781,-0.0033097987065806743,0.01969106100383005,0.00830086481796604,-0.5461438719246322,-0.5862613407034846,-0.09120711811196357,0.3706403282897933,0.39085751133069163,-0.23952035308841135,-0.36597632956601145,-0.395747723380906,-0.2358168415164318,-0.18104383401477256,0.1724566754513678,-0.13540627175874215,0.11436541965567154,0.045129583883005836,-0.09138567325168431,1.0,0.7290444168268044,0.16931087018162302,0.14067920355255198,0.14067920355255198,0.1435213549428712,0.13789535329214983,0.13789535329214983,0.14343594038864652,0.025970492418178,0.14570939578591308,0.11816008785583282,0.09640524955276716,0.20151394915012774,0.1638707945391529,0.1638707945391529,-0.021667880068310545,0.11816008785583264,0.4889560712719011,-0.12461953160500125
asset_median_signal_quality,0.2095262196008924,0.24335418145336848,-0.04311251647669496,-0.1172993331075566,-0.13527221589482696,0.0016361024353132678,-0.3167916262719009,-0.31554869742838754,-0.3898944606348248,0.18924523897402543,0.11073601703550547,0.07506253253551248,-0.10983998236589655,0.15563458878537942,0.07825885362885975,0.11046860047207833,-0.009615191504488396,-0.009615191504488396,0.1873408477021947,0.17331384089994892,0.16052456241957064,0.1580632852488516,0.2254497528925942,0.23677467879728922,0.2535731370524732,-0.41346791593259746,-0.43409592537355135,-0.17659054509246055,0.20460014684721,0.1408516801377313,0.2186497416676702,0.5360142608020368,0.5866212551839367,-0.15631906024995834,0.24444525944536724,0.2546011409830268,-0.05169135227002935,-0.5373629791906356,-0.5864008680444841,-0.16270900961024568,0.5046948523939657,0.5116081954569494,-0.30494578409285633,-0.3740848604558308,-0.398455230720945,-0.31204754315991673,-0.08353626209594799,0.00458091083760737,-0.05403528865100379,0.009325685877676957,-0.1118150419243778,-0.02775905678853153,0.7290444168268044,1.0,0.10437960643882359,0.16461829002696535,0.16461829002696535,0.21443315602808097,0.1699272614274392,0.1699272614274392,0.2092109628429865,-0.03847875219629386,0.17262579258451877,-0.008248194778917244,-0.004408527416607567,-0.035702612543995885,-0.01642365588380494,-0.01642365588380494,-0.046194334869081255,-0.00824819477891721,0.27816482218954464,-0.017941131191182624
asset_dispersion_signal_quality,0.19004282386860263,0.16848894537815212,0.22951181255895825,0.012767859827284908,-0.06770789547592887,0.005978964649013907,-0.15926382603575287,-0.1378326304759933,-0.17021473191012929,-0.15452384985893003,0.12121485955374735,0.3875945998486339,0.03200190855044335,-0.14506863203768222,-0.03785684478147965,0.12800659111378485,0.2299872097837075,0.2299872097837075,-0.14896565846281323,-0.14968574959167957,0.09187351930622721,0.09292801913653288,0.00681367615699939,-0.03616128518455769,0.18669816730343072,-0.10881584236347536,-0.11402910700387307,-0.07015195526752667,-0.11831164251053232,-0.009979856369013175,-0.158713545538451,0.2854423167510475,0.2934372450271368,0.254476365013374,0.1755926072472242,0.14646175080204063,-0.04112044785372807,-0.28319338160417534,-0.2927039228769421,0.24145717234596897,0.3413202973048106,0.3269965785915796,-0.08493243959506062,-0.11262190660028704,-0.11431242392549064,-0.1368658100969206,-0.11975173023513495,0.27623322294148145,-0.1620537436347065,0.244113852643225,0.09811572491599586,-0.19933289175470384,0.16931087018162302,0.10437960643882359,1.0,-0.142424491503239,-0.142424491503239,-0.14577056735001068,-0.14371477756070858,-0.14371477756070858,-0.1509928677286084,-0.02559841033033732,-0.1362120445858083,0.07918856871631437,0.015591073066593478,0.16166460692136214,0.2672065489798711,0.2672065489798711,0.054244494352207406,0.0791885687163142,0.12414378607744937,-0.050927407844025926
cvar_model,-0.3553437348712501,-0.38479209484021076,-0.15134999932880513,-0.0353386657209307,-0.01359608023397626,-0.16472660459644523,0.11320967445879486,0.10762658729309747,0.007240318457906621,0.9602434514014934,0.5654269971065575,0.024813442513258697,-0.6644818136189863,0.7651237137535745,0.4018200277714699,0.5349743071621618,-0.24781397493365578,-0.24781397493365578,0.9703825610253867,0.8839096101331643,0.6242235329758395,0.6007310593616662,-0.20335674496858397,-0.1624244227419167,-0.15085601264289758,-0.1045703936747864,-0.10371453900713824,0.18169308586159819,0.9050551339545418,0.831330287287561,0.8708350603279797,-0.1155236830851054,-0.07094087585640749,0.02522993436939424,0.01998402076217758,0.0535570677916062,-0.1201998698343825,0.11358218470565296,0.06982045569006037,0.025280486773883462,0.00491760420692865,0.0015072026137713326,0.04514177122968356,0.003344952025631891,-0.03016853456763676,0.1959437861311704,-0.1515319673282811,-0.5243595588525584,-0.07438568978836475,-0.44423162024739504,-0.10741892492337872,0.4790221179705947,0.14067920355255198,0.16461829002696535,-0.142424491503239,1.0,1.0,0.7899784531667284,0.994809845728928,0.994809845728928,0.8961832907411889,0.46046504411815015,0.9937925259717535,-0.38523080349298255,-0.40899523091324913,-0.19417035897411766,-0.24621244159477382,-0.24621244159477382,-0.041713162898166886,-0.38523080349298244,0.457608552185607,-0.01589699396965112
cvar_model_centered,-0.3553437348712501,-0.38479209484021076,-0.15134999932880513,-0.0353386657209307,-0.01359608023397626,-0.16472660459644523,0.11320967445879486,0.10762658729309747,0.007240318457906621,0.9602434514014934,0.5654269971065575,0.024813442513258697,-0.6644818136189863,0.7651237137535745,0.4018200277714699,0.5349743071621618,-0.24781397493365578,-0.24781397493365578,0.9703825610253867,0.8839096101331643,0.6242235329758395,0.6007310593616662,-0.20335674496858397,-0.1624244227419167,-0.15085601264289758,-0.1045703936747864,-0.10371453900713824,0.18169308586159819,0.9050551339545418,0.831330287287561,0.8708350603279797,-0.1155236830851054,-0.07094087585640749,0.02522993436939424,0.01998402076217758,0.0535570677916062,-0.1201998698343825,0.11358218470565296,0.06982045569006037,0.025280486773883462,0.00491760420692865,0.0015072026137713326,0.04514177122968356,0.003344952025631891,-0.03016853456763676,0.1959437861311704,-0.1515319673282811,-0.5243595588525584,-0.07438568978836475,-0.44423162024739504,-0.10741892492337872,0.4790221179705947,0.14067920355255198,0.16461829002696535,-0.142424491503239,1.0,1.0,0.7899784531667284,0.994809845728928,0.994809845728928,0.8961832907411889,0.46046504411815015,0.9937925259717535,-0.38523080349298255,-0.40899523091324913,-0.19417035897411766,-0.24621244159477382,-0.24621244159477382,-0.041713162898166886,-0.38523080349298244,0.457608552185607,-0.01589699396965112
cvar_model_raw,-0.24806580320463334,-0.20694540774263134,-0.17545725283427088,-0.272390763373681,-0.24313636788399284,-0.2685993889873127,0.027531295182435453,0.03872289395899212,-0.11189984237520932,0.7541341220315921,0.27162191599688706,-0.027835002518406437,-0.5229220265375893,0.8692266276439906,-0.07539791320933989,0.25436372702288196,-0.2598460937701617,-0.2598460937701617,0.7643478045041686,0.8895866739125435,0.34564728583817783,0.3292074077867525,-0.1293419582838056,-0.12468347014877187,0.06615074209495637,-0.15613805100431438,-0.1473117114784749,0.13693138606736543,0.7473300191656139,0.5489103762128952,0.7887979250224447,0.1007384088340377,0.12204972731594878,-0.03701152378282657,0.09476233232098519,0.12131947690337735,-0.2017194314850325,-0.1042946513847188,-0.12467208928188563,-0.03430177081433579,0.10488764229050912,0.10106199545241344,-0.08626779754647566,-0.10571441400809167,-0.1301206213792093,0.04894736870931924,-0.06458924994825967,-0.49617732955413935,0.029969599440938875,-0.3576102347191851,-0.12529185823364639,0.37600265462443444,0.1435213549428712,0.21443315602808097,-0.14577056735001068,0.7899784531667284,0.7899784531667284,1.0,0.785694545982223,0.785694545982223,0.9652109854492408,-0.18050853672912512,0.7793086498560559,-0.34501568705049307,-0.29400467201066327,-0.27050205982856496,-0.2895153524024148,-0.2895153524024148,-0.33431530009763316,-0.3450156870504925,0.20326981486642892,0.06230269355777834
cdar_model,-0.3518547716895996,-0.38015658677405656,-0.1517488114045124,-0.04685641774578044,-0.022262223135471926,-0.166522275015513,0.10302435471432445,0.0957428530848986,0.005687841478357522,0.9656321326869187,0.5684565390062748,0.02229759398049798,-0.6686326232029216,0.7755046543876734,0.3952055989121928,0.5372617943393262,-0.2460745561564844,-0.2460745561564844,0.9754140634105218,0.892985851486269,0.6253679801480792,0.6012654014342047,-0.210383830477766,-0.16833660612128545,-0.15197108683168045,-0.10992592693961968,-0.1092105071625286,0.19294815522598197,0.9139443014086847,0.8377808450254633,0.881595779138259,-0.1309446227952983,-0.0861903106683405,0.030928380544897674,0.02338366683190535,0.057005352471144674,-0.11064233230007338,0.1287778443241717,0.08488073532475919,0.031324021323392966,0.006246121726147714,0.0020730131290453563,0.03495618150751905,-0.00747386803858905,-0.04236775450685466,0.1896976145416256,-0.15472008666884662,-0.5303521799656562,-0.0814286630562493,-0.4495095865119601,-0.12235419794406302,0.4775522244754157,0.13789535329214983,0.1699272614274392,-0.14371477756070858,0.994809845728928,0.994809845728928,0.785694545982223,1.0,1.0,0.9053163542366518,0.4583412554758913,0.9964569927107086,-0.38603489665438073,-0.41036159127369526,-0.1805180737607774,-0.24633085829592927,-0.24633085829592927,-0.03911401077716213,-0.3860348966543806,0.45593773949474675,-0.0046146088565042305
cdar_model_centered,-0.3518547716895996,-0.38015658677405656,-0.1517488114045124,-0.04685641774578044,-0.022262223135471926,-0.166522275015513,0.10302435471432445,0.0957428530848986,0.005687841478357522,0.9656321326869187,0.5684565390062748,0.02229759398049798,-0.6686326232029216,0.7755046543876734,0.3952055989121928,0.5372617943393262,-0.2460745561564844,-0.2460745561564844,0.9754140634105218,0.892985851486269,0.6253679801480792,0.6012654014342047,-0.210383830477766,-0.16833660612128545,-0.15197108683168045,-0.10992592693961968,-0.1092105071625286,0.19294815522598197,0.9139443014086847,0.8377808450254633,0.881595779138259,-0.1309446227952983,-0.0861903106683405,0.030928380544897674,0.02338366683190535,0.057005352471144674,-0.11064233230007338,0.1287778443241717,0.08488073532475919,0.031324021323392966,0.006246121726147714,0.0020730131290453563,0.03495618150751905,-0.00747386803858905,-0.04236775450685466,0.1896976145416256,-0.15472008666884662,-0.5303521799656562,-0.0814286630562493,-0.4495095865119601,-0.12235419794406302,0.4775522244754157,0.13789535329214983,0.1699272614274392,-0.14371477756070858,0.994809845728928,0.994809845728928,0.785694545982223,1.0,1.0,0.9053163542366518,0.4583412554758913,0.9964569927107086,-0.38603489665438073,-0.41036159127369526,-0.1805180737607774,-0.24633085829592927,-0.24633085829592927,-0.03911401077716213,-0.3860348966543806,0.45593773949474675,-0.0046146088565042305
cdar_model_raw,-0.2927325937488164,-0.27310323225072725,-0.17099859887775626,-0.22633484291155181,-0.1961818191965805,-0.24140202329246035,0.04688073247027535,0.0500969867726871,-0.07733011419410724,0.8618235531766283,0.39187864555059276,-0.013290764599140492,-0.6028916215645543,0.8796117511907682,0.07955855159774487,0.3678505316462366,-0.25664251771452534,-0.25664251771452534,0.8721749551286435,0.9343978512378627,0.461298673317824,0.44061366028414767,-0.16743017965469162,-0.14855209323388804,-0.008730584739049923,-0.15132115079710784,-0.14523898863134138,0.1694356140267834,0.8443026190254151,0.6788716810694732,0.8627680541732334,0.007956170845387883,0.037976585337895004,-0.01229058110599026,0.07867051021647901,0.10801548687430076,-0.16727960737040615,-0.011188823496682857,-0.040302015837909884,-0.010004746741134739,0.07393184800956878,0.06827018449000115,-0.05598117572825937,-0.08593806028370286,-0.11513172104775685,0.09188350597866297,-0.10294563725471662,-0.5296182766182898,-0.012163701310926998,-0.40391864493100027,-0.14202753777480137,0.42037403945344765,0.14343594038864652,0.2092109628429865,-0.1509928677286084,0.8961832907411889,0.8961832907411889,0.9652109854492408,0.9053163542366518,0.9053163542366518,1.0,0.04022878789042694,0.8965295409634442,-0.38476103062718764,-0.35725367261377444,-0.23932620069022584,-0.28448172061222743,-0.28448172061222743,-0.2622750559974916,-0.38476103062718725,0.304075910676777,0.0516888555027576
forecast_portfolio_scenario_mean,-0.23515501697113683,-0.34601283362513247,0.003242206661456278,0.34358590086025614,0.3371225375162834,0.11853654108036246,0.15121097520290078,0.1251632950469223,0.17804672322067377,0.5113362848834738,0.5565455912516816,0.08331643344396152,-0.3522613479361342,0.009929691749412203,0.7931524526031624,0.5304661327094031,-0.03534086614284711,-0.03534086614284711,0.513401023128844,0.18122098566260875,0.54659970994046,0.5311120486165716,-0.15327245442845952,-0.09075516695109732,-0.35383643887123095,0.05395779572754744,0.04233398673675928,0.10528948645574,0.42782033100893035,0.5967256627805686,0.3083552241094135,-0.34515322322128483,-0.3011143576019001,0.09761680945510191,-0.10648876985894833,-0.08889281367358924,0.09497524514598014,0.34712877163456873,0.3030989526775816,0.09368833347652768,-0.14703991679944295,-0.14715643127552608,0.20435378748711655,0.16227740493595288,0.14159607555693415,0.25979658643533365,-0.16130549074113534,-0.15424326826415444,-0.17054965533380445,-0.2236242557493285,0.003431550505925669,0.2553800893353814,0.025970492418178,-0.03847875219629386,-0.02559841033033732,0.46046504411815015,0.46046504411815015,-0.18050853672912512,0.4583412554758913,0.4583412554758913,0.04022878789042694,1.0,0.4659546078408923,-0.11847316802650884,-0.23044761227803262,0.08014207567648746,0.024184492511057767,0.024184492511057767,0.41709654364550075,-0.11847316802650924,0.47494942168652854,-0.11925496289441775
vol_model,-0.3577686352108469,-0.3858911977417009,-0.16765750476066346,-0.030294716987655203,-0.00900543742562942,-0.18564343455269394,0.1124760056072615,0.10687971282331483,0.023027617574672664,0.96821165260009,0.5711859995932188,0.02976477709732451,-0.6685971802744675,0.7750068418583939,0.4000051073492931,0.5403490031215539,-0.26068438029393926,-0.26068438029393926,0.9767299893500235,0.8909431022623815,0.6258872566141308,0.6026009306322283,-0.20681598967505135,-0.16359308931485778,-0.16160570126195029,-0.09138960766109117,-0.091657051657949,0.2048444214278004,0.9128293674302608,0.8428265799500726,0.8786272209900844,-0.13911141505052824,-0.0938122999140874,0.03766682862318665,0.011111540241797002,0.04576204193598298,-0.11877878284653318,0.1368288225938219,0.09241966404717082,0.03789924894005014,0.0032129634279158725,0.001199784784672649,0.04798007883890631,0.002903938761759654,-0.031213400191948782,0.1955194711570311,-0.1610621026508684,-0.5351069743424063,-0.09080540927512776,-0.46221207800334785,-0.12425624707458652,0.49097628232304136,0.14570939578591308,0.17262579258451877,-0.1362120445858083,0.9937925259717535,0.9937925259717535,0.7793086498560559,0.9964569927107086,0.9964569927107086,0.8965295409634442,0.4659546078408923,1.0,-0.3836860770708758,-0.406935725324787,-0.1923571218816839,-0.25870509742572523,-0.25870509742572523,-0.025429260625925015,-0.38368607707087543,0.4521939668895581,-0.023133029305424123
target_risky_exposure,0.6447824961123088,0.5611868621531926,0.44413056148171537,0.31547199999952913,0.26675017098764153,0.2996547504873287,-0.48483810637516245,-0.4454801479331581,-0.18271057028358126,-0.4210901812403202,-0.1366676295415959,0.2648962007962791,0.28876056873486755,-0.52156504895511,0.09485991177201104,-0.11542225816414774,0.48519339838467773,0.48519339838467773,-0.41449666244258754,-0.5021223045997337,-0.12842175914993936,-0.11125529562583725,0.13779386562725326,0.09152249321438252,0.2773699877752547,-0.17410179041792614,-0.17517324501372444,0.021207108376617195,-0.29403570897794074,-0.2974804365441304,-0.27750002241422944,0.14728739007413408,0.15232328682988247,0.1409792850272632,-0.12763024221165983,-0.14700365179779998,0.27216378510403344,-0.146813708435136,-0.15266590723065931,0.13765510564915234,-0.013490897128217116,-0.021833939848695538,-0.23984507301374683,-0.44514587204623224,-0.42598764376438314,-0.49867631500639403,-0.08114211161659035,0.24598686732973055,0.05272500379540038,0.05353245889505604,-0.15830644270969788,-0.14002188378469418,0.11816008785583282,-0.008248194778917244,0.07918856871631437,-0.38523080349298255,-0.38523080349298255,-0.34501568705049307,-0.38603489665438073,-0.38603489665438073,-0.38476103062718764,-0.11847316802650884,-0.3836860770708758,1.0,0.9657840261881772,0.4092345286778733,0.5076172400734642,0.5076172400734642,0.34174073887487466,1.0,0.02644600633870815,-0.03659536395323935
forecast_backward_vol_timer,0.5902068966493841,0.5461352216820444,0.28848622418064523,0.2528296792116418,0.22341948178267745,0.2916068595427211,-0.4945012826353754,-0.4536515311361083,-0.19101367871095332,-0.45362187915072855,-0.2685483478790958,0.19693154084736686,0.3039448283801059,-0.48957502668792274,-0.0031325114266512735,-0.25505144491417575,0.34070626900752715,0.34070626900752715,-0.44745320956257334,-0.4882497141761052,-0.2614461733493653,-0.24909471606233674,0.1343890880325206,0.08463846150821933,0.31341073180640433,-0.18754720571351646,-0.18808408967589255,-0.02093482899836111,-0.3196356431339604,-0.3614676200606166,-0.2780542940620895,0.14259381882348926,0.1446555329554453,0.1326336982775547,-0.10680914002756525,-0.12023491607941075,0.2419009675664294,-0.14260173675147572,-0.14584484932102362,0.13030818677255138,-0.03718098773467008,-0.04505443298013065,-0.2666000926245931,-0.46507303077709455,-0.44273700216173256,-0.5321094426054388,-0.08894491457057233,0.23409308205897544,0.05874283310785973,0.07808304531589798,-0.12659058976581397,-0.1628498589064838,0.09640524955276716,-0.004408527416607567,0.015591073066593478,-0.40899523091324913,-0.40899523091324913,-0.29400467201066327,-0.41036159127369526,-0.41036159127369526,-0.35725367261377444,-0.23044761227803262,-0.406935725324787,0.9657840261881772,1.0,0.24020806306121495,0.3328049183084655,0.3328049183084655,0.21414633361234398,0.9657840261881769,-0.017516609387044278,-0.005438859740805305
forecast_forward_cvar_timer,0.3851516232525602,0.24094700100541622,0.8497589101280342,0.17950984019548458,0.07966714101095092,0.15881171582001435,-0.07780639357112516,-0.08445495593687175,-0.1263369192148131,-0.14702493531476366,0.45297539158738126,0.33384745792050247,0.18290711403304452,-0.2859706607202208,0.18445587085445025,0.4762770448249357,0.7310717715779256,0.7310717715779256,-0.15585688004530865,-0.2664779871504103,0.42588080426049285,0.43660260065698264,0.00888090506158289,-0.0027418978840256,-0.04913408852327604,-0.03475071566483047,-0.04881867484168049,0.07628050133264877,-0.10294534595637803,0.03133802122896943,-0.18875624555623532,0.19105381137530839,0.17788961621239496,-0.14919809990033134,-0.17665550201457803,-0.1921084802612861,0.2095740006283835,-0.1889555885927762,-0.175959582573748,-0.15579376580319768,0.12244770568844518,0.11668123432563088,-0.025493980828962218,-0.04386315894503063,-0.05376482938952616,-0.02181964173100553,0.12114637429418974,0.22581474604104762,0.10076047080918973,-0.007822329719818447,-0.13179558894598986,-0.018761705224966795,0.20151394915012774,-0.035702612543995885,0.16166460692136214,-0.19417035897411766,-0.19417035897411766,-0.27050205982856496,-0.1805180737607774,-0.1805180737607774,-0.23932620069022584,0.08014207567648746,-0.1923571218816839,0.4092345286778733,0.24020806306121495,1.0,0.8754512053400085,0.8754512053400085,0.11565359628678909,0.4092345286778729,0.15171009236009247,-0.1496143732473337
forecast_forward_cdar_timer,0.523948947646059,0.36620436979227877,0.8927937865345054,0.12093405149209654,0.002742690990235479,0.17698926733780854,-0.1789346433670889,-0.17035191838172822,-0.1910004158600709,-0.2334658579708894,0.34841153593417495,0.3636212544329209,0.14129941362181891,-0.33705490618286565,0.12236034381928163,0.39168226232810993,0.8935748787904197,0.8935748787904197,-0.23673300479565584,-0.32329050951414234,0.3619865635333224,0.38996246609308827,0.07072127533102315,0.0543264614825153,0.01448117212579005,-0.09478778470225814,-0.09945430094418402,0.056822343150093775,-0.23297392178110518,-0.1154817526044529,-0.30283199389004395,0.26251813074277386,0.251968596364162,-0.06882271156882216,-0.08336243329635354,-0.11817175107538695,0.1473149650623584,-0.25809149119663566,-0.2481766270259936,-0.07548927088116082,0.17639949182085438,0.1712428672392215,-0.08219244495593835,-0.132805184594675,-0.12248649062774208,-0.17265797522575813,0.09150677919273037,0.3132495624509794,0.07432899322721519,0.1280007771824251,-0.11214968396148282,-0.16276680830858478,0.1638707945391529,-0.01642365588380494,0.2672065489798711,-0.24621244159477382,-0.24621244159477382,-0.2895153524024148,-0.24633085829592927,-0.24633085829592927,-0.28448172061222743,0.024184492511057767,-0.25870509742572523,0.5076172400734642,0.3328049183084655,0.8754512053400085,1.0,1.0,0.03268536888329001,0.5076172400734638,0.10370517773608287,-0.11594745173938222
forecast_forward_risk_timer,0.523948947646059,0.36620436979227877,0.8927937865345054,0.12093405149209654,0.002742690990235479,0.17698926733780854,-0.1789346433670889,-0.17035191838172822,-0.1910004158600709,-0.2334658579708894,0.34841153593417495,0.3636212544329209,0.14129941362181891,-0.33705490618286565,0.12236034381928163,0.39168226232810993,0.8935748787904197,0.8935748787904197,-0.23673300479565584,-0.32329050951414234,0.3619865635333224,0.38996246609308827,0.07072127533102315,0.0543264614825153,0.01448117212579005,-0.09478778470225814,-0.09945430094418402,0.056822343150093775,-0.23297392178110518,-0.1154817526044529,-0.30283199389004395,0.26251813074277386,0.251968596364162,-0.06882271156882216,-0.08336243329635354,-0.11817175107538695,0.1473149650623584,-0.25809149119663566,-0.2481766270259936,-0.07548927088116082,0.17639949182085438,0.1712428672392215,-0.08219244495593835,-0.132805184594675,-0.12248649062774208,-0.17265797522575813,0.09150677919273037,0.3132495624509794,0.07432899322721519,0.1280007771824251,-0.11214968396148282,-0.16276680830858478,0.1638707945391529,-0.01642365588380494,0.2672065489798711,-0.24621244159477382,-0.24621244159477382,-0.2895153524024148,-0.24633085829592927,-0.24633085829592927,-0.28448172061222743,0.024184492511057767,-0.25870509742572523,0.5076172400734642,0.3328049183084655,0.8754512053400085,1.0,1.0,0.03268536888329001,0.5076172400734638,0.10370517773608287,-0.11594745173938222
forecast_conviction_timer,0.02106265661624887,-0.03819212344302701,0.019230779743560928,0.3495797955207087,0.37073812545069096,0.1629898481526321,-0.018000811227122857,-0.009522685231125306,0.15280801798991933,-0.019405193760414205,0.081059252548799,0.021921607234052416,0.05955314749512462,-0.31980972560622406,0.4353274448416816,0.07639530007800849,-0.014636015246325351,-0.014636015246325351,-0.013196039009818243,-0.23328833834510251,0.06120333390806849,0.0588418165366202,-0.0534002758255629,-0.04632706902488628,-0.05922862800878949,0.07480335595450457,0.07291373132505141,0.106969049429547,-0.014245381247490668,0.07983930380840355,-0.059889846442174426,-0.20953231433220504,-0.1861621946901612,0.19324770485804774,-0.15360104052286133,-0.15753601509500811,0.1351799557157511,0.20821059636638184,0.18560900609422387,0.19320372734873775,-0.10666387539285213,-0.10494520177112739,0.0753179554625551,0.02104507086937149,0.004640341737253271,0.08630124321177109,-0.05236813424910762,-0.007761647459849151,-0.04508249033614095,-0.14919607598779136,-0.08830583247118748,0.12224000566172753,-0.021667880068310545,-0.046194334869081255,0.054244494352207406,-0.041713162898166886,-0.041713162898166886,-0.33431530009763316,-0.03911401077716213,-0.03911401077716213,-0.2622750559974916,0.41709654364550075,-0.025429260625925015,0.34174073887487466,0.21414633361234398,0.11565359628678909,0.03268536888329001,0.03268536888329001,1.0,0.34174073887487433,0.09231739137209313,-0.033401814682352336
forecast_overlay_fraction,0.6447824961123086,0.5611868621531927,0.444130561481715,0.31547199999952885,0.2667501709876413,0.2996547504873286,-0.4848381063751625,-0.4454801479331581,-0.18271057028358118,-0.4210901812403201,-0.13666762954159625,0.26489620079627896,0.28876056873486716,-0.5215650489551098,0.09485991177201065,-0.11542225816414807,0.4851933983846774,0.4851933983846774,-0.4144966624425876,-0.5021223045997332,-0.1284217591499396,-0.11125529562583779,0.13779386562725326,0.09152249321438242,0.2773699877752551,-0.17410179041792617,-0.1751732450137244,0.021207108376617066,-0.29403570897794046,-0.2974804365441303,-0.27750002241422883,0.14728739007413408,0.15232328682988258,0.14097928502726328,-0.12763024221165964,-0.1470036517977998,0.27216378510403333,-0.1468137084351361,-0.15266590723065931,0.13765510564915245,-0.013490897128217121,-0.02183393984869559,-0.23984507301374702,-0.4451458720462324,-0.4259876437643832,-0.4986763150063942,-0.0811421116165905,0.24598686732973046,0.052725003795400405,0.05353245889505584,-0.15830644270969813,-0.14002188378469396,0.11816008785583264,-0.00824819477891721,0.0791885687163142,-0.38523080349298244,-0.38523080349298244,-0.3450156870504925,-0.3860348966543806,-0.3860348966543806,-0.38476103062718725,-0.11847316802650924,-0.38368607707087543,1.0,0.9657840261881769,0.4092345286778729,0.5076172400734638,0.5076172400734638,0.34174073887487433,1.0,0.026446006338707844,-0.03659536395323906
robust_selection_score,-0.018962150245292304,-0.05578985121015089,0.09378675808213055,0.10208681710241164,0.12239224935987805,0.20116547619222697,-0.1587280721644802,-0.15182123842249345,-0.15721925722902963,0.49505422345751976,0.5606577597961278,0.18933087675585067,-0.4729317556934406,0.18272673576851356,0.5296058946701712,0.49108849038950053,0.016624627277890408,0.016624627277890408,0.49812673792619805,0.31338088529414826,0.5604555591807527,0.5070615551340143,-0.15058631394800792,-0.15090303298367616,0.013928444105678735,-0.2638727855961637,-0.28915176544041016,-0.1068848941212089,0.45515835529087983,0.5472846016614318,0.34932678441967496,0.24039807469930152,0.2821269470616607,0.10543425418332995,-0.030491984398162086,-0.024958329704964217,0.15240580414751223,-0.23876345155622147,-0.28110350417447133,0.10152210999246816,0.2389808232450566,0.22277645763158868,-0.14749529557106936,-0.285860161729818,-0.32460214556144856,-0.07905049174013642,-0.1322018578868604,0.032092730740349996,-0.004389748910969329,-0.029743023174003257,0.04356825677334336,0.05777413063629748,0.4889560712719011,0.27816482218954464,0.12414378607744937,0.457608552185607,0.457608552185607,0.20326981486642892,0.45593773949474675,0.45593773949474675,0.304075910676777,0.47494942168652854,0.4521939668895581,0.02644600633870815,-0.017516609387044278,0.15171009236009247,0.10370517773608287,0.10370517773608287,0.09231739137209313,0.026446006338707844,1.0,0.018893465086623977
selected_alpha,0.05083220095632913,0.08439743576989146,-0.14725601471852134,-0.02599778577734677,-0.028781219166875437,-0.11716110005671014,-0.3725876653331386,-0.3442303063695476,-0.2282684562883696,-0.018814801738125046,-0.3929188595381271,-0.119460776879133,0.07362191051437651,0.1419316367930827,-0.23566653415212377,-0.41099493019275474,-0.11428083652908824,-0.11428083652908824,-0.01947944733968817,0.09202168207255564,-0.323534960344544,-0.33469965268631574,-0.007914366606131141,-0.02536298096937452,0.18431597389244125,-0.45745498531291184,-0.44968733694783725,-0.2634006037465254,0.028412459028622297,-0.03047443504390096,0.06759505530648899,0.18027886186768508,0.16526293594042504,-0.01896394315195405,0.07715263842311036,0.050153044735531616,0.06876777065051935,-0.1813086323629584,-0.16593464147760348,-0.01785133086251343,0.29958113356403954,0.29421208172378277,-0.35573647106451345,-0.37629072147850134,-0.3853910681324546,-0.26067161540559797,0.05351743792938907,-0.13397669269029913,0.06402182718254813,0.004093558314533063,-0.05238704325596908,-0.043345846881602944,-0.12461953160500125,-0.017941131191182624,-0.050927407844025926,-0.01589699396965112,-0.01589699396965112,0.06230269355777834,-0.0046146088565042305,-0.0046146088565042305,0.0516888555027576,-0.11925496289441775,-0.023133029305424123,-0.03659536395323935,-0.005438859740805305,-0.1496143732473337,-0.11594745173938222,-0.11594745173938222,-0.033401814682352336,-0.03659536395323906,0.018893465086623977,1.0
