recipe_id,0055b036343b7d80,02c5e5e3fea2b26d,03fe1e3735a1b208,04c99c1edc7a2b49,051362f702c991f3,05cb47887ac746b5,05d372f4f433b871,0696ddca280eb7dc,097a3fd158c2ce82,0b12f8c03ba60c02,0b1b7bfe07a527a2,0da6e0dd3722066e,1011fd6bd8157dd4,10adb95fb3a9f9e7,11a58354e7390e0d,125c172c879e268d,12669dde81c003db,13d69fe22b314ac7,1400b50f0dd7f4b7,190c4acfc67d08f7,19ba80a07d48ea6d,1be0aa5f6b43ee1e,1c30dea7383ba62c,1c5f33edf84105f0,1dbeeda8651e64c6,1e05e0d21c28ce0c,1f2a06555458bad2,20a5c0cde329fb57,21bc62d6e71ac6c8,23013a5fff740a68,259f3849c3f5593c,27d99d42a544bf79,289757a3d166f39e,28acf2f7c8c3f843,29eda5a666cd6ca7,2f80b5fca54b6e86,320297694aca3537,338baa085fa256bb,343fdf76babae79b,350e3a4a2e284f7c,387b37d647398ef4,397566b0650ff5e1,39d534f4e2db4409,3eaa17a39dad1eae,3eff104322ac57ff,3fb81c87306d143e,3fffa500e11e3e09,41b5f74a377dd62d,41ca0c63dea4dbc4,4237b39cd6d9fd11,47d003f1062705c8,4a20e2358442ea42,4f1808e1a0c44128,5049400875a62dd9,517754ab6ff90f82,53a1e08148ed8bc7,53a2b7914879c08d,5563856533c2dd4e,55e764e99d0100ac,5658861b35a9e17b,56fcae2400df0ca2,57d5e5be6931dbba,59e674378a81c828,5a6f75e88f4f5889,5b34e93d76a233a0,5d52ae182e89bfed,5f567c9b906ca07a,62d77f29a5a4d915,62f0f9222b3a8a12,647179d92a583c8d,681659bd01fa63cc,687652471e3a8ae2,697db12e3bdfa6a4,6a3684f09b39cc1e,6b71e56752ee78bb,6e4d346f8b2d1387,6f983812db311eb5,6fd08c19149b8639,7054908fa5d4e2c1,7082462a96bf2511,73267cd8144e634e,738bf671ae633941,7395fffcc77481df,74e7ad28983c61ed,75e5e9bff86a1d01,75eecf525d58d349,76a04a8d3ee0a405,7a6f8348dad74679,7c274b2595445bb1,7deabc22200e1e45,7e4f768df4419bb4,80300fd2a126fd30,804c935b9a7e5604,8108ac6754cc0ec6,83a6dd32b985d777,876cf2bff6f0e4a7,89166736d2c6c401,8c1185b5902862f9,8c694262d6c40228,8c79f0886bfefeaa,8e04b0b683325b64,8fcbc6f252ec2a30,90075f0c455f5897,90c9b65de5d2b741,9229eeb464de2ba1,9238abfee02b9c7c,92a093fd894cbf93,92e27c764d6080bb,93acf3499213f1f4,95dece9a246e1578,96b3b27a34945351,9b0bc8a838d41199,9c863e9731bbd0b7,9c927f6a3fcde5a4,9e723388a87475d9,9f02d0427e4dcff7,a100b8461d34af53,a46c681d9ed982ee,a4d8c48cfc32d989,a4dacbdfd82d053a,a4ec98db05eea221,a5dcd50d295b1838,a626a7d11b36393b,a68030fd3f03f10c,a8d73399aeb68bc5,a988bb96ccd8695e,ab64516386093080,acad4c22424f335a,ad229375912d4081,ad5b24fa24f2d2e1,addc49a277ec49d0,aed06bdac6209264,af0368c7ad3735bc,b0e62e4e3130fe92,b1c810bf65a4deeb,b2a0b5fb2b50a8d6,b379e6b3760b8c98,b3d36edf740b2db6,b5843f597baa26de,b5e965ec7415eb70,b75873378dffe181,b75f7969709a3b40,b8252bfe52745573,b841f6a598e1123f,b87402f16a18b2b9,baf0da8139eafb9d,bbe878f892e56ab8,bd9118dccb217c92,be046eb69b586b59,be4951faedbfd690,bef3e16c8f677c0f,bfc93a12d25791cb,c5633a9bb48127cf,c619aa04b9a72efa,c6a02b2c06a966e8,c7be89e29d5c2ef9,c87583ca0a6967ef,c921e1047ce02cdc,cbc62e3a5b6d17f1,cf2823612b5449c7,d23fa65533bce721,d617def5986fd2cd,d83c529a37a95870,d8f67243f989e22d,da85b9874a744f8f,dac252536d668e95,db2f0abf4f0f919b,ddbf4e42aefe26e0,e08ae9341365ed93,e0bd8c06a662774b,e1238370ccf85003,e1b86a396e564850,e2a57faa8606713e,e579c022dd6a7db2,e605b35f626bcae0,e63c077502408929,e6a0c58462cf2be3,e899a82971dc279e,e96fbe691823afc4,ea4764c86d814df1,eac59781a5d37625,ecd0cc1f3b8afa0c,efd947f3c30d4b00,f1ccd93c18f605de,f21dbe7d15fe5cb9,f23d691abc49c713,f2e621227c7d20bd,f371159e4390fedf,f4a983fc40d1f854,f73b1649a53434d7,fb438532ec05d899,fbfa4da7d398d4b7,fd17081f61e8f32e,fd495d561bdcf024,fd5a7c14498381c3,ffe1148db8c2d857
0055b036343b7d80,1.0,0.7521108702364088,0.8999432278659434,0.8362751774930659,0.7273505696732032,0.8021164242497462,0.7476992510046796,0.8037503592709079,0.7370817481798371,0.8761195985648074,0.7553678318703516,0.8363937158416638,0.7982307765726705,0.8761893628879248,0.8047759912248822,0.8037289768725937,0.8014362522165426,0.8734050689917817,0.8014362522165424,0.7470268617012279,0.7835544057746607,0.8999464317597139,0.804804421622227,0.8023368599873948,0.837762097629483,0.7719760790235163,0.8999464317597138,0.7816015090160362,0.791556442531189,0.8746041184808815,0.899946431759714,0.793549402679673,0.8420618866167864,0.8003757375363574,0.8746392375671201,0.755254033168052,0.7909691130939221,0.8822193764820774,0.8746041184808803,0.8761195985648076,0.771976079023516,0.8404234962147041,0.7877940839141409,0.8363937158416638,0.7678153400896461,0.8363937158416634,0.7455450143834006,0.8000764382665451,0.7521761937020037,0.8377382230461847,0.7465564676520235,0.8999432278659436,0.8037289768725939,0.7971707910989034,0.8404234962147039,0.7719760790235162,0.8023597501904337,0.8404234962147039,0.8037289768725939,0.882195712786859,0.7444839160530057,0.8014362522165424,0.7838174730179461,0.7909386946630548,0.8377620976294832,0.7717741346441551,0.8810905023387252,0.807094413627654,0.8421239211013831,0.7887921993587668,0.721489434562198,0.8008674617405038,0.8048044216222273,0.8773395669262812,0.7331531193745381,0.8016852918309696,0.7747192330331528,0.8362751774930658,0.8810905023387253,0.7460053372598325,0.8746392375671206,0.7859701399460948,0.8048044216222272,0.8032854709763476,0.8822193764820776,0.7920813449187168,0.8773395669262811,0.7790993080750542,0.8761893628879243,0.799557204531937,0.8362751774930658,0.7463920500841508,0.8023688568938006,0.7898969778407354,0.7946108961011594,0.8014991489317445,0.7929053128771986,0.7951514367027099,0.7960959517853574,0.8999432278659437,0.8746041184808802,0.796789053804724,0.8761893628879244,0.8773395669262809,0.8014991489317445,0.8735293351446806,0.8811350697925546,0.7906825526802037,0.8811350697925548,0.882195712786859,0.8420618866167859,0.8403744932224924,0.900000000000026,0.7921314347118691,0.7820344767708844,0.7987751340554434,0.8403744932224922,0.7340573571773876,0.8023688568938007,0.7899321583695296,0.8734050689917818,0.754820072661367,0.8999974861967754,0.7881235498116352,0.8774045994620221,0.7328673305587137,0.7901576875406352,0.7877634468111512,0.7967262983452704,0.8037503592709078,0.8100090175686986,0.7678227663286564,0.742927083811215,0.8098026051103568,0.8048071987870554,0.7919237854390255,0.8420618866167857,0.765373170662879,0.7905218881971418,0.8023597501904338,0.8421239211013832,0.7989395456827614,0.7935767086128036,0.8031963391682957,0.7798137851232042,0.7951406218595041,0.7899420544730108,0.8810905023387249,0.8047759912248822,0.8023597501904338,0.7774496607051185,0.8822193764820777,0.8811350697925546,0.8133563616882695,0.7961400171032808,0.8024298630332611,0.8014991489317445,0.873405068991782,0.8761195985648078,0.7552500880724917,0.9000000000000259,0.7829809617467254,0.774966566604879,0.8023688568938006,0.7970825109875391,0.8377382230461847,0.8421239211013831,0.7455848194101371,0.8999974861967754,0.7640552120409445,0.8403744932224926,0.8774045994620222,0.796746210655778,0.882195712786859,0.7993968964284094,0.7642764969042913,0.7822341864238268,0.7914470674146461,0.8735293351446805,0.8774045994620221,0.7953075013198225,0.771976079023516,0.7936844108293877,0.7992426578470674,0.8047759912248822,0.7998210785163118,0.7603759628294544,0.8746392375671204,0.8377620976294833,0.8999974861967753,0.7796387519852079,0.7970296444614908,0.8037503592709077,0.8377382230461845,0.8735293351446801,0.8089933901452708
02c5e5e3fea2b26d,0.7521108702364088,1.0,0.7523130365263253,0.7304968624232716,0.8553468167545555,0.8380202533283029,0.8924155540087059,0.7145456469202154,0.886513542996947,0.7522271857503029,0.893858974732733,0.7305148768435688,0.7573969721793319,0.7522156535071076,0.715095689967759,0.7145498731896421,0.7110743227057523,0.7462008866876212,0.7110743227057554,0.8617612784903153,0.8454152576391345,0.7524657065740887,0.715090993170183,0.8049579857410526,0.7314564477649752,0.6925107312804806,0.7524657065740894,0.8484069282714766,0.8114135876203299,0.747009347128208,0.7524657065740894,0.7544337024410879,0.7375519999203104,0.820046142335678,0.7469284659688146,0.8605527950210637,0.7551763713948847,0.7417649683603196,0.7470093471282049,0.7522271857503017,0.692510731280477,0.7369372207993836,0.8484242705761805,0.7305148768435685,0.8479555429466923,0.7305148768435668,0.8886917377499483,0.8252547061977897,0.8577203797229003,0.7315068618661601,0.8638666948574378,0.7523130365263305,0.7145498731896427,0.8061925129806327,0.7369372207993836,0.6925107312804775,0.711743163140413,0.7369372207993847,0.7145498731896427,0.7418322137743592,0.876312864605343,0.7110743227057545,0.8476132250400399,0.7582436611229983,0.7314564477649789,0.8493336651791109,0.7392780443090652,0.8375787843919826,0.737537813247302,0.8125669345107476,0.8518764643448452,0.832159209571265,0.7150909931701842,0.7519182323542608,0.8724181754035425,0.7627935106107747,0.8602551966588772,0.730496862423273,0.7392780443090647,0.8637595177250128,0.7469284659688158,0.8749063357918428,0.7150909931701834,0.7726690653158611,0.7417649683603218,0.8157346381690557,0.7519182323542613,0.8584039148391414,0.7522156535071078,0.7715228028239838,0.7304968624232726,0.8805351317125475,0.7117190664348914,0.8844496951039074,0.8230479790001971,0.7110903794518431,0.7594891253811591,0.8078576801792545,0.7664715314197423,0.7523130365263306,0.7470093471282047,0.8616062873991017,0.7522156535071081,0.7519182323542598,0.7110903794518433,0.7461832911096811,0.7395052978472443,0.8810707202578973,0.7395052978472447,0.7418322137743566,0.7375519999203092,0.7369430642823935,0.7521108702363822,0.7517496743943636,0.8748924989557636,0.810954540236788,0.7369430642823929,0.8620888100235079,0.7117190664348924,0.7550962701479831,0.746200886687622,0.8659652416172781,0.7519938563708761,0.8399250963381187,0.7518557658872007,0.860245427659588,0.8575675833369585,0.7502196040852374,0.761556153143877,0.7145456469202207,0.8403405162328621,0.8725024160296146,0.8738994161011984,0.8215160425264881,0.8136558780651321,0.7578129433832423,0.7375519999203101,0.8742164722731085,0.752118358748507,0.7117431631404144,0.7375378132473012,0.8600506236512728,0.7605196060752195,0.7619829195912974,0.8516483741975721,0.8186842674826158,0.8038897658797277,0.7392780443090649,0.7150956899677605,0.7117431631404149,0.876540538475808,0.7417649683603199,0.7395052978472443,0.8224128262835475,0.7524623157322148,0.8243243575590864,0.7110903794518416,0.7462008866876243,0.7522271857503029,0.8647717069741221,0.752110870236383,0.8646908886316165,0.8436956426132243,0.7117190664348906,0.8193878106375054,0.7315068618661608,0.737537813247301,0.8588011064638084,0.7519938563708762,0.8495732343202202,0.7369430642823933,0.7518557658871992,0.7627004717524933,0.7418322137743575,0.8124737830564638,0.8447378345886526,0.8646425961663995,0.7574121827388959,0.7461832911096833,0.7518557658872002,0.8149962199361164,0.6925107312804801,0.7565195530093142,0.7680526808558975,0.715095689967761,0.7602868359817654,0.8561567450981259,0.7469284659688163,0.7314564477649781,0.7519938563708748,0.8475261132758936,0.7663066884355784,0.7145456469202196,0.731506861866164,0.7461832911096774,0.8227912366513145
03fe1e3735a1b208,0.8999432278659434,0.7523130365263253,1.0,0.8347091380813102,0.7267285234749923,0.8009653787363392,0.747558864113305,0.8016788362314515,0.737394218032805,0.8748484921456898,0.7555476681668977,0.834832051891246,0.796340686884075,0.8749247679027831,0.8027179155452592,0.8016563071083405,0.7994668989710491,0.8723997220984601,0.7994668989710474,0.7470849118897473,0.782467600412352,0.8999977941289077,0.8027464589673561,0.8008606930314588,0.8362608922336479,0.7697089144913141,0.8999977941289075,0.7809168280122404,0.7898861552068882,0.873692882282757,0.8999977941289079,0.7916369954510923,0.840315990376498,0.7990458623967086,0.8737304823919686,0.7552274189136757,0.7890231701715127,0.8822295894530858,0.8736928822827558,0.8748484921456894,0.7697089144913145,0.8386492812099573,0.7871045754673269,0.8348320518912464,0.7669170448006964,0.8348320518912464,0.7460331505776208,0.7985134859154177,0.7521324022574594,0.8362360383775084,0.7464042436316227,0.8999999999999999,0.8016563071083396,0.7955470721725719,0.8386492812099569,0.7697089144913145,0.8004206755709983,0.8386492812099564,0.8016563071083396,0.8821911652119558,0.7445408929796522,0.7994668989710483,0.7830294234592159,0.7888511745831531,0.8362608922336486,0.7706893607038785,0.8811451019641932,0.8057703691718697,0.8403788101458463,0.7870662745649823,0.7215728928158445,0.799736218398247,0.8027464589673553,0.8761159659732611,0.733346204484381,0.7998219661271259,0.7740882451615976,0.8347091380813092,0.8811451019641933,0.7458396099673295,0.873730482391969,0.7850545701529206,0.802746458967355,0.8014450833731793,0.8822295894530849,0.7905825963402868,0.8761159659732608,0.7783687883667625,0.8749247679027808,0.7977556407135731,0.8347091380813092,0.7465784794395623,0.8004300661022876,0.789312769783906,0.7933003667827045,0.7995315491269732,0.7908953228052586,0.7936111724607591,0.794297863359171,0.8999999999999996,0.8736928822827557,0.7963347589487093,0.8749247679027815,0.8761159659732607,0.7995315491269736,0.8725322358558193,0.8811807915346572,0.7901658562911904,0.8811807915346572,0.8821911652119563,0.8403159903764975,0.8385972450051746,0.8999432278659174,0.7901081391474871,0.7817085928702628,0.7974005528250395,0.8385972450051746,0.7336791086433795,0.8004300661022873,0.78786822976166,0.8723997220984601,0.7548109405804954,0.899955219440196,0.7872346298598856,0.8761838312178423,0.7325941488547008,0.7895195994975389,0.7857734764566051,0.7948299817351976,0.8016788362314509,0.808777634750784,0.7683150129039693,0.7429946605897371,0.8085869254414929,0.8034620933973396,0.7900081433197528,0.8403159903764972,0.7656959773606166,0.7885283756255688,0.800420675570998,0.8403788101458463,0.7986786032776404,0.791602885614892,0.801446695360303,0.7792004304835877,0.7937734291094733,0.7884060795352176,0.8811451019641934,0.8027179155452591,0.8004206755709982,0.7770481449638631,0.8822295894530858,0.8811807915346569,0.8123033812146767,0.7941902444894446,0.8010850306360058,0.7995315491269741,0.8723997220984597,0.8748484921456905,0.7547706316307785,0.8999432278659172,0.782326239644763,0.7740594118483275,0.8004300661022883,0.7956937707266969,0.8362360383775083,0.8403788101458463,0.7457172217607916,0.899955219440196,0.7634474252841995,0.8385972450051751,0.8761838312178425,0.794847013617183,0.882191165211956,0.7979408968882014,0.7630669916302683,0.7815807408036596,0.7895192173897214,0.8725322358558195,0.876183831217842,0.7938757642729685,0.7697089144913144,0.7917291957636667,0.7973448887685501,0.8027179155452594,0.7979839972297784,0.7601035035071749,0.8737304823919689,0.8362608922336494,0.8999552194401963,0.778734948062613,0.7951382919171852,0.8016788362314506,0.8362360383775074,0.8725322358558206,0.8076971463240241
04c99c1edc7a2b49,0.8362751774930659,0.7304968624232716,0.8347091380813102,1.0,0.7283532792496619,0.8556971283725665,0.7377337589476586,0.8957207945380028,0.7210251463471417,0.8808895402751518,0.7312206277746476,0.8999997412234557,0.8890051428699144,0.8808781011963817,0.8958988658568506,0.8957137309904941,0.8955670301600943,0.89063340765804,0.8955670301600946,0.744323416381574,0.8267698747692342,0.8347657414911792,0.8959053121731126,0.8681375668581116,0.8999770709423822,0.8870276897248648,0.8347657414911788,0.8141574083670647,0.8626678457379325,0.8898237522833041,0.8347657414911792,0.8881214222480458,0.8981950525161331,0.8574982213112708,0.8898075398176213,0.7484547204239232,0.887885962488126,0.7858446570388304,0.8898237522833043,0.8808895402751522,0.8870276897248657,0.8983920141027394,0.813489617422738,0.8999997412234559,0.8013192281679418,0.899999741223455,0.7354232823497661,0.8675455908969504,0.7387881563880865,0.8999776405355575,0.7500597250626342,0.8347091380813092,0.8957137309904951,0.8692707715379576,0.8983920141027394,0.8870276897248658,0.8957720875412147,0.8983920141027397,0.8957137309904953,0.7859921667262983,0.7339121621522717,0.8955670301600941,0.8105244411419683,0.8858357299183167,0.8999770709423829,0.8089359819545909,0.7823996743764519,0.8630993375483296,0.8981920369869041,0.8562935490735425,0.704518953528146,0.8616823453740815,0.8959053121731133,0.8793625204412904,0.7348327151814298,0.8887381561361721,0.8106842671900865,0.9000000000000012,0.7823996743764527,0.7651185255460164,0.8898075398176201,0.8167580423814915,0.8959053121731131,0.888692616519941,0.7858446570388302,0.8569586348243544,0.8793625204412899,0.8200013187459153,0.8808781011963812,0.8872944627320075,0.9000000000000009,0.7427180914289213,0.8957730527222549,0.8065542433209403,0.8492357456179465,0.8955815612341745,0.8882918362646188,0.8673376147484892,0.8877559443569819,0.8347091380813094,0.8898237522833048,0.8174908450872762,0.8808781011963813,0.8793625204412903,0.8955815612341744,0.8905483202542545,0.782664623164538,0.8006112730597854,0.7826646231645386,0.7859921667262988,0.8981950525161326,0.8983814926305813,0.8362751774930418,0.8885508331208085,0.8068860696335309,0.8654046079723103,0.8983814926305813,0.7329587125213443,0.8957730527222552,0.8869545401910948,0.89063340765804,0.7371029476970968,0.835990171204167,0.8232196502086266,0.8792896526983339,0.7366675913814968,0.8050030972557297,0.887480805901859,0.8882405676025276,0.8957207945380037,0.8588190781093881,0.7517933586910799,0.7508217194617876,0.8671214644903957,0.864806742110936,0.887614034716119,0.8981950525161329,0.751826097483163,0.8877962234132581,0.8957720875412151,0.8981920369869039,0.8146559376979674,0.8865743139070686,0.8899726804352509,0.7984766653348222,0.8641432884958873,0.8682046783590812,0.7823996743764521,0.895898865856851,0.8957720875412147,0.7941471331353405,0.7858446570388302,0.7826646231645384,0.8656149180381814,0.8893057161256493,0.8627195269535798,0.8955815612341743,0.890633407658039,0.8808895402751515,0.7686034430066331,0.8362751774930424,0.8069966196490574,0.8255094089861945,0.8957730527222552,0.8668463323715478,0.8999776405355585,0.8981920369869041,0.7265797241432495,0.8359901712041667,0.7812742398773287,0.8983814926305811,0.879289652698334,0.8869956763674031,0.7859921667262981,0.8635082562706671,0.7989142185801872,0.8172021218470119,0.887829032434376,0.8905483202542541,0.8792896526983338,0.8673634179213559,0.8870276897248655,0.8875487935086035,0.8888331750379157,0.8958988658568507,0.8895616896927243,0.7657474660659116,0.88980753981762,0.8999770709423829,0.8359901712041669,0.8193883369156039,0.8857008110380877,0.8957207945380048,0.8999776405355577,0.8905483202542542,0.8611392806027396
051362f702c991f3,0.7273505696732032,0.8553468167545555,0.7267285234749923,0.7283532792496619,1.0,0.836946765390344,0.8452365162777341,0.7168112526031121,0.853626966895676,0.7459434478283431,0.8516434560101394,0.7283380326331852,0.7670060956331674,0.7458770413432225,0.7169801994025451,0.7168280342625802,0.7124178179555636,0.7379363924557163,0.7124178179555637,0.8718633610049789,0.8629831092296041,0.7267618292777129,0.7169566657850595,0.8242158306172694,0.7285524521868975,0.6963331122039826,0.7267618292777129,0.8650942114814228,0.836643297438767,0.7376241967618281,0.7267618292777134,0.764165466553042,0.736220746756213,0.844530673821486,0.7375987826203692,0.868144335222701,0.7611568859795401,0.7207559572725525,0.7376241967618264,0.7459434478283432,0.6963331122039825,0.736466228468529,0.8633653305069363,0.7283380326331859,0.8839407714153471,0.7283380326331856,0.8543318196747653,0.8208047595130455,0.8794261533522116,0.7285754078846645,0.873493011033295,0.7267285234749923,0.7168280342625802,0.8228984421829844,0.736466228468529,0.6963331122039822,0.7127069121475405,0.7364662284685289,0.7168280342625805,0.7209229228609688,0.8531537512578691,0.7124178179555638,0.8726243187559255,0.7765094084471751,0.7285524521868978,0.8810350749958828,0.7167255646953579,0.8333507916540489,0.7361554030650286,0.8456324602996715,0.8860383145652093,0.8311953195715762,0.7169566657850596,0.7442086774213248,0.8521263853284509,0.7670059827909822,0.8578455419633823,0.7283532792496641,0.7167255646953581,0.8786094878208193,0.7375987826203684,0.8546979583810131,0.7169566657850592,0.7743876167745214,0.7207559572725522,0.8445249009876699,0.7442086774213248,0.8543888984754017,0.7458770413432227,0.7744307185095477,0.7283532792496641,0.8545738873686651,0.7126943621040784,0.8648435361039605,0.8511172581132789,0.7124219337043198,0.7613822368288985,0.8224427346784018,0.7695828556307169,0.7267285234749924,0.7376241967618266,0.8519485342532129,0.745877041343223,0.7442086774213247,0.71242193370432,0.7378450425683317,0.7171647157289058,0.8617067595884531,0.717164715728906,0.7209229228609688,0.7362207467562123,0.7365022928193201,0.7273505696731817,0.7624402537100522,0.8618745864239736,0.8264993937948075,0.7365022928193201,0.8921143433319811,0.7126943621040783,0.7694959449658845,0.737936392455717,0.8384873434115658,0.7270813439618947,0.8613824621508037,0.7440391631332077,0.895468905702429,0.8491851744262185,0.7612624233399876,0.7666319537710375,0.7168112526031134,0.8356676383841998,0.8466616065164947,0.8497750434736651,0.8229409136641721,0.8285308706041051,0.7633156487093697,0.7362207467562119,0.8437377373680401,0.7613404598329478,0.7127069121475403,0.7361554030650288,0.8533758852638009,0.7767210729852847,0.7670763415855596,0.8818486412270148,0.8237566926849709,0.8217412292146034,0.716725564695358,0.7169801994025444,0.7127069121475407,0.8637999978562916,0.7207559572725522,0.7171647157289067,0.8255645375874661,0.7642692012469785,0.8281537287634797,0.7124219337043196,0.7379363924557165,0.7459434478283431,0.8753861994586247,0.7273505696731823,0.8599092857900756,0.8639138733261562,0.7126943621040784,0.8228882685280872,0.7285754078846649,0.7361554030650288,0.8871579865697558,0.7270813439618944,0.8846923072412414,0.7365022928193206,0.7440391631332077,0.7767500960135276,0.720922922860969,0.8331650596956617,0.8876781265074793,0.8588007632893723,0.7624400314850555,0.737845042568332,0.7440391631332077,0.8200189278935264,0.6963331122039822,0.7686798357711366,0.770129171602971,0.7169801994025444,0.7646915418509799,0.8721489390982567,0.7375987826203687,0.728552452186898,0.7270813439618946,0.863392600427297,0.7819894004897142,0.7168112526031134,0.7285754078846647,0.7378450425683317,0.8244705174642115
05cb47887ac746b5,0.8021164242497462,0.8380202533283029,0.8009653787363392,0.8556971283725665,0.836946765390344,1.0,0.837077650731043,0.8532323220150926,0.8431500874382156,0.8450050367184735,0.8407465235083189,0.8556587167295255,0.8766679832076889,0.8449522121346976,0.8534220914966753,0.8532388108390379,0.8512164270271994,0.8470653168030633,0.8512164270272,0.845419374189705,0.8839839342308904,0.801065585545495,0.8534045981283214,0.8901116715110732,0.8557139668079006,0.8426666544710157,0.8010655855454956,0.8815536951196561,0.8887022437574437,0.8464240659243241,0.8010655855454956,0.8752916865114855,0.8581355006967983,0.8941763898079476,0.8463763741098214,0.8451454219492553,0.873857929076373,0.7700459702603816,0.8464240659243226,0.8450050367184736,0.8426666544710157,0.8583373706200066,0.8794672326572467,0.8556587167295274,0.8785410159929788,0.8556587167295266,0.8477152597063516,0.8932614243868484,0.8428620876677261,0.8557384298205658,0.8492006114484723,0.8009653787363384,0.8532388108390385,0.8901014553929454,0.8583373706200066,0.842666654471016,0.8514418881837542,0.8583373706200064,0.8532388108390384,0.7702402988641897,0.8396769698967361,0.8512164270272,0.8810606850210878,0.8770098764227389,0.8557139668079017,0.8752406142235634,0.7663333448638061,0.8967232374061167,0.8580804966503841,0.8899434858986218,0.8279384710459388,0.8985258821525859,0.8534045981283226,0.8433823303847844,0.8368823642615701,0.8791485511957471,0.8798845050722324,0.8556971283725665,0.7663333448638062,0.8558769448635629,0.846376374109821,0.8831662259768908,0.853404598128322,0.8823571195782063,0.7700459702603826,0.8926771270821112,0.8433823303847845,0.8815068049907083,0.8449522121346975,0.8832774458343297,0.8556971283725661,0.8445073410944408,0.8514312791762824,0.8823150195218046,0.8937021696832748,0.85121279989743,0.8750378582962635,0.8911492220919703,0.880298573056262,0.8009653787363387,0.8464240659243224,0.8796713358974086,0.8449522121346977,0.8433823303847837,0.8512127998974304,0.8469258944168262,0.7667378048093825,0.8806511242346116,0.7667378048093825,0.7702402988641899,0.8581355006967981,0.8583554213153137,0.8021164242497234,0.8734848816872609,0.8866812308130521,0.8921207126089765,0.8583554213153134,0.8332899186014229,0.8514312791762821,0.8741809580179373,0.8470653168030635,0.8386810841048988,0.8017765871670722,0.8815363335319645,0.8432252441897088,0.8463963706075776,0.8778696784841585,0.8726774414662927,0.8778700528160082,0.8532323220150922,0.8975200743205798,0.8437679481486784,0.8420022931732255,0.8924990098853638,0.8919852236084754,0.8753462409141646,0.8581355006967974,0.8408127147028647,0.8737178432062633,0.8514418881837545,0.8580804966503842,0.8796199503042882,0.8787638344743887,0.8780365026935142,0.8772795829773804,0.8920257307015964,0.8894911475655944,0.7663333448638058,0.8534220914966757,0.8514418881837543,0.8835731455308539,0.7700459702603816,0.7667378048093825,0.8932235933205834,0.8746832511758846,0.8947314027298917,0.8512127998974306,0.8470653168030633,0.8450050367184734,0.8560613362597032,0.8021164242497232,0.8809943027430163,0.8842392720423963,0.8514312791762821,0.8941276594000092,0.8557384298205661,0.8580804966503841,0.8380398164727189,0.8017765871670723,0.8708639238260859,0.858355421315314,0.8432252441897088,0.8797647588382047,0.7702402988641895,0.8931493650556804,0.8741240500354277,0.8855932547610155,0.8754891184108174,0.8469258944168261,0.8432252441897088,0.890807457998688,0.8426666544710156,0.8767631642377592,0.8794388086840863,0.8534220914966755,0.8766541347858259,0.853661533334711,0.8463763741098207,0.855713966807902,0.8017765871670719,0.8835191206939245,0.8818934876799615,0.8532323220150926,0.8557384298205659,0.8469258944168256,0.8940255283898525
05d372f4f433b871,0.7476992510046796,0.8924155540087059,0.747558864113305,0.7377337589476586,0.8452365162777341,0.837077650731043,1.0,0.7264279297096812,0.8756393963454143,0.7527185302296375,0.879704499961798,0.7377385275891226,0.7654185406530202,0.7526518453007994,0.726960110421123,0.7264425682076059,0.7228341319236501,0.7473302549502442,0.7228341319236486,0.8539289211765424,0.8456072858701786,0.7477534479446099,0.7269496264773708,0.8047818505070107,0.7384441790218756,0.7074875286010223,0.747753447944607,0.8446584185720667,0.815834425624512,0.747816170352276,0.7477534479446077,0.7633772980106217,0.744831340100583,0.8202955429260048,0.7477214976014877,0.8496508251787658,0.7663519577489207,0.732218064203785,0.7478161703522768,0.7527185302296378,0.7074875286010233,0.7442398124383325,0.8419616364327366,0.7377385275891217,0.8416401606814177,0.7377385275891215,0.8833295583937905,0.833774127472618,0.8533871937690739,0.7384979534550146,0.8581931456702772,0.7475588641133054,0.7264425682076052,0.8107533206076841,0.7442398124383325,0.7074875286010235,0.7233806369019905,0.7442398124383334,0.7264425682076057,0.7324091821174659,0.8726838164351127,0.7228341319236489,0.8463837045739866,0.7663656321742233,0.7384441790218708,0.8491644973291554,0.7297971674044279,0.8385600212712985,0.7448000130234658,0.8133494306851315,0.840215593762019,0.8343428832713762,0.7269496264773703,0.7523703722844504,0.8750921413933754,0.7699818121658624,0.8637251210598218,0.7377337589476585,0.7297971674044281,0.8599031436351874,0.7477214976014859,0.8818735599476675,0.7269496264773718,0.7787886484650319,0.732218064203785,0.8158974597273789,0.7523703722844495,0.8638722788048142,0.7526518453007993,0.7787152946669655,0.7377337589476585,0.8846568704701082,0.7233563131629459,0.8796879941316965,0.8224413539893888,0.7228454802268796,0.770990527227281,0.8117604567638468,0.7750744103640637,0.7475588641133072,0.7478161703522768,0.8581666478671299,0.7526518453007999,0.7523703722844514,0.7228454802268798,0.7472842417761474,0.7301181927911018,0.8706665517993468,0.7301181927911018,0.7324091821174654,0.7448313401005835,0.7442723661849948,0.7476992510046562,0.7616070141173252,0.8720054322462139,0.8132590653104479,0.744272366184995,0.8591050012370548,0.7233563131629465,0.7648659605160184,0.7473302549502422,0.8534075659281334,0.7475218299216254,0.8326744215963724,0.7522675844932089,0.8499912218518308,0.849029499805947,0.7600488024189896,0.7709303478150777,0.7264279297096798,0.8372451212333987,0.8591896048811978,0.8795349228084093,0.8234337331187837,0.8140023291792394,0.7685453119819998,0.7448313401005833,0.8683332485265288,0.7617989917383046,0.7233806369019936,0.7448000130234658,0.8506818479678047,0.7683382825397782,0.7687506555329149,0.845231500462998,0.8252153562845641,0.8082685659022533,0.7297971674044266,0.7269601104211216,0.7233806369019928,0.8690593623857168,0.7322180642037849,0.7301181927911016,0.8203484800123565,0.7602159171222398,0.8277428049325255,0.7228454802268776,0.7473302549502429,0.7527185302296386,0.8626073549260984,0.7476992510046572,0.8632794238042486,0.84317757254012,0.7233563131629466,0.8263855865881953,0.738497953455014,0.7448000130234654,0.8478923424991933,0.7475218299216254,0.8421305320412457,0.7442723661849944,0.7522675844932094,0.7705344043331066,0.7324091821174652,0.8161372842724153,0.8390217622625008,0.8691580647612083,0.7681925947352272,0.7472842417761468,0.75226758449321,0.8226398527959369,0.7074875286010232,0.7658918259051513,0.7761647210596849,0.7269601104211207,0.7689097942860286,0.8441704420067568,0.7477214976014864,0.7384441790218707,0.7475218299216253,0.8459508349012071,0.7737599270601281,0.7264279297096801,0.7384979534550138,0.747284241776146,0.8214460493709129
0696ddca280eb7dc,0.8037503592709079,0.7145456469202154,0.8016788362314515,0.8957207945380028,0.7168112526031121,0.8532323220150926,0.7264279297096812,1.0,0.7077903266742495,0.8643214730821108,0.7132473017935719,0.8956818303811154,0.8928713103678515,0.8642688043790371,0.8999944002781033,0.899999980422781,0.8996991674885106,0.8744425930411492,0.8996991674885106,0.7312493699802858,0.8216387327058372,0.8017539969924552,0.8999943581884372,0.8661225697468687,0.8952237431439423,0.897163065508783,0.8017539969924545,0.8071416595442313,0.8631081489055686,0.8730141723640499,0.8017539969924539,0.8931773148288207,0.8936812339727827,0.8555298417097978,0.8729874697843643,0.7327590837068897,0.8936689059302622,0.7498594888152164,0.8730141723640508,0.864321473082111,0.8971630655087823,0.894259587270457,0.8037763011100846,0.8956818303811156,0.7940875065318921,0.8956818303811162,0.7221177998295536,0.8678295995112935,0.7254114717798471,0.8952280091832785,0.7395686922498065,0.801678836231451,0.8999999804227805,0.8694911262839592,0.8942595872704568,0.8971630655087823,0.8996708546718312,0.8942595872704571,0.8999999804227811,0.7501010213376319,0.7212125762764473,0.8996991674885111,0.803678211368192,0.8910606549812492,0.8952237431439424,0.8034230951253796,0.7460216317266097,0.8601119553560854,0.8936595807907888,0.8560958549924533,0.6900340499794752,0.8600532224444883,0.8999943581884382,0.86224141271134,0.7237918847747202,0.8924932401312407,0.8048481700676149,0.8957207945380042,0.7460216317266108,0.7558391883778219,0.8729874697843647,0.8112254816574406,0.8999943581884376,0.8913500342937851,0.749859488815216,0.8556206741284643,0.8622414127113397,0.8160544565811103,0.8642688043790362,0.8912190063342071,0.8957207945380041,0.7312772548655078,0.8996711590275552,0.7966177827479902,0.8467556688803429,0.8996975873349595,0.8937827518666515,0.8682847216992831,0.8922377611715042,0.8016788362314509,0.8730141723640505,0.8084944706307038,0.8642688043790366,0.8622414127113402,0.8996975873349597,0.8742903343729485,0.7463622881315778,0.7882652731544981,0.746362288131578,0.7501010213376329,0.8936812339727837,0.8942680779687782,0.8037503592708839,0.8939102776101847,0.7990382972436254,0.8646745695280034,0.8942680779687782,0.7211688161828363,0.8996711590275553,0.8925858600852763,0.874442593041151,0.7230788076746275,0.8033684732706643,0.8149470019143648,0.8621287311565995,0.7241933557674279,0.7957758106013141,0.8934692535097266,0.8928290568588029,0.9000000000000001,0.8537089351649454,0.7362202202603614,0.7423186526100951,0.8645724558742335,0.8618903871367678,0.8929057301967248,0.8936812339727831,0.7375830068890931,0.8936628445363654,0.8996708546718308,0.893659580790789,0.804085909632407,0.8911452560169975,0.8932091731591212,0.7897389989297543,0.8640216213392957,0.8695423485312782,0.7460216317266102,0.8999944002781033,0.8996708546718304,0.7856684183379757,0.7498594888152166,0.7463622881315786,0.8616868896551843,0.893548752116591,0.8612441427629397,0.8996975873349603,0.8744425930411504,0.8643214730821103,0.758411949231879,0.8037503592708847,0.7994173762076149,0.821649575085328,0.899671159027556,0.867168192512582,0.8952280091832787,0.8936595807907899,0.711495203372919,0.8033684732706636,0.7723560539173713,0.8942680779687779,0.8621287311565995,0.8914420136540772,0.750101021337632,0.8630783037954263,0.792947606600778,0.8116607533635174,0.8933695711675449,0.8742903343729478,0.8621287311565986,0.8684038336691672,0.8971630655087822,0.8928100201175191,0.892680293778501,0.8999944002781037,0.893584175794628,0.7518994547213418,0.8729874697843641,0.8952237431439415,0.8033684732706639,0.8147414618734921,0.8897521536774557,0.9000000000000001,0.8952280091832774,0.8742903343729491,0.8581949488512013
097a3fd158c2ce82,0.7370817481798371,0.886513542996947,0.737394218032805,0.7210251463471417,0.853626966895676,0.8431500874382156,0.8756393963454143,0.7077903266742495,1.0,0.7410923357974742,0.8908410041148075,0.7210187685064195,0.7548308894892578,0.7410564138482043,0.708433056217596,0.7077987925582244,0.7039396905454408,0.7333780529732924,0.7039396905454401,0.8696233970583069,0.8426712938205981,0.7375357950141752,0.7084096373420478,0.8047950813180742,0.7219586052068466,0.6870215821055446,0.7375357950141761,0.8545286079918715,0.8041469799639246,0.7341673533962552,0.7375357950141761,0.7519909756886474,0.7291446140451352,0.8236828103030083,0.7340980155470314,0.8664356625022076,0.7495476063432016,0.7323489771415445,0.7341673533962544,0.7410923357974749,0.6870215821055451,0.7283353686710652,0.8533730765842295,0.7210187685064198,0.8509846684366558,0.7210187685064199,0.8948499253975652,0.8162235257441671,0.8687135119247713,0.7220030827908379,0.8704865604205381,0.7373942180328037,0.7077987925582241,0.8030690946180544,0.7283353686710646,0.6870215821055451,0.7045899934810589,0.7283353686710645,0.7077987925582239,0.732466927273672,0.8780691934941773,0.7039396905454407,0.8556612383234957,0.7537431030139358,0.7219586052068451,0.840580076052774,0.7301209288459013,0.8299709685293625,0.7290877647898983,0.8102095929305524,0.8685749988128217,0.8333119632708026,0.7084096373420476,0.7410534002488627,0.8705919797983541,0.7614282612248109,0.8589544649978151,0.7210251463471413,0.7301209288459014,0.8613302760222656,0.7340980155470315,0.8628461373979678,0.7084096373420482,0.7683718662208701,0.7323489771415443,0.8160816076858817,0.7410534002488628,0.8514718012030988,0.7410564138482044,0.7704493667553443,0.7210251463471415,0.879663975831438,0.704568477339502,0.8746421168033548,0.8297073259911527,0.7039455642771398,0.752168416241754,0.8086551450352125,0.7636162447225849,0.7373942180328033,0.7341673533962543,0.8576958476235954,0.741056413848204,0.7410534002488629,0.7039455642771398,0.7333164338879676,0.730464597534058,0.8792068995349223,0.7304645975340585,0.7324669272736721,0.7291446140451351,0.728352706052716,0.737081748179817,0.7471179163300519,0.8794346504516071,0.8131049301245803,0.728352706052716,0.8499311450997723,0.7045684773395023,0.7483901300975727,0.7333780529732925,0.8754484087906402,0.7368978925328303,0.8418405870942112,0.7409188883295211,0.8638135633645032,0.8654218671185278,0.7456438648755028,0.7582021411830075,0.7077903266742475,0.837890473118206,0.872892374422666,0.8636492286232947,0.8179474778572776,0.8153625013815223,0.7533462860546751,0.7291446140451349,0.8680934657794367,0.7489937152999451,0.7045899934810594,0.7290877647898982,0.8609721167590639,0.7572315520416836,0.7586673278233236,0.8600712334260743,0.8161492772247609,0.8011153392313728,0.7301209288459014,0.7084330562175962,0.7045899934810591,0.8870058725637382,0.7323489771415446,0.7304645975340582,0.8218970882756845,0.749123280912744,0.8240341299861278,0.7039455642771398,0.7333780529732921,0.7410923357974748,0.8602899530417246,0.7370817481798164,0.8664409489896859,0.8420507133033622,0.7045684773395025,0.8170871282983669,0.7220030827908376,0.7290877647898977,0.8699163907612805,0.7368978925328302,0.8625307358019649,0.7283527060527166,0.7409188883295217,0.7609490993088701,0.7324669272736721,0.8156797447959934,0.8436924972858938,0.8638792794825189,0.7529982226145466,0.7333164338879676,0.7409188883295217,0.8093957252371528,0.6870215821055439,0.7545927080768927,0.7613878344657532,0.7084330562175963,0.755639966571447,0.8579690097030163,0.7340980155470307,0.7219586052068461,0.7368978925328301,0.8521198149635383,0.7658388949742184,0.7077903266742476,0.722003082790837,0.7333164338879672,0.8266787066171971
0b12f8c03ba60c02,0.8761195985648074,0.7522271857503029,0.8748484921456898,0.8808895402751518,0.7459434478283431,0.8450050367184735,0.7527185302296375,0.8643214730821108,0.7410923357974742,1.0,0.7560749317172111,0.8809292880609768,0.8564524636060684,0.8999995347467173,0.8649765808254372,0.8643134645511461,0.8610107620542529,0.8949487334157793,0.861010762054254,0.7498329686233889,0.8186253199072496,0.8748779797411552,0.8649960799816911,0.8505158731612094,0.8813597608634067,0.8419473231027704,0.8748779797411553,0.8062729094590839,0.8442763216740319,0.8947390041596928,0.8748779797411551,0.8531852421093761,0.8878429441132135,0.843653782867016,0.8947449084152499,0.7579656507366949,0.8525946282058217,0.8551820057919034,0.8947390041596913,0.9,0.8419473231027704,0.8870178493725036,0.8105116724651232,0.8809292880609768,0.8031012906498587,0.8809292880609767,0.7480368413812732,0.8489643713665624,0.7559963736080907,0.8813495624217702,0.753165577928405,0.8748484921456887,0.8643134645511457,0.8476542536536902,0.8870178493725032,0.8419473231027708,0.8614551557476947,0.8870178493725034,0.8643134645511454,0.8553076052333975,0.7438950508864578,0.8610107620542529,0.8099844982407599,0.8538944461966292,0.8813597608634065,0.808432449050365,0.8530229137099512,0.8509448903543426,0.8878761597498046,0.8405326045058404,0.7263133356354712,0.8448885302406638,0.864996079981691,0.8999400896922185,0.735934801171056,0.8591162562796351,0.8003751193036357,0.880889540275152,0.8530229137099525,0.7630699277239389,0.894744908415251,0.8153445373575666,0.8649960799816907,0.8612766993970935,0.8551820057919037,0.842348821385919,0.8999400896922183,0.8094954302504392,0.899999534746717,0.8581881366212172,0.8808895402751519,0.748351873786677,0.8614599947786421,0.8130380936862602,0.8376212504058355,0.8610418114249727,0.8548653642212188,0.8428120983822734,0.8555021377797495,0.8748484921456892,0.8947390041596905,0.8190289309591035,0.8999995347467169,0.899940089692218,0.8610418114249728,0.8949304625426643,0.8531927314582625,0.8119846675068718,0.8531927314582624,0.8553076052333972,0.8878429441132141,0.8870034021396966,0.8761195985647826,0.8542140385928213,0.8061647572366653,0.8432261230434311,0.887003402139697,0.7506652031458761,0.861459994778643,0.8534630278062995,0.8949487334157792,0.7539895884448394,0.8759114202993248,0.8202559829098658,0.8999374566108214,0.7519751148961394,0.8098406212331665,0.8507194406426728,0.8556487499609201,0.8643214730821098,0.8514426048232588,0.7693839224303161,0.7515341335073141,0.8523010560913074,0.8469187951065329,0.8522007725181224,0.887842944113214,0.7660133037624608,0.8517278594065399,0.861455155747695,0.8878761597498044,0.820449321018663,0.8555459943616331,0.8609312527105248,0.8031232339107885,0.8407253947092277,0.8418755035981416,0.8530229137099512,0.8649765808254373,0.8614551557476945,0.8011237009181605,0.8551820057919035,0.8531927314582626,0.8545646218934,0.8570480047430675,0.8451202946374896,0.8610418114249726,0.8949487334157793,0.8999999999999999,0.7725659441428889,0.8761195985647818,0.8047975987027247,0.8112424645165626,0.8614599947786424,0.8437410758333007,0.8813495624217702,0.8878761597498043,0.747839433181011,0.8759114202993241,0.7879891928339509,0.8870034021396971,0.8999374566108214,0.8558987785207081,0.8553076052333977,0.8452163571658382,0.800594856571398,0.808632560351729,0.8523348466961889,0.8949304625426636,0.8999374566108211,0.8439617052131941,0.8419473231027694,0.8541021920594933,0.8586758212334292,0.8649765808254372,0.858413067323128,0.7750079919857633,0.8947449084152501,0.8813597608634064,0.8759114202993236,0.8085115000048453,0.8558706101259026,0.86432147308211,0.881349562421769,0.8949304625426633,0.8491749399240822
0b1b7bfe07a527a2,0.7553678318703516,0.893858974732733,0.7555476681668977,0.7312206277746476,0.8516434560101394,0.8407465235083189,0.879704499961798,0.7132473017935719,0.8908410041148075,0.7560749317172111,1.0,0.7312344079895207,0.7577355957077293,0.7560682232472913,0.7138727828694502,0.7132510220837995,0.709740867951167,0.7494919847160189,0.7097408679511675,0.86344960262044,0.844289849004022,0.7557524707258886,0.7138650951874908,0.8083212496420242,0.7322110408518467,0.6897435237030483,0.7557524707258894,0.8505051743061933,0.8065775993781872,0.7503481551468297,0.7557524707258896,0.7539551911253916,0.7385929633044199,0.8197992731471602,0.7502370679288757,0.8653709883222493,0.7526178099942662,0.7471557128493325,0.7503481551468277,0.75607493171721,0.6897435237030473,0.7378168507510318,0.8530117954665974,0.7312344079895212,0.8491148786952782,0.7312344079895206,0.8884998581737888,0.8207565676635574,0.854512586496633,0.7322783293001839,0.8628581743638384,0.7555476681668982,0.7132510220837992,0.8056979688372722,0.7378168507510314,0.6897435237030469,0.7104351004043505,0.7378168507510316,0.7132510220837992,0.7472038308731488,0.8751325668870603,0.7097408679511679,0.8458923652412342,0.7567755756115373,0.7322110408518488,0.8413206794292376,0.7448865177462374,0.8359064725116987,0.7385729694525252,0.8115289490961083,0.8542863554761317,0.8325826860582279,0.7138650951874903,0.7559982098133469,0.866049717860349,0.763669334388388,0.8568094221934491,0.7312206277746485,0.7448865177462376,0.8595835113516631,0.7502370679288768,0.8669681987446046,0.7138650951874905,0.7739183916548531,0.7471557128493334,0.816534452463416,0.7559982098133473,0.8514893908125999,0.7560682232472902,0.7717736538923158,0.7312206277746487,0.8724641295624028,0.7104038360451443,0.8811827500815563,0.8246923546989302,0.7097550455222477,0.7566129158059649,0.8077543390880326,0.7656802680148987,0.7555476681668978,0.7503481551468277,0.8592396910916403,0.7560682232472903,0.7559982098133462,0.7097550455222474,0.7494669746894672,0.7451187333299976,0.887255958402635,0.7451187333299973,0.7472038308731479,0.7385929633044196,0.7378211295640601,0.7553678318703293,0.7505792467937368,0.8755012733609283,0.8122493756867928,0.7378211295640598,0.8496943705693587,0.7104038360451446,0.7519347142637698,0.7494919847160195,0.8720963175957389,0.7552436805630847,0.8449650509342345,0.7559287527934806,0.8604766934498125,0.8633342680770132,0.7486648519499117,0.7609234854912343,0.7132473017935712,0.8448327797483983,0.8741222004691314,0.8623565086490397,0.8204481173210992,0.8166443692718353,0.7560834643389704,0.7385929633044193,0.8690934355551401,0.7509820402689108,0.7104351004043499,0.7385729694525247,0.862649810452939,0.7598370251949668,0.7620190663030187,0.8513886002623099,0.8168465420411474,0.8026989120853416,0.7448865177462376,0.7138727828694518,0.7104351004043502,0.8806907668386297,0.7471557128493337,0.7451187333299981,0.8244452024034581,0.753003289049634,0.824859158864403,0.7097550455222476,0.7494919847160196,0.7560749317172102,0.8616347021893869,0.7553678318703294,0.8650300295448776,0.841660402259157,0.7104038360451435,0.816463252921982,0.7322783293001849,0.7385729694525247,0.8576322986187919,0.7552436805630847,0.852159603776681,0.7378211295640607,0.7559287527934804,0.7615423547254394,0.747203830873148,0.8113309213035269,0.84294701888218,0.8596566817489649,0.7551603054751134,0.7494669746894678,0.7559287527934804,0.8111809022823109,0.6897435237030474,0.7549542335660373,0.7664397013034363,0.7138727828694522,0.7589388719845473,0.861369203188245,0.7502370679288768,0.7322110408518496,0.7552436805630841,0.8475073368706071,0.7660213392642075,0.7132473017935708,0.7322783293001851,0.7494669746894664,0.826722226127152
0da6e0dd3722066e,0.8363937158416638,0.7305148768435688,0.834832051891246,0.8999997412234557,0.7283380326331852,0.8556587167295255,0.7377385275891226,0.8956818303811154,0.7210187685064195,0.8809292880609768,0.7312344079895207,1.0,0.8889593324346257,0.8809182787291965,0.8958605395195985,0.8956746842498196,0.8955319055187032,0.8906817964180712,0.895531905518703,0.744332018054277,0.8267595399919041,0.834888104858294,0.8958670563072274,0.8681106984224158,0.8999800584346878,0.8869672757742444,0.8348881048582936,0.814139545377704,0.8626227231937933,0.8898763616059278,0.8348881048582945,0.8880706107811669,0.8981886446507494,0.8574544933161381,0.8898604648178798,0.748472032079255,0.8878362639002088,0.7859677152738835,0.8898763616059263,0.8809292880609767,0.8869672757742451,0.8983843081487255,0.8134818678699482,0.9000000000000004,0.8012948818106347,0.8999999999999998,0.7354345465264214,0.8675035054095379,0.7387615568241923,0.899980465753579,0.7500542046942977,0.8348320518912458,0.8956746842498204,0.8692386363460032,0.8983843081487253,0.8869672757742448,0.8957384703786198,0.8983843081487248,0.8956746842498202,0.7861143060826761,0.7339228789248415,0.8955319055187043,0.8104788774893876,0.8857791282610181,0.8999800584346883,0.8089089842514163,0.7825239105040203,0.8630676017786262,0.8981858165565066,0.8562439220628215,0.7045107329185248,0.8616485362974136,0.8958670563072283,0.8794043337985435,0.7348689024716466,0.8886899090678924,0.8106859787652103,0.8999997412234552,0.7825239105040196,0.7651261679697134,0.8898604648178798,0.8167347440477966,0.8958670563072282,0.8886470556933755,0.785967715273884,0.8569182522077773,0.8794043337985444,0.8199879786204614,0.880918278729196,0.8872451511572201,0.8999997412234548,0.7427355871422892,0.8957394982273164,0.8065445767456949,0.8491925357549108,0.8955466528409204,0.8882390085754304,0.8672912325700594,0.8877076130665171,0.8348320518912464,0.889876361605926,0.8174879610581871,0.880918278729196,0.8794043337985442,0.8955466528409204,0.8905976360740888,0.7827880526658787,0.8006016093893322,0.7827880526658791,0.7861143060826761,0.898188644650749,0.8983735754322825,0.8363937158416397,0.8885029847217242,0.8068723775131941,0.8653668615175562,0.8983735754322819,0.7329589450617289,0.8957394982273164,0.8868995961435424,0.8906817964180715,0.7371012012321299,0.8361102336836767,0.8232154668073128,0.8793318564633348,0.7366637760053106,0.8049827205199562,0.8874282549655825,0.8881921346159339,0.8956818303811145,0.8587892625452449,0.7518310886216001,0.7508380219674993,0.8670951104329969,0.86477764724882,0.8875682435241355,0.8981886446507485,0.7518504011684524,0.8877410915562098,0.89573847037862,0.8981858165565074,0.8146663732116248,0.8865229486310395,0.8899338497770537,0.7984499518576189,0.8641172908227159,0.8681640341671322,0.7825239105040196,0.8958605395195987,0.8957384703786204,0.7941230905723838,0.7859677152738841,0.7827880526658789,0.8655991276287436,0.8892609928063597,0.86268545606674,0.8955466528409206,0.8906817964180715,0.8809292880609771,0.7686208409997307,0.83639371584164,0.8069825003685223,0.8254884902504155,0.895739498227316,0.8668101431886298,0.8999804657535799,0.8981858165565069,0.7265759882535456,0.8361102336836763,0.7812462806878975,0.8983735754322821,0.8793318564633353,0.8869417354222124,0.7861143060826759,0.8634518489303862,0.7988783345645256,0.8171885570279391,0.8877784820967818,0.8905976360740893,0.8793318564633354,0.8673281168144364,0.8869672757742446,0.8874887142725802,0.8887858206043988,0.8958605395195985,0.889517054578598,0.765770075708923,0.8898604648178797,0.8999800584346891,0.836110233683676,0.819358038123267,0.8856478682309116,0.8956818303811155,0.8999804657535795,0.8905976360740886,0.8611032638946388
1011fd6bd8157dd4,0.7982307765726705,0.7573969721793319,0.796340686884075,0.8890051428699144,0.7670060956331674,0.8766679832076889,0.7654185406530202,0.8928713103678515,0.7548308894892578,0.8564524636060684,0.7577355957077293,0.8889593324346257,1.0,0.8563927196902477,0.892788849717256,0.8928750575922267,0.8927717348515054,0.8677120642283631,0.8927717348515052,0.7836239913535543,0.8565667555002978,0.7964154999385464,0.8927802132220919,0.887833446077802,0.8885398268076315,0.8899590625057965,0.7964154999385449,0.8466255366783559,0.8833040277234779,0.866351407761181,0.7964154999385453,0.8997395632930609,0.8862022126733022,0.8794220695819637,0.8663195944783886,0.7852407571389242,0.898789670383519,0.7440638840268218,0.8663514077611798,0.8564524636060689,0.8899590625057968,0.8869713511268456,0.8439825689188873,0.8889593324346254,0.8336223201071967,0.8889593324346252,0.7677845527164682,0.8851946879158021,0.7716488835807084,0.8885506567065414,0.788770181280624,0.796340686884075,0.8928750575922269,0.8899299635018845,0.8869713511268456,0.8899590625057968,0.8927617484581132,0.886971351126846,0.8928750575922269,0.7442968613150586,0.7701726862360061,0.8927717348515052,0.8390425684323879,0.8982164487268451,0.8885398268076304,0.8380877286596982,0.739758234320458,0.8805893392725161,0.8861612151094729,0.8795582621257543,0.744129324456845,0.8821194048776818,0.8927802132220921,0.854029188562638,0.7724839862855473,0.898882835353835,0.8421807251498783,0.8890051428699146,0.7397582343204585,0.8032231252572206,0.8663195944783884,0.8412746032564155,0.8927802132220921,0.8981677011853334,0.7440638840268221,0.8798569630416624,0.8540291885626375,0.8493213080643428,0.8563927196902463,0.8983684184370913,0.8890051428699144,0.7743369127671589,0.8927583380081188,0.8304853595537578,0.8734942972174183,0.8927666506678003,0.8979185025306522,0.8891840240108926,0.8987686176642761,0.7963406868840754,0.8663514077611794,0.8411149935993697,0.8563927196902469,0.8540291885626383,0.8927666506678003,0.8675518635201093,0.7401473493231887,0.8240730441804223,0.7401473493231887,0.7442968613150585,0.8862022126733026,0.886986917839959,0.7982307765726472,0.8994494102405712,0.835142618325922,0.887804050261837,0.886986917839959,0.7672162749801316,0.8927583380081191,0.8980430107407547,0.8677120642283629,0.7689204103902909,0.7978478328340576,0.8516543918189541,0.8538845657988671,0.7752103806151013,0.8321850909844486,0.899035914553823,0.8993441585110624,0.8928713103678514,0.8761404864187667,0.7783636294859293,0.7853279520897408,0.8842749766099137,0.886008377968088,0.8989817074237509,0.8862022126733022,0.7787040436220051,0.8992232610642591,0.8927617484581143,0.8861612151094733,0.8374767552017606,0.8986447636548474,0.8987460691965923,0.8286847981933276,0.8859237184805632,0.8900258642565779,0.739758234320458,0.8927888497172558,0.8927617484581136,0.8233401357239697,0.7440638840268223,0.7401473493231889,0.881965480450301,0.8996169186709825,0.8840619054470318,0.8927666506678003,0.8677120642283628,0.8564524636060691,0.8048523101133611,0.7982307765726471,0.837564666624782,0.856975837368695,0.8927583380081188,0.886543894597341,0.8885506567065414,0.8861612151094735,0.7613378076972239,0.7978478328340577,0.8151417405915118,0.886986917839959,0.8538845657988674,0.8988196261055111,0.7442968613150583,0.8840329234343474,0.8315976953933275,0.8447882053743786,0.8984583442374103,0.8675518635201087,0.8538845657988673,0.8879273282530772,0.8899590625057963,0.8986946472761471,0.8983683895358332,0.8927888497172554,0.898904237577484,0.8004393979570231,0.8663195944783884,0.88853982680763,0.7978478328340577,0.8512294064362337,0.8984320671885274,0.8928713103678514,0.8885506567065413,0.8675518635201086,0.880455783112995
10adb95fb3a9f9e7,0.8761893628879248,0.7522156535071076,0.8749247679027831,0.8808781011963817,0.7458770413432225,0.8449522121346976,0.7526518453007994,0.8642688043790371,0.7410564138482043,0.8999995347467173,0.7560682232472913,0.8809182787291965,0.8563927196902477,1.0,0.8649241203950595,0.8642606107113606,0.8609685784469354,0.8949767884150195,0.8609685784469364,0.7498039005163674,0.8185625733422953,0.8749533809175438,0.8649437288787547,0.8504644741402074,0.8813525055825294,0.8418819195833397,0.8749533809175429,0.8062271963518675,0.8441993918477786,0.8947726155832981,0.8749533809175434,0.8531232358683334,0.887810441270607,0.8435913397750291,0.8947789308402652,0.7579390224284992,0.8525298798035974,0.8552414678547193,0.8947726155832976,0.8999995347467178,0.8418819195833397,0.886985006456924,0.8104700884425534,0.8809182787291971,0.8030482889509505,0.8809182787291973,0.748009588709841,0.8488904926660782,0.7559400468154552,0.8813421148980386,0.7530977079605643,0.8749247679027823,0.8642606107113633,0.8475866104801185,0.8869850064569241,0.8418819195833406,0.8614149222473045,0.8869850064569227,0.8642606107113641,0.8553651434853295,0.7438495953770392,0.8609685784469359,0.8099169170528753,0.8538214820345094,0.8813525055825286,0.8083578946257646,0.853082506331115,0.8508994022310279,0.8878439455974572,0.8404545193664,0.7262711330342309,0.8448377520913616,0.8649437288787544,0.8999407251145155,0.7358893008156926,0.8590580369941975,0.8003162245061592,0.8808781011963818,0.8530825063311149,0.7630302142787551,0.8947789308402645,0.8152709583958082,0.8649437288787559,0.8612239352329338,0.8552414678547196,0.8422868935168468,0.8999407251145156,0.8094459816013014,0.9000000000000004,0.8581292827293695,0.8808781011963813,0.7483216146293843,0.8614198312554098,0.8130083656314427,0.8375574037139218,0.8609998026596763,0.8547955081691789,0.8427342991450344,0.8554438032436833,0.874924767902782,0.8947726155832973,0.8190185948199771,0.9000000000000005,0.8999407251145154,0.8609998026596757,0.894959323119384,0.8532509703674804,0.8119621951091274,0.8532509703674807,0.8553651434853293,0.8878104412706064,0.8869700934632966,0.8761893628878993,0.854146823040626,0.8061246216853679,0.8431695090721281,0.8869700934632962,0.7506026706136045,0.8614198312554087,0.8533907949073124,0.8949767884150182,0.7539582476355609,0.8759826401706651,0.8202162835175562,0.8999387017808483,0.7519360249784961,0.8098005221307476,0.8506526971717331,0.8555851371732904,0.8642688043790359,0.8514037619636169,0.7694120853294224,0.7515012324937558,0.8522681174485727,0.8468659224038304,0.8521337432644569,0.8878104412706056,0.7660248809272231,0.8516556756411381,0.8614149222473064,0.8878439455974577,0.8204565481397881,0.8554810612034268,0.8608877775649414,0.8030700331960281,0.8406592958146651,0.8418103543341985,0.8530825063311147,0.8649241203950595,0.8614149222473065,0.8010789862028375,0.85524146785472,0.8532509703674793,0.8545459871163781,0.8569888754777444,0.845059502184597,0.8609998026596755,0.8949767884150182,0.899999534746718,0.7725143891581285,0.8761893628879002,0.8047433751840163,0.8111857666936115,0.8614198312554093,0.8436847801515572,0.8813421148980396,0.8878439455974569,0.7478022140130292,0.875982640170666,0.7879334478297546,0.8869700934632972,0.8999387017808489,0.8558336748243661,0.8553651434853304,0.8451453186276444,0.8005186706186264,0.8085864417887995,0.8522732490230653,0.8949593231193826,0.8999387017808491,0.843901284569331,0.8418819195833394,0.8540333455458425,0.8586191532396596,0.8649241203950595,0.8583617320618857,0.7749830572560192,0.8947789308402647,0.8813525055825295,0.8759826401706656,0.8084340592541975,0.8558049506878321,0.8642688043790382,0.8813421148980385,0.894959323119383,0.8491247539236878
11a58354e7390e0d,0.8047759912248822,0.715095689967759,0.8027179155452592,0.8958988658568506,0.7169801994025451,0.8534220914966753,0.726960110421123,0.8999944002781033,0.708433056217596,0.8649765808254372,0.7138727828694502,0.8958605395195985,0.892788849717256,0.8649241203950595,1.0,0.8999943529347969,0.8996618704924664,0.8749390909572643,0.899661870492467,0.7315720109091626,0.821704104371732,0.8027935907070315,0.8999999750985975,0.8661349752467549,0.895415289485071,0.896973880954128,0.8027935907070319,0.8072989952901489,0.8630378181957118,0.8735287641305232,0.802793590707032,0.8930735007821798,0.8939634601322378,0.8555809701418224,0.873501980056204,0.7330933552409216,0.8935560344723029,0.7512115023273371,0.8735287641305233,0.8649765808254379,0.8969738809541279,0.8945178137079879,0.80396439139842,0.8958605395195989,0.794191863716617,0.8958605395195983,0.7226777450984841,0.8678887125420625,0.7258474364440783,0.8954195972924961,0.7398372483116651,0.8027179155452592,0.8999943529347978,0.8694485750150079,0.8945178137079874,0.8969738809541278,0.8996402238415545,0.8945178137079876,0.899994352934798,0.7514526421903649,0.7216659372087938,0.8996618704924664,0.8038941391647682,0.8909155563481093,0.8954152894850699,0.8034802514379724,0.7474077280960097,0.8602214161104744,0.8939419725203782,0.8560249947268905,0.6904333530388896,0.8601653922709539,0.8999999750985972,0.8629318583087715,0.7241155132184358,0.892479543857617,0.8049972828042877,0.8958988658568512,0.7474077280960102,0.7559947207679685,0.8735019800562047,0.811498629998944,0.8999999750985983,0.891334189782914,0.7512115023273379,0.8556052438282784,0.8629318583087711,0.8161959102775433,0.8649241203950593,0.8912001617771568,0.8958988658568513,0.7317043664579389,0.899640502547464,0.7969408452332145,0.8468224524496064,0.899660554523801,0.8936919474583337,0.868251835230693,0.8921765871923051,0.8027179155452593,0.8735287641305236,0.8088293166071685,0.8649241203950596,0.8629318583087714,0.899660554523801,0.8747878995511527,0.7477476060909187,0.7886809696802046,0.747747606090919,0.7514526421903643,0.893963460132237,0.8945262162542975,0.8047759912248589,0.8937843384869667,0.7993665633413627,0.8646855293730061,0.8945262162542972,0.7213956682389064,0.8996405025474641,0.8924370007382456,0.8749390909572642,0.7236840482252406,0.8043953661846908,0.8150817718243477,0.8628196606822953,0.724425114633092,0.7961801526656057,0.8933210038914033,0.8927628053534207,0.8999944002781033,0.8539001532899688,0.736800216277065,0.7426370675616477,0.8647022806373619,0.8619347808677101,0.8927963653034204,0.893963460132237,0.7381257965136522,0.8935362949434414,0.8996402238415542,0.8939419725203772,0.8044735302309618,0.8910313585198735,0.8931922918358834,0.7899647600375622,0.8640227397652076,0.8694601777691573,0.7474077280960097,0.9000000000000006,0.899640223841554,0.7860897841110743,0.7512115023273377,0.7477476060909198,0.8618663758705909,0.8934531988562826,0.861330366865171,0.8996605545238008,0.8749390909572639,0.864976580825438,0.7586031557997912,0.8047759912248587,0.7996838813597659,0.8216687403409915,0.8996405025474642,0.8671782946243336,0.8954195972924966,0.893941972520377,0.711910928981132,0.8043953661846908,0.7725887523005468,0.8945262162542975,0.8628196606822951,0.8913535516665073,0.7514526421903643,0.8631101746892003,0.7929849436956667,0.8118548461328012,0.893256471024935,0.8747878995511528,0.8628196606822949,0.8683980958718196,0.8969738809541276,0.8927085282630235,0.8926183370356732,0.9000000000000006,0.8935378035065396,0.7521608884578808,0.8735019800562034,0.8954152894850704,0.8043953661846903,0.8148418250572975,0.8896751607992144,0.8999944002781037,0.8954195972924957,0.8747878995511523,0.8583835697646982
125c172c879e268d,0.8037289768725937,0.7145498731896421,0.8016563071083405,0.8957137309904941,0.7168280342625802,0.8532388108390379,0.7264425682076059,0.899999980422781,0.7077987925582244,0.8643134645511461,0.7132510220837995,0.8956746842498196,0.8928750575922267,0.8642606107113606,0.8999943529347969,1.0,0.8996971481479321,0.8744289261699663,0.899697148147932,0.7312556068359031,0.8216491848968682,0.8017316461824364,0.8999942851060306,0.8661277342853235,0.8952159469466721,0.8971648462296038,0.8017316461824364,0.8071485902086822,0.8631197523980443,0.8729995464654655,0.8017316461824356,0.8931811975409119,0.8936782364461101,0.8555384128581557,0.8729727546890871,0.7327655859024811,0.8936733395904999,0.7498414606770076,0.8729995464654646,0.8643134645511457,0.8971648462296042,0.8942566305627585,0.8037831688179657,0.8956746842498198,0.7940988377281295,0.8956746842498193,0.7221256824156961,0.8678399152695402,0.7254246993036011,0.8952202571148362,0.7395824308880876,0.801656307108339,0.8999999999999999,0.8694994536102734,0.894256630562758,0.897164846229604,0.8996684985209733,0.8942566305627582,0.8999999999999999,0.7500833569391799,0.7212210940423974,0.8996971481479327,0.8036907039240729,0.8910676646853339,0.8952159469466713,0.8034382206888819,0.746003593543283,0.8601171697283394,0.8936565176606945,0.85610796437881,0.6900466036989247,0.8600596217957497,0.8999942851060313,0.8622332185438312,0.7238021817207424,0.8924959899246689,0.8048587413054193,0.8957137309904946,0.7460035935432836,0.755848492113909,0.8729727546890864,0.8112390692893388,0.8999942851060307,0.8913532286760122,0.749841460677007,0.8556298140680092,0.8622332185438304,0.8160613792544297,0.8642606107113618,0.8912229636358581,0.8957137309904948,0.731285116479452,0.8996687859522499,0.7966233103110237,0.8467654127514511,0.8996955341270676,0.893788713022019,0.8682947343449977,0.892241748415162,0.8016563071083395,0.8729995464654647,0.8084927882411158,0.864260610711362,0.8622332185438306,0.8996955341270678,0.8742765138080606,0.7463445273218685,0.7882700046085787,0.7463445273218685,0.75008335693918,0.8936782364461097,0.8942652174627481,0.8037289768725702,0.893915325475232,0.7990461801980155,0.864680518130014,0.8942652174627481,0.7211849681824183,0.8996687859522497,0.8925925537223256,0.8744289261699658,0.7230814709469049,0.8033468154932714,0.8149529111174796,0.8621204045309637,0.7242050313736725,0.795779333473177,0.8934743762199694,0.8928334386856616,0.8999999804227806,0.8537134709456697,0.7362119206101481,0.7423238827542805,0.8645730347919894,0.8618961984247357,0.8929110485837815,0.8936782364461096,0.7375781588003574,0.8936687024487736,0.8996684985209733,0.8936565176606949,0.8040806647080297,0.8911507730194056,0.8932091725890724,0.7897494386859125,0.8640302858089318,0.8695505509167081,0.746003593543283,0.8999943529347971,0.8996684985209732,0.7856765471275664,0.749841460677008,0.746344527321869,0.8616846053797771,0.8935522291325235,0.8612511359520766,0.8996955341270672,0.8744289261699657,0.8643134645511457,0.7584226791328933,0.8037289768725706,0.7994258860433187,0.8216594562208522,0.8996687859522496,0.8671750051415061,0.8952202571148367,0.8936565176606943,0.7115054284721876,0.803346815493271,0.7723682290812373,0.8942652174627486,0.8621204045309638,0.8914472477712462,0.7500833569391804,0.8630879504706686,0.7929632237335029,0.8116690419070745,0.8933738506448703,0.8742765138080603,0.8621204045309637,0.86841034253076,0.8971648462296038,0.8928156813596542,0.8926838919534588,0.899994352934797,0.8935857427750852,0.751904842274149,0.8729727546890863,0.8952159469466715,0.8033468154932708,0.8147544770781808,0.8897579140845886,0.8999999804227804,0.8952202571148357,0.8742765138080598,0.8581985333728114
12669dde81c003db,0.8014362522165426,0.7110743227057523,0.7994668989710491,0.8955670301600943,0.7124178179555636,0.8512164270271994,0.7228341319236501,0.8996991674885106,0.7039396905454408,0.8610107620542529,0.709740867951167,0.8955319055187032,0.8927717348515054,0.8609685784469354,0.8996618704924664,0.8996971481479321,1.0,0.8735064238114048,0.9000000000000006,0.7293173544262757,0.8195559791491123,0.799540573623895,0.8996615535245942,0.8649143133245051,0.8951185263274701,0.8977433175237004,0.7995405736238952,0.8056767698039495,0.8613797140230004,0.8721538868190142,0.7995405736238947,0.8931653462956012,0.8920764186205501,0.8537078688491749,0.8721267515878275,0.7308524295037369,0.893523343802435,0.743835583116266,0.8721538868190131,0.861010762054254,0.8977433175236998,0.8927215652611944,0.8022245581710437,0.8955319055187041,0.791080061096306,0.895531905518703,0.7194368759475069,0.8663211772695039,0.7216688239936422,0.8951233977350731,0.7371257724861094,0.7994668989710476,0.8996971481479332,0.8682967438254,0.8927215652611942,0.8977433175236993,0.8999946851870315,0.8927215652611935,0.899697148147933,0.744052611603203,0.7184954904492442,0.9000000000000009,0.800947568803817,0.8904565589443961,0.8951185263274701,0.8003179485190921,0.7399132844747336,0.858419629543749,0.8920542331094069,0.8540675787288485,0.6859071135975048,0.8587826097206208,0.8996615535245959,0.8588466781918328,0.7220095273383025,0.891972228065949,0.803412204048598,0.8955670301600946,0.7399132844747334,0.7539168787760929,0.8721267515878282,0.8085100819097555,0.8996615535245949,0.8907556384648281,0.7438355831162652,0.8537527424598081,0.858846678191832,0.8142489135777011,0.8609685784469342,0.8905983599916528,0.8955670301600946,0.7292430890657706,0.8999945988455327,0.7937988488084479,0.8447040614578234,0.8999999545964953,0.8934510315703932,0.8673544799407975,0.8919806006955074,0.7994668989710481,0.8721538868190128,0.8060918186892294,0.8609685784469349,0.8588466781918322,0.8999999545964946,0.8733618317131224,0.7402459633484679,0.7852711760568907,0.7402459633484679,0.7440526116032034,0.8920764186205496,0.8927249789889891,0.8014362522165195,0.8936765970070826,0.7968652545816213,0.8639182762013697,0.8927249789889886,0.716917651433568,0.899994598845532,0.8921577286719062,0.8735064238114052,0.7196943738357982,0.8010700735806797,0.8129288149000335,0.8587343710841017,0.7204699795313976,0.7929571839509956,0.8934714580000599,0.8925469580528511,0.89969916748851,0.8517850869810024,0.733233466671738,0.7400554001713582,0.8631292077281364,0.8610043166215133,0.8928784567205321,0.8920764186205485,0.7346453203024434,0.8935708781948106,0.899994685187031,0.8920542331094072,0.8015507087694116,0.8905869850334919,0.8927589717492617,0.7866893783902071,0.8632548236011209,0.8688284296581668,0.739913284474734,0.8996618704924659,0.8999946851870314,0.7824688343611961,0.7438355831162656,0.7402459633484682,0.8600899087174093,0.8932867825021433,0.8599370806040914,0.8999999545964956,0.8735064238114053,0.8610107620542544,0.7557351835157267,0.8014362522165197,0.7972008135708728,0.8202345740996343,0.8999945988455318,0.8664132050461948,0.895123397735074,0.8920542331094072,0.7075679727261557,0.8010700735806799,0.769046091198508,0.8927249789889888,0.8587343710841016,0.8909281343143036,0.7440526116032035,0.8615733466590105,0.7895598775641565,0.8101391054894137,0.8933759323994631,0.8733618317131215,0.8587343710841014,0.8673935811641311,0.8977433175237006,0.8924759814252472,0.8922367206435995,0.8996618704924666,0.8932300148783799,0.7494099395436398,0.8721267515878278,0.8951185263274688,0.8010700735806803,0.8129587564205266,0.8891225291058851,0.8996991674885109,0.8951233977350737,0.8733618317131223,0.8564277823062667
13d69fe22b314ac7,0.8734050689917817,0.7462008866876212,0.8723997220984601,0.89063340765804,0.7379363924557163,0.8470653168030633,0.7473302549502442,0.8744425930411492,0.7333780529732924,0.8949487334157793,0.7494919847160189,0.8906817964180712,0.8677120642283631,0.8949767884150195,0.8749390909572643,0.8744289261699663,0.8735064238114048,1.0,0.8735064238114052,0.7521694696600667,0.821779113132321,0.87243688248523,0.8749558273984697,0.8569050034412904,0.8911995445175168,0.8561391940136813,0.8724368824852301,0.8113744371105687,0.8488908851138798,0.8999552677873213,0.87243688248523,0.8650152783717144,0.8916302610317088,0.8474746274529645,0.899953532822545,0.7598618432706148,0.8639888190379619,0.8349739155548639,0.8999552677873202,0.89494873341578,0.8561391940136807,0.891148941254724,0.8146805900917569,0.8906817964180715,0.8011244712368217,0.8906817964180713,0.7454519663291197,0.8541125620984333,0.7502252318460381,0.8911941722232299,0.7547697743650432,0.8723997220984594,0.8744289261699667,0.854752699894409,0.8911489412547232,0.8561391940136811,0.8739983390328916,0.8911489412547229,0.8744289261699667,0.8350329042954843,0.7432801777574369,0.873506423811405,0.8096192054515041,0.8633504717918163,0.8911995445175174,0.806630847399864,0.8323329173090005,0.8545762303612754,0.8916562965684931,0.8438949387059306,0.7182532575544037,0.8503591488698963,0.8749558273984708,0.8944137321321268,0.7396603009423666,0.8684984157363209,0.8061454557725124,0.8906334076580394,0.8323329173090007,0.766459374043782,0.8999535328225452,0.8147300398734963,0.8749558273984706,0.86996313150065,0.8349739155548646,0.8458730011112388,0.8944137321321273,0.813644842084333,0.8949767884150185,0.8669009470905682,0.8906334076580389,0.7491399254999822,0.8740008574295637,0.8108984829828029,0.8402699084752169,0.873541054453602,0.8652258971386949,0.8514657393527726,0.86587484687273,0.8723997220984594,0.8999552677873203,0.8195347388789107,0.8949767884150185,0.894413732132127,0.8735410544536022,0.8999991584257931,0.8324981851813942,0.8085453296719639,0.8324981851813943,0.8350329042954849,0.8916302610317088,0.8911203466507139,0.8734050689917565,0.8652607878810958,0.8068386684354141,0.8518070834470971,0.8911203466507138,0.7428993608324249,0.8740008574295635,0.863646762780829,0.9000000000000002,0.7498737960621654,0.8732355357905919,0.8227436843174142,0.8944005559076751,0.7461375639823988,0.8085498200687673,0.8628488882384833,0.8662994894933566,0.8744425930411508,0.8536307907780314,0.7657370924086676,0.753211712857742,0.8574821113845232,0.8545339895378196,0.8641391951808846,0.8916302610317088,0.7636365239504488,0.8635999032061902,0.8739983390328923,0.8916562965684938,0.8193764115234717,0.8649310021684697,0.870297068431354,0.8009655121496224,0.8496183549213752,0.8511531550356489,0.8323329173090008,0.8749390909572635,0.8739983390328925,0.7971416747796299,0.8349739155548641,0.8324981851813938,0.8583464519582491,0.8676658499246649,0.8513259306039606,0.8735410544536025,0.9000000000000004,0.8949487334157797,0.772751035956107,0.8734050689917565,0.8067634380688167,0.8173663554399098,0.8740008574295637,0.8518903638693632,0.8911941722232304,0.8916562965684937,0.7408616533669684,0.8732355357905924,0.7844438425174667,0.8911203466507144,0.8944005559076753,0.8655462212486982,0.8350329042954853,0.8506759944488045,0.7976844330057871,0.8127580486477382,0.8640472289098297,0.8999991584257924,0.8944005559076749,0.851755054355698,0.856139194013681,0.8646348643383356,0.8682294298779704,0.8749390909572639,0.8685546592049374,0.7749242709104089,0.8999535328225452,0.8911995445175163,0.8732355357905922,0.8134761818116989,0.8649450362021465,0.8744425930411501,0.8911941722232303,0.8999991584257923,0.8529026083748735
1400b50f0dd7f4b7,0.8014362522165424,0.7110743227057554,0.7994668989710474,0.8955670301600946,0.7124178179555637,0.8512164270272,0.7228341319236486,0.8996991674885106,0.7039396905454401,0.861010762054254,0.7097408679511675,0.895531905518703,0.8927717348515052,0.8609685784469364,0.899661870492467,0.899697148147932,0.9000000000000006,0.8735064238114052,1.0,0.7293173544262779,0.8195559791491132,0.7995405736238952,0.8996615535245944,0.8649143133245036,0.8951185263274688,0.8977433175237006,0.7995405736238954,0.8056767698039509,0.8613797140230008,0.8721538868190153,0.7995405736238963,0.8931653462956017,0.8920764186205491,0.8537078688491758,0.8721267515878275,0.7308524295037362,0.8935233438024357,0.7438355831162652,0.8721538868190133,0.8610107620542542,0.8977433175237008,0.8927215652611937,0.802224558171042,0.8955319055187032,0.7910800610963054,0.8955319055187028,0.7194368759475056,0.8663211772695028,0.7216688239936402,0.8951233977350733,0.7371257724861096,0.7994668989710483,0.8996971481479321,0.8682967438253998,0.8927215652611935,0.8977433175237005,0.8999946851870306,0.8927215652611933,0.8996971481479323,0.744052611603203,0.7184954904492409,0.8999999999999998,0.8009475688038161,0.8904565589443953,0.8951185263274686,0.8003179485190908,0.7399132844747339,0.8584196295437498,0.8920542331094061,0.8540675787288475,0.6859071135975057,0.8587826097206214,0.8996615535245946,0.8588466781918325,0.7220095273383043,0.8919722280659508,0.8034122040486003,0.8955670301600946,0.7399132844747336,0.7539168787760907,0.8721267515878275,0.8085100819097546,0.8996615535245946,0.8907556384648274,0.7438355831162655,0.8537527424598077,0.8588466781918321,0.8142489135777025,0.8609685784469342,0.8905983599916535,0.8955670301600935,0.7292430890657673,0.8999945988455318,0.79379884880845,0.844704061457824,0.8999999545964948,0.8934510315703927,0.8673544799407964,0.8919806006955073,0.7994668989710481,0.8721538868190131,0.8060918186892294,0.8609685784469345,0.8588466781918322,0.8999999545964951,0.8733618317131218,0.7402459633484676,0.7852711760568905,0.7402459633484682,0.7440526116032034,0.8920764186205482,0.8927249789889888,0.8014362522165202,0.8936765970070828,0.7968652545816212,0.8639182762013715,0.8927249789889888,0.7169176514335664,0.8999945988455318,0.8921577286719053,0.8735064238114045,0.7196943738357968,0.8010700735806795,0.8129288149000315,0.858734371084101,0.720469979531398,0.7929571839509948,0.8934714580000582,0.8925469580528507,0.89969916748851,0.8517850869810022,0.7332334666717379,0.7400554001713602,0.8631292077281367,0.8610043166215129,0.8928784567205335,0.8920764186205479,0.7346453203024426,0.8935708781948093,0.8999946851870313,0.892054233109407,0.801550708769412,0.890586985033491,0.8927589717492623,0.7866893783902078,0.8632548236011214,0.8688284296581654,0.7399132844747334,0.8996618704924657,0.8999946851870312,0.7824688343611943,0.7438355831162655,0.7402459633484675,0.8600899087174101,0.8932867825021431,0.8599370806040902,0.8999999545964947,0.873506423811405,0.861010762054254,0.7557351835157292,0.8014362522165193,0.7972008135708705,0.8202345740996314,0.899994598845532,0.8664132050461943,0.8951233977350734,0.892054233109407,0.7075679727261568,0.8010700735806795,0.7690460911985091,0.8927249789889891,0.8587343710841013,0.8909281343143045,0.7440526116032031,0.8615733466590096,0.7895598775641557,0.8101391054894118,0.8933759323994621,0.8733618317131215,0.8587343710841012,0.8673935811641322,0.8977433175237004,0.8924759814252468,0.8922367206435997,0.8996618704924655,0.8932300148783795,0.7494099395436378,0.8721267515878273,0.8951185263274694,0.8010700735806795,0.8129587564205268,0.889122529105886,0.8996991674885104,0.8951233977350732,0.8733618317131208,0.856427782306267
190c4acfc67d08f7,0.7470268617012279,0.8617612784903153,0.7470849118897473,0.744323416381574,0.8718633610049789,0.845419374189705,0.8539289211765424,0.7312493699802858,0.8696233970583069,0.7498329686233889,0.86344960262044,0.744332018054277,0.7836239913535543,0.7498039005163674,0.7315720109091626,0.7312556068359031,0.7293173544262757,0.7521694696600667,0.7293173544262779,1.0,0.8738222108897602,0.7470953051586,0.7315490326508982,0.8359225140108776,0.7450161145621335,0.7134607577851622,0.7470953051586062,0.8867271343871085,0.8285325869554396,0.7525335126719949,0.7470953051586045,0.7810037907151754,0.7467831671066444,0.8456975913818754,0.7525333494659252,0.8953513211428197,0.7756912987464726,0.7220473279784059,0.7525335126719881,0.749832968623387,0.7134607577851592,0.7467160244685924,0.8842838693314317,0.744332018054281,0.8705810178743693,0.7443320180542797,0.8744100338239353,0.8251551847982415,0.8789674637968508,0.7450250917984625,0.8947916389026744,0.7470849118897471,0.7312556068359048,0.8338168014811398,0.7467160244685915,0.7134607577851602,0.7298435040299529,0.7467160244685899,0.7312556068359054,0.7221508074245169,0.8846132362563841,0.7293173544262781,0.8728088249549659,0.7803540263299431,0.7450161145621437,0.8616774474565121,0.7184501827167504,0.836524761887445,0.7467221619848405,0.835837217390612,0.8772046123406954,0.8417513433373588,0.731549032650898,0.7485794613212916,0.8832089760835498,0.7840469605663911,0.8783039474102761,0.7443234163815757,0.7184501827167503,0.8908368076721513,0.7525333494659288,0.8576140669472405,0.731549032650896,0.7850591077509774,0.7220473279784074,0.8395630078747895,0.7485794613212939,0.8720265341154974,0.7498039005163648,0.7865789770627978,0.744323416381574,0.8710735892484307,0.7298363483587045,0.8659818977957766,0.8506899929052993,0.7293308544038133,0.7714819722259358,0.837006424279057,0.782637592907963,0.7470849118897445,0.7525335126719885,0.8724463098301192,0.7498039005163643,0.7485794613212888,0.7293308544038132,0.7521258716282759,0.7188322747180766,0.8668994990927922,0.7188322747180769,0.7221508074245158,0.7467831671066414,0.74672857610972,0.7470268617012075,0.7759306131128345,0.8741052740975115,0.8445789214241057,0.746728576109718,0.8656859207849157,0.7298363483587026,0.7742542543732589,0.7521694696600694,0.8750771997908522,0.7468471516250318,0.873343573489636,0.7484273340639159,0.8783958397345257,0.8741849512327504,0.7741862962335511,0.7824896847332625,0.7312493699802847,0.841214364086805,0.8752318386876077,0.8777768527463201,0.838932816534603,0.8461506474117833,0.7789224681321594,0.7467831671066408,0.8749019154636692,0.7764577884702992,0.7298435040299485,0.746722161984839,0.8719674650838533,0.7828056533838281,0.7822172574731661,0.8774809142498542,0.8397496005516843,0.8315408614960014,0.718450182716752,0.7315720109091659,0.7298435040299506,0.8728666742183682,0.7220473279784064,0.7188322747180773,0.8404191033747137,0.7781591209082148,0.8445752781822875,0.7293308544038148,0.7521694696600688,0.7498329686233876,0.8899154297894475,0.7470268617012068,0.8808541927510987,0.8730648669407644,0.7298363483587011,0.8319488954800756,0.7450250917984649,0.7467221619848385,0.8809966958483706,0.7468471516250329,0.8779940485011806,0.7467285761097215,0.7484273340639149,0.7856569137627429,0.7221508074245173,0.8374558744839807,0.8664402801232516,0.8684310173705078,0.7748244820338772,0.7521258716282757,0.748427334063915,0.8339241083179338,0.7134607577851602,0.7790873461672194,0.7797938448398853,0.731572010909168,0.7802994794874344,0.8880138812059376,0.7525333494659274,0.7450161145621454,0.7468471516250317,0.8797639423030492,0.7902485325951528,0.7312493699802856,0.7450250917984655,0.752125871628275,0.8435380411950721
19ba80a07d48ea6d,0.7835544057746607,0.8454152576391345,0.782467600412352,0.8267698747692342,0.8629831092296041,0.8839839342308904,0.8456072858701786,0.8216387327058372,0.8426712938205981,0.8186253199072496,0.844289849004022,0.8267595399919041,0.8565667555002978,0.8185625733422953,0.821704104371732,0.8216491848968682,0.8195559791491123,0.821779113132321,0.8195559791491132,0.8738222108897602,1.0,0.7825371943508012,0.8216910328393998,0.886769193789835,0.8267571523555326,0.8090047550745331,0.7825371943508046,0.8943562799845804,0.8827187498279427,0.8211031089357608,0.782537194350803,0.8544109281809594,0.8287718975367069,0.8866198456566967,0.8210684251864308,0.8744424890321496,0.8528642443608071,0.7487274473963472,0.8211031089357563,0.8186253199072485,0.8090047550745307,0.8292693933180673,0.893663157265262,0.8267595399919068,0.8876913056853201,0.8267595399919061,0.8520671481991091,0.879670364271371,0.8579197405574768,0.8267773498816311,0.8758503274069696,0.7824676004123521,0.8216491848968677,0.8877451958836033,0.8292693933180659,0.809004755074531,0.8197614709189205,0.8292693933180649,0.8216491848968683,0.7489235676275516,0.8619631214144419,0.819555979149114,0.884317370868837,0.8563372407244574,0.8267571523555404,0.8863526887314197,0.7443832990705499,0.8837678743631004,0.8287254741451121,0.8851230525428924,0.8478649256584069,0.884704891612067,0.8216910328393996,0.8164798314914135,0.8637558053371396,0.8561266303304422,0.8921581266444706,0.8267698747692349,0.7443832990705501,0.884316327845202,0.8210684251864335,0.8814804987190473,0.821691032839398,0.8576117465007017,0.748727447396348,0.8865668283752648,0.8164798314914152,0.8920674293745663,0.8185625733422934,0.857669393869144,0.8267698747692346,0.8538159905472564,0.819751981622588,0.8806893584354002,0.8872957173108171,0.8195639946777837,0.850344253851851,0.8854236852115199,0.8557371467680746,0.7824676004123495,0.8211031089357567,0.8858191453088047,0.8185625733422932,0.8164798314914115,0.8195639946777834,0.8216902222291551,0.7447813975915981,0.8765067580464843,0.7447813975915976,0.7489235676275516,0.8287718975367047,0.8292952831492991,0.7835544057746389,0.853894755177626,0.8832432909894059,0.8874405136854961,0.8292952831492977,0.8602923267541176,0.8197519816225864,0.8527539538793929,0.8217791131323232,0.8519613304624293,0.7832908118001063,0.8955369961232875,0.8163333106187673,0.8685652201165267,0.8809736065264403,0.8518907101822368,0.8563579927205185,0.8216387327058359,0.8833326153831171,0.8569024698194967,0.8663343413181162,0.8846208778530207,0.8887345902042079,0.8545515768908113,0.8287718975367044,0.8581578165149393,0.8524551289188018,0.8197614709189172,0.8287254741451108,0.8827033803506408,0.8575450548969781,0.8553138746093532,0.88428795808169,0.8872480329687396,0.8845796609788402,0.744383299070551,0.821704104371734,0.8197614709189187,0.8765646416594787,0.7487274473963479,0.7447813975915981,0.883571672136404,0.8546835232252994,0.8883895746813519,0.8195639946777846,0.8217791131323227,0.8186253199072483,0.8888213853179704,0.7835544057746388,0.890337559266527,0.8966347731045258,0.8197519816225853,0.8812461849072268,0.8267773498816327,0.828725474145111,0.8569324996176408,0.783290811800107,0.8791597124113367,0.8292952831493,0.8163333106187669,0.8577891155940779,0.7489235676275523,0.8826255475354711,0.8857506475533605,0.8848102198392536,0.8511426055769151,0.8216902222291551,0.8163333106187667,0.8852002467244517,0.8090047550745316,0.8533135188879097,0.8551660284408885,0.8217041043717354,0.8547018038846546,0.8831255210857778,0.8210684251864331,0.8267571523555418,0.7832908118001063,0.8947829842838024,0.8604805649636588,0.8216387327058359,0.8267773498816325,0.8216902222291547,0.8841610530776018
1be0aa5f6b43ee1e,0.8999464317597139,0.7524657065740887,0.8999977941289077,0.8347657414911792,0.7267618292777129,0.801065585545495,0.7477534479446099,0.8017539969924552,0.7375357950141752,0.8748779797411552,0.7557524707258886,0.834888104858294,0.7964154999385464,0.8749533809175438,0.8027935907070315,0.8017316461824364,0.799540573623895,0.87243688248523,0.7995405736238952,0.7470953051586,0.7825371943508012,1.0,0.8028220093765719,0.8009301218402749,0.8363140065854525,0.769796841221684,0.9,0.7809439750438822,0.7899528184084208,0.8737277000859528,0.8999999999999996,0.7917151911775341,0.8403747468370755,0.7990980117083717,0.8737628699262325,0.7552523501490126,0.7891163917599611,0.8821731494037438,0.8737277000859512,0.8748779797411548,0.7697968412216832,0.8387064948574087,0.7871357019344467,0.8348881048582942,0.766957011620691,0.8348881048582933,0.7461755544630693,0.7986522496194095,0.752164187880821,0.8362904081083504,0.746446506716912,0.8999977941289072,0.8017316461824373,0.7956263985922578,0.8387064948574086,0.7697968412216838,0.800493116354169,0.8387064948574088,0.8017316461824371,0.8821365221115733,0.7446770474418005,0.7995405736238952,0.7830770823153657,0.7889351661540305,0.8363140065854539,0.7707284643612337,0.8810929154691907,0.805885783458022,0.8404372326360716,0.7871318838459127,0.7215827252124641,0.7998383366220392,0.8028220093765732,0.8761479464042278,0.7334061291674376,0.7999192413895465,0.7741529309815476,0.8347657414911795,0.8810929154691907,0.7458962769424877,0.873762869926233,0.7852198997158437,0.8028220093765726,0.8015583376694236,0.882173149403745,0.7906415178866364,0.8761479464042283,0.7784457781478575,0.8749533809175425,0.7978507674691009,0.8347657414911789,0.7467098499331176,0.8005020019414026,0.7894435210791728,0.7933512964045071,0.7996049933852957,0.7910098352946794,0.7936870015827203,0.7943934656587455,0.8999977941289068,0.8737277000859514,0.7963745023080367,0.8749533809175425,0.8761479464042272,0.7996049933852967,0.8725684069066741,0.8811302150786434,0.7903337472285329,0.8811302150786434,0.8821365221115733,0.8403747468370752,0.838654903842708,0.8999464317596882,0.7901963767654351,0.781825237818909,0.7974542064157054,0.8386549038427081,0.7336935519159595,0.8005020019414018,0.7879541804238266,0.8724368824852307,0.7549752304099199,0.899956630557224,0.7872926172956615,0.8762150905920842,0.7326261680301773,0.7896487181841323,0.7858680903348605,0.7949261409319086,0.8017539969924539,0.808915540735388,0.7683534420691495,0.7430622374302138,0.8086453392889936,0.8035130821928675,0.7900965043751983,0.8403747468370751,0.7657269110377967,0.7886172891904529,0.8004931163541684,0.8404372326360721,0.7987160690758939,0.7916824427943399,0.801520155427152,0.7792249390614892,0.793850985111801,0.788493804632916,0.8810929154691913,0.8027935907070325,0.8004931163541686,0.777162336432848,0.8821731494037436,0.8811302150786431,0.8123558238124705,0.7942730679864538,0.8011864874441296,0.7996049933852962,0.8724368824852307,0.8748779797411557,0.7548365354243481,0.8999464317596878,0.7824391474322829,0.7741321522409224,0.8005020019414016,0.7957963780747352,0.8362904081083509,0.8404372326360715,0.7457225978055295,0.8999566305572244,0.7634716146745552,0.8386549038427084,0.8762150905920848,0.7949246230808874,0.8821365221115733,0.798009699331645,0.7631122950337036,0.7816932800852465,0.7896163995301434,0.8725684069066737,0.8762150905920847,0.7939637170328756,0.769796841221684,0.7918146915539919,0.797448254209485,0.8027935907070323,0.7980615329130383,0.7601595468878385,0.8737628699262328,0.8363140065854544,0.8999566305572237,0.778792068109792,0.795215938414422,0.8017539969924544,0.8362904081083509,0.8725684069066733,0.8078051516776552
1c30dea7383ba62c,0.804804421622227,0.715090993170183,0.8027464589673561,0.8959053121731126,0.7169566657850595,0.8534045981283214,0.7269496264773708,0.8999943581884372,0.7084096373420478,0.8649960799816911,0.7138650951874908,0.8958670563072274,0.8927802132220919,0.8649437288787547,0.8999999750985975,0.8999942851060306,0.8996615535245942,0.8749558273984697,0.8996615535245944,0.7315490326508982,0.8216910328393998,0.8028220093765719,1.0,0.8661243384978369,0.8954219778139598,0.8969690427597685,0.8028220093765723,0.8072773440742089,0.8630231760779287,0.8735457330083661,0.802822009376573,0.8930630750852946,0.8939710282565737,0.8555601510248876,0.8735190143193714,0.7330790410746687,0.893547181947014,0.7512449572007548,0.8735457330083639,0.8649960799816917,0.8969690427597687,0.894525333874869,0.8039492977396665,0.8958670563072286,0.7941678052361618,0.8958670563072284,0.7226533772765737,0.8678766383520217,0.7258153710031376,0.8954262514008096,0.7398113473254732,0.8027464589673546,0.8999942851060312,0.8694369091694678,0.8945253338748688,0.896969042759769,0.8996400127063284,0.8945253338748684,0.899994285106031,0.7514858988995256,0.7216459403040822,0.8996615535245946,0.803865390381638,0.8909039933160087,0.8954219778139594,0.8034632265321116,0.7474412756781166,0.8602123691742786,0.8939496580648578,0.8560064531454694,0.6903974731841234,0.8601478140165819,0.8999999999999997,0.8629515048061462,0.7240935874703666,0.8924708635123563,0.8049763586627453,0.8959053121731124,0.747441275678117,0.7559731837627062,0.873519014319371,0.8114853871341423,0.8999999999999997,0.8913266221932894,0.7512449572007549,0.8555862780843893,0.862951504806146,0.8161814017047346,0.8649437288787543,0.8911894608950841,0.8959053121731126,0.7316803432402349,0.8996403052598401,0.7969324601214463,0.8467980455796313,0.8996602670868801,0.8936835273949238,0.8682341449743343,0.8921659051254306,0.8027464589673552,0.8735457330083637,0.8088211943552645,0.8649437288787543,0.8629515048061465,0.8996602670868801,0.8748047635547835,0.7477808023982593,0.7886708420224364,0.7477808023982594,0.7514858988995261,0.8939710282565725,0.8945336756543671,0.8048044216222036,0.8937761621130446,0.799343918602703,0.8646686291847742,0.8945336756543674,0.7213804539661051,0.8996403052598398,0.8924272827111742,0.8749558273984702,0.7236697445094167,0.8044240156410749,0.8150700342462952,0.8628395162671951,0.7243993233152569,0.7961651944282879,0.8933103714347094,0.8927530543367709,0.8999943581884372,0.8538900585776892,0.7367973650223902,0.7426247537427131,0.8646934944864041,0.8619218881186352,0.8927861880065302,0.8939710282565729,0.7381210045193949,0.8935255926377748,0.8996400127063288,0.8939496580648582,0.8044677437103296,0.8910197911176493,0.8931864131871197,0.7899376636685509,0.8640063517250828,0.8694433314827554,0.7474412756781166,0.8999999750985977,0.8996400127063292,0.7860677049224601,0.751244957200755,0.7477808023982591,0.8618595582158853,0.893445612737492,0.8613148840476758,0.89966026708688,0.8749558273984704,0.8649960799816916,0.7585918648458498,0.8048044216222038,0.7996645269512659,0.8216476458160482,0.8996403052598403,0.8671610684899789,0.8954262514008098,0.893949658064858,0.7118812774366281,0.8044240156410745,0.7725565691272112,0.8945336756543674,0.8628395162671956,0.8913411429935427,0.7514858988995254,0.8630885852800646,0.7929619788239217,0.8118323557321117,0.8932460237489648,0.8748047635547838,0.8628395162671956,0.8683851878065857,0.8969690427597683,0.8926958110247203,0.8926112580694696,0.8999999750985979,0.8935307864145239,0.7521507468038426,0.8735190143193707,0.8954219778139593,0.8044240156410749,0.8148183445434093,0.8896610995869568,0.8999943581884382,0.8954262514008087,0.8748047635547835,0.8583706744503516
1c5f33edf84105f0,0.8023368599873948,0.8049579857410526,0.8008606930314588,0.8681375668581116,0.8242158306172694,0.8901116715110732,0.8047818505070107,0.8661225697468687,0.8047950813180742,0.8505158731612094,0.8083212496420242,0.8681106984224158,0.887833446077802,0.8504644741402074,0.8661349752467549,0.8661277342853235,0.8649143133245051,0.8569050034412904,0.8649143133245036,0.8359225140108776,0.886769193789835,0.8009301218402749,0.8661243384978369,1.0,0.867921935120872,0.8572116898964932,0.8009301218402722,0.8795600066125053,0.8919165296146561,0.8559012080865354,0.8009301218402731,0.8860548534277797,0.8681124229629751,0.8926971067506672,0.8558669546476364,0.8392669509317596,0.8841024606156054,0.7599915067611891,0.8559012080865362,0.8505158731612115,0.8572116898964931,0.8687123718805282,0.8796463867309764,0.8681106984224141,0.8724149216896755,0.8681106984224147,0.8131647819730858,0.8892625578792569,0.8197504245067893,0.8679383493212158,0.8373858111318326,0.8008606930314559,0.8661277342853231,0.8981579576745898,0.8687123718805272,0.8572116898964932,0.8650273354198073,0.8687123718805283,0.8661277342853227,0.7601836223421226,0.8217785625877319,0.864914313324504,0.8687401029849422,0.8867592288748734,0.8679219351208686,0.8701453507799257,0.7556561824596051,0.8910231997338511,0.8680698300860035,0.8929157373483597,0.8040503083142925,0.8916475914399037,0.8661243384978372,0.8482561414148556,0.8186783187723764,0.8876126484954369,0.8718341808313259,0.8681375668581099,0.7556561824596045,0.850180633293615,0.8558669546476347,0.8653663271753287,0.8661243384978379,0.887564413241172,0.7599915067611877,0.8946524784096268,0.8482561414148541,0.8764607023160668,0.8504644741402098,0.8872248378542411,0.8681375668581104,0.8129627961901014,0.8650204580195695,0.8627215152898525,0.8904195513960633,0.8649163095147813,0.8820013709351868,0.895687165156908,0.8857020973305376,0.8008606930314579,0.8559012080865365,0.8736750554189598,0.8504644741402096,0.8482561414148567,0.8649163095147813,0.8567823485325053,0.7560391517301104,0.8602509705606911,0.7560391517301109,0.7601836223421232,0.8681124229629759,0.8687282970184047,0.8023368599873721,0.8855710685361888,0.8657210565832115,0.897216102178926,0.8687282970184051,0.819403193858479,0.8650204580195704,0.8841018482469885,0.85690500344129,0.8207477952243776,0.8020190058567638,0.8873571665126962,0.8481141629629564,0.8325418307383929,0.8686410650485853,0.8842601129976962,0.8868830313008444,0.8661225697468692,0.8904311017953364,0.8291211669469964,0.8276236959988593,0.8951581667344959,0.8981571473424044,0.8846424637119403,0.868112422962976,0.8261364535499317,0.8842316587864143,0.8650273354198087,0.8680698300860044,0.8732376933569482,0.8879791611533887,0.8875372803241252,0.8658226512986898,0.8936332968106215,0.8964782920982894,0.7556561824596046,0.8661349752467524,0.8650273354198078,0.858724019819562,0.7599915067611884,0.7560391517301099,0.8954233921095116,0.8875771685436284,0.8957580110062688,0.8649163095147803,0.8569050034412897,0.8505158731612121,0.8530362741129973,0.8023368599873721,0.8724770639040258,0.885247025961092,0.8650204580195708,0.8902258694403042,0.8679383493212146,0.8680698300860039,0.8170900860504031,0.802019005856763,0.85677447140767,0.8687282970184045,0.8481141629629576,0.8873222757305859,0.7601836223421219,0.8914990142994037,0.8692070245306733,0.8682500844575656,0.8823769117745133,0.856782348532505,0.8481141629629575,0.8944061509055761,0.8572116898964921,0.8843021875447519,0.8855792298425549,0.8661349752467518,0.8864088056520208,0.8549817195262837,0.8558669546476354,0.8679219351208683,0.8020190058567633,0.880324836518257,0.8886972124173126,0.8661225697468686,0.8679383493212143,0.8567823485325051,0.8941606360543828
1dbeeda8651e64c6,0.837762097629483,0.7314564477649752,0.8362608922336479,0.8999770709423822,0.7285524521868975,0.8557139668079006,0.7384441790218756,0.8952237431439423,0.7219586052068466,0.8813597608634067,0.7322110408518467,0.8999800584346878,0.8885398268076315,0.8813525055825294,0.895415289485071,0.8952159469466721,0.8951185263274701,0.8911995445175168,0.8951185263274688,0.7450161145621335,0.8267571523555326,0.8363140065854525,0.8954219778139598,0.867921935120872,1.0,0.8862654801248593,0.8363140065854524,0.8143968075048468,0.8622888104342503,0.8904528139920974,0.8363140065854522,0.8876095885677396,0.8981079112934268,0.8573511977600341,0.8904384137465695,0.7491828285565559,0.8873369431128699,0.7874763327509996,0.890452813992096,0.8813597608634067,0.8862654801248588,0.898276783380288,0.8138030417836687,0.8999800584346892,0.8013742416359075,0.899980058434689,0.7364609504211045,0.8673076510725255,0.7394348396904677,0.8999997964825331,0.7505768331658835,0.8362608922336482,0.895215946946673,0.8689420918744517,0.8982767833802878,0.8862654801248588,0.8953455310313296,0.8982767833802869,0.895215946946673,0.7876144027143267,0.7346485349625989,0.8951185263274699,0.8107036287849274,0.8852105556870226,0.8999999999999996,0.8088946185848955,0.7840667492266852,0.863050052646916,0.8981058292556452,0.8558771223175077,0.7051867934103527,0.8616883986818178,0.8954219778139597,0.8798760997163504,0.7356053140458501,0.8882940623739607,0.8109513415065183,0.8999770709423829,0.7840667492266855,0.7655852258139788,0.8904384137465713,0.8169495848957175,0.895421977813959,0.8883000617562392,0.7874763327509994,0.8566850033015599,0.8798760997163511,0.8201571131718249,0.8813525055825289,0.8868857584970691,0.8999770709423827,0.7435835593451849,0.8953467340600081,0.806995466979319,0.8491049881617863,0.8951343841759625,0.8877437910570483,0.8670333057211723,0.8873314178425893,0.8362608922336472,0.8904528139920961,0.817929511136174,0.8813525055825284,0.8798760997163495,0.8951343841759622,0.8911203468244826,0.7843251146618719,0.801141243909104,0.7843251146618726,0.7876144027143268,0.8981079112934255,0.8982643122072451,0.8377620976294591,0.8879735995964199,0.8073995961202094,0.8652283421104564,0.8982643122072445,0.7333367700040287,0.8953467340600074,0.8863406301477407,0.891199544517518,0.7378479972610262,0.8374866452671444,0.8233551813269331,0.8798057987288702,0.7370676098476263,0.8053517014432661,0.8868992295541737,0.8877538361047347,0.8952237431439427,0.8588677461216895,0.7528077180429225,0.7514531770770323,0.8670848928551049,0.8647069451723908,0.8870979512963544,0.8981079112934254,0.7527530194956439,0.8872203794651893,0.8953455310313282,0.8981058292556443,0.8152087292331904,0.8860244950998118,0.889590708942559,0.7987563530197198,0.8639676404413629,0.8678837262804228,0.7840667492266861,0.89541528948507,0.8953455310313286,0.7946314424112599,0.7874763327510003,0.784325114661872,0.8656817837539346,0.8887880112380186,0.8625873493543621,0.895134384175963,0.8911995445175173,0.881359760863407,0.7689512838956518,0.8377620976294593,0.8072889588612382,0.8255432530304345,0.8953467340600074,0.8666843954672081,0.8999997964825335,0.8981058292556446,0.7273107565744686,0.8374866452671447,0.7815454960543466,0.8982643122072451,0.8798057987288697,0.8864961213966648,0.7876144027143269,0.8632792967631685,0.7987814198258447,0.8175121269457939,0.8873150989413984,0.8911203468244826,0.8798057987288697,0.8671154592530014,0.8862654801248584,0.8870070464430944,0.8883802042512142,0.895415289485071,0.8891200747199507,0.7662505749495382,0.8904384137465703,0.9000000000000002,0.8374866452671446,0.8194553313919974,0.8852159753638159,0.8952237431439425,0.8999997964825335,0.8911203468244818,0.8610740010669412
1e05e0d21c28ce0c,0.7719760790235163,0.6925107312804806,0.7697089144913141,0.8870276897248648,0.6963331122039826,0.8426666544710157,0.7074875286010223,0.897163065508783,0.6870215821055446,0.8419473231027704,0.6897435237030483,0.8869672757742444,0.8899590625057965,0.8418819195833397,0.896973880954128,0.8971648462296038,0.8977433175237004,0.8561391940136813,0.8977433175237006,0.7134607577851622,0.8090047550745331,0.769796841221684,0.8969690427597685,0.8572116898964932,0.8862654801248593,1.0,0.7697968412216837,0.7942138384189229,0.8550722275672895,0.8543904284789366,0.7697968412216845,0.891242528589334,0.8824654714987894,0.8455335317039328,0.854354527989637,0.7132555924587832,0.8920450664215585,0.7098535205898817,0.8543904284789339,0.8419473231027699,0.9,0.8834215462210162,0.7888839226508368,0.8869672757742448,0.7786561807976013,0.8869672757742438,0.7029704777397991,0.8600682217964069,0.7043997397052669,0.8862738401799367,0.7226266547839478,0.7697089144913151,0.8971648462296039,0.8620863143833759,0.8834215462210163,0.8999999999999999,0.8975816957106952,0.8834215462210163,0.8971648462296036,0.710122816919319,0.7025011986557713,0.8977433175237002,0.7887364787043958,0.8883069636476301,0.8862654801248586,0.7890285715081193,0.7056276397330048,0.8497227320081263,0.882430358783366,0.8471268108950618,0.6677880906675433,0.8511957527864653,0.8969690427597693,0.8393500211006704,0.707573408522333,0.8888459929376258,0.7927199327979416,0.8870276897248652,0.7056276397330048,0.7405240837911973,0.8543545279896363,0.7974936548153138,0.8969690427597695,0.8867834594517096,0.7098535205898817,0.8461029618267796,0.8393500211006704,0.8047594350399685,0.8418819195833386,0.8874953841463693,0.8870276897248655,0.7144554774494776,0.897580730777245,0.7796153964244918,0.836021858810445,0.897732623698656,0.8916880990830288,0.8617691218121528,0.8894711095058534,0.7697089144913147,0.8543904284789345,0.7927341009909918,0.8418819195833389,0.8393500211006701,0.897732623698656,0.8559518354277662,0.7060067342420253,0.7693128395267491,0.7060067342420255,0.7101228169193184,0.8824654714987897,0.8834354849972299,0.7719760790234944,0.8918352705373077,0.7843751693914212,0.8573097394175961,0.88343548499723,0.7007409172782063,0.8975807307772452,0.8904190414297135,0.8561391940136811,0.702565752516305,0.7715520232060344,0.800370593760497,0.8392110305367313,0.7040997710632103,0.7793339688705522,0.8922046207310893,0.8901244554084073,0.8971630655087826,0.8414537728162945,0.7152137410570949,0.7272342949950992,0.8548585974781129,0.8528107828950824,0.8910893585075575,0.8824654714987896,0.7174283678291383,0.8921542634807441,0.8975816957106958,0.8824303587833657,0.7871391220361308,0.8879990560737467,0.8893165012148354,0.773035605513581,0.857020554482478,0.863655279696254,0.705627639733005,0.8969738809541279,0.8975816957106957,0.7690684400035892,0.7098535205898822,0.7060067342420252,0.8508306052860427,0.8906710832124777,0.8524835792493359,0.8977326236986563,0.8561391940136818,0.8419473231027704,0.7413597350843687,0.7719760790234946,0.784936811644704,0.8109007025177124,0.8975807307772448,0.8605370401086603,0.8862738401799366,0.8824303587833655,0.6890921926038551,0.7715520232060347,0.755135705821474,0.8834354849972302,0.8392110305367313,0.8882267237936257,0.7101228169193187,0.8546446450998836,0.7778027240449524,0.7996532820085065,0.8918056889040635,0.8559518354277665,0.8392110305367313,0.8619005737986533,0.9000000000000004,0.8904605920315866,0.8892145999622878,0.8969738809541274,0.8903765219341648,0.7327928313815586,0.8543545279896367,0.8862654801248594,0.7715520232060343,0.8028643276186931,0.8860533158537662,0.8971630655087826,0.8862738401799365,0.8559518354277657,0.8477544499833906
1f2a06555458bad2,0.8999464317597138,0.7524657065740894,0.8999977941289075,0.8347657414911788,0.7267618292777129,0.8010655855454956,0.747753447944607,0.8017539969924545,0.7375357950141761,0.8748779797411553,0.7557524707258894,0.8348881048582936,0.7964154999385449,0.8749533809175429,0.8027935907070319,0.8017316461824364,0.7995405736238952,0.8724368824852301,0.7995405736238954,0.7470953051586062,0.7825371943508046,0.9,0.8028220093765723,0.8009301218402722,0.8363140065854524,0.7697968412216837,1.0,0.7809439750438852,0.7899528184084202,0.8737277000859551,0.9000000000000004,0.7917151911775335,0.8403747468370749,0.7990980117083737,0.8737628699262319,0.7552523501490118,0.7891163917599622,0.8821731494037441,0.8737277000859516,0.8748779797411554,0.7697968412216839,0.8387064948574086,0.7871357019344449,0.8348881048582937,0.7669570116206896,0.8348881048582938,0.7461755544630675,0.7986522496194106,0.7521641878808184,0.8362904081083502,0.7464465067169125,0.8999977941289072,0.8017316461824364,0.79562639859226,0.8387064948574082,0.769796841221684,0.8004931163541678,0.8387064948574079,0.8017316461824364,0.882136522111573,0.7446770474417956,0.7995405736238954,0.783077082315363,0.7889351661540309,0.8363140065854535,0.770728464361232,0.8810929154691919,0.8058857834580255,0.8404372326360714,0.7871318838459114,0.7215827252124669,0.7998383366220385,0.8028220093765728,0.8761479464042283,0.7334061291674413,0.7999192413895463,0.7741529309815511,0.8347657414911789,0.881092915469192,0.7458962769424823,0.8737628699262323,0.7852198997158439,0.8028220093765723,0.8015583376694249,0.8821731494037441,0.7906415178866358,0.8761479464042283,0.7784457781478613,0.8749533809175428,0.7978507674691022,0.8347657414911793,0.7467098499331118,0.8005020019414026,0.7894435210791755,0.7933512964045084,0.799604993385296,0.7910098352946799,0.7936870015827197,0.7943934656587455,0.8999977941289072,0.8737277000859514,0.7963745023080382,0.8749533809175429,0.8761479464042277,0.7996049933852962,0.8725684069066735,0.8811302150786423,0.7903337472285352,0.8811302150786425,0.882136522111573,0.8403747468370748,0.8386549038427076,0.8999464317596881,0.7901963767654362,0.7818252378189086,0.7974542064157064,0.8386549038427071,0.7336935519159575,0.8005020019414024,0.7879541804238265,0.8724368824852308,0.7549752304099169,0.899956630557224,0.7872926172956574,0.8762150905920847,0.732626168030176,0.7896487181841301,0.7858680903348593,0.7949261409319079,0.8017539969924539,0.8089155407353906,0.7683534420691498,0.7430622374302172,0.8086453392889954,0.803513082192866,0.7900965043751991,0.8403747468370745,0.7657269110377956,0.7886172891904524,0.8004931163541678,0.8404372326360717,0.7987160690758954,0.7916824427943399,0.8015201554271525,0.7792249390614914,0.7938509851118042,0.7884938046329133,0.8810929154691909,0.8027935907070323,0.8004931163541682,0.7771623364328483,0.8821731494037439,0.8811302150786424,0.8123558238124727,0.7942730679864527,0.8011864874441288,0.7996049933852963,0.8724368824852302,0.8748779797411557,0.7548365354243534,0.8999464317596881,0.7824391474322807,0.7741321522409186,0.8005020019414026,0.7957963780747329,0.8362904081083505,0.8404372326360715,0.745722597805534,0.8999566305572241,0.7634716146745574,0.8386549038427079,0.8762150905920846,0.794924623080889,0.8821365221115735,0.7980096993316428,0.7631122950337038,0.7816932800852424,0.7896163995301423,0.8725684069066736,0.8762150905920845,0.7939637170328794,0.7697968412216838,0.7918146915539914,0.7974482542094868,0.8027935907070324,0.7980615329130389,0.760159546887833,0.8737628699262328,0.8363140065854544,0.8999566305572242,0.778792068109792,0.7952159384144233,0.8017539969924546,0.83629040810835,0.8725684069066735,0.8078051516776537
20a5c0cde329fb57,0.7816015090160362,0.8484069282714766,0.7809168280122404,0.8141574083670647,0.8650942114814228,0.8815536951196561,0.8446584185720667,0.8071416595442313,0.8545286079918715,0.8062729094590839,0.8505051743061933,0.814139545377704,0.8466255366783559,0.8062271963518675,0.8072989952901489,0.8071485902086822,0.8056767698039495,0.8113744371105687,0.8056767698039509,0.8867271343871085,0.8943562799845804,0.7809439750438822,0.8072773440742089,0.8795600066125053,0.8143968075048468,0.7942138384189229,0.7809439750438852,1.0,0.8731990657529143,0.8110493732639056,0.7809439750438839,0.8447523551746496,0.8150218692494339,0.8839038875380083,0.811039741691559,0.8839683384910257,0.84047354953383,0.7467137545086797,0.8110493732639019,0.8062729094590839,0.7942138384189217,0.8153202864054229,0.8973242924318005,0.8141395453777066,0.8869539704332977,0.8141395453777052,0.8613133073222978,0.8695868082335962,0.869288703896919,0.8144062534070924,0.8847973123729123,0.7809168280122402,0.8071485902086848,0.8783279760664271,0.8153202864054219,0.7942138384189212,0.8059973978088784,0.8153202864054216,0.807148590208685,0.7468730616298689,0.8696963842524783,0.8056767698039513,0.8886582967783351,0.8446538772698492,0.8143968075048512,0.8808823032457072,0.7426374675945717,0.8762550731847941,0.8149587468587669,0.8779855686165934,0.8604461854619284,0.8804835108982492,0.8072773440742096,0.8044495435100771,0.8688850044766236,0.8464898143312362,0.891231349545848,0.8141574083670666,0.7426374675945718,0.8873437930175836,0.8110397416915607,0.8756866326657065,0.8072773440742088,0.846878273256667,0.7467137545086808,0.8805598160819933,0.8044495435100787,0.8889789476636125,0.8062271963518653,0.8480611418068302,0.8141574083670657,0.8606352050976759,0.8059914889206028,0.8784592595706153,0.8858352626706842,0.8056809391590347,0.837160454946853,0.880189396324427,0.8453191376448472,0.7809168280122388,0.811049373263902,0.8867403131405924,0.8062271963518656,0.8044495435100762,0.8056809391590348,0.8112749104271538,0.7430561342935248,0.8773922229227159,0.7430561342935245,0.7468730616298686,0.8150218692494327,0.8153373917394828,0.7816015090160147,0.8411844418089116,0.8859739708502175,0.8850396922524372,0.8153373917394819,0.8587410176592988,0.8059914889206017,0.8399153281541325,0.8113744371105699,0.8632103450267602,0.7813229739987375,0.8931787374325175,0.8042821419827579,0.872250943873149,0.8857724608002547,0.8399489679137799,0.8454708344674497,0.8071416595442307,0.8782373816407404,0.8657862158961851,0.8688223234704917,0.8792252244375451,0.8854678237593742,0.8427708210147321,0.815021869249432,0.8651004398316118,0.8413975229952534,0.8059973978088764,0.814958746858766,0.8855142644195328,0.8464169677858511,0.8450538968745973,0.8889487791765096,0.8803247889439145,0.8770250943964596,0.7426374675945726,0.8072989952901505,0.805997397808877,0.8817501968334356,0.7467137545086807,0.7430561342935251,0.8796299718982511,0.8429753347849539,0.8832917802629825,0.8056809391590353,0.8113744371105698,0.8062729094590841,0.8867107829788629,0.7816015090160142,0.8918511123419628,0.8943741054069543,0.8059914889206008,0.8750605555749598,0.8144062534070937,0.814958746858766,0.8679830585370164,0.7813229739987383,0.8854413552854978,0.8153373917394837,0.8042821419827575,0.8481065285883238,0.7468730616298698,0.879389382180018,0.883539010066914,0.8850294648094251,0.8397584347833652,0.8112749104271545,0.8042821419827574,0.8768763985604118,0.7942138384189217,0.8433497031841346,0.8432144196826059,0.8072989952901513,0.8437420479252178,0.8850766990000414,0.81103974169156,0.8143968075048522,0.7813229739987377,0.8966610282946729,0.8513591360243538,0.8071416595442302,0.8144062534070939,0.811274910427153,0.8815772926783012
21bc62d6e71ac6c8,0.791556442531189,0.8114135876203299,0.7898861552068882,0.8626678457379325,0.836643297438767,0.8887022437574437,0.815834425624512,0.8631081489055686,0.8041469799639246,0.8442763216740319,0.8065775993781872,0.8626227231937933,0.8833040277234779,0.8441993918477786,0.8630378181957118,0.8631197523980443,0.8613797140230004,0.8488908851138798,0.8613797140230008,0.8285325869554396,0.8827187498279427,0.7899528184084208,0.8630231760779287,0.8919165296146561,0.8622888104342503,0.8550722275672895,0.7899528184084202,0.8731990657529143,1.0,0.8476776003541779,0.7899528184084205,0.8824909619709285,0.8635934000947081,0.8946369361702531,0.8476401296987469,0.8280261756984114,0.882266925899017,0.7513912594738389,0.8476776003541803,0.8442763216740328,0.8550722275672896,0.8643564568828331,0.8701901793516835,0.8626227231937931,0.8772679568789912,0.8626227231937931,0.8152612904002202,0.8934261189077282,0.8287393979055324,0.862307748965801,0.8353123142891794,0.7898861552068874,0.8631197523980441,0.894517415630369,0.8643564568828332,0.8550722275672895,0.8614110287270433,0.8643564568828336,0.863119752398044,0.751633808752842,0.8126403418451906,0.8613797140230004,0.8752420974939896,0.8880867857615189,0.8622888104342485,0.8841271216886624,0.7468601267356599,0.8930081301751018,0.8635401544886245,0.8981509957679389,0.8098600379695461,0.8917928825161467,0.8630231760779283,0.8417880214467361,0.8187244606622613,0.8817238598366675,0.8713828665634371,0.8626678457379312,0.7468601267356603,0.8506817414902499,0.8476401296987459,0.8733310095769904,0.8630231760779284,0.8853505809003397,0.7513912594738392,0.8970953017004044,0.8417880214467354,0.8763040824335389,0.8441993918477788,0.8852829268593605,0.8626678457379311,0.8228700151844345,0.8614030031925883,0.8672604598157039,0.8923555114360817,0.8613742855643394,0.8826357097777893,0.8934606879331073,0.8845411436390274,0.7898861552068885,0.8476776003541802,0.8665184900360171,0.8441993918477788,0.8417880214467361,0.8613742855643396,0.8487333343309018,0.7472893049600273,0.8585419282640707,0.7472893049600278,0.7516338087528418,0.8635934000947078,0.8643870455455531,0.7915564425311663,0.8826217271112373,0.8671260568953824,0.8921764770472346,0.8643870455455533,0.8387523855867293,0.861403003192589,0.8866360784327603,0.8488908851138793,0.8031808725067977,0.7911737225133267,0.8764582396234026,0.8416234001472616,0.8394974198680287,0.8545905919529538,0.8826122969390756,0.8829534370669554,0.8631081489055685,0.8884434759975757,0.8165988225841136,0.8283498568859243,0.8894023854000428,0.8910333923210314,0.882792011843373,0.8635934000947081,0.8178473670701082,0.8820188142014307,0.8614110287270447,0.863540154488625,0.8627744826508807,0.8879951240300983,0.8824934094919192,0.8697618082484163,0.892398758893477,0.895495067607512,0.7468601267356595,0.8630378181957112,0.8614110287270447,0.8578824020344837,0.7513912594738392,0.7472893049600271,0.887451844827112,0.8825958455747467,0.8899981251526519,0.8613742855643394,0.8488908851138798,0.844276321674033,0.8488824786122989,0.7915564425311661,0.8650006189829695,0.8850296173268379,0.8614030031925886,0.8938171967936541,0.8623077489658001,0.8635401544886248,0.8226270169543979,0.7911737225133263,0.8608386461973363,0.8643870455455527,0.8416234001472618,0.887146556758388,0.7516338087528415,0.8950083305481721,0.8783086607056184,0.8753132815160007,0.8827625049011742,0.8487333343309016,0.8416234001472618,0.8932504610328853,0.8550722275672897,0.8848111654953222,0.885163110545727,0.8630378181957108,0.8824165916446607,0.8419031581087393,0.8476401296987465,0.8622888104342482,0.7911737225133264,0.8781655984279999,0.8884510783710828,0.8631081489055683,0.8623077489658,0.8487333343309011,0.8840951507409847
23013a5fff740a68,0.8746041184808815,0.747009347128208,0.873692882282757,0.8898237522833041,0.7376241967618281,0.8464240659243241,0.747816170352276,0.8730141723640499,0.7341673533962552,0.8947390041596928,0.7503481551468297,0.8898763616059278,0.866351407761181,0.8947726155832981,0.8735287641305232,0.8729995464654655,0.8721538868190142,0.8999552677873213,0.8721538868190153,0.7525335126719949,0.8211031089357608,0.8737277000859528,0.8735457330083661,0.8559012080865354,0.8904528139920974,0.8543904284789366,0.8737277000859551,0.8110493732639056,0.8476776003541779,1.0,0.873727700085949,0.8636024326313061,0.8907115058918686,0.8465815069851276,0.89999929302004,0.7602485056071612,0.8625369539140813,0.8363363004404196,0.9000000000000012,0.8947390041596929,0.8543904284789351,0.890191739386063,0.8144350868773034,0.8898763616059286,0.8005534785845447,0.8898763616059278,0.7463889687380476,0.8531245886401992,0.7505354385434755,0.8904471679099252,0.7549082604997619,0.8736928822827565,0.872999546465466,0.8536016042498769,0.8901917393860632,0.8543904284789349,0.8726759083694111,0.8901917393860646,0.8729995464654663,0.8363825994729854,0.7437739244827597,0.872153886819014,0.8092219158459397,0.8617773906849424,0.8904528139920977,0.8059261083984143,0.833749044773104,0.8538348518162573,0.8907385920632821,0.8426233536412546,0.71860548920221,0.8497091137288517,0.873545733008366,0.8942650740421273,0.7401816572703375,0.8671797871870246,0.8058872055523287,0.8898237522833062,0.8337490447731081,0.7665410991614935,0.8999992930200404,0.8144028006747464,0.8735457330083658,0.8687187757740032,0.8363363004404193,0.8448006945187347,0.8942650740421263,0.8132523154720578,0.8947726155832971,0.8656371484989567,0.8898237522833061,0.7498238711855378,0.872678429885464,0.8109002212133586,0.8393969742049137,0.8721902225944768,0.863777178212057,0.850360749549214,0.8645947742863147,0.8736928822827567,0.9000000000000017,0.8194919619127856,0.8947726155832981,0.8942650740421274,0.8721902225944784,0.899962212755252,0.8339057662893732,0.8086765201219881,0.833905766289373,0.8363825994729858,0.8907115058918685,0.8901605798445373,0.8746041184808555,0.8637555314563308,0.8069600891825415,0.8508683332853579,0.8901605798445382,0.7428401613776845,0.8726784298854641,0.8620954026313609,0.8999552677873228,0.7503763261044483,0.8744474498066758,0.8222619097393657,0.8942550479621042,0.7461091529324236,0.8084179834290658,0.8613512531098002,0.8649264072429961,0.8730141723640509,0.8530281037642886,0.7665755865030217,0.7535579575937501,0.8567357732251237,0.8536818444063837,0.8627259553952098,0.8907115058918691,0.7643387650338184,0.8621047103775952,0.8726759083694118,0.8907385920632804,0.8195018524240347,0.863461542086909,0.8690597888470605,0.8007076346603501,0.8486952990756702,0.850036931955392,0.8337490447731054,0.8735287641305234,0.8726759083694101,0.7972185771295174,0.8363363004404195,0.8339057662893734,0.8577477001062239,0.8662370263990951,0.8504689707119931,0.8721902225944772,0.8999552677873214,0.894739004159693,0.7726338936764656,0.8746041184808581,0.8065559103110879,0.8167857360333015,0.8726784298854646,0.8510020349571699,0.8904471679099248,0.8907385920632822,0.7412905867348623,0.8744474498066759,0.7841784036245757,0.8901605798445362,0.8942550479621038,0.8641502128880292,0.8363825994729841,0.8496729807509301,0.7968488101318179,0.8125845966326106,0.8626437185706093,0.8999622127552512,0.8942550479621036,0.8507468229950481,0.8543904284789365,0.8631849746144176,0.8669022546107492,0.8735287641305224,0.8672344154175737,0.7750082779564025,0.8999992930200393,0.8904528139920965,0.8744474498066749,0.8129266314075871,0.8635651668984772,0.8730141723640499,0.8904471679099242,0.899962212755251,0.8521343206772415
259f3849c3f5593c,0.899946431759714,0.7524657065740894,0.8999977941289079,0.8347657414911792,0.7267618292777134,0.8010655855454956,0.7477534479446077,0.8017539969924539,0.7375357950141761,0.8748779797411551,0.7557524707258896,0.8348881048582945,0.7964154999385453,0.8749533809175434,0.802793590707032,0.8017316461824356,0.7995405736238947,0.87243688248523,0.7995405736238963,0.7470953051586045,0.782537194350803,0.8999999999999996,0.802822009376573,0.8009301218402731,0.8363140065854522,0.7697968412216845,0.9000000000000004,0.7809439750438839,0.7899528184084205,0.873727700085949,1.0,0.791715191177536,0.8403747468370759,0.7990980117083735,0.8737628699262332,0.7552523501490128,0.7891163917599625,0.8821731494037439,0.873727700085952,0.8748779797411558,0.7697968412216833,0.8387064948574093,0.787135701934445,0.834888104858294,0.7669570116206896,0.8348881048582935,0.7461755544630688,0.7986522496194112,0.7521641878808196,0.8362904081083506,0.7464465067169125,0.8999977941289081,0.8017316461824372,0.7956263985922598,0.838706494857409,0.7697968412216836,0.8004931163541685,0.8387064948574086,0.8017316461824373,0.8821365221115738,0.7446770474417972,0.7995405736238952,0.7830770823153645,0.7889351661540309,0.8363140065854542,0.7707284643612322,0.8810929154691918,0.8058857834580241,0.8404372326360718,0.7871318838459118,0.7215827252124658,0.799838336622039,0.8028220093765726,0.8761479464042288,0.7334061291674404,0.7999192413895466,0.7741529309815502,0.8347657414911798,0.8810929154691916,0.745896276942484,0.8737628699262336,0.7852198997158442,0.8028220093765723,0.8015583376694253,0.8821731494037444,0.7906415178866361,0.8761479464042288,0.7784457781478602,0.8749533809175432,0.7978507674691024,0.8347657414911798,0.7467098499331137,0.8005020019414029,0.789443521079175,0.7933512964045085,0.7996049933852964,0.7910098352946797,0.7936870015827202,0.7943934656587452,0.8999977941289082,0.873727700085952,0.7963745023080381,0.8749533809175432,0.8761479464042274,0.7996049933852958,0.8725684069066741,0.8811302150786423,0.7903337472285343,0.881130215078643,0.8821365221115733,0.840374746837075,0.8386549038427081,0.8999464317596886,0.7901963767654359,0.7818252378189083,0.7974542064157061,0.8386549038427077,0.7336935519159581,0.8005020019414029,0.7879541804238264,0.8724368824852303,0.7549752304099181,0.899956630557224,0.7872926172956589,0.8762150905920849,0.732626168030177,0.7896487181841306,0.7858680903348594,0.7949261409319077,0.8017539969924546,0.8089155407353901,0.76835344206915,0.7430622374302158,0.8086453392889952,0.8035130821928664,0.790096504375199,0.8403747468370744,0.7657269110377956,0.7886172891904525,0.8004931163541686,0.840437232636072,0.7987160690758959,0.7916824427943403,0.8015201554271528,0.7792249390614916,0.793850985111803,0.7884938046329146,0.8810929154691917,0.8027935907070316,0.8004931163541682,0.7771623364328487,0.8821731494037443,0.8811302150786429,0.812355823812472,0.7942730679864531,0.8011864874441301,0.7996049933852964,0.8724368824852304,0.8748779797411553,0.7548365354243525,0.8999464317596881,0.7824391474322814,0.7741321522409199,0.800502001941402,0.7957963780747337,0.8362904081083509,0.8404372326360715,0.7457225978055322,0.8999566305572244,0.7634716146745564,0.8386549038427078,0.8762150905920849,0.7949246230808886,0.8821365221115733,0.7980096993316433,0.7631122950337041,0.7816932800852441,0.789616399530142,0.8725684069066745,0.8762150905920849,0.7939637170328787,0.7697968412216841,0.7918146915539916,0.7974482542094862,0.8027935907070319,0.7980615329130385,0.7601595468878348,0.8737628699262334,0.8363140065854551,0.899956630557224,0.7787920681097917,0.7952159384144237,0.8017539969924545,0.836290408108351,0.8725684069066733,0.8078051516776541
27d99d42a544bf79,0.793549402679673,0.7544337024410879,0.7916369954510923,0.8881214222480458,0.764165466553042,0.8752916865114855,0.7633772980106217,0.8931773148288207,0.7519909756886474,0.8531852421093761,0.7539551911253916,0.8880706107811669,0.8997395632930609,0.8531232358683334,0.8930735007821798,0.8931811975409119,0.8931653462956012,0.8650152783717144,0.8931653462956017,0.7810037907151754,0.8544109281809594,0.7917151911775341,0.8930630750852946,0.8860548534277797,0.8876095885677396,0.891242528589334,0.7917151911775335,0.8447523551746496,0.8824909619709285,0.8636024326313061,0.791715191177536,1.0,0.8850283303080798,0.8782496601737912,0.8635685312769933,0.7807293791796085,0.8992557275755183,0.7378984374654258,0.8636024326313018,0.8531852421093755,0.8912425285893334,0.8858411605418026,0.8405488712702845,0.8880706107811677,0.8311618229980715,0.8880706107811684,0.7653556370057895,0.8844946584785494,0.7690825954565069,0.8876212209827778,0.7867258055825582,0.791636995451092,0.8931811975409119,0.8888368730473095,0.8858411605418018,0.8912425285893333,0.8931316605907368,0.8858411605418013,0.8931811975409119,0.7381397350597076,0.7674309817303798,0.8931653462956026,0.8373151040123868,0.898366747895708,0.8876095885677413,0.8362046944141603,0.7335663830055641,0.8792204008840192,0.8849827769485529,0.8785376370033056,0.7409062330812399,0.8811002175231146,0.8930630750852937,0.8507063916390902,0.7705976157376991,0.8987421485778048,0.8406964141739804,0.8881214222480449,0.7335663830055619,0.8015278189465763,0.8635685312769952,0.8397363400807519,0.8930630750852929,0.8977934702801936,0.7378984374654265,0.878514761162407,0.8507063916390905,0.8485044283235503,0.8531232358683336,0.8983032548214009,0.8881214222480449,0.7729845614051907,0.8931280476410652,0.8280644653051747,0.8721249497970218,0.8931581722312076,0.8982025197082059,0.8886704147749738,0.8988878298508047,0.7916369954510925,0.8636024326313009,0.8393245374670371,0.8531232358683325,0.8507063916390905,0.8931581722312067,0.8648464078963383,0.7339700157548625,0.8208672084216169,0.7339700157548633,0.7381397350597069,0.8850283303080781,0.8858573717840175,0.7935494026796506,0.8995629401071629,0.833208616806449,0.8869563847705281,0.8858573717840167,0.7644245075880919,0.8931280476410652,0.8983164902273115,0.8650152783717157,0.7657958256514721,0.7931533887932267,0.8484620785359734,0.8505530893561676,0.7720106575399028,0.8295405926062839,0.8994997132428657,0.8993859001636649,0.8931773148288197,0.8741534346026361,0.7757094132241001,0.7843743976673393,0.883295346495995,0.8840793401793967,0.8992774575180278,0.8850283303080781,0.7766317786620458,0.8996322661696607,0.8931316605907362,0.8849827769485544,0.8351610314363944,0.8986265084380823,0.8986807509658121,0.826379171872347,0.8852371847783453,0.8896541631506122,0.7335663830055636,0.8930735007821801,0.8931316605907371,0.8209659624906661,0.7378984374654257,0.7339700157548626,0.8805974640666739,0.8994161190837007,0.8828459539816723,0.8931581722312077,0.8650152783717155,0.8531852421093763,0.8019598813568847,0.7935494026796497,0.8353321564600096,0.8558467337411428,0.893128047641065,0.886207020912911,0.8876212209827778,0.8849827769485535,0.7581943817569807,0.7931533887932263,0.8126483181851607,0.8858573717840175,0.850553089356167,0.8989054408649034,0.7381397350597065,0.8833149092998672,0.8295291933128531,0.8438037916535712,0.8989131799840713,0.8648464078963377,0.8505530893561668,0.8876412890378169,0.8912425285893334,0.8990152967478761,0.8983154536361959,0.8930735007821806,0.8990324577699744,0.7962352141931454,0.8635685312769947,0.8876095885677414,0.7931533887932265,0.8498517615153439,0.8984037769871631,0.8931773148288208,0.8876212209827774,0.8648464078963369,0.8788964352203715
289757a3d166f39e,0.8420618866167864,0.7375519999203104,0.840315990376498,0.8981950525161331,0.736220746756213,0.8581355006967983,0.744831340100583,0.8936812339727827,0.7291446140451352,0.8878429441132135,0.7385929633044199,0.8981886446507494,0.8862022126733022,0.887810441270607,0.8939634601322378,0.8936782364461101,0.8920764186205501,0.8916302610317088,0.8920764186205491,0.7467831671066444,0.8287718975367069,0.8403747468370755,0.8939710282565737,0.8681124229629751,0.8981079112934268,0.8824654714987894,0.8403747468370749,0.8150218692494339,0.8635934000947081,0.8907115058918686,0.8403747468370759,0.8850283303080798,1.0,0.8589445182997137,0.8906971140965206,0.7510039201925732,0.8850707359752679,0.8014476938784455,0.8907115058918681,0.8878429441132152,0.8824654714987902,0.8999739686067698,0.8147454870196071,0.8981886446507492,0.8057685819469026,0.8981886446507493,0.7405545482756266,0.8683589320608365,0.7457876227342419,0.8981067751488142,0.7532925716404868,0.8403159903764975,0.8936782364461107,0.8689646949383252,0.8999739686067703,0.8824654714987902,0.892251128703748,0.8999739686067703,0.8936782364461104,0.8016447037002767,0.7384660487364447,0.8920764186205485,0.8144716317382319,0.884004010262454,0.8981079112934252,0.8134390087818381,0.7983066842974722,0.8645859858950846,0.8999998594351108,0.8578933344814622,0.7124484506780887,0.8621430762205196,0.8939710282565738,0.886617893665365,0.7368114800042285,0.8871018798744715,0.8113590527366092,0.898195052516133,0.7983066842974724,0.7669805272760124,0.8906971140965203,0.8209843313968304,0.8939710282565738,0.8872992345438537,0.8014476938784453,0.8583984535528881,0.8866178936653648,0.8215824764023765,0.8878104412706049,0.8859221276818664,0.8981950525161329,0.7459180559717842,0.8922530636923351,0.8113313500724314,0.8512786734423096,0.8920884776062581,0.8860208223358069,0.8663279229386762,0.8854118998565151,0.8403159903764984,0.8907115058918689,0.8211297079105174,0.8878104412706053,0.8866178936653643,0.8920884776062581,0.8915324775523019,0.7985820196813151,0.8061067867991882,0.7985820196813153,0.8016447037002767,0.9000000000000006,0.899973712364724,0.8420618866167626,0.8859038429582056,0.8100915144252949,0.8642482054560253,0.899973712364724,0.7407358738824534,0.892253063692335,0.8847185416370181,0.8916302610317088,0.743740585933659,0.8417483951231319,0.8254084078510128,0.8865481271838054,0.7432157140772893,0.8097719817487852,0.88420984078937,0.8858708736618066,0.8936812339727832,0.8611131973216507,0.7577036841151945,0.7539833550758726,0.8679648153140158,0.8641114654168279,0.8845089217046607,0.9000000000000004,0.7573158992933515,0.8847640527936061,0.8922511287037493,0.8999998594351106,0.8189358560106634,0.8847526300139148,0.8882318931776902,0.8032746311785932,0.8629189701053863,0.8666431855754926,0.7983066842974724,0.8939634601322372,0.8922511287037489,0.8000456884532239,0.8014476938784459,0.7985820196813151,0.8670839460037943,0.8868522137679167,0.8630341375980439,0.8920884776062582,0.8916302610317088,0.887842944113215,0.772351652477393,0.8420618866167624,0.8098731376362556,0.8257910753856931,0.8922530636923351,0.8657850915524529,0.8981067751488149,0.8999998594351107,0.734046081401321,0.8417483951231317,0.7867374271063523,0.8999737123647241,0.8865481271838054,0.8851055029901134,0.8016447037002765,0.8641183679156313,0.8039863631976444,0.8184530180499734,0.8847160455465706,0.8915324775523021,0.8865481271838052,0.866735697083893,0.88246547149879,0.8851892902805361,0.886944875735242,0.8939634601322372,0.8874545898009605,0.7694192241497494,0.8906971140965206,0.8981079112934258,0.8417483951231318,0.8206206487881792,0.8841148779263686,0.8936812339727827,0.8981067751488143,0.8915324775523015,0.8628826973563752
28acf2f7c8c3f843,0.8003757375363574,0.820046142335678,0.7990458623967086,0.8574982213112708,0.844530673821486,0.8941763898079476,0.8202955429260048,0.8555298417097978,0.8236828103030083,0.843653782867016,0.8197992731471602,0.8574544933161381,0.8794220695819637,0.8435913397750291,0.8555809701418224,0.8555384128581557,0.8537078688491749,0.8474746274529645,0.8537078688491758,0.8456975913818754,0.8866198456566967,0.7990980117083717,0.8555601510248876,0.8926971067506672,0.8573511977600341,0.8455335317039328,0.7990980117083737,0.8839038875380083,0.8946369361702531,0.8465815069851276,0.7990980117083735,0.8782496601737912,0.8589445182997137,1.0,0.8465588759674394,0.844233877792498,0.8756684331008715,0.7648839927044966,0.8465815069851232,0.8436537828670156,0.845533531703931,0.8594604479240008,0.8809050349371591,0.8574544933161392,0.8829980065549452,0.8574544933161387,0.8317529933470322,0.8896824065368556,0.848155113421431,0.8573625281191349,0.8503801055138025,0.7990458623967092,0.855538412858157,0.8934263677559329,0.8594604479240002,0.8455335317039312,0.8538488341580446,0.8594604479239994,0.8555384128581567,0.7650991073655037,0.8295123388023715,0.853707868849176,0.8872112240082317,0.8817741940416208,0.857351197760037,0.8820909108196107,0.7605976136269176,0.8922796843792093,0.8588792409566763,0.8966879641468918,0.8324459248792986,0.8948230004467439,0.855560151024888,0.841524902352315,0.8293303394074745,0.8790760438467118,0.876805284788744,0.8574982213112714,0.7605976136269177,0.8579408454552191,0.8465588759674412,0.8738876274814216,0.855560151024887,0.8812170416007152,0.7648839927044973,0.8972884295254213,0.8415249023523157,0.8787552213456632,0.8435913397750279,0.882368582212659,0.8574982213112707,0.834510143646678,0.8538436961870604,0.8717586698561437,0.8991267334425725,0.8537026737284161,0.875244597270094,0.8944536260596518,0.880390935157887,0.7990458623967078,0.8465815069851234,0.8733444820991172,0.8435913397750276,0.8415249023523139,0.8537026737284164,0.8473207848442106,0.7610539328531929,0.867288665782227,0.7610539328531929,0.7650991073655036,0.8589445182997131,0.859483513587809,0.8003757375363341,0.8766195854603653,0.8775407205567075,0.895196651953275,0.8594835135878083,0.839628004151141,0.8538436961870597,0.8784947775044964,0.8474746274529661,0.8237334613290314,0.7999947892314823,0.8829604579127659,0.841343645230877,0.849440776459351,0.8690023093569823,0.8759832730584188,0.8788441484028486,0.855529841709797,0.8910163157144095,0.8296205115483539,0.8346455056385461,0.8904343128484139,0.8945508430490101,0.8769191361276325,0.8589445182997129,0.8289827184774315,0.8767401295694763,0.853848834158043,0.8588792409566766,0.8714583227514766,0.8825373279024663,0.8783119429614145,0.8837802138217482,0.8918734817535763,0.893275015281163,0.7605976136269181,0.8555809701418238,0.8538488341580438,0.8713664930988405,0.7648839927044973,0.7610539328531929,0.8899856218406923,0.8774850624236263,0.8932740103499268,0.853702673728417,0.8474746274529659,0.8436537828670156,0.8567123418593494,0.8003757375363341,0.8758490869415642,0.8878021977413189,0.853843696187059,0.893308139713644,0.8573625281191355,0.8588792409566761,0.8437614289249963,0.7999947892314828,0.8765482405368088,0.8594835135878096,0.8413436452308765,0.8840300695585419,0.7650991073655039,0.8986342357999686,0.8819814680940329,0.881095121203732,0.8768350939456744,0.8473207848442104,0.8413436452308763,0.891014631381319,0.8455335317039315,0.8808345769977031,0.8793001872705271,0.8555809701418241,0.877453563448831,0.8527407306511002,0.8465588759674403,0.8573511977600377,0.7999947892314823,0.8864337606402913,0.8860047804979996,0.8555298417097972,0.8573625281191357,0.8473207848442096,0.890211585096234
29eda5a666cd6ca7,0.8746392375671201,0.7469284659688146,0.8737304823919686,0.8898075398176213,0.7375987826203692,0.8463763741098214,0.7477214976014877,0.8729874697843643,0.7340980155470314,0.8947449084152499,0.7502370679288757,0.8898604648178798,0.8663195944783886,0.8947789308402652,0.873501980056204,0.8729727546890871,0.8721267515878275,0.899953532822545,0.8721267515878275,0.7525333494659252,0.8210684251864308,0.8737628699262325,0.8735190143193714,0.8558669546476364,0.8904384137465695,0.854354527989637,0.8737628699262319,0.811039741691559,0.8476401296987469,0.89999929302004,0.8737628699262332,0.8635685312769933,0.8906971140965206,0.8465588759674394,1.0,0.7602379061642549,0.8624954632135224,0.8364064393242818,0.8999992930200379,0.894744908415251,0.8543545279896365,0.8901777541818082,0.814422185151942,0.8898604648178805,0.8005263048206701,0.8898604648178801,0.7463208282804777,0.8530552450484676,0.7505285328437374,0.8904320161791571,0.7548966895433338,0.8737304823919684,0.8729727546890873,0.8535639113019242,0.8901777541818079,0.8543545279896366,0.872649373587832,0.8901777541818077,0.8729727546890874,0.8364519495535496,0.7437177094237212,0.8721267515878276,0.8092039862843035,0.8617370808284632,0.8904384137465702,0.8058990915847394,0.8338173691854315,0.8537747741297839,0.8907243729240725,0.8425871085940664,0.718605860013432,0.8496602079525475,0.8735190143193717,0.8942702187428287,0.7401622084182471,0.86713890348123,0.8058620088572559,0.88980753981762,0.8338173691854311,0.7665063280703013,0.9000000000000001,0.8143198657822952,0.8735190143193718,0.8686636631002814,0.836406439324282,0.8447680279504224,0.8942702187428287,0.8132184544056287,0.8947789308402637,0.8655943559533418,0.8898075398176197,0.7497626715215042,0.8726522021868788,0.8108299564967038,0.8393754638354071,0.8721632217269196,0.8637230139067749,0.85032785347116,0.864551270967737,0.8737304823919685,0.8999992930200379,0.8194762255298152,0.8947789308402638,0.8942702187428286,0.8721632217269196,0.8999610259844639,0.8339733270226166,0.8085847942482258,0.8339733270226166,0.8364519495535498,0.8906971140965202,0.8901463768657236,0.874639237567095,0.8637160147398111,0.8069034601835524,0.8508454494798248,0.8901463768657234,0.7428244743896006,0.8726522021868787,0.8620535824790132,0.8999535328225452,0.7503080448919625,0.8744834769108899,0.8222308796052334,0.894260555516013,0.7460836918288936,0.8083642183326164,0.861306583928857,0.8648849051993696,0.8729874697843643,0.852955030211349,0.7665591284271784,0.7535322385320595,0.8567106157235943,0.8536603167473937,0.8626876751865367,0.89069711409652,0.7643295908391322,0.8620657479459065,0.8726493735878322,0.8907243729240726,0.8194846096189301,0.8634237481082301,0.8690276512514225,0.8006993472477575,0.8486621045281311,0.8499912202797042,0.8338173691854311,0.8735019800562043,0.8726493735878325,0.7971626379955346,0.836406439324282,0.8339733270226166,0.8577237519430332,0.8661994641451962,0.8504250486029176,0.8721632217269198,0.8999535328225452,0.894744908415251,0.772600325578402,0.874639237567095,0.8065080487364571,0.8167443071863978,0.8726522021868788,0.8509524886590045,0.8904320161791576,0.8907243729240724,0.7412937211233261,0.87448347691089,0.7841704220795307,0.8901463768657238,0.894260555516013,0.8641160800494447,0.83645194955355,0.8496430041461746,0.7968191216010505,0.8125302818661158,0.8625989768222637,0.8999610259844639,0.894260555516013,0.8507066325448432,0.8543545279896364,0.8631472871877477,0.8668528313440806,0.8735019800562043,0.8672011610428578,0.7749770508322635,0.9,0.8904384137465705,0.87448347691089,0.8129045669123243,0.8635314299365567,0.8729874697843647,0.8904320161791572,0.8999610259844637,0.8520891042174776
2f80b5fca54b6e86,0.755254033168052,0.8605527950210637,0.7552274189136757,0.7484547204239232,0.868144335222701,0.8451454219492553,0.8496508251787658,0.7327590837068897,0.8664356625022076,0.7579656507366949,0.8653709883222493,0.748472032079255,0.7852407571389242,0.7579390224284992,0.7330933552409216,0.7327655859024811,0.7308524295037369,0.7598618432706148,0.7308524295037362,0.8953513211428197,0.8744424890321496,0.7552523501490126,0.7330790410746687,0.8392669509317596,0.7491828285565559,0.7132555924587832,0.7552523501490118,0.8839683384910257,0.8280261756984114,0.7602485056071612,0.7552523501490128,0.7807293791796085,0.7510039201925732,0.844233877792498,0.7602379061642549,1.0,0.7751157483991358,0.7315348407419024,0.7602485056071613,0.7579656507366958,0.7132555924587836,0.7509088774598901,0.8884509451910219,0.7484720320792544,0.8696095604086161,0.7484720320792544,0.8697768960355241,0.8248731412545703,0.8725920340142587,0.7491981336991049,0.889170053948485,0.7552274189136753,0.7327655859024806,0.8348394053743271,0.75090887745989,0.7132555924587833,0.731403018482218,0.7509088774598902,0.7327655859024802,0.7316185878546515,0.8817998621542722,0.7308524295037369,0.8685751733643401,0.7801902531598691,0.7491828285565532,0.8599958369611138,0.727952845538315,0.837672918825972,0.7509631668972905,0.8348811796808917,0.8715790510059422,0.8408656082730233,0.733079041074669,0.7567408425618174,0.8771444603645759,0.7849646330375627,0.8751900799871855,0.7484547204239232,0.7279528455383149,0.8850693460861387,0.7602379061642548,0.8556857847417265,0.733079041074669,0.7867299982142236,0.7315348407419024,0.8394128519012208,0.756740842561817,0.8669614947907394,0.7579390224284996,0.7868084602839094,0.7484547204239238,0.8616577916613798,0.7313930110764087,0.8663803527571894,0.8487198202641735,0.730869489335676,0.7718176705882428,0.8357316777815094,0.7826266368168344,0.7552274189136763,0.7602485056071611,0.8702761122757248,0.7579390224284996,0.7567408425618178,0.7308694893356764,0.7598347945858825,0.7282740735326894,0.8697749245200496,0.7282740735326896,0.7316185878546514,0.7510039201925731,0.7509215254645043,0.7552540331680301,0.7766836278302124,0.8715712348947466,0.8433763630730643,0.7509215254645044,0.8626380668161528,0.7313930110764093,0.7743383599182865,0.7598618432706149,0.8745991203348494,0.7551078255854713,0.8778375585340564,0.7566246228534821,0.8762658276205706,0.8750382649681616,0.773773108374298,0.7830543538548544,0.7327590837068905,0.843963595064681,0.872658269581287,0.8690373843665816,0.8384224885445984,0.8492516341006322,0.7789358242098655,0.7510039201925733,0.8701818843131817,0.7762382709643418,0.7314030184822186,0.7509631668972909,0.8713660998539876,0.7829947141527767,0.7827519334485376,0.874433453345316,0.8387711353004961,0.8299825285597054,0.7279528455383145,0.7330933552409215,0.7314030184822182,0.8714041398129289,0.7315348407419028,0.7282740735326897,0.8408386701645579,0.7798928290578984,0.8449269633355965,0.7308694893356762,0.7598618432706146,0.7579656507366962,0.8895117165419886,0.75525403316803,0.8800394546485186,0.8696111735845438,0.7313930110764093,0.829222335451998,0.7491981336991046,0.7509631668972907,0.8762783126998075,0.7551078255854706,0.8742226732606697,0.7509215254645043,0.7566246228534825,0.7852768609904623,0.7316185878546513,0.8353085968980674,0.8641987587165689,0.8626038504506679,0.7740690468672037,0.7598347945858828,0.7566246228534825,0.8317026980550641,0.7132555924587831,0.7784154320245897,0.7807546294593803,0.7330933552409211,0.7804449437248673,0.8929879162622114,0.7602379061642546,0.7491828285565532,0.7551078255854707,0.8765545149736733,0.7896382369784467,0.7327590837068896,0.7491981336991042,0.7598347945858823,0.8448273013564414
320297694aca3537,0.7909691130939221,0.7551763713948847,0.7890231701715127,0.887885962488126,0.7611568859795401,0.873857929076373,0.7663519577489207,0.8936689059302622,0.7495476063432016,0.8525946282058217,0.7526178099942662,0.8878362639002088,0.898789670383519,0.8525298798035974,0.8935560344723029,0.8936733395904999,0.893523343802435,0.8639888190379619,0.8935233438024357,0.7756912987464726,0.8528642443608071,0.7891163917599611,0.893547181947014,0.8841024606156054,0.8873369431128699,0.8920450664215585,0.7891163917599622,0.84047354953383,0.882266925899017,0.8625369539140813,0.7891163917599625,0.8992557275755183,0.8850707359752679,0.8756684331008715,0.8624954632135224,0.7751157483991358,1.0,0.7351731287607679,0.8625369539140786,0.8525946282058214,0.8920450664215578,0.8858999789647743,0.8358907951665975,0.88783626390021,0.8286421567249591,0.8878362639002094,0.7641927126265304,0.8857410717531373,0.7653102924843733,0.8873514031248928,0.7830178479997579,0.7890231701715125,0.8936733395905008,0.8878916362858027,0.8858999789647739,0.892045066421558,0.8934714760812722,0.8858999789647732,0.893673339590501,0.7354234855230475,0.7662025493804206,0.8935233438024364,0.8341872473043522,0.8979890572912494,0.8873369431128726,0.8357322722422384,0.7308552288339818,0.8793064521128149,0.8850282338194044,0.8768779245824123,0.7354691547030422,0.8803491388984808,0.8935471819470143,0.8500968650844829,0.7704942012277617,0.8983540743545791,0.8404248045310909,0.887885962488126,0.7308552288339814,0.7994236391735299,0.862495463213524,0.8416917601151193,0.8935471819470135,0.8975995247462326,0.7351731287607683,0.8768561625585223,0.8500968650844836,0.8497063551221955,0.8525298798035961,0.8980163453025247,0.8878859624881257,0.7727455998826553,0.8934670336579927,0.828284288090671,0.8690953091534264,0.8935166589884024,0.89912661934054,0.8870930904259492,0.8989002980213674,0.7890231701715119,0.8625369539140788,0.8393120981429041,0.8525298798035958,0.850096865084482,0.8935166589884023,0.8638221070206829,0.7312549642287695,0.8194099450157112,0.7312549642287698,0.7354234855230474,0.885070735975267,0.8859175500984159,0.7909691130939002,0.8995215732975566,0.8320407849094258,0.8843404478748973,0.8859175500984151,0.7641717093214502,0.893467033657992,0.8986195066844742,0.8639888190379632,0.7630267609873813,0.7905770522255207,0.8453929030097319,0.8499472667744281,0.7692492345458434,0.82708120899539,0.8995254149670721,0.8994301614612449,0.8936689059302613,0.8730821437430716,0.7744016200263611,0.7862743787975208,0.8832561316095863,0.881098021662992,0.8996471752593556,0.8850707359752665,0.7770232188058968,0.8993979624770234,0.8934714760812708,0.8850282338194043,0.8337939434068278,0.8982397262710615,0.8985765033104218,0.8223594804880914,0.8851538963949994,0.8887481013328196,0.730855228833982,0.8935560344723037,0.8934714760812714,0.8187693888536057,0.7351731287607679,0.73125496422877,0.8796398427555538,0.8989126289988071,0.8821085027292387,0.8935166589884027,0.8639888190379628,0.8525946282058213,0.8003162320007461,0.7909691130938998,0.8341407947712893,0.8541481473750556,0.8934670336579914,0.8860009943107935,0.8873514031248937,0.8850282338194042,0.7533948030491278,0.7905770522255211,0.8080312876233087,0.8859175500984162,0.8499472667744279,0.8981087053188119,0.7354234855230475,0.8813930959593719,0.8269138567545242,0.8434047813654535,0.8991908022038088,0.8638221070206826,0.8499472667744278,0.8884484211679864,0.8920450664215578,0.8985421939578794,0.8986824877223281,0.8935560344723046,0.8993611582371648,0.7926332410292702,0.8624954632135233,0.887336943112873,0.7905770522255208,0.846995786647458,0.8974004934172481,0.8936689059302618,0.8873514031248932,0.8638221070206824,0.8772641421627227
338baa085fa256bb,0.8822193764820774,0.7417649683603196,0.8822295894530858,0.7858446570388304,0.7207559572725525,0.7700459702603816,0.732218064203785,0.7498594888152164,0.7323489771415445,0.8551820057919034,0.7471557128493325,0.7859677152738835,0.7440638840268218,0.8552414678547193,0.7512115023273371,0.7498414606770076,0.743835583116266,0.8349739155548639,0.7438355831162652,0.7220473279784059,0.7487274473963472,0.8821731494037438,0.7512449572007548,0.7599915067611891,0.7874763327509996,0.7098535205898817,0.8821731494037441,0.7467137545086797,0.7513912594738389,0.8363363004404196,0.8821731494037439,0.7378984374654258,0.8014476938784455,0.7648839927044966,0.8364064393242818,0.7315348407419024,0.7351731287607679,1.0,0.836336300440419,0.8551820057919041,0.7098535205898813,0.7990889780081127,0.7555017923251833,0.785967715273884,0.7468359991475223,0.7859677152738834,0.7312883235416572,0.7580461381157594,0.7440863950595078,0.7874352217644531,0.7202520452925796,0.8822295894530852,0.7498414606770079,0.7518416213539834,0.7990889780081126,0.7098535205898813,0.7448163777726031,0.7990889780081127,0.7498414606770076,0.899997912325285,0.7230726521825392,0.7438355831162651,0.7600713895115633,0.7394055542785256,0.7874763327510002,0.7477469272802051,0.8999299528138192,0.7703317733147128,0.8015261123082702,0.7519856541839924,0.7205359676058647,0.7619875980096887,0.751244957200755,0.8574721299616737,0.7028324217378576,0.7509431826737623,0.736489849712132,0.7858446570388304,0.8999299528138194,0.7158285891549283,0.8364064393242818,0.7578976712235803,0.7512449572007546,0.7542264467539704,0.8999999999999999,0.7561208604029903,0.8574721299616734,0.7423091206200988,0.8552414678547181,0.750601368775154,0.7858446570388307,0.7244415529200418,0.744832301664689,0.7682291157756022,0.7622001689467377,0.7438996276615466,0.738968629394009,0.7471495802272912,0.7438493204755279,0.8822295894530856,0.8363363004404187,0.7692893118621337,0.8552414678547183,0.8574721299616732,0.7438996276615467,0.8351068398007186,0.8999317803923657,0.7729344072876643,0.8999317803923658,0.8999979123252855,0.801447693878445,0.7990470414007418,0.8822193764820517,0.7370874060608077,0.7571051813429759,0.7527462241514766,0.7990470414007416,0.7260173571292783,0.7448323016646888,0.736586323986656,0.8349739155548643,0.7401157803968329,0.8822208747215846,0.756968833091779,0.8575719507365412,0.7234701276090485,0.7671130189056394,0.7307975433881452,0.743155357249276,0.7498594888152165,0.7772280530097834,0.7535641500877535,0.7140621197640818,0.7697372108757535,0.761390407843533,0.7354336287989371,0.8014476938784449,0.7465496985425198,0.7339215178655492,0.744816377772603,0.8015261123082703,0.7765550327954653,0.7427587657222032,0.7528828337521409,0.7611542145808812,0.7471489479195236,0.74088712657713,0.8999299528138192,0.7512115023273372,0.7448163777726032,0.7616407582864392,0.9,0.8999317803923657,0.7775397771737016,0.7426548685847927,0.7604915904629636,0.7438996276615467,0.8349739155548648,0.8551820057919042,0.729216794990028,0.8822193764820518,0.7530833077780602,0.7354961114767617,0.7448323016646888,0.7517833333561892,0.7874352217644535,0.8015261123082702,0.7415084993574197,0.8822208747215844,0.7492148644954498,0.799047041400742,0.8575719507365409,0.745851282361772,0.8999979123252853,0.7596196395571427,0.7436263901403354,0.7490817405021621,0.736024587848972,0.8351068398007186,0.857571950736541,0.7485183613408428,0.7098535205898818,0.740615303780587,0.7479164743235756,0.7512115023273374,0.7472556640706315,0.7376628186271943,0.8364064393242819,0.7874763327509999,0.8822208747215845,0.742451516923682,0.7475650325421008,0.7498594888152166,0.7874352217644536,0.8351068398007184,0.772515102829598
343fdf76babae79b,0.8746041184808803,0.7470093471282049,0.8736928822827558,0.8898237522833043,0.7376241967618264,0.8464240659243226,0.7478161703522768,0.8730141723640508,0.7341673533962544,0.8947390041596913,0.7503481551468277,0.8898763616059263,0.8663514077611798,0.8947726155832976,0.8735287641305233,0.8729995464654646,0.8721538868190131,0.8999552677873202,0.8721538868190133,0.7525335126719881,0.8211031089357563,0.8737277000859512,0.8735457330083639,0.8559012080865362,0.890452813992096,0.8543904284789339,0.8737277000859516,0.8110493732639019,0.8476776003541803,0.9000000000000012,0.873727700085952,0.8636024326313018,0.8907115058918681,0.8465815069851232,0.8999992930200379,0.7602485056071613,0.8625369539140786,0.836336300440419,1.0,0.8947390041596914,0.8543904284789342,0.8901917393860642,0.8144350868773054,0.8898763616059266,0.8005534785845433,0.8898763616059265,0.7463889687380488,0.8531245886401955,0.750535438543477,0.8904471679099225,0.7549082604997608,0.8736928822827552,0.8729995464654652,0.8536016042498729,0.8901917393860639,0.8543904284789343,0.8726759083694096,0.8901917393860638,0.8729995464654651,0.8363825994729829,0.743773924482765,0.8721538868190135,0.809221915845941,0.8617773906849402,0.8904528139920955,0.8059261083984139,0.8337490447731049,0.8538348518162531,0.8907385920632811,0.8426233536412564,0.7186054892022047,0.8497091137288497,0.8735457330083636,0.8942650740421256,0.7401816572703321,0.8671797871870236,0.8058872055523236,0.8898237522833046,0.8337490447731044,0.7665410991614976,0.8999992930200381,0.814402800674746,0.8735457330083636,0.8687187757739987,0.836336300440419,0.8448006945187337,0.8942650740421256,0.8132523154720511,0.8947726155832962,0.865637148498956,0.8898237522833043,0.749823871185542,0.8726784298854631,0.8109002212133538,0.8393969742049107,0.8721902225944761,0.8637771782120546,0.8503607495492125,0.8645947742863127,0.8736928822827552,0.9000000000000001,0.8194919619127827,0.8947726155832961,0.8942650740421254,0.8721902225944761,0.8999622127552505,0.8339057662893716,0.8086765201219849,0.833905766289372,0.8363825994729831,0.8907115058918679,0.8901605798445369,0.8746041184808554,0.8637555314563296,0.8069600891825437,0.8508683332853544,0.8901605798445364,0.7428401613776853,0.8726784298854631,0.8620954026313615,0.8999552677873204,0.7503763261044505,0.8744474498066734,0.8222619097393673,0.8942550479621019,0.7461091529324262,0.8084179834290671,0.8613512531097997,0.8649264072429974,0.8730141723640494,0.853028103764284,0.7665755865030197,0.7535579575937456,0.8567357732251214,0.8536818444063843,0.8627259553952082,0.8907115058918673,0.7643387650338178,0.8621047103775925,0.8726759083694098,0.8907385920632814,0.8195018524240305,0.8634615420869068,0.8690597888470598,0.8007076346603462,0.8486952990756644,0.8500369319553951,0.8337490447731045,0.8735287641305236,0.87267590836941,0.7972185771295155,0.836336300440419,0.8339057662893714,0.8577477001062221,0.8662370263990935,0.8504689707119921,0.8721902225944763,0.8999552677873202,0.8947390041596914,0.7726338936764594,0.8746041184808555,0.80655591031109,0.8167857360333042,0.8726784298854628,0.8510020349571721,0.890447167909923,0.8907385920632813,0.7412905867348565,0.8744474498066738,0.7841784036245737,0.8901605798445369,0.8942550479621021,0.8641502128880282,0.836382599472983,0.8496729807509301,0.7968488101318179,0.8125845966326151,0.8626437185706085,0.8999622127552502,0.8942550479621021,0.8507468229950446,0.8543904284789342,0.8631849746144172,0.8669022546107441,0.8735287641305234,0.8672344154175717,0.7750082779564069,0.8999992930200379,0.890452813992096,0.8744474498066739,0.8129266314075849,0.8635651668984745,0.8730141723640501,0.8904471679099226,0.8999622127552499,0.8521343206772425
350e3a4a2e284f7c,0.8761195985648076,0.7522271857503017,0.8748484921456894,0.8808895402751522,0.7459434478283432,0.8450050367184736,0.7527185302296378,0.864321473082111,0.7410923357974749,0.9,0.75607493171721,0.8809292880609767,0.8564524636060689,0.8999995347467178,0.8649765808254379,0.8643134645511457,0.861010762054254,0.89494873341578,0.8610107620542542,0.749832968623387,0.8186253199072485,0.8748779797411548,0.8649960799816917,0.8505158731612115,0.8813597608634067,0.8419473231027699,0.8748779797411554,0.8062729094590839,0.8442763216740328,0.8947390041596929,0.8748779797411558,0.8531852421093755,0.8878429441132152,0.8436537828670156,0.894744908415251,0.7579656507366958,0.8525946282058214,0.8551820057919041,0.8947390041596914,1.0,0.8419473231027701,0.8870178493725045,0.8105116724651247,0.8809292880609774,0.8031012906498588,0.880929288060977,0.7480368413812747,0.8489643713665622,0.7559963736080921,0.88134956242177,0.7531655779284061,0.8748484921456895,0.8643134645511462,0.8476542536536895,0.8870178493725045,0.8419473231027703,0.8614551557476947,0.8870178493725043,0.8643134645511463,0.8553076052333973,0.7438950508864604,0.8610107620542538,0.8099844982407611,0.85389444619663,0.8813597608634067,0.8084324490503659,0.8530229137099518,0.850944890354342,0.8878761597498053,0.8405326045058408,0.7263133356354701,0.8448885302406638,0.8649960799816918,0.8999400896922188,0.7359348011710545,0.8591162562796355,0.8003751193036347,0.8808895402751521,0.8530229137099521,0.7630699277239408,0.8947449084152508,0.8153445373575668,0.8649960799816917,0.8612766993970927,0.8551820057919043,0.8423488213859199,0.8999400896922187,0.8094954302504375,0.8999995347467173,0.8581881366212176,0.8808895402751522,0.7483518737866801,0.861459994778643,0.8130380936862592,0.837621250405835,0.8610418114249732,0.8548653642212188,0.8428120983822738,0.8555021377797494,0.8748484921456897,0.8947390041596914,0.819028930959103,0.8999995347467175,0.8999400896922186,0.8610418114249734,0.8949304625426644,0.853192731458263,0.8119846675068716,0.853192731458263,0.8553076052333972,0.8878429441132147,0.8870034021396972,0.8761195985647823,0.8542140385928214,0.8061647572366659,0.8432261230434307,0.8870034021396972,0.7506652031458776,0.8614599947786432,0.8534630278063003,0.8949487334157796,0.7539895884448407,0.8759114202993243,0.8202559829098671,0.8999374566108216,0.7519751148961403,0.8098406212331678,0.8507194406426732,0.8556487499609214,0.8643214730821106,0.851442604823258,0.7693839224303165,0.7515341335073127,0.8523010560913078,0.8469187951065338,0.8522007725181224,0.8878429441132147,0.7660133037624622,0.85172785940654,0.8614551557476953,0.8878761597498053,0.8204493210186625,0.8555459943616328,0.8609312527105246,0.8031232339107877,0.8407253947092268,0.8418755035981434,0.8530229137099518,0.8649765808254382,0.8614551557476953,0.8011237009181612,0.8551820057919042,0.853192731458263,0.8545646218934003,0.8570480047430679,0.8451202946374912,0.8610418114249735,0.8949487334157797,0.9000000000000002,0.7725659441428882,0.8761195985647823,0.8047975987027269,0.8112424645165637,0.8614599947786432,0.843741075833302,0.8813495624217704,0.8878761597498052,0.7478394331810099,0.8759114202993246,0.7879891928339506,0.8870034021396973,0.899937456610822,0.8558987785207084,0.8553076052333974,0.8452163571658395,0.8005948565713987,0.8086325603517315,0.8523348466961895,0.8949304625426643,0.8999374566108218,0.8439617052131932,0.8419473231027699,0.8541021920594949,0.8586758212334292,0.864976580825438,0.8584130673231283,0.7750079919857656,0.894744908415251,0.8813597608634071,0.8759114202993243,0.8085115000048462,0.8558706101259022,0.8643214730821106,0.8813495624217701,0.8949304625426642,0.8491749399240831
387b37d647398ef4,0.771976079023516,0.692510731280477,0.7697089144913145,0.8870276897248657,0.6963331122039825,0.8426666544710157,0.7074875286010233,0.8971630655087823,0.6870215821055451,0.8419473231027704,0.6897435237030473,0.8869672757742451,0.8899590625057968,0.8418819195833397,0.8969738809541279,0.8971648462296042,0.8977433175236998,0.8561391940136807,0.8977433175237008,0.7134607577851592,0.8090047550745307,0.7697968412216832,0.8969690427597687,0.8572116898964931,0.8862654801248588,0.9,0.7697968412216839,0.7942138384189217,0.8550722275672896,0.8543904284789351,0.7697968412216833,0.8912425285893334,0.8824654714987902,0.845533531703931,0.8543545279896365,0.7132555924587836,0.8920450664215578,0.7098535205898813,0.8543904284789342,0.8419473231027701,1.0,0.8834215462210172,0.7888839226508374,0.8869672757742451,0.7786561807976018,0.8869672757742446,0.7029704777397996,0.8600682217964064,0.7043997397052678,0.8862738401799365,0.7226266547839464,0.7697089144913142,0.8971648462296042,0.8620863143833757,0.8834215462210169,0.8999999999999999,0.8975816957106958,0.8834215462210169,0.8971648462296042,0.710122816919318,0.7025011986557737,0.8977433175237006,0.7887364787043967,0.8883069636476298,0.8862654801248588,0.7890285715081198,0.7056276397330045,0.8497227320081246,0.8824303587833662,0.8471268108950614,0.6677880906675422,0.8511957527864651,0.896969042759769,0.8393500211006703,0.7075734085223306,0.8888459929376258,0.7927199327979393,0.8870276897248655,0.705627639733005,0.7405240837911992,0.8543545279896368,0.7974936548153143,0.8969690427597687,0.886783459451709,0.7098535205898815,0.84610296182678,0.8393500211006698,0.8047594350399666,0.8418819195833387,0.8874953841463677,0.8870276897248652,0.7144554774494802,0.8975807307772448,0.7796153964244896,0.8360218588104443,0.8977326236986557,0.891688099083028,0.8617691218121531,0.8894711095058528,0.7697089144913145,0.8543904284789345,0.7927341009909907,0.841881919583339,0.8393500211006694,0.8977326236986561,0.8559518354277663,0.7060067342420251,0.7693128395267479,0.7060067342420251,0.7101228169193181,0.8824654714987898,0.8834354849972297,0.7719760790234939,0.8918352705373072,0.7843751693914217,0.8573097394175946,0.8834354849972297,0.7007409172782066,0.8975807307772443,0.8904190414297137,0.8561391940136814,0.702565752516306,0.7715520232060341,0.8003705937604989,0.8392110305367311,0.7040997710632104,0.7793339688705522,0.89220462073109,0.8901244554084078,0.8971630655087823,0.8414537728162933,0.7152137410570943,0.7272342949950973,0.8548585974781117,0.8528107828950828,0.8910893585075574,0.8824654714987898,0.7174283678291372,0.8921542634807451,0.8975816957106956,0.8824303587833663,0.7871391220361299,0.8879990560737466,0.8893165012148349,0.7730356055135794,0.8570205544824769,0.8636552796962547,0.7056276397330048,0.8969738809541278,0.8975816957106953,0.7690684400035888,0.7098535205898817,0.7060067342420253,0.8508306052860414,0.8906710832124778,0.8524835792493362,0.897732623698656,0.8561391940136813,0.8419473231027701,0.7413597350843655,0.7719760790234939,0.7849368116447056,0.8109007025177141,0.8975807307772445,0.8605370401086612,0.8862738401799368,0.8824303587833662,0.6890921926038532,0.7715520232060341,0.755135705821473,0.8834354849972297,0.8392110305367311,0.8882267237936246,0.7101228169193183,0.854644645099884,0.7778027240449529,0.7996532820085087,0.8918056889040642,0.8559518354277661,0.8392110305367309,0.861900573798652,0.8999999999999999,0.8904605920315869,0.8892145999622862,0.8969738809541279,0.8903765219341645,0.7327928313815605,0.8543545279896366,0.8862654801248592,0.771552023206034,0.8028643276186928,0.8860533158537648,0.8971630655087826,0.8862738401799362,0.8559518354277659,0.8477544499833904
397566b0650ff5e1,0.8404234962147041,0.7369372207993836,0.8386492812099573,0.8983920141027394,0.736466228468529,0.8583373706200066,0.7442398124383325,0.894259587270457,0.7283353686710652,0.8870178493725036,0.7378168507510318,0.8983843081487255,0.8869713511268456,0.886985006456924,0.8945178137079879,0.8942566305627585,0.8927215652611944,0.891148941254724,0.8927215652611937,0.7467160244685924,0.8292693933180673,0.8387064948574087,0.894525333874869,0.8687123718805282,0.898276783380288,0.8834215462210162,0.8387064948574086,0.8153202864054229,0.8643564568828331,0.890191739386063,0.8387064948574093,0.8858411605418026,0.8999739686067698,0.8594604479240008,0.8901777541818082,0.7509088774598901,0.8858999789647743,0.7990889780081127,0.8901917393860642,0.8870178493725045,0.8834215462210172,1.0,0.8149763146841715,0.898384308148725,0.8061782345016495,0.8983843081487247,0.7399346233508852,0.8688276668279598,0.7454662054181269,0.8982754423994048,0.7533463692242572,0.8386492812099569,0.8942566305627587,0.8696787106844626,0.8999999999999999,0.8834215462210171,0.8928824905350186,0.9000000000000002,0.8942566305627588,0.7992866497748257,0.738097032398339,0.8927215652611942,0.8146374270824301,0.8849056032891753,0.898276783380287,0.8139341407461383,0.7958706332254155,0.8649567017308738,0.8999734439226803,0.8586637881484348,0.7122031130142539,0.8625138632205221,0.8945253338748692,0.8857149060356335,0.7367260980401239,0.8877210153868855,0.8116666656383996,0.8983920141027402,0.795870633225416,0.7672828508551299,0.8901777541818076,0.8209869519043375,0.8945253338748694,0.8879200602651659,0.799088978008113,0.8590566089410845,0.8857149060356331,0.8219033543536192,0.8869850064569221,0.8865507661856127,0.89839201410274,0.745575451539487,0.892884524792547,0.8112374503745833,0.8517627540238398,0.8927330953821142,0.8867937752896529,0.8670206175006756,0.8861307091294501,0.8386492812099574,0.8901917393860643,0.8210435676142618,0.8869850064569225,0.8857149060356335,0.8927330953821142,0.8910489427731697,0.7961477756744332,0.8058119564821673,0.7961477756744333,0.7992866497748259,0.8999739686067696,0.8999998807248537,0.8404234962146799,0.8867639098944723,0.8099967586094687,0.8648477451179626,0.8999998807248537,0.7408466844277576,0.8928845247925472,0.8856235170143957,0.8911489412547237,0.7430337258794084,0.8401073433536486,0.8257603167656024,0.88564402942847,0.7433405269792087,0.8095198048769099,0.8851167238929153,0.8866029205590704,0.8942595872704573,0.8613086983541336,0.7570663430118367,0.7539053436402776,0.8683104869611933,0.8646405707983021,0.8853320138249365,0.8999739686067695,0.756766007821589,0.8856244729273304,0.8928824905350196,0.8999734439226799,0.8187300605783026,0.885590716098746,0.8888604002760025,0.8034236795738436,0.8635352535136512,0.8674415237228331,0.7958706332254153,0.8945178137079874,0.8928824905350192,0.7997428948481167,0.7990889780081131,0.7961477756744337,0.8673203252651249,0.8876498038253757,0.8634685388302288,0.8927330953821142,0.8911489412547235,0.8870178493725043,0.7725725981587578,0.84042349621468,0.8099260278477944,0.8263895316449146,0.8928845247925472,0.8663670260798831,0.8982754423994049,0.8999734439226803,0.7337727848438853,0.8401073433536486,0.7868686704206932,0.8999998807248538,0.8856440294284703,0.8858892098576524,0.7992866497748257,0.8646697639538926,0.8045302519709069,0.8186398977499317,0.8855402190249896,0.8910489427731697,0.8856440294284702,0.8673641095936392,0.8834215462210169,0.8859964465658683,0.8876626663313855,0.8945178137079872,0.8881465797733534,0.7694933285184458,0.8901777541818077,0.898276783380287,0.8401073433536483,0.8210432109660207,0.8848765876081102,0.8942595872704571,0.8982754423994048,0.8910489427731693,0.8630935734322929
39d534f4e2db4409,0.7877940839141409,0.8484242705761805,0.7871045754673269,0.813489617422738,0.8633653305069363,0.8794672326572467,0.8419616364327366,0.8037763011100846,0.8533730765842295,0.8105116724651232,0.8530117954665974,0.8134818678699482,0.8439825689188873,0.8104700884425534,0.80396439139842,0.8037831688179657,0.8022245581710437,0.8146805900917569,0.802224558171042,0.8842838693314317,0.893663157265262,0.7871357019344467,0.8039492977396665,0.8796463867309764,0.8138030417836687,0.7888839226508368,0.7871357019344449,0.8973242924318005,0.8701901793516835,0.8144350868773034,0.787135701934445,0.8405488712702845,0.8147454870196071,0.8809050349371591,0.814422185151942,0.8884509451910219,0.8358907951665975,0.7555017923251833,0.8144350868773054,0.8105116724651247,0.7888839226508374,0.8149763146841715,1.0,0.8134818678699469,0.8858747942570434,0.8134818678699469,0.8588537740983255,0.8666358966338493,0.8659496468320155,0.8138150011466027,0.8811953482477946,0.7871045754673265,0.8037831688179657,0.8764121779358318,0.8149763146841722,0.7888839226508372,0.8025851575322904,0.8149763146841722,0.8037831688179655,0.7556405677076459,0.8684880895108924,0.8022245581710428,0.8850908024056745,0.8406110404303077,0.8138030417836659,0.8787494245969037,0.7514828429255528,0.8748586707237125,0.8146982203328754,0.8749883314962218,0.8583348033614844,0.8776240593679369,0.8039492977396673,0.8087772207681622,0.8648949159787889,0.8433873248306524,0.8879244492569459,0.8134896174227378,0.7514828429255533,0.8831027632081815,0.8144221851519413,0.8731617251714299,0.8039492977396677,0.8444263581299396,0.7555017923251831,0.8783629190912872,0.8087772207681615,0.8839614176182099,0.8104700884425533,0.844531012709287,0.8134896174227382,0.8543184035304119,0.8025779409283833,0.8782336645743634,0.8827893245699112,0.8022328355226928,0.8332604218693684,0.876463593722473,0.8414407471671782,0.7871045754673276,0.8144350868773051,0.8843984112437839,0.8104700884425539,0.8087772207681627,0.802232835522693,0.8145998370747092,0.7518517313190458,0.8793362327957313,0.751851731319046,0.7556405677076461,0.8147454870196078,0.814992618372655,0.7877940839141175,0.8376609919573992,0.8836306393644645,0.881737299951209,0.8149926183726555,0.8573253017328135,0.8025779409283836,0.8358666289561564,0.8146805900917564,0.8636983355694897,0.7875492475538758,0.895705973946258,0.8086389535155072,0.8717384327041815,0.886017987956098,0.8354197446411149,0.8419643178552656,0.8037763011100854,0.8783781549646148,0.8646468772114086,0.8624611051592718,0.8765020628336415,0.8856168564678982,0.8386677603856012,0.8147454870196074,0.8621506869640246,0.8370554134892704,0.8025851575322922,0.8146982203328761,0.8846327163035282,0.8427557747359802,0.841674701174516,0.8867392956413491,0.8769426651698716,0.8729348148654841,0.7514828429255525,0.8039643913984185,0.8025851575322913,0.8805467618373946,0.7555017923251832,0.751851731319046,0.8778668711708302,0.840320684523796,0.8812682599470527,0.8022328355226926,0.8146805900917566,0.8105116724651249,0.8866338277882456,0.7877940839141178,0.8906995093343647,0.8903737720900933,0.8025779409283841,0.8703763789029195,0.8138150011466025,0.8146982203328759,0.8662474736589053,0.7875492475538753,0.8830763588774507,0.8149926183726546,0.8086389535155076,0.8440667011466456,0.755640567707646,0.8754705030554089,0.8813421663201388,0.8797491135610678,0.8350792215084617,0.8145998370747086,0.8086389535155074,0.8724360939447953,0.7888839226508372,0.8388799602443385,0.8400335584064145,0.8039643913984176,0.839927805625525,0.8893063404047321,0.8144221851519411,0.8138030417836654,0.7875492475538757,0.8931751287337214,0.8473139147692982,0.8037763011100849,0.8138150011466019,0.8145998370747087,0.8804746139594666
3eaa17a39dad1eae,0.8363937158416638,0.7305148768435685,0.8348320518912464,0.8999997412234559,0.7283380326331859,0.8556587167295274,0.7377385275891217,0.8956818303811156,0.7210187685064198,0.8809292880609768,0.7312344079895212,0.9000000000000004,0.8889593324346254,0.8809182787291971,0.8958605395195989,0.8956746842498198,0.8955319055187041,0.8906817964180715,0.8955319055187032,0.744332018054281,0.8267595399919068,0.8348881048582942,0.8958670563072286,0.8681106984224141,0.8999800584346892,0.8869672757742448,0.8348881048582937,0.8141395453777066,0.8626227231937931,0.8898763616059286,0.834888104858294,0.8880706107811677,0.8981886446507492,0.8574544933161392,0.8898604648178805,0.7484720320792544,0.88783626390021,0.785967715273884,0.8898763616059266,0.8809292880609774,0.8869672757742451,0.898384308148725,0.8134818678699469,1.0,0.8012948818106342,0.9,0.7354345465264205,0.8675035054095395,0.7387615568241904,0.8999804657535795,0.7500542046942981,0.8348320518912463,0.8956746842498204,0.8692386363460047,0.8983843081487248,0.8869672757742453,0.8957384703786203,0.8983843081487247,0.8956746842498201,0.7861143060826761,0.7339228789248385,0.8955319055187039,0.8104788774893857,0.8857791282610186,0.8999800584346884,0.8089089842514152,0.7825239105040203,0.8630676017786283,0.8981858165565069,0.8562439220628206,0.7045107329185272,0.8616485362974137,0.8958670563072285,0.8794043337985449,0.7348689024716493,0.8886899090678924,0.8106859787652131,0.8999997412234548,0.7825239105040203,0.7651261679697092,0.8898604648178806,0.8167347440477969,0.8958670563072286,0.8886470556933769,0.7859677152738838,0.8569182522077774,0.8794043337985445,0.819987978620464,0.8809182787291961,0.8872451511572206,0.8999997412234547,0.7427355871422854,0.8957394982273168,0.8065445767456965,0.8491925357549118,0.8955466528409202,0.8882390085754313,0.8672912325700587,0.887707613066518,0.8348320518912464,0.8898763616059271,0.8174879610581882,0.8809182787291959,0.8794043337985449,0.8955466528409202,0.8905976360740888,0.7827880526658788,0.8006016093893337,0.782788052665879,0.7861143060826761,0.898188644650749,0.8983735754322817,0.8363937158416397,0.8885029847217251,0.8068723775131927,0.8653668615175572,0.8983735754322817,0.7329589450617278,0.8957394982273168,0.8868995961435422,0.8906817964180718,0.7371012012321284,0.8361102336836765,0.8232154668073108,0.8793318564633352,0.7366637760053097,0.8049827205199547,0.8874282549655825,0.8881921346159339,0.8956818303811147,0.8587892625452463,0.7518310886216008,0.7508380219675019,0.8670951104329985,0.8647776472488183,0.8875682435241362,0.8981886446507489,0.7518504011684524,0.8877410915562097,0.8957384703786206,0.8981858165565071,0.8146663732116265,0.8865229486310402,0.8899338497770541,0.7984499518576198,0.8641172908227177,0.8681640341671301,0.78252391050402,0.8958605395195983,0.8957384703786206,0.7941230905723846,0.7859677152738842,0.7827880526658788,0.8655991276287447,0.8892609928063598,0.8626854560667401,0.8955466528409202,0.8906817964180713,0.8809292880609774,0.7686208409997344,0.8363937158416399,0.8069825003685211,0.8254884902504125,0.8957394982273169,0.866810143188628,0.8999804657535797,0.8981858165565068,0.7265759882535487,0.8361102336836765,0.7812462806878991,0.8983735754322818,0.8793318564633351,0.8869417354222134,0.7861143060826763,0.863451848930384,0.7988783345645252,0.8171885570279369,0.8877784820967811,0.8905976360740888,0.8793318564633354,0.867328116814439,0.8869672757742446,0.8874887142725799,0.8887858206044003,0.895860539519598,0.8895170545785995,0.7657700757089192,0.8898604648178801,0.8999800584346889,0.8361102336836765,0.819358038123267,0.8856478682309128,0.895681830381115,0.8999804657535794,0.8905976360740888,0.8611032638946381
3eff104322ac57ff,0.7678153400896461,0.8479555429466923,0.7669170448006964,0.8013192281679418,0.8839407714153471,0.8785410159929788,0.8416401606814177,0.7940875065318921,0.8509846684366558,0.8031012906498587,0.8491148786952782,0.8012948818106347,0.8336223201071967,0.8030482889509505,0.794191863716617,0.7940988377281295,0.791080061096306,0.8011244712368217,0.7910800610963054,0.8705810178743693,0.8876913056853201,0.766957011620691,0.7941678052361618,0.8724149216896755,0.8013742416359075,0.7786561807976013,0.7669570116206896,0.8869539704332977,0.8772679568789912,0.8005534785845447,0.7669570116206896,0.8311618229980715,0.8057685819469026,0.8829980065549452,0.8005263048206701,0.8696095604086161,0.8286421567249591,0.7468359991475223,0.8005534785845433,0.8031012906498588,0.7786561807976018,0.8061782345016495,0.8858747942570434,0.8012948818106342,1.0,0.8012948818106345,0.8542732329481626,0.866868469288773,0.8727677468892154,0.8013939385424338,0.871352168673152,0.7669170448006963,0.7940988377281292,0.8703041066253576,0.8061782345016497,0.778656180797602,0.7913132648220143,0.8061782345016492,0.7940988377281295,0.7469965023585425,0.8527677847652693,0.7910800610963056,0.890209175133301,0.8394543750227057,0.8013742416359052,0.8934662368558016,0.7425625341013696,0.875112524809686,0.8056994241966018,0.8833183101883051,0.8712889679087833,0.8753158797320149,0.7941678052361623,0.801094170498233,0.8525064294459532,0.8337353505219705,0.8804376978310189,0.8013192281679424,0.7425625341013696,0.8801985079265601,0.8005263048206694,0.8756784226911836,0.7941678052361629,0.8389193456594308,0.7468359991475223,0.8854927349952489,0.8010941704982322,0.878776286795843,0.8030482889509504,0.8391101728187248,0.8013192281679424,0.8530715282379239,0.7913031601675344,0.8806585419006508,0.8872668758073028,0.7910816038391046,0.8284255087443508,0.8690816298963406,0.8353595105779964,0.7669170448006968,0.8005534785845433,0.8762713667973765,0.8030482889509503,0.8010941704982334,0.7910816038391044,0.801011736544154,0.7430070309020127,0.8791167878398259,0.7430070309020129,0.7469965023585425,0.8057685819469029,0.8062035166375285,0.7678153400896239,0.8297498584900524,0.882424819177912,0.8725784061109039,0.8062035166375285,0.8764565975708374,0.7913031601675348,0.8340301500367384,0.80112447123682,0.8436098224908588,0.7675144365048734,0.8879267948984828,0.8009141287588198,0.8893958978598635,0.872911254055287,0.8288193809042499,0.8331385226442853,0.7940875065318918,0.8771001083371242,0.8514544364131682,0.8523538322379696,0.8697064501407107,0.8741785150079391,0.8304302544434241,0.8057685819469025,0.8483356540836967,0.8285100648605341,0.7913132648220158,0.8056994241966025,0.8769746977806996,0.8410049400641866,0.8336397322764925,0.893548189246023,0.8702095781901553,0.869577209364096,0.7425625341013692,0.7941918637166165,0.7913132648220156,0.8812026928482286,0.7468359991475229,0.7430070309020127,0.8713544934327628,0.8318895540450733,0.8731666136521599,0.7910816038391042,0.8011244712368203,0.8031012906498585,0.8782009568548585,0.7678153400896242,0.8808644185731372,0.8886196238544467,0.7913031601675351,0.8691749469286296,0.8013939385424337,0.805699424196602,0.8750238870143662,0.7675144365048732,0.8933662621970881,0.8062035166375283,0.8009141287588202,0.8399727087138238,0.7469965023585425,0.8762788198133656,0.8974855322053527,0.8807821096806282,0.8294096192655932,0.8010117365441529,0.8009141287588201,0.8675330523775413,0.7786561807976016,0.8341324475871961,0.835159590806418,0.7941918637166161,0.8317993552809112,0.8784260291552641,0.8005263048206692,0.8013742416359046,0.7675144365048734,0.885619858839754,0.8442668804081539,0.7940875065318926,0.8013939385424331,0.8010117365441534,0.8703871955435648
3fb81c87306d143e,0.8363937158416634,0.7305148768435668,0.8348320518912464,0.899999741223455,0.7283380326331856,0.8556587167295266,0.7377385275891215,0.8956818303811162,0.7210187685064199,0.8809292880609767,0.7312344079895206,0.8999999999999998,0.8889593324346252,0.8809182787291973,0.8958605395195983,0.8956746842498193,0.895531905518703,0.8906817964180713,0.8955319055187028,0.7443320180542797,0.8267595399919061,0.8348881048582933,0.8958670563072284,0.8681106984224147,0.899980058434689,0.8869672757742438,0.8348881048582938,0.8141395453777052,0.8626227231937931,0.8898763616059278,0.8348881048582935,0.8880706107811684,0.8981886446507493,0.8574544933161387,0.8898604648178801,0.7484720320792544,0.8878362639002094,0.7859677152738834,0.8898763616059265,0.880929288060977,0.8869672757742446,0.8983843081487247,0.8134818678699469,0.9,0.8012948818106345,1.0,0.7354345465264205,0.8675035054095392,0.7387615568241912,0.8999804657535793,0.7500542046942977,0.834832051891246,0.8956746842498199,0.8692386363460041,0.8983843081487247,0.8869672757742448,0.89573847037862,0.8983843081487245,0.89567468424982,0.7861143060826759,0.7339228789248395,0.8955319055187032,0.8104788774893864,0.8857791282610182,0.8999800584346883,0.8089089842514151,0.7825239105040198,0.8630676017786272,0.8981858165565066,0.8562439220628204,0.7045107329185268,0.8616485362974131,0.8958670563072282,0.8794043337985444,0.734868902471648,0.888689909067892,0.810685978765212,0.8999997412234546,0.78252391050402,0.7651261679697103,0.8898604648178803,0.8167347440477967,0.8958670563072283,0.8886470556933767,0.7859677152738834,0.8569182522077772,0.8794043337985444,0.819987978620463,0.8809182787291954,0.8872451511572197,0.8999997412234543,0.7427355871422862,0.8957394982273164,0.806544576745695,0.8491925357549113,0.8955466528409199,0.8882390085754309,0.8672912325700584,0.8877076130665174,0.8348320518912463,0.8898763616059269,0.8174879610581876,0.8809182787291956,0.8794043337985443,0.8955466528409199,0.8905976360740886,0.7827880526658784,0.8006016093893331,0.7827880526658788,0.786114306082676,0.898188644650749,0.8983735754322816,0.8363937158416396,0.8885029847217243,0.8068723775131923,0.8653668615175564,0.8983735754322812,0.7329589450617275,0.8957394982273165,0.8868995961435419,0.8906817964180714,0.7371012012321287,0.8361102336836762,0.8232154668073111,0.8793318564633346,0.7366637760053101,0.8049827205199546,0.8874282549655821,0.8881921346159334,0.8956818303811145,0.8587892625452457,0.7518310886216004,0.750838021967501,0.8670951104329978,0.864777647248818,0.8875682435241355,0.8981886446507487,0.7518504011684521,0.8877410915562094,0.8957384703786204,0.8981858165565066,0.8146663732116259,0.8865229486310395,0.8899338497770537,0.7984499518576188,0.8641172908227168,0.8681640341671301,0.7825239105040196,0.8958605395195979,0.8957384703786203,0.7941230905723844,0.7859677152738838,0.7827880526658787,0.8655991276287444,0.8892609928063596,0.8626854560667402,0.8955466528409197,0.8906817964180713,0.8809292880609769,0.7686208409997335,0.8363937158416395,0.8069825003685211,0.8254884902504135,0.8957394982273164,0.8668101431886279,0.8999804657535795,0.8981858165565066,0.7265759882535474,0.8361102336836763,0.7812462806878986,0.8983735754322815,0.8793318564633349,0.8869417354222124,0.7861143060826759,0.8634518489303844,0.798878334564525,0.8171885570279371,0.8877784820967808,0.8905976360740884,0.8793318564633348,0.8673281168144381,0.8869672757742444,0.8874887142725798,0.8887858206043995,0.8958605395195975,0.8895170545785992,0.7657700757089196,0.8898604648178796,0.8999800584346882,0.8361102336836761,0.8193580381232672,0.885647868230912,0.8956818303811145,0.8999804657535788,0.8905976360740884,0.861103263894638
3fffa500e11e3e09,0.7455450143834006,0.8886917377499483,0.7460331505776208,0.7354232823497661,0.8543318196747653,0.8477152597063516,0.8833295583937905,0.7221177998295536,0.8948499253975652,0.7480368413812732,0.8884998581737888,0.7354345465264214,0.7677845527164682,0.748009588709841,0.7226777450984841,0.7221256824156961,0.7194368759475069,0.7454519663291197,0.7194368759475056,0.8744100338239353,0.8520671481991091,0.7461755544630693,0.7226533772765737,0.8131647819730858,0.7364609504211045,0.7029704777397991,0.7461755544630675,0.8613133073222978,0.8152612904002202,0.7463889687380476,0.7461755544630688,0.7653556370057895,0.7405545482756266,0.8317529933470322,0.7463208282804777,0.8697768960355241,0.7641927126265304,0.7312883235416572,0.7463889687380488,0.7480368413812747,0.7029704777397996,0.7399346233508852,0.8588537740983255,0.7354345465264205,0.8542732329481626,0.7354345465264205,1.0,0.8272531603765418,0.8738115808849451,0.7365038998250762,0.8763717082177926,0.7460331505776201,0.7221256824156957,0.8144783740787723,0.7399346233508856,0.7029704777397996,0.7201391228749952,0.7399346233508863,0.7221256824156952,0.731383313662723,0.8822254041283111,0.7194368759475058,0.8628024947972186,0.7660940710387127,0.7364609504211009,0.8492137412660009,0.7287116538561712,0.8381448582829687,0.7404941738646682,0.8180522358713329,0.867859769595969,0.843046888134959,0.722653377276574,0.7477095391392393,0.8829501521165113,0.7722026090664096,0.8709483670957195,0.7354232823497657,0.7287116538561714,0.8713661138459339,0.7463208282804767,0.8715582368801584,0.7226533772765749,0.7796590987926889,0.7312883235416576,0.8235992825421188,0.7477095391392381,0.8638416372085971,0.7480095887098406,0.7813739522205894,0.7354232823497657,0.8916811114610994,0.7201181604482695,0.8789377178242956,0.8367885748178001,0.7194506158991392,0.7658877269615592,0.8193521713962868,0.7767948249799179,0.7460331505776218,0.7463889687380486,0.8628778275320046,0.7480095887098407,0.7477095391392397,0.7194506158991394,0.7454184635512056,0.7290651878137457,0.8797009469237371,0.729065187813746,0.731383313662723,0.7405545482756267,0.7399492087347521,0.7455450143833787,0.7610055754485032,0.8861426584427617,0.823098926386757,0.7399492087347527,0.8571426547482701,0.72011816044827,0.7621877286787166,0.7454519663291187,0.8704421757204271,0.745394645918434,0.846417517093103,0.7475663878575064,0.8645255264877569,0.8640774407296986,0.7600223846505574,0.7710586209558902,0.7221177998295522,0.8434157694775708,0.8718505741450777,0.8766080629930384,0.8265270666050627,0.8244195822007154,0.7679834610948459,0.7405545482756272,0.8716885499416626,0.762629590711967,0.7201391228749973,0.7404941738646686,0.8624982640738859,0.7694432823767476,0.7702035850618645,0.8641065865648742,0.8291863048666785,0.8135382992458458,0.7287116538561704,0.7226777450984821,0.7201391228749965,0.8856647765555494,0.7312883235416573,0.7290651878137456,0.8280864137166803,0.7616874679352745,0.8331047889426546,0.7194506158991388,0.745451966329119,0.748036841381275,0.8689584346331007,0.7455450143833784,0.8722107428321788,0.852789440920416,0.72011816044827,0.8300098667365273,0.7365038998250756,0.7404941738646684,0.8712692711514617,0.7453946459184333,0.8649161368059779,0.7399492087347517,0.7475663878575072,0.7733589194296582,0.7313833136627227,0.8258475169483388,0.8472748606616652,0.8757456988334482,0.7675232262370572,0.7454184635512053,0.7475663878575073,0.8225789617041093,0.7029704777397989,0.7679377740103939,0.7738869397321514,0.722677745098481,0.7682299341912773,0.8602491046947691,0.7463208282804767,0.7364609504211004,0.7453946459184335,0.8599396825884857,0.7779256305320951,0.7221177998295524,0.736503899825075,0.7454184635512049,0.8311166149613226
41b5f74a377dd62d,0.8000764382665451,0.8252547061977897,0.7985134859154177,0.8675455908969504,0.8208047595130455,0.8932614243868484,0.833774127472618,0.8678295995112935,0.8162235257441671,0.8489643713665624,0.8207565676635574,0.8675035054095379,0.8851946879158021,0.8488904926660782,0.8678887125420625,0.8678399152695402,0.8663211772695039,0.8541125620984333,0.8663211772695028,0.8251551847982415,0.879670364271371,0.7986522496194095,0.8678766383520217,0.8892625578792569,0.8673076510725255,0.8600682217964069,0.7986522496194106,0.8695868082335962,0.8934261189077282,0.8531245886401992,0.7986522496194112,0.8844946584785494,0.8683589320608365,0.8896824065368556,0.8530552450484676,0.8248731412545703,0.8857410717531373,0.7580461381157594,0.8531245886401955,0.8489643713665622,0.8600682217964064,0.8688276668279598,0.8666358966338493,0.8675035054095395,0.866868469288773,0.8675035054095392,0.8272531603765418,1.0,0.8214039155515296,0.8673410567002704,0.8317073741294168,0.798513485915417,0.8678399152695404,0.8932686426842988,0.8688276668279591,0.8600682217964065,0.8664274775842167,0.8688276668279586,0.8678399152695404,0.7582888306391349,0.8226455439970648,0.8663211772695031,0.8685938280936814,0.8868235201454755,0.8673076510725266,0.8724875872889899,0.7540647191785338,0.897832217047404,0.8683128848590199,0.8901510729392217,0.7993950985150219,0.8960791678714078,0.8678766383520214,0.8469591828725549,0.8258845570934834,0.8860735701379514,0.8747714364246413,0.8675455908969509,0.7540647191785335,0.8449486086299051,0.8530552450484685,0.8839603039789706,0.8678766383520211,0.8899830969227447,0.7580461381157595,0.8908095050839651,0.846959182872555,0.8799944504232938,0.8488904926660763,0.8897287767713199,0.8675455908969507,0.8325876848517736,0.8664139407419762,0.8750718062793613,0.8867265460713161,0.8663166342152988,0.887822423214101,0.8922831857882629,0.8887844683272383,0.7985134859154168,0.8531245886401954,0.8710633712942855,0.8488904926660759,0.8469591828725543,0.8663166342152988,0.8539638584423309,0.7544692647821818,0.866906691764109,0.754469264782182,0.7582888306391349,0.868358932060836,0.8688556826138489,0.8000764382665224,0.8845300714498636,0.8737914554227635,0.8907852489208443,0.8688556826138485,0.8246912014702114,0.8664139407419758,0.8861474475213396,0.8541125620984338,0.8140702124902401,0.7997153425752995,0.8712471657564105,0.8468093825048303,0.8278279620584219,0.8608152499044137,0.8840418055498351,0.8871965978334933,0.8678295995112917,0.8937093866849157,0.8230975824698816,0.8362764242980272,0.8925013548923599,0.8895118742563324,0.8864590679702944,0.8683589320608358,0.8267010729868169,0.8841240865842359,0.8664274775842159,0.86831288485902,0.8654961026326679,0.8875269337085506,0.8856727632113792,0.8610078909518681,0.8950190630427438,0.893083254673001,0.7540647191785339,0.8678887125420618,0.8664274775842166,0.8648217486914644,0.7580461381157598,0.754469264782182,0.8893248690880304,0.8838851123384828,0.8939375425768064,0.8663166342152993,0.854112562098433,0.8489643713665627,0.8464434563290683,0.8000764382665224,0.8705749978581759,0.8798122315173164,0.8664139407419756,0.897040318744599,0.8673410567002707,0.8683128848590198,0.8127022911640773,0.7997153425752997,0.8513530006117117,0.8688556826138492,0.8468093825048302,0.8873750622584089,0.7582888306391345,0.8915915558111267,0.8649959405500911,0.8801701508874854,0.8865512261946819,0.8539638584423306,0.8468093825048302,0.8958011914207225,0.860068221796406,0.885787719314499,0.8895570846248135,0.8678887125420625,0.8861585876193739,0.8365688963133578,0.8530552450484679,0.867307651072527,0.7997153425752994,0.8746394680461507,0.8883666641763728,0.8678295995112923,0.8673410567002702,0.8539638584423304,0.8883542324710266
41ca0c63dea4dbc4,0.7521761937020037,0.8577203797229003,0.7521324022574594,0.7387881563880865,0.8794261533522116,0.8428620876677261,0.8533871937690739,0.7254114717798471,0.8687135119247713,0.7559963736080907,0.854512586496633,0.7387615568241923,0.7716488835807084,0.7559400468154552,0.7258474364440783,0.7254246993036011,0.7216688239936422,0.7502252318460381,0.7216688239936402,0.8789674637968508,0.8579197405574768,0.752164187880821,0.7258153710031376,0.8197504245067893,0.7394348396904677,0.7043997397052669,0.7521641878808184,0.869288703896919,0.8287393979055324,0.7505354385434755,0.7521641878808196,0.7690825954565069,0.7457876227342419,0.848155113421431,0.7505285328437374,0.8725920340142587,0.7653102924843733,0.7440863950595078,0.750535438543477,0.7559963736080921,0.7043997397052678,0.7454662054181269,0.8659496468320155,0.7387615568241904,0.8727677468892154,0.7387615568241912,0.8738115808849451,0.8214039155515296,1.0,0.7394455268365528,0.881372138725944,0.7521324022574588,0.7254246993036004,0.8204872508448162,0.7454662054181269,0.7043997397052677,0.7221711814368135,0.7454662054181274,0.7254246993036005,0.7442560124819744,0.8659893206465898,0.72166882399364,0.8860852759855722,0.774610168458182,0.7394348396904646,0.8681815427262477,0.7408013474858877,0.8320680431379578,0.7457045297319393,0.8349418761754848,0.8922952894125659,0.8383866821641277,0.7258153710031369,0.7551233390525931,0.865559999832312,0.7730642378242386,0.8645800649047408,0.738788156388086,0.7408013474858877,0.8735892855902123,0.7505285328437367,0.8567339615388525,0.7258153710031379,0.7773237459358104,0.7440863950595076,0.8378480932541859,0.755123339052592,0.8587855447963466,0.7559400468154562,0.7802516781336704,0.7387881563880865,0.8742870609982724,0.7221638364979119,0.8632554294870217,0.854099746264275,0.7216682082793027,0.7644278190200189,0.8256329149598558,0.7758070047561616,0.7521324022574603,0.7505354385434768,0.8569748575403705,0.7559400468154562,0.7551233390525938,0.7216682082793024,0.7501107640719273,0.7412902041346291,0.8610898911980533,0.7412902041346293,0.7442560124819746,0.7457876227342415,0.7454945998498627,0.7521761937019829,0.7645984676970585,0.8734751095566959,0.830043312827759,0.7454945998498631,0.8776068889994006,0.7221638364979127,0.7688814938734048,0.7502252318460365,0.8519495105441183,0.7518466833686805,0.8528000400319286,0.7549254623355816,0.8827540924292837,0.8575882064795874,0.7632027258653745,0.7719196474669274,0.725411471779847,0.8352861845393227,0.8504344909412132,0.8601982482581313,0.8263231214874307,0.8312816408257194,0.7682789715372146,0.745787622734242,0.8540177537871088,0.7659687684671308,0.7221711814368152,0.7457045297319396,0.8540944877288181,0.7767783188018766,0.7708568872707782,0.886722289136488,0.8279000997324579,0.8189891456722622,0.7408013474858862,0.7258474364440766,0.7221711814368145,0.8727571147325137,0.744086395059508,0.7412902041346289,0.82657914086232,0.7655808713767218,0.8329088893437924,0.7216682082793022,0.7502252318460365,0.7559963736080919,0.870252673931597,0.7521761937019829,0.8670451676880557,0.8586036865920238,0.722163836497913,0.8290226399022722,0.7394455268365516,0.7457045297319398,0.8955807693227633,0.7518466833686801,0.8882599671893192,0.7454945998498625,0.7549254623355821,0.7814977016217773,0.7442560124819737,0.8420321861967177,0.8704591972921523,0.8695327695219441,0.7680358656937654,0.7501107640719266,0.7549254623355819,0.8225840449859049,0.7043997397052668,0.7758060716957693,0.772522059830596,0.725847436444076,0.7693849196413167,0.8619213973761284,0.7505285328437369,0.7394348396904642,0.7518466833686805,0.8675911711841876,0.7865136855298493,0.7254114717798464,0.7394455268365511,0.7501107640719269,0.8305242480855246
4237b39cd6d9fd11,0.8377382230461847,0.7315068618661601,0.8362360383775084,0.8999776405355575,0.7285754078846645,0.8557384298205658,0.7384979534550146,0.8952280091832785,0.7220030827908379,0.8813495624217702,0.7322783293001839,0.899980465753579,0.8885506567065414,0.8813421148980386,0.8954195972924961,0.8952202571148362,0.8951233977350731,0.8911941722232299,0.8951233977350733,0.7450250917984625,0.8267773498816311,0.8362904081083504,0.8954262514008096,0.8679383493212158,0.8999997964825331,0.8862738401799367,0.8362904081083502,0.8144062534070924,0.862307748965801,0.8904471679099252,0.8362904081083506,0.8876212209827778,0.8981067751488142,0.8573625281191349,0.8904320161791571,0.7491981336991049,0.8873514031248928,0.7874352217644531,0.8904471679099225,0.88134956242177,0.8862738401799365,0.8982754423994048,0.8138150011466027,0.8999804657535795,0.8013939385424338,0.8999804657535793,0.7365038998250762,0.8673410567002704,0.7394455268365528,1.0,0.750589258328602,0.8362360383775088,0.8952202571148368,0.8689593579429981,0.8982754423994046,0.8862738401799365,0.8953501802032946,0.8982754423994048,0.8952202571148369,0.7875736356598535,0.7346820310038219,0.8951233977350735,0.810716260453749,0.8852260084935009,0.8999997964825334,0.8089134951125581,0.7840265562295006,0.8630807781061305,0.8981046051926417,0.8558959705268108,0.7051957223908856,0.8617130054498825,0.8954262514008098,0.8798662930153434,0.7356211024118384,0.88830851430671,0.8109665269523436,0.8999776405355577,0.7840265562295003,0.7656122058239743,0.8904320161791577,0.8169940536962087,0.8954262514008098,0.8883235789181199,0.7874352217644536,0.8567022047143753,0.8798662930153435,0.8201750486909473,0.8813421148980382,0.8869023325690306,0.8999776405355575,0.7436220937726218,0.8953512149969165,0.8070365142535106,0.8491162402415672,0.8951391856894166,0.8877652538736305,0.8670482445637313,0.8873482401406919,0.8362360383775089,0.8904471679099224,0.8179398319605697,0.8813421148980382,0.8798662930153435,0.8951391856894169,0.8911146984353279,0.7842852828977267,0.8011947459419018,0.7842852828977269,0.7875736356598535,0.8981067751488145,0.8982630767957889,0.8377382230461609,0.887987481167843,0.8074329329204006,0.8652393991138971,0.8982630767957884,0.7333543815724624,0.8953512149969168,0.8863565889224071,0.8911941722232299,0.7378865565984332,0.8374623363181817,0.8233746838712082,0.8797958134264924,0.7370906237275139,0.8053802730102309,0.886916250477003,0.8877687066544044,0.8952280091832779,0.8589063480618462,0.7528229972841363,0.7514699166585357,0.8670958401661979,0.8647179005158588,0.8871112582008231,0.8981067751488143,0.7527631979173541,0.8872340665460897,0.8953501802032953,0.8981046051926416,0.8152211620152673,0.8860387493121868,0.8896014929391742,0.7987651378926354,0.8639826189856407,0.8679062447265815,0.7840265562295001,0.8954195972924961,0.8953501802032949,0.7946652242647536,0.7874352217644536,0.7842852828977267,0.8656931955873475,0.8888013606547659,0.8626075636893553,0.8951391856894164,0.8911941722232299,0.8813495624217702,0.7689748202997465,0.837738223046161,0.8073151405901695,0.8255688578471096,0.8953512149969165,0.8667085879430261,0.9000000000000001,0.8981046051926416,0.7273174211975384,0.8374623363181817,0.7815548872050733,0.8982630767957884,0.8797958134264925,0.8865082298837812,0.7875736356598533,0.8632935423416239,0.7988022321976351,0.8175433285970755,0.8873322160304743,0.8911146984353278,0.8797958134264925,0.8671329464442512,0.8862738401799366,0.8870205582883505,0.8884001665942086,0.8954195972924959,0.8891308401248985,0.7662741349999733,0.8904320161791577,0.8999997964825334,0.8374623363181815,0.8194692213339064,0.8852280521206228,0.8952280091832782,0.8999999999999999,0.8911146984353271,0.8610945992930306
47d003f1062705c8,0.7465564676520235,0.8638666948574378,0.7464042436316227,0.7500597250626342,0.873493011033295,0.8492006114484723,0.8581931456702772,0.7395686922498065,0.8704865604205381,0.753165577928405,0.8628581743638384,0.7500542046942977,0.788770181280624,0.7530977079605643,0.7398372483116651,0.7395824308880876,0.7371257724861094,0.7547697743650432,0.7371257724861096,0.8947916389026744,0.8758503274069696,0.746446506716912,0.7398113473254732,0.8373858111318326,0.7505768331658835,0.7226266547839478,0.7464465067169125,0.8847973123729123,0.8353123142891794,0.7549082604997619,0.7464465067169125,0.7867258055825582,0.7532925716404868,0.8503801055138025,0.7548966895433338,0.889170053948485,0.7830178479997579,0.7202520452925796,0.7549082604997608,0.7531655779284061,0.7226266547839464,0.7533463692242572,0.8811953482477946,0.7500542046942981,0.871352168673152,0.7500542046942977,0.8763717082177926,0.8317073741294168,0.881372138725944,0.750589258328602,1.0,0.7464042436316232,0.7395824308880881,0.838141987126088,0.753346369224257,0.7226266547839464,0.7375673240424265,0.7533463692242569,0.7395824308880883,0.7204441925759734,0.8845569263105901,0.7371257724861094,0.877175143170152,0.7875151972561156,0.7505768331658844,0.8669901673084108,0.7164858122410747,0.8411652732498098,0.7532228295958538,0.8409864114116499,0.8757840778688124,0.846668919724918,0.7398113473254733,0.7517003395963524,0.8862209652067911,0.7895783045763903,0.8826967215465062,0.7500597250626341,0.7164858122410749,0.8921729058637526,0.7548966895433353,0.8629560106633863,0.739811347325473,0.7907417391264303,0.7202520452925807,0.8428908050365629,0.7517003395963526,0.8754145095575543,0.753097707960563,0.7929400922581651,0.7500597250626337,0.8724508464338618,0.7375594949363609,0.8689920312394085,0.8539053741017325,0.7371338390952407,0.7792919278144953,0.8443984348617378,0.789619399559292,0.7464042436316233,0.754908260499761,0.8725003010162697,0.753097707960563,0.7517003395963519,0.7371338390952409,0.7546984733815787,0.7169117386445643,0.8673170620230012,0.7169117386445646,0.7204441925759733,0.7532925716404864,0.7533779196400433,0.7465564676520027,0.7826752750895508,0.8772631119298484,0.846475373990409,0.753377919640043,0.8693157719332241,0.7375594949363611,0.7822686473292669,0.7547697743650437,0.8723421303136312,0.7463255891155367,0.8713927250759791,0.7515280080876736,0.8772337546721434,0.8730309543166542,0.7814635242208339,0.7890443307776291,0.739568692249807,0.8438230817350296,0.871574637359802,0.8797067440796116,0.8416565666174294,0.847022615819051,0.7866853858523127,0.7532925716404864,0.8734692535855892,0.7848053329517937,0.7375673240424261,0.753222829595853,0.8697909471816443,0.7890336410782319,0.7872430743407008,0.8799316563640815,0.8458605576816449,0.8368371984265127,0.7164858122410747,0.7398372483116651,0.7375673240424259,0.874700623491752,0.7202520452925802,0.7169117386445648,0.8413725617136762,0.7834883901021239,0.8484322296880641,0.7371338390952409,0.7547697743650439,0.7531655779284059,0.8899804807274458,0.746556467652002,0.8823211381669316,0.8763296943261931,0.7375594949363609,0.8372862865055685,0.750589258328602,0.7532228295958531,0.8815541188643468,0.7463255891155369,0.8785543675660816,0.7533779196400432,0.7515280080876733,0.7926420848294643,0.7204441925759733,0.8436810638114579,0.8696847002453667,0.8717166393148474,0.7821371290425885,0.7546984733815789,0.7515280080876734,0.8392548059203352,0.722626654783946,0.7869071004880606,0.7865543735399051,0.7398372483116655,0.7862542923297242,0.8835317578274271,0.7548966895433344,0.7505768331658846,0.7463255891155364,0.886078140360375,0.7964538816279498,0.739568692249807,0.750589258328602,0.754698473381578,0.8453724629110757
4a20e2358442ea42,0.8999432278659436,0.7523130365263305,0.8999999999999999,0.8347091380813092,0.7267285234749923,0.8009653787363384,0.7475588641133054,0.801678836231451,0.7373942180328037,0.8748484921456887,0.7555476681668982,0.8348320518912458,0.796340686884075,0.8749247679027823,0.8027179155452592,0.801656307108339,0.7994668989710476,0.8723997220984594,0.7994668989710483,0.7470849118897471,0.7824676004123521,0.8999977941289072,0.8027464589673546,0.8008606930314559,0.8362608922336482,0.7697089144913151,0.8999977941289072,0.7809168280122402,0.7898861552068874,0.8736928822827565,0.8999977941289081,0.791636995451092,0.8403159903764975,0.7990458623967092,0.8737304823919684,0.7552274189136753,0.7890231701715125,0.8822295894530852,0.8736928822827552,0.8748484921456895,0.7697089144913142,0.8386492812099569,0.7871045754673265,0.8348320518912463,0.7669170448006963,0.834832051891246,0.7460331505776201,0.798513485915417,0.7521324022574588,0.8362360383775088,0.7464042436316232,1.0,0.8016563071083396,0.7955470721725714,0.8386492812099567,0.7697089144913145,0.8004206755709978,0.8386492812099563,0.8016563071083396,0.8821911652119561,0.7445408929796512,0.7994668989710478,0.7830294234592158,0.7888511745831526,0.8362608922336486,0.7706893607038778,0.881145101964193,0.8057703691718712,0.8403788101458463,0.7870662745649823,0.7215728928158447,0.799736218398247,0.8027464589673551,0.8761159659732605,0.7333462044843814,0.7998219661271249,0.7740882451615975,0.834709138081309,0.8811451019641929,0.7458396099673286,0.8737304823919689,0.7850545701529199,0.8027464589673549,0.8014450833731788,0.8822295894530855,0.7905825963402863,0.8761159659732602,0.7783687883667627,0.8749247679027807,0.7977556407135731,0.834709138081309,0.7465784794395608,0.8004300661022872,0.7893127697839083,0.7933003667827045,0.7995315491269734,0.7908953228052573,0.7936111724607592,0.7942978633591706,0.8999999999999999,0.873692882282755,0.7963347589487093,0.8749247679027808,0.8761159659732598,0.7995315491269737,0.8725322358558198,0.8811807915346569,0.79016585629119,0.8811807915346571,0.8821911652119562,0.8403159903764972,0.8385972450051756,0.8999432278659177,0.790108139147487,0.7817085928702627,0.797400552825039,0.8385972450051752,0.7336791086433795,0.8004300661022873,0.7878682297616596,0.8723997220984595,0.7548109405804948,0.8999552194401959,0.7872346298598853,0.8761838312178423,0.7325941488547006,0.7895195994975388,0.7857734764566042,0.794829981735197,0.8016788362314503,0.8087776347507833,0.7683150129039693,0.7429946605897375,0.8085869254414926,0.803462093397339,0.7900081433197523,0.8403159903764968,0.7656959773606173,0.788528375625569,0.8004206755709978,0.8403788101458465,0.7986786032776403,0.791602885614892,0.8014466953603026,0.7792004304835888,0.7937734291094731,0.7884060795352168,0.8811451019641929,0.802717915545259,0.8004206755709982,0.7770481449638627,0.8822295894530856,0.8811807915346568,0.8123033812146765,0.7941902444894436,0.8010850306360052,0.7995315491269737,0.8723997220984595,0.8748484921456895,0.7547706316307783,0.8999432278659177,0.7823262396447608,0.774059411848326,0.8004300661022871,0.795693770726696,0.8362360383775089,0.8403788101458463,0.7457172217607921,0.8999552194401959,0.7634474252841995,0.8385972450051757,0.8761838312178425,0.7948470136171832,0.8821911652119563,0.7979408968882012,0.7630669916302684,0.7815807408036581,0.7895192173897214,0.8725322358558194,0.8761838312178423,0.7938757642729677,0.7697089144913145,0.7917291957636668,0.7973448887685495,0.8027179155452593,0.7979839972297778,0.760103503507175,0.8737304823919687,0.836260892233649,0.8999552194401961,0.7787349480626132,0.7951382919171848,0.8016788362314504,0.8362360383775088,0.8725322358558193,0.8076971463240232
4f1808e1a0c44128,0.8037289768725939,0.7145498731896427,0.8016563071083396,0.8957137309904951,0.7168280342625802,0.8532388108390385,0.7264425682076052,0.8999999804227805,0.7077987925582241,0.8643134645511457,0.7132510220837992,0.8956746842498204,0.8928750575922269,0.8642606107113633,0.8999943529347978,0.8999999999999999,0.8996971481479332,0.8744289261699667,0.8996971481479321,0.7312556068359048,0.8216491848968677,0.8017316461824373,0.8999942851060312,0.8661277342853231,0.895215946946673,0.8971648462296039,0.8017316461824364,0.8071485902086848,0.8631197523980441,0.872999546465466,0.8017316461824372,0.8931811975409119,0.8936782364461107,0.855538412858157,0.8729727546890873,0.7327655859024806,0.8936733395905008,0.7498414606770079,0.8729995464654652,0.8643134645511462,0.8971648462296042,0.8942566305627587,0.8037831688179657,0.8956746842498204,0.7940988377281292,0.8956746842498199,0.7221256824156957,0.8678399152695404,0.7254246993036004,0.8952202571148368,0.7395824308880881,0.8016563071083396,1.0,0.8694994536102748,0.8942566305627587,0.8971648462296044,0.8996684985209731,0.8942566305627588,0.8999999999999998,0.7500833569391803,0.721221094042396,0.8996971481479323,0.8036907039240719,0.8910676646853342,0.8952159469466721,0.8034382206888817,0.7460035935432837,0.8601171697283412,0.8936565176606951,0.8561079643788105,0.6900466036989257,0.8600596217957504,0.8999942851060313,0.8622332185438312,0.7238021817207445,0.8924959899246697,0.8048587413054211,0.8957137309904948,0.7460035935432837,0.7558484921139066,0.8729727546890871,0.8112390692893396,0.8999942851060314,0.8913532286760122,0.7498414606770079,0.8556298140680094,0.862233218543831,0.8160613792544319,0.8642606107113622,0.891222963635859,0.8957137309904949,0.7312851164794508,0.8996687859522497,0.7966233103110245,0.8467654127514522,0.8996955341270679,0.8937887130220203,0.868294734344998,0.8922417484151622,0.80165630710834,0.8729995464654652,0.8084927882411164,0.8642606107113624,0.8622332185438311,0.899695534127068,0.8742765138080605,0.7463445273218688,0.7882700046085789,0.746344527321869,0.7500833569391805,0.8936782364461099,0.8942652174627488,0.8037289768725708,0.893915325475233,0.7990461801980162,0.8646805181300156,0.8942652174627486,0.7211849681824185,0.8996687859522499,0.892592553722326,0.8744289261699663,0.7230814709469044,0.8033468154932712,0.8149529111174786,0.8621204045309641,0.7242050313736732,0.7957793334731765,0.8934743762199693,0.8928334386856618,0.899999980422781,0.8537134709456711,0.736211920610148,0.7423238827542818,0.8645730347919903,0.8618961984247362,0.8929110485837819,0.8936782364461099,0.7375781588003577,0.8936687024487734,0.8996684985209737,0.8936565176606949,0.8040806647080305,0.891150773019406,0.8932091725890733,0.7897494386859132,0.8640302858089328,0.8695505509167072,0.7460035935432832,0.8999943529347975,0.8996684985209734,0.7856765471275666,0.7498414606770077,0.7463445273218692,0.8616846053797775,0.8935522291325235,0.8612511359520763,0.899695534127068,0.8744289261699663,0.8643134645511463,0.7584226791328952,0.8037289768725712,0.7994258860433185,0.8216594562208512,0.89966878595225,0.8671750051415061,0.8952202571148368,0.8936565176606949,0.7115054284721889,0.8033468154932711,0.7723682290812381,0.8942652174627486,0.8621204045309645,0.891447247771247,0.7500833569391802,0.8630879504706678,0.7929632237335029,0.8116690419070745,0.8933738506448701,0.8742765138080604,0.8621204045309642,0.8684103425307617,0.897164846229604,0.8928156813596537,0.8926838919534592,0.8999943529347975,0.8935857427750857,0.7519048422741479,0.8729727546890871,0.8952159469466721,0.803346815493271,0.8147544770781813,0.8897579140845897,0.8999999804227808,0.8952202571148364,0.8742765138080603,0.8581985333728123
5049400875a62dd9,0.7971707910989034,0.8061925129806327,0.7955470721725719,0.8692707715379576,0.8228984421829844,0.8901014553929454,0.8107533206076841,0.8694911262839592,0.8030690946180544,0.8476542536536902,0.8056979688372722,0.8692386363460032,0.8899299635018845,0.8475866104801185,0.8694485750150079,0.8694994536102734,0.8682967438254,0.854752699894409,0.8682967438253998,0.8338168014811398,0.8877451958836033,0.7956263985922578,0.8694369091694678,0.8981579576745898,0.8689420918744517,0.8620863143833759,0.79562639859226,0.8783279760664271,0.894517415630369,0.8536016042498769,0.7956263985922598,0.8888368730473095,0.8689646949383252,0.8934263677559329,0.8535639113019242,0.8348394053743271,0.8878916362858027,0.7518416213539834,0.8536016042498729,0.8476542536536895,0.8620863143833757,0.8696787106844626,0.8764121779358318,0.8692386363460047,0.8703041066253576,0.8692386363460041,0.8144783740787723,0.8932686426842988,0.8204872508448162,0.8689593579429981,0.838141987126088,0.7955470721725714,0.8694994536102748,1.0,0.8696787106844619,0.8620863143833757,0.8683544864508894,0.869678710684461,0.8694994536102748,0.7520710631899956,0.8208621307949348,0.8682967438254005,0.8700481392349911,0.8897004884339311,0.8689420918744559,0.8719882329325064,0.7473682451021904,0.8925309463525618,0.8689180962817475,0.893883645373564,0.8018401989581838,0.8934452466969407,0.8694369091694678,0.84522867553084,0.8234019910119628,0.8890857620098305,0.8754099912005938,0.8692707715379582,0.7473682451021907,0.8509276000684411,0.8535639113019261,0.869873065818622,0.8694369091694665,0.8896025391248249,0.7518416213539839,0.8944864577456186,0.8452286755308407,0.8792366119580736,0.847586610480116,0.8896399082932385,0.8692707715379575,0.8191510056035382,0.8683475281092556,0.8634496684531201,0.8907772369435447,0.8682968189148362,0.8862525521132188,0.8979626430075471,0.8889748999445971,0.79554707217257,0.8536016042498727,0.8711660458228241,0.8475866104801157,0.8452286755308387,0.8682968189148362,0.8546191728067463,0.7477782210689421,0.85776674534582,0.7477782210689421,0.7520710631899954,0.8689646949383243,0.8697025647085195,0.7971707910988808,0.8888652637306991,0.8667188188717406,0.897790731852034,0.8697025647085188,0.8210994361263148,0.8683475281092546,0.8878004924664438,0.8547526998944108,0.81491124184914,0.7968301152867574,0.8826350271910308,0.8450754927309989,0.8296001923156122,0.8638185926386142,0.8877084911864005,0.8896202578516645,0.8694911262839589,0.889704095573665,0.8222470287239925,0.8313946436922345,0.894589445013567,0.8973040686207279,0.8887133435068792,0.8689646949383236,0.82321893556264,0.887824384723338,0.8683544864508875,0.8689180962817475,0.8674645751059737,0.890371527949281,0.888647548825853,0.8647197968474925,0.8971205919275003,0.8985527320302167,0.7473682451021917,0.8694485750150087,0.8683544864508884,0.8571369962988318,0.7518416213539837,0.7477782210689423,0.8926091232085187,0.8892031577928625,0.896366106946177,0.8682968189148373,0.8547526998944103,0.8476542536536897,0.8541118239977484,0.7971707910988807,0.871651592693759,0.8863144155046963,0.8683475281092543,0.8944511901221943,0.8689593579429991,0.8689180962817473,0.8148994916336812,0.7968301152867578,0.8553531148580897,0.86970256470852,0.8450754927309987,0.890194612691557,0.7520710631899958,0.8938702581700038,0.8686199545048466,0.8730090472397416,0.8867567497826232,0.8546191728067458,0.8450754927309984,0.8973307771867605,0.8620863143833757,0.88794291899968,0.8886749794472537,0.8694485750150096,0.8885778392224205,0.8486459674505529,0.8535639113019252,0.8689420918744565,0.7968301152867574,0.8815426710199877,0.8913607636273924,0.8694911262839592,0.8689593579429988,0.8546191728067456,0.8920574922765124
517754ab6ff90f82,0.8404234962147039,0.7369372207993836,0.8386492812099569,0.8983920141027394,0.736466228468529,0.8583373706200066,0.7442398124383325,0.8942595872704568,0.7283353686710646,0.8870178493725032,0.7378168507510314,0.8983843081487253,0.8869713511268456,0.8869850064569241,0.8945178137079874,0.894256630562758,0.8927215652611942,0.8911489412547232,0.8927215652611935,0.7467160244685915,0.8292693933180659,0.8387064948574086,0.8945253338748688,0.8687123718805272,0.8982767833802878,0.8834215462210163,0.8387064948574082,0.8153202864054219,0.8643564568828332,0.8901917393860632,0.838706494857409,0.8858411605418018,0.8999739686067703,0.8594604479240002,0.8901777541818079,0.75090887745989,0.8858999789647739,0.7990889780081126,0.8901917393860639,0.8870178493725045,0.8834215462210169,0.8999999999999999,0.8149763146841722,0.8983843081487248,0.8061782345016497,0.8983843081487247,0.7399346233508856,0.8688276668279591,0.7454662054181269,0.8982754423994046,0.753346369224257,0.8386492812099567,0.8942566305627587,0.8696787106844619,1.0,0.883421546221017,0.8928824905350183,0.9000000000000001,0.8942566305627586,0.7992866497748254,0.73809703239834,0.8927215652611941,0.81463742708243,0.8849056032891749,0.8982767833802868,0.8139341407461383,0.7958706332254153,0.8649567017308732,0.8999734439226801,0.8586637881484349,0.7122031130142532,0.862513863220522,0.894525333874869,0.8857149060356335,0.7367260980401235,0.8877210153868853,0.8116666656383991,0.8983920141027402,0.7958706332254155,0.7672828508551304,0.8901777541818074,0.8209869519043371,0.8945253338748691,0.8879200602651652,0.7990889780081128,0.8590566089410843,0.885714906035633,0.8219033543536184,0.8869850064569219,0.8865507661856125,0.8983920141027399,0.7455754515394875,0.8928845247925469,0.8112374503745827,0.8517627540238396,0.8927330953821138,0.8867937752896526,0.8670206175006757,0.8861307091294501,0.8386492812099571,0.8901917393860642,0.8210435676142616,0.8869850064569222,0.8857149060356331,0.892733095382114,0.8910489427731698,0.7961477756744332,0.8058119564821666,0.7961477756744334,0.7992866497748257,0.8999739686067696,0.8999998807248537,0.8404234962146797,0.8867639098944718,0.8099967586094687,0.8648477451179623,0.8999998807248537,0.7408466844277578,0.892884524792547,0.8856235170143956,0.8911489412547233,0.7430337258794087,0.8401073433536485,0.825760316765603,0.8856440294284699,0.7433405269792089,0.8095198048769099,0.8851167238929153,0.8866029205590704,0.8942595872704571,0.8613086983541328,0.7570663430118364,0.7539053436402774,0.8683104869611926,0.8646405707983024,0.8853320138249363,0.8999739686067696,0.7567660078215892,0.8856244729273302,0.8928824905350191,0.8999734439226802,0.8187300605783021,0.8855907160987455,0.8888604002760022,0.803423679573843,0.8635352535136509,0.8674415237228331,0.795870633225415,0.8945178137079872,0.8928824905350189,0.7997428948481162,0.7990889780081131,0.7961477756744333,0.8673203252651244,0.8876498038253757,0.8634685388302284,0.892733095382114,0.8911489412547233,0.887017849372504,0.7725725981587567,0.8404234962146797,0.8099260278477948,0.8263895316449147,0.892884524792547,0.8663670260798833,0.8982754423994047,0.89997344392268,0.7337727848438845,0.8401073433536482,0.786868670420693,0.8999998807248536,0.88564402942847,0.8858892098576522,0.7992866497748256,0.8646697639538925,0.8045302519709067,0.8186398977499321,0.8855402190249895,0.8910489427731696,0.88564402942847,0.8673641095936387,0.8834215462210167,0.8859964465658683,0.8876626663313847,0.894517813707987,0.8881465797733528,0.7694933285184467,0.8901777541818076,0.898276783380287,0.8401073433536483,0.8210432109660205,0.8848765876081099,0.8942595872704572,0.8982754423994044,0.8910489427731692,0.8630935734322929
53a1e08148ed8bc7,0.7719760790235162,0.6925107312804775,0.7697089144913145,0.8870276897248658,0.6963331122039822,0.842666654471016,0.7074875286010235,0.8971630655087823,0.6870215821055451,0.8419473231027708,0.6897435237030469,0.8869672757742448,0.8899590625057968,0.8418819195833406,0.8969738809541278,0.897164846229604,0.8977433175236993,0.8561391940136811,0.8977433175237005,0.7134607577851602,0.809004755074531,0.7697968412216838,0.896969042759769,0.8572116898964932,0.8862654801248588,0.8999999999999999,0.769796841221684,0.7942138384189212,0.8550722275672895,0.8543904284789349,0.7697968412216836,0.8912425285893333,0.8824654714987902,0.8455335317039312,0.8543545279896366,0.7132555924587833,0.892045066421558,0.7098535205898813,0.8543904284789343,0.8419473231027703,0.8999999999999999,0.8834215462210171,0.7888839226508372,0.8869672757742453,0.778656180797602,0.8869672757742448,0.7029704777397996,0.8600682217964065,0.7043997397052677,0.8862738401799365,0.7226266547839464,0.7697089144913145,0.8971648462296044,0.8620863143833757,0.883421546221017,1.0,0.8975816957106957,0.883421546221017,0.8971648462296044,0.7101228169193181,0.7025011986557732,0.8977433175237006,0.7887364787043971,0.88830696364763,0.886265480124859,0.7890285715081196,0.7056276397330046,0.8497227320081249,0.8824303587833664,0.8471268108950615,0.6677880906675424,0.8511957527864656,0.896969042759769,0.8393500211006703,0.7075734085223313,0.8888459929376259,0.7927199327979397,0.8870276897248655,0.7056276397330048,0.740524083791199,0.8543545279896372,0.7974936548153144,0.8969690427597689,0.886783459451709,0.7098535205898815,0.8461029618267804,0.8393500211006699,0.8047594350399673,0.8418819195833388,0.8874953841463681,0.8870276897248655,0.7144554774494796,0.8975807307772452,0.77961539642449,0.8360218588104446,0.8977326236986558,0.8916880990830283,0.8617691218121533,0.889471109505853,0.7697089144913145,0.8543904284789345,0.7927341009909908,0.841881919583339,0.8393500211006697,0.8977326236986561,0.8559518354277665,0.7060067342420252,0.7693128395267481,0.706006734242025,0.7101228169193183,0.88246547149879,0.8834354849972297,0.771976079023494,0.8918352705373074,0.7843751693914219,0.857309739417595,0.8834354849972295,0.7007409172782063,0.8975807307772449,0.890419041429714,0.8561391940136815,0.702565752516306,0.7715520232060341,0.8003705937604981,0.8392110305367312,0.7040997710632106,0.7793339688705524,0.8922046207310901,0.890124455408408,0.8971630655087824,0.8414537728162936,0.715213741057094,0.7272342949950975,0.8548585974781118,0.8528107828950828,0.8910893585075579,0.8824654714987896,0.7174283678291373,0.8921542634807449,0.8975816957106956,0.8824303587833662,0.7871391220361303,0.887999056073747,0.889316501214835,0.7730356055135794,0.8570205544824774,0.8636552796962549,0.7056276397330045,0.8969738809541281,0.8975816957106955,0.769068440003589,0.7098535205898817,0.7060067342420253,0.8508306052860415,0.8906710832124778,0.8524835792493366,0.897732623698656,0.8561391940136814,0.8419473231027703,0.7413597350843658,0.7719760790234942,0.7849368116447052,0.8109007025177138,0.897580730777245,0.8605370401086609,0.8862738401799368,0.8824303587833664,0.6890921926038531,0.7715520232060342,0.7551357058214736,0.8834354849972299,0.8392110305367313,0.888226723793625,0.7101228169193181,0.8546446450998846,0.7778027240449529,0.7996532820085082,0.8918056889040642,0.8559518354277662,0.8392110305367311,0.8619005737986525,0.8999999999999999,0.890460592031587,0.8892145999622867,0.8969738809541279,0.8903765219341646,0.7327928313815595,0.854354527989637,0.8862654801248591,0.7715520232060342,0.8028643276186931,0.886053315853765,0.8971630655087826,0.8862738401799366,0.8559518354277661,0.8477544499833904
53a2b7914879c08d,0.8023597501904337,0.711743163140413,0.8004206755709983,0.8957720875412147,0.7127069121475405,0.8514418881837542,0.7233806369019905,0.8996708546718312,0.7045899934810589,0.8614551557476947,0.7104351004043505,0.8957384703786198,0.8927617484581132,0.8614149222473045,0.8996402238415545,0.8996684985209733,0.8999946851870315,0.8739983390328916,0.8999946851870306,0.7298435040299529,0.8197614709189205,0.800493116354169,0.8996400127063284,0.8650273354198073,0.8953455310313296,0.8975816957106952,0.8004931163541678,0.8059973978088784,0.8614110287270433,0.8726759083694111,0.8004931163541685,0.8931316605907368,0.892251128703748,0.8538488341580446,0.872649373587832,0.731403018482218,0.8934714760812722,0.7448163777726031,0.8726759083694096,0.8614551557476947,0.8975816957106958,0.8928824905350186,0.8025851575322904,0.8957384703786203,0.7913132648220143,0.89573847037862,0.7201391228749952,0.8664274775842167,0.7221711814368135,0.8953501802032946,0.7375673240424265,0.8004206755709978,0.8996684985209731,0.8683544864508894,0.8928824905350183,0.8975816957106957,1.0,0.8928824905350183,0.8996684985209732,0.7450289781961942,0.7190491425000587,0.8999946851870313,0.801238822572816,0.8903697737950225,0.8953455310313281,0.8005030145314037,0.7409107116061764,0.8586180883880455,0.8922293632396703,0.8540814376837477,0.6864133331254731,0.8590031524499565,0.8996400127063288,0.8593120018484144,0.7225724264038186,0.8919732941245897,0.8037462832376593,0.8957720875412142,0.7409107116061767,0.7543432670807912,0.872649373587832,0.8088192744899667,0.8996400127063285,0.8907870730303711,0.7448163777726035,0.8538353007704674,0.859312001848414,0.8145280519837126,0.8614149222473055,0.8906171884691094,0.8957720875412142,0.7298600468868033,0.8999999649743134,0.7942292372302031,0.8448525258882316,0.8999952576593344,0.893403446460298,0.8674214819528742,0.8919913399712207,0.8004206755709982,0.8726759083694096,0.8065093533937718,0.8614149222473055,0.8593120018484144,0.8999952576593342,0.8738564688154078,0.7412403913980732,0.785751341703535,0.7412403913980732,0.7450289781961946,0.892251128703748,0.8928850019037541,0.8023597501904105,0.893612446616855,0.7973251183380679,0.8640463373877721,0.8928850019037542,0.7172888592618915,0.8999999649743134,0.8920757338898904,0.8739983390328917,0.7202546362139423,0.8019979550569287,0.8132065422507994,0.8592008591476135,0.7208580774505942,0.7933360932264764,0.8934055764757619,0.8925271332635591,0.8996708546718304,0.852035604594317,0.7339154255449372,0.7405479970603634,0.863325434611097,0.8611716571353598,0.8928430902920838,0.8922511287037478,0.7352850652744835,0.8935064772350264,0.8999999999999999,0.8922293632396703,0.8020222253477227,0.8905364496464367,0.8927883766244207,0.7870256789734185,0.8633838261298545,0.8688906408346972,0.7409107116061764,0.8996402238415538,0.9,0.782913133696496,0.7448163777726033,0.7412403913980734,0.8603352769758216,0.8932520351676806,0.8600898862346023,0.8999952576593346,0.8739983390328916,0.8614551557476949,0.7561049469328749,0.8023597501904108,0.7975519449363611,0.8204630653000462,0.8999999649743134,0.8665521501714172,0.8953501802032948,0.8922293632396703,0.7081071211262884,0.8019979550569287,0.7693764793127197,0.8928850019037541,0.8592008591476137,0.8909007575854608,0.7450289781961945,0.8616764286454361,0.7897020644598712,0.8105002797855978,0.8933428175362366,0.8738564688154076,0.8592008591476135,0.8674867495881656,0.8975816957106953,0.8924283635995294,0.892236182538145,0.8996402238415536,0.8932306924201592,0.749856081232479,0.8726493735878318,0.8953455310313283,0.8019979550569287,0.813197189124609,0.8891028372976155,0.8996708546718306,0.8953501802032944,0.8738564688154077,0.8566130705396399
5563856533c2dd4e,0.8404234962147039,0.7369372207993847,0.8386492812099564,0.8983920141027397,0.7364662284685289,0.8583373706200064,0.7442398124383334,0.8942595872704571,0.7283353686710645,0.8870178493725034,0.7378168507510316,0.8983843081487248,0.886971351126846,0.8869850064569227,0.8945178137079876,0.8942566305627582,0.8927215652611935,0.8911489412547229,0.8927215652611933,0.7467160244685899,0.8292693933180649,0.8387064948574088,0.8945253338748684,0.8687123718805283,0.8982767833802869,0.8834215462210163,0.8387064948574079,0.8153202864054216,0.8643564568828336,0.8901917393860646,0.8387064948574086,0.8858411605418013,0.8999739686067703,0.8594604479239994,0.8901777541818077,0.7509088774598902,0.8858999789647732,0.7990889780081127,0.8901917393860638,0.8870178493725043,0.8834215462210169,0.9000000000000002,0.8149763146841722,0.8983843081487247,0.8061782345016492,0.8983843081487245,0.7399346233508863,0.8688276668279586,0.7454662054181274,0.8982754423994048,0.7533463692242569,0.8386492812099563,0.8942566305627588,0.869678710684461,0.9000000000000001,0.883421546221017,0.8928824905350183,1.0,0.8942566305627587,0.7992866497748256,0.7380970323983409,0.8927215652611937,0.8146374270824305,0.8849056032891749,0.8982767833802865,0.8139341407461385,0.7958706332254152,0.8649567017308727,0.8999734439226801,0.8586637881484348,0.7122031130142522,0.8625138632205221,0.8945253338748691,0.8857149060356333,0.7367260980401218,0.8877210153868853,0.811666665638398,0.89839201410274,0.7958706332254154,0.767282850855132,0.8901777541818073,0.820986951904337,0.8945253338748691,0.8879200602651645,0.7990889780081126,0.8590566089410838,0.8857149060356329,0.821903354353617,0.8869850064569219,0.886550766185612,0.8983920141027399,0.745575451539489,0.8928845247925465,0.8112374503745825,0.851762754023839,0.8927330953821137,0.8867937752896523,0.8670206175006762,0.8861307091294499,0.8386492812099567,0.8901917393860634,0.8210435676142613,0.8869850064569219,0.8857149060356332,0.8927330953821138,0.8910489427731696,0.7961477756744331,0.805811956482166,0.7961477756744331,0.7992866497748256,0.8999739686067697,0.8999998807248539,0.8404234962146797,0.8867639098944716,0.8099967586094691,0.8648477451179619,0.8999998807248538,0.7408466844277584,0.892884524792547,0.8856235170143957,0.8911489412547233,0.7430337258794091,0.8401073433536485,0.8257603167656039,0.8856440294284699,0.7433405269792086,0.8095198048769101,0.8851167238929155,0.8866029205590703,0.8942595872704571,0.8613086983541323,0.7570663430118364,0.7539053436402763,0.8683104869611922,0.8646405707983028,0.8853320138249359,0.8999739686067698,0.756766007821589,0.8856244729273299,0.8928824905350188,0.8999734439226803,0.8187300605783014,0.8855907160987453,0.8888604002760021,0.8034236795738422,0.8635352535136502,0.8674415237228337,0.7958706332254152,0.8945178137079874,0.8928824905350188,0.7997428948481161,0.7990889780081127,0.796147775674433,0.8673203252651238,0.8876498038253758,0.8634685388302286,0.8927330953821137,0.8911489412547231,0.8870178493725042,0.7725725981587548,0.8404234962146797,0.8099260278477951,0.8263895316449157,0.8928845247925468,0.8663670260798838,0.8982754423994044,0.8999734439226803,0.733772784843884,0.8401073433536483,0.7868686704206923,0.899999880724854,0.88564402942847,0.8858892098576518,0.7992866497748257,0.8646697639538931,0.8045302519709066,0.8186398977499327,0.8855402190249895,0.8910489427731695,0.8856440294284698,0.8673641095936375,0.8834215462210165,0.8859964465658684,0.8876626663313842,0.8945178137079873,0.8881465797733523,0.7694933285184482,0.890177754181807,0.8982767833802865,0.8401073433536482,0.821043210966021,0.8848765876081095,0.8942595872704573,0.8982754423994042,0.8910489427731692,0.8630935734322928
55e764e99d0100ac,0.8037289768725939,0.7145498731896427,0.8016563071083396,0.8957137309904953,0.7168280342625805,0.8532388108390384,0.7264425682076057,0.8999999804227811,0.7077987925582239,0.8643134645511454,0.7132510220837992,0.8956746842498202,0.8928750575922269,0.8642606107113641,0.899994352934798,0.8999999999999999,0.899697148147933,0.8744289261699667,0.8996971481479323,0.7312556068359054,0.8216491848968683,0.8017316461824371,0.899994285106031,0.8661277342853227,0.895215946946673,0.8971648462296036,0.8017316461824364,0.807148590208685,0.863119752398044,0.8729995464654663,0.8017316461824373,0.8931811975409119,0.8936782364461104,0.8555384128581567,0.8729727546890874,0.7327655859024802,0.893673339590501,0.7498414606770076,0.8729995464654651,0.8643134645511463,0.8971648462296042,0.8942566305627588,0.8037831688179655,0.8956746842498201,0.7940988377281295,0.89567468424982,0.7221256824156952,0.8678399152695404,0.7254246993036005,0.8952202571148369,0.7395824308880883,0.8016563071083396,0.8999999999999998,0.8694994536102748,0.8942566305627586,0.8971648462296044,0.8996684985209732,0.8942566305627587,1.0,0.7500833569391803,0.721221094042396,0.8996971481479326,0.8036907039240719,0.8910676646853342,0.895215946946672,0.8034382206888815,0.7460035935432835,0.8601171697283412,0.8936565176606949,0.8561079643788105,0.6900466036989259,0.86005962179575,0.8999942851060312,0.8622332185438312,0.7238021817207441,0.8924959899246696,0.8048587413054211,0.8957137309904948,0.7460035935432838,0.7558484921139059,0.8729727546890873,0.8112390692893401,0.8999942851060313,0.891353228676012,0.7498414606770077,0.8556298140680096,0.8622332185438311,0.8160613792544321,0.8642606107113621,0.8912229636358587,0.8957137309904948,0.7312851164794505,0.8996687859522496,0.7966233103110246,0.8467654127514521,0.899695534127068,0.8937887130220205,0.8682947343449978,0.892241748415162,0.80165630710834,0.8729995464654652,0.8084927882411164,0.8642606107113623,0.8622332185438313,0.8996955341270682,0.8742765138080606,0.7463445273218688,0.7882700046085789,0.746344527321869,0.7500833569391805,0.89367823644611,0.8942652174627488,0.803728976872571,0.8939153254752331,0.799046180198016,0.8646805181300155,0.8942652174627488,0.7211849681824184,0.8996687859522501,0.892592553722326,0.8744289261699663,0.7230814709469044,0.8033468154932714,0.8149529111174785,0.8621204045309642,0.7242050313736735,0.7957793334731768,0.8934743762199691,0.8928334386856617,0.899999980422781,0.853713470945671,0.7362119206101482,0.7423238827542821,0.8645730347919904,0.861896198424736,0.8929110485837821,0.89367823644611,0.7375781588003578,0.8936687024487732,0.8996684985209736,0.893656517660695,0.8040806647080309,0.8911507730194062,0.8932091725890732,0.7897494386859132,0.8640302858089328,0.869550550916707,0.7460035935432833,0.8999943529347976,0.8996684985209735,0.7856765471275665,0.7498414606770077,0.7463445273218692,0.8616846053797779,0.8935522291325234,0.8612511359520764,0.8996955341270679,0.8744289261699663,0.8643134645511461,0.7584226791328952,0.803728976872571,0.7994258860433187,0.8216594562208508,0.8996687859522499,0.867175005141506,0.895220257114837,0.893656517660695,0.7115054284721888,0.8033468154932711,0.7723682290812385,0.8942652174627486,0.8621204045309643,0.8914472477712471,0.7500833569391802,0.8630879504706681,0.7929632237335029,0.8116690419070742,0.89337385064487,0.8742765138080606,0.8621204045309641,0.8684103425307619,0.8971648462296041,0.8928156813596536,0.8926838919534592,0.8999943529347973,0.8935857427750857,0.7519048422741477,0.8729727546890873,0.8952159469466721,0.803346815493271,0.8147544770781813,0.8897579140845896,0.899999980422781,0.8952202571148365,0.8742765138080602,0.8581985333728123
5658861b35a9e17b,0.882195712786859,0.7418322137743592,0.8821911652119558,0.7859921667262983,0.7209229228609688,0.7702402988641897,0.7324091821174659,0.7501010213376319,0.732466927273672,0.8553076052333975,0.7472038308731488,0.7861143060826761,0.7442968613150586,0.8553651434853295,0.7514526421903649,0.7500833569391799,0.744052611603203,0.8350329042954843,0.744052611603203,0.7221508074245169,0.7489235676275516,0.8821365221115733,0.7514858988995256,0.7601836223421226,0.7876144027143267,0.710122816919319,0.882136522111573,0.7468730616298689,0.751633808752842,0.8363825994729854,0.8821365221115738,0.7381397350597076,0.8016447037002767,0.7650991073655037,0.8364519495535496,0.7316185878546515,0.7354234855230475,0.899997912325285,0.8363825994729829,0.8553076052333973,0.710122816919318,0.7992866497748257,0.7556405677076459,0.7861143060826761,0.7469965023585425,0.7861143060826759,0.731383313662723,0.7582888306391349,0.7442560124819744,0.7875736356598535,0.7204441925759734,0.8821911652119561,0.7500833569391803,0.7520710631899956,0.7992866497748254,0.7101228169193181,0.7450289781961942,0.7992866497748256,0.7500833569391803,1.0,0.7232284835868434,0.7440526116032031,0.7602824328800595,0.7396648743295972,0.7876144027143271,0.7479577601095204,0.8999274815499545,0.7705104543500767,0.8017225803829318,0.7522273936335194,0.7206520235258542,0.7621756890137019,0.7514858988995258,0.8575954522726187,0.7029736310835095,0.7511822417112565,0.736675932638232,0.7859921667262988,0.8999274815499544,0.7159526852884583,0.8364519495535501,0.7581190903420714,0.7514858988995252,0.7544422510181116,0.899997912325285,0.7563281771359738,0.8575954522726182,0.7424955986266734,0.8553651434853292,0.7508337669159524,0.7859921667262989,0.7245524126208774,0.7450447853260965,0.7683515624623403,0.7624118187289566,0.7441162854278899,0.7392252649616571,0.7474033066094635,0.7440793628894431,0.8821911652119562,0.8363825994729827,0.7694012404647592,0.8553651434853293,0.8575954522726184,0.7441162854278898,0.8351640876004207,0.8999321223829917,0.7730328919164505,0.8999321223829919,0.8999999999999999,0.8016447037002762,0.799245646359684,0.8821957127868338,0.7373392235858431,0.7572462477283128,0.7529526196359121,0.799245646359684,0.7261796122944185,0.7450447853260969,0.7368456004678478,0.835032904295485,0.7402626004267072,0.8821940051040649,0.7571112303369647,0.8576940748740147,0.7235785398237262,0.7672855849704608,0.7310473639605871,0.7434010037568388,0.7501010213376325,0.7773860866317424,0.7535818820966753,0.714205219261506,0.7699086175864769,0.7615810125427528,0.7356836286626377,0.8016447037002762,0.7466092080948077,0.7341851459255974,0.7450289781961947,0.801722580382932,0.7766252738553159,0.7430012543365374,0.7530901858662018,0.7613254870924568,0.7473728228196168,0.7411093217246896,0.8999274815499543,0.751452642190364,0.7450289781961948,0.7617943672743102,0.899997912325285,0.8999321223829917,0.7776785777053424,0.7428884421744812,0.7607106572063196,0.7441162854278897,0.8350329042954849,0.8553076052333974,0.7293700119263411,0.882195712786834,0.7532699981784258,0.735676394095346,0.7450447853260969,0.7519884198320146,0.7875736356598535,0.801722580382932,0.7416262197400671,0.8821940051040649,0.7493815426622482,0.7992456463596839,0.8576940748740146,0.7460970392221764,0.8999999999999997,0.7598590956727013,0.7438365994950815,0.7492435553017817,0.7362637657799167,0.8351640876004205,0.8576940748740145,0.7487423723076181,0.7101228169193183,0.7408716874194224,0.7481437313443429,0.751452642190364,0.7474803834629664,0.7377530637998292,0.8364519495535498,0.7876144027143269,0.8821940051040646,0.7426826146747578,0.7478092966323048,0.7501010213376322,0.7875736356598535,0.8351640876004198,0.7727219322625943
56fcae2400df0ca2,0.7444839160530057,0.876312864605343,0.7445408929796522,0.7339121621522717,0.8531537512578691,0.8396769698967361,0.8726838164351127,0.7212125762764473,0.8780691934941773,0.7438950508864578,0.8751325668870603,0.7339228789248415,0.7701726862360061,0.7438495953770392,0.7216659372087938,0.7212210940423974,0.7184954904492442,0.7432801777574369,0.7184954904492409,0.8846132362563841,0.8619631214144419,0.7446770474418005,0.7216459403040822,0.8217785625877319,0.7346485349625989,0.7025011986557713,0.7446770474417956,0.8696963842524783,0.8126403418451906,0.7437739244827597,0.7446770474417972,0.7674309817303798,0.7384660487364447,0.8295123388023715,0.7437177094237212,0.8817998621542722,0.7662025493804206,0.7230726521825392,0.743773924482765,0.7438950508864604,0.7025011986557737,0.738097032398339,0.8684880895108924,0.7339228789248385,0.8527677847652693,0.7339228789248395,0.8822254041283111,0.8226455439970648,0.8659893206465898,0.7346820310038219,0.8845569263105901,0.7445408929796512,0.721221094042396,0.8208621307949348,0.73809703239834,0.7025011986557732,0.7190491425000587,0.7380970323983409,0.721221094042396,0.7232284835868434,1.0,0.7184954904492407,0.8574678804617847,0.7655961187240687,0.7346485349625893,0.8451792112541732,0.7200815439642163,0.8327014362305268,0.7384125549647933,0.8177496472929126,0.8595893447609302,0.8350449178758672,0.7216459403040828,0.7431347569136196,0.8895672077160632,0.7762357276930851,0.8763173126901889,0.7339121621522697,0.7200815439642165,0.8786801586494003,0.7437177094237173,0.8641850533774922,0.7216459403040851,0.776136628130123,0.7230726521825379,0.8225791221637694,0.743134756913617,0.872275300425314,0.7438495953770388,0.7773763202850703,0.7339121621522708,0.8742440850448611,0.7190330940297808,0.870123071625644,0.8330586830761381,0.7185089653803127,0.7634831684345549,0.8238089845003478,0.7728462211322296,0.7445408929796545,0.7437739244827647,0.876702214173587,0.7438495953770399,0.7431347569136215,0.7185089653803126,0.7432468227978891,0.7204581276460872,0.8693975702450788,0.7204581276460875,0.7232284835868439,0.7384660487364467,0.7381160919578618,0.7444839160529839,0.7636172517805611,0.8733759295793504,0.8284509666284324,0.7381160919578633,0.8510196409665395,0.7190330940297829,0.7606368743176042,0.7432801777574328,0.891283383039201,0.7443290046505125,0.8598849333450075,0.7429946811548296,0.8620174177410422,0.8799540378886381,0.7614644624336815,0.7742699418177235,0.7212125762764473,0.8365816483122633,0.883962151067832,0.8874051324252674,0.8354078470977977,0.8305671840668901,0.7690595563285507,0.7384660487364468,0.8894373744411695,0.7643101530458841,0.7190491425000641,0.7384125549647943,0.871848204424388,0.7685919211223065,0.7725617243573935,0.860804223525622,0.832459063016378,0.8173842809322509,0.7200815439642136,0.721665937208789,0.7190491425000622,0.8731475013339574,0.723072652182539,0.7204581276460864,0.8340810759626,0.7652497289215995,0.8413220055967657,0.7185089653803113,0.7432801777574338,0.7438950508864606,0.8812611037883835,0.7444839160529846,0.8856222265806288,0.8588564932824929,0.7190330940297835,0.8227713255831983,0.7346820310038193,0.7384125549647945,0.8661121022495996,0.7443290046505115,0.8591797374341099,0.7381160919578607,0.7429946811548308,0.7718317758277213,0.723228483586843,0.8222323238092524,0.8468711211482078,0.8638579728534626,0.7639462487372706,0.7432468227978887,0.7429946811548311,0.8278261121633247,0.7025011986557722,0.7657726823717542,0.7711840952565314,0.7216659372087868,0.771939775442654,0.877501629601169,0.7437177094237191,0.734648534962588,0.7443290046505125,0.8669245560581,0.7757796500025744,0.721212576276447,0.7346820310038186,0.7432468227978892,0.8410998754987538
57d5e5be6931dbba,0.8014362522165424,0.7110743227057545,0.7994668989710483,0.8955670301600941,0.7124178179555638,0.8512164270272,0.7228341319236489,0.8996991674885111,0.7039396905454407,0.8610107620542529,0.7097408679511679,0.8955319055187043,0.8927717348515052,0.8609685784469359,0.8996618704924664,0.8996971481479327,0.9000000000000009,0.873506423811405,0.8999999999999998,0.7293173544262781,0.819555979149114,0.7995405736238952,0.8996615535245946,0.864914313324504,0.8951185263274699,0.8977433175237002,0.7995405736238954,0.8056767698039513,0.8613797140230004,0.872153886819014,0.7995405736238952,0.8931653462956026,0.8920764186205485,0.853707868849176,0.8721267515878276,0.7308524295037369,0.8935233438024364,0.7438355831162651,0.8721538868190135,0.8610107620542538,0.8977433175237006,0.8927215652611942,0.8022245581710428,0.8955319055187039,0.7910800610963056,0.8955319055187032,0.7194368759475058,0.8663211772695031,0.72166882399364,0.8951233977350735,0.7371257724861094,0.7994668989710478,0.8996971481479323,0.8682967438254005,0.8927215652611941,0.8977433175237006,0.8999946851870313,0.8927215652611937,0.8996971481479326,0.7440526116032031,0.7184954904492407,1.0,0.8009475688038157,0.8904565589443955,0.8951185263274692,0.8003179485190915,0.7399132844747343,0.8584196295437505,0.892054233109407,0.8540675787288473,0.6859071135975063,0.858782609720621,0.8996615535245946,0.8588466781918326,0.7220095273383051,0.8919722280659503,0.8034122040486006,0.8955670301600944,0.7399132844747349,0.7539168787760904,0.8721267515878277,0.8085100819097549,0.8996615535245948,0.8907556384648285,0.7438355831162653,0.8537527424598084,0.8588466781918324,0.8142489135777035,0.860968578446934,0.8905983599916532,0.8955670301600944,0.7292430890657671,0.8999945988455325,0.79379884880845,0.8447040614578238,0.8999999545964948,0.893451031570393,0.8673544799407968,0.8919806006955073,0.7994668989710485,0.8721538868190135,0.8060918186892301,0.8609685784469342,0.8588466781918324,0.8999999545964954,0.8733618317131221,0.7402459633484679,0.7852711760568918,0.7402459633484679,0.7440526116032034,0.8920764186205483,0.8927249789889891,0.8014362522165195,0.8936765970070828,0.7968652545816207,0.8639182762013715,0.8927249789889888,0.7169176514335676,0.8999945988455325,0.892157728671906,0.8735064238114052,0.7196943738357968,0.8010700735806797,0.8129288149000315,0.8587343710841011,0.7204699795313978,0.7929571839509955,0.8934714580000582,0.8925469580528511,0.8996991674885102,0.8517850869810035,0.7332334666717386,0.7400554001713597,0.863129207728137,0.8610043166215127,0.8928784567205339,0.8920764186205483,0.7346453203024427,0.8935708781948102,0.8999946851870314,0.8920542331094068,0.8015507087694124,0.8905869850334917,0.8927589717492628,0.7866893783902079,0.8632548236011219,0.8688284296581652,0.7399132844747341,0.8996618704924659,0.8999946851870315,0.7824688343611952,0.7438355831162653,0.7402459633484679,0.860089908717411,0.893286782502143,0.8599370806040907,0.8999999545964952,0.8735064238114054,0.861010762054254,0.75573518351573,0.8014362522165197,0.7972008135708704,0.8202345740996312,0.8999945988455322,0.8664132050461941,0.8951233977350734,0.892054233109407,0.7075679727261573,0.8010700735806799,0.7690460911985089,0.8927249789889891,0.8587343710841013,0.8909281343143038,0.7440526116032032,0.8615733466590093,0.7895598775641558,0.8101391054894113,0.8933759323994628,0.8733618317131218,0.8587343710841011,0.8673935811641327,0.8977433175237004,0.8924759814252469,0.8922367206436004,0.8996618704924657,0.8932300148783799,0.7494099395436373,0.8721267515878275,0.8951185263274695,0.8010700735806797,0.8129587564205272,0.8891225291058855,0.8996991674885104,0.8951233977350732,0.8733618317131217,0.8564277823062665
59e674378a81c828,0.7838174730179461,0.8476132250400399,0.7830294234592159,0.8105244411419683,0.8726243187559255,0.8810606850210878,0.8463837045739866,0.803678211368192,0.8556612383234957,0.8099844982407599,0.8458923652412342,0.8104788774893876,0.8390425684323879,0.8099169170528753,0.8038941391647682,0.8036907039240729,0.800947568803817,0.8096192054515041,0.8009475688038161,0.8728088249549659,0.884317370868837,0.7830770823153657,0.803865390381638,0.8687401029849422,0.8107036287849274,0.7887364787043958,0.783077082315363,0.8886582967783351,0.8752420974939896,0.8092219158459397,0.7830770823153645,0.8373151040123868,0.8144716317382319,0.8872112240082317,0.8092039862843035,0.8685751733643401,0.8341872473043522,0.7600713895115633,0.809221915845941,0.8099844982407611,0.7887364787043967,0.8146374270824301,0.8850908024056745,0.8104788774893857,0.890209175133301,0.8104788774893864,0.8628024947972186,0.8685938280936814,0.8860852759855722,0.810716260453749,0.877175143170152,0.7830294234592158,0.8036907039240719,0.8700481392349911,0.81463742708243,0.7887364787043971,0.801238822572816,0.8146374270824305,0.8036907039240719,0.7602824328800595,0.8574678804617847,0.8009475688038157,1.0,0.8419835388003991,0.8107036287849227,0.8876641010051068,0.756141756396701,0.8746283188586907,0.814391076248461,0.8791388969030185,0.8730168688914226,0.8795948859242504,0.8038653903816377,0.8083581652950895,0.858347569679679,0.8393661085500599,0.8831982714280036,0.8105244411419679,0.756141756396701,0.8769372952438796,0.8092039862843026,0.8769892206306631,0.8038653903816391,0.8425144985460925,0.7600713895115632,0.8808582415865764,0.808358165295088,0.8808128485816968,0.809916917052876,0.8447104773965992,0.8105244411419682,0.8652169883625355,0.80123194982595,0.8783265147574064,0.8898402191499035,0.8009406009017002,0.833484951902585,0.8736888131322283,0.8417179187099542,0.783029423459217,0.8092219158459408,0.8761085771987708,0.809916917052876,0.8083581652950902,0.8009406009017004,0.809464560908236,0.7566419148094217,0.8747482948769495,0.7566419148094219,0.7602824328800596,0.8144716317382326,0.8146671575251432,0.7838174730179233,0.8342228278669528,0.8872333409100925,0.875773817307448,0.8146671575251438,0.869436606381552,0.801231949825951,0.8375657144367168,0.8096192054515028,0.8469025685443948,0.783425573443932,0.8791050315647035,0.8081547694201074,0.8771755879956297,0.874103955995157,0.8334201957157039,0.8389083674296467,0.8036782113681928,0.8753283825372271,0.8481157373921792,0.8577001709529031,0.8708249310136584,0.8757623571648709,0.8364346713112111,0.8144716317382328,0.8505978846492359,0.8352354531313613,0.8012388225728184,0.8143910762484619,0.8727739870844606,0.8433937850932335,0.8375921720867721,0.8971704045133098,0.873383484431419,0.8696581155340157,0.7561417563966994,0.8038941391647666,0.8012388225728178,0.8831879810005799,0.7600713895115632,0.7566419148094214,0.8700301963869386,0.8348708348413402,0.8759087987625758,0.8009406009016995,0.8096192054515032,0.809984498240761,0.8740591273855465,0.7838174730179233,0.8829259480882405,0.8858462624076353,0.8012319498259515,0.8747354273004426,0.8107162604537481,0.8143910762484617,0.879967964308572,0.7834255734439317,0.8944930655068875,0.8146671575251431,0.8081547694201077,0.8464665745530209,0.7602824328800593,0.8844003718828768,0.8884318443835018,0.8878707070635528,0.8363139740648757,0.8094645609082355,0.8081547694201079,0.8699965289083422,0.7887364787043962,0.8424362695712406,0.8392988830160714,0.8038941391647658,0.8367721255781986,0.8669890878387103,0.8092039862843026,0.8107036287849219,0.7834255734439319,0.889805251592187,0.8500079779358383,0.8036782113681926,0.8107162604537476,0.8094645609082355,0.8726924276092554
5a6f75e88f4f5889,0.7909386946630548,0.7582436611229983,0.7888511745831531,0.8858357299183167,0.7765094084471751,0.8770098764227389,0.7663656321742233,0.8910606549812492,0.7537431030139358,0.8538944461966292,0.7567755756115373,0.8857791282610181,0.8982164487268451,0.8538214820345094,0.8909155563481093,0.8910676646853339,0.8904565589443961,0.8633504717918163,0.8904565589443953,0.7803540263299431,0.8563372407244574,0.7889351661540305,0.8909039933160087,0.8867592288748734,0.8852105556870226,0.8883069636476301,0.7889351661540309,0.8446538772698492,0.8880867857615189,0.8617773906849424,0.7889351661540309,0.898366747895708,0.884004010262454,0.8817741940416208,0.8617370808284632,0.7801902531598691,0.8979890572912494,0.7394055542785256,0.8617773906849402,0.85389444619663,0.8883069636476298,0.8849056032891753,0.8406110404303077,0.8857791282610186,0.8394543750227057,0.8857791282610182,0.7660940710387127,0.8868235201454755,0.774610168458182,0.8852260084935009,0.7875151972561156,0.7888511745831526,0.8910676646853342,0.8897004884339311,0.8849056032891749,0.88830696364763,0.8903697737950225,0.8849056032891749,0.8910676646853342,0.7396648743295972,0.7655961187240687,0.8904565589443955,0.8419835388003991,1.0,0.8852105556870223,0.8455279387260191,0.7349073548207801,0.8820769371306689,0.8839552491449663,0.8847843526621423,0.748991070845,0.8822361390954803,0.890903993316009,0.8512674094115855,0.7693598952119711,0.8969091857255411,0.8408705818642148,0.8858357299183167,0.7349073548207802,0.8042340770755274,0.8617370808284633,0.8433990472843631,0.8909039933160088,0.8977575953260993,0.7394055542785256,0.8836985723556241,0.8512674094115856,0.8486703814225497,0.8538214820345078,0.8978418701950526,0.8858357299183166,0.7746327182229544,0.8903645759908838,0.8324311213821831,0.87638477294152,0.8904470956145509,0.8980348290652429,0.8888178563584006,0.8981593214324262,0.7888511745831527,0.8617773906849404,0.8386462221408277,0.8538214820345078,0.8512674094115855,0.8904470956145512,0.863169876498125,0.735329259435471,0.8245362982572186,0.735329259435471,0.7396648743295975,0.8840040102624538,0.8849287085662063,0.7909386946630322,0.8986305914629702,0.8350323908184561,0.8864094139383136,0.8849287085662065,0.7760874811464722,0.8903645759908841,0.8995849797249034,0.8633504717918161,0.7622087308945404,0.7905198267259544,0.850155425592659,0.8511065612161824,0.7818869975744236,0.827937521462151,0.8987596615324897,0.8978892420296953,0.8910606549812485,0.8766762931054504,0.7736782435328546,0.7829197763675924,0.8827564891500361,0.8837060679109955,0.897908333451062,0.8840040102624533,0.774135766979246,0.8983426519068258,0.8903697737950226,0.8839552491449666,0.8347961936720267,0.8997641956854421,0.8972160727175511,0.8322771057996523,0.8851415135768081,0.890917454528406,0.7349073548207798,0.8909155563481079,0.8903697737950225,0.8236137831790487,0.7394055542785258,0.735329259435471,0.8802351243873117,0.8983981380838251,0.8824720147478327,0.8904470956145512,0.8633504717918159,0.85389444619663,0.8037793686340283,0.7909386946630323,0.835049251643784,0.858412775490036,0.8903645759908838,0.8875924339919646,0.8852260084935007,0.8839552491449667,0.7651639001203823,0.7905198267259542,0.8195489445020323,0.8849287085662065,0.8511065612161823,0.8992591143352535,0.7396648743295972,0.8859256731995799,0.8395728000679944,0.8462062712010622,0.8982637798119004,0.8631698764981246,0.8511065612161823,0.8876497928915541,0.8883069636476295,0.8989031511572934,0.8983878516569792,0.8909155563481079,0.897505901922976,0.7977833696218126,0.8617370808284631,0.8852105556870223,0.7905198267259543,0.8508233688554536,0.8990965405694316,0.8910606549812486,0.8852260084935006,0.8631698764981244,0.877721083535445
5b34e93d76a233a0,0.8377620976294832,0.7314564477649789,0.8362608922336486,0.8999770709423829,0.7285524521868978,0.8557139668079017,0.7384441790218708,0.8952237431439424,0.7219586052068451,0.8813597608634065,0.7322110408518488,0.8999800584346883,0.8885398268076304,0.8813525055825286,0.8954152894850699,0.8952159469466713,0.8951185263274701,0.8911995445175174,0.8951185263274686,0.7450161145621437,0.8267571523555404,0.8363140065854539,0.8954219778139594,0.8679219351208686,0.8999999999999996,0.8862654801248586,0.8363140065854535,0.8143968075048512,0.8622888104342485,0.8904528139920977,0.8363140065854542,0.8876095885677413,0.8981079112934252,0.857351197760037,0.8904384137465702,0.7491828285565532,0.8873369431128726,0.7874763327510002,0.8904528139920955,0.8813597608634067,0.8862654801248588,0.898276783380287,0.8138030417836659,0.8999800584346884,0.8013742416359052,0.8999800584346883,0.7364609504211009,0.8673076510725266,0.7394348396904646,0.8999997964825334,0.7505768331658844,0.8362608922336486,0.8952159469466721,0.8689420918744559,0.8982767833802868,0.886265480124859,0.8953455310313281,0.8982767833802865,0.895215946946672,0.7876144027143271,0.7346485349625893,0.8951185263274692,0.8107036287849227,0.8852105556870223,1.0,0.8088946185848924,0.7840667492266863,0.8630500526469218,0.8981058292556436,0.8558771223175068,0.7051867934103575,0.8616883986818181,0.8954219778139596,0.8798760997163501,0.7356053140458567,0.8882940623739602,0.8109513415065257,0.8999770709423824,0.7840667492266861,0.7655852258139693,0.8904384137465703,0.8169495848957165,0.8954219778139596,0.8883000617562421,0.7874763327510004,0.8566850033015592,0.8798760997163496,0.8201571131718322,0.881352505582529,0.8868857584970706,0.8999770709423826,0.7435835593451743,0.8953467340600076,0.8069954669793246,0.8491049881617891,0.8951343841759627,0.8877437910570505,0.8670333057211717,0.8873314178425908,0.836260892233649,0.8904528139920955,0.8179295111361766,0.8813525055825289,0.8798760997163501,0.8951343841759625,0.8911203468244825,0.7843251146618717,0.801141243909108,0.7843251146618719,0.7876144027143273,0.8981079112934249,0.8982643122072447,0.8377620976294592,0.8879735995964227,0.807399596120208,0.8652283421104601,0.8982643122072442,0.7333367700040252,0.8953467340600079,0.8863406301477398,0.8911995445175167,0.7378479972610201,0.8374866452671446,0.8233551813269263,0.87980579872887,0.7370676098476246,0.8053517014432632,0.8868992295541721,0.8877538361047342,0.8952237431439423,0.8588677461216945,0.7528077180429235,0.7514531770770374,0.8670848928551076,0.8647069451723886,0.8870979512963566,0.8981079112934252,0.7527530194956429,0.8872203794651878,0.8953455310313287,0.8981058292556435,0.8152087292331942,0.8860244950998126,0.8895907089425612,0.7987563530197244,0.8639676404413674,0.8678837262804185,0.784066749226686,0.8954152894850701,0.8953455310313289,0.7946314424112602,0.7874763327510005,0.7843251146618717,0.8656817837539375,0.888788011238017,0.8625873493543594,0.8951343841759625,0.8911995445175168,0.8813597608634073,0.7689512838956616,0.8377620976294594,0.8072889588612331,0.8255432530304275,0.8953467340600075,0.866684395467204,0.8999997964825333,0.8981058292556434,0.7273107565744759,0.8374866452671443,0.7815454960543495,0.8982643122072446,0.8798057987288701,0.8864961213966673,0.787614402714327,0.8632792967631653,0.7987814198258437,0.8175121269457871,0.8873150989413976,0.8911203468244822,0.8798057987288701,0.8671154592530075,0.886265480124859,0.8870070464430936,0.8883802042512183,0.8954152894850703,0.8891200747199524,0.7662505749495294,0.8904384137465702,0.9000000000000001,0.8374866452671443,0.8194553313919977,0.8852159753638171,0.8952237431439424,0.8999997964825337,0.8911203468244816,0.8610740010669391
5d52ae182e89bfed,0.7717741346441551,0.8493336651791109,0.7706893607038785,0.8089359819545909,0.8810350749958828,0.8752406142235634,0.8491644973291554,0.8034230951253796,0.840580076052774,0.808432449050365,0.8413206794292376,0.8089089842514163,0.8380877286596982,0.8083578946257646,0.8034802514379724,0.8034382206888819,0.8003179485190921,0.806630847399864,0.8003179485190908,0.8616774474565121,0.8863526887314197,0.7707284643612337,0.8034632265321116,0.8701453507799257,0.8088946185848955,0.7890285715081193,0.770728464361232,0.8808823032457072,0.8841271216886624,0.8059261083984143,0.7707284643612322,0.8362046944141603,0.8134390087818381,0.8820909108196107,0.8058990915847394,0.8599958369611138,0.8357322722422384,0.7477469272802051,0.8059261083984139,0.8084324490503659,0.7890285715081198,0.8139341407461383,0.8787494245969037,0.8089089842514152,0.8934662368558016,0.8089089842514151,0.8492137412660009,0.8724875872889899,0.8681815427262477,0.8089134951125581,0.8669901673084108,0.7706893607038778,0.8034382206888817,0.8719882329325064,0.8139341407461383,0.7890285715081196,0.8005030145314037,0.8139341407461385,0.8034382206888815,0.7479577601095204,0.8451792112541732,0.8003179485190915,0.8876641010051068,0.8455279387260191,0.8088946185848924,1.0,0.7434365121533877,0.8774728954737436,0.8133842910614375,0.8848492162823662,0.858100410529077,0.8751967207718157,0.8034632265321117,0.8063130824639435,0.8517178469564479,0.8367532098449169,0.8798662154712671,0.8089359819545914,0.7434365121533877,0.8789476703242409,0.8058990915847386,0.8809384165493384,0.8034632265321124,0.8428353254160129,0.747746927280205,0.8838774674669793,0.8063130824639427,0.8816819501052326,0.8083578946257637,0.84282469788058,0.8089359819545916,0.8552953171929588,0.8004934640632313,0.8810979899542029,0.8835830926041909,0.8003188200957146,0.836208150649024,0.8708983655153255,0.8405844222056231,0.7706893607038794,0.8059261083984142,0.8735250666908477,0.808357894625764,0.8063130824639443,0.8003188200957149,0.8065107337341222,0.743858314907015,0.8723338817339105,0.7438583149070154,0.747957760109521,0.8134390087818384,0.81396935464313,0.7717741346441326,0.8358170978814878,0.8784852492660021,0.8716208379706414,0.8139693546431301,0.8846518324191617,0.8004934640632319,0.8425204300715319,0.806630847399863,0.8301422191252473,0.7714522628376062,0.8804717622984293,0.8061530779690256,0.8804466485524428,0.8619311024474785,0.8353610845313522,0.8378061672399387,0.8034230951253789,0.8745641260510477,0.8444841711274923,0.8570711370327144,0.8699053859488999,0.8721771114209556,0.8368671754069094,0.8134390087818384,0.8459631356177131,0.8348787306089517,0.8005030145314049,0.8133842910614381,0.8707001120147777,0.8456641200897959,0.8378486499304874,0.8877642103509202,0.8724969503745332,0.8721353339850211,0.7434365121533874,0.8034802514379719,0.8005030145314043,0.8727597808987385,0.7477469272802053,0.7438583149070149,0.8692447719810102,0.8362043128309785,0.8716759328610636,0.8003188200957144,0.8066308473998633,0.8084324490503663,0.8762252103374506,0.7717741346441328,0.8747535155769225,0.8882322660746876,0.8004934640632323,0.8728767731871565,0.8089134951125576,0.8133842910614382,0.8665593649661916,0.7714522628376059,0.8836019885252282,0.8139693546431295,0.806153077969026,0.8449784631240762,0.7479577601095202,0.8776452656178053,0.8956979276418988,0.8825275591435804,0.8364400658240072,0.8065107337341221,0.8061530779690258,0.871607199603166,0.789028571508119,0.8402035462412089,0.8413991761863089,0.8034802514379714,0.8370349642122429,0.8684718284184781,0.8058990915847386,0.8088946185848915,0.7714522628376064,0.8834625765963167,0.8479991757888607,0.8034230951253788,0.8089134951125574,0.806510733734122,0.8654534466481705
5f567c9b906ca07a,0.8810905023387252,0.7392780443090652,0.8811451019641932,0.7823996743764519,0.7167255646953579,0.7663333448638061,0.7297971674044279,0.7460216317266097,0.7301209288459013,0.8530229137099512,0.7448865177462374,0.7825239105040203,0.739758234320458,0.853082506331115,0.7474077280960097,0.746003593543283,0.7399132844747336,0.8323329173090005,0.7399132844747339,0.7184501827167504,0.7443832990705499,0.8810929154691907,0.7474412756781166,0.7556561824596051,0.7840667492266852,0.7056276397330048,0.8810929154691919,0.7426374675945717,0.7468601267356599,0.833749044773104,0.8810929154691918,0.7335663830055641,0.7983066842974722,0.7605976136269176,0.8338173691854315,0.727952845538315,0.7308552288339818,0.8999299528138192,0.8337490447731049,0.8530229137099518,0.7056276397330045,0.7958706332254155,0.7514828429255528,0.7825239105040203,0.7425625341013696,0.7825239105040198,0.7287116538561712,0.7540647191785338,0.7408013474858877,0.7840265562295006,0.7164858122410747,0.881145101964193,0.7460035935432837,0.7473682451021904,0.7958706332254153,0.7056276397330046,0.7409107116061764,0.7958706332254152,0.7460035935432835,0.8999274815499545,0.7200815439642163,0.7399132844747343,0.756141756396701,0.7349073548207801,0.7840667492266863,0.7434365121533877,1.0,0.7664015151670389,0.7983857283227287,0.7473832265045224,0.7171295461639196,0.7580334069781375,0.7474412756781168,0.8554362621561746,0.6993878395557052,0.7468917847765117,0.7324718144616249,0.7823996743764525,0.9000000000000001,0.7117430726269725,0.8338173691854315,0.7545106077837058,0.7474412756781164,0.7501485222492815,0.8999299528138194,0.751651032148229,0.8554362621561743,0.7383607103099952,0.8530825063311142,0.746515999424752,0.7823996743764525,0.7214100073022878,0.7409262557196042,0.7648891528774107,0.757911858532805,0.73997774499032,0.7347550657346708,0.7427280080016294,0.7396489645807662,0.8811451019641934,0.8337490447731049,0.7658981902437736,0.8530825063311144,0.8554362621561742,0.7399777449903201,0.8324681936705401,0.8999982564990483,0.7698734254475201,0.8999982564990483,0.899927481549955,0.7983066842974719,0.7958286612240655,0.8810905023387,0.7326872281797912,0.7537123364559913,0.7484270502174399,0.7958286612240653,0.7222460128801893,0.7409262557196039,0.7321252861893016,0.8323329173090008,0.7377320181427544,0.8810954785088295,0.7528144421203159,0.855537965680317,0.7195841967167858,0.7639935813217578,0.72635459007909,0.7389441697059707,0.7460216317266101,0.7735248861703391,0.7510489130700209,0.7107331431773267,0.7658314846929974,0.7571219661352332,0.7311039649319954,0.7983066842974718,0.7438878341924546,0.7295406367752844,0.7409107116061768,0.7983857283227287,0.7733493935439103,0.7383335925378552,0.748812228019091,0.7572098536218183,0.7428460122243463,0.7363331640390643,0.9000000000000001,0.7474077280960099,0.7409107116061768,0.7585864996613372,0.8999299528138194,0.8999982564990483,0.7737886014720466,0.7383262978416971,0.7564407040224626,0.73997774499032,0.8323329173090009,0.8530229137099522,0.7252222901782336,0.8810905023387002,0.7494483619528358,0.7310459646235603,0.7409262557196038,0.7475498010477454,0.7840265562295008,0.7983857283227285,0.7381340031020704,0.8810954785088297,0.7452711737442544,0.7958286612240657,0.8555379656803173,0.7415012507131704,0.8999274815499549,0.7553360649977886,0.7391882605518779,0.7452669334046802,0.7317019711126527,0.8324681936705403,0.855537965680317,0.744250410689137,0.7056276397330049,0.7362705128070878,0.7437244241011981,0.7474077280960099,0.7431018365287732,0.7338656928929175,0.8338173691854315,0.7840667492266862,0.8810954785088296,0.7382202706292214,0.7432100419158878,0.7460216317266098,0.7840265562295008,0.8324681936705398,0.7688107338634659
62d77f29a5a4d915,0.807094413627654,0.8375787843919826,0.8057703691718697,0.8630993375483296,0.8333507916540489,0.8967232374061167,0.8385600212712985,0.8601119553560854,0.8299709685293625,0.8509448903543426,0.8359064725116987,0.8630676017786262,0.8805893392725161,0.8508994022310279,0.8602214161104744,0.8601171697283394,0.858419629543749,0.8545762303612754,0.8584196295437498,0.836524761887445,0.8837678743631004,0.805885783458022,0.8602123691742786,0.8910231997338511,0.863050052646916,0.8497227320081263,0.8058857834580255,0.8762550731847941,0.8930081301751018,0.8538348518162573,0.8058857834580241,0.8792204008840192,0.8645859858950846,0.8922796843792093,0.8537747741297839,0.837672918825972,0.8793064521128149,0.7703317733147128,0.8538348518162531,0.850944890354342,0.8497227320081246,0.8649567017308738,0.8748586707237125,0.8630676017786283,0.875112524809686,0.8630676017786272,0.8381448582829687,0.897832217047404,0.8320680431379578,0.8630807781061305,0.8411652732498098,0.8057703691718712,0.8601171697283412,0.8925309463525618,0.8649567017308732,0.8497227320081249,0.8586180883880455,0.8649567017308727,0.8601171697283412,0.7705104543500767,0.8327014362305268,0.8584196295437505,0.8746283188586907,0.8820769371306689,0.8630500526469218,0.8774728954737436,0.7664015151670389,1.0,0.8645494333069843,0.8918005697264602,0.8141213435766612,0.8975267683364634,0.860212369174279,0.8490797564039241,0.8321156803533478,0.8821556122038058,0.8778715810007617,0.8630993375483305,0.7664015151670388,0.8529834333962256,0.8537747741297858,0.8858975162064462,0.8602123691742775,0.8867305599104003,0.7703317733147137,0.8930339057334964,0.8490797564039254,0.8820580349883593,0.850899402231025,0.8859447705378565,0.8630993375483296,0.8387818580995718,0.858604954478853,0.8833146436091436,0.890189481392004,0.8584189269796911,0.8813155130076527,0.8915366555854721,0.8840266953029338,0.80577036917187,0.8538348518162533,0.8781640596346986,0.8508994022310248,0.8490797564039227,0.8584189269796911,0.8544482667052824,0.7667581385214928,0.8779749441238585,0.7667581385214929,0.7705104543500765,0.8645859858950835,0.8649713009073484,0.8070944136276293,0.8786872712472966,0.8808699188472751,0.8915035349986432,0.8649713009073472,0.8341532476534321,0.8586049544788521,0.8803887357384027,0.8545762303612773,0.8281967020782872,0.8067707179491433,0.8790716638149019,0.8489523474383995,0.8403644898137261,0.8707488624021402,0.8779626058147088,0.8819925920227298,0.8601119553560859,0.8981835425976347,0.8372309532699916,0.8409725466097178,0.8939482075964017,0.891522872482627,0.8802370039739668,0.864585985895083,0.8374316197384272,0.8781518881806359,0.8586180883880439,0.8645494333069838,0.8755577992198293,0.8831108295246208,0.8819090726525365,0.8701307417280213,0.893573050921586,0.8919520638055046,0.7664015151670399,0.8602214161104754,0.8586180883880448,0.8745840961032099,0.7703317733147133,0.766758138521493,0.8929209238857799,0.8791949575182008,0.8947146277695303,0.8584189269796919,0.8545762303612772,0.8509448903543422,0.8541528991954379,0.8070944136276297,0.8769170370080525,0.8836733659301825,0.8586049544788513,0.8955010672793873,0.863080778106132,0.8645494333069835,0.8268233389188385,0.8067707179491441,0.8614209699921374,0.864971300907349,0.8489523474383992,0.8830872596249839,0.7705104543500766,0.8919406698611445,0.8727712102559022,0.883098831528331,0.8803485636219399,0.8544482667052825,0.848952347438399,0.8937891519430954,0.8497227320081259,0.8804167042889837,0.8850854299351526,0.8602214161104768,0.8813391327731749,0.8489290963131363,0.8537747741297852,0.8630500526469227,0.8067707179491435,0.879361442826825,0.8845130422229158,0.860111955356086,0.8630807781061329,0.8544482667052813,0.8917608334710057
62f0f9222b3a8a12,0.8421239211013831,0.737537813247302,0.8403788101458463,0.8981920369869041,0.7361554030650286,0.8580804966503841,0.7448000130234658,0.8936595807907888,0.7290877647898983,0.8878761597498046,0.7385729694525252,0.8981858165565066,0.8861612151094729,0.8878439455974572,0.8939419725203782,0.8936565176606945,0.8920542331094069,0.8916562965684931,0.8920542331094061,0.7467221619848405,0.8287254741451121,0.8404372326360716,0.8939496580648578,0.8680698300860035,0.8981058292556452,0.882430358783366,0.8404372326360714,0.8149587468587669,0.8635401544886245,0.8907385920632821,0.8404372326360718,0.8849827769485529,0.8999998594351108,0.8588792409566763,0.8907243729240725,0.7509631668972905,0.8850282338194044,0.8015261123082702,0.8907385920632811,0.8878761597498053,0.8824303587833662,0.8999734439226803,0.8146982203328754,0.8981858165565069,0.8056994241966018,0.8981858165565066,0.7404941738646682,0.8683128848590199,0.7457045297319393,0.8981046051926417,0.7532228295958538,0.8403788101458463,0.8936565176606951,0.8689180962817475,0.8999734439226801,0.8824303587833664,0.8922293632396703,0.8999734439226801,0.8936565176606949,0.8017225803829318,0.7384125549647933,0.892054233109407,0.814391076248461,0.8839552491449663,0.8981058292556436,0.8133842910614375,0.7983857283227287,0.8645494333069843,1.0,0.8578314330228568,0.7123586156146635,0.862086642952101,0.8939496580648585,0.886651889921573,0.7367526739157042,0.8870613116293258,0.8112970309118317,0.8981920369869034,0.7983857283227286,0.7669199992842287,0.8907243729240717,0.8209405606471807,0.8939496580648587,0.8872620707475749,0.8015261123082704,0.8583368381560013,0.8866518899215726,0.8215342229610403,0.887843945597456,0.8858774886741299,0.8981920369869034,0.745855129557964,0.8922313329746601,0.8113023472939405,0.8512055720265932,0.8920663698417667,0.8859797122196809,0.8662678359708502,0.8853666989757834,0.8403788101458469,0.8907385920632811,0.821100438097639,0.887843945597456,0.8866518899215728,0.8920663698417668,0.8915588558183057,0.798660178891966,0.8060754058194182,0.7986601788919663,0.801722580382932,0.8999998594351104,0.8999730307651388,0.8421239211013589,0.8858627318410262,0.8100291328866974,0.8641913282438676,0.899973030765139,0.7406901807120828,0.8922313329746606,0.8846738569741599,0.8916562965684935,0.7437017811508437,0.8418110223886166,0.82536737728401,0.8865826350584732,0.7431466672614004,0.8097266371775635,0.8841630819303241,0.8858271050337632,0.8936595807907886,0.8610757284836952,0.7576940383657522,0.7539454233699189,0.8679284201248526,0.8640645810789238,0.8844636499646676,0.8999998594351106,0.7573001319635083,0.884717198202913,0.892229363239671,0.9000000000000001,0.8189137773682876,0.884704526044066,0.8881984308334306,0.8031998302793535,0.8628627287386321,0.8665848367389396,0.798385728322728,0.893941972520377,0.8922293632396707,0.7999861656434031,0.8015261123082706,0.798660178891966,0.8670535557922529,0.8868132577698729,0.8629809745611581,0.8920663698417662,0.8916562965684937,0.887876159749805,0.7723132194992801,0.8421239211013589,0.80981592045608,0.825726820065595,0.8922313329746604,0.865727102023891,0.8981046051926418,0.9000000000000001,0.7339705353769314,0.8418110223886164,0.7866513581166865,0.8999730307651391,0.8865826350584738,0.8850556569675936,0.8017225803829319,0.8640499031993341,0.8039181420137171,0.8183877381127892,0.8846702475069503,0.8915588558183055,0.8865826350584735,0.8666868304703319,0.882430358783366,0.885138068955254,0.8869080271027925,0.8939419725203768,0.8874177318489437,0.7693860834849511,0.8907243729240717,0.8981058292556436,0.8418110223886164,0.820551375919476,0.8840614374656519,0.8936595807907889,0.8981046051926418,0.891558855818305,0.8628369082209881
647179d92a583c8d,0.7887921993587668,0.8125669345107476,0.7870662745649823,0.8562935490735425,0.8456324602996715,0.8899434858986218,0.8133494306851315,0.8560958549924533,0.8102095929305524,0.8405326045058404,0.8115289490961083,0.8562439220628215,0.8795582621257543,0.8404545193664,0.8560249947268905,0.85610796437881,0.8540675787288485,0.8438949387059306,0.8540675787288475,0.835837217390612,0.8851230525428924,0.7871318838459127,0.8560064531454694,0.8929157373483597,0.8558771223175077,0.8471268108950618,0.7871318838459114,0.8779855686165934,0.8981509957679389,0.8426233536412546,0.7871318838459118,0.8785376370033056,0.8578933344814622,0.8966879641468918,0.8425871085940664,0.8348811796808917,0.8768779245824123,0.7519856541839924,0.8426233536412564,0.8405326045058408,0.8471268108950614,0.8586637881484348,0.8749883314962218,0.8562439220628206,0.8833183101883051,0.8562439220628204,0.8180522358713329,0.8901510729392217,0.8349418761754848,0.8558959705268108,0.8409864114116499,0.7870662745649823,0.8561079643788105,0.893883645373564,0.8586637881484349,0.8471268108950615,0.8540814376837477,0.8586637881484348,0.8561079643788105,0.7522273936335194,0.8177496472929126,0.8540675787288473,0.8791388969030185,0.8847843526621423,0.8558771223175068,0.8848492162823662,0.7473832265045224,0.8918005697264602,0.8578314330228568,1.0,0.8216675676978094,0.8911229655731069,0.8560064531454701,0.838017644397592,0.8196333113336933,0.8784336799402448,0.8717686461982498,0.8562935490735426,0.7473832265045225,0.8545249441736033,0.842587108594066,0.8713555621484721,0.8560064531454703,0.8818468110628148,0.7519856541839927,0.8989356051595667,0.8380176443975915,0.8750137122971334,0.8404545193663993,0.8817770934879574,0.8562935490735428,0.8231621712478564,0.854073335549919,0.8682427434362883,0.8959383592280977,0.8540601655987036,0.877035979388298,0.8929083541422969,0.8801407539284986,0.7870662745649829,0.8426233536412566,0.8676391253630455,0.8404545193663996,0.8380176443975916,0.8540601655987035,0.8437294763036185,0.7478401678215043,0.8626265920801526,0.7478401678215045,0.7522273936335193,0.8578933344814623,0.8586953993371025,0.7887921993587442,0.8781925260527788,0.869141757683493,0.8928474436237874,0.8586953993371023,0.8406012649352953,0.8540733355499192,0.8816005258251394,0.8438949387059298,0.8105764475417727,0.788395504179502,0.8813180660755819,0.8378384640548282,0.8479217156171743,0.8603064195571486,0.8779358673499816,0.8789143033863671,0.8560958549924536,0.8894574938722482,0.820344922687254,0.8266586881127119,0.8882939613726547,0.8919804941056964,0.8777071141602844,0.8578933344814618,0.8191177192854469,0.8774655683320671,0.8540814376837483,0.8578314330228571,0.8658018413856654,0.8846970690879651,0.8785089922158261,0.8763536771535834,0.8904500726753733,0.8944567983226915,0.7473832265045224,0.856024994726891,0.8540814376837483,0.8626231820625792,0.7519856541839927,0.7478401678215045,0.8876128877120715,0.8789051494000291,0.8903033463652346,0.8540601655987032,0.8438949387059304,0.840532604505841,0.8527280998410112,0.7887921993587443,0.8687311910796751,0.8871245102232782,0.854073335549919,0.8915908945766358,0.855895970526811,0.8578314330228569,0.8320035057373039,0.788395504179502,0.8695614499236541,0.8586953993371025,0.8378384640548282,0.8839173961645751,0.7522273936335195,0.8951254373769754,0.8845772353826565,0.875205083190367,0.8775923800103491,0.843729476303618,0.8378384640548282,0.8904376801882201,0.8471268108950614,0.8806510556535,0.8805570588641682,0.8560249947268908,0.8778542693498118,0.8488920279500252,0.8425871085940664,0.8558771223175063,0.7883955041795017,0.88135912117886,0.8859257231922687,0.8560958549924533,0.855895970526811,0.8437294763036178,0.885895639248549
681659bd01fa63cc,0.721489434562198,0.8518764643448452,0.7215728928158445,0.704518953528146,0.8860383145652093,0.8279384710459388,0.840215593762019,0.6900340499794752,0.8685749988128217,0.7263133356354712,0.8542863554761317,0.7045107329185248,0.744129324456845,0.7262711330342309,0.6904333530388896,0.6900466036989247,0.6859071135975048,0.7182532575544037,0.6859071135975057,0.8772046123406954,0.8478649256584069,0.7215827252124641,0.6903974731841234,0.8040503083142925,0.7051867934103527,0.6677880906675433,0.7215827252124669,0.8604461854619284,0.8098600379695461,0.71860548920221,0.7215827252124658,0.7409062330812399,0.7124484506780887,0.8324459248792986,0.718605860013432,0.8715790510059422,0.7354691547030422,0.7205359676058647,0.7186054892022047,0.7263133356354701,0.6677880906675422,0.7122031130142539,0.8583348033614844,0.7045107329185272,0.8712889679087833,0.7045107329185268,0.867859769595969,0.7993950985150219,0.8922952894125659,0.7051957223908856,0.8757840778688124,0.7215728928158447,0.6900466036989257,0.8018401989581838,0.7122031130142532,0.6677880906675424,0.6864133331254731,0.7122031130142522,0.6900466036989259,0.7206520235258542,0.8595893447609302,0.6859071135975063,0.8730168688914226,0.748991070845,0.7051867934103575,0.858100410529077,0.7171295461639196,0.8141213435766612,0.7123586156146635,0.8216675676978094,1.0,0.8200668460029952,0.690397473184123,0.7253360364603647,0.8564559655058143,0.7454891480893004,0.8513127261345944,0.7045189535281471,0.7171295461639196,0.869029073385396,0.7186058600134343,0.8407546176052418,0.6903974731841223,0.7514923503824451,0.7205359676058649,0.825010978296352,0.7253360364603656,0.8414540455566908,0.7262711330342286,0.7539713306335486,0.7045189535281468,0.8633034692654415,0.6864062300624488,0.8532828363035319,0.8418267720481168,0.68591349294208,0.7349666013228705,0.8049693987969142,0.7479926258278966,0.7215728928158429,0.7186054892022048,0.8418095479651515,0.7262711330342284,0.7253360364603632,0.6859134929420801,0.7181765267051639,0.7176102928724095,0.8559968515659905,0.7176102928724097,0.7206520235258538,0.7124484506780874,0.7122278748718063,0.7214894345621773,0.7365302849814765,0.8631286690953046,0.811691335185289,0.7122278748718054,0.8739238117280359,0.6864062300624478,0.7406529246925845,0.7182532575544047,0.8471627846990049,0.7212378561622036,0.8472794367227188,0.7251331289602365,0.8892314264719312,0.8483812283743343,0.7347382401075121,0.7436949706525764,0.6900340499794735,0.8209655135893409,0.8441720989194308,0.8448596253672993,0.8051475218915338,0.8141468119820064,0.7391714316145895,0.7124484506780872,0.8410574025370366,0.7367466175164082,0.6864133331254707,0.7123586156146627,0.8440003989946654,0.7513503865798289,0.7431943959138669,0.8811620142067305,0.8072082491818442,0.7995911412455146,0.7171295461639203,0.690433353038893,0.6864133331254716,0.8673177093213691,0.7205359676058651,0.71761029287241,0.8086313454258892,0.738799637477005,0.8140337375754613,0.6859134929420808,0.7182532575544043,0.7263133356354705,0.8661788023249859,0.7214894345621775,0.8562327762585511,0.8477618930101918,0.6864062300624474,0.8075886854797991,0.7051957223908867,0.7123586156146624,0.8971932379796279,0.7212378561622041,0.8877771912519823,0.7122278748718072,0.7251331289602361,0.754734223210811,0.7206520235258544,0.8212493251764583,0.86864651037925,0.8548434387375107,0.7387331204073534,0.7181765267051635,0.7251331289602359,0.7997836555923884,0.6677880906675422,0.7466913623000703,0.744894920679284,0.690433353038894,0.7403227541799076,0.8636677109574975,0.718605860013433,0.705186793410359,0.7212378561622035,0.8554119853301346,0.7612551666510515,0.6900340499794742,0.7051957223908866,0.7181765267051632,0.8129607318068792
687652471e3a8ae2,0.8008674617405038,0.832159209571265,0.799736218398247,0.8616823453740815,0.8311953195715762,0.8985258821525859,0.8343428832713762,0.8600532224444883,0.8333119632708026,0.8448885302406638,0.8325826860582279,0.8616485362974136,0.8821194048776818,0.8448377520913616,0.8601653922709539,0.8600596217957497,0.8587826097206208,0.8503591488698963,0.8587826097206214,0.8417513433373588,0.884704891612067,0.7998383366220392,0.8601478140165819,0.8916475914399037,0.8616883986818178,0.8511957527864653,0.7998383366220385,0.8804835108982492,0.8917928825161467,0.8497091137288517,0.799838336622039,0.8811002175231146,0.8621430762205196,0.8948230004467439,0.8496602079525475,0.8408656082730233,0.8803491388984808,0.7619875980096887,0.8497091137288497,0.8448885302406638,0.8511957527864651,0.8625138632205221,0.8776240593679369,0.8616485362974137,0.8753158797320149,0.8616485362974131,0.843046888134959,0.8960791678714078,0.8383866821641277,0.8617130054498825,0.846668919724918,0.799736218398247,0.8600596217957504,0.8934452466969407,0.862513863220522,0.8511957527864656,0.8590031524499565,0.8625138632205221,0.86005962179575,0.7621756890137019,0.8350449178758672,0.858782609720621,0.8795948859242504,0.8822361390954803,0.8616883986818181,0.8751967207718157,0.7580334069781375,0.8975267683364634,0.862086642952101,0.8911229655731069,0.8200668460029952,1.0,0.8601478140165822,0.843019103955121,0.8369572527665701,0.8832232001271096,0.8813964492715342,0.861682345374082,0.7580334069781376,0.855734346804769,0.8496602079525479,0.8827785509270281,0.8601478140165819,0.8865500878347622,0.7619875980096895,0.8933721889589366,0.8430191039551208,0.8832902068765561,0.8448377520913601,0.887264786482256,0.8616823453740818,0.8436080750488724,0.8589925207565523,0.8791155993616113,0.8934982002862423,0.8587811864162695,0.8810342698047411,0.8943678585752126,0.8856457676930372,0.7997362183982475,0.8497091137288495,0.877220434035457,0.8448377520913601,0.8430191039551205,0.8587811864162697,0.8502264733340845,0.7584422712789534,0.8752635119474761,0.7584422712789538,0.7621756890137017,0.8621430762205192,0.8625313404146229,0.8008674617404805,0.8796531019745935,0.8844991606410253,0.8944899069080141,0.8625313404146231,0.8307345266004165,0.8589925207565521,0.8803077654085099,0.8503591488698965,0.829485718263361,0.8005351649012169,0.8795408091297123,0.8428575109680525,0.8404583211426595,0.8718221406700991,0.8792438906489234,0.8831957053519464,0.8600532224444881,0.8966166172464077,0.8366190083260516,0.8425349444425334,0.8936599196783552,0.893668230835075,0.8818344555383111,0.8621430762205196,0.8361484685971821,0.8799165564639558,0.8590031524499571,0.862086642952101,0.8750475857573038,0.8837272287284316,0.8824792818916918,0.8737553766001818,0.8959527132366554,0.8936232094843037,0.7580334069781375,0.8601653922709527,0.8590031524499571,0.8770863052356648,0.761987598009689,0.7584422712789536,0.892882821922069,0.8800249649103513,0.8961390564071343,0.8587811864162698,0.8503591488698967,0.8448885302406641,0.8550294598274285,0.8008674617404803,0.8787290819156618,0.8859421032670086,0.8589925207565519,0.897789847352226,0.8617130054498829,0.8620866429521007,0.831357080652769,0.8005351649012169,0.8661810184429917,0.8625313404146229,0.8428575109680523,0.8847266378543908,0.7621756890137017,0.8953247734724626,0.8713626313932789,0.8865854983545857,0.8818525791646906,0.8502264733340843,0.8428575109680525,0.8948352076569859,0.8511957527864653,0.8824612998592943,0.8844938583634276,0.8601653922709526,0.8818082697713409,0.8492145988888198,0.8496602079525476,0.8616883986818177,0.8005351649012167,0.8835936517308259,0.8864839645788775,0.8600532224444886,0.8617130054498829,0.8502264733340836,0.8928001193561615
697db12e3bdfa6a4,0.8048044216222273,0.7150909931701842,0.8027464589673553,0.8959053121731133,0.7169566657850596,0.8534045981283226,0.7269496264773703,0.8999943581884382,0.7084096373420476,0.864996079981691,0.7138650951874903,0.8958670563072283,0.8927802132220921,0.8649437288787544,0.8999999750985972,0.8999942851060313,0.8996615535245959,0.8749558273984708,0.8996615535245946,0.731549032650898,0.8216910328393996,0.8028220093765732,0.8999999999999997,0.8661243384978372,0.8954219778139597,0.8969690427597693,0.8028220093765728,0.8072773440742096,0.8630231760779283,0.873545733008366,0.8028220093765726,0.8930630750852937,0.8939710282565738,0.855560151024888,0.8735190143193717,0.733079041074669,0.8935471819470143,0.751244957200755,0.8735457330083636,0.8649960799816918,0.896969042759769,0.8945253338748692,0.8039492977396673,0.8958670563072285,0.7941678052361623,0.8958670563072282,0.722653377276574,0.8678766383520214,0.7258153710031369,0.8954262514008098,0.7398113473254733,0.8027464589673551,0.8999942851060313,0.8694369091694678,0.894525333874869,0.896969042759769,0.8996400127063288,0.8945253338748691,0.8999942851060312,0.7514858988995258,0.7216459403040828,0.8996615535245946,0.8038653903816377,0.890903993316009,0.8954219778139596,0.8034632265321117,0.7474412756781168,0.860212369174279,0.8939496580648585,0.8560064531454701,0.690397473184123,0.8601478140165822,1.0,0.8629515048061467,0.7240935874703673,0.8924708635123565,0.8049763586627456,0.895905312173113,0.7474412756781174,0.7559731837627071,0.8735190143193716,0.8114853871341421,0.9000000000000001,0.8913266221932892,0.7512449572007552,0.8555862780843897,0.862951504806146,0.8161814017047353,0.8649437288787547,0.8911894608950847,0.895905312173113,0.7316803432402348,0.8996403052598401,0.7969324601214471,0.8467980455796316,0.8996602670868805,0.893683527394924,0.8682341449743347,0.8921659051254308,0.8027464589673553,0.8735457330083638,0.8088211943552648,0.8649437288787549,0.8629515048061465,0.8996602670868805,0.8748047635547835,0.7477808023982595,0.7886708420224363,0.74778080239826,0.7514858988995261,0.8939710282565733,0.8945336756543678,0.8048044216222041,0.8937761621130449,0.7993439186027034,0.8646686291847743,0.8945336756543678,0.7213804539661054,0.8996403052598405,0.8924272827111742,0.8749558273984701,0.723669744509417,0.8044240156410752,0.815070034246296,0.8628395162671956,0.7243993233152561,0.7961651944282881,0.8933103714347099,0.8927530543367712,0.8999943581884379,0.8538900585776892,0.7367973650223911,0.7426247537427138,0.8646934944864043,0.8619218881186358,0.8927861880065309,0.8939710282565732,0.7381210045193959,0.8935255926377754,0.8996400127063293,0.8939496580648587,0.8044677437103294,0.8910197911176496,0.8931864131871199,0.7899376636685518,0.8640063517250836,0.8694433314827554,0.747441275678117,0.8999999750985983,0.8996400127063291,0.78606770492246,0.7512449572007553,0.7477808023982597,0.8618595582158857,0.8934456127374923,0.861314884047676,0.8996602670868805,0.8749558273984703,0.8649960799816916,0.7585918648458496,0.8048044216222042,0.7996645269512659,0.8216476458160489,0.8996403052598405,0.8671610684899793,0.89542625140081,0.8939496580648586,0.7118812774366282,0.8044240156410751,0.7725565691272112,0.8945336756543678,0.8628395162671957,0.8913411429935435,0.7514858988995261,0.8630885852800649,0.792961978823922,0.8118323557321118,0.893246023748965,0.8748047635547835,0.8628395162671957,0.868385187806586,0.8969690427597687,0.8926958110247202,0.8926112580694701,0.899999975098598,0.8935307864145237,0.7521507468038433,0.8735190143193713,0.8954219778139595,0.804424015641075,0.8148183445434087,0.8896610995869569,0.8999943581884382,0.8954262514008096,0.8748047635547833,0.8583706744503523
6a3684f09b39cc1e,0.8773395669262812,0.7519182323542608,0.8761159659732611,0.8793625204412904,0.7442086774213248,0.8433823303847844,0.7523703722844504,0.86224141271134,0.7410534002488627,0.8999400896922185,0.7559982098133469,0.8794043337985435,0.854029188562638,0.8999407251145155,0.8629318583087715,0.8622332185438312,0.8588466781918328,0.8944137321321268,0.8588466781918325,0.7485794613212916,0.8164798314914135,0.8761479464042278,0.8629515048061462,0.8482561414148556,0.8798760997163504,0.8393500211006704,0.8761479464042283,0.8044495435100771,0.8417880214467361,0.8942650740421273,0.8761479464042288,0.8507063916390902,0.886617893665365,0.841524902352315,0.8942702187428287,0.7567408425618174,0.8500968650844829,0.8574721299616737,0.8942650740421256,0.8999400896922188,0.8393500211006703,0.8857149060356335,0.8087772207681622,0.8794043337985449,0.801094170498233,0.8794043337985444,0.7477095391392393,0.8469591828725549,0.7551233390525931,0.8798662930153434,0.7517003395963524,0.8761159659732605,0.8622332185438312,0.84522867553084,0.8857149060356335,0.8393500211006703,0.8593120018484144,0.8857149060356333,0.8622332185438312,0.8575954522726187,0.7431347569136196,0.8588466781918326,0.8083581652950895,0.8512674094115855,0.8798760997163501,0.8063130824639435,0.8554362621561746,0.8490797564039241,0.886651889921573,0.838017644397592,0.7253360364603647,0.843019103955121,0.8629515048061467,1.0,0.7347453572406815,0.8569245050153994,0.7985534995936359,0.8793625204412907,0.8554362621561746,0.7612487398753227,0.8942702187428286,0.8140347261357841,0.8629515048061469,0.8590871961004316,0.8574721299616739,0.8399990384209506,0.9000000000000002,0.8076728375845033,0.8999407251145153,0.8559853790335201,0.8793625204412905,0.7476286262575094,0.8593166568281663,0.8118756909155633,0.8355305906343122,0.8588785467781084,0.8524621525013472,0.8404233460787052,0.8531712243669347,0.8761159659732605,0.8942650740421257,0.8178143575193633,0.8999407251145152,0.9000000000000001,0.8588785467781082,0.8943991565466493,0.855602180585967,0.8111213160521806,0.8556021805859675,0.8575954522726188,0.8866178936653641,0.8856999525808672,0.877339566926256,0.851657099444048,0.8049911085734289,0.8409860777457252,0.8856999525808669,0.7491515337527993,0.8593166568281665,0.850842773508813,0.8944137321321275,0.7537568927868645,0.8771363621100773,0.8183259475879364,0.8999995186117438,0.7504161151882669,0.8088780561575555,0.8481016410527508,0.8532883804570868,0.8622414127113396,0.849835068150921,0.7690592527379364,0.7503588165634547,0.8504521234910832,0.8447704675138992,0.8497070826526267,0.8866178936653639,0.765541722892745,0.8491747172272184,0.8593120018484149,0.886651889921573,0.8194294861755005,0.8530117475710781,0.858730218830214,0.8015174538438751,0.8384654313401043,0.8393406400583063,0.8554362621561744,0.8629318583087715,0.8593120018484146,0.8002628216896617,0.8574721299616741,0.8556021805859674,0.852887792725328,0.8545805239649513,0.8431304958839474,0.858878546778108,0.894413732132127,0.899940089692219,0.7708441764572963,0.8773395669262563,0.8033606727687413,0.8089663128682895,0.8593166568281665,0.8415733143082702,0.8798662930153439,0.8866518899215727,0.746894960459527,0.8771363621100772,0.7864096989646052,0.8856999525808673,0.8999995186117442,0.8534509869930665,0.8575954522726187,0.8430460740920429,0.7983888519963951,0.8070524880042469,0.8498593174767861,0.8943991565466494,0.899999518611744,0.8416957897435251,0.8393500211006697,0.8516293735708107,0.856347117672031,0.8629318583087715,0.8561146386591747,0.7735029102490139,0.8942702187428286,0.8798760997163504,0.8771363621100774,0.8064817455964699,0.8534468524826152,0.86224141271134,0.8798662930153434,0.8943991565466491,0.8475264753877572
6b71e56752ee78bb,0.7331531193745381,0.8724181754035425,0.733346204484381,0.7348327151814298,0.8521263853284509,0.8368823642615701,0.8750921413933754,0.7237918847747202,0.8705919797983541,0.735934801171056,0.866049717860349,0.7348689024716466,0.7724839862855473,0.7358893008156926,0.7241155132184358,0.7238021817207424,0.7220095273383025,0.7396603009423666,0.7220095273383043,0.8832089760835498,0.8637558053371396,0.7334061291674376,0.7240935874703666,0.8186783187723764,0.7356053140458501,0.707573408522333,0.7334061291674413,0.8688850044766236,0.8187244606622613,0.7401816572703375,0.7334061291674404,0.7705976157376991,0.7368114800042285,0.8293303394074745,0.7401622084182471,0.8771444603645759,0.7704942012277617,0.7028324217378576,0.7401816572703321,0.7359348011710545,0.7075734085223306,0.7367260980401239,0.8648949159787889,0.7348689024716493,0.8525064294459532,0.734868902471648,0.8829501521165113,0.8258845570934834,0.865559999832312,0.7356211024118384,0.8862209652067911,0.7333462044843814,0.7238021817207445,0.8234019910119628,0.7367260980401235,0.7075734085223313,0.7225724264038186,0.7367260980401218,0.7238021817207441,0.7029736310835095,0.8895672077160632,0.7220095273383051,0.858347569679679,0.7693598952119711,0.7356053140458567,0.8517178469564479,0.6993878395557052,0.8321156803533478,0.7367526739157042,0.8196333113336933,0.8564559655058143,0.8369572527665701,0.7240935874703673,0.7347453572406815,1.0,0.774429320104017,0.8842323578272342,0.7348327151814307,0.6993878395557043,0.8834263516473104,0.7401622084182496,0.8664990884675543,0.7240935874703658,0.7770555261690987,0.7028324217378588,0.823937708698274,0.734745357240683,0.874848790847262,0.7358893008156904,0.7788441921665206,0.73483271518143,0.8846545212237591,0.7225630782958028,0.8669921772580027,0.8332745973496842,0.722034191990325,0.7678577579730579,0.8269198215713986,0.7765509587212165,0.7333462044843794,0.7401816572703321,0.8674125730212627,0.7358893008156897,0.7347453572406795,0.722034191990325,0.7396695532289606,0.6997618282756987,0.8616965393360699,0.6997618282756989,0.7029736310835085,0.736811480004226,0.7367477372191759,0.7331531193745178,0.767513509879898,0.873997320013389,0.8294160015147815,0.7367477372191744,0.8583163434528797,0.7225630782958015,0.7662914674207728,0.7396603009423683,0.8688985684582726,0.7330680777209939,0.8530188640429286,0.7345964767708997,0.8613928439977832,0.8622751564941235,0.7661998780604764,0.775491014366108,0.7237918847747185,0.8326551184390591,0.8682938867074804,0.8908012446875271,0.8307417760614673,0.8296156844352882,0.7748021679916586,0.7368114800042255,0.8778005967933884,0.768537302690192,0.7225724264038158,0.7367526739157041,0.8589963944873642,0.7720400520050372,0.7719608041485018,0.8577758186846842,0.8389746857400631,0.8216703719166606,0.699387839555706,0.7241155132184394,0.7225724264038174,0.8669587562393543,0.7028324217378579,0.6997618282756987,0.8268098555973853,0.7665813972218961,0.83771752794428,0.7220341919903268,0.7396603009423681,0.7359348011710548,0.8835988005285749,0.7331531193745173,0.8776198127047283,0.8630082156672867,0.7225630782958004,0.8296307532636897,0.7356211024118395,0.7367526739157033,0.8611797937623333,0.733068077720995,0.8571061092088698,0.7367477372191769,0.7345964767708993,0.7746081271635212,0.7029736310835093,0.8247787464087284,0.8469149725954137,0.8720819622873506,0.7698963003906865,0.7396695532289603,0.7345964767708991,0.8309911068827466,0.7075734085223317,0.7698186363956472,0.7737381296011836,0.7241155132184407,0.7726141235970057,0.8686630169032606,0.7401622084182486,0.7356053140458583,0.733068077720994,0.8690160301144607,0.7787048363842691,0.7237918847747191,0.7356211024118399,0.7396695532289594,0.8309508522524105
6e4d346f8b2d1387,0.8016852918309696,0.7627935106107747,0.7998219661271259,0.8887381561361721,0.7670059827909822,0.8791485511957471,0.7699818121658624,0.8924932401312407,0.7614282612248109,0.8591162562796351,0.763669334388388,0.8886899090678924,0.898882835353835,0.8590580369941975,0.892479543857617,0.8924959899246689,0.891972228065949,0.8684984157363209,0.8919722280659508,0.7840469605663911,0.8561266303304422,0.7999192413895465,0.8924708635123563,0.8876126484954369,0.8882940623739607,0.8888459929376258,0.7999192413895463,0.8464898143312362,0.8817238598366675,0.8671797871870246,0.7999192413895466,0.8987421485778048,0.8871018798744715,0.8790760438467118,0.86713890348123,0.7849646330375627,0.8983540743545791,0.7509431826737623,0.8671797871870236,0.8591162562796355,0.8888459929376258,0.8877210153868855,0.8433873248306524,0.8886899090678924,0.8337353505219705,0.888689909067892,0.7722026090664096,0.8860735701379514,0.7730642378242386,0.88830851430671,0.7895783045763903,0.7998219661271249,0.8924959899246697,0.8890857620098305,0.8877210153868853,0.8888459929376259,0.8919732941245897,0.8877210153868853,0.8924959899246696,0.7511822417112565,0.7762357276930851,0.8919722280659503,0.8393661085500599,0.8969091857255411,0.8882940623739602,0.8367532098449169,0.7468917847765117,0.8821556122038058,0.8870613116293258,0.8784336799402448,0.7454891480893004,0.8832232001271096,0.8924708635123565,0.8569245050153994,0.774429320104017,1.0,0.843210549472754,0.8887381561361721,0.746891784776512,0.8027542561780207,0.8671389034812299,0.8439768144989775,0.8924708635123562,0.8983411176219585,0.7509431826737623,0.8792858389982756,0.8569245050153989,0.8514457990250233,0.8590580369941977,0.898753949018041,0.8887381561361724,0.7763632244026976,0.8919687069634188,0.8340708534307276,0.8731677127163849,0.8919659234017652,0.8974802933184662,0.8885632978420328,0.8984713719712527,0.7998219661271255,0.8671797871870234,0.8463821540865469,0.8590580369941979,0.8569245050153992,0.8919659234017652,0.8683349003662785,0.7472836562073306,0.8282574051575177,0.747283656207331,0.7511822417112566,0.8871018798744714,0.8877347418083181,0.8016852918309468,0.8983502087809118,0.8379753375426122,0.8871452637545229,0.8877347418083184,0.7663404895513005,0.8919687069634189,0.8965419370239438,0.8684984157363208,0.7785630546733533,0.8012966932845111,0.8521458505551697,0.8567808724086884,0.7760164619476668,0.8393191797343323,0.8978113518067503,0.8995076439050125,0.8924932401312403,0.8782205089044842,0.785877401240153,0.7887140561162072,0.8870587755981013,0.8850833503331846,0.8982432832681789,0.8871018798744712,0.7860451416765959,0.8982281130051829,0.8919732941245904,0.887061311629326,0.8430134078853478,0.8976232936956918,0.8994190373947817,0.8292322902693395,0.8859402548749586,0.8889030065480223,0.7468917847765115,0.8924795438576164,0.8919732941245901,0.8280763053860676,0.7509431826737624,0.7472836562073311,0.8850150658036556,0.8988118697203923,0.8861090892276405,0.8919659234017652,0.8684984157363211,0.8591162562796356,0.8047984255335294,0.801685291830947,0.841775836274808,0.8561369934789185,0.8919687069634191,0.886333832089865,0.8883085143067103,0.8870613116293258,0.7628654474173145,0.8012966932845111,0.8156513636891489,0.8877347418083182,0.8567808724086886,0.8978904024403788,0.7511822417112565,0.883491117462912,0.8309739587300666,0.8456677540321988,0.897552036982197,0.8683349003662781,0.8567808724086885,0.8886346016326315,0.8888459929376255,0.8976748139264344,0.8982656613798816,0.8924795438576165,0.8994265257291796,0.8015568699191855,0.8671389034812298,0.8882940623739599,0.8012966932845109,0.8512488853555864,0.8975203124866387,0.8924932401312404,0.8883085143067099,0.8683349003662783,0.8845082376148057
6f983812db311eb5,0.7747192330331528,0.8602551966588772,0.7740882451615976,0.8106842671900865,0.8578455419633823,0.8798845050722324,0.8637251210598218,0.8048481700676149,0.8589544649978151,0.8003751193036357,0.8568094221934491,0.8106859787652103,0.8421807251498783,0.8003162245061592,0.8049972828042877,0.8048587413054193,0.803412204048598,0.8061454557725124,0.8034122040486003,0.8783039474102761,0.8921581266444706,0.7741529309815476,0.8049763586627453,0.8718341808313259,0.8109513415065183,0.7927199327979416,0.7741529309815511,0.891231349545848,0.8713828665634371,0.8058872055523287,0.7741529309815502,0.8406964141739804,0.8113590527366092,0.876805284788744,0.8058620088572559,0.8751900799871855,0.8404248045310909,0.736489849712132,0.8058872055523236,0.8003751193036347,0.7927199327979393,0.8116666656383996,0.8879244492569459,0.8106859787652131,0.8804376978310189,0.810685978765212,0.8709483670957195,0.8747714364246413,0.8645800649047408,0.8109665269523436,0.8826967215465062,0.7740882451615975,0.8048587413054211,0.8754099912005938,0.8116666656383991,0.7927199327979397,0.8037462832376593,0.811666665638398,0.8048587413054211,0.736675932638232,0.8763173126901889,0.8034122040486006,0.8831982714280036,0.8408705818642148,0.8109513415065257,0.8798662154712671,0.7324718144616249,0.8778715810007617,0.8112970309118317,0.8717686461982498,0.8513127261345944,0.8813964492715342,0.8049763586627456,0.7985534995936359,0.8842323578272342,0.843210549472754,1.0,0.8106842671900869,0.7324718144616245,0.8862821477508274,0.8058620088572583,0.8868911867989233,0.8049763586627438,0.8450464814257285,0.7364898497121335,0.874771741574953,0.7985534995936379,0.8951589683432055,0.8003162245061576,0.846231581084552,0.8106842671900862,0.8735066736101378,0.8037384895599328,0.8842019412768838,0.8781994047726437,0.8034243893556392,0.8383797251085611,0.8771285998715295,0.8446249063417002,0.7740882451615959,0.8058872055523234,0.887180262447469,0.8003162245061572,0.7985534995936343,0.8034243893556396,0.8060828809861829,0.7328906205640378,0.8787973761665709,0.7328906205640376,0.7366759326382316,0.8113590527366077,0.8116917156829018,0.7747192330331312,0.838856685388511,0.8902972752361964,0.8780702076711713,0.8116917156829004,0.8599607239964738,0.8037384895599313,0.8382137824412509,0.8061454557725146,0.8617352310020496,0.7745064052457049,0.8838028041502709,0.7983863899207722,0.8670532850162823,0.8813659712369974,0.8378119131791772,0.8441371884165911,0.804848170067614,0.8769546114590945,0.863828741832148,0.8809153479381213,0.8775593999049403,0.8778166475152824,0.8435825135623243,0.8113590527366074,0.8699053221707684,0.8392643842903158,0.8037462832376568,0.8112970309118316,0.8804045627691932,0.8427884392103124,0.8413242194074152,0.8800123812201249,0.8842819059654472,0.8742191327360971,0.7324718144616258,0.8049972828042918,0.8037462832376581,0.8820644093140265,0.736489849712133,0.7328906205640381,0.8741259035424572,0.8384082286827004,0.8827277513606684,0.8034243893556408,0.8061454557725143,0.8003751193036348,0.8870877143471687,0.7747192330331307,0.8938244069836616,0.8917205349056032,0.8037384895599303,0.8776251387093007,0.8109665269523451,0.8112970309118308,0.8590768062203393,0.7745064052457058,0.8759857345940829,0.8116917156829024,0.7983863899207718,0.8439366241144398,0.7366759326382322,0.8747467598235412,0.8759357420534399,0.8918401747531854,0.8398378516661665,0.8060828809861826,0.7983863899207717,0.8790778256059157,0.7927199327979402,0.8403635503583259,0.8427397252303915,0.804997282804293,0.8418532208391836,0.8764053608253952,0.8058620088572575,0.810951341506527,0.7745064052457051,0.8933518804552174,0.8469288890586504,0.8048481700676147,0.8109665269523452,0.8060828809861821,0.8767742638004195
6fd08c19149b8639,0.8362751774930658,0.730496862423273,0.8347091380813092,0.9000000000000012,0.7283532792496641,0.8556971283725665,0.7377337589476585,0.8957207945380042,0.7210251463471413,0.880889540275152,0.7312206277746485,0.8999997412234552,0.8890051428699146,0.8808781011963818,0.8958988658568512,0.8957137309904946,0.8955670301600946,0.8906334076580394,0.8955670301600946,0.7443234163815757,0.8267698747692349,0.8347657414911795,0.8959053121731124,0.8681375668581099,0.8999770709423829,0.8870276897248652,0.8347657414911789,0.8141574083670666,0.8626678457379312,0.8898237522833062,0.8347657414911798,0.8881214222480449,0.898195052516133,0.8574982213112714,0.88980753981762,0.7484547204239232,0.887885962488126,0.7858446570388304,0.8898237522833046,0.8808895402751521,0.8870276897248655,0.8983920141027402,0.8134896174227378,0.8999997412234548,0.8013192281679424,0.8999997412234546,0.7354232823497657,0.8675455908969509,0.738788156388086,0.8999776405355577,0.7500597250626341,0.834709138081309,0.8957137309904948,0.8692707715379582,0.8983920141027402,0.8870276897248655,0.8957720875412142,0.89839201410274,0.8957137309904948,0.7859921667262988,0.7339121621522697,0.8955670301600944,0.8105244411419679,0.8858357299183167,0.8999770709423824,0.8089359819545914,0.7823996743764525,0.8630993375483305,0.8981920369869034,0.8562935490735426,0.7045189535281471,0.861682345374082,0.895905312173113,0.8793625204412907,0.7348327151814307,0.8887381561361721,0.8106842671900869,1.0,0.7823996743764525,0.7651185255460144,0.8898075398176197,0.8167580423814917,0.8959053121731131,0.8886926165199417,0.7858446570388309,0.8569586348243541,0.87936252044129,0.8200013187459163,0.8808781011963813,0.8872944627320082,0.9000000000000001,0.7427180914289195,0.895773052722255,0.8065542433209415,0.8492357456179471,0.8955815612341742,0.888291836264619,0.8673376147484891,0.8877559443569825,0.8347091380813094,0.8898237522833046,0.8174908450872768,0.8808781011963811,0.8793625204412903,0.8955815612341742,0.8905483202542541,0.7826646231645387,0.8006112730597857,0.7826646231645388,0.785992166726299,0.8981950525161326,0.8983814926305806,0.8362751774930417,0.8885508331208094,0.8068860696335307,0.8654046079723113,0.8983814926305804,0.7329587125213441,0.8957730527222554,0.886954540191095,0.8906334076580391,0.7371029476970966,0.8359901712041664,0.8232196502086258,0.879289652698334,0.736667591381497,0.8050030972557305,0.8874808059018595,0.8882405676025281,0.8957207945380041,0.8588190781093887,0.7517933586910807,0.7508217194617886,0.8671214644903968,0.8648067421109354,0.8876140347161188,0.8981950525161325,0.7518260974831632,0.8877962234132577,0.8957720875412147,0.8981920369869035,0.8146559376979685,0.8865743139070685,0.889972680435251,0.7984766653348236,0.8641432884958877,0.8682046783590804,0.7823996743764523,0.8958988658568507,0.8957720875412143,0.7941471331353412,0.7858446570388309,0.7826646231645388,0.8656149180381826,0.8893057161256491,0.8627195269535798,0.895581561234174,0.8906334076580389,0.8808895402751523,0.7686034430066346,0.8362751774930418,0.8069966196490561,0.8255094089861934,0.8957730527222553,0.8668463323715476,0.8999776405355577,0.8981920369869034,0.7265797241432506,0.8359901712041666,0.7812742398773299,0.8983814926305806,0.8792896526983343,0.8869956763674041,0.7859921667262988,0.8635082562706666,0.7989142185801871,0.8172021218470111,0.887829032434376,0.890548320254254,0.8792896526983343,0.8673634179213576,0.8870276897248651,0.8875487935086028,0.8888331750379157,0.8958988658568506,0.889561689692725,0.7657474660659109,0.8898075398176195,0.8999770709423824,0.8359901712041665,0.8193883369156034,0.8857008110380886,0.8957207945380044,0.8999776405355576,0.8905483202542537,0.8611392806027403
7054908fa5d4e2c1,0.8810905023387253,0.7392780443090647,0.8811451019641933,0.7823996743764527,0.7167255646953581,0.7663333448638062,0.7297971674044281,0.7460216317266108,0.7301209288459014,0.8530229137099525,0.7448865177462376,0.7825239105040196,0.7397582343204585,0.8530825063311149,0.7474077280960102,0.7460035935432836,0.7399132844747334,0.8323329173090007,0.7399132844747336,0.7184501827167503,0.7443832990705501,0.8810929154691907,0.747441275678117,0.7556561824596045,0.7840667492266855,0.7056276397330048,0.881092915469192,0.7426374675945718,0.7468601267356603,0.8337490447731081,0.8810929154691916,0.7335663830055619,0.7983066842974724,0.7605976136269177,0.8338173691854311,0.7279528455383149,0.7308552288339814,0.8999299528138194,0.8337490447731044,0.8530229137099521,0.705627639733005,0.795870633225416,0.7514828429255533,0.7825239105040203,0.7425625341013696,0.78252391050402,0.7287116538561714,0.7540647191785335,0.7408013474858877,0.7840265562295003,0.7164858122410749,0.8811451019641929,0.7460035935432837,0.7473682451021907,0.7958706332254155,0.7056276397330048,0.7409107116061767,0.7958706332254154,0.7460035935432838,0.8999274815499544,0.7200815439642165,0.7399132844747349,0.756141756396701,0.7349073548207802,0.7840667492266861,0.7434365121533877,0.9000000000000001,0.7664015151670388,0.7983857283227286,0.7473832265045225,0.7171295461639196,0.7580334069781376,0.7474412756781174,0.8554362621561746,0.6993878395557043,0.746891784776512,0.7324718144616245,0.7823996743764525,1.0,0.7117430726269722,0.8338173691854313,0.7545106077837054,0.7474412756781167,0.7501485222492811,0.8999299528138193,0.7516510321482293,0.8554362621561743,0.7383607103099952,0.8530825063311145,0.7465159994247519,0.7823996743764523,0.7214100073022879,0.7409262557196041,0.7648891528774107,0.7579118585328051,0.73997774499032,0.7347550657346713,0.7427280080016294,0.7396489645807665,0.881145101964193,0.8337490447731046,0.7658981902437736,0.8530825063311148,0.8554362621561743,0.7399777449903201,0.83246819367054,0.8999982564990481,0.7698734254475204,0.8999982564990484,0.8999274815499552,0.7983066842974722,0.7958286612240657,0.8810905023387001,0.7326872281797914,0.7537123364559914,0.7484270502174402,0.7958286612240655,0.7222460128801891,0.7409262557196039,0.732125286189302,0.8323329173090012,0.7377320181427545,0.8810954785088296,0.752814442120316,0.8555379656803171,0.719584196716786,0.7639935813217579,0.7263545900790903,0.7389441697059707,0.7460216317266101,0.773524886170339,0.7510489130700211,0.7107331431773263,0.7658314846929976,0.7571219661352335,0.7311039649319955,0.7983066842974721,0.7438878341924544,0.7295406367752848,0.7409107116061767,0.7983857283227289,0.7733493935439106,0.7383335925378549,0.7488122280190911,0.7572098536218179,0.7428460122243464,0.7363331640390647,0.9,0.7474077280960102,0.7409107116061766,0.7585864996613376,0.8999299528138196,0.8999982564990486,0.7737886014720465,0.7383262978416973,0.756440704022462,0.7399777449903201,0.8323329173090008,0.8530229137099523,0.7252222901782333,0.8810905023387001,0.7494483619528359,0.7310459646235603,0.7409262557196041,0.7475498010477455,0.7840265562295006,0.7983857283227287,0.7381340031020704,0.8810954785088297,0.7452711737442543,0.7958286612240657,0.8555379656803173,0.7415012507131706,0.8999274815499548,0.7553360649977887,0.7391882605518778,0.7452669334046803,0.7317019711126531,0.8324681936705397,0.8555379656803169,0.7442504106891372,0.705627639733005,0.7362705128070882,0.7437244241011982,0.7474077280960102,0.7431018365287737,0.7338656928929176,0.8338173691854308,0.7840667492266857,0.8810954785088297,0.7382202706292216,0.7432100419158877,0.7460216317266101,0.7840265562295002,0.83246819367054,0.7688107338634663
7082462a96bf2511,0.7460053372598325,0.8637595177250128,0.7458396099673295,0.7651185255460164,0.8786094878208193,0.8558769448635629,0.8599031436351874,0.7558391883778219,0.8613302760222656,0.7630699277239389,0.8595835113516631,0.7651261679697134,0.8032231252572206,0.7630302142787551,0.7559947207679685,0.755848492113909,0.7539168787760929,0.766459374043782,0.7539168787760907,0.8908368076721513,0.884316327845202,0.7458962769424877,0.7559731837627062,0.850180633293615,0.7655852258139788,0.7405240837911973,0.7458962769424823,0.8873437930175836,0.8506817414902499,0.7665410991614935,0.745896276942484,0.8015278189465763,0.7669805272760124,0.8579408454552191,0.7665063280703013,0.8850693460861387,0.7994236391735299,0.7158285891549283,0.7665410991614976,0.7630699277239408,0.7405240837911992,0.7672828508551299,0.8831027632081815,0.7651261679697092,0.8801985079265601,0.7651261679697103,0.8713661138459339,0.8449486086299051,0.8735892855902123,0.7656122058239743,0.8921729058637526,0.7458396099673286,0.7558484921139066,0.8509276000684411,0.7672828508551304,0.740524083791199,0.7543432670807912,0.767282850855132,0.7558484921139059,0.7159526852884583,0.8786801586494003,0.7539168787760904,0.8769372952438796,0.8042340770755274,0.7655852258139693,0.8789476703242409,0.7117430726269725,0.8529834333962256,0.7669199992842287,0.8545249441736033,0.869029073385396,0.855734346804769,0.7559731837627071,0.7612487398753227,0.8834263516473104,0.8027542561780207,0.8862821477508274,0.7651185255460144,0.7117430726269722,1.0,0.7665063280702981,0.870899217259417,0.7559731837627086,0.8057354046107233,0.7158285891549274,0.8559925549284788,0.7612487398753205,0.8839598118328442,0.7630302142787562,0.8065930988824347,0.7651185255460156,0.8726579838853696,0.7543289303714107,0.8750249630474731,0.8611036871472231,0.7539306115526138,0.7959478328556298,0.8523267253968175,0.8043152642915664,0.7458396099673317,0.7665410991614974,0.8784805476943602,0.7630302142787562,0.7612487398753252,0.7539306115526141,0.7664116263488334,0.7121323428425261,0.8703977952312374,0.7121323428425264,0.7159526852884597,0.766980527276014,0.7673020913294941,0.7460053372598106,0.7989140450804202,0.8792972131660162,0.8557747119022128,0.7673020913294961,0.8775229057262726,0.7543289303714127,0.799803281947258,0.7664593740437797,0.8624861988845227,0.7458225910363003,0.8797094467484591,0.7610915522583757,0.8820926453854794,0.8706877292517592,0.798747240348699,0.803343767542491,0.7558391883778226,0.853452903336652,0.8719989960254264,0.8832592070353086,0.8530095185108408,0.8556114554205452,0.8016198304881612,0.7669805272760148,0.874042928239203,0.7989452167606473,0.7543432670807955,0.7669199992842304,0.8755807901764809,0.8055496617955101,0.8028722493859114,0.8801686928833634,0.855775820242868,0.851849680442325,0.7117430726269701,0.7559947207679649,0.7543432670807937,0.8732110782342717,0.7158285891549278,0.7121323428425259,0.8525980868233247,0.799838070921234,0.8567098496396717,0.7539306115526124,0.7664593740437802,0.7630699277239408,0.8942447467363946,0.7460053372598106,0.8833628298666247,0.887927218997891,0.7543289303714131,0.849388560865834,0.7656122058239723,0.7669199992842306,0.8751317712339527,0.7458225910362988,0.8782952828739115,0.7673020913294928,0.7610915522583772,0.8065891229048316,0.7159526852884579,0.8511742923398753,0.8789887910451402,0.8782104424500565,0.7981817697491775,0.7664116263488328,0.7610915522583771,0.8523742399758696,0.7405240837911982,0.800784514524824,0.8025835102972314,0.7559947207679631,0.8018771962855317,0.8874884880003888,0.7665063280702993,0.7655852258139675,0.7458225910362994,0.8861763416623102,0.8103353280725829,0.7558391883778218,0.7656122058239714,0.7664116263488332,0.8512396066950522
73267cd8144e634e,0.8746392375671206,0.7469284659688158,0.873730482391969,0.8898075398176201,0.7375987826203684,0.846376374109821,0.7477214976014859,0.8729874697843647,0.7340980155470315,0.894744908415251,0.7502370679288768,0.8898604648178798,0.8663195944783884,0.8947789308402645,0.8735019800562047,0.8729727546890864,0.8721267515878282,0.8999535328225452,0.8721267515878275,0.7525333494659288,0.8210684251864335,0.873762869926233,0.873519014319371,0.8558669546476347,0.8904384137465713,0.8543545279896363,0.8737628699262323,0.8110397416915607,0.8476401296987459,0.8999992930200404,0.8737628699262336,0.8635685312769952,0.8906971140965203,0.8465588759674412,0.9000000000000001,0.7602379061642548,0.862495463213524,0.8364064393242818,0.8999992930200381,0.8947449084152508,0.8543545279896368,0.8901777541818076,0.8144221851519413,0.8898604648178806,0.8005263048206694,0.8898604648178803,0.7463208282804767,0.8530552450484685,0.7505285328437367,0.8904320161791577,0.7548966895433353,0.8737304823919689,0.8729727546890871,0.8535639113019261,0.8901777541818074,0.8543545279896372,0.872649373587832,0.8901777541818073,0.8729727546890873,0.8364519495535501,0.7437177094237173,0.8721267515878277,0.8092039862843026,0.8617370808284633,0.8904384137465703,0.8058990915847386,0.8338173691854315,0.8537747741297858,0.8907243729240717,0.842587108594066,0.7186058600134343,0.8496602079525479,0.8735190143193716,0.8942702187428286,0.7401622084182496,0.8671389034812299,0.8058620088572583,0.8898075398176197,0.8338173691854313,0.7665063280702981,1.0,0.8143198657822952,0.8735190143193717,0.8686636631002834,0.8364064393242822,0.8447680279504226,0.8942702187428287,0.8132184544056318,0.8947789308402638,0.8655943559533427,0.88980753981762,0.7497626715215006,0.872652202186879,0.8108299564967058,0.8393754638354083,0.8721632217269198,0.8637230139067755,0.8503278534711601,0.8645512709677379,0.8737304823919693,0.8999992930200378,0.8194762255298162,0.8947789308402637,0.894270218742829,0.87216322172692,0.899961025984464,0.8339733270226166,0.808584794248228,0.8339733270226171,0.8364519495535503,0.8906971140965196,0.8901463768657235,0.8746392375670955,0.8637160147398124,0.8069034601835523,0.8508454494798261,0.8901463768657234,0.7428244743895991,0.8726522021868789,0.8620535824790132,0.899953532822545,0.7503080448919606,0.8744834769108906,0.8222308796052316,0.894260555516013,0.7460836918288929,0.8083642183326153,0.8613065839288563,0.8648849051993692,0.8729874697843643,0.8529550302113512,0.7665591284271789,0.7535322385320622,0.8567106157235953,0.8536603167473931,0.8626876751865376,0.8906971140965195,0.7643295908391317,0.8620657479459063,0.8726493735878325,0.8907243729240721,0.8194846096189314,0.8634237481082304,0.8690276512514234,0.800699347247759,0.8486621045281326,0.8499912202797029,0.8338173691854311,0.873501980056204,0.8726493735878325,0.7971626379955352,0.8364064393242823,0.8339733270226166,0.8577237519430342,0.8661994641451964,0.8504250486029166,0.8721632217269197,0.899953532822545,0.894744908415251,0.7726003255784062,0.8746392375670955,0.8065080487364555,0.8167443071863956,0.872652202186879,0.8509524886590031,0.8904320161791577,0.8907243729240719,0.7412937211233288,0.8744834769108907,0.7841704220795322,0.8901463768657234,0.8942605555160132,0.8641160800494455,0.8364519495535503,0.8496430041461736,0.7968191216010504,0.8125302818661134,0.8625989768222637,0.8999610259844638,0.8942605555160132,0.8507066325448456,0.8543545279896367,0.8631472871877477,0.8668528313440824,0.8735019800562043,0.8672011610428587,0.7749770508322606,0.9000000000000002,0.8904384137465706,0.8744834769108907,0.812904566912325,0.8635314299365578,0.8729874697843647,0.8904320161791573,0.8999610259844635,0.8520891042174771
738bf671ae633941,0.7859701399460948,0.8749063357918428,0.7850545701529206,0.8167580423814915,0.8546979583810131,0.8831662259768908,0.8818735599476675,0.8112254816574406,0.8628461373979678,0.8153445373575666,0.8669681987446046,0.8167347440477966,0.8412746032564155,0.8152709583958082,0.811498629998944,0.8112390692893388,0.8085100819097555,0.8147300398734963,0.8085100819097546,0.8576140669472405,0.8814804987190473,0.7852198997158437,0.8114853871341423,0.8653663271753287,0.8169495848957175,0.7974936548153138,0.7852198997158439,0.8756866326657065,0.8733310095769904,0.8144028006747464,0.7852198997158442,0.8397363400807519,0.8209843313968304,0.8738876274814216,0.8143198657822952,0.8556857847417265,0.8416917601151193,0.7578976712235803,0.814402800674746,0.8153445373575668,0.7974936548153143,0.8209869519043375,0.8731617251714299,0.8167347440477969,0.8756784226911836,0.8167347440477967,0.8715582368801584,0.8839603039789706,0.8567339615388525,0.8169940536962087,0.8629560106633863,0.7850545701529199,0.8112390692893396,0.869873065818622,0.8209869519043371,0.7974936548153144,0.8088192744899667,0.820986951904337,0.8112390692893401,0.7581190903420714,0.8641850533774922,0.8085100819097549,0.8769892206306631,0.8433990472843631,0.8169495848957165,0.8809384165493384,0.7545106077837058,0.8858975162064462,0.8209405606471807,0.8713555621484721,0.8407546176052418,0.8827785509270281,0.8114853871341421,0.8140347261357841,0.8664990884675543,0.8439768144989775,0.8868911867989233,0.8167580423814917,0.7545106077837054,0.870899217259417,0.8143198657822952,1.0,0.8114853871341424,0.8505848915216113,0.7578976712235805,0.8730362751242287,0.8140347261357843,0.8891633243450735,0.8152709583958069,0.8503531240329296,0.8167580423814915,0.8742520347767595,0.8087999201397076,0.8952607427514441,0.8740638840430697,0.8085117785121343,0.845045086257505,0.8695316149772102,0.8478285775749603,0.7850545701529204,0.8144028006747461,0.882057111559122,0.8152709583958068,0.8140347261357841,0.8085117785121345,0.8146228506328342,0.7548943541839476,0.8870847063842195,0.7548943541839479,0.7581190903420714,0.8209843313968299,0.8210195633278352,0.7859701399460721,0.8389889712701093,0.8907255480057624,0.8696872779815237,0.8210195633278349,0.8619402426580316,0.8087999201397075,0.8418310884474095,0.8147300398734965,0.8502326271109484,0.7856824005456773,0.8715162263057493,0.8138978260808075,0.8607055669963625,0.8729469454753229,0.8379227966863894,0.8449428371291829,0.811225481657439,0.8835202243787198,0.8572884037048667,0.8732048215500013,0.8753040090561157,0.8696992027498129,0.8432056172160043,0.8209843313968295,0.8631327179645896,0.8386779519197602,0.808819274489967,0.8209405606471811,0.87585115640645,0.8447664229113053,0.8430895073028566,0.8733417522268869,0.877430528447479,0.8684677324693167,0.7545106077837052,0.8114986299989435,0.8088192744899669,0.8852902220835682,0.7578976712235805,0.7548943541839477,0.8723758892136192,0.8381935988938838,0.8784896043031476,0.8085117785121341,0.8147300398734962,0.8153445373575673,0.8729736185600407,0.7859701399460725,0.8849800799267353,0.8803076429285184,0.8087999201397075,0.8788573474973217,0.816994053696209,0.8209405606471805,0.8504820490553309,0.7856824005456774,0.867667908342233,0.8210195633278354,0.8138978260808076,0.8454310061069938,0.7581190903420713,0.872160167492743,0.8733499159965595,0.8920249122214616,0.8430097585942106,0.8146228506328338,0.8138978260808077,0.8763392948427725,0.7974936548153136,0.8419754464831302,0.8488450957482662,0.8114986299989435,0.843318933956773,0.859793498122982,0.814319865782295,0.816949584895717,0.7856824005456773,0.8787306350972434,0.8478455275793695,0.8112254816574394,0.8169940536962088,0.8146228506328335,0.8726079345285105
7395fffcc77481df,0.8048044216222272,0.7150909931701834,0.802746458967355,0.8959053121731131,0.7169566657850592,0.853404598128322,0.7269496264773718,0.8999943581884376,0.7084096373420482,0.8649960799816907,0.7138650951874905,0.8958670563072282,0.8927802132220921,0.8649437288787559,0.8999999750985983,0.8999942851060307,0.8996615535245949,0.8749558273984706,0.8996615535245946,0.731549032650896,0.821691032839398,0.8028220093765726,0.8999999999999997,0.8661243384978379,0.895421977813959,0.8969690427597695,0.8028220093765723,0.8072773440742088,0.8630231760779284,0.8735457330083658,0.8028220093765723,0.8930630750852929,0.8939710282565738,0.855560151024887,0.8735190143193718,0.733079041074669,0.8935471819470135,0.7512449572007546,0.8735457330083636,0.8649960799816917,0.8969690427597687,0.8945253338748694,0.8039492977396677,0.8958670563072286,0.7941678052361629,0.8958670563072283,0.7226533772765749,0.8678766383520211,0.7258153710031379,0.8954262514008098,0.739811347325473,0.8027464589673549,0.8999942851060314,0.8694369091694665,0.8945253338748691,0.8969690427597689,0.8996400127063285,0.8945253338748691,0.8999942851060313,0.7514858988995252,0.7216459403040851,0.8996615535245948,0.8038653903816391,0.8909039933160088,0.8954219778139596,0.8034632265321124,0.7474412756781164,0.8602123691742775,0.8939496580648587,0.8560064531454703,0.6903974731841223,0.8601478140165819,0.9000000000000001,0.8629515048061469,0.7240935874703658,0.8924708635123562,0.8049763586627438,0.8959053121731131,0.7474412756781167,0.7559731837627086,0.8735190143193717,0.8114853871341424,1.0,0.8913266221932881,0.7512449572007549,0.85558627808439,0.8629515048061461,0.8161814017047336,0.8649437288787546,0.8911894608950841,0.895905312173113,0.7316803432402372,0.8996403052598401,0.7969324601214457,0.8467980455796311,0.8996602670868805,0.8936835273949232,0.8682341449743349,0.8921659051254305,0.8027464589673552,0.8735457330083637,0.8088211943552639,0.8649437288787548,0.8629515048061465,0.8996602670868806,0.8748047635547839,0.7477808023982595,0.7886708420224353,0.7477808023982597,0.7514858988995257,0.8939710282565734,0.8945336756543681,0.804804421622204,0.8937761621130442,0.7993439186027038,0.8646686291847734,0.8945336756543678,0.7213804539661063,0.8996403052598405,0.892427282711174,0.8749558273984706,0.7236697445094185,0.8044240156410752,0.8150700342462973,0.8628395162671953,0.7243993233152572,0.7961651944282888,0.89331037143471,0.8927530543367712,0.8999943581884379,0.8538900585776877,0.7367973650223907,0.7426247537427126,0.8646934944864033,0.8619218881186363,0.8927861880065302,0.8939710282565734,0.738121004519396,0.8935255926377754,0.8996400127063292,0.8939496580648588,0.8044677437103289,0.8910197911176494,0.8931864131871193,0.7899376636685503,0.8640063517250826,0.8694433314827561,0.7474412756781168,0.8999999750985982,0.8996400127063291,0.7860677049224599,0.7512449572007549,0.7477808023982597,0.8618595582158849,0.8934456127374926,0.8613148840476769,0.8996602670868804,0.8749558273984706,0.8649960799816914,0.7585918648458472,0.8048044216222041,0.799664526951267,0.8216476458160499,0.8996403052598404,0.86716106848998,0.8954262514008101,0.8939496580648586,0.7118812774366263,0.8044240156410749,0.7725565691272106,0.894533675654368,0.8628395162671956,0.8913411429935427,0.7514858988995257,0.8630885852800657,0.7929619788239222,0.8118323557321133,0.8932460237489654,0.8748047635547838,0.8628395162671953,0.8683851878065845,0.8969690427597686,0.8926958110247203,0.8926112580694687,0.899999975098598,0.893530786414523,0.7521507468038453,0.8735190143193716,0.8954219778139595,0.8044240156410751,0.8148183445434092,0.8896610995869565,0.8999943581884384,0.8954262514008097,0.8748047635547835,0.8583706744503526
74e7ad28983c61ed,0.8032854709763476,0.7726690653158611,0.8014450833731793,0.888692616519941,0.7743876167745214,0.8823571195782063,0.7787886484650319,0.8913500342937851,0.7683718662208701,0.8612766993970935,0.7739183916548531,0.8886470556933755,0.8981677011853334,0.8612239352329338,0.891334189782914,0.8913532286760122,0.8907556384648281,0.86996313150065,0.8907556384648274,0.7850591077509774,0.8576117465007017,0.8015583376694236,0.8913266221932894,0.887564413241172,0.8883000617562392,0.8867834594517096,0.8015583376694249,0.846878273256667,0.8853505809003397,0.8687187757740032,0.8015583376694253,0.8977934702801936,0.8872992345438537,0.8812170416007152,0.8686636631002814,0.7867299982142236,0.8975995247462326,0.7542264467539704,0.8687187757739987,0.8612766993970927,0.886783459451709,0.8879200602651659,0.8444263581299396,0.8886470556933769,0.8389193456594308,0.8886470556933767,0.7796590987926889,0.8899830969227447,0.7773237459358104,0.8883235789181199,0.7907417391264303,0.8014450833731788,0.8913532286760122,0.8896025391248249,0.8879200602651652,0.886783459451709,0.8907870730303711,0.8879200602651645,0.891353228676012,0.7544422510181116,0.776136628130123,0.8907556384648285,0.8425144985460925,0.8977575953260993,0.8883000617562421,0.8428353254160129,0.7501485222492815,0.8867305599104003,0.8872620707475749,0.8818468110628148,0.7514923503824451,0.8865500878347622,0.8913266221932892,0.8590871961004316,0.7770555261690987,0.8983411176219585,0.8450464814257285,0.8886926165199417,0.7501485222492811,0.8057354046107233,0.8686636631002834,0.8505848915216113,0.8913266221932881,1.0,0.7542264467539705,0.8824186358010823,0.8590871961004324,0.8523068916333406,0.8612239352329325,0.8994646079754609,0.8886926165199412,0.7839190241193206,0.8907782994277741,0.841638177314331,0.8759633895455132,0.8907503673120591,0.8984709721219042,0.8885327189021703,0.8992249031581705,0.8014450833731778,0.8687187757739987,0.845555829153725,0.8612239352329321,0.8590871961004305,0.8907503673120589,0.8698047465064842,0.7505200677751932,0.8364119199067548,0.7505200677751933,0.7544422510181115,0.8872992345438523,0.887933344119173,0.8032854709763252,0.8977434517308278,0.8435982786536359,0.8869298128363412,0.8879333441191721,0.7745307789919735,0.8907782994277731,0.8974468286561379,0.8699631315006517,0.775695405190633,0.8029078085228407,0.8527279665158392,0.8589516457436319,0.7828063622060488,0.8370119735921482,0.8974040629293137,0.898511367984831,0.8913500342937838,0.8833982689851239,0.7857789376558308,0.789998158560175,0.8861459909732872,0.8853192834323453,0.8977869248879712,0.8872992345438516,0.7850883882565274,0.8973867967381641,0.8907870730303684,0.8872620707475747,0.8428340489120536,0.8983350293902237,0.8983313519846552,0.8328652152716506,0.8867579376905765,0.8898233850347874,0.7501485222492819,0.8913341897829156,0.8907870730303691,0.8334272550189259,0.7542264467539708,0.7505200677751938,0.8844978733964115,0.8979590436459742,0.8856912299251469,0.8907503673120601,0.8699631315006509,0.8612766993970927,0.8071663952386796,0.8032854709763251,0.8416252649058851,0.8581581758965705,0.8907782994277726,0.8894451509908404,0.888323578918121,0.8872620707475743,0.7676853078519013,0.802907808522841,0.8202568144165144,0.8879333441191735,0.8589516457436316,0.8981689330408932,0.7544422510181116,0.885274231220286,0.8365798471170789,0.8511337865911026,0.8981709041543557,0.8698047465064838,0.8589516457436315,0.8888259495187798,0.8867834594517087,0.8977497229436193,0.8995528644815224,0.8913341897829165,0.8981573281404867,0.8026729674831565,0.8686636631002822,0.8883000617562429,0.8029078085228408,0.8518168561386199,0.8981075477519812,0.891350034293784,0.8883235789181206,0.8698047465064839,0.882654525001155
75e5e9bff86a1d01,0.8822193764820776,0.7417649683603218,0.8822295894530849,0.7858446570388302,0.7207559572725522,0.7700459702603826,0.732218064203785,0.749859488815216,0.7323489771415443,0.8551820057919037,0.7471557128493334,0.785967715273884,0.7440638840268221,0.8552414678547196,0.7512115023273379,0.749841460677007,0.7438355831162652,0.8349739155548646,0.7438355831162655,0.7220473279784074,0.748727447396348,0.882173149403745,0.7512449572007549,0.7599915067611877,0.7874763327509994,0.7098535205898817,0.8821731494037441,0.7467137545086808,0.7513912594738392,0.8363363004404193,0.8821731494037444,0.7378984374654265,0.8014476938784453,0.7648839927044973,0.836406439324282,0.7315348407419024,0.7351731287607683,0.8999999999999999,0.836336300440419,0.8551820057919043,0.7098535205898815,0.799088978008113,0.7555017923251831,0.7859677152738838,0.7468359991475223,0.7859677152738834,0.7312883235416576,0.7580461381157595,0.7440863950595076,0.7874352217644536,0.7202520452925807,0.8822295894530855,0.7498414606770079,0.7518416213539839,0.7990889780081128,0.7098535205898815,0.7448163777726035,0.7990889780081126,0.7498414606770077,0.899997912325285,0.7230726521825379,0.7438355831162653,0.7600713895115632,0.7394055542785256,0.7874763327510004,0.747746927280205,0.8999299528138194,0.7703317733147137,0.8015261123082704,0.7519856541839927,0.7205359676058649,0.7619875980096895,0.7512449572007552,0.8574721299616739,0.7028324217378588,0.7509431826737623,0.7364898497121335,0.7858446570388309,0.8999299528138193,0.7158285891549274,0.8364064393242822,0.7578976712235805,0.7512449572007549,0.7542264467539705,1.0,0.7561208604029901,0.8574721299616738,0.7423091206201,0.8552414678547184,0.7506013687751545,0.7858446570388309,0.7244415529200401,0.7448323016646891,0.7682291157756036,0.7622001689467379,0.7438996276615469,0.738968629394009,0.7471495802272918,0.7438493204755283,0.8822295894530859,0.8363363004404188,0.7692893118621343,0.8552414678547187,0.8574721299616735,0.7438996276615469,0.8351068398007191,0.8999317803923657,0.7729344072876648,0.8999317803923658,0.8999979123252854,0.8014476938784452,0.7990470414007421,0.8822193764820521,0.7370874060608081,0.7571051813429768,0.7527462241514774,0.7990470414007418,0.7260173571292778,0.7448323016646894,0.736586323986656,0.8349739155548646,0.7401157803968322,0.8822208747215847,0.7569688330917785,0.8575719507365414,0.7234701276090489,0.7671130189056394,0.7307975433881451,0.7431553572492761,0.7498594888152168,0.7772280530097837,0.7535641500877539,0.7140621197640831,0.7697372108757541,0.7613904078435331,0.735433628798938,0.8014476938784452,0.7465496985425204,0.7339215178655493,0.7448163777726035,0.8015261123082705,0.7765550327954658,0.7427587657222032,0.7528828337521414,0.7611542145808823,0.7471489479195245,0.74088712657713,0.8999299528138189,0.7512115023273374,0.7448163777726036,0.7616407582864396,0.9,0.8999317803923657,0.7775397771737022,0.7426548685847927,0.7604915904629637,0.7438996276615469,0.834973915554865,0.8551820057919045,0.7292167949900291,0.8822193764820521,0.75308330777806,0.7354961114767609,0.744832301664689,0.751783333356189,0.7874352217644536,0.8015261123082702,0.7415084993574208,0.8822208747215845,0.7492148644954504,0.7990470414007421,0.8575719507365412,0.7458512823617726,0.8999979123252855,0.759619639557143,0.7436263901403354,0.749081740502161,0.7360245878489722,0.8351068398007191,0.8575719507365412,0.7485183613408436,0.7098535205898822,0.740615303780587,0.7479164743235758,0.7512115023273376,0.7472556640706316,0.7376628186271935,0.8364064393242825,0.7874763327510003,0.8822208747215845,0.7424515169236827,0.747565032542101,0.7498594888152168,0.7874352217644537,0.8351068398007183,0.7725151028295982
75eecf525d58d349,0.7920813449187168,0.8157346381690557,0.7905825963402868,0.8569586348243544,0.8445249009876699,0.8926771270821112,0.8158974597273789,0.8556206741284643,0.8160816076858817,0.842348821385919,0.816534452463416,0.8569182522077773,0.8798569630416624,0.8422868935168468,0.8556052438282784,0.8556298140680092,0.8537527424598081,0.8458730011112388,0.8537527424598077,0.8395630078747895,0.8865668283752648,0.7906415178866364,0.8555862780843893,0.8946524784096268,0.8566850033015599,0.8461029618267796,0.7906415178866358,0.8805598160819933,0.8970953017004044,0.8448006945187347,0.7906415178866361,0.878514761162407,0.8583984535528881,0.8972884295254213,0.8447680279504224,0.8394128519012208,0.8768561625585223,0.7561208604029903,0.8448006945187337,0.8423488213859199,0.84610296182678,0.8590566089410845,0.8783629190912872,0.8569182522077774,0.8854927349952489,0.8569182522077772,0.8235992825421188,0.8908095050839651,0.8378480932541859,0.8567022047143753,0.8428908050365629,0.7905825963402863,0.8556298140680094,0.8944864577456186,0.8590566089410843,0.8461029618267804,0.8538353007704674,0.8590566089410838,0.8556298140680096,0.7563281771359738,0.8225791221637694,0.8537527424598084,0.8808582415865764,0.8836985723556241,0.8566850033015592,0.8838774674669793,0.751651032148229,0.8930339057334964,0.8583368381560013,0.8989356051595667,0.825010978296352,0.8933721889589366,0.8555862780843897,0.8399990384209506,0.823937708698274,0.8792858389982756,0.874771741574953,0.8569586348243541,0.7516510321482293,0.8559925549284788,0.8447680279504226,0.8730362751242287,0.85558627808439,0.8824186358010823,0.7561208604029901,1.0,0.8399990384209499,0.877477640828953,0.8422868935168457,0.8825006973502356,0.8569586348243543,0.8265084376583589,0.8538277330311909,0.8706169700033523,0.8971322514370553,0.8537489916861105,0.8767447526559755,0.893120389781982,0.8805892729611002,0.7905825963402864,0.8448006945187336,0.8717989875481708,0.8422868935168459,0.8399990384209504,0.8537489916861107,0.8457252980214764,0.7520924323838895,0.866585460609371,0.7520924323838899,0.756328177135974,0.8583984535528877,0.8590805107733487,0.7920813449186943,0.8779101677955492,0.873211621568069,0.8940918915503713,0.8590805107733486,0.8397279209529969,0.853827733031191,0.880513350595796,0.8458730011112385,0.8167084829401683,0.7917177547530989,0.8844437043713598,0.8398236937085288,0.8509615138414011,0.8652388645342718,0.8774413846530182,0.8792937567144004,0.8556206741284632,0.8918315001731588,0.8261791682863546,0.8300406999558065,0.890760132097858,0.8938528965107527,0.8777706962108305,0.8583984535528875,0.824376489515849,0.8769553936406311,0.853835300770468,0.858336838156002,0.8705733104244134,0.8846032617334547,0.8793629723025833,0.8779790781185142,0.8919224732827964,0.8946246113699697,0.7516510321482289,0.8556052438282772,0.853835300770468,0.867195769605529,0.7561208604029903,0.7520924323838896,0.8905766201087634,0.8791437052372212,0.8923768984708529,0.8537489916861106,0.8458730011112385,0.8423488213859202,0.854803637530015,0.7920813449186944,0.8724306634545719,0.887983237710565,0.853827733031191,0.8925047408688398,0.8567022047143753,0.8583368381560018,0.8345633762428123,0.7917177547530987,0.8719525381520123,0.8590805107733487,0.8398236937085288,0.8835801182185212,0.756328177135974,0.8956991984817779,0.8835249536535856,0.8773929277827186,0.8773854646347624,0.8457252980214756,0.8398236937085286,0.8916562852076868,0.8461029618267799,0.8802828058664932,0.88056986558164,0.8556052438282773,0.8784548278634663,0.8530297262293007,0.8447680279504225,0.8566850033015592,0.7917177547530987,0.8824199641589432,0.8858884936577681,0.8556206741284638,0.8567022047143745,0.845725298021476,0.8889104971408506
76a04a8d3ee0a405,0.8773395669262811,0.7519182323542613,0.8761159659732608,0.8793625204412899,0.7442086774213248,0.8433823303847845,0.7523703722844495,0.8622414127113397,0.7410534002488628,0.8999400896922183,0.7559982098133473,0.8794043337985444,0.8540291885626375,0.8999407251145156,0.8629318583087711,0.8622332185438304,0.858846678191832,0.8944137321321273,0.8588466781918321,0.7485794613212939,0.8164798314914152,0.8761479464042283,0.862951504806146,0.8482561414148541,0.8798760997163511,0.8393500211006704,0.8761479464042283,0.8044495435100787,0.8417880214467354,0.8942650740421263,0.8761479464042288,0.8507063916390905,0.8866178936653648,0.8415249023523157,0.8942702187428287,0.756740842561817,0.8500968650844836,0.8574721299616734,0.8942650740421256,0.8999400896922187,0.8393500211006698,0.8857149060356331,0.8087772207681615,0.8794043337985445,0.8010941704982322,0.8794043337985444,0.7477095391392381,0.846959182872555,0.755123339052592,0.8798662930153435,0.7517003395963526,0.8761159659732602,0.862233218543831,0.8452286755308407,0.885714906035633,0.8393500211006699,0.859312001848414,0.8857149060356329,0.8622332185438311,0.8575954522726182,0.743134756913617,0.8588466781918324,0.808358165295088,0.8512674094115856,0.8798760997163496,0.8063130824639427,0.8554362621561743,0.8490797564039254,0.8866518899215726,0.8380176443975915,0.7253360364603656,0.8430191039551208,0.862951504806146,0.9000000000000002,0.734745357240683,0.8569245050153989,0.7985534995936379,0.87936252044129,0.8554362621561743,0.7612487398753205,0.8942702187428287,0.8140347261357843,0.8629515048061461,0.8590871961004324,0.8574721299616738,0.8399990384209499,1.0,0.8076728375845048,0.8999407251145151,0.8559853790335203,0.8793625204412905,0.7476286262575059,0.8593166568281663,0.811875690915564,0.8355305906343125,0.8588785467781077,0.8524621525013474,0.8404233460787047,0.8531712243669345,0.8761159659732607,0.8942650740421256,0.8178143575193637,0.8999407251145153,0.9,0.8588785467781078,0.8943991565466491,0.855602180585967,0.8111213160521817,0.8556021805859669,0.8575954522726184,0.8866178936653638,0.8856999525808666,0.8773395669262557,0.8516570994440482,0.8049911085734286,0.8409860777457259,0.8856999525808665,0.7491515337527984,0.8593166568281663,0.8508427735088125,0.8944137321321269,0.7537568927868632,0.8771363621100773,0.8183259475879343,0.8999995186117437,0.7504161151882662,0.8088780561575547,0.8481016410527503,0.8532883804570865,0.8622414127113393,0.8498350681509221,0.7690592527379363,0.7503588165634557,0.8504521234910836,0.8447704675138986,0.8497070826526272,0.8866178936653638,0.7655417228927448,0.849174717227218,0.8593120018484146,0.886651889921573,0.8194294861755004,0.853011747571078,0.858730218830214,0.8015174538438763,0.838465431340105,0.839340640058305,0.8554362621561742,0.8629318583087715,0.8593120018484146,0.8002628216896615,0.8574721299616737,0.8556021805859668,0.8528877927253284,0.8545805239649505,0.8431304958839467,0.8588785467781078,0.8944137321321268,0.899940089692219,0.7708441764572982,0.8773395669262557,0.8033606727687399,0.8089663128682877,0.8593166568281664,0.8415733143082691,0.8798662930153437,0.8866518899215727,0.7468949604595285,0.8771363621100772,0.7864096989646057,0.8856999525808669,0.899999518611744,0.8534509869930667,0.8575954522726184,0.8430460740920417,0.7983888519963946,0.8070524880042447,0.8498593174767851,0.894399156546649,0.8999995186117439,0.841695789743526,0.8393500211006695,0.8516293735708097,0.8563471176720314,0.8629318583087713,0.856114638659175,0.773502910249011,0.8942702187428284,0.8798760997163501,0.8771363621100767,0.8064817455964696,0.8534468524826153,0.8622414127113395,0.8798662930153434,0.8943991565466488,0.8475264753877565
7a6f8348dad74679,0.7790993080750542,0.8584039148391414,0.7783687883667625,0.8200013187459153,0.8543888984754017,0.8815068049907083,0.8638722788048142,0.8160544565811103,0.8514718012030988,0.8094954302504392,0.8514893908125999,0.8199879786204614,0.8493213080643428,0.8094459816013014,0.8161959102775433,0.8160613792544297,0.8142489135777011,0.813644842084333,0.8142489135777025,0.8720265341154974,0.8920674293745663,0.7784457781478575,0.8161814017047346,0.8764607023160668,0.8201571131718249,0.8047594350399685,0.7784457781478613,0.8889789476636125,0.8763040824335389,0.8132523154720578,0.7784457781478602,0.8485044283235503,0.8215824764023765,0.8787552213456632,0.8132184544056287,0.8669614947907394,0.8497063551221955,0.7423091206200988,0.8132523154720511,0.8094954302504375,0.8047594350399666,0.8219033543536192,0.8839614176182099,0.819987978620464,0.878776286795843,0.819987978620463,0.8638416372085971,0.8799944504232938,0.8587855447963466,0.8201750486909473,0.8754145095575543,0.7783687883667627,0.8160613792544319,0.8792366119580736,0.8219033543536184,0.8047594350399673,0.8145280519837126,0.821903354353617,0.8160613792544321,0.7424955986266734,0.872275300425314,0.8142489135777035,0.8808128485816968,0.8486703814225497,0.8201571131718322,0.8816819501052326,0.7383607103099952,0.8820580349883593,0.8215342229610403,0.8750137122971334,0.8414540455566908,0.8832902068765561,0.8161814017047353,0.8076728375845033,0.874848790847262,0.8514457990250233,0.8951589683432055,0.8200013187459163,0.7383607103099952,0.8839598118328442,0.8132184544056318,0.8891633243450735,0.8161814017047336,0.8523068916333406,0.7423091206201,0.877477640828953,0.8076728375845048,1.0,0.8094459816012988,0.8533280582855272,0.8200013187459159,0.8672540192566792,0.8145198222137713,0.884927714892698,0.8782476859714402,0.814254940155461,0.8470248242502725,0.8794056102927654,0.8518116676978384,0.7783687883667607,0.8132523154720513,0.8934781279850101,0.8094459816012987,0.8076728375845011,0.8142549401554608,0.8135552936681412,0.7387520475962629,0.8767826545560842,0.738752047596263,0.7424955986266732,0.8215824764023748,0.8219210296712668,0.7790993080750327,0.8469774391359285,0.8872237863430632,0.8808163875749104,0.8219210296712651,0.8598359518837076,0.8145198222137693,0.8467930864348987,0.8136448420843354,0.8597584828564009,0.7788423536077775,0.8847132104372526,0.8075264150831859,0.862165550883787,0.8820688694371448,0.8461952550063008,0.8520426657512323,0.8160544565811081,0.879262206565351,0.8691075160827377,0.8847936223119743,0.8852327402700021,0.8792581156829238,0.8503425013766321,0.8215824764023739,0.8755171405344517,0.8468079224282072,0.8145280519837093,0.8215342229610396,0.886799311708107,0.8503863997864993,0.8512699389713484,0.8772422654234736,0.8851203195604546,0.8785416217212916,0.7383607103099967,0.8161959102775453,0.8145280519837108,0.8786139341093191,0.7423091206200993,0.7387520475962632,0.8820761452357444,0.8469731775356764,0.8860879272740824,0.8142549401554622,0.8136448420843349,0.8094954302504374,0.8840681835940438,0.7790993080750326,0.8930089189516847,0.8922423677357418,0.8145198222137688,0.8800659394892021,0.820175048690949,0.8215342229610394,0.8529121187832278,0.7788423536077788,0.870313021864809,0.8219210296712678,0.8075264150831853,0.8511735939941716,0.7424955986266741,0.8770330634983289,0.8752218323817441,0.8894957553391238,0.8472883270300284,0.813555293668141,0.807526415083185,0.885791258992606,0.8047594350399674,0.847760469293005,0.8509055324986997,0.8161959102775469,0.8515763305430495,0.8743412715677376,0.8132184544056305,0.820157113171833,0.7788423536077782,0.8903661206475596,0.8533288916320388,0.8160544565811092,0.8201750486909491,0.8135552936681407,0.8809901468351173
7c274b2595445bb1,0.8761893628879243,0.7522156535071078,0.8749247679027808,0.8808781011963812,0.7458770413432227,0.8449522121346975,0.7526518453007993,0.8642688043790362,0.7410564138482044,0.899999534746717,0.7560682232472902,0.880918278729196,0.8563927196902463,0.9000000000000004,0.8649241203950593,0.8642606107113618,0.8609685784469342,0.8949767884150185,0.8609685784469342,0.7498039005163648,0.8185625733422934,0.8749533809175425,0.8649437288787543,0.8504644741402098,0.8813525055825289,0.8418819195833386,0.8749533809175428,0.8062271963518653,0.8441993918477788,0.8947726155832971,0.8749533809175432,0.8531232358683336,0.8878104412706049,0.8435913397750279,0.8947789308402637,0.7579390224284996,0.8525298798035961,0.8552414678547181,0.8947726155832962,0.8999995347467173,0.8418819195833387,0.8869850064569221,0.8104700884425533,0.8809182787291961,0.8030482889509504,0.8809182787291954,0.7480095887098406,0.8488904926660763,0.7559400468154562,0.8813421148980382,0.753097707960563,0.8749247679027807,0.8642606107113622,0.847586610480116,0.8869850064569219,0.8418819195833388,0.8614149222473055,0.8869850064569219,0.8642606107113621,0.8553651434853292,0.7438495953770388,0.860968578446934,0.809916917052876,0.8538214820345078,0.881352505582529,0.8083578946257637,0.8530825063311142,0.850899402231025,0.887843945597456,0.8404545193663993,0.7262711330342286,0.8448377520913601,0.8649437288787547,0.8999407251145153,0.7358893008156904,0.8590580369941977,0.8003162245061576,0.8808781011963813,0.8530825063311145,0.7630302142787562,0.8947789308402638,0.8152709583958069,0.8649437288787546,0.8612239352329325,0.8552414678547184,0.8422868935168457,0.8999407251145151,0.8094459816012988,1.0,0.8581292827293683,0.8808781011963811,0.7483216146293865,0.8614198312554091,0.8130083656314413,0.8375574037139192,0.8609998026596752,0.854795508169178,0.8427342991450342,0.855443803243682,0.8749247679027808,0.8947726155832962,0.8190185948199761,0.9000000000000004,0.8999407251145148,0.8609998026596755,0.8949593231193829,0.8532509703674795,0.8119621951091252,0.8532509703674793,0.8553651434853293,0.8878104412706047,0.8869700934632965,0.8761893628878992,0.8541468230406242,0.8061246216853677,0.8431695090721272,0.8869700934632962,0.7506026706136054,0.8614198312554091,0.8533907949073114,0.8949767884150183,0.753958247635563,0.8759826401706653,0.8202162835175566,0.8999387017808473,0.7519360249784957,0.8098005221307474,0.8506526971717315,0.855585137173289,0.864268804379036,0.8514037619636154,0.7694120853294226,0.7515012324937524,0.8522681174485716,0.8468659224038301,0.8521337432644567,0.8878104412706047,0.7660248809272214,0.8516556756411384,0.8614149222473058,0.8878439455974563,0.8204565481397861,0.8554810612034259,0.8608877775649414,0.8030700331960252,0.8406592958146641,0.8418103543341989,0.8530825063311139,0.8649241203950592,0.8614149222473059,0.8010789862028362,0.8552414678547188,0.8532509703674794,0.8545459871163771,0.8569888754777434,0.8450595021845979,0.8609998026596752,0.8949767884150182,0.8999995347467171,0.7725143891581264,0.8761893628878993,0.8047433751840163,0.811185766693612,0.8614198312554089,0.8436847801515575,0.8813421148980385,0.8878439455974563,0.7478022140130256,0.8759826401706653,0.7879334478297524,0.8869700934632967,0.8999387017808473,0.8558336748243649,0.8553651434853293,0.8451453186276455,0.8005186706186265,0.8085864417888008,0.8522732490230653,0.8949593231193825,0.8999387017808476,0.8439012845693289,0.8418819195833389,0.8540333455458413,0.858619153239659,0.8649241203950593,0.8583617320618854,0.7749830572560202,0.8947789308402638,0.8813525055825291,0.8759826401706651,0.8084340592541972,0.8558049506878305,0.8642688043790361,0.8813421148980383,0.8949593231193821,0.8491247539236884
7deabc22200e1e45,0.799557204531937,0.7715228028239838,0.7977556407135731,0.8872944627320075,0.7744307185095477,0.8832774458343297,0.7787152946669655,0.8912190063342071,0.7704493667553443,0.8581881366212172,0.7717736538923158,0.8872451511572201,0.8983684184370913,0.8581292827293695,0.8912001617771568,0.8912229636358581,0.8905983599916528,0.8669009470905682,0.8905983599916535,0.7865789770627978,0.857669393869144,0.7978507674691009,0.8911894608950841,0.8872248378542411,0.8868857584970691,0.8874953841463693,0.7978507674691022,0.8480611418068302,0.8852829268593605,0.8656371484989567,0.7978507674691024,0.8983032548214009,0.8859221276818664,0.882368582212659,0.8655943559533418,0.7868084602839094,0.8980163453025247,0.750601368775154,0.865637148498956,0.8581881366212176,0.8874953841463677,0.8865507661856127,0.844531012709287,0.8872451511572206,0.8391101728187248,0.8872451511572197,0.7813739522205894,0.8897287767713199,0.7802516781336704,0.8869023325690306,0.7929400922581651,0.7977556407135731,0.891222963635859,0.8896399082932385,0.8865507661856125,0.8874953841463681,0.8906171884691094,0.886550766185612,0.8912229636358587,0.7508337669159524,0.7773763202850703,0.8905983599916532,0.8447104773965992,0.8978418701950526,0.8868857584970706,0.84282469788058,0.746515999424752,0.8859447705378565,0.8858774886741299,0.8817770934879574,0.7539713306335486,0.887264786482256,0.8911894608950847,0.8559853790335201,0.7788441921665206,0.898753949018041,0.846231581084552,0.8872944627320082,0.7465159994247519,0.8065930988824347,0.8655943559533427,0.8503531240329296,0.8911894608950841,0.8994646079754609,0.7506013687751545,0.8825006973502356,0.8559853790335203,0.8533280582855272,0.8581292827293683,1.0,0.8872944627320078,0.7860282049173133,0.8906114197345123,0.8405704668510587,0.8771340042806386,0.8905915682239626,0.8984758325347104,0.8895049771896848,0.8996759946507616,0.7977556407135729,0.8656371484989562,0.8460367531968871,0.8581292827293682,0.8559853790335195,0.8905915682239629,0.8667358332926318,0.7469111639991699,0.8345108295442334,0.7469111639991701,0.7508337669159519,0.8859221276818654,0.886566427056636,0.7995572045319146,0.8979207510174569,0.844804789530142,0.8876982927834494,0.8865664270566356,0.7745773456382308,0.890611419734512,0.897544127386463,0.8669009470905682,0.7768647194321738,0.7991693342511934,0.8521914349327973,0.8558363739939855,0.7831323300273301,0.8378581684751452,0.8977176981691729,0.8988790547240924,0.8912190063342058,0.8820292254580586,0.7863094664487347,0.7915719258279016,0.8864263154658978,0.8854177966941421,0.8982239764619839,0.8859221276818654,0.7858979315248773,0.8979820587750601,0.8906171884691088,0.8858774886741301,0.8431002376302486,0.8984932048786001,0.898552784690063,0.8346826945356833,0.8874201410780389,0.8901622320844658,0.7465159994247521,0.891200161777157,0.8906171884691091,0.8349320838189676,0.7506013687751543,0.7469111639991703,0.8846395168110204,0.8979582989072605,0.8861889957581421,0.8905915682239627,0.8669009470905682,0.8581881366212176,0.8072541387152395,0.7995572045319141,0.8424703117331573,0.8587462523348538,0.8906114197345116,0.8902835105508329,0.886902332569031,0.8858774886741299,0.770074801601511,0.799169334251194,0.8221320351683019,0.8865664270566362,0.8558363739939856,0.8988325725655,0.7508337669159523,0.8866534546983887,0.836560548840499,0.8525958477400165,0.8986769497028056,0.8667358332926316,0.8558363739939855,0.8894045242982859,0.887495384146368,0.8985364514005212,0.8993098460394064,0.8912001617771574,0.8984534551825731,0.8019796064324632,0.8655943559533423,0.8868857584970711,0.7991693342511936,0.8534186081877729,0.8987487263747701,0.8912190063342064,0.8869023325690311,0.8667358332926312,0.8832101594342251
7e4f768df4419bb4,0.8362751774930658,0.7304968624232726,0.8347091380813092,0.9000000000000009,0.7283532792496641,0.8556971283725661,0.7377337589476585,0.8957207945380041,0.7210251463471415,0.8808895402751519,0.7312206277746487,0.8999997412234548,0.8890051428699144,0.8808781011963813,0.8958988658568513,0.8957137309904948,0.8955670301600946,0.8906334076580389,0.8955670301600935,0.744323416381574,0.8267698747692346,0.8347657414911789,0.8959053121731126,0.8681375668581104,0.8999770709423827,0.8870276897248655,0.8347657414911793,0.8141574083670657,0.8626678457379311,0.8898237522833061,0.8347657414911798,0.8881214222480449,0.8981950525161329,0.8574982213112707,0.8898075398176197,0.7484547204239238,0.8878859624881257,0.7858446570388307,0.8898237522833043,0.8808895402751522,0.8870276897248652,0.89839201410274,0.8134896174227382,0.8999997412234547,0.8013192281679424,0.8999997412234543,0.7354232823497657,0.8675455908969507,0.7387881563880865,0.8999776405355575,0.7500597250626337,0.834709138081309,0.8957137309904949,0.8692707715379575,0.8983920141027399,0.8870276897248655,0.8957720875412142,0.8983920141027399,0.8957137309904948,0.7859921667262989,0.7339121621522708,0.8955670301600944,0.8105244411419682,0.8858357299183166,0.8999770709423826,0.8089359819545916,0.7823996743764525,0.8630993375483296,0.8981920369869034,0.8562935490735428,0.7045189535281468,0.8616823453740818,0.895905312173113,0.8793625204412905,0.73483271518143,0.8887381561361724,0.8106842671900862,0.9000000000000001,0.7823996743764523,0.7651185255460156,0.88980753981762,0.8167580423814915,0.895905312173113,0.8886926165199412,0.7858446570388309,0.8569586348243543,0.8793625204412905,0.8200013187459159,0.8808781011963811,0.8872944627320078,1.0,0.7427180914289206,0.895773052722255,0.8065542433209405,0.8492357456179466,0.895581561234174,0.8882918362646189,0.8673376147484887,0.8877559443569825,0.8347091380813093,0.8898237522833043,0.8174908450872761,0.8808781011963811,0.87936252044129,0.8955815612341742,0.8905483202542543,0.7826646231645386,0.8006112730597859,0.7826646231645388,0.7859921667262989,0.8981950525161327,0.8983814926305806,0.8362751774930417,0.888550833120809,0.8068860696335307,0.865404607972311,0.8983814926305806,0.7329587125213445,0.8957730527222552,0.8869545401910948,0.8906334076580391,0.7371029476970973,0.8359901712041666,0.8232196502086263,0.879289652698334,0.7366675913814971,0.8050030972557305,0.8874808059018595,0.8882405676025279,0.8957207945380041,0.8588190781093883,0.7517933586910809,0.7508217194617879,0.867121464490396,0.8648067421109358,0.8876140347161185,0.8981950525161326,0.7518260974831628,0.8877962234132575,0.8957720875412147,0.8981920369869034,0.8146559376979681,0.8865743139070683,0.889972680435251,0.7984766653348225,0.8641432884958873,0.8682046783590806,0.7823996743764521,0.8958988658568507,0.8957720875412145,0.7941471331353407,0.7858446570388309,0.7826646231645388,0.8656149180381824,0.889305716125649,0.8627195269535801,0.8955815612341739,0.8906334076580389,0.8808895402751522,0.7686034430066333,0.8362751774930417,0.8069966196490563,0.8255094089861938,0.8957730527222552,0.8668463323715482,0.8999776405355577,0.8981920369869032,0.7265797241432497,0.8359901712041666,0.7812742398773294,0.8983814926305805,0.8792896526983341,0.8869956763674035,0.7859921667262988,0.8635082562706671,0.798914218580187,0.8172021218470118,0.8878290324343765,0.8905483202542539,0.879289652698334,0.8673634179213565,0.8870276897248652,0.887548793508603,0.8888331750379153,0.8958988658568505,0.8895616896927243,0.7657474660659114,0.8898075398176193,0.8999770709423824,0.8359901712041666,0.819388336915603,0.8857008110380885,0.8957207945380044,0.8999776405355575,0.8905483202542535,0.8611392806027405
80300fd2a126fd30,0.7463920500841508,0.8805351317125475,0.7465784794395623,0.7427180914289213,0.8545738873686651,0.8445073410944408,0.8846568704701082,0.7312772548655078,0.879663975831438,0.748351873786677,0.8724641295624028,0.7427355871422892,0.7743369127671589,0.7483216146293843,0.7317043664579389,0.731285116479452,0.7292430890657706,0.7491399254999822,0.7292430890657673,0.8710735892484307,0.8538159905472564,0.7467098499331176,0.7316803432402349,0.8129627961901014,0.7435835593451849,0.7144554774494776,0.7467098499331118,0.8606352050976759,0.8228700151844345,0.7498238711855378,0.7467098499331137,0.7729845614051907,0.7459180559717842,0.834510143646678,0.7497626715215042,0.8616577916613798,0.7727455998826553,0.7244415529200418,0.749823871185542,0.7483518737866801,0.7144554774494802,0.745575451539487,0.8543184035304119,0.7427355871422854,0.8530715282379239,0.7427355871422862,0.8916811114610994,0.8325876848517736,0.8742870609982724,0.7436220937726218,0.8724508464338618,0.7465784794395608,0.7312851164794508,0.8191510056035382,0.7455754515394875,0.7144554774494796,0.7298600468868033,0.745575451539489,0.7312851164794505,0.7245524126208774,0.8742440850448611,0.7292430890657671,0.8652169883625355,0.7746327182229544,0.7435835593451743,0.8552953171929588,0.7214100073022878,0.8387818580995718,0.745855129557964,0.8231621712478564,0.8633034692654415,0.8436080750488724,0.7316803432402348,0.7476286262575094,0.8846545212237591,0.7763632244026976,0.8735066736101378,0.7427180914289195,0.7214100073022879,0.8726579838853696,0.7497626715215006,0.8742520347767595,0.7316803432402372,0.7839190241193206,0.7244415529200401,0.8265084376583589,0.7476286262575059,0.8672540192566792,0.7483216146293865,0.7860282049173133,0.7427180914289206,1.0,0.7298411492646393,0.8742430398865676,0.8393379378531911,0.7292603383608365,0.774382405855875,0.8226874941945803,0.7831273967403274,0.7465784794395649,0.7498238711855417,0.8573977068800311,0.7483216146293876,0.7476286262575119,0.729260338360836,0.749111702655326,0.7218045527381616,0.8683561268717066,0.7218045527381618,0.7245524126208784,0.7459180559717858,0.745590465286583,0.7463920500841285,0.769231708710193,0.881425222586963,0.8263972433159167,0.7455904652865847,0.8627359366001485,0.7298411492646415,0.7717778436942315,0.7491399254999787,0.852716911503961,0.7462316928639665,0.840306634347022,0.7474724463592339,0.8608479154672679,0.8517987530652663,0.7686375086221761,0.7773062564090278,0.7312772548655082,0.8393873438481964,0.8561995375052154,0.8794678096559814,0.8265351151219982,0.8251964727463451,0.7762120750340409,0.7459180559717862,0.8627609790670421,0.770236352532029,0.7298600468868089,0.7458551295579652,0.8518115141917938,0.7770013982718604,0.7748627595118024,0.8625940595018574,0.8341797013445654,0.8190902525755102,0.7214100073022853,0.731704366457934,0.729860046886807,0.8753115056683345,0.724441552920042,0.7218045527381609,0.8247358548261591,0.7678171126258464,0.8334971923967489,0.729260338360834,0.7491399254999799,0.7483518737866804,0.8692884657301847,0.746392050084129,0.8674163180093009,0.8556822000584979,0.7298411492646426,0.8384528899028414,0.7436220937726192,0.7458551295579654,0.8667524554537862,0.7462316928639651,0.8631303393551478,0.7455904652865815,0.7474724463592352,0.7807456707120384,0.7245524126208772,0.8311165142923805,0.8493314947457226,0.8835748882944189,0.7773410494869095,0.7491117026553255,0.7474724463592355,0.8281525898621689,0.7144554774494783,0.7763952869327264,0.7803517138764495,0.7317043664579318,0.7743671826904177,0.849991559604656,0.7497626715215019,0.7435835593451718,0.7462316928639663,0.8591697713003638,0.7853037502980024,0.731277254865507,0.7436220937726185,0.7491117026553256,0.8267234701172185
804c935b9a7e5604,0.8023688568938006,0.7117190664348914,0.8004300661022876,0.8957730527222549,0.7126943621040784,0.8514312791762824,0.7233563131629459,0.8996711590275552,0.704568477339502,0.8614599947786421,0.7104038360451443,0.8957394982273164,0.8927583380081188,0.8614198312554098,0.899640502547464,0.8996687859522499,0.8999945988455327,0.8740008574295637,0.8999945988455318,0.7298363483587045,0.819751981622588,0.8005020019414026,0.8996403052598401,0.8650204580195695,0.8953467340600081,0.897580730777245,0.8005020019414026,0.8059914889206028,0.8614030031925883,0.872678429885464,0.8005020019414029,0.8931280476410652,0.8922530636923351,0.8538436961870604,0.8726522021868788,0.7313930110764087,0.8934670336579927,0.744832301664689,0.8726784298854631,0.861459994778643,0.8975807307772448,0.892884524792547,0.8025779409283833,0.8957394982273168,0.7913031601675344,0.8957394982273164,0.7201181604482695,0.8664139407419762,0.7221638364979119,0.8953512149969165,0.7375594949363609,0.8004300661022872,0.8996687859522497,0.8683475281092556,0.8928845247925469,0.8975807307772452,0.8999999649743134,0.8928845247925465,0.8996687859522496,0.7450447853260965,0.7190330940297808,0.8999945988455325,0.80123194982595,0.8903645759908838,0.8953467340600076,0.8004934640632313,0.7409262557196042,0.858604954478853,0.8922313329746601,0.854073335549919,0.6864062300624488,0.8589925207565523,0.8996403052598401,0.8593166568281663,0.7225630782958028,0.8919687069634188,0.8037384895599328,0.895773052722255,0.7409262557196041,0.7543289303714107,0.872652202186879,0.8087999201397076,0.8996403052598401,0.8907782994277741,0.7448323016646891,0.8538277330311909,0.8593166568281663,0.8145198222137713,0.8614198312554091,0.8906114197345123,0.895773052722255,0.7298411492646393,1.0,0.7942102911974721,0.8448472477166661,0.8999951985545871,0.8933960328001442,0.8674153880372305,0.8919854761091932,0.8004300661022876,0.872678429885463,0.8065036517996916,0.8614198312554091,0.8593166568281663,0.8999951985545871,0.8738590923365284,0.7412558014057404,0.7857269454278403,0.7412558014057407,0.7450447853260969,0.892253063692334,0.8928869964247537,0.8023688568937773,0.8936081410627293,0.7973093700330411,0.864041398221213,0.8928869964247536,0.7172784153438705,0.9000000000000001,0.8920703998365639,0.8740008574295633,0.7202369701964132,0.8020072220781821,0.8131969978513762,0.8592055827056743,0.7208453782712101,0.7933233688193033,0.8933998669824699,0.8925223582536764,0.8996711590275547,0.852018912386714,0.7339062627800771,0.7405391522487357,0.8633208482681429,0.8611665252984599,0.8928389171759364,0.8922530636923339,0.7352782788728545,0.8935022229657413,0.8999999649743138,0.8922313329746602,0.8020153299915568,0.8905316663202631,0.892785062687188,0.7870200709894293,0.863377578418737,0.8688812325045522,0.7409262557196038,0.8996405025474642,0.8999999649743138,0.7828971851568822,0.744832301664689,0.7412558014057408,0.8603302118048309,0.893247805882724,0.8600816260831932,0.8999951985545871,0.8740008574295632,0.8614599947786431,0.7560928791194187,0.8023688568937775,0.7975399557432155,0.8204508076191854,0.8999999999999999,0.8665419814083709,0.8953512149969167,0.8922313329746601,0.7081011349650439,0.8020072220781822,0.7693704035295202,0.8928869964247539,0.8592055827056744,0.890896862516514,0.7450447853260969,0.8616703524309166,0.7896916608948876,0.8104857438597539,0.8933369860601519,0.873859092336528,0.8592055827056744,0.8674799209187214,0.8975807307772447,0.8924240264225811,0.8922290549169563,0.8996405025474642,0.8932275502867815,0.7498436608056982,0.8726522021868787,0.8953467340600076,0.802007222078182,0.8131900939698993,0.8890988779601777,0.899671159027555,0.8953512149969166,0.8738590923365279,0.856604741463975
8108ac6754cc0ec6,0.7898969778407354,0.8844496951039074,0.789312769783906,0.8065542433209403,0.8648435361039605,0.8823150195218046,0.8796879941316965,0.7966177827479902,0.8746421168033548,0.8130380936862602,0.8811827500815563,0.8065445767456949,0.8304853595537578,0.8130083656314427,0.7969408452332145,0.7966233103110237,0.7937988488084479,0.8108984829828029,0.79379884880845,0.8659818977957766,0.8806893584354002,0.7894435210791728,0.7969324601214463,0.8627215152898525,0.806995466979319,0.7796153964244918,0.7894435210791755,0.8784592595706153,0.8672604598157039,0.8109002212133586,0.789443521079175,0.8280644653051747,0.8113313500724314,0.8717586698561437,0.8108299564967038,0.8663803527571894,0.828284288090671,0.7682291157756022,0.8109002212133538,0.8130380936862592,0.7796153964244896,0.8112374503745833,0.8782336645743634,0.8065445767456965,0.8806585419006508,0.806544576745695,0.8789377178242956,0.8750718062793613,0.8632554294870217,0.8070365142535106,0.8689920312394085,0.7893127697839083,0.7966233103110245,0.8634496684531201,0.8112374503745827,0.77961539642449,0.7942292372302031,0.8112374503745825,0.7966233103110246,0.7683515624623403,0.870123071625644,0.79379884880845,0.8783265147574064,0.8324311213821831,0.8069954669793246,0.8810979899542029,0.7648891528774107,0.8833146436091436,0.8113023472939405,0.8682427434362883,0.8532828363035319,0.8791155993616113,0.7969324601214471,0.8118756909155633,0.8669921772580027,0.8340708534307276,0.8842019412768838,0.8065542433209415,0.7648891528774107,0.8750249630474731,0.8108299564967058,0.8952607427514441,0.7969324601214457,0.841638177314331,0.7682291157756036,0.8706169700033523,0.811875690915564,0.884927714892698,0.8130083656314413,0.8405704668510587,0.8065542433209405,0.8742430398865676,0.7942102911974721,1.0,0.8729261673488202,0.7938054730948472,0.8314923419696403,0.8633715712346435,0.8367355439974808,0.7893127697839075,0.810900221213354,0.8852612227321125,0.8130083656314413,0.8118756909155618,0.7938054730948475,0.8108196645382653,0.7651958966838086,0.8962009965915991,0.7651958966838089,0.7683515624623395,0.8113313500724296,0.8112491179108277,0.7898969778407098,0.8265177430149627,0.893719169513119,0.8652820739471061,0.8112491179108265,0.8671010074703182,0.7942102911974714,0.829473734332653,0.8108984829828045,0.8628100337257382,0.7896645187648642,0.8765113695409543,0.8117735202418409,0.8708647048409828,0.8802985573737563,0.8252722781650901,0.8331850352335054,0.7966177827479919,0.8843159047705925,0.8702299750015985,0.8714127546521396,0.8717333139061058,0.8670818782232831,0.8301273245878107,0.8113313500724297,0.8705547772262803,0.8261852524270656,0.794229237230202,0.8113023472939404,0.8836788418185959,0.8341767130002942,0.8334854705026229,0.8791119013952962,0.8697624835035822,0.8617893913007102,0.7648891528774114,0.7969408452332162,0.7942292372302029,0.892214612011822,0.7682291157756025,0.7651958966838088,0.8720408410548118,0.8274303246169308,0.8737750999847178,0.7938054730948477,0.8108984829828049,0.8130380936862598,0.8762237645444353,0.7898969778407101,0.8867413825889425,0.8795740416161951,0.7942102911974704,0.870961019432909,0.8070365142535121,0.8113023472939402,0.8622459036504071,0.7896645187648647,0.8745729673912008,0.811249117910828,0.8117735202418401,0.8349498824316082,0.7683515624623399,0.8669556875359148,0.8777347762475701,0.8888432353512781,0.8299398191401932,0.8108196645382658,0.8117735202418404,0.8678194017014592,0.779615396424491,0.8300643629936654,0.8381822242276535,0.796940845233217,0.8321668596415932,0.8704535693289147,0.8108299564967051,0.8069954669793247,0.7896645187648639,0.8791384674443974,0.8378322635606019,0.796617782747992,0.8070365142535134,0.8108196645382636,0.8718077819932795
83a6dd32b985d777,0.7946108961011594,0.8230479790001971,0.7933003667827045,0.8492357456179465,0.8511172581132789,0.8937021696832748,0.8224413539893888,0.8467556688803429,0.8297073259911527,0.8376212504058355,0.8246923546989302,0.8491925357549108,0.8734942972174183,0.8375574037139218,0.8468224524496064,0.8467654127514511,0.8447040614578234,0.8402699084752169,0.844704061457824,0.8506899929052993,0.8872957173108171,0.7933512964045071,0.8467980455796313,0.8904195513960633,0.8491049881617863,0.836021858810445,0.7933512964045084,0.8858352626706842,0.8923555114360817,0.8393969742049137,0.7933512964045085,0.8721249497970218,0.8512786734423096,0.8991267334425725,0.8393754638354071,0.8487198202641735,0.8690953091534264,0.7622001689467377,0.8393969742049107,0.837621250405835,0.8360218588104443,0.8517627540238398,0.8827893245699112,0.8491925357549118,0.8872668758073028,0.8491925357549113,0.8367885748178001,0.8867265460713161,0.854099746264275,0.8491162402415672,0.8539053741017325,0.7933003667827045,0.8467654127514522,0.8907772369435447,0.8517627540238396,0.8360218588104446,0.8448525258882316,0.851762754023839,0.8467654127514521,0.7624118187289566,0.8330586830761381,0.8447040614578238,0.8898402191499035,0.87638477294152,0.8491049881617891,0.8835830926041909,0.757911858532805,0.890189481392004,0.8512055720265932,0.8959383592280977,0.8418267720481168,0.8934982002862423,0.8467980455796316,0.8355305906343122,0.8332745973496842,0.8731677127163849,0.8781994047726437,0.8492357456179471,0.7579118585328051,0.8611036871472231,0.8393754638354083,0.8740638840430697,0.8467980455796311,0.8759633895455132,0.7622001689467379,0.8971322514370553,0.8355305906343125,0.8782476859714402,0.8375574037139192,0.8771340042806386,0.8492357456179466,0.8393379378531911,0.8448472477166661,0.8729261673488202,1.0,0.8446990171444699,0.8688196858159405,0.8914355999770325,0.874732544879163,0.7933003667827035,0.8393969742049112,0.8727337860285531,0.8375574037139194,0.8355305906343112,0.8446990171444699,0.8401165246623117,0.7583887173460682,0.8701847165362442,0.7583887173460682,0.7624118187289569,0.8512786734423089,0.8517878589731687,0.7946108961011369,0.8703474696257393,0.8800725062219084,0.8931402944214791,0.8517878589731681,0.8440141675739807,0.8448472477166655,0.8723245981271375,0.8402699084752178,0.8268265470546707,0.7942280264128563,0.8840946499229663,0.8353366367771922,0.8568541525885623,0.8703395726025589,0.8696066858051874,0.8727735045906474,0.8467556688803409,0.8902884295263219,0.8309595034464816,0.8357021011169706,0.8872373151967274,0.8927195789239599,0.8706964547818614,0.8512786734423088,0.8295502210739324,0.8701637042187473,0.8448525258882302,0.8512055720265929,0.871497042360748,0.8774311838906013,0.8720680646766328,0.8871768177018439,0.8895497489389591,0.8904701389059944,0.7579118585328053,0.8468224524496067,0.8448525258882307,0.8749392490925658,0.7622001689467377,0.7583887173460683,0.8872519714293672,0.8713907887407509,0.8911515955482754,0.8446990171444706,0.8402699084752174,0.8376212504058351,0.8597727714874266,0.7946108961011369,0.8772480117736146,0.8884041023990248,0.8448472477166651,0.891338952730576,0.8491162402415682,0.8512055720265927,0.8502768027127037,0.7942280264128566,0.8824081802407422,0.8517878589731691,0.8353366367771918,0.878545718102388,0.762411818728957,0.8970437119082928,0.8854780395982105,0.8830607765234504,0.8707963402324733,0.8401165246623111,0.8353366367771915,0.8876898064773145,0.8360218588104442,0.8749585684077503,0.8733321836998389,0.8468224524496072,0.8709994810792403,0.8562399832897131,0.8393754638354076,0.8491049881617893,0.7942280264128565,0.8870363758150273,0.8813379293985709,0.8467556688803414,0.8491162402415677,0.8401165246623111,0.8882723936110054
876cf2bff6f0e4a7,0.8014991489317445,0.7110903794518431,0.7995315491269732,0.8955815612341745,0.7124219337043198,0.85121279989743,0.7228454802268796,0.8996975873349595,0.7039455642771398,0.8610418114249727,0.7097550455222477,0.8955466528409204,0.8927666506678003,0.8609998026596763,0.899660554523801,0.8996955341270676,0.8999999545964953,0.873541054453602,0.8999999545964948,0.7293308544038133,0.8195639946777837,0.7996049933852957,0.8996602670868801,0.8649163095147813,0.8951343841759625,0.897732623698656,0.799604993385296,0.8056809391590347,0.8613742855643394,0.8721902225944768,0.7996049933852964,0.8931581722312076,0.8920884776062581,0.8537026737284161,0.8721632217269196,0.730869489335676,0.8935166589884024,0.7438996276615466,0.8721902225944761,0.8610418114249732,0.8977326236986557,0.8927330953821142,0.8022328355226928,0.8955466528409202,0.7910816038391046,0.8955466528409199,0.7194506158991392,0.8663166342152988,0.7216682082793027,0.8951391856894166,0.7371338390952407,0.7995315491269734,0.8996955341270679,0.8682968189148362,0.8927330953821138,0.8977326236986558,0.8999952576593344,0.8927330953821137,0.899695534127068,0.7441162854278899,0.7185089653803127,0.8999999545964948,0.8009406009017002,0.8904470956145509,0.8951343841759627,0.8003188200957146,0.73997774499032,0.8584189269796911,0.8920663698417667,0.8540601655987036,0.68591349294208,0.8587811864162695,0.8996602670868805,0.8588785467781084,0.722034191990325,0.8919659234017652,0.8034243893556392,0.8955815612341742,0.73997774499032,0.7539306115526138,0.8721632217269198,0.8085117785121343,0.8996602670868805,0.8907503673120591,0.7438996276615469,0.8537489916861105,0.8588785467781077,0.814254940155461,0.8609998026596752,0.8905915682239626,0.895581561234174,0.7292603383608365,0.8999951985545871,0.7938054730948472,0.8446990171444699,1.0,0.8934430020915629,0.8673484347026532,0.8919743098668692,0.7995315491269737,0.8721902225944766,0.8061014332669696,0.8609998026596752,0.8588785467781075,0.9000000000000001,0.8733968467365203,0.7403100980918174,0.7852775295061509,0.7403100980918176,0.7441162854278898,0.8920884776062581,0.8927364227256958,0.8014991489317218,0.8936708397115365,0.7968705088303966,0.863915602182342,0.8927364227256953,0.7169282864499857,0.8999951985545872,0.8921489698119803,0.8735410544536026,0.7197023535721352,0.8011335951928499,0.8129389439057,0.8587663994226493,0.7204786060358208,0.7929593214096193,0.8934636412754261,0.8925406664476425,0.8996975873349593,0.8517849465868679,0.7332580359792198,0.740071943684036,0.8631308143935542,0.8610051904258454,0.8928733739560359,0.8920884776062582,0.7346643118256705,0.8935619881096777,0.8999952576593349,0.892066369841767,0.8015657721379845,0.8905796224972355,0.8927565923234393,0.7866898261237459,0.8632570068396846,0.8688247791450499,0.7399777449903197,0.8996605545238013,0.8999952576593351,0.7824693079436711,0.7438996276615469,0.7403100980918174,0.8600958269915635,0.8932822246552503,0.8599355949307094,0.8999999999999999,0.8735410544536027,0.8610418114249734,0.755753369370365,0.8014991489317217,0.7972058985395815,0.8202379143023191,0.8999951985545871,0.8664112922730416,0.895139185689417,0.8920663698417668,0.7075764067782038,0.8011335951928498,0.7690458550144728,0.892736422725696,0.8587663994226491,0.8909196655241376,0.74411628542789,0.861563136980247,0.7895568773581496,0.8101452145435263,0.8933689078377733,0.8733968467365202,0.858766399422649,0.8673919462564277,0.8977326236986558,0.8924650438117518,0.8922307998265151,0.8996605545238012,0.8932252493233381,0.7494297463580534,0.8721632217269194,0.8951343841759627,0.8011335951928495,0.8129581227479905,0.8891144894415928,0.8996975873349597,0.8951391856894167,0.8733968467365195,0.8564252426391399
89166736d2c6c401,0.7929053128771986,0.7594891253811591,0.7908953228052586,0.8882918362646188,0.7613822368288985,0.8750378582962635,0.770990527227281,0.8937827518666515,0.752168416241754,0.8548653642212188,0.7566129158059649,0.8882390085754304,0.8979185025306522,0.8547955081691789,0.8936919474583337,0.893788713022019,0.8934510315703932,0.8652258971386949,0.8934510315703927,0.7714819722259358,0.850344253851851,0.7910098352946794,0.8936835273949238,0.8820013709351868,0.8877437910570483,0.8916880990830288,0.7910098352946799,0.837160454946853,0.8826357097777893,0.863777178212057,0.7910098352946797,0.8982025197082059,0.8860208223358069,0.875244597270094,0.8637230139067749,0.7718176705882428,0.89912661934054,0.738968629394009,0.8637771782120546,0.8548653642212188,0.891688099083028,0.8867937752896529,0.8332604218693684,0.8882390085754313,0.8284255087443508,0.8882390085754309,0.7658877269615592,0.887822423214101,0.7644278190200189,0.8877652538736305,0.7792919278144953,0.7908953228052573,0.8937887130220203,0.8862525521132188,0.8867937752896526,0.8916880990830283,0.893403446460298,0.8867937752896523,0.8937887130220205,0.7392252649616571,0.7634831684345549,0.893451031570393,0.833484951902585,0.8980348290652429,0.8877437910570505,0.836208150649024,0.7347550657346708,0.8813155130076527,0.8859797122196809,0.877035979388298,0.7349666013228705,0.8810342698047411,0.893683527394924,0.8524621525013472,0.7678577579730579,0.8974802933184662,0.8383797251085611,0.888291836264619,0.7347550657346713,0.7959478328556298,0.8637230139067755,0.845045086257505,0.8936835273949232,0.8984709721219042,0.738968629394009,0.8767447526559755,0.8524621525013474,0.8470248242502725,0.854795508169178,0.8984758325347104,0.8882918362646189,0.774382405855875,0.8933960328001442,0.8314923419696403,0.8688196858159405,0.8934430020915629,1.0,0.8852950908914272,0.8991360764195293,0.7908953228052572,0.8637771782120546,0.8363644640125258,0.8547955081691782,0.8524621525013463,0.8934430020915631,0.8650536754998535,0.735150583237756,0.8225237055986747,0.7351505832377563,0.7392252649616573,0.8860208223358066,0.8868146814973691,0.7929053128771764,0.8986910625724053,0.8331955820002415,0.8821909296360098,0.8868146814973685,0.7648206469577967,0.8933960328001438,0.8987632281919924,0.865225897138696,0.7596634997765921,0.7925046242233661,0.842202074389642,0.8523155790253651,0.7689795173428982,0.8244183763559705,0.8986998949911247,0.8987456660957904,0.8937827518666501,0.8751167286642011,0.7708034349614491,0.7828395745998389,0.881307429636224,0.8793560078889195,0.898996614024881,0.886020822335806,0.7732874082616963,0.8985237007726,0.8934034464602968,0.8859797122196807,0.8309303208405633,0.8981556447411865,0.897586124027387,0.8216081757757523,0.8838640255491708,0.8870882492419532,0.7347550657346711,0.8936919474583342,0.8934034464602973,0.8206827020909697,0.7389686293940092,0.7351505832377561,0.8777034657576025,0.8978656519639361,0.8807402921674276,0.8934430020915635,0.8652258971386957,0.854865364221219,0.7970877034703548,0.7929053128771764,0.8320134980169412,0.8515081334883138,0.8933960328001438,0.8866381765431505,0.8877652538736309,0.8859797122196804,0.7524397374229985,0.7925046242233663,0.8075808117368777,0.8868146814973693,0.8523155790253649,0.8979050791974138,0.7392252649616567,0.8810076006126403,0.8270803421619881,0.844467535514646,0.8994155139981845,0.8650536754998532,0.8523155790253647,0.8867173499685592,0.8916880990830276,0.8983458803346642,0.8995111184854799,0.8936919474583347,0.8983797719224889,0.7885547286597727,0.8637230139067751,0.8877437910570507,0.792504624223366,0.8441286441096278,0.89724972567393,0.8937827518666506,0.8877652538736307,0.865053675499853,0.8755021411947084
8c1185b5902862f9,0.7951514367027099,0.8078576801792545,0.7936111724607591,0.8673376147484892,0.8224427346784018,0.8911492220919703,0.8117604567638468,0.8682847216992831,0.8086551450352125,0.8428120983822734,0.8077543390880326,0.8672912325700594,0.8891840240108926,0.8427342991450344,0.868251835230693,0.8682947343449977,0.8673544799407975,0.8514657393527726,0.8673544799407964,0.837006424279057,0.8854236852115199,0.7936870015827203,0.8682341449743343,0.895687165156908,0.8670333057211723,0.8617691218121528,0.7936870015827197,0.880189396324427,0.8934606879331073,0.850360749549214,0.7936870015827202,0.8886704147749738,0.8663279229386762,0.8944536260596518,0.85032785347116,0.8357316777815094,0.8870930904259492,0.7471495802272912,0.8503607495492125,0.8428120983822738,0.8617691218121531,0.8670206175006756,0.876463593722473,0.8672912325700587,0.8690816298963406,0.8672912325700584,0.8193521713962868,0.8922831857882629,0.8256329149598558,0.8670482445637313,0.8443984348617378,0.7936111724607592,0.868294734344998,0.8979626430075471,0.8670206175006757,0.8617691218121533,0.8674214819528742,0.8670206175006762,0.8682947343449978,0.7474033066094635,0.8238089845003478,0.8673544799407968,0.8736888131322283,0.8888178563584006,0.8670333057211717,0.8708983655153255,0.7427280080016294,0.8915366555854721,0.8662678359708502,0.8929083541422969,0.8049693987969142,0.8943678585752126,0.8682341449743347,0.8404233460787052,0.8269198215713986,0.8885632978420328,0.8771285998715295,0.8673376147484891,0.7427280080016294,0.8523267253968175,0.8503278534711601,0.8695316149772102,0.8682341449743349,0.8885327189021703,0.7471495802272918,0.893120389781982,0.8404233460787047,0.8794056102927654,0.8427342991450342,0.8895049771896848,0.8673376147484887,0.8226874941945803,0.8674153880372305,0.8633715712346435,0.8914355999770325,0.8673484347026532,0.8852950908914272,1.0,0.8888722263024618,0.7936111724607599,0.8503607495492123,0.8714929151416574,0.8427342991450344,0.8404233460787054,0.8673484347026534,0.8513076226745842,0.7431709496599497,0.8579328924864492,0.7431709496599501,0.7474033066094635,0.8663279229386762,0.8670489908341281,0.7951514367026873,0.8874734979689343,0.869356017085603,0.8984432631071847,0.8670489908341282,0.8199915943857201,0.8674153880372308,0.8869349278585956,0.8514657393527716,0.818435049002582,0.7947726345919112,0.8798778822294115,0.8402482925933621,0.8288056005225753,0.8652174326448987,0.8871520017880019,0.8890806990515705,0.8682847216992835,0.8887959789547901,0.8242383858457544,0.8332100508997722,0.8938838195285894,0.8967588319455999,0.8884859654191517,0.8663279229386761,0.8255126731506717,0.888305850772775,0.8674214819528752,0.8662678359708506,0.8674146171862396,0.8892519808478729,0.8875412972411296,0.8669912094016885,0.8975836168614835,0.8982983547944245,0.7427280080016285,0.8682518352306918,0.8674214819528747,0.8601744735881321,0.7471495802272914,0.7431709496599499,0.8915537921275933,0.8875423697183782,0.8963009160751757,0.8673484347026531,0.851465739352772,0.8428120983822737,0.8518508754064095,0.7951514367026872,0.8727410755318239,0.8867711219592997,0.8674153880372311,0.8949420379766762,0.8670482445637311,0.8662678359708506,0.8184153815613862,0.794772634591911,0.8572216158015739,0.867048990834128,0.8402482925933626,0.8902476332168576,0.7474033066094632,0.8958718341832463,0.8678296808681958,0.8747820376803861,0.8865351239964234,0.8513076226745842,0.8402482925933623,0.8966616795557908,0.8617691218121528,0.8885119141559219,0.887619960468548,0.8682518352306916,0.8876938879694105,0.8461289474721656,0.8503278534711599,0.867033305721171,0.7947726345919109,0.8856379997606194,0.8911597514896035,0.8682847216992837,0.8670482445637308,0.8513076226745836,0.8921164343173544
8c694262d6c40228,0.7960959517853574,0.7664715314197423,0.794297863359171,0.8877559443569819,0.7695828556307169,0.880298573056262,0.7750744103640637,0.8922377611715042,0.7636162447225849,0.8555021377797495,0.7656802680148987,0.8877076130665171,0.8987686176642761,0.8554438032436833,0.8921765871923051,0.892241748415162,0.8919806006955074,0.86587484687273,0.8919806006955073,0.782637592907963,0.8557371467680746,0.7943934656587455,0.8921659051254306,0.8857020973305376,0.8873314178425893,0.8894711095058534,0.7943934656587455,0.8453191376448472,0.8845411436390274,0.8645947742863147,0.7943934656587452,0.8988878298508047,0.8854118998565151,0.880390935157887,0.864551270967737,0.7826266368168344,0.8989002980213674,0.7438493204755279,0.8645947742863127,0.8555021377797494,0.8894711095058528,0.8861307091294501,0.8414407471671782,0.887707613066518,0.8353595105779964,0.8877076130665174,0.7767948249799179,0.8887844683272383,0.7758070047561616,0.8873482401406919,0.789619399559292,0.7942978633591706,0.8922417484151622,0.8889748999445971,0.8861307091294501,0.889471109505853,0.8919913399712207,0.8861307091294499,0.892241748415162,0.7440793628894431,0.7728462211322296,0.8919806006955073,0.8417179187099542,0.8981593214324262,0.8873314178425908,0.8405844222056231,0.7396489645807662,0.8840266953029338,0.8853666989757834,0.8801407539284986,0.7479926258278966,0.8856457676930372,0.8921659051254308,0.8531712243669347,0.7765509587212165,0.8984713719712527,0.8446249063417002,0.8877559443569825,0.7396489645807665,0.8043152642915664,0.8645512709677379,0.8478285775749603,0.8921659051254305,0.8992249031581705,0.7438493204755283,0.8805892729611002,0.8531712243669345,0.8518116676978384,0.855443803243682,0.8996759946507616,0.8877559443569825,0.7831273967403274,0.8919854761091932,0.8367355439974808,0.874732544879163,0.8919743098668692,0.8991360764195293,0.8888722263024618,1.0,0.7942978633591704,0.8645947742863128,0.842511778461174,0.855443803243682,0.853171224366934,0.8919743098668694,0.865711124086831,0.7400452509840589,0.8296631087294353,0.7400452509840589,0.7440793628894431,0.8854118998565147,0.8861463110305849,0.7960959517853342,0.8986665974507506,0.8414013321457691,0.886593274677931,0.8861463110305847,0.7711663605297852,0.8919854761091929,0.8982950385986512,0.8658748468727304,0.7702688297060987,0.7957100065969357,0.8489973862888234,0.8530203797039421,0.7781500617351793,0.8326925050679467,0.8986768239632408,0.8992001084281684,0.8922377611715032,0.8792961350886908,0.7806341587204451,0.7894538104601045,0.8846527920160936,0.8839800169771626,0.8991197317143731,0.8854118998565146,0.7813479020129009,0.8987924508709328,0.8919913399712207,0.8853666989757831,0.8385942810849718,0.8986561068567233,0.8984302477673396,0.8306960798862361,0.8870102939781257,0.8899134120906169,0.7396489645807665,0.8921765871923057,0.8919913399712209,0.8296026724715797,0.7438493204755279,0.7400452509840592,0.8821533236924344,0.8983021906659256,0.8845509985518087,0.8919743098668695,0.8658748468727301,0.8555021377797494,0.8045061140166846,0.7960959517853345,0.839047454936638,0.8573303393744283,0.8919854761091928,0.8897081979809325,0.8873482401406921,0.8853666989757831,0.764593354087312,0.7957100065969358,0.8176138038225256,0.8861463110305852,0.8530203797039422,0.8989867370066811,0.7440793628894431,0.8854362380362246,0.833078011735359,0.8506526598814181,0.8995038656706558,0.8657111240868307,0.853020379703942,0.8890156286117645,0.8894711095058527,0.8990691351923592,0.8994971436384465,0.8921765871923057,0.8986784644733783,0.7976706919833565,0.8645512709677373,0.8873314178425912,0.7957100065969354,0.8513017263076708,0.898699420799272,0.8922377611715038,0.8873482401406918,0.8657111240868303,0.8803318524846637
8c79f0886bfefeaa,0.8999432278659437,0.7523130365263306,0.8999999999999996,0.8347091380813094,0.7267285234749924,0.8009653787363387,0.7475588641133072,0.8016788362314509,0.7373942180328033,0.8748484921456892,0.7555476681668978,0.8348320518912464,0.7963406868840754,0.874924767902782,0.8027179155452593,0.8016563071083395,0.7994668989710481,0.8723997220984594,0.7994668989710481,0.7470849118897445,0.7824676004123495,0.8999977941289068,0.8027464589673552,0.8008606930314579,0.8362608922336472,0.7697089144913147,0.8999977941289072,0.7809168280122388,0.7898861552068885,0.8736928822827567,0.8999977941289082,0.7916369954510925,0.8403159903764984,0.7990458623967078,0.8737304823919685,0.7552274189136763,0.7890231701715119,0.8822295894530856,0.8736928822827552,0.8748484921456897,0.7697089144913145,0.8386492812099574,0.7871045754673276,0.8348320518912464,0.7669170448006968,0.8348320518912463,0.7460331505776218,0.7985134859154168,0.7521324022574603,0.8362360383775089,0.7464042436316233,0.8999999999999999,0.80165630710834,0.79554707217257,0.8386492812099571,0.7697089144913145,0.8004206755709982,0.8386492812099567,0.80165630710834,0.8821911652119562,0.7445408929796545,0.7994668989710485,0.783029423459217,0.7888511745831527,0.836260892233649,0.7706893607038794,0.8811451019641934,0.80577036917187,0.8403788101458469,0.7870662745649829,0.7215728928158429,0.7997362183982475,0.8027464589673553,0.8761159659732605,0.7333462044843794,0.7998219661271255,0.7740882451615959,0.8347091380813094,0.881145101964193,0.7458396099673317,0.8737304823919693,0.7850545701529204,0.8027464589673552,0.8014450833731778,0.8822295894530859,0.7905825963402864,0.8761159659732607,0.7783687883667607,0.8749247679027808,0.7977556407135729,0.8347091380813093,0.7465784794395649,0.8004300661022876,0.7893127697839075,0.7933003667827035,0.7995315491269737,0.7908953228052572,0.7936111724607599,0.7942978633591704,1.0,0.8736928822827552,0.7963347589487085,0.874924767902781,0.87611596597326,0.7995315491269737,0.8725322358558201,0.881180791534657,0.790165856291189,0.8811807915346572,0.8821911652119563,0.8403159903764975,0.838597245005176,0.8999432278659178,0.7901081391474867,0.7817085928702636,0.7974005528250385,0.8385972450051757,0.7336791086433809,0.8004300661022873,0.7878682297616602,0.8723997220984601,0.7548109405804968,0.8999552194401962,0.7872346298598877,0.8761838312178427,0.7325941488547011,0.7895195994975401,0.785773476456605,0.7948299817351974,0.8016788362314508,0.8087776347507819,0.768315012903969,0.742994660589736,0.8085869254414919,0.8034620933973402,0.7900081433197519,0.8403159903764976,0.7656959773606173,0.7885283756255692,0.8004206755709977,0.8403788101458468,0.7986786032776396,0.791602885614892,0.8014466953603021,0.7792004304835869,0.7937734291094721,0.7884060795352182,0.8811451019641929,0.8027179155452593,0.8004206755709982,0.7770481449638625,0.8822295894530858,0.8811807915346571,0.8123033812146757,0.7941902444894443,0.8010850306360062,0.7995315491269738,0.8723997220984601,0.8748484921456897,0.754770631630776,0.8999432278659177,0.7823262396447626,0.7740594118483288,0.8004300661022874,0.795693770726698,0.8362360383775091,0.8403788101458467,0.7457172217607897,0.8999552194401963,0.7634474252841987,0.8385972450051763,0.8761838312178423,0.7948470136171826,0.8821911652119563,0.7979408968882024,0.7630669916302687,0.7815807408036609,0.7895192173897219,0.8725322358558196,0.8761838312178423,0.7938757642729662,0.7697089144913144,0.7917291957636675,0.7973448887685486,0.8027179155452595,0.7979839972297771,0.7601035035071781,0.8737304823919688,0.836260892233649,0.8999552194401963,0.7787349480626138,0.7951382919171843,0.8016788362314509,0.8362360383775088,0.8725322358558194,0.8076971463240241
8e04b0b683325b64,0.8746041184808802,0.7470093471282047,0.8736928822827557,0.8898237522833048,0.7376241967618266,0.8464240659243224,0.7478161703522768,0.8730141723640505,0.7341673533962543,0.8947390041596905,0.7503481551468277,0.889876361605926,0.8663514077611794,0.8947726155832973,0.8735287641305236,0.8729995464654647,0.8721538868190128,0.8999552677873203,0.8721538868190131,0.7525335126719885,0.8211031089357567,0.8737277000859514,0.8735457330083637,0.8559012080865365,0.8904528139920961,0.8543904284789345,0.8737277000859514,0.811049373263902,0.8476776003541802,0.9000000000000017,0.873727700085952,0.8636024326313009,0.8907115058918689,0.8465815069851234,0.8999992930200379,0.7602485056071611,0.8625369539140788,0.8363363004404187,0.9000000000000001,0.8947390041596914,0.8543904284789345,0.8901917393860643,0.8144350868773051,0.8898763616059271,0.8005534785845433,0.8898763616059269,0.7463889687380486,0.8531245886401954,0.7505354385434768,0.8904471679099224,0.754908260499761,0.873692882282755,0.8729995464654652,0.8536016042498727,0.8901917393860642,0.8543904284789345,0.8726759083694096,0.8901917393860634,0.8729995464654652,0.8363825994729827,0.7437739244827647,0.8721538868190135,0.8092219158459408,0.8617773906849404,0.8904528139920955,0.8059261083984142,0.8337490447731049,0.8538348518162533,0.8907385920632811,0.8426233536412566,0.7186054892022048,0.8497091137288495,0.8735457330083638,0.8942650740421257,0.7401816572703321,0.8671797871870234,0.8058872055523234,0.8898237522833046,0.8337490447731046,0.7665410991614974,0.8999992930200378,0.8144028006747461,0.8735457330083637,0.8687187757739987,0.8363363004404188,0.8448006945187336,0.8942650740421256,0.8132523154720513,0.8947726155832962,0.8656371484989562,0.8898237522833043,0.7498238711855417,0.872678429885463,0.810900221213354,0.8393969742049112,0.8721902225944766,0.8637771782120546,0.8503607495492123,0.8645947742863128,0.8736928822827552,1.0,0.819491961912783,0.894772615583296,0.8942650740421254,0.8721902225944762,0.8999622127552505,0.8339057662893716,0.808676520121985,0.8339057662893719,0.836382599472983,0.8907115058918676,0.8901605798445367,0.8746041184808553,0.8637555314563296,0.8069600891825435,0.8508683332853546,0.8901605798445364,0.7428401613776856,0.8726784298854631,0.8620954026313616,0.8999552677873206,0.7503763261044502,0.8744474498066737,0.8222619097393666,0.8942550479621019,0.7461091529324262,0.8084179834290668,0.8613512531097995,0.8649264072429976,0.8730141723640493,0.8530281037642841,0.7665755865030197,0.7535579575937461,0.8567357732251215,0.8536818444063841,0.8627259553952085,0.8907115058918676,0.764338765033818,0.8621047103775927,0.8726759083694099,0.8907385920632815,0.8195018524240308,0.8634615420869068,0.8690597888470599,0.8007076346603464,0.8486952990756642,0.8500369319553949,0.8337490447731044,0.8735287641305234,0.8726759083694102,0.7972185771295154,0.8363363004404188,0.8339057662893715,0.8577477001062225,0.8662370263990933,0.8504689707119917,0.8721902225944762,0.8999552677873203,0.8947390041596914,0.7726338936764596,0.8746041184808553,0.8065559103110898,0.8167857360333038,0.872678429885463,0.8510020349571719,0.8904471679099231,0.8907385920632811,0.7412905867348567,0.8744474498066737,0.7841784036245737,0.8901605798445369,0.8942550479621023,0.8641502128880282,0.8363825994729829,0.8496729807509301,0.7968488101318177,0.8125845966326148,0.8626437185706086,0.8999622127552502,0.8942550479621021,0.8507468229950448,0.8543904284789343,0.8631849746144173,0.8669022546107442,0.8735287641305235,0.8672344154175717,0.7750082779564063,0.8999992930200378,0.890452813992096,0.8744474498066738,0.8129266314075847,0.8635651668984744,0.87301417236405,0.8904471679099224,0.8999622127552502,0.8521343206772425
8fcbc6f252ec2a30,0.796789053804724,0.8616062873991017,0.7963347589487093,0.8174908450872762,0.8519485342532129,0.8796713358974086,0.8581666478671299,0.8084944706307038,0.8576958476235954,0.8190289309591035,0.8592396910916403,0.8174879610581871,0.8411149935993697,0.8190185948199771,0.8088293166071685,0.8084927882411158,0.8060918186892294,0.8195347388789107,0.8060918186892294,0.8724463098301192,0.8858191453088047,0.7963745023080367,0.8088211943552645,0.8736750554189598,0.817929511136174,0.7927341009909918,0.7963745023080382,0.8867403131405924,0.8665184900360171,0.8194919619127856,0.7963745023080381,0.8393245374670371,0.8211297079105174,0.8733444820991172,0.8194762255298152,0.8702761122757248,0.8393120981429041,0.7692893118621337,0.8194919619127827,0.819028930959103,0.7927341009909907,0.8210435676142618,0.8843984112437839,0.8174879610581882,0.8762713667973765,0.8174879610581876,0.8628778275320046,0.8710633712942855,0.8569748575403705,0.8179398319605697,0.8725003010162697,0.7963347589487093,0.8084927882411164,0.8711660458228241,0.8210435676142616,0.7927341009909908,0.8065093533937718,0.8210435676142613,0.8084927882411164,0.7694012404647592,0.876702214173587,0.8060918186892301,0.8761085771987708,0.8386462221408277,0.8179295111361766,0.8735250666908477,0.7658981902437736,0.8781640596346986,0.821100438097639,0.8676391253630455,0.8418095479651515,0.877220434035457,0.8088211943552648,0.8178143575193633,0.8674125730212627,0.8463821540865469,0.887180262447469,0.8174908450872768,0.7658981902437736,0.8784805476943602,0.8194762255298162,0.882057111559122,0.8088211943552639,0.845555829153725,0.7692893118621343,0.8717989875481708,0.8178143575193637,0.8934781279850101,0.8190185948199761,0.8460367531968871,0.8174908450872761,0.8573977068800311,0.8065036517996916,0.8852612227321125,0.8727337860285531,0.8061014332669696,0.8363644640125258,0.8714929151416574,0.842511778461174,0.7963347589487085,0.819491961912783,1.0,0.8190185948199757,0.8178143575193622,0.80610143326697,0.8194675967795615,0.766209154631255,0.8813315081879001,0.7662091546312549,0.7694012404647594,0.8211297079105171,0.8210403981392674,0.7967890538047011,0.8368058734126378,0.8842239512620109,0.8750937518045583,0.8210403981392668,0.8531844639823329,0.8065036517996913,0.8356680322313179,0.8195347388789122,0.8753655380654237,0.7965757741880424,0.8865039419729258,0.8177100021907953,0.8616593998053111,0.8925522762536131,0.8354996975740727,0.8440100549077485,0.8084944706307025,0.8785168216557743,0.8839005513039969,0.8793567310969206,0.8854125508358925,0.8755145202022625,0.8395382084614308,0.821129707910517,0.8865495295065986,0.8365786705539714,0.806509353393771,0.8211004380976391,0.8968985952821396,0.8412507858792111,0.846244061960024,0.8757360909770894,0.8758050724314064,0.869567339969901,0.7658981902437739,0.8088293166071695,0.8065093533937712,0.8817164275151367,0.7692893118621345,0.7662091546312552,0.8849957452922962,0.83925010530009,0.8828181215776372,0.8061014332669701,0.8195347388789118,0.8190289309591028,0.878746867419768,0.7967890538047013,0.8943225355175597,0.8851444694171423,0.8065036517996911,0.869362519608255,0.8179398319605704,0.8211004380976392,0.8546634885609483,0.7965757741880428,0.8682629406367992,0.8210403981392679,0.8177100021907949,0.8420551117807664,0.7694012404647597,0.8693609115966667,0.8706240012026978,0.8794102647690114,0.8358696323960784,0.8194675967795612,0.8177100021907948,0.877385517953701,0.7927341009909912,0.8375779306902589,0.8425990161440685,0.8088293166071698,0.8451513699168463,0.8792943043931836,0.8194762255298156,0.8179295111361768,0.7965757741880426,0.8850581640664877,0.8442145809873671,0.808494470630702,0.8179398319605704,0.8194675967795606,0.8839931070157885
90075f0c455f5897,0.8761893628879244,0.7522156535071081,0.8749247679027815,0.8808781011963813,0.745877041343223,0.8449522121346977,0.7526518453007999,0.8642688043790366,0.741056413848204,0.8999995347467169,0.7560682232472903,0.880918278729196,0.8563927196902469,0.9000000000000005,0.8649241203950596,0.864260610711362,0.8609685784469349,0.8949767884150185,0.8609685784469345,0.7498039005163643,0.8185625733422932,0.8749533809175425,0.8649437288787543,0.8504644741402096,0.8813525055825284,0.8418819195833389,0.8749533809175429,0.8062271963518656,0.8441993918477788,0.8947726155832981,0.8749533809175432,0.8531232358683325,0.8878104412706053,0.8435913397750276,0.8947789308402638,0.7579390224284996,0.8525298798035958,0.8552414678547183,0.8947726155832961,0.8999995347467175,0.841881919583339,0.8869850064569225,0.8104700884425539,0.8809182787291959,0.8030482889509503,0.8809182787291956,0.7480095887098407,0.8488904926660759,0.7559400468154562,0.8813421148980382,0.753097707960563,0.8749247679027808,0.8642606107113624,0.8475866104801157,0.8869850064569222,0.841881919583339,0.8614149222473055,0.8869850064569219,0.8642606107113623,0.8553651434853293,0.7438495953770399,0.8609685784469342,0.809916917052876,0.8538214820345078,0.8813525055825289,0.808357894625764,0.8530825063311144,0.8508994022310248,0.887843945597456,0.8404545193663996,0.7262711330342284,0.8448377520913601,0.8649437288787549,0.8999407251145152,0.7358893008156897,0.8590580369941979,0.8003162245061572,0.8808781011963811,0.8530825063311148,0.7630302142787562,0.8947789308402637,0.8152709583958068,0.8649437288787548,0.8612239352329321,0.8552414678547187,0.8422868935168459,0.8999407251145153,0.8094459816012987,0.9000000000000004,0.8581292827293682,0.8808781011963811,0.7483216146293876,0.8614198312554091,0.8130083656314413,0.8375574037139194,0.8609998026596752,0.8547955081691782,0.8427342991450344,0.855443803243682,0.874924767902781,0.894772615583296,0.8190185948199757,1.0,0.899940725114515,0.8609998026596755,0.894959323119383,0.8532509703674795,0.8119621951091249,0.8532509703674797,0.8553651434853295,0.8878104412706048,0.8869700934632967,0.8761893628878993,0.8541468230406242,0.8061246216853681,0.8431695090721272,0.8869700934632965,0.7506026706136057,0.8614198312554091,0.8533907949073113,0.8949767884150187,0.7539582476355631,0.8759826401706652,0.8202162835175574,0.8999387017808473,0.7519360249784959,0.8098005221307476,0.8506526971717318,0.8555851371732892,0.8642688043790359,0.8514037619636152,0.7694120853294225,0.7515012324937527,0.8522681174485716,0.8468659224038305,0.8521337432644565,0.8878104412706047,0.7660248809272217,0.8516556756411385,0.8614149222473059,0.8878439455974564,0.8204565481397861,0.855481061203426,0.8608877775649414,0.803070033196025,0.8406592958146643,0.8418103543341995,0.8530825063311139,0.8649241203950595,0.8614149222473061,0.801078986202836,0.8552414678547189,0.8532509703674795,0.8545459871163771,0.8569888754777439,0.845059502184598,0.8609998026596755,0.8949767884150183,0.8999995347467173,0.7725143891581256,0.8761893628878992,0.8047433751840167,0.811185766693612,0.8614198312554087,0.8436847801515581,0.8813421148980385,0.8878439455974563,0.7478022140130255,0.8759826401706653,0.7879334478297525,0.8869700934632971,0.8999387017808476,0.8558336748243648,0.8553651434853298,0.8451453186276455,0.8005186706186266,0.8085864417888013,0.8522732490230658,0.8949593231193828,0.8999387017808473,0.8439012845693288,0.8418819195833389,0.8540333455458413,0.8586191532396588,0.8649241203950595,0.8583617320618853,0.7749830572560211,0.8947789308402638,0.8813525055825291,0.8759826401706652,0.8084340592541975,0.8558049506878305,0.8642688043790362,0.8813421148980382,0.8949593231193825,0.8491247539236885
90c9b65de5d2b741,0.8773395669262809,0.7519182323542598,0.8761159659732607,0.8793625204412903,0.7442086774213247,0.8433823303847837,0.7523703722844514,0.8622414127113402,0.7410534002488629,0.899940089692218,0.7559982098133462,0.8794043337985442,0.8540291885626383,0.8999407251145154,0.8629318583087714,0.8622332185438306,0.8588466781918322,0.894413732132127,0.8588466781918322,0.7485794613212888,0.8164798314914115,0.8761479464042272,0.8629515048061465,0.8482561414148567,0.8798760997163495,0.8393500211006701,0.8761479464042277,0.8044495435100762,0.8417880214467361,0.8942650740421274,0.8761479464042274,0.8507063916390905,0.8866178936653643,0.8415249023523139,0.8942702187428286,0.7567408425618178,0.850096865084482,0.8574721299616732,0.8942650740421254,0.8999400896922186,0.8393500211006694,0.8857149060356335,0.8087772207681627,0.8794043337985449,0.8010941704982334,0.8794043337985443,0.7477095391392397,0.8469591828725543,0.7551233390525938,0.8798662930153435,0.7517003395963519,0.8761159659732598,0.8622332185438311,0.8452286755308387,0.8857149060356331,0.8393500211006697,0.8593120018484144,0.8857149060356332,0.8622332185438313,0.8575954522726184,0.7431347569136215,0.8588466781918324,0.8083581652950902,0.8512674094115855,0.8798760997163501,0.8063130824639443,0.8554362621561742,0.8490797564039227,0.8866518899215728,0.8380176443975916,0.7253360364603632,0.8430191039551205,0.8629515048061465,0.9000000000000001,0.7347453572406795,0.8569245050153992,0.7985534995936343,0.8793625204412903,0.8554362621561743,0.7612487398753252,0.894270218742829,0.8140347261357841,0.8629515048061465,0.8590871961004305,0.8574721299616735,0.8399990384209504,0.9,0.8076728375845011,0.8999407251145148,0.8559853790335195,0.87936252044129,0.7476286262575119,0.8593166568281663,0.8118756909155618,0.8355305906343112,0.8588785467781075,0.8524621525013463,0.8404233460787054,0.853171224366934,0.87611596597326,0.8942650740421254,0.8178143575193622,0.899940725114515,1.0,0.8588785467781079,0.8943991565466495,0.855602180585967,0.8111213160521797,0.855602180585967,0.8575954522726184,0.8866178936653645,0.8856999525808669,0.8773395669262555,0.8516570994440469,0.8049911085734287,0.8409860777457243,0.8856999525808669,0.7491515337528003,0.859316656828166,0.8508427735088127,0.8944137321321273,0.7537568927868661,0.8771363621100771,0.8183259475879379,0.8999995186117437,0.7504161151882667,0.8088780561575564,0.8481016410527511,0.8532883804570868,0.8622414127113395,0.8498350681509199,0.7690592527379356,0.750358816563453,0.8504521234910823,0.8447704675138998,0.8497070826526261,0.8866178936653645,0.7655417228927449,0.8491747172272186,0.8593120018484147,0.8866518899215732,0.8194294861754987,0.8530117475710779,0.8587302188302128,0.8015174538438739,0.8384654313401029,0.839340640058307,0.8554362621561741,0.8629318583087715,0.8593120018484146,0.8002628216896612,0.8574721299616737,0.855602180585967,0.8528877927253267,0.8545805239649513,0.843130495883948,0.8588785467781077,0.894413732132127,0.8999400896922187,0.7708441764572935,0.8773395669262556,0.8033606727687422,0.8089663128682912,0.859316656828166,0.8415733143082711,0.8798662930153437,0.886651889921573,0.746894960459525,0.8771363621100768,0.7864096989646039,0.8856999525808671,0.8999995186117439,0.8534509869930653,0.8575954522726185,0.8430460740920434,0.798388851996395,0.8070524880042483,0.849859317476786,0.8943991565466494,0.8999995186117435,0.8416957897435231,0.8393500211006693,0.8516293735708103,0.8563471176720296,0.8629318583087714,0.8561146386591741,0.7735029102490159,0.8942702187428285,0.8798760997163501,0.877136362110077,0.8064817455964697,0.8534468524826142,0.8622414127113396,0.8798662930153431,0.8943991565466489,0.8475264753877576
9229eeb464de2ba1,0.8014991489317445,0.7110903794518433,0.7995315491269736,0.8955815612341744,0.71242193370432,0.8512127998974304,0.7228454802268798,0.8996975873349597,0.7039455642771398,0.8610418114249728,0.7097550455222474,0.8955466528409204,0.8927666506678003,0.8609998026596757,0.899660554523801,0.8996955341270678,0.8999999545964946,0.8735410544536022,0.8999999545964951,0.7293308544038132,0.8195639946777834,0.7996049933852967,0.8996602670868801,0.8649163095147813,0.8951343841759622,0.897732623698656,0.7996049933852962,0.8056809391590348,0.8613742855643396,0.8721902225944784,0.7996049933852958,0.8931581722312067,0.8920884776062581,0.8537026737284164,0.8721632217269196,0.7308694893356764,0.8935166589884023,0.7438996276615467,0.8721902225944761,0.8610418114249734,0.8977326236986561,0.8927330953821142,0.802232835522693,0.8955466528409202,0.7910816038391044,0.8955466528409199,0.7194506158991394,0.8663166342152988,0.7216682082793024,0.8951391856894169,0.7371338390952409,0.7995315491269737,0.899695534127068,0.8682968189148362,0.892733095382114,0.8977326236986561,0.8999952576593342,0.8927330953821138,0.8996955341270682,0.7441162854278898,0.7185089653803126,0.8999999545964954,0.8009406009017004,0.8904470956145512,0.8951343841759625,0.8003188200957149,0.7399777449903201,0.8584189269796911,0.8920663698417668,0.8540601655987035,0.6859134929420801,0.8587811864162697,0.8996602670868805,0.8588785467781082,0.722034191990325,0.8919659234017652,0.8034243893556396,0.8955815612341742,0.7399777449903201,0.7539306115526141,0.87216322172692,0.8085117785121345,0.8996602670868806,0.8907503673120589,0.7438996276615469,0.8537489916861107,0.8588785467781078,0.8142549401554608,0.8609998026596755,0.8905915682239629,0.8955815612341742,0.729260338360836,0.8999951985545871,0.7938054730948475,0.8446990171444699,0.9000000000000001,0.8934430020915631,0.8673484347026534,0.8919743098668694,0.7995315491269737,0.8721902225944762,0.80610143326697,0.8609998026596755,0.8588785467781079,1.0,0.8733968467365202,0.7403100980918174,0.7852775295061509,0.7403100980918176,0.74411628542789,0.8920884776062583,0.892736422725696,0.8014991489317218,0.8936708397115367,0.7968705088303966,0.8639156021823422,0.8927364227256955,0.7169282864499861,0.8999951985545872,0.8921489698119804,0.8735410544536027,0.719702353572135,0.8011335951928499,0.8129389439057,0.8587663994226493,0.7204786060358204,0.7929593214096193,0.8934636412754265,0.8925406664476427,0.8996975873349597,0.8517849465868679,0.73325803597922,0.7400719436840357,0.8631308143935544,0.8610051904258456,0.8928733739560362,0.8920884776062583,0.7346643118256705,0.8935619881096779,0.899995257659335,0.892066369841767,0.8015657721379849,0.8905796224972354,0.8927565923234394,0.7866898261237462,0.863257006839685,0.8688247791450503,0.73997774499032,0.8996605545238014,0.8999952576593351,0.7824693079436713,0.7438996276615469,0.7403100980918174,0.8600958269915637,0.8932822246552501,0.8599355949307095,0.9,0.8735410544536027,0.8610418114249734,0.7557533693703649,0.8014991489317218,0.7972058985395816,0.8202379143023193,0.8999951985545873,0.8664112922730416,0.8951391856894171,0.8920663698417668,0.707576406778204,0.8011335951928498,0.7690458550144728,0.892736422725696,0.8587663994226493,0.8909196655241376,0.74411628542789,0.8615631369802471,0.7895568773581496,0.8101452145435261,0.8933689078377733,0.87339684673652,0.8587663994226494,0.8673919462564278,0.8977326236986558,0.8924650438117521,0.8922307998265153,0.8996605545238014,0.8932252493233382,0.7494297463580535,0.8721632217269192,0.8951343841759625,0.8011335951928498,0.8129581227479911,0.8891144894415928,0.8996975873349599,0.8951391856894164,0.8733968467365196,0.8564252426391399
9238abfee02b9c7c,0.8735293351446806,0.7461832911096811,0.8725322358558193,0.8905483202542545,0.7378450425683317,0.8469258944168262,0.7472842417761474,0.8742903343729485,0.7333164338879676,0.8949304625426643,0.7494669746894672,0.8905976360740888,0.8675518635201093,0.894959323119384,0.8747878995511527,0.8742765138080606,0.8733618317131224,0.8999991584257931,0.8733618317131218,0.7521258716282759,0.8216902222291551,0.8725684069066741,0.8748047635547835,0.8567823485325053,0.8911203468244826,0.8559518354277662,0.8725684069066735,0.8112749104271538,0.8487333343309018,0.899962212755252,0.8725684069066741,0.8648464078963383,0.8915324775523019,0.8473207848442106,0.8999610259844639,0.7598347945858825,0.8638221070206829,0.8351068398007186,0.8999622127552505,0.8949304625426644,0.8559518354277663,0.8910489427731697,0.8145998370747092,0.8905976360740888,0.801011736544154,0.8905976360740886,0.7454184635512056,0.8539638584423309,0.7501107640719273,0.8911146984353279,0.7546984733815787,0.8725322358558198,0.8742765138080605,0.8546191728067463,0.8910489427731698,0.8559518354277665,0.8738564688154078,0.8910489427731696,0.8742765138080606,0.8351640876004207,0.7432468227978891,0.8733618317131221,0.809464560908236,0.863169876498125,0.8911203468244825,0.8065107337341222,0.8324681936705401,0.8544482667052824,0.8915588558183057,0.8437294763036185,0.7181765267051639,0.8502264733340845,0.8748047635547835,0.8943991565466493,0.7396695532289606,0.8683349003662785,0.8060828809861829,0.8905483202542541,0.83246819367054,0.7664116263488334,0.899961025984464,0.8146228506328342,0.8748047635547839,0.8698047465064842,0.8351068398007191,0.8457252980214764,0.8943991565466491,0.8135552936681412,0.8949593231193829,0.8667358332926318,0.8905483202542543,0.749111702655326,0.8738590923365284,0.8108196645382653,0.8401165246623117,0.8733968467365203,0.8650536754998535,0.8513076226745842,0.865711124086831,0.8725322358558201,0.8999622127552505,0.8194675967795615,0.894959323119383,0.8943991565466495,0.8733968467365202,1.0,0.8326319331296692,0.8084674297782,0.8326319331296697,0.8351640876004207,0.8915324775523019,0.8910199542123325,0.8735293351446554,0.8650963092057185,0.8067503368906779,0.8516653065808557,0.8910199542123323,0.7428351817880497,0.8738590923365284,0.8634693899990399,0.8999991584257927,0.7498192864046439,0.8733626345418094,0.8226683446657839,0.8943867059440866,0.7460689921275188,0.8084513599275527,0.8626766009147593,0.8661355557769339,0.8742903343729481,0.853507005025272,0.7657544172180897,0.7531854637679258,0.8573637268768765,0.8544077837564675,0.8639796109627231,0.8915324775523017,0.7636289739665458,0.8634230610593292,0.8738564688154085,0.8915588558183059,0.8193340982302831,0.864760244095743,0.8701507868874157,0.800848009664341,0.8494985078284724,0.8510053676361335,0.8324681936705398,0.8747878995511528,0.8738564688154085,0.7970376028250539,0.8351068398007189,0.8326319331296694,0.8582476479629757,0.867507452984921,0.8511929677348897,0.8733968467365203,0.8999991584257928,0.8949304625426646,0.7727192923242363,0.8735293351446554,0.8066749708087723,0.8172597012583737,0.8738590923365286,0.8517507798336139,0.891114698435328,0.8915588558183056,0.7407925054973572,0.8733626345418093,0.7843241825104585,0.8910199542123327,0.8943867059440871,0.8653709887434178,0.8351640876004207,0.8504975991278751,0.7975490937173099,0.8126652798000108,0.8638786518620559,0.9,0.8943867059440869,0.851618457875096,0.855951835427766,0.8644480845083744,0.8680676481975207,0.8747878995511527,0.8683977725290415,0.7749051396565028,0.8999610259844639,0.8911203468244826,0.8733626345418093,0.8133526283051474,0.8647710194046785,0.8742903343729485,0.8911146984353278,0.8999999999999999,0.8527668466177469
92a093fd894cbf93,0.8811350697925546,0.7395052978472443,0.8811807915346572,0.782664623164538,0.7171647157289058,0.7667378048093825,0.7301181927911018,0.7463622881315778,0.730464597534058,0.8531927314582625,0.7451187333299976,0.7827880526658787,0.7401473493231887,0.8532509703674804,0.7477476060909187,0.7463445273218685,0.7402459633484679,0.8324981851813942,0.7402459633484676,0.7188322747180766,0.7447813975915981,0.8811302150786434,0.7477808023982593,0.7560391517301104,0.7843251146618719,0.7060067342420253,0.8811302150786423,0.7430561342935248,0.7472893049600273,0.8339057662893732,0.8811302150786423,0.7339700157548625,0.7985820196813151,0.7610539328531929,0.8339733270226166,0.7282740735326894,0.7312549642287695,0.8999317803923657,0.8339057662893716,0.853192731458263,0.7060067342420251,0.7961477756744332,0.7518517313190458,0.7827880526658788,0.7430070309020127,0.7827880526658784,0.7290651878137457,0.7544692647821818,0.7412902041346291,0.7842852828977267,0.7169117386445643,0.8811807915346569,0.7463445273218688,0.7477782210689421,0.7961477756744332,0.7060067342420252,0.7412403913980732,0.7961477756744331,0.7463445273218688,0.8999321223829917,0.7204581276460872,0.7402459633484679,0.7566419148094217,0.735329259435471,0.7843251146618717,0.743858314907015,0.8999982564990483,0.7667581385214928,0.798660178891966,0.7478401678215043,0.7176102928724095,0.7584422712789534,0.7477808023982595,0.855602180585967,0.6997618282756987,0.7472836562073306,0.7328906205640378,0.7826646231645387,0.8999982564990481,0.7121323428425261,0.8339733270226166,0.7548943541839476,0.7477808023982595,0.7505200677751932,0.8999317803923657,0.7520924323838895,0.855602180585967,0.7387520475962629,0.8532509703674795,0.7469111639991699,0.7826646231645386,0.7218045527381616,0.7412558014057404,0.7651958966838086,0.7583887173460682,0.7403100980918174,0.735150583237756,0.7431709496599497,0.7400452509840589,0.881180791534657,0.8339057662893716,0.766209154631255,0.8532509703674795,0.855602180585967,0.7403100980918174,0.8326319331296692,1.0,0.7701741383348607,0.9,0.899932122382992,0.7985820196813149,0.7961064925851193,0.8811350697925293,0.7330850267809307,0.7541086892657272,0.7488504848460733,0.7961064925851195,0.7226220070885528,0.7412558014057404,0.7325334173497522,0.8324981851813938,0.7380634336231205,0.881137251813239,0.7531727104052978,0.8557021333030312,0.7200062223050029,0.7643702977361766,0.7267630636708732,0.7393463989247276,0.7463622881315773,0.773874646477337,0.7512465533259997,0.7110640242913033,0.7661899105883416,0.757513397684775,0.7315087699343255,0.7985820196813147,0.7441241915674404,0.7299525859999535,0.7412403913980735,0.7986601788919658,0.7736210281169221,0.7387469287306793,0.7491724619673479,0.757675497291276,0.7432712855253523,0.7367643898362662,0.899998256499048,0.747747606090919,0.7412403913980736,0.7589735045064893,0.8999317803923657,0.8999999999999998,0.7741168980787894,0.7387110463045309,0.7568620757643911,0.7403100980918172,0.832498185181394,0.8531927314582632,0.7255786580855781,0.8811350697925294,0.7498633477937995,0.7314744668207203,0.7412558014057404,0.7479805814009356,0.7842852828977267,0.7986601788919658,0.7385771156265795,0.881137251813239,0.7457654044378653,0.7961064925851195,0.8557021333030314,0.741921597581616,0.8999321223829918,0.7558117351213897,0.739652504272936,0.7456992492725933,0.7321074668731022,0.8326319331296694,0.8557021333030312,0.7446614582650923,0.7060067342420254,0.7366986246858978,0.7440993055929411,0.747747606090919,0.743477797918177,0.7341759633766558,0.8339733270226166,0.7843251146618715,0.8811372518132391,0.7386724795565278,0.7436404897834312,0.7463622881315772,0.7842852828977265,0.8326319331296692,0.769207988434975
92e27c764d6080bb,0.7906825526802037,0.8810707202578973,0.7901658562911904,0.8006112730597854,0.8617067595884531,0.8806511242346116,0.8706665517993468,0.7882652731544981,0.8792068995349223,0.8119846675068718,0.887255958402635,0.8006016093893322,0.8240730441804223,0.8119621951091274,0.7886809696802046,0.7882700046085787,0.7852711760568907,0.8085453296719639,0.7852711760568905,0.8668994990927922,0.8765067580464843,0.7903337472285329,0.7886708420224364,0.8602509705606911,0.801141243909104,0.7693128395267491,0.7903337472285352,0.8773922229227159,0.8585419282640707,0.8086765201219881,0.7903337472285343,0.8208672084216169,0.8061067867991882,0.867288665782227,0.8085847942482258,0.8697749245200496,0.8194099450157112,0.7729344072876643,0.8086765201219849,0.8119846675068716,0.7693128395267479,0.8058119564821673,0.8793362327957313,0.8006016093893337,0.8791167878398259,0.8006016093893331,0.8797009469237371,0.866906691764109,0.8610898911980533,0.8011947459419018,0.8673170620230012,0.79016585629119,0.7882700046085789,0.85776674534582,0.8058119564821666,0.7693128395267481,0.785751341703535,0.805811956482166,0.7882700046085789,0.7730328919164505,0.8693975702450788,0.7852711760568918,0.8747482948769495,0.8245362982572186,0.801141243909108,0.8723338817339105,0.7698734254475201,0.8779749441238585,0.8060754058194182,0.8626265920801526,0.8559968515659905,0.8752635119474761,0.7886708420224363,0.8111213160521806,0.8616965393360699,0.8282574051575177,0.8787973761665709,0.8006112730597857,0.7698734254475204,0.8703977952312374,0.808584794248228,0.8870847063842195,0.7886708420224353,0.8364119199067548,0.7729344072876648,0.866585460609371,0.8111213160521817,0.8767826545560842,0.8119621951091252,0.8345108295442334,0.8006112730597859,0.8683561268717066,0.7857269454278403,0.8962009965915991,0.8701847165362442,0.7852775295061509,0.8225237055986747,0.8579328924864492,0.8296631087294353,0.790165856291189,0.808676520121985,0.8813315081879001,0.8119621951091249,0.8111213160521797,0.7852775295061509,0.8084674297782,0.7701741383348607,1.0,0.7701741383348604,0.7730328919164505,0.8061067867991876,0.8058210780577507,0.7906825526801808,0.8186541024060514,0.8926256123140923,0.8613268585917384,0.8058210780577496,0.8575651398047056,0.7857269454278395,0.8201640448629977,0.8085453296719655,0.867739956532631,0.7904555407169211,0.8773478290199432,0.8110190030194033,0.8706464485728457,0.8828650580500047,0.8169971482105809,0.8260451715970448,0.7882652731544961,0.8841276589558607,0.8718086271338572,0.8620607844705825,0.8663932004326558,0.8647055371078787,0.8219107137923313,0.8061067867991872,0.8667508005762742,0.8182896163210587,0.7857513417035329,0.8060754058194178,0.8839037744564464,0.8269983468551845,0.8270702534427987,0.8771675228077931,0.8633037689062177,0.8553509493940984,0.7698734254475211,0.7886809696802062,0.7857513417035336,0.8943183287412,0.772934407287665,0.770174138334861,0.8694080266501563,0.8210126613927838,0.8696284705387309,0.7852775295061516,0.8085453296719647,0.8119846675068717,0.8725217946016562,0.790682552680181,0.884883812806696,0.8744510646094776,0.7857269454278387,0.8638640004150866,0.801194745941903,0.8060754058194178,0.8620091035599475,0.7904555407169215,0.8751323203970733,0.805821078057751,0.8110190030194031,0.8275485616045308,0.7730328919164505,0.8613558533247019,0.8738217537347208,0.8826552098971023,0.8214029803786982,0.8084674297781999,0.8110190030194027,0.8597917772989987,0.769312839526748,0.8221273241496059,0.8305067462326161,0.7886809696802071,0.8245075059312958,0.8733597002934217,0.8085847942482265,0.8011412439091088,0.7904555407169211,0.875896312833907,0.8312328145220004,0.7882652731544961,0.8011947459419029,0.8084674297781995,0.8705628032510382
93acf3499213f1f4,0.8811350697925548,0.7395052978472447,0.8811807915346572,0.7826646231645386,0.717164715728906,0.7667378048093825,0.7301181927911018,0.746362288131578,0.7304645975340585,0.8531927314582624,0.7451187333299973,0.7827880526658791,0.7401473493231887,0.8532509703674807,0.747747606090919,0.7463445273218685,0.7402459633484679,0.8324981851813943,0.7402459633484682,0.7188322747180769,0.7447813975915976,0.8811302150786434,0.7477808023982594,0.7560391517301109,0.7843251146618726,0.7060067342420255,0.8811302150786425,0.7430561342935245,0.7472893049600278,0.833905766289373,0.881130215078643,0.7339700157548633,0.7985820196813153,0.7610539328531929,0.8339733270226166,0.7282740735326896,0.7312549642287698,0.8999317803923658,0.833905766289372,0.853192731458263,0.7060067342420251,0.7961477756744333,0.751851731319046,0.782788052665879,0.7430070309020129,0.7827880526658788,0.729065187813746,0.754469264782182,0.7412902041346293,0.7842852828977269,0.7169117386445646,0.8811807915346571,0.746344527321869,0.7477782210689421,0.7961477756744334,0.706006734242025,0.7412403913980732,0.7961477756744331,0.746344527321869,0.8999321223829919,0.7204581276460875,0.7402459633484679,0.7566419148094219,0.735329259435471,0.7843251146618719,0.7438583149070154,0.8999982564990483,0.7667581385214929,0.7986601788919663,0.7478401678215045,0.7176102928724097,0.7584422712789538,0.74778080239826,0.8556021805859675,0.6997618282756989,0.747283656207331,0.7328906205640376,0.7826646231645388,0.8999982564990484,0.7121323428425264,0.8339733270226171,0.7548943541839479,0.7477808023982597,0.7505200677751933,0.8999317803923658,0.7520924323838899,0.8556021805859669,0.738752047596263,0.8532509703674793,0.7469111639991701,0.7826646231645388,0.7218045527381618,0.7412558014057407,0.7651958966838089,0.7583887173460682,0.7403100980918176,0.7351505832377563,0.7431709496599501,0.7400452509840589,0.8811807915346572,0.8339057662893719,0.7662091546312549,0.8532509703674797,0.855602180585967,0.7403100980918176,0.8326319331296697,0.9,0.7701741383348604,1.0,0.8999321223829921,0.7985820196813153,0.7961064925851196,0.8811350697925295,0.7330850267809308,0.7541086892657272,0.7488504848460733,0.7961064925851197,0.7226220070885532,0.7412558014057404,0.7325334173497526,0.8324981851813941,0.7380634336231211,0.8811372518132392,0.7531727104052978,0.8557021333030315,0.720006222305003,0.7643702977361768,0.7267630636708737,0.7393463989247275,0.7463622881315776,0.7738746464773371,0.751246553326,0.7110640242913031,0.7661899105883418,0.757513397684775,0.7315087699343255,0.7985820196813149,0.7441241915674406,0.7299525859999535,0.7412403913980736,0.7986601788919662,0.7736210281169222,0.7387469287306796,0.7491724619673481,0.757675497291276,0.743271285525352,0.7367643898362666,0.8999982564990482,0.7477476060909192,0.7412403913980736,0.7589735045064894,0.8999317803923658,0.8999999999999999,0.7741168980787895,0.738711046304531,0.7568620757643911,0.7403100980918175,0.8324981851813942,0.8531927314582632,0.7255786580855785,0.8811350697925295,0.7498633477937995,0.7314744668207203,0.7412558014057407,0.7479805814009355,0.7842852828977267,0.798660178891966,0.7385771156265792,0.8811372518132392,0.7457654044378653,0.7961064925851196,0.8557021333030315,0.7419215975816161,0.8999321223829921,0.75581173512139,0.739652504272936,0.7456992492725932,0.7321074668731025,0.8326319331296694,0.8557021333030312,0.7446614582650926,0.7060067342420254,0.736698624685898,0.7440993055929412,0.747747606090919,0.7434777979181773,0.734175963376656,0.8339733270226168,0.7843251146618719,0.8811372518132392,0.7386724795565283,0.7436404897834317,0.7463622881315777,0.7842852828977269,0.8326319331296694,0.7692079884349754
95dece9a246e1578,0.882195712786859,0.7418322137743566,0.8821911652119563,0.7859921667262988,0.7209229228609688,0.7702402988641899,0.7324091821174654,0.7501010213376329,0.7324669272736721,0.8553076052333972,0.7472038308731479,0.7861143060826761,0.7442968613150585,0.8553651434853293,0.7514526421903643,0.75008335693918,0.7440526116032034,0.8350329042954849,0.7440526116032034,0.7221508074245158,0.7489235676275516,0.8821365221115733,0.7514858988995261,0.7601836223421232,0.7876144027143268,0.7101228169193184,0.882136522111573,0.7468730616298686,0.7516338087528418,0.8363825994729858,0.8821365221115733,0.7381397350597069,0.8016447037002767,0.7650991073655036,0.8364519495535498,0.7316185878546514,0.7354234855230474,0.8999979123252855,0.8363825994729831,0.8553076052333972,0.7101228169193181,0.7992866497748259,0.7556405677076461,0.7861143060826761,0.7469965023585425,0.786114306082676,0.731383313662723,0.7582888306391349,0.7442560124819746,0.7875736356598535,0.7204441925759733,0.8821911652119562,0.7500833569391805,0.7520710631899954,0.7992866497748257,0.7101228169193183,0.7450289781961946,0.7992866497748256,0.7500833569391805,0.8999999999999999,0.7232284835868439,0.7440526116032034,0.7602824328800596,0.7396648743295975,0.7876144027143273,0.747957760109521,0.899927481549955,0.7705104543500765,0.801722580382932,0.7522273936335193,0.7206520235258538,0.7621756890137017,0.7514858988995261,0.8575954522726188,0.7029736310835085,0.7511822417112566,0.7366759326382316,0.785992166726299,0.8999274815499552,0.7159526852884597,0.8364519495535503,0.7581190903420714,0.7514858988995257,0.7544422510181115,0.8999979123252854,0.756328177135974,0.8575954522726184,0.7424955986266732,0.8553651434853293,0.7508337669159519,0.7859921667262989,0.7245524126208784,0.7450447853260969,0.7683515624623395,0.7624118187289569,0.7441162854278898,0.7392252649616573,0.7474033066094635,0.7440793628894431,0.8821911652119563,0.836382599472983,0.7694012404647594,0.8553651434853295,0.8575954522726184,0.74411628542789,0.8351640876004207,0.899932122382992,0.7730328919164505,0.8999321223829921,1.0,0.8016447037002769,0.7992456463596839,0.8821957127868334,0.7373392235858431,0.7572462477283126,0.752952619635912,0.7992456463596838,0.7261796122944189,0.7450447853260969,0.7368456004678479,0.8350329042954852,0.7402626004267074,0.8821940051040649,0.7571112303369651,0.8576940748740151,0.723578539823726,0.7672855849704612,0.7310473639605876,0.7434010037568392,0.7501010213376325,0.7773860866317426,0.7535818820966753,0.7142052192615056,0.7699086175864771,0.7615810125427529,0.7356836286626376,0.8016447037002766,0.7466092080948079,0.7341851459255978,0.7450289781961947,0.8017225803829323,0.7766252738553154,0.7430012543365372,0.7530901858662011,0.7613254870924564,0.7473728228196168,0.74110932172469,0.8999274815499546,0.7514526421903643,0.7450289781961945,0.7617943672743103,0.8999979123252854,0.8999321223829921,0.7776785777053423,0.7428884421744815,0.7607106572063196,0.74411628542789,0.8350329042954849,0.8553076052333978,0.7293700119263402,0.8821957127868336,0.7532699981784265,0.7356763940953468,0.745044785326097,0.7519884198320146,0.7875736356598535,0.8017225803829323,0.7416262197400669,0.8821940051040649,0.749381542662248,0.7992456463596839,0.8576940748740146,0.7460970392221766,0.8999999999999999,0.7598590956727014,0.7438365994950815,0.7492435553017822,0.736263765779917,0.8351640876004205,0.8576940748740145,0.7487423723076182,0.7101228169193184,0.7408716874194226,0.7481437313443433,0.7514526421903642,0.7474803834629666,0.7377530637998291,0.8364519495535498,0.7876144027143268,0.8821940051040649,0.742682614674758,0.7478092966323047,0.7501010213376322,0.7875736356598535,0.8351640876004203,0.7727219322625944
96b3b27a34945351,0.8420618866167859,0.7375519999203092,0.8403159903764975,0.8981950525161326,0.7362207467562123,0.8581355006967981,0.7448313401005835,0.8936812339727837,0.7291446140451351,0.8878429441132141,0.7385929633044196,0.898188644650749,0.8862022126733026,0.8878104412706064,0.893963460132237,0.8936782364461097,0.8920764186205496,0.8916302610317088,0.8920764186205482,0.7467831671066414,0.8287718975367047,0.8403747468370752,0.8939710282565725,0.8681124229629759,0.8981079112934255,0.8824654714987897,0.8403747468370748,0.8150218692494327,0.8635934000947078,0.8907115058918685,0.840374746837075,0.8850283303080781,0.9000000000000006,0.8589445182997131,0.8906971140965202,0.7510039201925731,0.885070735975267,0.801447693878445,0.8907115058918679,0.8878429441132147,0.8824654714987898,0.8999739686067696,0.8147454870196078,0.898188644650749,0.8057685819469029,0.898188644650749,0.7405545482756267,0.868358932060836,0.7457876227342415,0.8981067751488145,0.7532925716404864,0.8403159903764972,0.8936782364461099,0.8689646949383243,0.8999739686067696,0.88246547149879,0.892251128703748,0.8999739686067697,0.89367823644611,0.8016447037002762,0.7384660487364467,0.8920764186205483,0.8144716317382326,0.8840040102624538,0.8981079112934249,0.8134390087818384,0.7983066842974719,0.8645859858950835,0.8999998594351104,0.8578933344814623,0.7124484506780874,0.8621430762205192,0.8939710282565733,0.8866178936653641,0.736811480004226,0.8871018798744714,0.8113590527366077,0.8981950525161326,0.7983066842974722,0.766980527276014,0.8906971140965196,0.8209843313968299,0.8939710282565734,0.8872992345438523,0.8014476938784452,0.8583984535528877,0.8866178936653638,0.8215824764023748,0.8878104412706047,0.8859221276818654,0.8981950525161327,0.7459180559717858,0.892253063692334,0.8113313500724296,0.8512786734423089,0.8920884776062581,0.8860208223358066,0.8663279229386762,0.8854118998565147,0.8403159903764975,0.8907115058918676,0.8211297079105171,0.8878104412706048,0.8866178936653645,0.8920884776062583,0.8915324775523019,0.7985820196813149,0.8061067867991876,0.7985820196813153,0.8016447037002769,1.0,0.8999737123647239,0.8420618866167618,0.885903842958205,0.810091514425295,0.8642482054560248,0.8999737123647242,0.7407358738824533,0.8922530636923345,0.8847185416370182,0.8916302610317087,0.7437405859336593,0.8417483951231313,0.8254084078510142,0.8865481271838046,0.7432157140772894,0.8097719817487856,0.8842098407893703,0.8858708736618068,0.8936812339727827,0.8611131973216496,0.757703684115194,0.7539833550758712,0.867964815314015,0.8641114654168287,0.8845089217046602,0.8999999999999999,0.7573158992933512,0.8847640527936064,0.8922511287037487,0.89999985943511,0.8189358560106624,0.8847526300139146,0.8882318931776894,0.8032746311785923,0.862918970105385,0.8666431855754935,0.7983066842974715,0.893963460132237,0.8922511287037482,0.8000456884532231,0.8014476938784453,0.7985820196813151,0.8670839460037936,0.8868522137679165,0.8630341375980437,0.8920884776062579,0.8916302610317084,0.8878429441132145,0.7723516524773906,0.8420618866167621,0.8098731376362563,0.8257910753856942,0.8922530636923345,0.8657850915524532,0.8981067751488141,0.89999985943511,0.7340460814013191,0.8417483951231313,0.7867374271063513,0.899973712364724,0.8865481271838052,0.8851055029901126,0.8016447037002763,0.8641183679156317,0.8039863631976443,0.8184530180499741,0.884716045546571,0.8915324775523013,0.8865481271838048,0.8667356970838916,0.8824654714987894,0.8851892902805362,0.8869448757352408,0.8939634601322368,0.8874545898009595,0.7694192241497512,0.8906971140965196,0.8981079112934253,0.8417483951231313,0.8206206487881793,0.8841148779263677,0.8936812339727829,0.8981067751488135,0.8915324775523014,0.8628826973563753
9b0bc8a838d41199,0.8403744932224924,0.7369430642823935,0.8385972450051746,0.8983814926305813,0.7365022928193201,0.8583554213153137,0.7442723661849948,0.8942680779687782,0.728352706052716,0.8870034021396966,0.7378211295640601,0.8983735754322825,0.886986917839959,0.8869700934632966,0.8945262162542975,0.8942652174627481,0.8927249789889891,0.8911203466507139,0.8927249789889888,0.74672857610972,0.8292952831492991,0.838654903842708,0.8945336756543671,0.8687282970184047,0.8982643122072451,0.8834354849972299,0.8386549038427076,0.8153373917394828,0.8643870455455531,0.8901605798445373,0.8386549038427081,0.8858573717840175,0.899973712364724,0.859483513587809,0.8901463768657236,0.7509215254645043,0.8859175500984159,0.7990470414007418,0.8901605798445369,0.8870034021396972,0.8834354849972297,0.8999998807248537,0.814992618372655,0.8983735754322817,0.8062035166375285,0.8983735754322816,0.7399492087347521,0.8688556826138489,0.7454945998498627,0.8982630767957889,0.7533779196400433,0.8385972450051756,0.8942652174627488,0.8697025647085195,0.8999998807248537,0.8834354849972297,0.8928850019037541,0.8999998807248539,0.8942652174627488,0.799245646359684,0.7381160919578618,0.8927249789889891,0.8146671575251432,0.8849287085662063,0.8982643122072447,0.81396935464313,0.7958286612240655,0.8649713009073484,0.8999730307651388,0.8586953993371025,0.7122278748718063,0.8625313404146229,0.8945336756543678,0.8856999525808672,0.7367477372191759,0.8877347418083181,0.8116917156829018,0.8983814926305806,0.7958286612240657,0.7673020913294941,0.8901463768657235,0.8210195633278352,0.8945336756543681,0.887933344119173,0.7990470414007421,0.8590805107733487,0.8856999525808666,0.8219210296712668,0.8869700934632965,0.886566427056636,0.8983814926305806,0.745590465286583,0.8928869964247537,0.8112491179108277,0.8517878589731687,0.8927364227256958,0.8868146814973691,0.8670489908341281,0.8861463110305849,0.838597245005176,0.8901605798445367,0.8210403981392674,0.8869700934632967,0.8856999525808669,0.892736422725696,0.8910199542123325,0.7961064925851193,0.8058210780577507,0.7961064925851196,0.7992456463596839,0.8999737123647239,1.0,0.8403744932224682,0.8867829374357281,0.8100141184189298,0.8648657623749603,0.9000000000000001,0.740880883432716,0.8928869964247543,0.8856459998683047,0.8911203466507135,0.7430412822047425,0.8400576334097449,0.825774907315202,0.8856287539271144,0.7433634578265984,0.8095306237852702,0.8851357516836329,0.8866201866663984,0.8942680779687788,0.8613209883259564,0.7570454532624521,0.7539168287571856,0.8683155514332108,0.8646576872388071,0.8853513673481657,0.899973712364724,0.7567533764570344,0.8856456993047548,0.8928850019037551,0.8999730307651389,0.818718191096565,0.8856099574183911,0.8888670325066663,0.8034475176955095,0.8635591797632824,0.8674646405759813,0.7958286612240648,0.8945262162542967,0.8928850019037551,0.7997616250156645,0.7990470414007419,0.7961064925851193,0.8673183122727847,0.8876648782549568,0.863488913169997,0.8927364227256955,0.891120346650714,0.8870034021396974,0.7725965017613334,0.8403744932224682,0.8099471039051127,0.8264132558652417,0.8928869964247541,0.8663862264372969,0.8982630767957889,0.8999730307651388,0.7337929705450479,0.8400576334097447,0.7868956591340572,0.9000000000000002,0.8856287539271143,0.8859080292341126,0.7992456463596838,0.8646961461688636,0.8045666180601537,0.8186590012915385,0.8855569304168429,0.8910199542123326,0.8856287539271144,0.8673836657203682,0.8834354849972293,0.8860166604038413,0.8876773354127184,0.8945262162542965,0.8881571112669313,0.7695040803438757,0.8901463768657234,0.8982643122072445,0.8400576334097444,0.8210758000282592,0.8848962944717723,0.8942680779687788,0.8982630767957887,0.8910199542123316,0.8631067169836961
9c863e9731bbd0b7,0.900000000000026,0.7521108702363822,0.8999432278659174,0.8362751774930418,0.7273505696731817,0.8021164242497234,0.7476992510046562,0.8037503592708839,0.737081748179817,0.8761195985647826,0.7553678318703293,0.8363937158416397,0.7982307765726472,0.8761893628878993,0.8047759912248589,0.8037289768725702,0.8014362522165195,0.8734050689917565,0.8014362522165202,0.7470268617012075,0.7835544057746389,0.8999464317596882,0.8048044216222036,0.8023368599873721,0.8377620976294591,0.7719760790234944,0.8999464317596881,0.7816015090160147,0.7915564425311663,0.8746041184808555,0.8999464317596886,0.7935494026796506,0.8420618866167626,0.8003757375363341,0.874639237567095,0.7552540331680301,0.7909691130939002,0.8822193764820517,0.8746041184808554,0.8761195985647823,0.7719760790234939,0.8404234962146799,0.7877940839141175,0.8363937158416397,0.7678153400896239,0.8363937158416396,0.7455450143833787,0.8000764382665224,0.7521761937019829,0.8377382230461609,0.7465564676520027,0.8999432278659177,0.8037289768725708,0.7971707910988808,0.8404234962146797,0.771976079023494,0.8023597501904105,0.8404234962146797,0.803728976872571,0.8821957127868338,0.7444839160529839,0.8014362522165195,0.7838174730179233,0.7909386946630322,0.8377620976294592,0.7717741346441326,0.8810905023387,0.8070944136276293,0.8421239211013589,0.7887921993587442,0.7214894345621773,0.8008674617404805,0.8048044216222041,0.877339566926256,0.7331531193745178,0.8016852918309468,0.7747192330331312,0.8362751774930417,0.8810905023387001,0.7460053372598106,0.8746392375670955,0.7859701399460721,0.804804421622204,0.8032854709763252,0.8822193764820521,0.7920813449186943,0.8773395669262557,0.7790993080750327,0.8761893628878992,0.7995572045319146,0.8362751774930417,0.7463920500841285,0.8023688568937773,0.7898969778407098,0.7946108961011369,0.8014991489317218,0.7929053128771764,0.7951514367026873,0.7960959517853342,0.8999432278659178,0.8746041184808553,0.7967890538047011,0.8761893628878993,0.8773395669262555,0.8014991489317218,0.8735293351446554,0.8811350697925293,0.7906825526801808,0.8811350697925295,0.8821957127868334,0.8420618866167618,0.8403744932224682,1.0,0.7921314347118467,0.7820344767708616,0.7987751340554204,0.8403744932224682,0.7340573571773656,0.8023688568937776,0.7899321583695071,0.8734050689917564,0.7548200726613445,0.8999974861967495,0.7881235498116124,0.8774045994619971,0.7328673305586921,0.790157687540612,0.7877634468111286,0.7967262983452481,0.8037503592708846,0.8100090175686759,0.7678227663286344,0.7429270838111934,0.8098026051103342,0.8048071987870318,0.7919237854390031,0.8420618866167616,0.7653731706628562,0.790521888197119,0.802359750190411,0.8421239211013589,0.7989395456827391,0.7935767086127812,0.8031963391682735,0.7798137851231823,0.7951406218594816,0.7899420544729885,0.8810905023386997,0.804775991224859,0.8023597501904112,0.7774496607050965,0.8822193764820524,0.8811350697925293,0.8133563616882465,0.796140017103258,0.8024298630332387,0.8014991489317215,0.873405068991757,0.8761195985647823,0.7552500880724702,0.8999999999999999,0.7829809617467032,0.7749665666048566,0.8023688568937772,0.7970825109875159,0.8377382230461609,0.8421239211013589,0.7455848194101161,0.8999974861967495,0.7640552120409225,0.8403744932224684,0.8774045994619971,0.7967462106557558,0.8821957127868336,0.799396896428386,0.7642764969042694,0.7822341864238038,0.7914470674146231,0.8735293351446557,0.877404599461997,0.7953075013198005,0.771976079023494,0.7936844108293647,0.799242657847044,0.8047759912248591,0.7998210785162893,0.7603759628294322,0.8746392375670954,0.8377620976294594,0.8999974861967492,0.7796387519851855,0.7970296444614684,0.8037503592708846,0.837738223046161,0.8735293351446547,0.8089933901452478
9c927f6a3fcde5a4,0.7921314347118691,0.7517496743943636,0.7901081391474871,0.8885508331208085,0.7624402537100522,0.8734848816872609,0.7616070141173252,0.8939102776101847,0.7471179163300519,0.8542140385928213,0.7505792467937368,0.8885029847217242,0.8994494102405712,0.854146823040626,0.8937843384869667,0.893915325475232,0.8936765970070826,0.8652607878810958,0.8936765970070828,0.7759306131128345,0.853894755177626,0.7901963767654351,0.8937761621130446,0.8855710685361888,0.8879735995964199,0.8918352705373077,0.7901963767654362,0.8411844418089116,0.8826217271112373,0.8637555314563308,0.7901963767654359,0.8995629401071629,0.8859038429582056,0.8766195854603653,0.8637160147398111,0.7766836278302124,0.8995215732975566,0.7370874060608077,0.8637555314563296,0.8542140385928214,0.8918352705373072,0.8867639098944723,0.8376609919573992,0.8885029847217251,0.8297498584900524,0.8885029847217243,0.7610055754485032,0.8845300714498636,0.7645984676970585,0.887987481167843,0.7826752750895508,0.790108139147487,0.893915325475233,0.8888652637306991,0.8867639098944718,0.8918352705373074,0.893612446616855,0.8867639098944716,0.8939153254752331,0.7373392235858431,0.7636172517805611,0.8936765970070828,0.8342228278669528,0.8986305914629702,0.8879735995964227,0.8358170978814878,0.7326872281797912,0.8786872712472966,0.8858627318410262,0.8781925260527788,0.7365302849814765,0.8796531019745935,0.8937761621130449,0.851657099444048,0.767513509879898,0.8983502087809118,0.838856685388511,0.8885508331208094,0.7326872281797914,0.7989140450804202,0.8637160147398124,0.8389889712701093,0.8937761621130442,0.8977434517308278,0.7370874060608081,0.8779101677955492,0.8516570994440482,0.8469774391359285,0.8541468230406242,0.8979207510174569,0.888550833120809,0.769231708710193,0.8936081410627293,0.8265177430149627,0.8703474696257393,0.8936708397115365,0.8986910625724053,0.8874734979689343,0.8986665974507506,0.7901081391474867,0.8637555314563296,0.8368058734126378,0.8541468230406242,0.8516570994440469,0.8936708397115367,0.8650963092057185,0.7330850267809307,0.8186541024060514,0.7330850267809308,0.7373392235858431,0.885903842958205,0.8867829374357281,0.7921314347118467,1.0,0.8303144977247825,0.8850361468748519,0.8867829374357276,0.7634870008264977,0.8936081410627288,0.8988089343873722,0.8652607878810961,0.7610258348152665,0.7917408023073392,0.8471869144890529,0.8515095315940358,0.7698684599086222,0.8262093776979,0.8996783167050574,0.8992998180836744,0.8939102776101846,0.8731018167139122,0.7713162076901058,0.7815795604458695,0.8821165337699612,0.8825224133193357,0.8994166046739025,0.8859038429582046,0.7727105714012621,0.8995580443093131,0.8936124466168542,0.8858627318410257,0.8321819702639544,0.8987630897760401,0.8984184972517161,0.8233606885844649,0.884527755834148,0.889077830279921,0.7326872281797916,0.893784338486967,0.8936124466168546,0.8175793479019625,0.737087406060808,0.7330850267809307,0.8790596017505664,0.8996169493172221,0.8816718619426404,0.8936708397115368,0.8652607878810958,0.8542140385928217,0.8008645242880117,0.7921314347118464,0.832850149747669,0.8542857953623947,0.8936081410627285,0.885203141232465,0.8879874811678434,0.8858627318410255,0.7539422603345487,0.7917408023073396,0.8094571856540046,0.8867829374357283,0.8515095315940358,0.8985743316601794,0.737339223585843,0.881697842329554,0.8284731851812368,0.8414920676248006,0.8989083354799701,0.8650963092057183,0.8515095315940355,0.8871790855531947,0.8918352705373075,0.8986980881498257,0.8985308841543983,0.8937843384869676,0.8989480153137595,0.7941980523211422,0.8637160147398116,0.8879735995964229,0.7917408023073391,0.8472430853972122,0.898010124112417,0.8939102776101848,0.8879874811678434,0.8650963092057176,0.8770955829532165
9e723388a87475d9,0.7820344767708844,0.8748924989557636,0.7817085928702628,0.8068860696335309,0.8618745864239736,0.8866812308130521,0.8720054322462139,0.7990382972436254,0.8794346504516071,0.8061647572366653,0.8755012733609283,0.8068723775131941,0.835142618325922,0.8061246216853679,0.7993665633413627,0.7990461801980155,0.7968652545816213,0.8068386684354141,0.7968652545816212,0.8741052740975115,0.8832432909894059,0.781825237818909,0.799343918602703,0.8657210565832115,0.8073995961202094,0.7843751693914212,0.7818252378189086,0.8859739708502175,0.8671260568953824,0.8069600891825415,0.7818252378189083,0.833208616806449,0.8100915144252949,0.8775407205567075,0.8069034601835524,0.8715712348947466,0.8320407849094258,0.7571051813429759,0.8069600891825437,0.8061647572366659,0.7843751693914217,0.8099967586094687,0.8836306393644645,0.8068723775131927,0.882424819177912,0.8068723775131923,0.8861426584427617,0.8737914554227635,0.8734751095566959,0.8074329329204006,0.8772631119298484,0.7817085928702627,0.7990461801980162,0.8667188188717406,0.8099967586094687,0.7843751693914219,0.7973251183380679,0.8099967586094691,0.799046180198016,0.7572462477283128,0.8733759295793504,0.7968652545816207,0.8872333409100925,0.8350323908184561,0.807399596120208,0.8784852492660021,0.7537123364559913,0.8808699188472751,0.8100291328866974,0.869141757683493,0.8631286690953046,0.8844991606410253,0.7993439186027034,0.8049911085734289,0.873997320013389,0.8379753375426122,0.8902972752361964,0.8068860696335307,0.7537123364559914,0.8792972131660162,0.8069034601835523,0.8907255480057624,0.7993439186027038,0.8435982786536359,0.7571051813429768,0.873211621568069,0.8049911085734286,0.8872237863430632,0.8061246216853677,0.844804789530142,0.8068860696335307,0.881425222586963,0.7973093700330411,0.893719169513119,0.8800725062219084,0.7968705088303966,0.8331955820002415,0.869356017085603,0.8414013321457691,0.7817085928702636,0.8069600891825435,0.8842239512620109,0.8061246216853681,0.8049911085734287,0.7968705088303966,0.8067503368906779,0.7541086892657272,0.8926256123140923,0.7541086892657272,0.7572462477283126,0.810091514425295,0.8100141184189298,0.7820344767708616,0.8303144977247825,1.0,0.8716402314082543,0.8100141184189298,0.8616483077897643,0.7973093700330416,0.8316049183504486,0.8068386684354139,0.8646765983489736,0.7817825845315725,0.8786219022907913,0.8048310456502421,0.871670003665636,0.8828363937725059,0.8295292812086242,0.8372362720507303,0.7990382972436254,0.8835004295281397,0.8686115652572901,0.8728577382955691,0.8727618878631037,0.8722355493517728,0.8347518063807573,0.8100915144252951,0.8677290843629994,0.8310798613791666,0.7973251183380692,0.8100291328866978,0.8833995194205819,0.8375415259281461,0.8365422687293951,0.8859004742625438,0.874997528004249,0.8661812787751137,0.753712336455991,0.799366563341362,0.7973251183380687,0.8967512558278028,0.7571051813429762,0.7541086892657272,0.87349465547557,0.8311026959603902,0.8775838567522813,0.7968705088303958,0.8068386684354141,0.8061647572366659,0.8777078479374419,0.7820344767708616,0.8902549764040981,0.8841167547293818,0.7973093700330411,0.8761590140377038,0.8074329329204007,0.8100291328866975,0.8696606365379662,0.7817825845315725,0.8833362563908664,0.8100141184189293,0.8048310456502423,0.8397717741954631,0.7572462477283125,0.8740537651336815,0.8768049815032047,0.895039924908383,0.8344638088801997,0.8067503368906777,0.8048310456502422,0.8709036323694357,0.784375169391422,0.8355050373325466,0.8394018495314812,0.7993665633413614,0.8350509601930254,0.8714205509901813,0.8069034601835521,0.8073995961202075,0.7817825845315722,0.8864600916451485,0.8432759989844641,0.7990382972436255,0.8074329329204009,0.806750336890677,0.8751313559207334
9f02d0427e4dcff7,0.7987751340554434,0.810954540236788,0.7974005528250395,0.8654046079723103,0.8264993937948075,0.8921207126089765,0.8132590653104479,0.8646745695280034,0.8131049301245803,0.8432261230434311,0.8122493756867928,0.8653668615175562,0.887804050261837,0.8431695090721281,0.8646855293730061,0.864680518130014,0.8639182762013697,0.8518070834470971,0.8639182762013715,0.8445789214241057,0.8874405136854961,0.7974542064157054,0.8646686291847742,0.897216102178926,0.8652283421104564,0.8573097394175961,0.7974542064157064,0.8850396922524372,0.8921764770472346,0.8508683332853579,0.7974542064157061,0.8869563847705281,0.8642482054560253,0.895196651953275,0.8508454494798248,0.8433763630730643,0.8843404478748973,0.7527462241514766,0.8508683332853544,0.8432261230434307,0.8573097394175946,0.8648477451179626,0.881737299951209,0.8653668615175572,0.8725784061109039,0.8653668615175564,0.823098926386757,0.8907852489208443,0.830043312827759,0.8652393991138971,0.846475373990409,0.797400552825039,0.8646805181300156,0.897790731852034,0.8648477451179623,0.857309739417595,0.8640463373877721,0.8648477451179619,0.8646805181300155,0.7529526196359121,0.8284509666284324,0.8639182762013715,0.875773817307448,0.8864094139383136,0.8652283421104601,0.8716208379706414,0.7484270502174399,0.8915035349986432,0.8641913282438676,0.8928474436237874,0.811691335185289,0.8944899069080141,0.8646686291847743,0.8409860777457252,0.8294160015147815,0.8871452637545229,0.8780702076711713,0.8654046079723113,0.7484270502174402,0.8557747119022128,0.8508454494798261,0.8696872779815237,0.8646686291847734,0.8869298128363412,0.7527462241514774,0.8940918915503713,0.8409860777457259,0.8808163875749104,0.8431695090721272,0.8876982927834494,0.865404607972311,0.8263972433159167,0.864041398221213,0.8652820739471061,0.8931402944214791,0.863915602182342,0.8821909296360098,0.8984432631071847,0.886593274677931,0.7974005528250385,0.8508683332853546,0.8750937518045583,0.8431695090721272,0.8409860777457243,0.8639156021823422,0.8516653065808557,0.7488504848460733,0.8613268585917384,0.7488504848460733,0.752952619635912,0.8642482054560248,0.8648657623749603,0.7987751340554204,0.8850361468748519,0.8716402314082543,1.0,0.8648657623749596,0.8226572168607816,0.8640413982212125,0.8838743474910713,0.8518070834470988,0.8246403839224299,0.7984234991030994,0.8842069351779482,0.8408197587662447,0.8341473695302739,0.8698864006079562,0.8844053169147416,0.8869442205775827,0.8646745695280033,0.8900241454562293,0.8308029212726344,0.8361911618151159,0.8949590893571358,0.8988420859194012,0.8855088487667316,0.8642482054560249,0.830635475309839,0.8850840930100674,0.8640463373877709,0.8641913282438675,0.872502776324118,0.8873964343290086,0.8863608611719578,0.8704632750737884,0.896522499061182,0.8975998702436099,0.7484270502174406,0.8646855293730072,0.8640463373877716,0.8633900438751249,0.7527462241514769,0.7488504848460736,0.8938408885978694,0.8859548210411639,0.8968443218170914,0.8639156021823429,0.8518070834470988,0.8432261230434306,0.8556381195548628,0.7987751340554206,0.875758175882694,0.8882416862002922,0.8640413982212123,0.894394621631724,0.8652393991138978,0.8641913282438671,0.8240841514297146,0.7984234991030997,0.8618413060457601,0.8648657623749608,0.8408197587662443,0.8881879277035767,0.7529526196359124,0.8954529688656647,0.8700429847894897,0.8765241836112865,0.8838303443769568,0.8516653065808554,0.8408197587662438,0.8959832265550869,0.8573097394175953,0.8858237909967792,0.8853157788007441,0.8646855293730077,0.8858697793329511,0.8524916754347602,0.8508454494798257,0.8652283421104603,0.7984234991030994,0.885960401523102,0.8896175340668437,0.8646745695280034,0.8652393991138977,0.8516653065808552,0.8940202789784197
a100b8461d34af53,0.8403744932224922,0.7369430642823929,0.8385972450051746,0.8983814926305813,0.7365022928193201,0.8583554213153134,0.744272366184995,0.8942680779687782,0.728352706052716,0.887003402139697,0.7378211295640598,0.8983735754322819,0.886986917839959,0.8869700934632962,0.8945262162542972,0.8942652174627481,0.8927249789889886,0.8911203466507138,0.8927249789889888,0.746728576109718,0.8292952831492977,0.8386549038427081,0.8945336756543674,0.8687282970184051,0.8982643122072445,0.88343548499723,0.8386549038427071,0.8153373917394819,0.8643870455455533,0.8901605798445382,0.8386549038427077,0.8858573717840167,0.899973712364724,0.8594835135878083,0.8901463768657234,0.7509215254645044,0.8859175500984151,0.7990470414007416,0.8901605798445364,0.8870034021396972,0.8834354849972297,0.8999998807248537,0.8149926183726555,0.8983735754322817,0.8062035166375285,0.8983735754322812,0.7399492087347527,0.8688556826138485,0.7454945998498631,0.8982630767957884,0.753377919640043,0.8385972450051752,0.8942652174627486,0.8697025647085188,0.8999998807248537,0.8834354849972295,0.8928850019037542,0.8999998807248538,0.8942652174627488,0.799245646359684,0.7381160919578633,0.8927249789889888,0.8146671575251438,0.8849287085662065,0.8982643122072442,0.8139693546431301,0.7958286612240653,0.8649713009073472,0.899973030765139,0.8586953993371023,0.7122278748718054,0.8625313404146231,0.8945336756543678,0.8856999525808669,0.7367477372191744,0.8877347418083184,0.8116917156829004,0.8983814926305804,0.7958286612240655,0.7673020913294961,0.8901463768657234,0.8210195633278349,0.8945336756543678,0.8879333441191721,0.7990470414007418,0.8590805107733486,0.8856999525808665,0.8219210296712651,0.8869700934632962,0.8865664270566356,0.8983814926305806,0.7455904652865847,0.8928869964247536,0.8112491179108265,0.8517878589731681,0.8927364227256953,0.8868146814973685,0.8670489908341282,0.8861463110305847,0.8385972450051757,0.8901605798445364,0.8210403981392668,0.8869700934632965,0.8856999525808669,0.8927364227256955,0.8910199542123323,0.7961064925851195,0.8058210780577496,0.7961064925851197,0.7992456463596838,0.8999737123647242,0.9000000000000001,0.8403744932224682,0.8867829374357276,0.8100141184189298,0.8648657623749596,1.0,0.7408808834327165,0.8928869964247541,0.8856459998683047,0.8911203466507136,0.7430412822047435,0.8400576334097447,0.8257749073152031,0.885628753927114,0.7433634578265984,0.8095306237852704,0.8851357516836331,0.8866201866663984,0.8942680779687787,0.8613209883259552,0.7570454532624518,0.7539168287571847,0.8683155514332099,0.8646576872388074,0.885351367348165,0.8999737123647241,0.7567533764570342,0.885645699304755,0.8928850019037549,0.899973030765139,0.8187181910965642,0.8856099574183909,0.8888670325066657,0.8034475176955085,0.8635591797632818,0.8674646405759818,0.7958286612240644,0.8945262162542967,0.8928850019037546,0.7997616250156644,0.7990470414007417,0.7961064925851193,0.8673183122727838,0.887664878254957,0.8634889131699972,0.8927364227256953,0.891120346650714,0.8870034021396971,0.7725965017613314,0.840374493222468,0.8099471039051136,0.8264132558652431,0.8928869964247539,0.8663862264372975,0.8982630767957887,0.8999730307651388,0.7337929705450463,0.8400576334097445,0.7868956591340566,0.9000000000000005,0.885628753927114,0.8859080292341123,0.7992456463596835,0.8646961461688641,0.8045666180601537,0.8186590012915393,0.8855569304168431,0.8910199542123323,0.8856287539271142,0.8673836657203668,0.8834354849972292,0.8860166604038413,0.8876773354127175,0.8945262162542965,0.8881571112669306,0.7695040803438771,0.8901463768657231,0.898264312207244,0.8400576334097443,0.8210758000282588,0.8848962944717719,0.8942680779687787,0.8982630767957884,0.8910199542123318,0.8631067169836963
a46c681d9ed982ee,0.7340573571773876,0.8620888100235079,0.7336791086433795,0.7329587125213443,0.8921143433319811,0.8332899186014229,0.8591050012370548,0.7211688161828363,0.8499311450997723,0.7506652031458761,0.8496943705693587,0.7329589450617289,0.7672162749801316,0.7506026706136045,0.7213956682389064,0.7211849681824183,0.716917651433568,0.7428993608324249,0.7169176514335664,0.8656859207849157,0.8602923267541176,0.7336935519159595,0.7213804539661051,0.819403193858479,0.7333367700040287,0.7007409172782063,0.7336935519159575,0.8587410176592988,0.8387523855867293,0.7428401613776845,0.7336935519159581,0.7644245075880919,0.7407358738824534,0.839628004151141,0.7428244743896006,0.8626380668161528,0.7641717093214502,0.7260173571292783,0.7428401613776853,0.7506652031458776,0.7007409172782066,0.7408466844277576,0.8573253017328135,0.7329589450617278,0.8764565975708374,0.7329589450617275,0.8571426547482701,0.8246912014702114,0.8776068889994006,0.7333543815724624,0.8693157719332241,0.7336791086433795,0.7211849681824185,0.8210994361263148,0.7408466844277578,0.7007409172782063,0.7172888592618915,0.7408466844277584,0.7211849681824184,0.7261796122944185,0.8510196409665395,0.7169176514335676,0.869436606381552,0.7760874811464722,0.7333367700040252,0.8846518324191617,0.7222460128801893,0.8341532476534321,0.7406901807120828,0.8406012649352953,0.8739238117280359,0.8307345266004165,0.7213804539661054,0.7491515337527993,0.8583163434528797,0.7663404895513005,0.8599607239964738,0.7329587125213441,0.7222460128801891,0.8775229057262726,0.7428244743895991,0.8619402426580316,0.7213804539661063,0.7745307789919735,0.7260173571292778,0.8397279209529969,0.7491515337527984,0.8598359518837076,0.7506026706136054,0.7745773456382308,0.7329587125213445,0.8627359366001485,0.7172784153438705,0.8671010074703182,0.8440141675739807,0.7169282864499857,0.7648206469577967,0.8199915943857201,0.7711663605297852,0.7336791086433809,0.7428401613776856,0.8531844639823329,0.7506026706136057,0.7491515337528003,0.7169282864499861,0.7428351817880497,0.7226220070885528,0.8575651398047056,0.7226220070885532,0.7261796122944189,0.7407358738824533,0.740880883432716,0.7340573571773656,0.7634870008264977,0.8616483077897643,0.8226572168607816,0.7408808834327165,1.0,0.7172784153438712,0.7722820457627995,0.7428993608324244,0.8305603487477546,0.7338294224209807,0.8538474010151451,0.7490168443577814,0.8880132993944322,0.84086671411915,0.7624882017308284,0.7672694669784523,0.7211688161828382,0.8323561495520801,0.8467659870814679,0.8611609599671367,0.8231363309088281,0.8246919130519413,0.7656781036016514,0.7407358738824535,0.8491371904487061,0.7622911285600117,0.7172888592618929,0.7406901807120831,0.8509692404906123,0.776479952953941,0.7679899420704324,0.8741327170993318,0.8248561167090698,0.8201744250046694,0.7222460128801885,0.7213956682389051,0.7172888592618923,0.858644777066599,0.7260173571292784,0.7226220070885527,0.8236090476711302,0.7640148332088106,0.8254034995521539,0.7169282864499852,0.7428993608324246,0.750665203145878,0.8745839367735422,0.7340573571773663,0.8559219220399253,0.8612510848993673,0.7172784153438714,0.8246664482293011,0.7333543815724619,0.7406901807120829,0.8792716348932833,0.7338294224209805,0.87365796326558,0.7408808834327154,0.7490168443577818,0.77641803524098,0.726179612294418,0.8311929515428086,0.8798546944374933,0.8622357310337395,0.7650226895096548,0.7428351817880501,0.7490168443577818,0.8228628458811529,0.700740917278206,0.7696777888494138,0.772172967094033,0.7213956682389046,0.766496992927806,0.8646772983914015,0.7428244743895993,0.7333367700040248,0.7338294224209807,0.8588671024324208,0.7806920544062611,0.7211688161828377,0.7333543815724619,0.7428351817880497,0.8188811123531392
a4d8c48cfc32d989,0.8023688568938007,0.7117190664348924,0.8004300661022873,0.8957730527222552,0.7126943621040783,0.8514312791762821,0.7233563131629465,0.8996711590275553,0.7045684773395023,0.861459994778643,0.7104038360451446,0.8957394982273164,0.8927583380081191,0.8614198312554087,0.8996405025474641,0.8996687859522497,0.899994598845532,0.8740008574295635,0.8999945988455318,0.7298363483587026,0.8197519816225864,0.8005020019414018,0.8996403052598398,0.8650204580195704,0.8953467340600074,0.8975807307772452,0.8005020019414024,0.8059914889206017,0.861403003192589,0.8726784298854641,0.8005020019414029,0.8931280476410652,0.892253063692335,0.8538436961870597,0.8726522021868787,0.7313930110764093,0.893467033657992,0.7448323016646888,0.8726784298854631,0.8614599947786432,0.8975807307772443,0.8928845247925472,0.8025779409283836,0.8957394982273168,0.7913031601675348,0.8957394982273165,0.72011816044827,0.8664139407419758,0.7221638364979127,0.8953512149969168,0.7375594949363611,0.8004300661022873,0.8996687859522499,0.8683475281092546,0.892884524792547,0.8975807307772449,0.8999999649743134,0.892884524792547,0.8996687859522501,0.7450447853260969,0.7190330940297829,0.8999945988455325,0.801231949825951,0.8903645759908841,0.8953467340600079,0.8004934640632319,0.7409262557196039,0.8586049544788521,0.8922313329746606,0.8540733355499192,0.6864062300624478,0.8589925207565521,0.8996403052598405,0.8593166568281665,0.7225630782958015,0.8919687069634189,0.8037384895599313,0.8957730527222554,0.7409262557196039,0.7543289303714127,0.8726522021868789,0.8087999201397075,0.8996403052598405,0.8907782994277731,0.7448323016646894,0.853827733031191,0.8593166568281663,0.8145198222137693,0.8614198312554091,0.890611419734512,0.8957730527222552,0.7298411492646415,0.9000000000000001,0.7942102911974714,0.8448472477166655,0.8999951985545872,0.8933960328001438,0.8674153880372308,0.8919854761091929,0.8004300661022873,0.8726784298854631,0.8065036517996913,0.8614198312554091,0.859316656828166,0.8999951985545872,0.8738590923365284,0.7412558014057404,0.7857269454278395,0.7412558014057404,0.7450447853260969,0.8922530636923345,0.8928869964247543,0.8023688568937776,0.8936081410627288,0.7973093700330416,0.8640413982212125,0.8928869964247541,0.7172784153438712,1.0,0.8920703998365638,0.8740008574295632,0.7202369701964146,0.8020072220781822,0.813196997851378,0.8592055827056744,0.7208453782712103,0.7933233688193038,0.8933998669824702,0.8925223582536765,0.8996711590275548,0.8520189123867128,0.733906262780077,0.7405391522487341,0.8633208482681425,0.8611665252984607,0.8928389171759359,0.8922530636923343,0.7352782788728549,0.8935022229657418,0.8999999649743138,0.8922313329746607,0.8020153299915562,0.8905316663202631,0.8927850626871876,0.7870200709894283,0.8633775784187361,0.8688812325045532,0.7409262557196039,0.8996405025474644,0.8999999649743138,0.782897185156882,0.7448323016646892,0.7412558014057407,0.8603302118048305,0.8932478058827242,0.8600816260831936,0.899995198554587,0.8740008574295633,0.8614599947786432,0.7560928791194168,0.8023688568937777,0.7975399557432163,0.8204508076191868,0.8999999999999999,0.866541981408372,0.895351214996917,0.8922313329746603,0.7081011349650423,0.8020072220781822,0.7693704035295195,0.8928869964247541,0.8592055827056744,0.8908968625165137,0.7450447853260969,0.8616703524309173,0.7896916608948876,0.8104857438597552,0.8933369860601522,0.8738590923365284,0.8592055827056743,0.8674799209187198,0.8975807307772448,0.8924240264225816,0.8922290549169554,0.8996405025474643,0.893227550286781,0.7498436608057009,0.8726522021868784,0.8953467340600075,0.802007222078182,0.8131900939698999,0.8890988779601777,0.8996711590275552,0.8953512149969169,0.8738590923365277,0.8566047414639754
a4dacbdfd82d053a,0.7899321583695296,0.7550962701479831,0.78786822976166,0.8869545401910948,0.7694959449658845,0.8741809580179373,0.7648659605160184,0.8925858600852763,0.7483901300975727,0.8534630278062995,0.7519347142637698,0.8868995961435424,0.8980430107407547,0.8533907949073124,0.8924370007382456,0.8925925537223256,0.8921577286719062,0.863646762780829,0.8921577286719053,0.7742542543732589,0.8527539538793929,0.7879541804238266,0.8924272827111742,0.8841018482469885,0.8863406301477407,0.8904190414297135,0.7879541804238265,0.8399153281541325,0.8866360784327603,0.8620954026313609,0.7879541804238264,0.8983164902273115,0.8847185416370181,0.8784947775044964,0.8620535824790132,0.7743383599182865,0.8986195066844742,0.736586323986656,0.8620954026313615,0.8534630278063003,0.8904190414297137,0.8856235170143957,0.8358666289561564,0.8868995961435422,0.8340301500367384,0.8868995961435419,0.7621877286787166,0.8861474475213396,0.7688814938734048,0.8863565889224071,0.7822686473292669,0.7878682297616596,0.892592553722326,0.8878004924664438,0.8856235170143956,0.890419041429714,0.8920757338898904,0.8856235170143957,0.892592553722326,0.7368456004678478,0.7606368743176042,0.892157728671906,0.8375657144367168,0.8995849797249034,0.8863406301477398,0.8425204300715319,0.7321252861893016,0.8803887357384027,0.8846738569741599,0.8816005258251394,0.7406529246925845,0.8803077654085099,0.8924272827111742,0.850842773508813,0.7662914674207728,0.8965419370239438,0.8382137824412509,0.886954540191095,0.732125286189302,0.799803281947258,0.8620535824790132,0.8418310884474095,0.892427282711174,0.8974468286561379,0.736586323986656,0.880513350595796,0.8508427735088125,0.8467930864348987,0.8533907949073114,0.897544127386463,0.8869545401910948,0.7717778436942315,0.8920703998365639,0.829473734332653,0.8723245981271375,0.8921489698119803,0.8987632281919924,0.8869349278585956,0.8982950385986512,0.7878682297616602,0.8620954026313616,0.8356680322313179,0.8533907949073113,0.8508427735088127,0.8921489698119804,0.8634693899990399,0.7325334173497522,0.8201640448629977,0.7325334173497526,0.7368456004678479,0.8847185416370182,0.8856459998683047,0.7899321583695071,0.8988089343873722,0.8316049183504486,0.8838743474910713,0.8856459998683047,0.7722820457627995,0.8920703998365638,1.0,0.8636467627808286,0.7563265160865785,0.7895201173325217,0.845463888593294,0.8506888806881534,0.7751884150269993,0.8228936455679429,0.8990747550214127,0.8978752129203429,0.8925858600852764,0.8739401255234631,0.7694092173579516,0.7810548441654869,0.8810576930927094,0.8810142078116825,0.8983985144638775,0.8847185416370178,0.7709720418450615,0.8986155173744518,0.8920757338898909,0.88467385697416,0.8309448095050266,0.8993368136949766,0.8971567729788518,0.8265840094934334,0.8838516161529629,0.8892397197638422,0.7321252861893018,0.8924370007382453,0.8920757338898906,0.8189450974554,0.7365863239866564,0.7325334173497527,0.8779344952704443,0.8982253962340128,0.8801173010595024,0.8921489698119803,0.8636467627808289,0.8534630278063002,0.799340224031586,0.789932158369507,0.830851992258426,0.8550016334237973,0.892070399836564,0.8864116596859128,0.8863565889224074,0.88467385697416,0.7579864134104815,0.7895201173325219,0.8128053748281888,0.8856459998683045,0.8506888806881536,0.8988105536278186,0.7368456004678482,0.8835959931266647,0.8340274449475219,0.8437347078622456,0.8987870812646835,0.8634693899990394,0.8506888806881536,0.886763036675326,0.8904190414297136,0.8989261979181653,0.8986137951444071,0.8924370007382453,0.8977296804556312,0.7919570301972145,0.8620535824790132,0.8863406301477399,0.7895201173325219,0.8469258074762682,0.8982773945790328,0.8925858600852761,0.8863565889224072,0.8634693899990392,0.874691104844169
a4ec98db05eea221,0.8734050689917818,0.746200886687622,0.8723997220984601,0.89063340765804,0.737936392455717,0.8470653168030635,0.7473302549502422,0.874442593041151,0.7333780529732925,0.8949487334157792,0.7494919847160195,0.8906817964180715,0.8677120642283629,0.8949767884150182,0.8749390909572642,0.8744289261699658,0.8735064238114052,0.9000000000000002,0.8735064238114045,0.7521694696600694,0.8217791131323232,0.8724368824852307,0.8749558273984702,0.85690500344129,0.891199544517518,0.8561391940136811,0.8724368824852308,0.8113744371105699,0.8488908851138793,0.8999552677873228,0.8724368824852303,0.8650152783717157,0.8916302610317088,0.8474746274529661,0.8999535328225452,0.7598618432706149,0.8639888190379632,0.8349739155548643,0.8999552677873204,0.8949487334157796,0.8561391940136814,0.8911489412547237,0.8146805900917564,0.8906817964180718,0.80112447123682,0.8906817964180714,0.7454519663291187,0.8541125620984338,0.7502252318460365,0.8911941722232299,0.7547697743650437,0.8723997220984595,0.8744289261699663,0.8547526998944108,0.8911489412547233,0.8561391940136815,0.8739983390328917,0.8911489412547233,0.8744289261699663,0.835032904295485,0.7432801777574328,0.8735064238114052,0.8096192054515028,0.8633504717918161,0.8911995445175167,0.806630847399863,0.8323329173090008,0.8545762303612773,0.8916562965684935,0.8438949387059298,0.7182532575544047,0.8503591488698965,0.8749558273984701,0.8944137321321275,0.7396603009423683,0.8684984157363208,0.8061454557725146,0.8906334076580391,0.8323329173090012,0.7664593740437797,0.899953532822545,0.8147300398734965,0.8749558273984706,0.8699631315006517,0.8349739155548646,0.8458730011112385,0.8944137321321269,0.8136448420843354,0.8949767884150183,0.8669009470905682,0.8906334076580391,0.7491399254999787,0.8740008574295633,0.8108984829828045,0.8402699084752178,0.8735410544536026,0.865225897138696,0.8514657393527716,0.8658748468727304,0.8723997220984601,0.8999552677873206,0.8195347388789122,0.8949767884150187,0.8944137321321273,0.8735410544536027,0.8999991584257927,0.8324981851813938,0.8085453296719655,0.8324981851813941,0.8350329042954852,0.8916302610317087,0.8911203466507135,0.8734050689917564,0.8652607878810961,0.8068386684354139,0.8518070834470988,0.8911203466507136,0.7428993608324244,0.8740008574295632,0.8636467627808286,1.0,0.7498737960621644,0.8732355357905923,0.8227436843174117,0.8944005559076753,0.7461375639823975,0.8085498200687661,0.8628488882384825,0.8662994894933564,0.87444259304115,0.8536307907780333,0.7657370924086685,0.7532117128577434,0.8574821113845241,0.8545339895378186,0.8641391951808852,0.8916302610317087,0.7636365239504486,0.8635999032061897,0.8739983390328923,0.8916562965684934,0.819376411523473,0.86493100216847,0.8702970684313549,0.8009655121496239,0.8496183549213763,0.8511531550356476,0.8323329173090004,0.8749390909572634,0.873998339032892,0.7971416747796298,0.8349739155548647,0.832498185181394,0.8583464519582502,0.867665849924665,0.8513259306039596,0.8735410544536026,0.8999999999999999,0.89494873341578,0.7727510359561104,0.8734050689917564,0.8067634380688151,0.817366355439908,0.8740008574295637,0.8518903638693618,0.8911941722232302,0.8916562965684933,0.7408616533669707,0.8732355357905922,0.7844438425174678,0.8911203466507136,0.8944005559076758,0.8655462212486992,0.8350329042954852,0.8506759944488038,0.7976844330057868,0.8127580486477357,0.8640472289098291,0.8999991584257923,0.8944005559076755,0.8517550543557004,0.8561391940136811,0.864634864338335,0.8682294298779718,0.8749390909572632,0.8685546592049385,0.7749242709104054,0.899953532822545,0.8911995445175167,0.8732355357905922,0.8134761818116989,0.8649450362021469,0.87444259304115,0.8911941722232296,0.8999991584257923,0.8529026083748728
a5dcd50d295b1838,0.754820072661367,0.8659652416172781,0.7548109405804954,0.7371029476970968,0.8384873434115658,0.8386810841048988,0.8534075659281334,0.7230788076746275,0.8754484087906402,0.7539895884448394,0.8720963175957389,0.7371012012321299,0.7689204103902909,0.7539582476355609,0.7236840482252406,0.7230814709469049,0.7196943738357982,0.7498737960621654,0.7196943738357968,0.8750771997908522,0.8519613304624293,0.7549752304099199,0.7236697445094167,0.8207477952243776,0.7378479972610262,0.702565752516305,0.7549752304099169,0.8632103450267602,0.8031808725067977,0.7503763261044483,0.7549752304099181,0.7657958256514721,0.743740585933659,0.8237334613290314,0.7503080448919625,0.8745991203348494,0.7630267609873813,0.7401157803968329,0.7503763261044505,0.7539895884448407,0.702565752516306,0.7430337258794084,0.8636983355694897,0.7371012012321284,0.8436098224908588,0.7371012012321287,0.8704421757204271,0.8140702124902401,0.8519495105441183,0.7378865565984332,0.8723421303136312,0.7548109405804948,0.7230814709469044,0.81491124184914,0.7430337258794087,0.702565752516306,0.7202546362139423,0.7430337258794091,0.7230814709469044,0.7402626004267072,0.891283383039201,0.7196943738357968,0.8469025685443948,0.7622087308945404,0.7378479972610201,0.8301422191252473,0.7377320181427544,0.8281967020782872,0.7437017811508437,0.8105764475417727,0.8471627846990049,0.829485718263361,0.723669744509417,0.7537568927868645,0.8688985684582726,0.7785630546733533,0.8617352310020496,0.7371029476970966,0.7377320181427545,0.8624861988845227,0.7503080448919606,0.8502326271109484,0.7236697445094185,0.775695405190633,0.7401157803968322,0.8167084829401683,0.7537568927868632,0.8597584828564009,0.753958247635563,0.7768647194321738,0.7371029476970973,0.852716911503961,0.7202369701964132,0.8628100337257382,0.8268265470546707,0.7197023535721352,0.7596634997765921,0.818435049002582,0.7702688297060987,0.7548109405804968,0.7503763261044502,0.8753655380654237,0.7539582476355631,0.7537568927868661,0.719702353572135,0.7498192864046439,0.7380634336231205,0.867739956532631,0.7380634336231211,0.7402626004267074,0.7437405859336593,0.7430412822047425,0.7548200726613445,0.7610258348152665,0.8646765983489736,0.8246403839224299,0.7430412822047435,0.8305603487477546,0.7202369701964146,0.7563265160865785,0.7498737960621644,1.0,0.7546310423009228,0.8576997791854485,0.7536451486843229,0.8494336151613068,0.8873886455896249,0.7583339457165358,0.7728220692346663,0.7230788076746283,0.8356704776667421,0.8879741216386905,0.8693686787759403,0.8349511571445394,0.8277400101536126,0.7652413564100946,0.7437405859336597,0.8864297021661369,0.7619178732149055,0.7202546362139459,0.7437017811508442,0.8760660702138008,0.765827880522697,0.7741572971971364,0.8519849459051059,0.8236933584065034,0.8103374833518832,0.7377320181427529,0.7236840482252384,0.7202546362139447,0.87155326092151,0.7401157803968325,0.7380634336231199,0.8372933608638952,0.7648605248571148,0.8379166913825727,0.7197023535721339,0.7498737960621652,0.7539895884448403,0.8667331257671633,0.7548200726613452,0.8797801034267099,0.8473235270297592,0.720236970196415,0.8132650943939446,0.7378865565984318,0.7437017811508443,0.8545094224016634,0.7546310423009219,0.8497288281786405,0.7430412822047424,0.7536451486843239,0.7691089780558937,0.7402626004267069,0.8154749468109718,0.8358669111605683,0.8483109207384185,0.7597380261625503,0.7498192864046438,0.7536451486843243,0.820426102488376,0.7025657525163054,0.7626757468493601,0.7691598595870021,0.7236840482252377,0.7718387949118901,0.8734258353087434,0.7503080448919612,0.7378479972610186,0.7546310423009224,0.8581671234327191,0.7728275719018323,0.7230788076746282,0.7378865565984313,0.7498192864046437,0.8461391263926135
a626a7d11b36393b,0.8999974861967754,0.7519938563708761,0.899955219440196,0.835990171204167,0.7270813439618947,0.8017765871670722,0.7475218299216254,0.8033684732706643,0.7368978925328303,0.8759114202993248,0.7552436805630847,0.8361102336836767,0.7978478328340576,0.8759826401706651,0.8043953661846908,0.8033468154932714,0.8010700735806797,0.8732355357905919,0.8010700735806795,0.7468471516250318,0.7832908118001063,0.899956630557224,0.8044240156410749,0.8020190058567638,0.8374866452671444,0.7715520232060344,0.899956630557224,0.7813229739987375,0.7911737225133267,0.8744474498066758,0.899956630557224,0.7931533887932267,0.8417483951231319,0.7999947892314823,0.8744834769108899,0.7551078255854713,0.7905770522255207,0.8822208747215846,0.8744474498066734,0.8759114202993243,0.7715520232060341,0.8401073433536486,0.7875492475538758,0.8361102336836765,0.7675144365048734,0.8361102336836762,0.745394645918434,0.7997153425752995,0.7518466833686805,0.8374623363181817,0.7463255891155367,0.8999552194401959,0.8033468154932712,0.7968301152867574,0.8401073433536485,0.7715520232060341,0.8019979550569287,0.8401073433536485,0.8033468154932714,0.8821940051040649,0.7443290046505125,0.8010700735806797,0.783425573443932,0.7905198267259544,0.8374866452671446,0.7714522628376062,0.8810954785088295,0.8067707179491433,0.8418110223886166,0.788395504179502,0.7212378561622036,0.8005351649012169,0.8044240156410752,0.8771363621100773,0.7330680777209939,0.8012966932845111,0.7745064052457049,0.8359901712041664,0.8810954785088296,0.7458225910363003,0.8744834769108906,0.7856824005456773,0.8044240156410752,0.8029078085228407,0.8822208747215847,0.7917177547530989,0.8771363621100773,0.7788423536077775,0.8759826401706653,0.7991693342511934,0.8359901712041666,0.7462316928639665,0.8020072220781821,0.7896645187648642,0.7942280264128563,0.8011335951928499,0.7925046242233661,0.7947726345919112,0.7957100065969357,0.8999552194401962,0.8744474498066737,0.7965757741880424,0.8759826401706652,0.8771363621100771,0.8011335951928499,0.8733626345418094,0.881137251813239,0.7904555407169211,0.8811372518132392,0.8821940051040649,0.8417483951231313,0.8400576334097449,0.8999974861967495,0.7917408023073392,0.7817825845315725,0.7984234991030994,0.8400576334097447,0.7338294224209807,0.8020072220781822,0.7895201173325217,0.8732355357905923,0.7546310423009228,1.0,0.7878912323623825,0.8772026752799059,0.73264700605492,0.7898846596386276,0.7873624918796597,0.796338831601254,0.8033684732706635,0.8096940077609001,0.7677725169418417,0.7427854934467153,0.8094948433262578,0.804481056107436,0.791544428835367,0.8417483951231312,0.7652721584422786,0.7901132520851198,0.801997955056929,0.8418110223886164,0.798774493127227,0.7931752584901177,0.8028402073013928,0.779490998609373,0.7948280547073053,0.7895823830916235,0.8810954785088294,0.8043953661846903,0.8019979550569287,0.777180296089673,0.8822208747215848,0.8811372518132392,0.8130851290109876,0.7957611363207364,0.8020945991724642,0.8011335951928497,0.8732355357905924,0.8759114202993246,0.7550879142659087,0.8999974861967495,0.7827250564725643,0.774679255324878,0.8020072220781815,0.7967335401381278,0.8374623363181815,0.8418110223886164,0.7453430464333771,0.9,0.763728461561639,0.8400576334097447,0.8772026752799058,0.7963352551553136,0.8821940051040649,0.7989723043529324,0.7639307668595468,0.7819631327911765,0.7910519274443669,0.8733626345418088,0.8772026752799059,0.7949665534970201,0.7715520232060341,0.7932539454669036,0.7988592927717106,0.8043953661846905,0.7994458849781654,0.7602472305697715,0.8744834769108905,0.8374866452671444,0.8999999999999999,0.7793181350394961,0.7966181645776377,0.8033684732706635,0.8374623363181815,0.8733626345418087,0.8086516066827779
a68030fd3f03f10c,0.7881235498116352,0.8399250963381187,0.7872346298598856,0.8232196502086266,0.8613824621508037,0.8815363335319645,0.8326744215963724,0.8149470019143648,0.8418405870942112,0.8202559829098658,0.8449650509342345,0.8232154668073128,0.8516543918189541,0.8202162835175562,0.8150817718243477,0.8149529111174796,0.8129288149000335,0.8227436843174142,0.8129288149000315,0.873343573489636,0.8955369961232875,0.7872926172956615,0.8150700342462952,0.8873571665126962,0.8233551813269331,0.800370593760497,0.7872926172956574,0.8931787374325175,0.8764582396234026,0.8222619097393657,0.7872926172956589,0.8484620785359734,0.8254084078510128,0.8829604579127659,0.8222308796052334,0.8778375585340564,0.8453929030097319,0.756968833091779,0.8222619097393673,0.8202559829098671,0.8003705937604989,0.8257603167656024,0.895705973946258,0.8232154668073108,0.8879267948984828,0.8232154668073111,0.846417517093103,0.8712471657564105,0.8528000400319286,0.8233746838712082,0.8713927250759791,0.7872346298598853,0.8149529111174786,0.8826350271910308,0.825760316765603,0.8003705937604981,0.8132065422507994,0.8257603167656039,0.8149529111174785,0.7571112303369647,0.8598849333450075,0.8129288149000315,0.8791050315647035,0.850155425592659,0.8233551813269263,0.8804717622984293,0.7528144421203159,0.8790716638149019,0.82536737728401,0.8813180660755819,0.8472794367227188,0.8795408091297123,0.815070034246296,0.8183259475879364,0.8530188640429286,0.8521458505551697,0.8838028041502709,0.8232196502086258,0.752814442120316,0.8797094467484591,0.8222308796052316,0.8715162263057493,0.8150700342462973,0.8527279665158392,0.7569688330917785,0.8844437043713598,0.8183259475879343,0.8847132104372526,0.8202162835175566,0.8521914349327973,0.8232196502086263,0.840306634347022,0.8131969978513762,0.8765113695409543,0.8840946499229663,0.8129389439057,0.842202074389642,0.8798778822294115,0.8489973862888234,0.7872346298598877,0.8222619097393666,0.8865039419729258,0.8202162835175574,0.8183259475879379,0.8129389439057,0.8226683446657839,0.7531727104052978,0.8773478290199432,0.7531727104052978,0.7571112303369651,0.8254084078510142,0.825774907315202,0.7881235498116124,0.8471869144890529,0.8786219022907913,0.8842069351779482,0.8257749073152031,0.8538474010151451,0.813196997851378,0.845463888593294,0.8227436843174117,0.8576997791854485,0.7878912323623825,1.0,0.8181951850728713,0.8695615727370244,0.8854928976683891,0.8450376415587249,0.8504776663537386,0.8149470019143652,0.8820400974626433,0.8638609940194651,0.8567603523442895,0.88303069541458,0.8877212189298819,0.8467155491931169,0.8254084078510138,0.8589260966697325,0.8454147847703901,0.8132065422508028,0.8253673772840109,0.8883866666705557,0.8521526526543983,0.8517880101147599,0.8826653944780624,0.8797095232794077,0.8792736214945052,0.7528144421203143,0.8150817718243449,0.8132065422508016,0.8759305347786227,0.756968833091779,0.7531727104052977,0.8853441508409916,0.8505246394097055,0.8851259516385153,0.8129389439056987,0.8227436843174127,0.8202559829098673,0.8835704078122277,0.7881235498116126,0.888624139713887,0.8922114471115643,0.8131969978513787,0.872389516397759,0.8233746838712069,0.8253673772840111,0.8563158938792992,0.7878912323623812,0.8779434238497097,0.8257749073152012,0.8181951850728719,0.851606197071627,0.7571112303369647,0.8765966216366605,0.8836472289789201,0.8742959722416128,0.8427600851726275,0.8226683446657834,0.8181951850728719,0.8783809259312041,0.8003705937604976,0.8460497969963537,0.8487106141869293,0.8150817718243435,0.8496239791708129,0.889623919168501,0.8222308796052322,0.8233551813269248,0.7878912323623817,0.8902378776050275,0.8545449383613044,0.8149470019143652,0.823374683871206,0.8226683446657834,0.8850434311598323
a8d73399aeb68bc5,0.8774045994620221,0.7518557658872007,0.8761838312178423,0.8792896526983339,0.7440391631332077,0.8432252441897088,0.7522675844932089,0.8621287311565995,0.7409188883295211,0.8999374566108214,0.7559287527934806,0.8793318564633348,0.8538845657988671,0.8999387017808483,0.8628196606822953,0.8621204045309637,0.8587343710841017,0.8944005559076751,0.858734371084101,0.7484273340639159,0.8163333106187673,0.8762150905920842,0.8628395162671951,0.8481141629629564,0.8798057987288702,0.8392110305367313,0.8762150905920847,0.8042821419827579,0.8416234001472616,0.8942550479621042,0.8762150905920849,0.8505530893561676,0.8865481271838054,0.841343645230877,0.894260555516013,0.7566246228534821,0.8499472667744281,0.8575719507365412,0.8942550479621019,0.8999374566108216,0.8392110305367311,0.88564402942847,0.8086389535155072,0.8793318564633352,0.8009141287588198,0.8793318564633346,0.7475663878575064,0.8468093825048303,0.7549254623355816,0.8797958134264924,0.7515280080876736,0.8761838312178423,0.8621204045309641,0.8450754927309989,0.8856440294284699,0.8392110305367312,0.8592008591476135,0.8856440294284699,0.8621204045309642,0.8576940748740147,0.7429946811548296,0.8587343710841011,0.8081547694201074,0.8511065612161824,0.87980579872887,0.8061530779690256,0.855537965680317,0.8489523474383995,0.8865826350584732,0.8378384640548282,0.7251331289602365,0.8428575109680525,0.8628395162671956,0.8999995186117438,0.7345964767708997,0.8567808724086884,0.7983863899207722,0.879289652698334,0.8555379656803171,0.7610915522583757,0.894260555516013,0.8138978260808075,0.8628395162671953,0.8589516457436319,0.8575719507365414,0.8398236937085288,0.8999995186117437,0.8075264150831859,0.8999387017808473,0.8558363739939855,0.879289652698334,0.7474724463592339,0.8592055827056743,0.8117735202418409,0.8353366367771922,0.8587663994226493,0.8523155790253651,0.8402482925933621,0.8530203797039421,0.8761838312178427,0.8942550479621019,0.8177100021907953,0.8999387017808473,0.8999995186117437,0.8587663994226493,0.8943867059440866,0.8557021333030312,0.8110190030194033,0.8557021333030315,0.8576940748740151,0.8865481271838046,0.8856287539271144,0.8774045994619971,0.8515095315940358,0.8048310456502421,0.8408197587662447,0.885628753927114,0.7490168443577814,0.8592055827056744,0.8506888806881534,0.8944005559076753,0.7536451486843229,0.8772026752799059,0.8181951850728713,1.0,0.750245148043527,0.8087439031542545,0.8479449236096415,0.8531379786103814,0.8621287311565993,0.8497093552450095,0.7690071308491966,0.7502419394979194,0.8503241029984366,0.8446229858431786,0.8495535073518847,0.8865481271838045,0.7654738181900007,0.8490177010074699,0.8592008591476138,0.8865826350584733,0.819342621099285,0.8528536761525841,0.8586009837400566,0.8013291473478373,0.8382987420037059,0.8391687495679246,0.8555379656803167,0.8628196606822949,0.8592008591476139,0.800110535691527,0.8575719507365414,0.8557021333030312,0.8527739141252605,0.8544386475717642,0.8429701163011064,0.8587663994226491,0.8944005559076753,0.8999374566108218,0.770719673714279,0.8774045994619972,0.8032027202131046,0.8087921434016305,0.8592055827056742,0.8414037552983882,0.8797958134264925,0.8865826350584731,0.7467161233384991,0.8772026752799059,0.7862030659624624,0.8856287539271144,0.9000000000000001,0.853289975109214,0.8576940748740148,0.8428559857188607,0.7982058350098734,0.8068796337723311,0.8497050619014368,0.8943867059440869,0.9,0.8415399531092368,0.8392110305367309,0.8514645798813256,0.8562104999062401,0.8628196606822949,0.855977689683328,0.7733953356358089,0.8942605555160128,0.8798057987288703,0.8772026752799058,0.806299053915498,0.8532799004153641,0.8621287311565995,0.8797958134264925,0.8943867059440863,0.8473813783810668
a988bb96ccd8695e,0.7328673305587137,0.860245427659588,0.7325941488547008,0.7366675913814968,0.895468905702429,0.8463963706075776,0.8499912218518308,0.7241933557674279,0.8638135633645032,0.7519751148961394,0.8604766934498125,0.7366637760053106,0.7752103806151013,0.7519360249784961,0.724425114633092,0.7242050313736725,0.7204699795313976,0.7461375639823988,0.720469979531398,0.8783958397345257,0.8685652201165267,0.7326261680301773,0.7243993233152569,0.8325418307383929,0.7370676098476263,0.7040997710632103,0.732626168030176,0.872250943873149,0.8394974198680287,0.7461091529324236,0.732626168030177,0.7720106575399028,0.7432157140772893,0.849440776459351,0.7460836918288936,0.8762658276205706,0.7692492345458434,0.7234701276090485,0.7461091529324262,0.7519751148961403,0.7040997710632104,0.7433405269792087,0.8717384327041815,0.7366637760053097,0.8893958978598635,0.7366637760053101,0.8645255264877569,0.8278279620584219,0.8827540924292837,0.7370906237275139,0.8772337546721434,0.7325941488547006,0.7242050313736732,0.8296001923156122,0.7433405269792089,0.7040997710632106,0.7208580774505942,0.7433405269792086,0.7242050313736735,0.7235785398237262,0.8620174177410422,0.7204699795313978,0.8771755879956297,0.7818869975744236,0.7370676098476246,0.8804466485524428,0.7195841967167858,0.8403644898137261,0.7431466672614004,0.8479217156171743,0.8892314264719312,0.8404583211426595,0.7243993233152561,0.7504161151882669,0.8613928439977832,0.7760164619476668,0.8670532850162823,0.736667591381497,0.719584196716786,0.8820926453854794,0.7460836918288929,0.8607055669963625,0.7243993233152572,0.7828063622060488,0.7234701276090489,0.8509615138414011,0.7504161151882662,0.862165550883787,0.7519360249784957,0.7831323300273301,0.7366675913814971,0.8608479154672679,0.7208453782712101,0.8708647048409828,0.8568541525885623,0.7204786060358208,0.7689795173428982,0.8288056005225753,0.7781500617351793,0.7325941488547011,0.7461091529324262,0.8616593998053111,0.7519360249784959,0.7504161151882667,0.7204786060358204,0.7460689921275188,0.7200062223050029,0.8706464485728457,0.720006222305003,0.723578539823726,0.7432157140772894,0.7433634578265984,0.7328673305586921,0.7698684599086222,0.871670003665636,0.8341473695302739,0.7433634578265984,0.8880132993944322,0.7208453782712103,0.7751884150269993,0.7461375639823975,0.8494336151613068,0.73264700605492,0.8695615727370244,0.750245148043527,1.0,0.859988527824457,0.768587563948294,0.7751443882104555,0.7241933557674283,0.8445051436562682,0.8564879850615388,0.8567674147110318,0.8324192671934849,0.836963930070564,0.7717239837590868,0.7432157140772893,0.85313724133646,0.7685991101737907,0.7208580774505959,0.7431466672614007,0.8634057355095857,0.7839517621191303,0.7758881035499796,0.8849574484988791,0.8326715230148819,0.8281708689517439,0.719584196716785,0.7244251146330918,0.7208580774505955,0.8737235449448194,0.723470127609049,0.7200062223050029,0.8352341832902312,0.7723979154478986,0.8371821685149956,0.7204786060358198,0.7461375639823983,0.7519751148961401,0.87965173244513,0.7328673305586926,0.8690619797567565,0.8689907407850914,0.7208453782712103,0.8303811983516475,0.7370906237275142,0.7431466672614004,0.8887123888647703,0.7326470060549197,0.8890520563573607,0.7433634578265983,0.7502451480435273,0.7832995171450347,0.7235785398237262,0.8390601905237957,0.8864824156855255,0.8657644734367544,0.7701887349301004,0.7460689921275182,0.7502451480435273,0.8281631482249704,0.7040997710632101,0.7756975052309689,0.7777360130733878,0.7244251146330912,0.7734399992756238,0.8798780069929795,0.7460836918288931,0.7370676098476248,0.7326470060549196,0.8685006323308002,0.7889372358511042,0.7241933557674287,0.7370906237275139,0.7460689921275176,0.8345907599158915
ab64516386093080,0.7901576875406352,0.8575675833369585,0.7895195994975389,0.8050030972557297,0.8491851744262185,0.8778696784841585,0.849029499805947,0.7957758106013141,0.8654218671185278,0.8098406212331665,0.8633342680770132,0.8049827205199562,0.8321850909844486,0.8098005221307476,0.7961801526656057,0.795779333473177,0.7929571839509956,0.8085498200687673,0.7929571839509948,0.8741849512327504,0.8809736065264403,0.7896487181841323,0.7961651944282879,0.8686410650485853,0.8053517014432661,0.7793339688705522,0.7896487181841301,0.8857724608002547,0.8545905919529538,0.8084179834290658,0.7896487181841306,0.8295405926062839,0.8097719817487852,0.8690023093569823,0.8083642183326164,0.8750382649681616,0.82708120899539,0.7671130189056394,0.8084179834290671,0.8098406212331678,0.7793339688705522,0.8095198048769099,0.886017987956098,0.8049827205199547,0.872911254055287,0.8049827205199546,0.8640774407296986,0.8608152499044137,0.8575882064795874,0.8053802730102309,0.8730309543166542,0.7895195994975388,0.7957793334731765,0.8638185926386142,0.8095198048769099,0.7793339688705524,0.7933360932264764,0.8095198048769101,0.7957793334731768,0.7672855849704608,0.8799540378886381,0.7929571839509955,0.874103955995157,0.827937521462151,0.8053517014432632,0.8619311024474785,0.7639935813217578,0.8707488624021402,0.8097266371775635,0.8603064195571486,0.8483812283743343,0.8718221406700991,0.7961651944282881,0.8088780561575555,0.8622751564941235,0.8393191797343323,0.8813659712369974,0.8050030972557305,0.7639935813217579,0.8706877292517592,0.8083642183326153,0.8729469454753229,0.7961651944282888,0.8370119735921482,0.7671130189056394,0.8652388645342718,0.8088780561575547,0.8820688694371448,0.8098005221307474,0.8378581684751452,0.8050030972557305,0.8517987530652663,0.7933233688193033,0.8802985573737563,0.8703395726025589,0.7929593214096193,0.8244183763559705,0.8652174326448987,0.8326925050679467,0.7895195994975401,0.8084179834290668,0.8925522762536131,0.8098005221307476,0.8088780561575564,0.7929593214096193,0.8084513599275527,0.7643702977361766,0.8828650580500047,0.7643702977361768,0.7672855849704612,0.8097719817487856,0.8095306237852702,0.790157687540612,0.8262093776979,0.8828363937725059,0.8698864006079562,0.8095306237852704,0.84086671411915,0.7933233688193038,0.8228936455679429,0.8085498200687661,0.8873886455896249,0.7898846596386276,0.8854928976683891,0.8087439031542545,0.859988527824457,1.0,0.8238826889215581,0.8348032229157554,0.7957758106013141,0.8755118997405129,0.8808667730888035,0.8661115661536197,0.8767222820921594,0.8721597798499556,0.8286126997309822,0.8097719817487854,0.8785833030353785,0.8262846511401128,0.7933360932264785,0.8097266371775638,0.8929948265124246,0.8308800124186251,0.8360338291325057,0.8758740794602992,0.8677605492088534,0.8600411439913327,0.7639935813217569,0.7961801526656048,0.7933360932264779,0.8856493296475472,0.7671130189056395,0.7643702977361762,0.8784437334958728,0.8295950697346586,0.8787468022298568,0.7929593214096184,0.8085498200687666,0.8098406212331675,0.8747973410428036,0.7901576875406126,0.8948269654927163,0.8771426840501787,0.7933233688193042,0.8605673207428188,0.8053802730102309,0.809726637177564,0.8576795519232976,0.7898846596386275,0.8713013033104713,0.8095306237852697,0.8087439031542552,0.8327278217908489,0.7672855849704611,0.8634762011249145,0.8662309197682189,0.8727685585969188,0.8245395722922084,0.8084513599275527,0.8087439031542552,0.8661460321379645,0.7793339688705521,0.8275552318331159,0.8319796029808133,0.7961801526656043,0.8340635037644651,0.8806771532125861,0.8083642183326156,0.8053517014432621,0.7898846596386276,0.8827639147290822,0.8357324059993203,0.7957758106013143,0.8053802730102304,0.8084513599275523,0.8845837196240379
acad4c22424f335a,0.7877634468111512,0.7502196040852374,0.7857734764566051,0.887480805901859,0.7612624233399876,0.8726774414662927,0.7600488024189896,0.8934692535097266,0.7456438648755028,0.8507194406426728,0.7486648519499117,0.8874282549655825,0.899035914553823,0.8506526971717331,0.8933210038914033,0.8934743762199694,0.8934714580000599,0.8628488882384833,0.8934714580000582,0.7741862962335511,0.8518907101822368,0.7858680903348605,0.8933103714347094,0.8842601129976962,0.8868992295541737,0.8922046207310893,0.7858680903348593,0.8399489679137799,0.8826122969390756,0.8613512531098002,0.7858680903348594,0.8994997132428657,0.88420984078937,0.8759832730584188,0.861306583928857,0.773773108374298,0.8995254149670721,0.7307975433881452,0.8613512531097997,0.8507194406426732,0.89220462073109,0.8851167238929153,0.8354197446411149,0.8874282549655825,0.8288193809042499,0.8874282549655821,0.7600223846505574,0.8840418055498351,0.7632027258653745,0.886916250477003,0.7814635242208339,0.7857734764566042,0.8934743762199693,0.8877084911864005,0.8851167238929153,0.8922046207310901,0.8934055764757619,0.8851167238929155,0.8934743762199691,0.7310473639605871,0.7614644624336815,0.8934714580000582,0.8334201957157039,0.8987596615324897,0.8868992295541721,0.8353610845313522,0.72635459007909,0.8779626058147088,0.8841630819303241,0.8779358673499816,0.7347382401075121,0.8792438906489234,0.8933103714347099,0.8481016410527508,0.7661998780604764,0.8978113518067503,0.8378119131791772,0.8874808059018595,0.7263545900790903,0.798747240348699,0.8613065839288563,0.8379227966863894,0.89331037143471,0.8974040629293137,0.7307975433881451,0.8774413846530182,0.8481016410527503,0.8461952550063008,0.8506526971717315,0.8977176981691729,0.8874808059018595,0.7686375086221761,0.8933998669824699,0.8252722781650901,0.8696066858051874,0.8934636412754261,0.8986998949911247,0.8871520017880019,0.8986768239632408,0.785773476456605,0.8613512531097995,0.8354996975740727,0.8506526971717318,0.8481016410527511,0.8934636412754265,0.8626766009147593,0.7267630636708732,0.8169971482105809,0.7267630636708737,0.7310473639605876,0.8842098407893703,0.8851357516836329,0.7877634468111286,0.8996783167050574,0.8295292812086242,0.8844053169147416,0.8851357516836331,0.7624882017308284,0.8933998669824702,0.8990747550214127,0.8628488882384825,0.7583339457165358,0.7873624918796597,0.8450376415587249,0.8479449236096415,0.768587563948294,0.8238826889215581,1.0,0.8989748586292599,0.8934692535097253,0.87202569954622,0.7697517059463724,0.780654639389039,0.8812724699589475,0.8811737983731331,0.899358063376509,0.8842098407893701,0.7712972828815184,0.8996382888015685,0.8934055764757625,0.8841630819303246,0.8306645908209467,0.8987624174377937,0.898074738873762,0.8221036648344225,0.8839615440839814,0.889278303362092,0.7263545900790896,0.8933210038914021,0.8934055764757621,0.8162975188649024,0.7307975433881453,0.7267630636708735,0.8780134495961714,0.8992038817396131,0.880557293238019,0.893463641275426,0.8628488882384825,0.8507194406426732,0.7981560877380595,0.7877634468111284,0.8310471364989683,0.8543096354606298,0.8933998669824703,0.8851657323113831,0.8869162504770025,0.8841630819303246,0.7521565615741528,0.7873624918796596,0.8081169180781071,0.8851357516836328,0.8479449236096416,0.8985191585218322,0.7310473639605872,0.8814426065777426,0.8277465099037876,0.841152757658865,0.899118837272266,0.8626766009147588,0.8479449236096417,0.8867630694694231,0.8922046207310894,0.8988450596796206,0.8983883448342467,0.8933210038914017,0.8987240898153221,0.7914311963930161,0.8613065839288563,0.886899229554172,0.7873624918796593,0.8464604861180106,0.8978873279117366,0.8934692535097251,0.8869162504770021,0.8626766009147591,0.8755687886259809
ad229375912d4081,0.7967262983452704,0.761556153143877,0.7948299817351976,0.8882405676025276,0.7666319537710375,0.8778700528160082,0.7709303478150777,0.8928290568588029,0.7582021411830075,0.8556487499609201,0.7609234854912343,0.8881921346159339,0.8993441585110624,0.8555851371732904,0.8927628053534207,0.8928334386856616,0.8925469580528511,0.8662994894933566,0.8925469580528507,0.7824896847332625,0.8563579927205185,0.7949261409319086,0.8927530543367709,0.8868830313008444,0.8877538361047347,0.8901244554084073,0.7949261409319079,0.8454708344674497,0.8829534370669554,0.8649264072429961,0.7949261409319077,0.8993859001636649,0.8858708736618066,0.8788441484028486,0.8648849051993696,0.7830543538548544,0.8994301614612449,0.743155357249276,0.8649264072429974,0.8556487499609214,0.8901244554084078,0.8866029205590704,0.8419643178552656,0.8881921346159339,0.8331385226442853,0.8881921346159334,0.7710586209558902,0.8871965978334933,0.7719196474669274,0.8877687066544044,0.7890443307776291,0.794829981735197,0.8928334386856618,0.8896202578516645,0.8866029205590704,0.890124455408408,0.8925271332635591,0.8866029205590703,0.8928334386856617,0.7434010037568388,0.7742699418177235,0.8925469580528511,0.8389083674296467,0.8978892420296953,0.8877538361047342,0.8378061672399387,0.7389441697059707,0.8819925920227298,0.8858271050337632,0.8789143033863671,0.7436949706525764,0.8831957053519464,0.8927530543367712,0.8532883804570868,0.775491014366108,0.8995076439050125,0.8441371884165911,0.8882405676025281,0.7389441697059707,0.803343767542491,0.8648849051993692,0.8449428371291829,0.8927530543367712,0.898511367984831,0.7431553572492761,0.8792937567144004,0.8532883804570865,0.8520426657512323,0.855585137173289,0.8988790547240924,0.8882405676025279,0.7773062564090278,0.8925223582536764,0.8331850352335054,0.8727735045906474,0.8925406664476425,0.8987456660957904,0.8890806990515705,0.8992001084281684,0.7948299817351974,0.8649264072429976,0.8440100549077485,0.8555851371732892,0.8532883804570868,0.8925406664476427,0.8661355557769339,0.7393463989247276,0.8260451715970448,0.7393463989247275,0.7434010037568392,0.8858708736618068,0.8866201866663984,0.7967262983452481,0.8992998180836744,0.8372362720507303,0.8869442205775827,0.8866201866663984,0.7672694669784523,0.8925223582536765,0.8978752129203429,0.8662994894933564,0.7728220692346663,0.796338831601254,0.8504776663537386,0.8531379786103814,0.7751443882104555,0.8348032229157554,0.8989748586292599,1.0,0.892829056858803,0.8770904501966224,0.7813367167934839,0.7893970049091417,0.8858771677455473,0.8845380164126582,0.899453032567191,0.8858708736618063,0.7830020555934984,0.8992277715131995,0.8925271332635598,0.8858271050337635,0.8393280262950282,0.898349403985931,0.8991027485644039,0.8280924765520319,0.8869795953657644,0.8898393397417559,0.7389441697059702,0.8927628053534202,0.8925271332635596,0.8255610724643606,0.7431553572492761,0.7393463989247276,0.8828782520382115,0.8991716065909112,0.8855882014366163,0.8925406664476425,0.8662994894933562,0.8556487499609211,0.8050076284079846,0.7967262983452483,0.8403212345197664,0.856843008783204,0.8925223582536763,0.8874508443343804,0.8877687066544047,0.8858271050337633,0.7610336417651178,0.7963388316012541,0.8143910424314997,0.8866201866663986,0.8531379786103815,0.8985435938128739,0.7434010037568388,0.8837800350037861,0.8309383039378928,0.8466303440091485,0.8988150841655669,0.8661355557769338,0.8531379786103817,0.8894263703385306,0.8901244554084073,0.8985838782256255,0.8989130100985666,0.8927628053534201,0.8995833217665155,0.7993634003736279,0.8648849051993692,0.8877538361047342,0.7963388316012541,0.8511984204872207,0.8980770177604114,0.8928290568588033,0.8877687066544042,0.8661355557769339,0.8819037311966933
ad5b24fa24f2d2e1,0.8037503592709078,0.7145456469202207,0.8016788362314509,0.8957207945380037,0.7168112526031134,0.8532323220150922,0.7264279297096798,0.9000000000000001,0.7077903266742475,0.8643214730821098,0.7132473017935712,0.8956818303811145,0.8928713103678514,0.8642688043790359,0.8999944002781033,0.8999999804227806,0.89969916748851,0.8744425930411508,0.89969916748851,0.7312493699802847,0.8216387327058359,0.8017539969924539,0.8999943581884372,0.8661225697468692,0.8952237431439427,0.8971630655087826,0.8017539969924539,0.8071416595442307,0.8631081489055685,0.8730141723640509,0.8017539969924546,0.8931773148288197,0.8936812339727832,0.855529841709797,0.8729874697843643,0.7327590837068905,0.8936689059302613,0.7498594888152165,0.8730141723640494,0.8643214730821106,0.8971630655087823,0.8942595872704573,0.8037763011100854,0.8956818303811147,0.7940875065318918,0.8956818303811145,0.7221177998295522,0.8678295995112917,0.725411471779847,0.8952280091832779,0.739568692249807,0.8016788362314503,0.899999980422781,0.8694911262839589,0.8942595872704571,0.8971630655087824,0.8996708546718304,0.8942595872704571,0.899999980422781,0.7501010213376325,0.7212125762764473,0.8996991674885102,0.8036782113681928,0.8910606549812485,0.8952237431439423,0.8034230951253789,0.7460216317266101,0.8601119553560859,0.8936595807907886,0.8560958549924536,0.6900340499794735,0.8600532224444881,0.8999943581884379,0.8622414127113396,0.7237918847747185,0.8924932401312403,0.804848170067614,0.8957207945380041,0.7460216317266101,0.7558391883778226,0.8729874697843643,0.811225481657439,0.8999943581884379,0.8913500342937838,0.7498594888152168,0.8556206741284632,0.8622414127113393,0.8160544565811081,0.864268804379036,0.8912190063342058,0.8957207945380041,0.7312772548655082,0.8996711590275547,0.7966177827479919,0.8467556688803409,0.8996975873349593,0.8937827518666501,0.8682847216992835,0.8922377611715032,0.8016788362314508,0.8730141723640493,0.8084944706307025,0.8642688043790359,0.8622414127113395,0.8996975873349597,0.8742903343729481,0.7463622881315773,0.7882652731544961,0.7463622881315776,0.7501010213376325,0.8936812339727827,0.8942680779687788,0.8037503592708846,0.8939102776101846,0.7990382972436254,0.8646745695280033,0.8942680779687787,0.7211688161828382,0.8996711590275548,0.8925858600852764,0.87444259304115,0.7230788076746283,0.8033684732706635,0.8149470019143652,0.8621287311565993,0.7241933557674283,0.7957758106013141,0.8934692535097253,0.892829056858803,1.0,0.8537089351649438,0.7362202202603609,0.7423186526100947,0.8645724558742327,0.8618903871367682,0.8929057301967249,0.8936812339727827,0.737583006889095,0.8936628445363644,0.8996708546718308,0.8936595807907891,0.8040859096324058,0.8911452560169963,0.8932091731591216,0.7897389989297536,0.8640216213392944,0.8695423485312788,0.7460216317266097,0.8999944002781034,0.8996708546718309,0.7856684183379747,0.7498594888152168,0.7463622881315772,0.8616868896551843,0.89354875211659,0.8612441427629394,0.8996975873349589,0.87444259304115,0.8643214730821104,0.7584119492318784,0.8037503592708846,0.7994173762076134,0.8216495750853277,0.899671159027555,0.8671681925125831,0.895228009183278,0.893659580790789,0.7114952033729176,0.8033684732706634,0.7723560539173716,0.8942680779687792,0.8621287311565993,0.8914420136540766,0.7501010213376322,0.863078303795427,0.7929476066007781,0.8116607533635181,0.8933695711675447,0.874290334372948,0.8621287311565993,0.8684038336691646,0.8971630655087826,0.8928100201175191,0.8926802937784997,0.8999944002781035,0.8935841757946266,0.7518994547213438,0.872987469784364,0.895223743143942,0.8033684732706632,0.8147414618734925,0.889752153677455,0.9000000000000002,0.8952280091832777,0.8742903343729473,0.8581949488512017
addc49a277ec49d0,0.8100090175686986,0.8403405162328621,0.808777634750784,0.8588190781093881,0.8356676383841998,0.8975200743205798,0.8372451212333987,0.8537089351649454,0.837890473118206,0.8514426048232588,0.8448327797483983,0.8587892625452449,0.8761404864187667,0.8514037619636169,0.8539001532899688,0.8537134709456697,0.8517850869810024,0.8536307907780314,0.8517850869810022,0.841214364086805,0.8833326153831171,0.808915540735388,0.8538900585776892,0.8904311017953364,0.8588677461216895,0.8414537728162945,0.8089155407353906,0.8782373816407404,0.8884434759975757,0.8530281037642886,0.8089155407353901,0.8741534346026361,0.8611131973216507,0.8910163157144095,0.852955030211349,0.843963595064681,0.8730821437430716,0.7772280530097834,0.853028103764284,0.851442604823258,0.8414537728162933,0.8613086983541336,0.8783781549646148,0.8587892625452463,0.8771001083371242,0.8587892625452457,0.8434157694775708,0.8937093866849157,0.8352861845393227,0.8589063480618462,0.8438230817350296,0.8087776347507833,0.8537134709456711,0.889704095573665,0.8613086983541328,0.8414537728162936,0.852035604594317,0.8613086983541323,0.853713470945671,0.7773860866317424,0.8365816483122633,0.8517850869810035,0.8753283825372271,0.8766762931054504,0.8588677461216945,0.8745641260510477,0.7735248861703391,0.8981835425976347,0.8610757284836952,0.8894574938722482,0.8209655135893409,0.8966166172464077,0.8538900585776892,0.849835068150921,0.8326551184390591,0.8782205089044842,0.8769546114590945,0.8588190781093887,0.773524886170339,0.853452903336652,0.8529550302113512,0.8835202243787198,0.8538900585776877,0.8833982689851239,0.7772280530097837,0.8918315001731588,0.8498350681509221,0.879262206565351,0.8514037619636154,0.8820292254580586,0.8588190781093883,0.8393873438481964,0.852018912386714,0.8843159047705925,0.8902884295263219,0.8517849465868679,0.8751167286642011,0.8887959789547901,0.8792961350886908,0.8087776347507819,0.8530281037642841,0.8785168216557743,0.8514037619636152,0.8498350681509199,0.8517849465868679,0.853507005025272,0.773874646477337,0.8841276589558607,0.7738746464773371,0.7773860866317426,0.8611131973216496,0.8613209883259564,0.8100090175686759,0.8731018167139122,0.8835004295281397,0.8900241454562293,0.8613209883259552,0.8323561495520801,0.8520189123867128,0.8739401255234631,0.8536307907780333,0.8356704776667421,0.8096940077609001,0.8820400974626433,0.8497093552450095,0.8445051436562682,0.8755118997405129,0.87202569954622,0.8770904501966224,0.8537089351649438,1.0,0.8425365114075278,0.8387509665637887,0.8917940702116643,0.89124017574506,0.8744668941488383,0.861113197321649,0.839131719853266,0.8724846773935172,0.8520356045943142,0.8610757284836946,0.8788026730726256,0.8782517727488693,0.8775916622731743,0.8722754763396752,0.8903949139413725,0.8884803660783204,0.7735248861703401,0.8539001532899707,0.8520356045943154,0.8795840469466039,0.7772280530097837,0.7738746464773374,0.8927256373897393,0.8746345801879325,0.8933751977355573,0.8517849465868691,0.8536307907780325,0.851442604823258,0.8553032215265284,0.8100090175686759,0.8787209510825218,0.882467505617381,0.8520189123867119,0.8920264389705066,0.8589063480618475,0.8610757284836944,0.8315770589792686,0.8096940077609007,0.8654503873342634,0.8613209883259573,0.8497093552450091,0.8781686938708421,0.7773860866317428,0.8895947248512163,0.8731597796360127,0.881924203955639,0.8744163444439009,0.8535070050252719,0.849709355245009,0.8895289258057365,0.8414537728162935,0.8749610139072146,0.8799749366945493,0.853900153289972,0.8760954266655607,0.8544419390314543,0.8529550302113501,0.8588677461216951,0.8096940077609003,0.8795521089735219,0.8802411882921289,0.8537089351649444,0.8589063480618473,0.8535070050252719,0.8924624944245622
aed06bdac6209264,0.7678227663286564,0.8725024160296146,0.7683150129039693,0.7517933586910799,0.8466616065164947,0.8437679481486784,0.8591896048811978,0.7362202202603614,0.872892374422666,0.7693839224303161,0.8741222004691314,0.7518310886216001,0.7783636294859293,0.7694120853294224,0.736800216277065,0.7362119206101481,0.733233466671738,0.7657370924086676,0.7332334666717379,0.8752318386876077,0.8569024698194967,0.7683534420691495,0.7367973650223902,0.8291211669469964,0.7528077180429225,0.7152137410570949,0.7683534420691498,0.8657862158961851,0.8165988225841136,0.7665755865030217,0.76835344206915,0.7757094132241001,0.7577036841151945,0.8296205115483539,0.7665591284271784,0.872658269581287,0.7744016200263611,0.7535641500877535,0.7665755865030197,0.7693839224303165,0.7152137410570943,0.7570663430118367,0.8646468772114086,0.7518310886216008,0.8514544364131682,0.7518310886216004,0.8718505741450777,0.8230975824698816,0.8504344909412132,0.7528229972841363,0.871574637359802,0.7683150129039693,0.736211920610148,0.8222470287239925,0.7570663430118364,0.715213741057094,0.7339154255449372,0.7570663430118364,0.7362119206101482,0.7535818820966753,0.883962151067832,0.7332334666717386,0.8481157373921792,0.7736782435328546,0.7528077180429235,0.8444841711274923,0.7510489130700209,0.8372309532699916,0.7576940383657522,0.820344922687254,0.8441720989194308,0.8366190083260516,0.7367973650223911,0.7690592527379364,0.8682938867074804,0.785877401240153,0.863828741832148,0.7517933586910807,0.7510489130700211,0.8719989960254264,0.7665591284271789,0.8572884037048667,0.7367973650223907,0.7857789376558308,0.7535641500877539,0.8261791682863546,0.7690592527379363,0.8691075160827377,0.7694120853294226,0.7863094664487347,0.7517933586910809,0.8561995375052154,0.7339062627800771,0.8702299750015985,0.8309595034464816,0.7332580359792198,0.7708034349614491,0.8242383858457544,0.7806341587204451,0.768315012903969,0.7665755865030197,0.8839005513039969,0.7694120853294225,0.7690592527379356,0.73325803597922,0.7657544172180897,0.7512465533259997,0.8718086271338572,0.751246553326,0.7535818820966753,0.757703684115194,0.7570454532624521,0.7678227663286344,0.7713162076901058,0.8686115652572901,0.8308029212726344,0.7570454532624518,0.8467659870814679,0.733906262780077,0.7694092173579516,0.7657370924086685,0.8879741216386905,0.7677725169418417,0.8638609940194651,0.7690071308491966,0.8564879850615388,0.8808667730888035,0.7697517059463724,0.7813367167934839,0.7362202202603609,0.8425365114075278,1.0,0.8792542486483985,0.8444323799207788,0.832793204052292,0.7749050789998837,0.7577036841151938,0.894929242902089,0.7716348731046114,0.7339154255449367,0.7576940383657517,0.8878630918952668,0.7772447530380269,0.7866290313658084,0.8545317145822197,0.8295086433360908,0.8202518536508652,0.7510489130700209,0.7368002162770657,0.7339154255449369,0.872399795368652,0.7535641500877537,0.7512465533260005,0.8492153957267,0.7757799286456399,0.8408154278406599,0.73325803597922,0.7657370924086682,0.7693839224303166,0.8705725262090189,0.7678227663286344,0.8770073658313862,0.8563771120976515,0.733906262780077,0.8213731019299398,0.7528229972841365,0.7576940383657517,0.8551091411222094,0.7677725169418416,0.8495634465094073,0.7570454532624527,0.7690071308491964,0.7788198957349018,0.7535818820966756,0.8206762554806181,0.8443465007102737,0.8537576909128768,0.7705100626448276,0.7657544172180897,0.7690071308491961,0.830391965210579,0.7152137410570942,0.7720627272095959,0.7802300033540931,0.7368002162770657,0.7830205672963149,0.8783054331660287,0.7665591284271785,0.752807718042924,0.7677725169418416,0.8600899608480452,0.7817816422765536,0.7362202202603607,0.7528229972841364,0.7657544172180893,0.8464402582423194
af0368c7ad3735bc,0.742927083811215,0.8738994161011984,0.7429946605897371,0.7508217194617876,0.8497750434736651,0.8420022931732255,0.8795349228084093,0.7423186526100951,0.8636492286232947,0.7515341335073141,0.8623565086490397,0.7508380219674993,0.7853279520897408,0.7515012324937558,0.7426370675616477,0.7423238827542805,0.7400554001713582,0.753211712857742,0.7400554001713602,0.8777768527463201,0.8663343413181162,0.7430622374302138,0.7426247537427131,0.8276236959988593,0.7514531770770323,0.7272342949950992,0.7430622374302172,0.8688223234704917,0.8283498568859243,0.7535579575937501,0.7430622374302158,0.7843743976673393,0.7539833550758726,0.8346455056385461,0.7535322385320595,0.8690373843665816,0.7862743787975208,0.7140621197640818,0.7535579575937456,0.7515341335073127,0.7272342949950973,0.7539053436402776,0.8624611051592718,0.7508380219675019,0.8523538322379696,0.750838021967501,0.8766080629930384,0.8362764242980272,0.8601982482581313,0.7514699166585357,0.8797067440796116,0.7429946605897375,0.7423238827542818,0.8313946436922345,0.7539053436402774,0.7272342949950975,0.7405479970603634,0.7539053436402763,0.7423238827542821,0.714205219261506,0.8874051324252674,0.7400554001713597,0.8577001709529031,0.7829197763675924,0.7514531770770374,0.8570711370327144,0.7107331431773267,0.8409725466097178,0.7539454233699189,0.8266586881127119,0.8448596253672993,0.8425349444425334,0.7426247537427138,0.7503588165634547,0.8908012446875271,0.7887140561162072,0.8809153479381213,0.7508217194617886,0.7107331431773263,0.8832592070353086,0.7535322385320622,0.8732048215500013,0.7426247537427126,0.789998158560175,0.7140621197640831,0.8300406999558065,0.7503588165634557,0.8847936223119743,0.7515012324937524,0.7915719258279016,0.7508217194617879,0.8794678096559814,0.7405391522487357,0.8714127546521396,0.8357021011169706,0.740071943684036,0.7828395745998389,0.8332100508997722,0.7894538104601045,0.742994660589736,0.7535579575937461,0.8793567310969206,0.7515012324937527,0.750358816563453,0.7400719436840357,0.7531854637679258,0.7110640242913033,0.8620607844705825,0.7110640242913031,0.7142052192615056,0.7539833550758712,0.7539168287571856,0.7429270838111934,0.7815795604458695,0.8728577382955691,0.8361911618151159,0.7539168287571847,0.8611609599671367,0.7405391522487341,0.7810548441654869,0.7532117128577434,0.8693686787759403,0.7427854934467153,0.8567603523442895,0.7502419394979194,0.8567674147110318,0.8661115661536197,0.780654639389039,0.7893970049091417,0.7423186526100947,0.8387509665637887,0.8792542486483985,1.0,0.8443172757231462,0.8345701748931963,0.787224106234248,0.7539833550758708,0.8893687394247798,0.782025221471544,0.7405479970603617,0.7539454233699185,0.8709701927034522,0.7852411322841351,0.7886242308875738,0.8564069465258183,0.8433027129335697,0.8304127073753609,0.7107331431773274,0.7426370675616495,0.7405479970603627,0.8652089037678206,0.7140621197640824,0.7110640242913033,0.8407059784135176,0.7811916233966099,0.8453180253602084,0.740071943684037,0.753211712857743,0.7515341335073127,0.8823332938559061,0.7429270838111934,0.8795620945448428,0.866535752621878,0.7405391522487337,0.8359869378583555,0.7514699166585372,0.7539454233699183,0.8550930959811145,0.7427854934467163,0.8513711821263242,0.7539168287571869,0.750241939497919,0.7874428957485347,0.714205219261506,0.8306947721723126,0.8483251043804121,0.8719539713898565,0.7831810035388798,0.7531854637679256,0.7502419394979187,0.8432534221969026,0.7272342949950983,0.7829386999431011,0.7880038601808754,0.7426370675616507,0.78899538504081,0.8684541944514275,0.7535322385320611,0.7514531770770381,0.7427854934467155,0.8681851333139088,0.7902543386029994,0.7423186526100953,0.7514699166585375,0.7531854637679252,0.8395795596039558
b0e62e4e3130fe92,0.8098026051103568,0.8215160425264881,0.8085869254414929,0.8671214644903957,0.8229409136641721,0.8924990098853638,0.8234337331187837,0.8645724558742335,0.8179474778572776,0.8523010560913074,0.8204481173210992,0.8670951104329969,0.8842749766099137,0.8522681174485727,0.8647022806373619,0.8645730347919894,0.8631292077281364,0.8574821113845232,0.8631292077281367,0.838932816534603,0.8846208778530207,0.8086453392889936,0.8646934944864041,0.8951581667344959,0.8670848928551049,0.8548585974781129,0.8086453392889954,0.8792252244375451,0.8894023854000428,0.8567357732251237,0.8086453392889952,0.883295346495995,0.8679648153140158,0.8904343128484139,0.8567106157235943,0.8384224885445984,0.8832561316095863,0.7697372108757535,0.8567357732251214,0.8523010560913078,0.8548585974781117,0.8683104869611933,0.8765020628336415,0.8670951104329985,0.8697064501407107,0.8670951104329978,0.8265270666050627,0.8925013548923599,0.8263231214874307,0.8670958401661979,0.8416565666174294,0.8085869254414926,0.8645730347919903,0.894589445013567,0.8683104869611926,0.8548585974781118,0.863325434611097,0.8683104869611922,0.8645730347919904,0.7699086175864769,0.8354078470977977,0.863129207728137,0.8708249310136584,0.8827564891500361,0.8670848928551076,0.8699053859488999,0.7658314846929974,0.8939482075964017,0.8679284201248526,0.8882939613726547,0.8051475218915338,0.8936599196783552,0.8646934944864043,0.8504521234910832,0.8307417760614673,0.8870587755981013,0.8775593999049403,0.8671214644903968,0.7658314846929976,0.8530095185108408,0.8567106157235953,0.8753040090561157,0.8646934944864033,0.8861459909732872,0.7697372108757541,0.890760132097858,0.8504521234910836,0.8852327402700021,0.8522681174485716,0.8864263154658978,0.867121464490396,0.8265351151219982,0.8633208482681429,0.8717333139061058,0.8872373151967274,0.8631308143935542,0.881307429636224,0.8938838195285894,0.8846527920160936,0.8085869254414919,0.8567357732251215,0.8854125508358925,0.8522681174485716,0.8504521234910823,0.8631308143935544,0.8573637268768765,0.7661899105883416,0.8663932004326558,0.7661899105883418,0.7699086175864771,0.867964815314015,0.8683155514332108,0.8098026051103342,0.8821165337699612,0.8727618878631037,0.8949590893571358,0.8683155514332099,0.8231363309088281,0.8633208482681425,0.8810576930927094,0.8574821113845241,0.8349511571445394,0.8094948433262578,0.88303069541458,0.8503241029984366,0.8324192671934849,0.8767222820921594,0.8812724699589475,0.8858771677455473,0.8645724558742327,0.8917940702116643,0.8444323799207788,0.8443172757231462,1.0,0.8941276390700363,0.8831771529812158,0.8679648153140147,0.8460161877962482,0.8816635177126342,0.863325434611096,0.8679284201248525,0.8819471151499223,0.8843864450390612,0.8870448477518657,0.8656336518878045,0.894705560280655,0.8938760230771345,0.7658314846929979,0.8647022806373628,0.8633254346110966,0.866002575463231,0.7697372108757544,0.7661899105883421,0.8985954457039069,0.8836073083091245,0.8978620149941081,0.8631308143935547,0.857482111384524,0.8523010560913074,0.8538954976165132,0.809802605110334,0.8796899821414387,0.8845487386356181,0.8633208482681418,0.8917102806889468,0.8670958401661987,0.8679284201248525,0.8202624204525463,0.8094948433262584,0.8551108458795471,0.8683155514332113,0.8503241029984363,0.8844633160775328,0.7699086175864774,0.8905878513532535,0.865507914474195,0.8748738147813651,0.8810263795318242,0.8573637268768761,0.8503241029984362,0.897123451738896,0.8548585974781118,0.8820486928478395,0.8847848390788216,0.8647022806373632,0.8865781470686006,0.8526703527695537,0.8567106157235946,0.8670848928551076,0.8094948433262581,0.8807811999480301,0.8854303432700513,0.8645724558742331,0.8670958401661988,0.8573637268768755,0.8970690222478858
b1c810bf65a4deeb,0.8048071987870554,0.8136558780651321,0.8034620933973396,0.864806742110936,0.8285308706041051,0.8919852236084754,0.8140023291792394,0.8618903871367678,0.8153625013815223,0.8469187951065329,0.8166443692718353,0.86477764724882,0.886008377968088,0.8468659224038304,0.8619347808677101,0.8618961984247357,0.8610043166215133,0.8545339895378196,0.8610043166215129,0.8461506474117833,0.8887345902042079,0.8035130821928675,0.8619218881186352,0.8981571473424044,0.8647069451723908,0.8528107828950824,0.803513082192866,0.8854678237593742,0.8910333923210314,0.8536818444063837,0.8035130821928664,0.8840793401793967,0.8641114654168279,0.8945508430490101,0.8536603167473937,0.8492516341006322,0.881098021662992,0.761390407843533,0.8536818444063843,0.8469187951065338,0.8528107828950828,0.8646405707983021,0.8856168564678982,0.8647776472488183,0.8741785150079391,0.864777647248818,0.8244195822007154,0.8895118742563324,0.8312816408257194,0.8647179005158588,0.847022615819051,0.803462093397339,0.8618961984247362,0.8973040686207279,0.8646405707983024,0.8528107828950828,0.8611716571353598,0.8646405707983028,0.861896198424736,0.7615810125427528,0.8305671840668901,0.8610043166215127,0.8757623571648709,0.8837060679109955,0.8647069451723886,0.8721771114209556,0.7571219661352332,0.891522872482627,0.8640645810789238,0.8919804941056964,0.8141468119820064,0.893668230835075,0.8619218881186358,0.8447704675138992,0.8296156844352882,0.8850833503331846,0.8778166475152824,0.8648067421109354,0.7571219661352335,0.8556114554205452,0.8536603167473931,0.8696992027498129,0.8619218881186363,0.8853192834323453,0.7613904078435331,0.8938528965107527,0.8447704675138986,0.8792581156829238,0.8468659224038301,0.8854177966941421,0.8648067421109358,0.8251964727463451,0.8611665252984599,0.8670818782232831,0.8927195789239599,0.8610051904258454,0.8793560078889195,0.8967588319455999,0.8839800169771626,0.8034620933973402,0.8536818444063841,0.8755145202022625,0.8468659224038305,0.8447704675138998,0.8610051904258456,0.8544077837564675,0.757513397684775,0.8647055371078787,0.757513397684775,0.7615810125427529,0.8641114654168287,0.8646576872388071,0.8048071987870318,0.8825224133193357,0.8722355493517728,0.8988420859194012,0.8646576872388074,0.8246919130519413,0.8611665252984607,0.8810142078116825,0.8545339895378186,0.8277400101536126,0.804481056107436,0.8877212189298819,0.8446229858431786,0.836963930070564,0.8721597798499556,0.8811737983731331,0.8845380164126582,0.8618903871367682,0.89124017574506,0.832793204052292,0.8345701748931963,0.8941276390700363,1.0,0.8826102125474706,0.8641114654168284,0.8313794018891105,0.8819899550028527,0.8611716571353611,0.8640645810789241,0.8740001100915666,0.8850093716725188,0.8841156540786428,0.871595854037321,0.8951279481653924,0.8955987307813729,0.7571219661352326,0.8619347808677088,0.8611716571353606,0.8648996452538886,0.7613904078435331,0.757513397684775,0.8937685254252359,0.8840774539708813,0.896521511046293,0.8610051904258452,0.854533989537819,0.846918795106534,0.8581505512739878,0.804807198787032,0.877097357624447,0.8873158322601857,0.8611665252984604,0.8921637309047492,0.864717900515859,0.8640645810789243,0.8265418055042035,0.8044810561074359,0.8631646930171597,0.8646576872388068,0.8446229858431786,0.8855817959963121,0.7615810125427527,0.8939588727486958,0.8708379469757471,0.875032673894864,0.8805582789517049,0.8544077837564672,0.8446229858431787,0.8937989966415618,0.8528107828950829,0.8827987930685666,0.8831068174835192,0.8619347808677083,0.8832622289558325,0.8578804859654946,0.8536603167473937,0.8647069451723878,0.804481056107436,0.885554239971649,0.8871422805803045,0.8618903871367682,0.8647179005158585,0.8544077837564669,0.894401266332314
b2a0b5fb2b50a8d6,0.7919237854390255,0.7578129433832423,0.7900081433197528,0.887614034716119,0.7633156487093697,0.8753462409141646,0.7685453119819998,0.8929057301967248,0.7533462860546751,0.8522007725181224,0.7560834643389704,0.8875682435241355,0.8989817074237509,0.8521337432644569,0.8927963653034204,0.8929110485837815,0.8928784567205321,0.8641391951808846,0.8928784567205335,0.7789224681321594,0.8545515768908113,0.7900965043751983,0.8927861880065302,0.8846424637119403,0.8870979512963544,0.8910893585075575,0.7900965043751991,0.8427708210147321,0.882792011843373,0.8627259553952098,0.790096504375199,0.8992774575180278,0.8845089217046607,0.8769191361276325,0.8626876751865367,0.7789358242098655,0.8996471752593556,0.7354336287989371,0.8627259553952082,0.8522007725181224,0.8910893585075574,0.8853320138249365,0.8386677603856012,0.8875682435241362,0.8304302544434241,0.8875682435241355,0.7679834610948459,0.8864590679702944,0.7682789715372146,0.8871112582008231,0.7866853858523127,0.7900081433197523,0.8929110485837819,0.8887133435068792,0.8853320138249363,0.8910893585075579,0.8928430902920838,0.8853320138249359,0.8929110485837821,0.7356836286626377,0.7690595563285507,0.8928784567205339,0.8364346713112111,0.897908333451062,0.8870979512963566,0.8368671754069094,0.7311039649319954,0.8802370039739668,0.8844636499646676,0.8777071141602844,0.7391714316145895,0.8818344555383111,0.8927861880065309,0.8497070826526267,0.7748021679916586,0.8982432832681789,0.8435825135623243,0.8876140347161188,0.7311039649319955,0.8016198304881612,0.8626876751865376,0.8432056172160043,0.8927861880065302,0.8977869248879712,0.735433628798938,0.8777706962108305,0.8497070826526272,0.8503425013766321,0.8521337432644567,0.8982239764619839,0.8876140347161185,0.7762120750340409,0.8928389171759364,0.8301273245878107,0.8706964547818614,0.8928733739560359,0.898996614024881,0.8884859654191517,0.8991197317143731,0.7900081433197519,0.8627259553952085,0.8395382084614308,0.8521337432644565,0.8497070826526261,0.8928733739560362,0.8639796109627231,0.7315087699343255,0.8219107137923313,0.7315087699343255,0.7356836286626376,0.8845089217046602,0.8853513673481657,0.7919237854390031,0.8994166046739025,0.8347518063807573,0.8855088487667316,0.885351367348165,0.7656781036016514,0.8928389171759359,0.8983985144638775,0.8641391951808852,0.7652413564100946,0.791544428835367,0.8467155491931169,0.8495535073518847,0.7717239837590868,0.8286126997309822,0.899358063376509,0.899453032567191,0.8929057301967249,0.8744668941488383,0.7749050789998837,0.787224106234248,0.8831771529812158,0.8826102125474706,1.0,0.8845089217046597,0.7774979746581383,0.8995359487836814,0.8928430902920834,0.884463649964668,0.8339480491843655,0.898185066774648,0.898022699340862,0.8245982506045269,0.8869375196213778,0.8894523844671847,0.7311039649319953,0.8927963653034211,0.8928430902920836,0.8214924496992826,0.7354336287989378,0.7315087699343257,0.879458736782694,0.8986587428707598,0.8831743002048472,0.8928733739560362,0.864139195180885,0.8522007725181222,0.8026998123191071,0.7919237854390028,0.836177476700533,0.8556835635894566,0.8928389171759359,0.887326922256971,0.8871112582008238,0.8844636499646676,0.7563514010202439,0.7915444288353675,0.8108301865216297,0.885351367348166,0.8495535073518853,0.8982246326013428,0.7356836286626378,0.882640043177525,0.8285208199411411,0.8458740174742492,0.8993382834685111,0.8639796109627232,0.8495535073518852,0.8886488046549728,0.891089358507558,0.8986570417451683,0.8986471734723414,0.8927963653034214,0.8988767130534756,0.7946486082561872,0.8626876751865369,0.887097951296357,0.7915444288353672,0.8496325321224694,0.8976635274940159,0.8929057301967256,0.8871112582008239,0.8639796109627229,0.8780163186145598
b379e6b3760b8c98,0.8420618866167857,0.7375519999203101,0.8403159903764972,0.8981950525161329,0.7362207467562119,0.8581355006967974,0.7448313401005833,0.8936812339727831,0.7291446140451349,0.887842944113214,0.7385929633044193,0.8981886446507485,0.8862022126733022,0.8878104412706056,0.893963460132237,0.8936782364461096,0.8920764186205485,0.8916302610317088,0.8920764186205479,0.7467831671066408,0.8287718975367044,0.8403747468370751,0.8939710282565729,0.868112422962976,0.8981079112934254,0.8824654714987896,0.8403747468370745,0.815021869249432,0.8635934000947081,0.8907115058918691,0.8403747468370744,0.8850283303080781,0.9000000000000004,0.8589445182997129,0.89069711409652,0.7510039201925733,0.8850707359752665,0.8014476938784449,0.8907115058918673,0.8878429441132147,0.8824654714987898,0.8999739686067695,0.8147454870196074,0.8981886446507489,0.8057685819469025,0.8981886446507487,0.7405545482756272,0.8683589320608358,0.745787622734242,0.8981067751488143,0.7532925716404864,0.8403159903764968,0.8936782364461099,0.8689646949383236,0.8999739686067696,0.8824654714987896,0.8922511287037478,0.8999739686067698,0.89367823644611,0.8016447037002762,0.7384660487364468,0.8920764186205483,0.8144716317382328,0.8840040102624533,0.8981079112934252,0.8134390087818384,0.7983066842974718,0.864585985895083,0.8999998594351106,0.8578933344814618,0.7124484506780872,0.8621430762205196,0.8939710282565732,0.8866178936653639,0.7368114800042255,0.8871018798744712,0.8113590527366074,0.8981950525161325,0.7983066842974721,0.7669805272760148,0.8906971140965195,0.8209843313968295,0.8939710282565734,0.8872992345438516,0.8014476938784452,0.8583984535528875,0.8866178936653638,0.8215824764023739,0.8878104412706047,0.8859221276818654,0.8981950525161326,0.7459180559717862,0.8922530636923339,0.8113313500724297,0.8512786734423088,0.8920884776062582,0.886020822335806,0.8663279229386761,0.8854118998565146,0.8403159903764976,0.8907115058918676,0.821129707910517,0.8878104412706047,0.8866178936653645,0.8920884776062583,0.8915324775523017,0.7985820196813147,0.8061067867991872,0.7985820196813149,0.8016447037002766,0.8999999999999999,0.899973712364724,0.8420618866167616,0.8859038429582046,0.8100915144252951,0.8642482054560249,0.8999737123647241,0.7407358738824535,0.8922530636923343,0.8847185416370178,0.8916302610317087,0.7437405859336597,0.8417483951231312,0.8254084078510138,0.8865481271838045,0.7432157140772893,0.8097719817487854,0.8842098407893701,0.8858708736618063,0.8936812339727827,0.861113197321649,0.7577036841151938,0.7539833550758708,0.8679648153140147,0.8641114654168284,0.8845089217046597,1.0,0.7573158992933515,0.884764052793606,0.8922511287037486,0.8999998594351101,0.8189358560106621,0.8847526300139142,0.8882318931776889,0.8032746311785922,0.8629189701053848,0.8666431855754937,0.7983066842974713,0.8939634601322367,0.892251128703748,0.8000456884532227,0.8014476938784452,0.7985820196813148,0.8670839460037933,0.8868522137679162,0.8630341375980436,0.8920884776062578,0.8916302610317082,0.8878429441132145,0.7723516524773901,0.8420618866167618,0.809873137636256,0.8257910753856945,0.8922530636923345,0.8657850915524532,0.8981067751488141,0.89999985943511,0.7340460814013188,0.841748395123131,0.7867374271063511,0.8999737123647241,0.8865481271838048,0.8851055029901125,0.8016447037002763,0.8641183679156319,0.8039863631976443,0.8184530180499744,0.8847160455465708,0.8915324775523011,0.8865481271838047,0.8667356970838911,0.8824654714987894,0.8851892902805362,0.8869448757352405,0.8939634601322366,0.8874545898009593,0.7694192241497513,0.8906971140965194,0.8981079112934252,0.8417483951231308,0.8206206487881791,0.8841148779263674,0.8936812339727828,0.8981067751488135,0.8915324775523011,0.8628826973563752
b3d36edf740b2db6,0.765373170662879,0.8742164722731085,0.7656959773606166,0.751826097483163,0.8437377373680401,0.8408127147028647,0.8683332485265288,0.7375830068890931,0.8680934657794367,0.7660133037624608,0.8690934355551401,0.7518504011684524,0.7787040436220051,0.7660248809272231,0.7381257965136522,0.7375781588003574,0.7346453203024434,0.7636365239504488,0.7346453203024426,0.8749019154636692,0.8581578165149393,0.7657269110377967,0.7381210045193949,0.8261364535499317,0.7527530194956439,0.7174283678291383,0.7657269110377956,0.8651004398316118,0.8178473670701082,0.7643387650338184,0.7657269110377956,0.7766317786620458,0.7573158992933515,0.8289827184774315,0.7643295908391322,0.8701818843131817,0.7770232188058968,0.7465496985425198,0.7643387650338178,0.7660133037624622,0.7174283678291372,0.756766007821589,0.8621506869640246,0.7518504011684524,0.8483356540836967,0.7518504011684521,0.8716885499416626,0.8267010729868169,0.8540177537871088,0.7527631979173541,0.8734692535855892,0.7656959773606173,0.7375781588003577,0.82321893556264,0.7567660078215892,0.7174283678291373,0.7352850652744835,0.756766007821589,0.7375781588003578,0.7466092080948077,0.8894373744411695,0.7346453203024427,0.8505978846492359,0.774135766979246,0.7527530194956429,0.8459631356177131,0.7438878341924546,0.8374316197384272,0.7573001319635083,0.8191177192854469,0.8410574025370366,0.8361484685971821,0.7381210045193959,0.765541722892745,0.8778005967933884,0.7860451416765959,0.8699053221707684,0.7518260974831632,0.7438878341924544,0.874042928239203,0.7643295908391317,0.8631327179645896,0.738121004519396,0.7850883882565274,0.7465496985425204,0.824376489515849,0.7655417228927448,0.8755171405344517,0.7660248809272214,0.7858979315248773,0.7518260974831628,0.8627609790670421,0.7352782788728545,0.8705547772262803,0.8295502210739324,0.7346643118256705,0.7732874082616963,0.8255126731506717,0.7813479020129009,0.7656959773606173,0.764338765033818,0.8865495295065986,0.7660248809272217,0.7655417228927449,0.7346643118256705,0.7636289739665458,0.7441241915674404,0.8667508005762742,0.7441241915674406,0.7466092080948079,0.7573158992933512,0.7567533764570344,0.7653731706628562,0.7727105714012621,0.8677290843629994,0.830635475309839,0.7567533764570342,0.8491371904487061,0.7352782788728549,0.7709720418450615,0.7636365239504486,0.8864297021661369,0.7652721584422786,0.8589260966697325,0.7654738181900007,0.85313724133646,0.8785833030353785,0.7712972828815184,0.7830020555934984,0.737583006889095,0.839131719853266,0.894929242902089,0.8893687394247798,0.8460161877962482,0.8313794018891105,0.7774979746581383,0.7573158992933515,1.0,0.773260011268619,0.7352850652744841,0.7573001319635084,0.8826934525156662,0.777414392787293,0.7859059195837876,0.8529885825453359,0.8332838523247215,0.8214265976338617,0.7438878341924542,0.7381257965136515,0.7352850652744841,0.8677704108464039,0.7465496985425205,0.7441241915674404,0.8457386466012929,0.7753903326961027,0.842634775621751,0.7346643118256702,0.7636365239504491,0.7660133037624619,0.8730221085818661,0.7653731706628563,0.880044702681656,0.8576708298776586,0.7352782788728545,0.8239941538777078,0.7527631979173539,0.7573001319635086,0.8533215508998406,0.7652721584422788,0.8468709747662683,0.7567533764570347,0.7654738181900007,0.7795235026243943,0.7466092080948079,0.8225661938638705,0.8418826605119658,0.8578805193390214,0.77258122407399,0.763628973966546,0.7654738181900006,0.8343097951521876,0.7174283678291378,0.7738949766417405,0.7812217159571504,0.7381257965136514,0.7846104388832591,0.8726205994035778,0.764329590839132,0.7527530194956426,0.7652721584422788,0.8614205042484924,0.7821563892342384,0.7375830068890937,0.7527631979173544,0.7636289739665449,0.8448957705188738
b5843f597baa26de,0.7905218881971418,0.752118358748507,0.7885283756255688,0.8877962234132581,0.7613404598329478,0.8737178432062633,0.7617989917383046,0.8936628445363654,0.7489937152999451,0.8517278594065399,0.7509820402689108,0.8877410915562098,0.8992232610642591,0.8516556756411381,0.8935362949434414,0.8936687024487736,0.8935708781948106,0.8635999032061902,0.8935708781948093,0.7764577884702992,0.8524551289188018,0.7886172891904529,0.8935255926377748,0.8842316587864143,0.8872203794651893,0.8921542634807441,0.7886172891904524,0.8413975229952534,0.8820188142014307,0.8621047103775952,0.7886172891904525,0.8996322661696607,0.8847640527936061,0.8767401295694763,0.8620657479459065,0.7762382709643418,0.8993979624770234,0.7339215178655492,0.8621047103775925,0.85172785940654,0.8921542634807451,0.8856244729273304,0.8370554134892704,0.8877410915562097,0.8285100648605341,0.8877410915562094,0.762629590711967,0.8841240865842359,0.7659687684671308,0.8872340665460897,0.7848053329517937,0.788528375625569,0.8936687024487734,0.887824384723338,0.8856244729273302,0.8921542634807449,0.8935064772350264,0.8856244729273299,0.8936687024487732,0.7341851459255974,0.7643101530458841,0.8935708781948102,0.8352354531313613,0.8983426519068258,0.8872203794651878,0.8348787306089517,0.7295406367752844,0.8781518881806359,0.884717198202913,0.8774655683320671,0.7367466175164082,0.8799165564639558,0.8935255926377754,0.8491747172272184,0.768537302690192,0.8982281130051829,0.8392643842903158,0.8877962234132577,0.7295406367752848,0.7989452167606473,0.8620657479459063,0.8386779519197602,0.8935255926377754,0.8973867967381641,0.7339215178655493,0.8769553936406311,0.849174717227218,0.8468079224282072,0.8516556756411384,0.8979820587750601,0.8877962234132575,0.770236352532029,0.8935022229657413,0.8261852524270656,0.8701637042187473,0.8935619881096777,0.8985237007726,0.888305850772775,0.8987924508709328,0.7885283756255692,0.8621047103775927,0.8365786705539714,0.8516556756411385,0.8491747172272186,0.8935619881096779,0.8634230610593292,0.7299525859999535,0.8182896163210587,0.7299525859999535,0.7341851459255978,0.8847640527936064,0.8856456993047548,0.790521888197119,0.8995580443093131,0.8310798613791666,0.8850840930100674,0.885645699304755,0.7622911285600117,0.8935022229657418,0.8986155173744518,0.8635999032061897,0.7619178732149055,0.7901132520851198,0.8454147847703901,0.8490177010074699,0.7685991101737907,0.8262846511401128,0.8996382888015685,0.8992277715131995,0.8936628445363644,0.8724846773935172,0.7716348731046114,0.782025221471544,0.8816635177126342,0.8819899550028527,0.8995359487836814,0.884764052793606,0.773260011268619,1.0,0.8935064772350265,0.884717198202913,0.8316884507214161,0.8983372608265778,0.8980498596275219,0.8236382478428557,0.8846582062469801,0.8888766528244845,0.7295406367752844,0.8935362949434409,0.8935064772350263,0.8184339086991195,0.7339215178655495,0.7299525859999536,0.8783694076518486,0.8990017918288706,0.881475018871959,0.8935619881096777,0.8635999032061898,0.8517278594065399,0.7992740948276863,0.7905218881971188,0.832877834915241,0.8541158005557828,0.8935022229657417,0.8853391786951073,0.8872340665460899,0.8847171982029128,0.7544872579062605,0.7901132520851195,0.8093881739547858,0.8856456993047548,0.8490177010074698,0.8986906998507018,0.7341851459255979,0.882367043583683,0.8274731681828136,0.841910940208213,0.8990262428244766,0.863423061059329,0.84901770100747,0.8868566802219748,0.8921542634807442,0.8991087768049343,0.8982482590347327,0.8935362949434406,0.8987214879121959,0.792342965910515,0.8620657479459062,0.8872203794651876,0.7901132520851197,0.8486738236961757,0.8979389201595693,0.8936628445363648,0.8872340665460892,0.8634230610593292,0.8768599724421484
b5e965ec7415eb70,0.8023597501904338,0.7117431631404144,0.800420675570998,0.8957720875412151,0.7127069121475403,0.8514418881837545,0.7233806369019936,0.8996708546718308,0.7045899934810594,0.861455155747695,0.7104351004043499,0.89573847037862,0.8927617484581143,0.8614149222473064,0.8996402238415542,0.8996684985209733,0.899994685187031,0.8739983390328923,0.8999946851870313,0.7298435040299485,0.8197614709189172,0.8004931163541684,0.8996400127063288,0.8650273354198087,0.8953455310313282,0.8975816957106958,0.8004931163541678,0.8059973978088764,0.8614110287270447,0.8726759083694118,0.8004931163541686,0.8931316605907362,0.8922511287037493,0.853848834158043,0.8726493735878322,0.7314030184822186,0.8934714760812708,0.744816377772603,0.8726759083694098,0.8614551557476953,0.8975816957106956,0.8928824905350196,0.8025851575322922,0.8957384703786206,0.7913132648220158,0.8957384703786204,0.7201391228749973,0.8664274775842159,0.7221711814368152,0.8953501802032953,0.7375673240424261,0.8004206755709978,0.8996684985209737,0.8683544864508875,0.8928824905350191,0.8975816957106956,0.8999999999999999,0.8928824905350188,0.8996684985209736,0.7450289781961947,0.7190491425000641,0.8999946851870314,0.8012388225728184,0.8903697737950226,0.8953455310313287,0.8005030145314049,0.7409107116061768,0.8586180883880439,0.892229363239671,0.8540814376837483,0.6864133331254707,0.8590031524499571,0.8996400127063293,0.8593120018484149,0.7225724264038158,0.8919732941245904,0.8037462832376568,0.8957720875412147,0.7409107116061767,0.7543432670807955,0.8726493735878325,0.808819274489967,0.8996400127063292,0.8907870730303684,0.7448163777726035,0.853835300770468,0.8593120018484146,0.8145280519837093,0.8614149222473058,0.8906171884691088,0.8957720875412147,0.7298600468868089,0.8999999649743138,0.794229237230202,0.8448525258882302,0.8999952576593349,0.8934034464602968,0.8674214819528752,0.8919913399712207,0.8004206755709977,0.8726759083694099,0.806509353393771,0.8614149222473059,0.8593120018484147,0.899995257659335,0.8738564688154085,0.7412403913980735,0.7857513417035329,0.7412403913980736,0.7450289781961947,0.8922511287037487,0.8928850019037551,0.802359750190411,0.8936124466168542,0.7973251183380692,0.8640463373877709,0.8928850019037549,0.7172888592618929,0.8999999649743138,0.8920757338898909,0.8739983390328923,0.7202546362139459,0.801997955056929,0.8132065422508028,0.8592008591476138,0.7208580774505959,0.7933360932264785,0.8934055764757625,0.8925271332635598,0.8996708546718308,0.8520356045943142,0.7339154255449367,0.7405479970603617,0.863325434611096,0.8611716571353611,0.8928430902920834,0.8922511287037486,0.7352850652744841,0.8935064772350265,1.0,0.8922293632396714,0.8020222253477215,0.890536449646437,0.89278837662442,0.7870256789734165,0.863383826129853,0.8688906408346994,0.7409107116061764,0.8996402238415542,0.9000000000000002,0.7829131336964961,0.7448163777726033,0.7412403913980735,0.8603352769758206,0.893252035167681,0.8600898862346039,0.8999952576593346,0.8739983390328927,0.8614551557476955,0.7561049469328703,0.8023597501904108,0.7975519449363639,0.8204630653000494,0.8999999649743137,0.86655215017142,0.8953501802032952,0.8922293632396712,0.708107121126285,0.8019979550569287,0.7693764793127189,0.8928850019037553,0.8592008591476138,0.8909007575854602,0.7450289781961946,0.8616764286454384,0.7897020644598722,0.8105002797856018,0.8933428175362376,0.8738564688154083,0.8592008591476136,0.8674867495881626,0.8975816957106952,0.8924283635995303,0.8922361825381429,0.8996402238415542,0.8932306924201582,0.7498560812324839,0.8726493735878321,0.8953455310313286,0.8019979550569286,0.8131971891246096,0.8891028372976147,0.8996708546718313,0.8953501802032948,0.873856468815408,0.8566130705396412
b75873378dffe181,0.8421239211013832,0.7375378132473012,0.8403788101458463,0.8981920369869039,0.7361554030650288,0.8580804966503842,0.7448000130234658,0.893659580790789,0.7290877647898982,0.8878761597498044,0.7385729694525247,0.8981858165565074,0.8861612151094733,0.8878439455974577,0.8939419725203772,0.8936565176606949,0.8920542331094072,0.8916562965684938,0.892054233109407,0.746722161984839,0.8287254741451108,0.8404372326360721,0.8939496580648582,0.8680698300860044,0.8981058292556443,0.8824303587833657,0.8404372326360717,0.814958746858766,0.863540154488625,0.8907385920632804,0.840437232636072,0.8849827769485544,0.8999998594351106,0.8588792409566766,0.8907243729240726,0.7509631668972909,0.8850282338194043,0.8015261123082703,0.8907385920632814,0.8878761597498053,0.8824303587833663,0.8999734439226799,0.8146982203328761,0.8981858165565071,0.8056994241966025,0.8981858165565066,0.7404941738646686,0.86831288485902,0.7457045297319396,0.8981046051926416,0.753222829595853,0.8403788101458465,0.8936565176606949,0.8689180962817475,0.8999734439226802,0.8824303587833662,0.8922293632396703,0.8999734439226803,0.893656517660695,0.801722580382932,0.7384125549647943,0.8920542331094068,0.8143910762484619,0.8839552491449666,0.8981058292556435,0.8133842910614381,0.7983857283227287,0.8645494333069838,0.9000000000000001,0.8578314330228571,0.7123586156146627,0.862086642952101,0.8939496580648587,0.886651889921573,0.7367526739157041,0.887061311629326,0.8112970309118316,0.8981920369869035,0.7983857283227289,0.7669199992842304,0.8907243729240721,0.8209405606471811,0.8939496580648588,0.8872620707475747,0.8015261123082705,0.858336838156002,0.886651889921573,0.8215342229610396,0.8878439455974563,0.8858774886741301,0.8981920369869034,0.7458551295579652,0.8922313329746602,0.8113023472939404,0.8512055720265929,0.892066369841767,0.8859797122196807,0.8662678359708506,0.8853666989757831,0.8403788101458468,0.8907385920632815,0.8211004380976391,0.8878439455974564,0.8866518899215732,0.892066369841767,0.8915588558183059,0.7986601788919658,0.8060754058194178,0.7986601788919662,0.8017225803829323,0.89999985943511,0.8999730307651389,0.8421239211013589,0.8858627318410257,0.8100291328866978,0.8641913282438675,0.899973030765139,0.7406901807120831,0.8922313329746607,0.88467385697416,0.8916562965684934,0.7437017811508442,0.8418110223886164,0.8253673772840109,0.8865826350584733,0.7431466672614007,0.8097266371775638,0.8841630819303246,0.8858271050337635,0.8936595807907891,0.8610757284836946,0.7576940383657517,0.7539454233699185,0.8679284201248525,0.8640645810789241,0.884463649964668,0.8999998594351101,0.7573001319635084,0.884717198202913,0.8922293632396714,1.0,0.8189137773682875,0.8847045260440662,0.8881984308334308,0.803199830279353,0.8628627287386323,0.8665848367389405,0.798385728322728,0.8939419725203767,0.892229363239671,0.7999861656434036,0.8015261123082706,0.7986601788919663,0.8670535557922526,0.8868132577698732,0.8629809745611587,0.8920663698417667,0.8916562965684938,0.8878761597498052,0.7723132194992794,0.8421239211013589,0.8098159204560806,0.8257268200655965,0.8922313329746603,0.8657271020238915,0.898104605192642,0.9000000000000001,0.7339705353769306,0.8418110223886162,0.7866513581166863,0.8999730307651388,0.8865826350584737,0.8850556569675933,0.801722580382932,0.8640499031993345,0.8039181420137174,0.8183877381127902,0.8846702475069506,0.8915588558183055,0.8865826350584738,0.8666868304703317,0.8824303587833657,0.8851380689552542,0.8869080271027925,0.8939419725203765,0.8874177318489441,0.769386083484952,0.8907243729240719,0.8981058292556436,0.841811022388616,0.820551375919476,0.8840614374656518,0.8936595807907888,0.8981046051926416,0.8915588558183054,0.8628369082209888
b75f7969709a3b40,0.7989395456827614,0.8600506236512728,0.7986786032776404,0.8146559376979674,0.8533758852638009,0.8796199503042882,0.8506818479678047,0.804085909632407,0.8609721167590639,0.820449321018663,0.862649810452939,0.8146663732116248,0.8374767552017606,0.8204565481397881,0.8044735302309618,0.8040806647080297,0.8015507087694116,0.8193764115234717,0.801550708769412,0.8719674650838533,0.8827033803506408,0.7987160690758939,0.8044677437103296,0.8732376933569482,0.8152087292331904,0.7871391220361308,0.7987160690758954,0.8855142644195328,0.8627744826508807,0.8195018524240347,0.7987160690758959,0.8351610314363944,0.8189358560106634,0.8714583227514766,0.8194846096189301,0.8713660998539876,0.8337939434068278,0.7765550327954653,0.8195018524240305,0.8204493210186625,0.7871391220361299,0.8187300605783026,0.8846327163035282,0.8146663732116265,0.8769746977806996,0.8146663732116259,0.8624982640738859,0.8654961026326679,0.8540944877288181,0.8152211620152673,0.8697909471816443,0.7986786032776403,0.8040806647080305,0.8674645751059737,0.8187300605783021,0.7871391220361303,0.8020222253477227,0.8187300605783014,0.8040806647080309,0.7766252738553159,0.871848204424388,0.8015507087694124,0.8727739870844606,0.8347961936720267,0.8152087292331942,0.8707001120147777,0.7733493935439103,0.8755577992198293,0.8189137773682876,0.8658018413856654,0.8440003989946654,0.8750475857573038,0.8044677437103294,0.8194294861755005,0.8589963944873642,0.8430134078853478,0.8804045627691932,0.8146559376979685,0.7733493935439106,0.8755807901764809,0.8194846096189314,0.87585115640645,0.8044677437103289,0.8428340489120536,0.7765550327954658,0.8705733104244134,0.8194294861755004,0.886799311708107,0.8204565481397861,0.8431002376302486,0.8146559376979681,0.8518115141917938,0.8020153299915568,0.8836788418185959,0.871497042360748,0.8015657721379845,0.8309303208405633,0.8674146171862396,0.8385942810849718,0.7986786032776396,0.8195018524240308,0.8968985952821396,0.8204565481397861,0.8194294861754987,0.8015657721379849,0.8193340982302831,0.7736210281169221,0.8839037744564464,0.7736210281169222,0.7766252738553154,0.8189358560106624,0.818718191096565,0.7989395456827391,0.8321819702639544,0.8833995194205819,0.872502776324118,0.8187181910965642,0.8509692404906123,0.8020153299915562,0.8309448095050266,0.819376411523473,0.8760660702138008,0.798774493127227,0.8883866666705557,0.819342621099285,0.8634057355095857,0.8929948265124246,0.8306645908209467,0.8393280262950282,0.8040859096324058,0.8788026730726256,0.8878630918952668,0.8709701927034522,0.8819471151499223,0.8740001100915666,0.8339480491843655,0.8189358560106621,0.8826934525156662,0.8316884507214161,0.8020222253477215,0.8189137773682875,1.0,0.8377312607863764,0.843709549278807,0.875705784204682,0.8699091613368969,0.8655443406634439,0.7733493935439107,0.8044735302309628,0.8020222253477222,0.8839844440817202,0.7765550327954658,0.7736210281169227,0.8856516947861859,0.8361237667535644,0.8788160455491314,0.8015657721379853,0.8193764115234727,0.8204493210186622,0.8755871182849647,0.798939545682739,0.8903850145979111,0.8818363984061034,0.8020153299915562,0.8645454015469276,0.8152211620152678,0.8189137773682873,0.8559790624304375,0.7987744931272273,0.8691188797401548,0.8187181910965655,0.8193426210992851,0.8382046999546392,0.776625273855316,0.8653188562885803,0.8706920172328578,0.874488918805382,0.8307586118529172,0.819334098230283,0.8193426210992849,0.8715936710390634,0.7871391220361307,0.8327448044511137,0.8384941687971701,0.8044735302309634,0.8406939298203988,0.8825412605781513,0.819484609618931,0.8152087292331949,0.7987744931272269,0.881771121559606,0.8406533579785234,0.8040859096324061,0.815221162015268,0.8193340982302828,0.8828623431992411
b8252bfe52745573,0.7935767086128036,0.7605196060752195,0.791602885614892,0.8865743139070686,0.7767210729852847,0.8787638344743887,0.7683382825397782,0.8911452560169975,0.7572315520416836,0.8555459943616331,0.7598370251949668,0.8865229486310395,0.8986447636548474,0.8554810612034268,0.8910313585198735,0.8911507730194056,0.8905869850334919,0.8649310021684697,0.890586985033491,0.7828056533838281,0.8575450548969781,0.7916824427943399,0.8910197911176493,0.8879791611533887,0.8860244950998118,0.8879990560737467,0.7916824427943399,0.8464169677858511,0.8879951240300983,0.863461542086909,0.7916824427943403,0.8986265084380823,0.8847526300139148,0.8825373279024663,0.8634237481082301,0.7829947141527767,0.8982397262710615,0.7427587657222032,0.8634615420869068,0.8555459943616328,0.8879990560737466,0.885590716098746,0.8427557747359802,0.8865229486310402,0.8410049400641866,0.8865229486310395,0.7694432823767476,0.8875269337085506,0.7767783188018766,0.8860387493121868,0.7890336410782319,0.791602885614892,0.891150773019406,0.890371527949281,0.8855907160987455,0.887999056073747,0.8905364496464367,0.8855907160987453,0.8911507730194062,0.7430012543365374,0.7685919211223065,0.8905869850334917,0.8433937850932335,0.8997641956854421,0.8860244950998126,0.8456641200897959,0.7383335925378552,0.8831108295246208,0.884704526044066,0.8846970690879651,0.7513503865798289,0.8837272287284316,0.8910197911176496,0.8530117475710781,0.7720400520050372,0.8976232936956918,0.8427884392103124,0.8865743139070685,0.7383335925378549,0.8055496617955101,0.8634237481082304,0.8447664229113053,0.8910197911176494,0.8983350293902237,0.7427587657222032,0.8846032617334547,0.853011747571078,0.8503863997864993,0.8554810612034259,0.8984932048786001,0.8865743139070683,0.7770013982718604,0.8905316663202631,0.8341767130002942,0.8774311838906013,0.8905796224972355,0.8981556447411865,0.8892519808478729,0.8986561068567233,0.791602885614892,0.8634615420869068,0.8412507858792111,0.855481061203426,0.8530117475710779,0.8905796224972354,0.864760244095743,0.7387469287306793,0.8269983468551845,0.7387469287306796,0.7430012543365372,0.8847526300139146,0.8856099574183911,0.7935767086127812,0.8987630897760401,0.8375415259281461,0.8873964343290086,0.8856099574183909,0.776479952953941,0.8905316663202631,0.8993368136949766,0.86493100216847,0.765827880522697,0.7931752584901177,0.8521526526543983,0.8528536761525841,0.7839517621191303,0.8308800124186251,0.8987624174377937,0.898349403985931,0.8911452560169963,0.8782517727488693,0.7772447530380269,0.7852411322841351,0.8843864450390612,0.8850093716725188,0.898185066774648,0.8847526300139142,0.777414392787293,0.8983372608265778,0.890536449646437,0.8847045260440662,0.8377312607863764,1.0,0.8979544197797915,0.8337129519889792,0.8861943649113768,0.8913307853243189,0.7383335925378549,0.891031358519873,0.890536449646437,0.8263800369135077,0.7427587657222032,0.7387469287306794,0.8821479073900829,0.8987905576427395,0.8838723793406684,0.8905796224972355,0.8649310021684702,0.8555459943616326,0.8054257651070234,0.7935767086127812,0.8373725299392728,0.8592854632702249,0.8905316663202629,0.888426079815654,0.8860387493121871,0.884704526044066,0.7672174568039978,0.7931752584901179,0.8213234558239344,0.8856099574183913,0.8528536761525838,0.8994071134238018,0.7430012543365373,0.8866107597528646,0.8396512929294582,0.8478269500366657,0.8984287656216484,0.8647602440957423,0.8528536761525838,0.8886140293471918,0.8879990560737465,0.8989989400543804,0.898689218549978,0.891031358519873,0.8980931905003567,0.8003659998815682,0.8634237481082305,0.8860244950998127,0.7931752584901177,0.8517915252901814,0.8993950064666688,0.8911452560169966,0.8860387493121868,0.8647602440957425,0.8796118800673229
b841f6a598e1123f,0.8031963391682957,0.7619829195912974,0.801446695360303,0.8899726804352509,0.7670763415855596,0.8780365026935142,0.7687506555329149,0.8932091731591212,0.7586673278233236,0.8609312527105248,0.7620190663030187,0.8899338497770537,0.8987460691965923,0.8608877775649414,0.8931922918358834,0.8932091725890724,0.8927589717492617,0.870297068431354,0.8927589717492623,0.7822172574731661,0.8553138746093532,0.801520155427152,0.8931864131871197,0.8875372803241252,0.889590708942559,0.8893165012148354,0.8015201554271525,0.8450538968745973,0.8824934094919192,0.8690597888470605,0.8015201554271528,0.8986807509658121,0.8882318931776902,0.8783119429614145,0.8690276512514225,0.7827519334485376,0.8985765033104218,0.7528828337521409,0.8690597888470598,0.8609312527105246,0.8893165012148349,0.8888604002760025,0.841674701174516,0.8899338497770541,0.8336397322764925,0.8899338497770537,0.7702035850618645,0.8856727632113792,0.7708568872707782,0.8896014929391742,0.7872430743407008,0.8014466953603026,0.8932091725890733,0.888647548825853,0.8888604002760022,0.889316501214835,0.8927883766244207,0.8888604002760021,0.8932091725890732,0.7530901858662018,0.7725617243573935,0.8927589717492628,0.8375921720867721,0.8972160727175511,0.8895907089425612,0.8378486499304874,0.748812228019091,0.8819090726525365,0.8881984308334306,0.8785089922158261,0.7431943959138669,0.8824792818916918,0.8931864131871199,0.858730218830214,0.7719608041485018,0.8994190373947817,0.8413242194074152,0.889972680435251,0.7488122280190911,0.8028722493859114,0.8690276512514234,0.8430895073028566,0.8931864131871193,0.8983313519846552,0.7528828337521414,0.8793629723025833,0.858730218830214,0.8512699389713484,0.8608877775649414,0.898552784690063,0.889972680435251,0.7748627595118024,0.892785062687188,0.8334854705026229,0.8720680646766328,0.8927565923234393,0.897586124027387,0.8875412972411296,0.8984302477673396,0.8014466953603021,0.8690597888470599,0.846244061960024,0.8608877775649414,0.8587302188302128,0.8927565923234394,0.8701507868874157,0.7491724619673479,0.8270702534427987,0.7491724619673481,0.7530901858662011,0.8882318931776894,0.8888670325066663,0.8031963391682735,0.8984184972517161,0.8365422687293951,0.8863608611719578,0.8888670325066657,0.7679899420704324,0.8927850626871876,0.8971567729788518,0.8702970684313549,0.7741572971971364,0.8028402073013928,0.8517880101147599,0.8586009837400566,0.7758881035499796,0.8360338291325057,0.898074738873762,0.8991027485644039,0.8932091731591216,0.8775916622731743,0.7866290313658084,0.7886242308875738,0.8870448477518657,0.8841156540786428,0.898022699340862,0.8882318931776889,0.7859059195837876,0.8980498596275219,0.89278837662442,0.8881984308334308,0.843709549278807,0.8979544197797915,1.0,0.8279310659516161,0.8848604801415604,0.8889184945207335,0.7488122280190914,0.8931922918358843,0.8927883766244206,0.8260716943091952,0.7528828337521412,0.7491724619673483,0.8856307886696673,0.8990840860977776,0.8845404078755403,0.8927565923234394,0.8702970684313549,0.8609312527105246,0.8038673065901519,0.8031963391682734,0.8390493810952989,0.8560614271987026,0.8927850626871874,0.8857917253069032,0.8896014929391749,0.8881984308334308,0.7613208406434953,0.8028402073013928,0.813809805073459,0.8888670325066665,0.8586009837400563,0.8978125981429328,0.7530901858662017,0.8824505106616468,0.830943847969607,0.8445664830847808,0.8975928049804159,0.8701507868874159,0.8586009837400562,0.8885802146035366,0.889316501214835,0.8974675369813125,0.8984291755760683,0.8931922918358848,0.8996743304805365,0.8010621358396288,0.8690276512514228,0.8895907089425616,0.8028402073013927,0.8494268982119308,0.8973037820040541,0.8932091731591216,0.8896014929391749,0.8701507868874152,0.8825553721764463
b87402f16a18b2b9,0.7798137851232042,0.8516483741975721,0.7792004304835877,0.7984766653348222,0.8818486412270148,0.8772795829773804,0.845231500462998,0.7897389989297543,0.8600712334260743,0.8031232339107885,0.8513886002623099,0.7984499518576189,0.8286847981933276,0.8030700331960281,0.7899647600375622,0.7897494386859125,0.7866893783902071,0.8009655121496224,0.7866893783902078,0.8774809142498542,0.88428795808169,0.7792249390614892,0.7899376636685509,0.8658226512986898,0.7987563530197198,0.773035605513581,0.7792249390614914,0.8889487791765096,0.8697618082484163,0.8007076346603501,0.7792249390614916,0.826379171872347,0.8032746311785932,0.8837802138217482,0.8006993472477575,0.874433453345316,0.8223594804880914,0.7611542145808812,0.8007076346603462,0.8031232339107877,0.7730356055135794,0.8034236795738436,0.8867392956413491,0.7984499518576198,0.893548189246023,0.7984499518576188,0.8641065865648742,0.8610078909518681,0.886722289136488,0.7987651378926354,0.8799316563640815,0.7792004304835888,0.7897494386859132,0.8647197968474925,0.803423679573843,0.7730356055135794,0.7870256789734185,0.8034236795738422,0.7897494386859132,0.7613254870924568,0.860804223525622,0.7866893783902079,0.8971704045133098,0.8322771057996523,0.7987563530197244,0.8877642103509202,0.7572098536218183,0.8701307417280213,0.8031998302793535,0.8763536771535834,0.8811620142067305,0.8737553766001818,0.7899376636685518,0.8015174538438751,0.8577758186846842,0.8292322902693395,0.8800123812201249,0.7984766653348236,0.7572098536218179,0.8801686928833634,0.800699347247759,0.8733417522268869,0.7899376636685503,0.8328652152716506,0.7611542145808823,0.8779790781185142,0.8015174538438763,0.8772422654234736,0.8030700331960252,0.8346826945356833,0.7984766653348225,0.8625940595018574,0.7870200709894293,0.8791119013952962,0.8871768177018439,0.7866898261237459,0.8216081757757523,0.8669912094016885,0.8306960798862361,0.7792004304835869,0.8007076346603464,0.8757360909770894,0.803070033196025,0.8015174538438739,0.7866898261237462,0.800848009664341,0.757675497291276,0.8771675228077931,0.757675497291276,0.7613254870924564,0.8032746311785923,0.8034475176955095,0.7798137851231823,0.8233606885844649,0.8859004742625438,0.8704632750737884,0.8034475176955085,0.8741327170993318,0.7870200709894283,0.8265840094934334,0.8009655121496239,0.8519849459051059,0.779490998609373,0.8826653944780624,0.8013291473478373,0.8849574484988791,0.8758740794602992,0.8221036648344225,0.8280924765520319,0.7897389989297536,0.8722754763396752,0.8545317145822197,0.8564069465258183,0.8656336518878045,0.871595854037321,0.8245982506045269,0.8032746311785922,0.8529885825453359,0.8236382478428557,0.7870256789734165,0.803199830279353,0.875705784204682,0.8337129519889792,0.8279310659516161,1.0,0.8660308095155572,0.8634437922286442,0.7572098536218189,0.7899647600375647,0.7870256789734172,0.884651335419566,0.7611542145808817,0.7576754972912763,0.8671241757867642,0.8251169414071221,0.8707717626745394,0.7866898261237472,0.8009655121496239,0.8031232339107879,0.8780271138673736,0.7798137851231817,0.8829902611215477,0.8847963855035723,0.7870200709894276,0.8663811304700175,0.7987651378926365,0.803199830279353,0.887520104578622,0.7794909986093734,0.8981830766239733,0.8034475176955103,0.801329147347837,0.836471516204896,0.7613254870924574,0.877106635265654,0.8923657764916118,0.8830645449441543,0.8240685978681684,0.8008480096643411,0.8013291473478367,0.8625280245524318,0.7730356055135799,0.8306288484983819,0.8288630788654958,0.7899647600375654,0.8260308075094438,0.87543025807856,0.8006993472477584,0.7987563530197253,0.7794909986093728,0.8882224420891631,0.8403870107383191,0.7897389989297539,0.7987651378926367,0.80084800966434,0.868911460096731
baf0da8139eafb9d,0.7951406218595041,0.8186842674826158,0.7937734291094733,0.8641432884958873,0.8237566926849709,0.8920257307015964,0.8252153562845641,0.8640216213392957,0.8161492772247609,0.8407253947092277,0.8168465420411474,0.8641172908227159,0.8859237184805632,0.8406592958146651,0.8640227397652076,0.8640302858089318,0.8632548236011209,0.8496183549213752,0.8632548236011214,0.8397496005516843,0.8872480329687396,0.793850985111801,0.8640063517250828,0.8936332968106215,0.8639676404413629,0.857020554482478,0.7938509851118042,0.8803247889439145,0.892398758893477,0.8486952990756702,0.793850985111803,0.8852371847783453,0.8629189701053863,0.8918734817535763,0.8486621045281311,0.8387711353004961,0.8851538963949994,0.7471489479195236,0.8486952990756644,0.8407253947092268,0.8570205544824769,0.8635352535136512,0.8769426651698716,0.8641172908227177,0.8702095781901553,0.8641172908227168,0.8291863048666785,0.8950190630427438,0.8279000997324579,0.8639826189856407,0.8458605576816449,0.7937734291094731,0.8640302858089328,0.8971205919275003,0.8635352535136509,0.8570205544824774,0.8633838261298545,0.8635352535136502,0.8640302858089328,0.7473728228196168,0.832459063016378,0.8632548236011219,0.873383484431419,0.8851415135768081,0.8639676404413674,0.8724969503745332,0.7428460122243463,0.893573050921586,0.8628627287386321,0.8904500726753733,0.8072082491818442,0.8959527132366554,0.8640063517250836,0.8384654313401043,0.8389746857400631,0.8859402548749586,0.8842819059654472,0.8641432884958877,0.7428460122243464,0.855775820242868,0.8486621045281326,0.877430528447479,0.8640063517250826,0.8867579376905765,0.7471489479195245,0.8919224732827964,0.838465431340105,0.8851203195604546,0.8406592958146641,0.8874201410780389,0.8641432884958873,0.8341797013445654,0.863377578418737,0.8697624835035822,0.8895497489389591,0.8632570068396846,0.8838640255491708,0.8975836168614835,0.8870102939781257,0.7937734291094721,0.8486952990756642,0.8758050724314064,0.8406592958146643,0.8384654313401029,0.863257006839685,0.8494985078284724,0.7432712855253523,0.8633037689062177,0.743271285525352,0.7473728228196168,0.862918970105385,0.8635591797632824,0.7951406218594816,0.884527755834148,0.874997528004249,0.896522499061182,0.8635591797632818,0.8248561167090698,0.8633775784187361,0.8838516161529629,0.8496183549213763,0.8236933584065034,0.7948280547073053,0.8797095232794077,0.8382987420037059,0.8326715230148819,0.8677605492088534,0.8839615440839814,0.8869795953657644,0.8640216213392944,0.8903949139413725,0.8295086433360908,0.8433027129335697,0.894705560280655,0.8951279481653924,0.8869375196213778,0.8629189701053848,0.8332838523247215,0.8846582062469801,0.863383826129853,0.8628627287386323,0.8699091613368969,0.8861943649113768,0.8848604801415604,0.8660308095155572,1.0,0.8968739698258255,0.7428460122243469,0.8640227397652096,0.8633838261298538,0.8643651532509113,0.7471489479195239,0.7432712855253523,0.8912601588933969,0.8840778470336744,0.8973967643668593,0.8632570068396855,0.8496183549213763,0.8407253947092266,0.8568368915594365,0.7951406218594818,0.8776021527459313,0.8875556458730965,0.8633775784187354,0.8968176200334799,0.8639826189856415,0.8628627287386321,0.8195388313082016,0.794828054707306,0.8572156782952234,0.8635591797632833,0.8382987420037058,0.8865076531397056,0.7473728228196173,0.8935979485502608,0.8670283891823317,0.8812662026750684,0.8847099841430413,0.849498507828472,0.8382987420037058,0.898187656015341,0.8570205544824773,0.8848579123231842,0.8859483204093852,0.8640227397652103,0.8855007341005909,0.8483265827652742,0.848662104528132,0.8639676404413684,0.7948280547073052,0.8848941485861691,0.8877967813963819,0.8640216213392952,0.8639826189856412,0.8494985078284717,0.8918984527399041
bbe878f892e56ab8,0.7899420544730108,0.8038897658797277,0.7884060795352176,0.8682046783590812,0.8217412292146034,0.8894911475655944,0.8082685659022533,0.8695423485312782,0.8011153392313728,0.8418755035981416,0.8026989120853416,0.8681640341671322,0.8900258642565779,0.8418103543341985,0.8694601777691573,0.8695505509167081,0.8688284296581668,0.8511531550356489,0.8688284296581654,0.8315408614960014,0.8845796609788402,0.788493804632916,0.8694433314827554,0.8964782920982894,0.8678837262804228,0.863655279696254,0.7884938046329133,0.8770250943964596,0.895495067607512,0.850036931955392,0.7884938046329146,0.8896541631506122,0.8666431855754926,0.893275015281163,0.8499912202797042,0.8299825285597054,0.8887481013328196,0.74088712657713,0.8500369319553951,0.8418755035981434,0.8636552796962547,0.8674415237228331,0.8729348148654841,0.8681640341671301,0.869577209364096,0.8681640341671301,0.8135382992458458,0.893083254673001,0.8189891456722622,0.8679062447265815,0.8368371984265127,0.7884060795352168,0.8695505509167072,0.8985527320302167,0.8674415237228331,0.8636552796962549,0.8688906408346972,0.8674415237228337,0.869550550916707,0.7411093217246896,0.8173842809322509,0.8688284296581652,0.8696581155340157,0.890917454528406,0.8678837262804185,0.8721353339850211,0.7363331640390643,0.8919520638055046,0.8665848367389396,0.8944567983226915,0.7995911412455146,0.8936232094843037,0.8694433314827554,0.8393406400583063,0.8216703719166606,0.8889030065480223,0.8742191327360971,0.8682046783590804,0.7363331640390647,0.851849680442325,0.8499912202797029,0.8684677324693167,0.8694433314827561,0.8898233850347874,0.74088712657713,0.8946246113699697,0.839340640058305,0.8785416217212916,0.8418103543341989,0.8901622320844658,0.8682046783590806,0.8190902525755102,0.8688812325045522,0.8617893913007102,0.8904701389059944,0.8688247791450499,0.8870882492419532,0.8982983547944245,0.8899134120906169,0.7884060795352182,0.8500369319553949,0.869567339969901,0.8418103543341995,0.839340640058307,0.8688247791450503,0.8510053676361335,0.7367643898362662,0.8553509493940984,0.7367643898362666,0.74110932172469,0.8666431855754935,0.8674646405759813,0.7899420544729885,0.889077830279921,0.8661812787751137,0.8975998702436099,0.8674646405759818,0.8201744250046694,0.8688812325045532,0.8892397197638422,0.8511531550356476,0.8103374833518832,0.7895823830916235,0.8792736214945052,0.8391687495679246,0.8281708689517439,0.8600411439913327,0.889278303362092,0.8898393397417559,0.8695423485312788,0.8884803660783204,0.8202518536508652,0.8304127073753609,0.8938760230771345,0.8955987307813729,0.8894523844671847,0.8666431855754937,0.8214265976338617,0.8888766528244845,0.8688906408346994,0.8665848367389405,0.8655443406634439,0.8913307853243189,0.8889184945207335,0.8634437922286442,0.8968739698258255,1.0,0.7363331640390633,0.8694601777691555,0.8688906408346986,0.8555972919855837,0.74088712657713,0.7367643898362657,0.891576872107285,0.8892768159497464,0.8950236828563691,0.868824779145049,0.8511531550356481,0.8418755035981432,0.8494802137650281,0.7899420544729882,0.8689130477722726,0.8875255416122956,0.8688812325045533,0.8953843169608473,0.8679062447265806,0.8665848367389406,0.8126331009040386,0.7895823830916229,0.8539616536946649,0.8674646405759809,0.8391687495679253,0.8910554533327715,0.7411093217246894,0.8944512347821428,0.8683372397867457,0.8734158869417772,0.8880897307319493,0.8510053676361335,0.8391687495679254,0.8973638697429871,0.8636552796962544,0.8891860941515544,0.8892533746505213,0.8694601777691546,0.8890389926281557,0.8440017401036415,0.8499912202797033,0.8678837262804175,0.789582383091623,0.8810390034847289,0.8921185051013312,0.8695423485312785,0.8679062447265804,0.851005367636133,0.8899178094862699
bd9118dccb217c92,0.8810905023387249,0.7392780443090649,0.8811451019641934,0.7823996743764521,0.716725564695358,0.7663333448638058,0.7297971674044266,0.7460216317266102,0.7301209288459014,0.8530229137099512,0.7448865177462376,0.7825239105040196,0.739758234320458,0.8530825063311147,0.7474077280960097,0.746003593543283,0.739913284474734,0.8323329173090008,0.7399132844747334,0.718450182716752,0.744383299070551,0.8810929154691913,0.7474412756781166,0.7556561824596046,0.7840667492266861,0.705627639733005,0.8810929154691909,0.7426374675945726,0.7468601267356595,0.8337490447731054,0.8810929154691917,0.7335663830055636,0.7983066842974724,0.7605976136269181,0.8338173691854311,0.7279528455383145,0.730855228833982,0.8999299528138192,0.8337490447731045,0.8530229137099518,0.7056276397330048,0.7958706332254153,0.7514828429255525,0.78252391050402,0.7425625341013692,0.7825239105040196,0.7287116538561704,0.7540647191785339,0.7408013474858862,0.7840265562295001,0.7164858122410747,0.8811451019641929,0.7460035935432832,0.7473682451021917,0.795870633225415,0.7056276397330045,0.7409107116061764,0.7958706332254152,0.7460035935432833,0.8999274815499543,0.7200815439642136,0.7399132844747341,0.7561417563966994,0.7349073548207798,0.784066749226686,0.7434365121533874,0.9000000000000001,0.7664015151670399,0.798385728322728,0.7473832265045224,0.7171295461639203,0.7580334069781375,0.747441275678117,0.8554362621561744,0.699387839555706,0.7468917847765115,0.7324718144616258,0.7823996743764523,0.9,0.7117430726269701,0.8338173691854311,0.7545106077837052,0.7474412756781168,0.7501485222492819,0.8999299528138189,0.7516510321482289,0.8554362621561742,0.7383607103099967,0.8530825063311139,0.7465159994247521,0.7823996743764521,0.7214100073022853,0.7409262557196038,0.7648891528774114,0.7579118585328053,0.7399777449903197,0.7347550657346711,0.7427280080016285,0.7396489645807665,0.8811451019641929,0.8337490447731044,0.7658981902437739,0.8530825063311139,0.8554362621561741,0.73997774499032,0.8324681936705398,0.899998256499048,0.7698734254475211,0.8999982564990482,0.8999274815499546,0.7983066842974715,0.7958286612240648,0.8810905023386997,0.7326872281797916,0.753712336455991,0.7484270502174406,0.7958286612240644,0.7222460128801885,0.7409262557196039,0.7321252861893018,0.8323329173090004,0.7377320181427529,0.8810954785088294,0.7528144421203143,0.8555379656803167,0.719584196716785,0.7639935813217569,0.7263545900790896,0.7389441697059702,0.7460216317266097,0.7735248861703401,0.7510489130700209,0.7107331431773274,0.7658314846929979,0.7571219661352326,0.7311039649319953,0.7983066842974713,0.7438878341924542,0.7295406367752844,0.7409107116061764,0.798385728322728,0.7733493935439107,0.7383335925378549,0.7488122280190914,0.7572098536218189,0.7428460122243469,0.7363331640390633,1.0,0.7474077280960094,0.7409107116061764,0.7585864996613374,0.8999299528138193,0.8999982564990483,0.773788601472047,0.738326297841697,0.7564407040224611,0.7399777449903199,0.8323329173090004,0.8530229137099519,0.7252222901782351,0.8810905023386999,0.7494483619528343,0.7310459646235586,0.7409262557196039,0.7475498010477442,0.7840265562295005,0.798385728322728,0.7381340031020718,0.8810954785088292,0.7452711737442549,0.7958286612240653,0.8555379656803169,0.7415012507131706,0.8999274815499547,0.7553360649977873,0.7391882605518771,0.7452669334046782,0.7317019711126521,0.8324681936705396,0.8555379656803168,0.7442504106891381,0.7056276397330046,0.7362705128070872,0.7437244241011989,0.7474077280960094,0.7431018365287738,0.7338656928929155,0.8338173691854309,0.7840667492266857,0.8810954785088294,0.7382202706292209,0.7432100419158882,0.7460216317266096,0.7840265562295002,0.8324681936705396,0.7688107338634654
be046eb69b586b59,0.8047759912248822,0.7150956899677605,0.8027179155452591,0.895898865856851,0.7169801994025444,0.8534220914966757,0.7269601104211216,0.8999944002781033,0.7084330562175962,0.8649765808254373,0.7138727828694518,0.8958605395195987,0.8927888497172558,0.8649241203950595,0.9000000000000006,0.8999943529347971,0.8996618704924659,0.8749390909572635,0.8996618704924657,0.7315720109091659,0.821704104371734,0.8027935907070325,0.8999999750985977,0.8661349752467524,0.89541528948507,0.8969738809541279,0.8027935907070323,0.8072989952901505,0.8630378181957112,0.8735287641305234,0.8027935907070316,0.8930735007821801,0.8939634601322372,0.8555809701418238,0.8735019800562043,0.7330933552409215,0.8935560344723037,0.7512115023273372,0.8735287641305236,0.8649765808254382,0.8969738809541278,0.8945178137079874,0.8039643913984185,0.8958605395195983,0.7941918637166165,0.8958605395195979,0.7226777450984821,0.8678887125420618,0.7258474364440766,0.8954195972924961,0.7398372483116651,0.802717915545259,0.8999943529347975,0.8694485750150087,0.8945178137079872,0.8969738809541281,0.8996402238415538,0.8945178137079874,0.8999943529347976,0.751452642190364,0.721665937208789,0.8996618704924659,0.8038941391647666,0.8909155563481079,0.8954152894850701,0.8034802514379719,0.7474077280960099,0.8602214161104754,0.893941972520377,0.856024994726891,0.690433353038893,0.8601653922709527,0.8999999750985983,0.8629318583087715,0.7241155132184394,0.8924795438576164,0.8049972828042918,0.8958988658568507,0.7474077280960102,0.7559947207679649,0.873501980056204,0.8114986299989435,0.8999999750985982,0.8913341897829156,0.7512115023273374,0.8556052438282772,0.8629318583087715,0.8161959102775453,0.8649241203950592,0.891200161777157,0.8958988658568507,0.731704366457934,0.8996405025474642,0.7969408452332162,0.8468224524496067,0.8996605545238013,0.8936919474583342,0.8682518352306918,0.8921765871923057,0.8027179155452593,0.8735287641305234,0.8088293166071695,0.8649241203950595,0.8629318583087715,0.8996605545238014,0.8747878995511528,0.747747606090919,0.7886809696802062,0.7477476060909192,0.7514526421903643,0.893963460132237,0.8945262162542967,0.804775991224859,0.893784338486967,0.799366563341362,0.8646855293730072,0.8945262162542967,0.7213956682389051,0.8996405025474644,0.8924370007382453,0.8749390909572634,0.7236840482252384,0.8043953661846903,0.8150817718243449,0.8628196606822949,0.7244251146330918,0.7961801526656048,0.8933210038914021,0.8927628053534202,0.8999944002781034,0.8539001532899707,0.7368002162770657,0.7426370675616495,0.8647022806373628,0.8619347808677088,0.8927963653034211,0.8939634601322367,0.7381257965136515,0.8935362949434409,0.8996402238415542,0.8939419725203767,0.8044735302309628,0.891031358519873,0.8931922918358843,0.7899647600375647,0.8640227397652096,0.8694601777691555,0.7474077280960094,1.0,0.8996402238415537,0.7860897841110739,0.7512115023273376,0.7477476060909193,0.8618663758705918,0.8934531988562819,0.8613303668651702,0.8996605545238012,0.8749390909572634,0.8649765808254379,0.7586031557997941,0.8047759912248593,0.799683881359764,0.8216687403409886,0.8996405025474642,0.8671782946243323,0.8954195972924958,0.8939419725203769,0.7119109289811343,0.8043953661846905,0.7725887523005477,0.894526216254297,0.8628196606822953,0.8913535516665082,0.7514526421903642,0.8631101746891994,0.7929849436956663,0.8118548461327977,0.8932564710249342,0.8747878995511522,0.8628196606822953,0.868398095871821,0.8969738809541279,0.892708528263023,0.8926183370356744,0.9000000000000001,0.8935378035065396,0.7521608884578779,0.8735019800562039,0.8954152894850704,0.8043953661846905,0.814841825057298,0.8896751607992153,0.8999944002781035,0.8954195972924955,0.8747878995511522,0.8583835697646971
be4951faedbfd690,0.8023597501904338,0.7117431631404149,0.8004206755709982,0.8957720875412147,0.7127069121475407,0.8514418881837543,0.7233806369019928,0.8996708546718304,0.7045899934810591,0.8614551557476945,0.7104351004043502,0.8957384703786204,0.8927617484581136,0.8614149222473065,0.899640223841554,0.8996684985209732,0.8999946851870314,0.8739983390328925,0.8999946851870312,0.7298435040299506,0.8197614709189187,0.8004931163541686,0.8996400127063292,0.8650273354198078,0.8953455310313286,0.8975816957106957,0.8004931163541682,0.805997397808877,0.8614110287270447,0.8726759083694101,0.8004931163541682,0.8931316605907371,0.8922511287037489,0.8538488341580438,0.8726493735878325,0.7314030184822182,0.8934714760812714,0.7448163777726032,0.87267590836941,0.8614551557476953,0.8975816957106953,0.8928824905350192,0.8025851575322913,0.8957384703786206,0.7913132648220156,0.8957384703786203,0.7201391228749965,0.8664274775842166,0.7221711814368145,0.8953501802032949,0.7375673240424259,0.8004206755709982,0.8996684985209734,0.8683544864508884,0.8928824905350189,0.8975816957106955,0.9,0.8928824905350188,0.8996684985209735,0.7450289781961948,0.7190491425000622,0.8999946851870315,0.8012388225728178,0.8903697737950225,0.8953455310313289,0.8005030145314043,0.7409107116061768,0.8586180883880448,0.8922293632396707,0.8540814376837483,0.6864133331254716,0.8590031524499571,0.8996400127063291,0.8593120018484146,0.7225724264038174,0.8919732941245901,0.8037462832376581,0.8957720875412143,0.7409107116061766,0.7543432670807937,0.8726493735878325,0.8088192744899669,0.8996400127063291,0.8907870730303691,0.7448163777726036,0.853835300770468,0.8593120018484146,0.8145280519837108,0.8614149222473059,0.8906171884691091,0.8957720875412145,0.729860046886807,0.8999999649743138,0.7942292372302029,0.8448525258882307,0.8999952576593351,0.8934034464602973,0.8674214819528747,0.8919913399712209,0.8004206755709982,0.8726759083694102,0.8065093533937712,0.8614149222473061,0.8593120018484146,0.8999952576593351,0.8738564688154085,0.7412403913980736,0.7857513417035336,0.7412403913980736,0.7450289781961945,0.8922511287037482,0.8928850019037551,0.8023597501904112,0.8936124466168546,0.7973251183380687,0.8640463373877716,0.8928850019037546,0.7172888592618923,0.8999999649743138,0.8920757338898906,0.873998339032892,0.7202546362139447,0.8019979550569287,0.8132065422508016,0.8592008591476139,0.7208580774505955,0.7933360932264779,0.8934055764757621,0.8925271332635596,0.8996708546718309,0.8520356045943154,0.7339154255449369,0.7405479970603627,0.8633254346110966,0.8611716571353606,0.8928430902920836,0.892251128703748,0.7352850652744841,0.8935064772350263,0.9000000000000002,0.892229363239671,0.8020222253477222,0.890536449646437,0.8927883766244206,0.7870256789734172,0.8633838261298538,0.8688906408346986,0.7409107116061764,0.8996402238415537,1.0,0.7829131336964962,0.7448163777726036,0.7412403913980736,0.8603352769758209,0.8932520351676809,0.8600898862346037,0.8999952576593347,0.8739983390328925,0.8614551557476953,0.7561049469328721,0.802359750190411,0.797551944936363,0.820463065300048,0.8999999649743136,0.8665521501714192,0.8953501802032952,0.892229363239671,0.708107121126286,0.801997955056929,0.7693764793127195,0.8928850019037549,0.8592008591476139,0.8909007575854606,0.7450289781961946,0.8616764286454375,0.7897020644598722,0.8105002797856006,0.8933428175362375,0.8738564688154085,0.8592008591476139,0.867486749588164,0.8975816957106955,0.8924283635995298,0.892236182538144,0.8996402238415537,0.8932306924201585,0.7498560812324819,0.8726493735878325,0.8953455310313289,0.8019979550569285,0.8131971891246091,0.8891028372976151,0.899670854671831,0.8953501802032952,0.8738564688154079,0.8566130705396411
bef3e16c8f677c0f,0.7774496607051185,0.876540538475808,0.7770481449638631,0.7941471331353405,0.8637999978562916,0.8835731455308539,0.8690593623857168,0.7856684183379757,0.8870058725637382,0.8011237009181605,0.8806907668386297,0.7941230905723838,0.8233401357239697,0.8010789862028375,0.7860897841110743,0.7856765471275664,0.7824688343611961,0.7971416747796299,0.7824688343611943,0.8728666742183682,0.8765646416594787,0.777162336432848,0.7860677049224601,0.858724019819562,0.7946314424112599,0.7690684400035892,0.7771623364328483,0.8817501968334356,0.8578824020344837,0.7972185771295174,0.7771623364328487,0.8209659624906661,0.8000456884532239,0.8713664930988405,0.7971626379955346,0.8714041398129289,0.8187693888536057,0.7616407582864392,0.7972185771295155,0.8011237009181612,0.7690684400035888,0.7997428948481167,0.8805467618373946,0.7941230905723846,0.8812026928482286,0.7941230905723844,0.8856647765555494,0.8648217486914644,0.8727571147325137,0.7946652242647536,0.874700623491752,0.7770481449638627,0.7856765471275666,0.8571369962988318,0.7997428948481162,0.769068440003589,0.782913133696496,0.7997428948481161,0.7856765471275665,0.7617943672743102,0.8731475013339574,0.7824688343611952,0.8831879810005799,0.8236137831790487,0.7946314424112602,0.8727597808987385,0.7585864996613372,0.8745840961032099,0.7999861656434031,0.8626231820625792,0.8673177093213691,0.8770863052356648,0.78606770492246,0.8002628216896617,0.8669587562393543,0.8280763053860676,0.8820644093140265,0.7941471331353412,0.7585864996613376,0.8732110782342717,0.7971626379955352,0.8852902220835682,0.7860677049224599,0.8334272550189259,0.7616407582864396,0.867195769605529,0.8002628216896615,0.8786139341093191,0.8010789862028362,0.8349320838189676,0.7941471331353407,0.8753115056683345,0.7828971851568822,0.892214612011822,0.8749392490925658,0.7824693079436711,0.8206827020909697,0.8601744735881321,0.8296026724715797,0.7770481449638625,0.7972185771295154,0.8817164275151367,0.801078986202836,0.8002628216896612,0.7824693079436713,0.7970376028250539,0.7589735045064893,0.8943183287412,0.7589735045064894,0.7617943672743103,0.8000456884532231,0.7997616250156645,0.7774496607050965,0.8175793479019625,0.8967512558278028,0.8633900438751249,0.7997616250156644,0.858644777066599,0.782897185156882,0.8189450974554,0.7971416747796298,0.87155326092151,0.777180296089673,0.8759305347786227,0.800110535691527,0.8737235449448194,0.8856493296475472,0.8162975188649024,0.8255610724643606,0.7856684183379747,0.8795840469466039,0.872399795368652,0.8652089037678206,0.866002575463231,0.8648996452538886,0.8214924496992826,0.8000456884532227,0.8677704108464039,0.8184339086991195,0.7829131336964961,0.7999861656434036,0.8839844440817202,0.8263800369135077,0.8260716943091952,0.884651335419566,0.8643651532509113,0.8555972919855837,0.7585864996613374,0.7860897841110739,0.7829131336964962,1.0,0.7616407582864393,0.7589735045064891,0.8688469243563053,0.8195203240436522,0.8704337634525906,0.7824693079436713,0.7971416747796298,0.801123700918161,0.8728359245648825,0.777449660705096,0.8873565146897278,0.8761568203967789,0.7828971851568821,0.8657906724844046,0.794665224264754,0.7999861656434032,0.8720954622898662,0.7771802960896734,0.8836435595682055,0.799761625015665,0.8001105356915273,0.8285451190427124,0.7617943672743107,0.8658924434825878,0.8751094731573776,0.8872798642752122,0.8213536146832651,0.7970376028250533,0.8001105356915272,0.8601225753825447,0.7690684400035881,0.8233579628736258,0.8280894695386811,0.7860897841110737,0.8236129837042556,0.8716836726503752,0.7971626379955343,0.7946314424112604,0.7771802960896732,0.8809358282435504,0.8324523895216214,0.7856684183379751,0.7946652242647536,0.7970376028250532,0.8718285182529288
bfc93a12d25791cb,0.8822193764820777,0.7417649683603199,0.8822295894530858,0.7858446570388302,0.7207559572725522,0.7700459702603816,0.7322180642037849,0.7498594888152166,0.7323489771415446,0.8551820057919035,0.7471557128493337,0.7859677152738841,0.7440638840268223,0.85524146785472,0.7512115023273377,0.749841460677008,0.7438355831162656,0.8349739155548641,0.7438355831162655,0.7220473279784064,0.7487274473963479,0.8821731494037436,0.751244957200755,0.7599915067611884,0.7874763327510003,0.7098535205898822,0.8821731494037439,0.7467137545086807,0.7513912594738392,0.8363363004404195,0.8821731494037443,0.7378984374654257,0.8014476938784459,0.7648839927044973,0.836406439324282,0.7315348407419028,0.7351731287607679,0.9,0.836336300440419,0.8551820057919042,0.7098535205898817,0.7990889780081131,0.7555017923251832,0.7859677152738842,0.7468359991475229,0.7859677152738838,0.7312883235416573,0.7580461381157598,0.744086395059508,0.7874352217644536,0.7202520452925802,0.8822295894530856,0.7498414606770077,0.7518416213539837,0.7990889780081131,0.7098535205898817,0.7448163777726033,0.7990889780081127,0.7498414606770077,0.899997912325285,0.723072652182539,0.7438355831162653,0.7600713895115632,0.7394055542785258,0.7874763327510005,0.7477469272802053,0.8999299528138194,0.7703317733147133,0.8015261123082706,0.7519856541839927,0.7205359676058651,0.761987598009689,0.7512449572007553,0.8574721299616741,0.7028324217378579,0.7509431826737624,0.736489849712133,0.7858446570388309,0.8999299528138196,0.7158285891549278,0.8364064393242823,0.7578976712235805,0.7512449572007549,0.7542264467539708,0.9,0.7561208604029903,0.8574721299616737,0.7423091206200993,0.8552414678547188,0.7506013687751543,0.7858446570388309,0.724441552920042,0.744832301664689,0.7682291157756025,0.7622001689467377,0.7438996276615469,0.7389686293940092,0.7471495802272914,0.7438493204755279,0.8822295894530858,0.8363363004404188,0.7692893118621345,0.8552414678547189,0.8574721299616737,0.7438996276615469,0.8351068398007189,0.8999317803923657,0.772934407287665,0.8999317803923658,0.8999979123252854,0.8014476938784453,0.7990470414007419,0.8822193764820524,0.737087406060808,0.7571051813429762,0.7527462241514769,0.7990470414007417,0.7260173571292784,0.7448323016646892,0.7365863239866564,0.8349739155548647,0.7401157803968325,0.8822208747215848,0.756968833091779,0.8575719507365414,0.723470127609049,0.7671130189056395,0.7307975433881453,0.7431553572492761,0.7498594888152168,0.7772280530097837,0.7535641500877537,0.7140621197640824,0.7697372108757544,0.7613904078435331,0.7354336287989378,0.8014476938784452,0.7465496985425205,0.7339215178655495,0.7448163777726033,0.8015261123082706,0.7765550327954658,0.7427587657222032,0.7528828337521412,0.7611542145808817,0.7471489479195239,0.74088712657713,0.8999299528138193,0.7512115023273376,0.7448163777726036,0.7616407582864393,1.0,0.8999317803923659,0.7775397771737019,0.7426548685847929,0.7604915904629639,0.743899627661547,0.8349739155548649,0.8551820057919044,0.7292167949900288,0.8822193764820521,0.7530833077780607,0.7354961114767611,0.7448323016646891,0.7517833333561892,0.7874352217644536,0.8015261123082704,0.7415084993574204,0.882220874721585,0.7492148644954504,0.7990470414007422,0.8575719507365414,0.7458512823617722,0.8999979123252853,0.7596196395571428,0.7436263901403355,0.7490817405021619,0.7360245878489724,0.835106839800719,0.8575719507365415,0.7485183613408436,0.7098535205898819,0.7406153037805873,0.7479164743235758,0.7512115023273378,0.7472556640706319,0.7376628186271942,0.8364064393242823,0.7874763327510002,0.882220874721585,0.7424515169236825,0.7475650325421013,0.7498594888152167,0.7874352217644536,0.8351068398007188,0.7725151028295981
c5633a9bb48127cf,0.8811350697925546,0.7395052978472443,0.8811807915346569,0.7826646231645384,0.7171647157289067,0.7667378048093825,0.7301181927911016,0.7463622881315786,0.7304645975340582,0.8531927314582626,0.7451187333299981,0.7827880526658789,0.7401473493231889,0.8532509703674793,0.7477476060909198,0.746344527321869,0.7402459633484682,0.8324981851813938,0.7402459633484675,0.7188322747180773,0.7447813975915981,0.8811302150786431,0.7477808023982591,0.7560391517301099,0.784325114661872,0.7060067342420252,0.8811302150786424,0.7430561342935251,0.7472893049600271,0.8339057662893734,0.8811302150786429,0.7339700157548626,0.7985820196813151,0.7610539328531929,0.8339733270226166,0.7282740735326897,0.73125496422877,0.8999317803923657,0.8339057662893714,0.853192731458263,0.7060067342420253,0.7961477756744337,0.751851731319046,0.7827880526658788,0.7430070309020127,0.7827880526658787,0.7290651878137456,0.754469264782182,0.7412902041346289,0.7842852828977267,0.7169117386445648,0.8811807915346568,0.7463445273218692,0.7477782210689423,0.7961477756744333,0.7060067342420253,0.7412403913980734,0.796147775674433,0.7463445273218692,0.8999321223829917,0.7204581276460864,0.7402459633484679,0.7566419148094214,0.735329259435471,0.7843251146618717,0.7438583149070149,0.8999982564990483,0.766758138521493,0.798660178891966,0.7478401678215045,0.71761029287241,0.7584422712789536,0.7477808023982597,0.8556021805859674,0.6997618282756987,0.7472836562073311,0.7328906205640381,0.7826646231645388,0.8999982564990486,0.7121323428425259,0.8339733270226166,0.7548943541839477,0.7477808023982597,0.7505200677751938,0.8999317803923657,0.7520924323838896,0.8556021805859668,0.7387520475962632,0.8532509703674794,0.7469111639991703,0.7826646231645388,0.7218045527381609,0.7412558014057408,0.7651958966838088,0.7583887173460683,0.7403100980918174,0.7351505832377561,0.7431709496599499,0.7400452509840592,0.8811807915346571,0.8339057662893715,0.7662091546312552,0.8532509703674795,0.855602180585967,0.7403100980918174,0.8326319331296694,0.8999999999999998,0.770174138334861,0.8999999999999999,0.8999321223829921,0.7985820196813151,0.7961064925851193,0.8811350697925293,0.7330850267809307,0.7541086892657272,0.7488504848460736,0.7961064925851193,0.7226220070885527,0.7412558014057407,0.7325334173497527,0.832498185181394,0.7380634336231199,0.8811372518132392,0.7531727104052977,0.8557021333030312,0.7200062223050029,0.7643702977361762,0.7267630636708735,0.7393463989247276,0.7463622881315772,0.7738746464773374,0.7512465533260005,0.7110640242913033,0.7661899105883421,0.757513397684775,0.7315087699343257,0.7985820196813148,0.7441241915674404,0.7299525859999536,0.7412403913980735,0.7986601788919663,0.7736210281169227,0.7387469287306794,0.7491724619673483,0.7576754972912763,0.7432712855253523,0.7367643898362657,0.8999982564990483,0.7477476060909193,0.7412403913980736,0.7589735045064891,0.8999317803923659,1.0,0.7741168980787898,0.7387110463045309,0.7568620757643908,0.7403100980918174,0.8324981851813937,0.8531927314582632,0.7255786580855788,0.8811350697925292,0.7498633477937993,0.7314744668207196,0.7412558014057405,0.747980581400935,0.7842852828977267,0.7986601788919662,0.7385771156265799,0.881137251813239,0.7457654044378654,0.7961064925851197,0.8557021333030309,0.7419215975816161,0.8999321223829921,0.7558117351213895,0.7396525042729362,0.7456992492725927,0.7321074668731022,0.8326319331296692,0.8557021333030308,0.7446614582650928,0.7060067342420254,0.736698624685898,0.7440993055929415,0.747747606090919,0.7434777979181774,0.7341759633766558,0.8339733270226165,0.7843251146618718,0.881137251813239,0.7386724795565283,0.7436404897834314,0.7463622881315775,0.7842852828977263,0.8326319331296694,0.7692079884349747
c619aa04b9a72efa,0.8133563616882695,0.8224128262835475,0.8123033812146767,0.8656149180381814,0.8255645375874661,0.8932235933205834,0.8203484800123565,0.8616868896551843,0.8218970882756845,0.8545646218934,0.8244452024034581,0.8655991276287436,0.881965480450301,0.8545459871163781,0.8618663758705909,0.8616846053797771,0.8600899087174093,0.8583464519582491,0.8600899087174101,0.8404191033747137,0.883571672136404,0.8123558238124705,0.8618595582158853,0.8954233921095116,0.8656817837539346,0.8508306052860427,0.8123558238124727,0.8796299718982511,0.887451844827112,0.8577477001062239,0.812355823812472,0.8805974640666739,0.8670839460037943,0.8899856218406923,0.8577237519430332,0.8408386701645579,0.8796398427555538,0.7775397771737016,0.8577477001062221,0.8545646218934003,0.8508306052860414,0.8673203252651249,0.8778668711708302,0.8655991276287447,0.8713544934327628,0.8655991276287444,0.8280864137166803,0.8893248690880304,0.82657914086232,0.8656931955873475,0.8413725617136762,0.8123033812146765,0.8616846053797775,0.8926091232085187,0.8673203252651244,0.8508306052860415,0.8603352769758216,0.8673203252651238,0.8616846053797779,0.7776785777053424,0.8340810759626,0.860089908717411,0.8700301963869386,0.8802351243873117,0.8656817837539375,0.8692447719810102,0.7737886014720466,0.8929209238857799,0.8670535557922529,0.8876128877120715,0.8086313454258892,0.892882821922069,0.8618595582158857,0.852887792725328,0.8268098555973853,0.8850150658036556,0.8741259035424572,0.8656149180381826,0.7737886014720465,0.8525980868233247,0.8577237519430342,0.8723758892136192,0.8618595582158849,0.8844978733964115,0.7775397771737022,0.8905766201087634,0.8528877927253284,0.8820761452357444,0.8545459871163771,0.8846395168110204,0.8656149180381824,0.8247358548261591,0.8603302118048309,0.8720408410548118,0.8872519714293672,0.8600958269915635,0.8777034657576025,0.8915537921275933,0.8821533236924344,0.8123033812146757,0.8577477001062225,0.8849957452922962,0.8545459871163771,0.8528877927253267,0.8600958269915637,0.8582476479629757,0.7741168980787894,0.8694080266501563,0.7741168980787895,0.7776785777053423,0.8670839460037936,0.8673183122727847,0.8133563616882465,0.8790596017505664,0.87349465547557,0.8938408885978694,0.8673183122727838,0.8236090476711302,0.8603302118048305,0.8779344952704443,0.8583464519582502,0.8372933608638952,0.8130851290109876,0.8853441508409916,0.8527739141252605,0.8352341832902312,0.8784437334958728,0.8780134495961714,0.8828782520382115,0.8616868896551843,0.8927256373897393,0.8492153957267,0.8407059784135176,0.8985954457039069,0.8937685254252359,0.879458736782694,0.8670839460037933,0.8457386466012929,0.8783694076518486,0.8603352769758206,0.8670535557922526,0.8856516947861859,0.8821479073900829,0.8856307886696673,0.8671241757867642,0.8912601588933969,0.891576872107285,0.773788601472047,0.8618663758705918,0.8603352769758209,0.8688469243563053,0.7775397771737019,0.7741168980787898,1.0,0.8816007724439623,0.8958992191324112,0.8600958269915641,0.8583464519582498,0.8545646218934002,0.8533478686955545,0.8133563616882467,0.8784155643219149,0.8832703566556037,0.8603302118048299,0.889055626106669,0.8656931955873485,0.8670535557922523,0.8232902259037385,0.8130851290109883,0.8571690944133318,0.867318312272785,0.8527739141252606,0.8820667852282913,0.7776785777053428,0.8885883238948646,0.8666729548681011,0.872823382915169,0.8776520548768783,0.8582476479629755,0.8527739141252603,0.8938733246532377,0.8508306052860422,0.8789261272463998,0.8821719608976479,0.8618663758705923,0.883825273125554,0.8563317823038148,0.857723751943034,0.8656817837539379,0.8130851290109877,0.8795260690952742,0.8832545097213567,0.8616868896551844,0.8656931955873484,0.8582476479629751,0.8971380557794117
c6a02b2c06a966e8,0.7961400171032808,0.7524623157322148,0.7941902444894446,0.8893057161256493,0.7642692012469785,0.8746832511758846,0.7602159171222398,0.893548752116591,0.749123280912744,0.8570480047430675,0.753003289049634,0.8892609928063597,0.8996169186709825,0.8569888754777444,0.8934531988562826,0.8935522291325235,0.8932867825021433,0.8676658499246649,0.8932867825021431,0.7781591209082148,0.8546835232252994,0.7942730679864538,0.893445612737492,0.8875771685436284,0.8887880112380186,0.8906710832124777,0.7942730679864527,0.8429753347849539,0.8825958455747467,0.8662370263990951,0.7942730679864531,0.8994161190837007,0.8868522137679167,0.8774850624236263,0.8661994641451962,0.7798928290578984,0.8989126289988071,0.7426548685847927,0.8662370263990935,0.8570480047430679,0.8906710832124778,0.8876498038253757,0.840320684523796,0.8892609928063598,0.8318895540450733,0.8892609928063596,0.7616874679352745,0.8838851123384828,0.7655808713767218,0.8888013606547659,0.7834883901021239,0.7941902444894436,0.8935522291325235,0.8892031577928625,0.8876498038253757,0.8906710832124778,0.8932520351676806,0.8876498038253758,0.8935522291325234,0.7428884421744812,0.7652497289215995,0.893286782502143,0.8348708348413402,0.8983981380838251,0.888788011238017,0.8362043128309785,0.7383262978416971,0.8791949575182008,0.8868132577698729,0.8789051494000291,0.738799637477005,0.8800249649103513,0.8934456127374923,0.8545805239649513,0.7665813972218961,0.8988118697203923,0.8384082286827004,0.8893057161256491,0.7383262978416973,0.799838070921234,0.8661994641451964,0.8381935988938838,0.8934456127374926,0.8979590436459742,0.7426548685847927,0.8791437052372212,0.8545805239649505,0.8469731775356764,0.8569888754777434,0.8979582989072605,0.889305716125649,0.7678171126258464,0.893247805882724,0.8274303246169308,0.8713907887407509,0.8932822246552503,0.8978656519639361,0.8875423697183782,0.8983021906659256,0.7941902444894443,0.8662370263990933,0.83925010530009,0.8569888754777439,0.8545805239649513,0.8932822246552501,0.867507452984921,0.7387110463045309,0.8210126613927838,0.738711046304531,0.7428884421744815,0.8868522137679165,0.8876648782549568,0.796140017103258,0.8996169493172221,0.8311026959603902,0.8859548210411639,0.887664878254957,0.7640148332088106,0.8932478058827242,0.8982253962340128,0.867665849924665,0.7648605248571148,0.7957611363207364,0.8505246394097055,0.8544386475717642,0.7723979154478986,0.8295950697346586,0.8992038817396131,0.8991716065909112,0.89354875211659,0.8746345801879325,0.7757799286456399,0.7811916233966099,0.8836073083091245,0.8840774539708813,0.8986587428707598,0.8868522137679162,0.7753903326961027,0.8990017918288706,0.893252035167681,0.8868132577698732,0.8361237667535644,0.8987905576427395,0.8990840860977776,0.8251169414071221,0.8840778470336744,0.8892768159497464,0.738326297841697,0.8934531988562819,0.8932520351676809,0.8195203240436522,0.7426548685847929,0.7387110463045309,0.8816007724439623,1.0,0.8825630136017804,0.8932822246552504,0.8676658499246649,0.8570480047430681,0.8016616812618628,0.796140017103258,0.8344257163692435,0.8549992079919866,0.8932478058827246,0.8844839784053208,0.8888013606547658,0.8868132577698733,0.7562418945553653,0.795761136320736,0.8113470834542853,0.8876648782549565,0.8544386475717645,0.8983953538815203,0.742888442174481,0.8817911216231161,0.8299329431837683,0.8406283092000306,0.8980349432979509,0.8675074529849207,0.8544386475717645,0.8870329648422105,0.8906710832124776,0.8981489575565954,0.8982500142810971,0.8934531988562816,0.8991074979631788,0.7982763903820562,0.8661994641451962,0.8887880112380168,0.795761136320736,0.8478181943920606,0.8979387891365265,0.8935487521165901,0.888801360654765,0.8675074529849209,0.8792315635015987
c7be89e29d5c2ef9,0.8024298630332611,0.8243243575590864,0.8010850306360058,0.8627195269535798,0.8281537287634797,0.8947314027298917,0.8277428049325255,0.8612441427629397,0.8240341299861278,0.8451202946374896,0.824859158864403,0.86268545606674,0.8840619054470318,0.845059502184597,0.861330366865171,0.8612511359520766,0.8599370806040914,0.8513259306039606,0.8599370806040902,0.8445752781822875,0.8883895746813519,0.8011864874441296,0.8613148840476758,0.8957580110062688,0.8625873493543621,0.8524835792493359,0.8011864874441288,0.8832917802629825,0.8899981251526519,0.8504689707119931,0.8011864874441301,0.8828459539816723,0.8630341375980439,0.8932740103499268,0.8504250486029176,0.8449269633355965,0.8821085027292387,0.7604915904629636,0.8504689707119921,0.8451202946374912,0.8524835792493362,0.8634685388302288,0.8812682599470527,0.8626854560667401,0.8731666136521599,0.8626854560667402,0.8331047889426546,0.8939375425768064,0.8329088893437924,0.8626075636893553,0.8484322296880641,0.8010850306360052,0.8612511359520763,0.896366106946177,0.8634685388302284,0.8524835792493366,0.8600898862346023,0.8634685388302286,0.8612511359520764,0.7607106572063196,0.8413220055967657,0.8599370806040907,0.8759087987625758,0.8824720147478327,0.8625873493543594,0.8716759328610636,0.7564407040224626,0.8947146277695303,0.8629809745611581,0.8903033463652346,0.8140337375754613,0.8961390564071343,0.861314884047676,0.8431304958839474,0.83771752794428,0.8861090892276405,0.8827277513606684,0.8627195269535798,0.756440704022462,0.8567098496396717,0.8504250486029166,0.8784896043031476,0.8613148840476769,0.8856912299251469,0.7604915904629637,0.8923768984708529,0.8431304958839467,0.8860879272740824,0.8450595021845979,0.8861889957581421,0.8627195269535801,0.8334971923967489,0.8600816260831932,0.8737750999847178,0.8911515955482754,0.8599355949307094,0.8807402921674276,0.8963009160751757,0.8845509985518087,0.8010850306360062,0.8504689707119917,0.8828181215776372,0.845059502184598,0.843130495883948,0.8599355949307095,0.8511929677348897,0.7568620757643911,0.8696284705387309,0.7568620757643911,0.7607106572063196,0.8630341375980437,0.863488913169997,0.8024298630332387,0.8816718619426404,0.8775838567522813,0.8968443218170914,0.8634889131699972,0.8254034995521539,0.8600816260831936,0.8801173010595024,0.8513259306039596,0.8379166913825727,0.8020945991724642,0.8851259516385153,0.8429701163011064,0.8371821685149956,0.8787468022298568,0.880557293238019,0.8855882014366163,0.8612441427629394,0.8933751977355573,0.8408154278406599,0.8453180253602084,0.8978620149941081,0.896521511046293,0.8831743002048472,0.8630341375980436,0.842634775621751,0.881475018871959,0.8600898862346039,0.8629809745611587,0.8788160455491314,0.8838723793406684,0.8845404078755403,0.8707717626745394,0.8973967643668593,0.8950236828563691,0.7564407040224611,0.8613303668651702,0.8600898862346037,0.8704337634525906,0.7604915904629639,0.7568620757643908,0.8958992191324112,0.8825630136017804,1.0,0.8599355949307083,0.8513259306039598,0.8451202946374909,0.8590683455634703,0.8024298630332386,0.8840120200085033,0.8873021595971541,0.8600816260831936,0.8942552472187761,0.8626075636893551,0.8629809745611585,0.8268576890729482,0.8020945991724636,0.8619514673777986,0.863488913169997,0.8429701163011067,0.8845688976343438,0.7607106572063194,0.8933308143325486,0.8694557881096467,0.8799259285748431,0.880937989223967,0.8511929677348895,0.8429701163011069,0.8971984275639927,0.8524835792493355,0.8821051770752675,0.8839278760946545,0.8613303668651698,0.8844223094516583,0.8558764248181868,0.8504250486029168,0.8625873493543593,0.802094599172464,0.8857070196716124,0.8859881797297503,0.86124414276294,0.8626075636893545,0.8511929677348892,0.8977535856228188
c87583ca0a6967ef,0.8014991489317445,0.7110903794518416,0.7995315491269741,0.8955815612341743,0.7124219337043196,0.8512127998974306,0.7228454802268776,0.8996975873349603,0.7039455642771398,0.8610418114249726,0.7097550455222476,0.8955466528409206,0.8927666506678003,0.8609998026596755,0.8996605545238008,0.8996955341270672,0.8999999545964956,0.8735410544536025,0.8999999545964947,0.7293308544038148,0.8195639946777846,0.7996049933852962,0.89966026708688,0.8649163095147803,0.895134384175963,0.8977326236986563,0.7996049933852963,0.8056809391590353,0.8613742855643394,0.8721902225944772,0.7996049933852964,0.8931581722312077,0.8920884776062582,0.853702673728417,0.8721632217269198,0.7308694893356762,0.8935166589884027,0.7438996276615467,0.8721902225944763,0.8610418114249735,0.897732623698656,0.8927330953821142,0.8022328355226926,0.8955466528409202,0.7910816038391042,0.8955466528409197,0.7194506158991388,0.8663166342152993,0.7216682082793022,0.8951391856894164,0.7371338390952409,0.7995315491269737,0.899695534127068,0.8682968189148373,0.892733095382114,0.897732623698656,0.8999952576593346,0.8927330953821137,0.8996955341270679,0.7441162854278897,0.7185089653803113,0.8999999545964952,0.8009406009016995,0.8904470956145512,0.8951343841759625,0.8003188200957144,0.73997774499032,0.8584189269796919,0.8920663698417662,0.8540601655987032,0.6859134929420808,0.8587811864162698,0.8996602670868805,0.858878546778108,0.7220341919903268,0.8919659234017652,0.8034243893556408,0.895581561234174,0.7399777449903201,0.7539306115526124,0.8721632217269197,0.8085117785121341,0.8996602670868804,0.8907503673120601,0.7438996276615469,0.8537489916861106,0.8588785467781078,0.8142549401554622,0.8609998026596752,0.8905915682239627,0.8955815612341739,0.729260338360834,0.8999951985545871,0.7938054730948477,0.8446990171444706,0.8999999999999999,0.8934430020915635,0.8673484347026531,0.8919743098668695,0.7995315491269738,0.8721902225944762,0.8061014332669701,0.8609998026596755,0.8588785467781077,0.9,0.8733968467365203,0.7403100980918172,0.7852775295061516,0.7403100980918175,0.74411628542789,0.8920884776062579,0.8927364227256955,0.8014991489317215,0.8936708397115368,0.7968705088303958,0.8639156021823429,0.8927364227256953,0.7169282864499852,0.899995198554587,0.8921489698119803,0.8735410544536026,0.7197023535721339,0.8011335951928497,0.8129389439056987,0.8587663994226491,0.7204786060358198,0.7929593214096184,0.893463641275426,0.8925406664476425,0.8996975873349589,0.8517849465868691,0.73325803597922,0.740071943684037,0.8631308143935547,0.8610051904258452,0.8928733739560362,0.8920884776062578,0.7346643118256702,0.8935619881096777,0.8999952576593346,0.8920663698417667,0.8015657721379853,0.8905796224972355,0.8927565923234394,0.7866898261237472,0.8632570068396855,0.868824779145049,0.7399777449903199,0.8996605545238012,0.8999952576593347,0.7824693079436713,0.743899627661547,0.7403100980918174,0.8600958269915641,0.8932822246552504,0.8599355949307083,1.0,0.8735410544536026,0.8610418114249734,0.7557533693703669,0.8014991489317217,0.7972058985395807,0.8202379143023182,0.8999951985545871,0.8664112922730406,0.8951391856894167,0.8920663698417666,0.7075764067782049,0.8011335951928497,0.7690458550144734,0.8927364227256953,0.8587663994226493,0.8909196655241377,0.7441162854278899,0.8615631369802462,0.7895568773581494,0.8101452145435246,0.893368907837773,0.87339684673652,0.8587663994226491,0.867391946256429,0.8977326236986559,0.8924650438117517,0.892230799826516,0.8996605545238011,0.8932252493233388,0.7494297463580516,0.8721632217269194,0.8951343841759626,0.8011335951928497,0.8129581227479906,0.889114489441593,0.8996975873349595,0.8951391856894162,0.8733968467365198,0.8564252426391394
c921e1047ce02cdc,0.873405068991782,0.7462008866876243,0.8723997220984597,0.890633407658039,0.7379363924557165,0.8470653168030633,0.7473302549502429,0.8744425930411504,0.7333780529732921,0.8949487334157793,0.7494919847160196,0.8906817964180715,0.8677120642283628,0.8949767884150182,0.8749390909572639,0.8744289261699657,0.8735064238114053,0.9000000000000004,0.873506423811405,0.7521694696600688,0.8217791131323227,0.8724368824852307,0.8749558273984704,0.8569050034412897,0.8911995445175173,0.8561391940136818,0.8724368824852302,0.8113744371105698,0.8488908851138798,0.8999552677873214,0.8724368824852304,0.8650152783717155,0.8916302610317088,0.8474746274529659,0.8999535328225452,0.7598618432706146,0.8639888190379628,0.8349739155548648,0.8999552677873202,0.8949487334157797,0.8561391940136813,0.8911489412547235,0.8146805900917566,0.8906817964180713,0.8011244712368203,0.8906817964180713,0.745451966329119,0.854112562098433,0.7502252318460365,0.8911941722232299,0.7547697743650439,0.8723997220984595,0.8744289261699663,0.8547526998944103,0.8911489412547233,0.8561391940136814,0.8739983390328916,0.8911489412547231,0.8744289261699663,0.8350329042954849,0.7432801777574338,0.8735064238114054,0.8096192054515032,0.8633504717918159,0.8911995445175168,0.8066308473998633,0.8323329173090009,0.8545762303612772,0.8916562965684937,0.8438949387059304,0.7182532575544043,0.8503591488698967,0.8749558273984703,0.894413732132127,0.7396603009423681,0.8684984157363211,0.8061454557725143,0.8906334076580389,0.8323329173090008,0.7664593740437802,0.899953532822545,0.8147300398734962,0.8749558273984706,0.8699631315006509,0.834973915554865,0.8458730011112385,0.8944137321321268,0.8136448420843349,0.8949767884150182,0.8669009470905682,0.8906334076580389,0.7491399254999799,0.8740008574295632,0.8108984829828049,0.8402699084752174,0.8735410544536027,0.8652258971386957,0.851465739352772,0.8658748468727301,0.8723997220984601,0.8999552677873203,0.8195347388789118,0.8949767884150183,0.894413732132127,0.8735410544536027,0.8999991584257928,0.832498185181394,0.8085453296719647,0.8324981851813942,0.8350329042954849,0.8916302610317084,0.891120346650714,0.873405068991757,0.8652607878810958,0.8068386684354141,0.8518070834470988,0.891120346650714,0.7428993608324246,0.8740008574295633,0.8636467627808289,0.8999999999999999,0.7498737960621652,0.8732355357905924,0.8227436843174127,0.8944005559076753,0.7461375639823983,0.8085498200687666,0.8628488882384825,0.8662994894933562,0.87444259304115,0.8536307907780325,0.7657370924086682,0.753211712857743,0.857482111384524,0.854533989537819,0.864139195180885,0.8916302610317082,0.7636365239504491,0.8635999032061898,0.8739983390328927,0.8916562965684938,0.8193764115234727,0.8649310021684702,0.8702970684313549,0.8009655121496239,0.8496183549213763,0.8511531550356481,0.8323329173090004,0.8749390909572634,0.8739983390328925,0.7971416747796298,0.8349739155548649,0.8324981851813937,0.8583464519582498,0.8676658499246649,0.8513259306039598,0.8735410544536026,1.0,0.8949487334157797,0.7727510359561095,0.873405068991757,0.8067634380688153,0.8173663554399083,0.8740008574295632,0.8518903638693625,0.8911941722232302,0.8916562965684933,0.7408616533669705,0.8732355357905927,0.7844438425174676,0.891120346650714,0.8944005559076756,0.8655462212486993,0.8350329042954854,0.8506759944488043,0.7976844330057873,0.8127580486477365,0.8640472289098293,0.8999991584257927,0.8944005559076754,0.8517550543556995,0.8561391940136812,0.8646348643383353,0.8682294298779711,0.8749390909572636,0.8685546592049377,0.7749242709104069,0.8999535328225449,0.8911995445175168,0.8732355357905925,0.813476181811699,0.8649450362021467,0.8744425930411501,0.8911941722232299,0.8999991584257919,0.8529026083748732
cbc62e3a5b6d17f1,0.8761195985648078,0.7522271857503029,0.8748484921456905,0.8808895402751515,0.7459434478283431,0.8450050367184734,0.7527185302296386,0.8643214730821103,0.7410923357974748,0.8999999999999999,0.7560749317172102,0.8809292880609771,0.8564524636060691,0.899999534746718,0.864976580825438,0.8643134645511457,0.8610107620542544,0.8949487334157797,0.861010762054254,0.7498329686233876,0.8186253199072483,0.8748779797411557,0.8649960799816916,0.8505158731612121,0.881359760863407,0.8419473231027704,0.8748779797411557,0.8062729094590841,0.844276321674033,0.894739004159693,0.8748779797411553,0.8531852421093763,0.887842944113215,0.8436537828670156,0.894744908415251,0.7579656507366962,0.8525946282058213,0.8551820057919042,0.8947390041596914,0.9000000000000002,0.8419473231027701,0.8870178493725043,0.8105116724651249,0.8809292880609774,0.8031012906498585,0.8809292880609769,0.748036841381275,0.8489643713665627,0.7559963736080919,0.8813495624217702,0.7531655779284059,0.8748484921456895,0.8643134645511463,0.8476542536536897,0.887017849372504,0.8419473231027703,0.8614551557476949,0.8870178493725042,0.8643134645511461,0.8553076052333974,0.7438950508864606,0.861010762054254,0.809984498240761,0.85389444619663,0.8813597608634073,0.8084324490503663,0.8530229137099522,0.8509448903543422,0.887876159749805,0.840532604505841,0.7263133356354705,0.8448885302406641,0.8649960799816916,0.899940089692219,0.7359348011710548,0.8591162562796356,0.8003751193036348,0.8808895402751523,0.8530229137099523,0.7630699277239408,0.894744908415251,0.8153445373575673,0.8649960799816914,0.8612766993970927,0.8551820057919045,0.8423488213859202,0.899940089692219,0.8094954302504374,0.8999995347467171,0.8581881366212176,0.8808895402751522,0.7483518737866804,0.8614599947786431,0.8130380936862598,0.8376212504058351,0.8610418114249734,0.854865364221219,0.8428120983822737,0.8555021377797494,0.8748484921456897,0.8947390041596914,0.8190289309591028,0.8999995347467173,0.8999400896922187,0.8610418114249734,0.8949304625426646,0.8531927314582632,0.8119846675068717,0.8531927314582632,0.8553076052333978,0.8878429441132145,0.8870034021396974,0.8761195985647823,0.8542140385928217,0.8061647572366659,0.8432261230434306,0.8870034021396971,0.750665203145878,0.8614599947786432,0.8534630278063002,0.89494873341578,0.7539895884448403,0.8759114202993246,0.8202559829098673,0.8999374566108218,0.7519751148961401,0.8098406212331675,0.8507194406426732,0.8556487499609211,0.8643214730821104,0.851442604823258,0.7693839224303166,0.7515341335073127,0.8523010560913074,0.846918795106534,0.8522007725181222,0.8878429441132145,0.7660133037624619,0.8517278594065399,0.8614551557476955,0.8878761597498052,0.8204493210186622,0.8555459943616326,0.8609312527105246,0.8031232339107879,0.8407253947092266,0.8418755035981432,0.8530229137099519,0.8649765808254379,0.8614551557476953,0.801123700918161,0.8551820057919044,0.8531927314582632,0.8545646218934002,0.8570480047430681,0.8451202946374909,0.8610418114249734,0.8949487334157797,1.0,0.7725659441428885,0.8761195985647827,0.8047975987027265,0.8112424645165637,0.8614599947786428,0.8437410758333022,0.8813495624217702,0.8878761597498053,0.7478394331810101,0.8759114202993246,0.7879891928339504,0.8870034021396975,0.8999374566108218,0.8558987785207084,0.8553076052333977,0.8452163571658395,0.8005948565713983,0.8086325603517313,0.8523348466961895,0.8949304625426646,0.8999374566108218,0.8439617052131931,0.8419473231027699,0.8541021920594947,0.8586758212334291,0.8649765808254377,0.8584130673231278,0.7750079919857658,0.894744908415251,0.8813597608634072,0.8759114202993246,0.808511500004846,0.8558706101259024,0.8643214730821104,0.8813495624217701,0.8949304625426642,0.8491749399240831
cf2823612b5449c7,0.7552500880724917,0.8647717069741221,0.7547706316307785,0.7686034430066331,0.8753861994586247,0.8560613362597032,0.8626073549260984,0.758411949231879,0.8602899530417246,0.7725659441428889,0.8616347021893869,0.7686208409997307,0.8048523101133611,0.7725143891581285,0.7586031557997912,0.7584226791328933,0.7557351835157267,0.772751035956107,0.7557351835157292,0.8899154297894475,0.8888213853179704,0.7548365354243481,0.7585918648458498,0.8530362741129973,0.7689512838956518,0.7413597350843687,0.7548365354243534,0.8867107829788629,0.8488824786122989,0.7726338936764656,0.7548365354243525,0.8019598813568847,0.772351652477393,0.8567123418593494,0.772600325578402,0.8895117165419886,0.8003162320007461,0.729216794990028,0.7726338936764594,0.7725659441428882,0.7413597350843655,0.7725725981587578,0.8866338277882456,0.7686208409997344,0.8782009568548585,0.7686208409997335,0.8689584346331007,0.8464434563290683,0.870252673931597,0.7689748202997465,0.8899804807274458,0.7547706316307783,0.7584226791328952,0.8541118239977484,0.7725725981587567,0.7413597350843658,0.7561049469328749,0.7725725981587548,0.7584226791328952,0.7293700119263411,0.8812611037883835,0.75573518351573,0.8740591273855465,0.8037793686340283,0.7689512838956616,0.8762252103374506,0.7252222901782336,0.8541528991954379,0.7723132194992801,0.8527280998410112,0.8661788023249859,0.8550294598274285,0.7585918648458496,0.7708441764572963,0.8835988005285749,0.8047984255335294,0.8870877143471687,0.7686034430066346,0.7252222901782333,0.8942447467363946,0.7726003255784062,0.8729736185600407,0.7585918648458472,0.8071663952386796,0.7292167949900291,0.854803637530015,0.7708441764572982,0.8840681835940438,0.7725143891581264,0.8072541387152395,0.7686034430066333,0.8692884657301847,0.7560928791194187,0.8762237645444353,0.8597727714874266,0.755753369370365,0.7970877034703548,0.8518508754064095,0.8045061140166846,0.754770631630776,0.7726338936764596,0.878746867419768,0.7725143891581256,0.7708441764572935,0.7557533693703649,0.7727192923242363,0.7255786580855781,0.8725217946016562,0.7255786580855785,0.7293700119263402,0.7723516524773906,0.7725965017613334,0.7552500880724702,0.8008645242880117,0.8777078479374419,0.8556381195548628,0.7725965017613314,0.8745839367735422,0.7560928791194168,0.799340224031586,0.7727510359561104,0.8667331257671633,0.7550879142659087,0.8835704078122277,0.770719673714279,0.87965173244513,0.8747973410428036,0.7981560877380595,0.8050076284079846,0.7584119492318784,0.8553032215265284,0.8705725262090189,0.8823332938559061,0.8538954976165132,0.8581505512739878,0.8026998123191071,0.7723516524773901,0.8730221085818661,0.7992740948276863,0.7561049469328703,0.7723132194992794,0.8755871182849647,0.8054257651070234,0.8038673065901519,0.8780271138673736,0.8568368915594365,0.8494802137650281,0.7252222901782351,0.7586031557997941,0.7561049469328721,0.8728359245648825,0.7292167949900288,0.7255786580855788,0.8533478686955545,0.8016616812618628,0.8590683455634703,0.7557533693703669,0.7727510359561095,0.7725659441428885,1.0,0.7552500880724695,0.8861383730873461,0.8837280550451557,0.7560928791194157,0.8480910378722979,0.7689748202997484,0.7723132194992794,0.8724130755653007,0.7550879142659094,0.8760095682648554,0.7725965017613343,0.770719673714278,0.8064490568591489,0.7293700119263411,0.8493499049581865,0.8762126406422052,0.8757609572589888,0.798083700020518,0.7727192923242368,0.7707196737142779,0.8530345356143254,0.7413597350843664,0.8003310697916214,0.8036614907629447,0.7586031557997961,0.8029143552228611,0.8921686398293176,0.7726003255784047,0.7689512838956631,0.7550879142659084,0.8847884578303437,0.8101767097825044,0.7584119492318788,0.7689748202997488,0.7727192923242356,0.8544675349788732
d23fa65533bce721,0.9000000000000259,0.752110870236383,0.8999432278659172,0.8362751774930424,0.7273505696731823,0.8021164242497232,0.7476992510046572,0.8037503592708847,0.7370817481798164,0.8761195985647818,0.7553678318703294,0.83639371584164,0.7982307765726471,0.8761893628879002,0.8047759912248587,0.8037289768725706,0.8014362522165197,0.8734050689917565,0.8014362522165193,0.7470268617012068,0.7835544057746388,0.8999464317596878,0.8048044216222038,0.8023368599873721,0.8377620976294593,0.7719760790234946,0.8999464317596881,0.7816015090160142,0.7915564425311661,0.8746041184808581,0.8999464317596881,0.7935494026796497,0.8420618866167624,0.8003757375363341,0.874639237567095,0.75525403316803,0.7909691130938998,0.8822193764820518,0.8746041184808555,0.8761195985647823,0.7719760790234939,0.84042349621468,0.7877940839141178,0.8363937158416399,0.7678153400896242,0.8363937158416395,0.7455450143833784,0.8000764382665224,0.7521761937019829,0.837738223046161,0.746556467652002,0.8999432278659177,0.8037289768725712,0.7971707910988807,0.8404234962146797,0.7719760790234942,0.8023597501904108,0.8404234962146797,0.803728976872571,0.882195712786834,0.7444839160529846,0.8014362522165197,0.7838174730179233,0.7909386946630323,0.8377620976294594,0.7717741346441328,0.8810905023387002,0.8070944136276297,0.8421239211013589,0.7887921993587443,0.7214894345621775,0.8008674617404803,0.8048044216222042,0.8773395669262563,0.7331531193745173,0.801685291830947,0.7747192330331307,0.8362751774930418,0.8810905023387001,0.7460053372598106,0.8746392375670955,0.7859701399460725,0.8048044216222041,0.8032854709763251,0.8822193764820521,0.7920813449186944,0.8773395669262557,0.7790993080750326,0.8761893628878993,0.7995572045319141,0.8362751774930417,0.746392050084129,0.8023688568937775,0.7898969778407101,0.7946108961011369,0.8014991489317217,0.7929053128771764,0.7951514367026872,0.7960959517853345,0.8999432278659177,0.8746041184808553,0.7967890538047013,0.8761893628878992,0.8773395669262556,0.8014991489317218,0.8735293351446554,0.8811350697925294,0.790682552680181,0.8811350697925295,0.8821957127868336,0.8420618866167621,0.8403744932224682,0.8999999999999999,0.7921314347118464,0.7820344767708616,0.7987751340554206,0.840374493222468,0.7340573571773663,0.8023688568937777,0.789932158369507,0.8734050689917564,0.7548200726613452,0.8999974861967495,0.7881235498116126,0.8774045994619972,0.7328673305586926,0.7901576875406126,0.7877634468111284,0.7967262983452483,0.8037503592708846,0.8100090175686759,0.7678227663286344,0.7429270838111934,0.809802605110334,0.804807198787032,0.7919237854390028,0.8420618866167618,0.7653731706628563,0.7905218881971188,0.8023597501904108,0.8421239211013589,0.798939545682739,0.7935767086127812,0.8031963391682734,0.7798137851231817,0.7951406218594818,0.7899420544729882,0.8810905023386999,0.8047759912248593,0.802359750190411,0.777449660705096,0.8822193764820521,0.8811350697925292,0.8133563616882467,0.796140017103258,0.8024298630332386,0.8014991489317217,0.873405068991757,0.8761195985647827,0.7552500880724695,1.0,0.7829809617467036,0.7749665666048569,0.8023688568937773,0.7970825109875164,0.837738223046161,0.8421239211013589,0.7455848194101156,0.8999974861967495,0.7640552120409227,0.8403744932224687,0.877404599461997,0.7967462106557557,0.8821957127868336,0.7993968964283862,0.7642764969042697,0.782234186423804,0.7914470674146232,0.8735293351446555,0.877404599461997,0.7953075013198003,0.771976079023494,0.7936844108293649,0.7992426578470441,0.8047759912248591,0.7998210785162891,0.7603759628294324,0.8746392375670953,0.8377620976294593,0.8999974861967491,0.7796387519851853,0.7970296444614684,0.8037503592708846,0.837738223046161,0.8735293351446547,0.808993390145248
d617def5986fd2cd,0.7829809617467254,0.8646908886316165,0.782326239644763,0.8069966196490574,0.8599092857900756,0.8809943027430163,0.8632794238042486,0.7994173762076149,0.8664409489896859,0.8047975987027247,0.8650300295448776,0.8069825003685223,0.837564666624782,0.8047433751840163,0.7996838813597659,0.7994258860433187,0.7972008135708728,0.8067634380688167,0.7972008135708705,0.8808541927510987,0.890337559266527,0.7824391474322829,0.7996645269512659,0.8724770639040258,0.8072889588612382,0.784936811644704,0.7824391474322807,0.8918511123419628,0.8650006189829695,0.8065559103110879,0.7824391474322814,0.8353321564600096,0.8098731376362556,0.8758490869415642,0.8065080487364571,0.8800394546485186,0.8341407947712893,0.7530833077780602,0.80655591031109,0.8047975987027269,0.7849368116447056,0.8099260278477944,0.8906995093343647,0.8069825003685211,0.8808644185731372,0.8069825003685211,0.8722107428321788,0.8705749978581759,0.8670451676880557,0.8073151405901695,0.8823211381669316,0.7823262396447608,0.7994258860433185,0.871651592693759,0.8099260278477948,0.7849368116447052,0.7975519449363611,0.8099260278477951,0.7994258860433187,0.7532699981784258,0.8856222265806288,0.7972008135708704,0.8829259480882405,0.835049251643784,0.8072889588612331,0.8747535155769225,0.7494483619528358,0.8769170370080525,0.80981592045608,0.8687311910796751,0.8562327762585511,0.8787290819156618,0.7996645269512659,0.8033606727687413,0.8776198127047283,0.841775836274808,0.8938244069836616,0.8069966196490561,0.7494483619528359,0.8833628298666247,0.8065080487364555,0.8849800799267353,0.799664526951267,0.8416252649058851,0.75308330777806,0.8724306634545719,0.8033606727687399,0.8930089189516847,0.8047433751840163,0.8424703117331573,0.8069966196490563,0.8674163180093009,0.7975399557432155,0.8867413825889425,0.8772480117736146,0.7972058985395815,0.8320134980169412,0.8727410755318239,0.839047454936638,0.7823262396447626,0.8065559103110898,0.8943225355175597,0.8047433751840167,0.8033606727687422,0.7972058985395816,0.8066749708087723,0.7498633477937995,0.884883812806696,0.7498633477937995,0.7532699981784265,0.8098731376362563,0.8099471039051127,0.7829809617467032,0.832850149747669,0.8902549764040981,0.875758175882694,0.8099471039051136,0.8559219220399253,0.7975399557432163,0.830851992258426,0.8067634380688151,0.8797801034267099,0.7827250564725643,0.888624139713887,0.8032027202131046,0.8690619797567565,0.8948269654927163,0.8310471364989683,0.8403212345197664,0.7994173762076134,0.8787209510825218,0.8770073658313862,0.8795620945448428,0.8796899821414387,0.877097357624447,0.836177476700533,0.809873137636256,0.880044702681656,0.832877834915241,0.7975519449363639,0.8098159204560806,0.8903850145979111,0.8373725299392728,0.8390493810952989,0.8829902611215477,0.8776021527459313,0.8689130477722726,0.7494483619528343,0.799683881359764,0.797551944936363,0.8873565146897278,0.7530833077780607,0.7498633477937993,0.8784155643219149,0.8344257163692435,0.8840120200085033,0.7972058985395807,0.8067634380688153,0.8047975987027265,0.8861383730873461,0.7829809617467036,1.0,0.8878716178402786,0.7975399557432168,0.8708652499332841,0.8073151405901684,0.8098159204560811,0.8650770017751375,0.7827250564725637,0.8785982230005855,0.8099471039051123,0.8032027202131051,0.8391020637193067,0.7532699981784258,0.8714279928953164,0.8758042281697749,0.8857491977943504,0.8323553935918014,0.8066749708087713,0.8032027202131052,0.8749515063309978,0.7849368116447042,0.8344049530332243,0.8379461949806559,0.7996838813597626,0.838496032149898,0.8838576802587441,0.8065080487364561,0.8072889588612322,0.7827250564725645,0.8911751010316648,0.8421341567975452,0.7994173762076137,0.8073151405901675,0.8066749708087717,0.8831153322096098
d83c529a37a95870,0.774966566604879,0.8436956426132243,0.7740594118483275,0.8255094089861945,0.8639138733261562,0.8842392720423963,0.84317757254012,0.821649575085328,0.8420507133033622,0.8112424645165626,0.841660402259157,0.8254884902504155,0.856975837368695,0.8111857666936115,0.8216687403409915,0.8216594562208522,0.8202345740996343,0.8173663554399098,0.8202345740996314,0.8730648669407644,0.8966347731045258,0.7741321522409224,0.8216476458160482,0.885247025961092,0.8255432530304345,0.8109007025177124,0.7741321522409186,0.8943741054069543,0.8850296173268379,0.8167857360333015,0.7741321522409199,0.8558467337411428,0.8257910753856931,0.8878021977413189,0.8167443071863978,0.8696111735845438,0.8541481473750556,0.7354961114767617,0.8167857360333042,0.8112424645165637,0.8109007025177141,0.8263895316449146,0.8903737720900933,0.8254884902504125,0.8886196238544467,0.8254884902504135,0.852789440920416,0.8798122315173164,0.8586036865920238,0.8255688578471096,0.8763296943261931,0.774059411848326,0.8216594562208512,0.8863144155046963,0.8263895316449147,0.8109007025177138,0.8204630653000462,0.8263895316449157,0.8216594562208508,0.735676394095346,0.8588564932824929,0.8202345740996312,0.8858462624076353,0.858412775490036,0.8255432530304275,0.8882322660746876,0.7310459646235603,0.8836733659301825,0.825726820065595,0.8871245102232782,0.8477618930101918,0.8859421032670086,0.8216476458160489,0.8089663128682895,0.8630082156672867,0.8561369934789185,0.8917205349056032,0.8255094089861934,0.7310459646235603,0.887927218997891,0.8167443071863956,0.8803076429285184,0.8216476458160499,0.8581581758965705,0.7354961114767609,0.887983237710565,0.8089663128682877,0.8922423677357418,0.811185766693612,0.8587462523348538,0.8255094089861938,0.8556822000584979,0.8204508076191854,0.8795740416161951,0.8884041023990248,0.8202379143023191,0.8515081334883138,0.8867711219592997,0.8573303393744283,0.7740594118483288,0.8167857360333038,0.8851444694171423,0.811185766693612,0.8089663128682912,0.8202379143023193,0.8172597012583737,0.7314744668207203,0.8744510646094776,0.7314744668207203,0.7356763940953468,0.8257910753856942,0.8264132558652417,0.7749665666048566,0.8542857953623947,0.8841167547293818,0.8882416862002922,0.8264132558652431,0.8612510848993673,0.8204508076191868,0.8550016334237973,0.817366355439908,0.8473235270297592,0.774679255324878,0.8922114471115643,0.8087921434016305,0.8689907407850914,0.8771426840501787,0.8543096354606298,0.856843008783204,0.8216495750853277,0.882467505617381,0.8563771120976515,0.866535752621878,0.8845487386356181,0.8873158322601857,0.8556835635894566,0.8257910753856945,0.8576708298776586,0.8541158005557828,0.8204630653000494,0.8257268200655965,0.8818363984061034,0.8592854632702249,0.8560614271987026,0.8847963855035723,0.8875556458730965,0.8875255416122956,0.7310459646235586,0.8216687403409886,0.820463065300048,0.8761568203967789,0.7354961114767611,0.7314744668207196,0.8832703566556037,0.8549992079919866,0.8873021595971541,0.8202379143023182,0.8173663554399083,0.8112424645165637,0.8837280550451557,0.7749665666048569,0.8878716178402786,1.0,0.8204508076191874,0.8833598972297323,0.8255688578471081,0.8257268200655966,0.856733433685495,0.7746792553248768,0.8796486669991865,0.8264132558652411,0.8087921434016312,0.8594495643051538,0.7356763940953457,0.8846397906127857,0.8873330841558406,0.886836397098,0.8531807949444324,0.8172597012583731,0.8087921434016312,0.8858535668770169,0.8109007025177133,0.8554053180263932,0.8561302607515098,0.8216687403409871,0.8555974762030965,0.8783714255561331,0.8167443071863962,0.8255432530304262,0.7746792553248774,0.8957181739845564,0.8620730499862819,0.8216495750853268,0.8255688578471072,0.8172597012583734,0.8820849260430168
d8f67243f989e22d,0.8023688568938006,0.7117190664348906,0.8004300661022883,0.8957730527222552,0.7126943621040784,0.8514312791762821,0.7233563131629466,0.899671159027556,0.7045684773395025,0.8614599947786424,0.7104038360451435,0.895739498227316,0.8927583380081188,0.8614198312554093,0.8996405025474642,0.8996687859522496,0.8999945988455318,0.8740008574295637,0.899994598845532,0.7298363483587011,0.8197519816225853,0.8005020019414016,0.8996403052598403,0.8650204580195708,0.8953467340600074,0.8975807307772448,0.8005020019414026,0.8059914889206008,0.8614030031925886,0.8726784298854646,0.800502001941402,0.893128047641065,0.8922530636923351,0.853843696187059,0.8726522021868788,0.7313930110764093,0.8934670336579914,0.7448323016646888,0.8726784298854628,0.8614599947786432,0.8975807307772445,0.8928845247925472,0.8025779409283841,0.8957394982273169,0.7913031601675351,0.8957394982273164,0.72011816044827,0.8664139407419756,0.722163836497913,0.8953512149969165,0.7375594949363609,0.8004300661022871,0.89966878595225,0.8683475281092543,0.892884524792547,0.897580730777245,0.8999999649743134,0.8928845247925468,0.8996687859522499,0.7450447853260969,0.7190330940297835,0.8999945988455322,0.8012319498259515,0.8903645759908838,0.8953467340600075,0.8004934640632323,0.7409262557196038,0.8586049544788513,0.8922313329746604,0.854073335549919,0.6864062300624474,0.8589925207565519,0.8996403052598405,0.8593166568281665,0.7225630782958004,0.8919687069634191,0.8037384895599303,0.8957730527222553,0.7409262557196041,0.7543289303714131,0.872652202186879,0.8087999201397075,0.8996403052598404,0.8907782994277726,0.744832301664689,0.853827733031191,0.8593166568281664,0.8145198222137688,0.8614198312554089,0.8906114197345116,0.8957730527222552,0.7298411492646426,0.8999999999999999,0.7942102911974704,0.8448472477166651,0.8999951985545871,0.8933960328001438,0.8674153880372311,0.8919854761091928,0.8004300661022874,0.872678429885463,0.8065036517996911,0.8614198312554087,0.859316656828166,0.8999951985545873,0.8738590923365286,0.7412558014057404,0.7857269454278387,0.7412558014057407,0.745044785326097,0.8922530636923345,0.8928869964247541,0.8023688568937772,0.8936081410627285,0.7973093700330411,0.8640413982212123,0.8928869964247539,0.7172784153438714,0.8999999999999999,0.892070399836564,0.8740008574295637,0.720236970196415,0.8020072220781815,0.8131969978513787,0.8592055827056742,0.7208453782712103,0.7933233688193042,0.8933998669824703,0.8925223582536763,0.899671159027555,0.8520189123867119,0.733906262780077,0.7405391522487337,0.8633208482681418,0.8611665252984604,0.8928389171759359,0.8922530636923345,0.7352782788728545,0.8935022229657417,0.8999999649743137,0.8922313329746603,0.8020153299915562,0.8905316663202629,0.8927850626871874,0.7870200709894276,0.8633775784187354,0.8688812325045533,0.7409262557196039,0.8996405025474642,0.8999999649743136,0.7828971851568821,0.7448323016646891,0.7412558014057405,0.8603302118048299,0.8932478058827246,0.8600816260831936,0.8999951985545871,0.8740008574295632,0.8614599947786428,0.7560928791194157,0.8023688568937773,0.7975399557432168,0.8204508076191874,1.0,0.866541981408372,0.8953512149969169,0.8922313329746605,0.7081011349650417,0.802007222078182,0.7693704035295191,0.892886996424754,0.8592055827056743,0.890896862516513,0.7450447853260969,0.8616703524309175,0.7896916608948878,0.8104857438597557,0.8933369860601521,0.873859092336528,0.8592055827056742,0.8674799209187195,0.8975807307772448,0.8924240264225816,0.892229054916955,0.8996405025474642,0.8932275502867808,0.7498436608057009,0.8726522021868783,0.8953467340600074,0.8020072220781819,0.8131900939699002,0.8890988779601772,0.899671159027555,0.8953512149969163,0.873859092336528,0.8566047414639752
da85b9874a744f8f,0.7970825109875391,0.8193878106375054,0.7956937707266969,0.8668463323715478,0.8228882685280872,0.8941276594000092,0.8263855865881953,0.867168192512582,0.8170871282983669,0.8437410758333007,0.816463252921982,0.8668101431886298,0.886543894597341,0.8436847801515572,0.8671782946243336,0.8671750051415061,0.8664132050461948,0.8518903638693632,0.8664132050461943,0.8319488954800756,0.8812461849072268,0.7957963780747352,0.8671610684899789,0.8902258694403042,0.8666843954672081,0.8605370401086603,0.7957963780747329,0.8750605555749598,0.8938171967936541,0.8510020349571699,0.7957963780747337,0.886207020912911,0.8657850915524529,0.893308139713644,0.8509524886590045,0.829222335451998,0.8860009943107935,0.7517833333561892,0.8510020349571721,0.843741075833302,0.8605370401086612,0.8663670260798831,0.8703763789029195,0.866810143188628,0.8691749469286296,0.8668101431886279,0.8300098667365273,0.897040318744599,0.8290226399022722,0.8667085879430261,0.8372862865055685,0.795693770726696,0.8671750051415061,0.8944511901221943,0.8663670260798833,0.8605370401086609,0.8665521501714172,0.8663670260798838,0.867175005141506,0.7519884198320146,0.8227713255831983,0.8664132050461941,0.8747354273004426,0.8875924339919646,0.866684395467204,0.8728767731871565,0.7475498010477454,0.8955010672793873,0.865727102023891,0.8915908945766358,0.8075886854797991,0.897789847352226,0.8671610684899793,0.8415733143082702,0.8296307532636897,0.886333832089865,0.8776251387093007,0.8668463323715476,0.7475498010477455,0.849388560865834,0.8509524886590031,0.8788573474973217,0.86716106848998,0.8894451509908404,0.751783333356189,0.8925047408688398,0.8415733143082691,0.8800659394892021,0.8436847801515575,0.8902835105508329,0.8668463323715482,0.8384528899028414,0.8665419814083709,0.870961019432909,0.891338952730576,0.8664112922730416,0.8866381765431505,0.8949420379766762,0.8897081979809325,0.795693770726698,0.8510020349571719,0.869362519608255,0.8436847801515581,0.8415733143082711,0.8664112922730416,0.8517507798336139,0.7479805814009356,0.8638640004150866,0.7479805814009355,0.7519884198320146,0.8657850915524532,0.8663862264372969,0.7970825109875159,0.885203141232465,0.8761590140377038,0.894394621631724,0.8663862264372975,0.8246664482293011,0.866541981408372,0.8864116596859128,0.8518903638693618,0.8132650943939446,0.7967335401381278,0.872389516397759,0.8414037552983882,0.8303811983516475,0.8605673207428188,0.8851657323113831,0.8874508443343804,0.8671681925125831,0.8920264389705066,0.8213731019299398,0.8359869378583555,0.8917102806889468,0.8921637309047492,0.887326922256971,0.8657850915524532,0.8239941538777078,0.8853391786951073,0.86655215017142,0.8657271020238915,0.8645454015469276,0.888426079815654,0.8857917253069032,0.8663811304700175,0.8968176200334799,0.8953843169608473,0.7475498010477442,0.8671782946243323,0.8665521501714192,0.8657906724844046,0.7517833333561892,0.747980581400935,0.889055626106669,0.8844839784053208,0.8942552472187761,0.8664112922730406,0.8518903638693625,0.8437410758333022,0.8480910378722979,0.7970825109875164,0.8708652499332841,0.8833598972297323,0.866541981408372,1.0,0.866708587943025,0.8657271020238916,0.8192735733223182,0.7967335401381272,0.8581006062984129,0.8663862264372963,0.8414037552983882,0.8891329243940312,0.7519884198320146,0.8956552111173458,0.8669551913342868,0.8847380574516874,0.887982995992606,0.8517507798336136,0.8414037552983884,0.8960329296114015,0.8605370401086606,0.8877407548334684,0.8887066418383465,0.8671782946243313,0.8860117437156885,0.8375947757344346,0.8509524886590036,0.8666843954672029,0.7967335401381276,0.8789302910479446,0.8905950079173499,0.8671681925125827,0.866708587943025,0.8517507798336129,0.8884984881504743
dac252536d668e95,0.8377382230461847,0.7315068618661608,0.8362360383775083,0.8999776405355585,0.7285754078846649,0.8557384298205661,0.738497953455014,0.8952280091832787,0.7220030827908376,0.8813495624217702,0.7322783293001849,0.8999804657535799,0.8885506567065414,0.8813421148980396,0.8954195972924966,0.8952202571148367,0.895123397735074,0.8911941722232304,0.8951233977350734,0.7450250917984649,0.8267773498816327,0.8362904081083509,0.8954262514008098,0.8679383493212146,0.8999997964825335,0.8862738401799366,0.8362904081083505,0.8144062534070937,0.8623077489658001,0.8904471679099248,0.8362904081083509,0.8876212209827778,0.8981067751488149,0.8573625281191355,0.8904320161791576,0.7491981336991046,0.8873514031248937,0.7874352217644535,0.890447167909923,0.8813495624217704,0.8862738401799368,0.8982754423994049,0.8138150011466025,0.8999804657535797,0.8013939385424337,0.8999804657535795,0.7365038998250756,0.8673410567002707,0.7394455268365516,0.9000000000000001,0.750589258328602,0.8362360383775089,0.8952202571148368,0.8689593579429991,0.8982754423994047,0.8862738401799368,0.8953501802032948,0.8982754423994044,0.895220257114837,0.7875736356598535,0.7346820310038193,0.8951233977350734,0.8107162604537481,0.8852260084935007,0.8999997964825333,0.8089134951125576,0.7840265562295008,0.863080778106132,0.8981046051926418,0.855895970526811,0.7051957223908867,0.8617130054498829,0.89542625140081,0.8798662930153439,0.7356211024118395,0.8883085143067103,0.8109665269523451,0.8999776405355577,0.7840265562295006,0.7656122058239723,0.8904320161791577,0.816994053696209,0.8954262514008101,0.888323578918121,0.7874352217644536,0.8567022047143753,0.8798662930153437,0.820175048690949,0.8813421148980385,0.886902332569031,0.8999776405355577,0.7436220937726192,0.8953512149969167,0.8070365142535121,0.8491162402415682,0.895139185689417,0.8877652538736309,0.8670482445637311,0.8873482401406921,0.8362360383775091,0.8904471679099231,0.8179398319605704,0.8813421148980385,0.8798662930153437,0.8951391856894171,0.891114698435328,0.7842852828977267,0.801194745941903,0.7842852828977267,0.7875736356598535,0.8981067751488141,0.8982630767957889,0.8377382230461609,0.8879874811678434,0.8074329329204007,0.8652393991138978,0.8982630767957887,0.7333543815724619,0.895351214996917,0.8863565889224074,0.8911941722232302,0.7378865565984318,0.8374623363181815,0.8233746838712069,0.8797958134264925,0.7370906237275142,0.8053802730102309,0.8869162504770025,0.8877687066544047,0.895228009183278,0.8589063480618475,0.7528229972841365,0.7514699166585372,0.8670958401661987,0.864717900515859,0.8871112582008238,0.8981067751488141,0.7527631979173539,0.8872340665460899,0.8953501802032952,0.898104605192642,0.8152211620152678,0.8860387493121871,0.8896014929391749,0.7987651378926365,0.8639826189856415,0.8679062447265806,0.7840265562295005,0.8954195972924958,0.8953501802032952,0.794665224264754,0.7874352217644536,0.7842852828977267,0.8656931955873485,0.8888013606547658,0.8626075636893551,0.8951391856894167,0.8911941722232302,0.8813495624217702,0.7689748202997484,0.837738223046161,0.8073151405901684,0.8255688578471081,0.8953512149969169,0.866708587943025,1.0,0.8981046051926416,0.7273174211975395,0.8374623363181815,0.7815548872050742,0.8982630767957889,0.8797958134264927,0.8865082298837814,0.7875736356598534,0.8632935423416233,0.7988022321976354,0.8175433285970742,0.887332216030474,0.8911146984353276,0.8797958134264926,0.8671329464442529,0.8862738401799366,0.8870205582883506,0.8884001665942096,0.8954195972924961,0.8891308401248991,0.7662741349999715,0.8904320161791577,0.8999997964825338,0.8374623363181815,0.8194692213339068,0.885228052120623,0.8952280091832784,0.9000000000000001,0.8911146984353275,0.8610945992930302
db2f0abf4f0f919b,0.8421239211013831,0.737537813247301,0.8403788101458463,0.8981920369869041,0.7361554030650288,0.8580804966503841,0.7448000130234654,0.8936595807907899,0.7290877647898977,0.8878761597498043,0.7385729694525247,0.8981858165565069,0.8861612151094735,0.8878439455974569,0.893941972520377,0.8936565176606943,0.8920542331094072,0.8916562965684937,0.892054233109407,0.7467221619848385,0.828725474145111,0.8404372326360715,0.893949658064858,0.8680698300860039,0.8981058292556446,0.8824303587833655,0.8404372326360715,0.814958746858766,0.8635401544886248,0.8907385920632822,0.8404372326360715,0.8849827769485535,0.8999998594351107,0.8588792409566761,0.8907243729240724,0.7509631668972907,0.8850282338194042,0.8015261123082702,0.8907385920632813,0.8878761597498052,0.8824303587833662,0.8999734439226803,0.8146982203328759,0.8981858165565068,0.805699424196602,0.8981858165565066,0.7404941738646684,0.8683128848590198,0.7457045297319398,0.8981046051926416,0.7532228295958531,0.8403788101458463,0.8936565176606949,0.8689180962817473,0.89997344392268,0.8824303587833664,0.8922293632396703,0.8999734439226803,0.893656517660695,0.801722580382932,0.7384125549647945,0.892054233109407,0.8143910762484617,0.8839552491449667,0.8981058292556434,0.8133842910614382,0.7983857283227285,0.8645494333069835,0.9000000000000001,0.8578314330228569,0.7123586156146624,0.8620866429521007,0.8939496580648586,0.8866518899215727,0.7367526739157033,0.8870613116293258,0.8112970309118308,0.8981920369869034,0.7983857283227287,0.7669199992842306,0.8907243729240719,0.8209405606471805,0.8939496580648586,0.8872620707475743,0.8015261123082702,0.8583368381560018,0.8866518899215727,0.8215342229610394,0.8878439455974563,0.8858774886741299,0.8981920369869032,0.7458551295579654,0.8922313329746601,0.8113023472939402,0.8512055720265927,0.8920663698417668,0.8859797122196804,0.8662678359708506,0.8853666989757831,0.8403788101458467,0.8907385920632811,0.8211004380976392,0.8878439455974563,0.886651889921573,0.8920663698417668,0.8915588558183056,0.7986601788919658,0.8060754058194178,0.798660178891966,0.8017225803829323,0.89999985943511,0.8999730307651388,0.8421239211013589,0.8858627318410255,0.8100291328866975,0.8641913282438671,0.8999730307651388,0.7406901807120829,0.8922313329746603,0.88467385697416,0.8916562965684933,0.7437017811508443,0.8418110223886164,0.8253673772840111,0.8865826350584731,0.7431466672614004,0.809726637177564,0.8841630819303246,0.8858271050337633,0.893659580790789,0.8610757284836944,0.7576940383657517,0.7539454233699183,0.8679284201248525,0.8640645810789243,0.8844636499646676,0.89999985943511,0.7573001319635086,0.8847171982029128,0.8922293632396712,0.9000000000000001,0.8189137773682873,0.884704526044066,0.8881984308334308,0.803199830279353,0.8628627287386321,0.8665848367389406,0.798385728322728,0.8939419725203769,0.892229363239671,0.7999861656434032,0.8015261123082704,0.7986601788919662,0.8670535557922523,0.8868132577698733,0.8629809745611585,0.8920663698417666,0.8916562965684933,0.8878761597498053,0.7723132194992794,0.8421239211013589,0.8098159204560811,0.8257268200655966,0.8922313329746605,0.8657271020238916,0.8981046051926416,1.0,0.7339705353769304,0.8418110223886162,0.7866513581166862,0.8999730307651389,0.8865826350584736,0.8850556569675931,0.801722580382932,0.8640499031993346,0.8039181420137175,0.8183877381127902,0.8846702475069506,0.8915588558183053,0.8865826350584736,0.8666868304703315,0.8824303587833657,0.8851380689552542,0.8869080271027923,0.8939419725203765,0.887417731848944,0.7693860834849526,0.8907243729240715,0.8981058292556438,0.8418110223886163,0.8205513759194762,0.8840614374656515,0.893659580790789,0.8981046051926413,0.8915588558183052,0.8628369082209886
ddbf4e42aefe26e0,0.7455848194101371,0.8588011064638084,0.7457172217607916,0.7265797241432495,0.8871579865697558,0.8380398164727189,0.8478923424991933,0.711495203372919,0.8699163907612805,0.747839433181011,0.8576322986187919,0.7265759882535456,0.7613378076972239,0.7478022140130292,0.711910928981132,0.7115054284721876,0.7075679727261557,0.7408616533669684,0.7075679727261568,0.8809966958483706,0.8569324996176408,0.7457225978055295,0.7118812774366281,0.8170900860504031,0.7273107565744686,0.6890921926038551,0.745722597805534,0.8679830585370164,0.8226270169543979,0.7412905867348623,0.7457225978055322,0.7581943817569807,0.734046081401321,0.8437614289249963,0.7412937211233261,0.8762783126998075,0.7533948030491278,0.7415084993574197,0.7412905867348565,0.7478394331810099,0.6890921926038532,0.7337727848438853,0.8662474736589053,0.7265759882535487,0.8750238870143662,0.7265759882535474,0.8712692711514617,0.8127022911640773,0.8955807693227633,0.7273174211975384,0.8815541188643468,0.7457172217607921,0.7115054284721889,0.8148994916336812,0.7337727848438845,0.6890921926038531,0.7081071211262884,0.733772784843884,0.7115054284721888,0.7416262197400671,0.8661121022495996,0.7075679727261573,0.879967964308572,0.7651639001203823,0.7273107565744759,0.8665593649661916,0.7381340031020704,0.8268233389188385,0.7339705353769314,0.8320035057373039,0.8971932379796279,0.831357080652769,0.7118812774366282,0.746894960459527,0.8611797937623333,0.7628654474173145,0.8590768062203393,0.7265797241432506,0.7381340031020704,0.8751317712339527,0.7412937211233288,0.8504820490553309,0.7118812774366263,0.7676853078519013,0.7415084993574208,0.8345633762428123,0.7468949604595285,0.8529121187832278,0.7478022140130256,0.770074801601511,0.7265797241432497,0.8667524554537862,0.7081011349650439,0.8622459036504071,0.8502768027127037,0.7075764067782038,0.7524397374229985,0.8184153815613862,0.764593354087312,0.7457172217607897,0.7412905867348567,0.8546634885609483,0.7478022140130255,0.746894960459525,0.707576406778204,0.7407925054973572,0.7385771156265795,0.8620091035599475,0.7385771156265792,0.7416262197400669,0.7340460814013191,0.7337929705450479,0.7455848194101161,0.7539422603345487,0.8696606365379662,0.8240841514297146,0.7337929705450463,0.8792716348932833,0.7081011349650423,0.7579864134104815,0.7408616533669707,0.8545094224016634,0.7453430464333771,0.8563158938792992,0.7467161233384991,0.8887123888647703,0.8576795519232976,0.7521565615741528,0.7610336417651178,0.7114952033729176,0.8315770589792686,0.8551091411222094,0.8550930959811145,0.8202624204525463,0.8265418055042035,0.7563514010202439,0.7340460814013188,0.8533215508998406,0.7544872579062605,0.708107121126285,0.7339705353769306,0.8559790624304375,0.7672174568039978,0.7613208406434953,0.887520104578622,0.8195388313082016,0.8126331009040386,0.7381340031020718,0.7119109289811343,0.708107121126286,0.8720954622898662,0.7415084993574204,0.7385771156265799,0.8232902259037385,0.7562418945553653,0.8268576890729482,0.7075764067782049,0.7408616533669705,0.7478394331810101,0.8724130755653007,0.7455848194101156,0.8650770017751375,0.856733433685495,0.7081011349650417,0.8192735733223182,0.7273174211975395,0.7339705353769304,1.0,0.7453430464333781,0.8897211793574076,0.7337929705450486,0.7467161233384986,0.7713989119454572,0.7416262197400671,0.8330925208220813,0.8736231247256867,0.8616926902260751,0.7555496981159724,0.740792505497357,0.7467161233384982,0.8141209443465023,0.6890921926038536,0.7636195451404038,0.7620929954458433,0.7119109289811357,0.7585787801323208,0.8699064499124292,0.7412937211233277,0.7273107565744776,0.7453430464333775,0.8645449990499794,0.7766769396676043,0.7114952033729176,0.72731742119754,0.7407925054973563,0.8259393474998251
e08ae9341365ed93,0.8999974861967754,0.7519938563708762,0.899955219440196,0.8359901712041667,0.7270813439618944,0.8017765871670723,0.7475218299216254,0.8033684732706636,0.7368978925328302,0.8759114202993241,0.7552436805630847,0.8361102336836763,0.7978478328340577,0.875982640170666,0.8043953661846908,0.803346815493271,0.8010700735806799,0.8732355357905924,0.8010700735806795,0.7468471516250329,0.783290811800107,0.8999566305572244,0.8044240156410745,0.802019005856763,0.8374866452671447,0.7715520232060347,0.8999566305572241,0.7813229739987383,0.7911737225133263,0.8744474498066759,0.8999566305572244,0.7931533887932263,0.8417483951231317,0.7999947892314828,0.87448347691089,0.7551078255854706,0.7905770522255211,0.8822208747215844,0.8744474498066738,0.8759114202993246,0.7715520232060341,0.8401073433536486,0.7875492475538753,0.8361102336836765,0.7675144365048732,0.8361102336836763,0.7453946459184333,0.7997153425752997,0.7518466833686801,0.8374623363181817,0.7463255891155369,0.8999552194401959,0.8033468154932711,0.7968301152867578,0.8401073433536482,0.7715520232060342,0.8019979550569287,0.8401073433536483,0.8033468154932711,0.8821940051040649,0.7443290046505115,0.8010700735806799,0.7834255734439317,0.7905198267259542,0.8374866452671443,0.7714522628376059,0.8810954785088297,0.8067707179491441,0.8418110223886164,0.788395504179502,0.7212378561622041,0.8005351649012169,0.8044240156410751,0.8771363621100772,0.733068077720995,0.8012966932845111,0.7745064052457058,0.8359901712041666,0.8810954785088297,0.7458225910362988,0.8744834769108907,0.7856824005456774,0.8044240156410749,0.802907808522841,0.8822208747215845,0.7917177547530987,0.8771363621100772,0.7788423536077788,0.8759826401706653,0.799169334251194,0.8359901712041666,0.7462316928639651,0.8020072220781822,0.7896645187648647,0.7942280264128566,0.8011335951928498,0.7925046242233663,0.794772634591911,0.7957100065969358,0.8999552194401963,0.8744474498066737,0.7965757741880428,0.8759826401706653,0.8771363621100768,0.8011335951928498,0.8733626345418093,0.881137251813239,0.7904555407169215,0.8811372518132392,0.8821940051040649,0.8417483951231313,0.8400576334097447,0.8999974861967495,0.7917408023073396,0.7817825845315725,0.7984234991030997,0.8400576334097445,0.7338294224209805,0.8020072220781822,0.7895201173325219,0.8732355357905922,0.7546310423009219,0.9,0.7878912323623812,0.8772026752799059,0.7326470060549197,0.7898846596386275,0.7873624918796596,0.7963388316012541,0.8033684732706634,0.8096940077609007,0.7677725169418416,0.7427854934467163,0.8094948433262584,0.8044810561074359,0.7915444288353675,0.841748395123131,0.7652721584422788,0.7901132520851195,0.8019979550569287,0.8418110223886162,0.7987744931272273,0.7931752584901179,0.8028402073013928,0.7794909986093734,0.794828054707306,0.7895823830916229,0.8810954785088292,0.8043953661846905,0.801997955056929,0.7771802960896734,0.882220874721585,0.881137251813239,0.8130851290109883,0.795761136320736,0.8020945991724636,0.8011335951928497,0.8732355357905927,0.8759114202993246,0.7550879142659094,0.8999974861967495,0.7827250564725637,0.7746792553248768,0.802007222078182,0.7967335401381272,0.8374623363181815,0.8418110223886162,0.7453430464333781,1.0,0.7637284615616395,0.8400576334097447,0.877202675279906,0.7963352551553139,0.8821940051040649,0.798972304352932,0.7639307668595466,0.7819631327911757,0.7910519274443667,0.8733626345418091,0.8772026752799061,0.794966553497021,0.7715520232060342,0.7932539454669036,0.7988592927717111,0.8043953661846905,0.7994458849781655,0.7602472305697701,0.8744834769108903,0.8374866452671446,0.8999999999999999,0.7793181350394957,0.7966181645776378,0.8033684732706633,0.8374623363181815,0.8733626345418086,0.8086516066827776
e0bd8c06a662774b,0.7640552120409445,0.8495732343202202,0.7634474252841995,0.7812742398773287,0.8846923072412414,0.8708639238260859,0.8421305320412457,0.7723560539173713,0.8625307358019649,0.7879891928339509,0.852159603776681,0.7812462806878975,0.8151417405915118,0.7879334478297546,0.7725887523005468,0.7723682290812373,0.769046091198508,0.7844438425174667,0.7690460911985091,0.8779940485011806,0.8791597124113367,0.7634716146745552,0.7725565691272112,0.85677447140767,0.7815454960543466,0.755135705821474,0.7634716146745574,0.8854413552854978,0.8608386461973363,0.7841784036245757,0.7634716146745564,0.8126483181851607,0.7867374271063523,0.8765482405368088,0.7841704220795307,0.8742226732606697,0.8080312876233087,0.7492148644954498,0.7841784036245737,0.7879891928339506,0.755135705821473,0.7868686704206932,0.8830763588774507,0.7812462806878991,0.8933662621970881,0.7812462806878986,0.8649161368059779,0.8513530006117117,0.8882599671893192,0.7815548872050733,0.8785543675660816,0.7634474252841995,0.7723682290812381,0.8553531148580897,0.786868670420693,0.7551357058214736,0.7693764793127197,0.7868686704206923,0.7723682290812385,0.7493815426622482,0.8591797374341099,0.7690460911985089,0.8944930655068875,0.8195489445020323,0.7815454960543495,0.8836019885252282,0.7452711737442544,0.8614209699921374,0.7866513581166865,0.8695614499236541,0.8877771912519823,0.8661810184429917,0.7725565691272112,0.7864096989646052,0.8571061092088698,0.8156513636891489,0.8759857345940829,0.7812742398773299,0.7452711737442543,0.8782952828739115,0.7841704220795322,0.867667908342233,0.7725565691272106,0.8202568144165144,0.7492148644954504,0.8719525381520123,0.7864096989646057,0.870313021864809,0.7879334478297524,0.8221320351683019,0.7812742398773294,0.8631303393551478,0.7693704035295202,0.8745729673912008,0.8824081802407422,0.7690458550144728,0.8075808117368777,0.8572216158015739,0.8176138038225256,0.7634474252841987,0.7841784036245737,0.8682629406367992,0.7879334478297525,0.7864096989646039,0.7690458550144728,0.7843241825104585,0.7457654044378653,0.8751323203970733,0.7457654044378653,0.749381542662248,0.7867374271063513,0.7868956591340572,0.7640552120409225,0.8094571856540046,0.8833362563908664,0.8618413060457601,0.7868956591340566,0.87365796326558,0.7693704035295195,0.8128053748281888,0.7844438425174678,0.8497288281786405,0.763728461561639,0.8779434238497097,0.7862030659624624,0.8890520563573607,0.8713013033104713,0.8081169180781071,0.8143910424314997,0.7723560539173716,0.8654503873342634,0.8495634465094073,0.8513711821263242,0.8551108458795471,0.8631646930171597,0.8108301865216297,0.7867374271063511,0.8468709747662683,0.8093881739547858,0.7693764793127189,0.7866513581166863,0.8691188797401548,0.8213234558239344,0.813809805073459,0.8981830766239733,0.8572156782952234,0.8539616536946649,0.7452711737442549,0.7725887523005477,0.7693764793127195,0.8836435595682055,0.7492148644954504,0.7457654044378654,0.8571690944133318,0.8113470834542853,0.8619514673777986,0.7690458550144734,0.7844438425174676,0.7879891928339504,0.8760095682648554,0.7640552120409227,0.8785982230005855,0.8796486669991865,0.7693704035295191,0.8581006062984129,0.7815548872050742,0.7866513581166862,0.8897211793574076,0.7637284615616395,1.0,0.7868956591340578,0.7862030659624623,0.8234969523670185,0.7493815426622484,0.8690963669352884,0.8911079879289064,0.879848758623059,0.8105901225242327,0.7843241825104583,0.7862030659624621,0.852161008211688,0.7551357058214732,0.8172470709435389,0.8153066665982993,0.7725887523005482,0.8116829873983931,0.8737945130694686,0.7841704220795316,0.78154549605435,0.763728461561639,0.8830708928973426,0.8285188399511534,0.7723560539173724,0.781554887205074,0.7843241825104579,0.8602015643590442
e1238370ccf85003,0.8403744932224926,0.7369430642823933,0.8385972450051751,0.8983814926305811,0.7365022928193206,0.858355421315314,0.7442723661849944,0.8942680779687779,0.7283527060527166,0.8870034021396971,0.7378211295640607,0.8983735754322821,0.886986917839959,0.8869700934632972,0.8945262162542975,0.8942652174627486,0.8927249789889888,0.8911203466507144,0.8927249789889891,0.7467285761097215,0.8292952831493,0.8386549038427084,0.8945336756543674,0.8687282970184045,0.8982643122072451,0.8834354849972302,0.8386549038427079,0.8153373917394837,0.8643870455455527,0.8901605798445362,0.8386549038427078,0.8858573717840175,0.8999737123647241,0.8594835135878096,0.8901463768657238,0.7509215254645043,0.8859175500984162,0.799047041400742,0.8901605798445369,0.8870034021396973,0.8834354849972297,0.8999998807248538,0.8149926183726546,0.8983735754322818,0.8062035166375283,0.8983735754322815,0.7399492087347517,0.8688556826138492,0.7454945998498625,0.8982630767957884,0.7533779196400432,0.8385972450051757,0.8942652174627486,0.86970256470852,0.8999998807248536,0.8834354849972299,0.8928850019037541,0.899999880724854,0.8942652174627486,0.7992456463596839,0.7381160919578607,0.8927249789889891,0.8146671575251431,0.8849287085662065,0.8982643122072446,0.8139693546431295,0.7958286612240657,0.864971300907349,0.8999730307651391,0.8586953993371025,0.7122278748718072,0.8625313404146229,0.8945336756543678,0.8856999525808673,0.7367477372191769,0.8877347418083182,0.8116917156829024,0.8983814926305806,0.7958286612240657,0.7673020913294928,0.8901463768657234,0.8210195633278354,0.894533675654368,0.8879333441191735,0.7990470414007421,0.8590805107733487,0.8856999525808669,0.8219210296712678,0.8869700934632967,0.8865664270566362,0.8983814926305805,0.7455904652865815,0.8928869964247539,0.811249117910828,0.8517878589731691,0.892736422725696,0.8868146814973693,0.867048990834128,0.8861463110305852,0.8385972450051763,0.8901605798445369,0.8210403981392679,0.8869700934632971,0.8856999525808671,0.892736422725696,0.8910199542123327,0.7961064925851195,0.805821078057751,0.7961064925851196,0.7992456463596839,0.899973712364724,0.9000000000000002,0.8403744932224684,0.8867829374357283,0.8100141184189293,0.8648657623749608,0.9000000000000005,0.7408808834327154,0.8928869964247541,0.8856459998683045,0.8911203466507136,0.7430412822047424,0.8400576334097447,0.8257749073152012,0.8856287539271144,0.7433634578265983,0.8095306237852697,0.8851357516836328,0.8866201866663986,0.8942680779687792,0.8613209883259573,0.7570454532624527,0.7539168287571869,0.8683155514332113,0.8646576872388068,0.885351367348166,0.8999737123647241,0.7567533764570347,0.8856456993047548,0.8928850019037553,0.8999730307651388,0.8187181910965655,0.8856099574183913,0.8888670325066665,0.8034475176955103,0.8635591797632833,0.8674646405759809,0.7958286612240653,0.894526216254297,0.8928850019037549,0.799761625015665,0.7990470414007422,0.7961064925851197,0.867318312272785,0.8876648782549565,0.863488913169997,0.8927364227256953,0.891120346650714,0.8870034021396975,0.7725965017613343,0.8403744932224687,0.8099471039051123,0.8264132558652411,0.892886996424754,0.8663862264372963,0.8982630767957889,0.8999730307651389,0.7337929705450486,0.8400576334097447,0.7868956591340578,1.0,0.8856287539271146,0.8859080292341132,0.7992456463596838,0.8646961461688636,0.8045666180601538,0.8186590012915376,0.8855569304168429,0.8910199542123327,0.8856287539271148,0.8673836657203691,0.8834354849972296,0.8860166604038413,0.8876773354127189,0.8945262162542967,0.8881571112669318,0.7695040803438746,0.8901463768657238,0.8982643122072445,0.8400576334097447,0.8210758000282588,0.8848962944717726,0.8942680779687786,0.8982630767957889,0.8910199542123319,0.8631067169836961
e1b86a396e564850,0.8774045994620222,0.7518557658871992,0.8761838312178425,0.879289652698334,0.7440391631332077,0.8432252441897088,0.7522675844932094,0.8621287311565995,0.7409188883295217,0.8999374566108214,0.7559287527934804,0.8793318564633353,0.8538845657988674,0.8999387017808489,0.8628196606822951,0.8621204045309638,0.8587343710841016,0.8944005559076753,0.8587343710841013,0.7484273340639149,0.8163333106187669,0.8762150905920848,0.8628395162671956,0.8481141629629576,0.8798057987288697,0.8392110305367313,0.8762150905920846,0.8042821419827575,0.8416234001472618,0.8942550479621038,0.8762150905920849,0.850553089356167,0.8865481271838054,0.8413436452308765,0.894260555516013,0.7566246228534825,0.8499472667744279,0.8575719507365409,0.8942550479621021,0.899937456610822,0.8392110305367311,0.8856440294284703,0.8086389535155076,0.8793318564633351,0.8009141287588202,0.8793318564633349,0.7475663878575072,0.8468093825048302,0.7549254623355821,0.8797958134264925,0.7515280080876733,0.8761838312178425,0.8621204045309645,0.8450754927309987,0.88564402942847,0.8392110305367313,0.8592008591476137,0.88564402942847,0.8621204045309643,0.8576940748740146,0.7429946811548308,0.8587343710841013,0.8081547694201077,0.8511065612161823,0.8798057987288701,0.806153077969026,0.8555379656803173,0.8489523474383992,0.8865826350584738,0.8378384640548282,0.7251331289602361,0.8428575109680523,0.8628395162671957,0.8999995186117442,0.7345964767708993,0.8567808724086886,0.7983863899207718,0.8792896526983343,0.8555379656803173,0.7610915522583772,0.8942605555160132,0.8138978260808076,0.8628395162671956,0.8589516457436316,0.8575719507365412,0.8398236937085288,0.899999518611744,0.8075264150831853,0.8999387017808473,0.8558363739939856,0.8792896526983341,0.7474724463592352,0.8592055827056744,0.8117735202418401,0.8353366367771918,0.8587663994226491,0.8523155790253649,0.8402482925933626,0.8530203797039422,0.8761838312178423,0.8942550479621023,0.8177100021907949,0.8999387017808476,0.8999995186117439,0.8587663994226493,0.8943867059440871,0.8557021333030314,0.8110190030194031,0.8557021333030315,0.8576940748740146,0.8865481271838052,0.8856287539271143,0.8774045994619971,0.8515095315940358,0.8048310456502423,0.8408197587662443,0.885628753927114,0.7490168443577818,0.8592055827056744,0.8506888806881536,0.8944005559076758,0.7536451486843239,0.8772026752799058,0.8181951850728719,0.9000000000000001,0.7502451480435273,0.8087439031542552,0.8479449236096416,0.8531379786103815,0.8621287311565993,0.8497093552450091,0.7690071308491964,0.750241939497919,0.8503241029984363,0.8446229858431786,0.8495535073518853,0.8865481271838048,0.7654738181900007,0.8490177010074698,0.8592008591476138,0.8865826350584737,0.8193426210992851,0.8528536761525838,0.8586009837400563,0.801329147347837,0.8382987420037058,0.8391687495679253,0.8555379656803169,0.8628196606822953,0.8592008591476139,0.8001105356915273,0.8575719507365414,0.8557021333030309,0.8527739141252606,0.8544386475717645,0.8429701163011067,0.8587663994226493,0.8944005559076756,0.8999374566108218,0.770719673714278,0.877404599461997,0.8032027202131051,0.8087921434016312,0.8592055827056743,0.8414037552983882,0.8797958134264927,0.8865826350584736,0.7467161233384986,0.877202675279906,0.7862030659624623,0.8856287539271146,1.0,0.853289975109214,0.8576940748740147,0.8428559857188609,0.7982058350098733,0.8068796337723321,0.8497050619014368,0.8943867059440873,0.8999999999999999,0.8415399531092365,0.839211030536731,0.8514645798813258,0.8562104999062401,0.8628196606822951,0.855977689683328,0.7733953356358094,0.894260555516013,0.8798057987288705,0.8772026752799058,0.8062990539154979,0.8532799004153637,0.8621287311565995,0.8797958134264922,0.8943867059440866,0.8473813783810669
e2a57faa8606713e,0.796746210655778,0.7627004717524933,0.794847013617183,0.8869956763674031,0.7767500960135276,0.8797647588382047,0.7705344043331066,0.8914420136540772,0.7609490993088701,0.8558987785207081,0.7615423547254394,0.8869417354222124,0.8988196261055111,0.8558336748243661,0.8913535516665073,0.8914472477712462,0.8909281343143036,0.8655462212486982,0.8909281343143045,0.7856569137627429,0.8577891155940779,0.7949246230808874,0.8913411429935427,0.8873222757305859,0.8864961213966648,0.8882267237936257,0.794924623080889,0.8481065285883238,0.887146556758388,0.8641502128880292,0.7949246230808886,0.8989054408649034,0.8851055029901134,0.8840300695585419,0.8641160800494447,0.7852768609904623,0.8981087053188119,0.745851282361772,0.8641502128880282,0.8558987785207084,0.8882267237936246,0.8858892098576524,0.8440667011466456,0.8869417354222134,0.8399727087138238,0.8869417354222124,0.7733589194296582,0.8873750622584089,0.7814977016217773,0.8865082298837812,0.7926420848294643,0.7948470136171832,0.891447247771247,0.890194612691557,0.8858892098576522,0.888226723793625,0.8909007575854608,0.8858892098576518,0.8914472477712471,0.7460970392221764,0.7718317758277213,0.8909281343143038,0.8464665745530209,0.8992591143352535,0.8864961213966673,0.8449784631240762,0.7415012507131704,0.8830872596249839,0.8850556569675936,0.8839173961645751,0.754734223210811,0.8847266378543908,0.8913411429935435,0.8534509869930665,0.7746081271635212,0.8978904024403788,0.8439366241144398,0.8869956763674041,0.7415012507131706,0.8065891229048316,0.8641160800494455,0.8454310061069938,0.8913411429935427,0.8981689330408932,0.7458512823617726,0.8835801182185212,0.8534509869930667,0.8511735939941716,0.8558336748243649,0.8988325725655,0.8869956763674035,0.7807456707120384,0.890896862516514,0.8349498824316082,0.878545718102388,0.8909196655241376,0.8979050791974138,0.8902476332168576,0.8989867370066811,0.7948470136171826,0.8641502128880282,0.8420551117807664,0.8558336748243648,0.8534509869930653,0.8909196655241376,0.8653709887434178,0.741921597581616,0.8275485616045308,0.7419215975816161,0.7460970392221766,0.8851055029901126,0.8859080292341126,0.7967462106557558,0.8985743316601794,0.8397717741954631,0.8881879277035767,0.8859080292341123,0.77641803524098,0.8908968625165137,0.8988105536278186,0.8655462212486992,0.7691089780558937,0.7963352551553136,0.851606197071627,0.853289975109214,0.7832995171450347,0.8327278217908489,0.8985191585218322,0.8985435938128739,0.8914420136540766,0.8781686938708421,0.7788198957349018,0.7874428957485347,0.8844633160775328,0.8855817959963121,0.8982246326013428,0.8851055029901125,0.7795235026243943,0.8986906998507018,0.8909007575854602,0.8850556569675933,0.8382046999546392,0.8994071134238018,0.8978125981429328,0.836471516204896,0.8865076531397056,0.8910554533327715,0.7415012507131706,0.8913535516665082,0.8909007575854606,0.8285451190427124,0.7458512823617722,0.7419215975816161,0.8820667852282913,0.8983953538815203,0.8845688976343438,0.8909196655241377,0.8655462212486993,0.8558987785207084,0.8064490568591489,0.7967462106557557,0.8391020637193067,0.8594495643051538,0.890896862516513,0.8891329243940312,0.8865082298837814,0.8850556569675931,0.7713989119454572,0.7963352551553139,0.8234969523670185,0.8859080292341132,0.853289975109214,1.0,0.7460970392221768,0.8882691124132422,0.8390709686703972,0.849735065600108,0.8986104849820507,0.8653709887434177,0.853289975109214,0.8886353234275811,0.8882267237936251,0.8996766652756478,0.8985135323724951,0.8913535516665086,0.8979979423052704,0.800296816069577,0.8641160800494452,0.8864961213966676,0.7963352551553133,0.8539188936369619,0.8997996851886024,0.8914420136540768,0.8865082298837814,0.8653709887434169,0.8804398815837804
e579c022dd6a7db2,0.882195712786859,0.7418322137743575,0.882191165211956,0.7859921667262981,0.720922922860969,0.7702402988641895,0.7324091821174652,0.750101021337632,0.7324669272736721,0.8553076052333977,0.747203830873148,0.7861143060826759,0.7442968613150583,0.8553651434853304,0.7514526421903643,0.7500833569391804,0.7440526116032035,0.8350329042954853,0.7440526116032031,0.7221508074245173,0.7489235676275523,0.8821365221115733,0.7514858988995254,0.7601836223421219,0.7876144027143269,0.7101228169193187,0.8821365221115735,0.7468730616298698,0.7516338087528415,0.8363825994729841,0.8821365221115733,0.7381397350597065,0.8016447037002765,0.7650991073655039,0.83645194955355,0.7316185878546513,0.7354234855230475,0.8999979123252853,0.836382599472983,0.8553076052333974,0.7101228169193183,0.7992866497748257,0.755640567707646,0.7861143060826763,0.7469965023585425,0.7861143060826759,0.7313833136627227,0.7582888306391345,0.7442560124819737,0.7875736356598533,0.7204441925759733,0.8821911652119563,0.7500833569391802,0.7520710631899958,0.7992866497748256,0.7101228169193181,0.7450289781961945,0.7992866497748257,0.7500833569391802,0.8999999999999997,0.723228483586843,0.7440526116032032,0.7602824328800593,0.7396648743295972,0.787614402714327,0.7479577601095202,0.8999274815499549,0.7705104543500766,0.8017225803829319,0.7522273936335195,0.7206520235258544,0.7621756890137017,0.7514858988995261,0.8575954522726187,0.7029736310835093,0.7511822417112565,0.7366759326382322,0.7859921667262988,0.8999274815499548,0.7159526852884579,0.8364519495535503,0.7581190903420713,0.7514858988995257,0.7544422510181116,0.8999979123252855,0.756328177135974,0.8575954522726184,0.7424955986266741,0.8553651434853293,0.7508337669159523,0.7859921667262988,0.7245524126208772,0.7450447853260969,0.7683515624623399,0.762411818728957,0.74411628542789,0.7392252649616567,0.7474033066094632,0.7440793628894431,0.8821911652119563,0.8363825994729829,0.7694012404647597,0.8553651434853298,0.8575954522726185,0.74411628542789,0.8351640876004207,0.8999321223829918,0.7730328919164505,0.8999321223829921,0.8999999999999999,0.8016447037002763,0.7992456463596838,0.8821957127868336,0.737339223585843,0.7572462477283125,0.7529526196359124,0.7992456463596835,0.726179612294418,0.7450447853260969,0.7368456004678482,0.8350329042954852,0.7402626004267069,0.8821940051040649,0.7571112303369647,0.8576940748740148,0.7235785398237262,0.7672855849704611,0.7310473639605872,0.7434010037568388,0.7501010213376322,0.7773860866317428,0.7535818820966756,0.714205219261506,0.7699086175864774,0.7615810125427527,0.7356836286626378,0.8016447037002763,0.7466092080948079,0.7341851459255979,0.7450289781961946,0.801722580382932,0.776625273855316,0.7430012543365373,0.7530901858662017,0.7613254870924574,0.7473728228196173,0.7411093217246894,0.8999274815499547,0.7514526421903642,0.7450289781961946,0.7617943672743107,0.8999979123252853,0.8999321223829921,0.7776785777053428,0.742888442174481,0.7607106572063194,0.7441162854278899,0.8350329042954854,0.8553076052333977,0.7293700119263411,0.8821957127868336,0.7532699981784258,0.7356763940953457,0.7450447853260969,0.7519884198320146,0.7875736356598534,0.801722580382932,0.7416262197400671,0.8821940051040649,0.7493815426622484,0.7992456463596838,0.8576940748740147,0.7460970392221768,1.0,0.7598590956727012,0.7438365994950817,0.7492435553017815,0.7362637657799169,0.8351640876004205,0.8576940748740146,0.7487423723076185,0.7101228169193186,0.7408716874194227,0.7481437313443429,0.7514526421903642,0.7474803834629663,0.7377530637998283,0.8364519495535501,0.7876144027143267,0.8821940051040646,0.742682614674758,0.7478092966323046,0.7501010213376321,0.7875736356598537,0.8351640876004202,0.7727219322625944
e605b35f626bcae0,0.7993968964284094,0.8124737830564638,0.7979408968882014,0.8635082562706671,0.8331650596956617,0.8931493650556804,0.8161372842724153,0.8630783037954263,0.8156797447959934,0.8452163571658382,0.8113309213035269,0.8634518489303862,0.8840329234343474,0.8451453186276444,0.8631101746892003,0.8630879504706686,0.8615733466590105,0.8506759944488045,0.8615733466590096,0.8374558744839807,0.8826255475354711,0.798009699331645,0.8630885852800646,0.8914990142994037,0.8632792967631685,0.8546446450998836,0.7980096993316428,0.879389382180018,0.8950083305481721,0.8496729807509301,0.7980096993316433,0.8833149092998672,0.8641183679156313,0.8986342357999686,0.8496430041461746,0.8353085968980674,0.8813930959593719,0.7596196395571427,0.8496729807509301,0.8452163571658395,0.854644645099884,0.8646697639538926,0.8754705030554089,0.863451848930384,0.8762788198133656,0.8634518489303844,0.8258475169483388,0.8915915558111267,0.8420321861967177,0.8632935423416239,0.8436810638114579,0.7979408968882012,0.8630879504706678,0.8938702581700038,0.8646697639538925,0.8546446450998846,0.8616764286454361,0.8646697639538931,0.8630879504706681,0.7598590956727013,0.8222323238092524,0.8615733466590093,0.8844003718828768,0.8859256731995799,0.8632792967631653,0.8776452656178053,0.7553360649977886,0.8919406698611445,0.8640499031993341,0.8951254373769754,0.8212493251764583,0.8953247734724626,0.8630885852800649,0.8430460740920429,0.8247787464087284,0.883491117462912,0.8747467598235412,0.8635082562706666,0.7553360649977887,0.8511742923398753,0.8496430041461736,0.872160167492743,0.8630885852800657,0.885274231220286,0.759619639557143,0.8956991984817779,0.8430460740920417,0.8770330634983289,0.8451453186276455,0.8866534546983887,0.8635082562706671,0.8311165142923805,0.8616703524309166,0.8669556875359148,0.8970437119082928,0.861563136980247,0.8810076006126403,0.8958718341832463,0.8854362380362246,0.7979408968882024,0.8496729807509301,0.8693609115966667,0.8451453186276455,0.8430460740920434,0.8615631369802471,0.8504975991278751,0.7558117351213897,0.8613558533247019,0.75581173512139,0.7598590956727014,0.8641183679156317,0.8646961461688636,0.799396896428386,0.881697842329554,0.8740537651336815,0.8954529688656647,0.8646961461688641,0.8311929515428086,0.8616703524309173,0.8835959931266647,0.8506759944488038,0.8154749468109718,0.7989723043529324,0.8765966216366605,0.8428559857188607,0.8390601905237957,0.8634762011249145,0.8814426065777426,0.8837800350037861,0.863078303795427,0.8895947248512163,0.8206762554806181,0.8306947721723126,0.8905878513532535,0.8939588727486958,0.882640043177525,0.8641183679156319,0.8225661938638705,0.882367043583683,0.8616764286454384,0.8640499031993345,0.8653188562885803,0.8866107597528646,0.8824505106616468,0.877106635265654,0.8935979485502608,0.8944512347821428,0.7553360649977873,0.8631101746891994,0.8616764286454375,0.8658924434825878,0.7596196395571428,0.7558117351213895,0.8885883238948646,0.8817911216231161,0.8933308143325486,0.8615631369802462,0.8506759944488043,0.8452163571658395,0.8493499049581865,0.7993968964283862,0.8714279928953164,0.8846397906127857,0.8616703524309175,0.8956552111173458,0.8632935423416233,0.8640499031993346,0.8330925208220813,0.798972304352932,0.8690963669352884,0.8646961461688636,0.8428559857188609,0.8882691124132422,0.7598590956727012,1.0,0.8749191916502455,0.8800050611984591,0.8828146566265906,0.8504975991278749,0.8428559857188609,0.8928561005034766,0.8546446450998839,0.88638739274794,0.8839773028478459,0.8631101746891986,0.8823465042532121,0.8425174216995521,0.8496430041461744,0.8632792967631643,0.7989723043529322,0.8834578456935012,0.8898774051260048,0.8630783037954268,0.863293542341623,0.8504975991278744,0.8892963289789034
e63c077502408929,0.7642764969042913,0.8447378345886526,0.7630669916302683,0.7989142185801872,0.8876781265074793,0.8741240500354277,0.8390217622625008,0.792947606600778,0.8436924972858938,0.800594856571398,0.84294701888218,0.7988783345645256,0.8315976953933275,0.8005186706186264,0.7929849436956667,0.7929632237335029,0.7895598775641565,0.7976844330057871,0.7895598775641557,0.8664402801232516,0.8857506475533605,0.7631122950337036,0.7929619788239217,0.8692070245306733,0.7987814198258447,0.7778027240449524,0.7631122950337038,0.883539010066914,0.8783086607056184,0.7968488101318179,0.7631122950337041,0.8295291933128531,0.8039863631976444,0.8819814680940329,0.7968191216010505,0.8641987587165689,0.8269138567545242,0.7436263901403354,0.7968488101318179,0.8005948565713987,0.7778027240449529,0.8045302519709069,0.8813421663201388,0.7988783345645252,0.8974855322053527,0.798878334564525,0.8472748606616652,0.8649959405500911,0.8704591972921523,0.7988022321976351,0.8696847002453667,0.7630669916302684,0.7929632237335029,0.8686199545048466,0.8045302519709067,0.7778027240449529,0.7897020644598712,0.8045302519709066,0.7929632237335029,0.7438365994950815,0.8468711211482078,0.7895598775641558,0.8884318443835018,0.8395728000679944,0.7987814198258437,0.8956979276418988,0.7391882605518779,0.8727712102559022,0.8039181420137171,0.8845772353826565,0.86864651037925,0.8713626313932789,0.792961978823922,0.7983888519963951,0.8469149725954137,0.8309739587300666,0.8759357420534399,0.7989142185801871,0.7391882605518778,0.8789887910451402,0.7968191216010504,0.8733499159965595,0.7929619788239222,0.8365798471170789,0.7436263901403354,0.8835249536535856,0.7983888519963946,0.8752218323817441,0.8005186706186265,0.836560548840499,0.798914218580187,0.8493314947457226,0.7896916608948876,0.8777347762475701,0.8854780395982105,0.7895568773581496,0.8270803421619881,0.8678296808681958,0.833078011735359,0.7630669916302687,0.7968488101318177,0.8706240012026978,0.8005186706186266,0.798388851996395,0.7895568773581496,0.7975490937173099,0.739652504272936,0.8738217537347208,0.739652504272936,0.7438365994950815,0.8039863631976443,0.8045666180601537,0.7642764969042694,0.8284731851812368,0.8768049815032047,0.8700429847894897,0.8045666180601537,0.8798546944374933,0.7896916608948876,0.8340274449475219,0.7976844330057868,0.8358669111605683,0.7639307668595468,0.8836472289789201,0.7982058350098734,0.8864824156855255,0.8662309197682189,0.8277465099037876,0.8309383039378928,0.7929476066007781,0.8731597796360127,0.8443465007102737,0.8483251043804121,0.865507914474195,0.8708379469757471,0.8285208199411411,0.8039863631976443,0.8418826605119658,0.8274731681828136,0.7897020644598722,0.8039181420137174,0.8706920172328578,0.8396512929294582,0.830943847969607,0.8923657764916118,0.8670283891823317,0.8683372397867457,0.7391882605518771,0.7929849436956663,0.7897020644598722,0.8751094731573776,0.7436263901403355,0.7396525042729362,0.8666729548681011,0.8299329431837683,0.8694557881096467,0.7895568773581494,0.7976844330057873,0.8005948565713983,0.8762126406422052,0.7642764969042697,0.8758042281697749,0.8873330841558406,0.7896916608948878,0.8669551913342868,0.7988022321976354,0.8039181420137175,0.8736231247256867,0.7639307668595466,0.8911079879289064,0.8045666180601538,0.7982058350098733,0.8390709686703972,0.7438365994950817,0.8749191916502455,1.0,0.8777475815278551,0.8279537924355884,0.7975490937173101,0.7982058350098733,0.8648307984049903,0.7778027240449529,0.8330771032909354,0.8335684494082183,0.792984943695666,0.8293333372388627,0.873460087699498,0.7968191216010512,0.7987814198258435,0.7639307668595465,0.8841555489852269,0.842986371661809,0.7929476066007781,0.7988022321976354,0.7975490937173092,0.8655116194825724
e6a0c58462cf2be3,0.7822341864238268,0.8646425961663995,0.7815807408036596,0.8172021218470119,0.8588007632893723,0.8855932547610155,0.8691580647612083,0.8116607533635174,0.8638792794825189,0.808632560351729,0.8596566817489649,0.8171885570279391,0.8447882053743786,0.8085864417887995,0.8118548461328012,0.8116690419070745,0.8101391054894137,0.8127580486477382,0.8101391054894118,0.8684310173705078,0.8848102198392536,0.7816932800852465,0.8118323557321117,0.8682500844575656,0.8175121269457939,0.7996532820085065,0.7816932800852424,0.8850294648094251,0.8753132815160007,0.8125845966326106,0.7816932800852441,0.8438037916535712,0.8184530180499734,0.881095121203732,0.8125302818661158,0.8626038504506679,0.8434047813654535,0.7490817405021621,0.8125845966326151,0.8086325603517315,0.7996532820085087,0.8186398977499317,0.8797491135610678,0.8171885570279369,0.8807821096806282,0.8171885570279371,0.8757456988334482,0.8801701508874854,0.8695327695219441,0.8175433285970755,0.8717166393148474,0.7815807408036581,0.8116690419070745,0.8730090472397416,0.8186398977499321,0.7996532820085082,0.8105002797855978,0.8186398977499327,0.8116690419070742,0.7492435553017817,0.8638579728534626,0.8101391054894113,0.8878707070635528,0.8462062712010622,0.8175121269457871,0.8825275591435804,0.7452669334046802,0.883098831528331,0.8183877381127892,0.875205083190367,0.8548434387375107,0.8865854983545857,0.8118323557321118,0.8070524880042469,0.8720819622873506,0.8456677540321988,0.8918401747531854,0.8172021218470111,0.7452669334046803,0.8782104424500565,0.8125302818661134,0.8920249122214616,0.8118323557321133,0.8511337865911026,0.749081740502161,0.8773929277827186,0.8070524880042447,0.8894957553391238,0.8085864417888008,0.8525958477400165,0.8172021218470118,0.8835748882944189,0.8104857438597539,0.8888432353512781,0.8830607765234504,0.8101452145435263,0.844467535514646,0.8747820376803861,0.8506526598814181,0.7815807408036609,0.8125845966326148,0.8794102647690114,0.8085864417888013,0.8070524880042483,0.8101452145435261,0.8126652798000108,0.7456992492725933,0.8826552098971023,0.7456992492725932,0.7492435553017822,0.8184530180499741,0.8186590012915385,0.7822341864238038,0.8414920676248006,0.895039924908383,0.8765241836112865,0.8186590012915393,0.8622357310337395,0.8104857438597552,0.8437347078622456,0.8127580486477357,0.8483109207384185,0.7819631327911765,0.8742959722416128,0.8068796337723311,0.8657644734367544,0.8727685585969188,0.841152757658865,0.8466303440091485,0.8116607533635181,0.881924203955639,0.8537576909128768,0.8719539713898565,0.8748738147813651,0.875032673894864,0.8458740174742492,0.8184530180499744,0.8578805193390214,0.841910940208213,0.8105002797856018,0.8183877381127902,0.874488918805382,0.8478269500366657,0.8445664830847808,0.8830645449441543,0.8812662026750684,0.8734158869417772,0.7452669334046782,0.8118548461327977,0.8105002797856006,0.8872798642752122,0.7490817405021619,0.7456992492725927,0.872823382915169,0.8406283092000306,0.8799259285748431,0.8101452145435246,0.8127580486477365,0.8086325603517313,0.8757609572589888,0.782234186423804,0.8857491977943504,0.886836397098,0.8104857438597557,0.8847380574516874,0.8175433285970742,0.8183877381127902,0.8616926902260751,0.7819631327911757,0.879848758623059,0.8186590012915376,0.8068796337723321,0.849735065600108,0.7492435553017815,0.8800050611984591,0.8777475815278551,1.0,0.8466647936333408,0.81266527980001,0.8068796337723321,0.8776386226149855,0.7996532820085072,0.8465479134285239,0.8488121821053882,0.8118548461327963,0.8443507019278079,0.8617821567638964,0.8125302818661142,0.8175121269457856,0.7819631327911765,0.8860941228448117,0.8530223597314874,0.8116607533635176,0.8175433285970735,0.81266527980001,0.8737220743785251
e899a82971dc279e,0.7914470674146461,0.7574121827388959,0.7895192173897214,0.887829032434376,0.7624400314850555,0.8754891184108174,0.7681925947352272,0.8933695711675449,0.7529982226145466,0.8523348466961889,0.7551603054751134,0.8877784820967818,0.8984583442374103,0.8522732490230653,0.893256471024935,0.8933738506448703,0.8933759323994631,0.8640472289098297,0.8933759323994621,0.7748244820338772,0.8511426055769151,0.7896163995301434,0.8932460237489648,0.8823769117745133,0.8873150989413984,0.8918056889040635,0.7896163995301423,0.8397584347833652,0.8827625049011742,0.8626437185706093,0.789616399530142,0.8989131799840713,0.8847160455465706,0.8768350939456744,0.8625989768222637,0.7740690468672037,0.8991908022038088,0.736024587848972,0.8626437185706085,0.8523348466961895,0.8918056889040642,0.8855402190249896,0.8350792215084617,0.8877784820967811,0.8294096192655932,0.8877784820967808,0.7675232262370572,0.8865512261946819,0.7680358656937654,0.8873322160304743,0.7821371290425885,0.7895192173897214,0.8933738506448701,0.8867567497826232,0.8855402190249895,0.8918056889040642,0.8933428175362366,0.8855402190249895,0.89337385064487,0.7362637657799167,0.7639462487372706,0.8933759323994628,0.8363139740648757,0.8982637798119004,0.8873150989413976,0.8364400658240072,0.7317019711126527,0.8803485636219399,0.8846702475069503,0.8775923800103491,0.7387331204073534,0.8818525791646906,0.893246023748965,0.8498593174767861,0.7698963003906865,0.897552036982197,0.8398378516661665,0.887829032434376,0.7317019711126531,0.7981817697491775,0.8625989768222637,0.8430097585942106,0.8932460237489654,0.8981709041543557,0.7360245878489722,0.8773854646347624,0.8498593174767851,0.8472883270300284,0.8522732490230653,0.8986769497028056,0.8878290324343765,0.7773410494869095,0.8933369860601519,0.8299398191401932,0.8707963402324733,0.8933689078377733,0.8994155139981845,0.8865351239964234,0.8995038656706558,0.7895192173897219,0.8626437185706086,0.8358696323960784,0.8522732490230658,0.849859317476786,0.8933689078377733,0.8638786518620559,0.7321074668731022,0.8214029803786982,0.7321074668731025,0.736263765779917,0.884716045546571,0.8855569304168429,0.7914470674146231,0.8989083354799701,0.8344638088801997,0.8838303443769568,0.8855569304168431,0.7650226895096548,0.8933369860601522,0.8987870812646835,0.8640472289098291,0.7597380261625503,0.7910519274443669,0.8427600851726275,0.8497050619014368,0.7701887349301004,0.8245395722922084,0.899118837272266,0.8988150841655669,0.8933695711675447,0.8744163444439009,0.7705100626448276,0.7831810035388798,0.8810263795318242,0.8805582789517049,0.8993382834685111,0.8847160455465708,0.77258122407399,0.8990262428244766,0.8933428175362376,0.8846702475069506,0.8307586118529172,0.8984287656216484,0.8975928049804159,0.8240685978681684,0.8847099841430413,0.8880897307319493,0.7317019711126521,0.8932564710249342,0.8933428175362375,0.8213536146832651,0.7360245878489724,0.7321074668731022,0.8776520548768783,0.8980349432979509,0.880937989223967,0.893368907837773,0.8640472289098293,0.8523348466961895,0.798083700020518,0.7914470674146232,0.8323553935918014,0.8531807949444324,0.8933369860601521,0.887982995992606,0.887332216030474,0.8846702475069506,0.7555496981159724,0.7910519274443667,0.8105901225242327,0.8855569304168429,0.8497050619014368,0.8986104849820507,0.7362637657799169,0.8828146566265906,0.8279537924355884,0.8466647936333408,1.0,0.8638786518620554,0.8497050619014367,0.8868721501478445,0.8918056889040638,0.8991518999103094,0.8990818108118044,0.8932564710249338,0.898268325555998,0.7892092108727488,0.8625989768222634,0.8873150989413972,0.7910519274443668,0.8462333777730062,0.8981331772956737,0.8933695711675447,0.8873322160304737,0.8638786518620548,0.8756308208897735
e96fbe691823afc4,0.8735293351446805,0.7461832911096833,0.8725322358558195,0.8905483202542541,0.737845042568332,0.8469258944168261,0.7472842417761468,0.8742903343729478,0.7333164338879676,0.8949304625426636,0.7494669746894678,0.8905976360740893,0.8675518635201087,0.8949593231193826,0.8747878995511528,0.8742765138080603,0.8733618317131215,0.8999991584257924,0.8733618317131215,0.7521258716282757,0.8216902222291551,0.8725684069066737,0.8748047635547838,0.856782348532505,0.8911203468244826,0.8559518354277665,0.8725684069066736,0.8112749104271545,0.8487333343309016,0.8999622127552512,0.8725684069066745,0.8648464078963377,0.8915324775523021,0.8473207848442104,0.8999610259844639,0.7598347945858828,0.8638221070206826,0.8351068398007186,0.8999622127552502,0.8949304625426643,0.8559518354277661,0.8910489427731697,0.8145998370747086,0.8905976360740888,0.8010117365441529,0.8905976360740884,0.7454184635512053,0.8539638584423306,0.7501107640719266,0.8911146984353278,0.7546984733815789,0.8725322358558194,0.8742765138080604,0.8546191728067458,0.8910489427731696,0.8559518354277662,0.8738564688154076,0.8910489427731695,0.8742765138080606,0.8351640876004205,0.7432468227978887,0.8733618317131218,0.8094645609082355,0.8631698764981246,0.8911203468244822,0.8065107337341221,0.8324681936705403,0.8544482667052825,0.8915588558183055,0.843729476303618,0.7181765267051635,0.8502264733340843,0.8748047635547835,0.8943991565466494,0.7396695532289603,0.8683349003662781,0.8060828809861826,0.890548320254254,0.8324681936705397,0.7664116263488328,0.8999610259844638,0.8146228506328338,0.8748047635547838,0.8698047465064838,0.8351068398007191,0.8457252980214756,0.894399156546649,0.813555293668141,0.8949593231193825,0.8667358332926316,0.8905483202542539,0.7491117026553255,0.873859092336528,0.8108196645382658,0.8401165246623111,0.8733968467365202,0.8650536754998532,0.8513076226745842,0.8657111240868307,0.8725322358558196,0.8999622127552502,0.8194675967795612,0.8949593231193828,0.8943991565466494,0.87339684673652,0.9,0.8326319331296694,0.8084674297781999,0.8326319331296694,0.8351640876004205,0.8915324775523013,0.8910199542123326,0.8735293351446557,0.8650963092057183,0.8067503368906777,0.8516653065808554,0.8910199542123323,0.7428351817880501,0.8738590923365284,0.8634693899990394,0.8999991584257923,0.7498192864046438,0.8733626345418088,0.8226683446657834,0.8943867059440869,0.7460689921275182,0.8084513599275527,0.8626766009147588,0.8661355557769338,0.874290334372948,0.8535070050252719,0.7657544172180897,0.7531854637679256,0.8573637268768761,0.8544077837564672,0.8639796109627232,0.8915324775523011,0.763628973966546,0.863423061059329,0.8738564688154083,0.8915588558183055,0.819334098230283,0.8647602440957423,0.8701507868874159,0.8008480096643411,0.849498507828472,0.8510053676361335,0.8324681936705396,0.8747878995511522,0.8738564688154085,0.7970376028250533,0.835106839800719,0.8326319331296692,0.8582476479629755,0.8675074529849207,0.8511929677348895,0.87339684673652,0.8999991584257927,0.8949304625426646,0.7727192923242368,0.8735293351446555,0.8066749708087713,0.8172597012583731,0.873859092336528,0.8517507798336136,0.8911146984353276,0.8915588558183053,0.740792505497357,0.8733626345418091,0.7843241825104583,0.8910199542123327,0.8943867059440873,0.8653709887434177,0.8351640876004205,0.8504975991278749,0.7975490937173101,0.81266527980001,0.8638786518620554,1.0,0.894386705944087,0.8516184578750957,0.855951835427766,0.8644480845083738,0.8680676481975204,0.8747878995511524,0.868397772529041,0.7749051396565032,0.899961025984464,0.8911203468244824,0.8733626345418091,0.8133526283051471,0.864771019404678,0.8742903343729482,0.8911146984353281,0.8999999999999992,0.8527668466177468
ea4764c86d814df1,0.8774045994620221,0.7518557658872002,0.876183831217842,0.8792896526983338,0.7440391631332077,0.8432252441897088,0.75226758449321,0.8621287311565986,0.7409188883295217,0.8999374566108211,0.7559287527934804,0.8793318564633354,0.8538845657988673,0.8999387017808491,0.8628196606822949,0.8621204045309637,0.8587343710841014,0.8944005559076749,0.8587343710841012,0.748427334063915,0.8163333106187667,0.8762150905920847,0.8628395162671956,0.8481141629629575,0.8798057987288697,0.8392110305367313,0.8762150905920845,0.8042821419827574,0.8416234001472618,0.8942550479621036,0.8762150905920849,0.8505530893561668,0.8865481271838052,0.8413436452308763,0.894260555516013,0.7566246228534825,0.8499472667744278,0.857571950736541,0.8942550479621021,0.8999374566108218,0.8392110305367309,0.8856440294284702,0.8086389535155074,0.8793318564633354,0.8009141287588201,0.8793318564633348,0.7475663878575073,0.8468093825048302,0.7549254623355819,0.8797958134264925,0.7515280080876734,0.8761838312178423,0.8621204045309642,0.8450754927309984,0.88564402942847,0.8392110305367311,0.8592008591476135,0.8856440294284698,0.8621204045309641,0.8576940748740145,0.7429946811548311,0.8587343710841011,0.8081547694201079,0.8511065612161823,0.8798057987288701,0.8061530779690258,0.855537965680317,0.848952347438399,0.8865826350584735,0.8378384640548282,0.7251331289602359,0.8428575109680525,0.8628395162671957,0.899999518611744,0.7345964767708991,0.8567808724086885,0.7983863899207717,0.8792896526983343,0.8555379656803169,0.7610915522583771,0.8942605555160132,0.8138978260808077,0.8628395162671953,0.8589516457436315,0.8575719507365412,0.8398236937085286,0.8999995186117439,0.807526415083185,0.8999387017808476,0.8558363739939855,0.879289652698334,0.7474724463592355,0.8592055827056744,0.8117735202418404,0.8353366367771915,0.858766399422649,0.8523155790253647,0.8402482925933623,0.853020379703942,0.8761838312178423,0.8942550479621021,0.8177100021907948,0.8999387017808473,0.8999995186117435,0.8587663994226494,0.8943867059440869,0.8557021333030312,0.8110190030194027,0.8557021333030312,0.8576940748740145,0.8865481271838048,0.8856287539271144,0.877404599461997,0.8515095315940355,0.8048310456502422,0.8408197587662438,0.8856287539271142,0.7490168443577818,0.8592055827056743,0.8506888806881536,0.8944005559076755,0.7536451486843243,0.8772026752799059,0.8181951850728719,0.9,0.7502451480435273,0.8087439031542552,0.8479449236096417,0.8531379786103817,0.8621287311565993,0.849709355245009,0.7690071308491961,0.7502419394979187,0.8503241029984362,0.8446229858431787,0.8495535073518852,0.8865481271838047,0.7654738181900006,0.84901770100747,0.8592008591476136,0.8865826350584738,0.8193426210992849,0.8528536761525838,0.8586009837400562,0.8013291473478367,0.8382987420037058,0.8391687495679254,0.8555379656803168,0.8628196606822953,0.8592008591476139,0.8001105356915272,0.8575719507365415,0.8557021333030308,0.8527739141252603,0.8544386475717645,0.8429701163011069,0.8587663994226491,0.8944005559076754,0.8999374566108218,0.7707196737142779,0.877404599461997,0.8032027202131052,0.8087921434016312,0.8592055827056742,0.8414037552983884,0.8797958134264926,0.8865826350584736,0.7467161233384982,0.8772026752799061,0.7862030659624621,0.8856287539271148,0.8999999999999999,0.853289975109214,0.8576940748740146,0.8428559857188609,0.7982058350098733,0.8068796337723321,0.8497050619014367,0.894386705944087,1.0,0.8415399531092359,0.8392110305367309,0.8514645798813257,0.8562104999062397,0.8628196606822951,0.8559776896833277,0.7733953356358098,0.8942605555160129,0.8798057987288704,0.8772026752799057,0.8062990539154978,0.8532799004153635,0.8621287311565995,0.8797958134264925,0.8943867059440864,0.8473813783810672
eac59781a5d37625,0.7953075013198225,0.8149962199361164,0.7938757642729685,0.8673634179213559,0.8200189278935264,0.890807457998688,0.8226398527959369,0.8684038336691672,0.8093957252371528,0.8439617052131941,0.8111809022823109,0.8673281168144364,0.8879273282530772,0.843901284569331,0.8683980958718196,0.86841034253076,0.8673935811641311,0.851755054355698,0.8673935811641322,0.8339241083179338,0.8852002467244517,0.7939637170328756,0.8683851878065857,0.8944061509055761,0.8671154592530014,0.8619005737986533,0.7939637170328794,0.8768763985604118,0.8932504610328853,0.8507468229950481,0.7939637170328787,0.8876412890378169,0.866735697083893,0.891014631381319,0.8507066325448432,0.8317026980550641,0.8884484211679864,0.7485183613408428,0.8507468229950446,0.8439617052131932,0.861900573798652,0.8673641095936392,0.8724360939447953,0.867328116814439,0.8675330523775413,0.8673281168144381,0.8225789617041093,0.8958011914207225,0.8225840449859049,0.8671329464442512,0.8392548059203352,0.7938757642729677,0.8684103425307617,0.8973307771867605,0.8673641095936387,0.8619005737986525,0.8674867495881656,0.8673641095936375,0.8684103425307619,0.7487423723076181,0.8278261121633247,0.8673935811641327,0.8699965289083422,0.8876497928915541,0.8671154592530075,0.871607199603166,0.744250410689137,0.8937891519430954,0.8666868304703319,0.8904376801882201,0.7997836555923884,0.8948352076569859,0.868385187806586,0.8416957897435251,0.8309911068827466,0.8886346016326315,0.8790778256059157,0.8673634179213576,0.7442504106891372,0.8523742399758696,0.8507066325448456,0.8763392948427725,0.8683851878065845,0.8888259495187798,0.7485183613408436,0.8916562852076868,0.841695789743526,0.885791258992606,0.8439012845693289,0.8894045242982859,0.8673634179213565,0.8281525898621689,0.8674799209187214,0.8678194017014592,0.8876898064773145,0.8673919462564277,0.8867173499685592,0.8966616795557908,0.8890156286117645,0.7938757642729662,0.8507468229950448,0.877385517953701,0.8439012845693288,0.8416957897435231,0.8673919462564278,0.851618457875096,0.7446614582650923,0.8597917772989987,0.7446614582650926,0.7487423723076182,0.8667356970838916,0.8673836657203682,0.7953075013198005,0.8871790855531947,0.8709036323694357,0.8959832265550869,0.8673836657203668,0.8228628458811529,0.8674799209187198,0.886763036675326,0.8517550543557004,0.820426102488376,0.7949665534970201,0.8783809259312041,0.8415399531092368,0.8281631482249704,0.8661460321379645,0.8867630694694231,0.8894263703385306,0.8684038336691646,0.8895289258057365,0.830391965210579,0.8432534221969026,0.897123451738896,0.8937989966415618,0.8886488046549728,0.8667356970838911,0.8343097951521876,0.8868566802219748,0.8674867495881626,0.8666868304703317,0.8715936710390634,0.8886140293471918,0.8885802146035366,0.8625280245524318,0.898187656015341,0.8973638697429871,0.7442504106891381,0.868398095871821,0.867486749588164,0.8601225753825447,0.7485183613408436,0.7446614582650928,0.8938733246532377,0.8870329648422105,0.8971984275639927,0.867391946256429,0.8517550543556995,0.8439617052131931,0.8530345356143254,0.7953075013198003,0.8749515063309978,0.8858535668770169,0.8674799209187195,0.8960329296114015,0.8671329464442529,0.8666868304703315,0.8141209443465023,0.794966553497021,0.852161008211688,0.8673836657203691,0.8415399531092365,0.8886353234275811,0.7487423723076185,0.8928561005034766,0.8648307984049903,0.8776386226149855,0.8868721501478445,0.8516184578750957,0.8415399531092359,1.0,0.8619005737986524,0.8870418518304214,0.8885426459825936,0.868398095871822,0.8890758306973077,0.8452349192003386,0.8507066325448444,0.8671154592530086,0.7949665534970207,0.8808571392022309,0.8894905896893408,0.8684038336691657,0.8671329464442527,0.8516184578750958,0.8923118358506659
ecd0cc1f3b8afa0c,0.771976079023516,0.6925107312804801,0.7697089144913144,0.8870276897248655,0.6963331122039822,0.8426666544710156,0.7074875286010232,0.8971630655087822,0.6870215821055439,0.8419473231027694,0.6897435237030474,0.8869672757742446,0.8899590625057963,0.8418819195833394,0.8969738809541276,0.8971648462296038,0.8977433175237006,0.856139194013681,0.8977433175237004,0.7134607577851602,0.8090047550745316,0.769796841221684,0.8969690427597683,0.8572116898964921,0.8862654801248584,0.9000000000000004,0.7697968412216838,0.7942138384189217,0.8550722275672897,0.8543904284789365,0.7697968412216841,0.8912425285893334,0.88246547149879,0.8455335317039315,0.8543545279896364,0.7132555924587831,0.8920450664215578,0.7098535205898818,0.8543904284789342,0.8419473231027699,0.8999999999999999,0.8834215462210169,0.7888839226508372,0.8869672757742446,0.7786561807976016,0.8869672757742444,0.7029704777397989,0.860068221796406,0.7043997397052668,0.8862738401799366,0.722626654783946,0.7697089144913145,0.897164846229604,0.8620863143833757,0.8834215462210167,0.8999999999999999,0.8975816957106953,0.8834215462210165,0.8971648462296041,0.7101228169193183,0.7025011986557722,0.8977433175237004,0.7887364787043962,0.8883069636476295,0.886265480124859,0.789028571508119,0.7056276397330049,0.8497227320081259,0.882430358783366,0.8471268108950614,0.6677880906675422,0.8511957527864653,0.8969690427597687,0.8393500211006697,0.7075734085223317,0.8888459929376255,0.7927199327979402,0.8870276897248651,0.705627639733005,0.7405240837911982,0.8543545279896367,0.7974936548153136,0.8969690427597686,0.8867834594517087,0.7098535205898822,0.8461029618267799,0.8393500211006695,0.8047594350399674,0.8418819195833389,0.887495384146368,0.8870276897248652,0.7144554774494783,0.8975807307772447,0.779615396424491,0.8360218588104442,0.8977326236986558,0.8916880990830276,0.8617691218121528,0.8894711095058527,0.7697089144913144,0.8543904284789343,0.7927341009909912,0.8418819195833389,0.8393500211006693,0.8977326236986558,0.855951835427766,0.7060067342420254,0.769312839526748,0.7060067342420254,0.7101228169193184,0.8824654714987894,0.8834354849972293,0.771976079023494,0.8918352705373075,0.784375169391422,0.8573097394175953,0.8834354849972292,0.700740917278206,0.8975807307772448,0.8904190414297136,0.8561391940136811,0.7025657525163054,0.7715520232060341,0.8003705937604976,0.8392110305367309,0.7040997710632101,0.7793339688705521,0.8922046207310894,0.8901244554084073,0.8971630655087826,0.8414537728162935,0.7152137410570942,0.7272342949950983,0.8548585974781118,0.8528107828950829,0.891089358507558,0.8824654714987894,0.7174283678291378,0.8921542634807442,0.8975816957106952,0.8824303587833657,0.7871391220361307,0.8879990560737465,0.889316501214835,0.7730356055135799,0.8570205544824773,0.8636552796962544,0.7056276397330046,0.8969738809541279,0.8975816957106955,0.7690684400035881,0.7098535205898819,0.7060067342420254,0.8508306052860422,0.8906710832124776,0.8524835792493355,0.8977326236986559,0.8561391940136812,0.8419473231027699,0.7413597350843664,0.771976079023494,0.7849368116447042,0.8109007025177133,0.8975807307772448,0.8605370401086606,0.8862738401799366,0.8824303587833657,0.6890921926038536,0.7715520232060342,0.7551357058214732,0.8834354849972296,0.839211030536731,0.8882267237936251,0.7101228169193186,0.8546446450998839,0.7778027240449529,0.7996532820085072,0.8918056889040638,0.855951835427766,0.8392110305367309,0.8619005737986524,1.0,0.8904605920315867,0.8892145999622866,0.8969738809541279,0.8903765219341644,0.7327928313815593,0.8543545279896366,0.8862654801248588,0.771552023206034,0.8028643276186926,0.8860533158537653,0.8971630655087826,0.8862738401799365,0.8559518354277653,0.8477544499833907
efd947f3c30d4b00,0.7936844108293877,0.7565195530093142,0.7917291957636667,0.8875487935086035,0.7686798357711366,0.8767631642377592,0.7658918259051513,0.8928100201175191,0.7545927080768927,0.8541021920594933,0.7549542335660373,0.8874887142725802,0.8986946472761471,0.8540333455458425,0.8927085282630235,0.8928156813596542,0.8924759814252472,0.8646348643383356,0.8924759814252468,0.7790873461672194,0.8533135188879097,0.7918146915539919,0.8926958110247203,0.8843021875447519,0.8870070464430944,0.8904605920315866,0.7918146915539914,0.8433497031841346,0.8848111654953222,0.8631849746144176,0.7918146915539916,0.8990152967478761,0.8851892902805361,0.8808345769977031,0.8631472871877477,0.7784154320245897,0.8985421939578794,0.740615303780587,0.8631849746144172,0.8541021920594949,0.8904605920315869,0.8859964465658683,0.8388799602443385,0.8874887142725799,0.8341324475871961,0.8874887142725798,0.7679377740103939,0.885787719314499,0.7758060716957693,0.8870205582883505,0.7869071004880606,0.7917291957636668,0.8928156813596537,0.88794291899968,0.8859964465658683,0.890460592031587,0.8924283635995294,0.8859964465658684,0.8928156813596536,0.7408716874194224,0.7657726823717542,0.8924759814252469,0.8424362695712406,0.8989031511572934,0.8870070464430936,0.8402035462412089,0.7362705128070878,0.8804167042889837,0.885138068955254,0.8806510556535,0.7466913623000703,0.8824612998592943,0.8926958110247202,0.8516293735708107,0.7698186363956472,0.8976748139264344,0.8403635503583259,0.8875487935086028,0.7362705128070882,0.800784514524824,0.8631472871877477,0.8419754464831302,0.8926958110247203,0.8977497229436193,0.740615303780587,0.8802828058664932,0.8516293735708097,0.847760469293005,0.8540333455458413,0.8985364514005212,0.887548793508603,0.7763952869327264,0.8924240264225811,0.8300643629936654,0.8749585684077503,0.8924650438117518,0.8983458803346642,0.8885119141559219,0.8990691351923592,0.7917291957636675,0.8631849746144173,0.8375779306902589,0.8540333455458413,0.8516293735708103,0.8924650438117521,0.8644480845083744,0.7366986246858978,0.8221273241496059,0.736698624685898,0.7408716874194226,0.8851892902805362,0.8860166604038413,0.7936844108293647,0.8986980881498257,0.8355050373325466,0.8858237909967792,0.8860166604038413,0.7696777888494138,0.8924240264225816,0.8989261979181653,0.864634864338335,0.7626757468493601,0.7932539454669036,0.8460497969963537,0.8514645798813256,0.7756975052309689,0.8275552318331159,0.8988450596796206,0.8985838782256255,0.8928100201175191,0.8749610139072146,0.7720627272095959,0.7829386999431011,0.8820486928478395,0.8827987930685666,0.8986570417451683,0.8851892902805362,0.7738949766417405,0.8991087768049343,0.8924283635995303,0.8851380689552542,0.8327448044511137,0.8989989400543804,0.8974675369813125,0.8306288484983819,0.8848579123231842,0.8891860941515544,0.7362705128070872,0.892708528263023,0.8924283635995298,0.8233579628736258,0.7406153037805873,0.736698624685898,0.8789261272463998,0.8981489575565954,0.8821051770752675,0.8924650438117517,0.8646348643383353,0.8541021920594947,0.8003310697916214,0.7936844108293649,0.8344049530332243,0.8554053180263932,0.8924240264225816,0.8877407548334684,0.8870205582883506,0.8851380689552542,0.7636195451404038,0.7932539454669036,0.8172470709435389,0.8860166604038413,0.8514645798813258,0.8996766652756478,0.7408716874194227,0.88638739274794,0.8330771032909354,0.8465479134285239,0.8991518999103094,0.8644480845083738,0.8514645798813257,0.8870418518304214,0.8904605920315867,1.0,0.8984144857979857,0.8927085282630225,0.8980149835183259,0.7929016730095689,0.8631472871877476,0.8870070464430931,0.7932539454669035,0.8499884216134519,0.8992659505087712,0.8928100201175193,0.88702055828835,0.8644480845083738,0.877523520783482
f1ccd93c18f605de,0.7992426578470674,0.7680526808558975,0.7973448887685501,0.8888331750379157,0.770129171602971,0.8794388086840863,0.7761647210596849,0.892680293778501,0.7613878344657532,0.8586758212334292,0.7664397013034363,0.8887858206043988,0.8983683895358332,0.8586191532396596,0.8926183370356732,0.8926838919534588,0.8922367206435995,0.8682294298779704,0.8922367206435997,0.7797938448398853,0.8551660284408885,0.797448254209485,0.8926112580694696,0.8855792298425549,0.8883802042512142,0.8892145999622878,0.7974482542094868,0.8432144196826059,0.885163110545727,0.8669022546107492,0.7974482542094862,0.8983154536361959,0.886944875735242,0.8793001872705271,0.8668528313440806,0.7807546294593803,0.8986824877223281,0.7479164743235756,0.8669022546107441,0.8586758212334292,0.8892145999622862,0.8876626663313855,0.8400335584064145,0.8887858206044003,0.835159590806418,0.8887858206043995,0.7738869397321514,0.8895570846248135,0.772522059830596,0.8884001665942086,0.7865543735399051,0.7973448887685495,0.8926838919534592,0.8886749794472537,0.8876626663313847,0.8892145999622867,0.892236182538145,0.8876626663313842,0.8926838919534592,0.7481437313443429,0.7711840952565314,0.8922367206436004,0.8392988830160714,0.8983878516569792,0.8883802042512183,0.8413991761863089,0.7437244241011981,0.8850854299351526,0.8869080271027925,0.8805570588641682,0.744894920679284,0.8844938583634276,0.8926112580694701,0.856347117672031,0.7737381296011836,0.8982656613798816,0.8427397252303915,0.8888331750379157,0.7437244241011982,0.8025835102972314,0.8668528313440824,0.8488450957482662,0.8926112580694687,0.8995528644815224,0.7479164743235758,0.88056986558164,0.8563471176720314,0.8509055324986997,0.858619153239659,0.8993098460394064,0.8888331750379153,0.7803517138764495,0.8922290549169563,0.8381822242276535,0.8733321836998389,0.8922307998265151,0.8995111184854799,0.887619960468548,0.8994971436384465,0.7973448887685486,0.8669022546107442,0.8425990161440685,0.8586191532396588,0.8563471176720296,0.8922307998265153,0.8680676481975207,0.7440993055929411,0.8305067462326161,0.7440993055929412,0.7481437313443433,0.8869448757352408,0.8876773354127184,0.799242657847044,0.8985308841543983,0.8394018495314812,0.8853157788007441,0.8876773354127175,0.772172967094033,0.8922290549169554,0.8986137951444071,0.8682294298779718,0.7691598595870021,0.7988592927717106,0.8487106141869293,0.8562104999062401,0.7777360130733878,0.8319796029808133,0.8983883448342467,0.8989130100985666,0.8926802937784997,0.8799749366945493,0.7802300033540931,0.7880038601808754,0.8847848390788216,0.8831068174835192,0.8986471734723414,0.8869448757352405,0.7812217159571504,0.8982482590347327,0.8922361825381429,0.8869080271027925,0.8384941687971701,0.898689218549978,0.8984291755760683,0.8288630788654958,0.8859483204093852,0.8892533746505213,0.7437244241011989,0.8926183370356744,0.892236182538144,0.8280894695386811,0.7479164743235758,0.7440993055929415,0.8821719608976479,0.8982500142810971,0.8839278760946545,0.892230799826516,0.8682294298779711,0.8586758212334291,0.8036614907629447,0.7992426578470441,0.8379461949806559,0.8561302607515098,0.892229054916955,0.8887066418383465,0.8884001665942096,0.8869080271027923,0.7620929954458433,0.7988592927717111,0.8153066665982993,0.8876773354127189,0.8562104999062401,0.8985135323724951,0.7481437313443429,0.8839773028478459,0.8335684494082183,0.8488121821053882,0.8990818108118044,0.8680676481975204,0.8562104999062397,0.8885426459825936,0.8892145999622866,0.8984144857979857,1.0,0.8926183370356752,0.898723974039314,0.7971964738402942,0.8668528313440815,0.8883802042512189,0.7988592927717106,0.8491271669377083,0.8981015298604123,0.8926802937784997,0.8884001665942092,0.8680676481975202,0.8799187483377491
f21dbe7d15fe5cb9,0.8047759912248822,0.715095689967761,0.8027179155452594,0.8958988658568507,0.7169801994025444,0.8534220914966755,0.7269601104211207,0.8999944002781037,0.7084330562175963,0.8649765808254372,0.7138727828694522,0.8958605395195985,0.8927888497172554,0.8649241203950595,0.9000000000000006,0.899994352934797,0.8996618704924666,0.8749390909572639,0.8996618704924655,0.731572010909168,0.8217041043717354,0.8027935907070323,0.8999999750985979,0.8661349752467518,0.895415289485071,0.8969738809541274,0.8027935907070324,0.8072989952901513,0.8630378181957108,0.8735287641305224,0.8027935907070319,0.8930735007821806,0.8939634601322372,0.8555809701418241,0.8735019800562043,0.7330933552409211,0.8935560344723046,0.7512115023273374,0.8735287641305234,0.864976580825438,0.8969738809541279,0.8945178137079872,0.8039643913984176,0.895860539519598,0.7941918637166161,0.8958605395195975,0.722677745098481,0.8678887125420625,0.725847436444076,0.8954195972924959,0.7398372483116655,0.8027179155452593,0.8999943529347975,0.8694485750150096,0.894517813707987,0.8969738809541279,0.8996402238415536,0.8945178137079873,0.8999943529347973,0.751452642190364,0.7216659372087868,0.8996618704924657,0.8038941391647658,0.8909155563481079,0.8954152894850703,0.8034802514379714,0.7474077280960099,0.8602214161104768,0.8939419725203768,0.8560249947268908,0.690433353038894,0.8601653922709526,0.899999975098598,0.8629318583087715,0.7241155132184407,0.8924795438576165,0.804997282804293,0.8958988658568506,0.7474077280960102,0.7559947207679631,0.8735019800562043,0.8114986299989435,0.899999975098598,0.8913341897829165,0.7512115023273376,0.8556052438282773,0.8629318583087713,0.8161959102775469,0.8649241203950593,0.8912001617771574,0.8958988658568505,0.7317043664579318,0.8996405025474642,0.796940845233217,0.8468224524496072,0.8996605545238012,0.8936919474583347,0.8682518352306916,0.8921765871923057,0.8027179155452595,0.8735287641305235,0.8088293166071698,0.8649241203950595,0.8629318583087714,0.8996605545238014,0.8747878995511527,0.747747606090919,0.7886809696802071,0.747747606090919,0.7514526421903642,0.8939634601322368,0.8945262162542965,0.8047759912248591,0.8937843384869676,0.7993665633413614,0.8646855293730077,0.8945262162542965,0.7213956682389046,0.8996405025474643,0.8924370007382453,0.8749390909572632,0.7236840482252377,0.8043953661846905,0.8150817718243435,0.8628196606822949,0.7244251146330912,0.7961801526656043,0.8933210038914017,0.8927628053534201,0.8999944002781035,0.853900153289972,0.7368002162770657,0.7426370675616507,0.8647022806373632,0.8619347808677083,0.8927963653034214,0.8939634601322366,0.7381257965136514,0.8935362949434406,0.8996402238415542,0.8939419725203765,0.8044735302309634,0.891031358519873,0.8931922918358848,0.7899647600375654,0.8640227397652103,0.8694601777691546,0.7474077280960094,0.9000000000000001,0.8996402238415537,0.7860897841110737,0.7512115023273378,0.747747606090919,0.8618663758705923,0.8934531988562816,0.8613303668651698,0.8996605545238011,0.8749390909572636,0.8649765808254377,0.7586031557997961,0.8047759912248591,0.7996838813597626,0.8216687403409871,0.8996405025474642,0.8671782946243313,0.8954195972924961,0.8939419725203765,0.7119109289811357,0.8043953661846905,0.7725887523005482,0.8945262162542967,0.8628196606822951,0.8913535516665086,0.7514526421903642,0.8631101746891986,0.792984943695666,0.8118548461327963,0.8932564710249338,0.8747878995511524,0.8628196606822951,0.868398095871822,0.8969738809541279,0.8927085282630225,0.8926183370356752,1.0,0.8935378035065398,0.7521608884578757,0.8735019800562042,0.8954152894850704,0.8043953661846908,0.8148418250572975,0.8896751607992157,0.8999944002781033,0.8954195972924957,0.8747878995511521,0.8583835697646971
f23d691abc49c713,0.7998210785163118,0.7602868359817654,0.7979839972297784,0.8895616896927243,0.7646915418509799,0.8766541347858259,0.7689097942860286,0.893584175794628,0.755639966571447,0.858413067323128,0.7589388719845473,0.889517054578598,0.898904237577484,0.8583617320618857,0.8935378035065396,0.8935857427750852,0.8932300148783799,0.8685546592049374,0.8932300148783795,0.7802994794874344,0.8547018038846546,0.7980615329130383,0.8935307864145239,0.8864088056520208,0.8891200747199507,0.8903765219341648,0.7980615329130389,0.8437420479252178,0.8824165916446607,0.8672344154175737,0.7980615329130385,0.8990324577699744,0.8874545898009605,0.877453563448831,0.8672011610428578,0.7804449437248673,0.8993611582371648,0.7472556640706315,0.8672344154175717,0.8584130673231283,0.8903765219341645,0.8881465797733534,0.839927805625525,0.8895170545785995,0.8317993552809112,0.8895170545785992,0.7682299341912773,0.8861585876193739,0.7693849196413167,0.8891308401248985,0.7862542923297242,0.7979839972297778,0.8935857427750857,0.8885778392224205,0.8881465797733528,0.8903765219341646,0.8932306924201592,0.8881465797733523,0.8935857427750857,0.7474803834629664,0.771939775442654,0.8932300148783799,0.8367721255781986,0.897505901922976,0.8891200747199524,0.8370349642122429,0.7431018365287732,0.8813391327731749,0.8874177318489437,0.8778542693498118,0.7403227541799076,0.8818082697713409,0.8935307864145237,0.8561146386591747,0.7726141235970057,0.8994265257291796,0.8418532208391836,0.889561689692725,0.7431018365287737,0.8018771962855317,0.8672011610428587,0.843318933956773,0.893530786414523,0.8981573281404867,0.7472556640706316,0.8784548278634663,0.856114638659175,0.8515763305430495,0.8583617320618854,0.8984534551825731,0.8895616896927243,0.7743671826904177,0.8932275502867815,0.8321668596415932,0.8709994810792403,0.8932252493233381,0.8983797719224889,0.8876938879694105,0.8986784644733783,0.7979839972297771,0.8672344154175717,0.8451513699168463,0.8583617320618853,0.8561146386591741,0.8932252493233382,0.8683977725290415,0.743477797918177,0.8245075059312958,0.7434777979181773,0.7474803834629666,0.8874545898009595,0.8881571112669313,0.7998210785162893,0.8989480153137595,0.8350509601930254,0.8858697793329511,0.8881571112669306,0.766496992927806,0.893227550286781,0.8977296804556312,0.8685546592049385,0.7718387949118901,0.7994458849781654,0.8496239791708129,0.855977689683328,0.7734399992756238,0.8340635037644651,0.8987240898153221,0.8995833217665155,0.8935841757946266,0.8760954266655607,0.7830205672963149,0.78899538504081,0.8865781470686006,0.8832622289558325,0.8988767130534756,0.8874545898009593,0.7846104388832591,0.8987214879121959,0.8932306924201582,0.8874177318489441,0.8406939298203988,0.8980931905003567,0.8996743304805365,0.8260308075094438,0.8855007341005909,0.8890389926281557,0.7431018365287738,0.8935378035065396,0.8932306924201585,0.8236129837042556,0.7472556640706319,0.7434777979181774,0.883825273125554,0.8991074979631788,0.8844223094516583,0.8932252493233388,0.8685546592049377,0.8584130673231278,0.8029143552228611,0.7998210785162891,0.838496032149898,0.8555974762030965,0.8932275502867808,0.8860117437156885,0.8891308401248991,0.887417731848944,0.7585787801323208,0.7994458849781655,0.8116829873983931,0.8881571112669318,0.855977689683328,0.8979979423052704,0.7474803834629663,0.8823465042532121,0.8293333372388627,0.8443507019278079,0.898268325555998,0.868397772529041,0.8559776896833277,0.8890758306973077,0.8903765219341644,0.8980149835183259,0.898723974039314,0.8935378035065398,1.0,0.7982068133050372,0.8672011610428578,0.8891200747199527,0.7994458849781654,0.8489900300994745,0.8973803414459376,0.8935841757946269,0.8891308401248985,0.8683977725290413,0.8814536504487698
f2e621227c7d20bd,0.7603759628294544,0.8561567450981259,0.7601035035071749,0.7657474660659116,0.8721489390982567,0.853661533334711,0.8441704420067568,0.7518994547213418,0.8579690097030163,0.7750079919857633,0.861369203188245,0.765770075708923,0.8004393979570231,0.7749830572560192,0.7521608884578808,0.751904842274149,0.7494099395436398,0.7749242709104089,0.7494099395436378,0.8880138812059376,0.8831255210857778,0.7601595468878385,0.7521507468038426,0.8549817195262837,0.7662505749495382,0.7327928313815586,0.760159546887833,0.8850766990000414,0.8419031581087393,0.7750082779564025,0.7601595468878348,0.7962352141931454,0.7694192241497494,0.8527407306511002,0.7749770508322635,0.8929879162622114,0.7926332410292702,0.7376628186271943,0.7750082779564069,0.7750079919857656,0.7327928313815605,0.7694933285184458,0.8893063404047321,0.7657700757089192,0.8784260291552641,0.7657700757089196,0.8602491046947691,0.8365688963133578,0.8619213973761284,0.7662741349999733,0.8835317578274271,0.760103503507175,0.7519048422741479,0.8486459674505529,0.7694933285184467,0.7327928313815595,0.749856081232479,0.7694933285184482,0.7519048422741477,0.7377530637998292,0.877501629601169,0.7494099395436373,0.8669890878387103,0.7977833696218126,0.7662505749495294,0.8684718284184781,0.7338656928929175,0.8489290963131363,0.7693860834849511,0.8488920279500252,0.8636677109574975,0.8492145988888198,0.7521507468038433,0.7735029102490139,0.8686630169032606,0.8015568699191855,0.8764053608253952,0.7657474660659109,0.7338656928929176,0.8874884880003888,0.7749770508322606,0.859793498122982,0.7521507468038453,0.8026729674831565,0.7376628186271935,0.8530297262293007,0.773502910249011,0.8743412715677376,0.7749830572560202,0.8019796064324632,0.7657474660659114,0.849991559604656,0.7498436608056982,0.8704535693289147,0.8562399832897131,0.7494297463580534,0.7885547286597727,0.8461289474721656,0.7976706919833565,0.7601035035071781,0.7750082779564063,0.8792943043931836,0.7749830572560211,0.7735029102490159,0.7494297463580535,0.7749051396565028,0.7341759633766558,0.8733597002934217,0.734175963376656,0.7377530637998291,0.7694192241497512,0.7695040803438757,0.7603759628294322,0.7941980523211422,0.8714205509901813,0.8524916754347602,0.7695040803438771,0.8646772983914015,0.7498436608057009,0.7919570301972145,0.7749242709104054,0.8734258353087434,0.7602472305697715,0.889623919168501,0.7733953356358089,0.8798780069929795,0.8806771532125861,0.7914311963930161,0.7993634003736279,0.7518994547213438,0.8544419390314543,0.8783054331660287,0.8684541944514275,0.8526703527695537,0.8578804859654946,0.7946486082561872,0.7694192241497513,0.8726205994035778,0.792342965910515,0.7498560812324839,0.769386083484952,0.8825412605781513,0.8003659998815682,0.8010621358396288,0.87543025807856,0.8483265827652742,0.8440017401036415,0.7338656928929155,0.7521608884578779,0.7498560812324819,0.8716836726503752,0.7376628186271942,0.7341759633766558,0.8563317823038148,0.7982763903820562,0.8558764248181868,0.7494297463580516,0.7749242709104069,0.7750079919857658,0.8921686398293176,0.7603759628294324,0.8838576802587441,0.8783714255561331,0.7498436608057009,0.8375947757344346,0.7662741349999715,0.7693860834849526,0.8699064499124292,0.7602472305697701,0.8737945130694686,0.7695040803438746,0.7733953356358094,0.800296816069577,0.7377530637998283,0.8425174216995521,0.873460087699498,0.8617821567638964,0.7892092108727488,0.7749051396565032,0.7733953356358098,0.8452349192003386,0.7327928313815593,0.7929016730095689,0.7971964738402942,0.7521608884578757,0.7982068133050372,1.0,0.7749770508322615,0.7662505749495275,0.7602472305697705,0.879362885254458,0.8042575837228612,0.7518994547213431,0.766274134999971,0.7749051396565023,0.8565989828243095
f371159e4390fedf,0.8746392375671204,0.7469284659688163,0.8737304823919689,0.88980753981762,0.7375987826203687,0.8463763741098207,0.7477214976014864,0.8729874697843641,0.7340980155470307,0.8947449084152501,0.7502370679288768,0.8898604648178797,0.8663195944783884,0.8947789308402647,0.8735019800562034,0.8729727546890863,0.8721267515878278,0.8999535328225452,0.8721267515878273,0.7525333494659274,0.8210684251864331,0.8737628699262328,0.8735190143193707,0.8558669546476354,0.8904384137465703,0.8543545279896367,0.8737628699262328,0.81103974169156,0.8476401296987465,0.8999992930200393,0.8737628699262334,0.8635685312769947,0.8906971140965206,0.8465588759674403,0.9,0.7602379061642546,0.8624954632135233,0.8364064393242819,0.8999992930200379,0.894744908415251,0.8543545279896366,0.8901777541818077,0.8144221851519411,0.8898604648178801,0.8005263048206692,0.8898604648178796,0.7463208282804767,0.8530552450484679,0.7505285328437369,0.8904320161791577,0.7548966895433344,0.8737304823919687,0.8729727546890871,0.8535639113019252,0.8901777541818076,0.854354527989637,0.8726493735878318,0.890177754181807,0.8729727546890873,0.8364519495535498,0.7437177094237191,0.8721267515878275,0.8092039862843026,0.8617370808284631,0.8904384137465702,0.8058990915847386,0.8338173691854315,0.8537747741297852,0.8907243729240717,0.8425871085940664,0.718605860013433,0.8496602079525476,0.8735190143193713,0.8942702187428286,0.7401622084182486,0.8671389034812298,0.8058620088572575,0.8898075398176195,0.8338173691854308,0.7665063280702993,0.9000000000000002,0.814319865782295,0.8735190143193716,0.8686636631002822,0.8364064393242825,0.8447680279504225,0.8942702187428284,0.8132184544056305,0.8947789308402638,0.8655943559533423,0.8898075398176193,0.7497626715215019,0.8726522021868787,0.8108299564967051,0.8393754638354076,0.8721632217269194,0.8637230139067751,0.8503278534711599,0.8645512709677373,0.8737304823919688,0.8999992930200378,0.8194762255298156,0.8947789308402638,0.8942702187428285,0.8721632217269192,0.8999610259844639,0.8339733270226166,0.8085847942482265,0.8339733270226168,0.8364519495535498,0.8906971140965196,0.8901463768657234,0.8746392375670954,0.8637160147398116,0.8069034601835521,0.8508454494798257,0.8901463768657231,0.7428244743895993,0.8726522021868784,0.8620535824790132,0.899953532822545,0.7503080448919612,0.8744834769108905,0.8222308796052322,0.8942605555160128,0.7460836918288931,0.8083642183326156,0.8613065839288563,0.8648849051993692,0.872987469784364,0.8529550302113501,0.7665591284271785,0.7535322385320611,0.8567106157235946,0.8536603167473937,0.8626876751865369,0.8906971140965194,0.764329590839132,0.8620657479459062,0.8726493735878321,0.8907243729240719,0.819484609618931,0.8634237481082305,0.8690276512514228,0.8006993472477584,0.848662104528132,0.8499912202797033,0.8338173691854309,0.8735019800562039,0.8726493735878325,0.7971626379955343,0.8364064393242823,0.8339733270226165,0.857723751943034,0.8661994641451962,0.8504250486029168,0.8721632217269194,0.8999535328225449,0.894744908415251,0.7726003255784047,0.8746392375670953,0.8065080487364561,0.8167443071863962,0.8726522021868783,0.8509524886590036,0.8904320161791577,0.8907243729240715,0.7412937211233277,0.8744834769108903,0.7841704220795316,0.8901463768657238,0.894260555516013,0.8641160800494452,0.8364519495535501,0.8496430041461744,0.7968191216010512,0.8125302818661142,0.8625989768222634,0.899961025984464,0.8942605555160129,0.8507066325448444,0.8543545279896366,0.8631472871877476,0.8668528313440815,0.8735019800562042,0.8672011610428578,0.7749770508322615,1.0,0.8904384137465706,0.8744834769108905,0.8129045669123244,0.8635314299365574,0.8729874697843645,0.8904320161791575,0.8999610259844635,0.8520891042174773
f4a983fc40d1f854,0.8377620976294833,0.7314564477649781,0.8362608922336494,0.8999770709423829,0.728552452186898,0.855713966807902,0.7384441790218707,0.8952237431439415,0.7219586052068461,0.8813597608634064,0.7322110408518496,0.8999800584346891,0.88853982680763,0.8813525055825295,0.8954152894850704,0.8952159469466715,0.8951185263274688,0.8911995445175163,0.8951185263274694,0.7450161145621454,0.8267571523555418,0.8363140065854544,0.8954219778139593,0.8679219351208683,0.9000000000000002,0.8862654801248594,0.8363140065854544,0.8143968075048522,0.8622888104342482,0.8904528139920965,0.8363140065854551,0.8876095885677414,0.8981079112934258,0.8573511977600377,0.8904384137465705,0.7491828285565532,0.887336943112873,0.7874763327509999,0.890452813992096,0.8813597608634071,0.8862654801248592,0.898276783380287,0.8138030417836654,0.8999800584346889,0.8013742416359046,0.8999800584346882,0.7364609504211004,0.867307651072527,0.7394348396904642,0.8999997964825334,0.7505768331658846,0.836260892233649,0.8952159469466721,0.8689420918744565,0.898276783380287,0.8862654801248591,0.8953455310313283,0.8982767833802865,0.8952159469466721,0.7876144027143269,0.734648534962588,0.8951185263274695,0.8107036287849219,0.8852105556870223,0.9000000000000001,0.8088946185848915,0.7840667492266862,0.8630500526469227,0.8981058292556436,0.8558771223175063,0.705186793410359,0.8616883986818177,0.8954219778139595,0.8798760997163504,0.7356053140458583,0.8882940623739599,0.810951341506527,0.8999770709423824,0.7840667492266857,0.7655852258139675,0.8904384137465706,0.816949584895717,0.8954219778139595,0.8883000617562429,0.7874763327510003,0.8566850033015592,0.8798760997163501,0.820157113171833,0.8813525055825291,0.8868857584970711,0.8999770709423824,0.7435835593451718,0.8953467340600076,0.8069954669793247,0.8491049881617893,0.8951343841759627,0.8877437910570507,0.867033305721171,0.8873314178425912,0.836260892233649,0.890452813992096,0.8179295111361768,0.8813525055825291,0.8798760997163501,0.8951343841759625,0.8911203468244826,0.7843251146618715,0.8011412439091088,0.7843251146618719,0.7876144027143268,0.8981079112934253,0.8982643122072445,0.8377620976294594,0.8879735995964229,0.8073995961202075,0.8652283421104603,0.898264312207244,0.7333367700040248,0.8953467340600075,0.8863406301477399,0.8911995445175167,0.7378479972610186,0.8374866452671444,0.8233551813269248,0.8798057987288703,0.7370676098476248,0.8053517014432621,0.886899229554172,0.8877538361047342,0.895223743143942,0.8588677461216951,0.752807718042924,0.7514531770770381,0.8670848928551076,0.8647069451723878,0.887097951296357,0.8981079112934252,0.7527530194956426,0.8872203794651876,0.8953455310313286,0.8981058292556436,0.8152087292331949,0.8860244950998127,0.8895907089425616,0.7987563530197253,0.8639676404413684,0.8678837262804175,0.7840667492266857,0.8954152894850704,0.8953455310313289,0.7946314424112604,0.7874763327510002,0.7843251146618718,0.8656817837539379,0.8887880112380168,0.8625873493543593,0.8951343841759626,0.8911995445175168,0.8813597608634072,0.7689512838956631,0.8377620976294593,0.8072889588612322,0.8255432530304262,0.8953467340600074,0.8666843954672029,0.8999997964825338,0.8981058292556438,0.7273107565744776,0.8374866452671446,0.78154549605435,0.8982643122072445,0.8798057987288705,0.8864961213966676,0.7876144027143267,0.8632792967631643,0.7987814198258435,0.8175121269457856,0.8873150989413972,0.8911203468244824,0.8798057987288704,0.8671154592530086,0.8862654801248588,0.8870070464430931,0.8883802042512189,0.8954152894850704,0.8891200747199527,0.7662505749495275,0.8904384137465706,1.0,0.8374866452671446,0.8194553313919973,0.8852159753638175,0.8952237431439423,0.8999997964825338,0.8911203468244819,0.8610740010669382
f73b1649a53434d7,0.8999974861967753,0.7519938563708748,0.8999552194401963,0.8359901712041669,0.7270813439618946,0.8017765871670719,0.7475218299216253,0.8033684732706639,0.7368978925328301,0.8759114202993236,0.7552436805630841,0.836110233683676,0.7978478328340577,0.8759826401706656,0.8043953661846903,0.8033468154932708,0.8010700735806803,0.8732355357905922,0.8010700735806795,0.7468471516250317,0.7832908118001063,0.8999566305572237,0.8044240156410749,0.8020190058567633,0.8374866452671446,0.7715520232060343,0.8999566305572242,0.7813229739987377,0.7911737225133264,0.8744474498066749,0.899956630557224,0.7931533887932265,0.8417483951231318,0.7999947892314823,0.87448347691089,0.7551078255854707,0.7905770522255208,0.8822208747215845,0.8744474498066739,0.8759114202993243,0.771552023206034,0.8401073433536483,0.7875492475538757,0.8361102336836765,0.7675144365048734,0.8361102336836761,0.7453946459184335,0.7997153425752994,0.7518466833686805,0.8374623363181815,0.7463255891155364,0.8999552194401961,0.803346815493271,0.7968301152867574,0.8401073433536483,0.7715520232060342,0.8019979550569287,0.8401073433536482,0.803346815493271,0.8821940051040646,0.7443290046505125,0.8010700735806797,0.7834255734439319,0.7905198267259543,0.8374866452671443,0.7714522628376064,0.8810954785088296,0.8067707179491435,0.8418110223886164,0.7883955041795017,0.7212378561622035,0.8005351649012167,0.804424015641075,0.8771363621100774,0.733068077720994,0.8012966932845109,0.7745064052457051,0.8359901712041665,0.8810954785088297,0.7458225910362994,0.8744834769108907,0.7856824005456773,0.8044240156410751,0.8029078085228408,0.8822208747215845,0.7917177547530987,0.8771363621100767,0.7788423536077782,0.8759826401706651,0.7991693342511936,0.8359901712041666,0.7462316928639663,0.802007222078182,0.7896645187648639,0.7942280264128565,0.8011335951928495,0.792504624223366,0.7947726345919109,0.7957100065969354,0.8999552194401963,0.8744474498066738,0.7965757741880426,0.8759826401706652,0.877136362110077,0.8011335951928498,0.8733626345418093,0.8811372518132391,0.7904555407169211,0.8811372518132392,0.8821940051040649,0.8417483951231313,0.8400576334097444,0.8999974861967492,0.7917408023073391,0.7817825845315722,0.7984234991030994,0.8400576334097443,0.7338294224209807,0.802007222078182,0.7895201173325219,0.8732355357905922,0.7546310423009224,0.8999999999999999,0.7878912323623817,0.8772026752799058,0.7326470060549196,0.7898846596386276,0.7873624918796593,0.7963388316012541,0.8033684732706632,0.8096940077609003,0.7677725169418416,0.7427854934467155,0.8094948433262581,0.804481056107436,0.7915444288353672,0.8417483951231308,0.7652721584422788,0.7901132520851197,0.8019979550569286,0.841811022388616,0.7987744931272269,0.7931752584901177,0.8028402073013927,0.7794909986093728,0.7948280547073052,0.789582383091623,0.8810954785088294,0.8043953661846905,0.8019979550569285,0.7771802960896732,0.882220874721585,0.881137251813239,0.8130851290109877,0.795761136320736,0.802094599172464,0.8011335951928497,0.8732355357905925,0.8759114202993246,0.7550879142659084,0.8999974861967491,0.7827250564725645,0.7746792553248774,0.8020072220781819,0.7967335401381276,0.8374623363181815,0.8418110223886163,0.7453430464333775,0.8999999999999999,0.763728461561639,0.8400576334097447,0.8772026752799058,0.7963352551553133,0.8821940051040646,0.7989723043529322,0.7639307668595465,0.7819631327911765,0.7910519274443668,0.8733626345418091,0.8772026752799057,0.7949665534970207,0.771552023206034,0.7932539454669035,0.7988592927717106,0.8043953661846908,0.7994458849781654,0.7602472305697705,0.8744834769108905,0.8374866452671446,1.0,0.7793181350394955,0.7966181645776376,0.8033684732706631,0.8374623363181812,0.8733626345418088,0.8086516066827776
fb438532ec05d899,0.7796387519852079,0.8475261132758936,0.778734948062613,0.8193883369156039,0.863392600427297,0.8835191206939245,0.8459508349012071,0.8147414618734921,0.8521198149635383,0.8085115000048453,0.8475073368706071,0.819358038123267,0.8512294064362337,0.8084340592541975,0.8148418250572975,0.8147544770781808,0.8129587564205266,0.8134761818116989,0.8129587564205268,0.8797639423030492,0.8947829842838024,0.778792068109792,0.8148183445434093,0.880324836518257,0.8194553313919974,0.8028643276186931,0.778792068109792,0.8966610282946729,0.8781655984279999,0.8129266314075871,0.7787920681097917,0.8498517615153439,0.8206206487881792,0.8864337606402913,0.8129045669123243,0.8765545149736733,0.846995786647458,0.742451516923682,0.8129266314075849,0.8085115000048462,0.8028643276186928,0.8210432109660207,0.8931751287337214,0.819358038123267,0.885619858839754,0.8193580381232672,0.8599396825884857,0.8746394680461507,0.8675911711841876,0.8194692213339064,0.886078140360375,0.7787349480626132,0.8147544770781813,0.8815426710199877,0.8210432109660205,0.8028643276186931,0.813197189124609,0.821043210966021,0.8147544770781813,0.7426826146747578,0.8669245560581,0.8129587564205272,0.889805251592187,0.8508233688554536,0.8194553313919977,0.8834625765963167,0.7382202706292214,0.879361442826825,0.820551375919476,0.88135912117886,0.8554119853301346,0.8835936517308259,0.8148183445434087,0.8064817455964699,0.8690160301144607,0.8512488853555864,0.8933518804552174,0.8193883369156034,0.7382202706292216,0.8861763416623102,0.812904566912325,0.8787306350972434,0.8148183445434092,0.8518168561386199,0.7424515169236827,0.8824199641589432,0.8064817455964696,0.8903661206475596,0.8084340592541972,0.8534186081877729,0.819388336915603,0.8591697713003638,0.8131900939698993,0.8791384674443974,0.8870363758150273,0.8129581227479905,0.8441286441096278,0.8856379997606194,0.8513017263076708,0.7787349480626138,0.8129266314075847,0.8850581640664877,0.8084340592541975,0.8064817455964697,0.8129581227479911,0.8133526283051474,0.7386724795565278,0.875896312833907,0.7386724795565283,0.742682614674758,0.8206206487881793,0.8210758000282592,0.7796387519851855,0.8472430853972122,0.8864600916451485,0.885960401523102,0.8210758000282588,0.8588671024324208,0.8131900939698999,0.8469258074762682,0.8134761818116989,0.8581671234327191,0.7793181350394961,0.8902378776050275,0.806299053915498,0.8685006323308002,0.8827639147290822,0.8464604861180106,0.8511984204872207,0.8147414618734925,0.8795521089735219,0.8600899608480452,0.8681851333139088,0.8807811999480301,0.885554239971649,0.8496325321224694,0.8206206487881791,0.8614205042484924,0.8486738236961757,0.8131971891246096,0.820551375919476,0.881771121559606,0.8517915252901814,0.8494268982119308,0.8882224420891631,0.8848941485861691,0.8810390034847289,0.7382202706292209,0.814841825057298,0.8131971891246091,0.8809358282435504,0.7424515169236825,0.7386724795565283,0.8795260690952742,0.8478181943920606,0.8857070196716124,0.8129581227479906,0.813476181811699,0.808511500004846,0.8847884578303437,0.7796387519851853,0.8911751010316648,0.8957181739845564,0.8131900939699002,0.8789302910479446,0.8194692213339068,0.8205513759194762,0.8645449990499794,0.7793181350394957,0.8830708928973426,0.8210758000282588,0.8062990539154979,0.8539188936369619,0.742682614674758,0.8834578456935012,0.8841555489852269,0.8860941228448117,0.8462333777730062,0.8133526283051471,0.8062990539154978,0.8808571392022309,0.8028643276186926,0.8499884216134519,0.8491271669377083,0.8148418250572975,0.8489900300994745,0.879362885254458,0.8129045669123244,0.8194553313919973,0.7793181350394955,1.0,0.8564653162125863,0.8147414618734923,0.8194692213339061,0.8133526283051467,0.8821221081889579
fbfa4da7d398d4b7,0.7970296444614908,0.7663066884355784,0.7951382919171852,0.8857008110380877,0.7819894004897142,0.8818934876799615,0.7737599270601281,0.8897521536774557,0.7658388949742184,0.8558706101259026,0.7660213392642075,0.8856478682309116,0.8984320671885274,0.8558049506878321,0.8896751607992144,0.8897579140845886,0.8891225291058851,0.8649450362021465,0.889122529105886,0.7902485325951528,0.8604805649636588,0.795215938414422,0.8896610995869568,0.8886972124173126,0.8852159753638159,0.8860533158537662,0.7952159384144233,0.8513591360243538,0.8884510783710828,0.8635651668984772,0.7952159384144237,0.8984037769871631,0.8841148779263686,0.8860047804979996,0.8635314299365567,0.7896382369784467,0.8974004934172481,0.7475650325421008,0.8635651668984745,0.8558706101259022,0.8860533158537648,0.8848765876081102,0.8473139147692982,0.8856478682309128,0.8442668804081539,0.885647868230912,0.7779256305320951,0.8883666641763728,0.7865136855298493,0.8852280521206228,0.7964538816279498,0.7951382919171848,0.8897579140845897,0.8913607636273924,0.8848765876081099,0.886053315853765,0.8891028372976155,0.8848765876081095,0.8897579140845896,0.7478092966323048,0.7757796500025744,0.8891225291058855,0.8500079779358383,0.8990965405694316,0.8852159753638171,0.8479991757888607,0.7432100419158878,0.8845130422229158,0.8840614374656519,0.8859257231922687,0.7612551666510515,0.8864839645788775,0.8896610995869569,0.8534468524826152,0.7787048363842691,0.8975203124866387,0.8469288890586504,0.8857008110380886,0.7432100419158877,0.8103353280725829,0.8635314299365578,0.8478455275793695,0.8896610995869565,0.8981075477519812,0.747565032542101,0.8858884936577681,0.8534468524826153,0.8533288916320388,0.8558049506878305,0.8987487263747701,0.8857008110380885,0.7853037502980024,0.8890988779601777,0.8378322635606019,0.8813379293985709,0.8891144894415928,0.89724972567393,0.8911597514896035,0.898699420799272,0.7951382919171843,0.8635651668984744,0.8442145809873671,0.8558049506878305,0.8534468524826142,0.8891144894415928,0.8647710194046785,0.7436404897834312,0.8312328145220004,0.7436404897834317,0.7478092966323047,0.8841148779263677,0.8848962944717723,0.7970296444614684,0.898010124112417,0.8432759989844641,0.8896175340668437,0.8848962944717719,0.7806920544062611,0.8890988779601777,0.8982773945790328,0.8649450362021469,0.7728275719018323,0.7966181645776377,0.8545449383613044,0.8532799004153641,0.7889372358511042,0.8357324059993203,0.8978873279117366,0.8980770177604114,0.889752153677455,0.8802411882921289,0.7817816422765536,0.7902543386029994,0.8854303432700513,0.8871422805803045,0.8976635274940159,0.8841148779263674,0.7821563892342384,0.8979389201595693,0.8891028372976147,0.8840614374656518,0.8406533579785234,0.8993950064666688,0.8973037820040541,0.8403870107383191,0.8877967813963819,0.8921185051013312,0.7432100419158882,0.8896751607992153,0.8891028372976151,0.8324523895216214,0.7475650325421013,0.7436404897834314,0.8832545097213567,0.8979387891365265,0.8859881797297503,0.889114489441593,0.8649450362021467,0.8558706101259024,0.8101767097825044,0.7970296444614684,0.8421341567975452,0.8620730499862819,0.8890988779601772,0.8905950079173499,0.885228052120623,0.8840614374656515,0.7766769396676043,0.7966181645776378,0.8285188399511534,0.8848962944717726,0.8532799004153637,0.8997996851886024,0.7478092966323046,0.8898774051260048,0.842986371661809,0.8530223597314874,0.8981331772956737,0.864771019404678,0.8532799004153635,0.8894905896893408,0.8860533158537653,0.8992659505087712,0.8981015298604123,0.8896751607992157,0.8973803414459376,0.8042575837228612,0.8635314299365574,0.8852159753638175,0.7966181645776376,0.8564653162125863,1.0,0.8897521536774552,0.8852280521206233,0.8647710194046776,0.8819639176911012
fd17081f61e8f32e,0.8037503592709077,0.7145456469202196,0.8016788362314506,0.8957207945380048,0.7168112526031134,0.8532323220150926,0.7264279297096801,0.9000000000000001,0.7077903266742476,0.86432147308211,0.7132473017935708,0.8956818303811155,0.8928713103678514,0.8642688043790382,0.8999944002781037,0.8999999804227804,0.8996991674885109,0.8744425930411501,0.8996991674885104,0.7312493699802856,0.8216387327058359,0.8017539969924544,0.8999943581884382,0.8661225697468686,0.8952237431439425,0.8971630655087826,0.8017539969924546,0.8071416595442302,0.8631081489055683,0.8730141723640499,0.8017539969924545,0.8931773148288208,0.8936812339727827,0.8555298417097972,0.8729874697843647,0.7327590837068896,0.8936689059302618,0.7498594888152166,0.8730141723640501,0.8643214730821106,0.8971630655087826,0.8942595872704571,0.8037763011100849,0.895681830381115,0.7940875065318926,0.8956818303811145,0.7221177998295524,0.8678295995112923,0.7254114717798464,0.8952280091832782,0.739568692249807,0.8016788362314504,0.8999999804227808,0.8694911262839592,0.8942595872704572,0.8971630655087826,0.8996708546718306,0.8942595872704573,0.899999980422781,0.7501010213376322,0.721212576276447,0.8996991674885104,0.8036782113681926,0.8910606549812486,0.8952237431439424,0.8034230951253788,0.7460216317266098,0.860111955356086,0.8936595807907889,0.8560958549924533,0.6900340499794742,0.8600532224444886,0.8999943581884382,0.86224141271134,0.7237918847747191,0.8924932401312404,0.8048481700676147,0.8957207945380044,0.7460216317266101,0.7558391883778218,0.8729874697843647,0.8112254816574394,0.8999943581884384,0.891350034293784,0.7498594888152168,0.8556206741284638,0.8622414127113395,0.8160544565811092,0.8642688043790361,0.8912190063342064,0.8957207945380044,0.731277254865507,0.899671159027555,0.796617782747992,0.8467556688803414,0.8996975873349597,0.8937827518666506,0.8682847216992837,0.8922377611715038,0.8016788362314509,0.87301417236405,0.808494470630702,0.8642688043790362,0.8622414127113396,0.8996975873349599,0.8742903343729485,0.7463622881315772,0.7882652731544961,0.7463622881315777,0.7501010213376322,0.8936812339727829,0.8942680779687788,0.8037503592708846,0.8939102776101848,0.7990382972436255,0.8646745695280034,0.8942680779687787,0.7211688161828377,0.8996711590275552,0.8925858600852761,0.87444259304115,0.7230788076746282,0.8033684732706635,0.8149470019143652,0.8621287311565995,0.7241933557674287,0.7957758106013143,0.8934692535097251,0.8928290568588033,0.9000000000000002,0.8537089351649444,0.7362202202603607,0.7423186526100953,0.8645724558742331,0.8618903871367682,0.8929057301967256,0.8936812339727828,0.7375830068890937,0.8936628445363648,0.8996708546718313,0.8936595807907888,0.8040859096324061,0.8911452560169966,0.8932091731591216,0.7897389989297539,0.8640216213392952,0.8695423485312785,0.7460216317266096,0.8999944002781035,0.899670854671831,0.7856684183379751,0.7498594888152167,0.7463622881315775,0.8616868896551844,0.8935487521165901,0.86124414276294,0.8996975873349595,0.8744425930411501,0.8643214730821104,0.7584119492318788,0.8037503592708846,0.7994173762076137,0.8216495750853268,0.899671159027555,0.8671681925125827,0.8952280091832784,0.893659580790789,0.7114952033729176,0.8033684732706633,0.7723560539173724,0.8942680779687786,0.8621287311565995,0.8914420136540768,0.7501010213376321,0.8630783037954268,0.7929476066007781,0.8116607533635176,0.8933695711675447,0.8742903343729482,0.8621287311565995,0.8684038336691657,0.8971630655087826,0.8928100201175193,0.8926802937784997,0.8999944002781033,0.8935841757946269,0.7518994547213431,0.8729874697843645,0.8952237431439423,0.8033684732706631,0.8147414618734923,0.8897521536774552,1.0,0.8952280091832779,0.8742903343729477,0.8581949488512022
fd495d561bdcf024,0.8377382230461845,0.731506861866164,0.8362360383775074,0.8999776405355577,0.7285754078846647,0.8557384298205659,0.7384979534550138,0.8952280091832774,0.722003082790837,0.881349562421769,0.7322783293001851,0.8999804657535795,0.8885506567065413,0.8813421148980385,0.8954195972924957,0.8952202571148357,0.8951233977350737,0.8911941722232303,0.8951233977350732,0.7450250917984655,0.8267773498816325,0.8362904081083509,0.8954262514008087,0.8679383493212143,0.8999997964825335,0.8862738401799365,0.83629040810835,0.8144062534070939,0.8623077489658,0.8904471679099242,0.836290408108351,0.8876212209827774,0.8981067751488143,0.8573625281191357,0.8904320161791572,0.7491981336991042,0.8873514031248932,0.7874352217644536,0.8904471679099226,0.8813495624217701,0.8862738401799362,0.8982754423994048,0.8138150011466019,0.8999804657535794,0.8013939385424331,0.8999804657535788,0.736503899825075,0.8673410567002702,0.7394455268365511,0.8999999999999999,0.750589258328602,0.8362360383775088,0.8952202571148364,0.8689593579429988,0.8982754423994044,0.8862738401799366,0.8953501802032944,0.8982754423994042,0.8952202571148365,0.7875736356598535,0.7346820310038186,0.8951233977350732,0.8107162604537476,0.8852260084935006,0.8999997964825337,0.8089134951125574,0.7840265562295008,0.8630807781061329,0.8981046051926418,0.855895970526811,0.7051957223908866,0.8617130054498829,0.8954262514008096,0.8798662930153434,0.7356211024118399,0.8883085143067099,0.8109665269523452,0.8999776405355576,0.7840265562295002,0.7656122058239714,0.8904320161791573,0.8169940536962088,0.8954262514008097,0.8883235789181206,0.7874352217644537,0.8567022047143745,0.8798662930153434,0.8201750486909491,0.8813421148980383,0.8869023325690311,0.8999776405355575,0.7436220937726185,0.8953512149969166,0.8070365142535134,0.8491162402415677,0.8951391856894167,0.8877652538736307,0.8670482445637308,0.8873482401406918,0.8362360383775088,0.8904471679099224,0.8179398319605704,0.8813421148980382,0.8798662930153431,0.8951391856894164,0.8911146984353278,0.7842852828977265,0.8011947459419029,0.7842852828977269,0.7875736356598535,0.8981067751488135,0.8982630767957887,0.837738223046161,0.8879874811678434,0.8074329329204009,0.8652393991138977,0.8982630767957884,0.7333543815724619,0.8953512149969169,0.8863565889224072,0.8911941722232296,0.7378865565984313,0.8374623363181815,0.823374683871206,0.8797958134264925,0.7370906237275139,0.8053802730102304,0.8869162504770021,0.8877687066544042,0.8952280091832777,0.8589063480618473,0.7528229972841364,0.7514699166585375,0.8670958401661988,0.8647179005158585,0.8871112582008239,0.8981067751488135,0.7527631979173544,0.8872340665460892,0.8953501802032948,0.8981046051926416,0.815221162015268,0.8860387493121868,0.8896014929391749,0.7987651378926367,0.8639826189856412,0.8679062447265804,0.7840265562295002,0.8954195972924955,0.8953501802032952,0.7946652242647536,0.7874352217644536,0.7842852828977263,0.8656931955873484,0.888801360654765,0.8626075636893545,0.8951391856894162,0.8911941722232299,0.8813495624217701,0.7689748202997488,0.837738223046161,0.8073151405901675,0.8255688578471072,0.8953512149969163,0.866708587943025,0.9000000000000001,0.8981046051926413,0.72731742119754,0.8374623363181815,0.781554887205074,0.8982630767957889,0.8797958134264922,0.8865082298837814,0.7875736356598537,0.863293542341623,0.7988022321976354,0.8175433285970735,0.8873322160304737,0.8911146984353281,0.8797958134264925,0.8671329464442527,0.8862738401799365,0.88702055828835,0.8884001665942092,0.8954195972924957,0.8891308401248985,0.766274134999971,0.8904320161791575,0.8999997964825338,0.8374623363181812,0.8194692213339061,0.8852280521206233,0.8952280091832779,1.0,0.8911146984353266,0.8610945992930299
fd5a7c14498381c3,0.8735293351446801,0.7461832911096774,0.8725322358558206,0.8905483202542542,0.7378450425683317,0.8469258944168256,0.747284241776146,0.8742903343729491,0.7333164338879672,0.8949304625426633,0.7494669746894664,0.8905976360740886,0.8675518635201086,0.894959323119383,0.8747878995511523,0.8742765138080598,0.8733618317131223,0.8999991584257923,0.8733618317131208,0.752125871628275,0.8216902222291547,0.8725684069066733,0.8748047635547835,0.8567823485325051,0.8911203468244818,0.8559518354277657,0.8725684069066735,0.811274910427153,0.8487333343309011,0.899962212755251,0.8725684069066733,0.8648464078963369,0.8915324775523015,0.8473207848442096,0.8999610259844637,0.7598347945858823,0.8638221070206824,0.8351068398007184,0.8999622127552499,0.8949304625426642,0.8559518354277659,0.8910489427731693,0.8145998370747087,0.8905976360740888,0.8010117365441534,0.8905976360740884,0.7454184635512049,0.8539638584423304,0.7501107640719269,0.8911146984353271,0.754698473381578,0.8725322358558193,0.8742765138080603,0.8546191728067456,0.8910489427731692,0.8559518354277661,0.8738564688154077,0.8910489427731692,0.8742765138080602,0.8351640876004198,0.7432468227978892,0.8733618317131217,0.8094645609082355,0.8631698764981244,0.8911203468244816,0.806510733734122,0.8324681936705398,0.8544482667052813,0.891558855818305,0.8437294763036178,0.7181765267051632,0.8502264733340836,0.8748047635547833,0.8943991565466491,0.7396695532289594,0.8683349003662783,0.8060828809861821,0.8905483202542537,0.83246819367054,0.7664116263488332,0.8999610259844635,0.8146228506328335,0.8748047635547835,0.8698047465064839,0.8351068398007183,0.845725298021476,0.8943991565466488,0.8135552936681407,0.8949593231193821,0.8667358332926312,0.8905483202542535,0.7491117026553256,0.8738590923365279,0.8108196645382636,0.8401165246623111,0.8733968467365195,0.865053675499853,0.8513076226745836,0.8657111240868303,0.8725322358558194,0.8999622127552502,0.8194675967795606,0.8949593231193825,0.8943991565466489,0.8733968467365196,0.8999999999999999,0.8326319331296692,0.8084674297781995,0.8326319331296694,0.8351640876004203,0.8915324775523014,0.8910199542123316,0.8735293351446547,0.8650963092057176,0.806750336890677,0.8516653065808552,0.8910199542123318,0.7428351817880497,0.8738590923365277,0.8634693899990392,0.8999991584257923,0.7498192864046437,0.8733626345418087,0.8226683446657834,0.8943867059440863,0.7460689921275176,0.8084513599275523,0.8626766009147591,0.8661355557769339,0.8742903343729473,0.8535070050252719,0.7657544172180893,0.7531854637679252,0.8573637268768755,0.8544077837564669,0.8639796109627229,0.8915324775523011,0.7636289739665449,0.8634230610593292,0.873856468815408,0.8915588558183054,0.8193340982302828,0.8647602440957425,0.8701507868874152,0.80084800966434,0.8494985078284717,0.851005367636133,0.8324681936705396,0.8747878995511522,0.8738564688154079,0.7970376028250532,0.8351068398007188,0.8326319331296694,0.8582476479629751,0.8675074529849209,0.8511929677348892,0.8733968467365198,0.8999991584257919,0.8949304625426642,0.7727192923242356,0.8735293351446547,0.8066749708087717,0.8172597012583734,0.873859092336528,0.8517507798336129,0.8911146984353275,0.8915588558183052,0.7407925054973563,0.8733626345418086,0.7843241825104579,0.8910199542123319,0.8943867059440866,0.8653709887434169,0.8351640876004202,0.8504975991278744,0.7975490937173092,0.81266527980001,0.8638786518620548,0.8999999999999992,0.8943867059440864,0.8516184578750958,0.8559518354277653,0.8644480845083738,0.8680676481975202,0.8747878995511521,0.8683977725290413,0.7749051396565023,0.8999610259844635,0.8911203468244819,0.8733626345418088,0.8133526283051467,0.8647710194046776,0.8742903343729477,0.8911146984353266,1.0,0.8527668466177464
ffe1148db8c2d857,0.8089933901452708,0.8227912366513145,0.8076971463240241,0.8611392806027396,0.8244705174642115,0.8940255283898525,0.8214460493709129,0.8581949488512013,0.8266787066171971,0.8491749399240822,0.826722226127152,0.8611032638946388,0.880455783112995,0.8491247539236878,0.8583835697646982,0.8581985333728114,0.8564277823062667,0.8529026083748735,0.856427782306267,0.8435380411950721,0.8841610530776018,0.8078051516776552,0.8583706744503516,0.8941606360543828,0.8610740010669412,0.8477544499833906,0.8078051516776537,0.8815772926783012,0.8840951507409847,0.8521343206772415,0.8078051516776541,0.8788964352203715,0.8628826973563752,0.890211585096234,0.8520891042174776,0.8448273013564414,0.8772641421627227,0.772515102829598,0.8521343206772425,0.8491749399240831,0.8477544499833904,0.8630935734322929,0.8804746139594666,0.8611032638946381,0.8703871955435648,0.861103263894638,0.8311166149613226,0.8883542324710266,0.8305242480855246,0.8610945992930306,0.8453724629110757,0.8076971463240232,0.8581985333728123,0.8920574922765124,0.8630935734322929,0.8477544499833904,0.8566130705396399,0.8630935734322928,0.8581985333728123,0.7727219322625943,0.8410998754987538,0.8564277823062665,0.8726924276092554,0.877721083535445,0.8610740010669391,0.8654534466481705,0.7688107338634659,0.8917608334710057,0.8628369082209881,0.885895639248549,0.8129607318068792,0.8928001193561615,0.8583706744503523,0.8475264753877572,0.8309508522524105,0.8845082376148057,0.8767742638004195,0.8611392806027403,0.7688107338634663,0.8512396066950522,0.8520891042174771,0.8726079345285105,0.8583706744503526,0.882654525001155,0.7725151028295982,0.8889104971408506,0.8475264753877565,0.8809901468351173,0.8491247539236884,0.8832101594342251,0.8611392806027405,0.8267234701172185,0.856604741463975,0.8718077819932795,0.8882723936110054,0.8564252426391399,0.8755021411947084,0.8921164343173544,0.8803318524846637,0.8076971463240241,0.8521343206772425,0.8839931070157885,0.8491247539236885,0.8475264753877576,0.8564252426391399,0.8527668466177469,0.769207988434975,0.8705628032510382,0.7692079884349754,0.7727219322625944,0.8628826973563753,0.8631067169836961,0.8089933901452478,0.8770955829532165,0.8751313559207334,0.8940202789784197,0.8631067169836963,0.8188811123531392,0.8566047414639754,0.874691104844169,0.8529026083748728,0.8461391263926135,0.8086516066827779,0.8850434311598323,0.8473813783810668,0.8345907599158915,0.8845837196240379,0.8755687886259809,0.8819037311966933,0.8581949488512017,0.8924624944245622,0.8464402582423194,0.8395795596039558,0.8970690222478858,0.894401266332314,0.8780163186145598,0.8628826973563752,0.8448957705188738,0.8768599724421484,0.8566130705396412,0.8628369082209888,0.8828623431992411,0.8796118800673229,0.8825553721764463,0.868911460096731,0.8918984527399041,0.8899178094862699,0.7688107338634654,0.8583835697646971,0.8566130705396411,0.8718285182529288,0.7725151028295981,0.7692079884349747,0.8971380557794117,0.8792315635015987,0.8977535856228188,0.8564252426391394,0.8529026083748732,0.8491749399240831,0.8544675349788732,0.808993390145248,0.8831153322096098,0.8820849260430168,0.8566047414639752,0.8884984881504743,0.8610945992930302,0.8628369082209886,0.8259393474998251,0.8086516066827776,0.8602015643590442,0.8631067169836961,0.8473813783810669,0.8804398815837804,0.7727219322625944,0.8892963289789034,0.8655116194825724,0.8737220743785251,0.8756308208897735,0.8527668466177468,0.8473813783810672,0.8923118358506659,0.8477544499833907,0.877523520783482,0.8799187483377491,0.8583835697646971,0.8814536504487698,0.8565989828243095,0.8520891042174773,0.8610740010669382,0.8086516066827776,0.8821221081889579,0.8819639176911012,0.8581949488512022,0.8610945992930299,0.8527668466177464,1.0
