,AAXJ,ACWI,ACWX,AGG,AGZ,AMLP,AMZA,ANGL,ARKF,ARKK,ARKW,ASHR,AVDV,AVUS,AVUV,BBH,BIL,BITB,BITO,BIV,BKLN,BLV,BND,BOND,BWX,CGDV,CGGR,CIBR,COPX,CORP,CQQQ,CWB,DBC,DBEF,DBEU,DBJP,DGRO,DGRW,DIA,DVY,DXJ,DYNF,EDV,EEM,EFA,EFG,EFV,EIDO,EMB,EMLC,EMXC,EPI,EPP,ESGD,ESGE,ESGU,ETHA,EUFN,EWA,EWC,EWG,EWH,EWI,EWJ,EWL,EWM,EWP,EWQ,EWT,EWU,EWW,EWY,EWZ,EZA,FBND,FBT,FCPI,FDN,FEZ,FIXD,FLDR,FLRN,FTCS,FTEC,FVD,FXB,FXE,FXG,FXH,FXI,FXL,FXY,GBIL,GBTC,GDX,GLD,GSLC,GUNR,GXC,HDV,HEDJ,HEWJ,HYG,HYLB,HYS,IAI,IAU,IBB,IBIT,IBUY,ICLN,IDEV,IDU,IEF,IEI,IEMG,IEUR,IEV,IGIB,IGLB,IGM,IGSB,IGV,IHI,IJH,IJJ,IJK,IJR,IJS,IJT,ILF,IQLT,ISTB,ITB,ITOT,IUSB,IUSG,IUSV,IVE,IVV,IVW,IWB,IWD,IWF,IWM,IWN,IWO,IWP,IWR,IWS,IWV,IWY,IXG,IXN,IXUS,IYE,IYF,IYG,IYH,IYM,IYR,IYW,JAAA,JEPI,JEPQ,JETS,JNK,KBE,KBWB,KIE,KRE,KWEB,LIT,LMBS,LQD,MBB,MCHI,MDY,MDYV,MGC,MGK,MGV,MJ,MSTY,MUB,NLR,OEF,OIH,PALL,PBW,PFF,PKW,PPA,PPLT,PRFZ,PSCH,QCLN,QQQ,QQQM,QTEC,RDVY,REMX,RPG,RPV,RSP,RWO,RWR,RWX,SCHA,SCHD,SCHE,SCHF,SCHH,SCHP,SCHR,SCHZ,SCZ,SDY,SGOL,SGOV,SHY,SHYG,SIZE,SKYY,SLV,SLYG,SLYV,SMH,SOXX,SPAB,SPDW,SPEM,SPGP,SPHB,SPHD,SPHQ,SPIB,SPMD,SPMO,SPSM,SPTI,SPTL,SPTM,SPY,SPYD,SPYG,SPYM,SPYV,SRLN,STIP,SUSA,TAN,TBIL,TFI,TFLO,THD,TIP,TLH,TLT,TOTL,TUR,URA,URTH,USFR,USIG,USMV,UUP,VAW,VB,VBK,VBR,VCIT,VCLT,VCR,VDC,VDE,VEA,VEU,VFH,VFMO,VGIT,VGK,VGLT,VGT,VHT,VIG,VIGI,VIOO,VIS,VMBS,VNQ,VNQI,VO,VOE,VONE,VONG,VONV,VOO,VOOG,VOOV,VOT,VOX,VPL,VPU,VSS,VT,VTEB,VTI,VTV,VTWO,VUG,VV,VWO,VWOB,VXF,VXUS,VYM,VYMI,XAR,XBI,XES,XHB,XLB,XLC,XLE,XLF,XLG,XLI,XLK,XLP,XLRE,XLU,XLV,XLY,XME,XMHQ,XMLV,XMMO,XOP,XRT,XSD,ZROZ
2019-01-02,,,,,,,,,,,,,,,,,,,,,,,,,,,,,,,,,,,,,,,,,,,,,,,,,,,,,,,,,,,,,,,,,,,,,,,,,,,,,,,,,,,,,,,,,,,,,,,,,,,,,,,,,,,,,,,,,,,,,,,,,,,,,,,,,,,,,,,,,,,,,,,,,,,,,,,,,,,,,,,,,,,,,,,,,,,,,,,,,,,,,,,,,,,,,,,,,,,,,,,,,,,,,,,,,,,,,,,,,,,,,,,,,,,,,,,,,,,,,,,,,,,,,,,,,,,,,,,,,,,,,,,,,,,,,,,,,,,,,,,,,,,,,,,,,,,,,,,,,,,,,,,,,,,,,,,,,,,,,,,,,,,,,,,,,,,,,,,,,,,,,,
2019-02-01,0.0823043722302521,0.0773535012891462,0.07260882366170611,0.009067601273383,,0.1196903412126508,0.15782477036856826,,,,,0.1005610549536952,,,,0.1432272807338718,0.0017478702286872001,,,0.015986672768450602,,0.0184550949706701,,0.012474174225175813,0.0140264842331412,,,,,0.0259107669297949,,0.07689771442569189,,0.060498111600565806,0.059759539521219804,0.06247026807351199,0.06051824449597879,,0.07074780444310759,,0.07493908666449331,,0.0017611839705536994,0.0984240716611684,0.0642407564970483,,,0.10906035097300759,,0.0522473845532892,,-0.031124543503930506,0.07568622763257579,,,,,0.061214418353732,0.06729446030590441,0.12130123204524128,0.055249953519325594,0.09139549070388049,0.07784794559208741,0.0684271824824099,0.055535552308964,0.0327139696097583,0.0663545445464933,0.0596481892680377,0.0514672198056065,0.0703774888388278,0.08870978817067618,0.0949085299449087,0.1720155780633431,0.1325398209022268,,0.14632163093512282,,0.1259595099498901,0.057809439227892195,,,0.008198111171879999,,0.07829150327328148,,0.028620072913518008,-0.001554001866734284,0.064464466262875,0.0815271243639801,0.0988398137864278,,0.006179923536443103,0.00209675080561433,,0.0731253043010672,0.028457204814035797,0.0776383633833447,,0.12049130931646691,0.0471070139096016,0.0659881255167011,0.0627792315257044,0.0482615763675018,,0.0375534120944519,,0.028080465140767397,,,,,,0.0351375629422464,,,0.0917368503948794,0.0641906503302543,0.061946975798870804,0.028584119816323902,,,0.012508582221597501,,0.0751798985078357,0.09801654140206771,0.1099617397082311,0.0878476722505808,0.10103785692936221,0.11547152007896201,,0.1385479902477583,,,,0.08101800033862011,,0.07245303885505289,0.08452985961185311,0.08197266746990561,0.07626601481642448,0.0714498100356495,0.0789272585896707,0.07358683554945249,0.084902108493113,0.10725565675642038,0.1035269592090452,0.10949481479628152,0.10746910895358491,0.10081059352375682,0.09727288897217327,0.08146580817949421,,,,0.0749778447178828,0.10875653981041068,0.0884673573327873,0.0969608258728645,0.05488198008855409,0.05795873930424309,0.10863776570348771,0.08484127347543309,,,,,0.05106998871837951,0.132225319198292,0.12226994797596817,,0.12386740675062731,0.1550645478369423,,,0.03312715748217931,,,0.09786894963186674,,,0.0847114410756507,,0.34343613256508615,,0.003753036580595399,,0.06852054022448927,0.184339002443507,,,0.0548510829818813,,,0.0334584267515165,,,,0.08627641662278719,,0.10968555996902202,,,0.0873876233099894,0.1066611116546478,0.0936178793656049,0.09887773120669041,0.1080197674092732,0.09288918292295491,0.1133051423233994,,0.0909348219250016,0.06946290674824941,0.1070210422186128,,,0.011006400417221798,,0.060782313214695294,,,,0.0398248645547327,,,0.03585098179823522,0.08796877294595662,0.11501277897993178,0.10135387466638848,0.09583151094828922,,,,,,0.0833239229288991,,0.020372184480876503,,,,,,,0.0770217994743028,,0.07181964163571039,,,0.0245289062791277,0.0079260652724207,,,,0.0066280275784133,,0.09321117413782382,0.014144763891361285,0.004409408885629221,,0.010499886468757099,0.1623154085852983,,,,0.0235173212248315,,-0.0023603472799445763,0.07213389258819142,0.11076297312042241,0.1182920147217766,0.10580754881146369,0.0273794033760233,0.0394780535641438,0.09608295870728048,0.0529310468436584,0.1107409057810948,0.07200719177987341,0.0729633318456029,0.08999714425748352,,0.004401830720156901,0.0647056194753313,0.0048070595972016005,0.07687001508374211,0.05764604918138439,0.06127900334420391,,,0.10745946570934159,0.0083164583377845,0.1120299246978173,0.0904241057997045,0.09959053612023704,0.093820322020241,,,,0.0762161873638785,0.0717347880081651,,0.10491760699422818,0.10036629125689889,0.0711347291308837,0.0364979687246591,0.07211431494602791,0.07686485110982762,0.0046902567905019,0.0819514556751873,0.0672148752489615,,0.0880220574247492,0.0775348441440287,0.0922034739957641,0.0354520885300592,0.10932020405686663,,0.059243400914765494,,0.1259156697284319,0.1528556654509252,0.19591720989962272,0.12037636270865437,0.054692104125077697,0.11108537639642158,0.10609246529054651,0.08526061496114361,,0.10819766088318018,0.06707644019875961,0.050120886235561796,0.10203240298445361,0.034178661173493705,0.0469665274656815,0.0942076438602244,0.15921067593310997,,,,0.1407611316408372,0.07449126745259299,,
2019-03-01,0.0039065375587528095,0.0243688581623137,0.015613291331229502,-0.0011336170122392048,,-0.011413711838360895,-0.006837633477604211,,,,,0.12431378295633289,,,,0.018148473912153004,0.001848547300479,,,-0.0008662615474180999,,-0.0079530938776163,,0.002027590353075374,-0.010884825669562698,,,,,-0.00137822427801574,,0.034690402696014394,,0.0344861760711686,0.03638101020644221,0.024288551773722106,0.0370361137044412,,0.0386626717492223,,0.017839918128331095,,-0.0178425575828077,-0.0154316833639196,0.025050541895374197,,,-0.07305250445581629,,-0.0162083082889205,,-0.0037507858100834027,0.0331571592705692,,,,,0.041842561245181306,0.032962143433746094,0.029145961080802297,0.018858018634396602,0.044680291810386505,0.03676332983788891,0.0014727543162743034,0.0368284366348905,-0.0065231803391229,0.014548230265292806,0.0417451916884064,-0.002707175664489603,0.0337215841752084,-0.0325231917055599,-0.027411850249584792,-0.053650977982309604,-0.07029580326736791,,0.043886085823364195,,0.034757694552744106,0.0329270817621949,,,0.0035301063212999995,,0.07085654847213071,0.0322812840307594,0.011020471846810004,-0.006884866779129702,,0.018563248507362202,0.011294346174507999,,-0.0242506110290408,0.0018844968482981614,,-0.020031829409368207,-0.006110817439877499,0.031512929953026694,0.014224111186719901,0.01843465626349381,0.04228164098467029,0.0390356927845625,0.025743995989788205,0.012070080352288499,,0.014132481323574399,,-0.0047581374464170005,,,,,,0.03810791335069551,,,-0.010895049405067301,0.032152803174654895,0.030990061270980803,0.0034705607455295003,,,0.0041004313219596775,,0.0489227989597316,0.0427529709175979,0.0384931613329558,0.04458502039159899,0.0425052816523209,0.040649006585731805,,-0.039763233172012906,,,,0.0346486324113848,,0.040129908984759106,0.022946972818106495,0.022161072672461465,0.0317855232671723,0.039971410434236,0.033481687425618,0.031458457085476406,0.0352969708608752,0.050494639307027404,0.038246365518035216,0.0625058067648984,0.057254951219735485,0.042648763009293704,0.031466424373275695,0.0344702253016236,,,,0.015422668119551099,0.0207955079725713,0.027496640657200498,0.0383060988607396,0.011711259420901201,0.03381537659408941,0.007275361567785401,0.052808689713482085,,,,,0.011137283069767901,0.0598654094282725,0.0384852624630641,,0.06664873641981549,0.06733205791620929,,,-0.002033263290310698,,,0.04232241121818624,,,0.0333519029217406,,0.053438318684522604,,0.005426692474965094,,0.029288898023384607,0.013541566950737398,,,0.0058183103168459,,,0.0588992570187051,,,,0.029473350612311208,,0.05345028175583492,,,0.04301544920764872,,0.03600819501393421,0.0006138107609597991,0.009866622079044398,-0.0148073883556971,0.048257496191207706,,-0.007400228513576898,0.0234080908980148,0.010675432087358803,-0.0018515095087466007,,0.0015177199074704994,,0.041591171979667094,,,,0.009774269737142002,,,-0.028303776162851402,0.0436837700948576,0.040888239427702,0.0674525340350587,0.06213596740566869,,,,,,0.0177873652606212,,0.0015677631661901996,,,,,,,0.0319015040362943,,0.0398593319966239,,,0.021694373480296503,0.0012138378993930997,,,,0.0043582818298027,,-0.0142930802873054,-0.0017120977374358998,-0.008030869949432501,,0.0013875316994050994,-0.03629075362452961,,,,0.0008835739687638,,0.009798236335881299,0.034083424547046104,0.04741668185321811,0.0562632246837672,0.0391327382594388,0.0014094586139932993,-0.004789519541297701,0.014915368306823905,0.020114489398957214,0.021476564759754607,0.023057920016852196,0.016184856630171402,0.030627014805350204,,-0.0024523203563492006,0.0311279639599039,-0.012833359784643601,0.0707083914439008,0.016266209105385197,0.044785705352841536,,0.042775232344668,0.06062900933044611,-0.0007151544397051003,0.006929537884014601,-0.0075234367638888,0.04169943454721489,0.035028699823938594,,,,0.031981776669647896,0.0400715751330485,,0.04766828617874461,0.0036567568783121,0.0085653628589232,0.0380524317007788,0.0205230176479086,0.0277621233451076,0.0057880995400053,0.034969342028500494,0.028234512462597203,,0.0362166827655756,0.0322646987438636,-0.003836935162932001,0.005582447932481901,0.048388054370928295,,0.0370105104272215,,0.0666589393194728,0.06416464742775331,0.034965462407542405,0.045044256870597,0.030998792017719597,-0.004562745558419202,0.022633116170900906,0.022112986429364302,,0.06173048587510241,0.0668179068789634,0.0176371414861062,0.011008222404093299,0.0400912674143011,0.0107504326277496,0.012969402723999497,0.007784664677874101,,,,-0.02520027253462309,0.038209890292330094,,
2019-04-01,0.020580975115413194,0.0156449622101615,0.009554904397874901,0.021007907766742013,,0.0344861760711692,0.022053480714856598,,,,,0.04521147265137299,,,,-0.012529166219995596,0.0017480492746879,,,0.0217961071641192,,0.047615282232665895,,0.015180013673500073,0.00886859463863,,,,,0.0246963475402921,,0.0018829975842219,,0.0174479385882295,0.022480875387647602,0.005039063320798598,0.010594675152757499,,0.0015273177110089013,,-0.005319727293084793,,0.07231935884336599,0.011246604016715095,0.009138141495976798,,,-0.001945147471892198,,-0.020761698902731697,,0.0988769718110202,0.011393637714803301,,,,,-0.03410344025222671,0.011215070820139998,-0.0075689674738234,-0.014017197414386902,0.0134436439916036,0.023299197374467593,0.0066006840313513025,0.022877749283855706,-0.020496585306836894,-0.016294345603299596,0.004080250475497503,0.0407256043327012,0.013418926576959898,0.0006884681855417974,-0.032604566573370596,-0.04787198117731601,-0.02565694405036159,,0.00418507934720385,,0.013773323932172999,0.0065795656097379,,,0.0039972533953488,,0.039467060011797395,0.0156478992700991,-0.018435509371307383,-0.014287282643454401,,0.0038025352315258915,0.014562259608531195,0.0056765668227640904,0.0065245483698714996,0.0019874503248836256,,0.008060948261631989,-0.016097908604507303,0.017120485344263206,0.014348104725745398,0.0288262690143196,0.019824841854736798,0.019273898376313898,0.003253093304763399,0.0128108607685272,,0.0085229015309295,,-0.016025984015844198,,,,,,0.03468499827222089,,,0.011475376338850709,0.007879226580529794,0.010658117573788602,0.0249819874756481,,,0.0112109800004942,,0.023333081095561703,0.009279544661141899,-0.014050719732453506,0.014660877117727398,-0.033161502690798206,-0.0361497602783989,,-0.023495504601213302,,,,0.0143321330398542,,0.0257609513063821,0.008784636248328495,0.010121924912870901,0.018991828938568798,0.0366179873057115,0.017563027214077896,0.0065291168576054,0.027798782907195008,-0.021132929674234108,-0.02867404437933118,-0.01291177574791431,0.015316884481279401,0.0090359483655796,0.0047759553072604,0.0140548471347007,,,,0.009864231580654106,0.023052841175393197,-0.0016345316272952026,-0.016081673924610098,0.016210819151647807,-0.002329877633354205,0.04083925169030099,0.04631689601407699,,,,,0.0094370057238629,-0.07547228421582783,-0.06421330434497681,,-0.09299486793632458,0.005535462292855904,,0.002733842749374344,0.028874365513275598,,,-0.005569245885830497,,,0.032838736642575896,,-0.019335071919305002,,0.0147403744811875,,0.0230541705319764,0.007573587031223706,,,0.0145218103212311,,,-0.029140809147488983,,-0.04865824674954537,,0.038492081086251795,,0.029090405806642496,,,0.0208937494231292,,0.008317945477226403,0.027844034999907306,0.027690445756488602,0.032090620691562904,-0.014649746012355604,,0.016670283309863004,0.006406171812411697,0.028079019335485598,0.0190901538929156,,0.02231687814532681,,0.007797157854722498,,,,0.0066924110993895995,,,-0.031241693928050995,-0.0282136784139048,-0.03874487699996871,0.0286197154367316,0.039224932556392,,,,,,0.0147580183255715,,0.0172564503755065,,,,,,,0.017917489926056497,,0.0269700546360773,,,-0.011658163127389001,0.007653612385927599,,,,0.0167042450920078,,-0.014387120139087403,0.019558560505560655,0.038136347419847796,,0.014260029714947699,-0.13830982175534673,,,,0.024909180936928208,,0.0150960869540047,0.0032794106821664986,-0.008645985760381307,0.0036386051245573077,-0.01936323440657,0.024026026435091503,0.04417153128519879,0.027262477261730096,0.0338501773625475,0.02275031159272481,0.0060015994714095015,0.009988829086627897,-0.031469156541706504,,0.017662272253121104,0.0075895952986811946,0.0526069218948828,0.039832593545083395,0.0037858935740249025,0.011349687530673728,,-0.0339015516756806,-0.013158720405721797,0.013959349722393922,0.04123167553986521,0.045154009790704296,0.013417142288401105,0.0004121974988789967,,,,0.019010101653933395,0.026873066790470402,,0.0253600231053364,0.0177648332423527,0.004967293660467801,0.027936995805817606,0.0029258956867160013,0.0105918926335299,0.014818748519100299,0.0140712358785101,0.005635429846388597,,0.0307854210633676,0.0183459771483465,0.0228660757127485,0.014806395834467403,-0.009336423028430695,,0.005234016138438402,,-0.03967552113172511,0.015583574489402298,0.017628775263931105,0.0071591590318586,0.0169179848669146,0.0201132557186499,0.0289547964670186,-0.02597525798355979,,-0.011544783109693509,0.049734379995518406,0.0374803206618082,0.048306527378814704,0.034822096765049396,0.0047893705739155985,0.0392619894062982,-0.0367854659042646,,,,0.0323404387854155,-0.016091086598839708,,
2019-05-01,0.021966605536631698,0.033661282573130696,0.027708507525281305,-0.0019944941903800436,,-0.009013581305361566,-0.030666798392972303,,,,,0.009353956995275595,,,,-0.0413928892835286,0.0019180740175278,,,0.0011441301041325992,,-0.005997455481428302,,0.0010540234956666374,-0.0054744180881011,,,,,0.0023108040323164955,,0.0260026484532981,,0.034936676650055905,0.04248609960185071,0.021137178831389297,0.03686314821062619,,0.025969830962177306,,0.026902207169637704,,-0.030415088864438097,0.023259540225190493,0.028872997914461993,,,0.016988825586468997,,-0.0023512231238628006,,-0.008390590797180497,0.017921239645835706,,,,,0.07477640823483811,0.011550139952873302,0.03239293720255,0.0675058823653729,0.010248713733492502,0.0178321415590633,0.012711266120536902,0.023195115614335494,-0.007711689516965211,0.046774185612432406,0.0470597101808864,0.035789107851585594,0.022466123862654605,0.057069194698559304,0.008658062743114602,0.009711171244393902,0.07879245929963702,,-0.08534344041806328,,0.06163203357321839,0.0524544570466189,,,0.0032493439143541003,,0.06244878855933551,0.030034109443923,0.0015032243030052017,-0.0012154645973039046,,-0.03421298746487861,0.004957198073900404,0.0674480827531355,-0.006875281991283601,0.002125044434071751,,-0.0706828420755394,-0.0066609349520290045,0.0378120142057627,0.0036574255948675014,0.016218709944005507,0.0223656574813711,0.056575827924657714,0.020572888873067394,0.0098110293220474,,0.0051767163888817,,-0.007296343678506903,,,,,,0.009055951596944,,,0.021617293245994096,0.0391200892852145,0.036433489960060406,0.0046177792061279175,,,0.002675516129067722,,-0.029452562743931404,0.038834804893101406,0.045575616344554294,0.0319768577533852,0.037898736980808805,0.042333661461239895,,0.009285674028559303,,,,0.038085334023875005,,0.0377403279828466,0.0407417432608135,0.040161851181296095,0.03921260343418829,0.0386939485914618,0.03859460950289387,0.0339150479540828,0.04344012869598889,0.0334028099536566,0.0362812589313765,0.029115378071415565,0.0428544257416856,0.03657945809313629,0.032173141958073796,0.0384821265896774,,,,0.026677310512579003,-0.0025010434045885897,0.06346912122306489,0.08586889768554028,-0.02932147230538601,0.027936886686861995,-0.00045966445304880185,0.0646041013585997,,,,,0.009873774281921701,0.08531414307282899,0.0886870124387433,,0.08330369394426958,0.034432196421484,,0.0005848523414579001,0.0013429580665359005,,,0.038897735519459214,,,0.0460483614912234,,-0.0197146465639031,,0.005262469366628238,,0.0428123496135158,-0.033041353777134706,,,0.006832227601444598,,,0.0462023788498829,,-0.009218258163560492,,0.053533908240987894,,0.08111608476059,,,0.0293775649947811,,0.035276196868553975,-0.007825865163707197,-0.002429150992059601,-0.0179814760086823,0.035672930099494106,,0.025807883955873,0.0277095814277599,-0.002027712759652094,0.0029048676926294818,,0.001827301671976001,,0.02100311118207735,,,,0.0076673876531772,,,-0.011347639497537202,0.033438016007248696,0.04110056268171599,0.0891955788044706,0.10990856215572971,,,,,,0.0079558812638607,,0.0039241952205864,,,,,,,0.0400400406156884,,0.038745128226561995,,,0.0172232459831156,0.0046041518626552995,,,,0.0056333980129460995,,0.025264030924155592,0.002208579015161501,-0.011894478581238103,,0.0008014681346396983,-0.03992965825621829,,,,0.003636841687189601,,0.0053639975355809,0.030956281095949202,0.035235739784803405,0.032193736150140595,0.0383299616648479,0.004668540637931798,0.0018075723015974969,0.049781218536305905,0.025026807724812,-0.0019038025796137012,0.027987351440839203,0.028115486045254625,0.08206683114552499,,-0.0012737953074129,0.03842404619327729,-0.019395534960464398,0.0617527824337686,-0.0273297254005452,0.036537015348214005,,0.037476421425348495,0.04459471160974429,-0.0009588819153278998,-0.0016121606439701026,-0.0181253374027846,0.036465395447273494,0.03569206244946912,,,,0.03954816204047221,0.0389371359997389,,0.03719280718738151,0.0588199743607227,0.012223799681750799,0.008604847193518634,0.024474756086668676,0.034124751219275794,0.0047169623089621995,0.038500180193619664,0.0330805017701429,,0.045979366668576306,0.0395021717029609,0.0211857533811311,0.0025783066002531005,0.03522869188374373,,0.0279730469344796,,0.054479932790784495,-0.06079030817254269,-0.03524593906167451,0.053288708190860214,0.0343579039875796,0.06818005460405721,3.9193908535350985e-16,0.08603851963106181,,0.0389489900425837,0.061578062219187484,0.0281164189599942,-0.005259527695265701,0.0095825510809969,-0.02751402773355499,0.0533642335436091,-0.029056906648868702,,,,0.006808261020156189,0.014775878042913101,0.09830473057631639,
2019-06-03,-0.09319506423970919,-0.0626284372807787,-0.05776451569598169,0.01892646373201582,,-0.030645912046028102,-0.07730712177637021,,,,,-0.104594525578243,,,,-0.05665275860017499,0.0021176275529045455,,,0.0210289894653742,,0.0407346913236057,,0.013896021624187465,0.011386399466500798,,,,,0.0128414213776213,,-0.0556348099104835,,-0.0491304633266088,-0.0431920650388673,-0.0769511986648814,-0.0594287727440453,,-0.06589388342203341,,-0.10303371694339132,,0.09294815996747381,-0.07612369547280048,-0.05164023735045451,,,-0.0315017298511978,,-0.0036297680505785997,,0.0121813459051602,-0.034174617430873,,,,,-0.08473775236451059,0.0013770945485870986,-0.04367193616204229,-0.067505882365373,-0.0712072333326101,-0.08672220642517761,-0.0499456492405809,-0.0066519092283060036,-0.003033880634863208,-0.0633384409882083,-0.06313667694401559,-0.08013571795123939,-0.06327549602492641,-0.072559043186363,-0.10106843137856499,0.00626206285221039,-0.06871537050761009,,-0.07657125356541658,,-0.06849498267022121,-0.06041387878435909,,,0.0021357455858122,,-0.09276192382150428,-0.0380737322155704,-0.031236230157339496,-0.004218822176365473,,-0.035004262774346796,-0.09717750995310118,-0.1036071546008012,0.028018204466777597,0.002240259434168202,,0.03295966895824261,0.01742161594268256,-0.06510346098650399,,-0.12936396242479173,-0.0637282275713933,-0.0652189240806777,-0.07805613623869201,-0.019507171148831,,-0.014649762903311901,,0.01774240090087582,,,,,,-0.010006844828954498,,,-0.07300219581523762,-0.058935797111679206,-0.056452780504777096,0.0131784734603947,,,0.007152884788722399,,-0.018858317492414706,-0.08337056830399363,-0.10137846335382149,-0.0657651099595643,-0.0908648148940405,-0.1051295421032705,,-0.03519780814557319,,,,-0.0656352857921053,,-0.05496339396327161,-0.08074335580169038,-0.0784959608542116,-0.0650567784526557,-0.05412924100497499,-0.0653951570585241,-0.06617325515232467,-0.0645385211375713,-0.08178153614155961,-0.08551355585628449,-0.0764396183511746,-0.0590545273764463,-0.0632527148314095,-0.0664876509700141,-0.0662177567868646,,,,-0.055857331392523905,-0.121127520379231,-0.05085012648237609,-0.07558541593573301,-0.026381072305619993,-0.10310561679260159,-0.0014953703827552912,-0.1007152784782558,,,,,-0.023169082602903398,-0.1053849413487691,-0.10458027880582849,,-0.1053605156578251,-0.1901056203147812,,0.0036961427158162,0.016371909462679368,,,-0.08411438495132278,,,-0.0681648821102918,,-0.1410106184498827,,0.011853443006126778,,-0.06885085473966071,-0.2425263507336493,,,0.002521530505528901,,,-0.1127474865921459,,-0.061804769253271705,,-0.0858321824440972,,-0.1375534794337395,,,-0.05857607957253892,,-0.071842450771958,-0.003228412812119098,-0.0031464121364896003,-0.004936998464876197,-0.0771266177570871,,-0.0666138591247511,-0.053584246134106,-0.004294277138196797,0.016829792944492102,,0.017876013022288098,,-0.0572627163172267,,,,-0.014216240848337376,,,-0.026745359975475204,-0.0772656396031777,-0.1044236812057176,-0.16843137678068745,-0.18107446179643233,,-0.05340077672711511,,,,-0.0632835810477157,,0.0102997957421124,,,,,,,-0.065895358055653,,-0.0541821307791637,,,-0.0148373864845866,0.0054145175668432,,,,0.0154859329642464,,-0.011211750902042504,0.0173711046382397,0.0452400105961488,,0.0118376285151035,-0.021674017048362203,,,,0.013241789583047501,,0.0057153899150614975,-0.09754961047417779,-0.0744773955657562,-0.0658036889410397,-0.08483887993702942,0.015240365063411098,0.023516840754571895,-0.08226174905627631,-0.042743601417566696,-0.12446092721045911,-0.05351221630062869,-0.057044377051557404,-0.0726597141984866,,0.0205906299889431,-0.05839456670976359,0.06501349721735171,-0.09298871174436839,-0.027117644389958902,-0.0474500495099148,,-0.09111230544454868,-0.07854556079591211,0.0110196215842031,0.0013820110457163004,-0.0179377006866663,-0.0624932692422106,-0.0739566144056361,,,,-0.06558347267205719,-0.05405339985675899,,-0.0522954231063539,-0.0582214944817073,-0.0512380355194745,-0.008759180089881006,-0.0542025921084794,-0.06155789299943329,0.015061452012783503,-0.0666730315543996,-0.06537182704201319,,-0.06547517490888613,-0.0654918500810657,-0.06593702604127548,0.0042974545130081,-0.07174390485884087,,-0.0651971555171104,,-0.004134800184883107,-0.06999941409835252,-0.2561949928107907,-0.05822955818496239,-0.0849875968908545,-0.061361362086389204,-0.11800992164714652,-0.0744374614483006,,-0.07947670115469012,-0.09064509350799901,-0.0370674275234017,0.012138080060585994,-0.0082079804178305,-0.022432117676308094,-0.0791686726981181,-0.16683337935115444,,,,-0.18939009891917155,-0.13153189183338693,-0.1624781844058549,
2019-07-01,0.0646019911438635,0.0628770581957112,0.0578049627669375,0.0085682598603823,,0.0215503465615432,0.0402984930312775,,,,,0.07520122688161049,,,,0.1017743867646138,0.0018153942649293076,,,0.015194783881372798,,0.026543694362876097,,0.009065906292216801,,,,,,0.02277959945383465,,0.0466278279457178,,0.0478453818541267,0.0482701204417477,0.0398542130569629,0.06730683066908379,,0.07099934842882531,,0.049596493937294796,,0.0074825548912657025,0.06019707008758799,0.057419770802824205,,,0.043081559254635,,0.0521640771303266,,-0.014098156919498603,0.0632962114041133,,,,,0.048739480408682694,0.0536039101474094,0.055165776856546396,0.0681574779588093,0.06638425617670811,0.0944236488554605,0.0437110662511814,0.0638739141445364,0.0215119673309551,0.040884703591405294,0.0798300973810459,0.055275680631843994,0.04502390555346721,0.030837361160909786,0.0745320576454305,0.06115839293440028,0.058594860369294004,,0.09325322266526148,,0.0416712170110518,0.07513041138657517,,,0.0031417057615639003,,0.0827816843006836,0.051253770006920205,0.0043948959809530005,0.017046661213318395,,0.0827362394426268,0.0677689026447822,0.07679722155376252,0.004424534984812999,0.002349810245722816,,0.1687983849826167,0.0769880685283918,0.06515161073197431,,0.07352448959656911,0.06225471681931289,0.059503694157276604,0.042760259349600496,0.0310495003741495,,0.020128932988350594,,0.07616136096556289,,,,,,0.03920167928949201,,,0.0560820115303466,0.0625339773226102,0.061665034875474097,0.023901026722080297,,,0.0098257905198917,,0.0936391248189,0.0926907813189532,0.0803355192064046,0.06594189772631151,0.07080947177547631,0.07735678208026818,,0.0558043566640942,,,,0.0670301397843676,,0.0598896116510047,0.07871070185275611,0.07739739653866846,0.06714537113754611,0.07137185764296758,0.0664884521750098,0.06764647077179939,0.0626523435549075,0.06749341062348521,0.059162603549373374,0.07015087298030591,0.0691336040086733,0.06515563973760109,0.06511635464773109,0.06655345366322281,,,,0.0553283892695053,0.08564630403939999,0.05756844563909032,0.073217876933887,0.0769492434636883,0.11938061057955811,0.0126286778011754,0.0829994302870404,,,,,0.030735922333735795,0.0642983042768238,0.0680540766603964,,0.06830762919520988,0.08645304700211132,,0.0034890518046560995,0.031942120013473,,,0.0752796434481645,,,0.0657708735928689,,0.023139945751018305,,0.004071706535391225,,0.06634298783398955,0.12489327383888821,,,0.013020906722498995,,,0.0503193571361833,,0.0913313385763522,,0.07315559018185464,,0.09539086082346458,,,0.06280808087426566,,0.0728010062973313,0.017717420885999105,0.012981786730166256,0.020521037548316304,0.0700745760831671,,0.055746606554837805,0.066512849808837,0.0140826759099515,0.011673454552134203,,0.0165206287899976,,0.0571198270224886,,,,0.019703184013131998,,0.027694911221981,0.04861572020911101,0.0669129082998054,0.07422367763402149,0.11480372435779151,0.12930056695781308,,0.059051485540080204,,,,0.0577914984001455,,0.015938713934198802,,,,,,,0.0672778808644776,,0.0592704520316262,,,0.0012989826463908004,0.005843516356731891,,,,0.0015634205672277,,0.0807388316041568,0.007450769270762802,0.0118392499578782,,0.010760907875598899,0.068771559824598,,,,0.024118148882678,,-0.013387080782458899,0.11282374613619532,0.0673204331899072,0.07038801094767749,0.0662036057747851,0.023086910370732197,0.04213441689768079,0.07471708945035009,0.04877109553471218,0.0844200196098553,0.056932895036711895,0.05719944426879011,0.0630527363384714,,0.0094566908638084,0.0616258222999306,0.0099535455639387,0.0841236145985396,0.0694934632107055,0.064191969787346,,0.0714304504323748,0.07874909572389638,0.0067590024453878,0.015302372712346394,0.0334303401289379,0.0685731611975124,0.07531567978662028,,,,0.0675579802026074,0.0595345004579157,,0.0617004284149619,0.038607203502102796,0.05045747109210001,0.03272687072634578,0.048865354926541135,0.0617435618633767,0.0036975778486461894,0.06838697628225461,0.0687177326678863,,0.0656246153487611,0.0675997038738157,0.0523018147491911,0.03261533170240422,0.065707978309717,,0.06434225796579539,,0.07495456771278991,0.0990338982263724,0.10784010480428662,0.0852849116039018,0.1152029223520825,0.0466150989628516,0.0990136336141995,0.0644451614079754,,0.0762527473617722,0.0893052390268416,0.0508951609663287,0.0161769287329152,0.03954552913818811,0.0638408524734595,0.07871490410988911,0.1633137200101982,,,,0.0629339040957348,0.0609037426267784,0.1381853741294878,
2019-08-01,-0.028043973672975904,0.0006781040471414996,-0.017474287802171702,0.001814894438528863,,-0.0020325210249224988,-0.032849669018286703,,,,,-0.010351689795983998,,,,-0.022108144089233298,0.0018036873381953736,,,0.0007868780873729,,0.005072752664458801,,0.0024161335050969504,,,,,,0.0019524900442917004,,0.016367845127272306,,0.0056782486951848996,0.0058249265263479,0.008109920185147505,0.014037142366320204,,0.010815881928223888,,0.003484681193519197,,0.004399410033969797,-0.026926520494348898,-0.019665712890288595,,,-0.010442949283979399,,-0.0012375521412497001,,-0.0773601998377139,-0.016868127078335,,,,,-0.0422003544903763,-0.005784220798794502,-0.008068803643424901,-0.0448407541151725,-0.0406127170900612,-0.019055175310567198,-0.004222901712974399,-0.010437670030900001,-0.028661122531862,-0.052185753170570996,-0.028459895657029603,0.008828193460626,-0.0244296521180022,-0.049862661634238005,-0.0775959511840228,0.017683525863856804,-0.056244253432561495,,-0.029031392354828885,,0.015865684252733506,-0.030486125022832197,,,0.002698823665383,,0.0354898849819505,0.008558411394991904,-0.0429763355359883,-0.028099629059572927,,0.0018059860429803024,-0.0398288007366283,0.0404973250489597,-0.009782810359813002,0.0017542939468048625,,0.036116103482843,7.507225708239945e-05,0.018209911379423502,,-0.0169862184010011,-0.002118644860284999,0.0010573220530358004,0.0060358253422939006,0.0015623810190011,0.002939846828436099,-1.270841805642818e-05,,0.0014803851704338986,,,,,,-0.002257487181420499,,,-0.0247995389910871,-0.028072782452553402,-0.0266743798504622,0.003865912780892122,,,0.0013288299440778004,,0.0229158728047016,0.010243367414760394,0.013453117697118704,0.010200580885755095,0.011810410948312998,0.012968963107746201,,-0.021267837715124097,,,,0.012676331103322598,,0.012839995694537707,0.016109611213703197,0.0173488491094433,0.015084969036084384,0.011758316281330903,0.0162080077472023,0.009543997970655894,0.0249809011040708,0.006793591468531701,0.0038101595005137004,0.012958930979641604,0.022606884680924397,0.014570264865154298,0.008268203527655402,0.015771926544168598,,,,-0.0178944898765502,-0.020849382451072596,0.02298228021355939,0.0363036236842967,-0.013405717647629,-0.013137173787124399,0.023543815277044404,0.04486475151826506,,,,,0.0013745232032428985,0.03200091512148309,0.0415351765307519,,0.03150301962597099,-0.04015858171101121,,0.0021262209614531223,0.002531396281602302,,,0.009347305288984099,,,0.023358057602036693,,-0.12062798778861429,,0.007320646396423596,,0.01637875279441161,-0.027361488011138003,,,0.0178371973402563,,,0.0334195689416264,,-0.0019528768677261965,,0.02307957619044681,,0.0322274408753492,,,0.007423196020387414,,0.008406127741012197,0.004000005333346199,0.015466814302284,-0.0158671556270821,0.013064814046267399,,-0.0169104721483168,-0.020139132505838,0.0158503150915657,0.007990839593104702,,0.004377695873427299,,0.009373064526909907,,,,0.001713525200225889,,0.015115368511215201,0.05959786443112101,0.011913645603521199,0.011795680672765306,0.060827477816062216,0.0547195318250391,,-0.02014063642564398,,,,9.362702144601748e-06,,0.001196668526160901,,,,,,,0.015006294164966402,,0.011296654151078795,,,0.0053943382506519,0.0007890223310397042,,,,0.0105562754877571,,-0.0382796350266307,0.003157215874776899,0.0030575595552185184,,-0.0017990415129384998,0.0914097504014934,,,,0.0034917467404329988,,0.028844504476171123,-0.005239913447761696,0.0119290754699169,0.017408408961879104,0.007479238100798697,0.0026852624508966003,0.008559159707018003,0.011528144075933307,0.0233209917957715,-0.0244074262544504,-0.0205893188193778,-0.0182075087252115,0.027019011905571304,,-0.0009703181481800993,-0.026392599554844097,0.0029259384077605036,0.03476260940789631,-0.0131363828787813,0.022071401346129907,,0.011343592182049896,0.007720463313297697,0.0044251080947265604,0.016904367592093704,-0.0208947488676295,0.013016141684065305,0.009920095649963202,,,,0.0144959475431125,0.011786985796888593,,0.016473305100194492,0.03368620184674391,-0.0144808566544125,-0.002108593295759697,-0.021801583787922497,-9.020562075079397e-16,0.008517119407117298,0.014026032123351897,0.0082600577379228,,0.022691803530557598,0.015029014277082899,-0.0182707656911587,0.011964213298177989,0.016642658849997598,,0.0071840208624308,,0.018212660743288804,-0.023416491823796706,-0.0403451744674401,-0.0007200288322596025,-0.0027387897982351066,0.0312025313136225,-0.016137037402973,0.0232776848693454,,0.005153322406904892,0.0342602776897265,0.02314996999461089,0.017255753046873996,-0.0013422820807293965,-0.0163242279889491,0.012671059828343706,-0.014552164518028002,,,,-0.08497841566556998,0.0051789192966547005,0.0833104910848835,
2019-09-03,-0.038761048700232295,-0.022346532732757107,-0.024230260296890307,0.027429492111205548,,-0.07409232159929958,-0.10556667997151399,,,,,-0.028755393449783798,,,,-0.024799633774722503,0.0016875455604090997,,,0.0305400337237177,,0.07929260323967159,,0.019989090474493026,,,,,,0.026037407824995307,,-0.016167061395800295,,-0.019054244302999308,-0.010647533186278597,-0.0296161254061116,-0.013775396520042093,,-0.013885664109876407,,-0.04520543676804599,,0.1438060899183857,-0.0385601700479745,-0.01942721290098911,,,-0.020821809004899796,,-0.04646889027409961,,-0.036736239825618605,-0.052154991985031283,,,,,-0.058579301118483904,-0.0331171112413901,-0.0070696653588588985,-0.0214818888159,-0.08434436775482809,-0.004449395549541896,-0.007943146963166302,0.0080386284964356,-0.0341522365839722,-0.026589454189240296,-0.010121543898005902,-0.010545915039579197,-0.038789607614506505,0.005798518300457606,-0.03939401336745211,-0.0821610546559485,-0.07637297878457351,,-0.0600993961285895,,-0.0633529845434696,-0.01327752875220951,,,0.001736279641348722,,-0.022885011272187904,-0.006781686023841807,-2.9989032090949053e-16,-0.007341406858367401,,-0.027835838369693992,-0.049374276335572696,-0.038095642717712416,0.023386932698153496,0.002325619908193785,,0.1193750591188677,0.07614884931408811,-0.013118250684838092,,-0.038174229624971995,-0.017544309650909494,-0.017052788382718516,-0.029762088480932498,0.0068773109796843,0.008699807222908189,0.0028057560573495986,,0.07410797215372131,,,,,,0.0466227393233679,,,-0.038806291265874496,-0.016242430721323597,-0.017395831244965094,0.0253134409433056,,,0.0101591482678784,,0.011865982549529105,-0.0421498396230717,-0.05480300840656639,-0.030738850805987112,-0.04691085555484539,-0.052916625931585595,,-0.07608948644537641,,0.008660870121316503,,-0.018999748741012585,,-0.009336249475963697,-0.0285431639297843,-0.027003264240680207,-0.016714795209229596,-0.007749402226302294,-0.01885294239692365,-0.0305137893953134,-0.008653750502388095,-0.05056741960939831,-0.057508615209312594,-0.04415695124794339,-0.018686958059957296,-0.0289927250618216,-0.03683344588380269,-0.021357233128126037,,,,-0.02318333545565701,-0.09095764802436569,-0.0234601013582723,-0.045080545111397294,-0.009911400907601202,-0.046159522618713394,0.03376729946031769,-0.029618718995929594,,,,,0.006624422009418282,-0.089186461953796,-0.0883949814995292,,-0.09545527556778331,0.003546522218293003,,0.005392626100292123,0.03810184667444479,,,-0.04217097058653971,,,-0.003552401604368503,,-0.1565871689244482,,0.015178795628758587,,-0.016919063872355894,-0.22888120071552287,,,0.006037920413531499,,,0.07669755926715349,,-0.0244334246968193,,-0.0191780186371275,,-0.024304761661815392,,,-0.0165057578264038,,-0.0332007863542281,0.0164311328056944,0.023442420885543692,0.0199876868241889,-0.04519266613029701,,-0.0387247121511113,-0.0186081724735569,0.022339956655903496,0.023584565038983298,,0.028567129685114302,,-0.024253251203660006,,,,0.002456247463813599,,-0.016327594826430196,0.12004506734074709,-0.0397140210523171,-0.05266574270728709,-0.023066981020250208,-0.023462336195262192,,-0.019147669414134205,,,,-0.0314285991892893,,0.017631255520519598,,,,,,,-0.016885191292998685,,-0.006916897053339304,,,-0.0108179332787504,0.005149742981352134,,,,0.015896098629510802,,-0.021978906718774897,0.023034362480540294,0.06436267366562803,,0.018309300534259998,-0.07847943469170669,,,,0.03200504913581689,,0.005223892476571901,-0.038772291792757506,-0.040483020819003304,-0.023927652977226592,-0.0558979376422204,0.0257081784318059,0.055369698826964,-0.017510661709319003,0.01583249672637951,-0.09117267420254571,-0.019024662735060906,-0.024667647853061504,-0.05300212499766708,,0.0245689465725676,-0.0165947613593869,0.10120084222516089,-0.022181456299585005,-0.011836538052598884,0.005843760013524196,,-0.04595010711778301,-0.0314567432121278,0.0092783852316061,0.0367773765249746,0.0020746895408597006,-0.02796338236207649,-0.0343769717028855,,,,-0.0165415084609422,-0.007698267425753108,,-0.021172561868289596,-0.028164503703807898,-0.025975486403261,0.04719141408712298,-0.025967820895363595,-0.021245924868636898,0.0151673472117314,-0.021046419998242704,-0.0301347906947698,,-0.005760246336454708,-0.017853664932381698,-0.0331091586072792,0.006756884739879326,-0.04356621150239828,,-0.0212444115375874,,0.015098519109348998,-0.06397845391486649,-0.2511596654546281,0.009558017806105202,-0.0288665496170962,-0.024924029676384997,-0.08692438642805039,-0.04822395281592301,,-0.0268280186785848,-0.015473231096318506,0.0214739837088053,0.0469937679441853,0.04946153042492739,-0.005942572786802602,-0.009488211006835598,-0.0940239140846076,,,,-0.14877164504261792,-0.06850662471552299,-0.04039042644505161,
2019-10-01,0.015805800171187503,0.022210948704347498,0.026404174196510803,-0.0061394411211939,,0.005485477276671193,0.016360283105206524,,,,,0.0003692080529299948,,,,-0.0421569227374151,0.0016212521070561,,,-0.007226202638044501,,-0.0196203748494224,,-0.0036676168338801696,,,,,,-0.004093774284355388,,-0.0029444563653850007,,0.036207323529249394,0.0295990310091404,0.0664489334626079,0.030455514309395998,,0.021339094469190897,,0.07852052741449457,,-0.03566673334621679,0.016778089115075903,0.031150314920903605,,,-0.028999212909938295,,0.0028654400181015,,0.030847671393701696,0.0146382526000971,,,,,0.07000799694210601,0.0259518320408034,0.024874289992364202,0.024831975701181702,-0.0061484603004517985,0.0242302602968906,0.05097796277665371,0.006119481648369699,-0.002510311520878399,0.041061486797774306,0.0218019703711644,0.040982440100896904,0.0352958768890903,0.028732832586992104,0.0562191820624397,0.02743194147468011,-0.009021355633835404,,-0.040068701251502296,,-0.018470667501061095,0.0304196388701203,,,0.003596707414460932,,0.013934490375797,0.03753605477462052,0.010876545821375282,-0.0090359165215283,,-0.019267387578154604,0.017233067123775397,-0.022575966047358106,-0.0180286573231531,0.001499253931720806,,-0.11148176498917502,-0.03453743596617059,0.017742342782395504,,-0.002213369650842196,0.025128706259563,0.034062498955369704,0.06736665003120419,0.0043924816290535,0.0038909372408696204,0.003721485815663692,,-0.0321032453844176,,,,,,0.0465386188275394,,,0.015418128427564598,0.0256878606369122,0.0257504864783239,-0.0035167063312295,,,0.00044620257219199976,,-0.003411143945125506,0.04883157878070599,0.05332579167568519,0.021333428331171002,0.0331090610397518,0.0582262033662767,,0.031197255870175508,,-0.000895994975697,,0.0177055173542139,,0.0033214037138851993,0.03872819903237029,0.0374837230084738,0.019311542898107933,0.014171298731492301,0.017727982341457803,0.03552447450278155,0.0008201200903722996,0.020219555825589198,0.0493792815448667,-0.008174015499557902,-0.009848537189424505,0.0196036707305876,0.040287251574046404,0.018146886306672796,,,,0.0259572623383827,0.0401883469936246,0.03447763943130851,0.0410104439764499,0.010649967658840201,0.0354470641084198,0.0187327910331998,0.0248519995904548,,,,,0.0038452228046352006,0.05862474748458531,0.07473164880010733,,0.05807493752930891,-0.024851936114826598,,0.0003847633752738002,-0.007585464252275701,,,0.030702051536833593,,,0.004457379041697097,,-0.1444366769710357,,-0.0076662525285991654,,0.0199000787583241,0.024118309448889104,,,0.007494949614034801,,,-0.05330397079561601,,-0.011827199936592599,,0.009136890756065098,,0.0179058463503287,,,0.003440915887702599,,0.03217075182732,0.026418586774754806,0.0262532712712551,0.0249749846729253,0.014683432193759404,,0.012412571779039799,0.0312425793253274,0.028005836208073107,-0.0095113909158338,,-0.0032856828430582992,,0.038535874003401104,,,,0.0046406255513717996,,-0.021798549414729803,-0.074421993195712,0.008652643723708102,0.054593531382896694,0.04033944497088621,0.04572857714350311,,0.031485043173973895,0.013214110936962202,,,0.0545769499887572,,-0.001205782435555901,,,,,-0.0281038757856266,,0.019291649015433003,,0.0033639269510159003,,,0.0075848234466032016,-0.0012767161729908521,,,,-0.010221143862497273,,-0.0145497810147317,-0.011124828577751303,-0.0181992737555285,,-0.004967822661097599,0.10195646903150449,,,,-0.005982851479491999,,0.0085233052582553,0.03475049738669624,0.013564338980410404,-0.015009397524438101,0.039018814348049505,-0.004261436370396799,-0.010840252352988897,0.013328355310002501,0.0189140114516254,0.03818665951410549,0.0310744581168938,0.027791292252991096,0.04675836553921851,,-0.007442187330280798,0.0252147582225898,-0.026076588086321302,0.013122353926761298,-0.007901353356946745,0.014380567130968098,,0.0328552623428749,0.030475472157432786,0.0013039166441936429,0.019105182356633603,0.0190947635973911,0.0207439765223322,0.04338604847791228,,,,0.019540134805183206,0.0030510761419212966,,-0.0013720480928625014,-0.002613692735655898,0.0439396719407602,0.04000573315073626,0.0212614817729442,0.022508324463571698,-0.0075622465470121,0.017645970570556703,0.0340087254386692,,0.0028955879046358,0.018753414897163197,0.009211829918023696,-0.004754559381082699,0.010877072439999604,,0.0382686040532597,,-0.002074048176888103,-0.052585025258438604,0.008605810270847603,0.04981924321466621,0.0365036709812957,0.002149349704300199,0.04761081384917921,0.0444597786377157,,0.0296971319475417,0.018774403867569497,0.017376309073302402,0.010015963361356798,0.049224428063090686,-0.001084624968775795,0.016017191522941794,0.0031868368308485013,,,,0.0368376131610368,0.0689812678866456,0.02100925625764509,
2019-11-01,0.043953395368817795,0.0270214407233519,0.030370169861909505,0.002074965388734291,,-0.06789937766557927,-0.10019022202262567,,,,,0.03017862179716771,,,,0.069015473932536,0.0016064255222665736,,,0.0034525889472260996,,-0.0029430358419647983,,-0.0027586224390799994,,,,,,0.0040090806896186,,0.017081838570985202,,0.0168638060520044,,0.03576654512844019,0.019481957092711596,,0.005463516694677002,,0.042865090282386095,,-0.020087168835855006,0.0409883618891469,0.0333288784008029,,,0.019826666046645906,,0.0299763090935609,,0.029334885944591303,0.025602810961985398,,,,,0.04445176257083261,0.012505745831903703,-0.0041608936591645005,0.05915897136320432,0.0464799667752787,0.046074768639138106,0.0336195238940754,0.023073913023618303,0.009648100569171099,0.026932882359587105,0.03552597809663771,0.06546630843158589,0.034399889675783286,0.036543190559458504,0.044945536401595106,0.0569737830350933,0.0443143086749449,,0.04810894557006821,,-0.006632164106434996,0.037190607737335804,,,0.0024420655893584,,0.0363396413593903,0.004863405380631007,0.051641242232421995,0.022060771471950878,,0.03439228957071999,0.03335701483268699,0.0190047529115341,0.0007955901993781985,0.0023825865813219133,,0.0525093274638293,0.025312407235205798,0.0204931977642624,,0.0383638461219923,0.0061408345435848034,0.0107901423788225,0.0356223637676358,-0.00010568684024580026,0.0027266723630692004,-0.0031176881051054005,,0.0252114193464961,,,,,,-0.0090051802031374,,,0.04292504471703391,0.037335381146831104,0.03541800393055439,0.006548452341231699,,,0.0045464466235695,,0.007494293506907298,0.010552150415102698,0.013418017192670799,0.009247798433902096,0.020094787825355412,0.019776517976456,,0.04670711310602521,,0.0030179125463435995,,0.021680666334816998,,0.0179702187589423,0.024439394610541697,0.026014224822093302,0.021376478850760102,0.016962627219579602,0.020750752081338,0.014013313354932298,0.027861084925178296,0.026795175238386593,0.024649717848953,0.029549230981117496,0.018364573029715402,0.010666767804195194,0.005558658003827898,0.0212380231813072,,,,0.031023452700563996,-0.0232531579186468,0.0178631174206308,0.03308767615370369,0.0477695051888072,-0.0004336043428362999,0.0076677691978444,0.03748636894144811,,,,,-0.0005671313486714019,0.022225682891521707,0.03771157210586291,,0.020808699079426604,0.08329450134660142,,-0.0034682115689273997,0.0044387429862607,,,0.010611077408463107,,,0.025943740124199102,,-0.068270589043127,,0.002945311496781232,,0.027528458747262206,-0.05420907530271479,,,0.004255002149300501,,,0.052053757528265306,0.0238236257512078,0.033196270856531394,,0.042868519265322196,,0.033036712293302704,,,0.006145059111678099,,0.012230599836754463,0.022498565767089,0.0110319711339379,0.03652126163657841,0.0210055977661096,,0.0519496646835084,0.030904808127218995,0.0107539254609239,0.000199806559768167,,0.004259119141777676,,0.016145756064831998,,,,1.85951866500016e-06,,0.0189612422294539,0.06092017376184009,0.020924044674648402,0.0197194041268014,0.06782259633876189,0.0593633822100359,,0.031514508769009,0.0403084437724899,,,-0.005881677936966199,,0.0050102129584783,,,,,-0.010153515828414702,,0.021863893754050397,,0.017334107229676796,,0.026552964763870597,-0.009762524655659199,0.0020968902055693225,,,,0.002399176776557,,-0.008036717658064697,-0.0002961836962943991,-0.0049093407435563,,3.132707174570036e-05,,,,,0.004249912993520899,,-0.01899852263072641,0.003948516541228596,0.016370564097918296,0.015101827149223493,0.0173114536712795,0.006629424229899799,0.0028095971561068007,0.007081242247665002,-0.0046094831935956015,-0.0266266785633804,0.031626977177554895,0.0338881915329945,0.0202227071175219,,0.0028114035309759994,0.037705784355969704,-0.011037141731233298,0.03684471496530051,0.04672059406037375,0.0002508466086145562,,0.019578520405879894,0.013666709402522704,0.0034135315942701995,0.011197131115486899,0.0386691411591533,0.011036722722334998,0.0037980878586110003,,,,0.0215920572043914,0.017354413778368,,0.0182644314512757,0.029547604095956904,0.031885895564226906,-0.008669564193961503,0.0360277840007922,0.027550678148962,0.0013067192884902996,0.020840914216191598,0.01881489651836509,,0.025589902307990697,0.021479673501901393,0.038733376723839294,0.005065018342491923,0.019494126581905503,,0.0104266878800466,,-0.011485722199413097,0.068179425975743,-0.07751368000070459,0.03236528450203129,-1.0998146837692957e-15,0.02197012674063759,-0.0211684244374783,0.024692612590371702,0.029681273641425893,0.0112720547925752,0.0384943995450221,-0.0042421339518149016,-0.0002542265171952005,-0.007753178859592703,0.049988771394217195,0.0011592284149857038,0.0332333520556688,,,,-0.0570531894488369,0.016826758315203312,0.0443162166108642,
2019-12-02,0.0050377940299568096,0.023091496299501503,0.009852296443011202,-0.00034611011548539984,,-0.08189251902891231,-0.09150576657746871,,,,,-0.012252405529016592,,,,,0.0010783335187105648,,,-0.0024130847658608997,,0.0031556020524031022,,-0.0002762812560740998,,,,,,0.0031852242008525017,,0.0284315943944239,,0.023141528561693797,,0.027248339722008408,0.033266588582462606,,0.039811735333377424,,0.029556958925270993,,-0.0007945967839611041,-0.0009398496932416945,0.011209556903842503,,,-0.037971493752848494,,-0.027806031971976796,,-0.00040724903841190055,0.005866393793102203,,,,,0.009196710749674299,0.0132277060975512,0.029106660126251693,0.013567785101318302,-0.0101437894305056,0.0006925208033000015,0.012700196103788305,0.008260243146818199,-0.020841573641954696,-0.008074469005047597,0.013674883157878698,0.016098469551018898,0.012221355903012402,-0.017989782663711196,-0.007836496662242388,-0.048935914700838204,-0.001008572954884492,,0.1230819767501812,,0.029250252694206908,0.013943691499231702,,,0.0017989846002757,,0.05530007580246651,0.015855371789793904,-0.0013547438020521394,-0.01292916574887603,,0.0804743717452091,-0.005116346889935598,0.0620410526481478,-0.0133815686958313,0.0009006488053641088,,-0.038751906541625095,-0.032611973488989004,0.03535640648770381,,0.019323762677110102,0.0141489547935712,0.024828861653869796,0.027491040961699402,0.005647921100088098,0.004981063427868399,0.0014053936751239004,,-0.0337584799249544,,,,,,-0.020405039193067704,,,-3.972516759986888e-16,0.012557720485484597,0.012414258301026902,0.0008711041594674999,,,0.0008688914844445997,,0.0422083163689018,0.029265458895972894,0.026908545052799198,0.0313669207202881,0.02964925982250129,0.0267919167743133,,-0.0486088569438424,,-0.00023775654674959551,,0.036810457448963295,,0.0334900729769187,0.037771592931402705,0.038031057352194794,0.03571865786700929,0.033719505107666,0.03738971655924529,0.030363869658123176,0.04345529781782351,0.03985143683684,0.0220606094027542,0.05612518667748039,0.0480027078441452,0.0356094940208373,0.025827655816843004,0.03721436809394687,,,,0.0116804264731584,0.014080232616025602,0.0346491354131739,0.05181432433729229,0.05470401186729271,0.034526604762314186,-0.011309199804038599,0.053630184373432796,,,,,0.005821110624848099,0.0460564016007187,0.058974002459550895,,0.04214208756343469,0.03671741126135769,,0.0019282690124407885,0.0047362326551604675,,,0.028803850544814,,,0.0409869779633621,,-0.1163657835992787,,0.0005533473457255997,,0.03753752991695489,0.04908961019652358,,,-0.0043996804346352,,,-0.038843211346569095,0.03068306302420215,0.09894612548016168,,0.0398879274025718,,0.051801621009395,,,0.041748050995349915,,0.03343530644967639,,-0.014000895404476106,-0.009560067908559804,0.0383019679863779,0.027705554722651505,-0.006823377497220304,0.012700503343885495,-0.015002922718191097,0.004804951470819899,,0.0016054742143182007,,0.018905232221295996,,,,0.0007931839941230004,,0.0600720395034262,-0.06092017376184069,0.033452258756540704,0.027156705164485408,0.04163427728321111,0.039847998007440294,0.0003093883119147692,0.013766195764147702,0.003914993814793606,,,0.019273022041571896,,0.0012437307367396994,,,,,-0.004566895502081901,,0.035558438261565704,,0.033792035106978306,,0.0379660004878668,0.011955716533080701,0.0015460042624397116,,,,-0.00022071725351647452,,-0.0062703277891861964,0.0029254878868960996,-0.0076545088373789014,,0.00027183677612380055,,,,,0.0032408095786778004,,0.0119627594838856,0.031650175176341305,0.0411415752330831,0.059806276833597294,0.024487944291845802,0.0004167773491869269,0.010149456069820796,0.0184613905615626,0.014461153427828399,0.010735897827321908,0.013353835548991898,0.010406723327930202,0.048236688763285296,,-0.0040436360357074,0.0128504356236753,-0.0038348212094252024,0.0544295801836811,0.0594923730429502,0.0242010572361351,,0.030336133565601695,0.0419882509696677,0.0008462824214869001,-0.013129291441792597,-0.007251185364539695,0.0317118157744014,0.031158953789138702,,,,0.035617305040117266,0.03371307260997909,,0.03363633485938031,0.0314161962333786,0.0110836777067496,-0.02000066670667,0.017352590360275505,0.025291803225417596,0.0015124449647092892,0.037178056390862003,0.03379897329471761,,0.03914405318305049,0.0363753362123046,0.0050053733390691985,-0.005685862089438898,0.0444371011040999,,0.023151734093822096,,0.048515080233275706,0.13736758742683292,0.022141125877213994,0.008529302664620497,0.031125652027869,0.0376086190593767,0.015748356968138904,0.0492878004076189,0.0394245645392978,0.0439809279940151,0.0521533450879909,0.013641003984230602,-0.0174408114102869,-0.018856624088882397,0.0488152926387329,0.0131537575587405,0.05003823118441011,,,,-0.03664826715573879,0.034843556671563,0.0410051708407553,
2020-01-02,0.066668721833226,0.0337541088834996,0.040446482071285296,-0.000469927914418754,,0.08210365349355847,0.1048689943896359,,,,,0.08196041723826021,,,,,0.0011179533456331702,,,-0.0010423304889203011,,-0.010467423039379597,,-0.0043428731913016105,,,,,,0.0029909015887740293,,0.0287545514345447,,0.0136705045331046,,0.005643090451188995,0.025051670267050404,,0.017701406234848702,,0.0033776818005780995,,-0.056088972243414206,0.07428444078388358,0.029396364627009005,,,0.0674511546558052,,0.034920707120927486,,0.015416465122854599,0.0234716465010376,,,,,0.05764222551450711,0.011437901716433992,0.0219967671547076,0.015769953141297303,0.041601750332518096,0.027832948583727805,0.0086036272015226,0.043758552645825496,0.045794173905625804,0.042432965996864205,0.03475412492904531,0.06643190607046241,0.0522697426341317,0.04356383750300359,0.08313048389747589,0.1255310958223125,0.08495603844999651,,0.012449416541008193,,0.010114231575704995,0.029111932884209095,,,0.0029232797520426,,0.0390402926169555,0.017642790376452402,0.02387538062614307,0.016982524741489938,,0.013992932974341399,0.08207757934502259,0.0274905713560792,0.0066559805056857005,0.0013298964890855725,,0.0849457396256007,0.03590640747831595,0.0253051684748583,,0.07909950785504598,0.028359112124256396,0.014110022186402903,0.005123554121978298,0.018936839412871602,0.02173043681170289,0.0176399182033297,,0.036520912620864925,,,,,,0.0371369236004641,,,0.0719819545759604,0.0444975213274269,0.040529876417593896,0.004417525716908401,,,0.003896709619916887,,0.0193022202519722,0.04524724465257289,0.0351632368828702,0.0338341602656465,0.02959105485823339,0.0341517556831629,,0.09181768550313199,,0.004183439974289108,,0.0281691956028223,,0.027783939597978397,0.030210679965548402,0.02959606667276481,0.030187082006923723,0.05707313216016841,0.027578467558500797,0.0262327692533048,0.028446866927375008,0.027458574731023703,0.03354082463783247,0.022359883258247677,0.013494241612655299,0.021727792362313102,0.0295029161195934,0.027603451304672198,,,,0.04229378040529871,0.06121780991493239,0.023320133282891096,0.0349770631067276,0.044349799600080494,0.0320105344302411,0.008476608976590796,0.04548644749398299,,,,,0.019874398290977802,0.0300876095116427,0.03346164881983529,,0.0416782536591179,0.044499699113920696,,-0.0021213005737005,0.005268584843198398,,,0.027408239069582438,,,0.031877514736687936,,-0.006500591538929304,,0.0026262219752133543,,0.031033702907400488,0.1466166398194751,,,0.0190158936175005,,,0.07239214769347839,0.024845673013303298,-0.0021645030095733004,,0.038120168395053604,,0.0516241970329365,,,0.022393278311976805,,0.026687564048779998,,-0.010340586460277607,0.017494615125002097,0.0322311313570253,0.0386142888449428,0.06748091648356831,0.0541800104142877,-0.009365383602886898,0.011266565828922421,,0.004520934622761279,,0.0195871851456014,,,,0.0156043651343661,,-0.010501986463165998,0.0466342165143634,0.0286740867614714,0.028528565977407903,0.07681746696512382,0.0832934442120088,-0.001056709494176401,0.0330874506404126,0.06717428904952721,,,0.022508988893922402,,0.004095091505923799,,,,,-0.031897809825862905,,0.028620024663645178,,0.027494408767468403,,0.029830991577846702,0.0112303662150327,0.006748144533133122,,,,0.0027518231646952883,,0.009780557658990299,0.0034629023787438994,-0.020075507122078857,,0.005584556278178099,,,,,0.003623730517630102,,-0.0157234449738774,0.029211276658592304,0.021432302764268298,0.014911277072420407,0.0274342537774572,0.0049167822845065014,0.0018276863584196007,0.029137103896489103,0.025991698150845503,0.068873706973677,0.0350298203097495,0.040820362878145895,0.023537991835132704,,-0.0032224681317666007,0.04412181647338279,-0.0296050535079046,0.03888223462812348,0.03163709483822372,0.022004720124717096,,0.028554849086606875,0.0008671876555321034,0.0023974022411644993,0.007532703754337498,0.03845298048368472,0.024023128154641298,0.025446732340954105,,,,0.02929842860984318,0.028161539872904196,,0.0204895431134971,0.022178123602512798,0.0243358293814076,0.03059120804063846,0.05201753150787314,0.03393420104181761,0.0031214193151891012,0.0276511250498651,0.0260877069559144,,0.029324744293896695,0.02838729359540243,0.06828197152923571,0.026396051949121,0.021064117933077203,,0.029312412870894703,,-0.014774525485844101,0.015478550026145196,0.16696740322002068,-0.006767030684860601,0.0336313362737726,0.0223212929716358,0.09694030251681039,0.025761536741955096,0.028862646296799598,-0.0020315773493892945,0.045609032654187004,0.023776769038684895,0.011265480964470501,0.040151439617019904,0.03416714219351309,0.0306057659369427,0.06159685038853619,,0.0149021701720844,,0.1529789891065687,0.033978098430573006,0.08073385334766262,
2020-02-03,-0.0650647366621842,-0.0144893231351844,-0.0348005291494172,0.020087011384102495,,-0.058127741617847103,-0.11837334607882753,,,,,-0.1150035013337064,,,,,0.0012023830491604,,,0.0247988703326056,,0.0518512411579628,,0.01974624474601757,,,,,,0.022036238176659995,,0.0308699339358608,,-0.0194296950678492,,-0.0275748395929115,-0.015088299651202201,,-0.00897258986566533,,-0.041961542777850594,,0.09818759826074479,-0.0634841778140557,-0.0286318126743269,,,-0.059407514000843695,,-0.0127239473697097,,-0.0248131501882032,-0.0320413628882289,,,,,-0.0494317244660247,-0.0169269074875833,-0.0073875419931164026,-0.030038509119226897,-0.0601366603300266,-0.024709561886552503,-0.025473639997695207,0.0024576075284334017,-0.0607342384870489,-0.031971808018546696,-0.040872948636084996,-0.0802048085006053,-0.0437588541935648,0.018264343116278402,-0.0758039684007292,-0.08095636694221109,-0.0937619395993605,,-0.047436186106672204,,0.03828859841632688,-0.042314486338146606,,,0.0025999364661824,,0.0364415534546535,-0.0047294565830148984,-0.003431872957264298,-0.0119240553533617,,-0.017733510488162803,-0.0933867500118478,0.011099805637089896,0.002399041534466401,0.001596488066090518,,-0.009953746159546402,0.04401353713335549,0.004320327658107304,,-0.06760214739102441,-0.0421739838082441,-0.0391470510413547,-0.027053601961874,-0.0046731720083171,-0.0049751346401138,-0.00452239351742483,,0.0451711439339122,,,,,,0.060806092235440215,,,-0.06077576791104921,-0.0311602442826936,-0.0320235066375051,0.021667656521730302,,,0.0089103986598105,,0.0011344300706109048,-0.0263399843114328,-0.0422336824542071,-0.013019035859622899,-0.041020781917788296,-0.06513571434731691,,-0.08185968462638492,,0.008102010528317001,,-0.0013766521997958005,,0.0199069805668793,-0.028488286904292903,-0.027115023081306575,5.030698080332741e-16,0.022468265421728303,0.001232286046264696,-0.0216272686679155,0.0223717947099817,-0.031517016959123095,-0.05384257012663379,-0.010464420588321801,0.008873867444087701,-0.008421811609978895,-0.0196063819128552,-0.001167852346344804,,,,-0.0323429652204562,-0.119574801803956,-0.006699704640698098,-0.0169377367950623,-0.026304945544156202,-0.0775697622074807,0.0158809625933293,0.0404435910344264,,,,,-0.004574991967297702,-0.067800337513136,-0.0767137764998923,,-0.07224770286778721,-0.01219401282975451,,0.007692345623155523,0.024166395128399302,,,-0.026782012151655418,,0.0041089830032144045,0.0343476968175251,,-0.0344656811180498,,0.01645590222707377,,0.0041554184041479,-0.1952347631971334,,,0.0150497890039985,,,-0.008060552669243805,-0.043275444310921604,0.00100553050201891,,0.029931811957133406,,0.0021953905634356057,,,0.008169723366115496,,-0.0190182823653537,,0.0045963603486915,0.001288161971247699,-0.0306064158420475,-0.017764312493500103,-0.059848525541545294,-0.028952565112944598,0.003908799765052397,0.0209651284650451,,0.0196411724408078,,-0.029241849594496244,,,,-0.0010774702044447004,,0.0610435189540896,0.008358257614201307,-0.0157778794421247,-0.0655637510158815,-0.027530593846781106,-0.03254293972088569,0.0198827105828399,-0.028471674081312605,-0.0603087632187147,,,-0.041278665332869,,0.014340186692270723,,,,,0.0731519491363558,,-0.0004039839082898983,,0.02311423659180911,,-0.0267069574089199,-0.0017189518628855996,0.004952466540756782,,,,0.021321101057272994,,-0.10447303540940209,0.02113561679350317,0.0558577517125602,,0.013784933468774902,,,,,0.022053480714857,,0.011866167941752197,-0.0673754024727706,-0.020370284156821,-0.0031756459885974968,-0.0342865285252113,0.021769419818081698,0.0376599365496066,0.011961112070577401,-0.0052245422982217,-0.12562138185177701,-0.030417091483196095,-0.0346395946119369,-0.024283021602200097,,0.0219129284256093,-0.031374442693625396,0.0703609756762439,0.0373968993055981,-0.025299086225727102,0.005679333747228895,,-0.039683491091239795,-0.0060620072871826365,0.0065610883037251905,0.0122109486413364,-0.027102859631919895,-0.002472466982169002,-0.016836981351704798,,,,-0.00037194204895489927,0.022342863077944485,,0.012019676446498696,0.006155825000540797,-0.0365912327687878,0.0591703697273919,-0.038443337620174996,-0.0156797637464946,0.017404623749050396,-0.0006113590702129038,-0.025349899895526298,,0.0308099172364697,0.0026345136323939027,-0.056907119341314094,0.0139060547802507,-0.005332072638547999,,-0.0253971612280321,,0.0310410196857342,-0.0650503403153205,-0.21575435513183838,0.031789897202215596,-0.06351874388135449,0.005207376468744394,-0.1164514775368704,-0.027001969761714303,0.013237333898857794,-0.004428596240297001,0.0389353992641107,0.0031705797010602027,0.014377654602255189,0.06529264711234299,-0.027066328864031198,-0.0007976390308835992,-0.16278004446014077,,-0.001487818760598298,,-0.2126502755983707,-0.0662642722311592,-0.0365460422614385,
2020-03-02,-0.007725422869461294,-0.07784736390271171,-0.068932646849034,0.015723366442326303,,-0.17948333176449238,-0.2573891298273767,,,,,0.0782359171485022,,,,,0.001183933607097145,,,0.019068004028675603,,0.034316410485030195,,0.0124719194583165,,,,,,0.008785912878893451,,-0.0355252643702343,,-0.0794392073534694,,-0.08760315134361879,-0.0951171482430649,,-0.1010880455297011,,-0.0919418044724961,,0.0791464170221697,-0.03848956279335391,-0.08083337780763149,,,-0.11190703297558359,,-0.0304835296708152,,-0.08776049680891569,-0.062103189827915906,,,,,,-0.1010770006158606,-0.0726830460735361,-0.08443368688985409,0.0026155202356024946,-0.054994220177910565,-0.0865864377731491,-0.07278714248078211,-0.0520193754461674,-0.06337295053022768,-0.081928773926164,-0.01432765289578369,-0.10795101407288421,-0.0970124564642705,-0.0477845988009738,-0.13170490809848817,-0.1032231785616505,,0.012889845716111084,,-0.0507290886741061,-0.08343720928378831,,,0.0002754570273951001,,-0.07483479448790249,-0.0996139060905413,-0.029173690064076004,-0.005154158589674601,,-0.04310639578296901,0.02288657107653,-0.0745273736739083,0.0033035286636445005,0.0022600776033015304,,-0.10042846459801069,-0.006382071307797596,-0.0794398614516069,,0.0310937778346818,-0.104391923937975,-0.0851381660268342,-0.0912982942821228,-0.0129804023040942,-0.0140020111778613,-0.0148784972303236,,-0.006613780722037308,,,,,,-0.1101332387621655,,,-0.0378695804853929,-0.0838944133154233,-0.08485491275391562,0.011605873432735725,,,0.007590176277394944,,-0.09134977858822779,-0.09958470542943632,-0.11062916718862278,-0.0861453618420989,-0.10043012322126241,-0.10708774653963571,,-0.1121281283087723,,0.006880850973905001,,-0.0838728740163908,,-0.0752234212375873,-0.09840066472276669,-0.09940194540524341,-0.08833972732904631,-0.07049441662772339,-0.0841047231824327,-0.0975213678129193,-0.0686157489275761,-0.0926164958869873,-0.1012288424614064,-0.0731831023402845,-0.0714830236694186,-0.0891048449052378,-0.1030555829194823,-0.08632111758398701,,,,-0.072479192416292,-0.15942773692810158,-0.1028793058903933,-0.1198450476023333,,-0.08866782924845491,-0.0788450183659309,-0.06816744841078429,,,,,-0.014863291795579601,-0.1313677633432919,-0.1371138662372121,,-0.1315561743791926,0.016089455992492504,,0.0040149179254817,0.010856609501616401,,,-0.0987665923351321,,-0.0822737558525507,-0.06452525422723551,,-0.17317368366019298,,0.0096854733534695,,-0.0852975805118948,-0.19376290692098946,,,-0.04566989081482906,,,-0.10585336929027621,-0.09462297327172481,-0.073032163187319,,-0.062486490047459375,,-0.06252035698133411,,,-0.0705755883293261,,-0.0928734821257208,,-0.08732187676368601,-0.0817821186451898,-0.08770558041910531,-0.09853096455216409,-0.040369549694645596,-0.07693656163159229,-0.0850036999054548,0.008950145804075299,,0.0176472834687562,,-0.09344535510725739,,,,-0.011102759094759523,,-0.0777467634798401,-0.07979501738420669,-0.09403560272049838,-0.10673364588730862,-0.04155825444416561,-0.047519680536408926,0.014590408608795968,-0.08061720807917719,-0.035959576991077075,,,-0.0992474120832057,,0.006980830062899556,,,,,0.0618932370187564,-0.0863260229774698,-0.08247523732815312,,-0.07226237463297129,,-0.09855167372849591,-0.018970210078654,0.00332751190408238,,,,0.006509829769591401,,-0.11553616371632422,0.009183946421757001,0.046825242652131394,,0.0112284041316889,,,,,0.0096391283352974,,0.009467974533238601,-0.09452101759054218,-0.0891982733107777,-0.0699417596813527,-0.107333855229644,0.0112454794532286,0.0134770216526243,-0.07879626605908091,-0.0846784465196389,-0.16185618743971658,-0.07959436021624632,-0.0683464812785739,-0.1188077377845306,,0.0205525295855641,-0.08293766116451079,0.0639049910669224,-0.07569502408418381,-0.06439945618866731,-0.0871201518583917,,-0.1010844776635337,-0.0970049790098944,0.0088923761525328,-0.0728557775807822,-0.060385561539507304,-0.09179997555700259,-0.1114464986877064,,,,-0.0844658814315672,-0.071772639944986,,-0.07251047424132231,-0.0579367233288482,-0.07713994801557471,-0.10521394182099361,-0.0810175224384593,-0.07498632091462819,0.009643647120453302,-0.08337097341320379,-0.1021801080687457,,-0.06685841517162892,-0.08486101638928352,-0.03611200580080729,-0.0143635160181986,-0.08099405909664109,,-0.1020094525670647,,-0.11842740136731661,0.0006730230203569922,-0.19404646741778853,-0.0964602661875627,-0.0892218809370697,-0.06020734661739061,-0.16569409533346252,-0.11932795339409011,-0.0860047725040055,-0.10425152657244731,-0.07582027367862539,-0.0857172134855897,-0.06421569110477779,-0.1037832028780869,-0.06813586541025059,-0.0786605374465847,-0.11753196231654209,,-0.1090275075540047,,-0.21975680846521584,-0.066739424085855,-0.06746178275176137,
2020-04-01,-0.13482827401615577,-0.1439847957092217,-0.16220015359453338,-0.005281302425452291,,-0.6621483885422258,-1.0302615040840273,,,-0.18307884573586372,,-0.0985004224792359,,,,,0.002045876049811,,,-0.015647481693096797,,-0.01948677790837951,,-0.04754699972987952,,,,,,-0.06367638129929792,,-0.1404526495283292,,-0.1325981214415241,,-0.07000815726427678,-0.13722332881612695,,-0.14628390040389827,,-0.10976361914250687,,0.0772235114605926,-0.17161891646186703,-0.1520641691593626,,,-0.3837325817365233,,-0.12510323731240883,,-0.3157062054051989,-0.21728745223849544,,,,,,-0.25829700029203695,-0.23325246668759533,-0.19940020869488956,-0.14146125216731403,-0.2711768433932914,-0.06978893707621911,-0.06884203054843549,-0.0933490103191012,-0.2575830160315091,-0.21043515427923182,-0.12660726376230394,-0.20454622749862095,-0.38395379079172737,-0.1581616241288194,-0.4874648912318507,-0.35017039611846446,,-0.09140606858705337,,-0.10479460756236418,-0.19415871948688915,,,-0.04349412924612138,-0.1152427583927059,-0.1016838594655223,-0.15248409491724563,-0.031460698188048496,-0.001915709398138899,,-0.0686954093773749,-0.07983777704183793,-0.13635653880006826,0.0029525345091787935,0.004195359965299298,,-0.1292906425078628,-0.002226496213779003,-0.13317998628457453,,-0.081213781445999,-0.15533286538851093,-0.1940798511096196,-0.07402918753769072,-0.1057053185263554,-0.10204788854205561,-0.12349946749846742,,-2.0469737016526324e-16,,,,,,-0.09352482584091776,,,-0.1853233889306774,-0.18128722126225888,-0.16768529475736657,-0.08211965072238711,,,-0.035640045289996,,-0.0685705294525422,-0.20368197612408978,-0.27036652455791377,-0.1773081760419147,-0.255573185124983,-0.29229049548675373,,-0.4267770940705121,,-0.008707209264598396,,-0.14934039917752492,,-0.1108307734128591,-0.1749967741372812,-0.1658885152234111,-0.1293790321476035,-0.099152036754785,-0.1432920824566582,-0.19180813585035877,-0.1058856092247448,-0.2418269794159619,-0.28871765796543275,-0.21759994095346805,-0.16094835735073565,-0.2189962566109754,-0.25907920188006656,-0.14705088830105295,,,,-0.1703376770177635,-0.444877946309885,-0.22390042393097861,-0.23268285420782847,,-0.175127466649971,-0.2190567980114697,-0.0867912134627652,,,,,-0.1168215037856128,-0.35580566456691143,-0.3257862041446073,,-0.36502199420374754,-0.07651914983419639,,-0.027271780089747906,-0.06519604851620925,,,-0.2258623959504611,,-0.1226359288423494,-0.10391867287275891,,-0.19815748012183862,,-0.030263257791022298,,-0.10811639774158048,-0.8037179796831788,-0.08172038920039042,,-0.12673371920114898,,,-0.1781400232136493,-0.28135924806915,-0.15127170541042723,,-0.07565224817228461,,-0.10681410325372573,,,-0.17022883539270214,,-0.19809139344738155,,-0.2532211433338756,-0.28097255920310116,-0.25652664904829625,-0.10632042950280789,-0.17957895605894317,-0.15790302944580867,-0.2542689562611913,-0.014498010241793697,,-0.012628632493721707,,-0.16603869967218465,,,,-0.10716071287975643,,-0.08511377030519421,-0.17398550339189278,-0.22154130174361283,-0.29548468049681237,-0.1192048233671016,-0.11139383759690488,-0.0017394270801354911,-0.16057468478861303,-0.18197012470458832,,,-0.22942921545209682,,-0.0543725781075059,,,,,0.063348085477446,-0.14118189203690162,-0.13312293919980503,,-0.10576430755324367,,-0.16560588629304565,-0.122868802855972,-0.015692049076573896,,,,-0.03592925355940641,,-0.20150872629696912,-0.017735283096227104,0.05492073314504969,,-0.0412710513053114,,,,,-0.0663447093429546,,0.011244496287884896,-0.16525336540063873,-0.24807762881876483,-0.20460179180067242,-0.28881296044999777,-0.0758150755122525,-0.08799110265566908,-0.19615180568422147,-0.0627486028029185,-0.4551345257347395,-0.16423465051583871,-0.16402100457332286,-0.258809288333665,,0.029021085206340298,-0.1821231170031059,0.062254644996463396,-0.10259155343456797,-0.05141855249851907,-0.10109493856948143,,-0.2544969724538278,-0.22477138766982976,0.013119509399195192,-0.21588398875314377,-0.23246838518272275,-0.20358445612819628,-0.24646493064398634,,,,-0.13308997302174824,-0.10613265304065587,,-0.16337219239694728,-0.1554810331521657,-0.1182607986871008,-0.10632937506033863,-0.2310610071666871,-0.15965620317040108,-0.0356526484806392,-0.1497807248222577,-0.1610324493925643,,-0.1121182293507395,-0.13427601504458783,-0.1868532132109305,-0.1375952940994664,-0.2422957364583089,,-0.14669811667379282,,-0.26628302828357275,-0.14115335623100886,-0.8606705033462274,-0.354702303402765,-0.14346814483345016,-0.13468055197357437,-0.39659359368597796,-0.23564142215448486,-0.09868411129371953,-0.2057654898266545,-0.0844046717929359,-0.05672834190854871,-0.16334243317562738,-0.09457093510496106,-0.03938504329335718,-0.15679157708719824,-0.31063705678112463,,-0.1793869849156194,,-0.6227567816331514,-0.2955577012816203,-0.1263781647504394,
2020-05-01,0.06905984848037872,0.0937543476657272,0.061795719268464694,0.017049093725231466,,0.39963418779737103,,,,0.22912562299175732,,0.03901271101308121,,,,,-0.00019357661099920505,,,0.023882555687027598,,0.0302295083186589,,0.03397428269590261,,,,,,0.039271577298793006,,0.1089734587034492,,0.05587234674572248,,,0.1100136802405058,,0.10438181215447699,,0.05537746946895339,,0.023261145736862693,0.0709637768873135,0.056545098644290706,,,0.10066519213941551,,0.024159346408116303,,0.12024912815157662,0.07770347219511309,,,,,,0.09214617646166802,0.1054520446496978,0.0932766254685606,0.0589121409585938,0.018130267604266278,0.04686967564011149,0.04208816091895072,0.014973541790162914,0.021904015177739305,0.04341249293531249,0.1161303378418807,0.055784867196967805,0.031936070530033715,0.09546517050519229,0.046037571757878815,0.09889143323220351,,0.1440105375329895,,0.1770814173114494,0.0515135344501082,,,0.02661695830549099,0.1042331198225176,0.13149550441408547,0.0734626359757215,0.012949168528172829,-0.007313350532971495,,0.13155228257775897,0.02758614439116519,0.1515498981272011,0.0013597735806214995,-0.00010951738315415446,,0.3365962368693723,0.07009549426543471,0.1173784489149211,,0.0482420687871171,0.13339162045293418,0.0859699814255828,0.047388622244144175,0.047827053286210085,0.045270649479390204,0.04046560094143981,,0.06673418455047972,,,,,,0.030947211218860717,,,0.07587139223402252,0.06220975989681452,0.05372452844633619,0.0559407084889567,0.05530273763228371,,0.027202154880556793,,0.1329321715939089,0.13231410702077062,0.13464684170838742,0.13109116983028601,0.12136085700426771,0.1300482472589187,,0.047067510857985204,,0.010675516540031597,,0.12395942052899707,,0.1345161939383977,0.104363917009575,0.10110211085939788,0.11936417234161009,0.1332283898648794,0.123973745912875,0.10599552270959917,0.1370598433544271,0.129690810175858,0.11806744398740143,0.14220267218135899,0.1459153252852039,0.1335893015338238,0.12522738877690204,0.12267751542349722,,,,0.06863827412853149,0.2692240665470713,0.09317722485418323,0.1165484274876047,,0.15804089437245997,0.08905757876975245,0.1364381228920321,,,,,0.04925497623160662,0.1495832492942074,0.1314782720944392,,0.15699588102000228,0.06561481382746967,,0.012664562841321602,0.047357319266888,,,0.1314512863936346,,0.1206379843398046,0.13967982708524543,,0.05628083589858961,,-0.013815793467136836,,0.1183261729429989,0.31146418693682276,-0.18490827405355945,,0.09031291745823292,,,0.08629929239335948,0.1406754240670099,0.11657831990961229,,0.139533564088373,,0.12663056608200068,,,0.15346568964720733,,0.1347505967245779,,0.07560072369011428,0.0452797317397561,0.13624509849611863,0.11874617705330398,0.06863837012163079,0.06007812394328331,0.07443517230497142,0.02675974425038681,,0.0316851938069413,,0.09626594175583567,,,,0.037662864267802694,,0.13794903831791339,0.0688396030369611,0.11407084626629611,0.12908564631301728,0.1324530412230692,0.13581314417352508,0.014696671302234298,0.06704165135569,0.0708650929558981,,,0.09960773420951648,,0.041786108290560904,,,,,0.011259235813638396,0.12113371333492053,0.11954460420901128,,0.13339148356518268,,0.10183262814761718,0.0430489556399407,0.013809356421943454,,,,-0.004699947767617001,,0.1208138382428033,0.029827455312607897,0.004587329180468202,,0.020323408218165702,,,,,0.0410849354132546,,-0.0014919808810154,0.14251873514416225,0.135867539047153,0.15226695634875592,0.12317388429125929,0.05070837594338371,0.054515483616195785,0.19824727161427164,0.07106106458538101,0.27920828049169044,0.06783243038916088,0.06580234918157238,0.0956327546713709,,-0.00018034021575631144,0.06247134440959931,0.00969746074475764,0.132823260882433,0.126143703509614,0.09417526068844899,,0.12107365171883071,0.09067612489846433,0.004880870517038902,0.08582957657632864,0.03974940831907489,0.1330850340012031,0.1189714873258844,,,,0.12032276121310452,0.1332122284958614,,0.14671469153759045,0.1345318109155714,0.06117900465329519,0.0318025187312402,0.10989971863715221,0.0986341224557397,-0.011110157060313293,0.12339564391539382,0.10135519989165301,,0.140463719175149,0.1219493377521244,0.07519318254631567,0.028308928723997005,0.1461666054790379,,0.09768448707687466,,0.0667210502906474,0.1872808301533054,0.2533699274630022,0.19073409700576743,0.14138237561680833,0.12797802650796702,0.26822350158424924,0.09040778007076901,0.12687956162233802,0.08445204073688001,0.12872893851337058,0.0672656601357056,0.0900176064385557,0.03302270591673119,0.118560435918724,0.17296580172848952,0.18097740108312207,,0.06136296707066888,,0.5021559315116171,0.2083946201324009,0.16999951406250038,
2020-06-01,0.010570594307132499,0.0496767381733111,0.04491846144457629,0.006705682334171037,,0.0760864445071062,,,,0.1269582372004816,,0.011449801909141388,,,,,-0.0001710718621883,,,0.013717056128362501,,0.005831215086595303,,0.007291577380150301,,,,,,,,0.0668421148487051,,0.050905075074058004,,,0.03590613818028909,,0.0464583526952679,,0.06915746699386449,,-0.0327995831579656,0.02931499417029,0.05284768054147339,,,,,0.0649927274199151,,0.014670189747792979,0.013281127591898692,,,0.0503024766515034,,,0.0581360265876691,0.03480723697080379,0.0895879247840283,-0.0639398036355596,0.060096043818011195,0.06814243268661341,0.0380415600241642,0.06374202567531101,0.044723857177713905,0.05754414190644729,0.004042587367776198,0.018831470572284306,0.08572938031817139,0.036893326532504,0.0972613281031143,0.0690567060278431,,0.0883037682855649,,0.09875104341422802,0.07111485408559,,,0.007440832860155499,0.058617746529832794,0.0744975066649122,0.0300898878679602,-0.0199468645273367,0.011904902506318201,,0.08167338294298429,0.011849700736166698,0.12444801803207431,-0.005450223551685099,-0.00013323241780027804,,0.061900201922698794,0.0255523522650426,0.052766054972654484,,0.022305757514297805,0.0259566694265838,0.049097116645367096,0.07104779468344251,0.02911781871606831,0.0325218658237028,0.029977228458670402,,0.0257367146440497,,,,,,0.039377334031164404,,,0.031118632709637297,0.05665144297991429,0.0522584936688751,0.025303162813247,0.0185026719572872,,0.015201826481402,,0.04221961878689311,0.0699668184838325,0.05152419621946901,0.08458395247474013,0.04309880078649912,0.025159651039552762,,0.06913218605948111,,0.010384177119075,,0.0510230293331071,0.015141759064027201,0.06074170359819239,0.0333811926161971,0.031792715563480296,0.04702882221353152,0.05790060758657712,0.05027223773948991,0.0343186225747129,0.0646542685767874,0.06383802260348378,0.030722416261153435,0.08938962966205069,0.09448268628654741,0.06966822776304239,0.04574378332719079,0.051940112408334405,0.05762578850117121,,,0.047512571547644496,0.0178046246335065,0.03315831493931477,,,0.07672819153537291,0.017854126444199897,0.072594595571188,,,,,0.034768664864074504,0.00446144780813507,0.003915942871233001,,0.0013104444281293003,0.0846468404673785,,5.004406177649967e-16,0.024314333677185204,,,0.0699419112389321,,0.045815354873285905,0.0625991546124694,,0.131871641206158,,0.03695272401162224,,0.041013707717899105,0.07862628677381596,-0.01335497214082431,,0.019027554638691605,,,0.0658717309105291,0.05038467384900842,,,0.0639216391138278,,0.0725654806874036,,,0.0783875749015821,,0.04643963719423801,,-0.006053988993213005,0.02746651535206699,0.0712486811509632,0.03664265712994879,0.03328463458632151,0.05253159443287971,-0.003692661489009692,0.004728141195945,,0.0081698676500155,,0.032448584123212,,,,0.0213881121252006,0.0638603669239791,0.1224793359896062,0.175382899933032,0.05761983922331211,0.024855235968102803,0.053149791819444014,0.06903541472152071,0.0053567804754809005,0.05213278566612281,0.0334759291963886,,,0.013579672596030714,,0.019568586011143103,,,,,-0.0165273940794085,0.046507211455608204,0.04654505225094529,,0.057335240081422295,,0.031311692670252196,0.0359193022783941,0.008542764084988178,,,,0.0437241353131025,,0.0809793426144692,0.006490681642927758,-0.004330427836535605,,0.0150071426310735,,,0.04903275147448351,,0.02177996194941522,,-0.007117467768863999,0.06986359859905769,0.07374060712922309,0.10290635823532931,0.046872945636248525,0.0264100676888368,0.020248919009254702,0.07026355312665268,0.0211308430675857,0.016487125175359798,0.054273713992140905,0.045731175603951596,0.028439609892576198,,0.0035937773552567887,0.056748325665245396,-0.017421167149689002,0.0756976170893552,0.042599418318255505,0.0353705426025197,,0.04124033874758808,0.0577470062015622,-8.840438037150024e-05,0.01719464011933229,0.02390023034745571,0.07015805006164591,0.040140241865169284,,,,0.046273227076119305,0.05708327413723759,,0.0926980377598218,0.0669023344226205,0.05877715753740229,0.0421589886426051,0.06182273459580621,0.05077375388056762,0.03270226869340669,0.052557579866432995,0.028407591371872792,,0.06821617241877949,0.0502874819035935,0.032370567396635005,0.0598219030205639,0.08555502548895388,,0.027935836741685087,,0.07960759193534639,0.10336688176170951,0.1057711089709234,0.1563278207169051,0.06636799543340438,0.0717469646424218,0.019802627296180007,0.026841438245226806,0.038099004154662705,0.052483988438177386,0.06931375362386269,0.016512418757585398,0.0212929147122099,0.041394656225536196,0.032359536481825206,0.06314389558298651,0.07521592366492628,,0.0030656786184611877,,-0.046695229834701014,0.1064504340218512,0.0747966872968065,-0.0370317595521215
2020-07-01,0.0711630539996503,0.02892586044141781,0.0434246801007314,0.004748588588913499,,-0.08315467881634542,,,,0.1267630759297117,,0.08716438278884721,,,,,-1.0001765041178778e-16,,,0.010915472309709,,0.016963655675051134,,0.015714847833317228,,,,,,,,0.0643254670089824,,0.025636416395869104,,,0.003663538599612187,,0.01688428204410191,,-0.003024356805604097,,0.004709016187898704,0.064012209819542,0.034452370956662294,,,,,-0.002904149136201699,,0.08189257549250822,0.08182363916290689,,,0.025346223630484797,,,0.07956588708111478,0.03902559820269019,0.060290575972700905,0.09357479129753431,0.08005326436432249,-0.0008971888133585005,0.032954188331556694,0.025425124246206302,0.04289919978765899,0.062384414635493185,0.0785934020512074,0.016209717386254187,0.0034683420016004083,0.06452685191339971,0.06816619730295533,0.0667121081884248,,0.014166753528179202,,0.04485971307849711,0.07289791632074873,,,0.0064704607774278,0.0014373138648057903,0.06788199215710311,-0.005117865304881111,0.0030050106085367997,0.011481836059089794,,-0.014855844051941805,0.024871727102432385,0.0634783277096968,-0.0013672099657357985,-0.00013535707594034956,,0.06650337276850261,0.027009029447468906,0.015723506740373004,,0.07437029051487581,-0.022800283055602,0.044717592063373106,,-0.0058859833487950024,-0.0010085692096284977,0.004496986206088403,,0.027448023850907007,,,,,,-0.04060638477985849,,,0.064556860916182,0.037524943374696015,0.0403159002369203,0.021672688379617153,0.031759771399931,,0.008060592143500626,,-0.009569190252920797,0.027673464432939793,0.014221994483967803,0.018892664194647996,0.03543349300881889,0.039577001840350415,,0.06257960347450742,,0.0040117687005705,,0.022760748626406802,0.0083397115218705,0.0377138948666874,-0.008843634149852191,-0.010047591877298694,0.0187705760665388,0.046931835106187494,0.022398198304758497,-0.0071694206383635,0.04250286518328011,0.0336480789939189,0.02800287594286798,0.038398745075487496,0.024994628124459697,0.016179333802066403,0.0110270854017673,0.022588546371060905,0.0464900662798738,,,0.0418838040984654,-0.008826465962774224,0.006167320480701498,,,0.023215691836935094,0.024340551139152285,0.07539827831439289,,,,,-0.003496862233545601,0.011406630221284016,0.004361577483103372,,0.014402495775249793,0.16325995880233993,,0.0005806639086987219,0.021053851059569105,,,0.012610602400434915,,0.023057908457542003,0.05160191699421339,,-0.06515259473109218,,0.0036292623781905907,,0.027369816989631313,0.0259323042219494,0.0030683274305491996,,-0.0095112043871385,,,-0.011321115636300696,0.03406170988699819,,,0.06095020045057291,,0.057646485449622295,,,0.026446498210407184,,0.014500123129830369,,0.017027261916103903,0.0104691666847911,0.033861998821187,0.010872770237562186,0.06532583753343729,0.0446182114096282,0.008973364581270793,0.011057241153096099,,0.008283560972303901,,0.011450548264152007,,,,0.0034384932644065027,0.016727553966318802,0.0529432091098179,0.020790769669073304,0.0373664725141421,0.035650577093895,0.08015724302827079,0.07923219233151921,0.007254567734182301,0.0346555042584756,0.06634205774216671,,,-0.006303129787557189,,0.016676467829451203,,,,,0.002752407667995104,0.020234205963347098,0.017605035836964204,,0.04064273193305601,,-0.011271520733972591,0.010411261708466594,0.006761748532210599,,,,-0.0012696760548237408,,0.023036720031924005,0.009804000096620165,0.0017986967034886777,,0.0048854940341434006,,,0.025762833767310003,,0.0207939941369435,,-0.010582109330536904,0.019269933787299413,0.025548900751155096,0.029170383757173894,0.020335670301992008,0.0190700457266618,0.0249517357366192,0.0533957694518373,-0.001824277854590499,-0.008869070700486984,0.034325234489769894,0.04269803322335729,0.003146356508383092,,0.0010591849519030923,0.038474546737849696,0.0034644598765392965,0.06797085700204769,-0.016483758907637203,0.000842659221555301,,0.0373715488220651,0.01906465615709459,-0.0013857394865806004,0.023836075960650106,0.020132728923320596,0.019992572944270204,0.010950631968587997,,,,0.018179098666059684,0.040326546707141586,,0.027260112561258903,0.0008591379211338093,0.026755382192222784,-0.04985492008820599,0.0391544764730397,0.030208046838331896,0.007154008215473901,0.022666809707344984,-0.01022289918516619,,0.047846348418777204,0.0206657115076246,0.0627145994166136,0.024089153872659596,0.039438372042532394,,-0.007648165248345414,,-0.003408059033102406,0.07805076190732342,0.02313053604330548,0.0430896708802698,0.02734571059440321,0.0023773299411310074,0.0011945864796129128,-0.00522715518909069,0.0346778603816608,0.019533499700231192,0.0698226908528201,-0.0022303746881580993,0.012308744994354104,-0.03942301882082689,-0.0247145177893742,0.032548498277008696,0.021079676183279904,,-0.01925894948348171,,0.011370984953222026,0.051878718493402705,0.0435484803391506,0.005160179590482806
2020-08-03,0.07878525879339571,0.05219494962993371,0.0394519537601624,0.013241740324240666,,-0.0388318098556645,,,,0.11960440218441402,,0.12779298025323912,,,,,0.000109247828808,,,0.0129443500021153,,0.049788414206384905,,0.015682593717446805,,,,,,,,0.07176435084911591,,-0.019041831400859594,,,0.042182770372351,,0.025609982062741402,,-0.0488114319413135,,0.06097528312559429,0.07929223859516141,0.019200069144782506,,,,,0.026982027285160595,,0.0938113036805885,0.015225553076475112,,,0.057602823021137804,,,0.03267263564983018,0.05378246585291349,0.041190794081875405,-0.012241207470826698,0.026635461092704794,-0.010801020336338804,0.0395069618658833,0.08001219428578558,0.007982304024685194,0.01914452546693959,0.10336947468151209,0.006577698314419806,0.020183886563246205,0.05333916096578341,0.12348456893804574,0.06295881207895067,,-0.012173698361413306,,0.0752174714647201,0.028303776162851502,,,0.0041947057361913,0.0580234205715461,0.058791860707764904,0.041349559818695106,0.0544180953890143,0.0467258457742971,,0.05353025836617881,0.04120479278017578,0.0684730897835591,0.019420278394799505,0.000330484642404243,,0.1575721450623705,0.1024705218137448,0.0590823694465694,,0.09156004519647211,0.025308565797403905,-0.010597880280272295,,0.04935811103812919,0.05239385850973329,0.03617626986006921,,0.10441834152147042,,,,,,0.06982942114883321,,,0.0828184251707551,0.033574089272455296,0.03191112324174949,0.0188724917308315,0.05318153593546691,,0.008196276958654644,,0.1014098259610477,0.044818497291274906,0.027012624919508108,0.05994173749676091,0.0418699150210355,0.0254257935143344,,0.0805774956428571,,0.005779125065634088,,0.0560056759601406,0.0160623290739515,0.0673777671287305,0.0361009309987918,0.03665474303880581,0.05689288011560499,0.0689028989285206,0.057659867256538204,0.03926510925531129,0.0749039935767402,0.028775992538958205,0.020715606749187106,0.03425920028490531,0.07772435169306,0.05745894910587779,0.045093532742597496,0.05609956424428171,0.0752261398145753,,,0.041320769597710194,-0.0439294329689875,0.032162858044318406,0.0157051713622869,,0.0716637375245734,0.0404107946484814,0.05817099712499451,,,,,0.0526024994524425,-0.015013858129935402,0.0031339801049434877,,-0.021325015027386318,0.0788249077641069,,0.002126220961452589,0.030520932669975204,,,0.04557262648983829,,0.055187028761199505,0.07378028451138569,,0.0054242674647191035,,0.014357951375218352,,0.0551826456349508,0.024716626326229795,0.07714743480414521,,0.048334923795667506,,,0.0868194691048252,0.0460967524321232,,,0.0708919824885833,,0.05623613722918831,,,0.06350508903721289,,0.04871528864994809,,0.03352128373174501,0.022303206178227092,0.0425468605368329,0.051409229695778505,0.08045330098663281,0.023905520853554296,0.0373406435178891,0.022080317046779305,0.007418585902036899,0.015653431482770697,,0.0255480446356924,,,,0.0396348440800133,0.0502081070862639,0.046294242743155495,0.2863584455212716,0.0533253952315463,0.0261216379208866,0.08418233539246009,0.0696202819631437,0.0136190690196271,0.0250281208443722,0.07316824289743208,,,0.024990464927507203,,0.0129851602505229,,,,0.0044888465112268,0.0420755008935029,0.054847056987277105,0.0572232709920937,,0.06819112541932859,,0.0382514056011059,0.0182736925932422,0.0068133415215669325,,,,0.017778525221224504,,-0.028429768266158697,0.0229858227263691,0.0276124200542331,,0.007771705399119602,,,0.0477870461465694,,0.0282616253519625,,-0.04031553717845889,0.06684644932258439,0.0449528960976089,0.05691623354806449,0.0323914957912352,0.019629087038507794,0.055574918138701586,0.08810244822154491,0.0667841091686734,-0.042853546453451706,0.025955655560349896,0.0385257243178596,0.0294569571478442,,0.004752565557894544,0.035906296246032206,0.041027048372279815,0.05771837726764749,0.050802647177705905,0.04855443876405089,,0.0421732748481573,0.0438224148622451,0.0022332953910655005,0.03577169795216678,0.0157349621077476,0.061403081832321314,0.05241596594131189,,,,0.0571505733469386,0.0690927416558148,,0.0711873764258706,0.0712476638740415,0.005327496147953095,0.06987116818675622,0.05124154392825379,0.05158736879049351,0.015621653179911802,0.055844348537155794,0.03667241891780552,,0.0728878279546163,0.058070973243904506,0.08235103516181978,0.036938189079645696,0.056270746023023205,,0.030256089624872088,,-0.0240057690368694,-0.023681511598370793,0.03008417496741418,0.12227810623183141,0.0685669468691687,0.0729573686212611,-0.04873731144354061,0.03774032798284709,0.060827355758498826,0.043159870910039484,0.05547672153383249,0.06694439006047802,0.040810503503357486,0.07506934040647889,0.05312533158063408,0.07014055798154371,0.0780441241851963,,0.03327303133686219,,-0.015644935229405896,0.0987388271556102,0.084864109456166,0.0660010327030967
2020-09-01,0.038274658746295,0.0585093741920925,0.0407330621532611,-0.0082708581765332,,-0.0277617658151179,,,,0.17070358428085933,0.1226293828146616,0.045738797163793796,,,,,0.0,,,-0.0061741733285674,,-0.0421080783908374,,-0.003071403976512013,,,,,,,,0.08841490499670879,,0.0357772506986587,,,0.0473078003787083,,0.074844333346034,,0.08000835108651651,,-0.06967639851288,0.028466000375332298,0.04613901859033829,,,,,-0.0025364629959087016,,0.0578399996893499,0.05047552141026039,,,0.0720634155537554,,,0.0432499837938168,0.049992558647358,0.06343171416237921,0.07261806262712808,0.0400291206346556,0.0657112181298259,0.029177853963243103,-0.028976767335964895,0.022276527197260605,0.04580419599086969,-0.014681234894832005,0.027013246121615292,0.011613822469989099,0.0455766869734044,-0.0872907924542988,-0.009638628837768691,,-0.031752590932814,,0.07622337285989951,0.04153309593686789,,,0.0010756128229771,0.0499355648196961,0.1065865466225878,0.023456900354042798,0.020701438404484903,0.012171261760467901,,-0.006007923209677794,0.060724149062100004,0.0451039671915088,-0.0013427326622949976,-4.2815316990943113e-05,,-0.01572617787193586,-0.003240968644702493,0.06132412997563239,,0.05614322949681849,0.01786187045237,0.0295248606808273,,-0.00022984395948690028,0.0014207136663839002,0.0098442737306999,,-0.004783426606894202,,,,,,-0.026830055598317002,,,0.03028514476366912,0.04445176257083429,0.0383350878993584,-0.0017198433556596007,-0.03694522798289399,,0.00231651813181519,,0.0363895814521885,0.034878039889837995,0.0377891382330091,0.032100704622804996,0.03802634760574281,0.04929908180515841,,-0.05720873463502788,,0.0021678270204341,,0.0681573736814784,-0.008062636232231277,0.0877264288613548,0.033772272774742,0.03467037261241807,0.06766606076573232,0.09011076184018751,0.0704763474876963,0.03999863849527121,0.09685577516610551,0.05331689698781018,0.052277734290659184,0.056483464305740194,0.026902274698488007,0.0344533341230409,0.038230580750338,0.06882833532975899,0.111898470220066,,,0.043900671856542305,-0.0078637364602148,0.0411665808267104,0.057666707974599295,,0.04357609981289451,0.002312702631441005,0.10984060354142881,,,,,0.001088250373162499,0.026049757617009707,0.030558289929205795,,0.02807478104811209,0.04820736801076209,,-0.0013525265321431004,-0.017945634498946303,,,0.034097830234841794,,0.08069427311575049,0.10776629977569879,0.043254185218519606,-0.024248352710354897,,-0.005898441385699507,,0.08541541974171372,0.0031168856402529026,0.0704402914356911,,0.018797373413841897,,,0.030380621239489616,0.044801073799539605,,,0.1038619706224883,,0.0540626600692203,,,0.0536857049672725,,0.0417949392514232,,0.006793084851768197,0.036319167548716697,0.0433415517081739,0.04994326456450931,0.027286312556962112,0.04741439007962869,0.002458681746711199,0.009085072222470902,-0.0033282577550901,-0.006778228675946501,,0.029488236030692103,,,,0.0027136438961486977,0.043762293010045694,0.06391356618609541,0.14674394194973894,0.02880146417554451,0.049337793796662,0.053585815556321206,0.056337369804815185,-0.00863814216583585,0.04959694113937229,0.03009803115727979,,,0.013597608265383908,,0.0003198517691756998,,,,-0.0034801284792443992,-0.0497133265453589,0.06616586079694681,0.06746857750578115,,0.09021204407611577,,0.0336358239122098,0.014382270380809498,0.011189467570617185,,,,-0.008194060951375612,,-0.005842844550984697,0.008859415643516602,-0.0372390850873626,,-0.004176056065333101,,,0.0632443576335304,,-0.0126307413266692,,-0.015145765807994701,0.044060658167946694,0.038862327299124096,0.033691707456631276,0.0452309496584357,-0.0024046324119507993,-0.0391367436091173,0.1217532087657279,0.0454192906665735,-0.006244816297723093,0.050451443018825495,0.0431152401434069,0.0379729219408538,,-0.0038984049296612,0.042224116320798095,-0.0492201499490878,0.1055806289323915,0.02330903265517512,0.05979699135162089,,0.03766654630280511,0.07928304891651772,0.0010095090978356994,0.004413394438411499,0.0473827044015517,0.0313469881717353,0.028349894710586902,,,,0.06738767403874958,0.09031809895652809,,0.030884480915420502,0.07777633913563241,0.0600453194457837,-0.025739382552182676,0.05685792075585681,0.05832161043498339,-0.0082304991365145,0.0686383701216306,0.040965242414853505,,0.09615881190637318,0.0735092163221266,0.027065872347003018,0.0085318689491496,0.0682310722188335,,0.031398421457562796,,0.05488454865537369,0.022430170712883002,0.0131178094407861,0.0613713460432187,0.042808092491884595,0.0845713361642435,-0.011160830137529092,0.041969899719544505,0.09213364171779471,0.0813608874904951,0.1122544809884267,0.044909323777626804,-0.00027582402602129713,-0.026650477991494698,0.025540468685832998,0.09118755942978939,0.07967330123830502,,0.019445057119224,,0.001750462374421502,0.0900527365176433,0.039283866394642694,-0.0784904709874938
2020-10-01,-0.0076163796826723,-0.02995232228335071,-0.018527027132599096,-0.0009751435429135842,,-0.1446678501459957,,,,-0.0355559794564458,-0.035015111916096,-0.024636021096058208,,,,,-0.00021850759400820005,,,-2.6332110738899826e-05,,0.00103929189051029,,0.0013303314177519616,,,,,,,,-0.0261757037624224,,-0.0042393671840586,,,-0.026131385113536305,,-0.021730130484707094,,0.010050335853501298,,0.010687495461562346,-0.010154662459374311,-0.020680205237538603,,,,,-0.021156009974943598,,0.013865921821056901,-0.0452871218774415,,,-0.04068311424949602,,,-0.052838752695431805,-0.04633758381827859,-0.032756600783487286,-0.0349654624075417,-0.054283078114854215,0.017935402625885298,-0.015942366634994196,-0.012898509630028003,-0.06192135854450061,-0.0461620417631622,0.021385170617022616,-0.0441276272841645,0.013581014535297293,0.0353591854973643,-0.0751919830999801,-0.0064777554446892,,-0.02076721792471251,,-0.05203904714802459,-0.0419754493684071,-0.0029032863797425006,,0.00026635451351589995,-0.0263355885666353,-0.05043132001591028,-0.0218263659577341,-0.0354917843554872,-0.018403499789136697,,0.0015845352705268923,-0.04561051125205201,-0.0271254560896202,0.0034650456622020995,-0.00010851758518218073,,-0.0764217969163892,-0.042609014734262464,-0.033668566081533,,-0.023291686764368096,-0.040706089445326096,0.0086956684130076,,-0.0093854011195186,-0.009265887446094405,-0.007660177826665101,,-0.042443802635975705,,,,,,0.0063433591740530895,,,-0.009425140459583207,-0.0334317477542444,-0.0347452790903593,-0.0036849615289116996,-0.002806118863617898,,-0.0016435710759234998,,-0.010002996264732993,-0.015301673120882599,-0.04464415974403121,-0.024510652552572794,-0.0476116934115257,-0.053113638184944086,,-0.047296714703064915,,-0.0010052819397787993,,-0.03606334449597388,-0.0009528750954179997,-0.04541180515180699,-0.023924555363648105,-0.025623495745248137,-0.038200071020240214,-0.04883144715648349,-0.037618475221172204,-0.02524353418220769,-0.047514270587061085,-0.0330402074933538,-0.04796340348612891,-0.0207838032228791,-0.01424661881180099,-0.019856928735499296,-0.023114698453682202,-0.03752377679825501,-0.055420170596028114,,,-0.017501083843007994,-0.1576708871848409,-0.03796945553873289,,,-0.009741015903608017,-0.023513875781622805,-0.05684682060330774,,,,,-0.010059333636187402,-0.07007931922971002,-0.04545888499727202,,-0.06994077365733439,-0.0310471836101695,,-0.0007736944293107998,-0.0065850557958189,,,-0.033392450025997646,,-0.0413199104353652,-0.05443452155005129,-0.02237728287729831,-0.19198850219151362,,-0.0004312017659850098,,-0.047042717555560595,-0.2488665581277385,0.0217110565839413,,-0.0024577616686741015,,,-0.045388288439018695,-0.04078130627096051,,,-0.0580728273871374,,-0.03714314402439218,,,-0.0265174383019631,,-0.0253249040780536,,-0.03259230606539539,-0.01916906255957599,-0.03278500116309859,-0.005201668707053306,-0.013363227812166997,-0.017677227983865697,-0.02832718697603999,-0.0011249725606793006,0.0029152553783745993,8.297591384470076e-05,,-0.034708666644214806,,,,-0.004831989524815202,-0.021104906989435002,-0.0574931251619557,-0.19236033990050186,-0.04238516057185469,-0.053733554708325776,-0.006693963262798889,0.002514658559999017,-0.0005946748935529998,-0.016943814372912203,-0.014662223027438977,,,-0.03191918999405319,,-0.0018298197883381,,,,0.0008987832099399005,0.0079568769472591,-0.0383639813897544,-0.0381155639564605,,-0.04690428969678679,,-0.024239268246312597,0.0022197189808528008,-0.0018242048167539252,,,,0.0004092650240735004,,-0.0843247407160286,-0.0037872855747285985,0.007588047026886403,,-0.0019189645729505,,,-0.0339819342970015,,-0.002936832607883,,0.0179109265665298,0.0029560944888299186,-0.026242311372456594,-0.015196571039402898,-0.03781192010909691,-0.004101399291290099,-0.0032157205125446023,-0.033870701401676875,-0.018714103016633312,-0.15956893398346395,-0.018034415990435704,-0.01693810498134429,-0.03902185212208932,,0.0014407502085050216,-0.031485900790279193,0.0080830833530912,-0.049873796831645015,-0.01370694361979732,-0.010529281014871394,,-0.04829593082960379,-0.011077019490714601,-0.0009363061574920003,-0.027159791105914797,-0.022175662045219,-0.016280135853562302,-0.016866581976786508,,,,-0.0382622328250814,-0.0485327823411758,,-0.0132790128117194,-0.05591202742324461,0.006099339191381297,0.005797667434394698,-0.018919557433371485,-0.029680119564355106,0.0014305929805438003,-0.036080732503916996,-0.02248669783820303,,-0.04830374579794511,-0.037745831642033906,-0.011958157511136106,-0.020944803373068095,-0.029623523724824102,,-0.0259667383360638,,-0.0338317080043353,-0.0026105907596483038,-0.20840394710716012,0.022920779879252506,0.01979414364733878,-0.06082195328133438,-0.1401554773309717,-0.03466954485833448,-0.05347396473691289,-0.006708619128714602,-0.0527448918347333,-0.016849904833032593,-0.021241793791224605,0.0195066741854841,-0.021967896810669508,-0.01656252174773789,-0.0622602209796373,,-0.04142167060970209,,-0.1931586697008436,-0.03935480173059509,-0.006867284775610189,0.005218269881168403
2020-11-02,0.018360918965648197,-0.022524044713373905,-0.020650997497485703,-0.005603569788377701,-0.002152170603530906,0.04310167635221929,,,,-0.013239429665374398,0.020145615448399115,0.0378477382148481,,,,,0.00010925976520060002,,,-0.006807027383202301,,-0.02123605760016754,,-0.0085753093601356,,,,,,,,0.0018328567536489999,,-0.03830609886073981,,,-0.021080145664503197,,-0.0454564016238634,,-0.017083877468496704,,-0.04598160747003959,0.013964190876043094,-0.0361523695640113,,,,,-0.003231603260589101,,-4.949382917396328e-16,-0.008165330533095892,,,-0.023633601306206103,,,0.0025322880080362016,-0.03489589407568421,-0.10296037735493319,-0.0193465269461977,-0.0665640877568287,-0.014150777430713399,-0.05351276634610289,,-0.03507490713083259,-0.04652001563489249,0.005773944533253407,-0.046165130828642605,0.02369779142982424,-0.0067567824628795,-0.029349135141520096,0.0029741809135065966,,-0.029097888511664782,,-0.007033651846027611,-0.07896580035532778,-0.0025524852950937005,,0.0005042547911661999,-0.036865341598684494,-0.043854504510457096,-0.0009540468206560935,0.003279084795245556,-0.0075485784292170025,,0.006732615374472801,0.04879016416943088,-0.010392575571315791,0.007448202961390901,9.688799644357682e-05,,-0.043581586914489184,-0.005207755458247704,-0.025298968319257598,,0.042349189991952,-0.0333532684736794,-0.0544091600665635,,0.004015908377612299,0.0054175716173965,0.004462296204001801,,-0.005574150441813399,,,,,,0.0455171595914811,,,0.012609558248424003,-0.05304882800797741,-0.0552491053840284,-0.001903713542239899,-0.011218288307567902,,0.0014509928215161,,-0.005018579237397803,0.022149004173295093,0.03354061848642799,0.013291440064084694,0.02516828804979969,0.03594161929741761,,-0.0004749465774381862,,-0.00038441262882270007,,-0.01925965643772529,-0.0037730621959816,-0.02892134604507189,-0.016154840235545198,-0.0184891283750647,-0.025435315273309805,-0.028086803248832698,-0.023244289755047796,-0.011922137295856592,-0.034284784527719686,0.021791670563362397,0.03618425591044552,0.00742093400865327,0.0012718970321921909,0.006427538848684203,0.009357369434641303,-0.0194511485273953,-0.040094457201878,,,-0.0214838477776119,-0.0376680344711582,-0.021556014127189098,,,-0.014792414589271509,-0.029617671709788303,-0.028159489455379598,,,,,0.004643998757798998,0.11834880653427529,0.0575288143953393,,0.1426336194112699,0.05215094937695319,,-0.0015498639465175003,-0.005122682415283001,,,0.021720310892661798,,-0.031173115386509298,-0.03485055668731269,-0.025886284315872296,0.029344273015778598,,-0.005215514405979154,,-0.0323019177236908,-0.02109913826617551,-0.04091629792130941,,-0.0020280187231552023,,,-0.05355803103704839,0.0202061234872759,,,-0.03092238626514966,,-0.009859053667751807,,,-0.017448721004393195,,-0.0055653608075437,,-0.025722384639815802,-0.0398267533724972,0.021717952196575796,0.0037909604025476995,0.0177782460212837,-0.035000332140036096,-0.0315936673308716,-0.004017020770860601,-0.005591179222067733,-0.0040277109862244,,0.0006491399124408028,,,,0.0032791269099624017,-0.0016009395596088983,-0.030528822820600498,0.016044350588389517,0.015965384068264404,0.036460330175711195,0.004296154395294995,0.0028519466643256042,-0.005893541332643099,-0.0333595909427856,0.012233399812115908,,,-0.009404926114821011,,-0.0005071153567669006,,,,-0.006078438090636599,-0.0338228776720911,-0.0230065805961985,-0.025249666996731403,,-0.030802840553822187,,-0.018042587671037905,-0.006090354430274799,-0.0016037041091103888,,,,-0.0043850822341200005,,-0.028125338589220998,-0.006787772221770708,-0.028485670389208403,,-0.0005523781088733995,,,-0.030504788130345607,,-0.0034444798765104,,,0.0034114539166711956,0.0212931398879629,0.008570620668418944,0.030883956821210305,-0.0015219700737718997,-0.008760845150187102,-0.023721300305293392,-0.0237870482028274,-0.03534829013261161,-0.0360960157568728,-0.0208299139419584,0.007493223071737288,,-0.006333615102954788,-0.05568974608339881,-0.033571183191942404,-0.0441788828047798,-0.0290956742077717,-0.022956983027939793,,0.0270431268805301,-0.010973856480036695,-0.0013248196954647998,-0.0304748752037242,-0.0341072918265975,-0.0006810442942013929,0.005018460716948108,,,,-0.025780478602330695,-0.029900942038979382,,-0.007690202290345817,0.007530229705405494,-0.011082492446792696,0.0477199151421353,-0.027538809420224897,-0.0206735421467305,-0.004443369102993099,-0.019686375466403894,-0.018347366732294812,,-0.030512202411476,-0.025245693151220404,0.013096109054799306,-0.003442116864961201,0.004844858940393618,,-0.01732454372806639,,-0.0257465224640814,0.0119537551852332,-0.0216928246112602,-0.0359003223288189,-0.007254408095647001,-0.0033726844786398993,-0.042269414468995,-0.008762835125210606,-0.036189502191246295,-0.014524298505617298,-0.0513383953008518,-0.02912519891316191,-0.03227015823116079,0.049287241844043594,-0.03688744946632969,-0.027731652249552496,0.04993695328593901,,-0.0012009128379759015,,-0.036059563204761,0.0036180943991770964,0.05259682682660571,-0.050194102084193504
2020-12-01,0.07780885805846802,0.1111919567987165,0.11874446752425208,0.011992900822575345,0.0020949850606433486,0.21177833379076594,,,,0.21324785053614437,0.2056463593957469,0.06722271217625898,,,,,-0.00010925976519979999,,,0.0117404495509002,,0.0395953892028416,,0.010973924644197951,,,,,,,,0.12817849921572422,,0.1180471019008211,,,0.11458376418900998,,0.11472284664478069,,0.08397931277799889,,0.0239100217098423,0.08609766660952618,0.133388851109064,,,,,0.05106889689712691,,0.11514301903724229,0.1291740872555666,,,0.1109073766179926,,,0.13907995667042503,0.1344754123302372,0.15088377068190859,0.1012123891812486,,0.10038593766166098,0.0884445476431768,,0.24228334267535198,0.19739301148708538,0.0909525228118084,0.1493262896969995,0.17197350829798644,0.1633968183087091,0.21341657600677139,0.10376637311733972,,0.0536571104829217,,0.10382465954441943,0.1828672052610748,0.0099919080009278,,0.0014783997140795002,0.0807740797853785,0.11663482125578419,0.09493409312637924,0.02849464725229119,0.0233691331172137,,0.07140834846124551,0.0636878192572579,0.1501736459029401,0.0023231383864932937,1.5561011680598202e-16,,-0.07791107883547921,-0.05560390394799468,0.0985248469138735,,0.0329303369487947,0.10814440681861448,0.1202120637217997,,0.0329532882730032,0.0351638825134111,0.03778390467882818,,-0.053974063694168684,,,,,,0.0172563477646022,,,0.09195518632210599,0.15178940364157806,0.15086328275871366,0.021214493331112704,0.058174261274706,,0.006501620075517499,,0.04927878927436379,0.13346540997793413,0.15351537532084536,0.11625980611586141,0.1673531021792767,0.1757330496298598,,0.2230485349238109,,0.00548820601708649,,0.11325633774930441,0.012983375178806801,0.09460793258445349,0.12263832063799471,0.1214100320921779,0.10342958845752716,0.09081695667593498,0.1105806651336756,0.1259640678383364,0.0983506041674799,0.1675815386550337,0.1744582461968311,0.1626600675410953,0.1250747746074901,0.1291277715078732,0.1322744755841698,0.1131760962235256,0.0898375682254647,,,0.11735484514399261,0.2420910795518595,0.1367900787754182,0.16361047514681382,,0.12549559478933114,0.08231278869597951,0.1051008481674203,,,,,0.03476519599138925,0.15272756036849655,0.16192696383968597,,0.1456088341142953,0.04903542223849218,,0.0021332307129731,0.0370132542023668,,,0.13363968375450122,,0.10556699924311462,0.09223368457957702,0.12024780995205289,0.3897957182502651,,0.01611262829976647,,0.09706917401704719,0.3656240151091801,0.0737195298540028,,0.04501185163497541,,,0.1308585611353307,0.16134649824380123,,,0.1063919829185668,,0.1245091654548983,,,0.1142083902137814,,0.13362440290222463,,0.11639299834052161,,0.16469358984890353,0.1238904733581113,0.0780074288162839,0.1326239889738919,0.08900336112942439,0.013939520416581,0.003103139758068701,0.0147279226676499,,0.11568985217170882,,,,0.030630048713886006,0.1337716970112342,0.1652539223647367,-0.04368724443827949,0.1589028628902069,0.1752384621453139,0.17596626124249806,0.16917452810951117,0.011971124112085,0.1328244290037029,0.0831762379464406,,,0.1255248141612108,,0.0129514888207297,,,,0.0014796125065920994,0.015574717720689807,0.10783492924741023,0.10325749124977891,,0.09251858275398611,,0.12085017851344823,0.0192442725669004,0.005452965727291424,,0.20693022871259711,,0.0173125050619572,,0.2095432888688784,0.011990930985573522,0.0105277488095765,,0.007446549667792501,,,0.1209434310950041,,0.028766844676346704,,,0.11953368026657313,0.14651088856457029,0.1328911378850982,0.1606152782120915,0.019857265248591903,0.059260844364475304,0.132111914972247,0.07608069906988611,0.2471652228375719,0.13362644514110922,0.1187495341975841,0.15162677420168127,,0.0019280693461961004,0.15181453340462722,0.0149221759867186,0.1180551926889411,0.08467877381748197,0.0956427011140532,,0.16715843672392372,0.15555641365727502,0.001084776530921289,0.09235027892181069,0.1188703776852725,0.12543695180374922,0.1259076866091334,,,,0.10387852952553371,0.09392056927870711,,0.12657054718360972,0.11596272570113877,0.1131163936174249,0.01415239019779739,0.12285762334920025,0.1166148358880652,0.0162475618681781,0.11156912016333549,0.12006524032551319,,0.0986934152720429,0.1053670712938703,0.0821299699967734,0.039175601205075905,0.16737860194655912,,0.11562945974958037,,0.22595913271437287,0.16650141186209153,0.35601683269418316,0.0962192072076664,0.1164103518444111,0.09960071657319361,0.24681655330746302,0.1557061692225529,0.08800377255221471,0.1486563161228306,0.10781105564229959,0.07202926778126259,0.0665496745716468,0.007347102207763705,0.0764800196120729,0.09533561571219662,0.18245799174880056,,0.09112850082268821,,0.2868192064506325,0.18685913297668078,0.17192968567514208,0.0268435728964148
2021-01-04,0.0611692626662538,0.04582914303092389,0.05397066146637519,-0.0008817651367295354,-0.00012697315671837743,0.026457614340629692,,,,0.1187361378746145,0.08557545559686378,0.0533345617920834,,,,,3.552554096369578e-05,,,0.0020434021288843994,,-0.005227945093808696,,0.003631375497559033,,,,,,,,0.06874990993773811,,0.0271013360477121,,,0.0317615121584498,,0.0323907188880003,,0.0527879784842238,,-0.017587710072886807,0.06892132593122159,0.0489309977324379,,,,,0.0280420690834755,,0.1010537629287715,0.055765379172768,,,0.0374185980059831,,,0.06117299684443599,0.03076278040733839,0.051350542551079896,0.044177756520942,,0.05196863334144881,0.04983865099062269,,0.027496930485220398,0.028360928203998687,0.08942733045541477,0.047191151198147,0.06949964875713328,0.1264018311346174,0.11634958006361722,0.10559820851834321,,0.04144474528749608,,0.0226838413425011,0.0399508320394856,0.0018201703276277998,,0.0002456147923160002,0.023913891335560898,0.05599632913352811,0.0207218677214447,0.024984056812092204,0.023009786700935102,,0.0508148511740266,0.0027453777787245005,0.06712936628253119,0.010551867524027998,-9.987515613786944e-05,,0.043121798075181496,0.06778817020519119,0.0365264789580812,,0.02239232677655561,0.021207145875867202,0.0109622984395018,,0.019380248318372102,0.021789786612271045,0.0195454395771539,,0.06730019094029921,,,,,,0.005886471906146202,,,0.06868336453488019,0.04822844627670529,0.04698070896398801,0.0052192360202768,-0.00017841362396670148,,0.0041826291089454,,0.051734509261927505,0.0745523594422047,0.0639935738011792,0.0615172383718695,0.0791885852672089,0.07228376642948882,,0.11907173101629472,,0.0030480958191270906,,0.0429805577535788,0.003856902331173201,0.0403331806931473,0.0359425373890291,0.0329839919097216,0.037090590606104396,0.039182216937543,0.04041988464083289,0.036638350095659494,0.04352657892862544,0.08292530267352599,0.07689093377685559,0.08895202353377642,0.04642216268101851,0.04573814996360649,0.044814024238502406,0.0430801744504173,0.04404339212074591,,,0.0560959465747046,0.043230867301195304,0.051591093560884906,,,0.0315348648605745,0.024759156664412897,0.046516746286828496,,,,,0.0210429345207058,0.08690175979485511,0.0827960569839946,,0.095247998751345,0.02068304133955811,,-0.002910080625804401,0.0015100438034184006,,,0.06268125635214047,,0.0372826044203958,0.039226838111441,0.037159854391085996,-0.09759364659381832,,0.0067270580317406094,,0.03660427564839985,0.12267888089365958,0.025724465555177205,,0.025992496725366,,,0.1044453957187703,0.07448671303295279,,,0.04786503584115746,,0.0498687015458601,,,0.044268525103459494,,0.04073498141869649,,0.030647942680780707,,0.08498006079958192,0.04848888400039339,0.057513249505686,0.06749299096676391,0.02665844023588461,0.0162013547514675,0.0019247912579922564,0.003841542463001022,,0.029637631003254804,,,,0.0165495843832293,0.04163946793051492,0.056953512930100786,0.15462562640469688,0.0856961859902614,0.07147275469386928,0.0529299203476415,0.0529143034425933,0.0007915669981031007,0.0530537131194614,0.0594254100152337,,,0.026732725532555002,,0.005152508420705299,,,,0.0002597706988634657,-0.011843292624256409,0.039367553733634,0.0363955693937627,0.0417626624179357,0.03905928342321519,,0.0328399570244243,0.0191868385403805,0.00879981291298899,,0.19562179397986507,,0.003992682456848399,,0.029992804182102394,0.010917556539726422,-0.0104712715249471,,0.0024796372842181003,,,0.03856944876696749,,0.003184302280784101,,,0.03601256737602491,0.07244842101905086,0.07978786307460861,0.0657635034920665,0.0055402628021278995,-0.001876612066566398,0.0510676302551416,0.01937934330359508,0.05123626371161602,0.054866007670033495,0.0555918193255278,0.0669604250843086,,0.0004074223945988221,0.0490805845479651,-0.011623261644846799,0.055557883042029695,0.04068812051840241,0.0248697491348036,,0.0784110853511101,0.019792570291046405,0.0028365661691576263,0.026836062041931306,0.03563879280044209,0.039405594328686705,0.035419926804085296,,,,0.0367681853108575,0.037647983047624546,0.032922145831056,0.045791351441914756,0.04382352470692514,0.0659543948813084,0.0088235300536029,0.06707804199496359,0.048181336867975204,0.00821275877215361,0.04569500901127109,0.034492183389052106,,0.040749164685389805,0.0401402676568507,0.05834309113697319,0.020605289750683497,0.07123227934858249,,0.0334962976766779,,0.0735722809773211,0.056520448720126126,0.13954563717936685,0.009138143238551612,0.02981205885723107,0.032917775191468004,0.057450365054015184,0.061081489488022896,0.0368810615723386,0.010041710832578201,0.05624606910122589,0.0164719479764472,0.014636684712025894,0.01472678282917569,0.0373193271566397,0.025880707425674103,0.1339876712372528,,0.0561282214880663,,0.08407702781650879,0.07215126886189949,0.08231122120047368,-0.014564679309352195
2021-02-01,0.0427083962676844,-0.0030911925696733046,0.0028240628766190955,-0.0074734955065197195,-0.0005857005564248837,0.0527536461050011,,,,0.0989620668422498,0.08163917897154888,0.0314522240159507,,,,,0.0,,,-0.007350589793141498,,-0.02962082532509646,,-0.004607894728250299,,,,,,,,0.021508775165208396,,-0.0023830812588775015,,,-0.015967954255932996,,-0.019336001822048497,,0.015498532490070493,,-0.0481534660511252,0.0312465885355764,-0.007843177461025698,,,,,-0.018811234307945207,,-0.019357673238900905,0.0014612256018204997,,,-0.005361318203293292,,,-0.008385793376273803,-0.007812539736793998,-0.009805550651292991,0.016901810802603903,,-0.0084727374194235,-0.014654754433337601,,-0.0384517780904038,-0.0265057405815443,0.04169576489477292,-0.0023927545170888895,-0.0673493220470796,0.02354401028458499,-0.08087481351143092,0.0020508153479281976,,0.042366131805581395,,0.017515218557063804,-0.023279421778047597,-0.004484645163777799,,0.0022857152808558002,-0.0283994745216981,-0.007009486666818804,-0.014649120216231201,0.0014370535317312963,-0.0076112523512116,,0.006565890329008297,0.06119457756530111,-0.0030452329847518982,-0.0152035538385281,-1.9971004017182992e-16,,-0.0428252026378971,-0.03276926536067779,-0.0078254925509866,,0.07847596254621524,-0.011356588932336003,-0.0010563646949289032,,-0.0037872312438824015,-0.0037504732047900897,-0.003365461337759799,,-0.032514074854884605,,,,,,-0.010493003846721097,,,0.0284439609596277,-0.009601327799261199,-0.014503669899167904,-0.0081248415752476,-0.027490277543575595,,-0.0009067005789366001,,0.018525775012750295,0.014683917475216107,0.011291743435433006,0.018928009885518994,0.05986903975821681,0.0606029181510466,,-0.0775472435836108,,0.00038722168925240004,,-0.002671158896183707,-0.005880208049406701,-0.003727764836444405,-0.0140881611121846,-0.016063337520074397,-0.0103627870355473,-0.0048692470352148,-0.007914545709322306,-0.009479440496110107,-0.007910445512808506,0.04731722729044861,0.04924185576209762,0.046645257498497114,-0.0038065538130891002,-0.0029218428383648975,-0.0023749301265484895,-0.004663058263412996,-0.008681593046879701,,,0.001784387090562993,0.038764543450245104,-0.023794408937169678,,,-0.0200389659529357,-0.004329264352594501,0.008193888756698301,,,,,-0.004969182949982779,0.0215265556554464,-0.0015891938187706026,,0.0455308136125924,0.12241698431370067,,0.0005826940050271111,-0.018485895205572755,,,0.01428122820313809,,-0.009637903080817797,-0.009765317294385591,-0.010071278042589005,0.2833171593670797,,0.003407158321613945,,-0.0050230816438636,0.05427909219383471,-0.09684908765805242,,-0.017286967943359304,,,-0.0028831356652051976,,,,0.0026102195307073986,,0.006209406232709,,,-0.007145087373260205,,-0.008187732719550004,,-0.0017316021642786034,,0.03900461374671379,-0.008926533316691191,0.03178948051723241,-0.00724842872482773,-0.0015814447154672007,0.0028952891384981,-0.0044758208649955,-0.007163354413563999,,-0.006250020345171598,,,,-0.0015416807370229994,-0.010216625189149797,0.0390061829836474,0.0169495583137738,0.0600930122210739,0.06123764184762629,0.036810663477250496,0.03177095061862051,-0.007497997638089099,-0.004454350349379809,0.0266807307753379,,,0.019938506561639105,,-0.005123376448934579,,,,-0.0042437165840091,-0.03586715803250799,-0.006967152066867101,-0.0102427133809406,0.019540678874706695,-0.004531866724753808,,-0.015531447739186298,0.0054615100255213,0.0050623347043215194,,0.0561036213334127,,0.0015229395671483002,,-0.001688202465753498,0.0026599921802075003,-0.030157524336473677,,-0.0006089516071663993,,,-0.00821800069422571,,-0.012339822111036701,,,-0.023984129470795007,0.01988521291082003,0.021510974677364104,0.020187237118395398,-0.008788765665405901,-0.0284924762182117,0.029045678943417298,-0.0418598872838178,0.04836769233559041,-0.007227922623580501,0.0037626177450021045,-0.015354060537076896,,-0.0044755723303373,-0.009004563093082297,-0.0357882631653159,-0.007062957498206703,0.023413031655743998,-0.0296190151473128,,0.060593065512096436,-0.0299153573580926,0.0007395082607302,0.00035316970171020423,-0.023285023337159906,-0.004750833058221701,-0.002609319270126101,,,,-0.010265199005458827,-0.005753655485566694,-0.0161372695004525,-0.0103328248934479,-0.0019153105742705963,-0.0041548690554691,-0.010475902552041302,-0.006422418123365902,-0.002270884998605994,0.0034367402914047005,-0.003345087132253099,-0.007933200522876901,,-0.0101962756763114,-0.008514580427063897,0.03085027050271321,-0.0171572836185774,0.026663453084246298,,-0.005698645558687198,,-0.026225510776204497,0.0824549117520321,0.074537980362356,0.045115332601818804,-0.02460974309596629,-0.008931288901321097,0.0367821831905848,-0.018141863302131595,-0.007812539736793207,-0.04362565760852789,-0.008496227829085896,-0.0510982371376289,0.005455550901536705,-0.008649741579482704,0.0139189011241014,0.007559364332569096,-0.033138767269591106,,0.002697936678516996,,0.0948438706328999,0.31357981951500913,0.05024461261320261,-0.0557988823451391
2021-03-01,0.01201056049151871,0.0226300993734573,0.01954823487791391,-0.0152995982176904,-0.007557334290498053,0.0746358128153828,,,,-0.0528876042665845,0.01301238254038849,-0.0009680542866354978,,,,,-0.00010927170420090002,,,-0.018604897742446898,,-0.0430247950392146,,-0.013232200219121401,,,,,,,,0.028368470157812402,,0.029966989735541297,,,0.026620518372139898,,0.03355523585558845,,0.041292301856673486,,-0.08060554115286381,0.007847573906060707,0.0221320509043244,,,,,-0.0250727774786442,,0.06943489129198152,0.03242639937010171,,0.0050574820444150015,0.02492916171032871,,,0.0314986670593705,0.050034332292599216,0.01733145635164,0.04867614558427899,,0.0181944224703234,-0.018336521088121796,,0.0380818872039974,0.044679933646441516,0.05467571355929709,0.0386018727351044,0.011626599739091302,-0.001476685677550509,-0.069327193860411,0.051464005970746,,-0.041116838088857396,,0.03659416065422376,0.0413321685791594,-0.012293381815437099,,8.730864771920702e-05,0.01347382430502199,0.014635107452912008,0.0209026937513229,0.016639568443131976,-0.0064314569075044,,-0.006473113040822009,-0.005892529495320093,0.039486334354864205,-0.0176956123774963,0.00019974033822526944,,-0.1030771526563952,-0.06461190698688127,0.016114468369941994,,-0.005910645657018198,0.032685615062394494,0.010364343621734497,,-0.0024585080946511006,0.00032168119461928844,0.0058198175234580995,,-0.0653365602838407,,,,,,,,,0.0140014732894524,0.027957557635053497,0.028594246998422106,-0.015681293832596,-0.03389175350931621,,-0.0028055169590354995,,-0.012130138776344598,0.06614494718584402,0.09146980106530778,0.040213113537672096,0.07424705675764609,0.10255533466938001,,-0.023469134540847,,-0.0039012000383401003,,0.031141612109690697,-0.0149675336616958,0.002599605872024998,0.059818495210909504,0.05730392899693181,0.027215634524683497,-0.0009451796544870928,0.028518418772666296,0.0582243284545258,-0.0002926360255830966,0.0601781089030762,0.09109743002470172,0.03074845623715581,0.016968458713188306,0.05424431258441009,0.073812555540297,0.030974557119497703,-0.004331149204401197,,,0.023637597637106898,0.1942119287802044,0.09027801933914609,,,0.04132564600408151,0.023983076162530412,0.013202276299494602,,,,,0.0015016279207209684,0.15170712307071352,0.15102167713211717,,0.167124822529883,0.033982202876563325,,-0.0035012679222548,-0.022896996911511296,,,0.0656222491208889,,0.020667152672980492,0.0019310282533520008,0.043262295539529705,0.1691113250571483,,-0.015692113548668896,,0.013204391601892802,0.21047990500858874,0.04062808984587199,-0.1005460574457431,-0.008821318525405979,,,0.1020395953145538,,,,-0.001336090543915802,,0.03764701791475599,,,0.0156401728386458,,0.0590889163700059,,0.051235522643693604,,0.06139982057935429,0.05865171391702939,0.01443388723651631,0.024324029515083098,0.027320549246090505,-0.016192063608832897,-0.0127853997661047,-0.013586535408384998,,0.051198296049949014,,,,0.006206525293852101,0.05240136799708011,0.011070966538055685,-0.013293247110663188,0.042487684170554395,0.10281357736394808,0.061358964839508506,0.06311476722083381,-0.015377515986644101,0.026143359979590393,0.018307147444355108,,,0.031511038859738896,,-0.00953713812604061,,,,-0.013783516383396898,-0.0572927119204172,0.0318237992742009,0.027425995737801502,0.0918127721807297,-0.0003634381286591981,,0.057945660485605996,0.0058795839490787,0.0017134701955227,,-0.07021596844162102,,-0.019454592456854807,,0.012271677607708493,-0.01702034626382369,-0.054007441257435604,,-0.0081953465725159,,,0.024629168379141593,,-0.0187341047031544,,,0.043915410518064996,0.0598571541109322,0.02947217672431049,0.0842798340406337,-0.0160464855225068,-0.0341264303940956,0.0008115594736278946,-0.006556611656565001,0.2025395741786084,0.024031510608234004,0.020612319556998306,0.11122563511022401,,-0.013888231094966777,0.025468550390925798,-0.05743856873990121,0.014693680582569799,-0.0194429138058395,0.0156377616516803,,0.0751412990372673,0.0661926559992756,-0.0062286854350049,0.03367789201412279,0.0295258659129536,0.0520267830331462,0.0724088592600837,,,,0.027286149967335704,8.742405041189515e-05,0.05747332056854781,0.03409687301563521,0.068375860302809,0.018128895573991704,-0.056972157398943804,0.039201650586760305,0.026389010592686106,-0.0157103547375623,0.030910675226349407,0.048782094479590504,,0.008418427194286097,0.025664950019073495,0.015551815789861293,-0.0278073394975799,0.050778764830670384,,0.0447049833735589,,0.0641078567051948,-0.0324410261679029,0.177791890156559,0.0284472345751981,0.04050484344041579,0.0677760229740596,0.20279550572159993,0.10980657581740272,0.012638398871723345,0.06662287561365471,0.013559529785632907,-0.012403016366005399,0.0156548406260901,-0.0630809824048071,-0.0212624421989853,-0.0051986749092372934,0.10300844723007667,,0.029810292321585507,,0.2245107754411781,-0.10471685662343053,0.037220461651049246,-0.0900449041834505
2021-04-01,-0.021248997666829587,0.028137846958930908,0.017181925156999806,-0.011531245153025116,-0.0059448000026835765,0.06957852304102571,,,-0.07862668224975589,-0.08322486468365724,-0.0872995883013758,-0.0670922229666197,,,,,-0.00010928364581170002,,,-0.0162336273599746,,-0.03338811664201179,,-0.0149615158801456,,,,,,,,-0.04125696911048719,,0.04968563521256511,,,0.0689877298949681,,0.06689882161346672,,0.0629095909842597,,-0.06470781602477159,-0.00728498598686091,0.024821130140608594,,,,,-0.029629105078577904,,0.0274313433946797,0.014235829385612497,,-0.006902926628140096,0.0382068139648544,,,0.01135914850707849,0.05679569134458619,0.043704434234729306,0.010209958232897996,,0.004387896465419698,0.022416309158611116,,0.013230622986630202,0.0279494175482289,0.025505985316319212,0.030482256280656907,0.0750737062305166,0.019474921800167296,0.04744577678343842,0.06548401995859937,,-0.046859804968777,,-0.026918003510615202,0.0471326878788583,-0.011545217754071399,,3.4139540559800135e-05,0.0664066045875552,0.0071171699188798555,0.0781201057847753,-0.011137387612779694,-0.029328141202218695,,0.007578594498407504,-0.05036058350852872,-0.020383981038693322,-0.03847071198860451,-9.986518208704185e-05,,0.043068104882174885,-0.011499023433098603,0.038943295442807696,,-0.06682191556695419,0.06715297798658051,0.0847852450186373,,0.0120410603411858,0.011078770338194897,0.0109490144896702,,-0.011009285508369599,,,-0.050330518295568005,-0.061834250607935626,,,,,-0.005732450433236604,0.032771294182343806,0.0331879912534949,-0.014618204798383399,-0.024366156436582704,,-0.0018806175115468004,,0.0033189135836644047,0.056527268147948895,0.0674011806667071,0.0237706561400441,0.0346996083136277,0.054538670867553894,,0.0399018577924142,,-0.0002836068359129998,,0.0353414131638826,-0.009884152909814798,0.026350833207800003,0.06179815686365879,0.06192931764141775,0.044527615962473996,0.027350667106965095,0.0377022356589799,0.058247243902338625,0.017532388416395497,0.013810394832821206,0.05310181426574741,-0.028823040556673094,-0.018404168220093196,0.026863466824594402,0.05189145804304901,0.03603797239427999,0.025865448571895207,,,0.019540851659168204,,0.05152336106323599,,,0.08397325950403879,0.056094859332237804,0.010035905040427496,,,,,0.009587528762095298,0.048458799320731404,0.06109235860005001,,0.036904556814390095,-0.16214557886807537,-0.03858891804447219,-0.005079127934098,-0.014892491965126396,,,0.04737037129149181,,0.04162323196317468,0.025308516565632495,0.0640920300048551,0.015031676977028905,,0.005660326459816,,0.0416383668836353,-0.0487054557780188,0.12070234272034493,-0.09233527002089684,0.031200262208353497,,,0.0007189719011963837,,,,0.016997786086501803,,-0.00036539987599481377,,,-0.0003043306271394014,,0.05869898987795249,,0.0467472865620708,,0.017436177116685304,0.09970048523696981,-0.010018869027399999,0.026941284626519305,0.05384945917961909,-0.0016337203437667026,-0.011120161930012803,-0.009603298259729857,,0.0701313942392605,,,,0.0119823472344233,0.037868592048563306,-0.041808740121661525,-0.0828175732488419,0.015403669905398702,0.05418071537633201,0.010732817166210194,0.02246964492743601,-0.011262460632866497,0.024911810820692704,-0.007282690358083201,,,0.0910290230910577,,-0.007858916851063599,,,,-0.0114841985652154,-0.0507144902900706,0.043499421307329304,0.044404408781653006,0.06106496957354761,0.026823393100894495,,0.0611774537182554,-0.0021884305684209,0.00550129434478642,,-0.09899837830255215,,0.005131481290052901,,0.054222624050947306,-0.0026260310320385017,-0.04133509902980039,,-0.0092047978082634,,,0.0362644996700263,,-0.013269324951242896,0.054537406438486695,,0.08020526801901116,0.017923141089310597,-0.024491526603789907,0.05175201306492071,-0.014805653240285295,-0.024987797532699467,0.04135402879961621,0.07825017645477289,0.02983456215376249,0.027310374803928294,0.0172870330545625,0.0569516552747986,,-0.011833613819053245,0.03261566714682979,-0.05034274740308179,0.0073239783035759926,0.020997307053015196,0.058543334764470906,,0.034524102785295704,0.0738328827800176,-0.0057908822171852,0.050178396236808503,0.020107551829721893,0.023699622497021088,0.0598315658445925,,,,0.0446803441907358,0.0281679607610607,0.06263541329516,-0.011097664420183808,0.0135502192920889,0.013590899900068905,0.0979988711658446,0.0194287780465334,0.0280985840746371,0.0052656119650508005,0.0358032786541639,0.06447531883891859,,0.017791794414854303,0.03913716434654939,-0.007119085013801005,-0.009047749520586403,-0.0023185955655572934,,0.06711747663424741,,0.057664503096667,-0.08686238471866609,-0.0678676286554839,0.1277018891964594,0.0772036143147163,0.025906552703741096,0.039712305160422595,0.0569401386085482,0.03682015584037519,0.08605527221898758,0.020226481263077002,0.0815064002841254,0.0658180884863579,0.10771705813549391,0.03944905147966221,0.04519451297874488,0.10923686241574058,,0.05452172382132141,,0.014633808349903,0.11999840033209472,-0.019133232574657585,-0.06833068508508991
2021-05-03,0.010947839300959404,0.0415826090157441,0.0252317223652924,0.0072902594595901,0.0035619404328586014,0.0708708883296224,,,0.0222553936352612,0.006812921001580596,0.007634914287694396,0.024300978396965496,,,,,6.241616381727488e-16,,,0.009354461949595199,,0.018097931842614698,,0.00827917206902022,,,,,,,0.013535966685198084,0.0245956864805794,0.0759565207101221,0.011228380326044698,,,0.033411133809116506,,0.026512559892504808,,-0.030455846134521503,,0.028299090849906502,0.0119270888359908,0.029096740272222105,,,,,0.0221801655724869,,-0.014057739490231693,0.0354001958823518,,0.015124027966183097,0.04980104033939021,,,0.0430301235855996,0.04479646469416472,0.0346787615315624,0.025628143572397802,,-0.0161839636500044,0.04597494720502741,,,0.05989814158106789,0.0736075133894185,0.0382252051469449,0.0365143039936789,0.009541845390121997,0.06116962407146559,-0.001013068671385807,,0.022669444350049913,0.040603868224264886,0.0481611014521054,0.043093060069123904,0.0084795966061075,0.0008473318342709999,-0.00027294197271402355,0.0440587725256172,0.050381297310774384,0.03772082435029381,,0.02436623132309079,,0.0534225056135904,-0.0081773642678089,0.04027621505442393,0.012138337644368401,-9.987515613766642e-05,,0.05565300778036318,0.0350137111914996,0.0500412470003085,,0.006241932422794595,0.0072452671643444995,0.016087599858564495,,0.006343628942512499,0.008243498390021699,0.0062479050396761,,0.0356425526787058,,,0.008180332729251494,-0.04460141836279177,,,,,0.017099700328817406,0.04705047272451239,,0.010312314802122597,0.016168953242618796,,0.003839928464511698,,0.0702996816046829,0.043047714000799195,0.0460159777455517,0.0389163902938304,0.018350813947192894,0.016734321013819595,,0.027506645789833292,,0.0028164804622206,,0.0499331995721084,0.007718038218575899,0.065439921120851,0.0371811220406921,0.03581372212313469,0.0515848410446202,0.06611154223731179,0.05201233171244769,0.038827264699471196,0.0664550918344817,0.017720222326264995,0.018083450674420146,0.019330477597697158,0.0532314502228795,0.04973655780459309,0.0461290217984628,0.051390242012725906,0.06774339194080331,,,0.0279218419759932,0.00721750521539679,0.06901958409931269,,,0.04248661130285748,0.0759010123798202,0.05932254703836529,,,,-0.0313292276803625,0.00730367427611841,0.033175253546590594,0.0588266504706195,,0.03043358159109799,-0.015974991518818888,0.0841134655962165,0.0017610805842990223,0.010365546821410401,,,0.0422217076690873,,0.05277903317443887,0.06944028510576675,0.03143352260151219,-0.06868100496329439,,0.0075814998053076905,,0.054432996960218985,-0.045543895634083814,0.11481537100111,-0.11285314030111929,0.011719664667226095,,,0.006626098741801316,,,,0.057417765965869984,,0.03140189754814339,,,0.0498708428712299,0.03831581572457819,0.04567255795705401,,0.07702363478211129,,0.027312206292180896,0.021567468737245597,0.014060534718776201,0.029336834105965,0.07724943595062492,0.0153997498728496,0.006739535264608121,0.009631805484750197,,0.03921093723365242,,,,0.0026160904390510006,0.04645566252557399,0.049605362695523784,0.05610548574580512,0.0178936953180054,0.016811183844564506,-0.0022608169120030934,-0.004609773774276994,0.007225031912286198,0.030085834622314497,0.014062377343462006,,0.047878871269607895,0.03343891003789289,,0.0073846836517347005,,,,0.0062753289141391985,0.0227791299528552,0.048993436860446105,0.0515581900391339,0.043457479615443495,0.06603341386675088,,0.0372907008725324,0.0074235915210733,0.008607020370551664,,-0.0986392411919847,,0.007813451533486946,,-0.0180384055381671,0.014189030754137943,0.019004778810990004,,0.0085394769981351,,,0.04230287907108281,,0.0106250282030742,0.039115089822657004,,0.04858364220508739,0.038532379836201495,0.0357627956084617,0.039311283292368396,0.0103524495179616,0.016261496805263297,0.06125770333189031,0.018180802669146002,0.00425563779689141,0.030086505174832613,0.02538372538980401,0.0608334409450257,,0.0066088165416025016,0.046671519309145995,0.022654876367193905,0.05018525794064159,0.04060688941959779,0.0395266223006505,,0.01783804149420861,0.035195161687512695,0.006030711042934,0.07566192572351138,0.0244476303503584,0.04716669281463599,0.0440229163701091,,,,0.0515444294714119,0.06571616935361471,0.0352199691323175,0.048969892779714926,0.0647019567467089,0.003911029184761496,0.0370943237600355,0.041803050869526,0.040488914078250005,0.008520765391426748,0.0491379906605016,0.0338051932628827,,0.06684823498037959,0.0523558705062106,0.017709688782945196,0.020621122832747,0.0396206627301882,,0.025201568169054403,,0.019632435658423892,0.00712531019876181,-0.05263865704695028,0.06837688909404752,0.052409422553745096,0.0625162239899366,0.006906385363534204,0.0628851727311841,0.0562605331715046,0.03473749809518599,0.050653029220583214,0.018421000980037606,0.0797894469402593,0.0409968699219774,0.03856486628813713,0.0624987220279023,0.013436380296335995,,0.032136562352214196,,-0.01411438560660931,0.039668992887337204,-0.03320753415405711,0.03549686732261619
2021-06-01,0.006914553372299605,0.014611949327898398,0.030455673285142905,0.0020314436903950007,0.002750078896478339,0.04771328352634091,,,-0.0474226785516075,-0.07449658020916959,-0.07663263037207083,0.062451431868442805,,,,,-0.00010929559003160001,,,0.005536238491904098,,0.003259675239402301,,0.0016309280321856353,,,,,,,,-0.011970206586073699,0.0378023646465346,0.0268688920129672,,,0.0180685944105002,,0.021628138892604704,,0.032084776287832406,,-0.001090427711442099,0.0163531434810252,0.0342300941235471,,,,,0.0241358175196984,,0.08537447385883698,0.028416384447900893,0.03782095344678381,0.017583861528145804,0.006990481802870697,,,0.032690102041096895,0.0615327446240169,0.03295752833251042,0.029982379482202694,,0.017059237228859596,0.0513689018122349,,,0.052671468120436,-0.0343611424342391,0.0380021602409382,0.05665723728696491,0.0161019963958922,0.0900298763507582,0.07345617134993289,,-0.007642726205256399,0.020384191720828802,-0.013329131685776804,0.04502232796047728,0.0034744232545554006,0.0017922034122289218,0.0016542952894716301,0.017014276067748503,-0.012564001308101199,0.022563002791630198,,0.012972868694516302,,-0.0033222621919777,-0.0008646779613530981,0.0033755306312812997,-0.0051174803471562,9.987515613779273e-05,,0.13738020460852,0.0739786110679421,0.005514940245667399,,0.0028037755646241986,0.026023773421304602,0.026557909716656704,,0.00038811086004850105,0.00023203543752579913,0.0024232582419490005,,0.07321736796838775,,,-0.04525807070411251,-0.0138650401371718,,,,,0.017863024171717798,0.04222811171401291,,0.005701702763855101,0.005910191681465002,,0.0030913539433691005,,-0.0238126883424499,0.0027560881019802015,0.019392860131905495,-0.016208211303744998,0.020682056858427413,0.0382102307216289,,0.0762952491127865,,0.0025749142167407995,,0.004455735054344599,0.0020964731769650673,-0.009224297151464098,0.023767873012673302,0.023427231752844203,0.006591103299114802,-0.008953128397363001,0.004570082429367302,0.022468624382193998,-0.0139569606840186,0.0027087651723384986,0.031223172271139903,-0.028013406849587006,-0.014598799421152654,0.0080754140055451,0.019466808443306203,0.003078463200812242,-0.013214665294403098,,,0.029181236114279908,0.05629590050692881,0.027176587983228796,,,,0.010031180513269403,-0.0064683278564228,,,,0.029097083896421294,0.0007461212010711003,0.024860869742265812,0.05006615541062009,,0.03307750507285761,-0.06515977698182611,0.04384305946577731,-0.002740800462799699,0.0062023930756718,,,0.0023734347485378916,,0.004858636995618303,-0.015390856095604701,0.028597744767133327,0.009311054233089295,,0.0018825951136088744,,0.003941875653161002,0.15326637846548252,-0.042736937349649486,-0.05616167489966489,0.007905993082095025,,,-0.014291735773895088,,,-0.03707036682146239,-0.012084919073289702,,-0.007013786508006508,,,-0.009718701921679208,0.046135635649851896,0.0189718449107225,,0.009441837797670499,,0.0037026252960339046,0.03169837498719119,0.0181403898345974,0.035500685389342104,0.008524053406930299,0.013247322198094701,0.005021823605808799,0.0030747222742491006,,0.021438603161328004,,,,0.0024894467289866,0.015226517995800399,-0.0261768696716073,0.0757725584723297,,0.03869933069360239,0.02515421435666841,0.024921439989637202,0.0024595899699095983,0.0339930220622071,0.02095017564120459,,0.05052524519464839,0.022435869136186698,,0.0040772590872441995,,,,0.0034961185851178993,-0.0007691991299259024,0.0082892040894057,0.006544557240285799,0.034945522837585404,-0.008668165626550296,,0.0221225713835928,0.005863845665218399,0.007438446117103469,,-0.049806916605631205,,0.0034691587383486374,,0.004940721512976493,0.010177036952182644,0.0005789676168439979,,-0.0008682610839012999,,,0.015970806134366935,,0.0039507905029551,0.008717968451547304,,0.05267480276285212,0.00040443076921340597,-0.027134551825027498,0.02210510560839281,0.005703748041799899,0.007061271118393501,-0.029011887758268087,0.018180829989683414,0.0634030106769231,0.03513901266927291,0.03116108193582031,0.040483407139200796,0.014041887636274909,0.0031327531403388003,0.043575358538630996,-0.0011493869729647002,-0.012439764270971697,0.0073189929610141015,0.017427800106229803,,0.020674717983059223,0.024785914449945302,-0.0030613901756347,0.0080418607904137,0.0299970776179934,0.008026999938857046,0.022034432968823396,,,,0.0066519668434655,-0.008806044977892565,0.024349757117821898,-0.005874516226485601,-0.0008655511215497928,0.015853178871058,-0.023662763146948304,0.024792828966722708,0.015669696782414203,0.003777769694912999,0.004549744744888698,0.028777399863148107,,-0.01440403140315761,0.004700601338643095,0.016844867698239296,0.011357988754808299,-0.006814429291716703,,0.029838777766583006,,0.0115662069522605,-0.0643921404010145,0.14958672706934328,-0.005055891557533402,0.04956974827788471,0.009436438296156199,0.05513207069471549,0.046607761872828495,-0.0027135326072693453,0.03081625155597895,-0.0093492230793474,0.017523063939886997,0.011391498286096098,-0.023658974316647,0.018536438959808707,-0.034572467500915104,0.13870828080405617,,,,0.1048990625713087,0.005800854165270803,0.010968414375253307,0.0016887554951443046
2021-07-01,0.004741513823748796,0.0124962229400182,-0.0038471611266772,0.008244762966927978,0.0008538933434946127,0.05853260671801241,,,0.08240179936133049,0.15412519205501518,0.11298344731649267,-0.0382335462419211,,,,,-0.00021862702317089998,,,0.007341280099000013,,0.03786459926572221,,0.005875192025284975,,,,,,,0.0413417257566634,0.0302512063704227,0.0343494800146379,0.012133854473943004,,,-0.003947923391856399,,-0.0005450123563078991,,0.0007910689178572969,,0.05333687194210571,0.009424494809801499,-0.010875693424213899,,,,,-0.011428005093223101,,0.0027959302419145998,-0.023157574454467582,-0.0128434790980624,0.013863959800015705,0.026091079697856703,,,-0.014991888020187399,-0.0098342054178814,-0.016686973756762407,-0.036313567754313596,,-0.007967597338064299,0.0162224842512295,,,-0.018309282025648802,0.025177483835275793,-0.016034207423951903,0.005307715831749793,0.0124184955378856,0.05623278041408991,-0.0738733650144925,,0.0577719860766478,0.0653828625252876,0.08099268093121843,-0.025545387311301,0.006728991484288499,0.0006296377797457892,2.645283086836705e-05,0.0064317360350544025,0.06896861553817839,-0.009474092593369097,,-0.028819925782162404,,0.025249936340488957,0.005208954620344798,0.0448912103385532,-0.012082967112118901,-0.00019976028831856428,,-0.1485011854807874,-0.07415972127399767,0.030784943699867895,,0.007982375749882795,-0.007941439239925423,0.0172538726768384,,0.013149017558299399,0.012067105647431402,0.009644826967936,,-0.07292067608073471,,,0.0804925993857638,0.0288320680109375,,,,,0.012061413557543903,-0.015002192028621601,,0.0112065576288893,0.0378157092116548,,-0.0003402040673555407,,0.04314842117212042,-0.0003894320663070007,-0.029313953823520405,0.010455472046063997,0.0033802567973016044,-0.007135518408459932,,0.040488670277311706,,-0.0011455283222589,,0.0232912851943042,0.008308404756438799,0.051607339219295,-0.013850993072102897,-0.011373383413030198,0.0223082724641214,0.0547183883323233,0.02408170034839081,-0.012062533203505902,0.059322806039230604,0.018528550533909997,-0.00826777759090729,0.04487036284642323,0.06549042445190759,0.013517368964244198,-0.0123464356402497,0.0234477543649653,0.05943297284527166,,0.05671487912229521,-0.0036869798833766986,0.04657706789001741,-0.014358130212199399,,,,0.022295505853948086,0.07319047813588789,,,,-0.10473997576822698,0.0131305061279455,-0.06418626840377552,-0.0637492544053384,,-0.0708855822527633,-0.008845827405368399,0.08723562305329949,-0.0021587683783582997,0.0218731391514173,,,-0.011016268069419596,,0.028266375739574304,0.05809885148645841,-0.009143762019933402,-0.0471988747723671,,0.0034783903115120475,,0.031242501927394407,0.02802341734981069,-0.0133511288676803,0.11766544097243442,0.01656124435183042,,,-0.09688665263768388,,,0.1022431356322663,0.060731065209106296,,0.07362737294215949,,,0.07396931579846029,-0.03863380662466131,0.00022981730282640306,,0.02255960029348941,,0.017422881507092498,0.004577553802833398,0.008016198034385798,1.7687304552890457e-05,0.026920742448694596,0.0107630465800037,0.002047648891756099,0.010003142137837399,,-0.019056070418833997,,,,0.004351616962780399,0.016121756625128502,0.0781407666157474,-0.06706423058054528,,-0.0076497655841838005,0.0510444572983022,0.0521210786104243,0.0078029753673834,-0.0107783238901995,0.011377739626369801,,-0.012109677487888904,-0.019932196797511396,,0.004813631402806,-0.010457265825751398,,,0.0007416561617976002,0.0403069718599935,0.0200833042537563,0.022177294405938602,-0.028081993395948898,0.05454378427331991,,-0.011913957873847145,0.002379151116829701,0.0007652110280017714,,0.12149808868044258,,0.0017971198495639674,,-0.0247550877790758,0.007205243523477156,0.031349298036972104,,0.0031799234212447004,,,0.015569836606769336,,0.017263792878484,0.0169937334949814,,-0.053246849479834595,0.0145100104332394,0.0460777076121006,-0.010240376124696101,0.0111537878093759,0.03935713961801762,0.030186184179809044,-0.006972424653164796,0.050733907789306705,-0.0093748200966444,-0.0048974747765218995,-0.029141738618239304,0.020008498967173403,0.0016881490633730996,-0.013982824630349897,0.04084970279311819,0.0702280036351153,0.0321968006827459,-0.0014383106097408008,,0.003476920636171701,-0.020192611328360997,-0.0009835760930393,0.0260487686860326,-0.008870750766035097,0.01756106868620081,-0.020263243118352803,,,,0.022342534608040403,0.05485521736149442,-0.01247116929393338,0.054224861497843196,0.03878582326698719,-0.005861757014036401,-0.018813804867404298,-0.0014643065693336192,0.0116837385604996,0.0038767239025286,0.024497553510026502,-0.012549686695471199,,0.05846039951744011,0.0261620330902825,0.013160992477906294,0.007576894638650199,0.0334061077935955,,-0.012061243121122103,,0.021733635803916206,0.055422151575486286,0.05573379613489805,-0.022014278013262698,-0.0498174536432252,0.0290650234699941,0.051098385409842115,-0.03094711874341711,0.042311237070434896,-0.023123181566414193,0.06837788468266151,-0.005537779614928198,0.030766071937993904,-0.0146833077433981,0.022681705306381195,0.0355019649965514,-0.0743815213805161,,,,0.08572598229480498,0.041907972614204606,0.07339745605672582,0.062973765890585
2021-08-02,-0.0735383338586263,0.009050725825778299,-0.016656824137345205,0.011100356423991797,0.008198976878338359,-0.07113350604979449,,0.0091773431417381,-0.06548765620170571,-0.08602477935108362,-0.043239943204734885,-0.07369061779484788,,,,,-0.00010933143836359998,,,0.014381291139507597,,0.029434557872194598,,0.0087038998946,,,,,,,-0.15389338909721068,-0.010767749669754897,0.012903404835907985,0.0034579100820763065,,,0.025873650298199196,,0.013642773900504102,,-0.020865138463961493,,0.048476107604792124,-0.0665350732119944,0.007703517290641099,,,,,-0.004632772324486798,,0.0230633489309215,-0.012649774594792496,0.006683926768886697,-0.06685941091714231,0.0219965680885033,,,-0.008115986578179907,0.0016085794353256034,-0.0023148158484511943,-0.0242436116099933,,-0.006386950787273892,0.032570897744249504,,,0.012862757734040704,-0.005645302745535801,0.0027485129533493004,0.021235722229811807,-0.04870967803312511,-0.0806184366033678,-0.00925266187799111,,-0.02746979699491301,-0.011956839816073794,-0.012162201029788001,0.004261672761506902,0.010018636674973503,0.0031638197280829,-4.2414364613671453e-07,0.0319141379708418,0.03306638399200561,0.019176281804254795,,-0.0002707703432759294,,0.0413171327849229,-0.1335005584047024,0.010655871368302101,0.012432719374501104,-0.00019980020046515002,,0.027287614727615407,0.024982667607154594,0.02593077828023409,,-0.13674464519246818,0.007431141638031701,0.0228196081127009,,0.001035989072588099,0.0029388375812913004,-0.0028194519313423988,,0.024902414689885608,,,-0.07043139947628421,-0.0324914871078623,,,,,-0.0580808380359686,0.017135858502592503,,0.011395379778807798,0.0223049895052931,,0.0032578014381452218,,0.0563825326216862,0.0035286507038112033,-0.002090659318943894,0.008857235908864003,-0.0243695987355786,-0.04461129518373368,,-0.059475219181024185,,0.0024466821632067003,,0.0180618998050129,0.009739179158112902,0.0353166719249,0.006648223932880499,0.007893446280162194,0.024084259981343593,0.03711376633389999,0.0207271897129218,0.008474892998330204,0.0332555004874315,-0.0369474999338716,-0.03567750145815651,-0.038059976692872796,0.0095829121404243,0.007543410172857892,0.005983109112165596,0.0169321544598034,0.037469768538056204,,0.03321983788014401,-0.011801975877393801,-0.08535644538524091,0.014210700982357195,,,,0.04582417725541821,0.037419835465094295,,,,-0.0548257112221701,0.0018230643813426835,-0.036916277654165504,-0.023722736852404183,,-0.04622212304113322,-0.3241664925457161,0.1391737388397825,-0.0015729456644591002,0.014092067902608604,,,0.0028269001243961984,,0.0247022187844452,0.0346590369186177,0.011279253181654503,-0.13617266753184912,,0.004586267527833801,,0.024769691642436798,-0.13715947597744368,-0.045569003987479914,-0.10775992949005582,0.0059525013785955,,,-0.022697297554268595,,,-0.0360412620601364,0.028207711645217407,,0.022998092360247503,,,0.050258107452032706,-0.0230708882549555,0.0128540710545905,,0.05110736805674779,,-0.7201942617199073,0.006326632411362096,-0.0634037232529648,0.0030364395799504966,0.04212274241534329,0.0316928324970001,0.012748120339876302,0.012300089650567303,,0.006845992507989598,,,,-0.0006375152180068014,0.0125160001402954,-0.0014166314877985977,-0.024661646926129602,,-0.04510428075706798,0.003426094942172697,0.005860870880835088,0.011018254021758203,0.002985481929797194,-0.060006680913115416,,-0.03761818684861358,-0.005999913021177902,,0.007257178248730602,0.003172256017554798,,,0.0121010960804964,0.0357236251030284,0.020923610326899596,0.0241192438968941,-0.014826254747339195,0.037405015123987286,,0.0080604970421776,-0.010205278017829299,0.013062947822090398,,-0.041834671737794905,,0.006039496730973832,,-0.06423071833413549,0.026399961294936596,0.03276982958862787,,,,,0.0176981909990758,,0.012794472459466398,0.034843009375099605,,0.015368873778191197,-0.014891941689633491,-0.013374524133953195,-0.016606083278028698,0.0124576034513967,0.021740140469827494,0.003370003825252408,0.016249916005560097,-0.0909843277765309,0.005033892527293005,-0.014299576355084598,-0.0028786556636883993,-0.01973874615159031,0.011760394545006502,0.018414013702683994,0.035910713715209694,0.033148118648956,0.036902211162679596,0.031352922609235,,-0.025528456411362005,0.004469508176865597,0.005174028332584701,0.04325934008124132,0.0006851661795964081,0.013059496643052212,0.003906948674204773,,,,0.024176808643946297,0.0369990019921092,0.0078897249897561,0.0187775331529971,0.0059618894095496994,-0.010012293652424398,0.03845540274929969,0.009264391315975198,0.0061580104152509025,0.0049671486652204805,0.017219174749263298,0.010061248059348993,,0.0313367554532935,0.0232883527721953,-0.06072819926656611,0.006430350630451601,-0.011358607655726303,,0.0055206688853241025,,-0.0383684687070179,-0.09272121501308236,-0.1567632999922327,0.028932920417301104,0.020440774215441694,0.0175067212174038,-0.08680892734828621,-0.004644182640422997,0.028599343906613353,0.009331327428884796,0.038136555302135805,0.0217707213024989,0.045206683070423,0.042111485350126196,0.0480526382516794,0.010473633347249291,0.04362345459495251,,,,-0.1550819231042415,-0.0203643401028773,-0.007252268762139193,0.0507593526267831
2021-09-01,0.010874597423322897,0.0215082889124308,0.014393788964901425,-0.002011667952949281,5.802011906770008e-05,-0.046786863947255994,,0.0086915976611346,0.0606710481494594,0.0167751733617021,0.023576204166685495,0.006088701801502098,,,,,-0.00010934339303389995,,,-0.002591960153501999,,-0.0036245011794351174,,-0.0023255824434752163,,,,,,,-0.01718519414974551,0.019798338852690302,-0.0165463961144083,,,,0.022197620179777496,,0.014363311814372904,,0.012802569079034706,,-0.002834067363832295,0.015575740326557707,0.0143635767380379,,,,0.0089457816907199,0.005993887573333202,,,0.0011743982559405996,0.017196685461948105,0.021783271444081702,0.029946459322248896,,,0.005803846819800298,0.00026784518708400373,0.0123796024645919,-0.01195771239417818,,0.0190397604583566,0.011871924161310297,,,0.008570368001706408,0.021315470574105305,0.006686955008544,0.041751794680221804,-0.0234848914749758,-0.027101929777791307,0.020648796608861195,,0.03468504374309969,0.0278908926801139,0.030493518595124586,0.019164533049282298,-0.0004130842219792787,-0.00019605866602490036,0.00029290749005780013,0.019425482279451102,0.034391506918901506,0.0205085312935424,,-0.005430860560387498,,0.028034311585807603,0.009818439209289005,0.021913070398238695,,-9.991507227176032e-05,,-0.06874744259873927,-0.0007658095864826004,0.029243155220274902,,-0.0010373444913627967,0.0006167763353424013,0.0200514332175349,,0.006075621531495299,0.005754897890165101,0.004940212320592399,,-0.0008684325339546025,0.0384594520225283,,-0.042160414970216775,0.0269347299158712,,,-0.0039540508889226,,0.013825829031927497,0.017521924848696604,,-0.002579964564993099,-0.002211885607250003,,-0.0004042234440545001,,0.029714349562555194,0.019642669175782692,0.0238755583965114,0.013744666904112902,0.018955784758273496,0.018084030905750108,,-0.003710579396535503,,0.0005484905167515,,0.0279471049148912,-0.000745345388245099,0.0400990490022993,0.0179223622047165,0.01626377246899196,0.0297748225747474,0.0403767443777337,0.028204594113555102,0.019315898015322363,0.03583559317816646,0.021792034032624405,0.024942643845579798,0.018360651834562806,0.0322844721652321,0.025107991385147903,0.021213694325605898,0.027922182212606603,0.037719008066847,,0.0334830060868037,0.015206814032232707,-0.017372038084237297,0.0301927810463307,,,9.540979117872439e-17,0.019210836265677548,0.047594243086965006,,,,0.003924138456134296,0.0054802926873882,0.05257633668674422,0.0512853452303595,,0.05170075491545649,0.01084074872192382,0.0271263301232508,0.00015027762136548433,-0.0034508027905909983,,,0.019866338810464502,,0.029219887170727096,0.03716498600969948,0.018780356305364905,-0.07213972026675072,,-0.001954182059289545,,0.0341203243617891,-0.027029390082426104,-0.0712997920840931,-0.022970062133621905,0.0033150138081098996,0.049084325077568595,,-0.03361661079898511,,,0.003439255726541794,0.04132108820940105,,0.028053095257035397,,,0.049918453750683905,0.027982997407991903,0.023433009550402097,,0.0176884522057828,,0.0222361414468824,0.020675595094301003,0.022746455634885303,0.0115550142725998,0.0215418437747548,0.0046965085456114,-0.0038320896920973004,0.0006500355341121004,,0.0129919116069938,,,,0.004789783869947498,0.023081428953433698,0.0346447464395047,-0.06513116391832528,,0.019819379859622413,0.028805107830043496,0.02438828878749879,-0.0012995813789032995,0.0139937697994619,0.023752990363240203,,0.0268417904033488,0.014702801079585002,,-0.001474149312931699,0.019653570082776906,,,-0.002898875168656401,-0.0020944716406222975,,0.0293256378240349,0.023024040068398095,0.0406200466404801,,0.016669125855569504,0.0032683327927874994,0.0001650615274838309,,-0.00046701693785199377,,-0.0030390738338906,,0.0840434060430935,-0.0016444498132733,-0.0021512610236185388,-0.00342007549727,,,,0.024459720457191497,,-0.0022310319501661997,0.0185876541489816,,0.018670950322040893,0.0194536095126112,0.019635294498286705,0.0206288460157221,-0.0034623671609041984,-0.004184811016488998,0.0184593534110586,0.011310458008029198,-0.018645842451742587,0.013047000115335095,0.015088033385602401,0.049850853083358605,0.03333514866868859,-0.0029651980273148995,0.017937700686667103,-0.0027405537774731017,0.03450138952726588,0.02339626094338599,0.016578567281975504,,0.020066207180807497,0.009482090512358097,-0.0006327254215165997,0.021316020931815192,0.014618652311237603,0.029784467485674603,0.03236663921789919,,,,0.029090293770013497,0.04101589374614661,0.0170319580031561,0.0297406003055125,0.0353772846586064,0.007701278818604998,0.0363626907209204,0.016848263757048704,0.0223854552834725,-0.0039417672104496,0.028184355880466905,0.020670728855053198,,0.0360719324116427,0.028829010445590508,0.02167686966801908,0.007918968646607244,0.019806833625021905,,0.020667715463541004,,-0.037776578911781204,0.0736332510434536,-0.027755633760336126,0.03531541662202979,0.018630417406461607,0.038333463801373195,-0.020450610471291396,0.0501974038669134,0.03751685514769476,0.0110647205721205,0.0349744222718295,0.010433425659189026,0.027643690929707906,0.038369018755065196,0.02289148432036851,0.017579006840825598,-0.015459028596062706,,,,-0.0018132371241808103,0.007320676910848193,0.059018522611328395,-0.003951533065927401
2021-10-01,-0.044108710272474996,-0.0431890866625557,-0.03493572767396,-0.009211634758387502,-0.005790231853228981,0.029534800129357094,,-0.0037780304738759996,-0.08706202400526482,-0.09897993882088489,-0.08420506184434509,0.005789489855259202,,,,,0.00010934339303430001,,,-0.0128526207072948,,-0.027945545654056696,-0.010187758060969299,-0.010080186154244601,,,,,,,-0.0758004972404129,-0.0219832558196599,0.0508239454701711,,,,-0.0456077578066596,,-0.043041303190018,,0.043536832824159585,,-0.03914124987095169,-0.03950314188961031,-0.03315778072283631,,,,-0.0267431137965299,-0.0351762115547437,,,-0.0466504362415333,-0.0321393466762339,-0.0406675424387065,-0.04892506280652909,,,-0.0433650917076124,-0.028247396842771402,-0.05983809287094981,-0.0719908750649052,,0.02668748358535071,-0.0875121818650578,,,-0.03768065321033991,-0.04647603349163651,-0.0232925026233206,-0.05737711258330219,-0.07209574743532668,-0.1247786015149272,-0.0495695046035072,,-0.045898507321036,-0.030857108543521992,-0.05556755985236591,-0.055445209646312,-0.0100335289895779,-0.0010019995319642775,0.0009283717241004999,-0.05903767279906251,-0.05876582005295519,-0.050173782071584405,,-0.020261981285520918,,-0.053005537339995495,-0.050342418610779295,-0.0427536512197948,,3.6712440813074787e-16,,-0.1009394916230583,-0.03276625070409184,-0.0523854567921863,,-0.045746021788203126,-0.023861130719794003,-0.043646591968392996,,-0.0037095503039801,-0.002563006127819201,-0.0002057157946530998,,-0.032973255033236004,-0.0627725505722042,,-0.058733289318495696,-0.074734631584839,,,-0.016096310767720102,,-0.0370324397996149,-0.056186760267036895,,-0.010932051702266899,-0.0255360581226084,,-0.0022581629923593997,,-0.04319552066354059,-0.026562032090712805,-0.038497781934562506,-0.042891954915239505,-0.024175640610078004,-0.014658934416308094,,-0.10878343750805691,,-0.0034220846993597,,-0.0462616269027747,-0.009414008057258701,-0.05950239734891828,-0.03373507365365351,-0.033588164218006096,-0.04797687451982789,-0.05993480279089759,-0.047120433043078204,-0.036109794976690694,-0.0581112150428795,-0.0292118926396989,-0.018456046283875996,-0.0391393820996491,-0.05077205274842421,-0.04234364042396879,-0.0379888744285806,-0.04581724384875755,-0.0599165813057968,,-0.05944039064910671,-0.035285570006131105,0.0847198968238101,-0.021861627613485913,,,-0.062123808224139695,-0.057882461578040986,-0.06579156645612763,,,,0.027892818778207193,-0.0024221234721577,0.02007219465829321,0.01875004325083119,,0.03330653097075211,-0.075088652824649,-0.04310343105926448,-0.0033553766800779,-0.015191106331367455,,-0.04714580419934711,-0.040853119829043695,,-0.050276721211555096,-0.05600104437337919,-0.041750066143818806,-0.1494738217080251,,-0.007076623501534691,,-0.04939735296543597,0.05869131091161641,-0.25875637505563337,-0.05345847969452561,-0.011239937015001606,-0.052982502309955895,,-0.0494234764135251,,,-0.06777807641412292,-0.058487227468765196,,-0.0588785221137724,,,-0.055356486676941645,-0.017008539199345498,-0.038640642179851,,-0.056593260443687676,,-0.023878396257584006,-0.021986547668369896,-0.035136571751454806,-0.034039354411284396,-0.0566212258775292,-0.0011280018483237008,-0.0086305582535706,-0.008757635344157301,,-0.0521675930718756,,,,-0.0003721694434546211,-0.044951678163290494,-0.038540847483314496,-0.07598590697792248,,-0.016206531294324696,-0.0552597415802771,-0.04153512138488238,-0.009968226320547799,-0.0328699970683937,-0.031248926141487204,,-0.019758934234809795,-0.040675294849754906,,-0.0069651386392997,-0.0404293207990854,,,-0.009991419660961101,-0.0295684640701547,,-0.04769484518717541,-0.022859921746054095,-0.0598866687470885,,-0.033758994434833996,0.0010870747890833997,-0.0003525434959427799,,-0.06863424975813731,,-0.009234372799109694,,-0.0637340158648961,-0.007835049340487,-0.025896377685510102,-0.02950073582346229,,,,-0.04302737363015743,,-0.0130540032495151,-0.0511557526419069,,-0.07223914225382241,-0.03173352797074821,-0.039546298200277594,-0.025833057254074695,-0.0104866633456571,-0.022731793377822995,-0.029870128033773098,-0.0400636506081377,0.09532151722971392,-0.0343678961198272,-0.03389913621993599,-0.017162836334500192,-0.033737132000456804,-0.0097996944116264,-0.0552968472617489,-0.028414853463665308,-0.059154270347392124,-0.0566073167573887,-0.0511606908874629,,-0.023441638320456402,-0.055166742966251237,-0.0033232900304759998,-0.058425875206339795,-0.040562940369778304,-0.042807436049142895,-0.0385975494702269,,,,-0.047764300945704,-0.06015775823837907,-0.033420409866354396,-0.0480449267153895,-0.06022692739202169,-0.008848914841743398,-0.0636543656175526,-0.042094638065174696,-0.0418727874425313,-0.008001497500322401,-0.04567151612995124,-0.04023276437576889,,-0.054720663014775406,-0.04821912168916705,-0.0339470376915971,-0.0269639619076942,-0.04062212988850281,,-0.032555758666850745,,-0.026758940929752804,-0.0551677295818064,0.05608926907567301,-0.08345164000703739,-0.0698530517976093,-0.0647774174385564,0.09803166254804672,-0.018493483900789,-0.04953915250385302,-0.0626863603968415,-0.0583567187391427,-0.042210003188833,-0.0645252012954596,-0.055347868048122396,-0.0567316160402932,-0.020080626385270302,-0.057654887271236306,,,,0.1612876779298095,-0.0586459283331329,-0.022805395487936097,-0.03984912753666219
2021-11-01,0.016118078439648506,0.05253851557518326,0.029518501669358297,-9.199655290530038e-05,-0.003825297852027349,0.050602987173440195,,0.0037081195063000992,0.07848308291496231,0.0928149445711971,0.12251646057582621,0.016912072136796,,,,,-0.00010934339303460004,,,-0.0051930457626422,,0.017063265013620606,0.0007001668144748,-0.004623971247080957,,,,,,,0.03686159330415799,0.0314028945145969,0.056359724749170594,,,,0.055930218302908,,0.057602431516513994,,-0.006193937058000898,,0.034604858187609,0.010661502764741601,0.0312959295054199,,,,0.0015956395830252997,-0.013764392159891798,,,0.049385347108178795,0.0322628873521586,0.0103229820798242,0.06811226177720649,,,0.06398437891034772,0.0763486712455891,0.0254924585886065,0.023084289683397305,,-0.0266874835853499,0.06744594783711841,,,0.054095487024902106,0.016156473967342003,0.0433861461323439,0.0018631617024171994,-0.014611561860200304,-0.0915202961093157,2.0469737016526324e-16,,-0.001024189022263001,0.0618361487768664,0.035642225641496904,0.0528928093586171,-0.0017701950094860999,-0.0013775462180367,,0.06656633542379801,0.0780500480477045,0.049518761651572,,-0.0030610849003447,,0.0160830098869756,0.03533044726291252,0.076361010061241,,-0.00019986009859680512,,0.07325929180065238,0.014688812473105899,0.0653518599379995,,0.019278785839463804,0.0427806098716088,0.037798759676214204,,-0.0031153344330878004,-0.0027503451310729,-0.0022193088903227996,,0.015444322427474002,-0.012948388079657803,,0.012188617331509,0.15461246695160338,,,-0.004440340354907599,,0.010790023357132002,0.04907892868397791,,-0.0039808075296888,0.018380239495657605,,-0.004978809155174999,,0.04119147069642991,0.0576123858387289,0.04293156904462031,0.07303402783242768,0.034829167221169695,0.028206747100260995,,-0.05658231313934129,,-0.0049473881383622,,0.0645512268913709,-0.0007046074240952003,0.08602628758027651,0.0441572840410983,0.04445176257083351,0.0676859813274507,0.0871466675262628,0.06669270907493981,0.05003379603837291,0.0838194053707058,0.041635377919985596,0.03766404583595282,0.0460306545819829,0.06895122997868969,0.0587126473090848,0.05187590609333898,0.0649798598722075,0.0863561548458892,,0.0649134949489416,0.028738008761811096,0.1079050462928205,0.07770105933398079,,,0.07073615946928766,0.0702357098729903,0.0861468912430288,,,,-0.0615243069873322,-0.0032439277874417014,0.0449036174427389,0.062393898188666405,,0.045587007556094704,0.008836581800497872,0.11457851399931918,-0.0025734944422013124,0.0052818563834377006,-0.0026966266376402003,0.025006786721257297,0.057105269116455894,,0.06988054965479219,0.0791512083224459,0.055942663475743976,-0.06606853047700409,,-0.00048345977884276415,,0.07200023031410199,0.06499524642525437,0.04059993454296251,0.1392439418455755,0.018165699388841088,0.044046603540373395,,0.04879016416943169,,,0.21235069311056864,0.0757010546460332,0.07615003151068,0.0734106441594435,,,0.09551788569353309,0.043872343407975606,0.0516403173345883,,0.0782389382567695,,0.0437912031573102,0.0430981898997019,0.01400902532557929,0.0320393537446166,0.06832130920351111,0.015751348574401795,-0.007327314193453701,0.0023130609229257983,,0.046620548070221104,,,-0.0033644798479748,0.0006369518104062888,0.05766294155183079,0.0765320844436282,0.07372499712945761,,0.0282691585638855,0.0655817977053391,0.0625305517316483,-1.0042906852801114e-05,0.0312652895830915,0.013777217335199102,,0.0724160981223506,0.0194076224575502,,-0.004801199711692602,0.05705008908221909,,,-0.006971068801260099,0.0193971987684516,,0.06781151807829928,0.0299657319624574,0.08701137698962919,,0.04487530719981989,-0.0026109675407202993,0.006933291360209148,,0.21472800205597858,,-0.0007143349449127011,,0.0265835927890802,0.011019853554324414,0.0064323438886332044,0.0243412481979142,,,,0.056719004048100596,,0.0039701084750631,0.0536374834037562,,0.0705349096282026,0.04829571150428911,0.05364632053650439,0.04454423244113341,-0.003701600200337998,0.01717291006262041,0.0889639596782001,0.035410660510108,0.0944486943039949,0.031773455385819,0.0270264851589306,0.0728350939274348,0.06486889728353161,-0.007274550706003101,0.0490731820123306,0.0187100443152654,0.0787287718059687,0.044666351449268796,0.06703783665114779,,0.032656959367208804,0.06570541150749411,-0.0025568769069657,0.0689011662275903,0.020912808536777197,0.0638096696800845,0.04269689220060256,,,,0.0680187663689308,0.08710199335281961,0.0442291528418688,0.0836625681967294,0.0071492075869967996,-0.0024709674050083065,0.049905239347309296,0.031585060122931,0.05017806998660441,-9.204583588819939e-05,0.06473270655147902,0.0530130233452268,,0.0794036207240277,0.0681962173918397,0.012913659142715798,-0.0003371547513252998,0.053489827379228805,,0.04807573850268725,,0.0006705221942619323,-0.0071850859963777085,,0.07798244426128129,0.07309633827887742,0.0023689307256900987,0.09865606331051009,0.07021780706471611,0.07889289756870141,0.06575788166710177,0.07853731995819939,0.03440984780542129,0.07307900007026472,0.0464915527718107,0.04994910779130919,0.11425972109181033,0.0440558591244281,,,,0.09500936006828209,0.0430162196361796,0.11144892950087991,0.0453894615221671
2021-12-01,-0.0356169722843168,-0.023345120903196903,-0.0427805726928677,0.002701671976542701,0.0015867035623406004,-0.07971587363502822,,-0.0168550103694178,-0.13924699725224707,-0.13759164087280512,-0.11920948416161543,-0.007250161225059398,,,,,-0.0002187226605391,,,0.0032790146122846035,,0.010925872600958498,0.002040638872836101,-9.068978027290025e-05,,,,,,,-0.03640563159704151,-0.046380897855731996,-0.0916634414602448,,,,-0.014598799421152197,,-0.03595316849878738,,-0.0461331904409238,,0.035402550037695005,-0.0417061244467017,-0.0464076152052862,,,,-0.01899734850650729,-0.0281527098019745,,,-0.0719793230416299,-0.0496367237587696,-0.0431932457185286,-0.012506726579885299,,,-0.07859502842778349,-0.0470306104889779,-0.05979212863642401,-0.0522803553865154,,-0.030730541091040196,-0.009071728376279701,,,-0.0394344220723712,0.0261544937267652,-0.0499190671739675,-0.0649384632202565,-0.04845684445929,-0.01131893408488681,-0.04657064316311611,,-0.05698823366127429,-0.015494577111041706,-0.06179620817075024,-0.0644407946738654,0.002255681497790001,-0.00017764669242087771,,-0.0188077490866912,0.031012617400193294,-0.025324033064514598,,-0.0200813729425834,,-0.0341381729530284,-0.054521907647852405,-0.013359846499129597,,9.993504230544044e-05,,0.0028342012358744013,-0.006924609936630802,-0.005897144970334006,,-0.0494253569806843,-0.0383347467214107,-0.03294597292153481,,-0.011754564216706101,-0.012495481331333498,-0.012908651067801702,,-0.0073953894220121046,-0.0342905306108936,,-0.1149392393055734,-0.0730431227292804,,,0.010865745445940628,0.0028489139613219333,-0.0377033641888793,-0.048009219186360697,,-0.0023354699454299997,0.002273026734427704,,-0.0033781735788497,,-0.0572483346198023,-0.0306090574962276,-0.024374236352958104,-0.036824244334050994,-0.0246240672658543,-0.026519485521873696,,-0.0528053914498533,,-0.0020729120966249746,,-0.014493702868853502,0.0010288484416143997,0.012996444279529803,-0.0316790288959426,-0.0330332254614927,-0.007315353430183396,0.013303965626362303,-0.0127757443843891,-0.036327127994786004,0.006288908129456469,-0.04429032775377631,-0.0361673196444734,-0.05115291684019559,-0.043925692773084,-0.036086389774420705,-0.0313377142182063,-0.013735615147451538,0.018100041643618454,,0.0327044521541665,-0.045067800100155,-0.04982309898774419,-0.0545904097421676,,,-0.021395637553437694,-0.024421800756287602,0.026465558960064403,,,,-0.09086463037376111,-0.0131137243829628,-0.030641788170042098,-0.057487919419811705,,-0.015634201333595592,-0.0804442685284953,0.011682123120088497,-0.005565508303456212,-0.0011806725839932017,-0.0024141144500665,-0.0599658989028975,-0.030592450936284103,,-0.006630672623531902,0.009360320559585293,-0.0292206298186976,-0.11057079912323259,,0.007241682283434445,,-0.001792537863819707,-0.16444575553697,-0.14350264387680361,-0.038932401486374904,-0.0212125827139221,-0.0224318501510547,,-0.0837627073795521,,,-0.0038829973717524925,0.01977164915633281,0.019586454480613205,0.018841517510135793,,,0.003110422414392796,-0.03769177274397029,-0.026788176426788,,-0.0063352609602311954,,-0.044190963306547995,-0.020724104357367996,-0.035565157617367504,-0.0455671354827506,-0.010068923041353898,0.0106471508221345,,0.0038368333794995,,-0.0204247759707901,,,-0.0005711156507596006,-0.010149181696654398,-0.0277316729324732,-0.047810338394563404,-0.0477495107261961,,-0.02485868022772872,0.1081704801014118,0.1088875668473414,0.0023404164533767985,-0.047693335499126195,-0.0344454907679146,,-0.026692320306031404,-0.026413349900020696,,-0.001535088701148778,-0.0299087713925728,,,0.0048757209297947005,0.025879291047588897,,-0.008067292689085105,-0.025884093642809497,0.014781394765478899,,-0.0334029060375846,-0.0118344576470023,0.0011357040865384244,,-0.1020025541411747,,0.007526087228779101,,-0.05018110759031181,0.008615192521197601,0.021438650275347804,0.027348470698642692,,,,-0.02068466590891399,,-0.001075623131571099,-0.020716003678462398,,-0.008481723411525397,-0.043824085144730796,-0.06300609193787671,-0.030697496304118603,-0.003384413417593101,0.003620134931215404,0.008171709200318697,-0.014429325478950098,-0.0592174001544589,-0.0475438191540613,-0.0439003346488038,-0.054970790429688395,-0.03786925138850971,0.004490742284137402,-0.050140662098448405,0.025894146294318302,0.03068789885633659,-0.04054796229557402,-0.013855052432672732,,-0.022781798881819203,-0.0317985375829503,-0.0004110663446228011,-0.0213188164824788,-0.04100317035189491,-0.025281230870586202,-0.022699062254664296,,,,-0.007370281336451196,0.013993402400499006,-0.03333872627739888,-0.026104553951862813,-0.0660349145446823,-0.046331536425947395,-0.016058789568225602,-0.046354373876226894,-0.0264991373686772,0.0075074795703392,-0.014712400760653496,-0.0308767503593518,,0.007105050982497701,-0.0102804643742506,-0.029446293766281,-0.015648547971331396,-0.0515723863008955,-0.043495355794705495,-0.023418526022059898,,-0.0658856087538366,-0.07087750824984569,,0.03470899393159741,-0.005655057483345501,-0.0633603030973379,-0.051403178459965296,-0.05882544646991791,0.004777145875902522,-0.0362506807537087,0.04361156216593701,-0.013565277960946504,-0.009032726050681603,-0.017486125370698595,-0.0310402457717504,0.016173922596314415,-0.057563059173839,,,,-0.08810603040171049,-0.0038253154711620184,0.07367216001090829,0.03890887588417321
2022-01-03,0.016863084654952207,0.039848387328213455,0.0347131811296712,-0.0032506661943392987,-0.0033494222943939002,0.015348774304709493,,0.021980155033828996,-0.11557879294245071,-0.08058662552867882,-0.11412197154078252,0.024034685944640893,,,,,5.999974822534782e-16,,,-0.0113391704770749,,-0.013153317374857396,-0.004399834297686701,-0.0047471332529498925,,,,,,,-0.053046283522075396,-0.0013904861596085974,0.06940346480004882,,,,0.06482983711591431,,0.05596726277941011,0.06878515085288711,0.05869930486653748,,-0.028694752130771394,0.0200773100803063,0.0440337676839074,,,,0.0226041818831727,0.011703737269585601,,,,0.046252401737381,0.014347328373624799,0.041919238348064894,,,0.05763299731956491,0.035868729511870104,0.0386525195353604,0.0099008400479887,,0.021896305681975092,0.06677629491849131,,,0.0539213466080846,0.058355491176568686,0.060912796235662384,0.1260693390823051,0.0527387614826338,0.0370790268562315,0.05620577148097761,,0.05357070677162855,0.0633806768268624,-0.004142237059239805,0.0521322175621066,-0.0030916506454983783,1.166632513370275e-07,,0.07682604270185191,0.0306501531995831,0.07218268503887072,,-0.0026993746328501994,,0.0648271630792494,-0.020493105044759805,0.015478862258326911,,-9.99350423057763e-05,,0.016702642221041893,0.0256500790601293,0.0467878492448735,,-0.022505414699798387,0.07380562038890243,0.0570447066082308,,0.0228132507511748,0.022893848572455397,0.009874361291602,,0.026082064559407005,-0.0027108346836209937,,-0.1028844311063176,-0.09633065711138859,,,-0.004132278977075798,-0.003650347855366801,0.0213656787779593,0.05042252965016109,,0.0040193318977208995,-0.004235919146269003,,0.0014834098709753996,-0.033203662761236714,0.0707905230600523,0.06287449861495341,0.0571623146960487,0.03833022216222551,0.0452058304819265,0.040987003380400996,,0.055492030397397404,,-0.0004846236078398813,,0.040142778614217306,-0.0008854777395345998,0.028812655036286806,0.06701935774736652,0.06854271219378681,0.047129148658664306,0.03054203323256171,0.0426661631645133,0.061336596232434,0.025251140217263487,0.024659050930898804,0.03893770023274771,0.008731393155955301,0.007544639405381604,0.0408249579315755,0.0597506646875934,0.0404826893132518,0.029247169000455576,,0.036932782083213704,0.0352721692758151,0.012966259717068995,0.0302307169162618,,,0.06961309128402718,0.08872704362350961,0.020926583370742796,,,,0.047138974808790694,0.022954779754395836,0.02376311976318489,0.0146307602915333,,0.020962624206058694,-0.0989504795534316,-0.08904102382922469,-0.0039944131400484004,0.0011691276277556082,-0.0019541252205417027,-0.024707344537996494,0.049080043952456805,,0.041754311860825,0.023324242368245096,0.06713649942826139,-0.07254141328834769,,0.0007011971164473624,,0.04064419401449739,0.0437430937482645,0.12513755287418205,-0.16660339553954176,0.0301269375575086,0.048935575588268,,0.028186822751029593,,,-0.12205553977980042,0.017735220299794095,0.017004131225571997,0.019924287228703187,,,-0.006419961627327324,0.0632948909583693,0.060854173149737796,,0.08365183155335901,,0.0433952954529065,0.0845934282119465,0.0172414955206305,0.0647153649092206,0.0956550539268479,0.0163735598675709,-0.0017848528131345005,0.0007139286686631229,0.0369585695869038,0.0732425889456377,,,-0.0020086226038377995,0.015401130370573399,0.04712956327048601,-0.0211043367725969,0.013207739167777802,,0.0411834542533078,0.021422464402234002,0.033292293418929704,-0.0026855705490571994,0.04094059656901731,0.0226895857493798,,0.035675132042171515,0.08133327332890948,,-0.0037029949634785,0.048793493903208696,,,-0.0039171492914643995,-0.020719185132025003,,0.0477786487927946,0.07007565483899199,0.0290444445630411,,0.06894820975439679,0.0059347355198155005,0.0035858569897689705,,-0.1415290632116965,,0.0022270285374560075,,0.06455819902204331,0.005252316647934043,-0.015492472967716098,-0.0223118144881813,,,,0.041788726081295996,,0.0001032404095084997,0.0674156238386138,,0.06523719898579922,0.03489307867504069,0.019027089393114597,0.046970127091697504,-0.0017994569557009009,-0.005365764559813,0.0016500609415076029,0.0880806131231593,0.0229799673763706,0.0428471703296272,0.038039614454219606,0.029880976639315493,0.011065773577321192,-0.009670485235055199,0.050668145645313904,-0.020137124149363403,0.029974467126641733,0.07813777898631631,0.0620189782225956,,0.044425851940867775,0.0423070700011117,-0.0027757048688706,0.0897135416654795,0.030576437676434202,0.0390969605499955,0.0582419220866669,,,,0.0472740597806896,0.029586805672395893,0.06847365692270069,0.021442850316770096,0.0366086502789346,0.031296233829008896,0.08606799481855583,0.0351703222270901,0.040117697980951,0.0007972339445592004,0.04036734332639869,0.0667672780437881,0.0228927060964901,0.0205071267306157,0.040607370716552495,0.0180471096412211,0.023829809592844798,0.007647000152770596,0.036620183836810705,0.0640969067766104,,0.0401008452766282,-0.026405612436817695,,0.05886245340219519,0.0738826476455183,0.04618806632033269,0.0397123800131306,0.034985655353275295,0.03574931229536788,0.048368902357400406,0.038760782614360806,0.09266327178424152,0.09563877586698781,0.09673820046828882,0.0906291584119034,0.005387043051550103,0.07906075523600711,,,,-0.007051539760308315,-0.022334061631976702,0.021084495800738692,-0.0329948094942923
2022-02-01,-0.0182043862224621,-0.0481438416980777,-0.027488760944627398,-0.02053896562430023,,0.12380912093640589,,-0.0412141985219671,-0.24155758298170477,-0.24840832859370893,-0.24274977080513152,-0.06968783667522199,,,,,5.99970377199166e-16,,,-0.0223666229609607,,-0.04329938605333611,-0.021101098823716698,-0.019217147185778917,,,,,,,-0.05162224314620407,-0.0776165197071342,0.0711616546295744,,,,-0.0325618670454242,,-0.03557937954097361,0.013306484368955101,-0.0020835010341735093,,-0.047296714703064804,-0.0051056988274568935,-0.037916167617553606,,,,-0.0355624099355948,0.0038401164313553006,,,,-0.0396281895969712,0.0015048911794196054,-0.06508688668314999,,,-0.09036244008039229,-0.0015698590351197923,-0.023770219333912396,0.0191617529867956,,-0.04321613003462099,-0.06778936358987812,,,,-0.028110944690150713,0.0223789736205426,-0.04293716071560459,-0.0765618885624357,0.12301491441571698,0.0763698498685392,,-0.09228631099104541,-0.027153689779613806,-0.14256658828415134,-0.026987492041527804,-0.022033180009857597,-0.0014405280353155005,,-0.07177913170013189,-0.08728517669683886,-0.027153126108049506,,-0.007877692863063404,,-0.12067321107861642,0.025358358662506398,-0.12293637265497384,,-0.0007498313230925849,,-0.05000235231720322,-0.010121723631943899,-0.06700240411770822,,-0.010064925767493516,0.024293485826042897,,,-0.027137285143413604,-0.027468664970142095,-0.014694141939220902,,-0.0101759854694858,-0.15365219153682833,,-0.1668395066402411,-0.1232790161601715,,,-0.0224866743188604,-0.014714204581948498,-0.007691059480124995,-0.0360367838036556,,-0.025948878274476297,-0.051973129742509803,,-0.012508330730285334,-0.12257523994948308,-0.1155960885911682,-0.07429839393854919,-0.04087096215077779,-0.10865308683559141,-0.0760892014993872,-0.045595845330583994,,0.0800754264393874,,-0.010569447282703901,-0.1516184944148414,-0.06398565569652401,-0.0213911899813177,-0.09369519709514569,-0.0190406387048501,-0.017440992988352402,-0.056814029877949285,-0.0936006153267942,-0.06169425402622799,-0.024223888738254002,-0.09587685723348638,-0.10235959521437007,-0.0594123498630794,-0.1485327985426712,-0.1423762324226994,-0.07742816996382171,-0.0434032755306749,-0.0642082345750772,-0.08655245086867842,,-0.08233974963023633,-0.0296010745172785,0.15243835064174563,-0.004966802009546701,,,-0.06276308468711919,-0.0842631868329036,-0.09378897776159738,,,,0.0042503015578720035,-0.02765239245632018,0.0082109757914756,0.020402922844313626,,0.010247861144435003,0.00859065685855491,-0.08154524901830822,-0.005015558713603399,-0.03808814197543211,-0.013409174614967,-0.00874757069044671,-0.07434750683271879,,-0.0583341108897812,-0.0964163535100856,-0.009594655487425151,-0.11022912282048458,,-0.02514816017933402,,-0.051302865551547186,0.20240407978652836,0.18637125312917838,-0.23874361470949654,-0.04365463219781539,-0.059195186200012,,0.0625203569813341,,,-0.17819820138829726,-0.09779859869238691,-0.09694667709275662,-0.12248902690159211,,,-0.1464688883795093,0.018515641457503302,-0.044669632972325006,,-0.06732496081630088,,-0.094452178893688,-0.0259852692724786,0.007711689516966311,-0.0361012261594421,-0.08077202135829739,-0.021823715939618002,,-0.021764461347910897,-0.06336322410315211,-0.01967379362105184,,,-0.0070381522202614,-0.0135693328828824,-0.06313622564833506,-0.1298951478690312,-0.0256302591663349,,-0.046155550427472186,-0.11779917366866474,-0.12621524412633148,-0.021139552971844302,-0.0422617808579002,0.0028783900899805974,,-0.0617705454178519,0.010604944977631602,,-0.0134342910491272,-0.07390674466536748,,,-0.016674918377000903,-0.0360508375786487,,-0.0567063694429735,0.019802627296180098,-0.0931707895371634,-0.05675933381910861,-0.018018505502678507,-0.0008770007139610996,-0.0059775309632325,,-0.17085307148013473,,-0.030403440146030105,,0.00013059092411609602,-0.022040751550113397,-0.030929947125639297,-0.03796659792385051,,,,-0.05547717313923291,,-0.031064196855520393,-0.0629266521723246,,-0.0680635287933039,-0.08357946650721962,-0.1398468987288827,-0.044222849879677395,-0.0265082333497328,-0.05430278698241892,-0.1049798811648179,-0.01445441674015978,0.1641072255129284,-0.03973768309437689,-0.026074084382939903,-0.006746613373719448,-0.09365135775778159,-0.0168249516435585,-0.03641106485215169,-0.03682376721589879,-0.08660475175628721,-0.0865119452102909,-0.05333559998436659,,-0.07693250680218838,-0.06077612970673059,-0.01392487926910498,-0.0852135143126734,-0.020225408535440803,-0.08280195313606566,-0.025914129773087904,,,,-0.05657675723064662,-0.0933380296044108,-0.018060535554171406,-0.14155688800935207,-0.0748203207747124,-0.051737939453588705,-0.030236225298870274,-0.05870690568985079,-0.049574913148087124,-0.026377993452566896,-0.06569245586588988,-0.010390414074769505,-0.10398971352404812,-0.10378371156056619,-0.0615952470403191,0.0016119286182163899,-0.036101226159441294,-0.11030533702262872,-0.03013861214613889,-0.004027031259892202,,-0.05329292777437111,-0.1922969674388336,,-0.13324588706782056,-0.0659882040884584,-0.06314302455842369,0.17458457429180207,-0.001534919718083205,-0.05718061044799089,-0.044840117117521186,-0.07583530139257978,-0.0081279944063723,-0.0881021774285445,-0.029598062686930684,-0.07527753429966491,-0.10248007358698843,-0.0640590198097555,,,,0.1027581095672192,-0.10589872880321882,-0.1731205947141454,-0.043569916436183
2022-03-01,-0.0378156994227605,-0.031081204441758298,-0.0339779283655525,-0.011517885899998598,,0.0510094592484271,,-0.019455747440849196,-0.0697623982659798,-0.06801798652660818,-0.06332330479544268,0.005473467414171698,,,,,-0.00021877051060750004,,,-0.008695217004717096,,-0.026442413496561804,-0.011450367128859499,-0.0181677703734677,,,,,,,-0.05907571232868931,-0.011482694408595805,0.0626690227067244,,,,-0.025422704256277705,,-0.03248946559151925,-0.0020977900221798088,-0.007569083563835403,,-0.025513912427837758,-0.04416329253016841,-0.0348935023960988,,,,-0.05689979726957531,-0.0500285595041714,,,,-0.0366390145931649,-0.05089764650899681,-0.03257290522124828,,,0.0516216117639612,0.0007852375747022938,-0.09599770131645291,-0.044413421217763,,-0.0179504111238429,-0.028582186239407677,,,,-0.0150612271750576,-0.011873098812846997,0.036205794969835704,0.0002762430956800058,0.039378828419639106,,,-0.016130475124148516,0.003020237874215408,-0.05558280814982489,-0.0825091633037033,-0.011000253176448802,-0.0014820432732594,,-0.03891036823548621,-0.043741616742593914,-0.022755762831954195,,-0.0031662295580497987,,,-0.08351913529848559,-0.0221303215009326,,-0.00015003375787675418,,0.12864019116333622,0.0594165559927582,-0.030974919959844895,,-0.05364582059304049,-0.0019374218982850981,,,-0.0086374246185084,-0.007737181426267098,-0.004739833706308401,,0.0592829169621968,-0.044903445441975394,,-0.0804523191572412,0.09942292299107298,,,-0.003043241241818484,-0.0046545526057428024,-0.040241710864124806,-0.05379017458613809,,-0.015346760762548999,-0.0336011378506747,,-0.0069390067514553,-0.03744788756549728,0.003384097984240203,0.0119263126818995,0.013283637796546307,0.009249072642815395,0.013647622558152703,0.022568512059274008,,0.05462499761642689,,-0.007978293473286062,-0.055618408790711296,-0.025766320764229703,-0.01277684230239946,-0.043069319376434996,-0.012087173750416498,-0.014320053774748502,-0.029311804392888205,-0.045240885765427806,-0.02779311025031909,-0.012088632469814299,-0.04253157035221741,0.01028286695558379,0.015234520870545203,0.005502509658398701,-0.012437472263452105,-0.007440801904057901,-0.004626068388782799,-0.02504492213624279,-0.04983557058027221,,-0.0524077174352354,-0.0317018807392545,0.0711043226095123,-0.0178753518269629,,,0.043226973892897196,-0.0469669070655898,-0.04986427302383398,,,,0.012178136454827293,-0.0084254588714542,0.028483788612086208,-0.004047418072233211,,0.0367466625179059,-0.11158735280137629,-0.0031991837382358106,-0.0038287200423631007,-0.02154859411788914,-0.011637491106268697,-0.0658599476177145,0.011186262396927176,,-0.03445420850612001,-0.05416984804942471,-0.0124591463781794,-0.0427328495859689,,-0.005328405724808374,,-0.039186257391604605,0.09425089820423702,0.0607852411649866,0.049734005674138694,-0.030780270608718695,-0.006614509839989301,,0.0190066478755718,,,0.04468773999421791,-0.045792320919869685,-0.044649662096368274,-0.030425541329521792,,,-0.0170868709648191,0.007986489691640895,-0.008970985330856204,,-0.03435230942522881,,0.008964841256979193,-0.019650025434140694,-0.039167274367397704,-0.0286428659522321,,0.009631559270762102,,,-0.0300207387546187,-0.010583793539645805,,,-0.004327191852071317,-0.0032801610851102,-0.011841833610949298,-0.06730573148173191,0.08388148398070129,,0.023886097833779298,-0.026678060865620204,-0.011136743284689488,-0.010784681939147327,-0.026359237917580505,-0.0470790541033116,,0.015737854829378298,-0.007865292913009102,,-0.010625371863699813,0.010775966344492197,,,-0.004378391053797498,-0.014598410747535897,,-0.029961408225892494,-0.0021030501967788974,-0.04499988799565109,-0.0301221814730452,-0.013668750767091394,-0.0110279017923567,0.0112443343886106,-0.04442413940604611,0.08753302872895291,,-0.007539539099792001,,,0.0085410824335052,-0.009632507797207701,-0.016459261776667403,,,,-0.029579064292204905,,-0.0184485205271336,-0.031112730498554307,,0.006101233721937705,0.008607962864234197,-0.0030579193298246148,0.016130317820882995,-0.014667967858712702,-0.031879308250161595,-0.0365700528346574,-0.010063236332755004,0.0723359646961058,-0.026838935479894396,-0.031074747562956195,-0.0133146591402573,0.012662853794841297,-0.004560201148937601,-0.05433743676877871,-0.01690216855426391,-0.044429157193444306,-0.009830504332481102,-0.028437935320533497,,,-0.004900808164773306,-0.010844489744575999,-0.0354477193725691,-0.0216090251607189,-0.009762441053177492,-0.006034441955662697,,,,-0.030258120893827494,-0.04556082424401324,-0.013473004314556603,-0.011661013735134593,-0.060222110533321986,-0.0002695781118905961,-0.0188331998899454,-0.0196869354389341,-0.028095625815944797,-0.0035597295493797003,-0.025181026011714503,-0.0116111609276773,0.010679534386389895,-0.0469411058715757,-0.029997364006710294,-0.0379571670890798,-0.0502709277587286,0.0005479285394762046,-0.0289065947063869,-0.014815085785140493,,0.10992524480994073,-0.03929349756374851,,-0.06078415899103409,-0.012632750527468505,-0.07728563742235059,0.0683049326459079,-0.0139213385186075,-0.0422023226862985,-0.008473359773446302,-0.0498774431141452,-0.014184634991955696,-0.04913876738328049,-0.0189537675755707,-0.009724798107295107,-0.0415070618819558,0.2321156454795742,,,,0.09232089628698312,-0.05650367396772459,0.009875782632294106,-0.028227821164343005
2022-04-01,-0.04673808643607689,0.01922552385842049,-0.0019113155665650052,-0.0285330198448793,,0.01871183861051281,,-0.013504010747778903,-0.04245920777179122,-0.06114803108563148,-0.020539729170959704,-0.10190941787240755,,,,,0.00045941544017689994,,,-0.0343781420119916,,-0.040673581176206196,-0.027914175379206,-0.03371485710254658,,,,,,,,0.0155028973894973,0.08777913134596012,,,,0.023415247117001492,,0.024052053854486503,0.04126179224424191,0.0343217672847934,,-0.0659649597475522,-0.03439607684934,0.005176418042740404,0.0031211011603393055,0.0061870270208839034,,-0.010967502925694999,-0.002944917444124399,,,,0.0005426672226518069,-0.03188481755524521,0.035158514622418695,,,0.09436473206442761,0.05075678209705589,-0.02401368218043851,-0.004861888030105892,,-0.0213576966097807,0.023908805794236283,,,,-0.03940846544597461,0.004468948298634194,0.08798759216539921,-0.016430333410467304,0.1394049577018759,,,0.018816121964643207,0.029191442119580094,0.0007987008225230022,-0.011838411525387,-0.0366341331797805,-0.006394381501792899,,0.03618661372925769,0.0318458717105453,0.0395242342370692,,-0.014238890877442237,,,-0.0876888661366308,0.012261238539580102,,-0.00030013506302925893,,0.10927952785856139,0.012645351355587803,0.0326329467337639,,-0.10059402444525367,0.04303764307933,,,-0.012944688165632996,-0.0120273725555023,-0.003305570150866002,,0.014219545030728893,0.03390585880671841,,-0.055948297800408026,0.038366059886090695,,,-0.0414654586269252,-0.0324978686226553,-0.029794720335372213,0.0037523496185494984,,-0.03310047747895649,-0.035246751015126004,,-0.019381105841787604,0.008588741929512594,0.029380882482353893,0.0255855346480044,0.022409209072823094,0.0038599130674025067,0.003140331701724796,0.004945212069155401,,0.1219873203209075,,-0.018409434601454906,-0.1172436466721772,0.031964381158335,-0.027155972390924606,0.043637923917845683,0.0297070701839418,0.029779009567835496,0.036821342489274295,0.043506604096831394,0.0329908360360281,0.028619252731680804,0.03885181032612888,0.01148646436777469,0.019825788618394097,0.0032990117212707993,0.015365954498485504,0.0250468819581098,0.0307340886220048,0.0325152326616586,0.04526095456625609,,0.0263747713255785,-0.0025500651334800055,0.09279601311850691,0.0005374383081398794,,,0.09155807047325851,0.0663662876057764,0.028925306267631495,,,,0.012951152347077891,-0.013554047627336899,-0.0720290774945883,-0.07473677366702429,,-0.07036770014969279,-0.1600957926340969,-0.013419556222910595,-0.011779177623626496,-0.029371504750283602,-0.024571433108876103,-0.1026910454104493,0.012602664801891202,,0.036754030886871805,0.04336603392526682,0.031793038151039496,0.0750727575638216,,-0.026165957458840698,,0.0400211523570786,0.1298221240424019,-0.11128358107688628,0.09700451700880992,0.0039238159928306,0.003205542750587511,,-0.057594238645278906,,,0.07885698772536281,0.04562463253458121,0.0437133244527797,0.006651822165290484,-0.0007983129557239885,,0.0246790094616518,0.0346760515941921,0.026366176592678606,,0.06739377858577271,,0.009220983614702792,0.0427975829570578,-0.036071803305376016,0.006557400546159702,,-0.016871146719389406,,,-0.004061682906181996,0.030686458266808096,,,-0.0141129307387153,-0.004323430926529999,0.024869308126935306,0.045083519347974485,0.011428695823623507,,0.004395562553396197,0.006097353165599909,0.003546562728451802,-0.02911539938505721,0.006144862056703709,-0.0303323878492346,,0.00735851267976261,0.050647732250697304,,-0.02504976585811111,0.013938170967675599,,,-0.0340663672204499,-0.05311984015082897,,0.036867533609876796,0.042832597966505015,0.044506786440164293,0.03746834460761761,0.0301439301203708,-0.002887286847557697,-0.007970702305897298,0.028113946788880198,0.0543249333042768,,-0.037267132970611905,,,-0.018946179477966694,-0.052111652123762814,-0.055999163279444306,,,,0.02833140349404959,,-0.02993758481809411,0.054279239907102705,,0.05576417191469138,0.014523511323005708,0.013143672240550904,0.01615892439597231,-0.031710282771104305,-0.033451860289586896,0.030911346288117682,0.014705294579039602,0.09561710180050348,0.006736872357136603,-0.0049013004108041085,-0.01017861731981249,0.03211294903307099,-0.03270124098209821,0.0015930725991338025,-0.04874636580289378,0.032275396927275296,0.0488715070939601,0.029792562079869998,,,0.0300180330022315,-0.025057856317621707,0.060814453663525725,0.004243833529812998,0.026299124273355998,0.033659610609298195,,,,0.03714175811478995,0.044457043381321,0.030732830872788497,0.018160273698852897,0.0028952245047485156,-0.001049237982600407,0.09345199431326909,0.001292302901763541,0.0186873049967535,-0.030760313282387493,0.0321231804713924,0.03234616471254469,0.012999114481119404,0.0373249887653096,0.0366430371063937,-0.03305987551879011,-0.0144379701110606,0.009150149433508,-0.0028225795245845064,0.027242111511994994,,0.014900442450699491,0.0005564520760131097,,-0.10065031298877869,0.0631756375682577,0.007368013611248496,0.0979832458868724,-0.0012984866747950963,0.0479807371335793,0.033774741761615996,0.034619974812027395,0.017649813891142705,0.0753602270044584,0.1048123590060391,0.05580078814107539,0.04481448729311241,0.1534230188550356,,,,0.14425740528737302,-0.021048865029020505,0.004684481983525106,-0.06475533148121615
2022-05-02,-0.05633555235162992,-0.084118282911328,-0.0693072230028696,-0.0387992153940898,,-0.006023325792193907,,-0.05600963627773999,-0.31501730161995345,-0.34112931531766044,-0.3084574267636896,-0.09870062925906928,,,,,-0.00010937927273717487,,,-0.04023513345199601,,-0.1010273437115147,-0.041278921534536,-0.0388595206211796,,,,,,,,-0.08012530991643801,0.0548747474578168,,,,-0.054244066047833994,,-0.0503159366400541,-0.036642287245018064,-0.011152239985681801,,-0.13459158113612119,-0.0633137270228406,-0.0697695705551234,-0.08709636884462789,-0.054271734377791106,,-0.06906863207420089,-0.0570837933260032,,,,-0.06528928890067781,-0.06757425236197559,-0.09668260610373851,,,-0.0725666244783092,-0.0818473691670866,-0.0875558910243193,-0.05463352149838789,,-0.08446191534272499,-0.0565595755682653,,,,-0.09448058097348969,-0.0406486048761364,-0.10623005455370049,-0.06660908013167471,-0.1430601551921182,,,-0.09392318450345888,-0.0497465036692523,-0.1936049026064196,-0.0806909533813516,-0.039811486624399095,-0.004479368162933949,,-0.05452910683745749,-0.1253473219765357,-0.0432382288376321,,-0.04831556611923931,,,-0.03274811792683012,-0.1084743652120819,,-0.0003002251711318588,,-0.0916922214336679,-0.0209203289131266,-0.08554222883115858,,-0.0502097720282946,-0.030683955524293267,,,-0.04270150333044893,-0.043768940156461204,-0.025878339197423994,,-0.021683297716837396,-0.1106614856633608,,-0.1904224799644911,-0.133000466145367,,,-0.0431910654503969,-0.019900647531324003,-0.0612436252407178,-0.0663879206100353,,-0.048929669325014795,-0.1018493714828654,,-0.014363190714567197,-0.13978368489301476,-0.1025211558819628,-0.0738356897808891,-0.0697814765116748,-0.07732865108023379,-0.0816661976050029,-0.06590025785524019,,-0.1521782926000541,,-0.009428764323039898,-0.025811192743516117,-0.0945872392866855,-0.039332232614019,-0.1317212906835628,-0.0519386504487115,-0.050982393244850994,-0.09261153871226581,-0.13431724728186178,-0.0927900644863216,-0.0592586735966233,-0.13014618207990622,-0.1042406674506248,-0.0811482338667331,-0.1299238871161044,-0.1193888018210147,-0.08069429527369941,-0.06233433228804147,-0.0946319786116708,-0.13267750987814658,-0.09430376381800551,-0.123119608076796,-0.06788847361994979,-0.024491020008295217,-0.10940406499755441,,,-0.0604282316344764,-0.042182033103780506,-0.1398735557465556,,-0.03742861033178001,,-0.013882684785189404,-0.0449964143601667,-0.10652855401732939,-0.11915674311576951,,-0.10810577374044561,-0.008453731219082106,-0.16210637878256562,-0.004709745574877478,-0.06934918171345139,-0.03636708990353,-0.047033341864976805,-0.07320340402329453,,-0.0987870420405638,-0.1417456418266146,-0.04986230038680391,-0.2408990949886647,,-0.025486736451096167,,-0.10492366925566071,-0.06881592731237693,0.019718147620530403,-0.2456940401793527,-0.0664713452088218,-0.068377297444737,,-0.05303849552858149,,,-0.2130583971253691,-0.14613321925859443,-0.14439776350902672,-0.1597953655334231,-0.07630819306332443,,-0.14653474448858866,-0.0484399628000677,-0.0672687682381813,,-0.04917806755651562,,-0.0947191382875617,-0.04232819798389131,-0.054767662576918,-0.07109592168372879,,-0.017705237017640096,,,-0.07250910260756349,-0.032446426946611207,,,-0.0049769692879486,-0.0248595714408237,,-0.17773641517488092,-0.08383777864208751,,-0.06533086664164608,-0.1602169563422967,-0.16629948285260387,-0.0385609245838354,-0.07321078924767631,-0.06247026807351249,,-0.12193857740367041,-0.011994218489328207,,-0.029333175248907904,-0.07414059485586288,,,-0.023904368137835908,-0.09510954092755872,,-0.09186205296279441,-0.028853703896607304,-0.1349780552970684,-0.0922094021260765,-0.05034826360371901,-0.010958401062830699,-0.0009464274997198997,-0.08926693224836581,-0.16113232326646296,,-0.036779485100713195,,,-0.022036779656189144,-0.0811878562747131,-0.09898723770497268,,,,-0.0875222326840092,,-0.05368788865247551,0.0015415235182918026,,-0.04172423083846681,-0.08578016563007711,-0.11687666380062411,-0.0654710918018899,-0.05124004722288711,-0.10505130566825242,-0.12208397634412,0.021211845253530794,-0.016864123817428092,-0.0702875434238584,-0.0669608541351287,-0.1068011550268893,-0.08807543759037051,-0.0250033564613504,-0.06449570467035219,-0.09635545229188089,-0.1259317824999185,-0.06035930596618781,-0.052540404112955505,,,-0.08205446576582752,-0.0365454137357054,-0.0417374883546072,-0.06542438018985938,-0.0836229402112708,-0.050565641983455596,,,,-0.09194373999819888,-0.13487457617099022,-0.051607666431986,-0.1207833581660116,-0.1619555974966424,-0.0716490438162468,-0.044741144910135894,-0.0769868708344709,-0.08442092257030699,-0.027606831051137898,-0.09575829706038409,-0.0490947172401585,-0.10368552950359627,-0.13783230324060433,-0.0977737615981275,-0.06008282194404961,-0.06737675866943499,-0.11204977389636392,-0.06715325227093309,-0.04295864821992905,,-0.10270834831615569,-0.19671029424605388,,-0.030687603655171012,-0.036031611370911695,-0.1523591286883437,-0.016886944826808005,-0.1047228159927481,-0.1132695087263457,-0.0791853036138595,-0.1166667447703029,0.02279783488498659,-0.0362450124949593,-0.043926908266880504,-0.050145195248457605,-0.12734209171616678,-0.08652202048365668,,,,-0.02057438544854019,-0.07231735208020429,-0.1876284551507962,-0.14421365855721213
2022-06-01,0.010798786658773896,0.004459679986206512,0.017883020769219996,0.007586342942613701,,0.07687364042472909,,0.0190481338889564,-0.12120870789785003,-0.06667674156579355,-0.10993193232540918,0.028930354260562296,,,,,0.0003281019332765,,,0.0083673068721778,,0.0022876971309215947,0.008270320944092097,0.003493725540839301,,,,,,,,-0.030809160670364818,0.04509906798738461,,,,0.015495063377892502,,0.003927867445022387,0.05205401532868409,0.018156704766493902,,-0.0411803038552903,0.0061162270174359035,0.019762633809399396,0.003168140237602312,0.0374174028228097,,0.008098330632728301,0.013739175883303301,,,,0.01508757695215239,0.002036956909751201,-0.0009786332537702197,,,0.004060094899298511,0.0208340869028412,0.049503920479416194,0.0367519542971632,,0.017160288018091503,-0.0184888355262422,,,,0.020360090746800803,0.026578622730350405,0.052031439855940095,0.0207907696690739,0.07295206654755411,,,-0.006799228026451207,0.024579513873920593,-0.10205726206933731,0.04858943149449768,0.00041963733514870354,0.00040344129389181,,-0.002027712759651289,-0.01634205356568077,0.015432027010210996,,0.016235770132350502,,,0.0293014593369819,-3.469446951953614e-18,,0.0011447354348441488,,-0.0977997007844928,-0.033159193690614014,0.00024464831926299807,0.050834370835039715,0.0270764039456476,0.04839502166028149,,,0.016167483871509826,0.019227723824859298,0.009934615303327404,,-0.0330025720525781,0.00017143836832600803,,-0.11875035418686383,0.05373193208021109,,,0.006175161467865495,0.007216908131870636,0.006105723986435992,0.021578586457224706,,0.012457374429286001,0.0176992792853573,,0.008475461285694432,-0.048148596389121584,-0.010781283050320098,0.0077930257520955025,0.020425665345617093,-0.0074381088139650955,0.018535657729339107,0.022894678456416087,,,,0.0032950780862247607,0.04420328449774471,-0.0020711840401360787,0.005885800190972198,-0.013369037768495386,0.0174779099913347,0.016354251900851994,0.003162611426185101,-0.013265193007046695,-0.0022842092075409043,0.019623366739227193,-0.023116419538106683,0.0019445800974541,0.019101442634465705,-0.018514886506741796,-0.03933283963206631,0.0006942998265439971,0.019120367506726424,-0.0023489943686915947,-0.020697155061018584,,-0.004494389587839495,0.013095044998089996,0.13999057726257091,0.03450407128129319,,,0.006160401851041207,-0.04545116651837941,-0.01439035512877639,,-0.000690981554945398,,-0.04674193703124592,0.014548583407274301,0.04447024019904661,0.060354275667740515,,0.03854255510402912,0.029967399265844217,0.11734161699758022,-0.003289476650398278,0.018480725345998504,0.012370617141516098,0.026016137222887308,0.007431240894802705,,-0.002084347311975112,-0.025683117173618,0.0219895526613411,-0.12254897595591305,,0.0144636820624073,,-0.0017592029485664885,0.10670174501584502,-0.14360949712563797,0.04790187780231977,0.02696190549743399,,,0.03367169303773111,,,0.0657705271304792,-0.0159931328663852,-0.015632646004149812,-0.0075687726164521164,0.03782190403216449,,0.03314946817997509,0.041645185017732,0.009987261636491501,,-0.0723945294702956,,-0.0009289364346577074,0.03851866956722281,0.0041753714104810925,0.0191143960233152,,-0.0025192337858821992,0.0077277799108719,,0.00468915080248601,0.0239017114530971,,,0.005939793596742077,0.009612520357690599,,-0.073357091863548,-0.0587252860127825,,0.022171048135447916,0.06211553150898584,0.06140370029847619,0.007164437295933698,0.019581045199106296,0.006042314455961598,,0.01358957398064581,0.02705462187108341,0.016048274240398404,0.0087387066138605,0.0079609200152829,,,0.006915565220929824,-0.0196155600516418,,0.0022547377207703017,0.04286206672388521,-0.013224483663517902,0.002679585237250687,0.016240207022812297,-0.033149680683020905,0.005106516713156747,-0.0009036485422328853,0.10161694553949319,,0.0180398313380512,,,-0.009857981868336004,-0.012978262422270306,-0.0227597256960868,,,,0.004418769936318111,,0.014497957331891822,-0.0017510691058299254,,0.011007324602171905,-0.0004102353782986061,-0.028906270124430398,0.018458362632043115,0.013017442782510904,0.018077667694399495,-0.05278279988985411,-0.0435095432455715,0.14143357962711092,0.01639380977567581,0.01620661622908009,0.0345447380908889,0.023212205880681118,0.0065912176649616985,0.023861018661139807,-0.02045480897858879,-0.01675173046292441,0.009558315716695133,-0.0007151913441614064,,,-0.008070435553566811,0.0090728300735916,-0.047987138595357304,-0.016786219456413697,-0.0036177998381505,0.021758878664310727,,,,0.002584457779703785,-0.013458365804684107,0.016423916526833296,-0.032372947642377276,0.011975025055643311,0.011682544349943707,0.0441229450882717,0.007901747361154402,0.0049292855916996895,0.0162737036144856,-0.0025166986470984178,0.023808140224499293,0.0009367682183862025,-0.027267061447647,-0.0023829077440989084,0.0045934853391896,0.010977975568368301,-0.0226033044804231,0.0151020015089054,0.03454922310269901,,-0.03896832299942331,-0.07085214806695478,,0.01810882144831251,0.011690570365836294,0.018786194886122886,0.14858515636966932,0.027438131675618493,-0.009637162969527104,-0.00463549081210291,-0.006953834875864099,-0.041686398578255214,-0.052423365702299815,0.0420449343278929,0.014780095353890191,-0.05256077085671959,-0.04698606401914971,,,,0.1596736747629648,-0.06026891448867082,0.06058357175587991,-0.04070900408240628
2022-07-01,-0.030594856779724493,-0.0843267342720371,-0.0808632977214179,-0.015643458463702794,,-0.15684247149296948,,-0.0700232371333553,-0.1925978193513394,-0.10035805427620884,-0.15842810767503646,0.10188721919218471,,,,,0.0007799690180213481,,,-0.016035832979124,-0.0355179096134765,-0.0324866362321365,-0.016750941824270903,-0.0260104814164754,,,,-0.05197398562870412,,,,-0.06069157002417351,-0.0779615414697114,,,,-0.070850189984837,,-0.0678692629922212,-0.09369299241360611,-0.02038461308939981,,-0.01427887423169841,-0.05275321433979489,-0.09129183025584763,-0.0566587259846231,-0.04641379143494168,,-0.06351037969509012,-0.042442491973309404,,,,-0.0900928640384631,-0.054464903612103904,-0.08820498864407861,,,-0.1192530495558915,-0.10877160024952219,-0.14160419300319949,0.016435998793329708,,-0.07670776536032331,-0.0721971300590602,,,,-0.12371542402557918,-0.0835896266048042,-0.0959803877968888,-0.1563822488590823,-0.2057653052729012,,,0.005251297153111308,-0.0617262631864889,-0.09571801744766789,-0.11467207588539179,-0.0242875167954603,-0.0032928524598181998,,-0.0527022981391256,-0.09932600964082512,-0.05396531166507641,,-0.0248662562513664,,,0.0668086683906367,-0.10141579627856302,,-0.0009410220317344953,,-0.14744978573480133,-0.015783602102690697,-0.08322936051423228,-0.1547279709296704,0.0728368111185201,-0.0746892680465471,,,-0.07309368207545011,-0.0749535070739845,-0.056962018308781684,,-0.016190003817201003,0.008462503821817607,,-0.1402494108160451,-0.035623006768110504,,,-0.0086623278449445,-0.007337951097534555,-0.057324685440898596,-0.10436209576526309,,-0.0288010233700142,-0.047250161521514504,,-0.012710141872219603,-0.021263843632003104,-0.07520546596486621,-0.08867951596139828,-0.0966402920812738,-0.10574097437736461,-0.0886356455791952,-0.093882233984722,,,,-0.011687609924578802,-0.07939728505588732,-0.0866151149598705,-0.019206219710239503,-0.0859995519590938,-0.0873685675639134,-0.08608255184058389,-0.08684753747976182,-0.0863331988020037,-0.0874597077330085,-0.09154693645860221,-0.08363963860737801,-0.0873157047985456,-0.1042328723273116,-0.0652551304081841,-0.077894727915346,-0.1051616889928335,-0.11701606902618661,-0.08834903625560969,-0.08299181586248221,,-0.107345263583529,-0.08445849067109888,-0.1791650072817965,-0.11019481072552338,,,-0.17902704433063368,-0.0713200509907784,-0.0985722064479191,,-0.037192152196122485,,-0.21608841926477082,-0.07925979401241559,-0.10792316880761152,-0.1409390842203749,,-0.09502319191368092,0.1174396880135256,-0.012686654915690205,-0.005368586092716,-0.0368893251256845,-0.0154382668489183,0.0805902074577874,-0.1014615060134904,,-0.08306128420504091,-0.09006466100387471,-0.07546626272357021,-0.21663440304251078,,-0.014724332177946615,,-0.0800050933259175,-0.23242110369475633,-0.032871643224004696,-0.1499595482629795,-0.051087541666479,,,-0.07976496846886229,,,-0.06594817419121572,-0.09521935740745972,-0.09527157922671077,-0.1197508462402336,-0.1364539971916838,,-0.10353267593242811,-0.11840348192766541,-0.0986347988500719,,-0.0803178986229698,,-0.09095362691970749,-0.06336888306289058,-0.0363970887463815,-0.0857437116928932,,-0.021232271651319003,-0.0057030598282589015,,-0.1081421132117904,-0.06118043698870069,,,-0.005962790814357898,-0.052991278437691906,,-0.0658338364994538,-0.062390292599281,,-0.09251386488356202,-0.18274686596741427,-0.19328825420135948,-0.01609371647711099,-0.09915443194918393,-0.03603403728882378,,-0.1492770776158191,-0.0730155540672762,-0.1100496689450028,-0.01967104735092,-0.10153488492177169,,,-0.007857027920901302,-0.013926845440357096,,-0.08606921168024069,-0.10000482118414102,-0.0855031408218594,-0.086939473364164,-0.0854865753894534,-0.0326038800928155,-0.01504575030977307,-0.0897184122171548,0.0040704667051746045,,-0.020186351859776498,,,-0.031605819177790595,-0.014349198565876995,-0.012821825207757011,,,,-0.0896567564931072,,-0.0309698140910084,-0.0003140703774619398,,-0.15477189905357078,-0.09839968319604941,-0.08361110489597012,-0.1089115235243337,-0.027568495075811696,-0.047521410651677407,-0.11734080398566857,-0.026603383577409906,-0.18767553705220813,-0.0963779346085141,-0.07988060976823791,-0.11287418337872049,-0.04447612411175221,-0.0064697293771561,-0.10454609643431081,-0.013629965977531395,-0.0987787047075723,-0.023022711578541296,-0.0642839388779434,,,-0.08047874107110108,-0.014723428949375294,-0.07753264071591759,,-0.09831318032100501,-0.11125090385630737,,,,-0.0862623321116187,-0.0859362977892902,-0.08544547943369667,-0.08453526357060338,-0.0923894932302415,-0.0854681049403146,-0.052282943182560514,-0.10996725919742031,-0.0848519619982738,-0.016568001130045702,-0.08593381947866251,-0.08215821361641479,-0.0861817579089209,-0.0883800538569874,-0.08618148048604611,-0.0393788835343657,-0.06248601927127961,-0.09747366352903909,-0.08290330961334759,-0.08191263397560929,,-0.07164044075831702,0.07679409667708444,,-0.1290497593906308,-0.14263115526567371,-0.1009703256946786,-0.1771258965906283,-0.11507893335606996,-0.07798851427608289,-0.076601010389863,-0.09459076553211948,-0.0239480156631738,-0.07114499513903359,-0.04257613935773201,-0.02653499960162751,-0.1124844769439097,-0.2072016076626511,,,,-0.25217774162982715,-0.12367448815818731,-0.18426550623264762,-0.0128383239729126
2022-08-01,-0.01749315744751711,0.0683012508013893,0.033219837880143696,0.025048944340784106,,0.11994164596345651,,0.05200794264376949,0.14348811531659172,0.12367226874527258,0.10621746619077346,-0.0870911950045978,,,,,0.00036088347070594974,,,0.0299999652174689,0.037387318103699003,0.043401412619273896,0.023519633986033003,0.026161647488994,,,,0.04661037844162189,,,,0.05285954674214521,-0.0200954629611505,,,,0.06047644073888621,,0.0659194263958102,0.0382658281247416,0.037568268639748804,,0.023526928883747605,-0.0034973805321697003,0.05039674922807609,-0.0134267657888978,-0.0128671323866631,,0.0353375989931749,-0.00079881912290398,,,,0.0535135810719224,-0.009640877036680004,0.09107541588848068,,,0.06918135513655169,0.0472620205661694,0.024469991061950302,-0.043735393507807196,,0.0609474971854307,0.046114968966884995,,,,0.017107879641403305,0.031216597495006503,0.004497277094895403,0.03975595133052261,0.05780726418105428,,,0.033227576203537605,-0.017468705823393098,0.10992381071409699,0.047708261284505504,0.026952698829466302,-0.0007557674875442314,,0.05413495588607709,0.1259248156239317,0.047058625799543896,,-0.0258180005291461,,,-0.10992545896992009,0.1029987873076459,,0.0011605803458670353,,-0.04138519872851901,-0.02622233479117241,0.0852640101156102,0.037600273921750506,-0.1061837203917381,0.0337754193893,,,0.0648006003732907,0.0641579781862598,0.047609568814958,,-0.025385070296121,0.053382413895933296,,0.10242134009484968,0.1570710458250671,0.052910888514708404,,0.0291722048896382,0.016954013503624098,5.030698080332741e-16,0.050314167512407096,,0.0363279332085695,0.05079019315074881,,0.015764111090321997,-0.010862532033838473,0.06337309209062629,0.10361313352090781,0.08756730759204309,0.12020352215414831,0.0947099072035049,0.08181236754068079,,,,0.012059843548037599,-0.02337525027204572,0.0884724718777992,0.025456621405665066,0.11860574240784662,0.0593572837604454,0.05739279799665271,0.08861016857373301,0.12037563991631893,0.08865455197270031,0.06386142778279699,0.1142509197912988,0.1004179955707194,0.09186553315294281,0.10700232550407669,0.11539582993927697,0.09381875521765401,0.0830901418333832,0.0906197141264287,0.11312334415477399,,0.1192893161578902,0.0378507251204265,0.1057014606459524,0.06994507113992891,,,0.055670855922780906,0.0848981796079333,0.10880672139527832,,0.046212510735091014,,0.0702042586732478,0.0655946028300651,0.1011355593303042,0.07282375200277172,,0.0934461295774703,-0.14458122881110702,0.024081158217060094,0.004544523417322201,0.043451225262790744,0.031137822035038103,-0.11614935918611319,0.10361045439473611,,0.08775712216894811,0.1264961356872745,0.045228988095724496,0.020478531343540503,,0.022309043339746402,,0.0892990117342219,0.03845979140879438,0.0968920360937302,0.201783816489843,0.059897780633137776,,,-0.000963159236509901,,,0.1773603559321661,0.11824278755699551,0.1192480114378767,0.11816171871775505,0.08229598272912181,,0.1209388923849653,0.04517526993441799,0.08295538387086299,,0.0851427832860282,,0.0990328458065697,0.03820550917930819,-0.010297120686243097,0.0502431248318721,,0.049788355181644,0.021609957064612,,0.06420642975385021,0.06420145195092919,,,0.0040873318155732,0.04618964183087101,,0.06392186670539302,0.003213714603095807,,0.08164553190511191,0.15193943104535668,0.1528013671585721,0.025585702641730903,0.0520211847508783,-0.006347395806091112,,0.1459518062091547,0.026738846968265305,0.0798229032985443,0.0245861606131004,0.103544809303342,,,0.0198336764469882,0.025849102578637696,,0.08809095585788271,0.0368954784968338,0.1200757382273582,0.0882322522269723,0.0570075182744824,0.020913309726979,0.0180493079682118,0.09204885963488009,0.1811769509155943,,0.028879438686216802,,,0.0421170142184377,0.0291105840119829,0.0239988512327854,,,,0.07816969719901391,,0.033032737072727,-1.9977155055264542e-05,,0.0682727237631106,0.1008132553815108,0.11072598712453968,0.0937191282210466,0.0384076307272911,0.0530934419005985,0.1666583323989145,0.0336875076915239,0.1003515101585212,0.0515873687904931,0.0332675103082707,0.0718475398564726,-0.01448872973905531,0.018951294676510997,0.0487721333186449,0.02583553166070601,0.1254603237907306,0.038689786674125606,0.0657488509473089,,,0.100450723052755,0.03136029274698575,0.08264816035846549,,0.09125427966977048,0.0732969577620388,,,,0.088003062997006,0.1204138915896747,0.056907491699771794,0.11115961087930751,0.036443604884030395,0.05202554040767841,0.055534370345489296,0.0575136134820251,0.0675075098410689,0.0249788786867314,0.0893546160990507,0.049338853105457194,0.09959579639965288,0.1225919685356264,0.08803106773959819,-0.007954724361414204,0.041922730014253395,0.09801091895500982,0.035779268382523495,0.04499028625965719,,0.0810132365350654,0.0883457047257679,,0.1568365752839374,0.05960108027364809,0.03796551401817,0.09210186599892758,0.06939554609951959,0.094685037976734,0.0907825945327079,0.1262083892601526,0.0315018889735417,0.0817356147986896,0.05331634646588991,0.0319241352016108,0.1692896716531446,0.10572911131257069,,,,0.13697790722684408,0.08957285746544931,0.18416536081953291,0.02135926707010529
2022-09-01,-0.015412278994886496,-0.0446238386693823,-0.049575080906413896,-0.030897221667436397,,0.036496982718318,,-0.0251075604612373,-0.022053480714857895,-0.07473882783657311,-0.05702885498765879,-0.04773707901155821,,,-0.022700934768351402,,0.0019321755194428125,,,-0.03552450757296618,0.0037602081478762036,-0.05433557925514709,-0.0283784498793674,-0.02816650796815929,,,,0.016233740810682504,,,,0.001455684761860402,-0.015049483341619006,,,,-0.0358043071524183,,-0.0384447790979482,-0.01774193503418136,0.0023114271790384013,,-0.052845527327146494,-0.013352005890817004,-0.063119362257725,-0.0022049936941833177,-0.002345536176898087,,-0.027473519587546305,-0.005226192342010787,,,,-0.06489099728613791,-0.0192465319458635,-0.0410940663488951,,,-0.037182334715014705,-0.046965152521833406,-0.0766557442325196,-0.0388631300349217,,-0.0466642248548957,-0.0685166849113404,,,,-0.020883343639224002,-0.0668922001157702,-0.056027831469661706,-0.04457938876140309,0.050396958960214,,,-0.02734347567268501,-0.0032988403311183653,-0.0199451016528001,-0.07539471571033349,-0.028839458978095395,-0.0001294473783703344,,-0.0379643907630487,-0.0577336471075172,-0.030956041445924194,,-0.017733612893715403,,,-0.005611501769046106,-0.06443627687594061,,0.001131479354417662,,-0.0987420404543542,-0.0298751228323549,-0.041021132102004504,0.007738853616957701,-0.004369469265294898,-0.029205572374259702,,,-0.044047848665773194,-0.042921759539097104,-0.024513682169922002,,-0.030043224487793098,-0.021341528398854993,,-0.010609604770878304,-0.004947165475556794,-0.0603819729481844,,-0.039310417523079,-0.026988312053596704,-0.012305323441964706,-0.07805300767301368,,-0.0351867574929534,-0.053277157567734906,,-0.0152586581025098,-0.001677338073481443,-0.001924689384395696,0.012221148457368602,0.00977165281621601,0.014882704814876104,0.01069080119397231,0.011673474485225807,,,,-0.0146082945572327,-0.004388852227199359,-0.0387619524544732,-0.0282556979970024,-0.0533954039793031,-0.0288756482975801,-0.028920868657703803,-0.0421524952846594,-0.0555782459097677,-0.03912204830008839,-0.0300196603778917,-0.04787081694308691,-0.020229954902703882,-0.031098345188813895,-0.008660713744634483,-0.03339361171024199,-0.031612444300552996,-0.031850998759384797,-0.0381104520271131,-0.0518038279061548,,-0.0649917862730551,-0.0471875321364786,0.03364979473536619,-0.018287453300563094,,,-0.032083074957987595,-0.0604124202241263,-0.06213321250952289,,-0.0298215877209738,,-0.0304009646703991,-0.0431562269732364,-0.01808217198023871,-0.022342224412150995,,-0.01883414064530119,0.006045350025246296,-0.008369379307038812,-0.0043375055095344,-0.0453079102384588,-0.03602228319974799,1.9081958235744878e-16,-0.032216540175683,,-0.043532985836814295,-0.05461972310691171,-0.0291395321032334,-0.006779686985378411,,-0.02469617758119681,,-0.045954544688565295,-0.008517054331297111,-0.021109640854973296,0.02768403896980881,-0.038784552229745,,,-0.05904492584262628,,,0.028001513105864705,-0.05268571510347699,0.0149450545936188,-0.0717926866616977,0.012058439675901495,,-0.045742957105,-0.014875883450528295,-0.035453817917022706,,-0.06473816114222676,,-0.022546751247881504,-0.027790918066769303,-0.004788516731797701,-0.060473393082687,,-0.0186680531400299,-0.028286659528983207,,-0.060731981712583705,0.0136065164288985,,0.002154377085993208,-0.008130090334021064,-0.0260174347955821,,0.0560977487260976,-0.1203263741533919,,0.010430456212671302,-0.007728023077666679,-0.0969834009234685,-0.030393253997254403,-0.0596787230393207,-0.004350985834325899,,-0.0505020384991202,-0.0251903547469233,-0.03854387037910819,-0.0248039718121651,-0.0316168021606273,,,-0.029467751970326198,-0.04610261302163521,,-0.04165769620016958,-0.029158013212970096,-0.0550949851259425,-0.0413125133182509,-0.0286254257615373,0.011497546451119996,-0.015798400419669477,-0.044020276402515796,-0.0145970808434131,,-0.0308825015257992,,,-0.0274208244208728,-0.04665609443862201,-0.0466423493364026,,,,-0.04685382083175386,0.0015905367819282893,-0.0337648872393045,-7.286230739219952e-08,,-0.0320477596591806,-0.026425464824050695,-0.02414187831141129,-0.027854894318806004,-0.0385934983907469,-0.0561674379069721,0.02047161041281561,-0.015721031475563606,0.0017694793306992293,-0.012189356840022897,-0.0065302881171920985,0.020441405617264395,-0.0028892549016961166,-0.028761564403007405,-0.07758150044019663,-0.04568238769542471,-0.0581695073377626,-0.055561680919793396,-0.03513561615346321,,,-0.026880774528187698,-0.032723703575085,-0.0620087138298557,,-0.029820665154331207,0.014265983682552807,,,,-0.04216598975605449,-0.055700211193125106,-0.029366130246534,-0.0342006815618662,-0.035274449200019896,-0.0413704725076288,0.0028521844732139895,-0.047871267055531005,-0.0413697896585774,-0.0254733634464676,-0.037997703758492304,-0.027142380943128198,-0.02046483512118641,-0.051301649967615805,-0.03961396830122232,-0.004608862009103602,-0.028172737981554594,-0.020047470545849856,-0.04590593720045189,-0.024840677696984705,,0.012548065048785098,0.09141112669114851,,-0.0680446604668587,-0.035438830994568,-0.0359406628891589,0.026178187560332498,-0.019772962948273992,-0.05567506208922521,-0.02874462102087591,-0.0641410593418199,-0.018699731882960202,-0.057795407252680904,0.005124758350182294,-0.0594357517633049,-0.0459937829226486,0.01828129376162669,,,,0.054881215878351305,-0.0029914215805113796,-0.06430463036349629,-0.05173808638288841
2022-10-03,-0.13455598287809012,-0.09865686801891292,-0.10117782387490529,-0.0423201837390089,,-0.07810513072264437,,-0.044755988130475904,-0.12791134117972192,-0.1043528520261169,-0.12002028185972223,-0.09735513601404018,,,-0.10787226790316252,,0.0020592267055934,,,-0.044076007632663394,-0.0337500369693456,-0.0356825621302007,-0.0427121541528367,-0.052329315713082296,,,,-0.10678769721697089,,,,-0.06978266979643971,-0.0729721178991851,,,,-0.0860126332469758,-0.0826202164051411,-0.0914386333548422,-0.10134863048671708,-0.0498800545281326,,-0.1075953594002071,-0.1226133488487563,-0.09675368468960059,0.00012984277861757503,8.804689620368206e-05,,-0.06800350369055591,-0.0499673882293076,,,,-0.10027008269650779,-0.12614057705502738,-0.10011271288351219,,,-0.11039369947015902,-0.09098591278101813,-0.10109611687136862,-0.1138767806893177,,-0.0926081050179671,-0.0810076317349771,,,,-0.1530894606522507,-0.09804653869293961,-0.00045207957370330815,-0.2011120906619476,-0.029594844830781997,,,-0.03264805131442619,0.00010802328015129449,-0.0963755719405729,-0.0904792465522232,-0.05561330202274789,6.677185446556649e-06,,-0.0638934264992532,-0.1254158576364539,-0.09201460642040309,,,,,-0.155475622054869,-0.11986116556921159,,0.0011616218378452377,,0.013355791181555386,-0.029307060213641444,-0.09402954586012369,-0.08470491832434783,-0.14955920137794482,-0.0867631002457502,,,-0.0381335561366137,-0.036624328516033894,-0.023558632568425504,,-0.0290690885294759,-0.03635575205694021,,-0.15010178421066198,-0.15002634418456387,-0.0990479401875526,,-0.048492887031988584,-0.029803057735104,-0.1200038241740144,-0.10072154768235791,,-0.049712572663532795,-0.08712005854045651,,-0.020902505560655704,0.00016176354813089884,-0.12595567386924048,-0.11694536578932127,-0.13797090456240335,-0.14231623304578594,-0.15833596101603442,-0.16411814134542363,,,,-0.020389948778998104,0.00016480397709174352,-0.0966379551152023,-0.04207790672005939,-0.10511164529334759,-0.08921027553159622,-0.08873971212072411,-0.09684697120249817,-0.10453235625447,-0.0962175618366021,-0.09101640344436102,-0.1023668841068191,-0.027396381654886004,-0.10829118277092478,-0.09387860155532671,-0.08969829525643969,-0.09670819192933451,-0.1008673837499682,-0.09665682387509521,-0.023221826698647016,,-0.13444965273436632,-0.1039848644631893,-0.09577924548062108,-0.0817276037459433,,,-0.028142068195341707,-0.028651935633190725,-0.1310545498745797,,-0.0656255553799005,,-0.1344470292640136,-0.039736624456377004,-0.06764264680958659,-0.0959196982221375,,-0.0553351413179577,-0.14630124153368754,-0.1099346954138487,-0.0200717589342277,-0.0616417514874163,-0.0522497887199624,-0.15488886058084067,-0.09621005066550077,,-0.0941752582038286,-0.11155969527655213,-0.07620123149874418,-0.24703095157088514,,-0.028452237924682596,,-0.0985455490500636,-0.12641007796600878,0.041812233373731016,-0.1698154880081727,-0.04530371003433489,,,0.020864384604104388,,,-0.1169421371019334,-0.1131242086029359,-0.17879000000678158,-0.1331095919784588,-0.140029095069107,,-0.0936567893857345,-0.0960822591012321,-0.09614794136441171,,-0.13079214884530277,,-0.1012443182438248,-0.058926564566455106,-0.10981486600720629,-0.10136963236772699,,-0.06519176367704849,-0.031088766483180607,,-0.11600477104715752,-0.13390707489170672,,0.0023760333524044386,-0.0119884985020925,-0.021211076491918095,,-0.2068171973184418,0.0540037312223199,,-0.16291862109883704,-0.2400027323161336,-0.033184961064330804,-0.019476953374964908,-0.10373128220073319,-0.10277986906433421,,-0.1153862319183146,-0.11296799051179839,-0.09177751061840658,-0.0339367009070731,-0.0961496530892211,,,-0.033365661077159,-0.0831281383161644,,-0.019258580430602093,-0.11505524398197121,-0.1051121702422318,-0.0971507306237387,-0.08785056799178231,-0.04213660301368081,-0.030598231245269503,-0.1042171923809107,-0.1359567875159358,,-0.0350344248022741,,,-0.0695972738351492,-0.07399710471697629,-0.08589979486766619,,,,-0.0983525252091865,0.00298157559188031,-0.0506279532174013,5.552721769775074e-07,,-0.10744622866554358,-0.1005265938157608,-0.0942772280428547,-0.10440809183526412,-0.04826855927709191,-0.0886848102306788,-0.15194526824234578,-0.0874364346900801,-0.069118215071574,-0.15159441310638455,-0.14020064297013374,-0.12240223623746048,6.946974937027037e-05,-0.033733891017380196,-0.101882224832945,-0.0824864944861635,-0.12544695223317148,-0.031017214103533704,-0.08539428553890831,,,-0.1052641071813141,-0.051251205186869216,-0.13763476444523082,,-0.10397109186150678,-0.1436824143821593,,,,-0.09658234623980923,-0.1050684476584383,-0.08903461476373091,-0.1027806306181877,-0.1313511883309904,-0.10823676114324571,-0.1184421756129838,-0.1142874565896198,-0.10017358694913439,-0.030613620549274034,-0.0967752820085749,-0.08121625044273052,-0.10075880711566679,-0.11027906581305812,-0.09650561236748609,-0.10631871761119531,-0.06499162725659682,-0.10534208631639969,-0.10433393320367683,-0.08213225325565263,,-0.18450217539010458,-0.11397362944652653,,-0.08662187417881571,-0.09194168146716637,-0.12499923039428393,-0.08974832980983491,-0.07972129068645051,-0.0985934875536488,-0.11022377782999959,-0.12504487914624549,-0.08487582382297401,-0.14122147596552173,-0.11300401092430619,-0.02569443862007311,-0.08373229388521791,-0.14095044596536882,,,,-0.14048377735500095,-0.11116929810549528,-0.1158741055839455,-0.11538207411884491
2022-11-01,-0.0529762586010605,0.06153871592600789,0.03463443309829439,-0.0128890104480422,,0.13656971535103063,,0.0156719920169366,0.07989274891191499,0.014472032608534188,0.055818535203010194,-0.1119859179720578,,,0.14486322482142502,,0.0015883866533980002,,,-0.007170564401805498,0.0305951082928702,-0.08552457153523459,-0.0116611540474592,-0.0170867466392615,,,,0.0798229603820363,,,,0.029334501494306796,0.04936756012976439,,,,0.09720955439885101,0.10513126842847598,0.1313019837394242,0.0970722052335252,0.0487283995543601,,-0.09539955830943501,-0.019980395389569406,0.057247679628894516,3.1602806141261716e-05,2.9222738504754324e-05,,-0.0018806226089029057,-0.0010680957960786976,,,,0.0566237974144915,-0.013828459078587402,0.07681178113892971,,,0.054549963254064596,0.07120109476525552,0.10017994639958999,-0.12479771265576739,,0.02306860693668751,0.04337147880419371,,,,-0.03398156127687619,0.06749104483107321,0.1339552232116559,0.0898051902509465,0.09766986402750531,,,0.08319671535084548,4.087593851020722e-05,0.020467289647339973,0.10805519124907438,-0.0197153550365305,1.7472226160730348e-06,,0.1053605156578263,0.0718115793109156,0.08023612503657139,,,,,-0.2105587269755642,,,0.0011027017307023762,,0.001657001207629391,-0.0180055748304771,0.08019433276994609,0.09726719851322381,,0.12078481831861311,,,0.0330403744958124,0.0334697306296549,0.028182361936446194,,-0.0175976385682471,0.0947970522808789,,,-0.010531956224237804,0.05751484425068517,,-0.014697344889853102,-0.0050844091215823,-0.014766470116301505,0.0813258807863183,,-0.005398472326044602,-0.023818858954724596,,-0.0025655895584547994,3.126997789159782e-05,0.062244136067085405,0.10099524343893207,0.10835602463762456,0.0899294679101827,0.1160611733242922,0.13450120722350659,,,,-0.0013776182978583,5.776917148074164e-05,0.07738933856730469,-0.011288330473461202,0.04761354663044539,0.1082791081939261,0.1090651296874664,0.07811697341575001,0.04330120051096431,0.07603905412322148,0.09631910318167142,0.05627610668172389,0.031703034513511606,0.119668585930255,0.090948627694783,0.0764367278682025,0.0842050831458664,0.08947234077997501,0.07833217409071191,-0.02957307877779459,,0.07400636162678362,0.03720193862704021,0.2071940863128208,0.11099965609414102,,,0.017689673617444297,-0.07596064232707299,0.0403366648273647,,0.0723722335197099,,0.1671053312360625,0.03009988606758661,0.0918352768022273,0.08429324538950346,,0.082600053604231,-0.24946085963158315,0.010984987446247504,-0.008367054846613499,-0.0075387035162517955,-0.011483662243858397,-0.1791311627957001,0.0997004505879881,,0.073873321053076,0.03716853317995239,0.11422997437010468,0.19709926309455356,,-0.00852656555196846,,0.06676680589682879,0.3465868260260126,-0.15732241918511342,-0.043480499616996106,-0.0320187208162443,,,0.07228282760383858,,,-0.010587711398819508,0.039219274046564,0.03923820346801988,0.016175919088477698,0.11686812250930571,,0.07558427140448701,0.1227344835938792,0.09210523228904288,,0.04411114377673729,,0.1015437171311253,0.1065792848519558,-0.033132143312726695,0.058027326568894616,,0.017396069689593795,-0.0050340989264761,,0.043328076763537116,0.09807846035414561,,0.001961554969545391,-0.0012610968614924997,0.0275862475146524,,0.059445703848516,0.006833739578564901,,0.13507547843271592,0.021906095830931217,-0.07468381546527018,-0.03625080100642279,0.0579763393682316,-0.025449986954807907,,0.08337463905938654,0.0933663590791578,0.089252614587731,-0.004777942532466199,0.09940401419277708,,,-0.007238891796430499,-0.05504345512971041,,0.000430403778412,0.0956433124069936,0.0441219329508801,0.0785210419813111,0.10790873039166102,0.016805363339891195,0.011380217997784499,0.0844612524982559,-0.032165102908060676,,-0.007907681870405001,,,0.014104072126023198,-0.04158762476384959,-0.061533172211795814,,,,0.07207632353090451,0.0022851131865795848,-0.009863066270230798,3.294661810804825e-08,,0.09161604019664112,0.09445343447931819,0.0679981679444948,0.11334113790928618,-0.004144873489513299,-0.02080901437401441,0.023584908222724098,0.08995637359626019,0.2152764988206833,0.0590055029108586,0.03347314612691392,0.11461365043495,3.420607620408111e-05,-0.007300517829318001,0.08092572464984937,-0.05347156303392721,0.0716462978570888,0.08287902401442579,0.0949334508832337,,,0.12171082024356669,-0.014284945078163505,0.0344502348498622,,0.0817353988427173,0.09570578043199612,0.0753706620253252,,,0.07804910997784817,0.04445384735700289,0.10989348382861772,0.06421229811909486,0.025175148786247097,0.024930372216511,0.024167842936767006,0.035978909765872404,0.06181708558759818,-0.010721631733409098,0.07800472324199642,0.11095707058598381,0.10572064891102051,0.040262829102128424,0.0759143262975175,-0.028914997470219802,7.765400761939462e-05,0.08212836545688548,0.03351548925260521,0.11534423883744091,,0.14654893518283627,0.035056540831681804,,0.0646070870808937,0.0853438107588743,0.006659754063012609,0.22286581210953543,0.112646163716357,0.057001552389567,0.13010023528717538,0.0738192816039261,0.086236812643327,0.019797182170791797,0.01904819497069459,0.09176843658908843,0.011170180371097009,0.1322950438167176,,,,0.19312730000722259,0.1059804510272796,0.03068003231893551,-0.10967586536763722
2022-12-01,0.1836417682195076,0.08007058806665139,0.11633126073572458,0.038796959831320796,,-0.0255394775192267,,0.04381547853992859,-0.02674931523620222,-0.01579811687659108,-0.06484247670713303,0.16622797970086092,,,0.0521170230482374,,0.003141112096500586,,,0.03609955758673609,0.010260485823329585,0.08204096006632641,0.0359988496161295,-0.002032617324432217,,,,-0.022058826798738197,,,,0.024444496688955798,0.0146218767880264,,,,0.0655454614626598,0.057892924769220894,0.0576447703785377,0.0602710704893001,0.06370818886042269,,0.095995744056343,0.1448736692284562,0.123704136308316,3.715349525888637e-06,3.909775708505748e-06,,0.09590993029758399,0.0726036754003601,,,,0.12486601028208269,0.14537016125742627,0.05424520144129949,,,0.1339536007794117,0.06334571193079559,0.1515284153116616,0.2174128766052239,,0.1099508839617861,0.0922605097613663,,,,0.1987485420591914,0.11730741139057961,0.0637719628230599,0.1583605172387553,-0.03710480206377602,,,0.0815057657252965,5.679619803623357e-06,0.02740946354823228,0.1558583376278502,0.0387521095833192,2.154339441061676e-07,,0.06072026525775891,0.05175889733898169,0.0668244571931281,,,,,0.30425049879901295,,,0.0029580929671282987,,0.03777098731171662,0.0815050550265172,0.052773679557985,0.08886017780561611,,0.0490628698038793,,,0.033714556970540994,0.026933712389746803,0.027027801485272,,0.08118423198043599,0.05991532241431219,,,0.1134799254766805,0.11628363839382308,,0.03548346281319831,0.022181502121478916,0.1368317256531792,0.12416144822245309,,0.0463281302737575,0.09480049928088821,,0.020979293991224404,3.0623587570603667e-06,0.055020655013378494,0.05786821020399391,0.0622302759379087,0.05598134557115149,0.0392521354851353,0.03735543313686519,,,,0.0176044079719473,7.844483566684706e-06,0.05103726906292011,0.042480267978427196,0.04862592754372839,0.057914581617863906,0.057348322703642596,0.05403329023036052,0.0494126991677295,0.05211251537537723,0.05994085035807868,0.044076643876537286,0.021797464035486897,0.0279567671275307,0.014087521503562893,0.052237804493185006,0.0580372531715937,0.0605798199526694,0.049999527636987895,0.041745597398615004,,0.07790649812306191,0.1213716692177436,0.014574824355220693,0.062897668520705,,,0.10986550190975981,0.05984691600925279,0.063769145521565,,0.050883069610553,,0.054838299928842614,0.0355079309401483,0.0197824336390071,0.046434954858916605,,0.008873725232156597,0.3918309168323596,0.038604632271742795,0.0125206397857158,0.06433943959630224,0.0417785230765647,0.2785766627983502,0.05844703995518108,,0.05148302264888881,0.04396371785336612,0.05801241073481709,0.0351530044178958,,0.047304088468512695,,0.04996268352157259,0.018081275544650596,0.017562219177730987,0.022294599726442224,0.04858573646493829,,,0.11355733037809909,,,0.0433945209466867,0.0539592823635921,0.05437555289948958,0.071073842607518,0.0740752811976714,,0.05095329688614379,0.0512236364397084,0.0642429056505414,,0.05479612346834328,,0.03568453737472299,0.06598388291975439,0.1385373008312325,0.11942225813803539,,0.021410227152323602,0.0261962829685815,,0.11240279828323871,0.06538173005443149,,0.00299929805221277,0.0069119174705057004,0.027172681134467202,,-0.020486061532875972,0.1479697883214967,,0.0376680344711587,0.18525035742048812,0.17265756431047619,0.036003980981508504,0.11851429711492939,0.1285205114491792,,0.0903721867465823,0.06725435525494,0.0687013061627443,0.03496078863616169,0.059698817371390905,,,0.0225309118614965,0.0668051110127306,,0.0541012899650323,0.0668897134109373,0.048826541695400086,0.053162967739457584,0.0578956051744761,0.009204674736027804,0.004823242969471599,0.0617349580207011,0.1639628920934927,,0.054867456147870405,,,0.018162842701478405,0.06287849983572591,0.0690428797170542,,,,0.0720045299883022,0.003081172826665704,0.0534935767911795,-1.1835125248145829e-09,,0.1056186896316352,0.0429832008716936,0.0267854176770113,0.054109821105453,0.04727130297459561,0.09449741139479058,0.023812603936261795,0.0600360881872903,0.013012288800816446,0.1182150570913651,0.1235074815627621,0.059524775402034796,5.055102491073191e-06,0.024933497022964702,0.12653756829063,0.0651186860832641,0.05233151963037569,0.045526378758264596,0.06530780529988081,,,0.06978313222047279,0.04084246921942321,0.05964587750970188,,0.05965813293732561,0.06325504858520758,0.052898408408813505,,,0.0535881658456741,0.048652558958564414,0.0572907184052495,0.0555624199952158,0.0501028145310074,0.1236337009021079,0.06803179500740052,0.1072296750805291,0.07957506444927881,0.04941162185933419,0.050401281963977695,0.05821283748589823,0.021241864748898602,0.04520494068622471,0.05227603699801252,0.1336724264023464,0.0905822855405368,0.0355934789812923,0.12253730998380369,0.06075719799268981,,0.0385320453357814,0.017735881445141585,,0.0653523825262222,0.11079926253941819,0.0662094951599621,0.012806534047218508,0.06632106918245861,0.044708040621716696,0.0752126687393592,0.06126840063627499,0.0593784754029191,0.0661027748655865,0.06745430205273509,0.046150147550290996,0.014610873289076388,0.10612311140569772,,,,0.005471158303314641,0.0697044376527989,0.16956632273216998,0.09498114223623419
2023-01-03,-0.017578234298317803,-0.08262954959216763,-0.013140669705999107,-0.0120452889910695,,-0.051949763918117,,-0.006429011978089605,-0.12870195003775478,-0.18743012473667664,-0.1582492732136066,-0.0057684650747875914,,,-0.0686422596041276,,0.003624624050862246,,,-0.008958052615383903,-0.004077461632089439,-0.023238104183094705,-0.008105835556983097,-0.00010402057703820667,,,,-0.050088542943194515,,,,-0.027109329400593105,-0.027491997347094378,,,,-0.03917899669185319,-0.0440804866548401,-0.041478918479628285,-0.03133287121770415,-0.05487771716000169,,-0.030566703884073006,-0.0268274807313889,-0.01834484237475369,2.0659192289360434e-07,3.098916398869027e-07,,-0.013731142257624594,0.0092288490185118,,,,-0.01892414444464459,-0.031170967126581905,-0.062043311817649195,,,-0.045160075170789314,-0.058003644146596485,-0.026002339500672197,0.061764414876035595,,-0.022454679115502998,-0.022637137346117196,,,,-0.0697338595597108,-0.013128589399956196,-0.06589427743319891,-0.06015543898958949,-0.0446988522275058,,,-0.009556474872790401,4.800814480414078e-07,-0.07250004478511828,-0.029980533689867493,-0.0027383514121885003,1.3995604158608949e-08,,-0.0413889361357679,-0.08254296021781048,-0.0347816583916771,,,,,0.025194200872177303,,,0.004212566421237883,,0.1515342320288127,0.02888524936030091,-0.054317973632816506,-0.0350843668275135,,-0.02641882697289234,,,-0.017713977544518412,-0.0176515625271353,-0.013718894911304897,,0.029038555979918206,-0.0383904727180278,,,-0.062177020782662296,-0.020687187839812306,,-0.015019353799532889,-0.0056237703454085014,-0.025300135629053602,-0.015163531800049198,,-0.004822884697782003,-0.024128525554072508,,0.0010697714577814015,4.51203315200894e-08,-0.007749801338708896,-0.039067663784544716,-0.0518671245002078,-0.06275501120861239,-0.06913726377904962,-0.06706369351567203,,,,-0.0008228953774173007,6.271535817182411e-07,-0.05982796667611131,-0.011975241562248901,-0.0767725526530217,-0.0397309912904055,-0.039649467691878,-0.059029637897053115,-0.07934015095314109,-0.05924658377804881,-0.041024681595383194,-0.0797684624472621,-0.06740022694168071,-0.06826250319615079,-0.06510091277384383,-0.0621645112387323,-0.0556666708423163,-0.0524072637592661,-0.059898254321650087,-0.08357717287220091,,-0.08714577082119669,-0.0222423435330144,-0.04505557091886647,-0.05774619942718668,,,-0.052859137756295,-0.048651561423590915,-0.08713357995284049,,-0.01993598564523241,,-0.09275208844985208,-0.018971835088514005,-0.08284014656800141,-0.07296129622837669,,-0.0867395253795314,0.06110072851472691,-0.1609933619254007,0.004625792075419001,-0.0156787082940966,-0.008350008774760902,0.02507780334380949,-0.05687987305719801,,-0.06182765671920539,-0.0919843053817085,-0.030916467235920394,-0.3054992974799269,,-0.002635712429960105,,-0.0641739499080279,0.00982005812912079,-0.056315185994773205,-0.192019894895676,-0.0294282376010402,,,0.031202981528041896,,,-0.21938610301774908,-0.0968521370305681,-0.09500840382143882,-0.08284364634846358,-0.06053417093626659,,-0.07622036581301621,-0.056676479636164,-0.04807696764992299,,-0.052865644173840404,,-0.05772438592161489,-0.016518864155555094,-0.025333206580470294,-0.004127356390330206,,0.0016741852836850933,-0.0015476434633216046,,-0.0091646746495637,-0.041152451619529906,,0.003795321484208418,0.0011730190548812003,-0.011633912595550001,,-0.0864181327219979,0.07494672246500288,,-0.06805759992708431,-0.1038103799335272,-0.1007300025085808,-0.007414698210717598,-0.0245721998364523,-0.0233296837668516,,-0.08938122673456982,-0.0367163319469841,-0.05075098343427489,-0.003207710445813401,-0.057774323998387285,,,-0.004905059946043896,-0.023125215478018494,,-0.059299792738732086,-0.040003160795079,-0.07889298564397539,-0.05826988425180729,-0.03955277038777309,-0.0140813203125701,-0.003205342300429399,-0.060921493978953196,-0.14094148987551322,,-0.0036776681355749985,,,-0.013275254101402107,-0.01742492229497131,-0.026629791776156,,,,-0.047855119290803494,0.004096372886191789,-0.010273244649207099,-9.860472441346561e-10,,-0.054819595395715,-0.06014280038681079,-0.06509512555162411,-0.05837710832659829,-0.008039487124845701,-0.0251610311365252,-0.11524551913120859,-0.03354113202484998,-0.0395473821813072,-0.0220533658175272,-0.022159452313614506,-0.06104146500074319,4.74062973056528e-07,-0.007358502219987101,-0.01685952723336931,-0.023059796635742195,-0.08291867890737657,-0.021168158786518003,-0.03805106546178741,,,-0.039147979690804094,-0.007605894171010398,-0.051602056277222204,,-0.05502842293712568,-0.0458768359936531,-0.05966065096547168,-0.07792070658175018,,-0.05904128312565369,-0.07894990672882679,-0.0396854784344366,-0.06478665960035752,-0.0743628796983552,-0.019081196073026205,-0.009373515341895206,-0.0231084822879854,-0.04534236244086371,-0.0027107742632877995,-0.060270427031987,-0.033521487061890606,-0.06650632082770139,-0.08729837612205468,-0.06043081116247731,-0.022583077651414304,-0.0132832642456202,-0.06836101119993743,-0.02166887996595309,-0.03554386735353871,,-0.001499037365223008,-0.007442118131821801,,-0.028753221824896303,-0.05030704632637821,-0.0682726189298783,-0.0208203424263739,-0.053611165332895595,-0.07333981548483429,-0.030333662299598396,-0.08272771193528883,-0.027649729698006307,-0.04925629537756431,0.0030554542350849975,-0.0189393119951316,-0.11809749495399081,-0.07227964777522311,,,,-0.10572702801430887,-0.09800290248937192,-0.10448963744697749,-0.0360726998138791
2023-02-01,0.0904279003432564,0.1077316655568412,0.084575188326514,0.0366110958745795,,0.05915565918091599,,0.0311168375786365,0.24655344367807658,0.2454285961036438,0.25430285037794625,0.10425748934022332,,,0.09081480465544679,,0.0028384298532908,,,0.0333452433947719,0.033641553716411476,0.0700966243583889,0.0325922316385068,1.606334504952269e-05,,,,0.042731820377547095,,,,0.0584096598557472,0.008885357326614902,,,,0.026057534319290004,0.03364005821524141,0.0291089001329273,0.04110056268171631,0.06765428738432681,,0.09692226088908332,0.08736311811179327,0.0862112397805684,-5.814646489503735e-08,-4.159177898485712e-08,,0.038497507547163905,0.0420263865716693,,,,0.0874802864036564,0.09328254886466389,0.06276704148918881,,,0.11181735810645932,0.09049344280377329,0.1256149806330638,0.04831408703594599,,0.0748293451545029,0.07620110896326389,,,,0.1095598534145774,0.060432745844473695,0.15342818864634689,0.1166807601333914,0.0813344667065171,,,0.059444631111806,-5.470325790256798e-08,0.1371282454600027,0.1180701032627749,0.037974251719716696,-2.9466644713847583e-09,,0.009296215685758096,0.0926035835969994,0.012245560992046196,,,,,0.10851012456072326,,,0.0028052082465655154,,0.10633564981603291,0.0559951448249024,0.05792435363076199,0.05613547433433499,,0.010402346031860299,,,0.036013494429753296,0.036696021829315896,0.0290387503116697,,0.0562103560820378,0.03928223097369473,,,0.043860195668181105,0.085387455832417,,0.035184920747348,0.020759606794156303,0.08552919415982257,0.09012931817274819,,0.042896190101014794,0.071680559889067,,0.016720134739494498,-7.449360342559784e-08,0.0268384317329173,0.08856040399426171,0.1075901709850956,0.06914903303639071,0.09084313602377761,0.11286704271188532,,,,0.015172852249775397,-8.388929481700176e-08,0.0669309988601076,0.032840078949761306,0.054661022519215195,0.07024745252245021,0.06736934891499219,0.060837411714769,0.05455293325262501,0.0642950466967308,0.05015515932147569,0.0799852578702859,0.09366123715411623,0.0922439313865947,0.09525932502015,0.0836064640400229,0.0797575555429432,0.07768857845450501,0.06567639988096391,0.07939791087390351,,,0.0841277023458645,0.02464539439771611,0.07046698430723851,,,0.10778604007556042,0.0951049951103826,0.10443378754589021,,0.017825135472136294,,0.16777441604673532,0.039541174620532304,0.07712508985896671,0.11549879805073601,,0.055947072510011915,0.11468774244885559,0.18782308784105017,0.0160275226596767,0.050311118195401294,0.0331897080786387,0.12044615307586724,0.0884726273236902,,0.05945101711534059,0.10185580516759349,0.017254271609922406,0.07242983784481491,,0.024341212999187803,,0.061999685142980904,0.0820519965686604,-0.07565125788623932,0.18349488330885227,0.0958162602223708,,,-0.06019663122569399,,,0.1706338271649716,0.10113800365428947,0.1014085921874835,0.12111377212935559,0.08716315660591831,,0.0365254614870588,0.10991539955318089,0.07157125551059881,,0.1033619622204745,,0.09907227668150041,0.020440963284973506,0.081114571357156,0.0868043162165525,,0.0191210414467783,0.022490907859893498,,0.0792797232777011,0.0341013558682375,,0.003190431420099702,0.0077315228356165,0.027022150804739103,,0.10596786459845108,-0.008665960732681506,,0.1134922781920404,0.1555716242204229,0.14850621573085282,0.0324945402803882,0.0876567283777873,0.0759267056044323,,0.1497634485709102,0.03819838400491479,0.047057061482597105,0.027271600256290496,0.08887238932947611,,,0.0234481434032139,0.06887804114865,,0.060989097302573,0.061961301999416005,0.0545345328353955,0.0608076929662397,0.0673630190995613,0.028680119733722597,0.008114676544471702,0.062395190859958705,0.10233978014651537,,0.032351322487089294,,,0.020550260592950002,0.06017864242199271,0.07365588122551449,,,,0.06862056725516702,0.003875928794028412,0.042457796977380294,-1.7470691560883845e-10,-0.0108460933093902,0.09268950709171461,0.09672576233504361,0.11040908455752979,0.0868591823691537,0.0414462351981974,0.0740607985596041,0.1439101833427987,-0.0016195181556129985,0.029251354313114496,0.08645526972604349,0.08338160893904968,0.0754108477236007,-3.9079224793835745e-08,0.0234907294957374,0.09130110473595479,0.0689712332565254,0.09254273581305149,-0.007973652429779094,0.028628095076840297,,,0.0541882458297646,0.033908874437388006,0.09896279019793058,,0.07653026401300198,0.06919988939473909,0.06412238957659701,0.07998688385349689,,0.06100293351295489,0.054925166544097,0.0676306227087938,0.08542002839210819,0.1398940864123509,0.07928933089571939,-0.0159056918806662,0.08400781104387171,0.073676937664289,0.026519348928222306,0.0669579206026034,0.0274740624891034,0.09327987979939713,0.0987978052625205,0.0626890794827931,0.08008217486643719,0.039548635766483604,0.10290378970347479,0.08325012311032698,0.0233821959452839,,0.07118945767845311,0.0686715347232604,,0.14094334550065143,0.0858091441269195,0.13779401799029828,0.027510190336813695,0.0667291025173895,0.06671475132849508,0.036393099503132006,0.0885370527984791,-0.010924648404748402,0.09449750198633379,-0.020347456539744988,-0.018499097429818298,0.14087890757603416,0.1369385509461366,,,,0.036774958490450795,0.14938927368152755,0.15930561589971662,0.1002743091787799
2023-03-01,-0.0796784110850818,-0.03376929778580669,-0.045042103127147105,-0.029025835826404,,-0.020904166341678503,,-0.022324913153115803,-0.017122760232533674,-0.023309897556564693,0.013961136216733014,-0.0617867835678521,,,-0.0132745312086966,,0.0034512988209560065,,,-0.030281024126155395,-0.0008709440371397,-0.05272463804772169,-0.027037297976707796,3.113311917760351e-07,,,,0.020336361751704203,,,,-0.016227501186661997,-0.0456587633208693,,,,-0.0278591562659176,-0.022361800094548193,-0.0411086199673424,-0.037376163590732404,0.019292277010895198,,-0.0657811659376572,-0.0786936824918528,-0.0312303592416192,-1.191933099964979e-08,-1.0570645495602336e-08,,-0.027356023625450702,-0.02909948229292959,,,,-0.030135972256437604,-0.08105301287161588,-0.0266143382419968,,,-0.0829969195709674,-0.05095549872134011,-0.027111727446142195,-0.0787585740982761,,-0.047648835163954406,-0.0424347122986602,,,,-0.025312085834707287,-0.008943775886394499,-0.000173475583747199,-0.0815405990805676,-0.10667977706288921,,,-0.0608730172785714,-1.4880747130004263e-08,-0.031572864502198573,-0.016204058254723305,-0.029240551501001702,-6.478827475470295e-10,,-0.04115251840361481,0.004234847522399916,-0.0137553750684853,,,,,-0.1326333234128374,,,0.0028441129433873997,,-0.14977430522745938,-0.056643787121431095,-0.024342481752507996,-0.074476092901483,,-0.04674156617305911,,,-0.0190752037774605,-0.018645003119163003,-0.010149008265201697,,-0.055343429283052,-0.0710874420804513,,,-0.0771539237676453,-0.033353099907311994,,-0.0332680642350833,-0.022625367910821703,-0.0717065392025867,-0.014728948441964896,,-0.032829026917592104,-0.05676028653245071,,-0.012478370202203598,-1.2519980759081047e-08,-0.03793265416864981,-0.0189063208128342,-0.028830337124448012,-0.008507186323090093,-0.0121343041071832,-0.0174672620791904,,,,-0.012346095044690999,-2.150161348422763e-08,-0.023320443162912007,-0.026447512083104197,-0.02029752325614949,-0.031233689631047105,-0.030755548473028204,-0.025650064261824392,-0.019945078361242506,-0.0241192803174907,-0.03588229688840559,-0.011963731772966703,-0.0173844129456885,-0.02308280886870931,-0.012366367989757399,-0.0102848570395638,-0.025510880202675206,-0.0329479380893489,-0.0245716829596008,-0.013657092790028207,,,-0.043499230350852805,-0.073575383356161,-0.023362921570710397,,,-0.026581006703181195,-0.061468751619430904,0.007349873438721704,,-0.022721702364188103,,-0.02202291208743701,-0.0191415946389188,-0.010512309525074981,-0.028180739434581995,,-0.009055689309807704,-0.14870348196365712,-0.10360238384742917,-0.0081701013240949,-0.042615236098386,-0.027873337663460302,-0.112895781636235,-0.0187798946515965,,-0.023401723137759702,-0.014699149023814407,-0.03184735169600401,-0.12051602451245237,,-0.022940114710114805,,-0.021442719583968543,-0.0597728410700714,-0.15423778404751254,-0.07015688046484682,-0.0216261896294581,,,-0.05848074057172131,,,-0.040286136688373185,-0.0036043427099304026,-0.003553575905951161,0.0169446064091466,-0.0352552970039006,,-0.032970019237569904,-0.06160166146426231,-0.034394836084598895,,-0.05050935636560669,,-0.01849815886070879,-0.0336332393585357,-0.07060806580061761,-0.0347659578432134,,-0.012962438455570598,-0.021557632096600502,,-0.031906993789243096,-0.028045077894132766,,0.0036261807154238154,-0.008089405107240401,-0.010298755705668098,,-0.015260266247904917,-0.1273337670197056,,-0.0168601240471286,0.009653800052512995,0.015119954674756499,-0.027228466872006595,-0.035168459472665496,-0.0659643590587699,,-0.023477881062282997,-0.04774567082004261,-0.0205921843610005,-0.0208994240977303,-0.018688071034497687,,,-0.024905345419284203,-0.049322145718400594,,-0.0254641658193637,-0.04990691193616371,-0.019626974624592695,-0.025425098365809896,-0.030260971781808997,-0.0012155517692894998,-0.004511440031577999,-0.024375954217888695,-0.08400061236333439,,-0.030967264780515903,,,-0.013622042635734938,-0.04771651628385211,-0.04974732481019798,,,,-0.02623640682401257,0.0039140902212502,-0.03277734149986981,-1.514643965821518e-11,0.032543547732471895,-0.029069445211567197,-0.023318544688988096,-0.023493287415585602,-0.022832442043098707,-0.0327619842525135,-0.0599557663484588,-0.022147617243548284,-0.022525142066808803,-0.0686040022907845,-0.035364521463107604,-0.0448438327480747,-0.020955628929097202,-1.2324094780781533e-08,-0.024722734046716103,-0.017270439219046092,-0.04854066513819049,0.004953746785029492,-0.047092970627144806,-0.0277723533269591,,,-0.005043556772100804,-0.0260322441100946,-0.06043245930125931,,-0.027368674371425497,-0.036252652737608804,-0.02484870658080049,-0.012979533249352901,,-0.025301329311811508,-0.020674445406293505,-0.03062569974767411,-0.019026586494670806,-0.041549002912872286,-0.05746245762459518,-0.059155746193645095,-0.0319852815915535,-0.0323121040824821,-0.023106252901293395,-0.0243111366651904,-0.03290303503478137,-0.017103360974199493,-0.01434314829541121,-0.024285621502171006,-0.0688575672212776,-0.027728340777944997,-0.01719161548746631,-0.0436353535126556,-0.0357492697405058,,0.005401312819271398,-0.07048039864728721,,-0.02818321891265131,-0.03364084646661861,-0.029105019958493003,-0.0719203858287679,-0.0232439905776511,-0.015233055238973997,-0.008677699656585398,0.004110399210591788,-0.023462693904725898,-0.06042446939199721,-0.0608779833828406,-0.0475274644098837,-0.021479890547169093,-0.016059641017345305,,,,-0.058423562914219,-0.05475606558307552,0.011206161434186207,-0.06317890162153192
2023-04-03,0.0360020882626671,0.0327825097006897,0.028771660816625803,0.026076220896799597,,-0.003873471595797695,,0.028660069006391002,0.046798528378650915,0.0335255090075008,0.059960320968621875,0.004760294606299608,,,-0.08285115405803731,,0.003984818525765699,,,0.03344447109945149,-0.0009721387976343978,0.045224546521465216,0.026419776656654206,-3.396296446862538e-07,,,,0.03620304866396049,,,,0.002589450297488298,-0.0008421053129218023,,,,0.0077981748997088055,0.025190839094993697,0.0210468511612588,-0.02345104859454321,0.017452557612390902,,0.0578603324462135,0.0316669528861474,0.030810984104416798,-2.2718490432006158e-09,-2.117803044820483e-09,,0.0166105543549262,0.037470504345463104,,,,0.031389541610651696,0.03359489055571669,0.0343364209191161,,,0.002618945189627104,0.003810645091923805,0.0419792579414585,0.008306913147664796,,0.0479896667964287,0.0439804783125297,,,,0.0368498219894132,-0.0006197707046847972,0.032263616033977496,0.045447179279455505,0.004025623002806202,,,0.0072390198630017995,-3.0256162035835215e-09,0.07723974077413409,0.0498937973127145,0.0261070482918377,-1.2564627116805691e-10,,0.008782530143116099,0.09236231394099947,0.016607427281095703,,,,,0.05857372938253819,,,0.005071679604457235,,0.16315555359276107,0.07765771427720099,0.03471461691626041,-0.005048575563580683,,0.021938452220760005,,,0.0196612170292368,0.022062612814712293,0.013567117504812098,,0.0764366937493293,0.015967617208841198,,,0.029761047160829196,0.025118534272709006,,0.0365537312978684,0.028825294280902504,0.029958554195658498,0.0223947583081867,,0.0309972961311199,0.043539952476831706,,0.014850723220878197,-2.2488521056741922e-09,0.037962983150560105,-0.0163703422359205,-0.05474565116351199,-0.011856195314814601,-0.0536138412382505,-0.06703108525464921,,,,0.016937600464666202,-4.326338179822346e-09,0.026038078774684906,0.025747401827637108,0.0539894133907441,0.00957709909026471,0.013260810275046803,0.03657618428706321,0.0565696723340076,0.031181604932685805,-0.005016269766814411,0.0655952777504798,-0.04967321737415051,-0.07582646316581841,-0.025022417385979292,0.013665860279331902,-0.014419294961578,-0.03172313144417281,0.0271799392546061,0.078312781046966,,,0.027327234316856998,-0.002648628970325602,-0.1012504865420467,,,-0.0172521544907438,-0.01952959032556879,0.10922784246932979,,0.022650749522240603,,-0.058886507706224514,0.021140000396564898,-0.2564620176784011,-0.2860796066739616,,-0.3307025442714363,0.0662713457536882,-0.003299036846496398,0.0046063733042062995,0.0377827463556366,0.021040732863823703,0.04154049939271919,-0.032274839622608006,,0.04557508268859171,0.0869896504371468,0.0027306733960993984,-0.1427219840036349,,0.0237985789077731,,0.0552515061880935,-0.1149846068913563,0.028848154337658798,-0.04812414036567089,-0.04046268512307499,,,0.041869421279145495,,,-0.027814175807691306,0.0906831799464031,0.0908441577184899,0.07808560258859852,-0.0256266526405098,,-0.001477333213229997,-0.0684333008072848,-0.008640746737230687,,-0.02724036890414942,,-0.03983314826364122,0.006434420608603402,0.024774181985579197,0.0256125758567259,,0.0280003158201125,0.0328904494943143,,0.004885042983314508,-0.011321638784379504,,0.004264207561580974,0.0163523572286824,0.0137481553385482,,0.058795205039345,0.14053077311198683,,-0.0665666926183224,0.09474041168453003,0.08890195126504491,0.025702411983495294,0.026180331397769697,0.024919711331682,,-0.008939541828734302,-0.017955022101347508,0.0506702339338199,0.020109337426459706,-0.033067393022958996,,,0.030000488711608705,0.04706888986784839,,0.0364524070471719,-0.04209689113819151,0.0569734991348861,0.036662676478524406,0.013385135503490396,-0.007927969452189603,0.019538629092252596,0.029971002119220103,0.0439775972538736,,0.028418971504015796,,,0.028240850260251197,0.050216075397617806,0.04728331727943299,,,,0.03186110206898379,0.0035180717960388995,0.027518554984342504,-1.8194334927593416e-12,-0.019183536776631406,-0.0158121388493512,-0.03698654714181257,-0.009171522413686108,-0.05836091079932961,0.0313310518207025,0.0449465662947894,0.023583553184945497,0.0387180857692691,-0.011189075507679697,0.026077267096279895,0.028007892884197305,-0.10894886581884869,-2.5723322372130374e-09,0.0302378794013995,0.024380192489290905,0.045644022056025815,0.0925638329851811,0.018876160444665408,0.0182744797204639,0.0415723970950584,,-0.0036466887901562915,0.0194896690143453,-0.022038382459623296,,-0.011080850656447618,-0.036176892705649985,0.0315087249871156,0.06698271542918229,-0.00420832436735021,0.03640213940290661,0.0573897663623035,0.013281855015969637,0.016465143938896695,0.0664040762220558,0.032921391198142004,0.044194040962335,0.008642142598558791,0.028070599873101898,0.0245400192788644,0.02670491331755091,-0.004601981815057896,-0.0490049397942503,0.07473904989350952,0.03543037103616381,0.0252808211559114,0.0187156657000431,-0.0287017578035334,0.0279622152955307,-0.006002653194933693,,-0.015044169164196215,-0.08353905619454562,,0.006313888682825695,-0.006027123865543091,0.0829543993915509,0.010176548763207413,-0.10041419812000849,0.0697101984731815,0.006117214990021614,0.10519500977590951,0.0412570261294461,-0.014948511476677324,0.0549168974652989,0.0216924623828992,0.0331737883093639,-0.052418389366838965,,,,-0.03334402967000479,-0.04329103247991518,0.05171496315152259,0.055378955675470985
2023-05-01,-0.017239243994242696,0.015564940082471997,0.018487067903261597,0.0057253401963119985,,0.015404669194986995,,-0.005123525636568102,-0.06478664690316,-0.11604928909206631,-0.11743334862271149,-0.009885882455112491,,,-0.015512625675004197,,0.0036234851163047996,,,0.007633235123731198,0.0107092269896067,0.006617517281284701,0.005849034607753002,-1.3368327465702486e-08,,,,-0.07275935428242838,,,,-0.013985879465622603,-0.007611030398136192,,,,0.017843455175262198,0.0189137573001317,0.025514722640886903,0.0034927837186821973,0.035013301476922505,,0.0015834260035351017,-0.0083980643721479,0.028939597085615994,5.485145670280314e-11,1.33510979981018e-11,,0.002675990573739296,0.005491934014993999,,,,0.026781797076330903,-0.011823112639656193,0.0118695755553841,,,0.008680610064306296,0.02940540491660619,0.0328351599041969,0.013533314330637395,,0.0025525411629932996,0.0593258191297657,,,,-0.0315992677514825,0.05047150609907519,0.02242432638813191,-0.00902459156306,0.0319883518451962,,,-0.0091250152843284,5.283884426663836e-12,-0.0382607412026792,0.031136038516531104,0.0035445318457254004,2.205680083000281e-12,,0.008056300827597205,-0.002900208562712097,0.010650255467332696,,,,,-0.041485381913405395,,,0.0032641569870625778,,0.03731663070248472,0.008586542620520629,0.013816934365497295,0.010350598171536904,,0.010762260222926399,,,0.0020187404846802033,0.0008821214974750976,0.002428455012076099,,0.009057067772872997,0.010397906289361497,,,-0.0556131859085674,0.027564331774270003,,0.008105213867992903,0.0062233183893443044,-0.004313450253718591,0.040776174455639594,,0.007301215754300901,0.0076025780319063,,0.005924691619821822,1.0610412547827164e-10,0.05039440959277611,-0.007825865163707306,-0.009974657314277099,-0.005187533539994603,-0.02831862018924401,-0.02422525734514927,-0.030194805795122293,,,0.003951506743015301,2.4624080523840193e-11,0.010108865338850406,0.004857733119883202,0.013649797965628799,0.015199700791261504,0.01718154302707571,0.01587986165175785,0.014759842253223404,0.012179666030168299,0.01544558060927167,0.0101800699989531,-0.0181000416436175,-0.025576085499298802,-0.011618240749125501,-0.014492205625779598,-0.005737250390143797,0.00028244598408350315,0.010773917512213496,0.015356896207081003,,,0.0190268750546945,0.0185693741548408,0.0281357343756293,,,-0.013139595869489599,0.009145332822192102,0.0024751156031083982,,0.022714613491628205,,-0.0305200800093599,0.0013493974479959008,-0.011940440371918406,-0.0059744472129275965,,-0.027741029946537002,-0.10932261325410234,-0.05365643057983291,0.0018783267548956,0.006007654553936603,0.004227239982895202,-0.04446998464323041,-0.008016162773080033,,0.018618387415022395,0.017546010427356498,0.018633470373637155,-0.05849620668160799,,-0.0020718317778020013,,0.021422023529522063,-0.010884263747563086,0.028661866041899183,-0.13151836021300162,0.010719213857641498,,,0.07811652184597169,,,-0.14988383686277132,0.0050661346291584995,0.005062536786184499,-0.06056715660681458,0.0135032488944438,,0.008236464709195302,0.001711314838761295,0.0035891811031846226,,0.007071133341338501,,-0.017810338413143303,-0.008233887605892798,-0.007368023508629304,0.027212563524884516,,0.002066535542248501,0.009311370667509,,0.022103101734331606,0.0101335916229516,,0.003402383439587374,0.0024360823003376,0.0031459417805264006,,-0.055313637984053005,0.03901203927501619,,-0.024584322313255406,-0.06247623430558069,-0.07594684773747638,0.005328957512097099,0.024905207309711904,-0.0002930402951372016,,-0.039804073669455306,0.003260018867238902,0.0165570166011764,0.0065531665255312,-0.0075385851017888035,,,0.007134238355441599,0.004414955754768503,,0.015848729932021702,0.0044637070307521,0.014169369875037505,0.015456258236690903,0.017285883847043,0.007974990732463499,0.0013447258005088994,0.006133594876684401,-0.075426729936377,,-0.006756137718612198,,,0.0005191061909127991,0.004032611241956897,0.0033637265504211002,,,,0.017856113267402197,0.005067055432546251,0.007641622497449398,4.163336342343966e-13,-0.0046737456998793,-0.0081877416107195,-0.011940598791585901,-0.012648389967158597,-0.009620327361205399,0.007203464610441302,0.006989864263077496,-0.007551705204549559,0.0355331260935296,0.02344702300166905,0.0260038688050378,0.018712912880615596,0.0214652300669259,-1.7542078911905035e-11,0.0072295821028353,0.0405134973910977,0.005136367096740901,-0.0028837555544313047,0.0300724850614391,0.0228522686035796,,,-0.010341462922977,0.005057552421102901,0.0031261297552187036,,-0.007758064660382195,0.006838650007265898,0.0131689584720785,0.009810205259471402,0.0158886704286399,0.015776193818438054,0.014515793395621493,0.017434051950096598,-0.022415715693648204,0.0229072292752356,0.006173766485931597,0.014869912341342998,0.0156224794010712,0.014124985501521203,-0.0029197947285186992,0.010721350261407395,0.017583974789003604,-0.018200138382765393,0.0103297227353988,0.014455265785738117,-0.003968259175620807,0.002372639525815099,-0.021630259308705095,0.018661944788575607,0.012621435325638935,,,0.05103082719444311,,0.045580430862208296,-0.0012405410349152993,0.0327508697697618,0.027150989065950912,0.03123340227533271,0.024934506400168602,-0.011730922875698897,-0.001060164424767706,0.0358894909806112,0.009849673667616105,0.019025892210727303,0.0309542185785076,-0.0112980354428154,-0.0733558096511675,,,,-0.0037691446270740024,-0.03188095393436591,-0.1573273559534195,0.0005864056845503972
2023-06-01,-0.028894954281798908,-0.010531556001359695,-0.038158475595045,-0.011480243693731802,,-0.0233555073341236,,-0.010510605294956501,0.09824507365467632,0.11976078661007021,0.10617830578297882,-0.08803965471519522,,,-0.03716030297278089,,0.003746169744732414,,,-0.012487713955860996,-0.006189309338500945,-0.029509254999709196,-0.0116844354623399,2.9384805602323356e-09,,,,0.1047565597282493,,,,0.013220560547123601,-0.0662377568905308,,,,-0.036011092530779894,-0.012577830138899695,-0.03216339893907261,-0.08045382485480909,0.030258477345222985,,-0.0432505975993468,-0.0243157349848957,-0.04089557324811169,2.6654789486558107e-11,2.0550672274897572e-11,,-0.011918690669755799,-0.005584378293900599,,,,-0.03896596853338401,-0.017837346611226,0.004469402981393501,,,-0.05644688707685361,-0.0566906088392699,-0.049844783328568495,-0.09459032374444512,,0.008461719129438003,-0.0385804523706625,,,,0.050610000886418004,-0.061693569005339205,-0.017063281549448295,0.034187209459600895,0.01926841886587702,,,-0.005483042457322706,2.7781887901060395e-11,0.09409561769637771,-0.0504755214102597,-0.01537634751621193,1.3794521080963038e-12,,-0.03177940821786739,0.08208522243436561,-0.01666813693041781,,,,,-0.014185835614118902,,,0.002879415117415176,,-0.0828508955053688,-0.0135107742701545,-0.001458257640844899,-0.10346409101786647,,-0.04814323450897911,,,-0.012373610657944296,-0.012803687074939922,-0.010044788911114199,,-0.013616549991164798,-0.032948188489645806,,,-0.0199736734576793,-0.042223931300503906,,-0.014463168309599704,-0.009343750696180202,-0.020799418699213798,-0.0555855613745702,,-0.0127093337020769,-0.0284506945027656,,-0.004705018477925097,3.2310043529355094e-11,-0.07041566026659389,-0.03276296312462291,-0.0375513456521312,-0.028660976563135696,-0.016843180993317802,-0.0372478384382949,0.0018731858994132013,,,-0.0042737658921411,4.164657507692081e-11,0.00447232815262379,-0.010901167861277303,0.0224160578049078,-0.0206359740326546,-0.01889624370441039,0.0042289422592126985,0.0249784536797183,0.004682209626115003,-0.039642453758014895,0.045808931348814294,-0.00819559276812859,-0.018361617532120397,0.0016934805063336987,0.0008910671117547979,-0.028006497908218197,-0.0455477563100795,0.004277274101902809,0.0544849633802783,,,-0.0364497695764152,-0.0984787573831426,-0.041437189864173496,,,-0.0804441643932913,-0.04109922715668931,0.10257288489788449,,-0.017544629941756103,,0.011554461421866304,-0.012551380167235799,-0.07245034511784787,-0.0612839954354087,,-0.09046959369258709,-0.1139010951680818,0.010076900335463008,-0.001460615804794699,-0.017796704781350543,-0.0067620995960219,-0.09858460445870809,-0.03263223949131607,,0.013959574342956908,0.018713105642679202,-0.03883213727895309,-0.09802470416761279,,-0.006421252137312599,,0.025012931329394507,-0.1051051949554018,-0.0955728675331013,0.03221606015373559,-0.023942465177115194,,,-0.0751841276730047,,,0.06542780532245536,0.07588457828646479,0.07553358883979211,0.13111680613349572,-0.0317203275081376,-0.0037802464372040023,-0.0598292822998432,-0.062130094864468605,-0.038845972849433544,,-0.028474500475880214,,-0.0171446766204332,-0.0417870459496715,-0.0283352290091394,-0.036450504509820576,,-0.008989701226055403,-0.008241375743276503,,-0.044533948722512894,-0.06333895283826252,,0.00420424219937199,-0.0037683938209432987,-0.0080909646234143,,0.1333536517110582,-0.06233804541035529,,-0.0383976966169099,0.1548495544365961,0.1455242647569346,-0.010581468910959098,-0.0380674155050376,-0.027333846701034805,,0.023955881429433105,-0.06822558171961761,-0.008139458481647105,-0.008642915337630199,-0.031918842456668296,,,-0.010121208891657296,-0.029016801624192595,,0.0046055395758065965,-0.08299440047940251,0.025322260334129303,0.004895970612207302,-0.019006420095491004,-0.0034070722977246,-0.006331628546562201,-0.003175686007895707,-0.0283177335416696,,-0.011310019662685798,,,-0.011988385094502299,-0.026402425257572203,-0.030542140407382692,,,,-0.009983723179614604,0.004548311575310065,-0.0143209511577001,6.350475700855794e-14,0.030520466869575002,-0.06821558756916964,-0.0198965935922467,-0.0003744441887892037,-0.03481425676857149,-0.013082389737832304,-0.028949595554701023,0.01031959941928107,-0.0559974025743809,-0.0994490563922356,-0.0380307398303723,-0.0347373862291106,-0.04025668562671001,2.111244512529635e-11,-0.010641263803186,-0.0525628302647905,-0.028228230845426812,0.08121879719189162,-0.041035657777601,-0.0277992291576335,,,-0.02382981863525119,-0.007271634336034095,-0.04042191449891449,,-0.026679869455746304,-0.053795633095036696,0.004175592102546303,0.04525241134437111,-0.039208927718898695,0.004804563123791295,0.0257923586129963,-0.018457069942132493,0.0019920325312408694,0.02574992570897639,-0.011644320529657897,-0.0578068496586826,-0.009282659744943397,-0.012172283644332503,-0.005665588904521894,0.0042565605527495,-0.04206482209777391,-0.008798126853389798,0.05040808740766679,0.0072547894683597965,-0.030018649505789,-0.0123172596104234,0.004581326414562596,-0.0356502061178603,-0.0526538522288771,,,0.045340449215572676,,-0.029041451600901998,-0.07124750375656591,0.03832137474873289,-0.10546494884678871,-0.0434382165800253,0.039509410880916196,-0.032006796135086404,0.08535261669820152,-0.06357479833977671,-0.04635604295489609,-0.06035284083399489,-0.0436249155159422,0.025111510499204508,-0.1040118977865335,,,,-0.07360580769338727,-0.0776580119469361,0.13365761186751507,-0.0471460533127567
2023-07-03,0.030777227147289705,0.05628513565767359,0.04521285595645261,-0.0036994801675024995,,0.04512435893401971,,0.0200071836837678,0.07238044337608669,0.08631137078451989,0.1004247554886225,0.0011217051091999952,,,0.1043691297655995,,0.0045900686659184,,,-0.007653245308940901,0.028826420189712997,0.010263562756220602,-0.0022467932428771997,9.469788284621475e-10,,,,0.029552516012173197,,,,0.0472612567827932,0.029052322594501807,,,,0.05366878546451519,0.0651638782118346,0.044827786358624985,0.0504609755399323,0.10740396862134499,,0.010042215170876903,0.0430855347279708,0.043895463583443185,2.9702906800786703e-12,3.133826531606414e-12,,0.0246874326593403,0.027295062931515804,,,,0.0462457883656333,0.04158136010863559,0.0614847560487581,,,0.0493445366454446,0.0607877958177421,0.04795586403158371,0.035839655011880196,,0.049271482974055904,0.02090359256058061,,,,0.017593245024230493,0.03324721325301367,0.04556671450678934,0.009511802848967294,0.142262610295317,,,,4.61153337737932e-12,0.0416557264393569,0.0637510034572215,-0.008117293725176299,1.7186252421196368e-13,,0.0558337319885819,0.0591933778180222,0.0109087075674636,,,,,-0.0212883171173573,,,0.0043773798993296,,-0.026222413650382394,-0.022464129973658098,0.0637540287966503,0.05211493867247821,,0.036746411868265896,,,0.017617431854547803,0.019695865845656604,0.017344290617085596,,-0.022014749655031897,0.005418591139546802,,,0.009967921959929297,0.0433038049770129,,-0.0126427720265813,-0.012081306372832803,0.0451346543564599,0.042204976966124595,,0.0008713187362309016,0.0161032793263382,,-0.0007201293891554996,2.4443780333135834e-12,0.0659344963930036,0.09964087996517372,0.09240089665889172,0.08378438151630802,0.0787249847460295,0.08149108116538711,0.07534558508611279,,,-0.0038070975690466993,6.42830233486954e-12,0.0658510925561386,-0.0003174564292872011,0.0615262441423706,0.0680414816859779,0.0654965369141918,0.0639002522101694,0.0606227563818931,0.0648219013252122,0.0641974910515561,0.0644151424416449,0.0775318569687348,0.0755529615312019,0.07888377517881438,0.07400340682565391,0.0799212271737185,0.0825677155225957,0.06547719922900691,0.06388792261020299,,,0.04400086734626019,0.0647127379172716,0.06480080954354431,,,0.10160305546819857,0.055722007787972004,0.055210335843489604,,0.030714940327746694,,0.1585174989935988,0.018757130319533303,0.0632715964035495,0.05582973103482649,,0.056059965875052686,0.07636708462597967,0.0697078498620965,-0.004604445137782699,0.0080561003600965,-0.0047731083726183995,0.043590346520789094,0.08760812673257339,,0.059928869729789,0.10525555298010479,0.0534428836571059,-0.005850031451633406,,0.005548152805415748,,0.058250668476826806,0.15307337437650412,-0.10439327003394362,0.09873200728504689,0.0207168463395111,,,,,,0.0669804461883714,0.0597604644217594,0.06170941095579411,0.0499263257979323,0.0732145169801486,0.04866390951362358,0.0646984566723338,0.0884450652814824,0.0737431813583346,,0.049800339282798894,,0.08576445480913171,0.0700341692382115,0.04530547393729699,0.054869306912464395,,0.0009836036108019997,-0.009493264379964898,,0.030404915888179097,0.050614316597458305,,0.004698568660525663,-0.0049612055920034,0.0164772183684914,,0.048704573942467105,-0.0338855949503196,,0.0820038263227999,0.0534215622105339,0.06620916589858729,-0.003178597609355601,0.043934941452091814,0.0477318990329149,,0.10557016003583718,0.0553893725327488,0.059473229672743495,-0.0006500463812111009,0.087172414290242,,,-0.012755751278368204,-6.505358929470052e-05,,0.0628003126382033,0.0664550426070359,0.060777356082921195,0.0626148032237864,0.065638983438566,0.025637247474730798,-0.0013127481523432002,0.064436225901782,0.020368455226760302,,0.009490592384325099,,,-0.003412840092621776,-0.0018157652238687018,0.0021587555556021962,,,,0.05839738687932851,0.004081242619001933,0.005132358061431899,-1.110223024625166e-15,-0.008071635330122399,0.10403719648493001,0.08385598139425131,0.0745050792617631,0.0909961362627844,0.00012996780795829915,0.018167161465066802,0.1137247624096562,0.0324507027976755,0.0729126919008721,0.043459637866154706,0.044512826990636994,0.0663375289224667,4.134137476792134e-12,-0.012221671975976697,0.04204881452153281,0.00013840153717920023,0.0604244562166812,0.0408942239937741,0.06297317758759055,,,0.11348677183553502,-0.0020604622957851987,0.054640106541649615,,0.0811409721387185,0.0843049842496502,0.06472051435550712,0.0647148087115124,0.06377937757879171,0.0630531366446467,0.060000299278026505,0.0650110676431003,0.0763407401793438,0.0490192358148015,0.040450103236056495,0.013869350357779297,0.013896510016702111,0.056525967243180285,0.00668676743876968,0.0651493687950105,0.0595763609633646,0.0781603285555111,0.0668380822699909,0.0637502469979985,0.046411759396042786,0.0234223051886499,0.08014338172114709,0.043565637016651504,0.053724550985819096,,,-0.008586721682624398,,0.15558445771209797,0.1095287526252616,0.046248056851954294,0.0756804745997344,0.0641070113302516,0.0571688408467486,0.10667048455413158,0.060882020722893795,0.0275547129759488,0.05443550002249909,0.0238045343320143,0.04173166591267317,0.11723372528482662,0.1356622964967378,,,,0.0937406793655576,0.1197058901024383,0.0833324202938856,0.014226547669228009
2023-08-01,0.05973886647499419,0.03532850890599609,0.0384624474347254,-0.0001531505062264014,,0.06204881382833139,,0.008886715062701198,0.1461251197220979,0.13361634597102728,0.13840348353428392,0.0678961068324169,,,0.08185486746122439,,0.0038495072721457992,,,-0.000633093535374502,0.006155187801164199,-0.011500016694782407,-0.0011740820298374985,5.16245934851972e-11,,,,0.03547852092152899,,,,0.0287247297007428,0.08362827454983021,,,,0.0330214180456528,0.025471895463745405,0.03427682381806053,0.041153801778582105,0.0252637524692631,,-0.040407498533252,0.05865992615870359,0.026675506583941595,-6.861178292187241e-14,2.0539125955529364e-14,,0.017090827438394605,,,,,0.0247829055912202,0.061015090662912205,0.03429137923321902,,,0.035290092011339494,0.030676388814825095,0.025912660775769494,0.03457385537540249,,0.024259089419650902,0.0319447946458407,,,,0.0181248375778495,0.028943376039487503,0.044815297250451996,0.064015743301308,0.04344574651045409,,,,6.061817714445729e-14,0.06369839288229011,0.022579176621920695,0.00021919325788909952,-1.5543122344753367e-15,,0.018867239525452602,0.028300571896762702,0.018535066642049094,,,,,0.1122510281867671,,,0.0036104389770613868,,0.0422689710569126,0.022628662290918703,0.0311256520278685,0.06333677612181712,,0.0345198081130913,,,0.0110997185883019,0.010295397610855902,0.0036122856859127006,,0.0220147496550324,0.018340546089607196,,,-0.006543098588935902,0.029501615632091097,,-0.006529067687256999,0.0007191371352502028,0.057935821730920094,0.026623244719529492,,0.003862398155985701,-0.001665447309347401,,0.005578161479237001,-1.8351986597057617e-13,-0.006218373062462507,0.0408372907703788,0.0437412800827591,0.03716732434143841,0.05381895320287709,0.05851293710313061,0.05022685976882489,,,0.004849632271764599,4.896083538581855e-14,0.0356409755855714,-0.00034095420387860007,0.03125569479274428,0.0349062431581614,0.033911891386893,0.031949200974015164,0.030462045165130798,0.0340013798482314,0.034621476631906005,0.033799794917854696,0.05929504964530801,0.07152753529879,0.0458304483110469,0.0295698542467545,0.0386781123966575,0.04312087955545339,0.0350587986047304,0.034342927514366905,,,0.03883983331626381,0.07615669242058543,0.06234975842369551,,,0.0414441233931247,0.017298100145475597,0.043145003805530706,,0.016402758967071898,,-0.001401541925288496,0.013182998939934996,0.15319784507198653,0.10971157200021361,,0.1760565648631248,0.1712442140745659,0.0250601617542091,0.0027187670581790007,0.0005489543504869046,-0.0008612484022431,0.10714702796862359,0.0397498198544887,,0.033560618367456045,0.031785881033119,0.034758932670262095,0.09864908106983988,,0.00028083258696220037,,0.0339015516756819,0.17831493180164987,0.0392105720739657,0.08272336642273931,0.014416788413378501,,,,,,0.06452630448749902,0.03787466368797545,0.0384029636403243,0.0663800563267954,0.05131452558467199,-0.018079725619628003,0.04103172606464799,0.0408065205127186,0.034418214048321294,,0.028987536873252097,,0.0511791326202019,0.040871559586806196,0.0583531705785915,0.029852963149680695,,0.004771884188943701,0.0016734102260005006,,0.03858143955503521,0.034162571612560894,,0.004047655593576115,0.0030403059165962994,0.010831933184252998,,0.05794088935438421,0.0826537232232763,,0.0584962066816081,0.0535174201703094,0.05376524989299919,-0.0007780643859668012,0.0314605498585033,0.05626925904419449,,0.053770913742240696,0.033734607816543596,0.0371601942420804,0.005646112143347698,0.0407784110906685,,,-0.0011956977572234004,-0.022151695929471298,,0.0322089391209719,0.0463729027254696,0.030349383391650702,0.032102454580204894,0.0339092676952949,0.0016704454427213015,0.0040152528704424885,0.0363867139835525,-0.041160425719839286,,0.0002496005629588012,,,0.00041517720773910036,-0.019156908720797197,-0.025759355152379405,,,,0.031773794369731996,0.004861449010807022,0.0029718468884642945,-4.44089209850063e-16,-0.005653725307229002,0.03869851275388711,0.048385455655808804,0.04152167133989306,0.0529273877917779,0.004031461504793801,-0.0029295002016152968,0.0334047239457713,0.0221242336207172,0.07965423508152611,0.03091601088641982,0.0369844623275095,0.058450046088898096,1.0103029524082952e-13,-0.0008755277850270992,0.028598482271016412,-0.022566667018562803,0.028207941796543,0.010240661666544904,0.023245539804658523,,,0.030947095065242403,0.0014363838357411966,0.020140474648699502,,0.0346401354446734,0.036819197068936695,0.03404376554904988,0.034311303781393694,0.03478735102303579,0.0323715400577474,0.030159662448470296,0.034404529421494336,0.032747494681119205,0.0576599655259584,0.035645106340721905,0.02377092743762769,0.0481520515812731,0.0365480774690394,0.0007438536088903998,0.0359800752367264,0.0339695765728195,0.060173347737583385,0.03302236028650805,0.0333275248122394,0.057090127885659994,0.014607056128834001,0.05744579965738301,0.0381365088049528,0.039376621254835896,,,0.013015886182228103,,0.0511002496036742,0.0336923920942037,0.0554411031870854,0.07498768085095281,0.0469379321250842,0.0319935000755166,0.0284762512984756,0.0255536021083577,0.0210786886410121,0.013178893958381201,0.0244540487435901,0.010641587233522699,0.022938654954526703,0.0586549540533872,,,,0.10456069266337491,0.0612979821403697,0.0342479450464651,-0.04155965377708601
2023-09-01,-0.07276737980358479,-0.029508496634973697,-0.04867286899599349,-0.0063191557307299,,0.006163514793433798,,-0.0007954919562794038,-0.13850240534654246,-0.14249113399599472,-0.14216417172717466,-0.0810616157834031,,,-0.03675906545291661,,0.004950196007132399,,,-0.0053118995740272035,0.0125631977567078,-0.023573173451782403,-0.006614210736131006,-5.206390874035822e-12,,,,0.002335209637780696,,,,-0.028805340206556403,-0.0036533428090863955,,,,-0.0243265511724415,-0.017330721754635597,-0.020588547232634296,-0.03921393696075529,0.007816641327731702,,-0.04779572391209801,-0.06856728523547541,-0.04014512632427858,-5.6288307348496175e-14,-4.1522341120981454e-14,,-0.018596047580726905,,,,,-0.0399807665006513,-0.0734218030089844,-0.016494600986767503,,,-0.05048252005369063,-0.03928723421276482,-0.048926599124278894,-0.09756158788478181,,-0.028468258658286505,-0.03367752195828591,,,,-0.048790164169431605,-0.0398214941866705,-0.053213279423057105,-0.0787978609924958,-0.0933929164782829,,,,-5.617728504603413e-14,-0.024357339803970215,-0.0535003679992344,-0.007797534404642402,-2.997602166487925e-15,,-0.003797555798046602,-0.021815217460145045,-0.0422615708596523,,,,,-0.10455727343712218,,,0.004934302145854952,,-0.07090491795857723,-0.012859961425749704,-0.016682915051934505,-0.040880557959116805,,-0.011859561456963704,,,0.0018561267733194,0.0025520132416940195,0.00462280171950072,,-0.01217053562025509,-0.004650810646474298,,,-0.12823130227518295,-0.03870615136116248,,-0.0073258723947660954,-0.00027524234601456854,-0.0626130036178636,-0.03962782653998059,,-0.006578098585667904,-0.020712035344432292,,0.0013673247048660998,-7.061018436616085e-14,-0.0665008801653024,-0.030186752665112903,-0.0391778262959512,-0.020900351877567107,-0.04254307660922842,-0.0513872651209571,-0.03545783888914382,,,0.0022734177552535,-8.41549052665894e-14,-0.019721754740434305,-0.005852311527391699,-0.006872879287761107,-0.029045607196430408,-0.0283439482716485,-0.016410152777571404,-0.0066280275784129945,-0.017521849987936197,-0.0273615728977652,-0.009637352854441396,-0.05216508435464539,-0.0489158002020111,-0.054065034390461085,-0.033925803884797594,-0.03553367067800831,-0.03685866369230391,-0.019965791312425,-0.005499555566038093,,,-0.04589114458391609,0.013322070684297202,-0.032638719770421105,,,-0.03597246112656091,-0.0312615571823607,-0.019544017297087594,,8.491481994003531e-06,,-0.1054124623605212,0.0025171152452178984,-0.07161785807956382,-0.087785624370554,,-0.08863707457558019,-0.1072396267651015,-0.11782053448454911,0.004744369823743298,-0.012328113539065802,-0.008043984107632804,-0.10335449693096031,-0.030066426094145803,,-0.012688315516830797,-0.006691198398389001,-0.021166304517252106,0.06453852113757162,,-0.007778785208724701,,-0.011976191046714999,-0.008795182851689794,-0.042820525366960294,-0.18222977578338012,-0.010091805318938493,,,,,,-0.13791281926609225,-0.014941131595956501,-0.015956427387156594,-0.032442263575476235,-0.03447202219017449,-0.14509018107447863,-0.015853217241920896,-0.04727484836914182,-0.0325488050381542,,-0.03286501361967259,,-0.041635774573302496,-0.015182073471496003,-0.06079219617794941,-0.0400053346136985,,-0.005277210355427215,0.000881435067237998,,-0.03519619597010161,-0.0368583213151649,,0.004893771483004424,0.0040951802669685,0.0033983092553509994,,-0.0019902979576716107,-0.013309868181086804,,-0.0517821724222196,-0.027776056578164197,-0.04710464939452158,-0.006652411199522298,-0.040722734010966405,-0.05801598437913509,,-0.0584947120551637,-0.030878408300129813,0.0020986366569207006,-0.002029583454406401,-0.0301573076700244,,,-0.0017218827662481982,-0.027874786677472802,,-0.01638550545031461,-0.042335755538498505,-0.006220611813055797,-0.01573360794489311,-0.027678717944659703,0.004282661791999801,0.001516994077592722,-0.01671810911957688,-0.16301683059743385,,-0.013994295632384596,0.004662514429122301,,-0.008150814262024499,-0.021855479872005788,-0.0318762606272932,,,,-0.0223420243469377,-3.995285005609084e-16,-0.0080407944924298,-9.860761315262648e-32,0.0234645680534755,-0.03589977310290564,-0.037683213077774974,-0.04252330452107775,-0.03465520052880661,-0.006986413505545701,-0.020640289202357706,-0.02035465450710161,-0.032410954294218496,0.0192812194833041,-0.0402710230912382,-0.044918815235484806,-0.031011150944272394,-4.1078251911131713e-14,-0.0015771429037369986,-0.0413208851553972,-0.02807874376479949,-0.022075166442242104,-0.011794028287197101,-0.01912916990899527,,,-0.020733292789133006,-0.011418657225211697,-0.0343627223291295,,-0.03677722844856447,-0.039569035982397,-0.01765761960233891,-0.008915771288053612,-0.02758893237849961,-0.016417188176609303,-0.006628249779773797,-0.028960160489032393,-0.03323359229909051,-0.02891702633777341,-0.041543131062648606,-0.06549600481553171,-0.0390516599028305,-0.0288442747955023,-0.010910348428740798,-0.019501380798955997,-0.024095892493033604,-0.0522702507546559,-0.010932827979921905,-0.01650067504095919,-0.06078425842580158,-0.016838928023641207,-0.042176291445197,-0.04493560459805051,-0.0242191454314251,,,-0.062286935189010795,,-0.017186244705411007,-0.03369239209420301,-0.015529172311110694,0.016326893287428697,-0.027257461416349597,-0.007505247182636602,-0.0200326845488433,-0.015253671270304692,-0.0402720907395576,-0.031115394092072805,-0.0630881369289341,-0.007031746508261601,-0.01753514127833159,-0.034548032378985294,,,,0.038741946962242105,-0.053174206795710395,-0.07181969538109181,-0.0529000491194537
2023-10-02,-0.03223086551785641,-0.043740757740421306,-0.035729278365601795,-0.0262185918100277,,0.025682438799633098,,-0.0199590106315229,-0.08464114596766642,-0.08960892781120629,-0.07520201369142651,-0.015261646848480099,,,-0.03608215342781681,,0.0039790698235337004,,,-0.025566933075631397,0.0032552349917210986,-0.0651617381757168,-0.025095516635349896,-1.9019230634864458e-12,,,,-0.0371795393863157,,,,-0.026497529634486698,0.014934687273126699,,,,-0.0404857841417113,-0.051997871435692705,-0.03501179641025851,-0.0396814801130209,0.025373341614884984,,-0.12115684198805549,-0.0316416438361008,-0.037170530460563504,-4.662936703425672e-15,-4.773959005888185e-15,,-0.033841121149771794,,,,,-0.0383134261295362,-0.0312118964022362,-0.0506408227780102,,,-0.0320246946266965,-0.036100765422981296,-0.06358386712712001,-0.05667238709891069,,-0.022144757950601703,-0.0570946574403783,,,,-0.023295562603522,-0.011313759900273999,-0.0572347366089764,-0.05784625926203771,-0.0058517722252366,,,,-7.216449660063544e-15,-0.06029656261539495,-0.0566180758823204,-0.03447207014980509,-3.3306690738754716e-16,,-0.031689594257246295,-0.0655488395167135,-0.04121685595469919,,,,,-0.0322668452443759,,,0.003928484965479268,,-0.0837234308531635,-0.04877627692001,-0.0470224152989039,-0.006170266959184907,,-0.030923412395955974,,,-0.016279852835802102,-0.015121719201164112,-0.007618030259409901,,-0.049075919279248995,-0.0499174087141179,,,-0.09518580942918801,-0.0383756278021887,,-0.03187823964355631,-0.012886759588088817,-0.030421383697323605,-0.0450819374652147,,-0.026088123879643897,-0.055133364047848,,-0.005252757184554201,-2.997602166487936e-15,-0.07685507846483411,-0.03536994362749189,-0.058420503339119106,-0.0500917562933884,-0.06121004883027681,-0.0648940203903206,-0.057868992660725704,,,-0.0052586838757035,-1.0103029524088973e-14,-0.049223090120572,-0.024286087677817807,-0.049882915274615504,-0.047561356836577,-0.046784037410217603,-0.0481145089410604,-0.0502295879062511,-0.049090041641839464,-0.0396083974890733,-0.05618320092978981,-0.0602591090075819,-0.0536002830723042,-0.06905719374980529,-0.0498360961985525,-0.051553220962249305,-0.05202690014727334,-0.048685703871764796,-0.05718301948022576,,,-0.0358555229656058,0.019329090727862493,-0.022447603280625797,,,-0.051560274498847085,-0.0766165803866729,-0.0596999761892994,,-0.0311108276364021,,-0.1225345660591945,-0.0169803796876339,-0.04854482066610469,-0.0460888588800428,,-0.055865068503544,-0.04779797108038501,-0.07151521486107999,-0.006099347948062278,-0.0361916608444596,-0.0314218142609264,-0.036738825645757194,-0.05398806092156501,,-0.04692081760940858,-0.06014641939366989,-0.029973537405130403,0.03626617798439488,,-0.0258590753481914,,-0.049747799335933686,0.012569977542736508,0.014970732653839604,-0.138944453116884,-0.014693088381698782,,,,,,-0.1084024626558081,-0.0535808481566799,-0.05297764943561963,-0.04664651849912099,-0.03669118270646891,-0.06295427275823968,-0.0343170288390921,-0.04007206626881381,-0.052120063575023204,,-0.0734093253831371,,,-0.0249025769792661,,-0.03813286969544316,,-0.0164601799250571,-0.01424606303357081,,-0.0468741232873184,-0.05445644285341949,,0.004284962202172059,-0.0007910787399324,-0.0085443529740598,,-0.056345718171694203,-0.0960250399902496,,-0.06600340371124719,-0.07466946830941927,-0.0644350477039941,-0.0254013545594681,-0.0388981845260696,-0.022095463627817294,,-0.07880626976620529,-0.0444194973541404,-0.043886364111439105,-0.014614865182194597,-0.0535513179985441,,,-0.01671385018936821,-0.07574449664719479,,-0.048553082371331394,-0.0478008574732285,-0.04997511272341511,-0.0487259253994085,-0.0475004510484282,0.0033332520320406,-0.0021278824246209003,-0.0552445873447849,-0.11720360541322791,,-0.0349357052535009,0.004395451502050899,,-0.0193356978193318,-0.06671381913254538,-0.0828077321705334,,,,-0.0449907086729925,0.004047780028292701,-0.0257276140624971,0.0,0.0286611225318616,-0.05116405521002369,-0.05744506882188719,-0.06765987002791314,-0.049189238225798695,-0.0266322049246031,-0.0558590714361141,-0.06043088939869065,-0.0466012172995128,0.0234636692388653,-0.0385593513472358,-0.034286412517909405,-0.03260602724047,-6.5503158452884425e-15,-0.0169031047887464,-0.0459566073085683,-0.075879194454221,-0.06763658046845161,-0.0389589244806906,-0.0435659834104252,,,-0.059510055875989065,-0.0336883418002105,-0.07550503591658979,,-0.0498184835910794,-0.046948610070628796,-0.047371933181092,-0.0568667935871676,-0.0390051379620218,-0.04862493423138109,-0.049447852238993895,-0.04683385788128709,-0.052840283338804694,-0.0360377676930787,-0.031710328333768495,-0.0573695312091893,-0.04349189216794409,-0.0434795961050353,-0.025864816600979182,-0.04913745335501566,-0.0332787170654684,-0.060285129215276304,-0.059077927640308905,-0.0484623771683083,-0.024986800549976998,-0.03456743459557471,-0.049636786037313,-0.0345892258626661,-0.0341252428887377,,,-0.0812429225928897,,-0.07907907226169741,-0.04388773940333769,-0.029924731045808808,0.031025847142820993,-0.0313796703360579,-0.0514300736027057,-0.0613179113206436,-0.06492615367371789,-0.049057668805510796,-0.07502922636977383,-0.050240300606885196,-0.0300359969960397,-0.05515162357482539,0.011597933027011606,,,,-3.7191073891513354e-05,-0.05171902940498291,-0.0830263192212667,-0.13232758845844322
2023-11-01,-0.033467217557337996,-0.025770382739732704,-0.0317692844004453,-0.015808707685614,,-0.005703437513870096,,-0.007191490193500801,-0.069509533859591,-0.12296406702225571,-0.0449386542806276,-0.04361327598989871,,,-0.051462107798488,,0.0043028466986914995,,,-0.0151331112406585,-0.0019053048766012,-0.0468278783681721,-0.015294287682954022,-1.6320278461991901e-13,,,,-0.0184388207452941,,,,-0.04315165878937499,-0.018193345961205698,,,,-0.026597312519265295,-0.014758230207753704,-0.012869747322165007,-0.028266438149816404,-0.005909779673113798,,-0.08328105615689699,-0.033492748781113905,-0.029448535541105592,3.330669073875461e-16,-1.11022302462516e-16,,-0.0119108346722406,,,,,-0.0323414928446231,-0.0305136833587194,-0.024250797735544005,,,-0.03645374047825779,-0.052772980460413906,-0.03970938215084979,-0.021810472572888595,,-0.0223070046202333,-0.03860580011656439,,,,-0.0233915513691305,-0.036695459286086994,-0.060710491895059,-0.070096296459918,-0.029783803098475392,,,,-4.440892098500634e-16,-0.043341717115767966,-0.020683758058211807,-0.022970163912211402,0.0,,-0.012436101511401699,-0.012524209053852733,-0.0191716416007587,,,,,-0.038813709673059194,,,0.004570042635204688,,0.04006362453320231,0.07113308954954131,-0.0216017040021361,-0.0473446219321341,,-0.0350913198112709,,,-0.0104520864010165,-0.010093632370752897,-0.008376008898818501,,0.07167575119648989,-0.0730077894124333,,,-0.11667216179721746,-0.03367674084121829,,-0.019445041980309403,-0.005561906926180254,-0.0352864578720668,-0.032957644663719414,,-0.0164537276586921,-0.0414231598281004,,-0.0003328093564186101,7.77156117237609e-16,-0.06914015773804591,-0.055025726966521596,-0.06139277568320571,-0.04951717256204899,-0.059399622408178414,-0.06565997465871591,-0.05259937939190121,,,-0.0005456038876950997,-3.3306690738754815e-16,-0.027118846861041004,-0.0159703774308729,-0.026391830409340497,-0.020717009300711107,-0.018368398883333706,-0.02234690400254291,-0.024411301679680603,-0.0241276621627772,-0.0362164043701257,-0.014694451111952537,-0.0716475827276356,-0.062008832806612506,-0.0796449876817488,-0.052359745943466506,-0.05125529396954119,-0.051424453175629305,-0.026505035069395,-0.009208228329688305,,,-0.0356332235740884,-0.05704680046855041,-0.02973136929731661,,,-0.032995670480617294,-0.0366236277893208,-0.011503194328209707,,-0.010869210365907095,,-0.13227389989898108,-0.010805977307741103,-0.042406242899586784,-0.055676812559672904,,-0.0515831439828457,-0.0494297548532114,-0.14464970637365468,-0.0062549248575352,-0.024378565528435196,-0.0215466925342038,-0.0347861160854154,-0.054266766211135284,,-0.017335140038936804,-0.011034655850310694,-0.023347363996990403,-0.2369368734465448,,-0.012565577889119398,,-0.015672412407632303,-0.06168303009832969,-0.1064424741079774,-0.22968734611204467,-0.0480631939382368,,,,,,-0.23892541978517512,-0.0208711075950623,-0.021115475679714998,-0.04239501694155339,-0.03792449158761711,,-0.029280234080083598,-0.058918752279419305,-0.042237468741736,,-0.04639371314025069,,,-0.0388985946278328,,-0.03231879125516741,,-0.004017687541461801,-0.005503950164902698,,-0.04825020018341679,-0.027056067641277104,,0.004396032893141606,0.003328638656666499,-0.006506997413555902,,-0.037993696518870704,0.030980212347737304,,-0.0640504085120116,-0.04248164568421909,-0.0682782982331417,-0.016032122341766403,-0.035782580006081394,-0.033316224877188494,,-0.08729672440203798,-0.025884583546704105,-0.0277598617533465,-0.0073662011804066,-0.05443520655501702,,,-0.008208231605407797,-0.049926171308468104,,-0.021947716662162303,-0.04371325316014237,-0.024591403137322006,-0.021519181308197303,-0.017604366619251296,-0.0014301413113266995,0.003791223199236701,-0.03598487377287431,-0.21000376604331303,,-0.010864576739168099,0.004409300161977,,-0.007244816569711099,-0.0408719899225465,-0.05612691968863371,,,,-0.02579374286916222,0.0044856475189246,-0.018143867798006905,0.0,0.010040244985232,-0.03924853640146201,-0.06005290713605069,-0.0731602613068865,-0.0496150073627081,-0.0168355706576892,-0.0421088764490257,-0.05337242530512823,-0.017561750218542303,-0.05514612615500721,-0.034438023910332,-0.032526378316694894,-0.0294380426010123,3.3306690738754637e-16,-0.0086543551717584,-0.031386814174796204,-0.05042129863097969,-0.017260669198467908,-0.04036130383046191,-0.014782426858637008,,,-0.0399718414201403,-0.022537791789275795,-0.03688666939442049,,-0.04835566387993139,-0.037103225398060796,-0.0259160052411971,-0.014274394384659694,-0.0363565320102808,-0.02196079862932425,-0.025105921131076396,-0.018256980000795203,-0.061786923561343216,-0.016003407998592994,-0.030977271908971205,0.008121237826415008,-0.050302606769372815,-0.029625342338953496,-0.011640341724786,-0.026814583673123303,-0.026744669494344696,-0.07060391095563019,-0.017784174391748297,-0.021748409951806165,-0.0329258517973712,-0.014382409714540505,-0.06477576409640588,-0.034210861916316386,-0.028170876966696207,,,-0.09759984373060289,,-0.06683099055474521,-0.0323401615460967,-0.013048001525291801,-0.059242833562859906,-0.024722760768670395,-0.013936474637033803,-0.030241615696211303,0.0004879238935542006,-0.013902323858304299,-0.028883949289857404,0.012816364301076098,-0.03316791718016341,-0.056741934400340706,-0.05964890750430749,,,,-0.01835414673117851,-0.0363067898985819,-0.14354440445993671,-0.0958784407523388
2023-12-01,0.06310246363181372,0.08513967161661488,0.0795358396004411,0.0448684111003251,,0.06994958596311529,,0.058024247903829415,0.26372631456313855,0.2733986787146315,0.2521509522510543,-0.002815203950586595,,,0.0819110522414372,,0.0046665447837969,,,0.0456071874135058,0.012528764385675498,0.09515514702786709,0.044381241121836314,1.787459069646479e-14,,,,0.1086734076164918,,,,0.05526090840517141,-0.024784416069787398,,,,0.0687025535868137,0.07591463782995399,0.08757885373493529,0.0677943962118582,0.0379134029986347,,0.13125393453877932,0.075041751693986,0.07898462821887141,2.2204460492503116e-16,1.1102230246251563e-16,,0.0604543663426778,,,,,0.0822813475159938,0.071282836324364,0.09197214097988879,,,0.0792264113868822,0.0971987544921917,0.1206911672498951,0.0017862463814635986,,0.06006576187613689,0.08018949666462538,,,,0.11245842754085689,0.06012304956987139,0.1432468183873011,0.13734576469999318,0.13315342399141852,,,,1.1102230246251563e-16,0.11565800756611999,0.1055306105468839,0.04426132869842019,0.0,,0.06482210303663419,0.12409657961054599,0.0605604719623537,,,,,-0.0142070266443492,,,0.0050130323533883435,,0.11169528185058432,0.0249986196706635,0.0857468793577212,0.0371544007843462,,0.042847591382629294,,,0.047662402682990296,0.045316572738889005,0.03604214839246311,,0.024958605410133002,0.0618243820083386,,,0.0882276495845959,0.08109327842103871,,0.044503777557070495,0.026628203241400004,0.07766219323022999,0.09256305545081331,,0.0568342174849785,0.10325141890101928,,0.022825729788494183,1.1102230246251546e-16,0.10219599107002009,0.0815409328829485,0.09116414138800641,0.07318286905309482,0.07944542141283999,0.08684180346663221,0.0719227797363417,,,,1.1102230246251553e-16,0.09016990491092651,0.04479989934137489,0.08326899974049211,0.09133457651466491,0.09142649241992629,0.08767395053671669,0.08343552391514629,0.0892220927785573,0.0728827599679921,0.10407778877145077,0.0880340324388376,0.0869263393604277,0.0871563010255346,0.1148436125673739,0.0972566322855946,0.09042765841574181,0.0892541286652238,0.10225242325113025,,,0.08061391992097969,-0.008068174649510205,0.10593909979596587,,,0.0750834879547011,0.11593759447831942,0.1227840078025094,,0.04573392249578301,,0.12224135779809482,0.047016213325730805,0.1331420189801989,0.1433119031602417,,0.12873037266356452,0.0743273064749391,-0.0014673516939499084,0.018232432126662302,0.07296488592027339,0.05080172248355411,0.020594881065078896,0.0806116613120515,,0.08904156274611659,0.1099442636329225,0.059852361371845214,0.0768324320432879,,0.0555038892010066,,0.08767775407404721,-0.03801305795222461,-0.101009747411555,0.05944651560350251,0.0762157646872055,,,,,,0.0864154294153767,0.10272644561194308,0.10275892201605379,0.15096508014214152,0.0869737029828053,,0.056759882706544695,0.0994036418752934,0.0878331453094871,,0.1024261818717024,,,0.0611170730672346,,0.0828461858203193,,0.031310931515020304,0.033225668476748405,,0.08459254615172779,0.0666078008911684,,0.004546534522417223,0.010462842125217699,0.03510539600483209,,0.1140663520177043,0.0975608732751964,,0.0859181652337506,0.14405516802511276,0.1493923267528348,0.045792795763733095,0.08425021554830149,0.06930080066567391,,0.1305693513287593,0.07251098786679,0.06502638238923879,0.0371510509473921,0.0816922155120292,,,0.03053881066667809,0.0868226025591,,0.0874098309933871,0.0891439440685809,0.0837065907049018,0.08735014185617752,0.0909503284143251,0.0069552984552106985,0.011030865796204499,0.0993973860753309,0.08796375801399739,,0.0658984786154829,0.0044771804981263,,0.027348989385924997,0.0784374247476044,0.09454876346188092,,,,0.08719637112015079,0.0045054508716336214,0.056946276775106296,0.0,-0.024950721155597103,0.0838565383414051,0.08800779138394779,0.0936327986844589,0.08303365356872379,0.0577805175724223,0.1062707219412524,0.1082306537445006,0.038365360879305505,-0.011909895034998882,0.0844038135825486,0.0790463939515871,0.1082924871069613,2.2204460492503126e-16,0.030542109438835206,0.0931379222347858,0.08718072171418209,0.12485296589812818,0.055138857948253996,0.07200162173492025,,,0.09101123138467108,0.051807894472005504,0.1140581817175755,,0.09535141587856451,0.08299481570374449,0.0901783657799928,0.10353581945293322,0.07274024908786149,0.08773995551318071,0.08429013595049552,0.09119212319540698,0.10931228205964628,0.07775141506703859,0.06782006804398218,0.04983399400891538,0.0895414278276611,0.08626491229453978,0.055658991816885904,0.08998099493264969,0.0646595205932209,0.08684862777954394,0.10984746238820411,0.09056070745148162,0.0685007454927665,0.0607824138564805,0.10632030502427489,0.07914993018365,0.0607358796448549,,,0.13126398934035707,,0.14686365206616633,0.08006293441531187,0.0751338452009093,-0.007303601790926904,0.10381420330394228,0.08880135360120762,0.0846617976877001,0.1213538883388703,0.04043288257491489,0.11758160550160789,0.05032097196932701,0.05293399042660701,0.10405789246457302,0.10161310660333939,,,,-0.050996148794896,0.0959450562183129,0.1604909617218408,0.1485886622913463
2024-01-02,0.034757985567155605,0.0471426384280047,0.0487709642054056,0.03626121276996329,,-0.03557778790044921,,0.0300505446001001,0.1596650098131766,0.1273040620727816,0.13026175782713828,-0.012526953218807004,,,0.11604520692006001,,0.0042700525973101,,0.09579428423494532,0.035966022501989,0.0202804926338862,0.0729378153839733,0.034906554426482,4.9960036108132e-15,,,,0.08267395182910399,,,,0.058496425747909794,-0.0337892641183266,,,,0.047929279103815794,0.04580526813662931,0.04802947645590911,0.05599502284543911,-0.016894719977001895,,0.1178612054908049,0.03537352213205341,0.0522498668736674,4.440892098500625e-16,0.0,,0.0443866148591776,,,,,0.051132460227997195,0.0362699678484382,0.046399932557821495,,,0.10122442906616659,0.060988371907295086,0.0441214219036479,0.05837563689087889,,0.0381397458401542,0.060857712994988794,,,,0.0634056506540495,0.042932406517237606,0.085677874036352,0.06455919662748179,0.0630569014915774,,,,0.0,0.08364966952234759,0.046993983566961404,0.037576510165137,0.0,,0.036499129698923,0.0471494895666304,0.04723306343343961,,,,,-0.019783562458508812,,,0.0046408288715302365,,0.0061958591865347015,0.0127396964117924,0.0478929151416699,0.034111045368485304,,0.0327627385329247,,,0.031359019854842796,0.0326318464919591,0.026240371869329697,,0.012633918206302903,0.11730083277138093,,,0.09961336759462791,0.0547921602586709,,0.036974785282260406,0.022880323128058433,0.038401160979939196,0.053376938987472304,,0.0400992021180969,0.0666283629930652,,0.018231665920280502,0.0,0.07565460064168869,0.10103815864905638,0.0971708263364703,0.07200711226139819,0.1202612401559315,0.1252878640039571,0.11484436054517859,,,,0.0,0.052342057573481295,0.0362973432476878,0.039563852771409905,0.056660454769292795,0.054096280582715706,0.045137380494486,0.036990543418569805,0.04881526697604579,0.0540222363599997,0.043465205570279095,0.1145268711816662,0.117164909769755,0.11284768265738951,0.0731216436989915,0.07395582343818051,0.07455909269668409,0.051858508065207795,0.039384291606301,,,0.0506528337853981,0.0008128369172314049,0.06185328230068991,,,0.05287248740806189,0.08605579429688522,0.04757910437877529,,0.0198025692670758,,0.1210727287343484,0.032980719295317096,0.13896156657045466,0.1253706114907105,,0.15841683239201176,-0.021188243840650715,0.07320960915582128,0.0191578760443539,0.04751351048613892,0.0409361348433744,-0.021526916676518692,0.08279010301515367,,0.04081450069928799,0.037029970395486896,0.04623865638327508,0.03928477509736181,,0.022286587108224773,,0.0384226541540091,0.0046814550965572944,0.0778358920021536,0.12087186561076421,0.028969906771052798,0.07644134292412101,,,,,,0.05435143260345449,0.05458231201230131,0.0804820012125751,0.07488224629881739,,0.043748927850169705,0.0749714561582112,0.0659912875031523,,0.09636482311264788,,,0.0813306694417656,,0.0735328929883636,,0.029943068261701285,0.032010454069141,,0.0691817149858942,0.051391234512888,,0.004364167261393784,0.0109561767634227,0.022431326774687697,,0.06795868207298258,-0.060138358738533196,,0.1265888077675432,0.0918708421125447,0.1207800032930724,0.034686300461273,0.054390549522452,0.033022785940391895,,0.12047190884290851,0.045178222309759555,0.04402059382772539,0.027660031786932104,0.08332755946510399,,,0.0260462097494076,0.0794880001255484,,0.044650644012224495,0.07928476822677631,0.037077521047466505,0.0444992276480114,0.0539991685254546,0.0100388002892787,0.010227227220605402,0.051037510048800507,0.15267178526667768,,0.027059220266343796,0.0034697386692964334,,0.024050692728646402,0.0712185460413533,0.0831452176096547,,,,0.048494179664284,0.0031011304273950314,0.039839526308406197,0.0,-0.016191536390308,0.05627061801268561,0.09782563969633308,0.10326338483469538,0.0938075626016102,0.04035565620119448,0.06598815804942391,0.06978825565879442,0.0329703223265313,-0.0016656522384749049,0.0543290480186894,0.047856821755195796,0.06558644033834739,0.0,0.025967471236880896,0.0525740341837234,0.0789443181799514,0.04809209256148941,0.053077508993255904,0.0404543580442933,,,0.07629595240708631,0.040403968187774,0.0901514064469129,,0.06892388870665819,0.0637488246713039,0.04829873360705475,0.04386142220159351,0.054520316448264806,0.0448292899827944,0.0368196971712571,0.05430471112421649,0.0748818236979155,0.05328947333997789,0.055851924569129206,0.023587959697417202,0.058828516192707014,0.0502562258543163,0.025641151885295595,0.05519013063192581,0.049578759070562604,0.11552787031221533,0.04228322979043251,0.0440165846659964,0.0327881579030039,0.0478245982304048,0.0999318725789733,0.049650735833971,0.0547002613134579,,,0.1676564615557955,,0.14456287610490462,0.0512578013646915,0.04300594102444699,0.010090774796124401,0.05117560389952671,0.032480083322425,0.06826811405078352,0.0431619314552781,0.026684047007595493,0.0838673460135786,0.027593139771572798,0.04234218527740749,0.06122596957846099,0.0903846326900647,,,,-0.00041383503738570346,0.1174835369636361,0.12091338801309513,0.1261174376467545
2024-02-01,-0.05432596320168341,0.0027475240520135943,-0.01739174271186861,-0.0015124782313573034,,0.0441654112976812,,0.009681956682915405,-0.07684502176076208,-0.14260156318153572,-0.08708324446603412,-0.07645928497908833,,,-0.029380644393219704,,0.004258345682576,,0.0014630580517605088,0.0003926958621045997,-0.0015548558632371002,-0.013770975014554501,-0.0016328755839273984,9.992007221626405e-16,,,,,,,,-0.014097518699570698,0.013072081567353504,,,,0.012555556370438597,0.012794213450375898,0.012431512993367299,-0.0180774484691706,0.08609218524501601,,-0.040678025288288004,-0.0463187118964767,-0.004522487090959704,2.2204460492503126e-16,0.0,,-0.012200783972982902,,-0.024665542030956403,,,-0.0038464136553258985,-0.051851614187921696,0.013067130349229097,,,-0.030027276790164103,-0.009037443408736004,-0.021103574204883697,-0.10235856533075131,,0.031763314671745896,-0.015870034473571597,,,,-0.030439050506642397,-0.018937645978468906,-0.017694313401284408,-0.09703606933290401,-0.06012417497846509,,,,0.0,0.02566617935168559,0.000836295260951702,-0.005507797883580501,0.0,,0.011552205982490505,0.021352143927965993,-0.007920833491443704,,,,,-0.09922962776063539,,,0.004202107233811251,,-0.10425037928354128,-0.014330364827781496,0.0190059569594953,-0.06377365295866749,,0.015566030807583814,,,0.0011622652564283018,0.0005624297111143034,0.0024679448118402,,-0.013932113896868999,-0.0108797283803528,,,-0.1199530184247061,-0.0069357150664754955,,0.0007259528449486009,0.0030687944976983033,-0.0430239029050436,-0.009863093655172099,,-6.002143226879753e-16,-0.004756025325695699,,0.0039900787694814996,0.0,0.03388302269171811,-0.0174708720361302,-0.032529714014210606,-0.004047564341941898,-0.040052467741226505,-0.05606894309513169,-0.026478207734806226,,,,0.0,0.010399034910273868,0.004331823971083001,0.025605950905170705,0.0010666667678024995,0.002125521409163597,0.015724802893872007,0.028096898790225096,0.013294894988770904,0.0006049606960063028,0.024083415138851306,-0.039792846298485826,-0.0473941134146731,-0.03161825235547049,-0.005760384591979702,-0.014252638259814494,-0.0183985056167162,0.009742697392761204,0.028524338315890407,,,-0.017243145670298603,-0.011397433611819396,0.019019476256142004,,,-0.0372365797794946,-0.0523244628387582,0.0289060671595739,,0.017667667060180102,,-0.014822928891638502,0.0014767935173423028,-0.027314473436611402,-0.0014240669683605982,,-0.053474013481858304,-0.14566823914591967,-0.20616058797000666,0.005281630113612622,-0.004437810117990703,-0.002980628138137497,-0.10880285984879891,-0.0175362865121768,,0.0217952476254972,0.024851435907284104,0.015964057850420085,0.11122563511022515,,0.0004611057397140984,,0.023185853470303452,-0.056489669989506996,-0.11309525721663091,-0.22803436129931684,0.0275116165616945,0.009848336054814296,,,,,,0.018028534615448948,0.0180513500700035,0.0219826234378781,-0.006212405924525892,,0.022376412543427905,-0.0072140680903309985,-0.008528022154839297,,-0.042541369406525704,,,0.001181335045831601,,-0.009788006366163497,,0.0030604461531063007,0.0024106078366869974,,-0.026022252227655102,-0.011589666948969698,,0.0043785521242190395,0.0031641744788442,0.004725906716361401,,0.02322539570947181,-0.040764604064271896,,-0.056036376271584795,0.06100466389469321,0.017141211679057876,-0.0027338427493747005,-0.010047365846120693,-0.037110543500334596,,-0.024820047894370506,-0.009398273998508498,0.029156584291455505,0.0024338314417472993,-0.0173917427118684,,,0.0024479816386406977,-0.018432098946225196,,0.01580095283727129,-0.0164655122022013,0.0283373760673454,0.016323996264988105,0.002784025783637999,0.0007152223454256,0.0043520133463277,0.007532992307544725,-0.23043341310929394,,-0.0023431686085632997,0.0045468102449656,,0.003343552850193099,-0.012454850098113297,-0.0227073272924432,,,,0.008831731681305952,0.005304892213554823,-0.0013665204664323975,0.0,0.0269499194407957,-0.041548364753019505,-0.02732345502639329,-0.029380549527112602,-0.0252650940350984,-0.0004922471179877024,-0.008079966291201402,-0.0412256769303154,0.009381909741556902,-0.0078754045113404,-0.010915305686231197,-0.016704474637784003,0.018471315544994905,0.0,0.0026936043222228027,-0.0123275338150988,-0.0180391903789315,0.020268407638544497,0.023417319513902406,0.012190649381322702,,,-0.011865242107981773,-0.0036736940290368015,-0.051912961693712,,-0.014984473346852694,-0.015707857023683578,0.013142719227911093,0.02393579730785971,0.00013784547544030273,0.015943650397135793,0.0275716272422322,0.0023786880863774004,-0.015143461196647995,0.03821335544806569,-0.009064980839257003,-0.0339090988170124,-0.0317963728489571,-4.978656376053436e-16,-0.0023534037141614,0.011109129319808807,0.008658062743113802,-0.04025700824466438,0.021354257102055896,0.01753952633320856,-0.036169412040401396,-0.012310761537884202,-0.024878130345105,-0.017228303960177303,0.007496688389289057,-0.012104853509982107,,-0.021051026336324895,,-0.0196353822399715,-0.039828800736628804,0.043362118273757896,-0.005261911208030899,0.030384736626715505,0.028745119975606113,-0.009696831975230975,0.026657309453985506,0.0122802509091903,-0.049376956368199096,-0.030140146173394687,0.028907924209768503,-0.04507225196358901,-0.04530302050777439,,,,-0.02882428278938887,-0.05280818135208161,-0.06511107109187761,-0.05690338125298469
2024-03-01,0.04360321453728889,0.0440895556615052,0.029852963149679695,-0.0148695521772323,,0.027739490803750502,,-0.0067916587707832,0.11595416512702601,0.1209832729086586,0.1395681869251795,0.0806329137420168,,,0.021218246528843597,,0.0044351403639507,,0.3711197111811043,-0.016219614128273205,0.0117590461925347,-0.024120748087116898,-0.0137432252992617,1.1102230246251563e-16,,,,,,,,0.008825046451861596,-0.015343261285397302,,,,0.0303601200068983,0.0395261834275946,0.0238315633427586,0.011572803829861455,0.0740483782859133,,-0.026570982306523102,0.0408324138460205,0.0294254777963088,0.0,0.0,,0.007778874353373699,,0.0323959176058151,,,0.0264898783165069,0.0361329629841886,0.049998948145776,,,0.012621118313215303,0.011488091333651907,0.0525996303016055,0.04061789206011251,,0.04301261555904591,-0.014629753136064802,,,,0.0369353921060495,0.009819041762034696,-0.021532295126780895,0.0751283742806636,0.0027301700562322954,,,,0.0,0.0565719188852847,0.058052011907964496,,0.0,,0.0333991818797764,0.0468606963181862,0.020172885799303795,,,,,0.0735169361818292,,,0.003644475756667411,,-0.058211644194509,0.004553163308673912,0.05236478372943781,0.0018203099552446976,,0.018080561415075046,,,0.0030000317761342,0.0031395756967962,0.0049158741950321,,0.004148307737775801,0.01814075261740051,,,0.0072150385141505,0.0257645604374922,,-0.0210625998646493,-0.013868764761124797,0.0382676513703948,0.02250548707034779,,-0.0134615971541873,-0.029405446736664696,,-0.0050527248188267995,0.0,0.0181048608742757,0.05691360081467281,0.0184891283750642,0.0915006513876567,0.0317036251834171,0.023427875418211095,0.0405232709866617,,,,0.0,0.0519514056321001,-0.017706082417575698,0.0704898777545448,0.027917482049363798,0.02906951282155469,0.05073151254512869,0.06963136948529469,0.0513365639484557,0.0351184301702442,0.0641641272587649,0.0547273539208932,0.032280148807291506,0.0772277534687602,0.0719668132514509,0.0531120752630434,0.046213408243252804,0.05270680904996889,0.06459398579273391,,,0.029184500059679,0.0324791742306157,0.04437684030265149,,,0.0395500568090258,0.021101438784066097,0.053471371781723995,,0.023217612028680695,,0.07250669078674729,0.0029578071847604017,-0.008071792704327408,0.01254315453637131,,-0.031891500747657606,0.08300450271061492,0.1054570128112343,-0.006218925515655501,-0.01954005942395637,-0.017200404145304504,0.06489765204464461,0.0573723404639325,,0.05186535199028095,0.0659259772098222,0.029262595132068,-0.059932340722673505,,-0.0021564794302425007,,0.05335563727506861,0.015468422398345817,-0.03827300109822039,0.0042176359442026995,0.009216960113146102,,,,,,,0.051485136310394704,0.0515583953095283,0.0607787441800588,0.028603543279556897,,0.07754466161981409,0.021608026915598905,0.03966064036348331,,0.017578577643751002,,,0.018327672300627002,,0.030142217357935295,,-0.0107527917762619,-0.012539492468797701,,0.015465921961940896,0.017254952398643296,,0.004457057151740478,-0.0038857697754617,0.0047034434396874,,0.0548587571549838,-0.008645586992853695,,0.0230904975802775,0.1313028931783852,0.106762143617013,-0.013568403431579197,0.0281131252413472,0.0371105435003329,,0.047972284565495,0.015338089627637701,0.048550671891913505,-0.009196922313701702,0.05604389714614721,,,-0.015336731662065102,-0.023584806185791306,,0.0508707399152353,0.008266644854793403,0.06940117499158518,0.05044816439852,0.0286697545026095,0.009551155769238201,-0.0015159940242349002,0.045460179720422794,0.018241852890969107,,-0.00010712909589427762,0.0048238132961963,,-0.010532790667851004,-0.024220119645955697,-0.02284001445211931,,,,0.0443092007343959,0.004705948258135344,-0.0136069631994779,0.0,0.009299065578352689,0.05727121992184021,0.056108736144544605,0.0770336075580984,0.0397181258506279,-0.014558330678863802,-0.027521559875762297,0.07730948975140262,0.0284359959548029,0.0314693536982054,0.027068069388685796,0.031205170807767,0.04117094405803289,0.0,-0.0181530135397359,0.023738605977898203,-0.023601214742069505,0.047216440299912704,0.033601475485253995,0.0335768424615228,,,0.0689102348265265,-0.015480606539511103,0.0195945834799982,,0.048461817681971,0.03975943370503039,0.0528525167289339,0.06574227637348219,0.0357422640597387,0.050760278672378006,0.06938557111031331,0.029092748050848896,0.05815461398395541,0.0447680861120303,0.0361825011473609,0.014014543461040894,0.015582880655414782,0.04392758707840771,-0.0018370148934968,0.051630920297084895,0.03281121388366661,0.054337436768778793,0.06827260628063449,0.051059043269281394,0.0342210431824465,0.0038788739642732013,0.05789943419651209,0.0287216974838186,0.025891129866889694,0.020342749269445702,,0.11840556224503282,,0.09424351303652248,0.0631689705925271,0.044841317909803405,0.032325570261262905,0.03995474550350069,0.061442543432443,0.06937665232328509,0.04597260855967209,0.0207648093195557,0.025376814897949698,0.010684900100016801,0.031138560658398304,0.07591170034666961,-0.012140555556995104,,,,0.05392477112758379,0.1088674786019342,0.0599373384861744,-0.02690632515612829
2024-04-01,0.023664670147200098,0.017811978696718904,0.022837262722499196,0.006085151459575298,,0.022394802082236206,,,,-0.025426214944122807,0.019285505552227487,0.016151753310510893,,,0.015907287322684996,,0.0021464881639047,,0.08428498497373471,0.005837892582194999,0.0082095543279253,0.008190854364479798,0.005647637138737301,,,,,,,,,0.009336206092033696,0.024534678056811598,,,,0.0203476951141282,0.017518999286411402,0.005684191554331204,0.03523344781931959,0.027360842385852305,,0.0035888658314276924,0.020076000949354595,0.022750483788171003,0.0,0.0,,0.012548146666836998,,0.021537775602504895,,,0.023112064060671407,0.018788526593085195,0.017363314276549167,,,0.016740757352528765,0.024497704123287597,0.0174552463354151,-0.011408250185807094,,0.021509723170421203,0.018251495529380102,,,,0.040181661278344195,0.022102174451705505,0.023409291770417978,0.032756038152817704,-0.014135589008453,,,,0.0,0.004185579022633799,0.0250768817557633,,0.0,,0.0138440619259507,0.012891711205065296,0.015314914999261998,,,,,0.017814432095095194,,,0.0025063635329063885,,0.1132364210815517,0.05364494200075272,0.01812518471234017,0.038223372601407984,,0.027817364303213,,,0.007046547797157002,0.007207434804279499,0.006619471892003003,,0.054135306376684504,0.0039024828752673955,,,-0.0056301429232964995,0.0230105390668646,,0.004717017258711601,0.003273931438518366,0.018296508148364702,0.026223074447819496,,0.008114010280515598,0.011944998979465202,,0.004784863780951,0.0,0.014950776166883596,0.027052620975290195,0.023304466506930008,0.0296718147765426,0.005222530513315098,0.005178543189196305,0.004412576466154602,,,,0.0,0.016257260090310897,0.005780003242553401,0.014360964022843006,0.023177451885572495,0.022635882945041094,0.01819654716893239,0.0121629445607705,0.017090677546517195,0.02461922668552799,0.01080736436020601,0.010219326224467501,0.0101424608038784,0.009230686156206206,0.009279372275793,0.0194690980669418,0.02303153490770774,0.015724385105946398,0.009001568232180054,,,0.022471728563733598,0.05270615817598149,0.022853224483543592,,,0.036891323089210795,0.009420155598294696,0.00988416600060881,,0.010266825305700401,0.012250214224731201,-0.0017021280705306063,0.007178450382159098,0.02514086322745799,0.0395689610076098,0.020199844067768803,0.019224115107785406,0.0243738068997379,-0.012159311045762598,0.0061104808782594,0.009955259581520104,0.007179888437969197,0.01724201520617329,0.025073089098462106,,0.0161226228477268,0.006065767112006704,0.0261945401562157,0.036390276849995545,,0.00133652668263179,,0.0164621216813794,0.0731164286003595,,-0.04292139920408638,0.005955011698563599,,,,,,,0.009556427630828302,0.007522558420557207,0.00018618448755030565,0.0347646371310336,,0.017088299805428295,0.02698107657351869,0.021409194172774804,,0.009936036511795402,,,0.039531216402299896,,0.022913769256742805,,0.0033039677632713004,0.007102148678574499,,0.0207511283357891,0.0251642396290492,,0.002234892942152148,0.0021360309870201996,0.006152885766731999,,0.007721582373537193,0.07528700582716699,,0.0050759602756138,0.051399895160288006,0.0337497025154198,0.005882718704953797,0.022771356613587798,0.016934641193630997,0.024408985080117292,0.015358598230764103,0.025022892481629606,0.023590365928459006,0.006300950849608699,0.027224897126624202,,,0.0037702013783626996,0.005368894941007201,,0.017370584861657302,0.029301053662421504,0.012509799610640896,0.01775593423648901,0.022749114291514497,0.0048908762358433,0.0032505498291639,0.017903610664280534,0.019615435641134712,,-0.00021233273570980078,0.0023164943571460112,,0.0030296033009941017,0.007162799796079496,0.0036459921595343022,,,,0.017421064355642,0.005443131198302201,0.008086669389625638,0.0,-0.0018325278734785018,0.032578156098397405,0.017625807661749093,0.011155885843118094,0.023140314124067203,0.008092505994299599,0.0115166092693446,-0.0074720583013103675,0.019931915076105103,0.055481949027382724,0.026858544140839505,0.02471250552224081,0.02185847860208459,0.0,0.0036141434088115,0.027898936497816496,0.005020155799684001,0.013545016087668603,0.011029686717249975,0.014108380097591001,,,0.0211650567852158,0.0069070790495347,0.0138471435740993,,0.020625983013729976,0.026486128988186922,0.015922029493092873,0.009914880407812795,0.024448933427441494,0.01835317334962909,0.013059145373978806,0.023187520712251195,0.0141384839656814,0.011384384465113303,0.023148563116169203,0.0352202563059639,0.019057562285575997,0.018879642550080705,0.0018052253945582994,0.017289077749855504,0.027053116065994105,0.010694551001635497,0.007902826203688396,0.0170595717295428,0.0164067359645407,0.012197159213607004,0.0116765528597478,0.023841135640105704,0.027229486313302003,0.027047552518343905,,-0.02134560591069081,,0.0353397559701283,0.03893725052631249,0.01453015710302321,0.06226510671809949,0.019976698094073,0.013136548754460499,0.019360177534458605,0.010111009919669203,0.02129021589327909,0.011270712408991199,0.0396409177558471,0.0117782047726545,-0.0103966564188375,0.021873725193341798,,,,0.04993988152686189,0.0018162564133292966,0.018582093860482287,0.0024849702469317975
2024-05-01,0.010368465137401296,-0.0218520086198254,-0.01493513043974471,-0.022183126623791,,0.0035301754440788015,,,,-0.13944842824611023,-0.09509706382901581,0.009748975121646204,,,-0.0203678894198488,,0.006255513401296101,,-0.1551000356781687,-0.0227034590589924,0.002393592122506,-0.04905490991684561,-0.021547118759894596,,,,,-0.052440099431403,,,,-0.0262307262205639,,,,,-0.019068910210102104,-0.027598222383578598,-0.033535977959123386,-0.0020955932498600005,0.0250307996760115,,-0.08827346668571481,0.004622710708164602,-0.022491617620532894,0.0,0.0,,-0.0172025619720485,,-0.0112045284827723,,,-0.022077268987088304,-0.000266571887130803,-0.027264523230998997,,,-0.0412870595765525,-0.020426589801816896,-0.023347243740790197,-0.0065100543581978875,,-0.0486394756287072,-0.04993129817264862,,,,-0.022425285037732105,0.0357345504198475,-0.019737317020298,-0.04942833374105508,-0.04772047839636051,,,,,-0.04145697381986589,-0.0273179280506448,,,,-0.036747677428357994,-0.056235669902144715,-0.017639346243114896,,,,,0.06688142812335711,,,0.005275695143867377,-0.1387390369784765,0.11535508559594532,0.058942054013627274,-0.0318936224012701,0.038394997706773286,,0.0023820215126864053,,,-0.009807839385378402,-0.008956029312072402,-0.0070047861202729,,0.05947055359832771,-0.07824017462723709,-0.13922461823023868,,-0.0444908848851896,-0.022240063645437503,,-0.029193999153925898,-0.0164931187688979,0.007393697710112498,-0.0135612913783759,,-0.018578508980227098,-0.0423416129742917,,-0.003873787640071032,0.0,-0.04730468894133551,-0.033627563616622995,-0.0325981033602641,-0.0352680564500389,-0.030198247149198502,-0.0391696249945525,-0.0210899540471444,,,,0.0,-0.029329187976772492,-0.020641544476410197,-0.031352358709325505,-0.021730457371723303,-0.0214901679841997,-0.026871012252807195,-0.030320396884983697,-0.027709787196029893,-0.0188793831305796,-0.03488194896988125,-0.04690279075918399,-0.03275642882389031,-0.06112849958259299,-0.0463211533801972,-0.03169300065938111,-0.025883439672221696,-0.0285354371997942,-0.0335409518868377,,,-0.014589316976622798,0.03456806341901281,-0.017960663908398396,,,-0.0153647536251081,-0.07577103152048469,-0.048475729278618186,,-0.017400585710464697,-0.020978239157614396,-0.0012785000676067831,-0.0088673946173564,-0.020377180664150396,0.011175465941587292,-0.0397604420355461,-0.034773478391901896,0.07000390502509271,-0.037695249179457005,-0.012933441938466201,-0.02761686565247761,-0.0270540046149417,0.05402236183037311,-0.0331501280498349,,-0.027115918487117696,-0.04310947728780487,-0.014561081056025302,,,-0.011733392349057849,,-0.024803470304803954,-0.020946650253467907,,,-0.03443786509415871,,,,,,,-0.03100961335826191,-0.03943269530354254,-0.0570817168867635,-0.021723181218607703,,-0.05177531759416332,-0.017560247066587095,-0.027090429510410095,,-0.0658044733229774,,,-0.02519671168683479,,-0.023974777313836702,,-0.011256723687721102,-0.016514869704747682,,-0.022058104506152,-0.007297301965192707,,0.006317266141998637,-0.0031202927013515014,-0.004920889480011222,,-0.0529312877895545,0.07326606427691398,,,-0.04135380560030359,-0.048376916036986406,-0.02212842992374,-0.022193989392006203,0.011738165074313602,-0.0299232606840245,-0.0404469198320737,0.003737954937335898,-0.022185995600838504,-0.010493368687734601,-0.03356859328670629,,,-0.019339202215881004,-0.056326591215702104,,-0.026325735023290105,-0.007801094573712807,-0.0310293629172632,-0.0261888184144135,-0.020840535554912498,0.008004733930237698,0.0007389104171159106,-0.03000348621762501,-0.0872022442852949,,-0.0200839205717765,0.006954967626019422,,-0.013635090045810639,-0.0491434212463539,-0.06252979622551791,,,,-0.0253652821958585,-0.00017971406594663295,-0.020120554367300397,0.0,0.0330248236498618,-0.021336087185469498,-0.04123967371317139,-0.0574569350242575,-0.030456382442963406,-0.0190756129219857,-0.04259868801927911,-0.0386444366415148,-0.0032530979260040997,0.0340481817908977,-0.025611084943739797,-0.017149198521218597,-0.020649736881807892,0.0,-0.019136081963772398,-0.016245890142320207,-0.055966082090238595,-0.05672224098953009,-0.043899807256787785,-0.028603943249260997,,,-0.015702959654851002,-0.025494222342382303,-0.07718543451350009,,-0.027144309483639464,-0.018300866418273304,-0.0280499873651235,-0.0354622119772422,-0.018821313556196102,-0.026987460796007508,-0.030137269627668405,-0.021309927620040806,-0.03614857705624591,-0.023980746715669698,-0.04116364112606839,0.047686106646298104,-0.006589229719316204,-0.023962603322146697,-0.013988041939652399,-0.0296156492979577,-0.016603676744684402,-0.04691614277966199,-0.037038935364568704,-0.028505890262778597,0.012167631925642994,-0.014196257252347797,-0.0451297062267149,-0.0155029427308914,-0.012582666297817603,-0.007337940782045999,,-0.12972778423521983,,-0.03820618818080371,-0.019534614156874394,-0.030964015646319003,0.0359136290327573,-0.0157560997528312,-0.028574860662204198,-0.011989346321077902,-0.0599079586833758,6.307178514801566e-06,-0.08209023217426661,0.048715249384964396,-0.039668536636893625,-0.0340710953126975,0.027993909398467284,,,,0.030890178722874105,-0.06324671941747519,-0.014341465756200801,-0.10106691005844662
2024-06-03,0.029071394315649497,0.0447382474443454,0.038784981689898995,0.0165446094321568,,-0.0019725135441445996,,,,-0.023514062070926912,0.005916381383130897,-0.011018271028204116,,,0.05149128338566462,,0.004556936016273901,,0.13354908888016778,0.0184059354882459,0.010733734046218501,0.0332730430981422,0.0166516332404712,,,,,-0.011741817876683205,,,,0.021072495238663502,,,,,0.0288905067606467,0.040009252507581,0.026039646688707514,0.04158552205438411,0.0236783669638009,,0.038863334965182406,0.0193289419435771,0.049363129465259004,0.0,0.0,,0.025696131861780606,,0.008471635558434802,,,0.050788965554468886,0.01818512125936029,0.04642108898891952,,,0.054608273630289,0.0356515543774558,0.051194799714391406,0.04152000521818792,,0.024957255405684803,0.080449625278338,,,,0.0648565367230141,0.045628866780278395,-0.008897128792889992,-0.013894657780321097,-0.0471801171302741,,,,,-0.0073554326939571125,0.0469969495885819,,,,0.023972092229912204,0.07637897994279691,0.024225990982110503,,,,,0.043752181437816215,,,0.004780882430879401,0.1348398106960693,0.06344374762744683,0.016059525334117707,0.045670937980484196,0.027640549258741993,,0.020006173360082903,,,0.016177274573511997,0.0154303840990982,0.013753320064357203,,0.015809700352183396,0.0533869096281301,0.13832328901739463,,0.12356122030467172,0.04943543902023688,,0.017828188383772096,0.013030350962278602,0.01803579203560529,0.06134363024105129,,0.020428104166996197,0.030899018082749006,,0.0101150555163294,0.0,0.009408428366149302,0.043667583159134105,0.046704174306524196,0.04041184518286221,0.0491595894436905,0.044578460550170465,0.0533657841405631,,,,0.0,0.04764492381391481,0.017688890555662896,0.06328228844705838,0.030733126733408396,0.029375786185311902,0.049352628912247815,0.06389207885620579,0.045613742349612095,0.03247001244900301,0.0585014865135837,0.0491547152288445,0.04487175417717469,0.05176857292369291,0.011383214859778003,0.0283557659553393,0.0357003703203825,0.0465722881839756,0.06571499774290362,,,0.039812879162840493,0.005713135311112394,0.0439985128821382,,,0.034492184260331196,0.048098122619321004,0.07845100580855101,,0.0218217485610338,0.048849270609641005,-0.003488665387303698,0.015560945367966298,0.0421928955611051,0.040228254984820994,0.0517460531366152,0.0381813353768686,0.04661786778037949,-0.00824935933903661,0.0079531603809534,0.021879329246643493,0.019424322458275894,0.045520754136269,0.04382612401641596,,0.0508896953924613,0.0671511717244101,0.028692072252990603,,,-0.0031056670579074994,,0.0563029528819922,0.0264840977945889,,,0.0303111488486575,,,,,,,0.0763212244288021,0.06209177600290061,0.029656930842929093,0.0355568450873536,,0.0334269087387078,0.024829840270285498,0.0280157780908528,,0.0463899884590306,,,0.0204442993321301,,0.0446363665957249,,0.021303183987234596,0.01121507082013999,,0.053473358693274194,0.02230517963444039,,0.004750037194985808,0.0071581967566904,0.0113407304020596,,-0.0072002526523917,0.14346113908683295,,,0.1162404386460334,0.08943456452926482,0.0173296369448933,0.04624449558906649,0.023326254258012196,0.0336857464307754,0.014531619238574097,0.0439439684775401,0.05227001593679219,0.014617299285238397,0.0433069427549004,,,0.014305996615125301,0.028144712290061706,,0.04934211121928866,0.038399132934536506,0.06456518460462389,0.0489030373565258,0.029178153757719098,0.0100815723900639,0.0101086350463944,0.04550494855549295,0.1799217873440538,,-0.0058793602873490995,0.004634760361533911,,0.017606414730844597,0.0275391904010215,0.028432459545224702,,,,0.045922137594000365,0.0048990962403612105,0.0198284956921718,0.0,-0.010754656997257998,0.0379897878844137,0.038988610890501284,0.034560499395896005,0.040955052866536,0.019984334147728603,0.029142201071338608,0.011925943697203702,0.025081226216169497,0.0015330372464361051,0.0455815947405902,0.03876321351533791,0.0337274632075784,,0.014165272099342404,0.06246955817001429,0.027997143996049204,0.07752534989534408,0.02472690542450515,0.032758498456408,0.03347645389679241,,0.0232691396501811,0.020151465051614,0.0445882884249465,,0.027101480513338095,0.0316962816439694,0.046898300495864714,0.0586959809100288,0.031893959380096905,0.04903471555043076,0.06487547207601127,0.0313166106464914,0.022746823561317304,0.0620801446619911,0.02522803734820421,0.08335123012909772,0.044626267413786204,0.04496582798269649,0.0002175145695822991,0.0464871048395994,0.029529642721284097,0.049295342255447204,0.06132707561976026,0.048005825245156106,0.021349784529719397,0.023883185779306097,0.0342431442322851,0.0394492360800215,0.029858013667485486,0.0464260968745514,,0.05192533285070479,,0.025878025265812003,0.0319743046325141,0.067055899584519,-0.0034275954722678,0.0312220482613587,0.0646771949538649,0.016243266162405304,0.06832693415558203,0.024078629924171396,0.05011824673204379,0.0858119765459953,0.0237310013219338,0.0019341265486698001,0.083476087350804,,,,0.003757048877712301,0.0767907769941186,0.09076453294959348,0.039827040277135406
2024-07-01,0.029488703379498098,0.020193724272214095,-0.004341594216667678,0.0087950762957563,,0.044754965150378107,,,,0.034725711373829696,0.0450869181615981,-0.0333781506890753,,,-0.031658591352129097,,0.0039845203352822,,-0.12679725967905262,0.009755388228513897,0.0030284086136037,0.008966967350883395,0.008750923522683897,,,,,0.057312965908993894,,,,0.0072697558219383005,,,,,0.005469387987792001,0.030095675006287806,0.0114764604042228,-0.02073050868934345,0.0199455327962317,,0.024685801552402888,0.025862958529367097,-0.0182414390163891,0.0,0.0,,-0.0023580920335608,,0.0481720835172478,,,-0.014205747649353,0.03139219248348421,0.034847724992052395,,,0.010333551261767404,-0.021633777973096603,-0.0215891304655973,,,-0.003194945556313106,0.0012464435569457069,,,,0.0740937771858369,-0.0210608138554847,-0.1282977948084663,0.0609840448517535,-0.047485380783084494,,,,,0.05640668295862081,-0.035291528962818,,,,0.0087401770068943,0.0790351612556647,-0.018131447372723698,,,,,-0.0211281957356798,,,0.003987951770126901,-0.1210334448189262,-0.0395833851431123,-0.0013478656963795664,0.033650005178176005,-0.047523803246947105,,-0.0038810496622764005,,,0.0047689489965531,0.0060548591339354,-0.0005392289157350012,,-0.0013648773729403002,0.024933061137362284,-0.121486382643044,,-0.1102935963804269,-0.021358829960737995,,0.012081662642142901,0.009380871535067701,0.027359436558984603,-0.03173744496264091,,0.007021751499708099,0.002535116978592501,,0.0053615147614599,0.0,0.0100858872934829,-0.016853949469525904,-0.020764566122825193,-0.012742817517731304,-0.024002966982401702,-0.027405157906872805,-0.020377870161400302,,,,0.0,0.0297450925197055,0.007965593478814304,0.0627969555057025,-0.007403129668109899,-0.006867692144125099,0.03505757581715467,0.0671644797956029,0.03210400393300884,-0.011295438367423204,0.06405257042512319,-0.0112969449289968,-0.018787148655631865,-0.0027180139266773052,0.016302336757708702,-0.007572487719135899,-0.016786459430140604,0.028930528904155404,0.0702671587197618,,,-0.004930569177908594,-0.0173637417166349,-0.0039361264469496,,,-0.038360945905592296,0.018607676048044797,0.0827002872970392,,0.0037470978823829996,0.032213709177952896,-0.018645034958706105,0.004777429395891002,0.010724192224393402,-0.002181757919290997,-0.022829818069422893,0.013307449181625304,-0.0775913767421833,-0.10684030076997279,0.0051958574603714,0.005915026006544799,0.012034522883248898,-0.0339903202763027,-0.016808211986418804,,0.045774272848369,0.07262618575567206,0.006704091975624901,,,0.0102596429183662,,0.049092818221805605,-0.01634366727453499,,,-0.0011837940972014992,,,,,,,0.07238406150524761,0.0603531927200114,0.0627627910385731,-0.004298946293961808,,,-0.021271997957719092,-0.0050940522845289,,0.026450374471157202,,,0.021067548906219803,,-0.006444784951498897,,0.0127192053375211,0.0138127055354385,,-0.031476698157862394,-0.0161131115558346,,0.003976099273908807,0.0054259851272299995,0.0058213109954804,,0.0601863738853747,-0.04381337586688219,,,0.0807333949347915,0.053799696256879796,0.009236002875833498,-0.0164775318259718,0.0217573835147696,-0.007099264656315403,0.0172670453549316,-0.0127470561421985,0.036160757163714204,0.0062198619143208015,-0.016816972523388794,,-0.022102433874742596,0.01035359232522012,0.0165954315619486,,0.034676452059050705,-0.003949317125640469,0.0675973096711371,0.0349108946717511,-0.0072291175787842004,0.0003598069652025001,0.0058313987550809,0.030475578168762105,-0.18290167532014842,,0.013700141295194297,0.0037656052301116225,,0.0075555137383280955,0.0153416057135963,0.0179572118870751,,,,0.0202567404942516,-0.00099334467292041,0.004731710428389199,0.0,0.015917291076064,-0.04325688715991228,-0.015429048214468395,0.0012952815023506978,-0.023465224170496898,0.007317633454507399,0.0031043718589200027,0.027490956463184602,-0.006475021715007263,-0.015760806469848006,-0.016624069817958807,-0.005724513256388497,-0.006647129924602001,,0.009975679631045488,-0.029828622732568897,0.016429184533159304,0.07691531620896792,0.017059223450178893,0.013993397529262902,0.0088867693468074,,-0.014936933497558478,0.012830307349817601,0.018482632007357405,,-0.006446792497736801,-0.016614733002183826,0.0315206706944532,0.0647402565497839,-0.0099683871523531,0.0350627154052926,0.0656730960319813,-0.0091289350101037,0.0041666934125814,0.032686597463530996,0.001710111431922302,-0.05392850962529157,-0.012579062458293495,0.0157487025994572,0.010443241368469698,0.030336496070239884,0.0015367413473823996,-0.0107534195166162,0.0656168740713604,0.03648536380724213,0.019530942221693194,-0.0024478171204596003,-0.0016397117097445985,-0.007940170620955903,-0.0031609165813244007,-0.020412403144255298,,0.04060408636557009,,-0.039488169976329104,-0.026159194520262902,0.031053665054910706,-0.006590354451010597,-0.008903177477451403,0.0578124305186438,-0.009950144563493798,0.0773175921275664,-0.0024338375167218965,0.0194603113512827,-0.049258995600552996,0.0180498755715885,0.0402550516333124,-0.08083399425162091,,,,-0.03862967873178091,-0.028403735263150695,0.007244669562253395,0.0248091462146146
2024-08-01,0.0040208026440051,0.015274212105917978,0.021414094503816303,0.0239191578797468,,0.0020820328154030976,,,,0.0353188252155052,-0.003080479909987206,0.015575983181787406,,,0.10547196731578512,,0.0044988021559857,,0.07362171245374388,0.0258521477484559,0.0053204230789668,0.03343905568169359,0.023281296077142598,,,,,-0.010333247119733496,,,,0.021535533498711498,,,,,0.04563593998884799,0.0223065884109069,0.043909724694563404,0.0726781428396907,-0.0286825686253814,,0.039903771680496504,0.008417164495141797,0.025585868567586198,0.0,0.0,,0.026356389459583296,,0.017082981163628,,,0.023583631902462796,0.010384309305716299,0.014477330816992942,,,0.023863619769115402,0.0481608658163047,0.0158759206800072,,,0.0392263493534674,0.044821453342242995,,,,-0.019566449246355103,0.038801606285925994,-0.0015910902322417014,0.006936095358759099,0.015971301378730797,,,,,-0.0310217631324224,0.005581039003113497,,,,0.0374846851057361,-0.014919513157738908,0.06046582176701729,,,,,-0.011999369831639,,,0.005213611859078383,-0.022221026352103185,0.1114427769046679,0.05228113243920894,0.012912994701338595,0.018512191008358894,,0.054860979660934395,,,0.023250149640398,0.023069802837445003,0.0195611192932715,,0.0525445031044992,0.0751326130339545,0.08530126492700342,,0.06044795897700339,0.031343947004922094,,0.0285842121304775,0.021494820804031197,0.007630073306293601,0.024799675532777,,0.025934860283785,0.0313963766069742,,0.015717848345344603,0.0,-0.020552372953321605,0.0572818208220922,0.07494492130285689,0.0415707777824954,0.1039156320760919,0.1114690948364245,0.0969157082583279,,,,0.0,0.018682778606461094,0.0230910797320059,-0.011042863439567296,0.047422200788379304,0.0466398819840575,0.011067306639681501,-0.013599730901864997,0.014547166983695405,0.049862225616932654,-0.01749041404232101,0.09835689620616339,0.11703861331561032,0.07846802195533531,0.0056928721950092855,0.0465088033013257,0.05823452834303369,0.018584136986301198,-0.020676587309144605,,,0.0238402515711212,0.0208233480135649,0.0686473886712847,,,0.030734864081180584,0.07348092353691009,-0.028098739084595203,,0.019881849759482297,-0.024998449220653498,-0.030994216492965004,0.022199076739183695,0.15097377294049075,0.09412000708881021,0.0848014313388268,0.1713999465265293,-0.019432599539875903,0.009233202296924701,0.013847487985339328,0.026057562070354926,0.0260773334787814,-0.015533828900835194,0.056336807735657794,,0.004400057674225206,-0.02318123183032659,0.04415819536018209,,,0.013000106250467198,,0.0033994367014638024,0.0648685792564886,,,0.0102884128036652,,,,,,,-0.01692351320936019,-0.017141668734055402,-0.0405667011371913,0.06556539098648978,,,0.0577576109337944,0.043593897965503996,,0.057397077325568306,,,0.06026144767044069,,0.028228715539256606,,0.022631475219721187,0.025762078353587025,,0.0498402600099511,0.05841131980672099,,0.004464189266529161,0.011735113424846799,0.018297927427784404,,-0.0027253685632287993,-0.006797609256489201,,,-0.05402247096101209,-0.046688008382635496,0.022546751821859702,0.029215561044801996,0.012137352165521996,0.018794828220971095,0.029058582306836906,0.06718958367321219,0.0165447819471865,0.0196273990374429,0.057201731073717094,,0.10244270652471421,0.022901981524303602,0.0354130201395564,,0.0120363452317527,0.0696058246980546,-0.013696262350367399,0.011187189390564003,0.0461095908394733,0.006002303715829698,0.0085294309728605,0.02113312777276567,0.046644355081742805,,0.013181287555052299,0.0041209931134307,,0.017144099503069297,0.03422947114479889,0.0357129764280238,,,,0.01667489722217687,-0.0005964807811808782,0.023848174971170404,0.0,-0.012783038118497396,0.0563678703145581,0.06807518765637549,0.04410927329635339,0.0830725539543947,0.0254147955341405,0.03188615365304791,0.031174220908069823,0.021102661789760398,0.024009827450855593,0.029704167353781005,0.025091827473081,0.0678308028742818,,0.0232946879458035,0.024995755232261704,0.0347080148590924,-0.014992417808493697,0.0321104749707759,0.038894089647182,0.0428671458663094,,0.05427752856580545,0.0244891011084757,0.0763993141869935,,0.0396019196765287,0.0589221673274733,0.015444789540497814,-0.017528272845497506,0.049057546344095405,0.011530255168617404,-0.01264521685844025,0.0459742466885305,0.0168034881767836,-0.013256804241062996,0.0322330444672845,0.06605002021571679,0.031336344179011,0.019605885376545493,0.0123851826361081,0.01873851303413929,0.046290463812561494,0.099548857664483,-0.018103582199371995,0.010837623009287693,0.012038759821381102,0.0247420978664689,0.06118555151111581,0.025864921971725404,0.04718283440122101,0.0304665035328027,,0.06624938554120059,,0.1563812165041544,0.0423425769789853,0.0015164773976488986,0.022131517314062196,0.06201161433883341,-0.0041616531425484014,0.04798101250316969,-0.03343831216038275,0.016447952230858896,0.0698776660901757,0.0661515429698183,0.026272754964725805,0.0274700954142739,0.06745227304782621,,,,0.006304413397949191,0.04600459390239858,-0.020658011620422703,0.035068358595058496
2024-09-03,0.010187312773104102,0.024664830449370703,0.026721575373559698,0.0144934240442886,,-0.015721946308795906,,,,-0.015716980973909202,0.017837140003637696,-0.018124837577849176,,,-0.03875542522793371,,0.0046088756039173,,-0.10962898247605458,0.014823950899846002,0.011112632020239299,0.0218676448939659,0.014399545186618703,,,,,0.060624621816433896,,,,0.011479888573834598,,,,,0.030057800231761606,0.028620361769615306,0.019525522623105997,0.030058666095009394,-0.019434182911609716,,0.027924570188521788,0.009731309417010602,0.032083074957987796,0.0,0.0,,0.022410825272908108,,0.007279979206847103,,,0.0328058197515807,0.012320484388041203,0.022542607627545,,,0.033408491159172396,0.039546772726264806,0.047702799695683584,,,0.013992112982821412,0.04706979055647279,,,,0.012343526836070817,0.0344254078202236,-0.06354821193871979,-0.015903402199914318,0.0728983309093096,,,,,0.021017756592619913,0.04318057046264259,,,,0.039000278896904904,0.008778963438134202,0.0342864779670506,,,,,0.02992167986505001,,,0.004830425950717596,-0.10777471144011198,0.018027921299559716,0.020706663294260703,0.0238953457768229,-0.004903172362952902,,0.030784853315531602,,,0.015366983336224299,0.0157545558119776,0.013737072313467203,,0.020945412005654102,0.0013507127062000043,-0.1081136895300161,,0.009845367852529499,0.03310887576229431,,0.013356329539814799,0.011559240922654302,0.009594169534029506,0.036165744477627,,0.016002099675691803,0.022661297178680494,,0.012220926437959303,0.0,0.0693085472177521,-0.001291781222745995,0.004406012349724743,-0.008308782904416197,-0.0156705642427939,-0.0138903983500155,-0.019481830700373,,,,0.0,0.0209328984386579,0.014606317460975403,0.01784428120758039,0.026904579993757505,0.028636887343860398,0.023981793381023596,0.02135003880318541,0.023439596092755158,0.026527610803223203,0.020093262204133495,-0.0170297398448023,-0.020535329510062986,-0.011155099118028339,0.024916754424745995,0.0193546906832648,0.018809331957496435,0.020179174635871006,0.019977107227464014,,,0.023708622625968897,-0.01999036170967311,0.036448737592303306,,,,0.052600286982994,0.009724990786648204,0.0050011919317894,0.028280786134701398,0.0148135408015622,-0.019068374365515194,0.015674120789294997,-0.0016696043206919,0.014021684241064206,0.0404679495528454,-0.007751309156877289,-0.03104292187038451,-0.03269621814949658,,0.018524503290039802,0.017233899619026605,0.0074385465964739,-0.0013965124817984969,,0.024229711175180496,0.0246441502950207,0.028417560752972602,,,0.0023611509759368984,,0.022482911105677603,-0.12217583972142891,,,0.0253528312948259,,,,,,,0.010978217378709298,0.011902459415075404,0.008925817949176908,0.004948393341168101,,,0.01248118749217201,0.024578898694410604,,0.06069620975628311,,,0.0233361873160173,,0.031384892266641595,,0.011299618363486202,0.0154241550171023,,0.018503471564559594,0.0368416738423556,,0.004707313984551044,0.008879760561570037,0.013461331781808599,,0.027537972014013985,-0.0015168755278618974,,,-0.014395191996993704,-0.018177641902220792,0.014837360399545096,0.028386185396852694,0.011991801680055106,-0.0031559343365156096,-0.013665528238154487,0.047490874395937396,0.031090587070030602,0.014273515506964103,-0.0016582223974717031,,-0.016214202719509907,0.012203821546778999,0.019752516298582205,,0.023096792492922593,0.0444416817732401,0.021403908663153497,0.0238179198081256,0.0295359757948218,0.009691727171610702,0.0061675812202997005,0.030378172572994896,-0.020381954817617808,,0.0055002013268651,0.004098000612951,,0.007958220339099176,0.017447755660925497,0.020862536416103312,,,,0.027685476937527202,-0.00019890601756227802,0.016354902013829303,0.0,-0.0171843611473474,0.012580008898944494,8.568613175200055e-05,-0.00011476883656039161,0.0006048692154779012,0.0164524741815583,0.021646813703253994,-0.005258666338524103,0.047788413319411985,-0.025107866776866997,0.0286563655058841,0.0254508442035958,0.03637766777646499,,0.011815188132409603,0.03544384211195511,0.019857869262301993,0.010438105945374199,0.04770085833800709,0.0326555397625971,0.0364560419609876,,0.017760329539583997,0.0096577636593948,0.05088949646909019,,0.024781694791999802,0.0298216264842127,0.022435506881952106,0.020402296857954392,0.026746779057804298,0.0236541395587187,0.0205907751182588,0.030025535630551103,0.018546163592487102,0.020179243191234198,0.01567085102767748,0.04376917244518921,0.015063731425752,0.0230647057483536,0.0037598448046420978,0.021091624950216402,0.0284006649263224,-0.017827770217578497,0.02221266530639971,0.024853049132746902,0.0096619109117368,0.023649470809857704,0.0004457321223787069,0.023793537630559997,0.0240784011312262,0.025434573990653304,,0.021965739381671304,,-0.006791774133718403,0.022959918560159595,0.017677082096869294,-0.020816016137725685,0.0447101733460134,0.020637204657023414,0.0277667074968496,0.006922964432518112,0.0581355998362435,0.055714194850521905,0.04695698308777079,0.0493532997997772,-0.0019220507785819938,-0.058893019652157014,,,,-0.047922994672231094,-0.028290978070132995,-0.009158218289713704,0.03623905161620739
2024-10-01,0.0718650611110464,0.021731713889453767,0.02602607728173611,0.013226501366995472,,-0.004234602982516403,,,,0.058706622253136706,0.07232947167364462,0.19563114378224108,,,0.004461588256493399,,0.004212458550696,,0.07641477832396307,0.014160101559559999,0.005238090665110089,0.022913955312871992,0.013060084518585001,,,,,-0.0015052000911121926,,,,0.0322677112105754,,,,,0.0152964754123569,0.0168928807993296,0.019428324549568495,0.018992601831162827,-0.012958010003211198,,0.025034664055192397,0.055825319582483685,0.0078026924887123995,0.0,0.0,,0.019963882200737696,,0.007391016646389085,,,0.009789954026681999,0.05969810801544751,0.02237409236305389,,,0.0468186673126363,0.025120208813562802,0.0364114241327939,,,-0.005992631688842001,-0.014292763556925,,,,0.001300269524704304,-0.0032025647868756976,0.012552858039761503,-0.023792254675452804,-0.012803409400834194,,,,,0.043070819364595794,0.015052036437688099,,,,0.0037178001522844024,0.024675896070329717,0.0203159114258284,,,,,0.18320300242175908,,,0.004726943027367685,0.0771590805466175,0.030599021635681473,0.04963599203524582,0.020328138860361597,0.02161510023637001,,0.0037323315444090554,,,0.0168393885880111,0.0172946479282131,0.0152115219468634,,0.04991756000474059,-0.016093053356856603,0.07946625239626608,,0.027606998244010198,0.011644550776425202,,0.013712747806381098,0.010114507246330022,0.05275201693393161,0.0065865543568075936,,0.015977583787035603,0.026800426524668703,,0.009694064828495101,0.0,0.007797943506146197,0.010792581688600204,0.01237535043252749,0.011639603669655498,0.008409435892379033,0.009248404189529297,0.008980342923361702,,,,0.0,0.020099559943940304,0.013596769870184803,0.029270069172456305,0.012047003815252103,0.010552223999234469,0.0215065329832521,0.027867361120051514,0.02051127236068751,0.0132753768510628,0.028267912881956507,0.007123107623207697,-0.0002072750597124722,0.013223384242927292,0.03149949793085639,0.021596937780457504,0.018494967387892098,0.018837318977774395,0.02752239051093641,,,0.0248130934813871,-0.022821144395687103,-0.004096187817355899,,,,0.0302073998258357,0.026498569859203097,0.0049002321517593,0.018351968716804203,0.02616223216391781,0.10257589353074119,0.015450184641866104,-0.012093415402144203,-0.009689669278077797,0.007721166413716404,-0.014804974576262592,0.28084677584592344,0.1396128367220577,,0.019430158454675238,0.0092940062759383,0.19644558246013688,0.010590550898859097,,0.020664999536031903,0.024030478174740702,0.012383651231782401,,,0.011364301711275483,,0.02320713575581344,-0.05105182150757067,,,0.0316000493427984,,,,,,,0.025874187458215892,0.025542885494675715,5.93275428784068e-16,0.011048477285259099,,,-0.0007281508182958984,0.022437664421170397,,0.026347233609097805,,,0.026788029305912304,,0.008302856000600396,,0.0175463626176311,0.01436488806910417,,0.025431437891804,0.020844157691697597,,0.004212148470878206,0.007701839106006324,0.014188462101773899,,0.043265651919149516,0.07527292087872471,,,0.008140602522611194,3.458476380871836e-05,0.013164506463149369,0.010706740394424704,0.0673849456237797,0.005710663146212695,0.0412634743227232,0.023000395822520496,0.0122042743280591,0.01204785400269149,0.011869616203135,,0.009648461416684564,0.0107145784043043,0.020120264225666203,,0.0177244758238414,0.022413999630332804,0.028334261847784793,0.0216027710889065,0.0107481031510965,0.0053603037099525,0.009994465218865854,0.018380242965955307,0.043376867585735904,,0.01215068015032629,0.0038254358061537,,0.01486453943633084,0.020997151083653916,0.0197426978796834,,,,0.017551641539861502,0.0031794174218101223,0.017086637152524203,0.0,-0.0031886652349647007,0.0282887917971184,0.019074424252560104,0.023731781618522293,0.0160198918290435,0.0157673795600028,0.027249129017865102,0.06279352187220211,0.0104809443783346,-0.0310945155459511,0.010760573131200102,0.025188423924793507,-0.0034863265818720996,,0.011056365221799702,0.004837514324755401,0.020373966713479904,0.023196209756576498,-0.016538122518536993,0.014220413094518358,,,0.031287458616835406,0.011575630957782499,0.03216084946733521,,0.025174905289524395,0.0245450313978367,0.020627771051913196,0.027045001934937005,0.014070896390020205,0.021532660701490496,0.0284607333143219,0.011150057185903305,0.025133393954986705,0.047419391489877005,0.013843825344271119,0.0603909890693428,0.027746178680419183,0.021743947690240295,0.0116285489000324,0.020107308283130593,0.015160870743154198,0.007724217273445896,0.0232503346291707,0.020668593658475596,0.0706134370934175,0.0204568220422878,0.016340196807373312,0.025696135411128897,0.0132530414647041,0.022648246108705597,,-0.024440350030794096,,0.0603100185437099,0.030848234220875702,0.0376904586735513,-0.022675920959783893,-0.0055934574475211005,0.023523318723069495,0.0330461719688778,0.027973951218517788,0.011190185992902998,0.0323119279020926,0.0704004598375555,-0.01670482476233,0.0724309172414791,0.06456320515960229,,,,-0.05258457390307401,0.019413806878782105,0.0008939167293126223,0.021833321587612805
2024-11-01,-0.032517924375384887,-0.0211334999674136,-0.04760247408675711,-0.025514843096819204,,-0.0134574283423293,,,,-0.0351138622191753,0.021268742916987896,-0.0410552034765361,,,-0.012585378491173197,,0.0039423246796339,,0.09550509766362443,-0.0290202169449406,0.006843979807951299,-0.05098903937938459,-0.024875452584136,,,,,0.015080714762603298,,,,0.003409459659863598,,,,,-0.011874337210726199,-0.0137483305850944,-0.012620257724537702,-0.002371952783566305,0.014702704331846402,,-0.0745243901952917,-0.031228315469844503,-0.05417351519966241,0.0,0.0,,-0.024720506599940604,,-0.0368344282492827,,,-0.05494545983120941,,-0.012520598987887635,,,-0.0671239334733828,-0.021668528857998602,-0.045957301085127,,,-0.0497201463710116,-0.05422718287982999,,,,0.006476107378077099,-0.0509978921108039,-0.033895131521533506,-0.06541445186992001,-0.0597348855009864,,,,,0.035477045994409206,-0.057799446587725394,,,,-0.018675509428273604,-0.008633147144702397,-0.0190862429407345,,,,,-0.006946665130896008,,,0.003391095692014809,0.09638970491815892,0.012974233890014591,0.042094943542297855,-0.0082685512210428,-0.03603548834185301,,0.001019714568304899,,,-0.009676519835577399,-0.010358796497467099,-0.0058075438928497005,,0.042157118941435694,-0.03715142703190452,0.09624072826627758,,,-0.05156826772801659,,-0.03447210312151009,-0.0214432440489567,-0.031675655373726,-0.06142504053970889,,-0.024319748298621005,-0.04398527845382568,,-0.009222014393934613,0.0,-0.018577440960186004,-0.006762221871942601,0.00040438352283849767,-0.013911172362960302,-0.0263355483378018,-0.017711187792848603,-0.036205691606692,,,,0.0,-0.006949742394606726,-0.0240451898310485,-0.007991822419236901,-0.012540340322699,-0.0129146023029085,-0.009720822848676001,-0.006706511566462105,-0.006862130561074382,-0.011232501270661603,-0.0037900064049897035,-0.0142713011455793,-0.01485624279825601,-0.012614439822438504,0.017075647354295505,-0.005004560035703398,-0.013474112425650399,-0.007742687772520998,-0.006382515398170904,,,-0.046067727145790695,0.005165745451964306,0.026967072800616696,,,,-0.035571739223141,-0.006152644198095997,0.005761663815476801,-0.0072623434480118005,0.0037622539727996014,0.09302607093110729,-0.009939005869072797,0.0327349295446594,0.0647411110908684,-0.012768394784319105,0.040680641774242396,-0.05498213441735312,-0.005290409118910692,,-0.03232549113494146,-0.028245454328994602,-0.033150000296146016,-0.0071525770464944015,,-0.009481509292143,-0.006356547748618498,-0.013735940623781388,,,-0.01230383858859288,,-0.006379606964040156,-0.03274635214777362,,,-0.0068390972140599995,,,,,,,-0.008683896862237101,-0.008600483034707802,-0.028847644375029097,-0.0028752662514676015,,,-0.0030410565757786967,-0.016148895041447404,,-0.03305220147437041,,,0.0017727357948635989,,-0.05139569569837709,,-0.018470152816456278,-0.0216264519732747,,-0.06467639376317989,-0.027551525014238097,,0.004074525757952748,-0.006259448527988802,-0.0046534359805860005,,0.029294829488076598,0.048102711823883516,,,-0.015478723425644495,-0.0549542290752886,-0.025997451459003305,-0.0513493466282538,-0.02626240026412429,0.0010503701132806324,-0.029805414131728894,-0.006910554440352,-0.024072171834633296,-0.016136855951729,-0.007342176889080595,,-0.0262704332715882,-0.024208841774869802,-0.05361062159428121,,-0.00896364545048167,-0.010127783617789602,-0.006896161865078496,-0.009375766277333102,-0.012181345905160299,0.0092134584447983,-0.0044617272556094194,-0.0198857079259786,-0.0791345915654911,,-0.0188657271361663,0.004182912357314689,,-0.01864933819836189,-0.0505751239612153,-0.05611857687452491,,,,-0.0204745756464693,0.004670034732862312,-0.024896237522474773,0.0,0.0355562028037013,-0.0271783210539448,-0.006640608097458648,-0.0019842390591449047,-0.009910487040906402,-0.025290364200421904,-0.04495239575014831,-0.021943662978940705,-0.029872381244849203,0.009508015230719391,-0.05267955862802169,-0.04645954883114901,0.029759299245139096,,-0.024204271106790003,-0.0567117526250476,-0.05381976785091129,-0.007220989265805094,-0.04537996849290779,-0.01973295386762743,,,-0.009892271247467898,-0.0270351877280512,-0.034142273275234294,,-0.00425419413211413,-0.010130462779413905,-0.007216347136117098,-0.003216938383658198,-0.0112231914786892,-0.009520798539415601,-0.007179115573321702,-0.0137794857720556,0.001436516489924402,0.019952314874210994,-0.05601096678347121,-0.01196442327469701,-0.0476396671468861,-0.022045742703293698,-0.012556459076313498,-0.007550683705017002,-0.013901530363269202,-0.014654754433337691,-0.0026341542257626548,-0.0083909108204181,-0.027114560904677194,-0.024362407845702302,0.0060260947121975016,-0.04566714965960071,-0.003281509312372198,-0.0378922578858254,,-0.018077395716613903,,-0.08674866846322721,-0.031407365977389703,0.0179789977690342,0.009070356969963703,0.025273676383850106,-0.006543558968551803,-0.011958400016596097,-0.0157146090984706,-0.035315096998980604,-0.033461640113962396,-0.010703275794968797,-0.047534622345332705,-0.017521342406615303,-0.0020422597625318045,,,,-0.006024803734101779,-0.0361722045861098,-0.045820592283881786,-0.0776087455038656
2024-12-02,-0.023179404630322007,0.03953282558199639,-0.0027530530373731064,0.0110639593847476,,0.1368673820020907,,,,0.2338508950867665,0.21917986450985302,-0.0058479698824228975,,0.0730802383671983,0.10737431773118214,,0.0036936467539058,,0.3256027340338311,0.010879478458109397,0.0119457674818873,0.023193898434128793,0.0106339808882896,,,,,0.0493206198591321,,,,0.06544266699788619,,,,,0.04713615859954859,0.0405162398553758,0.0753683952633563,0.06228645095201537,0.011093762661845395,,0.025075457800743092,-0.027136541435001202,-0.003160758684280906,0.0,0.0,,0.0181101115452425,,-0.0193714808643669,,,-0.004276736078362403,,0.06305278592741201,,,0.0417209985790054,0.0624905233782516,-0.0015482275890239955,,,0.023520247990567403,-0.0237862352272496,,,,-0.019931739282562595,0.0070077371574052,-0.0322955946913511,-0.0422766212196279,-0.08485387884960768,,0.015809603204499,,,0.0976352907980714,-0.034004490581530995,,,,0.0536301041100114,0.06852262606414244,0.04533788603367289,,,,,-0.040412804907961695,,,0.0036327824857298,0.32661052927169765,-0.06874500929705897,-0.0317397911532864,0.0655646884928828,-0.006302806696367103,,0.029623118293945205,,,0.01630579921806832,0.016517282828096596,0.016600563076166603,,-0.031151505104834096,0.00894130282722741,0.32777982287012675,,,0.005928578206620302,,0.010171481966981602,0.005918052783547621,-0.023834476759065193,-0.017428484454166403,,0.013067996933889797,0.024512707346832807,,0.0064227804773982,0.0,0.04999363719356491,0.08512483822771019,0.08491354723717771,0.0855764189642752,0.1049829865375064,0.1022735966195705,0.10570981909830136,,,,0.0,0.06478899076943771,0.011494160733659197,0.060345883689098496,0.0588889763513455,0.057549372707209695,0.0575347172324319,0.05969028229860891,0.06295795871737671,0.06252843000669152,0.0632574838240133,0.10500685283259897,0.0927293617039708,0.1173550450656431,0.12554763321339357,0.0848901626318042,0.0714933192980384,0.06562518875892472,0.055767605408716905,,,-0.0031768979788078,0.08000967875671612,0.1091476020270724,,,,0.0398816685120148,0.0557527766723548,0.006163665868326811,0.0422105385328262,0.0539878241529576,0.0765863659181396,0.01648292797662382,0.12360118965661904,0.1274558814305112,0.10076313539682229,0.13883958624343304,-0.04445176257083369,0.030436144488131697,,0.017772152025142797,0.015030946680191799,-0.03997632850791219,0.0851325503935236,,0.055909133371558284,0.06096473317400892,0.05347221968200007,,,0.016517093935243025,,0.053626932970045296,0.099516177146778,,,0.018593807793513897,,,,,,,0.0521258504756496,0.05219681819161231,0.05459659666215358,0.0851889178613779,,,0.08805426221176288,0.0622882744001521,,0.0451588868773894,,,0.04502145349043259,,0.004087895319667398,,0.004905398335828499,0.006713160128613299,,0.008160748366322402,0.0412561165153522,,0.003930406582887234,0.0210660420489109,0.013602717638071799,,0.14704367772837992,-0.06550062979580842,,,0.0018602349259736039,-0.013190247962656191,0.0119130571206345,0.003916088920757099,-0.020349904605294802,0.0706457644252507,0.07226695156000891,0.0353466858417449,0.0504782828979993,0.010042658897692302,0.0857516794576626,,0.103825388031084,0.0074382794872114005,0.017792827617802202,0.0609382303084715,0.05792310450711351,0.0456344720746991,0.05881621904343691,0.05822941109047959,0.05676470257418789,0.012796642041432198,0.004583380952317079,0.06241762956843311,-0.0783076667365796,,0.018345115542811704,0.004284473592004,,0.0049719435472407,0.0174425402966968,0.0425702111064626,,,,0.047075735424541,0.0045680104986737,0.0397003530102277,0.0,0.022016130564374896,0.0318018431608711,0.1003360315190761,0.12268447685321049,0.0839046109826328,0.0136971778913785,0.025261525491619002,0.1216284451362714,0.053126086798621804,0.08180806487082573,0.003984069014873798,-0.0038317414645496033,0.1084468017811642,,0.007074186222418201,-0.017720842157721295,0.018901743189745898,0.06635616240462701,0.009447959266844714,0.05261072271136238,,,0.08265904590672352,0.0152886805507335,0.041709545299494305,,0.08013932900145261,0.059638900511346855,0.0635455806203071,0.0640121899461451,0.06222243087583791,0.0572211240587057,0.0593987380051111,0.05773415224032909,0.10557786550786971,0.0474665372389228,0.016989238806451108,0.040621951254417,0.001414486236587402,0.0405862506190364,0.016414986464524703,0.0648542738657858,0.0548678691655065,0.10572383824686252,0.06620686387230189,0.06037901485618619,-0.021706951718494495,0.0176789501956192,0.11312970013074261,-0.002266106505521696,0.053036960358316294,-0.0021241953749574025,,0.0263427386079289,,0.0732507872339895,0.014667071304645004,0.066817538891043,0.0752037920332559,0.09944806289933848,0.05259486121309579,0.07317351491189641,0.050365938680203004,0.037962192757176993,0.0408219945202542,0.036850153227281,0.0036699782934153926,0.1214334148873502,0.0780205112673639,,,,0.10690449254501944,0.1001152337412015,0.07684322062182661,0.023410472112410704
2025-01-02,-0.013142063343219799,-0.02690682573501948,-0.0279700779168196,-0.0170565376968655,,-0.06355173874687,,,,-0.021090106310873998,-0.0026820825326653933,-0.01901146617780759,,-0.0414687021062049,-0.0798793078962329,,0.0040146808273811,,-0.05024380667246918,-0.0165982360969843,0.0037873244040189,-0.0512277966968598,-0.0169547806413212,,,,,0.0056608604524562975,,,,-0.0444200038069215,,,,,-0.051005668728833,-0.05009023947423538,-0.0533335177227814,-0.07849809823174599,0.039629390256477104,,-0.09135151416380469,-0.017063445717888197,-0.029921710474602,0.0,0.0,,-0.022470023038538397,,-0.023606808350854103,,,-0.028210155364267304,,-0.026752037270893002,,,,-0.05731308963755981,-0.014042983154229296,,,-0.022313849171999994,-0.04738007767168551,,,,0.1099960013396611,-0.033759112597904796,-0.0397466025020777,-0.06590099209270459,-0.0810075636713967,,-0.022913538273238804,,,0.004864384231121097,-0.005456210384654497,,,,-0.06386076317288861,0.0012634544331473,-0.061669017321327596,,,,,0.018880909526813296,,,0.004876765652272343,-0.040638243513161,-0.0932592692133451,-0.014188706827275407,-0.03455697693065601,-0.07504840730192718,,-0.0674500086703424,,,-0.007769647807734702,-0.00744693212771261,-0.005172201135277999,,-0.014835877565854296,-0.06780850289829721,-0.03990923123596028,,,-0.0334660822575321,,-0.022822258361528992,-0.008058104486480075,-0.017750520318643298,-0.029392520702295297,,-0.0158730937442085,-0.045403064381235606,,-0.0016224941217006519,0.0,-0.044411392441332596,-0.07439747464870738,-0.0695032983825016,-0.0803846772094586,-0.0842327201947856,-0.07105536439839377,-0.0970194589017795,,,,0.0,-0.0307118452913516,-0.015319718917910898,0.004275807512243494,-0.07143610782077879,-0.0716065945664446,-0.023940306102816396,0.006899713194446402,-0.028626369409957435,-0.07103309546525928,0.009020350146692196,-0.0874197671904062,-0.0888891973297861,-0.08790764886532751,-0.0641581221028163,-0.0734111828780812,-0.0759128221195046,-0.0321798281282022,0.018517299666640293,,,-0.027026763524036802,-0.0951931874328279,-0.06974909332088458,,,,-0.08648688399465078,0.0015918967947376461,0.0057699704925807,-0.042297062326579295,0.004421162412494501,0.032066875796662814,-0.008726458542210574,-0.1026417208644383,-0.07784937589555262,-0.0868038738197087,-0.10858603655501832,-0.0188925913321397,-0.08866344500004711,,-0.027076110611574854,-0.0177500965536744,0.008926241615482711,-0.07447702711966239,,-0.014809279070963497,0.0113148339291117,-0.06058527142153031,,,-0.013454298290340255,,-0.001919968303894101,-0.09112569773840881,,,-0.036290840591643,,,,,,,0.004513827253138401,0.004533786519173896,-0.0417138847494736,-0.07869614318647158,,,-0.065034967779641,-0.06481026130641829,,-0.0742362453298614,,,-0.0684683888218192,,-0.03638524294952,,-0.015368108421501638,-0.010716668340809112,,-0.032070200189287495,-0.07774076305381059,,0.00388220108586218,0.0025163951305019823,-0.0041555046765289995,,-0.023725708492556896,-0.0586343043859536,,,0.004454585896892092,0.0020148469681373973,-0.018132356044718703,-0.0346247658410509,-0.010726513861701002,-0.0658571707436931,-0.04760199089034181,-0.0659456302350233,-0.027162301287174298,-0.0078853426348758,-0.07443478276231219,,-0.0843920335279184,-0.012195973196427201,-0.05562338341281901,-0.028534066305039005,-0.024394909447364985,-0.07716981756697429,0.008065928312273795,-0.024490071836585203,-0.070907519957425,0.0042526134500108,-0.0009839725303789019,-0.02950042467215911,-0.10134299718406319,,-0.01547270816426548,0.00446802121474705,,-0.017280293464419,-0.0468369555250198,-0.0658960435202791,,,,-0.028760827589459817,0.004418874017787489,-0.019162129038697996,0.0,-0.0145101246653195,-0.11860735775376939,-0.07710786971303861,-0.0729240476933438,-0.0815531246205472,-0.015869520302533798,-0.0459119163475155,-0.00037378438792640134,-0.0506923535490394,-0.09266188501490481,-0.035692178213443004,-0.0263451825175038,-0.06094914348285071,,-0.0112360146634525,-0.027781227224503095,-0.0567738191923705,0.0005258159679451067,-0.066939634905025,-0.03976872012790487,,,-0.0910634475698974,-0.01563201520816836,-0.0874782087846511,,-0.070660639830893,-0.0791879153175622,-0.02794940245149456,0.008392879373980805,-0.0709287530541744,-0.02363630475896026,0.007614910230823604,-0.07149199607314909,-0.06370751392858309,-0.0007329951593572004,-0.0420568133310312,-0.0837625396197666,-0.027277224850796696,-0.0298598026203507,-0.012935037753000098,-0.030893916119303796,-0.0658664841731317,-0.08771055406740279,0.0044667112844312025,-0.024827799882444653,-0.010434766803995795,-0.022467767427918804,-0.0731891178658773,-0.0291727813729441,-0.0469686596715122,-0.024203825479221598,-0.0590952418193253,-0.1008575917148519,,-0.1604134189778805,-0.1086860060270914,-0.0137042494964919,-0.09240500579478071,-0.0561672353719722,0.005569089961012507,-0.08374035081782741,-0.0019105732964194034,-0.0493852143521208,-0.0905327099444047,-0.0749842299261406,-0.0646145522864474,0.012997093059182587,-0.1906887792732149,,,-0.09005543682540271,-0.0880892227140847,-0.0327645051843068,0.0029664027079725095,-0.10771880382911134
2025-02-03,0.006628027578413003,0.03092122839618226,0.0342976899714605,0.005146691751769199,,0.0684113070623021,,,,0.1020610852123344,0.10920567882339213,-0.017915478217528397,,0.03417662646337379,0.018271910518309384,,0.0034938347583442,,0.07645689820906544,0.006136625447737401,0.0049096176850816,0.00510168003971351,0.005961889409549602,,,,,0.0633557888885215,,,,0.030098377211627697,,,,,0.03413519463227279,0.028900237528533195,0.04605888185704302,0.026012592843087108,0.0009062897122043981,,-0.0011820332345547982,0.02129250065145121,0.04689267226017161,0.0,0.0,,0.016816477362133098,,0.017341991777473406,,,0.0434348113939671,,0.026353601127771808,,,,0.022572106509675206,0.08462533550468959,,,0.017872124766121787,0.0756143590519276,,,,-0.006007187912586103,0.0492114829032821,0.04510158946125631,0.05876189602980991,0.11802980909494239,,0.007037128303309502,,,0.0779368670689896,0.0792276140125101,,,,0.027626686815763295,-0.007710305884615205,0.0190654889774567,,,,,0.04653494802848071,,,0.002698517453848901,0.08280321960204781,0.1388255226367869,0.0656530033283395,0.028838690432887802,0.04253669519758971,,0.0208046996095382,,,0.013512865840306702,0.0137629477682962,0.012938986326420399,,0.0656614008740272,0.047633325992339506,0.0841956036628829,,,0.043405903234660405,,0.006146565962816901,0.005006916537275882,0.014637653233687794,0.062127317150109204,,0.006964624785814699,0.004645065405472106,,0.0061704785061222,0.0,0.08945055914769061,0.03686617866173579,0.037076191336044104,0.036391209901590386,0.027563158929153474,0.016980506592238605,0.0381205576844614,,,,0.0,0.029644850173314193,0.005515733785302604,0.025855876331949593,0.029373187586472095,0.027336671891688202,0.026783574291956908,0.025861834110961306,0.030568463994269695,0.044425928451711005,0.0190660488162957,0.02467495114266159,0.019901754439959896,0.031093777834681806,0.0606106989906578,0.0406771876561565,0.03315388808945071,0.0301177879511473,0.012754628520823104,,,0.033599117074858104,0.01934212206647213,0.06587715271396911,,,,0.018735911057469506,0.000939879138081713,0.006486509229606399,0.0247222891372101,0.019148586833683007,0.02647098896928201,0.013421623731883804,0.05948928897302659,0.0843298967389641,0.0227401787718736,0.0612190160147184,0.06744128079553222,-0.007136735102239203,,0.005786297058915152,0.005547411844073397,0.0325419708719529,0.03637516848381108,,0.026496225575336693,0.013794518832077496,0.04577010387819239,,,-9.385705577250069e-05,,0.019575195257492697,0.02090592201051459,,,0.011699738200046097,,,,,,,0.021403402386927194,0.02134342020147641,0.05522384305821511,0.05589883760536401,,,0.030351674821558303,0.03372272307860849,,0.009162829046602792,,,0.0184955408352105,,0.04337009670009251,,0.012312583403182701,0.004928141390787202,,0.02935901401639781,0.018302341069179908,,0.0035820933825039362,0.0037742785414299,0.013056842055565402,,0.07447368288061562,0.07954592941636236,,,0.005969675399401919,0.012176710575255902,0.006382151698887702,0.04301121669912929,0.009338589267799399,0.03264217776145033,0.02956427810803169,0.0106332924314873,0.039920499230858095,0.005783001963648922,0.03644600486519091,0.0515879567907602,0.02896209449388,0.0064354887819914,0.005331314988597397,0.027478428901806802,0.0265020982456507,0.019920521345840894,0.02582962237744639,0.026622439610954805,0.028149149880622705,0.005496488924634901,0.00890654081620298,0.023731304655994007,0.020323472971914495,,0.001752081043916101,0.0041522551007678,,0.013609456885755902,0.0072072384049489974,0.004911769541333402,,,,0.032644599126377606,0.004212155794339474,0.005948857519772098,0.0,0.0030544737815565008,0.049286917541603005,0.0382149700838816,0.041099039621827815,0.0353940290613491,0.006581013383563899,0.0041369245628252015,0.03946351452911869,0.018514273537314697,0.018943981236007785,0.04337832282144811,0.033570544103038405,0.06405140327718639,,0.0056735302191265,0.0615602445601055,0.005764743040770699,-0.008381764334602701,0.065156702841101,0.032109277734507946,,,0.0463536505306526,0.005718071440957802,0.016367341940255097,,0.04254541676377481,0.025330171139614194,0.0311896694865983,0.019271005266912913,0.0438254795400296,0.0265915644415345,0.025727492942290996,0.028319909273111114,0.06377468268921596,0.07026550825217631,0.0222726356091235,0.027997484543510698,0.0054880576787744925,0.030100784389229553,1.0083080204115191e-16,0.029879349257599195,0.042781090186560095,0.0250938939663359,0.019088647747599507,0.02948320298238039,0.00814115758370021,0.0161787868852104,0.0476917011546734,0.0332112291771389,0.03670348511975931,0.03403412980490281,0.0565082340121648,0.0285686807251743,,0.03664101760068004,0.05390457183574911,0.05594108629745571,0.022851542540039897,0.0629466278076688,0.016476799555776706,0.048804620363551,-0.0074247081992056905,0.0046957380528384034,0.018273136048305008,0.0286552557603753,0.0654149632928664,0.034174884495741104,0.043953649642167796,0.027742002417212308,,0.05588485794974881,0.0134320857892745,0.00825830519236731,0.0012067579903719842,-0.010548002865651595
2025-03-03,0.013804633901667206,-0.0029749629411792,0.024520899206698702,0.022127097850870598,,0.0256420072263733,,,,-0.1221667353397275,-0.1177622786482979,0.0216862217502396,,-0.020141667814768505,-0.05714046358011719,,0.0032295040407181994,,-0.19093180880185548,0.021819545385320202,0.0010347777857354,0.043529960462346,0.0213308191341205,,,,,-0.0222879617034316,,,,-0.012988746076490502,,,,,0.0101889744229735,0.0009619861109932005,-0.014370725479644601,0.024556850626139902,-0.016532321552956017,,0.0748891149842324,0.011404755291901901,0.029102912059061497,,,,0.021086170402650296,,-0.0331561902936576,,,0.024103539871947695,,-0.018081743827324998,,,,0.00024257125649570013,0.04074113650111661,,,0.0023395243892128,0.04265207198294029,,,,-0.012517276674417538,0.039371912488292596,0.03095724595826839,0.012886776276356017,-0.0493627718205038,,0.022259751948022797,,,-0.0650255539001507,0.0365457885916569,,,,0.011672855807517604,-0.030606445562764793,0.0187087862174782,,,,,0.09960551133117969,,,0.0032495866967836105,-0.1882838301349692,0.019319360402636807,0.018052346204827603,-0.013246351451903995,-0.002374984623410201,,0.0518515053360014,,,0.009663283486622199,0.009231115540172401,0.0047306264305464005,,0.018737666445083297,-0.011825013556234505,-0.1863149643060046,,,0.0217431806571989,,0.027613885260906898,0.0170332518777963,0.008456312723719396,0.0424362897301252,,0.01970017152208329,0.0356804638179404,,0.0099348360188822,0.0,-0.0006270575530751953,-0.0437910795130015,-0.031410453800367194,-0.057058612195633296,-0.05778439195115541,-0.055461230277771015,-0.0600026152031099,,,,0.0,-0.018511288439026902,0.020844393749448197,-0.0316133589509211,0.001467197915682698,0.0052368119272404,-0.01268220376473626,-0.029413885206293497,-0.017523795171750033,0.004279349677179694,-0.03660022156838637,-0.05364784613307538,-0.03877894056345729,-0.07013383883319459,-0.0589552652437964,-0.028757559295052797,-0.0181137027991472,-0.018931523089015755,-0.0336714904914151,,,0.0183969844135239,0.031358501663975615,0.0024523288261493158,,,,0.037162067436922006,-0.03188002617072058,0.001491510523618611,0.0129828466270939,-0.018348954328234898,-0.0630285847030793,0.0092724292307117,-0.026507576119878903,-0.021322769468820803,0.0381758122738703,-0.033117183132698194,0.08132066311902819,0.006155380754589795,,0.0234305270053217,0.024006038168556405,0.10146946016485961,-0.0430337567381062,-0.03045673345888689,-0.014112021688186299,-0.028490959698504195,0.013520904804070723,,,0.01318377853083662,,-0.014636743074831603,-0.0389492306550141,,,0.0068210993168398,,,,,,,-0.027406951907938997,-0.027014017465154874,-0.04397441760466849,-0.017257101110777197,,,0.0015044060434601988,-0.005865768575644198,,0.0366074527546652,,,0.0251920365108906,,0.024035930830102,,0.024496337892383598,0.0199585101227931,,0.005102051883895798,0.027491376879106497,,0.0033170858509274335,0.0073335779566085,0.0084227806459066,,-0.0864660569901385,-0.007039803800772609,,,-0.0455587926978458,-0.04505625543017001,0.0220210548682842,0.022204631402727406,0.0033509504226334995,-0.025800645944733806,-0.04984756235641919,0.0400220410793931,0.0075687615870902005,0.014452055648576465,-0.0430503216604397,-0.002401922692000045,-0.058100237228604405,0.019299463207345796,0.05024261034926689,-0.016064051076148,-0.01277609351488964,0.021973978316144102,-0.0293625908935803,-0.012936423210636297,0.0045523599104604975,0.0004439607485047997,0.0122873500922372,-0.018808823635890308,-0.043846781542062806,,0.0138336133140073,0.0033025903474401003,,0.0213426924139014,0.04517452823270557,0.0553817451222223,,,-0.13237144595287137,-0.004116515511839565,0.003294131358576578,0.020517557240224502,,-0.004074708524022502,-0.004062362769440506,-0.04947338100514501,-0.0650206861821778,-0.03736387589878408,0.019110351704713646,0.033716515078442894,-0.0850553781847785,0.043528587064562904,0.023739275691239896,0.0223749558079254,0.020505844792683896,0.0018254697715773052,,0.0189330211568388,0.0392207131532806,0.0502031278283675,-0.029843625725900404,0.003980691556268599,0.004489954502411101,,,-0.0263518356716732,0.022839304269370902,0.036328201884794506,,-0.01867775677155962,3.9898639947466563e-16,-0.0179306298051087,-0.0370466466614244,0.005404148490572906,-0.012731379792110508,-0.029257729357671798,0.004468165238529501,-0.0393272040705944,-0.0373840947064296,0.005765287074098999,0.020087265690688198,0.0012154889497868982,-0.004138393590429704,0.013143877622388788,-0.019068804178888406,0.0080602414787426,-0.0537094492763673,-0.03063048899738283,-0.014724281395196492,0.007404948006577997,0.020801234443851704,-0.0590732061913814,0.0183789836236547,0.012687381628556498,0.030016278707106707,-0.053858268597296005,-0.043672173066104596,,-0.0668536220410577,-0.0004505519337306037,-0.0037185677451663044,0.0376219917895841,0.013700166043919503,-0.023305506549499,-0.014708289034896602,-0.023142687828087524,0.050609343149407904,0.040918561561997906,0.0170596116897715,0.013928555132004802,-0.0723335837857909,-0.020443642145814005,-0.052520939440244205,,-0.0668735322768504,-0.024523053322945403,-0.07919156428753879,-0.09290904473728401,0.0821024406365463
2025-04-01,0.004469432509447504,-0.0374379780853315,0.0023472069998186993,-0.0002675243011207992,,0.000577756395465099,,,,-0.0856398586346773,-0.07225116580480229,9.519295074422729e-17,,-0.0590037463262066,-0.0593392787924597,,0.0032677998876804995,,-0.02766268644940089,0.0027752028778888996,-0.007304924613394502,-0.012569455527320198,0.00012194447671859854,,,,,-0.048118744003372904,,,,-0.0303582682745705,,,,,-0.032137724120424614,-0.039887712380279,-0.041187962114172104,-0.020114729016773393,0.014628163567265692,,-0.024860665119185804,0.01127615215770299,0.0018369976386249983,,,,-0.011563523995465001,,0.00930069620443319,,,0.002819493133511604,,-0.06072102982192439,,,,-0.0117103070319364,0.027616245782206113,,,0.0013135811565524892,,,,,-0.0677846158641733,0.011542203027616197,0.0086717137816172,-0.0115905998149096,0.06968390876135862,,-0.0012297098756828021,,,-0.10331927100688988,0.009060096278506999,,,,-0.0163764280675518,-0.09693967844856702,-0.010386313956788207,,,,,0.01716659575358321,,,0.0032988683219255426,-0.02185547608079868,0.14613417064116432,0.09026635159576779,-0.05791520293686989,0.0318840641409099,,0.009963712085600698,,,-0.010903522708495499,-0.010831752416645598,-0.012399039456826997,,0.0902855111886385,-0.0680479400628469,-0.023018649104890595,,,0.0011619463907164085,,0.0034070122896428,0.005502256317234602,0.009868807402161707,0.0036642279505938007,,0.0003363479386304005,-0.015102063688236897,,0.003954119087564689,0.0,-0.05722255442739949,-0.05597149804745941,-0.0446974870827409,-0.06578228667812519,-0.06369630632059942,-0.06600354310784269,-0.0598063919487442,,,,0.0,-0.06096553937900831,-0.00032402581138230024,-0.08503641107539021,-0.030100818994741402,-0.030219373288724993,-0.057524932327110104,-0.0848778357904576,-0.059395351221801486,-0.0281953471367122,-0.08765681104841279,-0.07098429677647769,-0.0616290481352529,-0.07849406047399621,-0.0766836590869619,-0.0472559852183667,-0.0378840750808432,-0.059561342803151486,-0.087126268159023,,,0.0020074569402824026,,-0.044685283375506396,,,,-0.023649792119753398,-0.09592614027704939,0.00037175407980509956,-0.0333909684243736,-0.06915908124267889,,-0.013454596754723002,-0.0723650229573168,-0.09693932927607582,0.0125220878268201,-0.08139544702233631,0.028473742320804886,-0.0487901641694324,,-0.004649752242494899,0.0002126330642785979,0.015188289745434208,-0.05639082430101158,,-0.0639653698116347,-0.0902046393910536,-0.023018609059476194,,,-0.018401682040838998,,-0.0672271107657313,-0.016121446601588308,,,-0.03032565712903888,,,,,,,-0.07892625396872308,-0.07921156349654251,-0.09261020940047379,-0.044553046642880706,,,-0.0011579947002889994,-0.0346182952518103,,-0.037034406405702,,,-0.0116218650747526,,-0.0005054334199082935,,0.0072803483854886,0.005001960242686399,,0.010284087157491212,-0.012981902568004898,,0.0033155082679219372,0.0043971462054972,-0.011707722905389899,,-0.14091383749730832,0.090449472675849,,,-0.0959676971200735,-0.10139394045037732,3.832572651697383e-06,-0.0005491488331308952,0.013038661006352809,-0.051161281864825506,-0.1025925676618741,-0.0033618865723342058,-0.05484707622287491,0.0019003917216455996,-0.0563357785070398,-0.07378307289964961,-0.0643754736889115,0.005400902633316501,-0.009032439091725103,-0.0573213628613152,-0.057333547590507204,-0.009090837162968,-0.0846364813190474,-0.0575904770728974,-0.030580488671502995,-0.0074922823657333,0.008347562069332964,-0.059286549932421495,-0.06019967347989331,0.0034613446550067,-0.0225486342880652,0.003059659276851882,,0.006774175749345899,-0.005139848452665394,-0.012136581957368603,,,-0.07883376132439668,-0.04356011475237839,0.0029938033267315157,-0.0030168495066734006,,-0.029347868382134806,-0.035743001510821305,-0.064938632906208,-0.08101491305843803,-0.053346823713421816,7.240632164550093e-05,-0.0143647211297449,-0.0946976304142716,-0.021949467872364892,0.03157009158357241,-6.808389260540455e-05,0.004060200524479496,-0.049893517086943895,,0.005447181685067699,0.004222985931305002,-0.009014386627964704,-0.09716309334685189,-0.023001015518585403,-0.04123203395834481,,,-0.044243844415039604,-0.00046347946220830075,-0.02610431122988539,,-0.0404863896404073,-0.026442254094981,-0.059646122583381686,-0.08812767609595279,-0.0288679638377144,-0.05770434810129309,-0.08513569745898969,-0.02991318165406919,-0.059196527512492186,-0.0737503057809241,-0.002665154711007595,0.0034782987847228027,0.0030322743615195016,-0.035801276021567595,-0.018017488807909203,-0.0603211674817066,-0.024882580554984105,-0.0706595218692658,-0.0886582565841805,-0.059472727526492304,0.012796538959790394,-0.0092032204487446,-0.0831555599117844,0.0038091558643972056,-0.0321124637909716,0.026086760092590797,-0.0329536389215931,-0.0896305548490165,,-0.04217546499050542,-0.022464444939730197,-0.053034953676164516,0.041773652990817894,-0.0429250260301467,-0.0734004966205174,-0.036337470973389074,-0.0847661467933073,-0.011863642767276307,-0.024307055920150596,0.009294160881566399,-0.01597213835200087,-0.0842651890906855,-0.0358178361551786,-0.046305569028293705,,-0.06886092106378339,0.011817464053566906,-0.06801128229171588,-0.12048943371610271,-0.028624494574837907
2025-05-01,-0.0025708694222090975,0.0051418401056237805,0.026691976096814396,0.0042912159797662015,,-0.07390065381567229,,,,-0.007966921268439498,-0.0056733560741179,-0.028633374353225695,,-0.019125220935769304,-0.05372949644907139,,0.0033998430862862,,0.12834733840230472,0.009259775278266305,0.007050246445803298,-0.0111163892129552,0.0039482252251816985,,,,,0.054668544198797506,,,,0.01306969662887909,,,,,-0.02690450993005272,-0.026767991693252613,-0.03227569224572807,-0.045007024709452115,-0.0139836853421315,,-0.029675000505340915,0.0013720560121810018,0.03628461473252081,,,,-0.002568637763691796,,0.02951121789607989,,,0.035947850912886506,,-0.0068315834235367105,,,,0.04087107307048439,0.06296973460090259,,,0.041008674877356995,,,,,-1.096345236817342e-15,0.0166736693270593,0.1114838022283953,0.039014292032108794,0.04500665022032448,,0.0028200532814001036,,,0.04001680886525771,0.033258080586695715,,,,-0.014382270380810198,0.0131824010712678,-0.017647516813578613,,,,,-0.056830211401740716,,,0.003430919196098074,0.13070786133691537,0.0640353491033197,0.052824362975234185,-0.007660077579530173,,,-0.05098047396130149,,,0.001164990315455798,0.0017108186781829978,-0.0020546406739675774,,0.053013320400164696,-0.010374189237638288,0.13377169701123415,,,0.03886333496518291,,0.0104911389031833,0.013459010815623503,0.003698913039256204,0.0392846538163678,,0.0032439968192598664,,,0.0059727235345735236,0.0,-0.006667802666867089,-0.024988286117532413,-0.047200348666237,-0.0037293276305195846,-0.043387361890786194,-0.05981708993593029,-0.02884580347353981,,,,,-0.008395111033856897,0.002861725823743597,0.020175952159477782,-0.038549143279361,-0.038238930593783305,-0.007036622894118199,0.019416014243491105,-0.006771259577408107,-0.03180356047341929,0.015662242456990112,-0.023482757763123904,-0.041793897759862905,-0.007778777339660371,0.03183114874130829,-0.010873526350978184,-0.02589401668958149,-0.008822331092258186,0.015149666363628932,,,0.03005517228516665,,-0.02068205685842782,,,,-0.0217491680976587,0.016874760574305415,0.001347826018436399,-0.020340925357412207,0.0018881613824557814,,-0.0006221572813456021,-0.044992625646934584,-0.036172948735867815,-0.056585211517842696,-0.049027659387658615,-0.08391729098097453,,,-0.0027254628174308584,0.003628225547820204,-0.051680366194202305,-0.02405549085983488,,-0.005427354174328305,0.02098393536094279,-0.04055037664612929,,,-0.0041312112531231,,-0.007560912191718694,-0.2261811220667343,,,-0.012422059817351998,,,,,,,0.013871610308817204,0.014555249632849408,0.025204008008511157,-0.026308197779213505,,,-0.0429221951499542,-0.0238934169367731,,-0.031983045853050514,,,-0.07962553194711319,,0.0381896147476777,,0.001468288166271101,0.012710831045778997,,0.04568971238336601,-0.0347965519388335,,0.003640869412407378,0.008089517213426399,0.001411470462166299,,0.017838572880845303,-0.045890210469641604,,,-0.0008988764650177845,-0.023279995456108413,0.0036775968484875016,0.039051683593834895,0.0005078720271684068,-0.0350484120986025,0.01156082240107549,,-0.0028681429579426087,0.005529948948314901,-0.024526545880015592,0.0218073847664813,-0.041578741363203706,0.012679925601600696,-0.009895936181755587,-0.009900339454620006,-0.008707963062961687,-0.05527294862056801,0.020078275039624793,-0.008552281815317413,-0.03669404688944352,-0.0019340926690921975,0.0075392455155916995,-0.0003482803692156206,-0.07072967573511899,0.003467736465100866,-0.006082258120796697,0.0030168265373055,,0.0012561146883240425,-0.0072094930265796985,-0.013733403864560598,,,0.08686593302166201,0.007155432858578902,0.0026973325001070215,-0.0014906456496566979,,-0.040398701733996296,-0.017794158887181097,-0.025578010076048614,-0.015248529502205375,-0.03445886569581512,0.004143629298796901,-0.013960320221244906,0.00024573798311290466,0.009279542570341184,-0.1475168589953559,0.03934933878854661,0.027318772078755202,-0.023373068404870283,,0.0128550421672228,0.037735052789181496,-0.0098386208572833,0.012950915102921092,-0.033962774025506,-0.015376127567454701,,,0.0011304454350910846,0.003748724166898007,-0.024711941250772095,,-0.009830857671758586,-0.030804750655672602,-0.006798445156908176,0.015824130042970203,-0.03250717155220681,-0.008147361044982005,0.01857198352833249,-0.03880166854712521,0.017263467192794413,-0.011522426518364291,0.0414952428584256,0.001053247610531485,0.040849675798024385,0.005590210214851083,-0.005786648893797105,-0.007376873097901912,-0.036912391766760595,-0.02384052686547497,0.019944327572838025,-0.006792655724234312,-0.00022097005945690687,-0.0018213287153731007,-0.008218984799726586,0.027947198347202884,-0.0360000984532394,0.027043147336307704,0.061952567957230004,0.022555055515086297,,-0.022965518704688093,-0.024727505034416696,-0.010526961562078089,-0.1490623346553994,-0.021305462472121096,-0.005228770082798329,0.0011437722852769535,0.016713480973740237,0.0019571871691054033,-0.013229296968497,0.0007607455673091885,-0.03868116967065329,-0.001013376657456511,0.006409137124984003,0.009027197089606987,,0.013706618182916483,-0.17368836613957991,-0.005660803272400392,-0.039677060726666186,-0.031870889662360506
2025-06-02,0.0481383430809168,0.0553665329079153,0.0434664316987623,-0.0060763001090427,,0.010060038215011596,,,,0.0006416679935556885,0.0010639001468678425,0.019939310896638394,,0.060683034737389493,0.06468225853715429,,0.003619872605592,,0.10081950979897504,-0.004651120790020001,0.0146183351175511,-0.017190956477362296,-0.006751546427598704,,,,,0.07635971820760529,,,,0.030270234464948396,,,,,0.0322318290108284,0.04068578802748309,0.0405808838839924,0.0214995759434218,0.04525577708640605,0.06706979397120971,-0.05108516420522399,0.03943163170434941,0.046793510009853295,,,,0.0115688582062822,,0.04311756001889208,,,0.04525241134437081,,0.06320586942871291,,,,0.0574462928280781,0.06090760204694141,,,0.0369674522502787,,,,,0.0982162693380984,0.046663169310607204,0.05464907573995599,0.07605101495953209,0.006267301620392102,,-0.008370092918836298,,,0.0828797963468679,0.050946567618104205,,,,0.0288905264122146,0.09908051085651401,,,,,,0.033113684784424,,,0.003250219908940948,0.10472748916405879,0.0329148717732359,-0.000559790587086109,0.060042894500860186,,,0.0102857555771147,,,0.0173780804508568,0.0118638444905155,0.018118937123292905,,-0.0001608622218549939,-0.0391511943183889,0.1054352652467383,,,0.0490427884719037,,-0.012455229651060402,-0.007281462961441083,0.04547057866640431,0.0489728292535091,,0.0042571822484094995,,0.10291745607955066,0.0029607470882445997,,0.034520192858457095,0.0535399341502283,0.045193826799146894,0.05987992244551089,0.05100862389172481,0.04180604514328639,0.058521571619655995,,,,,0.06177621704869391,-0.004115049086284699,0.0889310776180202,0.031481207587170504,0.029860980280686497,0.05947270594346911,0.09015838334041379,0.061761175249208704,0.0342453048788971,0.08524905363275269,0.051070032270483644,0.040799894828545,0.0614525180218897,0.0917135262926462,0.05558590986545751,0.04289560684685533,0.06167592376293779,0.07949659725943453,,,0.047107453947077604,,0.04864368631532872,,,,0.009031565401993598,0.10252094914974798,0.0090096222457065,0.01777040985976784,0.0364525427066074,,0.0181857950455266,0.049514110365780795,0.0804238197632128,0.0333536160385786,0.049555224686099006,0.019741541807018394,,,0.002075629692134202,-0.008740545357999095,0.022206119201292007,0.0522222022967063,,0.06513435437804818,0.0880992462991294,0.025614805583218006,,,-0.005713429014893199,,0.0703139722326921,0.035615697619348685,,,0.007454440073714599,,,,,,,0.0878120182461499,0.0874580477050296,0.0821538202882476,0.054104142075153606,,,0.0241217725713956,0.0421974227858977,,0.018371865682663906,,,0.013464331123558998,,0.048442519458821595,,-0.007394453245531597,,,0.06025303575902219,0.02754746331155979,,0.003530514161770349,-0.0025408863100002,0.015091714099783701,,0.0978663760428085,0.013423020332140196,,,0.12641244577467042,0.1086514392711264,-0.006940242217544695,0.050222991231048106,0.037128968912633606,0.0503492570539025,0.10460236550778938,,0.06084690825565439,0.0025257126480087997,0.05360339936956732,0.1079478392227771,0.0498856545108691,-0.008371961317677003,-0.030275440742435603,0.06022271713232999,0.060949162504064,0.014224990931347702,0.08964003286565879,0.061418244021791704,0.0290281616828288,0.021087591755004916,-0.0025854672385443008,0.0604863003725482,0.1309293492150123,0.003465203127246704,-0.0026623695596268,0.004070925884463844,,-0.006322958732919616,-0.025567272476572995,-0.0326184576314974,,,,0.0568811017486247,0.004162164171267488,0.0024410490444687974,,0.0014582576408449996,0.027229931696841497,0.054206004144692205,0.06199960958705489,0.048795455748676594,0.0031405156867735044,-0.0012131933816634027,0.08884227049612968,0.016613915434641503,0.0202545287052903,0.049987354066999105,0.045316211468813795,0.05151604397509937,,-0.008264607019286597,0.0514578673211601,-0.029871220745995204,0.09857258291591964,-0.048604554759478606,0.035482949057082595,,,0.083417116519923,-0.008313887677048305,0.011145626214915296,,0.053485430881364905,0.036209329737430296,0.061077115788959,0.08671961914656873,0.03577297427338019,0.0609223071421698,0.09123331534389592,0.030186566190056496,0.0749054501003974,0.08284427733661702,0.0446647275331463,0.0343186430734686,0.05861981940028779,0.05643869616698169,-0.005376262991558399,0.0606548071761069,0.0290664793191022,0.0524418409046141,0.088125421327561,0.0625927616164491,0.037944931564124304,0.010422900654810403,0.07022905958393919,0.047103508496543794,0.0364652507990169,0.043929036918089893,0.11230871213917659,-0.0463879884141324,,-0.004657078696447897,0.0289057840936121,0.06057531336742179,0.0125912044899508,0.044130706650837195,0.07285898679183249,0.08470979220423289,0.0951542938086339,0.012146390070882602,0.010357794636473305,0.0375619334393691,-0.0573552514558337,0.08051834306509649,0.0644276010553763,0.05210500470566418,,0.07490041427881769,0.0768205240329581,0.1000626639968395,0.1362678503304864,-0.0620552046355564
2025-07-01,0.0714961922406647,0.046880065774659294,0.038266047585480405,0.0144569989269746,,0.022561238427723996,,,,0.00013132718798972972,,0.044550796985374494,,0.04586842985040469,0.0379564031716292,,0.0033452973236784995,,0.02352379266941911,0.015590429882987398,0.0084390780094585,0.02752705190011181,0.0150639117717603,,,,,0.0522258047767207,,,,0.03759103505764331,,,,,0.0341827362093271,0.0376133210371019,0.0440729283663384,0.02181844077731391,0.01711223966725685,0.0506808893853867,0.036774969425717494,0.06755305793387699,0.023620644106809602,,,,0.0265370722148791,,0.07529034270555371,,,0.0253725206841096,,0.0502899893759562,,,,0.03386994177543,0.024449742820011503,,,0.0194518316747075,,,,,0.0915194642459544,0.0152410048569657,0.024407698745542692,0.1688160656358214,0.07655992928521789,,0.0118734904150157,,,0.06968795894473209,0.027350873953979504,,,,0.0019317811792135993,0.0902306696633782,,,,,,0.0628422023437933,,,-9.984523996207157e-05,0.028214662974379304,0.027457668871726702,0.004043198644424088,0.048109158956768296,,,0.015310046715108501,,,0.018213709262275602,0.012537640384134203,0.016447963407048,,0.0032123381301837044,0.038598031397807604,0.02900675729302692,,,0.027782738767186597,,0.015905118154836903,0.010667471816019401,0.069271967908089,0.026731900355954498,,0.018608763549937297,0.028970465137389902,0.09065966283568251,0.00960451531211,,0.012951197838221701,0.035564942822951195,0.0379045975422836,0.033944440678488196,0.0401514568222842,0.0427898786979419,0.038931570394386696,,,,,0.0510210426504103,0.015160841002189802,0.060821779600633494,0.0367499216628467,0.0376733080919944,0.050497519750903504,0.062156613840835595,0.049224704199590505,0.033695233504183006,0.062022885357543994,0.0536816632690535,0.04939111691973621,0.059640591804826094,0.04325726214417128,0.036198404720721604,0.0346121461795923,0.04960750052307739,0.0621979586870021,,,0.040178374440251505,,0.0449055335719408,,,,0.007644527541657796,0.0911922727169977,0.0043415708290363885,0.025743863421819398,0.0883572758831941,,0.019682323347744224,0.05372193945561389,0.0936095956502996,0.0128412348052692,0.04991155139350271,0.0474220355266112,,,0.020623945296181497,0.0168218279557054,0.051948425304183095,0.035114284457483866,,0.05329398148454551,0.062107906877564706,0.038243774213839496,,,0.008708815237266736,,0.0560923650143698,0.0611023945360137,,,0.020570764665024104,,,,,,,0.061891075707232,0.06202699707665094,0.096612535747803,0.044236833799181294,,,0.0399240278772613,0.0336876062744199,,-0.004571016120598896,,,0.022413322920302705,,0.030882000325804203,,0.010313885843124322,,,0.0435108442640849,0.0144900281178262,,0.003361264758895554,0.0058343347725565,0.016145554663347307,,0.058135737116586594,0.08953596531085553,,,0.15118486800816172,0.1546128761811971,0.015575977814405,0.0338735097008105,0.057179573503839,0.0634350733241993,0.1057395049228217,,0.0159777784051609,0.013314793113380697,0.03551370113457789,0.06734575315373109,0.0402049314403534,0.011973840523803,0.0252831405461715,0.049239527305040706,0.050116641447178895,0.010845950551156103,0.0623564745335707,0.050275476462997494,0.0371459686941326,0.0110885358789976,0.004896367518740132,0.040454276923133296,0.05736447194906381,0.0032090347303641224,0.0079316097679394,0.0035432830426795217,,0.009349504225809,0.0223836844821947,0.0263209897382273,,,0.19262959139904343,0.044102702982410896,0.0035325997239001113,0.017605947499261497,,,0.026127582684355898,0.041115951924067,0.050054657075202805,0.036069306580402104,0.018606314184505597,0.029571403958146898,0.020002910087884594,-0.01935831799049051,0.04981557863999591,0.033384062561225294,0.0372527916098973,0.03908082647136729,,0.0120171782770672,0.0242825986398057,0.024561949892448802,0.09077611593546162,0.022537727908620908,0.0377330676268942,,,0.04142901249799331,0.016561072871023395,0.006868060825090595,,0.0351678998489344,0.023961287682194105,0.0496871101947394,0.06158755742777951,0.03337863828387609,0.0504179205888581,0.0616475062186124,0.0374805857206192,0.059888102675628496,0.0729502267073637,0.042048764852070694,0.0044189563223240025,0.056886805529233093,0.04569109693384071,0.0047020428040405,0.050330501811804096,0.036174769679209906,0.052664001210026304,0.06049510313648719,0.048548342727103,0.05392453941959301,0.024563511677451102,0.0529584712224595,0.0388696062682706,0.0393357060664805,0.0262889902612513,0.0984917183980737,0.0462355177573831,,0.04626203249451011,0.026791427771892806,0.07034573979594769,0.05600521825334061,0.030673735954863817,0.05849766312738079,0.035374803334350904,0.09553426716042851,-0.015949171770920298,0.0014293813435454,0.0104500577535213,0.0208378203112694,0.020491419950761005,0.11332637240238992,0.010987949441805202,,0.0367293113257421,0.0567759865054292,0.0174296138983801,0.1494983116205948,0.03891659956749471
2025-08-01,0.013106662703346691,0.0105198989973803,-0.0112212398554076,-0.0026354327288851003,,0.024462960512258797,,,,9.695423047712146e-06,,0.0303974771843718,,0.02236264236842911,0.014277393634036194,,0.0035634114279740224,0.08031837962566112,0.0781387041143067,-0.002490712922499498,0.0061658013204745005,-0.005728114642054301,-0.0026532826722154004,,,0.02747425555224791,,-0.0389878744247986,,,,0.028039318973463404,,,,,0.010888270581144196,0.017278400352479496,0.0019496764855401966,0.0167255448264659,0.04358006729682799,0.027706616115188005,-0.017534620938908896,0.006611594332312903,-0.021141480426090098,,,,0.006797818481415499,,-0.005080989019345101,,,-0.021983888175303504,,0.021496769879003393,,,,-0.000432994161345201,-0.027799537608897695,,,-0.018171305564095998,,,,,0.0165864203290638,0.002263297835253997,-0.0069594315688101035,0.014247422687158996,-0.08308024526616119,,-0.004820342374839899,,,0.016570082341813043,-0.031635291158467506,,,,-0.0007704584608742003,0.04229337879870201,,,,,,0.01832935412190511,,,0.0031816530897203817,0.07874515514704429,-0.008100333587977494,-0.0061534605723604,0.022080988378818896,,,0.009428823304212377,,,0.0013683121312487996,0.0010058453618397006,,,-0.0056283818277894,0.048221630425195505,0.0801809359640612,,,-0.015773406754591497,,-0.005948858847391701,-0.0036872148950358994,0.004985055188918701,-0.027877437072300698,,0.0012398059356102,,0.031456573578022895,0.0012269212792211993,,-0.0482395495019889,0.016153889852715597,0.0086210903367331,0.0222823196386082,0.009017686467014199,0.013676280047311147,0.004873852110358904,,,,,0.0225518416741448,-0.0017061993108298005,0.0338616572628881,0.008104027934099594,0.00795111222535894,0.022297467805557324,0.03393182672450314,0.022681594817543393,0.006108064672155503,0.0366056662172126,0.01654525540359479,0.016533458494961108,0.014895850155647594,0.019565065359272004,0.018742470221126403,0.018222543151709587,0.0224247382018618,0.036093784111652503,,,-0.0084432533799743,,0.009541900150363327,,,,0.0011600317673119039,0.0453572019149612,0.0051977454412430995,0.0004821891467773993,0.0219270742190763,,0.0016520717722172998,0.008215799026117802,0.026183113477144204,-0.0539928275788255,0.011218200527415992,0.0318215182672788,,,-0.0009028658642855978,-0.005223832246904402,0.041417098717336,0.01600594541768669,,0.0234643218215169,0.0385198682755673,-0.0042008845433676,,-0.011821505024881494,-0.0031680802096938888,,0.029780482049096103,0.0566806411203694,,,0.024055742586465,,,,,,,0.0239477704987203,0.023800805870651406,0.0069298399718721974,0.009675704004615898,,,-0.018297787439606604,0.0103457692638875,,-0.0073893243547089975,,,1.0061396160665481e-16,,-0.014126459567178494,,0.0009560273578619008,,,-0.0037218321272417007,0.009021294083557906,,0.003750823698824986,-0.0009162655767647996,0.0034761827256869996,,0.011931170381243706,0.015424470325631608,,,0.034883570771362504,0.0055563821853575335,-0.0029677759643617005,-0.014177578600807005,0.006297396904643008,0.011447687793185793,0.0526253300371409,,0.0016825578843246963,0.001038723927668501,0.01587190119353771,0.0282276806248666,0.008880637939039399,-0.0038596829005071993,-0.00911172593447219,0.021401080982484805,0.022770258864278504,0.007277881636986897,0.03342584755466779,0.022445341372562495,0.009318314074224303,0.0078815593438407,0.003142084363210761,,0.07151935227891172,0.0034678695395182887,-0.002297703746522999,0.0036040780441314703,,9.23771539567003e-05,-0.007440991461533501,-0.011467692778155403,,,0.014072126803236905,0.010103469404695,0.004013376168739214,0.0009459897651329231,,,-5.132811498619917e-05,0.019100741611821397,0.01948821800067081,0.016578898850322703,0.0009769644057303999,-0.0021449077278528988,0.019785309554586197,-0.013237920840635405,0.027571395022422902,-0.0139541255651045,-0.009266244750616603,0.0037635296108361757,,-0.004398735788309899,-0.024160496124936107,-0.0090964174533286,0.04017530131984751,-0.0280121210604711,0.006768462525564803,,,0.0347723831605901,-0.0031929005884313993,0.000897867624853204,,0.021774569247350502,0.017360291324703393,0.022914259522875804,0.03782850751643453,0.006900208654052302,0.0226109454395605,0.035451265666779905,0.009545730791656496,0.023595097078304365,0.02243257620737127,-0.003168802164066402,0.0482747496203634,-0.005297136271834399,0.010911309646987194,-0.004392538417652911,0.0226417401305395,0.0016959696529360007,0.0171643884326259,0.03756120948196119,0.023418002392870903,0.006850721937337304,0.007303136461002301,0.0258171384379338,-0.009014309367732794,0.006132235788413197,-0.0016240868083536005,0.0262015550342844,0.0323890937241124,,0.0333231151632549,-0.0009115770913836994,-0.010373344847968303,0.0279087881170762,-1.0234868508263162e-16,0.033779983186083204,0.029982548347644463,0.0368272943654362,-0.014805869220763102,-0.00024145840996219955,0.048055140248063004,-0.032881327367986796,0.018780750745982497,0.08686260067454397,0.02839988168773871,,0.0138199458744315,0.018508108543739504,0.018004601583394904,0.0338820590682519,-0.0333515828866815
2025-09-02,0.02547608001242859,0.0264252278095363,0.040330669060377494,0.011806702356104202,,-0.027742996253309407,,,,-2.518903998367969e-06,,0.1181352103386636,,0.028965366750817498,0.07743386196187517,,0.003702643326827822,-0.07555079014218899,-0.079310524532867,0.0151838200293191,0.005429285039145901,0.005191294438608399,0.0114445907310869,,,0.0219307034939691,,0.006171589224691302,,,,0.0173545392699209,,,,,0.03481388289971,0.027625751937317897,0.03348799507182219,0.0491955755353155,0.0415991723320895,0.022429196309166302,-0.012164288880272297,0.026418931344170005,0.044253030480909394,,,,0.0177931790088226,,0.010293859207878004,,,0.039537944082432594,,0.019910419235149454,0.1492369139564458,,,0.05497856990139641,0.0175844588792572,,,0.06137541457700029,,,,,0.007851209471264001,0.0406109699954078,0.02949099698467421,-0.007859399297889301,0.10536051565782609,,0.0116559361111991,,,0.0098118382920402,0.0328065453708383,,,,0.025224211884426,0.007891401606864497,,,,,,0.03851163538707131,,,0.004268785837737568,-0.07686080645615231,0.2015329389321675,0.0486707007486753,0.021367312164106655,,,0.042214328797216,,,0.01099848157980976,0.011662484029350283,,,0.0486288868527369,0.04030363181147411,-0.07643042198762279,,,0.045572217372048494,,0.0163077337645842,0.014538215984406399,0.0287554529241315,0.03600144745256549,,0.013250238797739601,,0.011321846644078806,0.01048380122075019,,0.0403863157761623,0.033234980208825496,0.045020149465814396,0.022112094713827298,0.06800096391914291,0.08264764939289704,0.05302341478780279,,,,,0.0228331860728628,0.012242554842206798,0.008767214509333997,0.03562612942457221,0.034527476838853405,0.02091689544385987,0.008741314401573799,0.020938848091202576,0.03128324613378709,0.011693135488481797,0.06945768891777111,0.08184916781533216,0.058727251691378796,0.010480875317608794,0.024768089100946,0.029435424327262115,0.022886310718952196,0.011051126127176002,,,0.0405193137052984,,0.028886952901340506,,,,0.0286743102753435,0.002643901292252799,0.004827106104909489,0.0182048518212611,0.018684459459560297,,0.01195855237043797,0.08258442182834543,0.054911604384124804,0.039152757596188505,0.08685874018860061,0.074470692560721,,,0.010347196750178998,0.0171940390811798,0.06537614689839069,0.03338255619829101,,0.020674236883908202,0.008920805781935695,0.0335672695052456,,-0.1624576388531963,0.008326201354921473,,0.0193929392631911,0.052472231532983395,,,0.011907251946857399,,,,,,,0.0094944389952285,0.009585421502692298,-0.006788892333685999,0.03703266146892541,,,0.0637506810011931,0.0268115455846505,,0.047331628867446796,,,0.0521985449019952,,0.0413542071609387,,0.0156238468933582,,,0.04271496763189861,0.0314794228692763,0.0485169774446078,0.0038028054876857857,0.008818030566181202,0.0095217022927041,,,0.08262502027700881,,,0.005215270770530012,0.021799565227640694,,0.0445824502057919,0.031806822642534205,0.035173614178267906,0.019936134825249904,,0.014050450243035197,0.011749048347474499,0.03311089227890973,0.006805384407577931,0.06877569263931779,0.015035978838740622,0.002344737901133296,0.022615165538505698,0.020311864756668057,0.051515491922072,0.009391636816058499,0.020767519532478605,0.033687004086310104,0.005330232404455199,0.013157556136723614,,0.12139967612657188,0.004262184768962922,0.008648588586320699,0.0030730895650824003,,0.0159825534847711,0.007979396038793492,7.140197727180386e-05,,,0.03274064773508021,0.027553763414461502,0.0028306604593094933,0.010865930490769601,,,0.06719129753418072,0.04433475771499859,0.037054148695199296,0.051747117858012386,0.0130060015712851,0.0070524474936171,0.04316150057228241,0.013648795324262799,0.03561778601064631,0.043337504597708305,0.0406057549259428,0.032264588854539956,,0.015276323704199202,0.0369811845539976,0.0033759636420851993,0.009441579625627304,0.054790567518844986,0.023311526145346997,,,0.004576037161699405,0.016260612955554515,0.0341857084423934,,0.013682669359904547,0.0321071855025022,0.020459486122780098,0.011048867222973498,0.030870544785342003,0.020544117482468767,0.007951749819237604,0.0330911597114446,-0.0070306327648831995,0.029740293819751504,0.048836666064392395,-0.0138615542640735,0.048120252444441604,0.02912606341284931,0.009565983302409212,0.023240964039450605,0.03431192084426931,0.0696463263711192,0.0075290353470744,0.0205368294011679,0.0341491783095256,0.016966075068548397,0.0399983937601819,0.0414819198500047,0.03695858050270498,0.0501110504261338,0.004147662520080999,0.0477556410423418,,0.11210837755389372,0.0506775097558654,0.0363842692471417,0.0360399364831968,0.030464935938799603,0.0189326489543651,-4.996003610813204e-16,-0.0011424655646856997,0.012456563658005994,0.021501067174501193,-0.0160003413464407,0.0522780121845685,0.0454643811396116,0.1159021383388309,0.03318231944155001,,0.006572434816779901,0.0372228605551248,0.0704872085681669,0.0755712742046846,-0.020086311742307003
2025-10-01,0.0604396465991605,0.0353393664453086,0.035541901453845,0.011212330064934762,,-0.03702190028221709,,,,-4.2653302028051105e-07,,0.0317291363079088,,0.023927036353433098,0.0013324139473696985,,0.0032960620356267,0.05534486842932099,0.051191764713560815,0.0071537019014891,0.0064276575020973,0.031182239140631597,0.010995789202413099,,,0.0161594031712149,,0.038497456440245596,,,,0.0494628832586421,,,,,0.022517502519750505,0.019212804355695993,0.019475941799595903,0.010603968411342798,0.02959938686552481,0.0353427233339581,0.058663434441806904,0.06859166787073699,0.020449725341254704,,,,0.015600156525796199,,0.0617083817354003,,,0.023725130655191405,,0.034500930977617396,-0.040733129892761774,,,0.0354375716387342,-0.006467863007486401,,,0.02435605285095781,,,,,0.07844595319514781,0.012225970337866598,0.09642500712157043,0.10328194496558371,0.049596941139372096,,0.011441000806034603,,,0.011898697097662402,0.0390820489266909,,,,0.0080998624315771,0.06893821727928738,,,,,,0.055729597228349706,,,0.00019956096653655426,0.05471724125806111,0.1901531912618656,0.11116937315454342,0.027311559457397497,,,0.0002348313588026044,,,0.008829757682064,0.002968562428282001,,0.017858131485283788,0.11137923314447051,0.04412044642823363,0.0563261810562207,,,0.023091051817174704,,0.006501210975422399,0.0014154666187413075,0.0598569402244147,0.0204663824712604,,0.012065669543753585,,0.0719430605087118,0.0046275426466406006,,-0.032865569981802095,0.004771065589639701,-0.0007645836082303004,0.0098796500503437,0.0104280548938102,0.014088930356746897,0.005985601673999701,,,,,0.0331186504526002,0.0104166971027279,0.048747674127314296,0.015746443037058664,0.016973995385039287,0.0348598523200504,0.0505666079259541,0.0325658126503902,0.0141397058788941,0.050874550265928686,0.031300083510533996,0.020278759275071404,0.040489416307717005,-0.002677046228651601,0.0084414729875694,0.011824458718264376,0.033785066095872895,0.0582662199333613,,,0.0338681468002366,,0.010310463268614501,,,,0.0005849044255505018,0.0748614035332729,0.003600232429654,0.005604306357486199,0.04052955932759039,,0.010362192317598102,-0.0210899679134332,0.0126487968425717,0.010663551975386397,-0.0280968400887027,0.09559586688368839,,,0.018614068341216202,0.0120496144207834,0.0714364664146937,0.0041573288701627995,,0.0400377714913288,0.047794647015837674,0.024388369633894662,,-0.030825718065279076,0.021940949198682336,,0.0424925939634951,0.011843160331026097,,,0.0101934969687499,,0.05230687668828031,,,,,0.05235995728769931,0.052316676877829094,0.0757475448910327,0.025089051162338,,,0.0210724762044213,0.0100513123176726,,0.0091933016454539,,,-0.012914616473937997,,0.0247892667457694,,0.004435115591599501,,,0.015103051542555205,-0.002881240457680099,0.11108182264143489,0.0031837300010252034,0.0028790040099217003,0.007825941531279298,,0.05238238439996272,0.15765772706281622,,,0.117120643246996,0.10208708426693654,,0.024844528779670697,0.05285738587379989,0.008287998618123701,0.0477073374202673,,0.015323063075226897,0.007551432321743,0.0047940929952783205,0.0401353244183134,0.009991432979015799,0.0028556539271962006,0.031016700466741796,0.032988279356476795,0.0349872205309218,-0.011524443872031704,0.05054415422905209,0.0346971380434661,0.017199377809616903,0.0058763073016699,-0.0007743075813403628,,0.04884746583406109,0.0030765376137014398,0.022191821855425398,0.003058714244116189,,0.004216757803355601,0.0240245211616304,0.03530932124218159,,,0.1588115492976007,0.0317842332756552,0.0029551508525234773,0.0148802459159358,,,-0.013144721280628702,0.0101882214592317,0.016926533652221395,0.004019795753024706,0.012184943217191399,0.0324097385118664,0.028047088658496,-0.019502497560211,-0.0003326305444223514,0.025191789047539406,0.028567280510689193,-0.002357594592051702,,0.0023946076946454006,0.0190575794007957,0.030044393058142903,0.0699167147758728,0.0217875264530769,0.026848245726829895,,,0.019453137671704,0.010822858977634202,0.0006658063240890964,,0.016576846221415587,0.015249782342736976,0.033167915773966404,0.0507763732636696,0.014444627399596099,0.0348715001391771,0.051502155833838,0.017495223816138702,0.017431925783451097,0.04340144178255779,0.027785459424195906,0.04264781015437001,0.021432189217400397,0.0331532672509808,0.0242358490844782,0.0336212757145149,0.022755209613284703,0.03138866895031929,0.045810871783047005,0.0348104715645877,0.0553178910235619,0.0146823723106364,0.019709538717934905,0.03377067785763789,0.0186117281700713,0.015258454053661002,0.079766095934819,0.109300433088341,,-0.0270553105502612,-0.0198008471048526,0.06426856859951889,0.005139564824687699,0.0010656386794372008,0.047792212821050395,0.018606746737796203,0.07391694637834412,-0.023369611913297502,0.0033077338528347006,0.04682646526565091,0.017144516399126796,0.037058283942076706,0.1250121625079031,0.005964860730177497,,0.03135427400555049,0.0006392712453588984,0.024535440352649096,0.10943710009571231,0.0666203413210747
2025-11-03,0.038178732198548,0.022672167263938073,0.020402656561839,0.006129760245188368,,-0.006198587764090095,,,,-1.6721945935138047e-08,,0.0015149222712460015,,0.014340109643422572,-0.01753452921720092,,0.0034982500502016996,-0.04184710993550039,-0.046602503019734176,0.0052429791794237,0.0043285804900891,0.009090163569014497,0.006007602805180002,,,0.014878064026179302,,0.017087743762180904,,,,0.035061258709021194,,,,,0.00014687522975689957,0.0018474430840901956,0.025735389592193906,-0.020834827671292692,0.05552551934599179,0.027654602578864103,0.0097405727613421,0.0349621625621393,0.0119239142987001,,,,0.019546402429592463,,0.06785659193876191,,,0.012186147596723497,,0.027235610681672802,-0.07067175202286871,,,0.003751608704654904,-0.0213756013345286,,,0.039599454729011,,,,,0.0465271603037195,0.0165410198544095,-0.02493820791283169,0.19143512442906938,0.0054688892940990014,,0.002591794107429501,,,0.01454493696513599,0.005778507250943498,,,,-0.0256354960939251,0.062336205845930866,,,,,,-0.0353778390816504,,,9.976555103740568e-05,-0.0426710164130073,-0.05848359085252769,0.03496811447389788,0.013191696884634799,,,-0.0264806536297255,,,-0.00011645653244269955,-0.0048622462080339,,-0.010171409110965599,0.03537085786461601,0.09891183932787821,-0.0424258441022303,,,0.006960873352064001,,0.007082301690758201,0.0048993771920231,0.03502854582897229,0.005708864220319793,,0.0035683631116653,,0.06090947487387721,0.003368875216522701,,0.0018292181038003005,-0.005069524644779794,-0.014677025259186904,0.0021876148106563997,-0.0087056290844482,-0.0035327723684547914,-0.013303650129188594,,0.007889142686572401,,,0.022471330123312996,0.006135959527229399,0.0316442349758932,0.010716757067208597,0.0109801247625839,0.023522158222055403,0.0331585100601689,0.022268537435690697,0.004802047644085003,0.0360000719658706,0.017493635240990808,0.001808216574507802,0.03273539266141046,-0.002742328477387765,-0.008215947624806007,-0.010218856915236298,0.02125350880852552,0.038250446816413305,,,0.016453863065605392,,-0.032421392070645,,,,-0.0252438563802996,0.05975327204058609,0.0036814216742145217,0.002469985808843002,0.0348672543750112,,0.032359892698195794,-0.04615144065375579,-0.015592094759834904,-0.05065467945064079,-0.05354076692802891,-0.05027901296900679,,,0.0014792717992974415,0.007724124274266201,-0.035237767240971905,-0.00513032975288101,,0.030184271090186798,0.0444712099413875,-0.0031267067828919413,,-0.16060869910292652,0.01194948007525313,,0.03680962933509208,0.0875466754473219,,,-0.007685736745254801,,0.0154477730388729,,,,,0.04669640644470809,0.04679956100766279,0.0517700763145727,0.0002973093525690108,,,-0.002821444838232103,-0.0093743238724582,,-0.0160823649162011,,,-0.020352228848897598,,0.020408871631206502,,0.0033542711741956005,,,-0.006669742897156898,-0.020414024443372696,0.03523182647854269,0.003646291342671102,0.0033310907299495996,0.000632360561815001,,0.058302595265878006,0.037976316184532406,,,0.10645686260523139,0.12281934690990111,,0.0171459251354802,0.016315649562832702,-0.009906325484506097,0.04714078665240632,,0.010451401547707496,0.0033592557903724986,-0.004907985312192301,0.0052727095299401,-0.008673081253428996,0.005163690665444899,0.012552827141251902,0.02110248838193979,0.023557726219112944,-0.0330398540782009,0.0334038678095068,0.02396381541599369,0.011679227177288996,0.040830735659343594,0.0009554521695407253,,0.1185212967033681,0.003682730312232789,,0.003719119862231687,,0.003216848264855913,0.0114739661016303,0.013712466204688401,,,0.14521035748866826,0.018931796505359793,0.0035648961619883434,0.002763871356240601,,,-0.04860956932858371,0.0027883066349877923,0.020288719343129,-0.01059689122496,0.0031566158469549022,0.0012652580512722018,-0.0019961851709509974,-0.0266467501223989,-0.010543228654481998,0.017535602351144403,0.017913413810079593,-0.028754493050995443,,0.005553267172122098,0.0062461164969526035,0.0129075744485822,0.06051825589471489,0.04068639210632379,0.005868100470494248,,,0.013742925955960796,0.007509063710039,-0.024807473704267603,,-0.00968108134115261,-0.012855796344329798,0.021917789386059594,0.035943725047108105,0.0046885551394164945,0.023657329594295798,0.033288984848458096,0.011563703595319207,-0.0064539485407445925,-0.005769554975677793,0.04224175121590071,0.019087043751818702,-0.001333754716689202,0.02004449451225681,0.0117858071961459,0.021851711103672698,-0.0039221003937741986,0.017430518319197102,0.039332175714606184,0.02464032264737938,0.01447574521562019,0.020993853512819103,0.011399382488496401,0.015801530751775095,-0.0026284958123622055,0.006474038267541699,0.05622874565031689,0.11764995960322251,,-0.0534807506784993,-0.04495908321850341,-0.0305367238600818,-0.01374979398983051,-0.028239828401045795,0.0405437917086129,0.005367144055289711,0.06463608254590292,-0.0270304203325547,-0.029630012942169198,0.0215550035618297,0.035851697956447125,0.0011677372250295942,0.035834796393640116,-0.022156768063621102,,0.005751379959393398,-0.0415471691457005,-0.0616186757150581,0.09883071942647291,0.011266488329782304
2025-12-01,-0.022516023493600892,0.0004242081511578021,0.0021077996361478966,0.006042376661055501,,0.043038856439491194,,,,5.82988545510551e-09,,-0.013717636228798898,0.0382674509620491,0.010644156061290396,0.033482240873306604,,0.0028743520450029997,-0.1904997032378468,-0.19264749692008654,0.0095667881591525,0.0009564802259570001,0.005531526932539402,0.0059539489136391,,,0.0272849295965557,-0.013236312147456004,-0.048628511431490704,0.040303725527052296,,,-0.02685300823681531,,,,,0.026664382220899605,0.011073082784930896,0.004413668090308006,0.0310568588476443,0.0365629004981961,-0.0004930561362115077,-0.004204428085527001,-0.0178804252778482,0.007380885468678806,,,,0.004961959985079801,,-0.014920446910494803,,,0.004346680578131,,-0.0012037719637262006,-0.24631526723976105,,,0.0379009013761802,0.004654019423104307,,,-0.005286567640899903,,,,,-0.03263479608056691,0.011186320329528703,0.028012205795662905,-0.065281064796127,0.07536754795776841,,0.002369924625335801,,,-0.04974857215811551,0.00955725656340711,,,,0.015438445358956405,-0.052883789179495704,,,,,,-0.0045431678345651955,,,-0.0003991219370484942,-0.19175911516158728,0.1441087544380562,0.0522870414656893,0.002647805760743355,,,0.0392207131532808,,,0.007448786872624499,0.002434078280879201,,0.0038761947865813984,0.0519496646835083,0.0867865221638468,-0.1894092153304388,,,0.012800174766962102,,0.0098321468748428,0.0073131509890787,-0.0172863874525523,0.014634760942329187,,0.009823148526747497,,-0.025804466089759004,0.0056108902237966005,,0.06698609656450208,0.021483266998510896,0.0320249059609323,0.0131288390144183,0.0257273166538788,0.028271698663611105,0.02440784743671371,,0.008718061252846694,,,0.0012076485868917968,0.006290515892560999,-0.008277703506383401,0.016912035362725404,0.017236484752109503,0.002405056147597502,-0.009500876620031101,0.0019514809374332007,0.026102072886123505,-0.018981266941468494,0.010182317558997697,0.0283856992334575,-0.007801985508785097,-0.022933844681243494,0.012350320438942498,0.0233774094490852,0.002734709271206901,-0.01946222378814301,,,0.0036858730273205053,,0.027116759862101,,,,0.0233879944186181,-0.04545790009408541,0.0041849734669125215,0.0240697329729532,0.0031397975665498007,,0.0081735719032368,0.03871897400642459,0.029684881797911296,0.0622193771823304,0.0486314214117373,-0.0614228126264061,,,0.009282394901020535,0.0058887701485655,-0.0217866612031835,0.020860860278216698,,0.00031795238930889657,-0.015353043390307507,0.0250993003902818,,-0.36532726361565393,0.0021016883967237754,-0.17668947771629057,-0.003452030406036191,0.0206530976105175,,,-0.0028774849551955013,,-0.04244119708015579,0.061140843901718214,,,,-0.015733469897295307,-0.015802298235918794,-0.05517292402707259,0.015485893127993896,,,,0.018974901246060098,,0.032891145078510195,,,0.030918914887178503,,0.010050335853501104,,0.0015556671141140998,,,0.016398076965785203,0.0253997897570554,0.052616834591637004,0.0029597023570750213,0.004375571555367429,0.005626364506959702,,,0.1515179446514587,,,-0.0300316152285727,-0.0325245396860496,,0.0075523874255360056,-0.011626808917854699,0.0019536459459502968,-0.01673349308350839,,0.008872218435120998,0.007802828878389699,0.020866693471981494,-0.013067756878351607,0.025584540700638692,0.0080145962335504,0.004154199598817096,0.003635486311425902,0.001948076342029802,0.029852963149681104,-0.0094840320360013,0.0018676466861894036,0.015949301407678796,0.006350363778372,0.0023976101668958835,,-0.004284409287621423,0.002919537522868768,,0.0031244388047361998,,0.0021701528542264,0.005973170330814391,0.002729992562407099,,,-0.19664719281047585,0.003399069878161602,0.0032483702549770442,0.007522670953387401,,,0.0397350044525029,0.0146380158763816,0.00105304735280661,0.024679620753378904,0.0099189471733546,0.008205993869239401,-0.011831145421080703,0.0373967896593701,0.024821860387953396,0.009628797363010394,0.004257370984472398,0.019261235413676896,,0.007816796181182901,0.015201429722103203,0.0038938604520934008,-0.0530857576908031,0.0855524885393891,0.025517041798497002,,,-0.011517855925951904,0.0068308373567229,0.023932008557521898,,0.004253428015881332,0.029668642677299503,0.002419655613033204,-0.018177177779980895,0.026203399694747893,0.002182485234462405,-0.009552364738993699,0.0166600899817741,-0.029869573376182682,0.02413709514427561,-0.008769101462999602,0.0174069245839997,0.00978618183331096,0.0021315909733685004,0.002774917967422922,0.0026498757559924,0.025091684229025607,0.010393857313410247,-0.016187240251169598,0.0005069387346381951,-0.012263354932679394,,-0.004306985383331105,0.004145222222245303,0.033986908681408703,0.028796439015480804,-0.07630464828075709,0.0886661748023122,,0.03600033470852659,0.042501256039975496,0.005039107100855905,0.025987125475626205,0.018165116321114703,-0.005188730362516602,-0.008874552171592028,-0.0492858304265381,0.0397096823705656,0.0186513823856057,0.0171362822429873,0.08882948060286092,-0.014526474005786714,0.005163167190849197,0.003985811916543793,,0.023973253273471395,0.055220284273139006,0.04015535251934281,-0.09189817440843438,-0.005397926886123701
